1000 24693
1 48 1
1 54 1
1 119 1
1 137 1
1 140 1
1 155 1
1 177 1
1 207 1
1 212 1
1 230 1
1 246 1
1 269 1
1 274 1
1 279 1
1 305 1
1 309 1
1 335 1
1 453 1
1 472 1
1 484 1
1 510 1
1 528 1
1 552 1
1 595 1
1 631 1
1 674 1
1 746 1
1 781 1
1 802 1
1 803 1
1 868 1
1 869 1
1 871 1
1 879 1
1 883 1
1 902 1
1 924 1
1 929 1
1 947 1
1 949 1
1 964 1
1 967 1
2 8 1
2 57 1
2 59 1
2 82 1
2 112 1
2 134 1
2 141 1
2 150 1
2 167 1
2 168 1
2 185 1
2 214 1
2 226 1
2 229 1
2 267 1
2 268 1
2 277 1
2 305 1
2 311 1
2 326 1
2 333 1
2 352 1
2 373 1
2 394 1
2 413 1
2 442 1
2 445 1
2 463 1
2 503 1
2 513 1
2 514 1
2 563 1
2 579 1
2 588 1
2 593 1
2 599 1
2 600 1
2 644 1
2 646 1
2 647 1
2 685 1
2 692 1
2 693 1
2 703 1
2 725 1
2 752 1
2 774 1
2 784 1
2 834 1
2 849 1
2 870 1
2 881 1
2 884 1
2 908 1
2 923 1
2 932 1
2 954 1
3 5 1
3 21 1
3 31 1
3 61 1
3 70 1
3 79 1
3 87 1
3 114 1
3 123 1
3 133 1
3 142 1
3 146 1
3 150 1
3 165 1
3 167 1
3 170 1
3 176 1
3 191 1
3 194 1
3 205 1
3 252 1
3 301 1
3 311 1
3 338 1
3 342 1
3 347 1
3 369 1
3 393 1
3 420 1
3 460 1
3 487 1
3 534 1
3 571 1
3 579 1
3 619 1
3 646 1
3 651 1
3 652 1
3 690 1
3 692 1
3 713 1
3 740 1
3 753 1
3 762 1
3 769 1
3 799 1
3 800 1
3 813 1
3 823 1
3 830 1
3 839 1
3 860 1
3 872 1
3 887 1
3 921 1
3 942 1
3 960 1
3 975 1
3 981 1
3 985 1
4 32 1
4 83 1
4 105 1
4 110 1
4 127 1
4 149 1
4 174 1
4 178 1
4 188 1
4 205 1
4 226 1
4 228 1
4 229 1
4 251 1
4 257 1
4 274 1
4 303 1
4 352 1
4 356 1
4 394 1
4 407 1
4 426 1
4 433 1
4 445 1
4 478 1
4 507 1
4 531 1
4 537 1
4 547 1
4 566 1
4 568 1
4 591 1
4 608 1
4 609 1
4 669 1
4 731 1
4 734 1
4 782 1
4 783 1
4 784 1
4 786 1
4 790 1
4 813 1
4 835 1
4 850 1
4 890 1
4 969 1
4 980 1
5 28 1
5 54 1
5 98 1
5 129 1
5 152 1
5 192 1
5 204 1
5 231 1
5 234 1
5 239 1
5 253 1
5 264 1
5 329 1
5 332 1
5 346 1
5 349 1
5 440 1
5 444 1
5 474 1
5 490 1
5 497 1
5 511 1
5 553 1
5 564 1
5 573 1
5 595 1
5 596 1
5 603 1
5 624 1
5 637 1
5 707 1
5 730 1
5 742 1
5 750 1
5 770 1
5 783 1
5 784 1
5 790 1
5 849 1
5 866 1
5 870 1
5 900 1
5 912 1
5 923 1
5 955 1
5 961 1
5 973 1
5 978 1
5 983 1
6 8 1
6 29 1
6 96 1
6 124 1
6 130 1
6 131 1
6 167 1
6 171 1
6 177 1
6 202 1
6 223 1
6 224 1
6 232 1
6 248 1
6 249 1
6 261 1
6 262 1
6 330 1
6 364 1
6 367 1
6 403 1
6 487 1
6 493 1
6 494 1
6 516 1
6 536 1
6 579 1
6 580 1
6 638 1
6 665 1
6 672 1
6 679 1
6 703 1
6 729 1
6 741 1
6 743 1
6 754 1
6 772 1
6 774 1
6 813 1
6 814 1
6 820 1
6 828 1
6 886 1
6 897 1
6 902 1
6 926 1
6 947 1
6 954 1
6 965 1
6 976 1
6 977 1
6 992 1
7 32 1
7 34 1
7 53 1
7 64 1
7 77 1
7 83 1
7 90 1
7 153 1
7 159 1
7 182 1
7 191 1
7 200 1
7 206 1
7 226 1
7 234 1
7 287 1
7 295 1
7 326 1
7 341 1
7 345 1
7 456 1
7 497 1
7 516 1
7 530 1
7 564 1
7 569 1
7 620 1
7 643 1
7 661 1
7 680 1
7 685 1
7 719 1
7 722 1
7 760 1
7 769 1
7 791 1
7 801 1
7 807 1
7 818 1
7 841 1
7 891 1
7 892 1
7 895 1
7 926 1
7 963 1
7 984 1
7 997 1
8 28 1
8 57 1
8 87 1
8 103 1
8 107 1
8 130 1
8 135 1
8 151 1
8 163 1
8 166 1
8 187 1
8 195 1
8 207 1
8 213 1
8 215 1
8 225 1
8 244 1
8 278 1
8 293 1
8 300 1
8 312 1
8 354 1
8 372 1
8 390 1
8 396 1
8 413 1
8 436 1
8 454 1
8 497 1
8 500 1
8 501 1
8 560 1
8 582 1
8 635 1
8 641 1
8 691 1
8 753 1
8 780 1
8 807 1
8 814 1
8 851 1
8 866 1
8 875 1
8 881 1
8 920 1
8 930 1
8 943 1
8 950 1
8 954 1
8 961 1
8 995 1
9 10 1
9 26 1
9 27 1
9 34 1
9 44 1
9 55 1
9 59 1
9 91 1
9 124 1
9 161 1
9 164 1
9 198 1
9 219 1
9 222 1
9 227 1
9 240 1
9 270 1
9 271 1
9 320 1
9 328 1
9 337 1
9 354 1
9 357 1
9 372 1
9 399 1
9 401 1
9 404 1
9 419 1
9 424 1
9 446 1
9 449 1
9 450 1
9 469 1
9 485 1
9 490 1
9 493 1
9 501 1
9 504 1
9 546 1
9 547 1
9 585 1
9 599 1
9 619 1
9 668 1
9 671 1
9 680 1
9 720 1
9 740 1
9 747 1
9 749 1
9 846 1
9 860 1
9 882 1
9 909 1
9 911 1
9 913 1
9 929 1
9 933 1
9 944 1
9 982 1
9 997 1
10 12 1
10 21 1
10 41 1
10 90 1
10 117 1
10 135 1
10 150 1
10 155 1
10 237 1
10 275 1
10 310 1
10 316 1
10 324 1
10 357 1
10 359 1
10 397 1
10 415 1
10 497 1
10 520 1
10 569 1
10 589 1
10 625 1
10 678 1
10 686 1
10 730 1
10 739 1
10 767 1
10 814 1
10 828 1
10 829 1
10 890 1
10 924 1
10 967 1
10 984 1
11 17 1
11 21 1
11 74 1
11 89 1
11 101 1
11 133 1
11 168 1
11 212 1
11 243 1
11 266 1
11 285 1
11 293 1
11 333 1
11 336 1
11 345 1
11 367 1
11 369 1
11 402 1
11 403 1
11 408 1
11 468 1
11 469 1
11 511 1
11 516 1
11 518 1
11 525 1
11 538 1
11 586 1
11 593 1
11 603 1
11 625 1
11 639 1
11 650 1
11 654 1
11 659 1
11 671 1
11 719 1
11 724 1
11 782 1
11 820 1
11 840 1
11 895 1
11 929 1
11 936 1
11 975 1
11 994 1
12 14 1
12 19 1
12 29 1
12 36 1
12 64 1
12 69 1
12 81 1
12 95 1
12 104 1
12 106 1
12 133 1
12 137 1
12 154 1
12 224 1
12 254 1
12 264 1
12 274 1
12 321 1
12 322 1
12 353 1
12 366 1
12 385 1
12 394 1
12 403 1
12 440 1
12 451 1
12 460 1
12 462 1
12 486 1
12 494 1
12 519 1
12 520 1
12 538 1
12 545 1
12 559 1
12 584 1
12 611 1
12 617 1
12 621 1
12 642 1
12 666 1
12 680 1
12 692 1
12 699 1
12 712 1
12 742 1
12 763 1
12 773 1
12 778 1
12 783 1
12 791 1
12 796 1
12 801 1
12 806 1
12 834 1
12 838 1
12 839 1
12 845 1
12 869 1
12 884 1
12 886 1
12 891 1
12 912 1
12 934 1
12 936 1
12 946 1
12 948 1
12 957 1
13 94 1
13 101 1
13 110 1
13 157 1
13 194 1
13 204 1
13 215 1
13 225 1
13 233 1
13 235 1
13 241 1
13 268 1
13 311 1
13 323 1
13 334 1
13 345 1
13 350 1
13 361 1
13 393 1
13 412 1
13 440 1
13 455 1
13 460 1
13 487 1
13 495 1
13 497 1
13 552 1
13 591 1
13 599 1
13 621 1
13 636 1
13 640 1
13 661 1
13 665 1
13 711 1
13 767 1
13 777 1
13 795 1
13 809 1
13 845 1
13 857 1
13 877 1
13 881 1
13 946 1
13 951 1
13 977 1
14 22 1
14 47 1
14 52 1
14 53 1
14 57 1
14 67 1
14 76 1
14 104 1
14 133 1
14 156 1
14 158 1
14 189 1
14 221 1
14 235 1
14 254 1
14 300 1
14 346 1
14 407 1
14 440 1
14 483 1
14 489 1
14 496 1
14 516 1
14 521 1
14 530 1
14 601 1
14 603 1
14 623 1
14 662 1
14 687 1
14 746 1
14 754 1
14 864 1
14 865 1
14 877 1
14 912 1
14 928 1
14 935 1
14 945 1
14 967 1
14 988 1
15 34 1
15 40 1
15 63 1
15 66 1
15 118 1
15 121 1
15 144 1
15 152 1
15 160 1
15 187 1
15 208 1
15 220 1
15 243 1
15 244 1
15 247 1
15 261 1
15 280 1
15 295 1
15 303 1
15 330 1
15 343 1
15 358 1
15 411 1
15 429 1
15 433 1
15 472 1
15 479 1
15 483 1
15 506 1
15 571 1
15 575 1
15 604 1
15 620 1
15 628 1
15 647 1
15 673 1
15 674 1
15 684 1
15 687 1
15 696 1
15 703 1
15 743 1
15 754 1
15 763 1
15 770 1
15 771 1
15 787 1
15 919 1
15 939 1
15 947 1
15 951 1
15 984 1
15 997 1
16 17 1
16 22 1
16 42 1
16 52 1
16 57 1
16 67 1
16 71 1
16 91 1
16 113 1
16 115 1
16 130 1
16 154 1
16 174 1
16 176 1
16 263 1
16 267 1
16 307 1
16 322 1
16 333 1
16 346 1
16 360 1
16 365 1
16 376 1
16 378 1
16 458 1
16 495 1
16 497 1
16 508 1
16 532 1
16 537 1
16 606 1
16 621 1
16 659 1
16 670 1
16 689 1
16 690 1
16 714 1
16 723 1
16 740 1
16 755 1
16 799 1
16 826 1
16 834 1
16 846 1
16 869 1
16 871 1
16 933 1
16 943 1
16 967 1
17 29 1
17 60 1
17 161 1
17 224 1
17 236 1
17 239 1
17 241 1
17 287 1
17 299 1
17 317 1
17 331 1
17 341 1
17 362 1
17 391 1
17 402 1
17 415 1
17 446 1
17 464 1
17 465 1
17 471 1
17 525 1
17 529 1
17 548 1
17 574 1
17 593 1
17 596 1
17 624 1
17 626 1
17 643 1
17 656 1
17 666 1
17 683 1
17 686 1
17 754 1
17 827 1
17 898 1
17 908 1
17 953 1
18 39 1
18 48 1
18 68 1
18 118 1
18 150 1
18 151 1
18 157 1
18 174 1
18 179 1
18 189 1
18 242 1
18 255 1
18 269 1
18 289 1
18 314 1
18 329 1
18 331 1
18 383 1
18 387 1
18 400 1
18 410 1
18 411 1
18 415 1
18 450 1
18 500 1
18 557 1
18 578 1
18 579 1
18 592 1
18 617 1
18 647 1
18 728 1
18 759 1
18 766 1
18 767 1
18 782 1
18 789 1
18 795 1
18 824 1
18 872 1
18 878 1
18 917 1
18 918 1
18 932 1
19 29 1
19 71 1
19 86 1
19 145 1
19 155 1
19 220 1
19 232 1
19 236 1
19 244 1
19 256 1
19 257 1
19 286 1
19 338 1
19 350 1
19 356 1
19 408 1
19 414 1
19 423 1
19 449 1
19 458 1
19 463 1
19 466 1
19 476 1
19 484 1
19 487 1
19 504 1
19 546 1
19 553 1
19 569 1
19 583 1
19 586 1
19 605 1
19 606 1
19 608 1
19 609 1
19 628 1
19 649 1
19 650 1
19 656 1
19 664 1
19 684 1
19 704 1
19 705 1
19 723 1
19 753 1
19 756 1
19 788 1
19 876 1
19 886 1
19 895 1
19 901 1
19 905 1
19 933 1
19 943 1
19 965 1
19 977 1
19 991 1
20 22 1
20 41 1
20 45 1
20 113 1
20 122 1
20 124 1
20 126 1
20 135 1
20 146 1
20 181 1
20 184 1
20 189 1
20 208 1
20 221 1
20 222 1
20 232 1
20 263 1
20 277 1
20 305 1
20 308 1
20 312 1
20 316 1
20 331 1
20 332 1
20 355 1
20 372 1
20 414 1
20 568 1
20 579 1
20 590 1
20 611 1
20 634 1
20 670 1
20 679 1
20 681 1
20 727 1
20 731 1
20 745 1
20 758 1
20 792 1
20 826 1
20 841 1
20 842 1
20 881 1
20 905 1
20 977 1
20 994 1
21 69 1
21 83 1
21 94 1
21 103 1
21 105 1
21 127 1
21 135 1
21 165 1
21 189 1
21 207 1
21 221 1
21 239 1
21 248 1
21 306 1
21 343 1
21 358 1
21 425 1
21 433 1
21 449 1
21 466 1
21 471 1
21 479 1
21 511 1
21 520 1
21 521 1
21 523 1
21 529 1
21 546 1
21 549 1
21 554 1
21 570 1
21 588 1
21 599 1
21 608 1
21 694 1
21 708 1
21 710 1
21 719 1
21 730 1
21 736 1
21 738 1
21 750 1
21 774 1
21 793 1
21 805 1
21 816 1
21 823 1
21 836 1
21 838 1
21 841 1
21 870 1
21 874 1
21 929 1
21 950 1
21 954 1
21 965 1
21 967 1
21 969 1
22 28 1
22 35 1
22 113 1
22 140 1
22 188 1
22 226 1
22 231 1
22 237 1
22 242 1
22 250 1
22 260 1
22 297 1
22 302 1
22 305 1
22 314 1
22 316 1
22 338 1
22 344 1
22 387 1
22 390 1
22 421 1
22 485 1
22 523 1
22 527 1
22 528 1
22 532 1
22 544 1
22 546 1
22 552 1
22 554 1
22 578 1
22 587 1
22 596 1
22 609 1
22 632 1
22 636 1
22 643 1
22 655 1
22 723 1
22 731 1
22 752 1
22 759 1
22 790 1
22 808 1
22 850 1
22 862 1
22 897 1
22 902 1
22 932 1
22 941 1
22 946 1
22 973 1
22 980 1
22 993 1
23 37 1
23 46 1
23 52 1
23 61 1
23 73 1
23 81 1
23 88 1
23 97 1
23 110 1
23 125 1
23 183 1
23 205 1
23 240 1
23 263 1
23 264 1
23 294 1
23 341 1
23 344 1
23 358 1
23 379 1
23 406 1
23 412 1
23 433 1
23 436 1
23 444 1
23 496 1
23 504 1
23 512 1
23 515 1
23 519 1
23 554 1
23 574 1
23 580 1
23 602 1
23 621 1
23 649 1
23 657 1
23 668 1
23 675 1
23 712 1
23 728 1
23 730 1
23 754 1
23 811 1
23 820 1
23 829 1
23 878 1
23 902 1
23 903 1
23 906 1
23 919 1
23 922 1
23 934 1
23 949 1
23 952 1
23 954 1
23 968 1
23 996 1
24 27 1
24 29 1
24 43 1
24 50 1
24 65 1
24 96 1
24 145 1
24 170 1
24 197 1
24 216 1
24 273 1
24 308 1
24 369 1
24 383 1
24 389 1
24 391 1
24 398 1
24 440 1
24 443 1
24 471 1
24 472 1
24 490 1
24 499 1
24 515 1
24 564 1
24 575 1
24 598 1
24 608 1
24 616 1
24 629 1
24 659 1
24 665 1
24 715 1
24 728 1
24 762 1
24 800 1
24 804 1
24 863 1
24 866 1
24 876 1
24 877 1
24 881 1
24 939 1
24 955 1
24 976 1
24 996 1
25 65 1
25 89 1
25 91 1
25 104 1
25 112 1
25 119 1
25 174 1
25 258 1
25 281 1
25 327 1
25 336 1
25 338 1
25 339 1
25 416 1
25 437 1
25 441 1
25 457 1
25 508 1
25 520 1
25 537 1
25 565 1
25 580 1
25 597 1
25 653 1
25 664 1
25 670 1
25 716 1
25 725 1
25 729 1
25 738 1
25 743 1
25 751 1
25 755 1
25 783 1
25 790 1
25 799 1
25 820 1
25 833 1
25 862 1
25 874 1
25 893 1
25 919 1
25 926 1
25 965 1
25 973 1
25 976 1
25 986 1
26 33 1
26 41 1
26 47 1
26 62 1
26 90 1
26 171 1
26 276 1
26 281 1
26 290 1
26 300 1
26 306 1
26 314 1
26 320 1
26 346 1
26 349 1
26 358 1
26 359 1
26 403 1
26 414 1
26 421 1
26 424 1
26 438 1
26 452 1
26 481 1
26 498 1
26 512 1
26 513 1
26 567 1
26 573 1
26 576 1
26 605 1
26 659 1
26 674 1
26 723 1
26 736 1
26 776 1
26 820 1
26 865 1
26 883 1
26 927 1
26 931 1
26 935 1
26 938 1
26 939 1
26 950 1
26 960 1
26 966 1
26 967 1
26 986 1
26 987 1
26 997 1
27 49 1
27 59 1
27 60 1
27 108 1
27 114 1
27 132 1
27 133 1
27 146 1
27 151 1
27 156 1
27 167 1
27 171 1
27 209 1
27 233 1
27 264 1
27 278 1
27 294 1
27 335 1
27 348 1
27 369 1
27 375 1
27 402 1
27 409 1
27 425 1
27 481 1
27 491 1
27 533 1
27 559 1
27 569 1
27 599 1
27 616 1
27 649 1
27 653 1
27 720 1
27 723 1
27 731 1
27 744 1
27 746 1
27 770 1
27 772 1
27 827 1
27 924 1
27 935 1
27 976 1
27 981 1
27 995 1
27 998 1
28 45 1
28 53 1
28 54 1
28 66 1
28 93 1
28 106 1
28 149 1
28 159 1
28 170 1
28 173 1
28 204 1
28 207 1
28 208 1
28 229 1
28 237 1
28 371 1
28 389 1
28 437 1
28 440 1
28 454 1
28 458 1
28 459 1
28 477 1
28 482 1
28 492 1
28 500 1
28 521 1
28 536 1
28 543 1
28 546 1
28 558 1
28 561 1
28 576 1
28 596 1
28 597 1
28 598 1
28 618 1
28 682 1
28 684 1
28 710 1
28 717 1
28 732 1
28 758 1
28 772 1
28 798 1
28 834 1
28 838 1
28 839 1
28 852 1
28 853 1
28 892 1
28 941 1
28 943 1
28 956 1
28 974 1
28 989 1
28 990 1
28 994 1
28 1000 1
29 34 1
29 43 1
29 50 1
29 56 1
29 63 1
29 81 1
29 88 1
29 90 1
29 100 1
29 119 1
29 127 1
29 144 1
29 145 1
29 169 1
29 196 1
29 203 1
29 205 1
29 224 1
29 230 1
29 260 1
29 268 1
29 297 1
29 308 1
29 338 1
29 388 1
29 405 1
29 413 1
29 417 1
29 453 1
29 466 1
29 481 1
29 489 1
29 493 1
29 497 1
29 534 1
29 560 1
29 591 1
29 624 1
29 656 1
29 734 1
29 744 1
29 759 1
29 810 1
29 811 1
29 833 1
29 850 1
29 859 1
29 885 1
29 908 1
29 910 1
29 919 1
29 952 1
29 968 1
29 980 1
29 987 1
29 992 1
30 47 1
30 66 1
30 83 1
30 85 1
30 91 1
30 127 1
30 153 1
30 160 1
30 167 1
30 252 1
30 268 1
30 275 1
30 277 1
30 305 1
30 308 1
30 343 1
30 355 1
30 361 1
30 380 1
30 386 1
30 391 1
30 416 1
30 447 1
30 482 1
30 495 1
30 500 1
30 509 1
30 514 1
30 559 1
30 569 1
30 574 1
30 614 1
30 654 1
30 665 1
30 675 1
30 680 1
30 713 1
30 726 1
30 740 1
30 760 1
30 775 1
30 779 1
30 782 1
30 806 1
30 824 1
30 825 1
30 898 1
30 922 1
30 964 1
30 983 1
30 987 1
31 84 1
31 101 1
31 136 1
31 137 1
31 150 1
31 178 1
31 190 1
31 201 1
31 209 1
31 330 1
31 351 1
31 370 1
31 422 1
31 426 1
31 432 1
31 440 1
31 446 1
31 469 1
31 514 1
31 518 1
31 565 1
31 588 1
31 594 1
31 610 1
31 622 1
31 652 1
31 658 1
31 667 1
31 684 1
31 705 1
31 731 1
31 736 1
31 750 1
31 762 1
31 793 1
31 828 1
31 843 1
31 847 1
31 858 1
31 861 1
31 869 1
31 889 1
31 898 1
31 921 1
31 944 1
31 947 1
31 948 1
31 976 1
31 981 1
31 983 1
32 58 1
32 73 1
32 89 1
32 90 1
32 115 1
32 132 1
32 195 1
32 207 1
32 236 1
32 240 1
32 244 1
32 255 1
32 267 1
32 271 1
32 308 1
32 312 1
32 320 1
32 340 1
32 343 1
32 375 1
32 436 1
32 446 1
32 523 1
32 525 1
32 545 1
32 558 1
32 560 1
32 578 1
32 581 1
32 609 1
32 627 1
32 638 1
32 693 1
32 717 1
32 734 1
32 741 1
32 784 1
32 793 1
32 809 1
32 811 1
32 833 1
32 870 1
32 883 1
32 935 1
32 949 1
32 950 1
32 957 1
32 961 1
32 988 1
33 37 1
33 86 1
33 149 1
33 151 1
33 158 1
33 169 1
33 188 1
33 194 1
33 204 1
33 224 1
33 230 1
33 233 1
33 240 1
33 251 1
33 272 1
33 307 1
33 308 1
33 361 1
33 381 1
33 392 1
33 396 1
33 398 1
33 417 1
33 418 1
33 471 1
33 479 1
33 495 1
33 498 1
33 528 1
33 542 1
33 577 1
33 599 1
33 624 1
33 639 1
33 656 1
33 657 1
33 713 1
33 714 1
33 738 1
33 763 1
33 774 1
33 802 1
33 827 1
33 839 1
33 891 1
33 907 1
33 925 1
33 926 1
33 927 1
33 929 1
33 958 1
33 967 1
33 969 1
34 67 1
34 72 1
34 94 1
34 123 1
34 124 1
34 133 1
34 146 1
34 155 1
34 167 1
34 186 1
34 216 1
34 227 1
34 231 1
34 243 1
34 252 1
34 270 1
34 273 1
34 287 1
34 308 1
34 317 1
34 324 1
34 331 1
34 337 1
34 349 1
34 409 1
34 414 1
34 468 1
34 507 1
34 516 1
34 518 1
34 549 1
34 577 1
34 581 1
34 602 1
34 675 1
34 723 1
34 735 1
34 745 1
34 747 1
34 762 1
34 790 1
34 798 1
34 809 1
34 819 1
34 836 1
34 843 1
34 853 1
34 874 1
34 904 1
34 927 1
34 930 1
34 946 1
34 959 1
35 81 1
35 84 1
35 90 1
35 131 1
35 156 1
35 177 1
35 183 1
35 212 1
35 264 1
35 296 1
35 309 1
35 322 1
35 323 1
35 325 1
35 344 1
35 360 1
35 371 1
35 388 1
35 397 1
35 436 1
35 452 1
35 454 1
35 455 1
35 465 1
35 467 1
35 470 1
35 481 1
35 482 1
35 484 1
35 495 1
35 501 1
35 549 1
35 550 1
35 574 1
35 588 1
35 669 1
35 701 1
35 732 1
35 738 1
35 757 1
35 770 1
35 774 1
35 801 1
35 844 1
35 863 1
35 878 1
35 890 1
35 894 1
35 910 1
35 922 1
35 936 1
35 951 1
35 953 1
35 955 1
35 979 1
35 984 1
36 75 1
36 76 1
36 79 1
36 200 1
36 240 1
36 252 1
36 256 1
36 272 1
36 288 1
36 300 1
36 316 1
36 363 1
36 370 1
36 379 1
36 387 1
36 407 1
36 408 1
36 452 1
36 454 1
36 458 1
36 475 1
36 489 1
36 490 1
36 508 1
36 541 1
36 542 1
36 559 1
36 574 1
36 593 1
36 607 1
36 621 1
36 717 1
36 724 1
36 727 1
36 754 1
36 767 1
36 789 1
36 831 1
36 862 1
36 876 1
36 898 1
36 920 1
36 923 1
36 942 1
36 960 1
36 963 1
36 967 1
36 986 1
37 39 1
37 47 1
37 58 1
37 62 1
37 67 1
37 89 1
37 94 1
37 111 1
37 151 1
37 173 1
37 193 1
37 245 1
37 250 1
37 261 1
37 272 1
37 278 1
37 301 1
37 318 1
37 322 1
37 334 1
37 352 1
37 366 1
37 367 1
37 368 1
37 375 1
37 422 1
37 492 1
37 502 1
37 524 1
37 533 1
37 552 1
37 579 1
37 601 1
37 628 1
37 641 1
37 644 1
37 668 1
37 671 1
37 681 1
37 738 1
37 772 1
37 807 1
37 823 1
37 831 1
37 851 1
37 861 1
37 878 1
37 891 1
37 894 1
37 904 1
37 907 1
37 914 1
37 916 1
37 930 1
37 942 1
37 956 1
37 958 1
37 983 1
37 990 1
38 48 1
38 55 1
38 70 1
38 99 1
38 114 1
38 153 1
38 157 1
38 221 1
38 231 1
38 296 1
38 310 1
38 334 1
38 356 1
38 467 1
38 485 1
38 489 1
38 509 1
38 530 1
38 556 1
38 575 1
38 604 1
38 609 1
38 614 1
38 626 1
38 631 1
38 653 1
38 654 1
38 660 1
38 680 1
38 683 1
38 695 1
38 697 1
38 715 1
38 753 1
38 792 1
38 813 1
38 817 1
38 850 1
38 872 1
38 919 1
38 977 1
38 978 1
38 999 1
39 40 1
39 50 1
39 55 1
39 68 1
39 76 1
39 88 1
39 121 1
39 169 1
39 200 1
39 212 1
39 213 1
39 219 1
39 242 1
39 250 1
39 255 1
39 260 1
39 272 1
39 290 1
39 298 1
39 307 1
39 322 1
39 349 1
39 352 1
39 355 1
39 412 1
39 433 1
39 441 1
39 451 1
39 473 1
39 478 1
39 480 1
39 485 1
39 532 1
39 533 1
39 563 1
39 587 1
39 614 1
39 625 1
39 673 1
39 676 1
39 723 1
39 730 1
39 753 1
39 809 1
39 813 1
39 821 1
39 824 1
39 829 1
39 841 1
39 849 1
39 854 1
39 869 1
39 883 1
39 890 1
39 901 1
39 904 1
39 918 1
39 926 1
39 939 1
39 941 1
39 974 1
39 986 1
39 998 1
40 42 1
40 46 1
40 58 1
40 63 1
40 83 1
40 95 1
40 109 1
40 158 1
40 180 1
40 204 1
40 209 1
40 222 1
40 233 1
40 243 1
40 251 1
40 268 1
40 271 1
40 319 1
40 340 1
40 347 1
40 352 1
40 369 1
40 376 1
40 377 1
40 391 1
40 415 1
40 448 1
40 453 1
40 460 1
40 486 1
40 524 1
40 525 1
40 551 1
40 553 1
40 572 1
40 587 1
40 588 1
40 592 1
40 603 1
40 608 1
40 634 1
40 699 1
40 708 1
40 713 1
40 759 1
40 768 1
40 793 1
40 812 1
40 830 1
40 838 1
40 863 1
40 868 1
40 870 1
40 881 1
40 897 1
40 916 1
40 994 1
41 70 1
41 73 1
41 83 1
41 85 1
41 93 1
41 98 1
41 110 1
41 114 1
41 130 1
41 152 1
41 164 1
41 173 1
41 194 1
41 202 1
41 234 1
41 249 1
41 273 1
41 333 1
41 340 1
41 352 1
41 356 1
41 378 1
41 386 1
41 426 1
41 453 1
41 486 1
41 492 1
41 495 1
41 505 1
41 516 1
41 519 1
41 537 1
41 567 1
41 590 1
41 623 1
41 643 1
41 652 1
41 656 1
41 688 1
41 694 1
41 734 1
41 745 1
41 746 1
41 757 1
41 794 1
41 802 1
41 828 1
41 854 1
41 868 1
41 876 1
41 948 1
41 954 1
41 992 1
41 998 1
41 999 1
42 53 1
42 58 1
42 92 1
42 94 1
42 95 1
42 97 1
42 110 1
42 123 1
42 132 1
42 145 1
42 176 1
42 250 1
42 253 1
42 282 1
42 296 1
42 305 1
42 336 1
42 364 1
42 387 1
42 392 1
42 393 1
42 421 1
42 449 1
42 476 1
42 479 1
42 487 1
42 509 1
42 515 1
42 554 1
42 566 1
42 567 1
42 626 1
42 663 1
42 675 1
42 682 1
42 695 1
42 698 1
42 700 1
42 703 1
42 709 1
42 711 1
42 730 1
42 769 1
42 822 1
42 848 1
42 868 1
42 879 1
42 890 1
42 913 1
42 926 1
42 930 1
42 946 1
42 958 1
42 960 1
42 981 1
42 982 1
43 74 1
43 90 1
43 91 1
43 92 1
43 114 1
43 140 1
43 160 1
43 203 1
43 244 1
43 253 1
43 277 1
43 287 1
43 314 1
43 338 1
43 379 1
43 451 1
43 465 1
43 471 1
43 474 1
43 482 1
43 512 1
43 545 1
43 590 1
43 662 1
43 667 1
43 712 1
43 722 1
43 723 1
43 727 1
43 736 1
43 738 1
43 744 1
43 747 1
43 758 1
43 802 1
43 827 1
43 918 1
43 959 1
43 973 1
43 983 1
43 999 1
44 48 1
44 49 1
44 84 1
44 100 1
44 117 1
44 132 1
44 135 1
44 163 1
44 195 1
44 270 1
44 290 1
44 292 1
44 321 1
44 322 1
44 337 1
44 363 1
44 402 1
44 451 1
44 479 1
44 485 1
44 527 1
44 539 1
44 555 1
44 612 1
44 634 1
44 640 1
44 656 1
44 713 1
44 729 1
44 748 1
44 763 1
44 791 1
44 803 1
44 822 1
44 829 1
44 886 1
44 892 1
44 894 1
44 935 1
44 964 1
44 970 1
44 983 1
44 984 1
44 991 1
45 68 1
45 70 1
45 79 1
45 92 1
45 106 1
45 149 1
45 167 1
45 210 1
45 248 1
45 285 1
45 294 1
45 313 1
45 329 1
45 368 1
45 445 1
45 479 1
45 495 1
45 497 1
45 515 1
45 523 1
45 539 1
45 549 1
45 555 1
45 580 1
45 590 1
45 595 1
45 620 1
45 649 1
45 668 1
45 716 1
45 729 1
45 762 1
45 768 1
45 771 1
45 793 1
45 796 1
45 841 1
45 854 1
45 855 1
45 866 1
45 868 1
45 872 1
45 905 1
45 912 1
45 917 1
45 941 1
45 975 1
45 976 1
45 981 1
46 47 1
46 115 1
46 123 1
46 159 1
46 162 1
46 175 1
46 183 1
46 198 1
46 209 1
46 216 1
46 272 1
46 296 1
46 328 1
46 338 1
46 358 1
46 376 1
46 406 1
46 408 1
46 410 1
46 426 1
46 438 1
46 487 1
46 496 1
46 498 1
46 551 1
46 577 1
46 599 1
46 614 1
46 639 1
46 685 1
46 688 1
46 693 1
46 699 1
46 704 1
46 716 1
46 747 1
46 749 1
46 764 1
46 789 1
46 800 1
46 808 1
46 815 1
46 818 1
46 843 1
46 847 1
46 855 1
46 910 1
46 927 1
46 931 1
46 957 1
46 983 1
46 990 1
46 999 1
47 162 1
47 181 1
47 193 1
47 207 1
47 233 1
47 256 1
47 257 1
47 328 1
47 339 1
47 361 1
47 374 1
47 393 1
47 402 1
47 412 1
47 423 1
47 426 1
47 441 1
47 460 1
47 462 1
47 480 1
47 491 1
47 497 1
47 524 1
47 573 1
47 579 1
47 601 1
47 613 1
47 640 1
47 643 1
47 664 1
47 669 1
47 705 1
47 716 1
47 722 1
47 742 1
47 760 1
47 786 1
47 790 1
47 794 1
47 811 1
47 841 1
47 846 1
47 868 1
47 873 1
47 878 1
47 896 1
47 935 1
47 942 1
47 944 1
47 962 1
48 53 1
48 63 1
48 65 1
48 86 1
48 98 1
48 105 1
48 135 1
48 146 1
48 150 1
48 156 1
48 171 1
48 180 1
48 195 1
48 211 1
48 214 1
48 232 1
48 248 1
48 311 1
48 324 1
48 335 1
48 350 1
48 371 1
48 394 1
48 398 1
48 424 1
48 432 1
48 444 1
48 463 1
48 490 1
48 504 1
48 507 1
48 537 1
48 550 1
48 559 1
48 560 1
48 582 1
48 619 1
48 621 1
48 625 1
48 626 1
48 629 1
48 631 1
48 677 1
48 689 1
48 766 1
48 767 1
48 781 1
48 812 1
48 819 1
48 821 1
48 865 1
48 868 1
48 896 1
48 914 1
48 924 1
48 943 1
48 951 1
48 963 1
48 982 1
48 1000 1
49 64 1
49 75 1
49 89 1
49 97 1
49 106 1
49 117 1
49 121 1
49 148 1
49 286 1
49 289 1
49 331 1
49 340 1
49 363 1
49 396 1
49 463 1
49 468 1
49 472 1
49 483 1
49 526 1
49 533 1
49 540 1
49 550 1
49 584 1
49 608 1
49 619 1
49 637 1
49 660 1
49 677 1
49 682 1
49 731 1
49 733 1
49 743 1
49 760 1
49 778 1
49 787 1
49 816 1
49 825 1
49 837 1
49 843 1
49 856 1
49 862 1
49 886 1
49 888 1
49 909 1
49 945 1
49 946 1
49 983 1
50 60 1
50 98 1
50 120 1
50 135 1
50 156 1
50 161 1
50 173 1
50 186 1
50 189 1
50 208 1
50 251 1
50 261 1
50 264 1
50 272 1
50 295 1
50 306 1
50 329 1
50 332 1
50 365 1
50 390 1
50 392 1
50 404 1
50 408 1
50 412 1
50 418 1
50 450 1
50 509 1
50 520 1
50 530 1
50 554 1
50 559 1
50 565 1
50 570 1
50 582 1
50 587 1
50 588 1
50 609 1
50 638 1
50 646 1
50 680 1
50 688 1
50 703 1
50 708 1
50 715 1
50 730 1
50 743 1
50 744 1
50 749 1
50 752 1
50 781 1
50 791 1
50 810 1
50 823 1
50 833 1
50 841 1
50 873 1
50 885 1
50 892 1
50 949 1
50 956 1
50 987 1
51 53 1
51 82 1
51 116 1
51 121 1
51 123 1
51 132 1
51 161 1
51 200 1
51 210 1
51 223 1
51 276 1
51 291 1
51 293 1
51 303 1
51 313 1
51 316 1
51 319 1
51 320 1
51 326 1
51 331 1
51 334 1
51 346 1
51 360 1
51 370 1
51 377 1
51 381 1
51 396 1
51 401 1
51 410 1
51 413 1
51 465 1
51 480 1
51 486 1
51 494 1
51 586 1
51 591 1
51 621 1
51 625 1
51 680 1
51 690 1
51 695 1
51 704 1
51 817 1
51 840 1
51 842 1
51 864 1
51 874 1
51 878 1
51 892 1
51 893 1
51 904 1
51 911 1
51 913 1
51 922 1
51 937 1
51 962 1
51 967 1
51 975 1
52 88 1
52 92 1
52 122 1
52 125 1
52 173 1
52 249 1
52 253 1
52 261 1
52 264 1
52 271 1
52 295 1
52 302 1
52 325 1
52 327 1
52 334 1
52 417 1
52 423 1
52 428 1
52 455 1
52 482 1
52 529 1
52 533 1
52 536 1
52 538 1
52 544 1
52 551 1
52 554 1
52 577 1
52 580 1
52 584 1
52 653 1
52 711 1
52 770 1
52 795 1
52 797 1
52 800 1
52 840 1
52 853 1
52 872 1
52 873 1
52 891 1
52 913 1
52 922 1
52 949 1
52 972 1
53 84 1
53 134 1
53 136 1
53 228 1
53 253 1
53 265 1
53 302 1
53 325 1
53 337 1
53 353 1
53 384 1
53 385 1
53 405 1
53 429 1
53 451 1
53 453 1
53 459 1
53 521 1
53 532 1
53 533 1
53 554 1
53 585 1
53 596 1
53 616 1
53 651 1
53 663 1
53 682 1
53 733 1
53 750 1
53 765 1
53 766 1
53 767 1
53 776 1
53 801 1
53 810 1
53 812 1
53 818 1
53 857 1
53 866 1
53 885 1
53 889 1
53 906 1
53 974 1
53 978 1
53 999 1
54 56 1
54 64 1
54 86 1
54 102 1
54 118 1
54 147 1
54 163 1
54 197 1
54 209 1
54 230 1
54 288 1
54 338 1
54 340 1
54 343 1
54 351 1
54 355 1
54 361 1
54 395 1
54 427 1
54 429 1
54 478 1
54 483 1
54 496 1
54 497 1
54 508 1
54 540 1
54 576 1
54 580 1
54 600 1
54 623 1
54 642 1
54 687 1
54 706 1
54 710 1
54 716 1
54 739 1
54 755 1
54 789 1
54 799 1
54 803 1
54 805 1
54 840 1
54 851 1
54 861 1
54 876 1
54 884 1
54 901 1
54 931 1
54 937 1
54 954 1
54 989 1
55 77 1
55 124 1
55 139 1
55 155 1
55 194 1
55 237 1
55 238 1
55 245 1
55 275 1
55 279 1
55 283 1
55 294 1
55 300 1
55 313 1
55 327 1
55 342 1
55 350 1
55 357 1
55 373 1
55 382 1
55 405 1
55 410 1
55 415 1
55 418 1
55 422 1
55 434 1
55 493 1
55 506 1
55 537 1
55 542 1
55 547 1
55 567 1
55 577 1
55 625 1
55 632 1
55 634 1
55 641 1
55 674 1
55 701 1
55 718 1
55 719 1
55 726 1
55 733 1
55 749 1
55 776 1
55 805 1
55 831 1
55 864 1
55 871 1
55 873 1
55 874 1
55 922 1
55 931 1
55 938 1
55 940 1
55 981 1
56 61 1
56 90 1
56 96 1
56 125 1
56 133 1
56 169 1
56 203 1
56 209 1
56 214 1
56 219 1
56 220 1
56 271 1
56 281 1
56 285 1
56 290 1
56 291 1
56 297 1
56 314 1
56 319 1
56 328 1
56 331 1
56 335 1
56 387 1
56 395 1
56 398 1
56 465 1
56 466 1
56 516 1
56 531 1
56 541 1
56 563 1
56 581 1
56 588 1
56 616 1
56 630 1
56 638 1
56 639 1
56 650 1
56 679 1
56 711 1
56 712 1
56 720 1
56 728 1
56 749 1
56 779 1
56 801 1
56 814 1
56 834 1
56 841 1
56 852 1
56 854 1
56 891 1
56 907 1
56 912 1
56 954 1
56 960 1
56 964 1
56 1000 1
57 75 1
57 76 1
57 79 1
57 83 1
57 94 1
57 122 1
57 123 1
57 156 1
57 179 1
57 202 1
57 210 1
57 214 1
57 267 1
57 311 1
57 320 1
57 324 1
57 380 1
57 392 1
57 411 1
57 434 1
57 444 1
57 445 1
57 453 1
57 455 1
57 458 1
57 483 1
57 487 1
57 488 1
57 490 1
57 537 1
57 548 1
57 571 1
57 649 1
57 663 1
57 665 1
57 676 1
57 691 1
57 707 1
57 748 1
57 754 1
57 764 1
57 781 1
57 799 1
57 838 1
57 850 1
57 857 1
57 900 1
57 924 1
57 941 1
57 956 1
57 966 1
57 967 1
57 982 1
57 985 1
57 994 1
58 61 1
58 89 1
58 95 1
58 96 1
58 104 1
58 126 1
58 137 1
58 149 1
58 161 1
58 241 1
58 248 1
58 256 1
58 265 1
58 297 1
58 300 1
58 311 1
58 327 1
58 330 1
58 365 1
58 367 1
58 432 1
58 436 1
58 484 1
58 540 1
58 549 1
58 579 1
58 629 1
58 642 1
58 646 1
58 658 1
58 660 1
58 699 1
58 772 1
58 795 1
58 807 1
58 814 1
58 831 1
58 867 1
58 898 1
58 901 1
58 927 1
58 928 1
58 993 1
58 996 1
59 76 1
59 83 1
59 101 1
59 144 1
59 150 1
59 151 1
59 162 1
59 197 1
59 219 1
59 239 1
59 245 1
59 295 1
59 297 1
59 324 1
59 414 1
59 416 1
59 423 1
59 444 1
59 482 1
59 483 1
59 493 1
59 507 1
59 514 1
59 522 1
59 523 1
59 525 1
59 553 1
59 589 1
59 602 1
59 614 1
59 650 1
59 701 1
59 707 1
59 726 1
59 727 1
59 735 1
59 737 1
59 738 1
59 749 1
59 775 1
59 788 1
59 795 1
59 821 1
59 837 1
59 861 1
59 865 1
59 870 1
59 882 1
59 884 1
59 893 1
59 897 1
59 918 1
59 927 1
59 938 1
59 940 1
59 965 1
59 989 1
59 998 1
60 86 1
60 88 1
60 135 1
60 157 1
60 161 1
60 162 1
60 197 1
60 201 1
60 218 1
60 226 1
60 247 1
60 248 1
60 266 1
60 270 1
60 274 1
60 283 1
60 292 1
60 311 1
60 319 1
60 351 1
60 353 1
60 387 1
60 395 1
60 435 1
60 436 1
60 459 1
60 468 1
60 536 1
60 541 1
60 544 1
60 564 1
60 565 1
60 569 1
60 585 1
60 589 1
60 592 1
60 611 1
60 619 1
60 624 1
60 631 1
60 662 1
60 669 1
60 672 1
60 673 1
60 674 1
60 690 1
60 713 1
60 795 1
60 812 1
60 827 1
60 843 1
60 859 1
60 869 1
60 885 1
60 907 1
60 953 1
60 954 1
60 978 1
60 981 1
60 985 1
61 76 1
61 118 1
61 127 1
61 128 1
61 133 1
61 189 1
61 246 1
61 289 1
61 312 1
61 326 1
61 327 1
61 350 1
61 373 1
61 386 1
61 411 1
61 416 1
61 419 1
61 449 1
61 464 1
61 467 1
61 468 1
61 493 1
61 498 1
61 582 1
61 585 1
61 615 1
61 643 1
61 674 1
61 692 1
61 701 1
61 714 1
61 715 1
61 738 1
61 793 1
61 807 1
61 813 1
61 819 1
61 826 1
61 846 1
61 848 1
61 862 1
61 868 1
61 888 1
61 892 1
61 895 1
61 927 1
61 931 1
61 935 1
61 970 1
62 72 1
62 90 1
62 103 1
62 105 1
62 109 1
62 111 1
62 152 1
62 162 1
62 204 1
62 237 1
62 253 1
62 265 1
62 291 1
62 324 1
62 331 1
62 363 1
62 394 1
62 503 1
62 506 1
62 507 1
62 532 1
62 539 1
62 575 1
62 587 1
62 597 1
62 603 1
62 605 1
62 610 1
62 623 1
62 634 1
62 694 1
62 702 1
62 718 1
62 732 1
62 740 1
62 748 1
62 753 1
62 789 1
62 790 1
62 800 1
62 806 1
62 822 1
62 847 1
62 873 1
62 901 1
62 902 1
62 921 1
62 925 1
62 938 1
62 951 1
62 952 1
62 953 1
62 960 1
62 966 1
63 69 1
63 70 1
63 77 1
63 78 1
63 79 1
63 81 1
63 107 1
63 112 1
63 119 1
63 132 1
63 139 1
63 158 1
63 194 1
63 212 1
63 228 1
63 236 1
63 238 1
63 249 1
63 251 1
63 322 1
63 326 1
63 333 1
63 379 1
63 380 1
63 394 1
63 446 1
63 492 1
63 567 1
63 582 1
63 606 1
63 608 1
63 612 1
63 622 1
63 624 1
63 625 1
63 648 1
63 681 1
63 725 1
63 741 1
63 804 1
63 860 1
63 955 1
63 979 1
63 1000 1
64 83 1
64 100 1
64 101 1
64 110 1
64 116 1
64 125 1
64 193 1
64 285 1
64 380 1
64 385 1
64 430 1
64 454 1
64 488 1
64 509 1
64 519 1
64 526 1
64 544 1
64 576 1
64 600 1
64 614 1
64 720 1
64 727 1
64 756 1
64 778 1
64 816 1
64 851 1
64 884 1
64 923 1
64 943 1
64 962 1
65 74 1
65 78 1
65 111 1
65 125 1
65 150 1
65 161 1
65 182 1
65 219 1
65 253 1
65 297 1
65 312 1
65 363 1
65 398 1
65 411 1
65 425 1
65 449 1
65 461 1
65 475 1
65 499 1
65 501 1
65 507 1
65 538 1
65 579 1
65 585 1
65 617 1
65 631 1
65 632 1
65 678 1
65 681 1
65 692 1
65 695 1
65 769 1
65 790 1
65 810 1
65 845 1
65 865 1
65 908 1
65 957 1
65 964 1
65 972 1
66 93 1
66 125 1
66 131 1
66 148 1
66 182 1
66 188 1
66 232 1
66 249 1
66 260 1
66 278 1
66 292 1
66 297 1
66 327 1
66 329 1
66 346 1
66 354 1
66 374 1
66 376 1
66 381 1
66 386 1
66 391 1
66 394 1
66 404 1
66 463 1
66 467 1
66 496 1
66 507 1
66 509 1
66 510 1
66 530 1
66 566 1
66 591 1
66 617 1
66 626 1
66 627 1
66 635 1
66 652 1
66 660 1
66 674 1
66 696 1
66 702 1
66 739 1
66 742 1
66 746 1
66 759 1
66 760 1
66 766 1
66 773 1
66 782 1
66 794 1
66 817 1
66 820 1
66 826 1
66 829 1
66 862 1
66 873 1
66 896 1
66 900 1
66 934 1
66 998 1
67 72 1
67 119 1
67 142 1
67 195 1
67 199 1
67 203 1
67 247 1
67 280 1
67 297 1
67 309 1
67 326 1
67 359 1
67 364 1
67 387 1
67 391 1
67 403 1
67 422 1
67 484 1
67 506 1
67 552 1
67 580 1
67 588 1
67 631 1
67 655 1
67 686 1
67 738 1
67 753 1
67 766 1
67 773 1
67 786 1
67 802 1
67 852 1
67 872 1
67 893 1
67 895 1
67 956 1
68 71 1
68 80 1
68 94 1
68 100 1
68 107 1
68 119 1
68 128 1
68 129 1
68 168 1
68 170 1
68 173 1
68 197 1
68 200 1
68 228 1
68 243 1
68 251 1
68 302 1
68 318 1
68 321 1
68 330 1
68 335 1
68 344 1
68 346 1
68 354 1
68 402 1
68 418 1
68 448 1
68 457 1
68 460 1
68 465 1
68 474 1
68 514 1
68 520 1
68 568 1
68 578 1
68 590 1
68 595 1
68 616 1
68 623 1
68 632 1
68 650 1
68 666 1
68 674 1
68 720 1
68 732 1
68 736 1
68 746 1
68 759 1
68 782 1
68 785 1
68 794 1
68 807 1
68 859 1
68 875 1
68 882 1
68 893 1
68 921 1
68 944 1
68 948 1
69 74 1
69 80 1
69 83 1
69 93 1
69 129 1
69 134 1
69 168 1
69 176 1
69 185 1
69 204 1
69 241 1
69 244 1
69 246 1
69 255 1
69 319 1
69 323 1
69 333 1
69 339 1
69 378 1
69 385 1
69 396 1
69 417 1
69 431 1
69 450 1
69 451 1
69 480 1
69 497 1
69 561 1
69 567 1
69 593 1
69 596 1
69 608 1
69 705 1
69 745 1
69 759 1
69 800 1
69 823 1
69 827 1
69 860 1
69 861 1
69 903 1
69 925 1
69 926 1
69 937 1
69 969 1
69 975 1
69 989 1
70 75 1
70 82 1
70 108 1
70 109 1
70 117 1
70 134 1
70 161 1
70 192 1
70 199 1
70 218 1
70 231 1
70 236 1
70 258 1
70 260 1
70 277 1
70 280 1
70 287 1
70 388 1
70 420 1
70 424 1
70 427 1
70 440 1
70 447 1
70 448 1
70 486 1
70 545 1
70 608 1
70 639 1
70 640 1
70 650 1
70 676 1
70 682 1
70 684 1
70 702 1
70 706 1
70 742 1
70 761 1
70 788 1
70 850 1
70 875 1
70 890 1
70 915 1
70 944 1
70 950 1
70 951 1
71 90 1
71 107 1
71 112 1
71 114 1
71 117 1
71 121 1
71 127 1
71 194 1
71 198 1
71 238 1
71 266 1
71 305 1
71 313 1
71 346 1
71 349 1
71 372 1
71 453 1
71 469 1
71 478 1
71 498 1
71 500 1
71 541 1
71 577 1
71 581 1
71 589 1
71 641 1
71 662 1
71 663 1
71 691 1
71 725 1
71 730 1
71 739 1
71 750 1
71 752 1
71 794 1
71 799 1
71 811 1
71 835 1
71 849 1
71 868 1
71 899 1
71 930 1
71 932 1
71 942 1
71 964 1
71 968 1
71 970 1
71 975 1
71 977 1
72 93 1
72 123 1
72 150 1
72 164 1
72 168 1
72 173 1
72 193 1
72 214 1
72 267 1
72 269 1
72 306 1
72 314 1
72 318 1
72 334 1
72 336 1
72 392 1
72 395 1
72 446 1
72 494 1
72 534 1
72 542 1
72 548 1
72 552 1
72 562 1
72 586 1
72 596 1
72 604 1
72 716 1
72 748 1
72 763 1
72 847 1
72 868 1
72 904 1
72 940 1
72 981 1
72 991 1
72 993 1
73 86 1
73 96 1
73 98 1
73 102 1
73 111 1
73 123 1
73 158 1
73 184 1
73 199 1
73 207 1
73 265 1
73 295 1
73 315 1
73 367 1
73 415 1
73 451 1
73 556 1
73 566 1
73 587 1
73 596 1
73 611 1
73 652 1
73 690 1
73 705 1
73 715 1
73 743 1
73 745 1
73 754 1
73 759 1
73 791 1
73 795 1
73 796 1
73 828 1
73 829 1
73 859 1
73 885 1
73 888 1
73 914 1
73 962 1
74 121 1
74 135 1
74 185 1
74 202 1
74 219 1
74 272 1
74 281 1
74 283 1
74 288 1
74 330 1
74 336 1
74 354 1
74 358 1
74 382 1
74 398 1
74 411 1
74 416 1
74 417 1
74 420 1
74 459 1
74 461 1
74 476 1
74 569 1
74 577 1
74 596 1
74 631 1
74 633 1
74 692 1
74 700 1
74 719 1
74 720 1
74 724 1
74 740 1
74 744 1
74 762 1
74 783 1
74 808 1
74 864 1
74 901 1
74 903 1
74 925 1
74 943 1
74 959 1
74 962 1
74 970 1
75 86 1
75 117 1
75 127 1
75 147 1
75 174 1
75 208 1
75 216 1
75 217 1
75 222 1
75 249 1
75 254 1
75 279 1
75 281 1
75 353 1
75 365 1
75 381 1
75 383 1
75 385 1
75 422 1
75 503 1
75 537 1
75 555 1
75 570 1
75 637 1
75 653 1
75 670 1
75 683 1
75 689 1
75 694 1
75 703 1
75 748 1
75 793 1
75 796 1
75 874 1
75 877 1
75 889 1
75 895 1
75 911 1
75 974 1
75 995 1
76 82 1
76 89 1
76 116 1
76 121 1
76 124 1
76 137 1
76 159 1
76 170 1
76 188 1
76 226 1
76 233 1
76 245 1
76 276 1
76 280 1
76 281 1
76 298 1
76 329 1
76 334 1
76 343 1
76 366 1
76 376 1
76 397 1
76 416 1
76 435 1
76 441 1
76 476 1
76 479 1
76 487 1
76 492 1
76 524 1
76 537 1
76 538 1
76 545 1
76 570 1
76 616 1
76 657 1
76 680 1
76 686 1
76 690 1
76 694 1
76 700 1
76 704 1
76 706 1
76 732 1
76 765 1
76 770 1
76 853 1
76 860 1
76 861 1
76 865 1
76 874 1
76 879 1
76 889 1
76 900 1
76 902 1
76 903 1
76 904 1
76 906 1
76 912 1
76 919 1
76 959 1
76 982 1
77 84 1
77 135 1
77 141 1
77 161 1
77 168 1
77 226 1
77 255 1
77 260 1
77 293 1
77 327 1
77 345 1
77 347 1
77 369 1
77 387 1
77 401 1
77 428 1
77 441 1
77 467 1
77 471 1
77 541 1
77 543 1
77 581 1
77 597 1
77 614 1
77 637 1
77 676 1
77 689 1
77 711 1
77 719 1
77 766 1
77 774 1
77 776 1
77 779 1
77 791 1
77 797 1
77 807 1
77 808 1
77 899 1
77 926 1
77 951 1
77 980 1
78 80 1
78 117 1
78 124 1
78 132 1
78 181 1
78 197 1
78 216 1
78 217 1
78 246 1
78 252 1
78 258 1
78 259 1
78 265 1
78 268 1
78 287 1
78 290 1
78 316 1
78 318 1
78 334 1
78 345 1
78 386 1
78 401 1
78 445 1
78 459 1
78 475 1
78 526 1
78 537 1
78 555 1
78 561 1
78 567 1
78 665 1
78 668 1
78 729 1
78 735 1
78 753 1
78 784 1
78 804 1
78 809 1
78 839 1
78 861 1
78 870 1
78 924 1
78 936 1
78 940 1
78 989 1
79 122 1
79 144 1
79 172 1
79 188 1
79 196 1
79 200 1
79 208 1
79 213 1
79 218 1
79 224 1
79 227 1
79 231 1
79 232 1
79 233 1
79 237 1
79 272 1
79 277 1
79 286 1
79 291 1
79 294 1
79 300 1
79 304 1
79 305 1
79 381 1
79 394 1
79 402 1
79 414 1
79 426 1
79 443 1
79 449 1
79 494 1
79 525 1
79 546 1
79 552 1
79 554 1
79 566 1
79 571 1
79 610 1
79 639 1
79 665 1
79 695 1
79 697 1
79 748 1
79 753 1
79 783 1
79 797 1
79 819 1
79 821 1
79 870 1
79 875 1
79 899 1
79 921 1
79 927 1
79 935 1
80 112 1
80 114 1
80 131 1
80 132 1
80 161 1
80 168 1
80 181 1
80 183 1
80 191 1
80 232 1
80 233 1
80 248 1
80 266 1
80 282 1
80 296 1
80 297 1
80 298 1
80 305 1
80 325 1
80 391 1
80 406 1
80 428 1
80 430 1
80 446 1
80 449 1
80 466 1
80 468 1
80 480 1
80 535 1
80 560 1
80 566 1
80 571 1
80 574 1
80 577 1
80 584 1
80 600 1
80 619 1
80 637 1
80 669 1
80 686 1
80 696 1
80 697 1
80 703 1
80 704 1
80 706 1
80 734 1
80 760 1
80 782 1
80 805 1
80 809 1
80 812 1
80 820 1
80 835 1
80 865 1
80 866 1
80 910 1
80 914 1
80 948 1
80 979 1
80 980 1
80 993 1
81 86 1
81 88 1
81 109 1
81 114 1
81 137 1
81 170 1
81 180 1
81 193 1
81 206 1
81 214 1
81 247 1
81 282 1
81 308 1
81 318 1
81 324 1
81 340 1
81 369 1
81 375 1
81 382 1
81 393 1
81 402 1
81 410 1
81 469 1
81 483 1
81 493 1
81 514 1
81 518 1
81 520 1
81 531 1
81 547 1
81 549 1
81 573 1
81 579 1
81 600 1
81 625 1
81 636 1
81 659 1
81 675 1
81 722 1
81 754 1
81 785 1
81 792 1
81 831 1
81 957 1
81 987 1
82 128 1
82 138 1
82 159 1
82 170 1
82 179 1
82 204 1
82 209 1
82 217 1
82 228 1
82 237 1
82 243 1
82 264 1
82 272 1
82 285 1
82 290 1
82 297 1
82 312 1
82 313 1
82 316 1
82 317 1
82 325 1
82 338 1
82 344 1
82 345 1
82 360 1
82 391 1
82 395 1
82 439 1
82 464 1
82 493 1
82 541 1
82 542 1
82 547 1
82 605 1
82 627 1
82 633 1
82 652 1
82 668 1
82 686 1
82 716 1
82 730 1
82 743 1
82 786 1
82 789 1
82 800 1
82 805 1
82 842 1
82 845 1
82 849 1
82 882 1
82 928 1
82 943 1
82 967 1
83 128 1
83 140 1
83 146 1
83 165 1
83 205 1
83 206 1
83 220 1
83 221 1
83 265 1
83 300 1
83 313 1
83 317 1
83 448 1
83 495 1
83 522 1
83 531 1
83 542 1
83 552 1
83 557 1
83 564 1
83 627 1
83 688 1
83 692 1
83 719 1
83 745 1
83 746 1
83 756 1
83 790 1
83 793 1
83 794 1
83 812 1
83 831 1
83 839 1
83 849 1
83 861 1
83 868 1
83 883 1
83 891 1
83 902 1
83 907 1
83 928 1
83 942 1
83 943 1
83 949 1
83 1000 1
84 86 1
84 113 1
84 115 1
84 140 1
84 143 1
84 150 1
84 175 1
84 210 1
84 212 1
84 229 1
84 270 1
84 279 1
84 312 1
84 335 1
84 357 1
84 370 1
84 383 1
84 423 1
84 427 1
84 442 1
84 447 1
84 449 1
84 510 1
84 513 1
84 531 1
84 537 1
84 548 1
84 549 1
84 578 1
84 579 1
84 610 1
84 612 1
84 619 1
84 649 1
84 650 1
84 655 1
84 700 1
84 701 1
84 713 1
84 726 1
84 758 1
84 762 1
84 783 1
84 785 1
84 791 1
84 795 1
84 804 1
84 824 1
84 846 1
84 859 1
84 877 1
84 883 1
84 892 1
84 901 1
85 97 1
85 106 1
85 108 1
85 117 1
85 135 1
85 152 1
85 162 1
85 194 1
85 210 1
85 243 1
85 267 1
85 275 1
85 283 1
85 292 1
85 312 1
85 339 1
85 358 1
85 368 1
85 402 1
85 426 1
85 457 1
85 478 1
85 522 1
85 531 1
85 569 1
85 584 1
85 594 1
85 603 1
85 635 1
85 637 1
85 651 1
85 657 1
85 692 1
85 702 1
85 714 1
85 738 1
85 757 1
85 780 1
85 792 1
85 804 1
85 845 1
85 849 1
85 883 1
85 894 1
85 922 1
85 928 1
85 939 1
85 955 1
85 958 1
85 985 1
85 987 1
85 993 1
86 150 1
86 204 1
86 219 1
86 230 1
86 231 1
86 247 1
86 249 1
86 250 1
86 297 1
86 299 1
86 309 1
86 330 1
86 346 1
86 352 1
86 357 1
86 408 1
86 415 1
86 431 1
86 438 1
86 441 1
86 445 1
86 454 1
86 506 1
86 527 1
86 528 1
86 537 1
86 584 1
86 597 1
86 657 1
86 678 1
86 715 1
86 731 1
86 746 1
86 769 1
86 784 1
86 788 1
86 792 1
86 807 1
86 819 1
86 832 1
86 865 1
86 870 1
86 876 1
86 899 1
86 902 1
86 905 1
86 906 1
86 919 1
86 920 1
86 938 1
86 949 1
86 971 1
86 985 1
87 111 1
87 115 1
87 116 1
87 127 1
87 136 1
87 146 1
87 164 1
87 230 1
87 234 1
87 256 1
87 339 1
87 393 1
87 422 1
87 437 1
87 476 1
87 492 1
87 495 1
87 522 1
87 532 1
87 538 1
87 590 1
87 597 1
87 652 1
87 675 1
87 682 1
87 718 1
87 734 1
87 784 1
87 794 1
87 803 1
87 806 1
87 839 1
87 855 1
87 862 1
87 873 1
87 903 1
87 915 1
87 946 1
87 948 1
87 953 1
87 972 1
87 973 1
87 999 1
87 1000 1
88 107 1
88 125 1
88 130 1
88 151 1
88 166 1
88 167 1
88 204 1
88 253 1
88 257 1
88 267 1
88 281 1
88 287 1
88 313 1
88 322 1
88 349 1
88 374 1
88 424 1
88 436 1
88 449 1
88 467 1
88 476 1
88 497 1
88 522 1
88 539 1
88 552 1
88 558 1
88 570 1
88 580 1
88 582 1
88 590 1
88 605 1
88 609 1
88 631 1
88 636 1
88 651 1
88 657 1
88 685 1
88 764 1
88 766 1
88 796 1
88 802 1
88 835 1
88 856 1
88 874 1
88 878 1
88 885 1
88 906 1
88 909 1
88 999 1
89 103 1
89 123 1
89 225 1
89 275 1
89 281 1
89 303 1
89 331 1
89 340 1
89 412 1
89 434 1
89 440 1
89 442 1
89 480 1
89 486 1
89 521 1
89 526 1
89 572 1
89 574 1
89 577 1
89 633 1
89 635 1
89 675 1
89 699 1
89 705 1
89 726 1
89 765 1
89 773 1
89 836 1
89 850 1
89 928 1
89 962 1
89 973 1
89 986 1
89 990 1
90 106 1
90 119 1
90 122 1
90 131 1
90 151 1
90 193 1
90 222 1
90 227 1
90 233 1
90 293 1
90 300 1
90 305 1
90 306 1
90 332 1
90 342 1
90 348 1
90 391 1
90 404 1
90 405 1
90 439 1
90 452 1
90 502 1
90 515 1
90 520 1
90 533 1
90 538 1
90 564 1
90 575 1
90 580 1
90 595 1
90 596 1
90 624 1
90 655 1
90 686 1
90 693 1
90 701 1
90 727 1
90 730 1
90 732 1
90 761 1
90 795 1
90 801 1
90 828 1
90 836 1
90 847 1
90 921 1
90 922 1
90 935 1
90 949 1
90 955 1
91 96 1
91 97 1
91 125 1
91 132 1
91 137 1
91 162 1
91 163 1
91 174 1
91 182 1
91 191 1
91 220 1
91 272 1
91 344 1
91 369 1
91 386 1
91 405 1
91 437 1
91 457 1
91 462 1
91 469 1
91 501 1
91 524 1
91 530 1
91 551 1
91 558 1
91 577 1
91 586 1
91 602 1
91 628 1
91 637 1
91 646 1
91 671 1
91 679 1
91 684 1
91 691 1
91 693 1
91 776 1
91 826 1
91 830 1
91 850 1
91 878 1
91 886 1
91 887 1
91 891 1
91 896 1
91 919 1
91 945 1
91 977 1
91 995 1
92 107 1
92 133 1
92 154 1
92 160 1
92 193 1
92 214 1
92 287 1
92 295 1
92 304 1
92 309 1
92 332 1
92 346 1
92 347 1
92 349 1
92 367 1
92 376 1
92 388 1
92 411 1
92 428 1
92 433 1
92 445 1
92 477 1
92 511 1
92 555 1
92 563 1
92 579 1
92 588 1
92 606 1
92 632 1
92 648 1
92 689 1
92 694 1
92 701 1
92 727 1
92 736 1
92 748 1
92 756 1
92 765 1
92 771 1
92 774 1
92 819 1
92 837 1
92 852 1
92 943 1
92 959 1
92 969 1
92 983 1
93 127 1
93 146 1
93 147 1
93 152 1
93 158 1
93 173 1
93 196 1
93 198 1
93 234 1
93 246 1
93 321 1
93 323 1
93 327 1
93 342 1
93 344 1
93 370 1
93 383 1
93 388 1
93 391 1
93 398 1
93 423 1
93 436 1
93 484 1
93 533 1
93 572 1
93 631 1
93 636 1
93 639 1
93 660 1
93 673 1
93 680 1
93 702 1
93 740 1
93 750 1
93 828 1
93 847 1
93 864 1
93 876 1
93 879 1
93 927 1
93 940 1
93 944 1
93 959 1
93 981 1
93 984 1
93 1000 1
94 113 1
94 144 1
94 184 1
94 185 1
94 187 1
94 220 1
94 241 1
94 264 1
94 298 1
94 313 1
94 314 1
94 327 1
94 355 1
94 366 1
94 374 1
94 383 1
94 384 1
94 399 1
94 441 1
94 451 1
94 461 1
94 496 1
94 499 1
94 507 1
94 515 1
94 531 1
94 553 1
94 588 1
94 593 1
94 621 1
94 632 1
94 643 1
94 656 1
94 662 1
94 689 1
94 732 1
94 762 1
94 773 1
94 779 1
94 801 1
94 811 1
94 866 1
94 877 1
94 892 1
94 896 1
94 904 1
95 104 1
95 110 1
95 121 1
95 194 1
95 196 1
95 228 1
95 272 1
95 279 1
95 289 1
95 324 1
95 328 1
95 332 1
95 380 1
95 390 1
95 425 1
95 434 1
95 481 1
95 523 1
95 545 1
95 554 1
95 566 1
95 590 1
95 609 1
95 611 1
95 628 1
95 643 1
95 669 1
95 681 1
95 712 1
95 723 1
95 751 1
95 772 1
95 791 1
95 829 1
95 895 1
95 901 1
95 908 1
95 915 1
95 985 1
96 106 1
96 109 1
96 113 1
96 135 1
96 162 1
96 166 1
96 198 1
96 207 1
96 217 1
96 230 1
96 232 1
96 249 1
96 264 1
96 287 1
96 300 1
96 335 1
96 418 1
96 424 1
96 434 1
96 439 1
96 446 1
96 480 1
96 484 1
96 486 1
96 491 1
96 493 1
96 495 1
96 537 1
96 538 1
96 561 1
96 566 1
96 576 1
96 588 1
96 600 1
96 614 1
96 638 1
96 639 1
96 673 1
96 687 1
96 706 1
96 723 1
96 742 1
96 764 1
96 776 1
96 834 1
96 858 1
96 911 1
96 925 1
96 964 1
97 103 1
97 161 1
97 184 1
97 243 1
97 245 1
97 264 1
97 295 1
97 301 1
97 309 1
97 336 1
97 365 1
97 412 1
97 435 1
97 440 1
97 467 1
97 473 1
97 568 1
97 570 1
97 582 1
97 600 1
97 618 1
97 682 1
97 690 1
97 725 1
97 743 1
97 744 1
97 757 1
97 815 1
97 819 1
97 822 1
97 828 1
97 919 1
97 930 1
98 100 1
98 119 1
98 152 1
98 153 1
98 162 1
98 216 1
98 225 1
98 226 1
98 252 1
98 255 1
98 296 1
98 301 1
98 316 1
98 321 1
98 333 1
98 408 1
98 412 1
98 444 1
98 451 1
98 511 1
98 514 1
98 534 1
98 560 1
98 563 1
98 576 1
98 582 1
98 613 1
98 660 1
98 665 1
98 666 1
98 684 1
98 711 1
98 741 1
98 752 1
98 786 1
98 822 1
98 833 1
98 948 1
98 958 1
98 970 1
98 979 1
99 100 1
99 134 1
99 149 1
99 151 1
99 158 1
99 176 1
99 185 1
99 192 1
99 207 1
99 221 1
99 246 1
99 287 1
99 298 1
99 300 1
99 331 1
99 363 1
99 395 1
99 396 1
99 415 1
99 423 1
99 440 1
99 453 1
99 461 1
99 462 1
99 480 1
99 489 1
99 528 1
99 532 1
99 540 1
99 545 1
99 548 1
99 565 1
99 573 1
99 588 1
99 594 1
99 602 1
99 619 1
99 637 1
99 663 1
99 696 1
99 825 1
99 846 1
99 871 1
99 893 1
99 902 1
99 920 1
99 948 1
99 979 1
99 981 1
100 130 1
100 140 1
100 153 1
100 163 1
100 181 1
100 198 1
100 208 1
100 217 1
100 225 1
100 284 1
100 305 1
100 316 1
100 332 1
100 373 1
100 376 1
100 390 1
100 397 1
100 453 1
100 467 1
100 498 1
100 504 1
100 506 1
100 507 1
100 514 1
100 558 1
100 559 1
100 568 1
100 578 1
100 601 1
100 606 1
100 619 1
100 629 1
100 663 1
100 715 1
100 745 1
100 753 1
100 761 1
100 787 1
100 804 1
100 900 1
100 911 1
100 927 1
100 947 1
100 974 1
100 989 1
100 999 1
101 136 1
101 160 1
101 165 1
101 175 1
101 205 1
101 210 1
101 259 1
101 267 1
101 278 1
101 285 1
101 287 1
101 394 1
101 396 1
101 425 1
101 443 1
101 477 1
101 489 1
101 492 1
101 549 1
101 605 1
101 610 1
101 623 1
101 635 1
101 641 1
101 723 1
101 726 1
101 755 1
101 823 1
101 824 1
101 829 1
101 834 1
101 858 1
101 903 1
101 932 1
101 963 1
101 987 1
101 988 1
101 990 1
101 995 1
102 103 1
102 109 1
102 117 1
102 120 1
102 141 1
102 179 1
102 214 1
102 215 1
102 290 1
102 299 1
102 335 1
102 386 1
102 406 1
102 407 1
102 417 1
102 432 1
102 435 1
102 458 1
102 481 1
102 517 1
102 545 1
102 547 1
102 555 1
102 561 1
102 564 1
102 587 1
102 597 1
102 605 1
102 610 1
102 620 1
102 656 1
102 680 1
102 704 1
102 707 1
102 744 1
102 781 1
102 789 1
102 803 1
102 819 1
102 867 1
102 921 1
102 948 1
103 111 1
103 138 1
103 151 1
103 154 1
103 160 1
103 181 1
103 201 1
103 290 1
103 330 1
103 360 1
103 373 1
103 380 1
103 464 1
103 491 1
103 517 1
103 523 1
103 637 1
103 669 1
103 739 1
103 760 1
103 782 1
103 784 1
103 789 1
103 815 1
103 834 1
103 843 1
103 868 1
103 872 1
103 907 1
103 927 1
103 952 1
104 110 1
104 127 1
104 130 1
104 187 1
104 213 1
104 216 1
104 240 1
104 248 1
104 262 1
104 268 1
104 323 1
104 336 1
104 350 1
104 393 1
104 397 1
104 403 1
104 405 1
104 469 1
104 478 1
104 493 1
104 514 1
104 517 1
104 557 1
104 570 1
104 624 1
104 629 1
104 722 1
104 750 1
104 765 1
104 782 1
104 790 1
104 809 1
104 818 1
104 849 1
104 852 1
104 853 1
104 879 1
104 881 1
104 896 1
104 919 1
104 926 1
104 979 1
104 981 1
105 117 1
105 129 1
105 200 1
105 210 1
105 218 1
105 268 1
105 279 1
105 290 1
105 293 1
105 297 1
105 301 1
105 353 1
105 357 1
105 361 1
105 391 1
105 398 1
105 407 1
105 423 1
105 461 1
105 466 1
105 469 1
105 500 1
105 575 1
105 653 1
105 660 1
105 711 1
105 726 1
105 735 1
105 756 1
105 757 1
105 767 1
105 793 1
105 798 1
105 807 1
105 836 1
105 837 1
105 868 1
105 872 1
105 953 1
105 966 1
105 979 1
105 980 1
106 112 1
106 114 1
106 125 1
106 130 1
106 160 1
106 178 1
106 188 1
106 190 1
106 251 1
106 258 1
106 261 1
106 327 1
106 339 1
106 351 1
106 370 1
106 378 1
106 393 1
106 407 1
106 413 1
106 414 1
106 455 1
106 522 1
106 538 1
106 544 1
106 573 1
106 583 1
106 638 1
106 660 1
106 709 1
106 717 1
106 725 1
106 736 1
106 789 1
106 809 1
106 840 1
106 867 1
106 905 1
106 915 1
106 936 1
106 943 1
106 962 1
106 988 1
107 131 1
107 152 1
107 156 1
107 160 1
107 223 1
107 262 1
107 302 1
107 304 1
107 369 1
107 370 1
107 376 1
107 403 1
107 411 1
107 494 1
107 501 1
107 513 1
107 612 1
107 649 1
107 668 1
107 679 1
107 680 1
107 733 1
107 743 1
107 761 1
107 808 1
107 837 1
107 864 1
107 883 1
107 902 1
107 903 1
107 924 1
107 928 1
107 930 1
107 934 1
107 995 1
108 117 1
108 122 1
108 147 1
108 149 1
108 199 1
108 223 1
108 231 1
108 241 1
108 246 1
108 259 1
108 314 1
108 364 1
108 365 1
108 378 1
108 398 1
108 410 1
108 414 1
108 457 1
108 496 1
108 503 1
108 513 1
108 561 1
108 564 1
108 566 1
108 608 1
108 616 1
108 634 1
108 649 1
108 660 1
108 683 1
108 690 1
108 698 1
108 707 1
108 715 1
108 733 1
108 737 1
108 783 1
108 828 1
108 849 1
108 928 1
108 947 1
108 961 1
108 992 1
109 138 1
109 149 1
109 176 1
109 195 1
109 231 1
109 267 1
109 309 1
109 310 1
109 324 1
109 328 1
109 335 1
109 365 1
109 373 1
109 381 1
109 415 1
109 446 1
109 543 1
109 560 1
109 572 1
109 606 1
109 619 1
109 620 1
109 662 1
109 676 1
109 684 1
109 685 1
109 695 1
109 713 1
109 719 1
109 720 1
109 744 1
109 757 1
109 762 1
109 765 1
109 780 1
109 784 1
109 811 1
109 853 1
109 888 1
109 897 1
109 909 1
109 914 1
109 938 1
109 947 1
109 966 1
110 116 1
110 147 1
110 189 1
110 223 1
110 251 1
110 267 1
110 281 1
110 304 1
110 375 1
110 377 1
110 501 1
110 510 1
110 525 1
110 579 1
110 582 1
110 602 1
110 605 1
110 609 1
110 629 1
110 636 1
110 672 1
110 684 1
110 691 1
110 704 1
110 754 1
110 760 1
110 793 1
110 794 1
110 798 1
110 809 1
110 816 1
110 834 1
110 846 1
110 856 1
110 877 1
110 883 1
110 904 1
110 910 1
110 949 1
110 976 1
110 988 1
111 119 1
111 130 1
111 131 1
111 134 1
111 162 1
111 182 1
111 217 1
111 233 1
111 243 1
111 259 1
111 260 1
111 279 1
111 293 1
111 324 1
111 382 1
111 396 1
111 408 1
111 424 1
111 425 1
111 460 1
111 488 1
111 491 1
111 501 1
111 514 1
111 537 1
111 562 1
111 590 1
111 592 1
111 630 1
111 655 1
111 667 1
111 676 1
111 688 1
111 706 1
111 719 1
111 744 1
111 754 1
111 758 1
111 766 1
111 811 1
111 816 1
111 874 1
111 894 1
111 899 1
111 920 1
111 944 1
111 948 1
111 949 1
111 950 1
111 977 1
112 115 1
112 126 1
112 136 1
112 137 1
112 151 1
112 169 1
112 193 1
112 216 1
112 236 1
112 237 1
112 239 1
112 252 1
112 262 1
112 283 1
112 288 1
112 326 1
112 335 1
112 387 1
112 422 1
112 423 1
112 455 1
112 459 1
112 467 1
112 475 1
112 538 1
112 552 1
112 553 1
112 556 1
112 561 1
112 583 1
112 613 1
112 629 1
112 633 1
112 659 1
112 727 1
112 739 1
112 759 1
112 763 1
112 765 1
112 769 1
112 789 1
112 946 1
112 951 1
112 968 1
112 970 1
113 146 1
113 161 1
113 168 1
113 179 1
113 189 1
113 197 1
113 203 1
113 213 1
113 218 1
113 220 1
113 242 1
113 260 1
113 268 1
113 272 1
113 311 1
113 329 1
113 331 1
113 337 1
113 355 1
113 364 1
113 369 1
113 374 1
113 429 1
113 437 1
113 487 1
113 508 1
113 512 1
113 546 1
113 589 1
113 591 1
113 643 1
113 646 1
113 665 1
113 681 1
113 772 1
113 774 1
113 787 1
113 798 1
113 803 1
113 845 1
113 847 1
113 891 1
113 897 1
113 916 1
113 920 1
113 967 1
113 979 1
114 124 1
114 126 1
114 171 1
114 173 1
114 180 1
114 201 1
114 231 1
114 239 1
114 284 1
114 291 1
114 303 1
114 304 1
114 308 1
114 340 1
114 382 1
114 435 1
114 451 1
114 452 1
114 474 1
114 490 1
114 524 1
114 531 1
114 545 1
114 553 1
114 562 1
114 589 1
114 593 1
114 654 1
114 699 1
114 712 1
114 734 1
114 747 1
114 767 1
114 782 1
114 832 1
114 842 1
114 853 1
114 866 1
114 877 1
114 880 1
114 903 1
114 931 1
114 970 1
114 981 1
115 140 1
115 143 1
115 158 1
115 180 1
115 208 1
115 255 1
115 275 1
115 310 1
115 327 1
115 387 1
115 402 1
115 435 1
115 439 1
115 469 1
115 497 1
115 532 1
115 562 1
115 563 1
115 572 1
115 580 1
115 639 1
115 657 1
115 700 1
115 740 1
115 752 1
115 768 1
115 776 1
115 806 1
115 849 1
115 886 1
115 897 1
115 908 1
115 928 1
115 946 1
115 948 1
115 985 1
116 120 1
116 125 1
116 150 1
116 154 1
116 157 1
116 187 1
116 190 1
116 194 1
116 271 1
116 302 1
116 309 1
116 313 1
116 315 1
116 349 1
116 354 1
116 379 1
116 412 1
116 445 1
116 449 1
116 462 1
116 482 1
116 518 1
116 529 1
116 535 1
116 540 1
116 545 1
116 553 1
116 602 1
116 615 1
116 644 1
116 658 1
116 668 1
116 676 1
116 692 1
116 699 1
116 720 1
116 728 1
116 783 1
116 796 1
116 801 1
116 835 1
116 863 1
116 864 1
116 874 1
116 906 1
116 913 1
116 967 1
116 984 1
117 134 1
117 142 1
117 146 1
117 229 1
117 257 1
117 280 1
117 324 1
117 341 1
117 365 1
117 458 1
117 465 1
117 521 1
117 556 1
117 603 1
117 619 1
117 623 1
117 629 1
117 693 1
117 731 1
117 747 1
117 812 1
117 823 1
117 830 1
117 839 1
117 845 1
117 846 1
117 867 1
117 902 1
117 906 1
117 909 1
117 940 1
117 944 1
118 144 1
118 146 1
118 147 1
118 151 1
118 157 1
118 173 1
118 182 1
118 203 1
118 214 1
118 233 1
118 240 1
118 249 1
118 251 1
118 254 1
118 269 1
118 281 1
118 283 1
118 291 1
118 326 1
118 334 1
118 346 1
118 394 1
118 404 1
118 422 1
118 464 1
118 477 1
118 502 1
118 522 1
118 530 1
118 560 1
118 562 1
118 597 1
118 615 1
118 632 1
118 634 1
118 655 1
118 666 1
118 708 1
118 716 1
118 725 1
118 729 1
118 734 1
118 740 1
118 773 1
118 877 1
118 886 1
118 899 1
118 904 1
118 914 1
118 952 1
118 1000 1
119 194 1
119 231 1
119 246 1
119 252 1
119 267 1
119 276 1
119 303 1
119 357 1
119 389 1
119 411 1
119 414 1
119 429 1
119 439 1
119 467 1
119 484 1
119 511 1
119 576 1
119 595 1
119 615 1
119 625 1
119 670 1
119 674 1
119 765 1
119 824 1
119 852 1
119 877 1
119 879 1
119 917 1
119 957 1
119 963 1
119 992 1
119 1000 1
120 126 1
120 132 1
120 139 1
120 148 1
120 154 1
120 203 1
120 216 1
120 230 1
120 258 1
120 266 1
120 272 1
120 285 1
120 300 1
120 334 1
120 344 1
120 363 1
120 382 1
120 398 1
120 404 1
120 412 1
120 462 1
120 463 1
120 465 1
120 479 1
120 529 1
120 536 1
120 538 1
120 555 1
120 594 1
120 620 1
120 633 1
120 655 1
120 670 1
120 749 1
120 762 1
120 781 1
120 821 1
120 844 1
120 848 1
120 851 1
120 857 1
120 907 1
120 930 1
120 931 1
120 989 1
120 995 1
121 134 1
121 166 1
121 172 1
121 188 1
121 202 1
121 206 1
121 211 1
121 218 1
121 231 1
121 236 1
121 239 1
121 266 1
121 284 1
121 291 1
121 306 1
121 308 1
121 314 1
121 333 1
121 341 1
121 353 1
121 380 1
121 383 1
121 399 1
121 407 1
121 412 1
121 476 1
121 516 1
121 551 1
121 570 1
121 571 1
121 577 1
121 601 1
121 642 1
121 713 1
121 767 1
121 771 1
121 777 1
121 815 1
121 900 1
121 904 1
121 906 1
121 947 1
121 961 1
121 971 1
121 972 1
122 132 1
122 158 1
122 165 1
122 170 1
122 174 1
122 207 1
122 223 1
122 310 1
122 333 1
122 340 1
122 368 1
122 371 1
122 412 1
122 443 1
122 475 1
122 519 1
122 520 1
122 522 1
122 545 1
122 556 1
122 590 1
122 596 1
122 601 1
122 612 1
122 619 1
122 628 1
122 630 1
122 660 1
122 681 1
122 682 1
122 687 1
122 721 1
122 722 1
122 726 1
122 765 1
122 833 1
122 850 1
122 870 1
122 929 1
122 956 1
122 963 1
122 994 1
123 155 1
123 170 1
123 199 1
123 209 1
123 217 1
123 249 1
123 267 1
123 271 1
123 331 1
123 337 1
123 368 1
123 374 1
123 375 1
123 391 1
123 420 1
123 449 1
123 450 1
123 475 1
123 477 1
123 482 1
123 511 1
123 522 1
123 533 1
123 562 1
123 571 1
123 590 1
123 602 1
123 613 1
123 679 1
123 692 1
123 700 1
123 769 1
123 787 1
123 807 1
123 820 1
123 826 1
123 841 1
123 855 1
123 856 1
123 859 1
123 936 1
123 973 1
123 988 1
124 138 1
124 146 1
124 161 1
124 197 1
124 221 1
124 274 1
124 305 1
124 320 1
124 355 1
124 368 1
124 378 1
124 383 1
124 388 1
124 416 1
124 431 1
124 445 1
124 466 1
124 468 1
124 473 1
124 504 1
124 532 1
124 558 1
124 596 1
124 643 1
124 646 1
124 655 1
124 753 1
124 782 1
124 798 1
124 827 1
124 846 1
124 848 1
124 867 1
124 875 1
124 882 1
124 915 1
124 922 1
124 958 1
125 148 1
125 173 1
125 191 1
125 251 1
125 253 1
125 256 1
125 278 1
125 317 1
125 319 1
125 335 1
125 347 1
125 352 1
125 363 1
125 382 1
125 392 1
125 411 1
125 463 1
125 466 1
125 489 1
125 495 1
125 511 1
125 532 1
125 533 1
125 535 1
125 542 1
125 548 1
125 568 1
125 577 1
125 585 1
125 598 1
125 616 1
125 635 1
125 673 1
125 690 1
125 699 1
125 703 1
125 707 1
125 741 1
125 772 1
125 775 1
125 795 1
125 852 1
125 875 1
125 883 1
125 891 1
125 905 1
125 932 1
125 954 1
125 961 1
125 972 1
126 156 1
126 165 1
126 193 1
126 249 1
126 289 1
126 305 1
126 327 1
126 345 1
126 382 1
126 391 1
126 415 1
126 504 1
126 519 1
126 530 1
126 547 1
126 567 1
126 574 1
126 587 1
126 596 1
126 630 1
126 646 1
126 648 1
126 654 1
126 695 1
126 700 1
126 709 1
126 710 1
126 714 1
126 770 1
126 818 1
126 852 1
126 882 1
126 921 1
126 928 1
126 929 1
126 936 1
126 958 1
126 977 1
126 998 1
127 133 1
127 134 1
127 136 1
127 150 1
127 156 1
127 176 1
127 229 1
127 254 1
127 258 1
127 303 1
127 331 1
127 338 1
127 343 1
127 354 1
127 358 1
127 368 1
127 387 1
127 399 1
127 418 1
127 435 1
127 459 1
127 489 1
127 561 1
127 587 1
127 623 1
127 630 1
127 651 1
127 658 1
127 681 1
127 701 1
127 743 1
127 751 1
127 760 1
127 785 1
127 841 1
127 865 1
127 906 1
127 909 1
127 927 1
127 929 1
127 936 1
127 997 1
128 149 1
128 154 1
128 218 1
128 270 1
128 280 1
128 297 1
128 301 1
128 324 1
128 326 1
128 403 1
128 411 1
128 434 1
128 464 1
128 472 1
128 491 1
128 500 1
128 501 1
128 502 1
128 548 1
128 641 1
128 656 1
128 670 1
128 695 1
128 727 1
128 741 1
128 749 1
128 787 1
128 794 1
128 802 1
128 834 1
128 845 1
128 880 1
128 887 1
128 908 1
128 972 1
128 975 1
129 135 1
129 140 1
129 151 1
129 192 1
129 206 1
129 224 1
129 230 1
129 290 1
129 294 1
129 344 1
129 346 1
129 384 1
129 428 1
129 436 1
129 437 1
129 465 1
129 470 1
129 473 1
129 486 1
129 487 1
129 511 1
129 519 1
129 521 1
129 560 1
129 564 1
129 569 1
129 592 1
129 627 1
129 630 1
129 634 1
129 647 1
129 665 1
129 673 1
129 712 1
129 713 1
129 723 1
129 736 1
129 769 1
129 791 1
129 798 1
129 829 1
129 839 1
129 864 1
129 888 1
129 889 1
129 937 1
130 141 1
130 184 1
130 238 1
130 247 1
130 252 1
130 265 1
130 282 1
130 283 1
130 293 1
130 298 1
130 309 1
130 317 1
130 348 1
130 378 1
130 386 1
130 399 1
130 414 1
130 431 1
130 463 1
130 513 1
130 531 1
130 532 1
130 585 1
130 588 1
130 632 1
130 633 1
130 651 1
130 668 1
130 684 1
130 689 1
130 765 1
130 784 1
130 795 1
130 825 1
130 829 1
130 835 1
130 861 1
130 867 1
130 883 1
130 887 1
130 898 1
130 948 1
130 982 1
131 141 1
131 235 1
131 241 1
131 255 1
131 263 1
131 282 1
131 297 1
131 329 1
131 333 1
131 341 1
131 381 1
131 439 1
131 444 1
131 522 1
131 553 1
131 566 1
131 568 1
131 576 1
131 581 1
131 616 1
131 640 1
131 676 1
131 715 1
131 776 1
131 788 1
131 798 1
131 809 1
131 819 1
131 836 1
131 858 1
131 936 1
131 959 1
131 969 1
131 970 1
131 996 1
132 165 1
132 183 1
132 190 1
132 198 1
132 211 1
132 235 1
132 262 1
132 281 1
132 318 1
132 330 1
132 336 1
132 372 1
132 397 1
132 402 1
132 428 1
132 436 1
132 441 1
132 445 1
132 464 1
132 526 1
132 531 1
132 549 1
132 578 1
132 595 1
132 621 1
132 651 1
132 664 1
132 678 1
132 712 1
132 716 1
132 723 1
132 737 1
132 773 1
132 786 1
132 792 1
132 794 1
132 802 1
132 898 1
132 917 1
132 933 1
132 956 1
132 967 1
132 998 1
133 149 1
133 159 1
133 180 1
133 195 1
133 257 1
133 265 1
133 281 1
133 289 1
133 294 1
133 308 1
133 330 1
133 372 1
133 373 1
133 383 1
133 387 1
133 404 1
133 413 1
133 425 1
133 460 1
133 470 1
133 475 1
133 485 1
133 503 1
133 514 1
133 537 1
133 546 1
133 583 1
133 620 1
133 640 1
133 649 1
133 667 1
133 672 1
133 681 1
133 695 1
133 696 1
133 730 1
133 745 1
133 770 1
133 773 1
133 780 1
133 781 1
133 794 1
133 823 1
133 827 1
133 835 1
133 843 1
133 851 1
133 864 1
133 866 1
133 905 1
133 912 1
133 956 1
133 985 1
134 142 1
134 170 1
134 262 1
134 287 1
134 294 1
134 353 1
134 361 1
134 461 1
134 463 1
134 464 1
134 475 1
134 626 1
134 634 1
134 646 1
134 651 1
134 664 1
134 675 1
134 688 1
134 710 1
134 744 1
134 775 1
134 804 1
134 820 1
134 826 1
134 846 1
134 853 1
134 863 1
134 909 1
134 922 1
134 937 1
134 955 1
134 956 1
134 957 1
134 998 1
135 141 1
135 157 1
135 214 1
135 215 1
135 239 1
135 270 1
135 306 1
135 317 1
135 400 1
135 423 1
135 448 1
135 466 1
135 486 1
135 487 1
135 490 1
135 499 1
135 509 1
135 511 1
135 548 1
135 554 1
135 568 1
135 575 1
135 587 1
135 618 1
135 626 1
135 653 1
135 658 1
135 667 1
135 690 1
135 699 1
135 725 1
135 751 1
135 754 1
135 756 1
135 765 1
135 771 1
135 801 1
135 823 1
135 840 1
135 872 1
135 896 1
135 904 1
135 922 1
135 924 1
135 950 1
135 953 1
135 969 1
135 995 1
136 140 1
136 208 1
136 210 1
136 216 1
136 226 1
136 248 1
136 251 1
136 286 1
136 314 1
136 319 1
136 344 1
136 356 1
136 357 1
136 364 1
136 396 1
136 422 1
136 445 1
136 464 1
136 465 1
136 469 1
136 494 1
136 495 1
136 534 1
136 564 1
136 576 1
136 583 1
136 597 1
136 611 1
136 696 1
136 703 1
136 721 1
136 759 1
136 828 1
136 830 1
136 839 1
136 841 1
136 882 1
136 908 1
136 911 1
136 939 1
136 970 1
136 984 1
136 988 1
137 144 1
137 161 1
137 198 1
137 199 1
137 202 1
137 278 1
137 285 1
137 384 1
137 416 1
137 421 1
137 441 1
137 487 1
137 492 1
137 493 1
137 502 1
137 517 1
137 533 1
137 535 1
137 547 1
137 554 1
137 574 1
137 628 1
137 631 1
137 634 1
137 645 1
137 654 1
137 660 1
137 675 1
137 696 1
137 723 1
137 746 1
137 782 1
137 822 1
137 836 1
137 852 1
137 866 1
137 884 1
137 964 1
137 975 1
137 994 1
138 167 1
138 176 1
138 183 1
138 220 1
138 221 1
138 246 1
138 249 1
138 300 1
138 332 1
138 359 1
138 366 1
138 376 1
138 381 1
138 454 1
138 475 1
138 513 1
138 547 1
138 615 1
138 621 1
138 629 1
138 662 1
138 670 1
138 686 1
138 703 1
138 725 1
138 739 1
138 745 1
138 763 1
138 773 1
138 788 1
138 795 1
138 831 1
138 852 1
138 862 1
138 882 1
138 914 1
138 933 1
138 943 1
138 944 1
138 946 1
138 978 1
138 979 1
138 982 1
139 148 1
139 171 1
139 181 1
139 182 1
139 238 1
139 277 1
139 278 1
139 303 1
139 313 1
139 328 1
139 339 1
139 392 1
139 432 1
139 500 1
139 594 1
139 603 1
139 606 1
139 624 1
139 657 1
139 698 1
139 773 1
139 778 1
139 779 1
139 780 1
139 832 1
139 873 1
139 917 1
139 948 1
139 965 1
139 978 1
139 985 1
139 986 1
139 989 1
139 990 1
139 991 1
139 996 1
139 998 1
140 148 1
140 150 1
140 168 1
140 199 1
140 203 1
140 221 1
140 313 1
140 314 1
140 317 1
140 370 1
140 378 1
140 382 1
140 416 1
140 417 1
140 441 1
140 446 1
140 450 1
140 462 1
140 477 1
140 496 1
140 498 1
140 510 1
140 521 1
140 546 1
140 553 1
140 560 1
140 564 1
140 575 1
140 618 1
140 632 1
140 660 1
140 670 1
140 682 1
140 701 1
140 704 1
140 730 1
140 744 1
140 747 1
140 777 1
140 825 1
140 842 1
140 843 1
140 889 1
140 898 1
140 903 1
140 905 1
140 915 1
140 932 1
140 980 1
140 983 1
141 152 1
141 163 1
141 172 1
141 179 1
141 197 1
141 220 1
141 235 1
141 240 1
141 242 1
141 249 1
141 254 1
141 274 1
141 284 1
141 309 1
141 340 1
141 350 1
141 366 1
141 371 1
141 380 1
141 433 1
141 441 1
141 483 1
141 493 1
141 503 1
141 517 1
141 521 1
141 559 1
141 564 1
141 585 1
141 598 1
141 615 1
141 616 1
141 625 1
141 644 1
141 645 1
141 715 1
141 744 1
141 753 1
141 767 1
141 804 1
141 808 1
141 830 1
141 862 1
141 867 1
141 905 1
141 941 1
141 950 1
141 953 1
141 973 1
141 979 1
141 989 1
142 149 1
142 194 1
142 228 1
142 261 1
142 272 1
142 314 1
142 316 1
142 317 1
142 318 1
142 334 1
142 344 1
142 352 1
142 360 1
142 377 1
142 381 1
142 403 1
142 410 1
142 420 1
142 433 1
142 442 1
142 479 1
142 490 1
142 498 1
142 506 1
142 521 1
142 600 1
142 618 1
142 649 1
142 652 1
142 658 1
142 660 1
142 711 1
142 828 1
142 858 1
142 866 1
142 910 1
142 945 1
142 967 1
142 972 1
142 984 1
143 149 1
143 203 1
143 211 1
143 259 1
143 313 1
143 337 1
143 361 1
143 466 1
143 510 1
143 517 1
143 525 1
143 538 1
143 540 1
143 546 1
143 567 1
143 569 1
143 574 1
143 581 1
143 677 1
143 697 1
143 705 1
143 726 1
143 752 1
143 753 1
143 755 1
143 834 1
143 838 1
143 839 1
143 850 1
143 868 1
143 902 1
143 910 1
143 924 1
143 959 1
143 962 1
143 979 1
143 988 1
143 994 1
143 997 1
143 998 1
144 151 1
144 180 1
144 191 1
144 199 1
144 234 1
144 257 1
144 290 1
144 292 1
144 323 1
144 341 1
144 344 1
144 368 1
144 381 1
144 391 1
144 394 1
144 412 1
144 443 1
144 465 1
144 496 1
144 501 1
144 503 1
144 526 1
144 539 1
144 582 1
144 595 1
144 596 1
144 622 1
144 636 1
144 681 1
144 706 1
144 712 1
144 733 1
144 752 1
144 757 1
144 768 1
144 817 1
144 849 1
144 850 1
144 874 1
144 894 1
144 936 1
144 939 1
144 940 1
144 959 1
144 983 1
145 181 1
145 190 1
145 199 1
145 212 1
145 218 1
145 249 1
145 307 1
145 308 1
145 311 1
145 319 1
145 351 1
145 366 1
145 386 1
145 393 1
145 432 1
145 464 1
145 473 1
145 480 1
145 492 1
145 496 1
145 507 1
145 525 1
145 558 1
145 570 1
145 587 1
145 597 1
145 599 1
145 600 1
145 617 1
145 619 1
145 666 1
145 695 1
145 713 1
145 721 1
145 756 1
145 772 1
145 791 1
145 799 1
145 803 1
145 846 1
145 847 1
145 851 1
145 860 1
145 901 1
145 910 1
145 919 1
145 929 1
145 939 1
145 984 1
145 985 1
146 192 1
146 200 1
146 217 1
146 266 1
146 277 1
146 293 1
146 298 1
146 338 1
146 362 1
146 396 1
146 409 1
146 493 1
146 520 1
146 526 1
146 534 1
146 543 1
146 553 1
146 575 1
146 613 1
146 623 1
146 642 1
146 724 1
146 788 1
146 805 1
146 806 1
146 823 1
146 831 1
146 849 1
146 862 1
146 876 1
146 882 1
146 884 1
146 888 1
146 913 1
146 950 1
146 951 1
146 978 1
147 307 1
147 345 1
147 392 1
147 467 1
147 469 1
147 479 1
147 483 1
147 497 1
147 512 1
147 545 1
147 572 1
147 594 1
147 630 1
147 643 1
147 650 1
147 659 1
147 701 1
147 755 1
147 760 1
147 769 1
147 800 1
147 819 1
147 834 1
147 835 1
147 848 1
147 857 1
147 871 1
147 892 1
147 911 1
147 932 1
147 955 1
147 970 1
147 979 1
148 157 1
148 159 1
148 165 1
148 174 1
148 186 1
148 223 1
148 232 1
148 251 1
148 271 1
148 273 1
148 274 1
148 277 1
148 288 1
148 289 1
148 319 1
148 349 1
148 401 1
148 420 1
148 442 1
148 448 1
148 499 1
148 504 1
148 562 1
148 566 1
148 572 1
148 588 1
148 590 1
148 605 1
148 612 1
148 613 1
148 615 1
148 621 1
148 643 1
148 665 1
148 678 1
148 714 1
148 724 1
148 743 1
148 749 1
148 770 1
148 778 1
148 827 1
148 875 1
148 892 1
148 931 1
148 945 1
148 962 1
148 973 1
149 151 1
149 168 1
149 192 1
149 196 1
149 198 1
149 226 1
149 236 1
149 308 1
149 328 1
149 335 1
149 362 1
149 366 1
149 401 1
149 442 1
149 452 1
149 465 1
149 523 1
149 544 1
149 552 1
149 564 1
149 583 1
149 585 1
149 606 1
149 609 1
149 698 1
149 725 1
149 732 1
149 739 1
149 747 1
149 755 1
149 766 1
149 785 1
149 799 1
149 809 1
149 877 1
149 923 1
149 926 1
149 953 1
149 966 1
149 967 1
149 981 1
149 992 1
150 152 1
150 155 1
150 161 1
150 200 1
150 242 1
150 243 1
150 246 1
150 258 1
150 261 1
150 284 1
150 302 1
150 371 1
150 400 1
150 427 1
150 435 1
150 437 1
150 456 1
150 481 1
150 496 1
150 521 1
150 528 1
150 572 1
150 577 1
150 597 1
150 601 1
150 620 1
150 652 1
150 661 1
150 662 1
150 682 1
150 709 1
150 728 1
150 742 1
150 780 1
150 805 1
150 833 1
150 834 1
150 838 1
150 850 1
150 851 1
150 863 1
150 867 1
150 882 1
150 894 1
150 908 1
150 950 1
150 960 1
151 180 1
151 185 1
151 201 1
151 238 1
151 246 1
151 248 1
151 276 1
151 279 1
151 306 1
151 311 1
151 331 1
151 379 1
151 418 1
151 445 1
151 454 1
151 534 1
151 580 1
151 594 1
151 614 1
151 638 1
151 654 1
151 661 1
151 688 1
151 689 1
151 696 1
151 700 1
151 727 1
151 732 1
151 754 1
151 767 1
151 804 1
151 808 1
151 837 1
151 859 1
151 869 1
151 893 1
151 919 1
151 940 1
151 945 1
151 958 1
152 166 1
152 174 1
152 186 1
152 210 1
152 221 1
152 222 1
152 257 1
152 277 1
152 291 1
152 309 1
152 352 1
152 353 1
152 356 1
152 387 1
152 403 1
152 436 1
152 495 1
152 502 1
152 533 1
152 609 1
152 649 1
152 753 1
152 804 1
152 830 1
152 833 1
152 856 1
152 890 1
152 914 1
152 965 1
152 977 1
152 997 1
153 171 1
153 177 1
153 185 1
153 242 1
153 272 1
153 318 1
153 334 1
153 337 1
153 345 1
153 385 1
153 452 1
153 478 1
153 485 1
153 521 1
153 536 1
153 542 1
153 557 1
153 609 1
153 623 1
153 625 1
153 642 1
153 720 1
153 751 1
153 756 1
153 771 1
153 812 1
153 846 1
153 871 1
153 886 1
153 927 1
153 928 1
153 966 1
153 974 1
153 976 1
153 980 1
154 168 1
154 181 1
154 202 1
154 207 1
154 213 1
154 236 1
154 285 1
154 326 1
154 336 1
154 365 1
154 391 1
154 403 1
154 415 1
154 435 1
154 453 1
154 458 1
154 482 1
154 493 1
154 543 1
154 573 1
154 590 1
154 602 1
154 603 1
154 609 1
154 620 1
154 635 1
154 649 1
154 673 1
154 715 1
154 721 1
154 726 1
154 758 1
154 846 1
154 891 1
154 897 1
154 900 1
154 927 1
154 928 1
154 940 1
155 160 1
155 163 1
155 207 1
155 225 1
155 235 1
155 244 1
155 246 1
155 263 1
155 268 1
155 304 1
155 376 1
155 391 1
155 395 1
155 423 1
155 428 1
155 524 1
155 559 1
155 602 1
155 610 1
155 698 1
155 708 1
155 718 1
155 737 1
155 792 1
155 827 1
155 858 1
155 875 1
155 918 1
155 922 1
155 961 1
155 963 1
155 979 1
156 199 1
156 200 1
156 307 1
156 343 1
156 359 1
156 365 1
156 430 1
156 441 1
156 451 1
156 452 1
156 460 1
156 472 1
156 480 1
156 499 1
156 521 1
156 556 1
156 563 1
156 564 1
156 577 1
156 583 1
156 600 1
156 602 1
156 632 1
156 649 1
156 665 1
156 689 1
156 700 1
156 712 1
156 718 1
156 731 1
156 757 1
156 763 1
156 811 1
156 819 1
156 832 1
156 891 1
156 894 1
156 896 1
156 909 1
156 935 1
156 947 1
156 950 1
156 965 1
156 981 1
157 181 1
157 211 1
157 236 1
157 239 1
157 244 1
157 257 1
157 271 1
157 348 1
157 375 1
157 376 1
157 384 1
157 396 1
157 407 1
157 426 1
157 501 1
157 508 1
157 535 1
157 557 1
157 626 1
157 643 1
157 664 1
157 668 1
157 682 1
157 727 1
157 753 1
157 771 1
157 777 1
157 804 1
157 811 1
157 815 1
157 848 1
157 874 1
157 887 1
157 903 1
157 913 1
157 921 1
157 954 1
158 181 1
158 208 1
158 218 1
158 234 1
158 237 1
158 242 1
158 277 1
158 314 1
158 340 1
158 353 1
158 362 1
158 372 1
158 437 1
158 481 1
158 487 1
158 520 1
158 533 1
158 551 1
158 553 1
158 578 1
158 633 1
158 657 1
158 670 1
158 676 1
158 678 1
158 679 1
158 711 1
158 714 1
158 738 1
158 744 1
158 761 1
158 803 1
158 813 1
158 818 1
158 838 1
158 853 1
158 884 1
158 890 1
158 912 1
158 927 1
158 928 1
158 962 1
158 964 1
158 969 1
158 984 1
158 987 1
159 188 1
159 194 1
159 200 1
159 223 1
159 268 1
159 287 1
159 295 1
159 318 1
159 342 1
159 359 1
159 380 1
159 382 1
159 401 1
159 439 1
159 443 1
159 476 1
159 523 1
159 533 1
159 537 1
159 566 1
159 573 1
159 603 1
159 628 1
159 655 1
159 666 1
159 677 1
159 691 1
159 714 1
159 723 1
159 763 1
159 830 1
159 878 1
159 886 1
159 896 1
159 905 1
159 921 1
159 941 1
159 948 1
159 977 1
159 979 1
159 993 1
159 999 1
160 181 1
160 185 1
160 217 1
160 229 1
160 268 1
160 321 1
160 323 1
160 329 1
160 333 1
160 345 1
160 374 1
160 378 1
160 387 1
160 392 1
160 433 1
160 463 1
160 469 1
160 521 1
160 535 1
160 554 1
160 566 1
160 583 1
160 586 1
160 601 1
160 645 1
160 654 1
160 655 1
160 658 1
160 751 1
160 773 1
160 784 1
160 827 1
160 830 1
160 862 1
160 897 1
160 899 1
160 920 1
160 957 1
160 962 1
160 972 1
160 979 1
161 209 1
161 258 1
161 271 1
161 307 1
161 316 1
161 375 1
161 381 1
161 387 1
161 397 1
161 402 1
161 414 1
161 438 1
161 455 1
161 459 1
161 471 1
161 474 1
161 481 1
161 501 1
161 522 1
161 532 1
161 546 1
161 574 1
161 618 1
161 644 1
161 657 1
161 665 1
161 671 1
161 695 1
161 734 1
161 763 1
161 766 1
161 802 1
161 833 1
161 835 1
161 844 1
161 864 1
161 874 1
161 875 1
161 947 1
161 958 1
161 978 1
162 167 1
162 206 1
162 237 1
162 243 1
162 257 1
162 282 1
162 297 1
162 298 1
162 299 1
162 320 1
162 324 1
162 335 1
162 345 1
162 354 1
162 395 1
162 440 1
162 443 1
162 448 1
162 518 1
162 555 1
162 600 1
162 617 1
162 620 1
162 658 1
162 661 1
162 683 1
162 698 1
162 734 1
162 745 1
162 757 1
162 797 1
162 808 1
162 826 1
162 834 1
162 842 1
162 853 1
162 856 1
162 857 1
162 896 1
162 904 1
162 931 1
162 942 1
162 960 1
162 985 1
163 213 1
163 214 1
163 224 1
163 256 1
163 307 1
163 319 1
163 329 1
163 380 1
163 385 1
163 410 1
163 436 1
163 451 1
163 459 1
163 478 1
163 506 1
163 527 1
163 555 1
163 566 1
163 587 1
163 664 1
163 674 1
163 681 1
163 697 1
163 708 1
163 709 1
163 718 1
163 731 1
163 753 1
163 774 1
163 780 1
163 796 1
163 797 1
163 862 1
163 878 1
163 881 1
163 888 1
163 892 1
163 909 1
163 916 1
163 921 1
163 936 1
163 953 1
163 959 1
163 995 1
163 999 1
164 237 1
164 244 1
164 259 1
164 281 1
164 312 1
164 313 1
164 319 1
164 329 1
164 360 1
164 385 1
164 417 1
164 429 1
164 442 1
164 457 1
164 461 1
164 467 1
164 469 1
164 482 1
164 486 1
164 527 1
164 585 1
164 611 1
164 613 1
164 617 1
164 618 1
164 631 1
164 656 1
164 669 1
164 675 1
164 713 1
164 740 1
164 803 1
164 828 1
164 852 1
164 862 1
164 943 1
164 990 1
165 176 1
165 209 1
165 215 1
165 220 1
165 221 1
165 242 1
165 257 1
165 270 1
165 285 1
165 320 1
165 341 1
165 342 1
165 354 1
165 356 1
165 414 1
165 424 1
165 427 1
165 461 1
165 463 1
165 468 1
165 492 1
165 534 1
165 544 1
165 596 1
165 598 1
165 604 1
165 628 1
165 660 1
165 673 1
165 682 1
165 694 1
165 729 1
165 742 1
165 743 1
165 776 1
165 786 1
165 790 1
165 809 1
165 811 1
165 867 1
165 906 1
165 920 1
165 942 1
165 956 1
165 967 1
165 990 1
165 995 1
166 168 1
166 217 1
166 223 1
166 233 1
166 272 1
166 279 1
166 291 1
166 305 1
166 357 1
166 360 1
166 367 1
166 376 1
166 414 1
166 434 1
166 444 1
166 445 1
166 451 1
166 467 1
166 474 1
166 502 1
166 535 1
166 546 1
166 564 1
166 572 1
166 577 1
166 591 1
166 593 1
166 617 1
166 641 1
166 652 1
166 654 1
166 740 1
166 773 1
166 801 1
166 804 1
166 830 1
166 837 1
166 842 1
166 865 1
166 895 1
166 902 1
166 910 1
166 921 1
166 956 1
167 168 1
167 189 1
167 208 1
167 223 1
167 227 1
167 244 1
167 266 1
167 275 1
167 277 1
167 278 1
167 321 1
167 354 1
167 378 1
167 419 1
167 459 1
167 474 1
167 491 1
167 492 1
167 502 1
167 598 1
167 600 1
167 610 1
167 613 1
167 635 1
167 665 1
167 667 1
167 679 1
167 688 1
167 689 1
167 739 1
167 741 1
167 780 1
167 818 1
167 842 1
167 845 1
167 857 1
167 879 1
167 896 1
167 898 1
167 943 1
167 954 1
167 993 1
168 173 1
168 174 1
168 193 1
168 198 1
168 212 1
168 223 1
168 237 1
168 245 1
168 263 1
168 267 1
168 295 1
168 352 1
168 368 1
168 382 1
168 398 1
168 400 1
168 412 1
168 475 1
168 481 1
168 514 1
168 553 1
168 560 1
168 585 1
168 587 1
168 658 1
168 676 1
168 713 1
168 739 1
168 751 1
168 753 1
168 766 1
168 769 1
168 775 1
168 791 1
168 801 1
168 836 1
168 863 1
168 866 1
168 914 1
168 921 1
168 945 1
168 950 1
169 185 1
169 186 1
169 204 1
169 208 1
169 216 1
169 226 1
169 235 1
169 281 1
169 285 1
169 299 1
169 306 1
169 354 1
169 365 1
169 386 1
169 433 1
169 443 1
169 444 1
169 472 1
169 492 1
169 504 1
169 512 1
169 527 1
169 537 1
169 541 1
169 543 1
169 580 1
169 586 1
169 599 1
169 608 1
169 644 1
169 657 1
169 663 1
169 670 1
169 685 1
169 713 1
169 720 1
169 738 1
169 768 1
169 817 1
169 857 1
169 860 1
169 896 1
169 915 1
169 929 1
170 174 1
170 182 1
170 232 1
170 238 1
170 241 1
170 279 1
170 290 1
170 291 1
170 305 1
170 306 1
170 320 1
170 327 1
170 333 1
170 337 1
170 350 1
170 395 1
170 402 1
170 403 1
170 418 1
170 420 1
170 444 1
170 480 1
170 482 1
170 570 1
170 590 1
170 628 1
170 688 1
170 697 1
170 733 1
170 734 1
170 771 1
170 792 1
170 812 1
170 827 1
170 890 1
170 895 1
170 910 1
170 976 1
170 981 1
170 990 1
170 1000 1
171 250 1
171 300 1
171 308 1
171 309 1
171 341 1
171 354 1
171 383 1
171 388 1
171 397 1
171 399 1
171 410 1
171 432 1
171 433 1
171 516 1
171 524 1
171 555 1
171 591 1
171 613 1
171 614 1
171 629 1
171 637 1
171 674 1
171 737 1
171 739 1
171 744 1
171 775 1
171 844 1
171 907 1
171 927 1
171 954 1
171 961 1
171 967 1
171 971 1
172 224 1
172 256 1
172 262 1
172 314 1
172 318 1
172 322 1
172 332 1
172 352 1
172 356 1
172 357 1
172 373 1
172 384 1
172 392 1
172 394 1
172 409 1
172 434 1
172 442 1
172 463 1
172 473 1
172 477 1
172 530 1
172 563 1
172 585 1
172 593 1
172 601 1
172 611 1
172 698 1
172 721 1
172 777 1
172 822 1
172 893 1
172 911 1
172 926 1
172 948 1
172 999 1
173 188 1
173 199 1
173 212 1
173 223 1
173 229 1
173 234 1
173 259 1
173 263 1
173 281 1
173 291 1
173 306 1
173 327 1
173 373 1
173 425 1
173 501 1
173 517 1
173 528 1
173 554 1
173 615 1
173 684 1
173 686 1
173 687 1
173 723 1
173 724 1
173 736 1
173 746 1
173 753 1
173 756 1
173 808 1
173 826 1
173 842 1
173 851 1
173 865 1
173 872 1
173 918 1
174 177 1
174 206 1
174 281 1
174 310 1
174 314 1
174 318 1
174 325 1
174 343 1
174 351 1
174 380 1
174 408 1
174 436 1
174 450 1
174 462 1
174 475 1
174 503 1
174 509 1
174 542 1
174 546 1
174 566 1
174 576 1
174 650 1
174 700 1
174 703 1
174 711 1
174 718 1
174 727 1
174 754 1
174 761 1
174 771 1
174 782 1
174 808 1
174 819 1
174 884 1
174 900 1
174 910 1
174 923 1
174 936 1
174 948 1
175 226 1
175 241 1
175 283 1
175 319 1
175 335 1
175 417 1
175 505 1
175 557 1
175 567 1
175 593 1
175 607 1
175 618 1
175 629 1
175 655 1
175 669 1
175 674 1
175 706 1
175 725 1
175 751 1
175 758 1
175 771 1
175 817 1
175 828 1
175 853 1
175 864 1
175 880 1
175 908 1
175 924 1
175 928 1
175 933 1
175 939 1
175 945 1
175 958 1
176 183 1
176 184 1
176 208 1
176 245 1
176 247 1
176 259 1
176 305 1
176 362 1
176 400 1
176 425 1
176 438 1
176 467 1
176 490 1
176 556 1
176 568 1
176 569 1
176 572 1
176 581 1
176 595 1
176 646 1
176 697 1
176 700 1
176 723 1
176 754 1
176 762 1
176 782 1
176 817 1
176 854 1
176 875 1
176 893 1
176 897 1
176 913 1
176 920 1
176 936 1
176 941 1
176 951 1
176 956 1
176 963 1
177 181 1
177 215 1
177 246 1
177 250 1
177 298 1
177 301 1
177 305 1
177 325 1
177 330 1
177 389 1
177 432 1
177 438 1
177 443 1
177 450 1
177 472 1
177 483 1
177 488 1
177 490 1
177 522 1
177 535 1
177 551 1
177 560 1
177 593 1
177 604 1
177 605 1
177 626 1
177 636 1
177 643 1
177 647 1
177 653 1
177 658 1
177 667 1
177 719 1
177 739 1
177 752 1
177 759 1
177 763 1
177 780 1
177 795 1
177 840 1
177 873 1
177 886 1
177 920 1
177 947 1
177 955 1
177 969 1
177 974 1
177 977 1
177 978 1
178 185 1
178 213 1
178 216 1
178 225 1
178 270 1
178 275 1
178 283 1
178 295 1
178 324 1
178 375 1
178 379 1
178 433 1
178 456 1
178 498 1
178 500 1
178 512 1
178 520 1
178 597 1
178 634 1
178 640 1
178 641 1
178 655 1
178 680 1
178 686 1
178 706 1
178 742 1
178 743 1
178 770 1
178 771 1
178 823 1
178 826 1
178 833 1
178 841 1
178 869 1
178 897 1
178 917 1
178 934 1
178 966 1
178 968 1
179 185 1
179 242 1
179 249 1
179 254 1
179 297 1
179 302 1
179 345 1
179 376 1
179 401 1
179 402 1
179 404 1
179 424 1
179 428 1
179 441 1
179 466 1
179 475 1
179 483 1
179 505 1
179 607 1
179 608 1
179 614 1
179 619 1
179 631 1
179 653 1
179 681 1
179 695 1
179 700 1
179 720 1
179 723 1
179 727 1
179 731 1
179 743 1
179 772 1
179 786 1
179 789 1
179 811 1
179 817 1
179 826 1
179 828 1
179 873 1
179 875 1
179 896 1
179 904 1
179 937 1
179 942 1
179 984 1
179 989 1
179 997 1
180 192 1
180 209 1
180 248 1
180 309 1
180 328 1
180 332 1
180 359 1
180 365 1
180 408 1
180 438 1
180 456 1
180 479 1
180 480 1
180 489 1
180 505 1
180 530 1
180 553 1
180 572 1
180 641 1
180 668 1
180 669 1
180 672 1
180 699 1
180 702 1
180 712 1
180 717 1
180 729 1
180 760 1
180 764 1
180 820 1
180 826 1
180 868 1
180 903 1
181 189 1
181 196 1
181 202 1
181 227 1
181 280 1
181 340 1
181 381 1
181 389 1
181 393 1
181 437 1
181 452 1
181 456 1
181 491 1
181 495 1
181 521 1
181 522 1
181 609 1
181 655 1
181 663 1
181 665 1
181 671 1
181 685 1
181 709 1
181 712 1
181 743 1
181 746 1
181 794 1
181 820 1
181 846 1
181 852 1
181 853 1
181 856 1
181 858 1
181 860 1
181 876 1
181 899 1
181 921 1
181 927 1
181 931 1
181 952 1
181 977 1
181 988 1
182 185 1
182 194 1
182 198 1
182 205 1
182 270 1
182 275 1
182 289 1
182 335 1
182 388 1
182 392 1
182 417 1
182 443 1
182 452 1
182 456 1
182 467 1
182 476 1
182 479 1
182 486 1
182 520 1
182 546 1
182 572 1
182 598 1
182 627 1
182 674 1
182 678 1
182 681 1
182 702 1
182 710 1
182 713 1
182 732 1
182 742 1
182 748 1
182 759 1
182 806 1
182 831 1
182 873 1
182 874 1
182 876 1
182 919 1
182 940 1
182 948 1
182 988 1
183 184 1
183 188 1
183 194 1
183 261 1
183 290 1
183 306 1
183 321 1
183 327 1
183 362 1
183 363 1
183 373 1
183 382 1
183 401 1
183 426 1
183 435 1
183 463 1
183 465 1
183 471 1
183 476 1
183 494 1
183 524 1
183 562 1
183 564 1
183 569 1
183 593 1
183 600 1
183 601 1
183 660 1
183 701 1
183 728 1
183 732 1
183 751 1
183 775 1
183 789 1
183 858 1
183 880 1
183 919 1
183 955 1
183 978 1
183 983 1
183 997 1
184 189 1
184 215 1
184 221 1
184 237 1
184 258 1
184 271 1
184 294 1
184 310 1
184 335 1
184 365 1
184 380 1
184 389 1
184 418 1
184 445 1
184 449 1
184 452 1
184 456 1
184 459 1
184 463 1
184 482 1
184 486 1
184 521 1
184 523 1
184 549 1
184 559 1
184 583 1
184 602 1
184 639 1
184 651 1
184 667 1
184 704 1
184 729 1
184 752 1
184 757 1
184 760 1
184 767 1
184 773 1
184 795 1
184 828 1
184 830 1
184 840 1
184 864 1
184 881 1
184 942 1
184 944 1
184 952 1
185 195 1
185 238 1
185 297 1
185 305 1
185 329 1
185 340 1
185 353 1
185 376 1
185 379 1
185 381 1
185 409 1
185 434 1
185 436 1
185 441 1
185 446 1
185 447 1
185 448 1
185 454 1
185 455 1
185 499 1
185 503 1
185 585 1
185 603 1
185 608 1
185 613 1
185 619 1
185 640 1
185 689 1
185 721 1
185 739 1
185 761 1
185 764 1
185 781 1
185 783 1
185 809 1
185 821 1
185 859 1
185 885 1
185 888 1
185 890 1
185 899 1
185 933 1
185 946 1
185 978 1
186 199 1
186 204 1
186 215 1
186 226 1
186 229 1
186 250 1
186 254 1
186 255 1
186 262 1
186 264 1
186 282 1
186 313 1
186 353 1
186 389 1
186 401 1
186 424 1
186 435 1
186 489 1
186 535 1
186 556 1
186 571 1
186 574 1
186 663 1
186 680 1
186 684 1
186 701 1
186 714 1
186 726 1
186 773 1
186 803 1
186 805 1
186 820 1
186 859 1
186 866 1
186 892 1
186 903 1
186 920 1
186 931 1
186 972 1
186 981 1
186 991 1
187 233 1
187 241 1
187 245 1
187 263 1
187 271 1
187 286 1
187 290 1
187 300 1
187 311 1
187 312 1
187 338 1
187 350 1
187 359 1
187 374 1
187 382 1
187 387 1
187 390 1
187 394 1
187 409 1
187 433 1
187 458 1
187 461 1
187 478 1
187 520 1
187 523 1
187 589 1
187 590 1
187 605 1
187 630 1
187 631 1
187 638 1
187 729 1
187 735 1
187 763 1
187 772 1
187 777 1
187 824 1
187 849 1
187 854 1
187 863 1
187 878 1
187 926 1
187 933 1
187 941 1
187 943 1
187 955 1
187 967 1
187 973 1
187 974 1
188 204 1
188 273 1
188 296 1
188 297 1
188 344 1
188 361 1
188 385 1
188 410 1
188 480 1
188 485 1
188 502 1
188 553 1
188 587 1
188 594 1
188 607 1
188 630 1
188 638 1
188 644 1
188 700 1
188 725 1
188 733 1
188 746 1
188 761 1
188 819 1
188 881 1
188 884 1
188 905 1
188 918 1
188 929 1
188 931 1
188 948 1
188 977 1
188 996 1
189 193 1
189 196 1
189 260 1
189 263 1
189 294 1
189 314 1
189 315 1
189 346 1
189 377 1
189 420 1
189 443 1
189 453 1
189 456 1
189 464 1
189 488 1
189 511 1
189 516 1
189 557 1
189 560 1
189 568 1
189 577 1
189 597 1
189 605 1
189 663 1
189 680 1
189 707 1
189 753 1
189 775 1
189 781 1
189 817 1
189 834 1
189 839 1
189 840 1
189 859 1
189 885 1
189 915 1
189 919 1
190 237 1
190 276 1
190 324 1
190 325 1
190 331 1
190 332 1
190 365 1
190 393 1
190 403 1
190 404 1
190 431 1
190 459 1
190 485 1
190 508 1
190 512 1
190 515 1
190 551 1
190 552 1
190 556 1
190 567 1
190 573 1
190 611 1
190 614 1
190 619 1
190 636 1
190 637 1
190 643 1
190 650 1
190 651 1
190 683 1
190 718 1
190 721 1
190 725 1
190 746 1
190 748 1
190 762 1
190 769 1
190 786 1
190 814 1
190 830 1
190 924 1
190 930 1
190 963 1
190 981 1
191 216 1
191 250 1
191 284 1
191 295 1
191 315 1
191 340 1
191 352 1
191 374 1
191 380 1
191 394 1
191 397 1
191 401 1
191 404 1
191 410 1
191 414 1
191 492 1
191 507 1
191 512 1
191 546 1
191 550 1
191 570 1
191 604 1
191 657 1
191 666 1
191 712 1
191 752 1
191 789 1
191 816 1
191 860 1
191 893 1
191 917 1
191 928 1
191 933 1
191 935 1
191 957 1
191 967 1
192 212 1
192 214 1
192 224 1
192 226 1
192 244 1
192 247 1
192 270 1
192 273 1
192 288 1
192 300 1
192 306 1
192 322 1
192 372 1
192 376 1
192 404 1
192 417 1
192 424 1
192 445 1
192 494 1
192 497 1
192 507 1
192 528 1
192 530 1
192 543 1
192 572 1
192 595 1
192 608 1
192 618 1
192 639 1
192 646 1
192 667 1
192 690 1
192 712 1
192 727 1
192 805 1
192 828 1
192 845 1
192 854 1
192 896 1
192 937 1
192 997 1
193 211 1
193 218 1
193 242 1
193 245 1
193 264 1
193 285 1
193 320 1
193 321 1
193 353 1
193 428 1
193 431 1
193 450 1
193 463 1
193 471 1
193 477 1
193 478 1
193 492 1
193 515 1
193 575 1
193 601 1
193 631 1
193 644 1
193 650 1
193 669 1
193 701 1
193 723 1
193 756 1
193 770 1
193 799 1
193 805 1
193 814 1
193 836 1
193 850 1
193 875 1
193 876 1
193 884 1
193 887 1
193 913 1
193 917 1
193 927 1
193 953 1
193 965 1
193 976 1
193 980 1
194 200 1
194 203 1
194 217 1
194 237 1
194 240 1
194 282 1
194 288 1
194 351 1
194 370 1
194 371 1
194 407 1
194 420 1
194 444 1
194 446 1
194 448 1
194 465 1
194 468 1
194 525 1
194 535 1
194 550 1
194 573 1
194 604 1
194 648 1
194 654 1
194 663 1
194 743 1
194 748 1
194 774 1
194 810 1
194 829 1
194 858 1
194 920 1
194 925 1
194 975 1
195 225 1
195 244 1
195 261 1
195 262 1
195 267 1
195 326 1
195 379 1
195 381 1
195 393 1
195 408 1
195 412 1
195 442 1
195 445 1
195 447 1
195 455 1
195 506 1
195 508 1
195 548 1
195 564 1
195 567 1
195 570 1
195 573 1
195 587 1
195 593 1
195 623 1
195 635 1
195 646 1
195 654 1
195 669 1
195 677 1
195 719 1
195 720 1
195 739 1
195 772 1
195 789 1
195 814 1
195 827 1
195 841 1
195 868 1
195 884 1
195 887 1
195 898 1
195 933 1
195 962 1
195 992 1
195 1000 1
196 208 1
196 234 1
196 249 1
196 257 1
196 264 1
196 330 1
196 341 1
196 348 1
196 399 1
196 406 1
196 422 1
196 433 1
196 483 1
196 500 1
196 506 1
196 519 1
196 542 1
196 562 1
196 575 1
196 608 1
196 614 1
196 662 1
196 664 1
196 667 1
196 676 1
196 699 1
196 768 1
196 774 1
196 783 1
196 818 1
196 821 1
196 861 1
196 870 1
196 871 1
196 911 1
196 912 1
196 968 1
197 272 1
197 290 1
197 292 1
197 293 1
197 336 1
197 352 1
197 370 1
197 399 1
197 418 1
197 430 1
197 507 1
197 535 1
197 544 1
197 589 1
197 590 1
197 632 1
197 638 1
197 660 1
197 668 1
197 669 1
197 680 1
197 735 1
197 762 1
197 792 1
197 819 1
197 822 1
197 829 1
197 838 1
197 850 1
197 858 1
197 869 1
197 873 1
197 882 1
197 900 1
197 910 1
197 920 1
197 924 1
197 926 1
197 930 1
197 935 1
197 959 1
198 208 1
198 225 1
198 250 1
198 276 1
198 295 1
198 304 1
198 315 1
198 350 1
198 371 1
198 376 1
198 379 1
198 450 1
198 454 1
198 467 1
198 523 1
198 525 1
198 554 1
198 560 1
198 616 1
198 627 1
198 630 1
198 653 1
198 659 1
198 695 1
198 713 1
198 728 1
198 744 1
198 758 1
198 780 1
198 781 1
198 793 1
198 803 1
198 811 1
198 860 1
198 871 1
198 902 1
198 912 1
198 929 1
198 952 1
198 957 1
198 983 1
198 984 1
198 997 1
199 202 1
199 216 1
199 230 1
199 352 1
199 370 1
199 394 1
199 396 1
199 449 1
199 459 1
199 529 1
199 550 1
199 577 1
199 597 1
199 606 1
199 625 1
199 639 1
199 653 1
199 691 1
199 695 1
199 709 1
199 710 1
199 716 1
199 719 1
199 734 1
199 754 1
199 755 1
199 757 1
199 762 1
199 775 1
199 776 1
199 786 1
199 791 1
199 814 1
199 833 1
199 860 1
199 874 1
199 890 1
199 940 1
200 202 1
200 219 1
200 223 1
200 238 1
200 249 1
200 252 1
200 275 1
200 287 1
200 296 1
200 339 1
200 355 1
200 409 1
200 453 1
200 463 1
200 484 1
200 487 1
200 526 1
200 581 1
200 635 1
200 639 1
200 676 1
200 677 1
200 722 1
200 747 1
200 749 1
200 760 1
200 763 1
200 771 1
200 774 1
200 784 1
200 791 1
200 804 1
200 816 1
200 817 1
200 828 1
200 837 1
200 838 1
200 858 1
200 877 1
200 881 1
200 886 1
200 893 1
200 918 1
200 939 1
200 943 1
200 963 1
200 986 1
201 222 1
201 231 1
201 244 1
201 251 1
201 291 1
201 305 1
201 309 1
201 369 1
201 377 1
201 383 1
201 395 1
201 402 1
201 411 1
201 412 1
201 420 1
201 437 1
201 478 1
201 479 1
201 507 1
201 515 1
201 601 1
201 631 1
201 635 1
201 642 1
201 652 1
201 657 1
201 710 1
201 711 1
201 763 1
201 794 1
201 807 1
201 809 1
201 824 1
201 878 1
201 891 1
201 917 1
201 923 1
201 950 1
201 953 1
202 287 1
202 327 1
202 361 1
202 375 1
202 389 1
202 390 1
202 457 1
202 528 1
202 541 1
202 543 1
202 557 1
202 574 1
202 588 1
202 595 1
202 625 1
202 652 1
202 654 1
202 656 1
202 682 1
202 729 1
202 741 1
202 765 1
202 777 1
202 790 1
202 798 1
202 812 1
202 834 1
202 844 1
202 868 1
202 873 1
202 885 1
202 905 1
202 944 1
202 952 1
202 957 1
202 996 1
202 1000 1
203 240 1
203 251 1
203 279 1
203 317 1
203 318 1
203 325 1
203 353 1
203 358 1
203 367 1
203 397 1
203 431 1
203 435 1
203 454 1
203 502 1
203 534 1
203 551 1
203 585 1
203 619 1
203 621 1
203 649 1
203 667 1
203 674 1
203 676 1
203 726 1
203 751 1
203 757 1
203 797 1
203 806 1
203 811 1
203 819 1
203 822 1
203 830 1
203 834 1
203 883 1
203 887 1
203 888 1
203 894 1
203 906 1
203 908 1
203 951 1
203 995 1
204 221 1
204 224 1
204 229 1
204 294 1
204 299 1
204 364 1
204 367 1
204 377 1
204 397 1
204 398 1
204 399 1
204 420 1
204 446 1
204 447 1
204 492 1
204 496 1
204 504 1
204 524 1
204 532 1
204 538 1
204 559 1
204 572 1
204 585 1
204 592 1
204 602 1
204 604 1
204 616 1
204 658 1
204 668 1
204 678 1
204 690 1
204 701 1
204 720 1
204 754 1
204 767 1
204 792 1
204 806 1
204 832 1
204 847 1
204 891 1
204 894 1
204 900 1
204 912 1
204 925 1
204 959 1
204 975 1
204 984 1
205 220 1
205 236 1
205 308 1
205 315 1
205 330 1
205 337 1
205 394 1
205 395 1
205 419 1
205 438 1
205 442 1
205 453 1
205 456 1
205 461 1
205 511 1
205 512 1
205 577 1
205 589 1
205 593 1
205 605 1
205 647 1
205 656 1
205 666 1
205 673 1
205 680 1
205 707 1
205 734 1
205 736 1
205 761 1
205 770 1
205 877 1
205 897 1
205 997 1
206 242 1
206 253 1
206 270 1
206 290 1
206 307 1
206 327 1
206 330 1
206 343 1
206 347 1
206 364 1
206 395 1
206 401 1
206 407 1
206 412 1
206 444 1
206 470 1
206 477 1
206 486 1
206 535 1
206 560 1
206 578 1
206 636 1
206 658 1
206 685 1
206 725 1
206 733 1
206 740 1
206 753 1
206 754 1
206 838 1
206 856 1
206 936 1
207 222 1
207 223 1
207 245 1
207 353 1
207 356 1
207 408 1
207 444 1
207 459 1
207 463 1
207 465 1
207 475 1
207 479 1
207 512 1
207 534 1
207 590 1
207 601 1
207 627 1
207 649 1
207 672 1
207 702 1
207 708 1
207 734 1
207 748 1
207 761 1
207 816 1
207 821 1
207 840 1
207 846 1
207 849 1
207 869 1
207 872 1
207 875 1
207 880 1
207 908 1
207 991 1
208 214 1
208 229 1
208 239 1
208 252 1
208 269 1
208 273 1
208 299 1
208 312 1
208 332 1
208 426 1
208 436 1
208 438 1
208 488 1
208 508 1
208 511 1
208 554 1
208 571 1
208 579 1
208 599 1
208 611 1
208 623 1
208 649 1
208 650 1
208 651 1
208 674 1
208 683 1
208 691 1
208 698 1
208 726 1
208 767 1
208 774 1
208 777 1
208 815 1
208 820 1
208 902 1
208 921 1
208 985 1
209 221 1
209 240 1
209 248 1
209 269 1
209 279 1
209 312 1
209 434 1
209 455 1
209 456 1
209 459 1
209 465 1
209 467 1
209 485 1
209 512 1
209 530 1
209 560 1
209 566 1
209 602 1
209 606 1
209 625 1
209 632 1
209 654 1
209 675 1
209 692 1
209 693 1
209 709 1
209 714 1
209 715 1
209 726 1
209 733 1
209 737 1
209 742 1
209 824 1
209 825 1
209 841 1
209 847 1
209 856 1
209 860 1
209 915 1
209 927 1
209 928 1
209 935 1
209 949 1
209 981 1
209 987 1
209 993 1
210 228 1
210 247 1
210 252 1
210 257 1
210 272 1
210 284 1
210 305 1
210 313 1
210 322 1
210 334 1
210 336 1
210 351 1
210 394 1
210 434 1
210 451 1
210 466 1
210 518 1
210 526 1
210 567 1
210 596 1
210 667 1
210 674 1
210 770 1
210 787 1
210 832 1
210 834 1
210 847 1
210 854 1
210 870 1
210 876 1
210 879 1
210 899 1
210 913 1
210 919 1
210 924 1
210 931 1
210 933 1
210 939 1
210 945 1
210 949 1
210 973 1
211 230 1
211 239 1
211 250 1
211 253 1
211 261 1
211 277 1
211 289 1
211 296 1
211 320 1
211 331 1
211 393 1
211 407 1
211 416 1
211 423 1
211 487 1
211 498 1
211 526 1
211 553 1
211 640 1
211 645 1
211 647 1
211 670 1
211 683 1
211 703 1
211 717 1
211 774 1
211 782 1
211 806 1
211 820 1
211 834 1
211 854 1
211 860 1
211 874 1
211 905 1
211 910 1
211 965 1
211 977 1
211 983 1
211 984 1
211 989 1
211 990 1
212 219 1
212 223 1
212 233 1
212 234 1
212 238 1
212 245 1
212 246 1
212 267 1
212 290 1
212 332 1
212 347 1
212 353 1
212 373 1
212 389 1
212 392 1
212 405 1
212 421 1
212 432 1
212 462 1
212 465 1
212 467 1
212 514 1
212 519 1
212 544 1
212 552 1
212 559 1
212 570 1
212 593 1
212 610 1
212 616 1
212 620 1
212 626 1
212 690 1
212 700 1
212 706 1
212 725 1
212 764 1
212 796 1
212 812 1
212 833 1
212 840 1
212 855 1
212 857 1
212 859 1
212 909 1
212 927 1
212 944 1
212 946 1
213 224 1
213 233 1
213 272 1
213 287 1
213 300 1
213 301 1
213 331 1
213 333 1
213 337 1
213 354 1
213 374 1
213 390 1
213 401 1
213 419 1
213 422 1
213 466 1
213 476 1
213 477 1
213 528 1
213 530 1
213 552 1
213 606 1
213 616 1
213 631 1
213 644 1
213 649 1
213 652 1
213 670 1
213 716 1
213 722 1
213 736 1
213 761 1
213 770 1
213 821 1
213 839 1
213 870 1
213 882 1
213 884 1
213 906 1
213 909 1
213 915 1
213 934 1
213 955 1
213 974 1
213 979 1
213 980 1
214 222 1
214 231 1
214 244 1
214 248 1
214 250 1
214 264 1
214 333 1
214 359 1
214 376 1
214 383 1
214 405 1
214 430 1
214 442 1
214 457 1
214 462 1
214 476 1
214 498 1
214 502 1
214 520 1
214 528 1
214 531 1
214 569 1
214 578 1
214 582 1
214 635 1
214 643 1
214 649 1
214 677 1
214 680 1
214 719 1
214 721 1
214 741 1
214 754 1
214 766 1
214 815 1
214 837 1
214 909 1
214 942 1
214 948 1
214 950 1
214 964 1
214 984 1
215 230 1
215 251 1
215 346 1
215 384 1
215 413 1
215 419 1
215 478 1
215 482 1
215 483 1
215 503 1
215 505 1
215 522 1
215 550 1
215 559 1
215 613 1
215 616 1
215 622 1
215 625 1
215 630 1
215 636 1
215 654 1
215 657 1
215 658 1
215 659 1
215 697 1
215 728 1
215 730 1
215 739 1
215 784 1
215 794 1
215 810 1
215 838 1
215 842 1
215 847 1
215 897 1
215 901 1
215 911 1
215 942 1
215 947 1
215 979 1
215 984 1
215 989 1
215 992 1
215 997 1
216 245 1
216 276 1
216 281 1
216 283 1
216 288 1
216 298 1
216 300 1
216 301 1
216 323 1
216 326 1
216 344 1
216 348 1
216 374 1
216 393 1
216 398 1
216 439 1
216 464 1
216 474 1
216 478 1
216 490 1
216 495 1
216 516 1
216 517 1
216 528 1
216 545 1
216 553 1
216 598 1
216 614 1
216 636 1
216 696 1
216 711 1
216 747 1
216 762 1
216 769 1
216 812 1
216 818 1
216 851 1
216 877 1
216 880 1
216 885 1
216 895 1
216 898 1
216 961 1
217 230 1
217 254 1
217 255 1
217 266 1
217 276 1
217 311 1
217 319 1
217 328 1
217 331 1
217 348 1
217 351 1
217 362 1
217 371 1
217 376 1
217 385 1
217 395 1
217 397 1
217 444 1
217 471 1
217 508 1
217 542 1
217 580 1
217 639 1
217 684 1
217 689 1
217 693 1
217 715 1
217 730 1
217 746 1
217 761 1
217 770 1
217 782 1
217 796 1
217 818 1
217 853 1
217 875 1
217 880 1
217 901 1
217 902 1
217 908 1
217 910 1
217 919 1
217 961 1
217 965 1
218 221 1
218 249 1
218 259 1
218 264 1
218 283 1
218 287 1
218 344 1
218 348 1
218 385 1
218 438 1
218 448 1
218 449 1
218 453 1
218 459 1
218 462 1
218 467 1
218 469 1
218 475 1
218 486 1
218 504 1
218 506 1
218 514 1
218 539 1
218 553 1
218 570 1
218 572 1
218 575 1
218 593 1
218 602 1
218 617 1
218 675 1
218 690 1
218 713 1
218 736 1
218 806 1
218 807 1
218 818 1
218 827 1
218 886 1
218 901 1
218 915 1
218 918 1
218 948 1
218 950 1
218 953 1
218 963 1
218 976 1
218 992 1
218 995 1
219 232 1
219 268 1
219 273 1
219 302 1
219 311 1
219 317 1
219 337 1
219 341 1
219 369 1
219 371 1
219 374 1
219 379 1
219 403 1
219 410 1
219 432 1
219 444 1
219 445 1
219 463 1
219 472 1
219 490 1
219 491 1
219 522 1
219 564 1
219 627 1
219 633 1
219 634 1
219 635 1
219 657 1
219 664 1
219 743 1
219 757 1
219 784 1
219 795 1
219 799 1
219 813 1
219 829 1
219 845 1
219 847 1
219 848 1
219 853 1
219 855 1
219 858 1
219 866 1
219 902 1
219 913 1
219 915 1
219 954 1
219 972 1
219 983 1
219 999 1
220 249 1
220 258 1
220 270 1
220 275 1
220 287 1
220 340 1
220 352 1
220 359 1
220 375 1
220 385 1
220 393 1
220 396 1
220 421 1
220 451 1
220 487 1
220 494 1
220 529 1
220 578 1
220 588 1
220 590 1
220 616 1
220 657 1
220 670 1
220 686 1
220 728 1
220 759 1
220 763 1
220 794 1
220 803 1
220 804 1
220 840 1
220 846 1
220 852 1
220 889 1
220 905 1
220 909 1
220 910 1
220 942 1
220 951 1
220 957 1
220 974 1
220 988 1
221 247 1
221 302 1
221 309 1
221 348 1
221 370 1
221 374 1
221 379 1
221 399 1
221 430 1
221 492 1
221 497 1
221 498 1
221 526 1
221 558 1
221 581 1
221 622 1
221 636 1
221 646 1
221 649 1
221 654 1
221 744 1
221 763 1
221 780 1
221 804 1
221 835 1
221 865 1
221 869 1
221 880 1
221 914 1
221 940 1
221 960 1
221 966 1
221 977 1
222 225 1
222 250 1
222 263 1
222 279 1
222 313 1
222 332 1
222 350 1
222 360 1
222 392 1
222 409 1
222 427 1
222 446 1
222 480 1
222 517 1
222 531 1
222 535 1
222 538 1
222 567 1
222 603 1
222 613 1
222 658 1
222 683 1
222 689 1
222 703 1
222 760 1
222 797 1
222 798 1
222 903 1
222 910 1
222 928 1
222 930 1
222 934 1
222 945 1
222 960 1
222 968 1
222 976 1
223 224 1
223 280 1
223 299 1
223 389 1
223 400 1
223 404 1
223 406 1
223 434 1
223 456 1
223 476 1
223 500 1
223 518 1
223 530 1
223 557 1
223 574 1
223 577 1
223 579 1
223 582 1
223 596 1
223 598 1
223 612 1
223 632 1
223 637 1
223 644 1
223 691 1
223 701 1
223 765 1
223 810 1
223 813 1
223 826 1
223 833 1
223 835 1
223 848 1
223 868 1
223 898 1
223 911 1
223 914 1
223 936 1
223 939 1
223 963 1
223 976 1
224 229 1
224 248 1
224 265 1
224 275 1
224 357 1
224 367 1
224 372 1
224 373 1
224 382 1
224 396 1
224 468 1
224 469 1
224 478 1
224 519 1
224 557 1
224 614 1
224 677 1
224 686 1
224 722 1
224 736 1
224 742 1
224 773 1
224 845 1
224 852 1
224 856 1
224 874 1
224 877 1
224 886 1
224 913 1
224 942 1
224 948 1
224 954 1
224 964 1
224 980 1
224 981 1
225 272 1
225 274 1
225 312 1
225 315 1
225 377 1
225 399 1
225 422 1
225 444 1
225 489 1
225 522 1
225 542 1
225 549 1
225 556 1
225 576 1
225 583 1
225 602 1
225 610 1
225 622 1
225 623 1
225 638 1
225 657 1
225 658 1
225 671 1
225 688 1
225 737 1
225 781 1
225 784 1
225 846 1
225 847 1
225 849 1
225 851 1
225 856 1
225 859 1
225 867 1
225 873 1
225 890 1
225 894 1
225 916 1
225 933 1
225 958 1
225 961 1
225 969 1
225 972 1
225 979 1
226 229 1
226 271 1
226 278 1
226 318 1
226 328 1
226 364 1
226 365 1
226 380 1
226 398 1
226 399 1
226 413 1
226 460 1
226 481 1
226 484 1
226 506 1
226 535 1
226 552 1
226 555 1
226 568 1
226 575 1
226 597 1
226 639 1
226 648 1
226 649 1
226 676 1
226 713 1
226 791 1
226 854 1
226 873 1
226 908 1
226 921 1
226 924 1
226 993 1
227 253 1
227 286 1
227 294 1
227 308 1
227 353 1
227 445 1
227 459 1
227 464 1
227 476 1
227 503 1
227 509 1
227 511 1
227 524 1
227 526 1
227 559 1
227 594 1
227 602 1
227 616 1
227 631 1
227 645 1
227 658 1
227 744 1
227 752 1
227 768 1
227 792 1
227 822 1
227 845 1
227 857 1
227 875 1
227 881 1
227 908 1
227 909 1
227 920 1
227 933 1
227 936 1
227 977 1
228 243 1
228 248 1
228 267 1
228 277 1
228 325 1
228 349 1
228 380 1
228 381 1
228 384 1
228 404 1
228 406 1
228 422 1
228 428 1
228 430 1
228 447 1
228 489 1
228 492 1
228 560 1
228 581 1
228 597 1
228 608 1
228 631 1
228 642 1
228 653 1
228 662 1
228 695 1
228 707 1
228 787 1
228 801 1
228 826 1
228 831 1
228 841 1
228 874 1
228 912 1
228 928 1
228 985 1
228 989 1
229 232 1
229 235 1
229 258 1
229 265 1
229 312 1
229 316 1
229 323 1
229 324 1
229 341 1
229 376 1
229 383 1
229 384 1
229 394 1
229 412 1
229 439 1
229 483 1
229 523 1
229 530 1
229 532 1
229 548 1
229 575 1
229 586 1
229 649 1
229 664 1
229 665 1
229 674 1
229 677 1
229 682 1
229 750 1
229 761 1
229 778 1
229 789 1
229 801 1
229 838 1
229 843 1
229 861 1
229 881 1
229 892 1
229 902 1
229 903 1
229 915 1
229 949 1
229 950 1
229 972 1
229 993 1
230 235 1
230 313 1
230 319 1
230 337 1
230 348 1
230 353 1
230 397 1
230 460 1
230 543 1
230 562 1
230 592 1
230 594 1
230 615 1
230 627 1
230 629 1
230 639 1
230 641 1
230 650 1
230 653 1
230 658 1
230 709 1
230 764 1
230 768 1
230 777 1
230 781 1
230 790 1
230 800 1
230 827 1
230 860 1
230 871 1
230 886 1
230 902 1
230 904 1
230 993 1
231 242 1
231 253 1
231 256 1
231 276 1
231 302 1
231 369 1
231 380 1
231 397 1
231 432 1
231 442 1
231 448 1
231 475 1
231 507 1
231 527 1
231 601 1
231 609 1
231 614 1
231 641 1
231 642 1
231 669 1
231 719 1
231 762 1
231 816 1
231 836 1
231 841 1
231 867 1
231 913 1
231 915 1
231 927 1
231 963 1
231 979 1
232 235 1
232 238 1
232 260 1
232 271 1
232 277 1
232 298 1
232 324 1
232 398 1
232 400 1
232 410 1
232 420 1
232 440 1
232 453 1
232 485 1
232 496 1
232 531 1
232 535 1
232 564 1
232 591 1
232 597 1
232 620 1
232 703 1
232 731 1
232 775 1
232 783 1
232 816 1
232 832 1
232 866 1
232 880 1
232 883 1
232 890 1
232 911 1
232 921 1
232 926 1
232 960 1
232 973 1
232 993 1
232 996 1
233 234 1
233 246 1
233 260 1
233 297 1
233 305 1
233 319 1
233 320 1
233 321 1
233 331 1
233 370 1
233 392 1
233 417 1
233 432 1
233 456 1
233 488 1
233 600 1
233 642 1
233 652 1
233 672 1
233 711 1
233 745 1
233 773 1
233 786 1
233 819 1
233 829 1
233 842 1
233 862 1
233 894 1
233 914 1
233 915 1
233 992 1
233 994 1
233 999 1
234 247 1
234 258 1
234 284 1
234 374 1
234 397 1
234 400 1
234 413 1
234 432 1
234 446 1
234 458 1
234 466 1
234 502 1
234 521 1
234 527 1
234 536 1
234 575 1
234 586 1
234 603 1
234 605 1
234 639 1
234 648 1
234 653 1
234 660 1
234 667 1
234 768 1
234 776 1
234 826 1
234 956 1
234 973 1
234 985 1
235 255 1
235 279 1
235 307 1
235 309 1
235 332 1
235 346 1
235 347 1
235 355 1
235 361 1
235 466 1
235 508 1
235 576 1
235 587 1
235 602 1
235 606 1
235 619 1
235 660 1
235 682 1
235 695 1
235 702 1
235 708 1
235 712 1
235 736 1
235 766 1
235 783 1
235 793 1
235 803 1
235 848 1
235 911 1
235 926 1
235 942 1
235 952 1
235 978 1
236 245 1
236 251 1
236 252 1
236 280 1
236 292 1
236 297 1
236 339 1
236 342 1
236 347 1
236 352 1
236 361 1
236 399 1
236 408 1
236 415 1
236 425 1
236 433 1
236 452 1
236 453 1
236 454 1
236 497 1
236 525 1
236 540 1
236 556 1
236 623 1
236 629 1
236 637 1
236 640 1
236 646 1
236 649 1
236 668 1
236 672 1
236 680 1
236 701 1
236 705 1
236 711 1
236 718 1
236 726 1
236 772 1
236 773 1
236 786 1
236 794 1
236 795 1
236 804 1
236 850 1
236 868 1
236 900 1
236 928 1
236 943 1
236 967 1
237 238 1
237 260 1
237 269 1
237 298 1
237 339 1
237 347 1
237 355 1
237 364 1
237 376 1
237 404 1
237 410 1
237 412 1
237 439 1
237 498 1
237 508 1
237 542 1
237 558 1
237 569 1
237 586 1
237 617 1
237 632 1
237 651 1
237 654 1
237 668 1
237 686 1
237 716 1
237 772 1
237 788 1
237 806 1
237 840 1
237 859 1
237 863 1
237 887 1
237 891 1
237 904 1
237 922 1
237 957 1
238 245 1
238 273 1
238 284 1
238 325 1
238 326 1
238 332 1
238 343 1
238 344 1
238 412 1
238 418 1
238 437 1
238 461 1
238 471 1
238 511 1
238 515 1
238 516 1
238 525 1
238 548 1
238 562 1
238 574 1
238 601 1
238 605 1
238 608 1
238 617 1
238 631 1
238 658 1
238 689 1
238 690 1
238 693 1
238 694 1
238 714 1
238 721 1
238 741 1
238 767 1
238 898 1
238 904 1
238 914 1
238 936 1
238 938 1
238 967 1
238 972 1
238 977 1
238 981 1
239 363 1
239 426 1
239 469 1
239 512 1
239 516 1
239 529 1
239 542 1
239 591 1
239 645 1
239 654 1
239 660 1
239 674 1
239 704 1
239 760 1
239 775 1
239 780 1
239 782 1
239 832 1
239 855 1
239 860 1
239 903 1
239 909 1
239 946 1
239 960 1
239 964 1
239 969 1
239 988 1
240 280 1
240 309 1
240 356 1
240 360 1
240 383 1
240 385 1
240 402 1
240 422 1
240 443 1
240 451 1
240 486 1
240 488 1
240 494 1
240 501 1
240 577 1
240 608 1
240 609 1
240 693 1
240 718 1
240 729 1
240 739 1
240 758 1
240 772 1
240 773 1
240 774 1
240 778 1
240 823 1
240 840 1
240 843 1
240 872 1
240 949 1
240 973 1
241 244 1
241 251 1
241 282 1
241 298 1
241 312 1
241 325 1
241 355 1
241 383 1
241 481 1
241 522 1
241 526 1
241 538 1
241 547 1
241 561 1
241 568 1
241 624 1
241 663 1
241 680 1
241 726 1
241 731 1
241 755 1
241 756 1
241 783 1
241 818 1
241 833 1
241 874 1
241 897 1
241 923 1
241 933 1
241 950 1
242 248 1
242 294 1
242 334 1
242 338 1
242 357 1
242 363 1
242 383 1
242 385 1
242 414 1
242 460 1
242 468 1
242 476 1
242 484 1
242 496 1
242 606 1
242 620 1
242 628 1
242 631 1
242 635 1
242 671 1
242 695 1
242 696 1
242 727 1
242 782 1
242 808 1
242 827 1
242 857 1
242 901 1
242 912 1
242 915 1
242 965 1
242 977 1
242 998 1
243 245 1
243 284 1
243 286 1
243 305 1
243 329 1
243 336 1
243 347 1
243 393 1
243 435 1
243 436 1
243 437 1
243 468 1
243 469 1
243 489 1
243 498 1
243 609 1
243 611 1
243 629 1
243 663 1
243 666 1
243 674 1
243 693 1
243 694 1
243 701 1
243 704 1
243 711 1
243 724 1
243 733 1
243 751 1
243 768 1
243 795 1
243 845 1
243 854 1
243 890 1
243 898 1
243 901 1
243 915 1
243 923 1
243 957 1
243 991 1
244 321 1
244 342 1
244 345 1
244 353 1
244 423 1
244 425 1
244 435 1
244 536 1
244 552 1
244 562 1
244 566 1
244 601 1
244 639 1
244 669 1
244 725 1
244 734 1
244 774 1
244 819 1
244 846 1
244 866 1
244 905 1
244 926 1
244 930 1
244 943 1
245 246 1
245 289 1
245 293 1
245 304 1
245 308 1
245 330 1
245 364 1
245 408 1
245 424 1
245 426 1
245 484 1
245 535 1
245 540 1
245 581 1
245 592 1
245 604 1
245 617 1
245 648 1
245 705 1
245 722 1
245 736 1
245 739 1
245 753 1
245 758 1
245 807 1
245 808 1
245 818 1
245 847 1
245 870 1
245 876 1
245 887 1
245 888 1
245 904 1
245 923 1
245 940 1
245 981 1
245 987 1
246 261 1
246 265 1
246 283 1
246 313 1
246 322 1
246 342 1
246 388 1
246 393 1
246 428 1
246 434 1
246 436 1
246 459 1
246 460 1
246 484 1
246 487 1
246 495 1
246 504 1
246 549 1
246 596 1
246 647 1
246 659 1
246 704 1
246 714 1
246 716 1
246 721 1
246 759 1
246 762 1
246 793 1
246 797 1
246 811 1
246 830 1
246 887 1
246 916 1
246 928 1
246 930 1
246 953 1
246 957 1
246 995 1
246 998 1
247 346 1
247 428 1
247 431 1
247 466 1
247 472 1
247 502 1
247 522 1
247 622 1
247 623 1
247 640 1
247 646 1
247 692 1
247 716 1
247 726 1
247 762 1
247 768 1
247 779 1
247 800 1
247 837 1
247 844 1
247 850 1
247 855 1
247 856 1
247 877 1
247 893 1
247 901 1
247 906 1
247 936 1
247 941 1
247 963 1
247 991 1
248 256 1
248 257 1
248 259 1
248 262 1
248 299 1
248 303 1
248 375 1
248 394 1
248 438 1
248 442 1
248 461 1
248 462 1
248 503 1
248 530 1
248 534 1
248 553 1
248 634 1
248 639 1
248 754 1
248 783 1
248 818 1
248 823 1
248 838 1
248 862 1
248 869 1
248 917 1
248 920 1
248 951 1
248 968 1
248 1000 1
249 273 1
249 309 1
249 314 1
249 318 1
249 340 1
249 343 1
249 360 1
249 361 1
249 365 1
249 389 1
249 392 1
249 397 1
249 409 1
249 451 1
249 468 1
249 486 1
249 497 1
249 533 1
249 542 1
249 566 1
249 579 1
249 615 1
249 650 1
249 657 1
249 659 1
249 660 1
249 667 1
249 678 1
249 686 1
249 725 1
249 749 1
249 764 1
249 793 1
249 829 1
249 914 1
249 939 1
249 983 1
250 259 1
250 261 1
250 264 1
250 289 1
250 337 1
250 383 1
250 411 1
250 418 1
250 429 1
250 445 1
250 451 1
250 472 1
250 493 1
250 559 1
250 562 1
250 563 1
250 593 1
250 618 1
250 644 1
250 677 1
250 680 1
250 710 1
250 719 1
250 736 1
250 743 1
250 747 1
250 753 1
250 769 1
250 800 1
250 821 1
250 833 1
250 863 1
250 922 1
250 929 1
250 946 1
250 998 1
250 999 1
251 267 1
251 268 1
251 270 1
251 277 1
251 313 1
251 320 1
251 321 1
251 326 1
251 333 1
251 353 1
251 388 1
251 443 1
251 451 1
251 455 1
251 469 1
251 491 1
251 508 1
251 527 1
251 532 1
251 545 1
251 568 1
251 600 1
251 615 1
251 620 1
251 626 1
251 634 1
251 636 1
251 661 1
251 665 1
251 686 1
251 726 1
251 732 1
251 733 1
251 736 1
251 745 1
251 761 1
251 780 1
251 797 1
251 801 1
251 845 1
251 847 1
251 850 1
251 852 1
251 860 1
251 907 1
251 912 1
251 915 1
251 916 1
251 917 1
251 949 1
251 978 1
252 266 1
252 276 1
252 296 1
252 307 1
252 318 1
252 322 1
252 326 1
252 331 1
252 411 1
252 471 1
252 475 1
252 488 1
252 491 1
252 499 1
252 528 1
252 567 1
252 588 1
252 600 1
252 603 1
252 634 1
252 645 1
252 721 1
252 744 1
252 747 1
252 748 1
252 777 1
252 778 1
252 787 1
252 797 1
252 818 1
252 841 1
252 869 1
252 908 1
252 913 1
252 939 1
252 954 1
252 976 1
252 988 1
253 288 1
253 290 1
253 296 1
253 297 1
253 368 1
253 373 1
253 401 1
253 411 1
253 415 1
253 435 1
253 449 1
253 482 1
253 495 1
253 507 1
253 523 1
253 532 1
253 534 1
253 565 1
253 585 1
253 606 1
253 621 1
253 681 1
253 695 1
253 705 1
253 735 1
253 736 1
253 752 1
253 756 1
253 760 1
253 767 1
253 768 1
253 774 1
253 776 1
253 781 1
253 789 1
253 834 1
253 881 1
253 911 1
253 922 1
253 927 1
253 937 1
253 986 1
253 991 1
254 256 1
254 271 1
254 284 1
254 287 1
254 325 1
254 364 1
254 378 1
254 504 1
254 524 1
254 526 1
254 546 1
254 559 1
254 566 1
254 567 1
254 586 1
254 620 1
254 621 1
254 698 1
254 701 1
254 802 1
254 820 1
254 826 1
254 828 1
254 839 1
254 851 1
254 853 1
254 910 1
254 942 1
254 981 1
254 994 1
255 276 1
255 317 1
255 320 1
255 345 1
255 365 1
255 370 1
255 413 1
255 438 1
255 444 1
255 461 1
255 487 1
255 522 1
255 570 1
255 571 1
255 578 1
255 608 1
255 618 1
255 632 1
255 695 1
255 698 1
255 715 1
255 737 1
255 741 1
255 776 1
255 804 1
255 807 1
255 810 1
255 859 1
255 879 1
255 886 1
255 891 1
255 921 1
255 924 1
255 952 1
255 956 1
255 974 1
255 980 1
256 278 1
256 291 1
256 306 1
256 325 1
256 342 1
256 344 1
256 366 1
256 374 1
256 379 1
256 389 1
256 390 1
256 425 1
256 436 1
256 460 1
256 465 1
256 492 1
256 517 1
256 560 1
256 577 1
256 603 1
256 606 1
256 624 1
256 644 1
256 650 1
256 681 1
256 755 1
256 761 1
256 791 1
256 796 1
256 801 1
256 812 1
256 813 1
256 821 1
256 847 1
256 877 1
256 878 1
256 899 1
256 900 1
256 930 1
256 937 1
256 941 1
256 961 1
256 967 1
256 985 1
257 262 1
257 271 1
257 296 1
257 322 1
257 335 1
257 356 1
257 368 1
257 372 1
257 380 1
257 427 1
257 432 1
257 462 1
257 472 1
257 566 1
257 583 1
257 597 1
257 607 1
257 634 1
257 641 1
257 671 1
257 720 1
257 735 1
257 786 1
257 790 1
257 801 1
257 811 1
257 827 1
257 830 1
257 848 1
257 856 1
257 861 1
257 882 1
257 894 1
257 914 1
257 917 1
257 934 1
257 941 1
257 947 1
258 260 1
258 261 1
258 279 1
258 292 1
258 295 1
258 331 1
258 373 1
258 377 1
258 405 1
258 408 1
258 411 1
258 491 1
258 511 1
258 520 1
258 521 1
258 522 1
258 529 1
258 555 1
258 569 1
258 571 1
258 584 1
258 605 1
258 607 1
258 623 1
258 654 1
258 687 1
258 699 1
258 710 1
258 725 1
258 787 1
258 790 1
258 815 1
258 854 1
258 856 1
258 865 1
258 871 1
258 878 1
258 906 1
258 914 1
258 918 1
259 302 1
259 337 1
259 338 1
259 352 1
259 368 1
259 398 1
259 403 1
259 411 1
259 455 1
259 491 1
259 500 1
259 525 1
259 531 1
259 538 1
259 563 1
259 611 1
259 625 1
259 630 1
259 658 1
259 674 1
259 711 1
259 738 1
259 741 1
259 769 1
259 770 1
259 792 1
259 855 1
259 889 1
259 941 1
259 947 1
259 985 1
260 270 1
260 279 1
260 306 1
260 309 1
260 343 1
260 377 1
260 439 1
260 453 1
260 454 1
260 456 1
260 458 1
260 518 1
260 520 1
260 538 1
260 540 1
260 557 1
260 593 1
260 601 1
260 677 1
260 690 1
260 708 1
260 713 1
260 757 1
260 787 1
260 796 1
260 805 1
260 808 1
260 832 1
260 869 1
260 874 1
260 878 1
260 884 1
260 910 1
260 914 1
260 924 1
260 959 1
260 974 1
260 976 1
260 978 1
260 988 1
260 994 1
261 265 1
261 279 1
261 290 1
261 301 1
261 330 1
261 331 1
261 358 1
261 376 1
261 394 1
261 402 1
261 434 1
261 444 1
261 449 1
261 488 1
261 491 1
261 500 1
261 504 1
261 528 1
261 543 1
261 551 1
261 569 1
261 570 1
261 580 1
261 608 1
261 614 1
261 615 1
261 630 1
261 634 1
261 695 1
261 721 1
261 742 1
261 745 1
261 772 1
261 823 1
261 832 1
261 848 1
261 863 1
261 902 1
261 951 1
261 955 1
261 970 1
261 971 1
261 973 1
262 267 1
262 299 1
262 307 1
262 354 1
262 422 1
262 481 1
262 493 1
262 533 1
262 534 1
262 538 1
262 547 1
262 549 1
262 635 1
262 691 1
262 711 1
262 718 1
262 742 1
262 744 1
262 781 1
262 788 1
262 856 1
262 915 1
262 922 1
262 925 1
262 929 1
262 931 1
262 935 1
263 264 1
263 267 1
263 320 1
263 348 1
263 385 1
263 410 1
263 422 1
263 430 1
263 446 1
263 484 1
263 487 1
263 564 1
263 583 1
263 630 1
263 637 1
263 653 1
263 676 1
263 733 1
263 795 1
263 830 1
263 832 1
263 869 1
263 875 1
263 880 1
263 889 1
263 917 1
263 952 1
263 953 1
263 968 1
263 975 1
263 979 1
263 993 1
264 300 1
264 340 1
264 357 1
264 390 1
264 406 1
264 415 1
264 457 1
264 475 1
264 494 1
264 497 1
264 523 1
264 544 1
264 573 1
264 594 1
264 601 1
264 608 1
264 610 1
264 635 1
264 674 1
264 692 1
264 702 1
264 713 1
264 776 1
264 803 1
264 829 1
264 905 1
264 908 1
264 919 1
264 939 1
264 961 1
264 965 1
264 981 1
264 991 1
264 995 1
265 295 1
265 300 1
265 306 1
265 309 1
265 328 1
265 340 1
265 344 1
265 366 1
265 392 1
265 421 1
265 423 1
265 426 1
265 448 1
265 453 1
265 461 1
265 467 1
265 487 1
265 491 1
265 509 1
265 563 1
265 573 1
265 606 1
265 645 1
265 653 1
265 670 1
265 680 1
265 695 1
265 723 1
265 742 1
265 777 1
265 783 1
265 793 1
265 807 1
265 820 1
265 827 1
265 834 1
265 887 1
265 892 1
265 961 1
265 969 1
265 972 1
265 989 1
265 998 1
266 296 1
266 297 1
266 301 1
266 304 1
266 312 1
266 313 1
266 342 1
266 368 1
266 378 1
266 408 1
266 429 1
266 435 1
266 492 1
266 543 1
266 548 1
266 551 1
266 580 1
266 612 1
266 642 1
266 650 1
266 710 1
266 756 1
266 807 1
266 815 1
266 831 1
266 832 1
266 861 1
266 897 1
266 913 1
266 915 1
266 958 1
266 959 1
266 967 1
266 991 1
266 994 1
267 310 1
267 370 1
267 374 1
267 380 1
267 424 1
267 427 1
267 445 1
267 471 1
267 485 1
267 487 1
267 490 1
267 494 1
267 496 1
267 510 1
267 558 1
267 570 1
267 580 1
267 581 1
267 593 1
267 596 1
267 632 1
267 693 1
267 730 1
267 770 1
267 784 1
267 791 1
267 824 1
267 825 1
267 841 1
267 865 1
267 876 1
267 883 1
267 886 1
267 889 1
267 896 1
267 903 1
267 962 1
267 966 1
267 996 1
268 288 1
268 289 1
268 318 1
268 362 1
268 373 1
268 414 1
268 427 1
268 455 1
268 466 1
268 551 1
268 572 1
268 586 1
268 668 1
268 694 1
268 695 1
268 716 1
268 742 1
268 771 1
268 790 1
268 814 1
268 840 1
268 909 1
268 936 1
268 949 1
268 960 1
268 988 1
269 279 1
269 280 1
269 300 1
269 375 1
269 413 1
269 424 1
269 432 1
269 456 1
269 537 1
269 566 1
269 643 1
269 646 1
269 665 1
269 708 1
269 737 1
269 749 1
269 760 1
269 788 1
269 806 1
269 811 1
269 812 1
269 831 1
269 847 1
269 865 1
269 877 1
269 923 1
269 936 1
269 941 1
269 950 1
270 291 1
270 337 1
270 341 1
270 412 1
270 439 1
270 449 1
270 464 1
270 470 1
270 485 1
270 573 1
270 614 1
270 615 1
270 651 1
270 727 1
270 742 1
270 750 1
270 758 1
270 773 1
270 786 1
270 799 1
270 868 1
270 890 1
270 927 1
270 930 1
270 937 1
270 938 1
270 943 1
270 989 1
271 277 1
271 279 1
271 349 1
271 383 1
271 424 1
271 428 1
271 473 1
271 480 1
271 526 1
271 547 1
271 659 1
271 663 1
271 689 1
271 708 1
271 720 1
271 729 1
271 736 1
271 739 1
271 751 1
271 790 1
271 807 1
271 822 1
271 854 1
271 888 1
271 908 1
271 935 1
271 942 1
271 948 1
271 953 1
271 955 1
271 957 1
271 1000 1
272 296 1
272 299 1
272 346 1
272 394 1
272 396 1
272 398 1
272 422 1
272 433 1
272 446 1
272 471 1
272 472 1
272 494 1
272 534 1
272 536 1
272 537 1
272 540 1
272 543 1
272 619 1
272 620 1
272 643 1
272 657 1
272 669 1
272 693 1
272 702 1
272 755 1
272 756 1
272 779 1
272 793 1
272 809 1
272 886 1
272 889 1
272 894 1
272 909 1
272 925 1
272 955 1
272 964 1
272 980 1
272 990 1
272 994 1
273 314 1
273 329 1
273 429 1
273 438 1
273 441 1
273 473 1
273 536 1
273 539 1
273 550 1
273 573 1
273 620 1
273 623 1
273 671 1
273 715 1
273 812 1
273 822 1
273 843 1
273 865 1
273 874 1
273 878 1
273 889 1
273 890 1
273 915 1
273 932 1
273 965 1
273 996 1
273 999 1
274 285 1
274 316 1
274 336 1
274 348 1
274 359 1
274 398 1
274 435 1
274 451 1
274 473 1
274 479 1
274 496 1
274 519 1
274 522 1
274 553 1
274 557 1
274 559 1
274 560 1
274 577 1
274 580 1
274 589 1
274 634 1
274 635 1
274 644 1
274 650 1
274 682 1
274 694 1
274 695 1
274 713 1
274 818 1
274 829 1
274 900 1
274 914 1
274 917 1
274 928 1
274 933 1
274 947 1
274 976 1
274 991 1
275 289 1
275 299 1
275 357 1
275 406 1
275 431 1
275 444 1
275 455 1
275 481 1
275 543 1
275 560 1
275 586 1
275 610 1
275 634 1
275 642 1
275 662 1
275 669 1
275 712 1
275 724 1
275 745 1
275 767 1
275 785 1
275 791 1
275 801 1
275 844 1
275 855 1
275 868 1
275 887 1
275 889 1
275 898 1
275 939 1
275 945 1
275 970 1
275 978 1
275 993 1
276 289 1
276 309 1
276 336 1
276 338 1
276 360 1
276 376 1
276 390 1
276 401 1
276 423 1
276 431 1
276 479 1
276 487 1
276 525 1
276 528 1
276 533 1
276 542 1
276 548 1
276 565 1
276 592 1
276 597 1
276 622 1
276 626 1
276 636 1
276 664 1
276 681 1
276 683 1
276 689 1
276 698 1
276 730 1
276 766 1
276 780 1
276 808 1
276 815 1
276 843 1
276 847 1
276 868 1
276 900 1
276 972 1
276 984 1
276 990 1
277 279 1
277 287 1
277 294 1
277 299 1
277 304 1
277 323 1
277 334 1
277 349 1
277 352 1
277 433 1
277 439 1
277 461 1
277 491 1
277 501 1
277 593 1
277 602 1
277 611 1
277 615 1
277 619 1
277 623 1
277 627 1
277 653 1
277 661 1
277 697 1
277 729 1
277 738 1
277 746 1
277 754 1
277 761 1
277 790 1
277 841 1
277 884 1
277 904 1
277 912 1
277 939 1
277 945 1
277 1000 1
278 351 1
278 368 1
278 382 1
278 433 1
278 450 1
278 457 1
278 458 1
278 482 1
278 524 1
278 535 1
278 536 1
278 566 1
278 579 1
278 580 1
278 582 1
278 626 1
278 629 1
278 634 1
278 641 1
278 649 1
278 688 1
278 747 1
278 796 1
278 809 1
278 818 1
278 852 1
278 856 1
278 900 1
278 905 1
278 926 1
278 944 1
278 955 1
278 991 1
278 993 1
279 344 1
279 360 1
279 391 1
279 441 1
279 491 1
279 551 1
279 579 1
279 580 1
279 589 1
279 595 1
279 618 1
279 621 1
279 625 1
279 629 1
279 662 1
279 708 1
279 766 1
279 794 1
279 818 1
279 826 1
279 834 1
279 840 1
279 862 1
279 884 1
279 957 1
279 991 1
280 289 1
280 291 1
280 308 1
280 322 1
280 351 1
280 369 1
280 410 1
280 419 1
280 441 1
280 491 1
280 523 1
280 528 1
280 532 1
280 537 1
280 541 1
280 564 1
280 572 1
280 581 1
280 626 1
280 729 1
280 732 1
280 742 1
280 764 1
280 772 1
280 785 1
280 788 1
280 820 1
280 821 1
280 851 1
280 928 1
280 949 1
280 952 1
280 996 1
281 295 1
281 313 1
281 316 1
281 317 1
281 331 1
281 367 1
281 371 1
281 381 1
281 425 1
281 426 1
281 428 1
281 430 1
281 498 1
281 501 1
281 518 1
281 535 1
281 540 1
281 565 1
281 577 1
281 583 1
281 585 1
281 598 1
281 610 1
281 658 1
281 664 1
281 714 1
281 719 1
281 837 1
281 839 1
281 844 1
281 852 1
281 853 1
281 856 1
281 870 1
281 914 1
281 931 1
281 976 1
282 344 1
282 350 1
282 365 1
282 386 1
282 413 1
282 418 1
282 455 1
282 463 1
282 466 1
282 485 1
282 502 1
282 511 1
282 516 1
282 539 1
282 562 1
282 570 1
282 590 1
282 594 1
282 636 1
282 648 1
282 663 1
282 687 1
282 698 1
282 718 1
282 723 1
282 740 1
282 746 1
282 777 1
282 789 1
282 799 1
282 801 1
282 820 1
282 833 1
282 835 1
282 837 1
282 843 1
282 866 1
282 893 1
282 910 1
282 928 1
282 953 1
282 960 1
282 999 1
283 292 1
283 313 1
283 363 1
283 370 1
283 405 1
283 408 1
283 420 1
283 440 1
283 474 1
283 477 1
283 495 1
283 534 1
283 561 1
283 566 1
283 576 1
283 585 1
283 586 1
283 587 1
283 652 1
283 660 1
283 710 1
283 717 1
283 729 1
283 763 1
283 764 1
283 807 1
283 839 1
283 881 1
283 902 1
283 908 1
283 912 1
283 923 1
283 927 1
283 930 1
283 942 1
283 949 1
283 965 1
283 989 1
284 293 1
284 294 1
284 295 1
284 334 1
284 335 1
284 368 1
284 394 1
284 414 1
284 444 1
284 446 1
284 466 1
284 472 1
284 484 1
284 491 1
284 497 1
284 524 1
284 555 1
284 577 1
284 641 1
284 654 1
284 669 1
284 672 1
284 686 1
284 720 1
284 741 1
284 746 1
284 750 1
284 765 1
284 804 1
284 812 1
284 813 1
284 834 1
284 878 1
284 916 1
284 928 1
284 947 1
284 959 1
284 966 1
285 295 1
285 306 1
285 323 1
285 329 1
285 344 1
285 346 1
285 365 1
285 369 1
285 379 1
285 380 1
285 429 1
285 437 1
285 472 1
285 482 1
285 526 1
285 537 1
285 550 1
285 567 1
285 569 1
285 586 1
285 590 1
285 621 1
285 711 1
285 747 1
285 831 1
285 850 1
285 870 1
285 873 1
285 962 1
286 315 1
286 393 1
286 401 1
286 414 1
286 464 1
286 477 1
286 481 1
286 496 1
286 510 1
286 520 1
286 525 1
286 564 1
286 588 1
286 604 1
286 621 1
286 624 1
286 634 1
286 638 1
286 639 1
286 650 1
286 689 1
286 792 1
286 799 1
286 825 1
286 839 1
286 848 1
286 850 1
286 873 1
286 881 1
286 904 1
286 966 1
286 969 1
286 972 1
286 984 1
286 995 1
287 293 1
287 295 1
287 361 1
287 375 1
287 383 1
287 394 1
287 410 1
287 411 1
287 425 1
287 447 1
287 533 1
287 547 1
287 552 1
287 566 1
287 610 1
287 658 1
287 659 1
287 661 1
287 673 1
287 692 1
287 698 1
287 701 1
287 727 1
287 733 1
287 857 1
287 867 1
287 890 1
287 894 1
287 903 1
287 951 1
287 958 1
287 970 1
288 303 1
288 351 1
288 360 1
288 409 1
288 455 1
288 472 1
288 477 1
288 509 1
288 517 1
288 521 1
288 541 1
288 542 1
288 543 1
288 545 1
288 562 1
288 567 1
288 575 1
288 641 1
288 645 1
288 689 1
288 695 1
288 702 1
288 706 1
288 710 1
288 766 1
288 772 1
288 778 1
288 787 1
288 812 1
288 866 1
288 886 1
288 899 1
288 929 1
288 962 1
288 995 1
289 295 1
289 318 1
289 327 1
289 343 1
289 356 1
289 377 1
289 411 1
289 423 1
289 438 1
289 478 1
289 537 1
289 541 1
289 568 1
289 569 1
289 606 1
289 614 1
289 648 1
289 654 1
289 699 1
289 731 1
289 770 1
289 781 1
289 805 1
289 817 1
289 823 1
289 852 1
289 853 1
289 855 1
289 897 1
289 916 1
289 917 1
289 946 1
289 985 1
289 996 1
290 348 1
290 397 1
290 412 1
290 426 1
290 466 1
290 479 1
290 487 1
290 510 1
290 554 1
290 571 1
290 611 1
290 647 1
290 651 1
290 653 1
290 658 1
290 662 1
290 676 1
290 681 1
290 728 1
290 743 1
290 749 1
290 865 1
290 866 1
290 897 1
290 944 1
290 952 1
290 953 1
290 973 1
290 974 1
290 975 1
290 995 1
291 297 1
291 310 1
291 434 1
291 480 1
291 495 1
291 524 1
291 572 1
291 584 1
291 595 1
291 659 1
291 686 1
291 689 1
291 692 1
291 728 1
291 736 1
291 767 1
291 828 1
291 835 1
291 905 1
291 932 1
291 938 1
291 953 1
291 954 1
291 973 1
291 977 1
291 981 1
291 996 1
291 998 1
292 337 1
292 347 1
292 373 1
292 395 1
292 415 1
292 429 1
292 463 1
292 483 1
292 502 1
292 528 1
292 529 1
292 537 1
292 539 1
292 547 1
292 567 1
292 588 1
292 593 1
292 609 1
292 623 1
292 646 1
292 670 1
292 700 1
292 722 1
292 727 1
292 748 1
292 773 1
292 775 1
292 778 1
292 782 1
292 793 1
292 803 1
292 824 1
292 831 1
292 838 1
292 927 1
292 929 1
292 975 1
292 976 1
292 978 1
293 334 1
293 374 1
293 377 1
293 385 1
293 418 1
293 420 1
293 456 1
293 459 1
293 462 1
293 543 1
293 561 1
293 594 1
293 595 1
293 605 1
293 632 1
293 635 1
293 637 1
293 690 1
293 691 1
293 715 1
293 730 1
293 744 1
293 751 1
293 790 1
293 795 1
293 815 1
293 822 1
293 857 1
293 876 1
293 904 1
293 970 1
293 984 1
293 990 1
294 308 1
294 315 1
294 330 1
294 420 1
294 429 1
294 430 1
294 434 1
294 452 1
294 462 1
294 479 1
294 497 1
294 503 1
294 509 1
294 552 1
294 557 1
294 558 1
294 559 1
294 562 1
294 579 1
294 589 1
294 592 1
294 607 1
294 706 1
294 713 1
294 753 1
294 774 1
294 792 1
294 806 1
294 820 1
294 833 1
294 835 1
294 893 1
294 901 1
294 942 1
294 963 1
294 998 1
295 301 1
295 328 1
295 347 1
295 373 1
295 480 1
295 511 1
295 528 1
295 576 1
295 683 1
295 685 1
295 698 1
295 700 1
295 746 1
295 748 1
295 750 1
295 824 1
295 834 1
295 854 1
295 867 1
295 869 1
295 887 1
295 957 1
295 959 1
296 320 1
296 342 1
296 355 1
296 357 1
296 390 1
296 414 1
296 415 1
296 417 1
296 449 1
296 464 1
296 469 1
296 474 1
296 503 1
296 509 1
296 542 1
296 555 1
296 574 1
296 601 1
296 607 1
296 656 1
296 665 1
296 666 1
296 672 1
296 680 1
296 684 1
296 688 1
296 694 1
296 741 1
296 750 1
296 755 1
296 792 1
296 805 1
296 814 1
296 816 1
296 821 1
296 850 1
296 866 1
296 910 1
296 946 1
296 981 1
296 991 1
297 312 1
297 371 1
297 383 1
297 400 1
297 429 1
297 481 1
297 500 1
297 502 1
297 514 1
297 534 1
297 545 1
297 565 1
297 602 1
297 631 1
297 643 1
297 657 1
297 678 1
297 683 1
297 719 1
297 730 1
297 731 1
297 745 1
297 747 1
297 771 1
297 795 1
297 829 1
297 851 1
297 869 1
297 882 1
297 887 1
297 890 1
297 906 1
297 908 1
297 951 1
297 972 1
297 973 1
298 314 1
298 340 1
298 348 1
298 351 1
298 354 1
298 359 1
298 390 1
298 397 1
298 439 1
298 464 1
298 488 1
298 493 1
298 529 1
298 560 1
298 561 1
298 571 1
298 644 1
298 659 1
298 678 1
298 692 1
298 703 1
298 717 1
298 744 1
298 758 1
298 792 1
298 823 1
298 907 1
298 911 1
298 912 1
298 917 1
298 941 1
298 949 1
298 977 1
299 308 1
299 331 1
299 349 1
299 351 1
299 379 1
299 382 1
299 409 1
299 419 1
299 426 1
299 428 1
299 479 1
299 488 1
299 505 1
299 518 1
299 520 1
299 533 1
299 551 1
299 597 1
299 602 1
299 610 1
299 625 1
299 632 1
299 640 1
299 656 1
299 749 1
299 775 1
299 841 1
299 877 1
299 917 1
299 929 1
299 967 1
299 984 1
299 992 1
300 305 1
300 356 1
300 400 1
300 408 1
300 459 1
300 484 1
300 494 1
300 507 1
300 581 1
300 597 1
300 598 1
300 648 1
300 657 1
300 720 1
300 757 1
300 761 1
300 768 1
300 769 1
300 776 1
300 828 1
300 833 1
300 864 1
300 870 1
300 980 1
301 328 1
301 330 1
301 359 1
301 362 1
301 395 1
301 474 1
301 499 1
301 528 1
301 545 1
301 546 1
301 551 1
301 573 1
301 618 1
301 647 1
301 838 1
301 840 1
301 846 1
301 858 1
301 903 1
301 929 1
301 948 1
301 978 1
302 304 1
302 311 1
302 325 1
302 337 1
302 346 1
302 391 1
302 439 1
302 442 1
302 453 1
302 465 1
302 467 1
302 477 1
302 507 1
302 548 1
302 549 1
302 557 1
302 572 1
302 599 1
302 627 1
302 628 1
302 650 1
302 662 1
302 663 1
302 667 1
302 702 1
302 711 1
302 746 1
302 747 1
302 763 1
302 782 1
302 807 1
302 814 1
302 890 1
302 901 1
302 908 1
302 929 1
302 938 1
302 958 1
302 996 1
303 336 1
303 344 1
303 372 1
303 402 1
303 426 1
303 444 1
303 453 1
303 454 1
303 475 1
303 483 1
303 501 1
303 507 1
303 514 1
303 551 1
303 552 1
303 585 1
303 588 1
303 608 1
303 674 1
303 688 1
303 714 1
303 739 1
303 745 1
303 864 1
303 948 1
303 969 1
304 341 1
304 350 1
304 396 1
304 400 1
304 425 1
304 429 1
304 436 1
304 451 1
304 521 1
304 559 1
304 578 1
304 592 1
304 594 1
304 600 1
304 617 1
304 649 1
304 696 1
304 737 1
304 745 1
304 757 1
304 796 1
304 801 1
304 808 1
304 843 1
304 845 1
304 849 1
304 861 1
304 939 1
304 968 1
304 975 1
305 308 1
305 336 1
305 341 1
305 345 1
305 349 1
305 350 1
305 410 1
305 436 1
305 477 1
305 492 1
305 495 1
305 501 1
305 518 1
305 533 1
305 556 1
305 575 1
305 605 1
305 621 1
305 643 1
305 659 1
305 660 1
305 666 1
305 750 1
305 752 1
305 784 1
305 800 1
305 803 1
305 807 1
305 819 1
305 841 1
305 845 1
305 870 1
305 873 1
305 891 1
305 895 1
305 935 1
305 942 1
305 945 1
306 311 1
306 313 1
306 332 1
306 337 1
306 357 1
306 377 1
306 419 1
306 433 1
306 450 1
306 475 1
306 490 1
306 507 1
306 568 1
306 581 1
306 591 1
306 597 1
306 619 1
306 621 1
306 669 1
306 680 1
306 690 1
306 709 1
306 738 1
306 812 1
306 828 1
306 841 1
306 845 1
306 858 1
306 862 1
306 932 1
306 938 1
306 947 1
306 949 1
306 979 1
307 323 1
307 345 1
307 351 1
307 360 1
307 364 1
307 391 1
307 393 1
307 401 1
307 440 1
307 449 1
307 464 1
307 465 1
307 472 1
307 490 1
307 496 1
307 514 1
307 535 1
307 543 1
307 545 1
307 553 1
307 579 1
307 583 1
307 638 1
307 639 1
307 693 1
307 702 1
307 730 1
307 733 1
307 741 1
307 774 1
307 785 1
307 827 1
307 831 1
307 834 1
307 857 1
307 858 1
307 875 1
307 882 1
307 890 1
307 893 1
307 927 1
307 945 1
308 328 1
308 346 1
308 347 1
308 376 1
308 381 1
308 384 1
308 460 1
308 468 1
308 475 1
308 491 1
308 494 1
308 553 1
308 557 1
308 584 1
308 619 1
308 632 1
308 660 1
308 666 1
308 689 1
308 699 1
308 717 1
308 753 1
308 758 1
308 775 1
308 780 1
308 783 1
308 829 1
308 867 1
308 881 1
308 884 1
308 916 1
308 923 1
308 947 1
308 948 1
308 971 1
308 974 1
308 975 1
309 340 1
309 455 1
309 465 1
309 488 1
309 513 1
309 515 1
309 518 1
309 588 1
309 637 1
309 651 1
309 688 1
309 728 1
309 745 1
309 748 1
309 795 1
309 827 1
309 829 1
309 857 1
309 876 1
309 891 1
309 897 1
309 912 1
309 952 1
309 971 1
309 979 1
310 315 1
310 353 1
310 355 1
310 383 1
310 391 1
310 418 1
310 460 1
310 462 1
310 542 1
310 567 1
310 576 1
310 577 1
310 587 1
310 599 1
310 613 1
310 625 1
310 639 1
310 663 1
310 675 1
310 707 1
310 732 1
310 738 1
310 748 1
310 760 1
310 769 1
310 823 1
310 862 1
310 867 1
310 880 1
310 906 1
310 952 1
310 955 1
310 1000 1
311 325 1
311 366 1
311 382 1
311 416 1
311 464 1
311 474 1
311 486 1
311 494 1
311 507 1
311 511 1
311 548 1
311 550 1
311 571 1
311 575 1
311 589 1
311 607 1
311 621 1
311 652 1
311 657 1
311 713 1
311 725 1
311 726 1
311 735 1
311 755 1
311 794 1
311 804 1
311 813 1
311 863 1
311 865 1
311 883 1
311 899 1
311 940 1
311 946 1
311 956 1
311 957 1
312 318 1
312 340 1
312 369 1
312 422 1
312 433 1
312 450 1
312 515 1
312 533 1
312 552 1
312 578 1
312 598 1
312 605 1
312 612 1
312 623 1
312 626 1
312 662 1
312 686 1
312 725 1
312 764 1
312 796 1
312 806 1
312 809 1
312 815 1
312 865 1
312 867 1
312 891 1
312 896 1
312 912 1
312 920 1
312 922 1
313 321 1
313 326 1
313 330 1
313 371 1
313 374 1
313 386 1
313 389 1
313 393 1
313 398 1
313 410 1
313 415 1
313 419 1
313 430 1
313 443 1
313 450 1
313 463 1
313 486 1
313 490 1
313 547 1
313 566 1
313 568 1
313 584 1
313 586 1
313 591 1
313 614 1
313 623 1
313 635 1
313 659 1
313 697 1
313 714 1
313 734 1
313 753 1
313 759 1
313 763 1
313 765 1
313 766 1
313 784 1
313 801 1
313 805 1
313 819 1
313 828 1
313 859 1
313 911 1
313 915 1
313 919 1
313 927 1
313 929 1
313 930 1
313 953 1
313 967 1
313 976 1
313 995 1
314 358 1
314 361 1
314 364 1
314 377 1
314 435 1
314 461 1
314 468 1
314 476 1
314 559 1
314 570 1
314 582 1
314 632 1
314 635 1
314 646 1
314 676 1
314 681 1
314 691 1
314 736 1
314 742 1
314 777 1
314 795 1
314 799 1
314 859 1
314 874 1
314 910 1
314 920 1
314 938 1
314 941 1
314 944 1
314 959 1
315 323 1
315 345 1
315 351 1
315 371 1
315 398 1
315 468 1
315 498 1
315 559 1
315 585 1
315 587 1
315 640 1
315 665 1
315 681 1
315 738 1
315 745 1
315 784 1
315 788 1
315 796 1
315 829 1
315 865 1
315 885 1
315 897 1
315 916 1
315 930 1
315 940 1
315 947 1
315 952 1
315 957 1
315 976 1
315 977 1
315 986 1
315 988 1
315 993 1
316 323 1
316 333 1
316 351 1
316 364 1
316 370 1
316 378 1
316 473 1
316 486 1
316 488 1
316 489 1
316 523 1
316 543 1
316 545 1
316 557 1
316 571 1
316 579 1
316 582 1
316 587 1
316 590 1
316 662 1
316 710 1
316 772 1
316 787 1
316 816 1
316 819 1
316 827 1
316 836 1
316 844 1
316 860 1
316 885 1
316 889 1
316 893 1
316 895 1
316 936 1
316 940 1
316 945 1
316 962 1
316 965 1
316 973 1
316 976 1
316 988 1
316 993 1
317 352 1
317 373 1
317 382 1
317 394 1
317 411 1
317 423 1
317 431 1
317 455 1
317 540 1
317 541 1
317 559 1
317 560 1
317 579 1
317 607 1
317 618 1
317 624 1
317 702 1
317 703 1
317 733 1
317 774 1
317 794 1
317 826 1
317 828 1
317 830 1
317 885 1
317 896 1
317 918 1
317 959 1
317 995 1
318 324 1
318 339 1
318 350 1
318 379 1
318 388 1
318 412 1
318 458 1
318 483 1
318 500 1
318 506 1
318 565 1
318 584 1
318 586 1
318 609 1
318 620 1
318 663 1
318 716 1
318 737 1
318 743 1
318 761 1
318 770 1
318 784 1
318 793 1
318 800 1
318 807 1
318 808 1
318 819 1
318 822 1
318 835 1
318 837 1
318 848 1
318 850 1
318 856 1
318 880 1
318 895 1
318 934 1
318 936 1
318 948 1
318 962 1
318 969 1
319 360 1
319 366 1
319 394 1
319 409 1
319 437 1
319 441 1
319 454 1
319 517 1
319 525 1
319 549 1
319 560 1
319 576 1
319 589 1
319 599 1
319 603 1
319 616 1
319 660 1
319 691 1
319 719 1
319 744 1
319 763 1
319 779 1
319 795 1
319 830 1
319 839 1
319 855 1
319 884 1
319 943 1
319 978 1
320 321 1
320 335 1
320 338 1
320 359 1
320 399 1
320 453 1
320 468 1
320 483 1
320 500 1
320 523 1
320 530 1
320 565 1
320 604 1
320 628 1
320 631 1
320 652 1
320 684 1
320 685 1
320 760 1
320 784 1
320 790 1
320 794 1
320 845 1
320 869 1
320 892 1
320 904 1
320 936 1
320 938 1
320 974 1
320 976 1
320 982 1
321 331 1
321 341 1
321 354 1
321 367 1
321 384 1
321 412 1
321 432 1
321 435 1
321 465 1
321 475 1
321 494 1
321 545 1
321 552 1
321 564 1
321 621 1
321 622 1
321 674 1
321 695 1
321 709 1
321 830 1
321 838 1
321 839 1
321 851 1
321 857 1
321 881 1
321 900 1
321 940 1
321 957 1
321 961 1
321 972 1
322 364 1
322 373 1
322 384 1
322 409 1
322 429 1
322 471 1
322 487 1
322 509 1
322 524 1
322 551 1
322 629 1
322 641 1
322 650 1
322 660 1
322 665 1
322 689 1
322 715 1
322 731 1
322 772 1
322 778 1
322 789 1
322 799 1
322 808 1
322 822 1
322 827 1
322 829 1
322 835 1
322 845 1
322 857 1
322 862 1
322 875 1
322 921 1
322 953 1
322 961 1
322 964 1
322 972 1
322 984 1
323 340 1
323 345 1
323 357 1
323 359 1
323 360 1
323 373 1
323 392 1
323 409 1
323 421 1
323 431 1
323 438 1
323 441 1
323 444 1
323 580 1
323 616 1
323 621 1
323 657 1
323 662 1
323 668 1
323 670 1
323 692 1
323 699 1
323 713 1
323 739 1
323 744 1
323 747 1
323 750 1
323 769 1
323 816 1
323 836 1
323 847 1
323 864 1
323 880 1
323 935 1
323 936 1
323 937 1
323 938 1
323 944 1
323 954 1
323 962 1
324 333 1
324 349 1
324 366 1
324 395 1
324 399 1
324 412 1
324 413 1
324 453 1
324 457 1
324 459 1
324 466 1
324 479 1
324 485 1
324 505 1
324 572 1
324 577 1
324 602 1
324 631 1
324 698 1
324 702 1
324 747 1
324 779 1
324 797 1
324 804 1
324 850 1
324 908 1
324 937 1
324 954 1
324 979 1
325 326 1
325 376 1
325 377 1
325 378 1
325 383 1
325 398 1
325 405 1
325 475 1
325 478 1
325 518 1
325 529 1
325 539 1
325 542 1
325 551 1
325 573 1
325 630 1
325 632 1
325 653 1
325 677 1
325 690 1
325 742 1
325 772 1
325 796 1
325 797 1
325 804 1
325 813 1
325 842 1
325 873 1
325 884 1
325 890 1
325 963 1
325 964 1
325 965 1
325 973 1
325 988 1
325 990 1
326 348 1
326 366 1
326 373 1
326 406 1
326 487 1
326 492 1
326 499 1
326 540 1
326 552 1
326 559 1
326 582 1
326 634 1
326 638 1
326 669 1
326 677 1
326 698 1
326 726 1
326 733 1
326 737 1
326 750 1
326 785 1
326 794 1
326 865 1
326 874 1
326 916 1
326 967 1
327 355 1
327 367 1
327 374 1
327 407 1
327 412 1
327 432 1
327 467 1
327 469 1
327 511 1
327 515 1
327 528 1
327 589 1
327 619 1
327 640 1
327 726 1
327 736 1
327 749 1
327 753 1
327 760 1
327 843 1
327 888 1
327 892 1
327 901 1
327 921 1
327 925 1
327 956 1
327 964 1
327 988 1
328 332 1
328 345 1
328 353 1
328 363 1
328 387 1
328 414 1
328 428 1
328 448 1
328 465 1
328 466 1
328 473 1
328 496 1
328 500 1
328 533 1
328 574 1
328 578 1
328 579 1
328 603 1
328 607 1
328 635 1
328 657 1
328 662 1
328 672 1
328 680 1
328 692 1
328 694 1
328 706 1
328 718 1
328 772 1
328 782 1
328 785 1
328 795 1
328 861 1
328 877 1
328 903 1
328 950 1
328 953 1
328 964 1
328 969 1
329 347 1
329 358 1
329 406 1
329 414 1
329 419 1
329 424 1
329 444 1
329 460 1
329 462 1
329 465 1
329 469 1
329 501 1
329 527 1
329 556 1
329 563 1
329 589 1
329 606 1
329 613 1
329 616 1
329 647 1
329 665 1
329 667 1
329 681 1
329 708 1
329 713 1
329 809 1
329 813 1
329 824 1
329 920 1
329 952 1
330 331 1
330 333 1
330 369 1
330 385 1
330 391 1
330 397 1
330 400 1
330 528 1
330 559 1
330 564 1
330 580 1
330 587 1
330 611 1
330 635 1
330 636 1
330 667 1
330 682 1
330 685 1
330 700 1
330 701 1
330 714 1
330 721 1
330 748 1
330 756 1
330 766 1
330 787 1
330 794 1
330 815 1
330 843 1
330 857 1
330 884 1
330 901 1
330 988 1
331 333 1
331 335 1
331 350 1
331 383 1
331 403 1
331 424 1
331 487 1
331 496 1
331 535 1
331 613 1
331 632 1
331 664 1
331 689 1
331 740 1
331 764 1
331 804 1
331 826 1
331 868 1
331 876 1
331 880 1
331 912 1
331 945 1
331 947 1
331 973 1
331 976 1
332 424 1
332 434 1
332 462 1
332 470 1
332 499 1
332 501 1
332 521 1
332 532 1
332 535 1
332 553 1
332 554 1
332 618 1
332 661 1
332 693 1
332 740 1
332 742 1
332 743 1
332 748 1
332 780 1
332 796 1
332 809 1
332 814 1
332 816 1
332 842 1
332 883 1
332 886 1
332 891 1
332 904 1
332 932 1
332 961 1
332 969 1
332 997 1
333 459 1
333 501 1
333 512 1
333 525 1
333 559 1
333 562 1
333 565 1
333 638 1
333 675 1
333 695 1
333 715 1
333 735 1
333 748 1
333 782 1
333 802 1
333 815 1
333 825 1
333 839 1
333 850 1
333 861 1
333 884 1
333 893 1
333 897 1
333 908 1
333 926 1
333 940 1
333 947 1
333 968 1
333 983 1
334 335 1
334 357 1
334 361 1
334 376 1
334 383 1
334 403 1
334 427 1
334 458 1
334 465 1
334 473 1
334 480 1
334 497 1
334 512 1
334 548 1
334 555 1
334 566 1
334 593 1
334 615 1
334 638 1
334 642 1
334 676 1
334 686 1
334 735 1
334 763 1
334 778 1
334 796 1
334 799 1
334 815 1
334 836 1
334 910 1
334 911 1
334 924 1
334 932 1
334 946 1
334 949 1
334 964 1
334 969 1
334 982 1
335 374 1
335 390 1
335 401 1
335 426 1
335 445 1
335 446 1
335 451 1
335 462 1
335 499 1
335 515 1
335 530 1
335 538 1
335 545 1
335 571 1
335 575 1
335 616 1
335 617 1
335 630 1
335 674 1
335 704 1
335 735 1
335 743 1
335 759 1
335 762 1
335 764 1
335 775 1
335 776 1
335 778 1
335 793 1
335 806 1
335 808 1
335 816 1
335 827 1
335 832 1
335 861 1
335 863 1
335 885 1
335 904 1
335 908 1
335 928 1
335 947 1
335 950 1
335 961 1
336 346 1
336 387 1
336 393 1
336 430 1
336 442 1
336 456 1
336 469 1
336 470 1
336 476 1
336 494 1
336 518 1
336 561 1
336 578 1
336 592 1
336 599 1
336 612 1
336 618 1
336 657 1
336 665 1
336 699 1
336 720 1
336 722 1
336 736 1
336 759 1
336 766 1
336 804 1
336 816 1
336 847 1
336 873 1
336 918 1
336 938 1
336 947 1
336 960 1
336 961 1
336 970 1
336 975 1
336 988 1
337 384 1
337 426 1
337 436 1
337 452 1
337 461 1
337 463 1
337 464 1
337 476 1
337 517 1
337 523 1
337 553 1
337 578 1
337 585 1
337 588 1
337 647 1
337 651 1
337 679 1
337 695 1
337 720 1
337 742 1
337 744 1
337 772 1
337 819 1
337 839 1
337 845 1
337 855 1
337 921 1
337 953 1
337 957 1
337 981 1
338 364 1
338 387 1
338 450 1
338 452 1
338 475 1
338 500 1
338 540 1
338 549 1
338 587 1
338 591 1
338 595 1
338 663 1
338 666 1
338 712 1
338 745 1
338 761 1
338 776 1
338 794 1
338 805 1
338 810 1
338 813 1
338 823 1
338 826 1
338 833 1
338 850 1
338 860 1
338 910 1
338 945 1
338 952 1
338 958 1
339 360 1
339 365 1
339 389 1
339 400 1
339 407 1
339 411 1
339 438 1
339 442 1
339 465 1
339 546 1
339 578 1
339 587 1
339 604 1
339 622 1
339 631 1
339 634 1
339 652 1
339 691 1
339 692 1
339 699 1
339 703 1
339 716 1
339 755 1
339 777 1
339 780 1
339 784 1
339 820 1
339 828 1
339 891 1
339 894 1
339 929 1
339 948 1
339 961 1
339 974 1
339 982 1
339 983 1
339 990 1
339 995 1
340 377 1
340 378 1
340 383 1
340 390 1
340 396 1
340 403 1
340 426 1
340 430 1
340 465 1
340 514 1
340 526 1
340 569 1
340 575 1
340 579 1
340 587 1
340 589 1
340 661 1
340 707 1
340 721 1
340 737 1
340 761 1
340 780 1
340 782 1
340 785 1
340 786 1
340 818 1
340 820 1
340 833 1
340 844 1
340 856 1
340 858 1
340 867 1
340 881 1
340 912 1
340 920 1
340 950 1
340 981 1
341 366 1
341 408 1
341 439 1
341 514 1
341 533 1
341 558 1
341 610 1
341 614 1
341 616 1
341 634 1
341 680 1
341 681 1
341 690 1
341 709 1
341 722 1
341 728 1
341 729 1
341 755 1
341 790 1
341 846 1
341 852 1
341 871 1
341 877 1
341 888 1
341 894 1
341 910 1
341 952 1
341 955 1
341 968 1
341 987 1
341 988 1
342 394 1
342 403 1
342 412 1
342 452 1
342 468 1
342 472 1
342 488 1
342 516 1
342 548 1
342 552 1
342 557 1
342 576 1
342 604 1
342 625 1
342 648 1
342 673 1
342 687 1
342 688 1
342 699 1
342 707 1
342 710 1
342 711 1
342 803 1
342 825 1
342 839 1
342 848 1
342 849 1
342 893 1
342 896 1
342 924 1
342 929 1
342 934 1
342 952 1
342 972 1
342 993 1
343 349 1
343 361 1
343 380 1
343 413 1
343 457 1
343 470 1
343 475 1
343 491 1
343 502 1
343 509 1
343 511 1
343 520 1
343 522 1
343 523 1
343 561 1
343 563 1
343 564 1
343 571 1
343 578 1
343 583 1
343 602 1
343 607 1
343 631 1
343 637 1
343 646 1
343 649 1
343 650 1
343 654 1
343 658 1
343 720 1
343 742 1
343 749 1
343 768 1
343 791 1
343 805 1
343 856 1
343 861 1
343 868 1
343 923 1
343 995 1
344 347 1
344 365 1
344 369 1
344 372 1
344 402 1
344 448 1
344 452 1
344 494 1
344 509 1
344 514 1
344 527 1
344 538 1
344 551 1
344 560 1
344 583 1
344 612 1
344 625 1
344 637 1
344 675 1
344 705 1
344 721 1
344 742 1
344 766 1
344 774 1
344 796 1
344 806 1
344 816 1
344 847 1
344 873 1
344 893 1
344 909 1
344 930 1
344 934 1
344 938 1
344 948 1
344 960 1
344 961 1
344 971 1
344 989 1
345 396 1
345 468 1
345 488 1
345 513 1
345 515 1
345 571 1
345 587 1
345 592 1
345 604 1
345 664 1
345 676 1
345 695 1
345 738 1
345 762 1
345 777 1
345 788 1
345 789 1
345 791 1
345 806 1
345 825 1
345 829 1
345 859 1
345 911 1
345 919 1
345 921 1
345 977 1
346 362 1
346 374 1
346 375 1
346 399 1
346 404 1
346 424 1
346 489 1
346 490 1
346 500 1
346 518 1
346 525 1
346 534 1
346 536 1
346 538 1
346 544 1
346 581 1
346 624 1
346 630 1
346 634 1
346 654 1
346 658 1
346 671 1
346 690 1
346 714 1
346 940 1
346 975 1
346 978 1
346 987 1
347 373 1
347 390 1
347 401 1
347 414 1
347 436 1
347 440 1
347 466 1
347 513 1
347 517 1
347 518 1
347 592 1
347 593 1
347 607 1
347 635 1
347 647 1
347 656 1
347 671 1
347 674 1
347 677 1
347 684 1
347 720 1
347 729 1
347 781 1
347 784 1
347 799 1
347 811 1
347 819 1
347 887 1
347 911 1
347 914 1
347 917 1
347 944 1
347 949 1
347 968 1
347 969 1
347 987 1
348 415 1
348 437 1
348 438 1
348 472 1
348 478 1
348 507 1
348 522 1
348 564 1
348 568 1
348 597 1
348 662 1
348 773 1
348 774 1
348 787 1
348 831 1
348 850 1
348 874 1
348 886 1
348 905 1
348 909 1
348 936 1
348 961 1
348 982 1
348 983 1
349 351 1
349 370 1
349 403 1
349 420 1
349 421 1
349 428 1
349 435 1
349 454 1
349 468 1
349 475 1
349 489 1
349 519 1
349 546 1
349 575 1
349 580 1
349 583 1
349 610 1
349 620 1
349 627 1
349 649 1
349 661 1
349 672 1
349 680 1
349 748 1
349 768 1
349 770 1
349 784 1
349 813 1
349 831 1
349 858 1
349 867 1
349 875 1
349 876 1
349 922 1
349 931 1
349 932 1
349 939 1
350 356 1
350 358 1
350 399 1
350 403 1
350 415 1
350 419 1
350 431 1
350 470 1
350 502 1
350 509 1
350 547 1
350 593 1
350 641 1
350 646 1
350 650 1
350 655 1
350 712 1
350 719 1
350 732 1
350 739 1
350 747 1
350 751 1
350 772 1
350 774 1
350 813 1
350 826 1
350 829 1
350 878 1
350 886 1
350 891 1
350 905 1
350 914 1
350 933 1
350 941 1
350 954 1
350 959 1
350 969 1
351 399 1
351 419 1
351 429 1
351 475 1
351 496 1
351 499 1
351 501 1
351 509 1
351 517 1
351 522 1
351 523 1
351 542 1
351 571 1
351 600 1
351 603 1
351 640 1
351 663 1
351 754 1
351 756 1
351 764 1
351 773 1
351 778 1
351 817 1
351 846 1
351 868 1
351 917 1
351 964 1
351 965 1
351 993 1
351 999 1
352 362 1
352 374 1
352 390 1
352 393 1
352 397 1
352 402 1
352 406 1
352 417 1
352 424 1
352 462 1
352 471 1
352 533 1
352 534 1
352 566 1
352 569 1
352 572 1
352 576 1
352 581 1
352 619 1
352 621 1
352 636 1
352 654 1
352 665 1
352 677 1
352 692 1
352 694 1
352 748 1
352 776 1
352 784 1
352 793 1
352 794 1
352 807 1
352 824 1
352 861 1
352 868 1
352 872 1
352 918 1
352 940 1
352 960 1
352 979 1
353 371 1
353 392 1
353 414 1
353 436 1
353 478 1
353 479 1
353 536 1
353 558 1
353 576 1
353 597 1
353 601 1
353 614 1
353 616 1
353 656 1
353 699 1
353 734 1
353 736 1
353 772 1
353 776 1
353 800 1
353 874 1
353 905 1
353 914 1
353 930 1
353 960 1
354 359 1
354 377 1
354 378 1
354 414 1
354 430 1
354 445 1
354 479 1
354 491 1
354 510 1
354 518 1
354 531 1
354 532 1
354 540 1
354 580 1
354 582 1
354 672 1
354 752 1
354 802 1
354 842 1
354 860 1
354 897 1
354 958 1
355 362 1
355 384 1
355 417 1
355 420 1
355 452 1
355 471 1
355 472 1
355 516 1
355 533 1
355 573 1
355 581 1
355 628 1
355 634 1
355 657 1
355 670 1
355 684 1
355 687 1
355 690 1
355 734 1
355 751 1
355 755 1
355 759 1
355 814 1
355 826 1
355 833 1
355 844 1
355 869 1
355 886 1
355 901 1
355 929 1
355 931 1
355 950 1
355 956 1
355 984 1
356 390 1
356 410 1
356 414 1
356 458 1
356 480 1
356 513 1
356 540 1
356 545 1
356 569 1
356 636 1
356 641 1
356 663 1
356 725 1
356 727 1
356 771 1
356 777 1
356 784 1
356 857 1
356 860 1
356 866 1
356 887 1
356 899 1
356 951 1
356 986 1
357 371 1
357 383 1
357 432 1
357 455 1
357 458 1
357 478 1
357 523 1
357 529 1
357 532 1
357 538 1
357 584 1
357 610 1
357 620 1
357 634 1
357 644 1
357 668 1
357 675 1
357 722 1
357 735 1
357 744 1
357 746 1
357 772 1
357 788 1
357 801 1
357 804 1
357 806 1
357 827 1
357 841 1
357 881 1
357 904 1
357 914 1
357 948 1
357 960 1
357 969 1
357 970 1
357 976 1
357 981 1
358 371 1
358 375 1
358 448 1
358 500 1
358 507 1
358 511 1
358 527 1
358 549 1
358 557 1
358 585 1
358 637 1
358 669 1
358 675 1
358 695 1
358 699 1
358 706 1
358 737 1
358 748 1
358 753 1
358 754 1
358 802 1
358 817 1
358 851 1
358 855 1
358 863 1
358 891 1
358 894 1
358 912 1
358 930 1
358 936 1
358 955 1
358 960 1
358 965 1
359 370 1
359 372 1
359 391 1
359 410 1
359 416 1
359 426 1
359 452 1
359 457 1
359 490 1
359 508 1
359 516 1
359 529 1
359 539 1
359 546 1
359 547 1
359 550 1
359 564 1
359 580 1
359 588 1
359 613 1
359 614 1
359 616 1
359 672 1
359 700 1
359 711 1
359 715 1
359 716 1
359 729 1
359 734 1
359 740 1
359 747 1
359 769 1
359 783 1
359 879 1
359 893 1
359 927 1
359 945 1
359 989 1
360 381 1
360 419 1
360 486 1
360 496 1
360 499 1
360 533 1
360 567 1
360 577 1
360 651 1
360 657 1
360 676 1
360 677 1
360 683 1
360 690 1
360 692 1
360 716 1
360 723 1
360 727 1
360 742 1
360 745 1
360 765 1
360 776 1
360 783 1
360 785 1
360 798 1
360 846 1
360 858 1
360 892 1
360 930 1
360 934 1
360 962 1
360 979 1
361 378 1
361 429 1
361 434 1
361 436 1
361 441 1
361 458 1
361 485 1
361 510 1
361 568 1
361 570 1
361 779 1
361 817 1
361 820 1
361 838 1
361 854 1
361 872 1
361 904 1
361 913 1
361 942 1
361 952 1
361 956 1
361 977 1
361 993 1
361 998 1
362 394 1
362 401 1
362 431 1
362 445 1
362 469 1
362 481 1
362 523 1
362 534 1
362 590 1
362 603 1
362 620 1
362 645 1
362 664 1
362 667 1
362 726 1
362 734 1
362 735 1
362 737 1
362 740 1
362 755 1
362 773 1
362 812 1
362 836 1
362 851 1
362 904 1
362 919 1
362 940 1
362 941 1
362 987 1
363 381 1
363 405 1
363 413 1
363 420 1
363 426 1
363 434 1
363 451 1
363 456 1
363 519 1
363 521 1
363 540 1
363 551 1
363 560 1
363 593 1
363 603 1
363 613 1
363 624 1
363 656 1
363 674 1
363 680 1
363 692 1
363 700 1
363 802 1
363 806 1
363 821 1
363 830 1
363 842 1
363 847 1
363 854 1
363 871 1
363 876 1
363 878 1
363 882 1
363 883 1
363 907 1
363 919 1
363 933 1
363 962 1
363 989 1
363 996 1
364 371 1
364 376 1
364 377 1
364 394 1
364 403 1
364 407 1
364 430 1
364 460 1
364 469 1
364 472 1
364 491 1
364 503 1
364 535 1
364 572 1
364 574 1
364 601 1
364 633 1
364 647 1
364 671 1
364 695 1
364 707 1
364 771 1
364 772 1
364 783 1
364 789 1
364 808 1
364 811 1
364 827 1
364 869 1
364 886 1
364 895 1
364 896 1
364 919 1
364 938 1
364 945 1
364 953 1
364 964 1
364 965 1
364 998 1
365 414 1
365 432 1
365 434 1
365 472 1
365 513 1
365 539 1
365 550 1
365 551 1
365 572 1
365 598 1
365 607 1
365 645 1
365 648 1
365 659 1
365 705 1
365 708 1
365 761 1
365 763 1
365 790 1
365 806 1
365 809 1
365 838 1
365 858 1
365 892 1
365 903 1
365 917 1
365 930 1
365 946 1
365 977 1
365 993 1
366 376 1
366 381 1
366 383 1
366 408 1
366 415 1
366 418 1
366 434 1
366 442 1
366 450 1
366 483 1
366 502 1
366 524 1
366 563 1
366 565 1
366 588 1
366 591 1
366 599 1
366 606 1
366 615 1
366 616 1
366 632 1
366 696 1
366 698 1
366 710 1
366 719 1
366 735 1
366 736 1
366 749 1
366 767 1
366 780 1
366 817 1
366 874 1
366 912 1
366 914 1
366 931 1
366 978 1
367 369 1
367 377 1
367 399 1
367 431 1
367 439 1
367 450 1
367 453 1
367 471 1
367 479 1
367 490 1
367 516 1
367 531 1
367 574 1
367 583 1
367 594 1
367 625 1
367 643 1
367 648 1
367 655 1
367 679 1
367 698 1
367 706 1
367 708 1
367 756 1
367 761 1
367 784 1
367 791 1
367 797 1
367 836 1
367 849 1
367 893 1
367 899 1
367 925 1
367 950 1
367 977 1
367 978 1
367 983 1
367 998 1
368 371 1
368 384 1
368 396 1
368 411 1
368 432 1
368 433 1
368 483 1
368 527 1
368 543 1
368 611 1
368 621 1
368 650 1
368 807 1
368 809 1
368 840 1
368 849 1
368 861 1
368 911 1
368 932 1
368 962 1
368 963 1
368 975 1
368 998 1
369 374 1
369 429 1
369 456 1
369 459 1
369 467 1
369 469 1
369 478 1
369 513 1
369 546 1
369 553 1
369 575 1
369 576 1
369 587 1
369 607 1
369 623 1
369 642 1
369 680 1
369 706 1
369 759 1
369 779 1
369 784 1
369 791 1
369 833 1
369 856 1
369 866 1
369 883 1
369 888 1
369 912 1
369 942 1
369 951 1
369 972 1
370 394 1
370 398 1
370 437 1
370 475 1
370 485 1
370 554 1
370 597 1
370 607 1
370 630 1
370 634 1
370 638 1
370 655 1
370 731 1
370 739 1
370 768 1
370 776 1
370 813 1
370 835 1
370 886 1
370 888 1
370 914 1
370 925 1
371 381 1
371 388 1
371 402 1
371 440 1
371 468 1
371 469 1
371 477 1
371 515 1
371 525 1
371 591 1
371 595 1
371 616 1
371 625 1
371 680 1
371 696 1
371 716 1
371 780 1
371 796 1
371 827 1
371 871 1
371 876 1
371 880 1
371 898 1
371 907 1
371 947 1
371 948 1
371 958 1
371 960 1
372 406 1
372 409 1
372 420 1
372 432 1
372 450 1
372 457 1
372 458 1
372 462 1
372 502 1
372 522 1
372 604 1
372 625 1
372 627 1
372 649 1
372 650 1
372 658 1
372 660 1
372 670 1
372 671 1
372 757 1
372 758 1
372 784 1
372 800 1
372 836 1
372 855 1
372 878 1
372 923 1
372 995 1
373 406 1
373 416 1
373 442 1
373 456 1
373 457 1
373 498 1
373 504 1
373 528 1
373 588 1
373 652 1
373 657 1
373 658 1
373 700 1
373 714 1
373 720 1
373 742 1
373 743 1
373 746 1
373 754 1
373 790 1
373 805 1
373 871 1
373 954 1
373 961 1
373 969 1
373 993 1
373 996 1
374 425 1
374 438 1
374 500 1
374 507 1
374 515 1
374 547 1
374 554 1
374 574 1
374 593 1
374 640 1
374 673 1
374 694 1
374 704 1
374 729 1
374 775 1
374 800 1
374 804 1
374 837 1
374 840 1
374 845 1
374 847 1
374 877 1
374 889 1
374 898 1
374 913 1
374 946 1
374 948 1
374 951 1
374 990 1
375 379 1
375 385 1
375 412 1
375 419 1
375 421 1
375 463 1
375 480 1
375 481 1
375 492 1
375 495 1
375 499 1
375 582 1
375 583 1
375 598 1
375 609 1
375 619 1
375 639 1
375 642 1
375 647 1
375 691 1
375 729 1
375 763 1
375 773 1
375 784 1
375 809 1
375 822 1
375 840 1
375 942 1
375 943 1
375 952 1
375 958 1
375 959 1
376 405 1
376 411 1
376 439 1
376 447 1
376 468 1
376 473 1
376 474 1
376 475 1
376 509 1
376 594 1
376 604 1
376 611 1
376 622 1
376 639 1
376 694 1
376 713 1
376 720 1
376 723 1
376 727 1
376 750 1
376 759 1
376 778 1
376 854 1
376 875 1
376 932 1
377 380 1
377 389 1
377 417 1
377 420 1
377 426 1
377 440 1
377 449 1
377 512 1
377 519 1
377 525 1
377 589 1
377 591 1
377 597 1
377 602 1
377 625 1
377 644 1
377 661 1
377 691 1
377 695 1
377 698 1
377 739 1
377 755 1
377 776 1
377 791 1
377 792 1
377 819 1
377 852 1
377 868 1
377 869 1
377 901 1
377 916 1
377 939 1
377 975 1
378 389 1
378 414 1
378 421 1
378 430 1
378 431 1
378 483 1
378 492 1
378 498 1
378 524 1
378 532 1
378 536 1
378 544 1
378 548 1
378 592 1
378 599 1
378 607 1
378 641 1
378 647 1
378 685 1
378 694 1
378 700 1
378 704 1
378 711 1
378 732 1
378 804 1
378 824 1
378 840 1
378 845 1
378 871 1
378 895 1
378 911 1
378 917 1
378 945 1
378 969 1
378 971 1
378 977 1
378 979 1
378 1000 1
379 492 1
379 493 1
379 500 1
379 505 1
379 583 1
379 600 1
379 603 1
379 666 1
379 667 1
379 689 1
379 691 1
379 695 1
379 703 1
379 704 1
379 709 1
379 714 1
379 717 1
379 721 1
379 726 1
379 734 1
379 756 1
379 797 1
379 823 1
379 850 1
379 866 1
379 875 1
379 949 1
379 953 1
379 983 1
380 438 1
380 440 1
380 490 1
380 493 1
380 510 1
380 520 1
380 535 1
380 559 1
380 568 1
380 669 1
380 708 1
380 715 1
380 716 1
380 725 1
380 749 1
380 756 1
380 772 1
380 821 1
380 836 1
380 838 1
380 882 1
380 887 1
380 926 1
380 928 1
380 935 1
380 938 1
380 948 1
380 963 1
380 967 1
380 991 1
380 996 1
380 997 1
381 405 1
381 469 1
381 487 1
381 502 1
381 556 1
381 643 1
381 679 1
381 719 1
381 780 1
381 787 1
381 817 1
381 866 1
381 882 1
381 939 1
381 955 1
382 432 1
382 437 1
382 439 1
382 446 1
382 450 1
382 453 1
382 456 1
382 469 1
382 492 1
382 497 1
382 499 1
382 531 1
382 536 1
382 560 1
382 565 1
382 577 1
382 580 1
382 614 1
382 663 1
382 680 1
382 710 1
382 742 1
382 750 1
382 773 1
382 774 1
382 816 1
382 828 1
382 892 1
382 940 1
382 994 1
383 386 1
383 415 1
383 434 1
383 441 1
383 471 1
383 499 1
383 562 1
383 571 1
383 588 1
383 669 1
383 700 1
383 746 1
383 771 1
383 775 1
383 776 1
383 800 1
383 858 1
383 874 1
383 965 1
384 402 1
384 404 1
384 431 1
384 468 1
384 527 1
384 557 1
384 561 1
384 597 1
384 610 1
384 628 1
384 630 1
384 640 1
384 684 1
384 720 1
384 754 1
384 779 1
384 804 1
384 818 1
384 874 1
384 902 1
384 926 1
384 934 1
384 937 1
384 938 1
384 964 1
384 971 1
384 981 1
385 416 1
385 471 1
385 477 1
385 487 1
385 495 1
385 504 1
385 506 1
385 531 1
385 548 1
385 583 1
385 676 1
385 680 1
385 682 1
385 684 1
385 688 1
385 699 1
385 726 1
385 762 1
385 763 1
385 774 1
385 784 1
385 796 1
385 815 1
385 825 1
385 832 1
385 840 1
385 848 1
385 850 1
385 871 1
385 879 1
385 884 1
385 905 1
385 935 1
385 958 1
386 397 1
386 420 1
386 472 1
386 520 1
386 586 1
386 619 1
386 620 1
386 623 1
386 628 1
386 640 1
386 646 1
386 647 1
386 671 1
386 679 1
386 720 1
386 749 1
386 776 1
386 789 1
386 808 1
386 848 1
386 950 1
386 963 1
386 981 1
386 991 1
387 415 1
387 425 1
387 427 1
387 430 1
387 432 1
387 463 1
387 473 1
387 494 1
387 513 1
387 527 1
387 530 1
387 539 1
387 548 1
387 571 1
387 594 1
387 601 1
387 604 1
387 606 1
387 629 1
387 635 1
387 741 1
387 770 1
387 782 1
387 799 1
387 823 1
387 902 1
387 912 1
387 937 1
387 939 1
387 960 1
387 968 1
387 973 1
387 992 1
388 391 1
388 407 1
388 428 1
388 446 1
388 501 1
388 523 1
388 526 1
388 552 1
388 565 1
388 578 1
388 587 1
388 618 1
388 621 1
388 623 1
388 624 1
388 641 1
388 650 1
388 653 1
388 670 1
388 672 1
388 714 1
388 715 1
388 734 1
388 746 1
388 750 1
388 757 1
388 760 1
388 785 1
388 818 1
388 828 1
388 851 1
388 870 1
388 885 1
388 906 1
388 911 1
388 964 1
389 445 1
389 450 1
389 462 1
389 465 1
389 525 1
389 534 1
389 561 1
389 566 1
389 569 1
389 590 1
389 600 1
389 604 1
389 609 1
389 637 1
389 672 1
389 681 1
389 702 1
389 729 1
389 754 1
389 792 1
389 826 1
389 840 1
389 847 1
389 862 1
389 873 1
389 966 1
390 404 1
390 407 1
390 443 1
390 463 1
390 470 1
390 506 1
390 549 1
390 567 1
390 588 1
390 600 1
390 635 1
390 649 1
390 658 1
390 748 1
390 782 1
390 831 1
390 832 1
390 840 1
390 855 1
390 899 1
390 908 1
390 914 1
390 925 1
390 945 1
391 434 1
391 442 1
391 464 1
391 467 1
391 479 1
391 500 1
391 536 1
391 560 1
391 572 1
391 603 1
391 604 1
391 621 1
391 643 1
391 649 1
391 665 1
391 666 1
391 690 1
391 702 1
391 721 1
391 769 1
391 777 1
391 810 1
391 824 1
391 829 1
391 852 1
391 882 1
391 925 1
391 939 1
391 941 1
391 943 1
391 959 1
391 971 1
391 972 1
391 994 1
392 429 1
392 449 1
392 454 1
392 479 1
392 486 1
392 500 1
392 505 1
392 516 1
392 572 1
392 579 1
392 620 1
392 647 1
392 686 1
392 690 1
392 696 1
392 703 1
392 747 1
392 773 1
392 792 1
392 794 1
392 819 1
392 841 1
392 881 1
392 940 1
392 966 1
393 395 1
393 404 1
393 428 1
393 472 1
393 494 1
393 506 1
393 508 1
393 581 1
393 588 1
393 663 1
393 672 1
393 693 1
393 731 1
393 795 1
393 814 1
393 834 1
393 849 1
393 860 1
393 868 1
393 871 1
393 874 1
393 890 1
393 899 1
393 900 1
393 904 1
393 911 1
393 927 1
393 970 1
393 975 1
393 982 1
393 998 1
394 452 1
394 461 1
394 469 1
394 488 1
394 499 1
394 519 1
394 522 1
394 535 1
394 540 1
394 546 1
394 551 1
394 557 1
394 565 1
394 598 1
394 603 1
394 614 1
394 623 1
394 624 1
394 625 1
394 662 1
394 685 1
394 706 1
394 734 1
394 793 1
394 803 1
394 810 1
394 818 1
394 862 1
394 888 1
394 928 1
394 935 1
394 945 1
394 981 1
394 990 1
395 402 1
395 414 1
395 421 1
395 438 1
395 469 1
395 522 1
395 538 1
395 577 1
395 585 1
395 591 1
395 604 1
395 634 1
395 637 1
395 648 1
395 677 1
395 693 1
395 696 1
395 712 1
395 723 1
395 735 1
395 751 1
395 760 1
395 777 1
395 786 1
395 814 1
395 846 1
395 851 1
395 860 1
395 872 1
395 882 1
395 924 1
395 925 1
395 926 1
395 980 1
396 411 1
396 431 1
396 439 1
396 448 1
396 487 1
396 508 1
396 511 1
396 526 1
396 562 1
396 563 1
396 595 1
396 597 1
396 602 1
396 626 1
396 652 1
396 685 1
396 704 1
396 719 1
396 724 1
396 741 1
396 756 1
396 772 1
396 793 1
396 803 1
396 819 1
396 821 1
396 825 1
396 826 1
396 837 1
396 882 1
396 947 1
396 962 1
396 989 1
397 453 1
397 471 1
397 495 1
397 499 1
397 501 1
397 542 1
397 564 1
397 578 1
397 585 1
397 605 1
397 615 1
397 641 1
397 649 1
397 678 1
397 702 1
397 716 1
397 745 1
397 754 1
397 764 1
397 797 1
397 801 1
397 803 1
397 842 1
397 847 1
397 910 1
397 918 1
397 939 1
397 950 1
397 960 1
397 1000 1
398 456 1
398 457 1
398 467 1
398 480 1
398 493 1
398 497 1
398 512 1
398 514 1
398 517 1
398 553 1
398 558 1
398 612 1
398 627 1
398 639 1
398 644 1
398 661 1
398 725 1
398 726 1
398 731 1
398 739 1
398 760 1
398 767 1
398 772 1
398 874 1
398 917 1
398 919 1
398 940 1
398 943 1
398 951 1
398 961 1
398 977 1
398 996 1
399 400 1
399 402 1
399 406 1
399 428 1
399 432 1
399 446 1
399 529 1
399 536 1
399 538 1
399 542 1
399 579 1
399 592 1
399 603 1
399 619 1
399 625 1
399 683 1
399 690 1
399 733 1
399 740 1
399 756 1
399 760 1
399 814 1
399 823 1
399 860 1
399 915 1
399 930 1
399 983 1
400 450 1
400 503 1
400 510 1
400 547 1
400 567 1
400 584 1
400 616 1
400 626 1
400 634 1
400 673 1
400 682 1
400 688 1
400 710 1
400 716 1
400 731 1
400 775 1
400 791 1
400 798 1
400 799 1
400 832 1
400 870 1
400 875 1
400 883 1
400 885 1
400 896 1
400 921 1
400 963 1
401 404 1
401 440 1
401 456 1
401 462 1
401 501 1
401 510 1
401 535 1
401 558 1
401 563 1
401 564 1
401 585 1
401 589 1
401 597 1
401 625 1
401 665 1
401 699 1
401 727 1
401 748 1
401 753 1
401 783 1
401 835 1
401 837 1
401 852 1
401 861 1
401 908 1
401 934 1
402 433 1
402 445 1
402 475 1
402 532 1
402 533 1
402 536 1
402 598 1
402 607 1
402 613 1
402 675 1
402 682 1
402 696 1
402 731 1
402 734 1
402 749 1
402 780 1
402 787 1
402 797 1
402 798 1
402 802 1
402 813 1
402 830 1
402 845 1
402 861 1
402 863 1
402 889 1
402 905 1
402 908 1
402 915 1
402 930 1
402 958 1
402 960 1
402 965 1
402 968 1
402 975 1
402 1000 1
403 409 1
403 413 1
403 485 1
403 501 1
403 517 1
403 525 1
403 535 1
403 536 1
403 557 1
403 579 1
403 582 1
403 618 1
403 671 1
403 683 1
403 694 1
403 708 1
403 757 1
403 758 1
403 776 1
403 778 1
403 785 1
403 799 1
403 804 1
403 825 1
403 852 1
403 875 1
403 946 1
403 974 1
403 981 1
403 983 1
403 996 1
404 415 1
404 423 1
404 441 1
404 445 1
404 468 1
404 500 1
404 501 1
404 530 1
404 569 1
404 579 1
404 583 1
404 621 1
404 636 1
404 651 1
404 681 1
404 709 1
404 756 1
404 759 1
404 797 1
404 810 1
404 817 1
404 819 1
404 821 1
404 831 1
404 874 1
404 920 1
404 978 1
405 421 1
405 486 1
405 496 1
405 518 1
405 519 1
405 524 1
405 526 1
405 534 1
405 570 1
405 578 1
405 589 1
405 603 1
405 617 1
405 619 1
405 630 1
405 637 1
405 642 1
405 643 1
405 680 1
405 701 1
405 702 1
405 719 1
405 761 1
405 792 1
405 795 1
405 819 1
405 853 1
405 864 1
405 873 1
405 895 1
405 905 1
405 918 1
405 941 1
405 951 1
405 960 1
405 984 1
406 411 1
406 424 1
406 467 1
406 486 1
406 493 1
406 494 1
406 502 1
406 573 1
406 610 1
406 613 1
406 629 1
406 631 1
406 639 1
406 678 1
406 775 1
406 833 1
406 858 1
406 878 1
406 886 1
406 930 1
406 940 1
406 982 1
406 986 1
406 987 1
407 423 1
407 432 1
407 479 1
407 482 1
407 505 1
407 553 1
407 582 1
407 589 1
407 592 1
407 602 1
407 620 1
407 624 1
407 659 1
407 660 1
407 699 1
407 701 1
407 728 1
407 747 1
407 790 1
407 823 1
407 841 1
407 844 1
407 855 1
407 857 1
407 867 1
407 871 1
407 873 1
407 883 1
407 910 1
407 918 1
407 946 1
407 973 1
407 979 1
407 984 1
407 988 1
407 1000 1
408 427 1
408 478 1
408 503 1
408 563 1
408 577 1
408 603 1
408 606 1
408 651 1
408 698 1
408 704 1
408 705 1
408 762 1
408 780 1
408 814 1
408 817 1
408 828 1
408 829 1
408 851 1
408 867 1
408 989 1
409 443 1
409 524 1
409 545 1
409 560 1
409 567 1
409 570 1
409 593 1
409 664 1
409 671 1
409 700 1
409 725 1
409 756 1
409 810 1
409 813 1
409 861 1
409 870 1
409 875 1
409 899 1
409 905 1
409 917 1
409 951 1
409 989 1
409 993 1
409 999 1
410 418 1
410 493 1
410 503 1
410 555 1
410 561 1
410 629 1
410 633 1
410 645 1
410 650 1
410 655 1
410 665 1
410 668 1
410 699 1
410 702 1
410 729 1
410 754 1
410 771 1
410 817 1
410 826 1
410 856 1
410 857 1
410 866 1
410 882 1
410 912 1
410 956 1
411 414 1
411 417 1
411 449 1
411 461 1
411 523 1
411 532 1
411 563 1
411 578 1
411 605 1
411 659 1
411 709 1
411 718 1
411 734 1
411 737 1
411 738 1
411 777 1
411 780 1
411 790 1
411 869 1
411 870 1
411 873 1
411 899 1
411 923 1
411 942 1
411 948 1
411 960 1
411 971 1
411 974 1
411 979 1
412 487 1
412 500 1
412 510 1
412 511 1
412 534 1
412 536 1
412 558 1
412 561 1
412 589 1
412 594 1
412 624 1
412 693 1
412 706 1
412 731 1
412 744 1
412 786 1
412 797 1
412 843 1
412 862 1
412 865 1
412 872 1
412 921 1
412 959 1
412 991 1
413 423 1
413 426 1
413 434 1
413 480 1
413 484 1
413 490 1
413 501 1
413 509 1
413 556 1
413 562 1
413 571 1
413 573 1
413 577 1
413 581 1
413 601 1
413 635 1
413 648 1
413 653 1
413 670 1
413 673 1
413 681 1
413 699 1
413 713 1
413 732 1
413 754 1
413 770 1
413 794 1
413 800 1
413 840 1
413 868 1
413 902 1
413 958 1
414 431 1
414 443 1
414 450 1
414 468 1
414 473 1
414 484 1
414 504 1
414 523 1
414 528 1
414 546 1
414 570 1
414 571 1
414 583 1
414 617 1
414 661 1
414 664 1
414 666 1
414 706 1
414 710 1
414 714 1
414 727 1
414 759 1
414 760 1
414 766 1
414 774 1
414 790 1
414 806 1
414 810 1
414 816 1
414 819 1
414 835 1
414 865 1
414 899 1
414 903 1
414 905 1
414 906 1
414 966 1
415 439 1
415 499 1
415 576 1
415 632 1
415 652 1
415 705 1
415 728 1
415 760 1
415 766 1
415 778 1
415 868 1
415 894 1
415 899 1
415 908 1
415 914 1
415 923 1
415 956 1
415 958 1
415 968 1
415 977 1
415 978 1
416 428 1
416 432 1
416 487 1
416 488 1
416 500 1
416 507 1
416 514 1
416 519 1
416 578 1
416 587 1
416 620 1
416 665 1
416 697 1
416 710 1
416 774 1
416 776 1
416 820 1
416 826 1
416 843 1
416 887 1
416 890 1
416 916 1
416 927 1
416 945 1
416 948 1
416 956 1
417 442 1
417 474 1
417 539 1
417 540 1
417 559 1
417 592 1
417 600 1
417 607 1
417 608 1
417 612 1
417 625 1
417 632 1
417 636 1
417 656 1
417 672 1
417 707 1
417 722 1
417 740 1
417 745 1
417 760 1
417 774 1
417 812 1
417 869 1
417 882 1
417 910 1
417 943 1
417 948 1
417 994 1
417 996 1
418 426 1
418 470 1
418 479 1
418 550 1
418 590 1
418 598 1
418 602 1
418 609 1
418 620 1
418 651 1
418 659 1
418 672 1
418 688 1
418 705 1
418 714 1
418 718 1
418 728 1
418 794 1
418 809 1
418 816 1
418 847 1
418 857 1
418 866 1
418 868 1
418 883 1
418 892 1
418 894 1
418 912 1
418 924 1
418 968 1
418 974 1
418 980 1
419 433 1
419 475 1
419 481 1
419 490 1
419 532 1
419 547 1
419 588 1
419 615 1
419 667 1
419 672 1
419 697 1
419 701 1
419 735 1
419 796 1
419 824 1
419 832 1
419 877 1
419 883 1
419 902 1
419 949 1
420 426 1
420 443 1
420 451 1
420 476 1
420 516 1
420 535 1
420 592 1
420 595 1
420 600 1
420 609 1
420 636 1
420 647 1
420 684 1
420 722 1
420 725 1
420 728 1
420 757 1
420 758 1
420 783 1
420 802 1
420 805 1
420 825 1
420 912 1
420 922 1
420 978 1
420 991 1
421 443 1
421 494 1
421 546 1
421 563 1
421 597 1
421 649 1
421 653 1
421 656 1
421 661 1
421 671 1
421 694 1
421 706 1
421 710 1
421 729 1
421 800 1
421 809 1
421 825 1
421 827 1
421 923 1
421 981 1
422 426 1
422 445 1
422 474 1
422 485 1
422 495 1
422 498 1
422 559 1
422 574 1
422 585 1
422 593 1
422 594 1
422 597 1
422 617 1
422 634 1
422 654 1
422 656 1
422 662 1
422 665 1
422 679 1
422 682 1
422 732 1
422 750 1
422 765 1
422 766 1
422 773 1
422 780 1
422 804 1
422 817 1
422 819 1
422 825 1
422 829 1
422 892 1
422 898 1
422 908 1
422 916 1
422 938 1
422 949 1
422 961 1
423 432 1
423 437 1
423 443 1
423 447 1
423 452 1
423 462 1
423 477 1
423 478 1
423 486 1
423 505 1
423 509 1
423 541 1
423 547 1
423 564 1
423 578 1
423 587 1
423 604 1
423 638 1
423 674 1
423 675 1
423 695 1
423 711 1
423 715 1
423 780 1
423 835 1
423 839 1
423 840 1
423 849 1
423 889 1
423 891 1
423 918 1
423 928 1
423 997 1
424 436 1
424 484 1
424 490 1
424 502 1
424 526 1
424 542 1
424 543 1
424 546 1
424 564 1
424 602 1
424 652 1
424 653 1
424 663 1
424 671 1
424 678 1
424 685 1
424 746 1
424 748 1
424 749 1
424 791 1
424 803 1
424 827 1
424 840 1
424 851 1
424 864 1
424 897 1
424 906 1
424 936 1
424 944 1
425 429 1
425 447 1
425 500 1
425 502 1
425 505 1
425 513 1
425 526 1
425 644 1
425 648 1
425 652 1
425 656 1
425 659 1
425 739 1
425 771 1
425 816 1
425 826 1
425 845 1
425 897 1
425 902 1
425 907 1
425 912 1
425 915 1
425 925 1
425 944 1
425 946 1
425 951 1
425 959 1
426 499 1
426 521 1
426 529 1
426 614 1
426 642 1
426 678 1
426 684 1
426 685 1
426 721 1
426 740 1
426 741 1
426 781 1
426 795 1
426 822 1
426 842 1
426 931 1
426 953 1
426 968 1
426 984 1
426 998 1
427 428 1
427 444 1
427 460 1
427 502 1
427 507 1
427 514 1
427 515 1
427 556 1
427 574 1
427 576 1
427 603 1
427 625 1
427 626 1
427 627 1
427 666 1
427 668 1
427 689 1
427 699 1
427 700 1
427 707 1
427 719 1
427 730 1
427 739 1
427 748 1
427 786 1
427 792 1
427 807 1
427 820 1
427 953 1
427 994 1
428 441 1
428 454 1
428 460 1
428 461 1
428 470 1
428 512 1
428 531 1
428 540 1
428 555 1
428 588 1
428 618 1
428 622 1
428 640 1
428 643 1
428 678 1
428 681 1
428 689 1
428 706 1
428 755 1
428 774 1
428 779 1
428 788 1
428 794 1
428 796 1
428 798 1
428 806 1
428 807 1
428 821 1
428 845 1
428 859 1
428 861 1
428 892 1
428 912 1
428 995 1
428 996 1
429 437 1
429 445 1
429 453 1
429 469 1
429 501 1
429 533 1
429 608 1
429 650 1
429 656 1
429 661 1
429 683 1
429 694 1
429 709 1
429 751 1
429 774 1
429 776 1
429 779 1
429 824 1
429 831 1
429 843 1
429 853 1
429 956 1
429 957 1
429 962 1
429 963 1
429 967 1
430 450 1
430 491 1
430 492 1
430 537 1
430 589 1
430 591 1
430 599 1
430 613 1
430 682 1
430 685 1
430 687 1
430 688 1
430 716 1
430 738 1
430 740 1
430 771 1
430 772 1
430 773 1
430 808 1
430 831 1
430 899 1
430 937 1
430 971 1
430 981 1
430 985 1
430 987 1
431 437 1
431 447 1
431 486 1
431 523 1
431 580 1
431 585 1
431 592 1
431 594 1
431 662 1
431 684 1
431 721 1
431 750 1
431 758 1
431 812 1
431 845 1
431 857 1
431 860 1
431 863 1
431 898 1
431 918 1
431 928 1
431 931 1
431 941 1
431 979 1
431 985 1
431 988 1
431 990 1
432 436 1
432 452 1
432 463 1
432 475 1
432 498 1
432 520 1
432 535 1
432 550 1
432 569 1
432 578 1
432 585 1
432 617 1
432 681 1
432 685 1
432 755 1
432 793 1
432 795 1
432 831 1
432 841 1
432 880 1
432 944 1
432 967 1
432 975 1
433 448 1
433 495 1
433 509 1
433 516 1
433 518 1
433 538 1
433 539 1
433 577 1
433 615 1
433 619 1
433 663 1
433 667 1
433 695 1
433 716 1
433 717 1
433 734 1
433 735 1
433 739 1
433 801 1
433 803 1
433 815 1
433 822 1
433 905 1
433 923 1
433 937 1
433 944 1
433 997 1
434 452 1
434 500 1
434 513 1
434 518 1
434 522 1
434 539 1
434 550 1
434 557 1
434 566 1
434 573 1
434 579 1
434 627 1
434 677 1
434 703 1
434 721 1
434 747 1
434 785 1
434 812 1
434 822 1
434 836 1
434 879 1
434 883 1
434 891 1
434 929 1
434 942 1
434 943 1
434 947 1
435 444 1
435 453 1
435 470 1
435 472 1
435 479 1
435 487 1
435 489 1
435 500 1
435 509 1
435 519 1
435 528 1
435 563 1
435 676 1
435 714 1
435 797 1
435 801 1
435 802 1
435 818 1
435 841 1
435 845 1
435 852 1
435 869 1
435 912 1
435 916 1
435 936 1
435 937 1
435 938 1
435 948 1
436 465 1
436 495 1
436 501 1
436 524 1
436 534 1
436 580 1
436 582 1
436 583 1
436 604 1
436 610 1
436 633 1
436 650 1
436 658 1
436 681 1
436 704 1
436 727 1
436 742 1
436 767 1
436 800 1
436 820 1
436 823 1
436 844 1
436 845 1
436 853 1
436 888 1
436 897 1
436 901 1
436 966 1
436 967 1
437 493 1
437 494 1
437 523 1
437 531 1
437 541 1
437 588 1
437 597 1
437 603 1
437 627 1
437 655 1
437 712 1
437 726 1
437 776 1
437 829 1
437 839 1
437 857 1
437 905 1
437 906 1
437 945 1
437 950 1
437 981 1
438 474 1
438 530 1
438 546 1
438 633 1
438 637 1
438 650 1
438 692 1
438 751 1
438 763 1
438 828 1
438 840 1
438 849 1
438 850 1
438 853 1
438 871 1
438 979 1
438 990 1
438 995 1
439 451 1
439 469 1
439 490 1
439 584 1
439 586 1
439 603 1
439 604 1
439 647 1
439 671 1
439 675 1
439 697 1
439 700 1
439 738 1
439 751 1
439 772 1
439 776 1
439 796 1
439 806 1
439 817 1
439 823 1
439 824 1
439 879 1
439 891 1
439 941 1
439 965 1
439 968 1
439 976 1
439 999 1
440 452 1
440 478 1
440 484 1
440 528 1
440 550 1
440 563 1
440 601 1
440 619 1
440 624 1
440 634 1
440 652 1
440 660 1
440 679 1
440 694 1
440 730 1
440 747 1
440 777 1
440 786 1
440 813 1
440 861 1
440 863 1
440 867 1
440 918 1
440 944 1
440 969 1
440 970 1
441 484 1
441 502 1
441 514 1
441 521 1
441 579 1
441 595 1
441 610 1
441 612 1
441 619 1
441 622 1
441 645 1
441 676 1
441 755 1
441 810 1
441 811 1
441 815 1
441 823 1
441 832 1
441 841 1
441 893 1
441 908 1
441 924 1
441 961 1
441 974 1
442 453 1
442 457 1
442 535 1
442 556 1
442 562 1
442 567 1
442 573 1
442 585 1
442 612 1
442 616 1
442 626 1
442 639 1
442 660 1
442 669 1
442 676 1
442 702 1
442 707 1
442 719 1
442 724 1
442 749 1
442 792 1
442 866 1
442 869 1
442 899 1
442 932 1
442 952 1
442 984 1
442 996 1
443 458 1
443 476 1
443 479 1
443 485 1
443 493 1
443 504 1
443 530 1
443 547 1
443 575 1
443 592 1
443 607 1
443 614 1
443 644 1
443 648 1
443 670 1
443 691 1
443 697 1
443 703 1
443 704 1
443 729 1
443 753 1
443 765 1
443 790 1
443 793 1
443 799 1
443 811 1
443 815 1
443 838 1
443 862 1
443 896 1
443 903 1
443 926 1
443 973 1
443 978 1
444 492 1
444 494 1
444 551 1
444 567 1
444 584 1
444 624 1
444 634 1
444 693 1
444 724 1
444 728 1
444 732 1
444 744 1
444 822 1
444 832 1
444 875 1
444 892 1
444 903 1
444 909 1
444 911 1
444 917 1
444 937 1
444 981 1
444 984 1
444 988 1
445 480 1
445 483 1
445 529 1
445 548 1
445 582 1
445 621 1
445 698 1
445 700 1
445 729 1
445 753 1
445 779 1
445 785 1
445 806 1
445 843 1
445 850 1
445 860 1
445 894 1
445 903 1
445 923 1
445 947 1
445 958 1
445 983 1
445 987 1
446 473 1
446 478 1
446 490 1
446 491 1
446 492 1
446 498 1
446 519 1
446 526 1
446 571 1
446 588 1
446 624 1
446 637 1
446 656 1
446 665 1
446 666 1
446 684 1
446 799 1
446 844 1
446 919 1
446 951 1
446 964 1
446 982 1
446 991 1
447 448 1
447 461 1
447 469 1
447 486 1
447 561 1
447 566 1
447 573 1
447 591 1
447 604 1
447 615 1
447 665 1
447 709 1
447 716 1
447 746 1
447 808 1
447 812 1
447 870 1
447 910 1
447 960 1
447 963 1
447 971 1
447 979 1
447 981 1
447 998 1
448 464 1
448 468 1
448 473 1
448 477 1
448 483 1
448 487 1
448 490 1
448 502 1
448 520 1
448 537 1
448 575 1
448 579 1
448 597 1
448 614 1
448 641 1
448 736 1
448 741 1
448 780 1
448 796 1
448 832 1
448 854 1
448 866 1
448 867 1
448 882 1
448 887 1
448 891 1
448 894 1
448 945 1
448 994 1
449 453 1
449 477 1
449 478 1
449 533 1
449 546 1
449 553 1
449 582 1
449 599 1
449 616 1
449 618 1
449 638 1
449 673 1
449 704 1
449 705 1
449 724 1
449 799 1
449 830 1
449 831 1
449 962 1
450 536 1
450 551 1
450 569 1
450 594 1
450 599 1
450 611 1
450 619 1
450 634 1
450 715 1
450 716 1
450 740 1
450 747 1
450 753 1
450 807 1
450 837 1
450 852 1
450 920 1
450 924 1
450 934 1
450 948 1
450 953 1
450 966 1
450 982 1
450 998 1
451 453 1
451 468 1
451 488 1
451 493 1
451 500 1
451 514 1
451 519 1
451 526 1
451 557 1
451 577 1
451 588 1
451 643 1
451 649 1
451 654 1
451 655 1
451 667 1
451 680 1
451 752 1
451 784 1
451 809 1
451 823 1
451 838 1
451 845 1
451 854 1
451 880 1
451 892 1
451 915 1
451 927 1
451 945 1
451 947 1
451 978 1
451 987 1
451 990 1
451 999 1
452 484 1
452 507 1
452 557 1
452 562 1
452 584 1
452 609 1
452 620 1
452 629 1
452 659 1
452 660 1
452 670 1
452 766 1
452 769 1
452 794 1
452 805 1
452 819 1
452 838 1
452 901 1
452 909 1
452 935 1
453 465 1
453 486 1
453 497 1
453 522 1
453 531 1
453 535 1
453 550 1
453 561 1
453 566 1
453 594 1
453 609 1
453 613 1
453 621 1
453 625 1
453 640 1
453 654 1
453 672 1
453 674 1
453 678 1
453 794 1
453 807 1
453 822 1
453 828 1
453 847 1
453 858 1
453 889 1
453 958 1
453 976 1
453 985 1
453 986 1
454 458 1
454 459 1
454 571 1
454 588 1
454 603 1
454 659 1
454 668 1
454 684 1
454 706 1
454 822 1
454 858 1
454 908 1
454 929 1
454 963 1
454 994 1
454 998 1
455 470 1
455 510 1
455 582 1
455 583 1
455 622 1
455 734 1
455 754 1
455 782 1
455 793 1
455 807 1
455 816 1
455 844 1
455 851 1
455 865 1
455 886 1
455 888 1
455 893 1
455 909 1
455 915 1
455 919 1
455 941 1
455 951 1
455 974 1
456 489 1
456 497 1
456 503 1
456 525 1
456 531 1
456 560 1
456 578 1
456 612 1
456 628 1
456 642 1
456 664 1
456 681 1
456 690 1
456 709 1
456 710 1
456 715 1
456 729 1
456 766 1
456 794 1
456 858 1
456 915 1
456 918 1
456 939 1
456 950 1
456 969 1
456 983 1
456 998 1
457 491 1
457 512 1
457 535 1
457 544 1
457 557 1
457 576 1
457 626 1
457 657 1
457 680 1
457 686 1
457 730 1
457 742 1
457 861 1
457 899 1
457 930 1
457 933 1
457 940 1
457 945 1
457 949 1
457 950 1
458 463 1
458 474 1
458 479 1
458 526 1
458 529 1
458 547 1
458 551 1
458 553 1
458 555 1
458 587 1
458 588 1
458 591 1
458 662 1
458 667 1
458 682 1
458 685 1
458 738 1
458 789 1
458 812 1
458 869 1
458 904 1
458 936 1
458 957 1
458 992 1
459 483 1
459 488 1
459 491 1
459 511 1
459 538 1
459 549 1
459 569 1
459 588 1
459 605 1
459 636 1
459 640 1
459 655 1
459 729 1
459 745 1
459 803 1
459 815 1
459 838 1
459 842 1
459 889 1
459 908 1
459 910 1
459 915 1
459 918 1
459 938 1
459 954 1
459 955 1
459 960 1
459 969 1
459 976 1
459 989 1
460 470 1
460 510 1
460 511 1
460 521 1
460 566 1
460 567 1
460 624 1
460 635 1
460 638 1
460 640 1
460 660 1
460 715 1
460 716 1
460 723 1
460 728 1
460 733 1
460 788 1
460 827 1
460 871 1
460 872 1
460 882 1
460 904 1
460 925 1
460 943 1
460 948 1
460 962 1
460 992 1
461 468 1
461 497 1
461 516 1
461 527 1
461 553 1
461 562 1
461 568 1
461 609 1
461 621 1
461 651 1
461 680 1
461 693 1
461 700 1
461 709 1
461 716 1
461 726 1
461 753 1
461 764 1
461 778 1
461 779 1
461 787 1
461 827 1
461 834 1
461 849 1
461 870 1
461 907 1
461 932 1
461 940 1
461 983 1
461 996 1
462 512 1
462 525 1
462 528 1
462 548 1
462 589 1
462 593 1
462 600 1
462 617 1
462 622 1
462 627 1
462 631 1
462 644 1
462 655 1
462 660 1
462 667 1
462 671 1
462 701 1
462 717 1
462 727 1
462 758 1
462 860 1
462 881 1
462 892 1
462 940 1
462 941 1
462 999 1
463 476 1
463 477 1
463 492 1
463 508 1
463 537 1
463 560 1
463 567 1
463 568 1
463 574 1
463 579 1
463 611 1
463 630 1
463 636 1
463 662 1
463 677 1
463 680 1
463 704 1
463 754 1
463 756 1
463 769 1
463 798 1
463 801 1
463 827 1
463 829 1
463 864 1
463 876 1
463 881 1
463 931 1
463 937 1
463 942 1
463 943 1
463 960 1
463 975 1
463 981 1
463 986 1
464 528 1
464 593 1
464 602 1
464 619 1
464 620 1
464 630 1
464 633 1
464 646 1
464 688 1
464 722 1
464 744 1
464 746 1
464 765 1
464 767 1
464 811 1
464 858 1
464 859 1
464 879 1
464 912 1
464 952 1
465 472 1
465 546 1
465 559 1
465 570 1
465 590 1
465 605 1
465 626 1
465 638 1
465 646 1
465 706 1
465 728 1
465 761 1
465 787 1
465 800 1
465 814 1
465 828 1
465 832 1
465 848 1
465 850 1
465 901 1
465 930 1
465 960 1
465 993 1
466 491 1
466 511 1
466 600 1
466 613 1
466 650 1
466 737 1
466 752 1
466 819 1
466 878 1
466 881 1
466 912 1
466 917 1
466 918 1
466 943 1
466 973 1
466 975 1
467 479 1
467 503 1
467 519 1
467 547 1
467 568 1
467 569 1
467 609 1
467 620 1
467 632 1
467 637 1
467 652 1
467 683 1
467 706 1
467 710 1
467 740 1
467 751 1
467 752 1
467 771 1
467 788 1
467 797 1
467 799 1
467 816 1
467 818 1
467 819 1
467 872 1
467 905 1
467 933 1
467 982 1
467 985 1
467 999 1
468 529 1
468 531 1
468 561 1
468 572 1
468 580 1
468 582 1
468 584 1
468 671 1
468 678 1
468 690 1
468 739 1
468 795 1
468 801 1
468 816 1
468 847 1
468 862 1
468 877 1
468 890 1
468 892 1
468 901 1
468 927 1
468 949 1
468 980 1
469 494 1
469 502 1
469 621 1
469 630 1
469 640 1
469 652 1
469 694 1
469 757 1
469 780 1
469 782 1
469 787 1
469 788 1
469 809 1
469 821 1
469 847 1
469 867 1
469 882 1
469 891 1
469 909 1
469 967 1
469 969 1
469 973 1
470 480 1
470 511 1
470 539 1
470 566 1
470 567 1
470 574 1
470 619 1
470 626 1
470 651 1
470 659 1
470 671 1
470 714 1
470 724 1
470 733 1
470 735 1
470 774 1
470 791 1
470 807 1
470 814 1
470 845 1
470 860 1
470 885 1
470 909 1
470 966 1
470 998 1
471 473 1
471 476 1
471 548 1
471 567 1
471 585 1
471 594 1
471 599 1
471 614 1
471 615 1
471 624 1
471 671 1
471 683 1
471 685 1
471 744 1
471 749 1
471 750 1
471 765 1
471 777 1
471 780 1
471 832 1
471 862 1
471 966 1
471 969 1
471 996 1
472 481 1
472 520 1
472 532 1
472 534 1
472 567 1
472 586 1
472 588 1
472 599 1
472 618 1
472 639 1
472 679 1
472 707 1
472 712 1
472 735 1
472 745 1
472 766 1
472 770 1
472 808 1
472 825 1
472 829 1
472 851 1
472 888 1
472 900 1
472 905 1
472 917 1
472 924 1
472 945 1
472 972 1
472 984 1
472 995 1
472 997 1
472 999 1
473 486 1
473 490 1
473 504 1
473 530 1
473 615 1
473 646 1
473 669 1
473 670 1
473 679 1
473 705 1
473 709 1
473 740 1
473 748 1
473 756 1
473 760 1
473 764 1
473 774 1
473 792 1
473 808 1
473 816 1
473 817 1
473 830 1
473 849 1
473 860 1
473 865 1
473 883 1
473 925 1
473 933 1
473 950 1
473 955 1
473 959 1
473 961 1
473 974 1
473 978 1
474 482 1
474 489 1
474 490 1
474 499 1
474 503 1
474 513 1
474 552 1
474 615 1
474 618 1
474 637 1
474 656 1
474 658 1
474 691 1
474 693 1
474 698 1
474 701 1
474 713 1
474 736 1
474 761 1
474 763 1
474 788 1
474 820 1
474 837 1
474 862 1
474 899 1
474 908 1
474 918 1
474 937 1
474 945 1
474 957 1
474 972 1
474 977 1
475 489 1
475 512 1
475 571 1
475 613 1
475 617 1
475 631 1
475 639 1
475 640 1
475 641 1
475 656 1
475 695 1
475 707 1
475 736 1
475 768 1
475 804 1
475 824 1
475 853 1
475 855 1
475 863 1
475 867 1
475 881 1
475 899 1
475 901 1
476 487 1
476 492 1
476 495 1
476 525 1
476 591 1
476 601 1
476 604 1
476 654 1
476 746 1
476 769 1
476 805 1
476 831 1
476 862 1
476 880 1
476 912 1
476 946 1
476 969 1
476 977 1
476 978 1
476 983 1
476 987 1
476 995 1
477 494 1
477 498 1
477 500 1
477 506 1
477 535 1
477 565 1
477 608 1
477 614 1
477 622 1
477 697 1
477 699 1
477 704 1
477 748 1
477 766 1
477 767 1
477 777 1
477 805 1
477 806 1
477 816 1
477 831 1
477 837 1
477 842 1
477 853 1
477 859 1
477 951 1
477 954 1
477 968 1
478 480 1
478 484 1
478 546 1
478 556 1
478 569 1
478 574 1
478 588 1
478 601 1
478 610 1
478 615 1
478 648 1
478 650 1
478 670 1
478 699 1
478 714 1
478 733 1
478 734 1
478 761 1
478 766 1
478 790 1
478 798 1
478 799 1
478 825 1
478 879 1
478 914 1
479 486 1
479 501 1
479 518 1
479 528 1
479 547 1
479 557 1
479 568 1
479 570 1
479 581 1
479 582 1
479 606 1
479 618 1
479 638 1
479 689 1
479 694 1
479 726 1
479 728 1
479 761 1
479 770 1
479 808 1
479 834 1
479 870 1
479 941 1
479 965 1
479 980 1
480 488 1
480 512 1
480 513 1
480 523 1
480 529 1
480 560 1
480 564 1
480 677 1
480 683 1
480 690 1
480 705 1
480 728 1
480 731 1
480 792 1
480 813 1
480 886 1
480 892 1
480 901 1
480 919 1
480 995 1
481 493 1
481 494 1
481 516 1
481 525 1
481 552 1
481 558 1
481 559 1
481 579 1
481 620 1
481 624 1
481 641 1
481 649 1
481 692 1
481 700 1
481 703 1
481 712 1
481 730 1
481 751 1
481 766 1
481 772 1
481 801 1
481 806 1
481 828 1
481 834 1
481 838 1
481 866 1
481 876 1
481 900 1
481 909 1
481 916 1
481 917 1
481 935 1
481 950 1
481 960 1
481 973 1
482 500 1
482 501 1
482 518 1
482 525 1
482 531 1
482 545 1
482 559 1
482 580 1
482 591 1
482 636 1
482 660 1
482 672 1
482 718 1
482 723 1
482 728 1
482 748 1
482 752 1
482 831 1
482 878 1
482 908 1
482 917 1
482 923 1
482 944 1
482 973 1
482 979 1
482 981 1
482 985 1
483 490 1
483 510 1
483 530 1
483 567 1
483 594 1
483 599 1
483 639 1
483 642 1
483 687 1
483 748 1
483 749 1
483 781 1
483 812 1
483 819 1
483 825 1
483 826 1
483 840 1
483 850 1
483 869 1
483 880 1
483 919 1
483 972 1
483 994 1
484 522 1
484 561 1
484 567 1
484 572 1
484 594 1
484 602 1
484 603 1
484 636 1
484 659 1
484 675 1
484 681 1
484 682 1
484 730 1
484 740 1
484 758 1
484 780 1
484 789 1
484 824 1
484 869 1
484 913 1
484 997 1
485 504 1
485 535 1
485 620 1
485 645 1
485 652 1
485 665 1
485 698 1
485 769 1
485 790 1
485 825 1
485 828 1
485 842 1
485 846 1
485 847 1
485 960 1
485 967 1
485 976 1
485 986 1
486 511 1
486 587 1
486 607 1
486 616 1
486 628 1
486 694 1
486 695 1
486 723 1
486 725 1
486 733 1
486 754 1
486 762 1
486 782 1
486 791 1
486 800 1
486 849 1
486 875 1
486 911 1
486 952 1
486 954 1
487 518 1
487 534 1
487 557 1
487 583 1
487 614 1
487 619 1
487 632 1
487 636 1
487 683 1
487 688 1
487 717 1
487 725 1
487 732 1
487 744 1
487 768 1
487 769 1
487 772 1
487 867 1
487 905 1
487 909 1
487 941 1
487 982 1
488 499 1
488 504 1
488 541 1
488 553 1
488 569 1
488 576 1
488 578 1
488 600 1
488 622 1
488 625 1
488 644 1
488 669 1
488 688 1
488 755 1
488 777 1
488 781 1
488 814 1
488 818 1
488 822 1
488 883 1
488 949 1
488 961 1
488 965 1
488 985 1
488 997 1
489 496 1
489 514 1
489 525 1
489 556 1
489 574 1
489 578 1
489 600 1
489 604 1
489 659 1
489 662 1
489 675 1
489 702 1
489 765 1
489 768 1
489 771 1
489 816 1
489 824 1
489 865 1
489 867 1
489 907 1
489 911 1
489 939 1
490 500 1
490 527 1
490 565 1
490 595 1
490 599 1
490 601 1
490 630 1
490 700 1
490 706 1
490 727 1
490 741 1
490 776 1
490 799 1
490 833 1
490 835 1
490 843 1
490 848 1
490 895 1
490 904 1
490 924 1
490 925 1
491 494 1
491 502 1
491 537 1
491 549 1
491 562 1
491 577 1
491 613 1
491 618 1
491 681 1
491 690 1
491 703 1
491 705 1
491 726 1
491 749 1
491 753 1
491 762 1
491 832 1
491 833 1
491 846 1
491 858 1
491 870 1
491 879 1
491 919 1
491 923 1
491 956 1
491 964 1
492 537 1
492 539 1
492 549 1
492 561 1
492 572 1
492 573 1
492 580 1
492 637 1
492 684 1
492 689 1
492 695 1
492 697 1
492 698 1
492 731 1
492 773 1
492 811 1
492 817 1
492 819 1
492 837 1
492 840 1
492 854 1
492 861 1
492 868 1
492 885 1
492 901 1
492 909 1
492 913 1
492 917 1
492 931 1
492 936 1
492 938 1
492 969 1
493 515 1
493 542 1
493 545 1
493 553 1
493 554 1
493 623 1
493 628 1
493 635 1
493 672 1
493 690 1
493 701 1
493 709 1
493 754 1
493 786 1
493 794 1
493 856 1
493 868 1
493 931 1
493 963 1
493 976 1
493 994 1
493 996 1
494 510 1
494 537 1
494 586 1
494 595 1
494 602 1
494 606 1
494 661 1
494 705 1
494 711 1
494 764 1
494 784 1
494 823 1
494 849 1
494 870 1
494 907 1
494 914 1
494 943 1
494 952 1
494 961 1
494 975 1
495 497 1
495 511 1
495 515 1
495 520 1
495 533 1
495 559 1
495 563 1
495 568 1
495 584 1
495 585 1
495 586 1
495 604 1
495 646 1
495 656 1
495 661 1
495 683 1
495 694 1
495 709 1
495 733 1
495 735 1
495 756 1
495 759 1
495 767 1
495 784 1
495 832 1
495 838 1
495 841 1
495 912 1
495 941 1
495 974 1
495 980 1
496 505 1
496 540 1
496 548 1
496 591 1
496 617 1
496 648 1
496 698 1
496 702 1
496 755 1
496 767 1
496 769 1
496 771 1
496 782 1
496 808 1
496 832 1
496 896 1
496 915 1
496 920 1
496 953 1
496 970 1
496 982 1
496 983 1
496 991 1
497 498 1
497 526 1
497 556 1
497 566 1
497 580 1
497 619 1
497 620 1
497 634 1
497 636 1
497 644 1
497 646 1
497 684 1
497 693 1
497 696 1
497 698 1
497 699 1
497 711 1
497 718 1
497 731 1
497 748 1
497 761 1
497 779 1
497 786 1
497 800 1
497 818 1
497 838 1
497 894 1
497 923 1
497 937 1
497 940 1
497 965 1
497 991 1
498 499 1
498 511 1
498 538 1
498 542 1
498 553 1
498 568 1
498 597 1
498 608 1
498 619 1
498 626 1
498 715 1
498 722 1
498 752 1
498 794 1
498 796 1
498 839 1
498 848 1
498 911 1
498 915 1
498 928 1
498 933 1
498 958 1
498 979 1
498 994 1
499 527 1
499 546 1
499 547 1
499 562 1
499 569 1
499 572 1
499 573 1
499 618 1
499 656 1
499 707 1
499 714 1
499 723 1
499 724 1
499 744 1
499 758 1
499 779 1
499 785 1
499 788 1
499 813 1
499 830 1
499 834 1
499 837 1
499 839 1
499 848 1
499 887 1
499 888 1
499 896 1
499 932 1
499 951 1
499 958 1
499 976 1
499 984 1
500 505 1
500 517 1
500 545 1
500 577 1
500 621 1
500 652 1
500 659 1
500 675 1
500 694 1
500 701 1
500 738 1
500 754 1
500 773 1
500 777 1
500 783 1
500 795 1
500 808 1
500 815 1
500 820 1
500 838 1
500 865 1
500 866 1
500 974 1
501 503 1
501 516 1
501 569 1
501 577 1
501 649 1
501 672 1
501 705 1
501 729 1
501 738 1
501 799 1
501 804 1
501 805 1
501 836 1
501 863 1
501 864 1
501 876 1
501 880 1
501 883 1
501 913 1
501 914 1
501 944 1
501 951 1
501 952 1
501 977 1
501 983 1
502 532 1
502 592 1
502 618 1
502 625 1
502 632 1
502 652 1
502 664 1
502 665 1
502 673 1
502 682 1
502 693 1
502 711 1
502 729 1
502 760 1
502 761 1
502 778 1
502 783 1
502 795 1
502 811 1
502 815 1
502 824 1
502 827 1
502 834 1
502 852 1
502 857 1
502 880 1
502 895 1
502 899 1
502 935 1
502 948 1
502 963 1
502 966 1
502 970 1
502 990 1
503 509 1
503 535 1
503 547 1
503 562 1
503 569 1
503 572 1
503 574 1
503 622 1
503 626 1
503 631 1
503 639 1
503 679 1
503 684 1
503 703 1
503 705 1
503 715 1
503 755 1
503 765 1
503 798 1
503 801 1
503 803 1
503 861 1
503 875 1
503 876 1
503 880 1
503 910 1
503 915 1
503 929 1
503 948 1
503 986 1
504 505 1
504 515 1
504 541 1
504 550 1
504 564 1
504 575 1
504 606 1
504 623 1
504 634 1
504 638 1
504 662 1
504 681 1
504 686 1
504 688 1
504 695 1
504 699 1
504 713 1
504 714 1
504 732 1
504 788 1
504 792 1
504 810 1
504 818 1
504 857 1
504 873 1
504 907 1
504 939 1
504 948 1
504 968 1
505 564 1
505 566 1
505 659 1
505 662 1
505 684 1
505 706 1
505 787 1
505 788 1
505 834 1
505 851 1
505 869 1
505 877 1
505 896 1
505 910 1
505 936 1
505 967 1
505 968 1
505 994 1
505 1000 1
506 573 1
506 576 1
506 605 1
506 627 1
506 676 1
506 680 1
506 712 1
506 731 1
506 749 1
506 759 1
506 767 1
506 770 1
506 775 1
506 787 1
506 827 1
506 870 1
506 911 1
506 915 1
506 924 1
506 925 1
506 936 1
506 945 1
506 948 1
506 962 1
506 970 1
506 976 1
506 977 1
506 980 1
506 985 1
506 996 1
507 529 1
507 546 1
507 586 1
507 645 1
507 671 1
507 681 1
507 706 1
507 779 1
507 784 1
507 792 1
507 801 1
507 835 1
507 874 1
507 878 1
507 884 1
507 947 1
507 956 1
507 982 1
507 985 1
508 565 1
508 575 1
508 629 1
508 632 1
508 657 1
508 762 1
508 805 1
508 813 1
508 874 1
508 879 1
508 883 1
508 908 1
508 909 1
508 920 1
508 926 1
508 991 1
509 513 1
509 540 1
509 550 1
509 567 1
509 591 1
509 599 1
509 615 1
509 645 1
509 657 1
509 667 1
509 712 1
509 737 1
509 776 1
509 810 1
509 839 1
509 860 1
509 877 1
509 892 1
509 936 1
509 965 1
510 535 1
510 555 1
510 586 1
510 625 1
510 677 1
510 691 1
510 694 1
510 697 1
510 705 1
510 766 1
510 778 1
510 783 1
510 785 1
510 790 1
510 798 1
510 818 1
510 824 1
510 839 1
510 897 1
510 932 1
511 518 1
511 530 1
511 531 1
511 540 1
511 589 1
511 621 1
511 640 1
511 667 1
511 700 1
511 713 1
511 727 1
511 736 1
511 745 1
511 755 1
511 769 1
511 772 1
511 781 1
511 786 1
511 807 1
511 839 1
511 846 1
511 854 1
511 877 1
511 920 1
511 954 1
511 976 1
511 987 1
512 519 1
512 613 1
512 633 1
512 635 1
512 642 1
512 667 1
512 683 1
512 698 1
512 720 1
512 740 1
512 767 1
512 810 1
512 824 1
512 889 1
512 908 1
512 912 1
512 913 1
512 916 1
512 987 1
513 521 1
513 526 1
513 527 1
513 581 1
513 618 1
513 625 1
513 635 1
513 658 1
513 673 1
513 682 1
513 706 1
513 753 1
513 779 1
513 796 1
513 797 1
513 825 1
513 834 1
513 854 1
513 855 1
513 861 1
513 890 1
513 913 1
513 958 1
513 963 1
513 994 1
514 516 1
514 530 1
514 531 1
514 542 1
514 564 1
514 607 1
514 613 1
514 631 1
514 657 1
514 676 1
514 678 1
514 692 1
514 718 1
514 739 1
514 744 1
514 749 1
514 778 1
514 782 1
514 783 1
514 820 1
514 825 1
514 846 1
514 863 1
514 882 1
514 888 1
514 900 1
514 913 1
514 925 1
514 933 1
514 938 1
514 959 1
514 990 1
514 992 1
515 530 1
515 581 1
515 591 1
515 612 1
515 618 1
515 646 1
515 671 1
515 703 1
515 704 1
515 718 1
515 719 1
515 733 1
515 761 1
515 768 1
515 775 1
515 847 1
515 873 1
515 895 1
515 914 1
515 916 1
515 939 1
516 538 1
516 540 1
516 596 1
516 597 1
516 601 1
516 628 1
516 636 1
516 714 1
516 723 1
516 727 1
516 750 1
516 786 1
516 821 1
516 848 1
516 861 1
516 873 1
516 909 1
516 919 1
516 936 1
516 963 1
516 975 1
516 988 1
517 541 1
517 575 1
517 629 1
517 644 1
517 651 1
517 721 1
517 731 1
517 748 1
517 782 1
517 805 1
517 806 1
517 868 1
517 881 1
517 892 1
517 899 1
517 926 1
517 958 1
517 959 1
517 978 1
517 983 1
517 984 1
518 522 1
518 530 1
518 598 1
518 602 1
518 617 1
518 625 1
518 650 1
518 670 1
518 687 1
518 688 1
518 746 1
518 753 1
518 770 1
518 775 1
518 784 1
518 790 1
518 825 1
518 842 1
518 904 1
518 937 1
518 954 1
519 535 1
519 552 1
519 560 1
519 561 1
519 582 1
519 617 1
519 630 1
519 637 1
519 660 1
519 673 1
519 675 1
519 718 1
519 746 1
519 791 1
519 799 1
519 805 1
519 812 1
519 832 1
519 850 1
519 872 1
519 884 1
519 911 1
519 924 1
519 936 1
519 969 1
519 980 1
519 985 1
520 532 1
520 534 1
520 568 1
520 587 1
520 595 1
520 597 1
520 615 1
520 643 1
520 646 1
520 712 1
520 735 1
520 754 1
520 763 1
520 855 1
520 869 1
520 919 1
520 927 1
520 934 1
520 960 1
521 542 1
521 562 1
521 574 1
521 590 1
521 608 1
521 611 1
521 617 1
521 624 1
521 644 1
521 650 1
521 714 1
521 716 1
521 771 1
521 788 1
521 789 1
521 812 1
521 814 1
521 890 1
521 898 1
521 902 1
521 944 1
521 962 1
521 972 1
521 996 1
522 526 1
522 555 1
522 582 1
522 585 1
522 723 1
522 737 1
522 756 1
522 758 1
522 763 1
522 764 1
522 766 1
522 776 1
522 789 1
522 792 1
522 848 1
522 860 1
522 880 1
522 893 1
522 935 1
522 952 1
522 957 1
522 977 1
522 982 1
523 529 1
523 541 1
523 560 1
523 574 1
523 612 1
523 647 1
523 650 1
523 686 1
523 712 1
523 733 1
523 736 1
523 751 1
523 777 1
523 789 1
523 845 1
523 886 1
523 894 1
523 929 1
523 938 1
523 974 1
523 987 1
524 551 1
524 594 1
524 596 1
524 642 1
524 653 1
524 660 1
524 664 1
524 709 1
524 770 1
524 800 1
524 802 1
524 804 1
524 823 1
524 827 1
524 830 1
524 879 1
524 881 1
524 883 1
524 892 1
524 899 1
524 956 1
524 1000 1
525 546 1
525 618 1
525 630 1
525 631 1
525 661 1
525 724 1
525 726 1
525 727 1
525 732 1
525 741 1
525 753 1
525 762 1
525 769 1
525 770 1
525 845 1
525 859 1
525 867 1
525 872 1
525 878 1
525 902 1
525 924 1
525 989 1
526 546 1
526 567 1
526 613 1
526 627 1
526 628 1
526 675 1
526 722 1
526 729 1
526 761 1
526 788 1
526 814 1
526 845 1
526 922 1
526 942 1
526 960 1
526 964 1
526 994 1
526 999 1
527 565 1
527 574 1
527 577 1
527 580 1
527 582 1
527 598 1
527 610 1
527 639 1
527 663 1
527 694 1
527 702 1
527 742 1
527 745 1
527 748 1
527 804 1
527 838 1
527 841 1
527 866 1
527 868 1
527 919 1
527 942 1
527 954 1
527 962 1
527 972 1
527 985 1
527 989 1
528 529 1
528 545 1
528 554 1
528 561 1
528 595 1
528 617 1
528 620 1
528 669 1
528 693 1
528 718 1
528 726 1
528 731 1
528 746 1
528 748 1
528 759 1
528 792 1
528 796 1
528 855 1
528 886 1
528 900 1
528 919 1
528 920 1
528 924 1
528 973 1
528 978 1
528 984 1
528 997 1
529 557 1
529 562 1
529 617 1
529 640 1
529 641 1
529 642 1
529 659 1
529 665 1
529 678 1
529 689 1
529 702 1
529 719 1
529 723 1
529 738 1
529 803 1
529 869 1
529 899 1
529 917 1
529 936 1
529 938 1
530 535 1
530 544 1
530 560 1
530 570 1
530 580 1
530 597 1
530 616 1
530 629 1
530 630 1
530 631 1
530 637 1
530 653 1
530 679 1
530 681 1
530 695 1
530 706 1
530 717 1
530 744 1
530 758 1
530 768 1
530 782 1
530 821 1
530 825 1
530 826 1
530 847 1
530 849 1
530 855 1
530 886 1
530 920 1
530 934 1
530 965 1
530 973 1
530 984 1
531 560 1
531 577 1
531 623 1
531 631 1
531 640 1
531 693 1
531 724 1
531 732 1
531 745 1
531 754 1
531 778 1
531 788 1
531 791 1
531 819 1
531 849 1
531 861 1
531 884 1
531 910 1
531 914 1
531 920 1
531 930 1
531 936 1
531 938 1
531 965 1
531 968 1
531 976 1
531 979 1
532 551 1
532 575 1
532 580 1
532 584 1
532 587 1
532 601 1
532 620 1
532 641 1
532 659 1
532 663 1
532 705 1
532 728 1
532 745 1
532 784 1
532 831 1
532 845 1
532 861 1
532 862 1
532 888 1
532 897 1
532 902 1
532 906 1
532 927 1
532 934 1
532 938 1
532 940 1
532 974 1
532 975 1
532 979 1
533 549 1
533 584 1
533 644 1
533 656 1
533 668 1
533 676 1
533 689 1
533 733 1
533 735 1
533 780 1
533 789 1
533 796 1
533 805 1
533 814 1
533 837 1
533 845 1
533 853 1
533 895 1
533 904 1
533 957 1
533 975 1
533 991 1
534 552 1
534 559 1
534 564 1
534 572 1
534 580 1
534 592 1
534 631 1
534 636 1
534 664 1
534 674 1
534 710 1
534 711 1
534 727 1
534 728 1
534 736 1
534 747 1
534 748 1
534 769 1
534 774 1
534 788 1
534 810 1
534 814 1
534 817 1
534 831 1
534 832 1
534 834 1
534 851 1
534 932 1
534 933 1
534 940 1
534 949 1
534 951 1
535 596 1
535 600 1
535 658 1
535 659 1
535 709 1
535 726 1
535 735 1
535 740 1
535 762 1
535 767 1
535 773 1
535 831 1
535 928 1
535 943 1
535 957 1
535 974 1
535 979 1
536 588 1
536 614 1
536 641 1
536 643 1
536 651 1
536 659 1
536 697 1
536 705 1
536 726 1
536 728 1
536 735 1
536 742 1
536 749 1
536 801 1
536 844 1
536 860 1
536 872 1
536 889 1
536 905 1
536 908 1
536 950 1
536 957 1
536 965 1
536 977 1
536 988 1
536 992 1
537 538 1
537 552 1
537 580 1
537 582 1
537 591 1
537 618 1
537 653 1
537 665 1
537 678 1
537 693 1
537 712 1
537 723 1
537 725 1
537 796 1
537 849 1
537 859 1
537 894 1
537 908 1
537 923 1
537 959 1
537 963 1
537 987 1
538 560 1
538 598 1
538 614 1
538 631 1
538 639 1
538 651 1
538 680 1
538 686 1
538 687 1
538 697 1
538 717 1
538 724 1
538 726 1
538 742 1
538 757 1
538 773 1
538 804 1
538 849 1
538 864 1
538 882 1
538 910 1
538 980 1
539 567 1
539 572 1
539 643 1
539 653 1
539 655 1
539 672 1
539 681 1
539 694 1
539 709 1
539 737 1
539 764 1
539 816 1
539 899 1
539 922 1
539 934 1
539 943 1
539 947 1
539 948 1
539 962 1
539 987 1
540 563 1
540 566 1
540 586 1
540 590 1
540 615 1
540 654 1
540 680 1
540 690 1
540 706 1
540 728 1
540 743 1
540 745 1
540 767 1
540 778 1
540 788 1
540 806 1
540 845 1
540 863 1
540 874 1
540 934 1
540 943 1
540 945 1
540 959 1
540 988 1
541 543 1
541 556 1
541 581 1
541 584 1
541 612 1
541 613 1
541 659 1
541 693 1
541 768 1
541 769 1
541 788 1
541 808 1
541 889 1
541 918 1
541 924 1
541 950 1
541 986 1
541 1000 1
542 558 1
542 570 1
542 584 1
542 651 1
542 653 1
542 661 1
542 664 1
542 672 1
542 721 1
542 730 1
542 769 1
542 835 1
542 836 1
542 845 1
542 870 1
542 876 1
542 901 1
542 907 1
542 908 1
542 931 1
542 934 1
542 954 1
542 970 1
543 548 1
543 552 1
543 583 1
543 618 1
543 643 1
543 648 1
543 651 1
543 668 1
543 671 1
543 689 1
543 728 1
543 742 1
543 756 1
543 811 1
543 817 1
543 827 1
543 828 1
543 838 1
543 855 1
543 872 1
543 896 1
543 898 1
543 952 1
543 953 1
543 963 1
543 986 1
543 993 1
544 551 1
544 563 1
544 568 1
544 581 1
544 589 1
544 601 1
544 613 1
544 616 1
544 651 1
544 657 1
544 661 1
544 699 1
544 741 1
544 822 1
544 832 1
544 853 1
544 854 1
544 859 1
544 871 1
544 875 1
544 906 1
544 926 1
544 963 1
544 985 1
544 987 1
545 555 1
545 557 1
545 569 1
545 571 1
545 577 1
545 592 1
545 731 1
545 771 1
545 780 1
545 902 1
545 905 1
545 945 1
545 950 1
545 976 1
545 996 1
546 608 1
546 614 1
546 625 1
546 626 1
546 632 1
546 638 1
546 669 1
546 781 1
546 784 1
546 798 1
546 804 1
546 812 1
546 840 1
546 942 1
546 966 1
547 549 1
547 552 1
547 562 1
547 573 1
547 581 1
547 629 1
547 679 1
547 680 1
547 691 1
547 695 1
547 733 1
547 748 1
547 754 1
547 764 1
547 783 1
547 798 1
547 827 1
547 845 1
547 848 1
547 854 1
547 889 1
547 895 1
547 918 1
547 919 1
547 939 1
547 945 1
548 554 1
548 574 1
548 586 1
548 591 1
548 599 1
548 613 1
548 620 1
548 671 1
548 673 1
548 683 1
548 739 1
548 775 1
548 787 1
548 808 1
548 815 1
548 819 1
548 837 1
548 842 1
548 854 1
548 867 1
548 897 1
548 908 1
548 910 1
548 927 1
548 929 1
548 940 1
548 983 1
548 986 1
549 608 1
549 624 1
549 683 1
549 703 1
549 733 1
549 751 1
549 768 1
549 784 1
549 811 1
549 838 1
549 847 1
549 848 1
549 854 1
549 864 1
549 877 1
549 891 1
549 894 1
549 902 1
549 903 1
549 926 1
549 988 1
550 557 1
550 558 1
550 575 1
550 609 1
550 617 1
550 621 1
550 664 1
550 678 1
550 695 1
550 708 1
550 732 1
550 746 1
550 759 1
550 786 1
550 864 1
550 878 1
550 882 1
550 922 1
550 965 1
550 966 1
550 969 1
550 992 1
550 994 1
551 565 1
551 584 1
551 587 1
551 611 1
551 678 1
551 702 1
551 721 1
551 745 1
551 782 1
551 788 1
551 804 1
551 825 1
551 881 1
551 902 1
551 933 1
551 977 1
551 982 1
551 987 1
551 994 1
552 554 1
552 558 1
552 567 1
552 583 1
552 601 1
552 610 1
552 663 1
552 673 1
552 680 1
552 695 1
552 714 1
552 727 1
552 728 1
552 730 1
552 764 1
552 783 1
552 807 1
552 816 1
552 820 1
552 825 1
552 844 1
552 868 1
552 884 1
552 894 1
552 913 1
552 954 1
552 959 1
552 961 1
552 977 1
552 982 1
553 565 1
553 569 1
553 589 1
553 602 1
553 604 1
553 605 1
553 611 1
553 651 1
553 712 1
553 735 1
553 751 1
553 755 1
553 756 1
553 777 1
553 782 1
553 809 1
553 815 1
553 853 1
553 873 1
553 908 1
553 922 1
553 931 1
553 941 1
553 954 1
554 558 1
554 568 1
554 571 1
554 572 1
554 601 1
554 625 1
554 639 1
554 653 1
554 676 1
554 677 1
554 737 1
554 748 1
554 765 1
554 776 1
554 823 1
554 847 1
554 851 1
554 876 1
554 880 1
554 887 1
554 889 1
554 941 1
554 943 1
554 944 1
554 952 1
554 971 1
554 972 1
554 984 1
555 561 1
555 599 1
555 603 1
555 621 1
555 648 1
555 657 1
555 687 1
555 714 1
555 748 1
555 811 1
555 830 1
555 846 1
555 877 1
555 887 1
555 920 1
555 931 1
555 933 1
555 943 1
555 959 1
555 961 1
555 983 1
556 598 1
556 619 1
556 685 1
556 719 1
556 721 1
556 724 1
556 729 1
556 739 1
556 755 1
556 764 1
556 854 1
556 856 1
556 873 1
556 880 1
556 888 1
556 916 1
556 917 1
556 934 1
556 936 1
556 973 1
556 997 1
557 562 1
557 563 1
557 568 1
557 590 1
557 615 1
557 662 1
557 702 1
557 718 1
557 727 1
557 728 1
557 812 1
557 815 1
557 882 1
557 905 1
557 941 1
557 961 1
557 982 1
558 559 1
558 626 1
558 652 1
558 677 1
558 682 1
558 689 1
558 737 1
558 742 1
558 755 1
558 774 1
558 775 1
558 776 1
558 802 1
558 809 1
558 815 1
558 846 1
558 860 1
558 889 1
558 900 1
558 929 1
558 930 1
558 960 1
558 967 1
558 968 1
558 971 1
558 974 1
558 986 1
559 589 1
559 599 1
559 618 1
559 644 1
559 645 1
559 658 1
559 669 1
559 690 1
559 699 1
559 711 1
559 766 1
559 796 1
559 801 1
559 813 1
559 815 1
559 822 1
559 854 1
559 859 1
559 903 1
559 921 1
559 924 1
559 939 1
559 991 1
560 582 1
560 590 1
560 613 1
560 638 1
560 647 1
560 674 1
560 680 1
560 728 1
560 756 1
560 771 1
560 774 1
560 783 1
560 817 1
560 821 1
560 836 1
560 843 1
560 860 1
560 873 1
560 894 1
560 900 1
560 919 1
560 928 1
560 950 1
560 952 1
561 563 1
561 623 1
561 663 1
561 702 1
561 705 1
561 712 1
561 726 1
561 734 1
561 806 1
561 814 1
561 823 1
561 840 1
561 885 1
561 909 1
561 916 1
561 921 1
561 956 1
561 957 1
561 971 1
561 978 1
562 600 1
562 602 1
562 610 1
562 613 1
562 635 1
562 658 1
562 664 1
562 689 1
562 703 1
562 715 1
562 748 1
562 772 1
562 829 1
562 831 1
562 836 1
562 855 1
562 859 1
562 888 1
562 898 1
562 910 1
562 922 1
562 930 1
562 949 1
562 961 1
562 965 1
562 967 1
563 588 1
563 604 1
563 630 1
563 646 1
563 675 1
563 708 1
563 796 1
563 798 1
563 831 1
563 844 1
563 849 1
563 853 1
563 907 1
563 929 1
563 984 1
564 600 1
564 665 1
564 671 1
564 693 1
564 694 1
564 708 1
564 750 1
564 761 1
564 772 1
564 780 1
564 785 1
564 792 1
564 816 1
564 881 1
564 892 1
564 904 1
564 923 1
564 932 1
564 938 1
564 960 1
564 963 1
564 974 1
565 615 1
565 617 1
565 635 1
565 655 1
565 662 1
565 666 1
565 721 1
565 730 1
565 741 1
565 753 1
565 767 1
565 786 1
565 792 1
565 796 1
565 812 1
565 841 1
565 854 1
565 893 1
565 922 1
565 937 1
565 954 1
565 958 1
566 568 1
566 579 1
566 589 1
566 598 1
566 612 1
566 627 1
566 634 1
566 649 1
566 668 1
566 683 1
566 698 1
566 701 1
566 725 1
566 726 1
566 728 1
566 775 1
566 792 1
566 799 1
566 818 1
566 842 1
566 846 1
566 916 1
566 945 1
566 984 1
567 608 1
567 609 1
567 624 1
567 625 1
567 666 1
567 689 1
567 722 1
567 731 1
567 773 1
567 811 1
567 830 1
567 835 1
567 857 1
567 934 1
567 936 1
567 980 1
568 579 1
568 600 1
568 607 1
568 610 1
568 647 1
568 660 1
568 670 1
568 692 1
568 700 1
568 713 1
568 737 1
568 785 1
568 793 1
568 804 1
568 813 1
568 820 1
568 834 1
568 835 1
568 847 1
568 862 1
568 873 1
568 884 1
568 910 1
568 924 1
568 934 1
568 967 1
568 981 1
569 570 1
569 601 1
569 621 1
569 651 1
569 708 1
569 725 1
569 825 1
569 836 1
569 845 1
569 854 1
569 886 1
569 887 1
569 914 1
569 928 1
569 976 1
569 997 1
570 573 1
570 600 1
570 612 1
570 627 1
570 693 1
570 714 1
570 719 1
570 747 1
570 769 1
570 793 1
570 819 1
570 825 1
570 840 1
570 862 1
570 881 1
570 950 1
570 964 1
571 597 1
571 619 1
571 623 1
571 642 1
571 652 1
571 653 1
571 712 1
571 723 1
571 739 1
571 741 1
571 800 1
571 829 1
571 835 1
571 857 1
571 882 1
571 899 1
571 922 1
571 925 1
571 931 1
571 934 1
571 960 1
571 976 1
571 989 1
571 994 1
572 617 1
572 627 1
572 644 1
572 670 1
572 671 1
572 680 1
572 684 1
572 722 1
572 732 1
572 743 1
572 748 1
572 772 1
572 804 1
572 811 1
572 813 1
572 817 1
572 894 1
572 902 1
572 939 1
572 962 1
572 963 1
572 978 1
572 985 1
572 988 1
573 580 1
573 589 1
573 616 1
573 656 1
573 720 1
573 721 1
573 746 1
573 765 1
573 766 1
573 784 1
573 788 1
573 820 1
573 860 1
573 869 1
573 878 1
573 910 1
573 930 1
573 934 1
573 935 1
573 939 1
573 952 1
573 983 1
573 987 1
574 577 1
574 588 1
574 619 1
574 629 1
574 642 1
574 647 1
574 652 1
574 721 1
574 730 1
574 735 1
574 746 1
574 756 1
574 759 1
574 762 1
574 765 1
574 783 1
574 830 1
574 860 1
574 886 1
574 897 1
574 899 1
574 914 1
574 933 1
574 948 1
575 587 1
575 596 1
575 597 1
575 598 1
575 611 1
575 626 1
575 649 1
575 673 1
575 701 1
575 739 1
575 752 1
575 758 1
575 763 1
575 770 1
575 832 1
575 840 1
575 878 1
575 901 1
575 918 1
575 921 1
575 996 1
576 587 1
576 588 1
576 607 1
576 614 1
576 626 1
576 630 1
576 638 1
576 663 1
576 727 1
576 735 1
576 765 1
576 767 1
576 799 1
576 802 1
576 804 1
576 829 1
576 868 1
576 873 1
576 885 1
576 893 1
576 896 1
576 909 1
576 921 1
576 944 1
576 958 1
576 964 1
576 965 1
576 984 1
576 985 1
576 998 1
577 585 1
577 611 1
577 645 1
577 650 1
577 679 1
577 741 1
577 747 1
577 751 1
577 791 1
577 793 1
577 795 1
577 806 1
577 815 1
577 817 1
577 828 1
577 845 1
577 852 1
577 857 1
577 874 1
577 894 1
577 901 1
577 920 1
577 939 1
577 964 1
577 992 1
577 995 1
578 586 1
578 619 1
578 714 1
578 732 1
578 734 1
578 788 1
578 797 1
578 812 1
578 824 1
578 825 1
578 847 1
578 882 1
578 901 1
578 902 1
578 919 1
578 924 1
578 978 1
579 594 1
579 596 1
579 636 1
579 640 1
579 658 1
579 696 1
579 745 1
579 748 1
579 757 1
579 758 1
579 795 1
579 804 1
579 838 1
579 868 1
579 894 1
579 923 1
579 940 1
579 952 1
579 954 1
579 981 1
580 602 1
580 612 1
580 625 1
580 638 1
580 646 1
580 647 1
580 669 1
580 699 1
580 733 1
580 736 1
580 782 1
580 784 1
580 790 1
580 791 1
580 794 1
580 802 1
580 820 1
580 882 1
580 928 1
580 949 1
580 956 1
580 972 1
580 994 1
581 616 1
581 619 1
581 622 1
581 624 1
581 625 1
581 626 1
581 655 1
581 656 1
581 657 1
581 677 1
581 684 1
581 705 1
581 726 1
581 827 1
581 898 1
581 906 1
581 946 1
581 967 1
581 968 1
582 585 1
582 613 1
582 649 1
582 652 1
582 672 1
582 693 1
582 695 1
582 702 1
582 712 1
582 726 1
582 729 1
582 733 1
582 737 1
582 821 1
582 948 1
582 958 1
582 964 1
582 980 1
583 588 1
583 598 1
583 602 1
583 623 1
583 634 1
583 641 1
583 673 1
583 683 1
583 691 1
583 696 1
583 697 1
583 758 1
583 760 1
583 762 1
583 768 1
583 800 1
583 803 1
583 854 1
583 947 1
583 964 1
584 606 1
584 607 1
584 611 1
584 616 1
584 617 1
584 619 1
584 622 1
584 624 1
584 649 1
584 674 1
584 700 1
584 743 1
584 758 1
584 766 1
584 773 1
584 778 1
584 798 1
584 810 1
584 858 1
584 915 1
584 935 1
584 939 1
584 983 1
584 994 1
584 998 1
585 592 1
585 628 1
585 646 1
585 651 1
585 722 1
585 727 1
585 735 1
585 739 1
585 863 1
585 885 1
585 892 1
585 897 1
585 910 1
585 931 1
585 940 1
585 941 1
585 951 1
585 962 1
585 973 1
585 977 1
585 982 1
586 607 1
586 615 1
586 689 1
586 699 1
586 706 1
586 720 1
586 761 1
586 762 1
586 810 1
586 822 1
586 841 1
586 844 1
586 861 1
586 871 1
586 878 1
586 892 1
586 947 1
586 961 1
587 651 1
587 657 1
587 663 1
587 682 1
587 683 1
587 691 1
587 711 1
587 745 1
587 807 1
587 834 1
587 850 1
587 864 1
587 877 1
587 890 1
587 935 1
587 955 1
587 982 1
587 984 1
587 991 1
588 639 1
588 657 1
588 709 1
588 765 1
588 840 1
588 855 1
588 858 1
588 859 1
588 860 1
588 870 1
588 909 1
588 929 1
588 939 1
588 952 1
588 956 1
588 969 1
589 609 1
589 621 1
589 657 1
589 677 1
589 686 1
589 783 1
589 790 1
589 793 1
589 812 1
589 821 1
589 828 1
589 841 1
589 848 1
589 856 1
589 859 1
589 861 1
589 868 1
589 884 1
589 938 1
589 944 1
589 961 1
589 964 1
589 967 1
589 980 1
589 998 1
590 614 1
590 618 1
590 626 1
590 633 1
590 640 1
590 655 1
590 679 1
590 705 1
590 748 1
590 752 1
590 783 1
590 811 1
590 858 1
590 861 1
590 906 1
590 959 1
590 975 1
590 998 1
591 592 1
591 611 1
591 633 1
591 699 1
591 738 1
591 742 1
591 757 1
591 791 1
591 829 1
591 832 1
591 855 1
591 948 1
591 972 1
591 979 1
591 983 1
591 992 1
592 611 1
592 620 1
592 621 1
592 626 1
592 648 1
592 654 1
592 679 1
592 704 1
592 751 1
592 759 1
592 761 1
592 773 1
592 776 1
592 794 1
592 795 1
592 841 1
592 861 1
592 875 1
592 904 1
592 914 1
592 943 1
592 947 1
592 978 1
593 600 1
593 613 1
593 635 1
593 636 1
593 648 1
593 664 1
593 694 1
593 709 1
593 744 1
593 755 1
593 784 1
593 787 1
593 800 1
593 801 1
593 831 1
593 847 1
593 855 1
593 881 1
593 885 1
593 909 1
593 925 1
593 932 1
593 936 1
593 952 1
593 958 1
594 603 1
594 613 1
594 634 1
594 638 1
594 651 1
594 667 1
594 668 1
594 683 1
594 693 1
594 722 1
594 743 1
594 783 1
594 793 1
594 833 1
594 868 1
594 873 1
594 874 1
594 898 1
594 902 1
594 931 1
594 968 1
595 624 1
595 665 1
595 674 1
595 694 1
595 714 1
595 741 1
595 760 1
595 808 1
595 818 1
595 825 1
595 827 1
595 834 1
595 839 1
595 872 1
595 892 1
595 909 1
595 948 1
595 976 1
595 987 1
595 998 1
596 644 1
596 731 1
596 740 1
596 751 1
596 757 1
596 758 1
596 790 1
596 801 1
596 804 1
596 818 1
596 829 1
596 843 1
596 844 1
596 852 1
596 916 1
596 952 1
596 953 1
596 962 1
596 984 1
596 989 1
596 996 1
597 618 1
597 629 1
597 642 1
597 675 1
597 694 1
597 738 1
597 756 1
597 761 1
597 766 1
597 796 1
597 815 1
597 820 1
597 841 1
597 852 1
597 864 1
597 925 1
597 947 1
598 680 1
598 692 1
598 773 1
598 778 1
598 787 1
598 788 1
598 841 1
598 852 1
598 870 1
598 873 1
598 883 1
598 889 1
598 894 1
598 906 1
598 909 1
598 912 1
598 948 1
598 978 1
599 600 1
599 615 1
599 648 1
599 720 1
599 729 1
599 730 1
599 765 1
599 796 1
599 801 1
599 839 1
599 888 1
599 890 1
599 910 1
599 917 1
599 956 1
599 968 1
599 988 1
599 1000 1
600 632 1
600 673 1
600 678 1
600 697 1
600 698 1
600 736 1
600 756 1
600 767 1
600 794 1
600 818 1
600 867 1
600 876 1
600 886 1
600 891 1
600 892 1
600 930 1
600 932 1
600 976 1
600 978 1
600 996 1
601 644 1
601 661 1
601 681 1
601 688 1
601 721 1
601 727 1
601 809 1
601 835 1
601 876 1
601 881 1
601 917 1
601 929 1
601 937 1
601 943 1
601 965 1
601 997 1
602 608 1
602 635 1
602 648 1
602 664 1
602 672 1
602 693 1
602 708 1
602 758 1
602 765 1
602 767 1
602 768 1
602 774 1
602 795 1
602 808 1
602 818 1
602 823 1
602 830 1
602 846 1
602 869 1
602 870 1
602 889 1
602 917 1
602 924 1
602 987 1
602 994 1
602 998 1
602 1000 1
603 630 1
603 653 1
603 659 1
603 664 1
603 677 1
603 684 1
603 730 1
603 740 1
603 756 1
603 763 1
603 787 1
603 847 1
603 850 1
603 862 1
603 865 1
603 883 1
603 894 1
603 914 1
603 931 1
603 943 1
603 953 1
603 990 1
604 605 1
604 615 1
604 641 1
604 725 1
604 726 1
604 748 1
604 776 1
604 787 1
604 819 1
604 836 1
604 866 1
604 876 1
604 878 1
604 888 1
604 904 1
604 908 1
605 638 1
605 647 1
605 695 1
605 720 1
605 755 1
605 758 1
605 785 1
605 823 1
605 843 1
605 855 1
605 865 1
605 904 1
605 919 1
605 923 1
605 982 1
605 991 1
606 610 1
606 623 1
606 628 1
606 639 1
606 679 1
606 682 1
606 713 1
606 719 1
606 759 1
606 778 1
606 802 1
606 805 1
606 843 1
606 865 1
606 869 1
606 870 1
606 872 1
606 922 1
606 925 1
606 948 1
606 952 1
606 955 1
606 978 1
606 982 1
606 994 1
606 995 1
607 621 1
607 624 1
607 627 1
607 651 1
607 673 1
607 685 1
607 708 1
607 730 1
607 735 1
607 781 1
607 783 1
607 788 1
607 795 1
607 796 1
607 810 1
607 837 1
607 839 1
607 879 1
607 898 1
607 930 1
607 967 1
608 617 1
608 675 1
608 685 1
608 717 1
608 721 1
608 733 1
608 786 1
608 804 1
608 817 1
608 825 1
608 834 1
608 836 1
608 840 1
608 892 1
608 928 1
608 958 1
608 962 1
608 980 1
608 985 1
609 638 1
609 643 1
609 684 1
609 717 1
609 757 1
609 780 1
609 883 1
609 899 1
609 908 1
609 924 1
609 938 1
609 969 1
609 981 1
610 620 1
610 674 1
610 701 1
610 703 1
610 750 1
610 781 1
610 821 1
610 827 1
610 841 1
610 848 1
610 849 1
610 851 1
610 897 1
610 936 1
610 948 1
610 949 1
610 969 1
610 985 1
610 999 1
611 632 1
611 637 1
611 638 1
611 645 1
611 655 1
611 659 1
611 669 1
611 676 1
611 692 1
611 696 1
611 730 1
611 795 1
611 893 1
611 907 1
611 915 1
611 925 1
611 932 1
611 951 1
611 966 1
611 973 1
611 982 1
611 999 1
612 627 1
612 713 1
612 732 1
612 772 1
612 790 1
612 809 1
612 815 1
612 878 1
612 919 1
612 921 1
612 939 1
612 947 1
612 958 1
613 638 1
613 640 1
613 659 1
613 663 1
613 670 1
613 699 1
613 717 1
613 735 1
613 743 1
613 752 1
613 765 1
613 817 1
613 820 1
613 837 1
613 852 1
613 879 1
613 900 1
613 907 1
613 908 1
613 929 1
614 616 1
614 631 1
614 639 1
614 642 1
614 653 1
614 655 1
614 659 1
614 664 1
614 679 1
614 701 1
614 733 1
614 736 1
614 739 1
614 745 1
614 752 1
614 783 1
614 803 1
614 828 1
614 874 1
614 875 1
614 902 1
614 907 1
614 939 1
614 946 1
615 622 1
615 626 1
615 635 1
615 650 1
615 664 1
615 776 1
615 795 1
615 806 1
615 834 1
615 837 1
615 859 1
615 897 1
615 958 1
615 995 1
616 630 1
616 638 1
616 676 1
616 688 1
616 690 1
616 711 1
616 744 1
616 782 1
616 847 1
616 855 1
616 887 1
616 930 1
617 629 1
617 650 1
617 662 1
617 741 1
617 756 1
617 817 1
617 878 1
617 882 1
617 888 1
617 892 1
617 904 1
617 915 1
617 939 1
617 958 1
618 620 1
618 659 1
618 679 1
618 689 1
618 721 1
618 754 1
618 763 1
618 765 1
618 779 1
618 807 1
618 861 1
618 879 1
618 906 1
618 936 1
618 964 1
618 997 1
619 639 1
619 759 1
619 765 1
619 800 1
619 822 1
619 837 1
619 842 1
619 859 1
619 868 1
619 873 1
619 904 1
619 933 1
619 943 1
619 960 1
619 974 1
619 976 1
619 978 1
619 994 1
620 624 1
620 635 1
620 647 1
620 673 1
620 684 1
620 720 1
620 730 1
620 749 1
620 768 1
620 790 1
620 793 1
620 813 1
620 846 1
620 862 1
620 863 1
620 880 1
620 907 1
620 912 1
620 915 1
620 917 1
620 922 1
620 939 1
620 991 1
620 994 1
621 632 1
621 657 1
621 671 1
621 680 1
621 710 1
621 727 1
621 744 1
621 786 1
621 803 1
621 824 1
621 829 1
621 858 1
621 859 1
621 895 1
621 915 1
621 956 1
621 979 1
621 993 1
621 998 1
622 654 1
622 656 1
622 687 1
622 715 1
622 729 1
622 730 1
622 738 1
622 740 1
622 750 1
622 779 1
622 793 1
622 811 1
622 812 1
622 821 1
622 837 1
622 853 1
622 874 1
622 896 1
622 920 1
622 925 1
622 934 1
622 942 1
622 988 1
622 991 1
623 664 1
623 694 1
623 710 1
623 749 1
623 871 1
623 874 1
623 900 1
623 923 1
623 965 1
623 984 1
624 633 1
624 652 1
624 677 1
624 701 1
624 722 1
624 737 1
624 759 1
624 784 1
624 791 1
624 792 1
624 795 1
624 806 1
624 842 1
624 910 1
624 918 1
624 953 1
624 982 1
624 985 1
625 630 1
625 660 1
625 676 1
625 687 1
625 696 1
625 699 1
625 717 1
625 763 1
625 839 1
625 855 1
625 875 1
625 876 1
625 888 1
625 893 1
625 896 1
625 929 1
625 935 1
625 937 1
625 938 1
625 963 1
625 980 1
625 989 1
625 992 1
626 642 1
626 654 1
626 662 1
626 681 1
626 692 1
626 723 1
626 733 1
626 766 1
626 771 1
626 786 1
626 789 1
626 794 1
626 814 1
626 819 1
626 828 1
626 856 1
626 910 1
626 935 1
626 940 1
626 982 1
626 997 1
627 645 1
627 665 1
627 683 1
627 692 1
627 752 1
627 761 1
627 775 1
627 850 1
627 865 1
627 883 1
627 933 1
627 962 1
627 988 1
628 637 1
628 641 1
628 664 1
628 690 1
628 765 1
628 770 1
628 782 1
628 806 1
628 817 1
628 825 1
628 837 1
628 847 1
628 869 1
628 890 1
628 976 1
629 638 1
629 644 1
629 646 1
629 735 1
629 781 1
629 790 1
629 821 1
629 824 1
629 833 1
629 847 1
629 870 1
629 877 1
629 882 1
629 885 1
629 887 1
629 888 1
629 912 1
629 945 1
630 653 1
630 665 1
630 705 1
630 715 1
630 758 1
630 776 1
630 777 1
630 826 1
630 864 1
630 906 1
630 953 1
630 971 1
631 638 1
631 643 1
631 677 1
631 693 1
631 696 1
631 737 1
631 794 1
631 803 1
631 865 1
631 869 1
631 879 1
631 914 1
631 972 1
631 974 1
631 978 1
631 994 1
632 634 1
632 675 1
632 683 1
632 695 1
632 706 1
632 709 1
632 739 1
632 752 1
632 793 1
632 798 1
632 800 1
632 821 1
632 822 1
632 867 1
632 912 1
632 943 1
632 957 1
632 991 1
633 636 1
633 654 1
633 674 1
633 686 1
633 704 1
633 705 1
633 719 1
633 737 1
633 808 1
633 820 1
633 825 1
633 827 1
633 886 1
633 952 1
633 968 1
634 710 1
634 726 1
634 744 1
634 805 1
634 809 1
634 831 1
634 854 1
634 856 1
634 865 1
634 881 1
634 930 1
634 995 1
635 716 1
635 722 1
635 755 1
635 760 1
635 772 1
635 822 1
635 828 1
635 830 1
635 873 1
635 885 1
635 896 1
635 900 1
635 930 1
635 959 1
635 961 1
636 668 1
636 670 1
636 685 1
636 688 1
636 689 1
636 712 1
636 713 1
636 738 1
636 816 1
636 849 1
636 874 1
636 880 1
636 893 1
636 922 1
636 926 1
636 935 1
636 936 1
636 946 1
636 960 1
636 976 1
637 647 1
637 650 1
637 700 1
637 733 1
637 739 1
637 776 1
637 783 1
637 790 1
637 798 1
637 809 1
637 811 1
637 828 1
637 845 1
637 855 1
637 871 1
637 906 1
637 930 1
637 945 1
637 949 1
637 955 1
637 985 1
638 652 1
638 657 1
638 695 1
638 702 1
638 707 1
638 723 1
638 731 1
638 743 1
638 757 1
638 770 1
638 784 1
638 813 1
638 841 1
638 850 1
638 873 1
638 904 1
638 911 1
638 919 1
638 922 1
638 960 1
638 964 1
639 664 1
639 682 1
639 758 1
639 807 1
639 810 1
639 813 1
639 821 1
639 844 1
639 876 1
639 896 1
639 897 1
639 915 1
639 969 1
639 974 1
639 976 1
639 979 1
640 654 1
640 655 1
640 667 1
640 701 1
640 766 1
640 776 1
640 803 1
640 805 1
640 820 1
640 863 1
640 864 1
640 865 1
640 899 1
640 943 1
640 952 1
640 953 1
640 982 1
640 996 1
641 645 1
641 731 1
641 804 1
641 841 1
641 853 1
641 866 1
641 897 1
641 942 1
642 698 1
642 764 1
642 795 1
642 808 1
642 811 1
642 836 1
642 849 1
642 853 1
642 949 1
642 952 1
642 966 1
642 977 1
642 981 1
642 992 1
643 656 1
643 707 1
643 711 1
643 731 1
643 752 1
643 765 1
643 766 1
643 767 1
643 768 1
643 773 1
643 792 1
643 852 1
643 877 1
643 909 1
643 935 1
643 975 1
643 983 1
643 991 1
643 993 1
643 998 1
644 672 1
644 678 1
644 683 1
644 693 1
644 705 1
644 721 1
644 820 1
644 822 1
644 827 1
644 843 1
644 874 1
644 886 1
644 899 1
645 657 1
645 680 1
645 682 1
645 699 1
645 706 1
645 707 1
645 799 1
645 821 1
645 831 1
645 860 1
645 899 1
645 914 1
645 936 1
645 962 1
646 658 1
646 666 1
646 675 1
646 680 1
646 681 1
646 686 1
646 708 1
646 729 1
646 742 1
646 756 1
646 764 1
646 823 1
646 904 1
646 906 1
646 916 1
646 931 1
646 932 1
646 1000 1
647 652 1
647 665 1
647 682 1
647 706 1
647 707 1
647 724 1
647 737 1
647 762 1
647 797 1
647 823 1
647 832 1
647 835 1
647 854 1
647 857 1
647 875 1
647 944 1
647 958 1
647 977 1
647 994 1
648 659 1
648 693 1
648 700 1
648 716 1
648 741 1
648 748 1
648 766 1
648 784 1
648 832 1
648 861 1
648 866 1
648 872 1
648 873 1
648 898 1
648 901 1
648 930 1
648 943 1
648 982 1
648 995 1
649 690 1
649 713 1
649 714 1
649 719 1
649 733 1
649 758 1
649 770 1
649 777 1
649 793 1
649 803 1
649 829 1
649 870 1
649 882 1
649 903 1
649 917 1
649 959 1
649 969 1
649 974 1
649 990 1
650 679 1
650 725 1
650 734 1
650 771 1
650 803 1
650 855 1
650 876 1
650 883 1
650 889 1
650 892 1
650 928 1
650 938 1
650 949 1
650 978 1
650 984 1
650 993 1
650 997 1
651 674 1
651 683 1
651 731 1
651 736 1
651 744 1
651 753 1
651 754 1
651 790 1
651 821 1
651 860 1
651 892 1
651 899 1
651 905 1
651 917 1
651 932 1
651 958 1
652 695 1
652 698 1
652 712 1
652 721 1
652 729 1
652 740 1
652 758 1
652 798 1
652 867 1
652 906 1
652 911 1
652 914 1
652 942 1
652 972 1
653 685 1
653 701 1
653 715 1
653 821 1
653 833 1
653 913 1
654 666 1
654 692 1
654 695 1
654 711 1
654 750 1
654 756 1
654 766 1
654 785 1
654 789 1
654 806 1
654 864 1
654 867 1
654 900 1
654 906 1
654 915 1
654 917 1
654 978 1
654 989 1
655 681 1
655 690 1
655 703 1
655 707 1
655 715 1
655 721 1
655 731 1
655 756 1
655 810 1
655 864 1
655 877 1
655 891 1
655 901 1
655 920 1
655 927 1
655 930 1
655 944 1
655 969 1
655 994 1
656 699 1
656 717 1
656 730 1
656 765 1
656 799 1
656 863 1
656 873 1
656 876 1
656 911 1
656 982 1
656 985 1
657 673 1
657 676 1
657 695 1
657 698 1
657 719 1
657 750 1
657 765 1
657 766 1
657 777 1
657 787 1
657 792 1
657 828 1
657 829 1
657 841 1
657 900 1
657 903 1
657 937 1
657 978 1
658 671 1
658 684 1
658 717 1
658 719 1
658 750 1
658 766 1
658 770 1
658 788 1
658 803 1
658 818 1
658 849 1
658 869 1
658 888 1
658 900 1
658 903 1
658 912 1
658 918 1
658 921 1
658 934 1
658 950 1
658 968 1
658 973 1
658 978 1
658 987 1
659 674 1
659 680 1
659 719 1
659 729 1
659 796 1
659 802 1
659 805 1
659 843 1
659 890 1
659 905 1
659 921 1
659 953 1
659 956 1
659 969 1
659 971 1
659 993 1
659 996 1
660 677 1
660 693 1
660 695 1
660 731 1
660 740 1
660 751 1
660 766 1
660 798 1
660 811 1
660 812 1
660 818 1
660 848 1
660 853 1
660 888 1
660 891 1
660 938 1
660 963 1
660 982 1
660 993 1
661 673 1
661 684 1
661 693 1
661 702 1
661 708 1
661 752 1
661 821 1
661 833 1
661 837 1
661 845 1
661 846 1
661 872 1
661 880 1
661 881 1
661 925 1
662 700 1
662 710 1
662 721 1
662 758 1
662 761 1
662 812 1
662 898 1
662 926 1
662 985 1
662 991 1
663 698 1
663 736 1
663 745 1
663 775 1
663 791 1
663 845 1
663 884 1
663 933 1
663 952 1
663 953 1
663 992 1
663 993 1
663 998 1
664 681 1
664 684 1
664 712 1
664 749 1
664 752 1
664 758 1
664 771 1
664 794 1
664 832 1
664 843 1
664 858 1
664 923 1
664 946 1
664 952 1
664 975 1
665 668 1
665 760 1
665 765 1
665 790 1
665 798 1
665 816 1
665 837 1
665 864 1
665 882 1
665 894 1
665 906 1
665 907 1
665 909 1
665 912 1
665 951 1
666 703 1
666 711 1
666 750 1
666 758 1
666 761 1
666 766 1
666 774 1
666 794 1
666 802 1
666 808 1
666 815 1
666 843 1
666 864 1
666 868 1
666 869 1
666 870 1
666 874 1
666 891 1
666 895 1
666 914 1
666 925 1
666 939 1
666 946 1
667 674 1
667 698 1
667 706 1
667 731 1
667 737 1
667 756 1
667 775 1
667 781 1
667 791 1
667 793 1
667 828 1
667 843 1
667 867 1
667 869 1
667 891 1
667 927 1
667 949 1
667 997 1
668 680 1
668 697 1
668 720 1
668 721 1
668 759 1
668 763 1
668 770 1
668 778 1
668 813 1
668 853 1
668 875 1
668 876 1
668 887 1
668 898 1
668 935 1
668 937 1
668 945 1
668 956 1
668 961 1
668 973 1
668 978 1
669 673 1
669 687 1
669 702 1
669 705 1
669 708 1
669 710 1
669 715 1
669 717 1
669 721 1
669 740 1
669 747 1
669 772 1
669 792 1
669 834 1
669 895 1
669 901 1
669 903 1
669 935 1
669 941 1
669 951 1
669 961 1
669 970 1
669 980 1
670 702 1
670 723 1
670 767 1
670 782 1
670 790 1
670 802 1
670 819 1
670 841 1
670 863 1
670 867 1
670 878 1
670 882 1
670 894 1
670 898 1
670 905 1
670 906 1
670 938 1
670 972 1
671 675 1
671 690 1
671 738 1
671 766 1
671 814 1
671 823 1
671 831 1
671 897 1
671 921 1
671 970 1
671 983 1
671 997 1
672 706 1
672 719 1
672 758 1
672 761 1
672 769 1
672 773 1
672 802 1
672 828 1
672 866 1
672 870 1
672 897 1
672 906 1
672 911 1
672 917 1
672 929 1
672 942 1
672 961 1
672 962 1
672 997 1
673 684 1
673 695 1
673 717 1
673 748 1
673 768 1
673 779 1
673 791 1
673 811 1
673 822 1
673 827 1
673 882 1
673 886 1
673 914 1
673 949 1
673 982 1
674 680 1
674 693 1
674 707 1
674 717 1
674 735 1
674 763 1
674 769 1
674 782 1
674 787 1
674 810 1
674 812 1
674 815 1
674 850 1
674 873 1
674 898 1
674 935 1
674 974 1
675 687 1
675 755 1
675 764 1
675 773 1
675 780 1
675 787 1
675 793 1
675 816 1
675 820 1
675 842 1
675 853 1
675 859 1
675 860 1
675 861 1
675 888 1
675 927 1
675 948 1
675 958 1
676 682 1
676 697 1
676 710 1
676 726 1
676 730 1
676 752 1
676 790 1
676 812 1
676 826 1
676 834 1
676 835 1
676 882 1
676 883 1
676 918 1
676 969 1
676 987 1
677 685 1
677 694 1
677 706 1
677 754 1
677 761 1
677 782 1
677 787 1
677 790 1
677 808 1
677 817 1
677 848 1
677 874 1
677 897 1
677 926 1
677 942 1
677 951 1
677 958 1
677 963 1
677 994 1
678 690 1
678 698 1
678 728 1
678 737 1
678 759 1
678 766 1
678 774 1
678 810 1
678 828 1
678 830 1
678 849 1
678 857 1
678 912 1
678 914 1
678 988 1
678 993 1
678 996 1
679 707 1
679 719 1
679 753 1
679 759 1
679 786 1
679 800 1
679 878 1
679 883 1
679 900 1
679 939 1
679 958 1
679 975 1
679 982 1
679 997 1
680 716 1
680 721 1
680 788 1
680 792 1
680 808 1
680 829 1
680 836 1
680 862 1
680 882 1
680 883 1
680 896 1
680 908 1
680 910 1
680 914 1
680 957 1
680 975 1
680 982 1
681 701 1
681 737 1
681 742 1
681 744 1
681 750 1
681 799 1
681 807 1
681 825 1
681 846 1
681 894 1
681 899 1
681 954 1
681 960 1
681 979 1
681 991 1
682 693 1
682 702 1
682 709 1
682 733 1
682 742 1
682 756 1
682 766 1
682 768 1
682 782 1
682 783 1
682 788 1
682 795 1
682 810 1
682 822 1
682 899 1
682 919 1
682 931 1
682 943 1
682 964 1
682 968 1
683 690 1
683 713 1
683 724 1
683 754 1
683 822 1
683 832 1
683 837 1
683 856 1
683 858 1
683 865 1
683 932 1
683 934 1
683 936 1
683 954 1
683 956 1
683 972 1
683 974 1
683 975 1
683 995 1
684 715 1
684 723 1
684 726 1
684 743 1
684 758 1
684 767 1
684 788 1
684 826 1
684 856 1
684 894 1
684 910 1
684 922 1
684 926 1
684 947 1
684 979 1
684 980 1
685 735 1
685 738 1
685 744 1
685 751 1
685 781 1
685 802 1
685 803 1
685 811 1
685 818 1
685 837 1
685 868 1
685 908 1
685 938 1
685 977 1
686 710 1
686 762 1
686 813 1
686 835 1
686 859 1
686 872 1
686 882 1
686 890 1
686 938 1
686 954 1
686 961 1
687 705 1
687 763 1
687 780 1
687 811 1
687 827 1
687 847 1
687 864 1
687 890 1
687 891 1
687 909 1
687 959 1
687 991 1
688 693 1
688 711 1
688 720 1
688 721 1
688 728 1
688 763 1
688 778 1
688 805 1
688 820 1
688 865 1
688 887 1
688 907 1
688 919 1
688 929 1
688 938 1
688 945 1
688 951 1
688 966 1
688 982 1
688 988 1
689 710 1
689 721 1
689 739 1
689 788 1
689 797 1
689 798 1
689 799 1
689 808 1
689 814 1
689 862 1
689 865 1
689 869 1
689 875 1
689 898 1
689 932 1
689 967 1
689 994 1
689 996 1
690 691 1
690 695 1
690 706 1
690 722 1
690 751 1
690 752 1
690 757 1
690 772 1
690 790 1
690 822 1
690 827 1
690 842 1
690 872 1
690 897 1
690 926 1
690 929 1
690 989 1
690 995 1
691 721 1
691 726 1
691 743 1
691 761 1
691 789 1
691 800 1
691 802 1
691 825 1
691 831 1
691 877 1
691 918 1
691 924 1
691 949 1
691 959 1
691 979 1
691 985 1
691 989 1
691 990 1
692 704 1
692 710 1
692 721 1
692 726 1
692 729 1
692 762 1
692 770 1
692 782 1
692 788 1
692 793 1
692 803 1
692 814 1
692 903 1
692 913 1
692 964 1
692 969 1
692 974 1
692 980 1
692 985 1
692 988 1
692 994 1
693 724 1
693 727 1
693 730 1
693 760 1
693 778 1
693 782 1
693 787 1
693 793 1
693 794 1
693 879 1
693 883 1
693 954 1
693 997 1
694 710 1
694 712 1
694 724 1
694 736 1
694 741 1
694 878 1
694 891 1
694 897 1
694 900 1
694 937 1
694 953 1
694 982 1
695 709 1
695 710 1
695 729 1
695 735 1
695 777 1
695 823 1
695 862 1
695 878 1
695 896 1
695 903 1
695 923 1
695 957 1
695 1000 1
696 699 1
696 709 1
696 780 1
696 781 1
696 789 1
696 798 1
696 881 1
696 887 1
696 902 1
696 914 1
696 927 1
696 945 1
696 955 1
696 976 1
696 980 1
697 720 1
697 728 1
697 732 1
697 774 1
697 782 1
697 885 1
697 899 1
697 968 1
697 971 1
697 977 1
697 984 1
698 706 1
698 707 1
698 711 1
698 741 1
698 789 1
698 866 1
698 980 1
699 706 1
699 842 1
699 843 1
699 857 1
699 859 1
699 869 1
699 890 1
699 894 1
699 901 1
699 918 1
699 992 1
700 701 1
700 713 1
700 724 1
700 746 1
700 765 1
700 801 1
700 851 1
700 867 1
700 883 1
700 955 1
701 723 1
701 736 1
701 818 1
701 823 1
701 824 1
701 831 1
701 849 1
701 858 1
701 885 1
701 892 1
701 893 1
701 901 1
701 913 1
701 928 1
701 955 1
701 958 1
701 961 1
701 972 1
701 981 1
702 761 1
702 791 1
702 830 1
702 839 1
702 853 1
702 919 1
702 988 1
703 728 1
703 742 1
703 747 1
703 752 1
703 772 1
703 774 1
703 796 1
703 803 1
703 833 1
703 839 1
703 846 1
703 864 1
703 876 1
703 887 1
703 893 1
703 911 1
703 965 1
703 966 1
703 973 1
703 983 1
703 994 1
704 719 1
704 729 1
704 754 1
704 777 1
704 825 1
704 826 1
704 835 1
704 900 1
704 963 1
704 982 1
704 998 1
705 712 1
705 725 1
705 736 1
705 759 1
705 902 1
705 950 1
705 952 1
706 710 1
706 757 1
706 760 1
706 761 1
706 767 1
706 770 1
706 772 1
706 780 1
706 838 1
706 853 1
706 882 1
706 929 1
706 958 1
706 970 1
706 984 1
707 718 1
707 781 1
707 837 1
707 853 1
707 860 1
707 861 1
707 882 1
707 886 1
707 940 1
707 950 1
707 986 1
708 714 1
708 722 1
708 779 1
708 819 1
708 829 1
708 843 1
708 867 1
708 890 1
708 921 1
708 975 1
709 717 1
709 746 1
709 749 1
709 759 1
709 774 1
709 805 1
709 809 1
709 839 1
709 846 1
709 851 1
709 859 1
709 875 1
709 879 1
709 888 1
709 894 1
709 901 1
709 909 1
709 928 1
709 947 1
709 980 1
710 745 1
710 798 1
710 819 1
710 824 1
710 857 1
710 859 1
710 868 1
710 872 1
710 888 1
710 898 1
710 916 1
710 952 1
710 982 1
711 713 1
711 730 1
711 760 1
711 793 1
711 841 1
711 852 1
711 902 1
711 907 1
711 941 1
711 962 1
711 963 1
712 730 1
712 758 1
712 779 1
712 782 1
712 786 1
712 794 1
712 841 1
712 852 1
712 860 1
712 958 1
712 975 1
712 990 1
713 717 1
713 770 1
713 801 1
713 806 1
713 898 1
713 909 1
713 919 1
713 920 1
713 923 1
713 935 1
713 945 1
713 975 1
713 976 1
714 780 1
714 785 1
714 817 1
714 843 1
714 854 1
714 863 1
714 920 1
714 923 1
714 925 1
714 940 1
714 971 1
715 730 1
715 735 1
715 756 1
715 774 1
715 776 1
715 810 1
715 857 1
715 864 1
715 878 1
715 882 1
715 885 1
715 903 1
715 904 1
715 927 1
715 934 1
715 963 1
715 987 1
716 718 1
716 722 1
716 737 1
716 739 1
716 749 1
716 758 1
716 778 1
716 809 1
716 812 1
716 847 1
716 854 1
716 859 1
716 889 1
716 900 1
716 902 1
716 973 1
716 977 1
716 979 1
717 757 1
717 789 1
717 825 1
717 827 1
717 830 1
717 849 1
717 853 1
717 859 1
717 874 1
717 887 1
717 966 1
717 992 1
717 999 1
718 742 1
718 759 1
718 762 1
718 770 1
718 813 1
718 862 1
718 864 1
718 871 1
718 904 1
718 943 1
718 952 1
718 998 1
719 728 1
719 736 1
719 768 1
719 790 1
719 799 1
719 845 1
719 852 1
719 865 1
719 883 1
719 884 1
719 887 1
719 957 1
719 967 1
719 995 1
720 729 1
720 782 1
720 797 1
720 824 1
720 836 1
720 853 1
720 857 1
720 881 1
720 888 1
720 948 1
720 958 1
720 983 1
721 724 1
721 738 1
721 824 1
721 825 1
721 835 1
721 869 1
721 883 1
721 929 1
721 930 1
721 954 1
721 969 1
721 972 1
721 978 1
721 980 1
721 995 1
722 732 1
722 740 1
722 759 1
722 764 1
722 775 1
722 793 1
722 806 1
722 844 1
722 857 1
722 879 1
722 886 1
722 927 1
722 963 1
723 726 1
723 750 1
723 770 1
723 776 1
723 784 1
723 796 1
723 826 1
723 830 1
723 840 1
723 868 1
723 905 1
723 912 1
723 922 1
723 933 1
723 950 1
723 974 1
724 736 1
724 782 1
724 792 1
724 799 1
724 809 1
724 845 1
724 872 1
724 886 1
724 898 1
724 913 1
724 954 1
724 985 1
724 998 1
724 1000 1
725 733 1
725 734 1
725 751 1
725 786 1
725 797 1
725 808 1
725 826 1
725 830 1
725 840 1
725 879 1
725 893 1
725 905 1
725 935 1
725 976 1
726 764 1
726 799 1
726 828 1
726 929 1
726 935 1
726 948 1
726 963 1
726 990 1
727 733 1
727 738 1
727 740 1
727 789 1
727 800 1
727 803 1
727 834 1
727 846 1
727 855 1
727 878 1
727 894 1
727 900 1
727 927 1
727 952 1
727 969 1
727 994 1
728 750 1
728 751 1
728 762 1
728 781 1
728 791 1
728 847 1
728 863 1
728 875 1
728 943 1
728 945 1
728 972 1
728 974 1
728 975 1
728 987 1
729 803 1
729 822 1
729 843 1
729 844 1
729 873 1
729 904 1
729 910 1
729 915 1
729 923 1
729 939 1
729 958 1
729 961 1
729 978 1
729 981 1
729 994 1
730 777 1
730 799 1
730 807 1
730 872 1
730 905 1
730 942 1
730 972 1
730 975 1
730 979 1
731 739 1
731 815 1
731 881 1
731 887 1
731 931 1
732 740 1
732 763 1
732 779 1
732 791 1
732 798 1
732 813 1
732 843 1
732 855 1
732 888 1
732 904 1
732 915 1
732 926 1
733 735 1
733 747 1
733 765 1
733 791 1
733 797 1
733 808 1
733 825 1
733 834 1
733 848 1
733 916 1
733 950 1
733 951 1
733 1000 1
734 736 1
734 739 1
734 745 1
734 769 1
734 794 1
734 867 1
734 882 1
734 924 1
734 934 1
734 967 1
734 975 1
734 978 1
734 992 1
735 836 1
735 840 1
735 844 1
735 859 1
735 860 1
735 878 1
735 908 1
735 920 1
735 921 1
735 946 1
735 953 1
735 989 1
735 995 1
736 751 1
736 766 1
736 783 1
736 788 1
736 790 1
736 796 1
736 817 1
736 821 1
736 829 1
736 846 1
736 886 1
736 894 1
736 898 1
736 918 1
736 925 1
736 944 1
736 955 1
736 963 1
736 965 1
736 967 1
736 978 1
736 1000 1
737 745 1
737 761 1
737 770 1
737 777 1
737 778 1
737 813 1
737 825 1
737 840 1
737 871 1
737 917 1
737 934 1
737 936 1
737 968 1
737 969 1
737 977 1
737 994 1
738 751 1
738 780 1
738 787 1
738 791 1
738 836 1
738 860 1
738 893 1
738 906 1
738 919 1
738 922 1
738 936 1
738 959 1
738 966 1
738 969 1
738 979 1
739 741 1
739 745 1
739 773 1
739 790 1
739 799 1
739 804 1
739 834 1
739 902 1
739 909 1
739 925 1
739 958 1
739 997 1
740 744 1
740 745 1
740 747 1
740 784 1
740 795 1
740 798 1
740 812 1
740 819 1
740 823 1
740 850 1
740 860 1
740 881 1
740 888 1
740 902 1
740 925 1
740 926 1
740 944 1
740 949 1
740 971 1
740 987 1
741 808 1
741 819 1
741 871 1
741 924 1
741 939 1
741 955 1
741 980 1
741 995 1
742 761 1
742 764 1
742 794 1
742 800 1
742 814 1
742 842 1
742 844 1
742 850 1
742 885 1
742 895 1
742 909 1
742 920 1
742 921 1
742 923 1
742 966 1
742 981 1
742 984 1
743 749 1
743 792 1
743 797 1
743 807 1
743 813 1
743 822 1
743 828 1
743 883 1
743 905 1
743 925 1
743 934 1
743 936 1
743 938 1
743 952 1
743 970 1
743 992 1
744 807 1
744 814 1
744 816 1
744 841 1
744 847 1
744 855 1
744 869 1
744 882 1
744 901 1
744 903 1
744 914 1
744 923 1
744 934 1
744 951 1
744 982 1
745 758 1
745 765 1
745 776 1
745 779 1
745 784 1
745 794 1
745 830 1
745 835 1
745 934 1
745 978 1
746 749 1
746 781 1
746 784 1
746 797 1
746 857 1
746 906 1
746 912 1
746 926 1
746 952 1
746 974 1
746 981 1
747 770 1
747 775 1
747 789 1
747 824 1
747 852 1
747 909 1
747 924 1
747 928 1
747 932 1
747 936 1
747 965 1
747 974 1
747 985 1
748 755 1
748 758 1
748 769 1
748 789 1
748 791 1
748 806 1
748 839 1
748 899 1
748 912 1
748 929 1
748 976 1
748 996 1
748 997 1
749 766 1
749 794 1
749 795 1
749 853 1
749 866 1
749 903 1
749 914 1
749 941 1
749 942 1
749 964 1
750 767 1
750 783 1
750 800 1
750 810 1
750 818 1
750 826 1
750 869 1
750 889 1
750 890 1
750 944 1
750 953 1
750 966 1
750 967 1
750 993 1
751 767 1
751 771 1
751 797 1
751 799 1
751 808 1
751 828 1
751 831 1
751 855 1
751 873 1
751 881 1
751 900 1
751 910 1
751 916 1
751 918 1
751 930 1
751 974 1
752 753 1
752 771 1
752 801 1
752 887 1
752 903 1
752 939 1
752 941 1
753 760 1
753 782 1
753 807 1
753 818 1
753 839 1
753 849 1
753 854 1
753 870 1
753 937 1
753 939 1
753 962 1
753 978 1
754 796 1
754 830 1
754 834 1
754 851 1
754 855 1
754 887 1
754 916 1
754 919 1
754 941 1
754 942 1
754 983 1
754 989 1
755 765 1
755 767 1
755 773 1
755 776 1
755 812 1
755 821 1
755 855 1
755 882 1
755 885 1
755 912 1
755 917 1
755 925 1
755 940 1
755 969 1
755 991 1
755 997 1
756 772 1
756 781 1
756 831 1
756 832 1
756 834 1
756 855 1
756 893 1
756 917 1
756 924 1
756 960 1
756 978 1
757 774 1
757 781 1
757 798 1
757 807 1
757 808 1
757 850 1
757 870 1
757 874 1
757 937 1
757 939 1
757 948 1
757 965 1
757 970 1
757 996 1
758 767 1
758 769 1
758 796 1
758 802 1
758 817 1
758 831 1
758 867 1
758 898 1
758 899 1
758 900 1
758 933 1
758 935 1
758 938 1
758 981 1
758 1000 1
759 770 1
759 778 1
759 785 1
759 794 1
759 813 1
759 815 1
759 823 1
759 846 1
759 849 1
759 854 1
759 877 1
759 887 1
759 902 1
759 912 1
759 927 1
759 973 1
760 793 1
760 812 1
760 818 1
760 846 1
760 860 1
760 885 1
760 913 1
760 927 1
760 928 1
760 935 1
760 952 1
761 767 1
761 790 1
761 794 1
761 803 1
761 805 1
761 822 1
761 828 1
761 833 1
761 851 1
761 864 1
761 867 1
761 868 1
761 876 1
761 944 1
761 955 1
761 974 1
761 980 1
761 987 1
762 770 1
762 789 1
762 791 1
762 831 1
762 833 1
762 848 1
762 851 1
762 887 1
762 914 1
762 917 1
762 929 1
762 971 1
762 992 1
763 786 1
763 791 1
763 807 1
763 811 1
763 852 1
763 867 1
763 888 1
763 893 1
763 927 1
763 929 1
763 931 1
763 963 1
763 972 1
763 977 1
763 990 1
764 772 1
764 780 1
764 804 1
764 874 1
764 888 1
764 900 1
764 901 1
764 921 1
764 941 1
764 985 1
765 769 1
765 779 1
765 806 1
765 818 1
765 821 1
765 838 1
765 886 1
765 904 1
765 915 1
765 929 1
765 932 1
765 954 1
765 975 1
765 993 1
766 777 1
766 798 1
766 801 1
766 808 1
766 856 1
766 862 1
766 873 1
766 880 1
766 891 1
766 900 1
766 905 1
766 970 1
766 975 1
766 986 1
767 815 1
767 831 1
767 870 1
767 901 1
767 947 1
768 773 1
768 785 1
768 790 1
768 800 1
768 801 1
768 817 1
768 821 1
768 838 1
768 840 1
768 863 1
768 935 1
768 952 1
768 973 1
768 975 1
768 992 1
769 782 1
769 805 1
769 813 1
769 830 1
769 895 1
769 981 1
769 988 1
769 997 1
770 824 1
770 875 1
770 923 1
770 938 1
770 940 1
770 999 1
771 782 1
771 836 1
771 845 1
771 856 1
771 898 1
771 915 1
771 920 1
771 933 1
771 938 1
771 947 1
771 951 1
771 952 1
771 978 1
771 989 1
771 997 1
771 1000 1
772 781 1
772 782 1
772 806 1
772 808 1
772 815 1
772 820 1
772 826 1
772 870 1
772 876 1
772 885 1
772 895 1
772 909 1
772 913 1
772 931 1
772 970 1
772 976 1
773 827 1
773 834 1
773 850 1
773 862 1
773 893 1
773 930 1
773 934 1
773 962 1
773 993 1
774 776 1
774 795 1
774 803 1
774 807 1
774 818 1
774 848 1
774 869 1
774 917 1
774 956 1
774 988 1
774 994 1
775 776 1
775 788 1
775 830 1
775 838 1
775 842 1
775 878 1
775 955 1
775 956 1
775 977 1
775 984 1
776 780 1
776 793 1
776 798 1
776 812 1
776 829 1
776 842 1
776 862 1
776 893 1
776 898 1
776 912 1
776 915 1
776 958 1
776 961 1
776 967 1
776 978 1
776 985 1
776 991 1
777 807 1
777 828 1
777 832 1
777 901 1
777 903 1
777 915 1
777 936 1
777 943 1
777 956 1
777 958 1
777 972 1
777 988 1
777 992 1
778 784 1
778 794 1
778 796 1
778 807 1
778 812 1
778 823 1
778 839 1
778 845 1
778 849 1
778 970 1
779 790 1
779 792 1
779 799 1
779 841 1
779 865 1
779 899 1
779 913 1
779 950 1
779 955 1
779 957 1
779 968 1
780 791 1
780 826 1
780 859 1
780 950 1
780 964 1
780 967 1
781 837 1
781 845 1
781 905 1
781 917 1
781 919 1
781 927 1
781 946 1
781 998 1
782 785 1
782 799 1
782 802 1
782 805 1
782 817 1
782 843 1
782 900 1
782 902 1
782 974 1
783 803 1
783 806 1
783 833 1
783 836 1
783 865 1
783 873 1
783 896 1
783 902 1
783 910 1
783 920 1
783 936 1
783 975 1
783 978 1
784 830 1
784 858 1
784 899 1
784 904 1
784 916 1
784 928 1
784 940 1
784 992 1
784 995 1
785 787 1
785 799 1
785 823 1
785 846 1
785 899 1
785 927 1
785 943 1
785 949 1
786 798 1
786 869 1
786 872 1
786 873 1
786 877 1
786 903 1
786 930 1
786 956 1
786 965 1
786 981 1
786 982 1
787 791 1
787 801 1
787 802 1
787 811 1
787 819 1
787 839 1
787 843 1
787 918 1
787 933 1
787 954 1
787 983 1
787 995 1
788 789 1
788 807 1
788 820 1
788 828 1
788 834 1
788 845 1
788 896 1
788 901 1
788 950 1
788 961 1
788 963 1
788 970 1
788 997 1
789 810 1
789 848 1
789 922 1
789 950 1
789 952 1
789 965 1
789 991 1
790 798 1
790 814 1
790 822 1
790 844 1
790 903 1
790 920 1
790 971 1
790 994 1
790 1000 1
791 792 1
791 796 1
791 806 1
791 851 1
791 879 1
791 886 1
791 943 1
791 948 1
791 965 1
792 795 1
792 822 1
792 861 1
792 906 1
792 914 1
792 945 1
792 967 1
792 984 1
793 795 1
793 797 1
793 852 1
793 868 1
793 879 1
793 891 1
793 903 1
793 907 1
793 925 1
793 928 1
793 997 1
794 834 1
794 843 1
794 851 1
794 859 1
794 866 1
794 889 1
794 896 1
794 908 1
794 926 1
794 936 1
794 969 1
794 991 1
795 797 1
795 838 1
795 872 1
795 903 1
795 921 1
795 923 1
795 931 1
795 941 1
795 953 1
796 816 1
796 818 1
796 831 1
796 843 1
796 851 1
796 860 1
796 883 1
796 932 1
796 944 1
796 960 1
796 971 1
796 975 1
796 982 1
797 873 1
797 888 1
797 940 1
797 946 1
797 967 1
797 972 1
798 816 1
798 826 1
798 864 1
798 887 1
798 892 1
798 932 1
798 937 1
798 979 1
799 802 1
799 822 1
799 836 1
799 859 1
799 872 1
799 881 1
799 909 1
799 928 1
799 940 1
799 970 1
799 979 1
799 995 1
800 806 1
800 856 1
800 869 1
800 878 1
800 886 1
800 988 1
800 992 1
801 846 1
801 867 1
801 871 1
801 918 1
801 933 1
801 951 1
801 967 1
801 977 1
802 808 1
802 815 1
802 834 1
802 881 1
802 905 1
802 909 1
802 910 1
802 941 1
802 965 1
802 980 1
803 808 1
803 829 1
803 853 1
803 862 1
803 880 1
803 894 1
803 905 1
803 927 1
803 946 1
803 985 1
804 821 1
804 889 1
804 893 1
804 917 1
804 956 1
804 961 1
804 967 1
804 1000 1
805 831 1
805 870 1
805 881 1
805 895 1
805 923 1
805 967 1
805 975 1
805 995 1
806 813 1
806 847 1
806 867 1
806 870 1
806 892 1
806 906 1
806 923 1
806 929 1
806 961 1
806 976 1
807 870 1
807 871 1
807 872 1
807 873 1
807 884 1
807 885 1
807 897 1
807 899 1
807 981 1
807 985 1
807 987 1
807 990 1
807 995 1
808 809 1
808 837 1
808 842 1
808 843 1
808 848 1
808 871 1
808 879 1
808 902 1
808 912 1
808 996 1
809 864 1
809 865 1
809 870 1
809 913 1
809 929 1
809 931 1
809 940 1
809 963 1
810 835 1
810 837 1
810 841 1
810 845 1
810 859 1
810 882 1
810 931 1
810 978 1
810 991 1
810 995 1
810 1000 1
811 816 1
811 823 1
811 851 1
811 853 1
811 900 1
811 929 1
811 951 1
811 957 1
811 967 1
811 991 1
812 827 1
812 836 1
812 848 1
812 873 1
812 875 1
812 888 1
812 912 1
812 927 1
812 973 1
812 987 1
812 990 1
813 831 1
813 832 1
813 835 1
813 853 1
813 860 1
813 880 1
813 888 1
813 901 1
813 925 1
813 936 1
813 948 1
813 983 1
813 992 1
814 815 1
814 818 1
814 882 1
814 926 1
814 929 1
814 950 1
814 962 1
814 983 1
814 990 1
815 823 1
815 829 1
815 850 1
815 861 1
815 871 1
815 896 1
815 898 1
815 905 1
815 920 1
815 926 1
815 928 1
815 954 1
815 979 1
815 987 1
815 999 1
815 1000 1
816 827 1
816 831 1
816 875 1
816 890 1
816 921 1
816 922 1
816 937 1
816 954 1
817 829 1
817 857 1
817 885 1
817 913 1
817 948 1
817 970 1
818 853 1
818 859 1
818 875 1
818 882 1
818 894 1
818 914 1
818 933 1
818 950 1
818 954 1
818 964 1
819 829 1
819 834 1
819 836 1
819 863 1
819 895 1
819 906 1
819 910 1
819 915 1
819 924 1
819 925 1
819 931 1
819 937 1
820 829 1
820 846 1
820 881 1
820 904 1
820 915 1
820 917 1
820 923 1
820 935 1
820 939 1
820 950 1
820 955 1
820 965 1
820 970 1
821 830 1
821 843 1
821 850 1
821 879 1
821 891 1
821 905 1
821 935 1
821 967 1
821 971 1
821 977 1
821 979 1
821 982 1
821 987 1
821 994 1
822 853 1
822 865 1
822 879 1
822 893 1
822 904 1
822 912 1
822 922 1
822 926 1
822 938 1
822 959 1
822 972 1
823 826 1
823 884 1
823 888 1
823 889 1
823 905 1
823 921 1
823 924 1
823 942 1
823 964 1
823 981 1
823 992 1
824 829 1
824 842 1
824 859 1
824 868 1
824 907 1
824 918 1
824 919 1
824 931 1
824 949 1
824 953 1
824 980 1
824 990 1
825 871 1
825 876 1
825 884 1
825 946 1
825 952 1
825 962 1
826 837 1
826 850 1
826 857 1
826 860 1
826 893 1
826 895 1
826 897 1
826 903 1
826 911 1
826 929 1
826 959 1
826 995 1
826 998 1
827 829 1
827 837 1
827 843 1
827 899 1
827 954 1
827 969 1
827 990 1
827 993 1
828 857 1
828 859 1
828 903 1
828 930 1
828 969 1
828 972 1
828 975 1
829 833 1
829 842 1
829 869 1
829 903 1
829 913 1
829 962 1
829 963 1
829 990 1
829 995 1
830 833 1
830 847 1
830 848 1
830 864 1
830 895 1
830 901 1
830 922 1
830 924 1
830 952 1
830 957 1
830 971 1
831 832 1
831 836 1
831 842 1
831 880 1
831 903 1
831 910 1
831 913 1
831 915 1
831 951 1
831 959 1
831 985 1
832 837 1
832 846 1
832 875 1
832 888 1
832 929 1
832 940 1
832 952 1
832 960 1
832 985 1
833 855 1
833 857 1
833 882 1
833 897 1
833 903 1
833 909 1
833 932 1
833 944 1
833 948 1
833 957 1
833 969 1
833 996 1
834 836 1
834 838 1
834 887 1
834 891 1
834 917 1
834 960 1
835 838 1
835 850 1
835 852 1
835 895 1
835 909 1
835 954 1
835 955 1
835 969 1
835 980 1
836 840 1
836 857 1
836 872 1
836 874 1
836 881 1
836 911 1
836 915 1
836 919 1
836 923 1
836 957 1
836 984 1
836 986 1
836 988 1
836 991 1
837 840 1
837 875 1
837 901 1
837 917 1
837 922 1
837 954 1
837 983 1
837 985 1
838 857 1
838 886 1
838 891 1
838 908 1
838 926 1
838 955 1
838 959 1
838 960 1
838 975 1
839 845 1
839 856 1
839 859 1
839 872 1
839 884 1
839 915 1
839 971 1
839 972 1
839 977 1
840 844 1
840 868 1
840 909 1
840 923 1
840 931 1
840 946 1
840 947 1
840 962 1
840 963 1
840 974 1
840 983 1
841 855 1
841 856 1
841 864 1
841 871 1
841 891 1
841 906 1
841 918 1
841 934 1
841 941 1
841 985 1
841 988 1
842 849 1
842 864 1
842 902 1
842 914 1
842 924 1
842 932 1
842 934 1
842 935 1
842 944 1
842 971 1
842 972 1
842 977 1
843 875 1
843 947 1
844 852 1
844 894 1
844 895 1
844 950 1
844 992 1
845 846 1
845 857 1
845 878 1
845 885 1
845 886 1
845 909 1
845 919 1
845 921 1
845 935 1
845 959 1
845 991 1
846 855 1
846 869 1
846 926 1
846 946 1
846 947 1
846 954 1
846 958 1
846 960 1
846 961 1
846 962 1
846 966 1
846 984 1
846 986 1
847 853 1
847 874 1
847 887 1
847 933 1
847 954 1
847 955 1
847 968 1
847 980 1
847 996 1
848 862 1
848 893 1
848 904 1
848 908 1
848 934 1
848 988 1
848 997 1
849 882 1
849 890 1
849 916 1
849 927 1
849 976 1
849 992 1
850 874 1
850 907 1
850 919 1
850 947 1
850 958 1
850 991 1
850 999 1
851 858 1
851 868 1
851 882 1
851 884 1
851 887 1
851 922 1
851 939 1
851 970 1
851 990 1
852 875 1
852 884 1
852 927 1
852 938 1
853 877 1
853 890 1
853 896 1
853 934 1
853 953 1
853 973 1
854 878 1
854 907 1
854 918 1
854 967 1
854 987 1
854 988 1
855 856 1
855 860 1
855 877 1
855 891 1
855 901 1
855 913 1
855 918 1
855 921 1
855 944 1
855 974 1
856 858 1
856 910 1
856 929 1
856 937 1
856 948 1
856 955 1
857 883 1
857 891 1
857 910 1
857 974 1
857 985 1
858 860 1
858 900 1
858 917 1
858 978 1
858 993 1
859 871 1
859 928 1
859 930 1
859 936 1
859 963 1
860 885 1
860 897 1
860 907 1
860 958 1
860 970 1
860 986 1
860 995 1
861 904 1
861 913 1
861 926 1
861 968 1
862 882 1
862 907 1
862 908 1
862 922 1
862 933 1
862 956 1
862 958 1
862 966 1
862 985 1
863 891 1
863 918 1
864 894 1
864 895 1
864 906 1
864 951 1
865 916 1
865 920 1
865 936 1
865 948 1
865 960 1
865 961 1
865 991 1
866 871 1
866 879 1
866 887 1
866 905 1
866 910 1
866 975 1
866 976 1
866 977 1
867 891 1
867 926 1
867 984 1
868 883 1
868 909 1
868 910 1
868 912 1
868 915 1
868 926 1
868 950 1
868 966 1
868 991 1
869 882 1
869 890 1
869 898 1
869 908 1
869 911 1
869 914 1
869 921 1
869 923 1
870 884 1
870 902 1
870 923 1
870 945 1
870 954 1
870 957 1
870 964 1
871 1000 1
872 902 1
872 914 1
872 943 1
872 953 1
872 967 1
872 972 1
873 881 1
873 955 1
873 956 1
873 984 1
873 999 1
874 897 1
874 935 1
874 949 1
874 950 1
874 958 1
874 961 1
875 877 1
875 910 1
875 913 1
875 959 1
875 963 1
876 919 1
876 925 1
876 996 1
877 898 1
877 932 1
877 936 1
877 945 1
877 946 1
877 988 1
877 991 1
877 995 1
878 904 1
878 939 1
878 946 1
878 971 1
878 990 1
878 995 1
878 996 1
879 898 1
879 928 1
879 944 1
879 959 1
879 963 1
879 965 1
879 972 1
879 997 1
880 904 1
880 905 1
880 915 1
880 949 1
880 961 1
880 963 1
880 969 1
880 977 1
880 978 1
880 985 1
881 893 1
881 908 1
881 928 1
881 930 1
881 932 1
881 937 1
882 931 1
882 960 1
882 996 1
883 895 1
883 916 1
883 922 1
883 923 1
883 926 1
883 928 1
883 970 1
883 976 1
884 921 1
884 950 1
884 968 1
885 910 1
885 925 1
885 929 1
885 937 1
885 978 1
885 981 1
885 992 1
886 889 1
886 906 1
886 909 1
886 921 1
886 932 1
886 962 1
886 991 1
887 917 1
887 939 1
887 951 1
887 960 1
887 970 1
887 973 1
887 974 1
887 991 1
887 1000 1
888 893 1
888 917 1
888 927 1
888 929 1
888 943 1
888 968 1
888 971 1
888 983 1
889 895 1
889 904 1
889 946 1
889 947 1
889 961 1
889 999 1
890 894 1
890 905 1
890 913 1
890 979 1
891 902 1
891 920 1
891 921 1
891 923 1
891 930 1
891 978 1
891 986 1
891 989 1
892 911 1
892 922 1
892 957 1
892 995 1
893 970 1
893 989 1
893 992 1
894 995 1
895 911 1
895 944 1
895 952 1
895 959 1
896 925 1
896 926 1
896 981 1
897 923 1
897 927 1
897 930 1
897 931 1
897 942 1
897 959 1
898 905 1
898 929 1
898 941 1
898 942 1
898 967 1
898 970 1
898 972 1
898 992 1
899 942 1
899 985 1
900 901 1
900 918 1
900 925 1
900 950 1
900 953 1
900 960 1
900 966 1
900 994 1
900 1000 1
901 903 1
901 956 1
901 958 1
901 962 1
901 969 1
901 998 1
902 942 1
903 905 1
903 906 1
903 907 1
903 942 1
903 954 1
903 968 1
903 974 1
904 913 1
904 983 1
904 997 1
905 912 1
905 914 1
905 922 1
905 934 1
905 988 1
905 997 1
906 929 1
906 930 1
906 934 1
906 1000 1
907 910 1
907 931 1
907 932 1
907 951 1
907 963 1
907 968 1
908 913 1
908 948 1
909 915 1
909 925 1
909 928 1
909 964 1
909 980 1
909 988 1
910 917 1
910 991 1
910 999 1
911 924 1
911 948 1
911 964 1
912 937 1
912 941 1
912 951 1
912 956 1
913 926 1
913 942 1
913 985 1
914 923 1
914 927 1
914 968 1
915 917 1
915 926 1
915 938 1
915 940 1
915 943 1
915 950 1
915 991 1
916 930 1
916 946 1
916 974 1
916 977 1
916 989 1
917 943 1
917 961 1
917 967 1
917 981 1
917 983 1
917 987 1
918 932 1
918 935 1
918 976 1
918 978 1
918 985 1
918 1000 1
919 950 1
919 964 1
919 967 1
919 973 1
920 943 1
920 947 1
920 988 1
921 939 1
921 996 1
922 946 1
922 984 1
922 993 1
922 995 1
923 957 1
923 962 1
923 984 1
923 1000 1
924 933 1
924 935 1
924 975 1
924 978 1
924 979 1
924 981 1
925 928 1
925 950 1
925 995 1
925 1000 1
926 959 1
926 983 1
927 932 1
927 938 1
927 947 1
927 956 1
927 957 1
927 976 1
927 994 1
928 939 1
928 975 1
929 940 1
929 949 1
929 994 1
931 947 1
931 953 1
932 959 1
933 939 1
933 952 1
933 972 1
933 989 1
934 943 1
934 944 1
934 966 1
935 948 1
935 955 1
935 958 1
935 964 1
935 971 1
935 981 1
935 982 1
936 948 1
936 971 1
936 983 1
936 993 1
937 973 1
938 983 1
938 995 1
940 949 1
940 955 1
940 958 1
940 970 1
940 997 1
940 999 1
941 943 1
942 952 1
942 956 1
943 960 1
943 979 1
943 994 1
944 956 1
944 975 1
944 989 1
944 998 1
945 949 1
945 986 1
946 959 1
946 968 1
947 959 1
949 970 1
949 975 1
949 978 1
950 964 1
950 977 1
950 983 1
950 986 1
950 987 1
951 977 1
952 975 1
953 975 1
954 972 1
954 988 1
955 960 1
955 998 1
956 957 1
957 986 1
958 959 1
958 972 1
959 962 1
959 968 1
960 968 1
960 973 1
960 983 1
962 979 1
962 980 1
962 981 1
962 994 1
962 996 1
963 981 1
963 982 1
963 983 1
963 993 1
965 981 1
965 991 1
966 983 1
967 968 1
967 984 1
967 999 1
968 990 1
969 998 1
970 974 1
970 988 1
970 998 1
971 987 1
971 991 1
972 979 1
972 988 1
973 979 1
973 990 1
974 979 1
974 987 1
977 994 1
978 997 1
979 990 1
981 997 1
983 997 1
984 996 1
985 995 1
985 999 1
985 1000 1
987 1000 1
990 995 1
993 999 1
997 998 1
