500 12483
1 8 1
1 25 1
1 26 1
1 29 1
1 33 1
1 51 1
1 57 1
1 62 1
1 79 1
1 91 1
1 100 1
1 106 1
1 117 1
1 118 1
1 120 1
1 121 1
1 153 1
1 155 1
1 158 1
1 162 1
1 166 1
1 188 1
1 191 1
1 199 1
1 202 1
1 208 1
1 211 1
1 217 1
1 227 1
1 228 1
1 233 1
1 234 1
1 239 1
1 244 1
1 245 1
1 258 1
1 263 1
1 279 1
1 288 1
1 290 1
1 313 1
1 314 1
1 320 1
1 332 1
1 333 1
1 347 1
1 350 1
1 368 1
1 376 1
1 379 1
1 382 1
1 384 1
1 393 1
1 395 1
1 400 1
1 409 1
1 420 1
1 437 1
1 439 1
1 448 1
1 451 1
1 459 1
1 483 1
1 488 1
1 494 1
1 495 1
2 26 1
2 34 1
2 41 1
2 50 1
2 51 1
2 54 1
2 75 1
2 79 1
2 93 1
2 97 1
2 98 1
2 107 1
2 125 1
2 140 1
2 167 1
2 172 1
2 186 1
2 190 1
2 226 1
2 230 1
2 236 1
2 239 1
2 269 1
2 270 1
2 290 1
2 292 1
2 296 1
2 310 1
2 323 1
2 390 1
2 415 1
2 441 1
2 442 1
2 445 1
2 447 1
2 457 1
2 476 1
2 485 1
2 490 1
2 492 1
3 9 1
3 45 1
3 60 1
3 62 1
3 80 1
3 88 1
3 99 1
3 100 1
3 101 1
3 103 1
3 106 1
3 108 1
3 112 1
3 113 1
3 117 1
3 136 1
3 137 1
3 141 1
3 147 1
3 163 1
3 180 1
3 183 1
3 192 1
3 207 1
3 237 1
3 251 1
3 275 1
3 278 1
3 287 1
3 293 1
3 294 1
3 312 1
3 322 1
3 323 1
3 327 1
3 330 1
3 334 1
3 347 1
3 350 1
3 353 1
3 363 1
3 365 1
3 390 1
3 399 1
3 401 1
3 402 1
3 403 1
3 422 1
3 467 1
3 483 1
4 16 1
4 31 1
4 33 1
4 55 1
4 58 1
4 68 1
4 82 1
4 94 1
4 114 1
4 115 1
4 150 1
4 161 1
4 172 1
4 187 1
4 188 1
4 190 1
4 192 1
4 193 1
4 197 1
4 205 1
4 210 1
4 214 1
4 221 1
4 233 1
4 236 1
4 241 1
4 246 1
4 247 1
4 251 1
4 264 1
4 266 1
4 275 1
4 278 1
4 297 1
4 299 1
4 307 1
4 320 1
4 336 1
4 341 1
4 363 1
4 366 1
4 372 1
4 390 1
4 396 1
4 400 1
4 418 1
4 425 1
4 428 1
4 441 1
4 451 1
4 469 1
4 476 1
4 482 1
4 486 1
4 495 1
5 14 1
5 26 1
5 37 1
5 59 1
5 69 1
5 70 1
5 71 1
5 72 1
5 96 1
5 138 1
5 185 1
5 194 1
5 208 1
5 216 1
5 226 1
5 237 1
5 252 1
5 258 1
5 283 1
5 291 1
5 296 1
5 318 1
5 322 1
5 323 1
5 325 1
5 328 1
5 333 1
5 364 1
5 383 1
5 396 1
5 404 1
5 412 1
5 419 1
5 435 1
5 438 1
5 485 1
5 499 1
6 8 1
6 23 1
6 28 1
6 30 1
6 31 1
6 41 1
6 52 1
6 59 1
6 71 1
6 77 1
6 78 1
6 80 1
6 90 1
6 104 1
6 126 1
6 127 1
6 134 1
6 135 1
6 158 1
6 163 1
6 164 1
6 176 1
6 203 1
6 210 1
6 213 1
6 214 1
6 217 1
6 227 1
6 231 1
6 244 1
6 257 1
6 268 1
6 275 1
6 278 1
6 282 1
6 287 1
6 289 1
6 297 1
6 326 1
6 343 1
6 355 1
6 357 1
6 361 1
6 367 1
6 387 1
6 417 1
6 426 1
6 455 1
6 464 1
6 473 1
6 474 1
6 493 1
6 498 1
7 8 1
7 20 1
7 23 1
7 35 1
7 42 1
7 46 1
7 48 1
7 67 1
7 71 1
7 73 1
7 75 1
7 81 1
7 129 1
7 166 1
7 172 1
7 186 1
7 190 1
7 191 1
7 210 1
7 215 1
7 227 1
7 250 1
7 252 1
7 267 1
7 271 1
7 278 1
7 280 1
7 300 1
7 302 1
7 311 1
7 313 1
7 325 1
7 368 1
7 380 1
7 383 1
7 389 1
7 408 1
7 429 1
7 430 1
7 435 1
7 437 1
7 446 1
7 453 1
7 458 1
7 471 1
7 487 1
7 492 1
7 494 1
8 21 1
8 22 1
8 39 1
8 72 1
8 75 1
8 88 1
8 95 1
8 99 1
8 104 1
8 106 1
8 112 1
8 113 1
8 115 1
8 116 1
8 126 1
8 130 1
8 131 1
8 138 1
8 151 1
8 152 1
8 160 1
8 162 1
8 185 1
8 188 1
8 225 1
8 228 1
8 241 1
8 244 1
8 248 1
8 251 1
8 255 1
8 268 1
8 279 1
8 285 1
8 294 1
8 298 1
8 306 1
8 308 1
8 320 1
8 331 1
8 333 1
8 335 1
8 352 1
8 365 1
8 375 1
8 387 1
8 398 1
8 400 1
8 426 1
8 428 1
8 430 1
8 431 1
8 438 1
8 460 1
8 468 1
8 472 1
8 494 1
9 14 1
9 47 1
9 69 1
9 71 1
9 85 1
9 92 1
9 99 1
9 100 1
9 105 1
9 133 1
9 136 1
9 144 1
9 153 1
9 161 1
9 167 1
9 191 1
9 198 1
9 210 1
9 212 1
9 220 1
9 223 1
9 255 1
9 260 1
9 261 1
9 264 1
9 265 1
9 268 1
9 283 1
9 294 1
9 296 1
9 302 1
9 313 1
9 320 1
9 321 1
9 326 1
9 327 1
9 328 1
9 341 1
9 364 1
9 370 1
9 382 1
9 397 1
9 405 1
9 410 1
9 441 1
9 445 1
9 484 1
9 486 1
10 17 1
10 33 1
10 61 1
10 80 1
10 87 1
10 97 1
10 102 1
10 106 1
10 115 1
10 124 1
10 132 1
10 138 1
10 145 1
10 150 1
10 173 1
10 195 1
10 209 1
10 213 1
10 214 1
10 225 1
10 252 1
10 253 1
10 269 1
10 276 1
10 277 1
10 278 1
10 281 1
10 282 1
10 290 1
10 291 1
10 327 1
10 331 1
10 333 1
10 335 1
10 337 1
10 356 1
10 362 1
10 364 1
10 367 1
10 375 1
10 382 1
10 390 1
10 394 1
10 411 1
10 414 1
10 420 1
10 434 1
10 436 1
10 448 1
10 467 1
10 468 1
10 472 1
10 483 1
10 490 1
10 495 1
11 14 1
11 22 1
11 37 1
11 50 1
11 53 1
11 62 1
11 69 1
11 71 1
11 78 1
11 82 1
11 84 1
11 94 1
11 100 1
11 117 1
11 118 1
11 141 1
11 148 1
11 154 1
11 161 1
11 169 1
11 176 1
11 177 1
11 181 1
11 183 1
11 194 1
11 197 1
11 206 1
11 210 1
11 222 1
11 236 1
11 242 1
11 248 1
11 253 1
11 260 1
11 268 1
11 276 1
11 288 1
11 295 1
11 296 1
11 304 1
11 310 1
11 315 1
11 316 1
11 329 1
11 359 1
11 360 1
11 374 1
11 380 1
11 381 1
11 382 1
11 389 1
11 398 1
11 404 1
11 414 1
11 416 1
11 419 1
11 435 1
11 457 1
11 487 1
11 490 1
12 15 1
12 52 1
12 55 1
12 60 1
12 67 1
12 81 1
12 91 1
12 95 1
12 100 1
12 103 1
12 107 1
12 108 1
12 109 1
12 120 1
12 129 1
12 136 1
12 138 1
12 142 1
12 147 1
12 154 1
12 158 1
12 165 1
12 183 1
12 197 1
12 198 1
12 201 1
12 206 1
12 214 1
12 223 1
12 260 1
12 265 1
12 267 1
12 319 1
12 323 1
12 326 1
12 336 1
12 342 1
12 358 1
12 360 1
12 365 1
12 386 1
12 394 1
12 405 1
12 427 1
12 430 1
12 432 1
12 440 1
12 441 1
12 446 1
12 465 1
12 467 1
12 468 1
13 23 1
13 31 1
13 48 1
13 64 1
13 89 1
13 99 1
13 112 1
13 116 1
13 123 1
13 126 1
13 139 1
13 140 1
13 146 1
13 160 1
13 165 1
13 180 1
13 186 1
13 198 1
13 208 1
13 219 1
13 231 1
13 248 1
13 265 1
13 269 1
13 270 1
13 281 1
13 288 1
13 293 1
13 294 1
13 298 1
13 318 1
13 335 1
13 340 1
13 361 1
13 372 1
13 374 1
13 392 1
13 397 1
13 407 1
13 408 1
13 417 1
13 418 1
13 424 1
13 429 1
13 438 1
13 446 1
13 452 1
13 453 1
13 493 1
14 27 1
14 28 1
14 29 1
14 43 1
14 56 1
14 60 1
14 65 1
14 74 1
14 87 1
14 98 1
14 111 1
14 114 1
14 115 1
14 123 1
14 132 1
14 149 1
14 162 1
14 163 1
14 174 1
14 189 1
14 204 1
14 205 1
14 213 1
14 225 1
14 226 1
14 230 1
14 232 1
14 239 1
14 277 1
14 296 1
14 309 1
14 315 1
14 316 1
14 318 1
14 320 1
14 335 1
14 337 1
14 340 1
14 341 1
14 343 1
14 360 1
14 386 1
14 388 1
14 396 1
14 397 1
14 398 1
14 409 1
14 414 1
14 421 1
14 423 1
14 435 1
14 440 1
14 445 1
14 457 1
14 473 1
14 481 1
14 485 1
15 38 1
15 48 1
15 50 1
15 63 1
15 72 1
15 90 1
15 111 1
15 117 1
15 123 1
15 125 1
15 131 1
15 138 1
15 144 1
15 148 1
15 150 1
15 152 1
15 154 1
15 157 1
15 162 1
15 163 1
15 165 1
15 168 1
15 169 1
15 204 1
15 207 1
15 228 1
15 234 1
15 235 1
15 236 1
15 239 1
15 240 1
15 246 1
15 265 1
15 268 1
15 288 1
15 294 1
15 307 1
15 310 1
15 317 1
15 322 1
15 342 1
15 384 1
15 395 1
15 406 1
15 424 1
15 427 1
15 433 1
15 436 1
15 448 1
15 454 1
15 458 1
15 482 1
15 489 1
15 498 1
16 34 1
16 41 1
16 46 1
16 47 1
16 57 1
16 65 1
16 67 1
16 71 1
16 75 1
16 78 1
16 104 1
16 107 1
16 131 1
16 142 1
16 146 1
16 152 1
16 154 1
16 158 1
16 168 1
16 180 1
16 187 1
16 191 1
16 207 1
16 209 1
16 221 1
16 235 1
16 238 1
16 246 1
16 251 1
16 266 1
16 267 1
16 275 1
16 296 1
16 300 1
16 303 1
16 323 1
16 324 1
16 367 1
16 368 1
16 372 1
16 395 1
16 402 1
16 414 1
16 417 1
16 418 1
16 425 1
16 429 1
16 438 1
16 439 1
16 441 1
16 446 1
16 456 1
16 459 1
16 461 1
16 472 1
16 492 1
16 496 1
17 18 1
17 28 1
17 31 1
17 84 1
17 92 1
17 96 1
17 129 1
17 133 1
17 168 1
17 180 1
17 184 1
17 198 1
17 239 1
17 247 1
17 256 1
17 276 1
17 280 1
17 281 1
17 289 1
17 298 1
17 315 1
17 336 1
17 369 1
17 393 1
17 399 1
17 408 1
17 415 1
17 422 1
17 460 1
17 463 1
17 478 1
17 491 1
17 493 1
18 70 1
18 72 1
18 112 1
18 119 1
18 123 1
18 124 1
18 126 1
18 130 1
18 139 1
18 144 1
18 163 1
18 165 1
18 169 1
18 175 1
18 191 1
18 194 1
18 196 1
18 199 1
18 217 1
18 225 1
18 230 1
18 236 1
18 241 1
18 245 1
18 263 1
18 281 1
18 284 1
18 285 1
18 294 1
18 296 1
18 300 1
18 322 1
18 338 1
18 356 1
18 366 1
18 375 1
18 380 1
18 383 1
18 412 1
18 430 1
18 443 1
18 453 1
18 477 1
18 479 1
18 483 1
18 492 1
18 496 1
19 55 1
19 102 1
19 103 1
19 116 1
19 124 1
19 131 1
19 153 1
19 164 1
19 170 1
19 180 1
19 189 1
19 198 1
19 201 1
19 212 1
19 216 1
19 217 1
19 218 1
19 222 1
19 234 1
19 241 1
19 245 1
19 259 1
19 270 1
19 297 1
19 310 1
19 315 1
19 330 1
19 358 1
19 368 1
19 382 1
19 384 1
19 385 1
19 389 1
19 431 1
19 455 1
19 457 1
19 467 1
20 24 1
20 48 1
20 52 1
20 66 1
20 73 1
20 77 1
20 104 1
20 113 1
20 115 1
20 123 1
20 125 1
20 134 1
20 142 1
20 143 1
20 159 1
20 163 1
20 171 1
20 188 1
20 195 1
20 196 1
20 198 1
20 200 1
20 207 1
20 211 1
20 226 1
20 233 1
20 234 1
20 245 1
20 254 1
20 255 1
20 264 1
20 301 1
20 308 1
20 311 1
20 313 1
20 319 1
20 334 1
20 353 1
20 358 1
20 361 1
20 368 1
20 370 1
20 371 1
20 375 1
20 402 1
20 422 1
20 439 1
20 452 1
20 457 1
20 485 1
20 487 1
20 489 1
20 495 1
20 496 1
20 500 1
21 24 1
21 36 1
21 48 1
21 54 1
21 57 1
21 61 1
21 96 1
21 101 1
21 106 1
21 134 1
21 137 1
21 155 1
21 160 1
21 165 1
21 173 1
21 192 1
21 201 1
21 206 1
21 213 1
21 214 1
21 217 1
21 232 1
21 233 1
21 246 1
21 262 1
21 265 1
21 279 1
21 293 1
21 296 1
21 303 1
21 304 1
21 326 1
21 329 1
21 331 1
21 334 1
21 338 1
21 339 1
21 353 1
21 365 1
21 367 1
21 373 1
21 377 1
21 401 1
21 419 1
21 431 1
21 440 1
21 442 1
21 444 1
21 445 1
21 467 1
21 489 1
22 28 1
22 39 1
22 42 1
22 56 1
22 62 1
22 64 1
22 68 1
22 72 1
22 78 1
22 84 1
22 116 1
22 133 1
22 148 1
22 151 1
22 156 1
22 166 1
22 168 1
22 178 1
22 207 1
22 223 1
22 232 1
22 236 1
22 261 1
22 270 1
22 284 1
22 292 1
22 300 1
22 308 1
22 313 1
22 317 1
22 320 1
22 322 1
22 330 1
22 332 1
22 333 1
22 334 1
22 340 1
22 354 1
22 361 1
22 363 1
22 378 1
22 383 1
22 396 1
22 407 1
22 410 1
22 420 1
22 446 1
22 452 1
22 455 1
22 459 1
22 461 1
22 464 1
22 479 1
22 496 1
22 500 1
23 43 1
23 59 1
23 62 1
23 74 1
23 75 1
23 80 1
23 99 1
23 100 1
23 111 1
23 114 1
23 118 1
23 130 1
23 142 1
23 151 1
23 155 1
23 156 1
23 175 1
23 176 1
23 182 1
23 215 1
23 223 1
23 231 1
23 261 1
23 343 1
23 351 1
23 354 1
23 363 1
23 388 1
23 424 1
23 427 1
23 431 1
23 436 1
23 458 1
23 462 1
23 477 1
23 488 1
23 493 1
24 29 1
24 32 1
24 44 1
24 50 1
24 72 1
24 77 1
24 81 1
24 83 1
24 89 1
24 94 1
24 97 1
24 107 1
24 108 1
24 118 1
24 133 1
24 137 1
24 149 1
24 153 1
24 172 1
24 174 1
24 184 1
24 197 1
24 199 1
24 204 1
24 206 1
24 209 1
24 217 1
24 221 1
24 230 1
24 237 1
24 258 1
24 265 1
24 270 1
24 285 1
24 291 1
24 301 1
24 302 1
24 307 1
24 317 1
24 333 1
24 349 1
24 351 1
24 357 1
24 358 1
24 361 1
24 367 1
24 368 1
24 372 1
24 379 1
24 426 1
24 455 1
24 461 1
24 468 1
24 471 1
24 475 1
24 486 1
24 487 1
24 498 1
24 500 1
25 27 1
25 32 1
25 42 1
25 55 1
25 67 1
25 87 1
25 92 1
25 97 1
25 105 1
25 106 1
25 112 1
25 123 1
25 129 1
25 135 1
25 145 1
25 179 1
25 193 1
25 201 1
25 205 1
25 212 1
25 221 1
25 236 1
25 237 1
25 241 1
25 266 1
25 282 1
25 286 1
25 294 1
25 300 1
25 314 1
25 316 1
25 348 1
25 362 1
25 396 1
25 437 1
25 442 1
25 443 1
25 457 1
25 462 1
25 472 1
25 477 1
25 485 1
25 498 1
26 42 1
26 67 1
26 78 1
26 103 1
26 107 1
26 126 1
26 135 1
26 141 1
26 147 1
26 169 1
26 170 1
26 187 1
26 191 1
26 193 1
26 203 1
26 225 1
26 231 1
26 234 1
26 276 1
26 288 1
26 292 1
26 293 1
26 295 1
26 328 1
26 338 1
26 352 1
26 354 1
26 361 1
26 362 1
26 366 1
26 387 1
26 401 1
26 402 1
26 403 1
26 413 1
26 425 1
26 439 1
26 447 1
26 463 1
26 478 1
26 481 1
26 488 1
26 498 1
27 31 1
27 35 1
27 64 1
27 86 1
27 96 1
27 107 1
27 115 1
27 123 1
27 128 1
27 131 1
27 150 1
27 152 1
27 162 1
27 184 1
27 186 1
27 199 1
27 200 1
27 206 1
27 209 1
27 213 1
27 214 1
27 215 1
27 219 1
27 220 1
27 234 1
27 241 1
27 248 1
27 253 1
27 263 1
27 272 1
27 283 1
27 284 1
27 285 1
27 293 1
27 307 1
27 311 1
27 315 1
27 317 1
27 331 1
27 340 1
27 356 1
27 382 1
27 387 1
27 417 1
27 458 1
27 490 1
27 493 1
28 35 1
28 53 1
28 65 1
28 71 1
28 82 1
28 99 1
28 101 1
28 103 1
28 112 1
28 126 1
28 133 1
28 165 1
28 168 1
28 186 1
28 192 1
28 205 1
28 209 1
28 217 1
28 218 1
28 221 1
28 230 1
28 234 1
28 248 1
28 256 1
28 266 1
28 269 1
28 275 1
28 280 1
28 297 1
28 321 1
28 330 1
28 336 1
28 337 1
28 338 1
28 341 1
28 344 1
28 349 1
28 351 1
28 386 1
28 388 1
28 408 1
28 424 1
28 438 1
28 443 1
28 452 1
28 456 1
28 463 1
28 500 1
29 57 1
29 81 1
29 98 1
29 102 1
29 108 1
29 115 1
29 120 1
29 124 1
29 140 1
29 149 1
29 150 1
29 151 1
29 202 1
29 204 1
29 209 1
29 213 1
29 214 1
29 221 1
29 238 1
29 239 1
29 243 1
29 258 1
29 278 1
29 305 1
29 314 1
29 315 1
29 326 1
29 329 1
29 353 1
29 354 1
29 375 1
29 387 1
29 389 1
29 402 1
29 403 1
29 419 1
29 420 1
29 433 1
29 444 1
29 453 1
29 462 1
29 467 1
29 476 1
29 484 1
29 488 1
29 499 1
30 48 1
30 54 1
30 59 1
30 63 1
30 70 1
30 74 1
30 86 1
30 97 1
30 109 1
30 110 1
30 113 1
30 117 1
30 130 1
30 149 1
30 151 1
30 159 1
30 164 1
30 167 1
30 177 1
30 187 1
30 205 1
30 221 1
30 225 1
30 232 1
30 238 1
30 239 1
30 242 1
30 247 1
30 251 1
30 252 1
30 272 1
30 273 1
30 277 1
30 327 1
30 336 1
30 345 1
30 346 1
30 361 1
30 373 1
30 379 1
30 389 1
30 390 1
30 403 1
30 410 1
30 413 1
30 419 1
30 433 1
30 447 1
30 454 1
30 468 1
30 469 1
30 472 1
31 32 1
31 54 1
31 66 1
31 70 1
31 71 1
31 74 1
31 92 1
31 110 1
31 125 1
31 135 1
31 137 1
31 185 1
31 204 1
31 214 1
31 230 1
31 237 1
31 239 1
31 242 1
31 275 1
31 279 1
31 303 1
31 311 1
31 322 1
31 330 1
31 334 1
31 341 1
31 348 1
31 357 1
31 365 1
31 376 1
31 415 1
31 420 1
31 429 1
31 453 1
31 463 1
31 466 1
31 467 1
31 469 1
31 474 1
32 46 1
32 54 1
32 60 1
32 68 1
32 82 1
32 88 1
32 92 1
32 93 1
32 114 1
32 135 1
32 137 1
32 147 1
32 148 1
32 161 1
32 165 1
32 174 1
32 179 1
32 180 1
32 211 1
32 213 1
32 235 1
32 271 1
32 277 1
32 299 1
32 314 1
32 320 1
32 331 1
32 335 1
32 336 1
32 341 1
32 346 1
32 348 1
32 356 1
32 362 1
32 371 1
32 377 1
32 415 1
32 433 1
32 442 1
32 448 1
32 450 1
32 452 1
32 487 1
33 45 1
33 60 1
33 67 1
33 73 1
33 97 1
33 104 1
33 105 1
33 109 1
33 133 1
33 135 1
33 164 1
33 177 1
33 182 1
33 189 1
33 194 1
33 195 1
33 223 1
33 242 1
33 243 1
33 252 1
33 259 1
33 270 1
33 311 1
33 335 1
33 350 1
33 364 1
33 377 1
33 383 1
33 389 1
33 401 1
33 409 1
33 415 1
33 428 1
33 462 1
33 463 1
33 468 1
33 493 1
33 495 1
34 49 1
34 60 1
34 75 1
34 82 1
34 90 1
34 91 1
34 108 1
34 124 1
34 142 1
34 143 1
34 144 1
34 156 1
34 159 1
34 162 1
34 172 1
34 179 1
34 180 1
34 202 1
34 220 1
34 239 1
34 248 1
34 263 1
34 265 1
34 276 1
34 300 1
34 319 1
34 335 1
34 337 1
34 342 1
34 343 1
34 344 1
34 346 1
34 365 1
34 369 1
34 383 1
34 387 1
34 415 1
34 433 1
34 436 1
34 438 1
34 439 1
34 444 1
34 460 1
34 464 1
34 468 1
34 488 1
34 493 1
35 44 1
35 52 1
35 56 1
35 63 1
35 74 1
35 103 1
35 110 1
35 112 1
35 121 1
35 126 1
35 133 1
35 134 1
35 138 1
35 158 1
35 166 1
35 195 1
35 201 1
35 207 1
35 221 1
35 225 1
35 230 1
35 233 1
35 251 1
35 253 1
35 263 1
35 281 1
35 293 1
35 323 1
35 331 1
35 349 1
35 357 1
35 368 1
35 370 1
35 371 1
35 377 1
35 382 1
35 383 1
35 386 1
35 393 1
35 404 1
35 409 1
35 429 1
35 452 1
35 474 1
35 485 1
35 487 1
35 488 1
35 496 1
35 500 1
36 45 1
36 48 1
36 51 1
36 54 1
36 61 1
36 70 1
36 86 1
36 89 1
36 103 1
36 133 1
36 153 1
36 155 1
36 175 1
36 186 1
36 189 1
36 204 1
36 222 1
36 241 1
36 256 1
36 273 1
36 278 1
36 290 1
36 311 1
36 346 1
36 348 1
36 374 1
36 384 1
36 407 1
36 427 1
36 428 1
36 448 1
36 471 1
36 474 1
36 480 1
36 484 1
36 485 1
36 489 1
36 492 1
36 496 1
37 45 1
37 49 1
37 60 1
37 66 1
37 76 1
37 88 1
37 99 1
37 104 1
37 105 1
37 112 1
37 119 1
37 146 1
37 150 1
37 157 1
37 173 1
37 175 1
37 208 1
37 210 1
37 229 1
37 230 1
37 232 1
37 233 1
37 235 1
37 251 1
37 272 1
37 282 1
37 290 1
37 295 1
37 309 1
37 312 1
37 324 1
37 329 1
37 338 1
37 345 1
37 349 1
37 373 1
37 374 1
37 377 1
37 382 1
37 386 1
37 403 1
37 423 1
37 429 1
37 432 1
37 457 1
37 474 1
37 479 1
37 483 1
37 488 1
37 498 1
38 53 1
38 57 1
38 59 1
38 89 1
38 91 1
38 95 1
38 98 1
38 101 1
38 110 1
38 117 1
38 121 1
38 133 1
38 145 1
38 151 1
38 152 1
38 161 1
38 170 1
38 171 1
38 186 1
38 187 1
38 197 1
38 205 1
38 208 1
38 210 1
38 214 1
38 239 1
38 258 1
38 283 1
38 294 1
38 300 1
38 321 1
38 338 1
38 343 1
38 352 1
38 363 1
38 367 1
38 370 1
38 373 1
38 374 1
38 377 1
38 392 1
38 401 1
38 404 1
38 407 1
38 433 1
38 443 1
38 463 1
38 476 1
38 485 1
38 494 1
39 47 1
39 63 1
39 71 1
39 74 1
39 75 1
39 86 1
39 87 1
39 95 1
39 119 1
39 126 1
39 131 1
39 133 1
39 146 1
39 177 1
39 182 1
39 188 1
39 190 1
39 192 1
39 200 1
39 205 1
39 221 1
39 222 1
39 250 1
39 260 1
39 263 1
39 268 1
39 270 1
39 279 1
39 285 1
39 296 1
39 297 1
39 302 1
39 312 1
39 331 1
39 345 1
39 347 1
39 356 1
39 367 1
39 368 1
39 373 1
39 380 1
39 382 1
39 387 1
39 390 1
39 402 1
39 413 1
39 417 1
39 418 1
39 427 1
39 435 1
39 437 1
39 452 1
39 462 1
39 468 1
39 481 1
39 499 1
40 41 1
40 49 1
40 55 1
40 62 1
40 74 1
40 95 1
40 113 1
40 149 1
40 165 1
40 172 1
40 180 1
40 192 1
40 193 1
40 196 1
40 199 1
40 203 1
40 207 1
40 212 1
40 248 1
40 257 1
40 259 1
40 264 1
40 267 1
40 273 1
40 287 1
40 288 1
40 292 1
40 294 1
40 317 1
40 326 1
40 330 1
40 331 1
40 339 1
40 342 1
40 347 1
40 354 1
40 360 1
40 369 1
40 375 1
40 397 1
40 408 1
40 414 1
40 436 1
40 439 1
40 456 1
40 458 1
40 459 1
40 462 1
40 463 1
41 59 1
41 61 1
41 65 1
41 67 1
41 106 1
41 110 1
41 123 1
41 146 1
41 160 1
41 181 1
41 199 1
41 240 1
41 241 1
41 247 1
41 253 1
41 274 1
41 275 1
41 297 1
41 303 1
41 308 1
41 322 1
41 336 1
41 340 1
41 342 1
41 351 1
41 360 1
41 363 1
41 371 1
41 377 1
41 387 1
41 400 1
41 401 1
41 403 1
41 409 1
41 412 1
41 419 1
41 428 1
41 430 1
41 438 1
41 444 1
41 450 1
41 467 1
41 478 1
41 494 1
42 50 1
42 52 1
42 78 1
42 108 1
42 110 1
42 115 1
42 149 1
42 157 1
42 179 1
42 192 1
42 211 1
42 221 1
42 232 1
42 243 1
42 253 1
42 259 1
42 285 1
42 291 1
42 310 1
42 327 1
42 338 1
42 343 1
42 347 1
42 352 1
42 367 1
42 380 1
42 387 1
42 391 1
42 402 1
42 407 1
42 424 1
42 434 1
42 443 1
42 449 1
43 48 1
43 60 1
43 67 1
43 75 1
43 81 1
43 96 1
43 107 1
43 115 1
43 138 1
43 156 1
43 160 1
43 161 1
43 169 1
43 170 1
43 173 1
43 178 1
43 181 1
43 182 1
43 192 1
43 201 1
43 215 1
43 219 1
43 228 1
43 234 1
43 235 1
43 243 1
43 282 1
43 300 1
43 308 1
43 323 1
43 327 1
43 330 1
43 344 1
43 356 1
43 357 1
43 362 1
43 369 1
43 391 1
43 396 1
43 415 1
43 417 1
43 418 1
43 419 1
43 429 1
43 435 1
43 438 1
43 444 1
43 451 1
43 454 1
43 457 1
43 481 1
44 49 1
44 66 1
44 70 1
44 88 1
44 95 1
44 104 1
44 118 1
44 121 1
44 138 1
44 150 1
44 158 1
44 172 1
44 173 1
44 185 1
44 198 1
44 203 1
44 219 1
44 228 1
44 229 1
44 231 1
44 257 1
44 263 1
44 264 1
44 266 1
44 281 1
44 290 1
44 314 1
44 315 1
44 329 1
44 332 1
44 361 1
44 371 1
44 387 1
44 397 1
44 400 1
44 418 1
44 430 1
44 480 1
44 484 1
44 485 1
44 500 1
45 48 1
45 51 1
45 60 1
45 61 1
45 62 1
45 73 1
45 85 1
45 89 1
45 103 1
45 105 1
45 118 1
45 134 1
45 148 1
45 160 1
45 162 1
45 170 1
45 178 1
45 185 1
45 192 1
45 205 1
45 208 1
45 245 1
45 267 1
45 279 1
45 292 1
45 294 1
45 297 1
45 304 1
45 319 1
45 320 1
45 354 1
45 359 1
45 363 1
45 371 1
45 374 1
45 378 1
45 387 1
45 435 1
45 439 1
45 458 1
45 490 1
45 492 1
45 499 1
46 47 1
46 94 1
46 110 1
46 130 1
46 151 1
46 164 1
46 180 1
46 183 1
46 184 1
46 226 1
46 232 1
46 259 1
46 269 1
46 271 1
46 275 1
46 276 1
46 292 1
46 297 1
46 310 1
46 315 1
46 317 1
46 321 1
46 324 1
46 327 1
46 360 1
46 364 1
46 368 1
46 372 1
46 396 1
46 408 1
46 415 1
46 425 1
46 444 1
46 466 1
46 492 1
47 64 1
47 68 1
47 69 1
47 73 1
47 77 1
47 79 1
47 87 1
47 93 1
47 101 1
47 103 1
47 148 1
47 159 1
47 166 1
47 189 1
47 209 1
47 220 1
47 237 1
47 255 1
47 266 1
47 274 1
47 281 1
47 283 1
47 291 1
47 299 1
47 308 1
47 334 1
47 340 1
47 341 1
47 344 1
47 347 1
47 356 1
47 368 1
47 371 1
47 402 1
47 416 1
47 424 1
47 425 1
47 428 1
47 431 1
47 486 1
47 490 1
48 51 1
48 61 1
48 63 1
48 71 1
48 80 1
48 84 1
48 90 1
48 92 1
48 98 1
48 106 1
48 112 1
48 120 1
48 125 1
48 130 1
48 142 1
48 145 1
48 150 1
48 152 1
48 178 1
48 185 1
48 222 1
48 228 1
48 235 1
48 236 1
48 253 1
48 267 1
48 283 1
48 307 1
48 313 1
48 317 1
48 334 1
48 339 1
48 342 1
48 345 1
48 354 1
48 358 1
48 359 1
48 368 1
48 371 1
48 373 1
48 382 1
48 385 1
48 398 1
48 401 1
48 405 1
48 427 1
48 450 1
48 451 1
48 466 1
48 484 1
48 499 1
49 52 1
49 88 1
49 112 1
49 133 1
49 140 1
49 147 1
49 150 1
49 165 1
49 172 1
49 184 1
49 190 1
49 202 1
49 205 1
49 208 1
49 210 1
49 244 1
49 247 1
49 304 1
49 333 1
49 336 1
49 343 1
49 349 1
49 359 1
49 366 1
49 378 1
49 384 1
49 388 1
49 391 1
49 400 1
49 410 1
49 414 1
49 425 1
49 437 1
49 440 1
49 465 1
49 467 1
49 492 1
49 494 1
50 61 1
50 66 1
50 69 1
50 78 1
50 83 1
50 92 1
50 100 1
50 114 1
50 135 1
50 136 1
50 141 1
50 146 1
50 149 1
50 154 1
50 162 1
50 169 1
50 180 1
50 188 1
50 189 1
50 193 1
50 213 1
50 222 1
50 223 1
50 229 1
50 231 1
50 235 1
50 280 1
50 288 1
50 300 1
50 314 1
50 321 1
50 324 1
50 326 1
50 344 1
50 379 1
50 386 1
50 403 1
50 428 1
50 435 1
50 439 1
50 446 1
50 455 1
50 458 1
50 463 1
50 479 1
50 480 1
50 488 1
50 490 1
50 498 1
51 58 1
51 76 1
51 80 1
51 83 1
51 88 1
51 94 1
51 101 1
51 117 1
51 120 1
51 126 1
51 149 1
51 180 1
51 209 1
51 224 1
51 233 1
51 239 1
51 241 1
51 254 1
51 271 1
51 274 1
51 277 1
51 289 1
51 293 1
51 294 1
51 295 1
51 300 1
51 317 1
51 322 1
51 336 1
51 344 1
51 345 1
51 347 1
51 382 1
51 388 1
51 414 1
51 423 1
51 428 1
51 432 1
51 440 1
51 444 1
51 469 1
51 482 1
52 59 1
52 61 1
52 63 1
52 65 1
52 108 1
52 154 1
52 176 1
52 187 1
52 208 1
52 222 1
52 241 1
52 255 1
52 259 1
52 265 1
52 284 1
52 292 1
52 299 1
52 300 1
52 308 1
52 312 1
52 313 1
52 315 1
52 319 1
52 320 1
52 328 1
52 331 1
52 335 1
52 340 1
52 344 1
52 357 1
52 368 1
52 371 1
52 388 1
52 394 1
52 396 1
52 400 1
52 401 1
52 403 1
52 407 1
52 422 1
52 426 1
52 437 1
52 465 1
52 496 1
52 497 1
53 65 1
53 98 1
53 100 1
53 120 1
53 122 1
53 126 1
53 133 1
53 140 1
53 143 1
53 164 1
53 166 1
53 186 1
53 191 1
53 196 1
53 201 1
53 214 1
53 219 1
53 221 1
53 225 1
53 242 1
53 258 1
53 259 1
53 265 1
53 272 1
53 279 1
53 281 1
53 289 1
53 291 1
53 300 1
53 309 1
53 311 1
53 323 1
53 345 1
53 348 1
53 352 1
53 365 1
53 385 1
53 396 1
53 404 1
53 425 1
53 430 1
53 446 1
53 459 1
53 460 1
53 463 1
53 494 1
53 496 1
54 65 1
54 67 1
54 75 1
54 83 1
54 88 1
54 90 1
54 93 1
54 97 1
54 98 1
54 104 1
54 105 1
54 123 1
54 128 1
54 147 1
54 148 1
54 149 1
54 174 1
54 176 1
54 186 1
54 188 1
54 189 1
54 210 1
54 235 1
54 236 1
54 243 1
54 251 1
54 269 1
54 270 1
54 279 1
54 319 1
54 320 1
54 333 1
54 334 1
54 340 1
54 355 1
54 359 1
54 386 1
54 391 1
54 398 1
54 403 1
54 417 1
54 421 1
54 424 1
54 425 1
54 435 1
54 439 1
54 442 1
54 450 1
54 451 1
54 477 1
54 480 1
54 483 1
54 487 1
55 59 1
55 61 1
55 91 1
55 92 1
55 95 1
55 122 1
55 126 1
55 131 1
55 140 1
55 143 1
55 146 1
55 172 1
55 184 1
55 190 1
55 191 1
55 195 1
55 216 1
55 225 1
55 239 1
55 247 1
55 273 1
55 277 1
55 283 1
55 285 1
55 305 1
55 321 1
55 336 1
55 346 1
55 355 1
55 370 1
55 396 1
55 402 1
55 403 1
55 404 1
55 412 1
55 433 1
55 450 1
55 469 1
55 480 1
55 481 1
55 485 1
55 497 1
55 498 1
56 81 1
56 95 1
56 96 1
56 105 1
56 120 1
56 127 1
56 133 1
56 140 1
56 154 1
56 170 1
56 179 1
56 180 1
56 185 1
56 188 1
56 194 1
56 197 1
56 206 1
56 216 1
56 220 1
56 225 1
56 240 1
56 263 1
56 274 1
56 279 1
56 283 1
56 287 1
56 290 1
56 300 1
56 321 1
56 325 1
56 330 1
56 332 1
56 340 1
56 363 1
56 383 1
56 386 1
56 387 1
56 393 1
56 415 1
56 416 1
56 428 1
56 437 1
56 439 1
56 451 1
56 454 1
56 467 1
56 489 1
56 498 1
56 500 1
57 59 1
57 91 1
57 92 1
57 93 1
57 101 1
57 125 1
57 143 1
57 149 1
57 153 1
57 165 1
57 173 1
57 201 1
57 206 1
57 208 1
57 216 1
57 219 1
57 229 1
57 241 1
57 256 1
57 260 1
57 263 1
57 271 1
57 272 1
57 280 1
57 283 1
57 287 1
57 296 1
57 304 1
57 307 1
57 315 1
57 324 1
57 325 1
57 346 1
57 347 1
57 357 1
57 366 1
57 371 1
57 394 1
57 398 1
57 418 1
57 438 1
57 439 1
57 448 1
57 462 1
57 480 1
58 72 1
58 76 1
58 94 1
58 96 1
58 103 1
58 121 1
58 122 1
58 138 1
58 140 1
58 147 1
58 151 1
58 154 1
58 161 1
58 171 1
58 190 1
58 196 1
58 228 1
58 239 1
58 242 1
58 243 1
58 255 1
58 256 1
58 260 1
58 268 1
58 317 1
58 325 1
58 345 1
58 357 1
58 360 1
58 361 1
58 378 1
58 400 1
58 408 1
58 419 1
58 446 1
58 482 1
59 68 1
59 75 1
59 96 1
59 116 1
59 118 1
59 129 1
59 133 1
59 134 1
59 143 1
59 156 1
59 166 1
59 187 1
59 190 1
59 194 1
59 197 1
59 200 1
59 209 1
59 219 1
59 226 1
59 257 1
59 322 1
59 329 1
59 347 1
59 368 1
59 374 1
59 377 1
59 395 1
59 408 1
59 409 1
59 417 1
59 426 1
59 432 1
59 436 1
59 437 1
59 440 1
59 444 1
59 452 1
59 467 1
59 471 1
59 472 1
59 480 1
59 483 1
59 498 1
59 500 1
60 61 1
60 74 1
60 76 1
60 77 1
60 79 1
60 82 1
60 101 1
60 110 1
60 111 1
60 114 1
60 115 1
60 135 1
60 138 1
60 150 1
60 162 1
60 177 1
60 200 1
60 214 1
60 216 1
60 227 1
60 230 1
60 234 1
60 255 1
60 259 1
60 264 1
60 276 1
60 286 1
60 289 1
60 300 1
60 311 1
60 315 1
60 320 1
60 333 1
60 373 1
60 377 1
60 387 1
60 399 1
60 402 1
60 403 1
60 404 1
60 405 1
60 420 1
60 421 1
60 425 1
60 430 1
60 431 1
60 445 1
60 450 1
60 457 1
60 472 1
60 473 1
60 475 1
60 482 1
60 498 1
61 76 1
61 80 1
61 87 1
61 91 1
61 99 1
61 115 1
61 124 1
61 127 1
61 129 1
61 132 1
61 149 1
61 153 1
61 170 1
61 181 1
61 183 1
61 191 1
61 203 1
61 205 1
61 226 1
61 237 1
61 239 1
61 240 1
61 244 1
61 256 1
61 263 1
61 283 1
61 285 1
61 298 1
61 301 1
61 325 1
61 343 1
61 352 1
61 356 1
61 357 1
61 386 1
61 390 1
61 406 1
61 416 1
61 430 1
61 455 1
61 456 1
62 68 1
62 78 1
62 80 1
62 81 1
62 82 1
62 84 1
62 92 1
62 106 1
62 155 1
62 156 1
62 179 1
62 185 1
62 195 1
62 196 1
62 197 1
62 199 1
62 211 1
62 212 1
62 215 1
62 216 1
62 231 1
62 236 1
62 237 1
62 243 1
62 250 1
62 259 1
62 271 1
62 274 1
62 292 1
62 303 1
62 314 1
62 336 1
62 338 1
62 354 1
62 359 1
62 370 1
62 372 1
62 377 1
62 388 1
62 394 1
62 398 1
62 406 1
62 412 1
62 415 1
62 439 1
62 449 1
62 462 1
62 499 1
63 64 1
63 67 1
63 80 1
63 92 1
63 99 1
63 105 1
63 108 1
63 109 1
63 110 1
63 133 1
63 139 1
63 148 1
63 160 1
63 162 1
63 178 1
63 186 1
63 190 1
63 194 1
63 201 1
63 208 1
63 216 1
63 243 1
63 256 1
63 261 1
63 268 1
63 277 1
63 280 1
63 284 1
63 299 1
63 302 1
63 357 1
63 363 1
63 364 1
63 366 1
63 368 1
63 376 1
63 387 1
63 390 1
63 415 1
63 425 1
63 429 1
63 431 1
63 437 1
63 445 1
63 449 1
63 451 1
63 452 1
63 461 1
63 466 1
63 477 1
63 482 1
63 488 1
63 492 1
63 497 1
64 69 1
64 74 1
64 79 1
64 84 1
64 96 1
64 128 1
64 135 1
64 138 1
64 146 1
64 152 1
64 163 1
64 167 1
64 185 1
64 220 1
64 236 1
64 278 1
64 280 1
64 283 1
64 298 1
64 306 1
64 311 1
64 319 1
64 320 1
64 339 1
64 345 1
64 435 1
64 437 1
64 458 1
64 473 1
64 485 1
64 497 1
64 500 1
65 69 1
65 75 1
65 78 1
65 82 1
65 91 1
65 104 1
65 124 1
65 168 1
65 180 1
65 204 1
65 230 1
65 231 1
65 262 1
65 268 1
65 269 1
65 272 1
65 278 1
65 283 1
65 291 1
65 308 1
65 321 1
65 335 1
65 338 1
65 346 1
65 388 1
65 393 1
65 403 1
65 412 1
65 428 1
65 432 1
65 434 1
65 437 1
65 444 1
65 448 1
65 454 1
65 464 1
65 471 1
65 472 1
65 489 1
65 492 1
66 112 1
66 137 1
66 141 1
66 145 1
66 146 1
66 152 1
66 155 1
66 163 1
66 186 1
66 187 1
66 205 1
66 230 1
66 234 1
66 264 1
66 279 1
66 286 1
66 289 1
66 291 1
66 292 1
66 293 1
66 305 1
66 319 1
66 326 1
66 328 1
66 346 1
66 351 1
66 355 1
66 363 1
66 379 1
66 381 1
66 389 1
66 393 1
66 400 1
66 407 1
66 410 1
66 423 1
66 425 1
66 427 1
66 447 1
66 449 1
66 456 1
66 457 1
66 458 1
66 463 1
66 482 1
66 485 1
66 489 1
67 84 1
67 102 1
67 134 1
67 139 1
67 158 1
67 161 1
67 164 1
67 176 1
67 200 1
67 228 1
67 230 1
67 233 1
67 234 1
67 240 1
67 257 1
67 270 1
67 285 1
67 291 1
67 312 1
67 314 1
67 382 1
67 391 1
67 408 1
67 419 1
67 444 1
67 457 1
67 463 1
67 464 1
67 471 1
67 479 1
67 500 1
68 79 1
68 80 1
68 87 1
68 157 1
68 165 1
68 169 1
68 170 1
68 177 1
68 204 1
68 236 1
68 244 1
68 249 1
68 260 1
68 275 1
68 276 1
68 278 1
68 291 1
68 293 1
68 301 1
68 309 1
68 347 1
68 351 1
68 357 1
68 364 1
68 371 1
68 372 1
68 403 1
68 406 1
68 420 1
68 421 1
68 427 1
68 429 1
68 433 1
68 436 1
68 437 1
68 440 1
68 451 1
68 477 1
68 480 1
68 497 1
68 498 1
69 74 1
69 93 1
69 94 1
69 99 1
69 102 1
69 107 1
69 108 1
69 116 1
69 118 1
69 126 1
69 152 1
69 156 1
69 169 1
69 185 1
69 192 1
69 207 1
69 231 1
69 234 1
69 244 1
69 254 1
69 301 1
69 305 1
69 315 1
69 321 1
69 328 1
69 329 1
69 332 1
69 340 1
69 346 1
69 347 1
69 370 1
69 372 1
69 402 1
69 403 1
69 421 1
69 431 1
69 462 1
69 485 1
70 85 1
70 98 1
70 103 1
70 107 1
70 109 1
70 133 1
70 136 1
70 139 1
70 143 1
70 145 1
70 153 1
70 170 1
70 178 1
70 181 1
70 187 1
70 192 1
70 200 1
70 215 1
70 216 1
70 220 1
70 223 1
70 226 1
70 234 1
70 246 1
70 250 1
70 274 1
70 299 1
70 325 1
70 330 1
70 381 1
70 385 1
70 403 1
70 410 1
70 421 1
70 449 1
70 464 1
70 467 1
70 470 1
70 486 1
70 494 1
71 80 1
71 81 1
71 87 1
71 91 1
71 95 1
71 97 1
71 98 1
71 109 1
71 122 1
71 129 1
71 130 1
71 132 1
71 134 1
71 141 1
71 149 1
71 178 1
71 186 1
71 187 1
71 191 1
71 197 1
71 200 1
71 227 1
71 257 1
71 274 1
71 280 1
71 284 1
71 287 1
71 290 1
71 297 1
71 303 1
71 317 1
71 323 1
71 326 1
71 351 1
71 352 1
71 373 1
71 377 1
71 381 1
71 382 1
71 394 1
71 401 1
71 411 1
71 412 1
71 425 1
71 427 1
71 436 1
71 438 1
71 448 1
71 454 1
71 466 1
71 475 1
71 480 1
71 482 1
72 92 1
72 94 1
72 98 1
72 112 1
72 116 1
72 120 1
72 145 1
72 154 1
72 155 1
72 170 1
72 195 1
72 200 1
72 239 1
72 254 1
72 272 1
72 287 1
72 304 1
72 334 1
72 337 1
72 352 1
72 354 1
72 362 1
72 369 1
72 375 1
72 388 1
72 390 1
72 403 1
72 419 1
72 421 1
72 441 1
72 456 1
72 458 1
72 460 1
72 469 1
72 474 1
72 486 1
72 489 1
72 493 1
72 498 1
73 80 1
73 94 1
73 108 1
73 111 1
73 133 1
73 141 1
73 162 1
73 182 1
73 184 1
73 187 1
73 192 1
73 206 1
73 209 1
73 240 1
73 254 1
73 258 1
73 271 1
73 277 1
73 279 1
73 282 1
73 298 1
73 300 1
73 301 1
73 303 1
73 316 1
73 317 1
73 320 1
73 321 1
73 369 1
73 382 1
73 387 1
73 404 1
73 408 1
73 409 1
73 410 1
73 431 1
73 433 1
73 446 1
73 451 1
73 453 1
73 456 1
73 458 1
73 459 1
73 461 1
73 463 1
73 466 1
73 469 1
73 470 1
73 477 1
73 481 1
73 487 1
73 490 1
73 498 1
74 75 1
74 77 1
74 91 1
74 112 1
74 119 1
74 129 1
74 133 1
74 137 1
74 138 1
74 141 1
74 152 1
74 184 1
74 185 1
74 192 1
74 195 1
74 196 1
74 201 1
74 219 1
74 228 1
74 263 1
74 266 1
74 276 1
74 295 1
74 305 1
74 314 1
74 336 1
74 343 1
74 350 1
74 355 1
74 368 1
74 374 1
74 386 1
74 387 1
74 389 1
74 395 1
74 401 1
74 407 1
74 411 1
74 417 1
74 421 1
74 424 1
74 427 1
74 451 1
74 460 1
74 473 1
74 486 1
74 497 1
75 83 1
75 87 1
75 91 1
75 95 1
75 108 1
75 111 1
75 114 1
75 115 1
75 142 1
75 149 1
75 154 1
75 155 1
75 169 1
75 183 1
75 188 1
75 237 1
75 281 1
75 285 1
75 287 1
75 289 1
75 290 1
75 301 1
75 325 1
75 328 1
75 336 1
75 338 1
75 341 1
75 359 1
75 373 1
75 375 1
75 390 1
75 400 1
75 424 1
75 440 1
75 457 1
75 465 1
75 484 1
75 488 1
75 489 1
75 499 1
76 78 1
76 81 1
76 92 1
76 98 1
76 99 1
76 107 1
76 108 1
76 124 1
76 126 1
76 127 1
76 128 1
76 133 1
76 136 1
76 149 1
76 169 1
76 175 1
76 177 1
76 179 1
76 188 1
76 189 1
76 202 1
76 228 1
76 233 1
76 249 1
76 280 1
76 295 1
76 308 1
76 312 1
76 335 1
76 349 1
76 353 1
76 376 1
76 408 1
76 417 1
76 425 1
76 431 1
76 436 1
76 438 1
76 454 1
76 462 1
76 465 1
76 491 1
77 84 1
77 93 1
77 102 1
77 137 1
77 139 1
77 149 1
77 154 1
77 155 1
77 161 1
77 165 1
77 167 1
77 175 1
77 180 1
77 189 1
77 201 1
77 207 1
77 211 1
77 217 1
77 234 1
77 267 1
77 281 1
77 285 1
77 291 1
77 301 1
77 310 1
77 320 1
77 322 1
77 350 1
77 352 1
77 360 1
77 368 1
77 373 1
77 382 1
77 391 1
77 396 1
77 404 1
77 406 1
77 417 1
77 421 1
77 424 1
77 440 1
77 443 1
77 446 1
77 455 1
77 480 1
77 486 1
78 85 1
78 103 1
78 112 1
78 128 1
78 151 1
78 155 1
78 162 1
78 172 1
78 176 1
78 178 1
78 192 1
78 199 1
78 212 1
78 223 1
78 229 1
78 231 1
78 246 1
78 255 1
78 259 1
78 268 1
78 272 1
78 275 1
78 308 1
78 333 1
78 343 1
78 354 1
78 356 1
78 363 1
78 370 1
78 379 1
78 388 1
78 392 1
78 393 1
78 410 1
78 416 1
78 427 1
78 446 1
78 453 1
78 454 1
78 459 1
78 461 1
78 483 1
78 500 1
79 81 1
79 95 1
79 107 1
79 112 1
79 143 1
79 148 1
79 150 1
79 154 1
79 155 1
79 159 1
79 198 1
79 205 1
79 215 1
79 228 1
79 236 1
79 251 1
79 254 1
79 255 1
79 257 1
79 259 1
79 260 1
79 270 1
79 281 1
79 294 1
79 295 1
79 304 1
79 313 1
79 317 1
79 319 1
79 323 1
79 324 1
79 342 1
79 358 1
79 366 1
79 371 1
79 375 1
79 378 1
79 387 1
79 394 1
79 414 1
79 416 1
79 420 1
79 467 1
79 472 1
79 487 1
79 497 1
79 499 1
79 500 1
80 84 1
80 111 1
80 112 1
80 113 1
80 121 1
80 126 1
80 145 1
80 149 1
80 168 1
80 201 1
80 205 1
80 243 1
80 257 1
80 278 1
80 290 1
80 298 1
80 299 1
80 302 1
80 311 1
80 313 1
80 324 1
80 348 1
80 351 1
80 360 1
80 410 1
80 412 1
80 415 1
80 475 1
80 497 1
81 83 1
81 84 1
81 87 1
81 91 1
81 141 1
81 154 1
81 159 1
81 194 1
81 202 1
81 218 1
81 221 1
81 241 1
81 242 1
81 244 1
81 259 1
81 261 1
81 263 1
81 266 1
81 267 1
81 269 1
81 270 1
81 274 1
81 277 1
81 313 1
81 324 1
81 332 1
81 336 1
81 338 1
81 349 1
81 353 1
81 354 1
81 355 1
81 358 1
81 363 1
81 367 1
81 369 1
81 397 1
81 406 1
81 437 1
81 445 1
81 460 1
81 492 1
81 493 1
82 93 1
82 95 1
82 109 1
82 112 1
82 119 1
82 125 1
82 135 1
82 158 1
82 166 1
82 167 1
82 173 1
82 189 1
82 198 1
82 201 1
82 202 1
82 208 1
82 212 1
82 225 1
82 226 1
82 231 1
82 232 1
82 259 1
82 261 1
82 283 1
82 289 1
82 304 1
82 317 1
82 324 1
82 341 1
82 343 1
82 347 1
82 351 1
82 380 1
82 389 1
82 398 1
82 404 1
82 453 1
82 456 1
82 463 1
82 464 1
82 465 1
82 470 1
82 478 1
82 487 1
83 89 1
83 90 1
83 93 1
83 95 1
83 100 1
83 108 1
83 119 1
83 129 1
83 134 1
83 137 1
83 141 1
83 147 1
83 150 1
83 153 1
83 159 1
83 163 1
83 165 1
83 171 1
83 183 1
83 193 1
83 199 1
83 220 1
83 233 1
83 246 1
83 269 1
83 274 1
83 284 1
83 292 1
83 295 1
83 301 1
83 321 1
83 341 1
83 344 1
83 348 1
83 349 1
83 355 1
83 358 1
83 379 1
83 386 1
83 387 1
83 397 1
83 421 1
83 433 1
83 444 1
83 458 1
83 461 1
83 469 1
83 472 1
83 473 1
83 484 1
83 487 1
83 496 1
84 89 1
84 90 1
84 109 1
84 117 1
84 134 1
84 146 1
84 147 1
84 150 1
84 157 1
84 164 1
84 211 1
84 221 1
84 228 1
84 244 1
84 246 1
84 262 1
84 273 1
84 278 1
84 301 1
84 318 1
84 325 1
84 344 1
84 357 1
84 368 1
84 377 1
84 386 1
84 389 1
84 391 1
84 397 1
84 398 1
84 406 1
84 407 1
84 414 1
84 433 1
84 439 1
84 446 1
84 477 1
84 485 1
84 486 1
84 493 1
85 88 1
85 102 1
85 108 1
85 119 1
85 152 1
85 165 1
85 174 1
85 182 1
85 202 1
85 207 1
85 219 1
85 240 1
85 241 1
85 254 1
85 261 1
85 265 1
85 289 1
85 291 1
85 305 1
85 309 1
85 310 1
85 322 1
85 337 1
85 341 1
85 361 1
85 369 1
85 371 1
85 386 1
85 396 1
85 409 1
85 417 1
85 428 1
85 453 1
85 454 1
85 459 1
85 467 1
85 475 1
85 483 1
85 489 1
85 497 1
86 103 1
86 119 1
86 120 1
86 137 1
86 138 1
86 143 1
86 146 1
86 149 1
86 151 1
86 153 1
86 154 1
86 156 1
86 164 1
86 169 1
86 185 1
86 189 1
86 210 1
86 218 1
86 236 1
86 243 1
86 264 1
86 268 1
86 271 1
86 287 1
86 292 1
86 295 1
86 298 1
86 320 1
86 328 1
86 330 1
86 348 1
86 365 1
86 385 1
86 395 1
86 398 1
86 424 1
86 428 1
86 430 1
86 441 1
86 462 1
86 473 1
86 474 1
86 484 1
86 487 1
87 89 1
87 92 1
87 100 1
87 118 1
87 129 1
87 134 1
87 135 1
87 148 1
87 152 1
87 178 1
87 179 1
87 186 1
87 190 1
87 191 1
87 193 1
87 214 1
87 255 1
87 268 1
87 272 1
87 277 1
87 297 1
87 316 1
87 338 1
87 348 1
87 349 1
87 356 1
87 390 1
87 417 1
87 427 1
87 436 1
87 455 1
87 456 1
87 460 1
87 463 1
87 472 1
87 480 1
87 485 1
87 489 1
88 111 1
88 135 1
88 152 1
88 168 1
88 173 1
88 214 1
88 218 1
88 247 1
88 268 1
88 269 1
88 274 1
88 275 1
88 299 1
88 309 1
88 331 1
88 332 1
88 335 1
88 355 1
88 364 1
88 373 1
88 382 1
88 399 1
88 423 1
88 424 1
88 444 1
88 460 1
88 480 1
88 486 1
88 487 1
89 90 1
89 107 1
89 112 1
89 121 1
89 145 1
89 159 1
89 169 1
89 170 1
89 178 1
89 193 1
89 199 1
89 202 1
89 207 1
89 217 1
89 244 1
89 245 1
89 259 1
89 263 1
89 265 1
89 267 1
89 278 1
89 280 1
89 295 1
89 304 1
89 315 1
89 340 1
89 346 1
89 358 1
89 366 1
89 370 1
89 371 1
89 374 1
89 377 1
89 411 1
89 413 1
89 416 1
89 431 1
89 444 1
89 454 1
89 456 1
89 457 1
89 459 1
89 461 1
89 464 1
89 470 1
89 476 1
89 479 1
89 494 1
90 102 1
90 110 1
90 123 1
90 127 1
90 131 1
90 132 1
90 140 1
90 142 1
90 147 1
90 154 1
90 156 1
90 157 1
90 166 1
90 180 1
90 181 1
90 188 1
90 189 1
90 211 1
90 242 1
90 247 1
90 259 1
90 268 1
90 304 1
90 311 1
90 325 1
90 336 1
90 348 1
90 370 1
90 378 1
90 392 1
90 395 1
90 396 1
90 400 1
90 411 1
90 430 1
90 440 1
90 450 1
90 454 1
90 459 1
90 464 1
90 476 1
90 485 1
90 486 1
91 115 1
91 126 1
91 127 1
91 129 1
91 135 1
91 136 1
91 141 1
91 161 1
91 170 1
91 172 1
91 178 1
91 181 1
91 201 1
91 204 1
91 218 1
91 243 1
91 262 1
91 268 1
91 269 1
91 271 1
91 274 1
91 287 1
91 304 1
91 312 1
91 321 1
91 322 1
91 323 1
91 328 1
91 333 1
91 335 1
91 345 1
91 361 1
91 362 1
91 370 1
91 378 1
91 394 1
91 421 1
91 440 1
91 441 1
91 460 1
91 462 1
91 467 1
91 476 1
91 481 1
91 482 1
91 492 1
92 96 1
92 100 1
92 109 1
92 110 1
92 111 1
92 121 1
92 137 1
92 151 1
92 153 1
92 156 1
92 167 1
92 202 1
92 208 1
92 227 1
92 230 1
92 232 1
92 241 1
92 242 1
92 245 1
92 264 1
92 267 1
92 269 1
92 288 1
92 294 1
92 296 1
92 306 1
92 323 1
92 326 1
92 330 1
92 331 1
92 356 1
92 367 1
92 368 1
92 377 1
92 392 1
92 401 1
92 409 1
92 418 1
92 419 1
92 425 1
92 429 1
92 435 1
92 450 1
92 451 1
92 464 1
92 488 1
92 490 1
92 494 1
93 97 1
93 100 1
93 102 1
93 105 1
93 109 1
93 129 1
93 134 1
93 144 1
93 159 1
93 188 1
93 189 1
93 199 1
93 214 1
93 221 1
93 245 1
93 252 1
93 281 1
93 286 1
93 289 1
93 319 1
93 320 1
93 336 1
93 343 1
93 345 1
93 355 1
93 358 1
93 361 1
93 363 1
93 376 1
93 386 1
93 387 1
93 392 1
93 399 1
93 428 1
93 431 1
93 438 1
93 457 1
93 464 1
93 469 1
93 475 1
93 494 1
93 496 1
93 500 1
94 100 1
94 112 1
94 118 1
94 123 1
94 124 1
94 134 1
94 143 1
94 155 1
94 163 1
94 166 1
94 174 1
94 187 1
94 207 1
94 214 1
94 229 1
94 235 1
94 241 1
94 243 1
94 266 1
94 278 1
94 280 1
94 281 1
94 292 1
94 295 1
94 296 1
94 306 1
94 310 1
94 315 1
94 326 1
94 330 1
94 332 1
94 336 1
94 376 1
94 426 1
94 443 1
94 459 1
94 468 1
94 470 1
94 475 1
94 495 1
94 496 1
94 497 1
95 100 1
95 108 1
95 113 1
95 118 1
95 121 1
95 124 1
95 149 1
95 151 1
95 154 1
95 157 1
95 167 1
95 172 1
95 178 1
95 189 1
95 209 1
95 212 1
95 230 1
95 247 1
95 285 1
95 307 1
95 311 1
95 345 1
95 362 1
95 370 1
95 382 1
95 386 1
95 399 1
95 415 1
95 420 1
95 439 1
95 443 1
95 447 1
95 454 1
95 457 1
95 463 1
95 467 1
95 468 1
95 478 1
95 481 1
96 113 1
96 126 1
96 132 1
96 142 1
96 155 1
96 196 1
96 204 1
96 233 1
96 248 1
96 266 1
96 275 1
96 277 1
96 280 1
96 283 1
96 295 1
96 319 1
96 337 1
96 345 1
96 350 1
96 351 1
96 353 1
96 358 1
96 364 1
96 374 1
96 377 1
96 383 1
96 412 1
96 421 1
96 428 1
96 432 1
96 433 1
96 445 1
96 460 1
96 499 1
97 136 1
97 171 1
97 184 1
97 202 1
97 205 1
97 209 1
97 213 1
97 222 1
97 242 1
97 264 1
97 292 1
97 295 1
97 305 1
97 315 1
97 317 1
97 332 1
97 334 1
97 349 1
97 360 1
97 372 1
97 375 1
97 377 1
97 400 1
97 434 1
97 448 1
97 453 1
97 455 1
97 459 1
97 463 1
97 483 1
97 485 1
97 486 1
97 493 1
97 494 1
98 116 1
98 119 1
98 122 1
98 128 1
98 129 1
98 131 1
98 137 1
98 162 1
98 164 1
98 168 1
98 170 1
98 173 1
98 174 1
98 178 1
98 185 1
98 186 1
98 193 1
98 215 1
98 225 1
98 240 1
98 245 1
98 253 1
98 254 1
98 261 1
98 292 1
98 308 1
98 323 1
98 326 1
98 330 1
98 331 1
98 365 1
98 366 1
98 387 1
98 412 1
98 438 1
98 439 1
98 450 1
98 471 1
98 472 1
98 486 1
98 492 1
99 101 1
99 106 1
99 117 1
99 133 1
99 154 1
99 155 1
99 162 1
99 178 1
99 179 1
99 180 1
99 221 1
99 235 1
99 239 1
99 250 1
99 251 1
99 258 1
99 261 1
99 271 1
99 283 1
99 298 1
99 304 1
99 308 1
99 317 1
99 319 1
99 324 1
99 337 1
99 339 1
99 340 1
99 345 1
99 351 1
99 358 1
99 365 1
99 396 1
99 411 1
99 418 1
99 423 1
99 424 1
99 441 1
99 455 1
99 457 1
99 478 1
99 484 1
99 497 1
100 107 1
100 118 1
100 135 1
100 139 1
100 158 1
100 163 1
100 167 1
100 168 1
100 170 1
100 188 1
100 192 1
100 199 1
100 201 1
100 204 1
100 208 1
100 242 1
100 245 1
100 248 1
100 268 1
100 275 1
100 293 1
100 298 1
100 308 1
100 324 1
100 331 1
100 374 1
100 378 1
100 394 1
100 399 1
100 429 1
100 437 1
100 442 1
100 458 1
100 465 1
100 475 1
101 106 1
101 110 1
101 111 1
101 112 1
101 114 1
101 121 1
101 126 1
101 154 1
101 177 1
101 187 1
101 198 1
101 199 1
101 208 1
101 215 1
101 221 1
101 224 1
101 225 1
101 239 1
101 243 1
101 264 1
101 267 1
101 271 1
101 282 1
101 301 1
101 312 1
101 318 1
101 322 1
101 361 1
101 372 1
101 373 1
101 377 1
101 385 1
101 388 1
101 400 1
101 401 1
101 405 1
101 407 1
101 413 1
101 416 1
101 426 1
101 445 1
101 448 1
101 453 1
101 461 1
101 463 1
101 464 1
101 477 1
101 483 1
101 484 1
101 487 1
101 488 1
101 489 1
101 494 1
101 495 1
101 499 1
102 103 1
102 111 1
102 114 1
102 117 1
102 131 1
102 133 1
102 137 1
102 147 1
102 154 1
102 155 1
102 163 1
102 192 1
102 210 1
102 233 1
102 256 1
102 277 1
102 283 1
102 297 1
102 300 1
102 304 1
102 306 1
102 313 1
102 317 1
102 333 1
102 354 1
102 362 1
102 377 1
102 380 1
102 384 1
102 387 1
102 392 1
102 396 1
102 425 1
102 431 1
102 449 1
102 477 1
102 482 1
102 500 1
103 111 1
103 121 1
103 125 1
103 154 1
103 157 1
103 163 1
103 170 1
103 180 1
103 182 1
103 197 1
103 202 1
103 207 1
103 217 1
103 223 1
103 232 1
103 238 1
103 244 1
103 277 1
103 286 1
103 293 1
103 294 1
103 300 1
103 303 1
103 318 1
103 332 1
103 333 1
103 334 1
103 335 1
103 340 1
103 346 1
103 349 1
103 350 1
103 357 1
103 360 1
103 363 1
103 370 1
103 389 1
103 407 1
103 418 1
103 419 1
103 425 1
103 433 1
103 434 1
103 441 1
103 446 1
103 471 1
103 481 1
104 112 1
104 114 1
104 117 1
104 120 1
104 134 1
104 150 1
104 167 1
104 176 1
104 180 1
104 188 1
104 192 1
104 214 1
104 215 1
104 233 1
104 252 1
104 262 1
104 266 1
104 288 1
104 290 1
104 331 1
104 340 1
104 363 1
104 380 1
104 388 1
104 412 1
104 443 1
104 445 1
104 450 1
104 452 1
104 470 1
105 123 1
105 124 1
105 144 1
105 161 1
105 178 1
105 182 1
105 184 1
105 202 1
105 213 1
105 227 1
105 240 1
105 248 1
105 254 1
105 255 1
105 271 1
105 280 1
105 287 1
105 296 1
105 311 1
105 314 1
105 331 1
105 336 1
105 340 1
105 353 1
105 374 1
105 379 1
105 391 1
105 395 1
105 397 1
105 404 1
105 419 1
105 448 1
105 454 1
105 457 1
105 462 1
105 474 1
105 476 1
105 478 1
106 131 1
106 132 1
106 147 1
106 162 1
106 165 1
106 182 1
106 203 1
106 222 1
106 247 1
106 255 1
106 257 1
106 267 1
106 292 1
106 303 1
106 311 1
106 330 1
106 349 1
106 352 1
106 355 1
106 358 1
106 392 1
106 395 1
106 404 1
106 419 1
106 431 1
106 449 1
106 453 1
106 469 1
106 472 1
106 477 1
106 480 1
106 486 1
106 493 1
106 498 1
107 108 1
107 138 1
107 139 1
107 162 1
107 186 1
107 190 1
107 195 1
107 218 1
107 254 1
107 273 1
107 276 1
107 290 1
107 298 1
107 300 1
107 309 1
107 324 1
107 325 1
107 326 1
107 350 1
107 358 1
107 361 1
107 372 1
107 390 1
107 395 1
107 406 1
107 408 1
107 430 1
107 438 1
107 446 1
107 464 1
107 465 1
107 492 1
107 500 1
108 118 1
108 138 1
108 149 1
108 153 1
108 163 1
108 174 1
108 181 1
108 193 1
108 199 1
108 208 1
108 214 1
108 217 1
108 221 1
108 229 1
108 263 1
108 264 1
108 274 1
108 286 1
108 297 1
108 302 1
108 310 1
108 340 1
108 354 1
108 355 1
108 360 1
108 375 1
108 383 1
108 411 1
108 435 1
108 445 1
108 447 1
108 448 1
108 458 1
108 474 1
108 478 1
108 493 1
108 497 1
109 131 1
109 144 1
109 166 1
109 184 1
109 188 1
109 205 1
109 215 1
109 227 1
109 233 1
109 235 1
109 244 1
109 297 1
109 310 1
109 332 1
109 340 1
109 348 1
109 357 1
109 361 1
109 376 1
109 389 1
109 396 1
109 407 1
109 413 1
109 420 1
109 424 1
109 428 1
109 429 1
109 441 1
109 446 1
109 457 1
109 458 1
109 476 1
109 484 1
110 119 1
110 156 1
110 158 1
110 160 1
110 165 1
110 174 1
110 183 1
110 191 1
110 192 1
110 199 1
110 202 1
110 208 1
110 210 1
110 212 1
110 218 1
110 221 1
110 223 1
110 233 1
110 234 1
110 238 1
110 255 1
110 257 1
110 258 1
110 281 1
110 282 1
110 318 1
110 343 1
110 350 1
110 354 1
110 356 1
110 360 1
110 365 1
110 394 1
110 397 1
110 404 1
110 419 1
110 425 1
110 433 1
110 439 1
110 442 1
110 444 1
110 452 1
110 454 1
110 457 1
110 458 1
110 481 1
110 484 1
110 497 1
110 498 1
111 112 1
111 119 1
111 126 1
111 141 1
111 148 1
111 150 1
111 152 1
111 173 1
111 176 1
111 177 1
111 185 1
111 191 1
111 198 1
111 199 1
111 208 1
111 225 1
111 239 1
111 245 1
111 255 1
111 262 1
111 269 1
111 281 1
111 285 1
111 297 1
111 309 1
111 325 1
111 330 1
111 346 1
111 388 1
111 405 1
111 410 1
111 417 1
111 418 1
111 475 1
111 485 1
111 490 1
112 121 1
112 124 1
112 125 1
112 145 1
112 153 1
112 160 1
112 180 1
112 198 1
112 202 1
112 212 1
112 271 1
112 285 1
112 306 1
112 326 1
112 345 1
112 350 1
112 362 1
112 376 1
112 402 1
112 410 1
112 434 1
112 442 1
112 444 1
112 460 1
112 465 1
112 474 1
112 486 1
112 499 1
113 114 1
113 144 1
113 146 1
113 165 1
113 183 1
113 186 1
113 215 1
113 228 1
113 230 1
113 241 1
113 242 1
113 244 1
113 273 1
113 282 1
113 287 1
113 294 1
113 300 1
113 305 1
113 307 1
113 316 1
113 317 1
113 329 1
113 333 1
113 349 1
113 351 1
113 369 1
113 410 1
113 421 1
113 428 1
113 454 1
113 460 1
113 480 1
113 481 1
113 487 1
113 492 1
114 121 1
114 146 1
114 165 1
114 168 1
114 187 1
114 193 1
114 200 1
114 215 1
114 216 1
114 226 1
114 234 1
114 238 1
114 240 1
114 242 1
114 243 1
114 247 1
114 266 1
114 269 1
114 270 1
114 283 1
114 286 1
114 288 1
114 296 1
114 311 1
114 318 1
114 323 1
114 352 1
114 355 1
114 362 1
114 365 1
114 371 1
114 382 1
114 384 1
114 390 1
114 401 1
114 455 1
114 457 1
114 459 1
114 474 1
114 479 1
114 481 1
114 494 1
114 497 1
115 120 1
115 125 1
115 134 1
115 152 1
115 153 1
115 176 1
115 183 1
115 193 1
115 197 1
115 202 1
115 217 1
115 230 1
115 232 1
115 233 1
115 255 1
115 259 1
115 273 1
115 275 1
115 278 1
115 282 1
115 284 1
115 286 1
115 305 1
115 329 1
115 343 1
115 356 1
115 369 1
115 388 1
115 391 1
115 393 1
115 397 1
115 404 1
115 413 1
115 432 1
115 443 1
115 445 1
115 446 1
115 466 1
115 473 1
115 483 1
115 488 1
115 489 1
115 497 1
115 499 1
116 131 1
116 133 1
116 150 1
116 156 1
116 164 1
116 178 1
116 181 1
116 189 1
116 212 1
116 227 1
116 233 1
116 242 1
116 243 1
116 249 1
116 251 1
116 256 1
116 257 1
116 259 1
116 262 1
116 268 1
116 271 1
116 279 1
116 293 1
116 298 1
116 341 1
116 342 1
116 346 1
116 370 1
116 378 1
116 379 1
116 382 1
116 386 1
116 392 1
116 399 1
116 408 1
116 411 1
116 416 1
116 439 1
116 442 1
116 457 1
116 472 1
116 477 1
117 131 1
117 132 1
117 134 1
117 135 1
117 162 1
117 164 1
117 174 1
117 176 1
117 182 1
117 184 1
117 193 1
117 198 1
117 199 1
117 203 1
117 207 1
117 214 1
117 220 1
117 258 1
117 264 1
117 267 1
117 296 1
117 309 1
117 343 1
117 348 1
117 356 1
117 360 1
117 402 1
117 406 1
117 407 1
117 412 1
117 417 1
117 423 1
117 424 1
117 436 1
117 450 1
117 452 1
117 453 1
117 456 1
117 459 1
117 461 1
117 466 1
117 482 1
118 122 1
118 135 1
118 142 1
118 144 1
118 151 1
118 165 1
118 166 1
118 225 1
118 232 1
118 245 1
118 253 1
118 255 1
118 275 1
118 277 1
118 281 1
118 286 1
118 287 1
118 302 1
118 311 1
118 342 1
118 348 1
118 350 1
118 356 1
118 378 1
118 381 1
118 398 1
118 422 1
118 428 1
118 435 1
118 452 1
118 455 1
118 460 1
118 467 1
118 485 1
118 491 1
119 120 1
119 164 1
119 167 1
119 177 1
119 178 1
119 187 1
119 189 1
119 201 1
119 211 1
119 236 1
119 248 1
119 264 1
119 295 1
119 306 1
119 312 1
119 331 1
119 344 1
119 345 1
119 347 1
119 366 1
119 379 1
119 385 1
119 387 1
119 394 1
119 403 1
119 413 1
119 416 1
119 434 1
119 449 1
119 465 1
119 483 1
119 494 1
120 123 1
120 140 1
120 173 1
120 174 1
120 185 1
120 186 1
120 202 1
120 212 1
120 218 1
120 225 1
120 241 1
120 254 1
120 277 1
120 281 1
120 292 1
120 313 1
120 360 1
120 376 1
120 409 1
120 428 1
120 439 1
120 451 1
120 465 1
120 466 1
120 470 1
120 480 1
120 486 1
121 131 1
121 138 1
121 158 1
121 160 1
121 163 1
121 164 1
121 165 1
121 169 1
121 179 1
121 181 1
121 182 1
121 183 1
121 203 1
121 206 1
121 212 1
121 240 1
121 241 1
121 249 1
121 255 1
121 266 1
121 276 1
121 287 1
121 303 1
121 313 1
121 326 1
121 327 1
121 375 1
121 401 1
121 408 1
121 419 1
121 430 1
121 435 1
121 440 1
121 456 1
121 459 1
121 489 1
122 134 1
122 139 1
122 145 1
122 149 1
122 153 1
122 168 1
122 171 1
122 176 1
122 210 1
122 221 1
122 236 1
122 243 1
122 249 1
122 262 1
122 275 1
122 305 1
122 342 1
122 355 1
122 357 1
122 377 1
122 393 1
122 412 1
122 416 1
122 430 1
122 432 1
122 438 1
122 469 1
122 474 1
122 475 1
122 482 1
122 492 1
122 500 1
123 129 1
123 155 1
123 159 1
123 165 1
123 168 1
123 169 1
123 184 1
123 186 1
123 187 1
123 202 1
123 213 1
123 218 1
123 228 1
123 233 1
123 248 1
123 249 1
123 265 1
123 275 1
123 284 1
123 287 1
123 308 1
123 315 1
123 326 1
123 343 1
123 352 1
123 357 1
123 365 1
123 375 1
123 377 1
123 386 1
123 387 1
123 390 1
123 393 1
123 399 1
123 402 1
123 410 1
123 414 1
123 424 1
123 445 1
123 447 1
123 451 1
123 457 1
123 461 1
123 470 1
123 474 1
123 489 1
123 491 1
124 134 1
124 136 1
124 140 1
124 149 1
124 180 1
124 196 1
124 210 1
124 214 1
124 227 1
124 259 1
124 262 1
124 268 1
124 273 1
124 275 1
124 277 1
124 281 1
124 292 1
124 334 1
124 340 1
124 357 1
124 367 1
124 368 1
124 389 1
124 407 1
124 409 1
124 414 1
124 446 1
124 451 1
124 453 1
124 456 1
124 467 1
124 476 1
124 495 1
124 498 1
125 126 1
125 131 1
125 133 1
125 144 1
125 164 1
125 174 1
125 178 1
125 182 1
125 196 1
125 211 1
125 218 1
125 221 1
125 232 1
125 239 1
125 257 1
125 286 1
125 300 1
125 322 1
125 335 1
125 336 1
125 340 1
125 355 1
125 376 1
125 383 1
125 396 1
125 398 1
125 415 1
125 436 1
125 437 1
125 448 1
125 451 1
125 483 1
125 486 1
126 127 1
126 135 1
126 153 1
126 178 1
126 186 1
126 207 1
126 220 1
126 228 1
126 250 1
126 253 1
126 254 1
126 269 1
126 279 1
126 282 1
126 296 1
126 315 1
126 336 1
126 337 1
126 350 1
126 356 1
126 363 1
126 369 1
126 377 1
126 390 1
126 394 1
126 400 1
126 401 1
126 417 1
126 469 1
126 471 1
126 472 1
126 474 1
126 491 1
126 499 1
127 128 1
127 135 1
127 136 1
127 137 1
127 145 1
127 177 1
127 186 1
127 201 1
127 212 1
127 214 1
127 225 1
127 293 1
127 304 1
127 317 1
127 334 1
127 350 1
127 364 1
127 365 1
127 366 1
127 377 1
127 396 1
127 402 1
127 411 1
127 449 1
127 450 1
127 473 1
128 133 1
128 135 1
128 144 1
128 149 1
128 155 1
128 177 1
128 186 1
128 206 1
128 210 1
128 221 1
128 223 1
128 271 1
128 275 1
128 297 1
128 304 1
128 308 1
128 315 1
128 316 1
128 321 1
128 360 1
128 393 1
128 417 1
128 426 1
128 427 1
128 446 1
128 455 1
128 476 1
128 478 1
128 481 1
128 496 1
129 144 1
129 146 1
129 147 1
129 167 1
129 172 1
129 182 1
129 186 1
129 203 1
129 204 1
129 236 1
129 239 1
129 251 1
129 260 1
129 280 1
129 284 1
129 287 1
129 296 1
129 304 1
129 317 1
129 323 1
129 333 1
129 348 1
129 361 1
129 367 1
129 382 1
129 388 1
129 391 1
129 412 1
129 418 1
129 445 1
129 447 1
129 449 1
129 455 1
129 472 1
129 475 1
129 482 1
129 486 1
129 487 1
129 495 1
130 149 1
130 150 1
130 160 1
130 161 1
130 164 1
130 189 1
130 249 1
130 251 1
130 253 1
130 263 1
130 280 1
130 281 1
130 296 1
130 300 1
130 302 1
130 303 1
130 321 1
130 335 1
130 350 1
130 353 1
130 369 1
130 379 1
130 382 1
130 390 1
130 406 1
130 411 1
130 420 1
130 425 1
130 427 1
130 466 1
130 474 1
130 488 1
130 491 1
130 496 1
131 141 1
131 158 1
131 161 1
131 170 1
131 191 1
131 200 1
131 204 1
131 225 1
131 236 1
131 242 1
131 243 1
131 260 1
131 276 1
131 277 1
131 279 1
131 290 1
131 291 1
131 294 1
131 301 1
131 308 1
131 312 1
131 315 1
131 321 1
131 329 1
131 340 1
131 358 1
131 388 1
131 404 1
131 408 1
131 409 1
131 415 1
131 427 1
131 437 1
131 450 1
131 451 1
131 454 1
131 465 1
131 476 1
131 485 1
131 495 1
132 142 1
132 148 1
132 149 1
132 158 1
132 161 1
132 166 1
132 186 1
132 197 1
132 198 1
132 203 1
132 224 1
132 251 1
132 254 1
132 281 1
132 284 1
132 289 1
132 310 1
132 333 1
132 342 1
132 352 1
132 356 1
132 359 1
132 360 1
132 365 1
132 436 1
132 437 1
132 442 1
132 451 1
132 463 1
132 470 1
132 473 1
132 481 1
132 491 1
133 146 1
133 153 1
133 165 1
133 176 1
133 197 1
133 208 1
133 214 1
133 226 1
133 230 1
133 260 1
133 263 1
133 268 1
133 269 1
133 270 1
133 290 1
133 291 1
133 293 1
133 303 1
133 307 1
133 312 1
133 318 1
133 325 1
133 329 1
133 334 1
133 341 1
133 345 1
133 360 1
133 379 1
133 390 1
133 395 1
133 405 1
133 406 1
133 407 1
133 408 1
133 411 1
133 419 1
133 432 1
133 442 1
133 444 1
133 446 1
134 141 1
134 161 1
134 166 1
134 172 1
134 176 1
134 178 1
134 193 1
134 207 1
134 209 1
134 218 1
134 220 1
134 226 1
134 233 1
134 235 1
134 246 1
134 250 1
134 265 1
134 279 1
134 281 1
134 314 1
134 327 1
134 342 1
134 348 1
134 373 1
134 377 1
134 385 1
134 386 1
134 388 1
134 390 1
134 405 1
134 426 1
134 447 1
134 453 1
134 479 1
134 490 1
134 496 1
135 139 1
135 146 1
135 147 1
135 160 1
135 164 1
135 171 1
135 182 1
135 187 1
135 188 1
135 192 1
135 198 1
135 201 1
135 205 1
135 207 1
135 209 1
135 212 1
135 218 1
135 240 1
135 271 1
135 273 1
135 275 1
135 288 1
135 294 1
135 309 1
135 314 1
135 316 1
135 317 1
135 325 1
135 335 1
135 337 1
135 339 1
135 347 1
135 357 1
135 359 1
135 364 1
135 367 1
135 378 1
135 385 1
135 392 1
135 404 1
135 406 1
135 408 1
135 410 1
135 411 1
135 458 1
135 462 1
135 465 1
135 483 1
136 140 1
136 150 1
136 159 1
136 164 1
136 169 1
136 180 1
136 181 1
136 220 1
136 232 1
136 243 1
136 248 1
136 263 1
136 264 1
136 271 1
136 276 1
136 292 1
136 308 1
136 318 1
136 322 1
136 327 1
136 333 1
136 338 1
136 341 1
136 345 1
136 352 1
136 370 1
136 388 1
136 389 1
136 391 1
136 400 1
136 419 1
136 449 1
136 451 1
136 459 1
136 467 1
136 487 1
136 492 1
136 493 1
136 500 1
137 147 1
137 161 1
137 169 1
137 177 1
137 181 1
137 182 1
137 185 1
137 223 1
137 246 1
137 248 1
137 265 1
137 270 1
137 277 1
137 290 1
137 294 1
137 299 1
137 302 1
137 309 1
137 311 1
137 313 1
137 326 1
137 330 1
137 336 1
137 344 1
137 345 1
137 380 1
137 382 1
137 411 1
137 414 1
137 415 1
137 428 1
137 429 1
137 432 1
137 448 1
137 467 1
137 480 1
137 483 1
137 500 1
138 143 1
138 155 1
138 156 1
138 166 1
138 177 1
138 189 1
138 190 1
138 191 1
138 203 1
138 210 1
138 226 1
138 239 1
138 240 1
138 288 1
138 301 1
138 313 1
138 335 1
138 339 1
138 364 1
138 377 1
138 385 1
138 394 1
138 406 1
138 409 1
138 417 1
138 462 1
138 465 1
138 472 1
138 478 1
138 488 1
139 143 1
139 147 1
139 161 1
139 163 1
139 164 1
139 171 1
139 179 1
139 182 1
139 187 1
139 188 1
139 211 1
139 218 1
139 219 1
139 225 1
139 232 1
139 241 1
139 256 1
139 275 1
139 279 1
139 295 1
139 300 1
139 332 1
139 334 1
139 341 1
139 344 1
139 347 1
139 386 1
139 390 1
139 396 1
139 401 1
139 416 1
139 420 1
139 428 1
139 445 1
139 446 1
139 455 1
139 469 1
139 475 1
139 488 1
139 495 1
139 498 1
140 141 1
140 145 1
140 147 1
140 157 1
140 185 1
140 200 1
140 212 1
140 213 1
140 218 1
140 229 1
140 237 1
140 239 1
140 240 1
140 245 1
140 271 1
140 284 1
140 305 1
140 321 1
140 324 1
140 328 1
140 329 1
140 330 1
140 331 1
140 346 1
140 351 1
140 357 1
140 361 1
140 378 1
140 384 1
140 393 1
140 394 1
140 438 1
140 448 1
140 455 1
140 462 1
140 466 1
140 480 1
140 494 1
140 496 1
141 164 1
141 173 1
141 183 1
141 186 1
141 187 1
141 196 1
141 222 1
141 227 1
141 232 1
141 237 1
141 250 1
141 251 1
141 258 1
141 259 1
141 301 1
141 305 1
141 331 1
141 335 1
141 352 1
141 367 1
141 380 1
141 381 1
141 391 1
141 392 1
141 396 1
141 414 1
141 435 1
141 443 1
141 444 1
141 446 1
141 454 1
141 455 1
141 464 1
141 477 1
141 484 1
141 485 1
141 488 1
142 155 1
142 156 1
142 174 1
142 177 1
142 206 1
142 213 1
142 217 1
142 239 1
142 242 1
142 249 1
142 250 1
142 251 1
142 278 1
142 302 1
142 313 1
142 324 1
142 336 1
142 363 1
142 364 1
142 371 1
142 374 1
142 381 1
142 392 1
142 420 1
142 423 1
142 473 1
142 478 1
142 486 1
142 496 1
142 498 1
143 146 1
143 158 1
143 178 1
143 204 1
143 238 1
143 239 1
143 241 1
143 253 1
143 255 1
143 264 1
143 266 1
143 278 1
143 281 1
143 284 1
143 295 1
143 298 1
143 314 1
143 336 1
143 341 1
143 342 1
143 352 1
143 354 1
143 365 1
143 392 1
143 407 1
143 411 1
143 415 1
143 425 1
143 436 1
143 440 1
143 473 1
143 476 1
144 146 1
144 160 1
144 175 1
144 189 1
144 203 1
144 212 1
144 240 1
144 246 1
144 265 1
144 266 1
144 271 1
144 275 1
144 291 1
144 293 1
144 310 1
144 315 1
144 321 1
144 347 1
144 363 1
144 367 1
144 384 1
144 391 1
144 392 1
144 401 1
144 417 1
144 435 1
144 461 1
144 479 1
144 480 1
144 486 1
144 489 1
144 494 1
145 158 1
145 165 1
145 169 1
145 175 1
145 187 1
145 229 1
145 246 1
145 262 1
145 266 1
145 268 1
145 271 1
145 274 1
145 279 1
145 284 1
145 292 1
145 319 1
145 321 1
145 342 1
145 354 1
145 372 1
145 377 1
145 378 1
145 381 1
145 388 1
145 400 1
145 403 1
145 410 1
145 414 1
145 426 1
145 475 1
145 478 1
145 497 1
146 148 1
146 149 1
146 150 1
146 155 1
146 162 1
146 166 1
146 168 1
146 170 1
146 171 1
146 173 1
146 174 1
146 179 1
146 192 1
146 196 1
146 201 1
146 206 1
146 208 1
146 214 1
146 216 1
146 219 1
146 223 1
146 224 1
146 239 1
146 248 1
146 262 1
146 268 1
146 276 1
146 279 1
146 281 1
146 283 1
146 291 1
146 301 1
146 335 1
146 350 1
146 352 1
146 357 1
146 368 1
146 374 1
146 385 1
146 393 1
146 395 1
146 397 1
146 401 1
146 403 1
146 407 1
146 423 1
146 429 1
146 430 1
146 432 1
146 457 1
146 459 1
146 464 1
146 465 1
146 472 1
146 473 1
146 474 1
146 481 1
147 154 1
147 155 1
147 163 1
147 167 1
147 175 1
147 238 1
147 239 1
147 250 1
147 257 1
147 258 1
147 259 1
147 264 1
147 265 1
147 303 1
147 305 1
147 306 1
147 307 1
147 315 1
147 316 1
147 321 1
147 322 1
147 333 1
147 339 1
147 343 1
147 354 1
147 372 1
147 387 1
147 395 1
147 397 1
147 400 1
147 430 1
147 431 1
147 434 1
147 440 1
147 457 1
147 493 1
148 164 1
148 193 1
148 200 1
148 211 1
148 226 1
148 236 1
148 238 1
148 253 1
148 259 1
148 260 1
148 273 1
148 274 1
148 278 1
148 318 1
148 326 1
148 345 1
148 364 1
148 365 1
148 366 1
148 382 1
148 403 1
148 413 1
148 421 1
148 435 1
148 444 1
148 448 1
148 459 1
148 487 1
148 490 1
148 495 1
149 156 1
149 157 1
149 166 1
149 177 1
149 178 1
149 182 1
149 184 1
149 194 1
149 209 1
149 211 1
149 220 1
149 221 1
149 228 1
149 236 1
149 250 1
149 252 1
149 254 1
149 260 1
149 281 1
149 300 1
149 307 1
149 310 1
149 330 1
149 335 1
149 337 1
149 353 1
149 365 1
149 373 1
149 375 1
149 377 1
149 407 1
149 408 1
149 414 1
149 416 1
149 421 1
149 429 1
149 439 1
149 444 1
149 448 1
149 459 1
149 493 1
150 180 1
150 195 1
150 204 1
150 208 1
150 212 1
150 233 1
150 239 1
150 250 1
150 275 1
150 278 1
150 288 1
150 290 1
150 307 1
150 320 1
150 337 1
150 342 1
150 360 1
150 375 1
150 382 1
150 386 1
150 399 1
150 400 1
150 406 1
150 417 1
150 429 1
150 433 1
150 441 1
150 473 1
150 479 1
150 488 1
151 161 1
151 173 1
151 191 1
151 207 1
151 221 1
151 222 1
151 223 1
151 229 1
151 237 1
151 243 1
151 244 1
151 252 1
151 257 1
151 269 1
151 275 1
151 285 1
151 297 1
151 301 1
151 303 1
151 325 1
151 328 1
151 337 1
151 341 1
151 357 1
151 374 1
151 390 1
151 401 1
151 410 1
151 416 1
151 423 1
151 427 1
151 436 1
151 439 1
151 449 1
151 471 1
151 472 1
151 473 1
151 478 1
152 176 1
152 194 1
152 212 1
152 217 1
152 231 1
152 232 1
152 236 1
152 238 1
152 260 1
152 267 1
152 284 1
152 291 1
152 295 1
152 303 1
152 315 1
152 327 1
152 342 1
152 351 1
152 357 1
152 367 1
152 368 1
152 371 1
152 385 1
152 392 1
152 419 1
152 422 1
152 429 1
152 437 1
152 441 1
152 468 1
152 469 1
152 475 1
152 478 1
153 163 1
153 164 1
153 191 1
153 196 1
153 202 1
153 207 1
153 209 1
153 210 1
153 218 1
153 234 1
153 259 1
153 287 1
153 291 1
153 302 1
153 311 1
153 327 1
153 334 1
153 345 1
153 368 1
153 378 1
153 404 1
153 408 1
153 424 1
153 433 1
153 439 1
153 443 1
153 467 1
153 468 1
153 491 1
154 160 1
154 169 1
154 174 1
154 175 1
154 193 1
154 194 1
154 205 1
154 211 1
154 219 1
154 221 1
154 234 1
154 244 1
154 259 1
154 268 1
154 272 1
154 298 1
154 319 1
154 323 1
154 325 1
154 326 1
154 330 1
154 361 1
154 362 1
154 373 1
154 378 1
154 416 1
154 421 1
154 422 1
154 432 1
154 441 1
154 449 1
154 450 1
154 466 1
154 476 1
154 481 1
154 493 1
155 160 1
155 167 1
155 172 1
155 193 1
155 197 1
155 199 1
155 203 1
155 212 1
155 223 1
155 228 1
155 239 1
155 249 1
155 255 1
155 261 1
155 286 1
155 308 1
155 317 1
155 329 1
155 358 1
155 369 1
155 407 1
155 419 1
155 425 1
155 435 1
155 436 1
155 445 1
155 453 1
155 454 1
155 484 1
155 488 1
155 495 1
156 178 1
156 180 1
156 181 1
156 190 1
156 199 1
156 215 1
156 239 1
156 248 1
156 279 1
156 313 1
156 325 1
156 336 1
156 375 1
156 384 1
156 386 1
156 391 1
156 418 1
156 424 1
156 426 1
156 428 1
156 431 1
156 433 1
156 461 1
156 471 1
156 473 1
156 475 1
156 481 1
157 162 1
157 165 1
157 172 1
157 174 1
157 189 1
157 190 1
157 191 1
157 220 1
157 232 1
157 238 1
157 245 1
157 247 1
157 248 1
157 263 1
157 272 1
157 282 1
157 293 1
157 325 1
157 327 1
157 338 1
157 358 1
157 359 1
157 385 1
157 397 1
157 399 1
157 401 1
157 410 1
157 414 1
157 420 1
157 424 1
157 431 1
157 437 1
157 451 1
157 456 1
157 458 1
157 461 1
157 469 1
158 171 1
158 182 1
158 191 1
158 200 1
158 216 1
158 225 1
158 227 1
158 251 1
158 262 1
158 273 1
158 278 1
158 289 1
158 292 1
158 330 1
158 331 1
158 332 1
158 334 1
158 341 1
158 343 1
158 358 1
158 368 1
158 384 1
158 386 1
158 392 1
158 393 1
158 396 1
158 398 1
158 422 1
158 423 1
158 425 1
158 427 1
158 432 1
158 436 1
158 471 1
158 474 1
158 482 1
158 497 1
159 169 1
159 173 1
159 184 1
159 198 1
159 201 1
159 208 1
159 229 1
159 230 1
159 240 1
159 241 1
159 251 1
159 257 1
159 265 1
159 308 1
159 314 1
159 319 1
159 328 1
159 330 1
159 334 1
159 387 1
159 395 1
159 400 1
159 404 1
159 420 1
159 429 1
159 458 1
159 476 1
160 168 1
160 216 1
160 220 1
160 243 1
160 244 1
160 254 1
160 271 1
160 278 1
160 308 1
160 313 1
160 320 1
160 324 1
160 326 1
160 329 1
160 373 1
160 375 1
160 402 1
160 408 1
160 420 1
160 423 1
160 426 1
160 427 1
160 432 1
160 436 1
160 459 1
160 460 1
160 462 1
160 472 1
160 486 1
160 490 1
160 498 1
161 177 1
161 180 1
161 184 1
161 187 1
161 196 1
161 201 1
161 206 1
161 218 1
161 223 1
161 244 1
161 257 1
161 277 1
161 292 1
161 299 1
161 307 1
161 309 1
161 324 1
161 336 1
161 341 1
161 347 1
161 356 1
161 357 1
161 366 1
161 368 1
161 377 1
161 382 1
161 392 1
161 413 1
161 451 1
161 456 1
161 459 1
161 463 1
161 479 1
161 482 1
161 486 1
161 488 1
161 496 1
162 163 1
162 176 1
162 177 1
162 179 1
162 185 1
162 187 1
162 191 1
162 193 1
162 194 1
162 199 1
162 209 1
162 223 1
162 234 1
162 237 1
162 240 1
162 241 1
162 244 1
162 246 1
162 250 1
162 258 1
162 259 1
162 281 1
162 295 1
162 309 1
162 348 1
162 349 1
162 363 1
162 386 1
162 413 1
162 415 1
162 425 1
162 435 1
162 436 1
162 439 1
162 440 1
162 452 1
162 453 1
162 463 1
162 468 1
162 471 1
162 485 1
162 499 1
163 164 1
163 172 1
163 178 1
163 182 1
163 190 1
163 191 1
163 194 1
163 206 1
163 208 1
163 209 1
163 211 1
163 221 1
163 231 1
163 246 1
163 247 1
163 261 1
163 264 1
163 293 1
163 300 1
163 315 1
163 336 1
163 341 1
163 349 1
163 356 1
163 364 1
163 365 1
163 370 1
163 384 1
163 394 1
163 419 1
163 424 1
163 434 1
163 436 1
163 446 1
163 478 1
163 492 1
163 495 1
164 171 1
164 186 1
164 211 1
164 213 1
164 225 1
164 235 1
164 249 1
164 250 1
164 260 1
164 290 1
164 295 1
164 309 1
164 327 1
164 329 1
164 335 1
164 348 1
164 368 1
164 373 1
164 375 1
164 386 1
164 405 1
164 416 1
164 428 1
164 436 1
164 459 1
164 463 1
164 490 1
164 495 1
165 172 1
165 182 1
165 196 1
165 212 1
165 229 1
165 244 1
165 251 1
165 261 1
165 263 1
165 277 1
165 296 1
165 306 1
165 318 1
165 327 1
165 347 1
165 355 1
165 357 1
165 363 1
165 368 1
165 378 1
165 381 1
165 397 1
165 402 1
165 408 1
165 410 1
165 412 1
165 427 1
165 443 1
165 451 1
165 469 1
165 472 1
165 478 1
165 488 1
166 174 1
166 186 1
166 204 1
166 215 1
166 241 1
166 245 1
166 251 1
166 255 1
166 259 1
166 260 1
166 264 1
166 269 1
166 299 1
166 321 1
166 345 1
166 351 1
166 360 1
166 362 1
166 370 1
166 376 1
166 377 1
166 382 1
166 390 1
166 407 1
166 432 1
166 435 1
166 436 1
166 441 1
166 444 1
166 446 1
166 451 1
166 461 1
166 495 1
167 173 1
167 182 1
167 200 1
167 206 1
167 226 1
167 234 1
167 238 1
167 267 1
167 282 1
167 292 1
167 311 1
167 314 1
167 326 1
167 334 1
167 346 1
167 375 1
167 376 1
167 382 1
167 387 1
167 388 1
167 393 1
167 405 1
167 408 1
167 422 1
167 445 1
167 452 1
167 458 1
167 462 1
167 468 1
167 483 1
167 486 1
167 490 1
168 172 1
168 178 1
168 180 1
168 207 1
168 222 1
168 226 1
168 235 1
168 241 1
168 249 1
168 255 1
168 257 1
168 264 1
168 270 1
168 307 1
168 308 1
168 311 1
168 315 1
168 326 1
168 340 1
168 351 1
168 369 1
168 372 1
168 390 1
168 405 1
168 475 1
168 476 1
168 486 1
168 499 1
168 500 1
169 182 1
169 203 1
169 210 1
169 219 1
169 221 1
169 237 1
169 246 1
169 249 1
169 255 1
169 286 1
169 322 1
169 346 1
169 356 1
169 367 1
169 374 1
169 381 1
169 388 1
169 393 1
169 413 1
169 425 1
169 438 1
169 468 1
169 484 1
169 492 1
169 499 1
169 500 1
170 173 1
170 189 1
170 203 1
170 214 1
170 233 1
170 237 1
170 259 1
170 263 1
170 282 1
170 283 1
170 286 1
170 301 1
170 319 1
170 357 1
170 378 1
170 381 1
170 382 1
170 391 1
170 394 1
170 425 1
170 431 1
170 435 1
170 442 1
170 449 1
170 453 1
170 454 1
170 455 1
170 456 1
170 473 1
170 481 1
170 483 1
171 186 1
171 199 1
171 213 1
171 215 1
171 216 1
171 225 1
171 238 1
171 246 1
171 249 1
171 280 1
171 281 1
171 331 1
171 336 1
171 387 1
171 397 1
171 429 1
171 431 1
171 443 1
171 445 1
171 495 1
171 498 1
171 499 1
172 192 1
172 204 1
172 245 1
172 250 1
172 258 1
172 259 1
172 262 1
172 265 1
172 279 1
172 284 1
172 287 1
172 290 1
172 292 1
172 293 1
172 297 1
172 302 1
172 320 1
172 322 1
172 328 1
172 329 1
172 332 1
172 334 1
172 339 1
172 349 1
172 351 1
172 357 1
172 368 1
172 392 1
172 399 1
172 406 1
172 421 1
172 434 1
172 453 1
172 468 1
172 471 1
172 476 1
172 478 1
172 483 1
172 487 1
172 491 1
172 494 1
172 499 1
173 190 1
173 193 1
173 201 1
173 203 1
173 225 1
173 226 1
173 231 1
173 233 1
173 243 1
173 260 1
173 276 1
173 277 1
173 288 1
173 341 1
173 367 1
173 373 1
173 375 1
173 422 1
173 424 1
173 449 1
173 452 1
173 458 1
173 464 1
173 472 1
173 482 1
173 496 1
173 497 1
174 197 1
174 203 1
174 205 1
174 219 1
174 224 1
174 226 1
174 228 1
174 241 1
174 263 1
174 264 1
174 271 1
174 289 1
174 311 1
174 329 1
174 343 1
174 386 1
174 393 1
174 398 1
174 412 1
174 445 1
174 447 1
174 452 1
174 478 1
174 487 1
174 496 1
175 193 1
175 195 1
175 200 1
175 213 1
175 218 1
175 232 1
175 236 1
175 257 1
175 258 1
175 264 1
175 273 1
175 274 1
175 303 1
175 309 1
175 313 1
175 314 1
175 315 1
175 320 1
175 322 1
175 329 1
175 332 1
175 398 1
175 402 1
175 403 1
175 407 1
175 414 1
175 419 1
175 420 1
175 428 1
175 440 1
175 443 1
175 444 1
175 446 1
175 489 1
175 496 1
176 205 1
176 217 1
176 226 1
176 273 1
176 283 1
176 286 1
176 332 1
176 345 1
176 347 1
176 350 1
176 353 1
176 355 1
176 358 1
176 373 1
176 391 1
176 394 1
176 416 1
176 422 1
176 430 1
176 435 1
176 442 1
176 447 1
176 448 1
176 451 1
176 459 1
176 461 1
176 465 1
176 472 1
177 180 1
177 181 1
177 186 1
177 187 1
177 188 1
177 191 1
177 203 1
177 208 1
177 209 1
177 210 1
177 217 1
177 222 1
177 248 1
177 250 1
177 263 1
177 268 1
177 278 1
177 298 1
177 310 1
177 315 1
177 331 1
177 334 1
177 339 1
177 350 1
177 352 1
177 362 1
177 364 1
177 375 1
177 388 1
177 408 1
177 441 1
177 445 1
177 446 1
177 448 1
177 455 1
177 472 1
177 493 1
177 494 1
178 199 1
178 200 1
178 208 1
178 233 1
178 247 1
178 270 1
178 275 1
178 280 1
178 284 1
178 298 1
178 300 1
178 324 1
178 354 1
178 385 1
178 386 1
178 405 1
178 406 1
178 407 1
178 426 1
178 430 1
178 440 1
178 447 1
178 451 1
178 452 1
178 456 1
178 462 1
178 471 1
178 490 1
178 495 1
179 195 1
179 197 1
179 210 1
179 212 1
179 229 1
179 253 1
179 254 1
179 260 1
179 264 1
179 269 1
179 279 1
179 301 1
179 306 1
179 318 1
179 320 1
179 333 1
179 357 1
179 365 1
179 387 1
179 407 1
179 409 1
179 415 1
179 416 1
179 417 1
179 421 1
179 425 1
179 428 1
179 440 1
179 447 1
179 450 1
179 455 1
179 468 1
179 474 1
179 486 1
179 500 1
180 196 1
180 203 1
180 208 1
180 213 1
180 215 1
180 255 1
180 257 1
180 259 1
180 268 1
180 274 1
180 297 1
180 305 1
180 316 1
180 327 1
180 350 1
180 371 1
180 395 1
180 408 1
180 413 1
180 420 1
180 423 1
180 427 1
180 440 1
180 447 1
180 449 1
180 452 1
180 458 1
180 464 1
180 466 1
180 474 1
181 183 1
181 184 1
181 190 1
181 191 1
181 194 1
181 198 1
181 219 1
181 237 1
181 284 1
181 312 1
181 319 1
181 336 1
181 341 1
181 342 1
181 354 1
181 363 1
181 370 1
181 376 1
181 382 1
181 384 1
181 395 1
181 420 1
181 425 1
181 462 1
181 476 1
181 478 1
181 489 1
182 186 1
182 195 1
182 204 1
182 221 1
182 265 1
182 280 1
182 285 1
182 287 1
182 293 1
182 321 1
182 328 1
182 342 1
182 343 1
182 348 1
182 353 1
182 367 1
182 393 1
182 415 1
182 423 1
182 425 1
182 434 1
182 471 1
182 484 1
182 486 1
182 491 1
182 492 1
183 211 1
183 217 1
183 226 1
183 248 1
183 255 1
183 257 1
183 258 1
183 289 1
183 325 1
183 330 1
183 333 1
183 341 1
183 347 1
183 363 1
183 367 1
183 374 1
183 375 1
183 403 1
183 411 1
183 450 1
183 451 1
183 458 1
183 473 1
183 492 1
183 496 1
184 191 1
184 200 1
184 232 1
184 251 1
184 265 1
184 287 1
184 296 1
184 304 1
184 308 1
184 318 1
184 319 1
184 322 1
184 332 1
184 347 1
184 350 1
184 352 1
184 362 1
184 374 1
184 375 1
184 399 1
184 406 1
184 414 1
184 421 1
184 431 1
184 449 1
184 455 1
184 465 1
184 469 1
184 470 1
184 473 1
184 481 1
184 494 1
184 495 1
185 203 1
185 207 1
185 211 1
185 230 1
185 257 1
185 283 1
185 290 1
185 291 1
185 292 1
185 296 1
185 297 1
185 308 1
185 329 1
185 334 1
185 339 1
185 347 1
185 361 1
185 362 1
185 371 1
185 386 1
185 400 1
185 405 1
185 422 1
185 432 1
185 450 1
185 451 1
185 460 1
185 466 1
185 467 1
185 478 1
185 485 1
185 490 1
186 206 1
186 216 1
186 221 1
186 224 1
186 239 1
186 250 1
186 254 1
186 255 1
186 265 1
186 267 1
186 296 1
186 300 1
186 305 1
186 322 1
186 345 1
186 368 1
186 376 1
186 387 1
186 391 1
186 393 1
186 403 1
186 417 1
186 435 1
186 438 1
186 445 1
186 449 1
186 452 1
186 462 1
186 477 1
186 484 1
186 487 1
186 496 1
187 190 1
187 191 1
187 198 1
187 203 1
187 208 1
187 209 1
187 235 1
187 249 1
187 257 1
187 263 1
187 273 1
187 289 1
187 296 1
187 314 1
187 320 1
187 323 1
187 325 1
187 326 1
187 365 1
187 376 1
187 414 1
187 453 1
187 459 1
187 470 1
188 191 1
188 204 1
188 212 1
188 218 1
188 225 1
188 229 1
188 256 1
188 288 1
188 312 1
188 314 1
188 317 1
188 323 1
188 334 1
188 345 1
188 348 1
188 349 1
188 355 1
188 358 1
188 393 1
188 394 1
188 395 1
188 402 1
188 407 1
188 429 1
188 443 1
188 444 1
188 446 1
188 457 1
188 460 1
188 489 1
188 493 1
189 197 1
189 214 1
189 217 1
189 232 1
189 239 1
189 249 1
189 284 1
189 294 1
189 306 1
189 307 1
189 308 1
189 338 1
189 340 1
189 348 1
189 351 1
189 354 1
189 375 1
189 389 1
189 435 1
189 438 1
189 450 1
189 463 1
189 471 1
189 475 1
189 477 1
189 481 1
190 192 1
190 206 1
190 218 1
190 226 1
190 239 1
190 242 1
190 243 1
190 261 1
190 264 1
190 266 1
190 269 1
190 270 1
190 279 1
190 282 1
190 289 1
190 292 1
190 294 1
190 308 1
190 313 1
190 330 1
190 337 1
190 370 1
190 386 1
190 388 1
190 391 1
190 409 1
190 431 1
190 445 1
190 460 1
190 461 1
190 462 1
190 466 1
190 476 1
190 491 1
190 494 1
190 497 1
191 192 1
191 197 1
191 202 1
191 210 1
191 214 1
191 217 1
191 219 1
191 221 1
191 232 1
191 238 1
191 248 1
191 255 1
191 260 1
191 261 1
191 275 1
191 282 1
191 294 1
191 300 1
191 306 1
191 319 1
191 328 1
191 336 1
191 338 1
191 345 1
191 369 1
191 377 1
191 380 1
191 384 1
191 391 1
191 401 1
191 403 1
191 414 1
191 435 1
191 449 1
191 463 1
191 468 1
191 479 1
191 494 1
192 201 1
192 205 1
192 229 1
192 237 1
192 246 1
192 249 1
192 273 1
192 283 1
192 287 1
192 301 1
192 302 1
192 320 1
192 323 1
192 348 1
192 355 1
192 367 1
192 374 1
192 390 1
192 394 1
192 400 1
192 410 1
192 412 1
192 423 1
192 430 1
192 432 1
192 455 1
192 457 1
192 460 1
192 477 1
192 479 1
192 487 1
193 220 1
193 227 1
193 231 1
193 235 1
193 236 1
193 239 1
193 248 1
193 264 1
193 266 1
193 270 1
193 271 1
193 278 1
193 282 1
193 305 1
193 316 1
193 330 1
193 340 1
193 352 1
193 356 1
193 384 1
193 393 1
193 426 1
193 469 1
193 489 1
193 494 1
193 499 1
194 195 1
194 205 1
194 211 1
194 221 1
194 222 1
194 248 1
194 277 1
194 301 1
194 302 1
194 308 1
194 315 1
194 317 1
194 327 1
194 332 1
194 346 1
194 358 1
194 376 1
194 399 1
194 412 1
194 416 1
194 417 1
194 428 1
194 430 1
194 448 1
194 462 1
194 495 1
195 197 1
195 214 1
195 244 1
195 248 1
195 253 1
195 256 1
195 260 1
195 265 1
195 281 1
195 293 1
195 299 1
195 314 1
195 318 1
195 323 1
195 330 1
195 333 1
195 354 1
195 374 1
195 384 1
195 405 1
195 411 1
195 422 1
195 435 1
195 438 1
195 439 1
195 442 1
195 449 1
195 455 1
195 457 1
195 460 1
195 467 1
195 469 1
195 485 1
195 486 1
196 208 1
196 210 1
196 233 1
196 234 1
196 236 1
196 244 1
196 258 1
196 267 1
196 310 1
196 327 1
196 347 1
196 355 1
196 359 1
196 363 1
196 364 1
196 366 1
196 373 1
196 376 1
196 398 1
196 412 1
196 420 1
196 423 1
196 426 1
196 434 1
196 457 1
197 207 1
197 212 1
197 214 1
197 217 1
197 219 1
197 220 1
197 224 1
197 231 1
197 235 1
197 243 1
197 244 1
197 252 1
197 253 1
197 273 1
197 286 1
197 289 1
197 295 1
197 345 1
197 361 1
197 370 1
197 379 1
197 385 1
197 393 1
197 394 1
197 405 1
197 424 1
197 431 1
197 447 1
197 461 1
197 463 1
197 482 1
197 493 1
197 498 1
197 499 1
198 211 1
198 217 1
198 218 1
198 225 1
198 229 1
198 236 1
198 243 1
198 244 1
198 265 1
198 266 1
198 279 1
198 296 1
198 337 1
198 344 1
198 367 1
198 374 1
198 377 1
198 382 1
198 387 1
198 423 1
198 425 1
198 428 1
198 434 1
198 441 1
198 446 1
198 482 1
199 207 1
199 209 1
199 229 1
199 239 1
199 249 1
199 253 1
199 272 1
199 274 1
199 275 1
199 285 1
199 305 1
199 320 1
199 351 1
199 357 1
199 372 1
199 380 1
199 384 1
199 391 1
199 401 1
199 403 1
199 429 1
199 436 1
199 461 1
199 473 1
199 484 1
200 218 1
200 225 1
200 234 1
200 247 1
200 249 1
200 253 1
200 255 1
200 271 1
200 276 1
200 278 1
200 286 1
200 290 1
200 302 1
200 306 1
200 319 1
200 326 1
200 331 1
200 333 1
200 336 1
200 341 1
200 359 1
200 366 1
200 406 1
200 409 1
200 435 1
200 441 1
200 453 1
200 459 1
200 462 1
200 468 1
200 470 1
200 473 1
200 477 1
200 497 1
201 231 1
201 246 1
201 248 1
201 258 1
201 267 1
201 271 1
201 272 1
201 281 1
201 291 1
201 300 1
201 308 1
201 312 1
201 335 1
201 337 1
201 366 1
201 370 1
201 374 1
201 376 1
201 378 1
201 390 1
201 394 1
201 429 1
201 445 1
201 456 1
201 470 1
201 479 1
201 480 1
201 495 1
202 203 1
202 204 1
202 225 1
202 240 1
202 246 1
202 252 1
202 258 1
202 267 1
202 275 1
202 276 1
202 281 1
202 286 1
202 288 1
202 298 1
202 311 1
202 320 1
202 322 1
202 323 1
202 330 1
202 340 1
202 341 1
202 342 1
202 351 1
202 376 1
202 378 1
202 379 1
202 399 1
202 409 1
202 426 1
202 431 1
202 435 1
202 453 1
202 482 1
202 498 1
203 206 1
203 218 1
203 223 1
203 229 1
203 230 1
203 234 1
203 235 1
203 263 1
203 275 1
203 283 1
203 288 1
203 296 1
203 300 1
203 306 1
203 307 1
203 321 1
203 330 1
203 346 1
203 365 1
203 390 1
203 398 1
203 411 1
203 423 1
203 426 1
203 434 1
203 445 1
203 452 1
203 459 1
203 490 1
203 493 1
203 500 1
204 208 1
204 226 1
204 246 1
204 256 1
204 264 1
204 267 1
204 274 1
204 279 1
204 285 1
204 292 1
204 293 1
204 295 1
204 301 1
204 307 1
204 315 1
204 361 1
204 364 1
204 380 1
204 397 1
204 399 1
204 413 1
204 416 1
204 417 1
204 421 1
204 427 1
204 434 1
204 437 1
204 452 1
204 456 1
204 464 1
204 473 1
204 474 1
204 479 1
204 481 1
204 493 1
205 212 1
205 222 1
205 288 1
205 294 1
205 301 1
205 302 1
205 316 1
205 324 1
205 329 1
205 356 1
205 386 1
205 393 1
205 395 1
205 398 1
205 399 1
205 403 1
205 406 1
205 433 1
205 446 1
205 453 1
205 458 1
205 460 1
205 466 1
205 483 1
205 489 1
205 493 1
205 498 1
206 209 1
206 216 1
206 226 1
206 232 1
206 243 1
206 248 1
206 254 1
206 265 1
206 280 1
206 283 1
206 290 1
206 299 1
206 312 1
206 322 1
206 333 1
206 359 1
206 362 1
206 381 1
206 392 1
206 405 1
206 412 1
206 430 1
206 438 1
206 448 1
206 462 1
206 484 1
206 489 1
206 491 1
206 496 1
207 212 1
207 214 1
207 216 1
207 227 1
207 240 1
207 242 1
207 244 1
207 253 1
207 262 1
207 263 1
207 272 1
207 275 1
207 282 1
207 288 1
207 293 1
207 308 1
207 341 1
207 342 1
207 356 1
207 358 1
207 362 1
207 368 1
207 387 1
207 393 1
207 400 1
207 440 1
207 447 1
207 481 1
207 482 1
207 490 1
207 492 1
208 221 1
208 225 1
208 230 1
208 237 1
208 242 1
208 261 1
208 262 1
208 287 1
208 289 1
208 290 1
208 293 1
208 309 1
208 311 1
208 333 1
208 367 1
208 380 1
208 389 1
208 396 1
208 399 1
208 407 1
208 411 1
208 415 1
208 417 1
208 437 1
208 439 1
208 440 1
208 457 1
208 486 1
208 498 1
209 210 1
209 241 1
209 249 1
209 262 1
209 263 1
209 278 1
209 296 1
209 302 1
209 310 1
209 313 1
209 324 1
209 346 1
209 353 1
209 354 1
209 357 1
209 372 1
209 420 1
209 421 1
209 424 1
209 449 1
209 458 1
209 467 1
209 468 1
209 471 1
209 473 1
209 475 1
209 491 1
209 492 1
209 493 1
209 494 1
209 496 1
210 217 1
210 226 1
210 243 1
210 262 1
210 264 1
210 266 1
210 269 1
210 271 1
210 288 1
210 293 1
210 303 1
210 319 1
210 332 1
210 342 1
210 358 1
210 359 1
210 384 1
210 400 1
210 404 1
210 413 1
210 424 1
210 439 1
210 448 1
210 460 1
210 467 1
210 473 1
210 476 1
210 485 1
210 488 1
210 496 1
210 498 1
211 243 1
211 245 1
211 268 1
211 272 1
211 273 1
211 287 1
211 293 1
211 296 1
211 313 1
211 327 1
211 333 1
211 348 1
211 349 1
211 351 1
211 372 1
211 378 1
211 404 1
211 419 1
211 420 1
211 435 1
211 436 1
211 440 1
211 444 1
211 451 1
211 454 1
211 457 1
211 466 1
211 469 1
211 475 1
211 489 1
212 223 1
212 235 1
212 237 1
212 240 1
212 250 1
212 265 1
212 280 1
212 292 1
212 311 1
212 314 1
212 328 1
212 330 1
212 332 1
212 339 1
212 344 1
212 352 1
212 359 1
212 367 1
212 368 1
212 369 1
212 372 1
212 375 1
212 381 1
212 389 1
212 396 1
212 403 1
212 431 1
212 434 1
212 441 1
212 458 1
212 459 1
212 462 1
212 468 1
212 475 1
212 476 1
212 480 1
212 486 1
212 497 1
213 218 1
213 221 1
213 222 1
213 231 1
213 240 1
213 254 1
213 259 1
213 273 1
213 285 1
213 286 1
213 298 1
213 311 1
213 316 1
213 335 1
213 366 1
213 384 1
213 397 1
213 406 1
213 409 1
213 413 1
213 414 1
213 419 1
213 424 1
213 440 1
213 448 1
213 455 1
213 478 1
213 484 1
213 489 1
213 494 1
213 497 1
214 215 1
214 218 1
214 225 1
214 252 1
214 255 1
214 256 1
214 268 1
214 272 1
214 275 1
214 292 1
214 299 1
214 301 1
214 308 1
214 344 1
214 365 1
214 373 1
214 376 1
214 377 1
214 416 1
214 420 1
214 421 1
214 437 1
214 442 1
215 217 1
215 221 1
215 246 1
215 263 1
215 277 1
215 294 1
215 297 1
215 333 1
215 337 1
215 381 1
215 391 1
215 394 1
215 411 1
215 413 1
215 417 1
215 440 1
215 444 1
215 450 1
215 471 1
215 474 1
215 476 1
215 478 1
215 481 1
215 492 1
216 226 1
216 227 1
216 278 1
216 289 1
216 298 1
216 306 1
216 317 1
216 326 1
216 337 1
216 339 1
216 349 1
216 355 1
216 362 1
216 363 1
216 374 1
216 376 1
216 384 1
216 388 1
216 411 1
216 416 1
216 421 1
216 423 1
216 424 1
216 429 1
216 434 1
216 436 1
216 437 1
216 443 1
216 457 1
216 459 1
216 483 1
216 488 1
216 493 1
217 219 1
217 222 1
217 226 1
217 231 1
217 232 1
217 241 1
217 246 1
217 248 1
217 252 1
217 262 1
217 268 1
217 274 1
217 275 1
217 299 1
217 308 1
217 333 1
217 340 1
217 359 1
217 367 1
217 408 1
217 417 1
217 456 1
217 471 1
217 473 1
217 481 1
218 219 1
218 233 1
218 236 1
218 242 1
218 251 1
218 261 1
218 279 1
218 287 1
218 306 1
218 313 1
218 316 1
218 331 1
218 363 1
218 367 1
218 369 1
218 376 1
218 377 1
218 394 1
218 406 1
218 417 1
218 427 1
218 437 1
218 439 1
218 440 1
218 443 1
218 448 1
218 474 1
218 475 1
218 476 1
218 488 1
218 497 1
219 220 1
219 227 1
219 247 1
219 251 1
219 263 1
219 271 1
219 293 1
219 304 1
219 313 1
219 317 1
219 329 1
219 330 1
219 351 1
219 356 1
219 358 1
219 360 1
219 365 1
219 368 1
219 369 1
219 378 1
219 380 1
219 390 1
219 391 1
219 405 1
219 409 1
219 415 1
219 429 1
219 434 1
219 436 1
219 450 1
219 451 1
219 454 1
219 458 1
220 226 1
220 237 1
220 241 1
220 242 1
220 251 1
220 255 1
220 265 1
220 309 1
220 349 1
220 356 1
220 358 1
220 365 1
220 368 1
220 378 1
220 387 1
220 392 1
220 399 1
220 409 1
220 411 1
220 426 1
220 433 1
220 445 1
220 453 1
220 454 1
220 466 1
220 467 1
220 471 1
220 474 1
220 486 1
220 498 1
221 225 1
221 249 1
221 251 1
221 259 1
221 261 1
221 282 1
221 283 1
221 292 1
221 295 1
221 300 1
221 314 1
221 337 1
221 345 1
221 346 1
221 357 1
221 379 1
221 399 1
221 403 1
221 405 1
221 406 1
221 430 1
221 432 1
221 439 1
221 446 1
221 450 1
221 461 1
221 472 1
221 486 1
221 490 1
221 499 1
222 227 1
222 237 1
222 248 1
222 255 1
222 256 1
222 261 1
222 263 1
222 302 1
222 352 1
222 355 1
222 361 1
222 380 1
222 385 1
222 389 1
222 412 1
222 459 1
222 464 1
222 468 1
222 473 1
222 479 1
222 481 1
223 233 1
223 241 1
223 252 1
223 265 1
223 266 1
223 284 1
223 285 1
223 290 1
223 298 1
223 326 1
223 345 1
223 361 1
223 372 1
223 380 1
223 397 1
223 399 1
223 416 1
223 420 1
223 426 1
223 427 1
223 430 1
223 450 1
223 459 1
223 470 1
223 498 1
223 499 1
224 229 1
224 231 1
224 232 1
224 233 1
224 239 1
224 255 1
224 259 1
224 260 1
224 282 1
224 284 1
224 287 1
224 291 1
224 294 1
224 328 1
224 346 1
224 350 1
224 355 1
224 359 1
224 364 1
224 372 1
224 374 1
224 377 1
224 383 1
224 394 1
224 401 1
224 403 1
224 405 1
224 413 1
224 461 1
224 478 1
224 489 1
224 499 1
225 229 1
225 230 1
225 239 1
225 240 1
225 246 1
225 254 1
225 262 1
225 263 1
225 265 1
225 274 1
225 279 1
225 286 1
225 299 1
225 300 1
225 311 1
225 347 1
225 360 1
225 387 1
225 392 1
225 393 1
225 412 1
225 415 1
225 419 1
225 427 1
225 435 1
225 442 1
225 444 1
225 461 1
225 465 1
225 488 1
226 227 1
226 228 1
226 234 1
226 245 1
226 254 1
226 305 1
226 314 1
226 331 1
226 332 1
226 337 1
226 351 1
226 364 1
226 389 1
226 409 1
226 417 1
226 418 1
226 432 1
226 450 1
226 451 1
226 490 1
226 500 1
227 241 1
227 249 1
227 258 1
227 261 1
227 276 1
227 279 1
227 297 1
227 319 1
227 320 1
227 326 1
227 335 1
227 371 1
227 375 1
227 393 1
227 396 1
227 411 1
227 438 1
227 455 1
227 462 1
227 468 1
227 475 1
227 483 1
227 490 1
227 493 1
227 495 1
227 497 1
228 234 1
228 236 1
228 246 1
228 261 1
228 267 1
228 273 1
228 275 1
228 286 1
228 289 1
228 301 1
228 329 1
228 330 1
228 335 1
228 342 1
228 343 1
228 373 1
228 374 1
228 375 1
228 385 1
228 417 1
228 419 1
228 424 1
228 428 1
228 434 1
228 437 1
228 443 1
228 454 1
228 465 1
228 471 1
228 475 1
228 479 1
229 236 1
229 247 1
229 282 1
229 284 1
229 299 1
229 316 1
229 327 1
229 340 1
229 363 1
229 365 1
229 400 1
229 401 1
229 405 1
229 416 1
229 425 1
229 426 1
229 439 1
229 473 1
229 491 1
229 499 1
230 234 1
230 241 1
230 251 1
230 266 1
230 276 1
230 277 1
230 287 1
230 291 1
230 292 1
230 298 1
230 301 1
230 319 1
230 321 1
230 334 1
230 339 1
230 347 1
230 351 1
230 364 1
230 365 1
230 373 1
230 386 1
230 387 1
230 400 1
230 406 1
230 407 1
230 412 1
230 415 1
230 419 1
230 420 1
230 427 1
230 429 1
230 431 1
230 443 1
230 453 1
230 458 1
230 464 1
230 468 1
231 251 1
231 255 1
231 276 1
231 279 1
231 284 1
231 313 1
231 321 1
231 322 1
231 352 1
231 360 1
231 362 1
231 363 1
231 365 1
231 372 1
231 379 1
231 385 1
231 398 1
231 442 1
231 450 1
231 451 1
231 460 1
231 463 1
231 471 1
231 475 1
231 476 1
231 483 1
231 485 1
231 488 1
232 233 1
232 249 1
232 251 1
232 269 1
232 274 1
232 287 1
232 293 1
232 294 1
232 310 1
232 312 1
232 316 1
232 319 1
232 327 1
232 328 1
232 337 1
232 344 1
232 361 1
232 371 1
232 376 1
232 387 1
232 396 1
232 405 1
232 434 1
232 447 1
232 468 1
232 469 1
232 471 1
232 474 1
232 480 1
232 485 1
232 487 1
232 488 1
232 491 1
232 493 1
232 494 1
232 496 1
233 245 1
233 256 1
233 278 1
233 282 1
233 309 1
233 316 1
233 322 1
233 323 1
233 342 1
233 351 1
233 362 1
233 363 1
233 366 1
233 388 1
233 391 1
233 398 1
233 407 1
233 409 1
233 410 1
233 420 1
233 428 1
233 438 1
233 451 1
233 481 1
233 482 1
234 237 1
234 314 1
234 317 1
234 318 1
234 324 1
234 340 1
234 344 1
234 347 1
234 349 1
234 352 1
234 362 1
234 363 1
234 365 1
234 375 1
234 384 1
234 386 1
234 388 1
234 402 1
234 407 1
234 414 1
234 416 1
234 419 1
234 429 1
234 450 1
234 458 1
234 465 1
234 471 1
234 479 1
234 497 1
234 498 1
235 243 1
235 251 1
235 252 1
235 266 1
235 267 1
235 274 1
235 282 1
235 283 1
235 285 1
235 293 1
235 303 1
235 312 1
235 339 1
235 352 1
235 358 1
235 366 1
235 390 1
235 395 1
235 396 1
235 410 1
235 416 1
235 457 1
235 460 1
235 466 1
235 487 1
236 239 1
236 246 1
236 289 1
236 294 1
236 314 1
236 326 1
236 333 1
236 336 1
236 344 1
236 346 1
236 348 1
236 356 1
236 370 1
236 380 1
236 405 1
236 433 1
236 435 1
236 449 1
236 457 1
236 463 1
236 466 1
236 470 1
236 478 1
236 494 1
236 498 1
237 244 1
237 245 1
237 249 1
237 254 1
237 257 1
237 258 1
237 261 1
237 305 1
237 340 1
237 358 1
237 364 1
237 379 1
237 382 1
237 385 1
237 391 1
237 393 1
237 409 1
237 410 1
237 419 1
237 420 1
237 428 1
237 437 1
237 461 1
237 476 1
237 485 1
238 244 1
238 258 1
238 261 1
238 277 1
238 278 1
238 300 1
238 303 1
238 315 1
238 332 1
238 338 1
238 340 1
238 345 1
238 366 1
238 404 1
238 415 1
238 421 1
238 437 1
238 442 1
238 443 1
238 449 1
238 487 1
239 240 1
239 254 1
239 281 1
239 282 1
239 290 1
239 295 1
239 317 1
239 332 1
239 333 1
239 337 1
239 350 1
239 354 1
239 361 1
239 375 1
239 377 1
239 390 1
239 392 1
239 409 1
239 415 1
239 426 1
239 442 1
239 447 1
239 448 1
239 452 1
239 457 1
239 473 1
239 478 1
239 486 1
239 487 1
239 499 1
240 260 1
240 262 1
240 268 1
240 271 1
240 298 1
240 349 1
240 350 1
240 371 1
240 389 1
240 395 1
240 397 1
240 400 1
240 408 1
240 410 1
240 413 1
240 416 1
240 422 1
240 430 1
240 437 1
240 445 1
240 462 1
240 467 1
240 477 1
240 485 1
240 489 1
240 493 1
241 246 1
241 247 1
241 264 1
241 266 1
241 270 1
241 286 1
241 287 1
241 289 1
241 295 1
241 334 1
241 339 1
241 340 1
241 350 1
241 353 1
241 364 1
241 367 1
241 409 1
241 424 1
241 431 1
241 435 1
241 459 1
241 462 1
241 468 1
241 479 1
241 486 1
241 488 1
241 499 1
242 245 1
242 248 1
242 256 1
242 259 1
242 261 1
242 273 1
242 274 1
242 281 1
242 282 1
242 293 1
242 304 1
242 308 1
242 317 1
242 322 1
242 328 1
242 350 1
242 351 1
242 353 1
242 368 1
242 388 1
242 403 1
242 411 1
242 416 1
242 418 1
242 424 1
242 425 1
242 428 1
242 440 1
242 456 1
242 472 1
242 488 1
242 500 1
243 247 1
243 264 1
243 269 1
243 286 1
243 326 1
243 330 1
243 354 1
243 356 1
243 357 1
243 360 1
243 366 1
243 372 1
243 373 1
243 391 1
243 429 1
243 432 1
243 434 1
243 444 1
243 462 1
243 465 1
243 468 1
243 477 1
244 276 1
244 280 1
244 289 1
244 297 1
244 298 1
244 311 1
244 314 1
244 323 1
244 344 1
244 345 1
244 366 1
244 368 1
244 380 1
244 387 1
244 397 1
244 404 1
244 405 1
244 415 1
244 416 1
244 420 1
244 427 1
244 431 1
244 447 1
244 454 1
244 459 1
244 462 1
244 471 1
244 477 1
244 481 1
244 485 1
244 486 1
244 487 1
244 500 1
245 254 1
245 258 1
245 274 1
245 280 1
245 284 1
245 295 1
245 297 1
245 302 1
245 306 1
245 307 1
245 316 1
245 329 1
245 350 1
245 351 1
245 356 1
245 362 1
245 381 1
245 387 1
245 431 1
245 432 1
245 435 1
245 444 1
245 470 1
245 471 1
245 477 1
245 500 1
246 265 1
246 266 1
246 278 1
246 279 1
246 301 1
246 324 1
246 337 1
246 348 1
246 353 1
246 360 1
246 372 1
246 387 1
246 390 1
246 398 1
246 401 1
246 410 1
246 416 1
246 419 1
246 424 1
246 429 1
246 441 1
246 450 1
246 457 1
246 462 1
246 475 1
246 477 1
246 491 1
247 252 1
247 261 1
247 274 1
247 275 1
247 289 1
247 293 1
247 330 1
247 338 1
247 340 1
247 349 1
247 361 1
247 362 1
247 374 1
247 382 1
247 400 1
247 403 1
247 408 1
247 409 1
247 414 1
247 415 1
247 436 1
247 455 1
247 464 1
247 465 1
247 467 1
247 472 1
247 483 1
248 250 1
248 273 1
248 277 1
248 293 1
248 296 1
248 300 1
248 303 1
248 304 1
248 337 1
248 340 1
248 352 1
248 367 1
248 389 1
248 409 1
248 412 1
248 413 1
248 416 1
248 430 1
248 432 1
248 455 1
248 457 1
248 478 1
248 499 1
249 257 1
249 270 1
249 271 1
249 279 1
249 282 1
249 302 1
249 310 1
249 319 1
249 323 1
249 327 1
249 333 1
249 356 1
249 364 1
249 380 1
249 389 1
249 408 1
249 409 1
249 452 1
249 453 1
249 454 1
249 458 1
249 479 1
249 489 1
249 500 1
250 264 1
250 268 1
250 275 1
250 277 1
250 324 1
250 329 1
250 331 1
250 352 1
250 356 1
250 371 1
250 374 1
250 379 1
250 399 1
250 413 1
250 418 1
250 426 1
250 430 1
250 437 1
250 444 1
250 448 1
250 451 1
250 469 1
250 492 1
251 261 1
251 268 1
251 271 1
251 280 1
251 282 1
251 285 1
251 296 1
251 306 1
251 308 1
251 326 1
251 334 1
251 337 1
251 348 1
251 357 1
251 364 1
251 368 1
251 374 1
251 389 1
251 406 1
251 409 1
251 418 1
251 423 1
251 432 1
251 433 1
251 436 1
251 438 1
251 439 1
251 454 1
251 464 1
252 256 1
252 263 1
252 279 1
252 284 1
252 286 1
252 321 1
252 324 1
252 329 1
252 336 1
252 339 1
252 358 1
252 359 1
252 366 1
252 371 1
252 376 1
252 387 1
252 388 1
252 394 1
252 401 1
252 406 1
252 407 1
252 410 1
252 411 1
252 417 1
252 418 1
252 424 1
252 432 1
252 435 1
252 448 1
252 452 1
252 466 1
253 263 1
253 276 1
253 277 1
253 285 1
253 288 1
253 291 1
253 294 1
253 295 1
253 309 1
253 315 1
253 326 1
253 333 1
253 341 1
253 348 1
253 349 1
253 359 1
253 371 1
253 390 1
253 394 1
253 415 1
253 416 1
253 446 1
253 452 1
253 453 1
253 471 1
253 491 1
253 492 1
254 268 1
254 293 1
254 295 1
254 307 1
254 310 1
254 317 1
254 328 1
254 331 1
254 332 1
254 338 1
254 370 1
254 373 1
254 384 1
254 395 1
254 402 1
254 426 1
254 435 1
254 440 1
254 444 1
254 492 1
254 493 1
254 494 1
255 268 1
255 273 1
255 274 1
255 282 1
255 285 1
255 288 1
255 305 1
255 321 1
255 349 1
255 359 1
255 375 1
255 377 1
255 381 1
255 386 1
255 393 1
255 406 1
255 410 1
255 434 1
255 435 1
255 450 1
255 469 1
255 500 1
256 283 1
256 284 1
256 287 1
256 294 1
256 304 1
256 305 1
256 307 1
256 316 1
256 328 1
256 336 1
256 357 1
256 361 1
256 365 1
256 376 1
256 385 1
256 403 1
256 416 1
256 433 1
256 436 1
256 456 1
256 462 1
256 486 1
256 487 1
256 489 1
256 490 1
256 494 1
257 269 1
257 270 1
257 272 1
257 274 1
257 282 1
257 305 1
257 346 1
257 350 1
257 360 1
257 369 1
257 375 1
257 398 1
257 400 1
257 405 1
257 412 1
257 433 1
257 436 1
257 438 1
257 439 1
257 442 1
257 477 1
258 271 1
258 288 1
258 289 1
258 291 1
258 297 1
258 306 1
258 307 1
258 314 1
258 322 1
258 334 1
258 336 1
258 376 1
258 397 1
258 414 1
258 415 1
258 417 1
258 424 1
258 425 1
258 444 1
258 457 1
258 471 1
258 474 1
258 479 1
258 484 1
258 493 1
258 499 1
259 280 1
259 287 1
259 309 1
259 317 1
259 318 1
259 320 1
259 334 1
259 345 1
259 354 1
259 367 1
259 376 1
259 379 1
259 380 1
259 389 1
259 393 1
259 417 1
259 422 1
259 429 1
259 434 1
259 440 1
259 463 1
260 261 1
260 304 1
260 307 1
260 309 1
260 314 1
260 357 1
260 361 1
260 368 1
260 383 1
260 395 1
260 401 1
260 406 1
260 434 1
260 444 1
260 449 1
260 459 1
260 463 1
260 467 1
260 471 1
260 497 1
260 498 1
261 279 1
261 282 1
261 283 1
261 296 1
261 302 1
261 305 1
261 321 1
261 348 1
261 350 1
261 366 1
261 386 1
261 389 1
261 408 1
261 411 1
261 415 1
261 429 1
261 430 1
261 431 1
261 435 1
261 438 1
261 439 1
261 452 1
261 464 1
261 483 1
261 485 1
261 493 1
262 266 1
262 272 1
262 298 1
262 321 1
262 323 1
262 324 1
262 341 1
262 343 1
262 369 1
262 386 1
262 387 1
262 389 1
262 424 1
262 435 1
262 439 1
262 445 1
262 461 1
262 469 1
262 491 1
263 271 1
263 282 1
263 288 1
263 295 1
263 301 1
263 305 1
263 314 1
263 333 1
263 339 1
263 373 1
263 416 1
263 423 1
263 431 1
263 432 1
263 459 1
263 461 1
263 470 1
263 471 1
263 486 1
263 487 1
264 278 1
264 292 1
264 294 1
264 295 1
264 341 1
264 346 1
264 362 1
264 364 1
264 365 1
264 366 1
264 394 1
264 397 1
264 405 1
264 412 1
264 417 1
264 434 1
264 439 1
264 452 1
264 454 1
264 458 1
264 459 1
264 460 1
264 464 1
264 471 1
264 472 1
264 476 1
264 491 1
265 270 1
265 297 1
265 298 1
265 300 1
265 317 1
265 319 1
265 349 1
265 356 1
265 375 1
265 420 1
265 426 1
265 429 1
265 431 1
265 434 1
265 438 1
265 462 1
265 471 1
265 472 1
265 479 1
265 491 1
266 272 1
266 294 1
266 309 1
266 314 1
266 318 1
266 351 1
266 384 1
266 391 1
266 397 1
266 404 1
266 425 1
266 429 1
266 430 1
266 441 1
266 469 1
266 470 1
266 484 1
266 496 1
266 500 1
267 285 1
267 324 1
267 332 1
267 349 1
267 358 1
267 373 1
267 378 1
267 382 1
267 390 1
267 404 1
267 418 1
267 430 1
267 431 1
267 439 1
267 462 1
267 473 1
267 475 1
267 484 1
268 270 1
268 279 1
268 282 1
268 286 1
268 292 1
268 293 1
268 294 1
268 307 1
268 312 1
268 318 1
268 324 1
268 325 1
268 328 1
268 330 1
268 332 1
268 335 1
268 336 1
268 341 1
268 342 1
268 355 1
268 360 1
268 367 1
268 384 1
268 394 1
268 414 1
268 415 1
268 417 1
268 434 1
268 436 1
268 438 1
268 441 1
268 443 1
268 447 1
268 450 1
268 483 1
269 291 1
269 316 1
269 330 1
269 347 1
269 349 1
269 353 1
269 355 1
269 357 1
269 371 1
269 374 1
269 406 1
269 413 1
269 426 1
269 430 1
269 440 1
269 448 1
269 452 1
269 453 1
269 469 1
269 484 1
269 500 1
270 278 1
270 286 1
270 295 1
270 297 1
270 309 1
270 336 1
270 345 1
270 355 1
270 358 1
270 373 1
270 413 1
270 420 1
270 425 1
270 447 1
270 457 1
270 469 1
270 470 1
270 473 1
270 479 1
270 480 1
270 482 1
270 485 1
271 294 1
271 303 1
271 309 1
271 320 1
271 329 1
271 339 1
271 342 1
271 346 1
271 348 1
271 357 1
271 359 1
271 365 1
271 392 1
271 394 1
271 399 1
271 402 1
271 412 1
271 415 1
271 416 1
271 424 1
271 428 1
271 441 1
271 442 1
271 470 1
271 471 1
271 472 1
271 486 1
271 493 1
272 275 1
272 282 1
272 289 1
272 296 1
272 317 1
272 318 1
272 351 1
272 355 1
272 377 1
272 378 1
272 403 1
272 405 1
272 409 1
272 423 1
272 428 1
272 434 1
272 441 1
272 462 1
272 472 1
272 473 1
272 482 1
272 496 1
273 276 1
273 284 1
273 289 1
273 291 1
273 297 1
273 298 1
273 311 1
273 324 1
273 329 1
273 340 1
273 347 1
273 351 1
273 365 1
273 377 1
273 383 1
273 402 1
273 424 1
273 429 1
273 430 1
273 438 1
273 439 1
273 441 1
273 450 1
273 455 1
273 466 1
273 470 1
273 476 1
273 500 1
274 280 1
274 286 1
274 301 1
274 303 1
274 305 1
274 307 1
274 325 1
274 328 1
274 335 1
274 346 1
274 351 1
274 356 1
274 375 1
274 383 1
274 387 1
274 392 1
274 395 1
274 403 1
274 419 1
274 438 1
274 484 1
275 304 1
275 309 1
275 315 1
275 320 1
275 335 1
275 339 1
275 345 1
275 347 1
275 357 1
275 382 1
275 383 1
275 392 1
275 396 1
275 397 1
275 400 1
275 438 1
275 455 1
275 465 1
275 467 1
275 486 1
275 487 1
276 286 1
276 309 1
276 310 1
276 314 1
276 318 1
276 322 1
276 324 1
276 332 1
276 334 1
276 339 1
276 363 1
276 364 1
276 368 1
276 402 1
276 407 1
276 408 1
276 419 1
276 440 1
276 463 1
276 473 1
276 490 1
277 287 1
277 297 1
277 308 1
277 325 1
277 326 1
277 336 1
277 337 1
277 367 1
277 372 1
277 378 1
277 397 1
277 414 1
277 416 1
277 442 1
277 458 1
277 493 1
278 283 1
278 286 1
278 308 1
278 321 1
278 338 1
278 342 1
278 345 1
278 347 1
278 352 1
278 355 1
278 363 1
278 365 1
278 368 1
278 372 1
278 380 1
278 383 1
278 397 1
278 404 1
278 409 1
278 411 1
278 417 1
278 458 1
278 466 1
278 467 1
278 481 1
278 499 1
279 281 1
279 289 1
279 293 1
279 299 1
279 303 1
279 318 1
279 324 1
279 328 1
279 332 1
279 342 1
279 351 1
279 359 1
279 366 1
279 367 1
279 374 1
279 390 1
279 391 1
279 393 1
279 405 1
279 429 1
279 436 1
279 469 1
279 471 1
279 489 1
279 490 1
279 492 1
279 496 1
280 282 1
280 293 1
280 304 1
280 309 1
280 313 1
280 323 1
280 328 1
280 350 1
280 367 1
280 372 1
280 394 1
280 395 1
280 401 1
280 403 1
280 412 1
280 422 1
280 430 1
280 437 1
280 438 1
280 439 1
280 447 1
280 468 1
280 492 1
280 494 1
281 283 1
281 284 1
281 290 1
281 301 1
281 306 1
281 318 1
281 320 1
281 323 1
281 327 1
281 332 1
281 334 1
281 343 1
281 354 1
281 355 1
281 361 1
281 371 1
281 375 1
281 377 1
281 404 1
281 415 1
281 439 1
281 442 1
281 450 1
281 454 1
281 493 1
282 297 1
282 305 1
282 342 1
282 347 1
282 348 1
282 358 1
282 366 1
282 383 1
282 394 1
282 397 1
282 399 1
282 414 1
282 426 1
282 436 1
282 439 1
282 441 1
282 446 1
282 453 1
282 462 1
282 463 1
282 467 1
282 481 1
282 496 1
283 284 1
283 286 1
283 289 1
283 296 1
283 347 1
283 348 1
283 355 1
283 356 1
283 361 1
283 365 1
283 368 1
283 369 1
283 382 1
283 385 1
283 409 1
283 417 1
283 420 1
283 421 1
283 447 1
283 458 1
283 478 1
283 480 1
283 486 1
283 492 1
283 497 1
283 500 1
284 290 1
284 302 1
284 320 1
284 324 1
284 333 1
284 334 1
284 338 1
284 343 1
284 369 1
284 384 1
284 390 1
284 418 1
284 423 1
284 427 1
284 438 1
284 442 1
284 446 1
284 455 1
284 458 1
284 478 1
284 488 1
284 495 1
285 293 1
285 300 1
285 369 1
285 386 1
285 390 1
285 403 1
285 405 1
285 410 1
285 418 1
285 435 1
285 453 1
285 483 1
285 495 1
285 496 1
286 331 1
286 338 1
286 340 1
286 349 1
286 353 1
286 360 1
286 366 1
286 370 1
286 390 1
286 398 1
286 402 1
286 403 1
286 404 1
286 422 1
286 425 1
286 426 1
286 427 1
286 439 1
286 451 1
286 458 1
286 466 1
286 468 1
286 472 1
286 476 1
286 484 1
286 487 1
286 491 1
287 289 1
287 292 1
287 293 1
287 299 1
287 300 1
287 323 1
287 328 1
287 337 1
287 341 1
287 348 1
287 350 1
287 359 1
287 361 1
287 364 1
287 383 1
287 411 1
287 416 1
287 433 1
287 437 1
287 447 1
287 456 1
287 470 1
287 485 1
287 492 1
288 292 1
288 294 1
288 305 1
288 308 1
288 317 1
288 322 1
288 332 1
288 335 1
288 340 1
288 344 1
288 359 1
288 364 1
288 372 1
288 376 1
288 380 1
288 402 1
288 409 1
288 413 1
288 414 1
288 431 1
288 443 1
288 456 1
288 464 1
288 480 1
288 486 1
288 496 1
288 499 1
289 298 1
289 302 1
289 307 1
289 308 1
289 310 1
289 312 1
289 319 1
289 332 1
289 336 1
289 352 1
289 359 1
289 360 1
289 365 1
289 366 1
289 374 1
289 390 1
289 393 1
289 418 1
289 429 1
289 463 1
289 471 1
289 475 1
289 481 1
290 297 1
290 308 1
290 313 1
290 321 1
290 329 1
290 345 1
290 349 1
290 352 1
290 360 1
290 366 1
290 369 1
290 375 1
290 394 1
290 418 1
290 451 1
290 460 1
290 473 1
290 490 1
290 496 1
291 297 1
291 313 1
291 319 1
291 320 1
291 327 1
291 353 1
291 355 1
291 356 1
291 366 1
291 372 1
291 393 1
291 394 1
291 398 1
291 401 1
291 408 1
291 419 1
291 456 1
291 457 1
291 460 1
292 300 1
292 307 1
292 308 1
292 309 1
292 312 1
292 315 1
292 334 1
292 342 1
292 365 1
292 371 1
292 388 1
292 400 1
292 411 1
292 417 1
292 418 1
292 421 1
292 442 1
292 447 1
292 462 1
292 480 1
292 482 1
292 496 1
292 497 1
293 308 1
293 321 1
293 327 1
293 333 1
293 339 1
293 371 1
293 378 1
293 382 1
293 398 1
293 406 1
293 422 1
293 431 1
293 433 1
293 441 1
293 460 1
293 474 1
293 478 1
293 480 1
293 495 1
294 296 1
294 301 1
294 302 1
294 311 1
294 315 1
294 319 1
294 324 1
294 356 1
294 358 1
294 381 1
294 387 1
294 394 1
294 407 1
294 410 1
294 412 1
294 433 1
294 434 1
294 442 1
294 455 1
294 464 1
294 468 1
294 476 1
294 482 1
294 483 1
294 497 1
295 302 1
295 326 1
295 331 1
295 355 1
295 356 1
295 360 1
295 362 1
295 366 1
295 371 1
295 391 1
295 395 1
295 401 1
295 406 1
295 417 1
295 426 1
295 457 1
295 459 1
295 481 1
295 482 1
295 483 1
295 491 1
295 496 1
295 500 1
296 297 1
296 314 1
296 321 1
296 325 1
296 328 1
296 350 1
296 356 1
296 360 1
296 369 1
296 372 1
296 373 1
296 378 1
296 391 1
296 401 1
296 407 1
296 416 1
296 418 1
296 423 1
296 424 1
296 426 1
296 435 1
296 449 1
296 465 1
296 488 1
296 497 1
297 298 1
297 304 1
297 311 1
297 327 1
297 328 1
297 330 1
297 335 1
297 339 1
297 368 1
297 373 1
297 399 1
297 400 1
297 416 1
297 423 1
297 429 1
297 450 1
297 451 1
297 453 1
297 458 1
297 473 1
298 300 1
298 313 1
298 317 1
298 331 1
298 338 1
298 358 1
298 359 1
298 365 1
298 374 1
298 397 1
298 411 1
298 414 1
298 425 1
298 432 1
298 433 1
298 438 1
298 442 1
298 444 1
298 448 1
298 459 1
298 462 1
298 464 1
298 468 1
298 469 1
298 471 1
298 478 1
298 497 1
299 330 1
299 342 1
299 360 1
299 380 1
299 385 1
299 388 1
299 405 1
299 408 1
299 420 1
299 428 1
299 432 1
299 443 1
299 446 1
299 462 1
299 465 1
299 470 1
299 484 1
299 487 1
299 494 1
299 496 1
299 499 1
299 500 1
300 308 1
300 323 1
300 364 1
300 372 1
300 383 1
300 391 1
300 394 1
300 398 1
300 402 1
300 405 1
300 448 1
300 453 1
300 457 1
300 466 1
300 470 1
300 485 1
300 489 1
300 496 1
301 307 1
301 337 1
301 345 1
301 346 1
301 352 1
301 362 1
301 387 1
301 388 1
301 396 1
301 403 1
301 407 1
301 411 1
301 444 1
301 467 1
301 492 1
301 494 1
301 497 1
302 306 1
302 310 1
302 318 1
302 328 1
302 358 1
302 367 1
302 390 1
302 398 1
302 403 1
302 438 1
302 444 1
302 445 1
302 446 1
302 454 1
302 460 1
302 465 1
302 476 1
302 486 1
302 490 1
302 500 1
303 315 1
303 320 1
303 323 1
303 334 1
303 348 1
303 359 1
303 372 1
303 374 1
303 389 1
303 413 1
303 418 1
303 433 1
303 449 1
303 459 1
303 462 1
303 473 1
303 483 1
303 493 1
304 323 1
304 326 1
304 327 1
304 328 1
304 340 1
304 343 1
304 347 1
304 348 1
304 359 1
304 360 1
304 377 1
304 382 1
304 395 1
304 397 1
304 398 1
304 406 1
304 408 1
304 416 1
304 420 1
304 426 1
304 428 1
304 432 1
304 434 1
304 444 1
304 447 1
304 448 1
304 458 1
304 461 1
304 478 1
304 481 1
304 483 1
304 495 1
305 316 1
305 322 1
305 342 1
305 349 1
305 387 1
305 391 1
305 400 1
305 404 1
305 408 1
305 439 1
305 444 1
305 447 1
305 448 1
305 450 1
305 480 1
305 489 1
305 490 1
305 492 1
305 493 1
306 311 1
306 326 1
306 327 1
306 341 1
306 343 1
306 349 1
306 361 1
306 365 1
306 379 1
306 398 1
306 399 1
306 402 1
306 409 1
306 410 1
306 418 1
306 428 1
306 446 1
306 465 1
306 469 1
306 472 1
306 493 1
307 311 1
307 325 1
307 358 1
307 374 1
307 392 1
307 394 1
307 400 1
307 446 1
307 466 1
307 496 1
308 326 1
308 328 1
308 333 1
308 339 1
308 373 1
308 384 1
308 388 1
308 391 1
308 410 1
308 411 1
308 419 1
308 420 1
308 434 1
308 441 1
308 450 1
308 477 1
309 316 1
309 339 1
309 348 1
309 375 1
309 390 1
309 399 1
309 427 1
309 428 1
309 434 1
309 437 1
309 441 1
309 443 1
309 470 1
309 475 1
309 476 1
310 312 1
310 325 1
310 340 1
310 343 1
310 358 1
310 362 1
310 363 1
310 372 1
310 388 1
310 389 1
310 394 1
310 397 1
310 423 1
310 427 1
310 443 1
310 458 1
310 461 1
310 465 1
310 493 1
310 498 1
311 314 1
311 319 1
311 320 1
311 321 1
311 322 1
311 327 1
311 331 1
311 341 1
311 348 1
311 351 1
311 368 1
311 398 1
311 404 1
311 411 1
311 416 1
311 448 1
311 493 1
311 496 1
312 315 1
312 340 1
312 341 1
312 350 1
312 356 1
312 372 1
312 373 1
312 386 1
312 400 1
312 405 1
312 418 1
312 422 1
312 432 1
312 441 1
312 448 1
312 449 1
312 452 1
312 472 1
312 476 1
312 491 1
313 314 1
313 326 1
313 330 1
313 344 1
313 345 1
313 354 1
313 374 1
313 377 1
313 387 1
313 395 1
313 398 1
313 399 1
313 403 1
313 410 1
313 419 1
313 421 1
313 430 1
313 457 1
313 462 1
313 472 1
313 479 1
313 481 1
313 490 1
313 491 1
314 320 1
314 343 1
314 350 1
314 354 1
314 356 1
314 362 1
314 375 1
314 377 1
314 383 1
314 393 1
314 397 1
314 400 1
314 412 1
314 413 1
314 416 1
314 417 1
314 418 1
314 423 1
314 424 1
314 429 1
314 442 1
314 461 1
314 468 1
314 486 1
314 491 1
315 329 1
315 344 1
315 362 1
315 364 1
315 382 1
315 390 1
315 414 1
315 422 1
315 427 1
315 434 1
315 449 1
315 466 1
315 468 1
315 477 1
315 485 1
315 488 1
315 493 1
315 498 1
316 332 1
316 336 1
316 377 1
316 382 1
316 409 1
316 410 1
316 411 1
316 421 1
316 444 1
316 447 1
316 454 1
316 463 1
316 468 1
316 475 1
316 478 1
316 479 1
316 484 1
316 487 1
316 489 1
316 495 1
316 497 1
317 325 1
317 356 1
317 366 1
317 373 1
317 383 1
317 387 1
317 430 1
317 441 1
317 452 1
317 468 1
317 474 1
317 477 1
317 480 1
317 491 1
318 327 1
318 337 1
318 347 1
318 359 1
318 364 1
318 369 1
318 376 1
318 380 1
318 388 1
318 396 1
318 401 1
318 436 1
318 438 1
318 460 1
318 468 1
318 479 1
318 492 1
319 328 1
319 334 1
319 361 1
319 362 1
319 367 1
319 369 1
319 370 1
319 386 1
319 387 1
319 397 1
319 401 1
319 407 1
319 425 1
319 426 1
319 449 1
319 471 1
319 472 1
319 475 1
320 325 1
320 326 1
320 331 1
320 337 1
320 340 1
320 345 1
320 355 1
320 375 1
320 376 1
320 388 1
320 389 1
320 402 1
320 443 1
320 446 1
320 449 1
320 453 1
320 462 1
320 470 1
320 479 1
320 494 1
321 332 1
321 388 1
321 393 1
321 418 1
321 421 1
321 434 1
321 445 1
321 461 1
321 468 1
321 474 1
321 483 1
321 496 1
322 326 1
322 342 1
322 346 1
322 350 1
322 352 1
322 382 1
322 383 1
322 390 1
322 420 1
322 426 1
322 434 1
322 448 1
322 455 1
322 462 1
322 487 1
322 493 1
322 494 1
323 328 1
323 332 1
323 334 1
323 337 1
323 343 1
323 373 1
323 396 1
323 429 1
323 464 1
323 486 1
324 352 1
324 373 1
324 378 1
324 385 1
324 400 1
324 401 1
324 402 1
324 403 1
324 410 1
324 415 1
324 416 1
324 419 1
324 434 1
324 446 1
324 450 1
324 453 1
324 460 1
324 466 1
324 477 1
324 496 1
325 334 1
325 348 1
325 367 1
325 384 1
325 387 1
325 424 1
325 426 1
325 437 1
325 444 1
325 454 1
325 455 1
325 488 1
325 492 1
325 499 1
326 334 1
326 342 1
326 355 1
326 360 1
326 365 1
326 381 1
326 391 1
326 397 1
326 407 1
326 408 1
326 413 1
326 423 1
326 432 1
326 451 1
326 463 1
326 465 1
326 476 1
326 481 1
326 496 1
327 332 1
327 352 1
327 358 1
327 372 1
327 374 1
327 378 1
327 395 1
327 396 1
327 413 1
327 432 1
327 436 1
327 448 1
327 470 1
327 474 1
327 475 1
327 499 1
328 338 1
328 351 1
328 355 1
328 360 1
328 361 1
328 364 1
328 380 1
328 402 1
328 412 1
328 420 1
328 430 1
328 437 1
328 446 1
328 460 1
328 469 1
328 489 1
328 490 1
328 491 1
328 492 1
329 346 1
329 348 1
329 349 1
329 356 1
329 374 1
329 379 1
329 394 1
329 398 1
329 406 1
329 419 1
329 422 1
329 424 1
329 429 1
329 435 1
329 460 1
329 490 1
329 492 1
330 331 1
330 338 1
330 343 1
330 350 1
330 366 1
330 367 1
330 377 1
330 388 1
330 401 1
330 407 1
330 408 1
330 423 1
330 428 1
330 434 1
330 436 1
330 440 1
330 447 1
330 448 1
330 456 1
330 464 1
330 492 1
330 493 1
330 497 1
331 333 1
331 349 1
331 361 1
331 362 1
331 372 1
331 378 1
331 391 1
331 394 1
331 398 1
331 399 1
331 402 1
331 406 1
331 419 1
331 420 1
331 423 1
331 429 1
331 440 1
331 442 1
331 447 1
331 448 1
331 452 1
331 455 1
331 470 1
331 473 1
331 474 1
331 476 1
331 481 1
331 487 1
331 500 1
332 352 1
332 369 1
332 388 1
332 393 1
332 410 1
332 416 1
332 426 1
332 428 1
332 434 1
332 451 1
332 453 1
332 477 1
332 483 1
332 487 1
332 499 1
333 343 1
333 355 1
333 367 1
333 373 1
333 385 1
333 401 1
333 406 1
333 411 1
333 417 1
333 418 1
333 424 1
333 438 1
333 439 1
333 461 1
333 473 1
333 482 1
334 340 1
334 355 1
334 361 1
334 362 1
334 363 1
334 373 1
334 375 1
334 387 1
334 392 1
334 398 1
334 401 1
334 422 1
334 423 1
334 434 1
334 435 1
334 458 1
334 461 1
334 468 1
334 477 1
334 499 1
335 346 1
335 347 1
335 364 1
335 375 1
335 383 1
335 385 1
335 390 1
335 401 1
335 403 1
335 417 1
335 419 1
335 426 1
335 436 1
335 449 1
335 461 1
335 470 1
335 472 1
335 478 1
335 498 1
336 376 1
336 394 1
336 395 1
336 421 1
336 438 1
336 439 1
336 452 1
336 478 1
336 488 1
337 354 1
337 358 1
337 391 1
337 393 1
337 394 1
337 413 1
337 414 1
337 427 1
337 430 1
337 439 1
337 448 1
337 449 1
337 456 1
337 457 1
337 476 1
337 479 1
337 485 1
337 487 1
337 495 1
338 369 1
338 379 1
338 408 1
338 414 1
338 435 1
338 453 1
338 454 1
338 462 1
338 474 1
338 476 1
338 479 1
338 481 1
338 500 1
339 346 1
339 352 1
339 358 1
339 360 1
339 363 1
339 365 1
339 368 1
339 390 1
339 401 1
339 407 1
339 415 1
339 417 1
339 424 1
339 445 1
339 469 1
339 485 1
339 490 1
339 495 1
340 357 1
340 373 1
340 388 1
340 411 1
340 416 1
340 441 1
340 451 1
340 479 1
340 485 1
340 488 1
340 493 1
340 500 1
341 342 1
341 348 1
341 364 1
341 366 1
341 375 1
341 382 1
341 419 1
341 440 1
341 442 1
341 447 1
341 456 1
341 476 1
341 481 1
342 355 1
342 356 1
342 382 1
342 397 1
342 415 1
342 425 1
342 429 1
342 450 1
342 454 1
342 457 1
342 471 1
343 356 1
343 364 1
343 370 1
343 391 1
343 395 1
343 397 1
343 399 1
343 409 1
343 420 1
343 421 1
343 431 1
343 434 1
343 444 1
343 462 1
343 463 1
343 471 1
343 474 1
343 480 1
344 370 1
344 374 1
344 376 1
344 385 1
344 400 1
344 405 1
344 418 1
344 441 1
344 450 1
344 454 1
344 455 1
344 481 1
344 489 1
344 492 1
345 358 1
345 365 1
345 374 1
345 395 1
345 403 1
345 408 1
345 412 1
345 420 1
345 427 1
345 441 1
345 444 1
345 452 1
345 476 1
345 500 1
346 352 1
346 355 1
346 361 1
346 373 1
346 392 1
346 400 1
346 411 1
346 414 1
346 415 1
346 427 1
346 437 1
346 446 1
346 452 1
346 456 1
346 458 1
346 474 1
346 477 1
346 479 1
346 481 1
346 489 1
346 495 1
346 496 1
346 498 1
347 368 1
347 371 1
347 380 1
347 389 1
347 392 1
347 395 1
347 404 1
347 405 1
347 415 1
347 417 1
347 429 1
347 441 1
347 454 1
347 487 1
348 349 1
348 356 1
348 369 1
348 381 1
348 385 1
348 389 1
348 406 1
348 407 1
348 413 1
348 414 1
348 432 1
348 443 1
348 459 1
348 469 1
348 473 1
348 481 1
348 485 1
348 493 1
349 371 1
349 398 1
349 400 1
349 412 1
349 414 1
349 422 1
349 433 1
349 470 1
349 486 1
349 487 1
349 490 1
350 353 1
350 357 1
350 372 1
350 411 1
350 417 1
350 419 1
350 423 1
350 432 1
350 448 1
350 451 1
350 452 1
350 483 1
351 353 1
351 361 1
351 368 1
351 369 1
351 374 1
351 386 1
351 413 1
351 419 1
351 441 1
351 446 1
351 452 1
351 463 1
351 469 1
351 484 1
351 493 1
352 353 1
352 367 1
352 370 1
352 397 1
352 412 1
352 418 1
352 428 1
352 434 1
352 441 1
352 443 1
352 444 1
352 456 1
352 459 1
352 466 1
352 487 1
352 491 1
352 493 1
353 392 1
353 405 1
353 416 1
353 419 1
353 424 1
353 432 1
353 435 1
353 443 1
353 447 1
353 460 1
353 465 1
353 472 1
353 482 1
353 484 1
353 488 1
353 492 1
353 494 1
354 366 1
354 378 1
354 386 1
354 387 1
354 394 1
354 402 1
354 417 1
354 418 1
354 422 1
354 423 1
354 430 1
354 437 1
354 454 1
354 469 1
354 471 1
354 483 1
354 484 1
354 493 1
354 496 1
355 383 1
355 387 1
355 388 1
355 400 1
355 413 1
355 430 1
355 445 1
355 452 1
355 475 1
356 386 1
356 403 1
356 426 1
356 428 1
356 446 1
356 463 1
356 473 1
357 366 1
357 377 1
357 378 1
357 379 1
357 408 1
357 416 1
357 433 1
357 439 1
357 446 1
357 451 1
357 475 1
357 481 1
357 495 1
358 362 1
358 370 1
358 376 1
358 386 1
358 401 1
358 405 1
358 449 1
358 462 1
358 470 1
358 479 1
358 480 1
358 487 1
358 492 1
358 495 1
359 361 1
359 364 1
359 383 1
359 389 1
359 390 1
359 415 1
359 424 1
359 449 1
359 479 1
359 482 1
359 494 1
359 497 1
360 381 1
360 390 1
360 393 1
360 421 1
360 423 1
360 435 1
360 456 1
360 469 1
360 480 1
360 484 1
360 486 1
360 487 1
361 374 1
361 376 1
361 378 1
361 388 1
361 395 1
361 410 1
361 426 1
361 441 1
361 454 1
361 460 1
361 470 1
361 476 1
362 371 1
362 382 1
362 396 1
362 420 1
362 434 1
362 445 1
362 448 1
362 478 1
362 488 1
362 495 1
362 500 1
363 373 1
363 379 1
363 393 1
363 421 1
363 422 1
363 429 1
363 438 1
363 441 1
363 450 1
363 455 1
363 463 1
363 473 1
363 476 1
363 478 1
363 480 1
363 490 1
363 494 1
364 393 1
364 424 1
364 435 1
364 444 1
364 449 1
364 451 1
364 453 1
364 460 1
364 469 1
364 478 1
364 490 1
364 493 1
364 497 1
364 498 1
365 370 1
365 380 1
365 385 1
365 398 1
365 420 1
365 421 1
365 422 1
365 427 1
365 439 1
365 469 1
365 471 1
365 480 1
365 486 1
366 367 1
366 377 1
366 378 1
366 380 1
366 389 1
366 402 1
366 408 1
366 414 1
366 420 1
366 423 1
366 440 1
366 449 1
366 454 1
366 460 1
366 461 1
366 474 1
366 480 1
366 494 1
367 385 1
367 397 1
367 414 1
367 439 1
367 443 1
367 450 1
367 469 1
367 472 1
367 474 1
367 481 1
367 487 1
367 496 1
368 374 1
368 384 1
368 392 1
368 398 1
368 401 1
368 402 1
368 404 1
368 405 1
368 408 1
368 410 1
368 420 1
368 421 1
368 428 1
368 429 1
368 440 1
368 450 1
368 460 1
368 463 1
368 466 1
368 471 1
368 481 1
368 482 1
368 494 1
369 388 1
369 434 1
369 482 1
370 385 1
370 401 1
370 410 1
370 430 1
370 439 1
370 441 1
370 444 1
370 451 1
370 465 1
370 479 1
370 485 1
370 487 1
370 488 1
371 382 1
371 391 1
371 401 1
371 422 1
371 442 1
371 457 1
371 460 1
371 493 1
372 382 1
372 389 1
372 397 1
372 404 1
372 414 1
372 422 1
372 444 1
372 454 1
372 455 1
372 461 1
372 464 1
372 472 1
372 475 1
372 495 1
373 376 1
373 384 1
373 401 1
373 409 1
373 417 1
373 424 1
373 450 1
373 463 1
373 475 1
373 476 1
373 481 1
373 488 1
373 490 1
373 493 1
373 498 1
374 375 1
374 386 1
374 390 1
374 409 1
374 417 1
374 430 1
374 451 1
374 453 1
374 460 1
374 466 1
374 470 1
374 477 1
374 480 1
374 482 1
374 488 1
374 495 1
374 499 1
375 382 1
375 402 1
375 412 1
375 413 1
375 414 1
375 450 1
375 468 1
375 475 1
375 491 1
375 492 1
375 499 1
376 379 1
376 386 1
376 387 1
376 399 1
376 401 1
376 411 1
376 419 1
376 420 1
376 425 1
376 431 1
376 444 1
376 460 1
376 468 1
376 481 1
376 483 1
376 491 1
376 493 1
376 495 1
377 378 1
377 397 1
377 414 1
377 417 1
377 420 1
377 422 1
377 442 1
377 449 1
377 452 1
377 461 1
377 467 1
377 480 1
377 481 1
377 486 1
377 493 1
378 387 1
378 395 1
378 424 1
378 434 1
378 439 1
378 467 1
378 480 1
378 483 1
378 495 1
379 391 1
379 403 1
379 409 1
379 411 1
379 434 1
379 436 1
379 446 1
379 447 1
379 459 1
379 460 1
379 471 1
379 472 1
379 482 1
380 385 1
380 388 1
380 407 1
380 432 1
380 433 1
380 437 1
380 466 1
380 481 1
380 485 1
380 496 1
380 498 1
381 390 1
381 391 1
381 399 1
381 401 1
381 404 1
381 414 1
381 429 1
381 431 1
381 434 1
381 450 1
381 470 1
381 472 1
381 480 1
381 485 1
381 486 1
382 407 1
382 422 1
382 423 1
382 440 1
382 444 1
382 454 1
382 455 1
382 460 1
382 476 1
382 477 1
382 499 1
383 392 1
383 404 1
383 458 1
383 499 1
384 391 1
384 415 1
384 416 1
384 418 1
384 434 1
384 455 1
384 456 1
384 473 1
384 475 1
385 389 1
385 398 1
385 410 1
385 421 1
385 430 1
385 438 1
385 439 1
385 445 1
385 457 1
385 460 1
385 467 1
386 401 1
386 444 1
386 447 1
386 487 1
387 391 1
387 392 1
387 404 1
387 455 1
387 462 1
387 475 1
387 477 1
387 497 1
388 390 1
388 407 1
388 419 1
388 427 1
388 428 1
388 453 1
388 471 1
388 498 1
389 398 1
389 399 1
389 402 1
389 422 1
389 442 1
389 452 1
389 465 1
389 468 1
389 469 1
390 403 1
390 431 1
390 438 1
390 439 1
390 451 1
390 456 1
390 459 1
390 478 1
390 489 1
390 499 1
390 500 1
391 397 1
391 414 1
391 422 1
391 435 1
391 444 1
391 445 1
391 447 1
391 449 1
391 469 1
391 480 1
391 488 1
392 408 1
392 412 1
392 420 1
392 424 1
392 448 1
392 453 1
392 468 1
392 473 1
392 485 1
393 417 1
393 459 1
393 460 1
393 474 1
393 476 1
394 434 1
394 444 1
394 448 1
394 475 1
394 480 1
394 489 1
395 433 1
395 447 1
395 458 1
395 463 1
395 500 1
396 399 1
396 400 1
396 404 1
396 406 1
396 422 1
396 432 1
396 433 1
396 435 1
396 444 1
396 469 1
396 471 1
396 485 1
396 495 1
397 402 1
397 410 1
397 428 1
397 439 1
397 440 1
397 443 1
397 446 1
397 450 1
397 460 1
397 475 1
397 498 1
397 500 1
398 406 1
398 407 1
398 431 1
398 436 1
398 457 1
398 461 1
398 475 1
398 488 1
398 494 1
399 409 1
399 439 1
399 444 1
399 446 1
399 466 1
399 468 1
399 472 1
399 474 1
399 479 1
399 488 1
399 493 1
399 494 1
399 498 1
400 403 1
400 404 1
400 413 1
400 415 1
400 416 1
400 428 1
400 439 1
400 451 1
400 462 1
400 484 1
400 488 1
400 492 1
401 402 1
401 405 1
401 407 1
401 413 1
401 421 1
401 422 1
401 430 1
401 437 1
401 444 1
401 457 1
401 464 1
401 476 1
401 479 1
402 408 1
402 414 1
402 418 1
402 454 1
402 464 1
402 471 1
402 489 1
402 496 1
402 498 1
403 416 1
403 438 1
403 439 1
403 442 1
403 460 1
403 464 1
403 495 1
404 419 1
404 427 1
404 432 1
404 437 1
404 447 1
404 464 1
404 466 1
404 468 1
404 475 1
404 476 1
404 487 1
404 489 1
405 406 1
405 412 1
405 419 1
405 420 1
405 421 1
405 423 1
405 448 1
405 451 1
405 463 1
405 471 1
405 472 1
405 497 1
406 408 1
406 413 1
406 418 1
406 427 1
406 430 1
406 437 1
406 442 1
406 446 1
406 451 1
406 476 1
406 485 1
406 495 1
406 496 1
407 421 1
407 422 1
407 423 1
407 424 1
407 434 1
407 437 1
407 438 1
407 463 1
407 475 1
407 480 1
407 496 1
408 420 1
408 428 1
408 449 1
408 450 1
408 473 1
409 421 1
409 423 1
409 445 1
409 450 1
409 493 1
410 412 1
410 415 1
410 419 1
410 470 1
410 480 1
410 490 1
410 491 1
410 492 1
410 500 1
411 417 1
411 421 1
411 435 1
411 450 1
411 454 1
411 456 1
411 470 1
411 472 1
411 497 1
412 424 1
412 428 1
412 431 1
412 442 1
412 456 1
412 457 1
412 459 1
412 481 1
412 483 1
412 489 1
413 430 1
413 443 1
413 459 1
413 461 1
413 462 1
413 464 1
413 467 1
413 469 1
413 477 1
413 490 1
414 415 1
414 416 1
414 424 1
414 453 1
414 467 1
414 473 1
414 486 1
415 446 1
415 467 1
415 475 1
415 489 1
415 500 1
416 417 1
416 430 1
416 438 1
416 441 1
416 442 1
416 444 1
416 455 1
416 458 1
416 469 1
416 474 1
416 477 1
416 484 1
416 486 1
416 487 1
417 418 1
417 440 1
417 449 1
417 457 1
417 464 1
417 473 1
417 494 1
418 449 1
418 450 1
418 452 1
418 456 1
418 465 1
418 481 1
418 485 1
418 499 1
419 420 1
419 431 1
419 432 1
419 443 1
419 445 1
419 467 1
419 478 1
419 482 1
419 491 1
419 492 1
419 496 1
419 500 1
420 423 1
420 426 1
420 452 1
420 459 1
420 461 1
420 471 1
420 472 1
420 479 1
420 483 1
420 491 1
420 496 1
420 498 1
421 431 1
421 432 1
421 439 1
421 454 1
421 457 1
421 459 1
421 460 1
421 461 1
421 467 1
421 479 1
421 480 1
422 423 1
422 429 1
422 438 1
422 441 1
422 442 1
422 443 1
422 445 1
422 447 1
422 453 1
422 455 1
422 462 1
422 472 1
422 479 1
422 483 1
422 485 1
422 495 1
423 432 1
423 437 1
423 440 1
423 451 1
423 457 1
423 467 1
423 469 1
423 487 1
424 425 1
424 427 1
424 429 1
424 433 1
424 434 1
424 438 1
424 443 1
424 447 1
424 456 1
424 461 1
424 468 1
424 474 1
424 476 1
424 483 1
425 429 1
425 452 1
425 458 1
425 462 1
425 464 1
425 477 1
425 481 1
425 489 1
425 493 1
425 495 1
426 437 1
426 438 1
426 442 1
426 451 1
426 476 1
426 477 1
426 482 1
426 485 1
426 494 1
427 432 1
427 455 1
427 465 1
427 473 1
427 475 1
428 441 1
428 445 1
428 456 1
428 466 1
428 473 1
428 476 1
428 482 1
428 488 1
428 494 1
429 438 1
429 443 1
429 444 1
429 457 1
429 466 1
429 490 1
429 492 1
429 493 1
429 498 1
430 434 1
430 436 1
430 446 1
430 450 1
430 457 1
430 472 1
430 477 1
430 480 1
430 488 1
431 434 1
431 435 1
431 437 1
431 438 1
431 443 1
431 449 1
431 451 1
431 455 1
431 463 1
431 482 1
432 437 1
432 442 1
432 447 1
432 450 1
432 454 1
432 476 1
432 482 1
432 484 1
432 498 1
433 450 1
433 455 1
433 462 1
433 464 1
433 466 1
433 469 1
433 477 1
433 483 1
433 491 1
434 456 1
434 472 1
434 492 1
435 454 1
436 444 1
436 447 1
436 449 1
436 450 1
436 452 1
436 464 1
436 478 1
436 486 1
436 498 1
437 438 1
437 440 1
437 441 1
437 450 1
437 459 1
437 462 1
437 473 1
437 485 1
438 441 1
438 447 1
438 458 1
438 471 1
438 479 1
438 482 1
438 483 1
438 487 1
438 491 1
439 449 1
439 467 1
439 484 1
439 498 1
440 448 1
440 457 1
440 468 1
440 471 1
440 478 1
440 481 1
440 486 1
441 467 1
441 475 1
441 477 1
441 496 1
441 500 1
442 450 1
442 478 1
442 489 1
442 490 1
442 492 1
443 448 1
443 454 1
443 456 1
443 457 1
443 465 1
443 494 1
444 446 1
444 452 1
444 467 1
444 470 1
444 474 1
444 496 1
445 479 1
445 483 1
445 485 1
446 485 1
447 454 1
447 460 1
447 461 1
447 478 1
447 484 1
447 486 1
447 491 1
447 492 1
448 449 1
448 474 1
448 476 1
448 487 1
449 465 1
449 471 1
449 472 1
449 477 1
449 481 1
449 486 1
450 471 1
450 481 1
450 483 1
450 489 1
451 458 1
451 461 1
451 473 1
451 476 1
451 498 1
452 460 1
452 491 1
452 496 1
453 486 1
453 495 1
454 479 1
454 496 1
455 457 1
455 460 1
455 495 1
456 459 1
456 476 1
456 479 1
456 488 1
456 491 1
456 492 1
456 494 1
456 499 1
457 466 1
457 474 1
457 475 1
457 476 1
458 470 1
458 473 1
458 479 1
458 489 1
458 490 1
458 497 1
459 462 1
459 467 1
459 470 1
459 477 1
459 482 1
459 484 1
459 489 1
459 493 1
459 495 1
459 500 1
460 470 1
460 481 1
460 488 1
460 489 1
460 493 1
461 470 1
461 472 1
461 487 1
461 489 1
461 494 1
461 496 1
462 473 1
462 480 1
462 481 1
462 488 1
462 492 1
462 494 1
463 466 1
463 471 1
463 478 1
463 480 1
463 493 1
464 465 1
464 478 1
464 492 1
464 493 1
464 496 1
464 497 1
464 500 1
465 474 1
465 482 1
465 490 1
465 493 1
465 494 1
466 472 1
466 473 1
466 497 1
467 473 1
467 483 1
467 485 1
467 492 1
467 498 1
468 476 1
468 479 1
468 486 1
468 490 1
469 476 1
469 485 1
469 489 1
469 493 1
470 471 1
470 475 1
470 490 1
471 473 1
471 485 1
471 499 1
472 477 1
472 488 1
472 497 1
473 493 1
473 494 1
474 475 1
475 483 1
475 487 1
477 478 1
477 486 1
477 493 1
478 482 1
478 500 1
479 483 1
479 497 1
479 498 1
480 483 1
480 490 1
480 499 1
482 492 1
482 500 1
483 486 1
483 490 1
484 485 1
484 491 1
484 498 1
485 495 1
486 488 1
486 491 1
487 490 1
490 492 1
490 497 1
491 497 1
491 499 1
492 498 1
492 499 1
497 499 1
