500 12407
1 22 1
1 48 1
1 72 1
1 79 1
1 81 1
1 100 1
1 104 1
1 118 1
1 122 1
1 127 1
1 130 1
1 153 1
1 156 1
1 160 1
1 162 1
1 178 1
1 182 1
1 185 1
1 201 1
1 233 1
1 234 1
1 235 1
1 247 1
1 249 1
1 257 1
1 263 1
1 277 1
1 283 1
1 285 1
1 288 1
1 292 1
1 299 1
1 311 1
1 313 1
1 315 1
1 322 1
1 344 1
1 345 1
1 346 1
1 349 1
1 367 1
1 369 1
1 387 1
1 391 1
1 402 1
1 428 1
1 440 1
1 442 1
1 448 1
1 450 1
1 469 1
1 476 1
1 477 1
2 42 1
2 45 1
2 54 1
2 85 1
2 94 1
2 99 1
2 111 1
2 119 1
2 125 1
2 132 1
2 157 1
2 158 1
2 167 1
2 178 1
2 180 1
2 190 1
2 208 1
2 216 1
2 224 1
2 237 1
2 239 1
2 252 1
2 263 1
2 267 1
2 274 1
2 301 1
2 303 1
2 324 1
2 326 1
2 343 1
2 348 1
2 370 1
2 379 1
2 390 1
2 408 1
2 415 1
2 416 1
2 417 1
2 442 1
2 453 1
2 459 1
2 468 1
2 480 1
2 500 1
3 6 1
3 22 1
3 24 1
3 27 1
3 38 1
3 51 1
3 96 1
3 111 1
3 121 1
3 140 1
3 149 1
3 153 1
3 160 1
3 175 1
3 183 1
3 184 1
3 201 1
3 202 1
3 215 1
3 240 1
3 246 1
3 281 1
3 285 1
3 305 1
3 323 1
3 329 1
3 332 1
3 335 1
3 346 1
3 357 1
3 364 1
3 378 1
3 384 1
3 398 1
3 400 1
3 417 1
3 420 1
3 427 1
3 441 1
3 443 1
3 462 1
3 465 1
3 467 1
3 471 1
3 475 1
3 481 1
3 483 1
3 493 1
3 496 1
4 24 1
4 39 1
4 40 1
4 49 1
4 50 1
4 70 1
4 86 1
4 101 1
4 137 1
4 150 1
4 155 1
4 163 1
4 177 1
4 183 1
4 194 1
4 201 1
4 204 1
4 220 1
4 225 1
4 226 1
4 228 1
4 250 1
4 264 1
4 278 1
4 279 1
4 281 1
4 298 1
4 299 1
4 311 1
4 339 1
4 345 1
4 368 1
4 377 1
4 387 1
4 399 1
4 400 1
4 424 1
4 435 1
4 439 1
4 462 1
5 11 1
5 13 1
5 44 1
5 48 1
5 61 1
5 68 1
5 71 1
5 79 1
5 81 1
5 96 1
5 98 1
5 99 1
5 117 1
5 126 1
5 135 1
5 137 1
5 140 1
5 144 1
5 154 1
5 167 1
5 169 1
5 197 1
5 200 1
5 213 1
5 221 1
5 231 1
5 250 1
5 252 1
5 257 1
5 258 1
5 264 1
5 286 1
5 302 1
5 312 1
5 314 1
5 352 1
5 370 1
5 373 1
5 384 1
5 385 1
5 390 1
5 405 1
5 443 1
5 444 1
5 448 1
5 484 1
6 7 1
6 10 1
6 33 1
6 35 1
6 39 1
6 40 1
6 47 1
6 48 1
6 52 1
6 54 1
6 66 1
6 69 1
6 71 1
6 92 1
6 93 1
6 98 1
6 128 1
6 131 1
6 132 1
6 146 1
6 162 1
6 173 1
6 177 1
6 182 1
6 191 1
6 194 1
6 231 1
6 232 1
6 236 1
6 238 1
6 263 1
6 272 1
6 278 1
6 287 1
6 293 1
6 294 1
6 309 1
6 310 1
6 314 1
6 331 1
6 336 1
6 341 1
6 343 1
6 344 1
6 346 1
6 368 1
6 379 1
6 380 1
6 382 1
6 387 1
6 388 1
6 391 1
6 396 1
6 413 1
6 415 1
6 417 1
6 430 1
6 445 1
6 446 1
6 459 1
6 479 1
6 482 1
6 498 1
7 9 1
7 19 1
7 27 1
7 34 1
7 36 1
7 65 1
7 72 1
7 99 1
7 114 1
7 138 1
7 142 1
7 151 1
7 162 1
7 165 1
7 169 1
7 178 1
7 180 1
7 184 1
7 207 1
7 215 1
7 216 1
7 225 1
7 228 1
7 232 1
7 235 1
7 239 1
7 241 1
7 251 1
7 256 1
7 263 1
7 277 1
7 281 1
7 295 1
7 300 1
7 316 1
7 324 1
7 337 1
7 345 1
7 376 1
7 378 1
7 405 1
7 406 1
7 428 1
7 435 1
7 452 1
7 470 1
7 479 1
7 496 1
8 13 1
8 48 1
8 55 1
8 82 1
8 85 1
8 97 1
8 99 1
8 109 1
8 116 1
8 135 1
8 145 1
8 147 1
8 150 1
8 151 1
8 174 1
8 199 1
8 204 1
8 207 1
8 232 1
8 239 1
8 243 1
8 247 1
8 258 1
8 302 1
8 314 1
8 332 1
8 333 1
8 334 1
8 335 1
8 350 1
8 361 1
8 364 1
8 376 1
8 378 1
8 380 1
8 389 1
8 394 1
8 408 1
8 410 1
8 426 1
8 441 1
8 442 1
8 466 1
8 492 1
8 495 1
9 20 1
9 22 1
9 34 1
9 36 1
9 37 1
9 45 1
9 52 1
9 61 1
9 67 1
9 68 1
9 93 1
9 104 1
9 118 1
9 120 1
9 121 1
9 123 1
9 134 1
9 146 1
9 147 1
9 149 1
9 153 1
9 169 1
9 170 1
9 176 1
9 180 1
9 194 1
9 200 1
9 224 1
9 225 1
9 229 1
9 243 1
9 266 1
9 279 1
9 288 1
9 301 1
9 332 1
9 348 1
9 375 1
9 385 1
9 397 1
9 402 1
9 410 1
9 427 1
9 439 1
9 449 1
9 457 1
9 492 1
10 13 1
10 21 1
10 35 1
10 37 1
10 39 1
10 48 1
10 51 1
10 71 1
10 74 1
10 80 1
10 92 1
10 111 1
10 116 1
10 120 1
10 125 1
10 128 1
10 145 1
10 150 1
10 164 1
10 174 1
10 177 1
10 188 1
10 202 1
10 241 1
10 242 1
10 250 1
10 260 1
10 264 1
10 271 1
10 294 1
10 297 1
10 306 1
10 315 1
10 319 1
10 321 1
10 330 1
10 345 1
10 373 1
10 391 1
10 393 1
10 411 1
10 418 1
10 424 1
10 426 1
10 428 1
10 429 1
10 430 1
10 438 1
10 442 1
10 443 1
10 461 1
10 475 1
10 481 1
11 31 1
11 34 1
11 35 1
11 56 1
11 65 1
11 86 1
11 89 1
11 98 1
11 118 1
11 131 1
11 160 1
11 165 1
11 170 1
11 181 1
11 195 1
11 197 1
11 218 1
11 219 1
11 225 1
11 226 1
11 237 1
11 238 1
11 272 1
11 282 1
11 288 1
11 304 1
11 312 1
11 319 1
11 331 1
11 335 1
11 350 1
11 364 1
11 366 1
11 376 1
11 406 1
11 426 1
11 469 1
11 470 1
11 476 1
11 483 1
11 484 1
11 490 1
11 494 1
11 497 1
11 500 1
12 14 1
12 35 1
12 41 1
12 44 1
12 51 1
12 71 1
12 72 1
12 78 1
12 90 1
12 99 1
12 121 1
12 132 1
12 140 1
12 142 1
12 143 1
12 145 1
12 156 1
12 173 1
12 196 1
12 197 1
12 214 1
12 217 1
12 218 1
12 226 1
12 244 1
12 271 1
12 274 1
12 287 1
12 321 1
12 355 1
12 360 1
12 380 1
12 409 1
12 450 1
12 453 1
12 454 1
12 460 1
12 467 1
12 471 1
12 483 1
13 17 1
13 32 1
13 34 1
13 42 1
13 62 1
13 66 1
13 67 1
13 90 1
13 94 1
13 97 1
13 117 1
13 145 1
13 168 1
13 175 1
13 184 1
13 197 1
13 205 1
13 213 1
13 221 1
13 227 1
13 235 1
13 239 1
13 241 1
13 244 1
13 266 1
13 268 1
13 269 1
13 280 1
13 285 1
13 291 1
13 297 1
13 299 1
13 300 1
13 302 1
13 306 1
13 344 1
13 350 1
13 351 1
13 354 1
13 355 1
13 363 1
13 366 1
13 375 1
13 379 1
13 385 1
13 392 1
13 400 1
13 427 1
13 471 1
13 478 1
13 494 1
13 495 1
13 498 1
14 20 1
14 24 1
14 33 1
14 43 1
14 44 1
14 52 1
14 56 1
14 58 1
14 118 1
14 120 1
14 134 1
14 137 1
14 142 1
14 144 1
14 148 1
14 163 1
14 214 1
14 223 1
14 236 1
14 237 1
14 240 1
14 250 1
14 252 1
14 253 1
14 256 1
14 264 1
14 277 1
14 295 1
14 298 1
14 300 1
14 316 1
14 339 1
14 346 1
14 355 1
14 365 1
14 373 1
14 380 1
14 402 1
14 405 1
14 413 1
14 414 1
14 420 1
14 427 1
14 428 1
14 444 1
14 450 1
14 453 1
14 456 1
14 463 1
14 468 1
14 487 1
14 500 1
15 17 1
15 19 1
15 25 1
15 28 1
15 50 1
15 51 1
15 54 1
15 65 1
15 69 1
15 71 1
15 83 1
15 102 1
15 107 1
15 114 1
15 117 1
15 129 1
15 146 1
15 147 1
15 205 1
15 207 1
15 215 1
15 218 1
15 221 1
15 226 1
15 245 1
15 269 1
15 283 1
15 285 1
15 322 1
15 332 1
15 342 1
15 349 1
15 357 1
15 363 1
15 372 1
15 412 1
15 418 1
15 437 1
15 453 1
15 466 1
15 469 1
15 471 1
15 472 1
15 477 1
15 483 1
15 493 1
16 23 1
16 26 1
16 34 1
16 43 1
16 44 1
16 45 1
16 50 1
16 62 1
16 90 1
16 100 1
16 103 1
16 113 1
16 120 1
16 133 1
16 151 1
16 171 1
16 183 1
16 205 1
16 226 1
16 233 1
16 235 1
16 238 1
16 242 1
16 247 1
16 255 1
16 300 1
16 317 1
16 324 1
16 331 1
16 334 1
16 337 1
16 340 1
16 343 1
16 348 1
16 359 1
16 376 1
16 380 1
16 388 1
16 392 1
16 420 1
16 422 1
16 432 1
16 446 1
16 450 1
16 471 1
16 476 1
16 479 1
16 495 1
17 26 1
17 53 1
17 60 1
17 81 1
17 91 1
17 113 1
17 117 1
17 121 1
17 124 1
17 141 1
17 144 1
17 147 1
17 155 1
17 166 1
17 167 1
17 169 1
17 181 1
17 203 1
17 207 1
17 217 1
17 231 1
17 241 1
17 251 1
17 259 1
17 262 1
17 284 1
17 302 1
17 319 1
17 327 1
17 329 1
17 336 1
17 350 1
17 352 1
17 362 1
17 389 1
17 392 1
17 404 1
17 427 1
17 429 1
17 453 1
17 473 1
17 491 1
18 22 1
18 24 1
18 37 1
18 45 1
18 72 1
18 106 1
18 123 1
18 171 1
18 176 1
18 181 1
18 184 1
18 203 1
18 207 1
18 208 1
18 216 1
18 223 1
18 241 1
18 256 1
18 263 1
18 280 1
18 292 1
18 313 1
18 314 1
18 321 1
18 334 1
18 347 1
18 356 1
18 369 1
18 382 1
18 389 1
18 398 1
18 400 1
18 432 1
18 434 1
18 435 1
18 439 1
18 441 1
18 442 1
18 458 1
18 465 1
18 467 1
18 468 1
18 469 1
19 25 1
19 26 1
19 53 1
19 54 1
19 56 1
19 65 1
19 70 1
19 75 1
19 77 1
19 80 1
19 87 1
19 92 1
19 101 1
19 120 1
19 125 1
19 140 1
19 150 1
19 154 1
19 159 1
19 175 1
19 180 1
19 182 1
19 195 1
19 213 1
19 227 1
19 235 1
19 241 1
19 248 1
19 251 1
19 280 1
19 291 1
19 293 1
19 294 1
19 310 1
19 320 1
19 322 1
19 350 1
19 361 1
19 397 1
19 403 1
19 409 1
19 410 1
19 414 1
19 417 1
19 423 1
19 430 1
19 435 1
19 438 1
19 441 1
19 444 1
19 447 1
19 460 1
19 465 1
20 21 1
20 23 1
20 24 1
20 27 1
20 59 1
20 65 1
20 73 1
20 75 1
20 77 1
20 106 1
20 111 1
20 132 1
20 136 1
20 160 1
20 170 1
20 176 1
20 193 1
20 196 1
20 206 1
20 237 1
20 242 1
20 253 1
20 271 1
20 280 1
20 289 1
20 296 1
20 311 1
20 327 1
20 329 1
20 337 1
20 341 1
20 364 1
20 366 1
20 380 1
20 393 1
20 396 1
20 399 1
20 400 1
20 401 1
20 414 1
20 416 1
20 434 1
20 435 1
20 437 1
20 456 1
20 472 1
20 473 1
20 486 1
21 29 1
21 40 1
21 43 1
21 56 1
21 63 1
21 64 1
21 74 1
21 80 1
21 83 1
21 98 1
21 106 1
21 110 1
21 117 1
21 146 1
21 158 1
21 159 1
21 169 1
21 171 1
21 173 1
21 181 1
21 184 1
21 190 1
21 192 1
21 195 1
21 196 1
21 204 1
21 237 1
21 255 1
21 284 1
21 288 1
21 291 1
21 303 1
21 323 1
21 354 1
21 361 1
21 394 1
21 420 1
21 423 1
21 429 1
21 438 1
21 460 1
21 474 1
21 476 1
21 483 1
21 486 1
22 28 1
22 54 1
22 66 1
22 72 1
22 99 1
22 100 1
22 116 1
22 119 1
22 122 1
22 138 1
22 144 1
22 147 1
22 152 1
22 155 1
22 167 1
22 178 1
22 184 1
22 202 1
22 207 1
22 223 1
22 226 1
22 231 1
22 232 1
22 245 1
22 265 1
22 266 1
22 277 1
22 282 1
22 292 1
22 295 1
22 297 1
22 303 1
22 315 1
22 317 1
22 318 1
22 323 1
22 334 1
22 342 1
22 346 1
22 358 1
22 384 1
22 387 1
22 395 1
22 413 1
22 424 1
22 429 1
22 460 1
22 467 1
22 476 1
22 479 1
22 491 1
22 493 1
22 496 1
23 24 1
23 29 1
23 30 1
23 42 1
23 48 1
23 52 1
23 60 1
23 61 1
23 64 1
23 78 1
23 81 1
23 84 1
23 98 1
23 112 1
23 119 1
23 126 1
23 131 1
23 135 1
23 144 1
23 165 1
23 168 1
23 184 1
23 230 1
23 246 1
23 250 1
23 254 1
23 255 1
23 277 1
23 343 1
23 352 1
23 353 1
23 383 1
23 399 1
23 433 1
23 445 1
23 456 1
23 461 1
23 483 1
23 492 1
23 496 1
24 34 1
24 47 1
24 67 1
24 91 1
24 111 1
24 125 1
24 129 1
24 138 1
24 142 1
24 145 1
24 155 1
24 166 1
24 175 1
24 180 1
24 182 1
24 185 1
24 205 1
24 206 1
24 210 1
24 225 1
24 228 1
24 244 1
24 275 1
24 282 1
24 292 1
24 338 1
24 340 1
24 342 1
24 345 1
24 358 1
24 360 1
24 368 1
24 376 1
24 381 1
24 382 1
24 406 1
24 407 1
24 422 1
24 423 1
24 428 1
24 430 1
24 436 1
24 459 1
24 466 1
24 469 1
24 474 1
24 476 1
24 485 1
24 491 1
24 492 1
24 493 1
24 500 1
25 43 1
25 49 1
25 58 1
25 67 1
25 68 1
25 78 1
25 81 1
25 86 1
25 88 1
25 93 1
25 105 1
25 109 1
25 125 1
25 136 1
25 138 1
25 141 1
25 163 1
25 166 1
25 180 1
25 184 1
25 186 1
25 201 1
25 206 1
25 231 1
25 244 1
25 261 1
25 268 1
25 271 1
25 281 1
25 322 1
25 327 1
25 330 1
25 343 1
25 373 1
25 378 1
25 382 1
25 388 1
25 392 1
25 396 1
25 398 1
25 399 1
25 407 1
25 416 1
25 417 1
25 422 1
25 434 1
25 467 1
25 468 1
25 470 1
25 473 1
25 480 1
26 39 1
26 69 1
26 70 1
26 73 1
26 74 1
26 84 1
26 88 1
26 94 1
26 128 1
26 137 1
26 149 1
26 156 1
26 167 1
26 187 1
26 211 1
26 213 1
26 220 1
26 221 1
26 246 1
26 262 1
26 264 1
26 271 1
26 284 1
26 291 1
26 310 1
26 312 1
26 323 1
26 333 1
26 355 1
26 360 1
26 391 1
26 402 1
26 411 1
26 412 1
26 445 1
26 449 1
26 462 1
26 468 1
26 470 1
26 473 1
26 480 1
26 483 1
26 495 1
27 47 1
27 52 1
27 57 1
27 80 1
27 85 1
27 92 1
27 107 1
27 120 1
27 122 1
27 131 1
27 135 1
27 139 1
27 158 1
27 164 1
27 167 1
27 171 1
27 177 1
27 193 1
27 210 1
27 223 1
27 234 1
27 243 1
27 245 1
27 252 1
27 260 1
27 280 1
27 285 1
27 292 1
27 304 1
27 307 1
27 311 1
27 351 1
27 358 1
27 382 1
27 386 1
27 394 1
27 412 1
27 424 1
27 426 1
27 433 1
27 439 1
27 440 1
27 442 1
27 451 1
27 458 1
27 474 1
27 477 1
27 482 1
27 486 1
27 489 1
27 492 1
28 30 1
28 45 1
28 54 1
28 77 1
28 79 1
28 97 1
28 98 1
28 99 1
28 133 1
28 138 1
28 144 1
28 169 1
28 183 1
28 200 1
28 208 1
28 214 1
28 217 1
28 223 1
28 242 1
28 246 1
28 253 1
28 254 1
28 275 1
28 332 1
28 345 1
28 359 1
28 361 1
28 364 1
28 366 1
28 367 1
28 375 1
28 394 1
28 408 1
28 410 1
28 411 1
28 436 1
28 445 1
28 466 1
28 474 1
28 494 1
28 498 1
28 500 1
29 36 1
29 45 1
29 53 1
29 57 1
29 60 1
29 81 1
29 100 1
29 115 1
29 133 1
29 134 1
29 141 1
29 147 1
29 150 1
29 157 1
29 158 1
29 172 1
29 173 1
29 180 1
29 196 1
29 197 1
29 207 1
29 240 1
29 261 1
29 268 1
29 287 1
29 292 1
29 297 1
29 305 1
29 320 1
29 332 1
29 360 1
29 368 1
29 389 1
29 390 1
29 394 1
29 399 1
29 406 1
29 411 1
29 417 1
29 420 1
29 424 1
29 430 1
29 435 1
29 439 1
29 442 1
29 444 1
29 459 1
29 478 1
29 483 1
29 484 1
29 486 1
29 497 1
30 48 1
30 49 1
30 55 1
30 57 1
30 76 1
30 85 1
30 88 1
30 104 1
30 105 1
30 107 1
30 140 1
30 147 1
30 159 1
30 171 1
30 175 1
30 185 1
30 202 1
30 222 1
30 225 1
30 231 1
30 233 1
30 238 1
30 255 1
30 258 1
30 269 1
30 271 1
30 272 1
30 279 1
30 287 1
30 289 1
30 291 1
30 302 1
30 308 1
30 314 1
30 347 1
30 349 1
30 363 1
30 373 1
30 382 1
30 383 1
30 387 1
30 410 1
30 417 1
30 421 1
30 444 1
30 462 1
30 494 1
31 40 1
31 57 1
31 72 1
31 85 1
31 91 1
31 102 1
31 107 1
31 126 1
31 135 1
31 138 1
31 140 1
31 145 1
31 149 1
31 151 1
31 171 1
31 173 1
31 191 1
31 193 1
31 204 1
31 210 1
31 220 1
31 226 1
31 247 1
31 254 1
31 270 1
31 285 1
31 290 1
31 298 1
31 300 1
31 314 1
31 328 1
31 330 1
31 334 1
31 335 1
31 337 1
31 357 1
31 365 1
31 366 1
31 382 1
31 385 1
31 389 1
31 390 1
31 391 1
31 436 1
31 442 1
31 443 1
31 446 1
31 458 1
31 463 1
31 469 1
31 470 1
31 474 1
31 477 1
31 488 1
31 499 1
32 39 1
32 51 1
32 77 1
32 78 1
32 83 1
32 93 1
32 116 1
32 119 1
32 123 1
32 128 1
32 137 1
32 163 1
32 169 1
32 187 1
32 214 1
32 221 1
32 258 1
32 259 1
32 295 1
32 319 1
32 359 1
32 367 1
32 371 1
32 373 1
32 375 1
32 403 1
32 440 1
32 456 1
32 462 1
32 483 1
32 484 1
33 36 1
33 72 1
33 73 1
33 81 1
33 90 1
33 98 1
33 99 1
33 121 1
33 123 1
33 133 1
33 143 1
33 148 1
33 163 1
33 168 1
33 169 1
33 213 1
33 229 1
33 243 1
33 256 1
33 260 1
33 273 1
33 276 1
33 279 1
33 291 1
33 292 1
33 319 1
33 344 1
33 353 1
33 370 1
33 382 1
33 400 1
33 436 1
33 442 1
33 452 1
33 461 1
33 474 1
33 490 1
33 499 1
34 35 1
34 44 1
34 59 1
34 72 1
34 76 1
34 97 1
34 101 1
34 113 1
34 117 1
34 134 1
34 137 1
34 153 1
34 168 1
34 176 1
34 219 1
34 229 1
34 247 1
34 260 1
34 261 1
34 264 1
34 266 1
34 268 1
34 286 1
34 288 1
34 289 1
34 297 1
34 298 1
34 300 1
34 302 1
34 305 1
34 310 1
34 334 1
34 341 1
34 348 1
34 352 1
34 357 1
34 396 1
34 413 1
34 415 1
34 440 1
34 442 1
34 454 1
34 458 1
34 460 1
34 466 1
34 467 1
34 470 1
34 471 1
34 472 1
34 486 1
34 495 1
35 66 1
35 71 1
35 98 1
35 103 1
35 122 1
35 131 1
35 134 1
35 140 1
35 156 1
35 168 1
35 179 1
35 185 1
35 194 1
35 204 1
35 210 1
35 216 1
35 223 1
35 234 1
35 245 1
35 247 1
35 253 1
35 257 1
35 273 1
35 301 1
35 318 1
35 331 1
35 341 1
35 351 1
35 356 1
35 359 1
35 367 1
35 368 1
35 371 1
35 375 1
35 380 1
35 385 1
35 387 1
35 404 1
35 406 1
35 412 1
35 428 1
35 443 1
35 454 1
35 467 1
35 479 1
35 487 1
35 494 1
36 40 1
36 45 1
36 48 1
36 50 1
36 53 1
36 56 1
36 65 1
36 66 1
36 69 1
36 82 1
36 86 1
36 101 1
36 114 1
36 129 1
36 146 1
36 152 1
36 178 1
36 186 1
36 197 1
36 211 1
36 226 1
36 239 1
36 265 1
36 277 1
36 299 1
36 302 1
36 304 1
36 342 1
36 361 1
36 362 1
36 374 1
36 382 1
36 383 1
36 402 1
36 405 1
36 406 1
36 414 1
36 418 1
36 438 1
36 448 1
36 450 1
36 463 1
36 465 1
36 470 1
36 482 1
36 491 1
36 495 1
36 498 1
37 83 1
37 87 1
37 88 1
37 98 1
37 111 1
37 124 1
37 142 1
37 144 1
37 158 1
37 188 1
37 197 1
37 199 1
37 206 1
37 208 1
37 219 1
37 246 1
37 250 1
37 257 1
37 260 1
37 283 1
37 296 1
37 337 1
37 370 1
37 388 1
37 390 1
37 391 1
37 398 1
37 400 1
37 407 1
37 415 1
37 427 1
37 432 1
37 436 1
37 439 1
37 447 1
37 448 1
37 449 1
37 457 1
37 462 1
37 473 1
37 482 1
37 487 1
37 493 1
38 42 1
38 45 1
38 49 1
38 68 1
38 70 1
38 80 1
38 83 1
38 89 1
38 91 1
38 96 1
38 116 1
38 118 1
38 139 1
38 162 1
38 180 1
38 222 1
38 223 1
38 224 1
38 226 1
38 231 1
38 243 1
38 247 1
38 249 1
38 255 1
38 260 1
38 280 1
38 284 1
38 287 1
38 289 1
38 292 1
38 296 1
38 298 1
38 327 1
38 328 1
38 331 1
38 335 1
38 366 1
38 374 1
38 381 1
38 385 1
38 414 1
38 422 1
38 424 1
38 434 1
38 436 1
38 450 1
38 460 1
38 465 1
38 478 1
38 482 1
38 488 1
39 41 1
39 58 1
39 68 1
39 76 1
39 94 1
39 97 1
39 114 1
39 124 1
39 145 1
39 158 1
39 167 1
39 171 1
39 172 1
39 176 1
39 185 1
39 199 1
39 200 1
39 237 1
39 240 1
39 255 1
39 298 1
39 319 1
39 343 1
39 355 1
39 372 1
39 373 1
39 408 1
39 430 1
39 431 1
39 444 1
39 461 1
39 485 1
39 492 1
39 495 1
40 61 1
40 64 1
40 79 1
40 83 1
40 86 1
40 89 1
40 105 1
40 116 1
40 120 1
40 129 1
40 144 1
40 153 1
40 161 1
40 162 1
40 178 1
40 180 1
40 181 1
40 185 1
40 219 1
40 222 1
40 223 1
40 224 1
40 248 1
40 261 1
40 263 1
40 267 1
40 298 1
40 305 1
40 311 1
40 318 1
40 327 1
40 337 1
40 345 1
40 385 1
40 392 1
40 457 1
40 459 1
40 474 1
40 483 1
41 79 1
41 90 1
41 109 1
41 115 1
41 124 1
41 147 1
41 168 1
41 179 1
41 229 1
41 232 1
41 245 1
41 256 1
41 265 1
41 286 1
41 289 1
41 290 1
41 300 1
41 301 1
41 307 1
41 308 1
41 316 1
41 320 1
41 321 1
41 332 1
41 360 1
41 365 1
41 366 1
41 380 1
41 403 1
41 411 1
41 416 1
41 418 1
41 423 1
41 427 1
41 430 1
41 436 1
41 443 1
41 446 1
41 458 1
41 459 1
41 473 1
41 484 1
41 496 1
42 44 1
42 50 1
42 52 1
42 55 1
42 66 1
42 71 1
42 89 1
42 97 1
42 104 1
42 114 1
42 117 1
42 132 1
42 136 1
42 137 1
42 138 1
42 148 1
42 149 1
42 154 1
42 159 1
42 160 1
42 169 1
42 171 1
42 174 1
42 181 1
42 186 1
42 212 1
42 216 1
42 221 1
42 222 1
42 225 1
42 233 1
42 294 1
42 312 1
42 314 1
42 317 1
42 330 1
42 331 1
42 337 1
42 339 1
42 342 1
42 348 1
42 351 1
42 354 1
42 370 1
42 377 1
42 383 1
42 384 1
42 388 1
42 391 1
42 400 1
42 406 1
42 433 1
42 456 1
42 476 1
42 491 1
42 492 1
42 495 1
42 499 1
43 59 1
43 72 1
43 82 1
43 87 1
43 89 1
43 90 1
43 92 1
43 97 1
43 114 1
43 122 1
43 148 1
43 150 1
43 159 1
43 177 1
43 198 1
43 204 1
43 206 1
43 209 1
43 226 1
43 255 1
43 268 1
43 276 1
43 281 1
43 292 1
43 293 1
43 312 1
43 339 1
43 351 1
43 371 1
43 391 1
43 394 1
43 401 1
43 402 1
43 406 1
43 415 1
43 439 1
43 443 1
43 449 1
43 462 1
43 466 1
43 473 1
44 50 1
44 55 1
44 62 1
44 68 1
44 105 1
44 107 1
44 136 1
44 165 1
44 169 1
44 176 1
44 183 1
44 217 1
44 228 1
44 233 1
44 248 1
44 255 1
44 263 1
44 266 1
44 274 1
44 277 1
44 279 1
44 294 1
44 298 1
44 302 1
44 305 1
44 307 1
44 313 1
44 316 1
44 318 1
44 321 1
44 327 1
44 335 1
44 340 1
44 417 1
44 424 1
44 431 1
44 446 1
44 463 1
44 479 1
44 483 1
44 491 1
44 494 1
44 497 1
45 47 1
45 50 1
45 66 1
45 77 1
45 83 1
45 93 1
45 106 1
45 108 1
45 143 1
45 146 1
45 151 1
45 154 1
45 170 1
45 173 1
45 181 1
45 195 1
45 206 1
45 208 1
45 212 1
45 218 1
45 220 1
45 231 1
45 238 1
45 253 1
45 276 1
45 297 1
45 316 1
45 317 1
45 331 1
45 335 1
45 343 1
45 356 1
45 375 1
45 379 1
45 380 1
45 383 1
45 386 1
45 399 1
45 417 1
45 423 1
45 430 1
45 443 1
45 451 1
45 453 1
45 461 1
45 465 1
45 469 1
45 495 1
45 499 1
46 56 1
46 58 1
46 59 1
46 61 1
46 80 1
46 81 1
46 88 1
46 98 1
46 120 1
46 144 1
46 179 1
46 186 1
46 191 1
46 192 1
46 194 1
46 201 1
46 206 1
46 212 1
46 222 1
46 234 1
46 236 1
46 239 1
46 249 1
46 259 1
46 266 1
46 270 1
46 304 1
46 320 1
46 322 1
46 327 1
46 372 1
46 385 1
46 394 1
46 397 1
46 408 1
46 410 1
46 411 1
46 413 1
46 414 1
46 416 1
46 425 1
46 439 1
46 441 1
46 443 1
46 447 1
46 462 1
46 473 1
46 485 1
46 487 1
46 498 1
47 52 1
47 63 1
47 69 1
47 75 1
47 85 1
47 124 1
47 130 1
47 133 1
47 138 1
47 150 1
47 153 1
47 156 1
47 174 1
47 180 1
47 181 1
47 182 1
47 204 1
47 229 1
47 237 1
47 248 1
47 249 1
47 254 1
47 263 1
47 271 1
47 282 1
47 284 1
47 304 1
47 320 1
47 330 1
47 350 1
47 361 1
47 365 1
47 368 1
47 375 1
47 392 1
47 406 1
47 411 1
47 412 1
47 439 1
47 457 1
47 458 1
47 464 1
47 468 1
47 470 1
47 484 1
48 51 1
48 55 1
48 61 1
48 65 1
48 70 1
48 74 1
48 78 1
48 85 1
48 86 1
48 96 1
48 102 1
48 109 1
48 120 1
48 128 1
48 154 1
48 170 1
48 182 1
48 190 1
48 201 1
48 208 1
48 217 1
48 249 1
48 269 1
48 281 1
48 285 1
48 297 1
48 331 1
48 338 1
48 346 1
48 359 1
48 385 1
48 397 1
48 398 1
48 401 1
48 404 1
48 431 1
48 442 1
48 455 1
48 458 1
48 462 1
48 474 1
48 484 1
48 486 1
48 494 1
49 54 1
49 57 1
49 94 1
49 106 1
49 108 1
49 113 1
49 123 1
49 131 1
49 133 1
49 136 1
49 145 1
49 146 1
49 152 1
49 155 1
49 163 1
49 174 1
49 187 1
49 188 1
49 203 1
49 206 1
49 211 1
49 214 1
49 238 1
49 245 1
49 249 1
49 254 1
49 262 1
49 287 1
49 292 1
49 312 1
49 336 1
49 344 1
49 354 1
49 357 1
49 374 1
49 376 1
49 383 1
49 385 1
49 387 1
49 391 1
49 431 1
49 433 1
49 451 1
49 466 1
49 480 1
49 483 1
49 486 1
49 491 1
50 52 1
50 60 1
50 61 1
50 74 1
50 109 1
50 111 1
50 121 1
50 146 1
50 147 1
50 152 1
50 162 1
50 164 1
50 167 1
50 211 1
50 214 1
50 227 1
50 230 1
50 237 1
50 242 1
50 246 1
50 252 1
50 260 1
50 261 1
50 264 1
50 267 1
50 268 1
50 272 1
50 314 1
50 315 1
50 316 1
50 340 1
50 344 1
50 358 1
50 366 1
50 385 1
50 389 1
50 393 1
50 395 1
50 401 1
50 402 1
50 435 1
50 450 1
50 472 1
50 478 1
50 480 1
50 482 1
50 495 1
51 69 1
51 70 1
51 73 1
51 85 1
51 97 1
51 105 1
51 121 1
51 125 1
51 135 1
51 140 1
51 152 1
51 166 1
51 174 1
51 178 1
51 198 1
51 217 1
51 236 1
51 238 1
51 262 1
51 269 1
51 282 1
51 292 1
51 295 1
51 297 1
51 301 1
51 340 1
51 349 1
51 356 1
51 372 1
51 396 1
51 405 1
51 414 1
51 429 1
51 435 1
51 440 1
51 447 1
51 454 1
51 458 1
51 467 1
51 472 1
51 477 1
51 484 1
52 71 1
52 73 1
52 95 1
52 111 1
52 112 1
52 119 1
52 136 1
52 151 1
52 194 1
52 213 1
52 217 1
52 226 1
52 230 1
52 247 1
52 248 1
52 254 1
52 266 1
52 275 1
52 281 1
52 296 1
52 298 1
52 299 1
52 324 1
52 329 1
52 331 1
52 334 1
52 342 1
52 350 1
52 358 1
52 370 1
52 374 1
52 378 1
52 405 1
52 428 1
52 439 1
52 441 1
52 447 1
52 466 1
52 496 1
53 57 1
53 60 1
53 67 1
53 70 1
53 111 1
53 115 1
53 120 1
53 131 1
53 155 1
53 165 1
53 184 1
53 199 1
53 207 1
53 221 1
53 225 1
53 245 1
53 270 1
53 274 1
53 281 1
53 288 1
53 290 1
53 291 1
53 292 1
53 314 1
53 326 1
53 338 1
53 348 1
53 358 1
53 385 1
53 394 1
53 403 1
53 415 1
53 419 1
53 425 1
53 427 1
53 431 1
53 441 1
53 448 1
53 449 1
53 465 1
53 467 1
53 468 1
53 489 1
53 493 1
53 494 1
53 496 1
54 55 1
54 66 1
54 94 1
54 105 1
54 108 1
54 109 1
54 111 1
54 113 1
54 119 1
54 141 1
54 145 1
54 147 1
54 162 1
54 168 1
54 175 1
54 193 1
54 210 1
54 213 1
54 233 1
54 238 1
54 261 1
54 271 1
54 280 1
54 281 1
54 283 1
54 287 1
54 290 1
54 300 1
54 329 1
54 337 1
54 341 1
54 378 1
54 384 1
54 389 1
54 390 1
54 404 1
54 406 1
54 408 1
54 409 1
54 442 1
54 454 1
54 455 1
54 461 1
55 90 1
55 95 1
55 127 1
55 130 1
55 135 1
55 138 1
55 145 1
55 175 1
55 180 1
55 184 1
55 194 1
55 203 1
55 207 1
55 218 1
55 245 1
55 256 1
55 264 1
55 266 1
55 267 1
55 284 1
55 295 1
55 296 1
55 318 1
55 329 1
55 337 1
55 353 1
55 375 1
55 376 1
55 383 1
55 385 1
55 402 1
55 414 1
55 425 1
55 427 1
55 452 1
55 462 1
55 465 1
55 471 1
55 486 1
55 487 1
55 490 1
55 496 1
56 57 1
56 59 1
56 61 1
56 65 1
56 70 1
56 98 1
56 105 1
56 114 1
56 171 1
56 175 1
56 180 1
56 211 1
56 220 1
56 233 1
56 272 1
56 273 1
56 280 1
56 287 1
56 291 1
56 298 1
56 311 1
56 321 1
56 325 1
56 329 1
56 333 1
56 334 1
56 341 1
56 348 1
56 360 1
56 367 1
56 428 1
56 430 1
56 451 1
56 455 1
56 461 1
56 475 1
56 478 1
56 479 1
56 480 1
56 483 1
56 485 1
56 496 1
56 500 1
57 73 1
57 80 1
57 95 1
57 106 1
57 137 1
57 145 1
57 174 1
57 182 1
57 195 1
57 210 1
57 211 1
57 219 1
57 230 1
57 240 1
57 246 1
57 249 1
57 270 1
57 276 1
57 285 1
57 292 1
57 301 1
57 306 1
57 307 1
57 316 1
57 326 1
57 327 1
57 382 1
57 384 1
57 391 1
57 402 1
57 414 1
57 415 1
57 430 1
57 445 1
57 452 1
57 460 1
57 462 1
57 491 1
57 496 1
57 498 1
58 73 1
58 74 1
58 75 1
58 90 1
58 91 1
58 98 1
58 99 1
58 112 1
58 113 1
58 118 1
58 122 1
58 127 1
58 132 1
58 141 1
58 146 1
58 158 1
58 159 1
58 167 1
58 173 1
58 181 1
58 187 1
58 193 1
58 208 1
58 225 1
58 243 1
58 283 1
58 288 1
58 314 1
58 315 1
58 320 1
58 329 1
58 345 1
58 346 1
58 365 1
58 373 1
58 384 1
58 398 1
58 424 1
58 431 1
58 437 1
58 446 1
58 449 1
58 467 1
58 469 1
58 481 1
58 485 1
58 493 1
58 499 1
59 71 1
59 76 1
59 83 1
59 85 1
59 88 1
59 94 1
59 95 1
59 104 1
59 121 1
59 131 1
59 148 1
59 152 1
59 165 1
59 180 1
59 192 1
59 197 1
59 200 1
59 203 1
59 247 1
59 256 1
59 267 1
59 278 1
59 282 1
59 301 1
59 302 1
59 310 1
59 316 1
59 321 1
59 323 1
59 327 1
59 332 1
59 341 1
59 352 1
59 361 1
59 368 1
59 379 1
59 380 1
59 389 1
59 402 1
59 408 1
59 436 1
59 477 1
59 479 1
59 480 1
59 481 1
59 484 1
60 77 1
60 80 1
60 82 1
60 104 1
60 106 1
60 133 1
60 135 1
60 142 1
60 147 1
60 173 1
60 174 1
60 176 1
60 178 1
60 192 1
60 199 1
60 202 1
60 229 1
60 230 1
60 233 1
60 243 1
60 250 1
60 252 1
60 253 1
60 275 1
60 283 1
60 285 1
60 295 1
60 300 1
60 307 1
60 317 1
60 325 1
60 326 1
60 332 1
60 340 1
60 353 1
60 364 1
60 366 1
60 368 1
60 381 1
60 389 1
60 402 1
60 407 1
60 415 1
60 416 1
60 429 1
60 437 1
60 439 1
60 455 1
60 458 1
60 483 1
61 83 1
61 87 1
61 95 1
61 110 1
61 115 1
61 127 1
61 150 1
61 163 1
61 167 1
61 180 1
61 190 1
61 194 1
61 196 1
61 205 1
61 212 1
61 250 1
61 260 1
61 269 1
61 282 1
61 284 1
61 304 1
61 318 1
61 322 1
61 324 1
61 360 1
61 391 1
61 395 1
61 410 1
61 412 1
61 415 1
61 445 1
61 447 1
61 450 1
61 452 1
61 466 1
61 475 1
61 480 1
61 484 1
61 495 1
62 67 1
62 74 1
62 97 1
62 109 1
62 116 1
62 122 1
62 123 1
62 130 1
62 137 1
62 152 1
62 163 1
62 177 1
62 187 1
62 194 1
62 196 1
62 198 1
62 214 1
62 224 1
62 228 1
62 233 1
62 243 1
62 244 1
62 247 1
62 252 1
62 289 1
62 301 1
62 335 1
62 353 1
62 368 1
62 375 1
62 378 1
62 380 1
62 392 1
62 393 1
62 395 1
62 423 1
62 435 1
62 446 1
62 447 1
62 463 1
62 474 1
62 479 1
62 485 1
63 91 1
63 98 1
63 103 1
63 108 1
63 120 1
63 121 1
63 136 1
63 141 1
63 142 1
63 161 1
63 172 1
63 173 1
63 186 1
63 197 1
63 198 1
63 206 1
63 208 1
63 210 1
63 214 1
63 218 1
63 221 1
63 227 1
63 232 1
63 242 1
63 251 1
63 264 1
63 273 1
63 281 1
63 288 1
63 290 1
63 302 1
63 306 1
63 314 1
63 319 1
63 324 1
63 325 1
63 331 1
63 342 1
63 372 1
63 391 1
63 393 1
63 396 1
63 398 1
63 407 1
63 416 1
63 421 1
63 463 1
63 465 1
63 484 1
63 485 1
64 67 1
64 79 1
64 115 1
64 125 1
64 129 1
64 131 1
64 137 1
64 144 1
64 146 1
64 170 1
64 182 1
64 184 1
64 185 1
64 192 1
64 195 1
64 196 1
64 197 1
64 204 1
64 210 1
64 237 1
64 249 1
64 262 1
64 269 1
64 271 1
64 285 1
64 293 1
64 294 1
64 297 1
64 312 1
64 321 1
64 322 1
64 328 1
64 338 1
64 348 1
64 356 1
64 361 1
64 362 1
64 367 1
64 386 1
64 395 1
64 404 1
64 423 1
64 442 1
64 461 1
64 471 1
64 476 1
64 478 1
64 490 1
65 78 1
65 82 1
65 89 1
65 105 1
65 108 1
65 110 1
65 112 1
65 129 1
65 133 1
65 136 1
65 146 1
65 148 1
65 173 1
65 213 1
65 215 1
65 228 1
65 234 1
65 241 1
65 242 1
65 247 1
65 253 1
65 261 1
65 266 1
65 270 1
65 281 1
65 294 1
65 329 1
65 351 1
65 352 1
65 368 1
65 393 1
65 407 1
65 424 1
65 435 1
65 438 1
65 445 1
65 449 1
65 450 1
65 465 1
65 475 1
65 484 1
65 492 1
65 495 1
65 497 1
66 72 1
66 78 1
66 114 1
66 115 1
66 118 1
66 137 1
66 148 1
66 171 1
66 180 1
66 203 1
66 215 1
66 221 1
66 225 1
66 226 1
66 235 1
66 282 1
66 312 1
66 317 1
66 322 1
66 356 1
66 367 1
66 431 1
66 437 1
66 450 1
66 467 1
67 69 1
67 102 1
67 108 1
67 113 1
67 121 1
67 124 1
67 133 1
67 143 1
67 153 1
67 154 1
67 174 1
67 179 1
67 199 1
67 207 1
67 216 1
67 230 1
67 231 1
67 237 1
67 245 1
67 298 1
67 302 1
67 304 1
67 308 1
67 311 1
67 328 1
67 356 1
67 393 1
67 428 1
67 433 1
67 452 1
67 459 1
67 461 1
67 462 1
67 466 1
67 468 1
67 480 1
67 484 1
68 69 1
68 88 1
68 89 1
68 136 1
68 140 1
68 141 1
68 148 1
68 163 1
68 176 1
68 190 1
68 192 1
68 193 1
68 196 1
68 209 1
68 216 1
68 220 1
68 222 1
68 231 1
68 237 1
68 238 1
68 243 1
68 259 1
68 280 1
68 282 1
68 293 1
68 327 1
68 332 1
68 335 1
68 343 1
68 353 1
68 370 1
68 385 1
68 414 1
68 421 1
68 422 1
68 428 1
68 438 1
68 440 1
68 447 1
68 451 1
68 480 1
68 481 1
68 485 1
68 497 1
69 93 1
69 97 1
69 99 1
69 100 1
69 101 1
69 116 1
69 157 1
69 168 1
69 188 1
69 228 1
69 253 1
69 254 1
69 260 1
69 294 1
69 298 1
69 360 1
69 362 1
69 373 1
69 403 1
69 417 1
69 418 1
69 426 1
69 437 1
69 442 1
69 447 1
69 464 1
69 473 1
70 80 1
70 85 1
70 87 1
70 107 1
70 111 1
70 114 1
70 129 1
70 134 1
70 147 1
70 162 1
70 169 1
70 193 1
70 249 1
70 295 1
70 299 1
70 304 1
70 310 1
70 316 1
70 333 1
70 334 1
70 351 1
70 353 1
70 358 1
70 366 1
70 372 1
70 380 1
70 393 1
70 394 1
70 396 1
70 398 1
70 419 1
70 431 1
70 454 1
70 462 1
70 464 1
70 478 1
70 487 1
71 78 1
71 95 1
71 103 1
71 130 1
71 139 1
71 141 1
71 146 1
71 151 1
71 152 1
71 155 1
71 156 1
71 163 1
71 164 1
71 169 1
71 175 1
71 187 1
71 191 1
71 194 1
71 218 1
71 235 1
71 237 1
71 239 1
71 244 1
71 247 1
71 248 1
71 259 1
71 272 1
71 302 1
71 315 1
71 320 1
71 325 1
71 331 1
71 339 1
71 341 1
71 343 1
71 349 1
71 350 1
71 364 1
71 366 1
71 372 1
71 378 1
71 389 1
71 397 1
71 398 1
71 410 1
71 411 1
71 412 1
71 422 1
71 424 1
71 435 1
71 447 1
71 452 1
71 453 1
71 454 1
71 466 1
71 470 1
71 471 1
71 472 1
71 494 1
72 90 1
72 92 1
72 111 1
72 114 1
72 122 1
72 130 1
72 134 1
72 141 1
72 175 1
72 189 1
72 194 1
72 196 1
72 201 1
72 202 1
72 203 1
72 211 1
72 213 1
72 215 1
72 220 1
72 221 1
72 224 1
72 225 1
72 237 1
72 259 1
72 260 1
72 265 1
72 283 1
72 285 1
72 302 1
72 309 1
72 310 1
72 339 1
72 343 1
72 351 1
72 361 1
72 369 1
72 372 1
72 373 1
72 410 1
72 417 1
72 420 1
72 423 1
72 424 1
72 428 1
72 438 1
72 440 1
72 442 1
72 454 1
72 475 1
73 81 1
73 84 1
73 106 1
73 120 1
73 127 1
73 128 1
73 133 1
73 143 1
73 155 1
73 165 1
73 184 1
73 215 1
73 240 1
73 270 1
73 278 1
73 288 1
73 295 1
73 299 1
73 304 1
73 323 1
73 338 1
73 341 1
73 343 1
73 348 1
73 353 1
73 367 1
73 378 1
73 382 1
73 386 1
73 388 1
73 390 1
73 392 1
73 399 1
73 401 1
73 405 1
73 414 1
73 422 1
73 434 1
73 439 1
73 457 1
73 458 1
73 463 1
73 471 1
74 86 1
74 106 1
74 110 1
74 115 1
74 116 1
74 125 1
74 138 1
74 149 1
74 154 1
74 158 1
74 163 1
74 165 1
74 168 1
74 169 1
74 174 1
74 178 1
74 220 1
74 235 1
74 247 1
74 252 1
74 256 1
74 270 1
74 278 1
74 282 1
74 293 1
74 303 1
74 314 1
74 351 1
74 356 1
74 379 1
74 380 1
74 384 1
74 395 1
74 396 1
74 455 1
74 456 1
74 457 1
74 471 1
74 500 1
75 77 1
75 78 1
75 80 1
75 97 1
75 118 1
75 142 1
75 143 1
75 154 1
75 169 1
75 176 1
75 211 1
75 219 1
75 231 1
75 235 1
75 238 1
75 244 1
75 252 1
75 263 1
75 280 1
75 323 1
75 324 1
75 330 1
75 339 1
75 342 1
75 367 1
75 370 1
75 372 1
75 417 1
75 422 1
75 428 1
75 440 1
75 447 1
75 455 1
75 470 1
75 475 1
75 499 1
76 87 1
76 105 1
76 106 1
76 114 1
76 122 1
76 147 1
76 149 1
76 162 1
76 175 1
76 182 1
76 197 1
76 203 1
76 212 1
76 252 1
76 253 1
76 256 1
76 261 1
76 283 1
76 288 1
76 315 1
76 317 1
76 323 1
76 335 1
76 342 1
76 355 1
76 357 1
76 363 1
76 364 1
76 366 1
76 375 1
76 379 1
76 403 1
76 404 1
76 406 1
76 412 1
76 438 1
76 459 1
76 463 1
76 473 1
76 495 1
77 81 1
77 84 1
77 95 1
77 109 1
77 114 1
77 115 1
77 116 1
77 124 1
77 125 1
77 143 1
77 164 1
77 191 1
77 197 1
77 205 1
77 207 1
77 218 1
77 222 1
77 229 1
77 232 1
77 235 1
77 236 1
77 261 1
77 264 1
77 274 1
77 275 1
77 278 1
77 296 1
77 313 1
77 317 1
77 322 1
77 325 1
77 328 1
77 346 1
77 360 1
77 365 1
77 367 1
77 380 1
77 387 1
77 406 1
77 409 1
77 411 1
77 436 1
77 450 1
77 452 1
77 461 1
77 471 1
77 492 1
78 104 1
78 117 1
78 151 1
78 173 1
78 174 1
78 177 1
78 181 1
78 182 1
78 189 1
78 210 1
78 216 1
78 240 1
78 243 1
78 251 1
78 256 1
78 259 1
78 264 1
78 273 1
78 275 1
78 289 1
78 297 1
78 300 1
78 302 1
78 304 1
78 305 1
78 336 1
78 341 1
78 367 1
78 383 1
78 402 1
78 410 1
78 411 1
78 428 1
78 437 1
78 441 1
78 443 1
78 444 1
78 446 1
78 453 1
78 454 1
78 456 1
78 458 1
78 459 1
78 466 1
78 467 1
78 472 1
78 494 1
79 81 1
79 84 1
79 87 1
79 97 1
79 98 1
79 102 1
79 120 1
79 126 1
79 141 1
79 143 1
79 149 1
79 156 1
79 187 1
79 188 1
79 191 1
79 195 1
79 205 1
79 234 1
79 239 1
79 243 1
79 260 1
79 261 1
79 266 1
79 276 1
79 302 1
79 311 1
79 329 1
79 355 1
79 363 1
79 368 1
79 371 1
79 391 1
79 394 1
79 413 1
79 422 1
79 435 1
79 442 1
79 459 1
79 465 1
79 474 1
79 479 1
79 496 1
79 498 1
80 102 1
80 114 1
80 135 1
80 141 1
80 147 1
80 151 1
80 152 1
80 172 1
80 177 1
80 178 1
80 180 1
80 185 1
80 200 1
80 203 1
80 226 1
80 228 1
80 230 1
80 245 1
80 246 1
80 263 1
80 274 1
80 277 1
80 286 1
80 287 1
80 290 1
80 301 1
80 312 1
80 315 1
80 319 1
80 331 1
80 332 1
80 337 1
80 359 1
80 361 1
80 366 1
80 373 1
80 380 1
80 384 1
80 395 1
80 419 1
80 422 1
80 424 1
80 427 1
80 479 1
80 496 1
81 82 1
81 86 1
81 93 1
81 109 1
81 111 1
81 123 1
81 131 1
81 136 1
81 139 1
81 148 1
81 151 1
81 156 1
81 163 1
81 170 1
81 189 1
81 192 1
81 193 1
81 211 1
81 214 1
81 218 1
81 227 1
81 230 1
81 233 1
81 236 1
81 241 1
81 268 1
81 283 1
81 291 1
81 334 1
81 338 1
81 349 1
81 350 1
81 351 1
81 379 1
81 382 1
81 390 1
81 396 1
81 404 1
81 429 1
81 432 1
81 437 1
81 443 1
81 461 1
81 468 1
81 478 1
81 495 1
82 101 1
82 103 1
82 104 1
82 109 1
82 114 1
82 128 1
82 130 1
82 144 1
82 156 1
82 162 1
82 168 1
82 169 1
82 173 1
82 180 1
82 194 1
82 204 1
82 207 1
82 244 1
82 253 1
82 260 1
82 263 1
82 265 1
82 268 1
82 275 1
82 277 1
82 283 1
82 307 1
82 320 1
82 325 1
82 327 1
82 328 1
82 335 1
82 338 1
82 340 1
82 343 1
82 351 1
82 355 1
82 368 1
82 377 1
82 403 1
82 404 1
82 411 1
82 419 1
82 421 1
82 431 1
82 433 1
82 464 1
82 467 1
82 471 1
82 473 1
82 475 1
82 480 1
82 481 1
82 494 1
83 94 1
83 101 1
83 107 1
83 133 1
83 143 1
83 155 1
83 161 1
83 172 1
83 208 1
83 210 1
83 224 1
83 230 1
83 240 1
83 247 1
83 251 1
83 261 1
83 278 1
83 303 1
83 304 1
83 327 1
83 329 1
83 335 1
83 341 1
83 352 1
83 358 1
83 363 1
83 408 1
83 409 1
83 421 1
83 437 1
83 443 1
83 446 1
83 449 1
83 463 1
83 470 1
83 481 1
83 489 1
83 491 1
83 495 1
83 500 1
84 89 1
84 103 1
84 108 1
84 117 1
84 123 1
84 135 1
84 137 1
84 144 1
84 148 1
84 168 1
84 189 1
84 217 1
84 219 1
84 221 1
84 227 1
84 235 1
84 251 1
84 279 1
84 284 1
84 323 1
84 325 1
84 328 1
84 329 1
84 336 1
84 339 1
84 343 1
84 351 1
84 384 1
84 385 1
84 398 1
84 410 1
84 411 1
84 424 1
84 436 1
84 437 1
84 445 1
84 449 1
84 452 1
84 453 1
84 456 1
84 487 1
85 89 1
85 104 1
85 126 1
85 129 1
85 136 1
85 149 1
85 171 1
85 174 1
85 183 1
85 191 1
85 202 1
85 205 1
85 218 1
85 234 1
85 238 1
85 239 1
85 240 1
85 244 1
85 248 1
85 251 1
85 253 1
85 254 1
85 255 1
85 256 1
85 257 1
85 271 1
85 281 1
85 309 1
85 312 1
85 319 1
85 329 1
85 336 1
85 362 1
85 368 1
85 380 1
85 401 1
85 404 1
85 422 1
85 443 1
85 473 1
85 481 1
85 485 1
85 488 1
86 96 1
86 134 1
86 189 1
86 228 1
86 229 1
86 254 1
86 257 1
86 258 1
86 262 1
86 266 1
86 272 1
86 276 1
86 292 1
86 307 1
86 308 1
86 314 1
86 323 1
86 339 1
86 360 1
86 372 1
86 374 1
86 385 1
86 390 1
86 400 1
86 403 1
86 408 1
86 412 1
86 418 1
86 438 1
86 439 1
86 444 1
86 451 1
86 482 1
86 499 1
87 92 1
87 94 1
87 112 1
87 137 1
87 146 1
87 147 1
87 155 1
87 168 1
87 171 1
87 200 1
87 218 1
87 240 1
87 248 1
87 255 1
87 257 1
87 279 1
87 290 1
87 294 1
87 299 1
87 301 1
87 306 1
87 307 1
87 322 1
87 332 1
87 347 1
87 367 1
87 384 1
87 399 1
87 404 1
87 407 1
87 411 1
87 413 1
87 428 1
87 442 1
87 454 1
87 478 1
87 480 1
87 483 1
87 485 1
87 486 1
87 497 1
88 104 1
88 112 1
88 118 1
88 142 1
88 145 1
88 154 1
88 156 1
88 174 1
88 185 1
88 193 1
88 211 1
88 216 1
88 219 1
88 228 1
88 238 1
88 252 1
88 253 1
88 275 1
88 304 1
88 307 1
88 317 1
88 327 1
88 335 1
88 342 1
88 352 1
88 371 1
88 415 1
88 426 1
88 429 1
88 477 1
88 484 1
88 485 1
89 101 1
89 127 1
89 128 1
89 129 1
89 138 1
89 146 1
89 148 1
89 164 1
89 169 1
89 171 1
89 180 1
89 184 1
89 185 1
89 195 1
89 204 1
89 209 1
89 214 1
89 223 1
89 231 1
89 233 1
89 235 1
89 237 1
89 249 1
89 253 1
89 268 1
89 272 1
89 292 1
89 296 1
89 297 1
89 299 1
89 307 1
89 311 1
89 317 1
89 325 1
89 326 1
89 345 1
89 348 1
89 351 1
89 353 1
89 358 1
89 359 1
89 382 1
89 414 1
89 417 1
89 425 1
89 435 1
89 441 1
89 447 1
89 451 1
89 453 1
89 462 1
89 486 1
89 491 1
90 97 1
90 125 1
90 146 1
90 171 1
90 180 1
90 208 1
90 214 1
90 215 1
90 224 1
90 235 1
90 261 1
90 286 1
90 290 1
90 299 1
90 314 1
90 329 1
90 336 1
90 342 1
90 352 1
90 364 1
90 365 1
90 367 1
90 373 1
90 376 1
90 394 1
90 397 1
90 402 1
90 412 1
90 424 1
90 429 1
90 443 1
90 453 1
90 464 1
91 103 1
91 104 1
91 120 1
91 121 1
91 132 1
91 135 1
91 148 1
91 178 1
91 180 1
91 184 1
91 225 1
91 245 1
91 259 1
91 262 1
91 263 1
91 272 1
91 284 1
91 291 1
91 294 1
91 301 1
91 311 1
91 315 1
91 329 1
91 333 1
91 343 1
91 372 1
91 393 1
91 401 1
91 410 1
91 417 1
91 424 1
91 449 1
91 467 1
91 495 1
92 105 1
92 173 1
92 174 1
92 175 1
92 189 1
92 190 1
92 197 1
92 217 1
92 221 1
92 230 1
92 232 1
92 239 1
92 264 1
92 276 1
92 280 1
92 300 1
92 301 1
92 306 1
92 320 1
92 323 1
92 330 1
92 346 1
92 361 1
92 365 1
92 368 1
92 375 1
92 380 1
92 382 1
92 394 1
92 426 1
92 427 1
92 436 1
92 438 1
92 439 1
92 447 1
92 463 1
92 465 1
92 467 1
92 472 1
92 473 1
92 489 1
92 498 1
93 111 1
93 112 1
93 133 1
93 160 1
93 195 1
93 203 1
93 208 1
93 224 1
93 236 1
93 238 1
93 246 1
93 298 1
93 301 1
93 303 1
93 304 1
93 305 1
93 307 1
93 311 1
93 314 1
93 315 1
93 333 1
93 345 1
93 353 1
93 360 1
93 374 1
93 379 1
93 380 1
93 417 1
93 430 1
93 431 1
93 432 1
93 439 1
93 450 1
93 468 1
93 496 1
94 114 1
94 117 1
94 121 1
94 127 1
94 146 1
94 177 1
94 191 1
94 197 1
94 208 1
94 215 1
94 216 1
94 223 1
94 224 1
94 254 1
94 267 1
94 276 1
94 327 1
94 330 1
94 333 1
94 352 1
94 358 1
94 368 1
94 372 1
94 374 1
94 385 1
94 391 1
94 392 1
94 399 1
94 406 1
94 408 1
94 409 1
94 410 1
94 453 1
94 475 1
95 103 1
95 118 1
95 140 1
95 141 1
95 151 1
95 189 1
95 194 1
95 204 1
95 209 1
95 229 1
95 233 1
95 247 1
95 249 1
95 251 1
95 253 1
95 264 1
95 271 1
95 273 1
95 360 1
95 382 1
95 384 1
95 389 1
95 401 1
95 404 1
95 408 1
95 412 1
95 413 1
95 431 1
95 434 1
95 442 1
95 447 1
95 449 1
95 455 1
95 470 1
95 478 1
95 480 1
95 496 1
96 97 1
96 102 1
96 106 1
96 121 1
96 129 1
96 138 1
96 142 1
96 145 1
96 154 1
96 176 1
96 182 1
96 192 1
96 193 1
96 198 1
96 221 1
96 227 1
96 258 1
96 262 1
96 280 1
96 283 1
96 294 1
96 327 1
96 358 1
96 372 1
96 377 1
96 410 1
96 413 1
96 431 1
96 451 1
96 460 1
96 475 1
96 477 1
96 494 1
96 495 1
97 126 1
97 136 1
97 141 1
97 151 1
97 158 1
97 160 1
97 172 1
97 186 1
97 190 1
97 197 1
97 214 1
97 219 1
97 223 1
97 226 1
97 235 1
97 241 1
97 244 1
97 247 1
97 296 1
97 302 1
97 312 1
97 321 1
97 329 1
97 337 1
97 343 1
97 365 1
97 372 1
97 373 1
97 374 1
97 395 1
97 414 1
97 440 1
97 444 1
97 451 1
97 478 1
98 107 1
98 156 1
98 157 1
98 158 1
98 174 1
98 177 1
98 183 1
98 184 1
98 193 1
98 205 1
98 212 1
98 213 1
98 229 1
98 243 1
98 249 1
98 251 1
98 271 1
98 276 1
98 281 1
98 288 1
98 306 1
98 313 1
98 338 1
98 344 1
98 349 1
98 352 1
98 353 1
98 388 1
98 410 1
98 413 1
98 425 1
98 429 1
98 435 1
98 437 1
98 438 1
98 452 1
98 469 1
98 470 1
98 475 1
98 477 1
98 482 1
98 490 1
98 498 1
99 111 1
99 119 1
99 127 1
99 137 1
99 161 1
99 178 1
99 223 1
99 227 1
99 232 1
99 252 1
99 256 1
99 262 1
99 281 1
99 289 1
99 291 1
99 292 1
99 294 1
99 305 1
99 321 1
99 328 1
99 329 1
99 342 1
99 375 1
99 380 1
99 387 1
99 390 1
99 396 1
99 417 1
99 420 1
99 431 1
99 461 1
99 464 1
99 466 1
99 484 1
100 110 1
100 126 1
100 129 1
100 136 1
100 140 1
100 148 1
100 156 1
100 160 1
100 172 1
100 176 1
100 194 1
100 195 1
100 217 1
100 230 1
100 276 1
100 284 1
100 308 1
100 317 1
100 323 1
100 325 1
100 329 1
100 338 1
100 363 1
100 375 1
100 392 1
100 416 1
100 418 1
100 428 1
100 436 1
100 443 1
100 452 1
100 473 1
100 488 1
101 105 1
101 111 1
101 129 1
101 132 1
101 145 1
101 182 1
101 185 1
101 204 1
101 207 1
101 214 1
101 220 1
101 232 1
101 239 1
101 242 1
101 268 1
101 277 1
101 290 1
101 309 1
101 318 1
101 348 1
101 359 1
101 364 1
101 365 1
101 381 1
101 383 1
101 401 1
101 411 1
101 427 1
101 428 1
101 437 1
101 452 1
101 456 1
101 458 1
101 460 1
101 465 1
101 475 1
101 482 1
101 489 1
102 113 1
102 114 1
102 116 1
102 122 1
102 125 1
102 142 1
102 150 1
102 164 1
102 165 1
102 190 1
102 195 1
102 196 1
102 201 1
102 208 1
102 214 1
102 216 1
102 217 1
102 218 1
102 219 1
102 228 1
102 230 1
102 238 1
102 251 1
102 255 1
102 259 1
102 263 1
102 278 1
102 284 1
102 288 1
102 291 1
102 316 1
102 320 1
102 323 1
102 327 1
102 348 1
102 354 1
102 355 1
102 359 1
102 360 1
102 380 1
102 383 1
102 395 1
102 407 1
102 411 1
102 412 1
102 417 1
102 444 1
102 471 1
102 472 1
102 483 1
102 485 1
103 117 1
103 121 1
103 137 1
103 149 1
103 165 1
103 168 1
103 170 1
103 176 1
103 211 1
103 242 1
103 260 1
103 263 1
103 282 1
103 290 1
103 293 1
103 296 1
103 298 1
103 299 1
103 333 1
103 335 1
103 337 1
103 345 1
103 379 1
103 390 1
103 395 1
103 399 1
103 413 1
103 414 1
103 416 1
103 423 1
103 427 1
103 429 1
103 446 1
103 454 1
103 456 1
103 472 1
103 482 1
103 485 1
103 493 1
103 500 1
104 109 1
104 116 1
104 141 1
104 154 1
104 175 1
104 176 1
104 181 1
104 193 1
104 198 1
104 211 1
104 223 1
104 234 1
104 246 1
104 252 1
104 263 1
104 276 1
104 286 1
104 291 1
104 299 1
104 308 1
104 314 1
104 322 1
104 330 1
104 340 1
104 348 1
104 352 1
104 358 1
104 362 1
104 384 1
104 400 1
104 417 1
104 424 1
104 434 1
104 435 1
104 445 1
104 447 1
104 450 1
104 452 1
104 460 1
104 462 1
104 473 1
104 489 1
104 495 1
105 113 1
105 121 1
105 155 1
105 187 1
105 189 1
105 191 1
105 207 1
105 239 1
105 244 1
105 267 1
105 299 1
105 327 1
105 336 1
105 338 1
105 347 1
105 354 1
105 363 1
105 368 1
105 382 1
105 383 1
105 391 1
105 415 1
105 416 1
105 449 1
105 470 1
106 109 1
106 115 1
106 129 1
106 130 1
106 135 1
106 148 1
106 158 1
106 162 1
106 189 1
106 198 1
106 201 1
106 213 1
106 216 1
106 223 1
106 231 1
106 248 1
106 261 1
106 263 1
106 272 1
106 279 1
106 287 1
106 289 1
106 299 1
106 306 1
106 315 1
106 319 1
106 320 1
106 333 1
106 335 1
106 343 1
106 376 1
106 382 1
106 385 1
106 411 1
106 412 1
106 413 1
106 421 1
106 429 1
106 441 1
106 465 1
106 480 1
106 489 1
106 492 1
106 499 1
107 130 1
107 153 1
107 186 1
107 191 1
107 224 1
107 245 1
107 301 1
107 304 1
107 307 1
107 341 1
107 366 1
107 370 1
107 371 1
107 376 1
107 382 1
107 391 1
107 393 1
107 400 1
107 401 1
107 412 1
107 437 1
107 455 1
107 458 1
107 464 1
107 467 1
107 471 1
107 477 1
107 493 1
107 497 1
108 122 1
108 125 1
108 126 1
108 150 1
108 151 1
108 167 1
108 171 1
108 183 1
108 196 1
108 225 1
108 248 1
108 265 1
108 269 1
108 278 1
108 302 1
108 309 1
108 328 1
108 330 1
108 336 1
108 349 1
108 382 1
108 399 1
108 413 1
108 418 1
108 419 1
108 422 1
108 447 1
108 451 1
108 453 1
108 454 1
108 466 1
108 475 1
108 478 1
108 479 1
109 110 1
109 113 1
109 120 1
109 157 1
109 169 1
109 171 1
109 231 1
109 235 1
109 236 1
109 237 1
109 250 1
109 256 1
109 274 1
109 275 1
109 294 1
109 308 1
109 330 1
109 346 1
109 355 1
109 362 1
109 365 1
109 370 1
109 371 1
109 375 1
109 376 1
109 386 1
109 394 1
109 400 1
109 406 1
109 411 1
109 417 1
109 436 1
109 461 1
109 462 1
109 476 1
109 480 1
109 484 1
109 489 1
109 494 1
110 127 1
110 145 1
110 168 1
110 180 1
110 183 1
110 195 1
110 206 1
110 207 1
110 209 1
110 210 1
110 223 1
110 236 1
110 238 1
110 242 1
110 246 1
110 255 1
110 259 1
110 273 1
110 279 1
110 283 1
110 284 1
110 285 1
110 288 1
110 292 1
110 294 1
110 300 1
110 302 1
110 306 1
110 310 1
110 326 1
110 331 1
110 334 1
110 346 1
110 365 1
110 367 1
110 372 1
110 382 1
110 396 1
110 403 1
110 408 1
110 412 1
110 415 1
110 432 1
110 438 1
110 441 1
110 443 1
110 445 1
110 449 1
110 464 1
110 467 1
110 469 1
110 472 1
110 473 1
110 487 1
111 113 1
111 116 1
111 131 1
111 134 1
111 167 1
111 189 1
111 208 1
111 214 1
111 215 1
111 216 1
111 217 1
111 224 1
111 230 1
111 236 1
111 256 1
111 260 1
111 270 1
111 277 1
111 289 1
111 302 1
111 308 1
111 313 1
111 329 1
111 339 1
111 344 1
111 376 1
111 383 1
111 384 1
111 409 1
111 411 1
111 422 1
111 430 1
111 431 1
111 435 1
111 445 1
111 446 1
111 452 1
111 463 1
111 471 1
111 472 1
111 475 1
111 484 1
112 161 1
112 177 1
112 178 1
112 196 1
112 215 1
112 236 1
112 243 1
112 262 1
112 263 1
112 268 1
112 275 1
112 281 1
112 289 1
112 302 1
112 320 1
112 321 1
112 338 1
112 346 1
112 359 1
112 362 1
112 369 1
112 386 1
112 390 1
112 432 1
112 443 1
112 446 1
112 448 1
112 449 1
112 458 1
112 492 1
113 124 1
113 130 1
113 145 1
113 146 1
113 147 1
113 148 1
113 152 1
113 154 1
113 157 1
113 181 1
113 193 1
113 196 1
113 216 1
113 219 1
113 224 1
113 230 1
113 235 1
113 250 1
113 274 1
113 284 1
113 288 1
113 291 1
113 316 1
113 321 1
113 337 1
113 347 1
113 348 1
113 361 1
113 368 1
113 414 1
113 440 1
113 446 1
113 456 1
113 475 1
113 477 1
114 133 1
114 135 1
114 144 1
114 148 1
114 156 1
114 157 1
114 158 1
114 167 1
114 170 1
114 186 1
114 205 1
114 215 1
114 249 1
114 253 1
114 263 1
114 277 1
114 280 1
114 293 1
114 294 1
114 310 1
114 314 1
114 315 1
114 320 1
114 329 1
114 335 1
114 336 1
114 348 1
114 359 1
114 367 1
114 376 1
114 388 1
114 393 1
114 412 1
114 417 1
114 434 1
114 436 1
114 445 1
114 469 1
114 475 1
114 490 1
114 494 1
114 495 1
114 497 1
115 121 1
115 130 1
115 132 1
115 138 1
115 144 1
115 145 1
115 149 1
115 153 1
115 160 1
115 165 1
115 175 1
115 186 1
115 187 1
115 190 1
115 204 1
115 224 1
115 228 1
115 235 1
115 294 1
115 299 1
115 305 1
115 317 1
115 321 1
115 331 1
115 333 1
115 365 1
115 367 1
115 390 1
115 398 1
115 400 1
115 405 1
115 410 1
115 413 1
115 415 1
115 438 1
115 442 1
115 463 1
115 499 1
116 149 1
116 157 1
116 159 1
116 200 1
116 203 1
116 204 1
116 215 1
116 221 1
116 223 1
116 241 1
116 247 1
116 248 1
116 255 1
116 269 1
116 278 1
116 285 1
116 291 1
116 310 1
116 311 1
116 329 1
116 331 1
116 381 1
116 388 1
116 389 1
116 390 1
116 396 1
116 410 1
116 411 1
116 420 1
116 426 1
116 428 1
116 430 1
116 447 1
116 459 1
116 469 1
116 473 1
116 478 1
116 488 1
116 490 1
116 494 1
117 123 1
117 128 1
117 154 1
117 172 1
117 179 1
117 196 1
117 237 1
117 242 1
117 253 1
117 272 1
117 276 1
117 288 1
117 293 1
117 317 1
117 325 1
117 328 1
117 354 1
117 359 1
117 378 1
117 379 1
117 390 1
117 394 1
117 409 1
117 410 1
117 412 1
117 421 1
117 431 1
117 437 1
117 459 1
117 485 1
117 488 1
118 123 1
118 127 1
118 157 1
118 168 1
118 185 1
118 222 1
118 223 1
118 234 1
118 239 1
118 271 1
118 276 1
118 279 1
118 301 1
118 302 1
118 336 1
118 346 1
118 362 1
118 365 1
118 366 1
118 372 1
118 373 1
118 382 1
118 395 1
118 408 1
118 415 1
118 423 1
118 430 1
118 437 1
118 441 1
118 446 1
118 447 1
118 448 1
118 449 1
118 469 1
118 477 1
118 495 1
118 499 1
119 139 1
119 162 1
119 171 1
119 173 1
119 180 1
119 183 1
119 207 1
119 220 1
119 224 1
119 247 1
119 263 1
119 278 1
119 281 1
119 297 1
119 302 1
119 310 1
119 322 1
119 341 1
119 347 1
119 348 1
119 376 1
119 390 1
119 398 1
119 401 1
119 425 1
119 434 1
119 437 1
119 472 1
119 482 1
119 488 1
119 499 1
120 160 1
120 174 1
120 195 1
120 204 1
120 212 1
120 226 1
120 227 1
120 235 1
120 238 1
120 282 1
120 290 1
120 295 1
120 300 1
120 320 1
120 326 1
120 327 1
120 332 1
120 334 1
120 349 1
120 351 1
120 367 1
120 377 1
120 384 1
120 399 1
120 419 1
120 422 1
120 431 1
120 447 1
120 449 1
120 461 1
120 463 1
120 471 1
120 474 1
120 480 1
120 487 1
121 137 1
121 145 1
121 153 1
121 154 1
121 170 1
121 171 1
121 177 1
121 183 1
121 193 1
121 213 1
121 227 1
121 231 1
121 236 1
121 241 1
121 258 1
121 259 1
121 270 1
121 273 1
121 276 1
121 278 1
121 295 1
121 302 1
121 305 1
121 306 1
121 318 1
121 330 1
121 351 1
121 360 1
121 361 1
121 367 1
121 370 1
121 374 1
121 375 1
121 378 1
121 381 1
121 384 1
121 385 1
121 387 1
121 390 1
121 402 1
121 435 1
121 446 1
121 449 1
121 474 1
121 496 1
121 497 1
122 136 1
122 139 1
122 143 1
122 148 1
122 159 1
122 176 1
122 189 1
122 194 1
122 196 1
122 209 1
122 218 1
122 251 1
122 256 1
122 264 1
122 269 1
122 290 1
122 293 1
122 313 1
122 316 1
122 328 1
122 331 1
122 336 1
122 337 1
122 341 1
122 343 1
122 349 1
122 352 1
122 360 1
122 365 1
122 376 1
122 377 1
122 380 1
122 385 1
122 388 1
122 393 1
122 396 1
122 400 1
122 411 1
122 414 1
122 421 1
122 447 1
122 465 1
122 467 1
122 471 1
122 484 1
122 486 1
122 491 1
122 494 1
123 124 1
123 144 1
123 154 1
123 163 1
123 170 1
123 172 1
123 176 1
123 177 1
123 184 1
123 189 1
123 191 1
123 204 1
123 211 1
123 222 1
123 224 1
123 226 1
123 232 1
123 242 1
123 243 1
123 248 1
123 249 1
123 253 1
123 272 1
123 274 1
123 287 1
123 290 1
123 305 1
123 308 1
123 322 1
123 325 1
123 333 1
123 339 1
123 346 1
123 347 1
123 350 1
123 364 1
123 370 1
123 380 1
123 391 1
123 407 1
123 410 1
123 412 1
123 414 1
123 415 1
123 424 1
123 444 1
123 447 1
123 448 1
123 481 1
123 489 1
124 130 1
124 136 1
124 157 1
124 163 1
124 212 1
124 216 1
124 242 1
124 244 1
124 256 1
124 271 1
124 280 1
124 288 1
124 292 1
124 312 1
124 333 1
124 338 1
124 351 1
124 356 1
124 357 1
124 384 1
124 387 1
124 393 1
124 401 1
124 404 1
124 405 1
124 412 1
124 423 1
124 425 1
124 427 1
124 441 1
124 444 1
124 459 1
124 471 1
124 481 1
124 493 1
124 497 1
125 143 1
125 144 1
125 151 1
125 164 1
125 169 1
125 171 1
125 172 1
125 194 1
125 198 1
125 204 1
125 209 1
125 214 1
125 221 1
125 225 1
125 230 1
125 231 1
125 236 1
125 237 1
125 261 1
125 267 1
125 269 1
125 274 1
125 276 1
125 280 1
125 288 1
125 289 1
125 290 1
125 305 1
125 318 1
125 336 1
125 337 1
125 345 1
125 374 1
125 378 1
125 380 1
125 394 1
125 412 1
125 413 1
125 415 1
125 422 1
125 429 1
125 433 1
125 434 1
125 437 1
125 442 1
125 458 1
125 460 1
125 473 1
125 481 1
125 490 1
126 138 1
126 150 1
126 163 1
126 174 1
126 212 1
126 214 1
126 225 1
126 231 1
126 299 1
126 318 1
126 327 1
126 329 1
126 330 1
126 334 1
126 340 1
126 342 1
126 345 1
126 363 1
126 373 1
126 391 1
126 409 1
126 434 1
126 447 1
126 454 1
126 456 1
126 468 1
126 470 1
126 471 1
126 495 1
126 497 1
127 129 1
127 144 1
127 165 1
127 173 1
127 177 1
127 185 1
127 200 1
127 203 1
127 233 1
127 243 1
127 249 1
127 263 1
127 282 1
127 285 1
127 286 1
127 287 1
127 289 1
127 290 1
127 304 1
127 316 1
127 324 1
127 326 1
127 348 1
127 353 1
127 361 1
127 362 1
127 394 1
127 405 1
127 418 1
127 428 1
127 430 1
127 437 1
127 451 1
127 454 1
127 460 1
127 464 1
127 467 1
127 475 1
127 491 1
127 495 1
128 129 1
128 155 1
128 168 1
128 175 1
128 199 1
128 223 1
128 233 1
128 243 1
128 249 1
128 267 1
128 286 1
128 296 1
128 312 1
128 314 1
128 344 1
128 353 1
128 372 1
128 382 1
128 384 1
128 388 1
128 389 1
128 395 1
128 422 1
128 437 1
128 442 1
128 444 1
128 451 1
128 452 1
128 462 1
128 466 1
128 477 1
128 497 1
129 143 1
129 156 1
129 161 1
129 172 1
129 176 1
129 182 1
129 195 1
129 213 1
129 225 1
129 239 1
129 245 1
129 248 1
129 249 1
129 269 1
129 280 1
129 281 1
129 295 1
129 309 1
129 320 1
129 329 1
129 334 1
129 347 1
129 349 1
129 351 1
129 364 1
129 366 1
129 373 1
129 388 1
129 391 1
129 393 1
129 396 1
129 411 1
129 423 1
129 428 1
129 433 1
129 456 1
129 457 1
129 462 1
129 466 1
129 474 1
129 488 1
129 497 1
130 135 1
130 148 1
130 177 1
130 196 1
130 200 1
130 210 1
130 214 1
130 234 1
130 243 1
130 244 1
130 246 1
130 248 1
130 260 1
130 277 1
130 283 1
130 295 1
130 301 1
130 339 1
130 341 1
130 347 1
130 356 1
130 360 1
130 364 1
130 370 1
130 375 1
130 376 1
130 377 1
130 379 1
130 383 1
130 386 1
130 412 1
130 420 1
130 424 1
130 427 1
130 428 1
130 429 1
130 451 1
130 453 1
130 458 1
130 463 1
130 465 1
130 482 1
130 486 1
130 488 1
130 497 1
131 137 1
131 142 1
131 143 1
131 159 1
131 170 1
131 183 1
131 190 1
131 192 1
131 199 1
131 200 1
131 218 1
131 226 1
131 235 1
131 249 1
131 273 1
131 275 1
131 288 1
131 294 1
131 300 1
131 308 1
131 313 1
131 320 1
131 332 1
131 357 1
131 365 1
131 370 1
131 374 1
131 389 1
131 404 1
131 413 1
131 420 1
131 427 1
131 439 1
131 457 1
131 469 1
131 470 1
131 473 1
131 475 1
131 500 1
132 134 1
132 135 1
132 151 1
132 161 1
132 163 1
132 169 1
132 181 1
132 187 1
132 192 1
132 193 1
132 205 1
132 271 1
132 281 1
132 287 1
132 293 1
132 316 1
132 331 1
132 352 1
132 355 1
132 362 1
132 371 1
132 377 1
132 378 1
132 382 1
132 401 1
132 412 1
132 414 1
132 428 1
132 430 1
132 446 1
132 458 1
132 459 1
132 464 1
132 477 1
132 483 1
132 486 1
133 139 1
133 142 1
133 166 1
133 176 1
133 183 1
133 187 1
133 189 1
133 203 1
133 209 1
133 211 1
133 218 1
133 219 1
133 226 1
133 230 1
133 235 1
133 236 1
133 237 1
133 255 1
133 269 1
133 271 1
133 291 1
133 297 1
133 298 1
133 323 1
133 332 1
133 339 1
133 387 1
133 390 1
133 395 1
133 427 1
133 433 1
133 441 1
133 453 1
133 460 1
133 472 1
133 486 1
133 489 1
134 136 1
134 151 1
134 165 1
134 166 1
134 172 1
134 173 1
134 197 1
134 227 1
134 231 1
134 247 1
134 254 1
134 265 1
134 271 1
134 276 1
134 283 1
134 287 1
134 288 1
134 290 1
134 300 1
134 308 1
134 312 1
134 319 1
134 337 1
134 368 1
134 379 1
134 380 1
134 393 1
134 409 1
134 418 1
134 443 1
134 447 1
134 450 1
134 485 1
135 136 1
135 137 1
135 147 1
135 153 1
135 159 1
135 161 1
135 168 1
135 177 1
135 187 1
135 207 1
135 213 1
135 252 1
135 275 1
135 283 1
135 298 1
135 300 1
135 301 1
135 315 1
135 316 1
135 319 1
135 330 1
135 337 1
135 342 1
135 354 1
135 369 1
135 385 1
135 397 1
135 407 1
135 420 1
135 434 1
135 441 1
135 444 1
135 454 1
135 464 1
135 471 1
135 472 1
135 481 1
135 492 1
135 497 1
135 498 1
135 500 1
136 138 1
136 166 1
136 171 1
136 173 1
136 174 1
136 179 1
136 182 1
136 204 1
136 209 1
136 212 1
136 234 1
136 259 1
136 260 1
136 296 1
136 298 1
136 305 1
136 320 1
136 323 1
136 332 1
136 340 1
136 349 1
136 371 1
136 374 1
136 377 1
136 405 1
136 434 1
136 442 1
136 447 1
136 459 1
136 488 1
136 497 1
137 146 1
137 155 1
137 164 1
137 166 1
137 177 1
137 193 1
137 201 1
137 209 1
137 214 1
137 215 1
137 221 1
137 230 1
137 237 1
137 249 1
137 260 1
137 289 1
137 302 1
137 303 1
137 305 1
137 311 1
137 318 1
137 344 1
137 348 1
137 349 1
137 380 1
137 383 1
137 392 1
137 398 1
137 406 1
137 434 1
137 444 1
137 453 1
137 454 1
137 456 1
137 466 1
137 492 1
137 496 1
138 148 1
138 149 1
138 154 1
138 155 1
138 164 1
138 173 1
138 179 1
138 186 1
138 193 1
138 197 1
138 220 1
138 235 1
138 239 1
138 244 1
138 245 1
138 252 1
138 263 1
138 265 1
138 269 1
138 284 1
138 296 1
138 299 1
138 302 1
138 306 1
138 324 1
138 337 1
138 338 1
138 341 1
138 349 1
138 359 1
138 360 1
138 367 1
138 380 1
138 387 1
138 396 1
138 405 1
138 407 1
138 422 1
138 435 1
138 436 1
138 455 1
138 466 1
138 480 1
138 483 1
139 147 1
139 152 1
139 164 1
139 168 1
139 187 1
139 192 1
139 205 1
139 232 1
139 248 1
139 253 1
139 254 1
139 256 1
139 257 1
139 262 1
139 264 1
139 268 1
139 280 1
139 297 1
139 301 1
139 313 1
139 314 1
139 316 1
139 325 1
139 326 1
139 335 1
139 341 1
139 343 1
139 367 1
139 394 1
139 398 1
139 410 1
139 411 1
139 412 1
139 433 1
139 443 1
139 448 1
139 451 1
139 456 1
139 465 1
139 492 1
140 145 1
140 154 1
140 159 1
140 163 1
140 171 1
140 192 1
140 193 1
140 201 1
140 207 1
140 211 1
140 241 1
140 245 1
140 254 1
140 262 1
140 280 1
140 299 1
140 327 1
140 329 1
140 331 1
140 355 1
140 364 1
140 365 1
140 373 1
140 388 1
140 413 1
140 419 1
140 423 1
140 438 1
140 444 1
140 455 1
140 457 1
140 459 1
140 491 1
140 498 1
141 147 1
141 162 1
141 167 1
141 172 1
141 178 1
141 185 1
141 193 1
141 230 1
141 241 1
141 250 1
141 252 1
141 255 1
141 262 1
141 273 1
141 281 1
141 288 1
141 296 1
141 311 1
141 320 1
141 323 1
141 336 1
141 340 1
141 364 1
141 375 1
141 385 1
141 386 1
141 406 1
141 424 1
141 446 1
141 447 1
141 469 1
141 485 1
141 488 1
141 491 1
141 496 1
141 500 1
142 152 1
142 153 1
142 163 1
142 165 1
142 179 1
142 182 1
142 186 1
142 196 1
142 197 1
142 209 1
142 211 1
142 225 1
142 230 1
142 258 1
142 265 1
142 280 1
142 296 1
142 302 1
142 307 1
142 315 1
142 322 1
142 326 1
142 333 1
142 340 1
142 351 1
142 365 1
142 381 1
142 392 1
142 398 1
142 406 1
142 424 1
142 442 1
142 475 1
142 478 1
142 482 1
142 489 1
143 156 1
143 168 1
143 176 1
143 182 1
143 183 1
143 186 1
143 192 1
143 241 1
143 258 1
143 266 1
143 290 1
143 303 1
143 305 1
143 312 1
143 316 1
143 344 1
143 351 1
143 352 1
143 361 1
143 372 1
143 378 1
143 391 1
143 392 1
143 400 1
143 402 1
143 405 1
143 418 1
143 427 1
143 428 1
143 431 1
143 438 1
143 442 1
143 450 1
143 454 1
143 460 1
143 468 1
143 470 1
143 474 1
143 481 1
143 485 1
143 489 1
143 492 1
143 496 1
144 188 1
144 192 1
144 195 1
144 197 1
144 216 1
144 219 1
144 235 1
144 238 1
144 278 1
144 281 1
144 286 1
144 295 1
144 310 1
144 312 1
144 353 1
144 363 1
144 368 1
144 385 1
144 394 1
144 403 1
144 415 1
144 421 1
144 445 1
144 448 1
144 457 1
144 460 1
144 464 1
144 471 1
144 478 1
144 490 1
145 160 1
145 166 1
145 167 1
145 168 1
145 171 1
145 175 1
145 185 1
145 188 1
145 191 1
145 193 1
145 202 1
145 213 1
145 214 1
145 219 1
145 222 1
145 238 1
145 240 1
145 242 1
145 243 1
145 250 1
145 251 1
145 259 1
145 264 1
145 269 1
145 278 1
145 289 1
145 291 1
145 293 1
145 325 1
145 326 1
145 335 1
145 338 1
145 348 1
145 356 1
145 361 1
145 362 1
145 365 1
145 370 1
145 378 1
145 395 1
145 397 1
145 402 1
145 408 1
145 415 1
145 426 1
145 429 1
145 447 1
145 456 1
145 464 1
145 495 1
146 158 1
146 163 1
146 166 1
146 167 1
146 175 1
146 180 1
146 185 1
146 188 1
146 194 1
146 195 1
146 208 1
146 209 1
146 214 1
146 221 1
146 255 1
146 256 1
146 266 1
146 269 1
146 270 1
146 271 1
146 273 1
146 274 1
146 284 1
146 296 1
146 300 1
146 309 1
146 314 1
146 320 1
146 327 1
146 334 1
146 368 1
146 388 1
146 401 1
146 416 1
146 438 1
146 449 1
146 458 1
146 460 1
146 461 1
146 476 1
146 482 1
146 490 1
146 491 1
146 492 1
147 151 1
147 181 1
147 198 1
147 203 1
147 226 1
147 227 1
147 234 1
147 245 1
147 250 1
147 279 1
147 287 1
147 296 1
147 299 1
147 313 1
147 317 1
147 318 1
147 319 1
147 325 1
147 328 1
147 331 1
147 339 1
147 342 1
147 346 1
147 360 1
147 361 1
147 375 1
147 383 1
147 390 1
147 393 1
147 395 1
147 428 1
147 432 1
147 433 1
147 445 1
147 451 1
147 457 1
147 465 1
147 468 1
147 483 1
148 152 1
148 174 1
148 176 1
148 182 1
148 199 1
148 212 1
148 214 1
148 260 1
148 265 1
148 273 1
148 277 1
148 286 1
148 292 1
148 296 1
148 298 1
148 300 1
148 311 1
148 320 1
148 324 1
148 347 1
148 357 1
148 366 1
148 368 1
148 380 1
148 382 1
148 400 1
148 404 1
148 411 1
148 428 1
148 433 1
148 437 1
148 467 1
148 471 1
148 479 1
148 483 1
148 486 1
148 493 1
148 495 1
149 152 1
149 155 1
149 170 1
149 179 1
149 188 1
149 222 1
149 224 1
149 245 1
149 258 1
149 271 1
149 280 1
149 282 1
149 285 1
149 291 1
149 314 1
149 321 1
149 324 1
149 327 1
149 337 1
149 338 1
149 341 1
149 349 1
149 355 1
149 356 1
149 358 1
149 388 1
149 392 1
149 432 1
149 433 1
149 442 1
149 460 1
149 462 1
149 464 1
149 474 1
149 490 1
149 496 1
150 162 1
150 166 1
150 173 1
150 199 1
150 237 1
150 246 1
150 249 1
150 254 1
150 270 1
150 285 1
150 290 1
150 321 1
150 336 1
150 339 1
150 369 1
150 370 1
150 376 1
150 377 1
150 381 1
150 401 1
150 408 1
150 421 1
150 424 1
150 431 1
150 453 1
150 468 1
150 475 1
150 489 1
150 493 1
150 500 1
151 169 1
151 180 1
151 193 1
151 238 1
151 243 1
151 279 1
151 285 1
151 288 1
151 289 1
151 290 1
151 296 1
151 308 1
151 312 1
151 317 1
151 343 1
151 345 1
151 371 1
151 390 1
151 399 1
151 405 1
151 407 1
151 409 1
151 414 1
151 431 1
151 437 1
151 439 1
151 441 1
151 460 1
151 465 1
151 468 1
151 469 1
151 474 1
151 478 1
151 500 1
152 159 1
152 166 1
152 169 1
152 178 1
152 185 1
152 211 1
152 234 1
152 257 1
152 268 1
152 269 1
152 272 1
152 287 1
152 300 1
152 302 1
152 303 1
152 308 1
152 309 1
152 321 1
152 322 1
152 330 1
152 373 1
152 379 1
152 380 1
152 387 1
152 390 1
152 393 1
152 408 1
152 409 1
152 410 1
152 412 1
152 428 1
152 434 1
152 445 1
152 446 1
152 451 1
152 452 1
152 457 1
152 460 1
152 465 1
152 482 1
152 486 1
152 487 1
152 488 1
153 161 1
153 167 1
153 168 1
153 177 1
153 184 1
153 204 1
153 216 1
153 219 1
153 254 1
153 259 1
153 261 1
153 263 1
153 272 1
153 277 1
153 279 1
153 289 1
153 297 1
153 305 1
153 328 1
153 337 1
153 350 1
153 357 1
153 358 1
153 359 1
153 362 1
153 372 1
153 381 1
153 389 1
153 397 1
153 428 1
153 429 1
153 437 1
153 445 1
153 447 1
153 456 1
153 477 1
153 480 1
153 488 1
154 196 1
154 225 1
154 227 1
154 236 1
154 242 1
154 271 1
154 274 1
154 291 1
154 293 1
154 297 1
154 303 1
154 332 1
154 349 1
154 361 1
154 369 1
154 383 1
154 405 1
154 421 1
154 423 1
154 456 1
154 498 1
155 162 1
155 163 1
155 168 1
155 203 1
155 210 1
155 215 1
155 219 1
155 241 1
155 243 1
155 249 1
155 263 1
155 264 1
155 265 1
155 272 1
155 279 1
155 290 1
155 296 1
155 325 1
155 344 1
155 357 1
155 360 1
155 362 1
155 363 1
155 365 1
155 370 1
155 378 1
155 407 1
155 416 1
155 433 1
155 437 1
155 443 1
155 444 1
155 457 1
155 477 1
155 480 1
155 488 1
155 494 1
156 174 1
156 189 1
156 202 1
156 206 1
156 210 1
156 238 1
156 243 1
156 257 1
156 279 1
156 285 1
156 289 1
156 311 1
156 316 1
156 319 1
156 328 1
156 338 1
156 343 1
156 352 1
156 353 1
156 392 1
156 413 1
156 417 1
156 419 1
156 428 1
156 431 1
156 458 1
156 479 1
157 160 1
157 163 1
157 174 1
157 184 1
157 204 1
157 210 1
157 214 1
157 220 1
157 225 1
157 226 1
157 230 1
157 237 1
157 240 1
157 256 1
157 283 1
157 289 1
157 297 1
157 312 1
157 318 1
157 324 1
157 327 1
157 330 1
157 350 1
157 373 1
157 388 1
157 398 1
157 402 1
157 412 1
157 415 1
157 421 1
157 441 1
157 444 1
157 450 1
157 451 1
157 458 1
157 464 1
157 465 1
157 477 1
157 488 1
158 177 1
158 186 1
158 189 1
158 208 1
158 220 1
158 226 1
158 240 1
158 257 1
158 266 1
158 272 1
158 275 1
158 282 1
158 286 1
158 329 1
158 344 1
158 349 1
158 368 1
158 384 1
158 407 1
158 419 1
158 432 1
158 448 1
158 467 1
158 487 1
158 488 1
158 495 1
159 161 1
159 176 1
159 177 1
159 198 1
159 212 1
159 214 1
159 220 1
159 224 1
159 244 1
159 249 1
159 257 1
159 261 1
159 289 1
159 291 1
159 292 1
159 298 1
159 302 1
159 307 1
159 311 1
159 327 1
159 333 1
159 341 1
159 346 1
159 362 1
159 370 1
159 394 1
159 395 1
159 399 1
159 429 1
159 437 1
159 454 1
159 456 1
159 462 1
159 472 1
159 478 1
159 487 1
159 497 1
160 163 1
160 164 1
160 174 1
160 177 1
160 178 1
160 184 1
160 185 1
160 186 1
160 202 1
160 203 1
160 204 1
160 231 1
160 239 1
160 242 1
160 261 1
160 263 1
160 266 1
160 275 1
160 278 1
160 288 1
160 306 1
160 317 1
160 320 1
160 359 1
160 364 1
160 366 1
160 368 1
160 387 1
160 399 1
160 409 1
160 414 1
160 417 1
160 419 1
160 430 1
160 434 1
160 435 1
160 443 1
160 446 1
160 450 1
160 453 1
160 454 1
160 460 1
160 486 1
161 164 1
161 170 1
161 179 1
161 181 1
161 183 1
161 185 1
161 187 1
161 197 1
161 207 1
161 215 1
161 231 1
161 238 1
161 241 1
161 243 1
161 246 1
161 254 1
161 260 1
161 268 1
161 269 1
161 271 1
161 305 1
161 314 1
161 320 1
161 326 1
161 327 1
161 340 1
161 356 1
161 360 1
161 362 1
161 373 1
161 377 1
161 381 1
161 388 1
161 393 1
161 404 1
161 405 1
161 409 1
161 416 1
161 427 1
161 432 1
161 436 1
161 448 1
161 452 1
161 466 1
161 481 1
162 168 1
162 176 1
162 192 1
162 195 1
162 215 1
162 221 1
162 251 1
162 257 1
162 259 1
162 293 1
162 306 1
162 311 1
162 324 1
162 336 1
162 339 1
162 343 1
162 376 1
162 379 1
162 394 1
162 411 1
162 415 1
162 434 1
162 438 1
162 445 1
162 458 1
162 472 1
162 474 1
162 476 1
162 497 1
162 500 1
163 166 1
163 169 1
163 171 1
163 174 1
163 192 1
163 215 1
163 221 1
163 223 1
163 229 1
163 234 1
163 252 1
163 266 1
163 267 1
163 273 1
163 285 1
163 313 1
163 318 1
163 330 1
163 338 1
163 351 1
163 365 1
163 367 1
163 369 1
163 384 1
163 386 1
163 392 1
163 398 1
163 407 1
163 416 1
163 421 1
163 453 1
163 469 1
164 166 1
164 178 1
164 180 1
164 202 1
164 213 1
164 217 1
164 219 1
164 224 1
164 230 1
164 231 1
164 246 1
164 248 1
164 257 1
164 260 1
164 266 1
164 269 1
164 276 1
164 285 1
164 292 1
164 335 1
164 346 1
164 363 1
164 414 1
164 430 1
164 438 1
164 441 1
164 459 1
164 483 1
165 199 1
165 200 1
165 209 1
165 213 1
165 214 1
165 217 1
165 278 1
165 301 1
165 303 1
165 315 1
165 321 1
165 324 1
165 336 1
165 347 1
165 350 1
165 353 1
165 356 1
165 359 1
165 361 1
165 362 1
165 365 1
165 387 1
165 415 1
165 425 1
165 432 1
165 442 1
165 449 1
165 470 1
165 475 1
165 476 1
165 477 1
165 480 1
165 485 1
165 491 1
165 493 1
166 171 1
166 191 1
166 195 1
166 222 1
166 223 1
166 226 1
166 230 1
166 243 1
166 249 1
166 250 1
166 262 1
166 267 1
166 271 1
166 273 1
166 300 1
166 309 1
166 314 1
166 319 1
166 330 1
166 333 1
166 339 1
166 343 1
166 348 1
166 368 1
166 370 1
166 384 1
166 396 1
166 402 1
166 419 1
166 437 1
166 440 1
166 451 1
166 454 1
166 458 1
166 462 1
166 463 1
166 500 1
167 169 1
167 176 1
167 177 1
167 180 1
167 195 1
167 205 1
167 206 1
167 209 1
167 214 1
167 215 1
167 219 1
167 240 1
167 270 1
167 271 1
167 281 1
167 301 1
167 308 1
167 311 1
167 341 1
167 351 1
167 365 1
167 397 1
167 399 1
167 401 1
167 406 1
167 417 1
167 423 1
167 475 1
167 477 1
167 478 1
167 484 1
167 489 1
167 491 1
168 176 1
168 181 1
168 183 1
168 212 1
168 216 1
168 221 1
168 222 1
168 249 1
168 267 1
168 279 1
168 293 1
168 298 1
168 302 1
168 314 1
168 315 1
168 344 1
168 382 1
168 387 1
168 388 1
168 395 1
168 398 1
168 403 1
168 413 1
168 415 1
168 426 1
168 447 1
168 465 1
168 469 1
168 476 1
168 484 1
168 491 1
168 497 1
169 186 1
169 197 1
169 198 1
169 203 1
169 211 1
169 214 1
169 232 1
169 237 1
169 239 1
169 248 1
169 251 1
169 259 1
169 285 1
169 286 1
169 309 1
169 318 1
169 340 1
169 342 1
169 351 1
169 361 1
169 386 1
169 387 1
169 391 1
169 400 1
169 401 1
169 416 1
169 418 1
169 428 1
169 429 1
169 441 1
169 454 1
169 472 1
169 494 1
170 173 1
170 178 1
170 180 1
170 183 1
170 185 1
170 186 1
170 202 1
170 211 1
170 229 1
170 233 1
170 241 1
170 244 1
170 267 1
170 268 1
170 288 1
170 304 1
170 337 1
170 359 1
170 392 1
170 420 1
170 437 1
170 440 1
170 447 1
170 453 1
170 462 1
170 467 1
170 470 1
170 489 1
170 491 1
171 181 1
171 195 1
171 208 1
171 227 1
171 242 1
171 253 1
171 278 1
171 284 1
171 299 1
171 311 1
171 333 1
171 335 1
171 354 1
171 358 1
171 371 1
171 378 1
171 392 1
171 428 1
171 440 1
171 441 1
171 448 1
171 453 1
171 461 1
171 476 1
171 489 1
171 497 1
172 174 1
172 177 1
172 178 1
172 185 1
172 200 1
172 204 1
172 208 1
172 218 1
172 220 1
172 234 1
172 252 1
172 254 1
172 259 1
172 260 1
172 262 1
172 273 1
172 274 1
172 275 1
172 288 1
172 299 1
172 304 1
172 347 1
172 369 1
172 374 1
172 375 1
172 377 1
172 384 1
172 389 1
172 391 1
172 406 1
172 411 1
172 421 1
172 423 1
172 435 1
172 459 1
172 472 1
172 474 1
172 478 1
172 480 1
172 493 1
173 183 1
173 201 1
173 229 1
173 240 1
173 253 1
173 255 1
173 269 1
173 278 1
173 289 1
173 326 1
173 343 1
173 348 1
173 352 1
173 363 1
173 387 1
173 392 1
173 420 1
173 435 1
173 443 1
173 449 1
173 453 1
173 464 1
173 474 1
173 476 1
173 481 1
173 489 1
173 492 1
173 493 1
173 496 1
174 177 1
174 181 1
174 184 1
174 185 1
174 187 1
174 229 1
174 238 1
174 246 1
174 255 1
174 263 1
174 271 1
174 287 1
174 311 1
174 319 1
174 327 1
174 333 1
174 336 1
174 342 1
174 356 1
174 359 1
174 361 1
174 367 1
174 374 1
174 375 1
174 381 1
174 409 1
174 411 1
174 424 1
174 454 1
174 456 1
174 459 1
174 460 1
174 462 1
174 485 1
174 488 1
175 176 1
175 185 1
175 191 1
175 222 1
175 223 1
175 231 1
175 240 1
175 247 1
175 254 1
175 265 1
175 268 1
175 271 1
175 276 1
175 279 1
175 296 1
175 325 1
175 329 1
175 337 1
175 353 1
175 370 1
175 380 1
175 382 1
175 396 1
175 411 1
175 412 1
175 423 1
175 425 1
175 432 1
175 439 1
175 450 1
175 465 1
175 477 1
175 492 1
176 191 1
176 204 1
176 207 1
176 208 1
176 213 1
176 219 1
176 233 1
176 240 1
176 243 1
176 255 1
176 266 1
176 269 1
176 289 1
176 308 1
176 310 1
176 311 1
176 318 1
176 323 1
176 325 1
176 327 1
176 331 1
176 346 1
176 349 1
176 353 1
176 405 1
176 410 1
176 430 1
176 434 1
176 448 1
176 463 1
176 465 1
176 479 1
176 480 1
176 497 1
177 186 1
177 194 1
177 196 1
177 210 1
177 223 1
177 237 1
177 241 1
177 245 1
177 248 1
177 263 1
177 272 1
177 276 1
177 281 1
177 285 1
177 287 1
177 295 1
177 323 1
177 326 1
177 331 1
177 335 1
177 344 1
177 345 1
177 360 1
177 378 1
177 383 1
177 431 1
177 481 1
177 484 1
177 487 1
178 191 1
178 198 1
178 215 1
178 222 1
178 232 1
178 239 1
178 249 1
178 284 1
178 310 1
178 322 1
178 338 1
178 343 1
178 347 1
178 357 1
178 363 1
178 364 1
178 371 1
178 378 1
178 381 1
178 382 1
178 388 1
178 395 1
178 407 1
178 409 1
178 410 1
178 417 1
178 419 1
178 423 1
178 448 1
178 461 1
178 465 1
178 496 1
179 198 1
179 207 1
179 209 1
179 232 1
179 237 1
179 257 1
179 260 1
179 263 1
179 272 1
179 283 1
179 289 1
179 306 1
179 322 1
179 370 1
179 374 1
179 391 1
179 408 1
179 420 1
179 433 1
179 439 1
179 464 1
179 469 1
179 478 1
180 212 1
180 227 1
180 228 1
180 230 1
180 233 1
180 242 1
180 251 1
180 256 1
180 264 1
180 277 1
180 282 1
180 292 1
180 293 1
180 309 1
180 313 1
180 328 1
180 344 1
180 353 1
180 366 1
180 373 1
180 383 1
180 407 1
180 423 1
180 443 1
180 452 1
180 462 1
180 493 1
181 191 1
181 195 1
181 230 1
181 232 1
181 234 1
181 235 1
181 236 1
181 254 1
181 267 1
181 269 1
181 276 1
181 327 1
181 338 1
181 353 1
181 354 1
181 371 1
181 384 1
181 401 1
181 402 1
181 404 1
181 405 1
181 431 1
181 434 1
181 451 1
181 452 1
181 477 1
181 479 1
181 496 1
182 193 1
182 202 1
182 214 1
182 220 1
182 251 1
182 263 1
182 266 1
182 279 1
182 281 1
182 297 1
182 298 1
182 301 1
182 305 1
182 311 1
182 312 1
182 314 1
182 321 1
182 327 1
182 335 1
182 339 1
182 341 1
182 346 1
182 354 1
182 362 1
182 373 1
182 378 1
182 379 1
182 385 1
182 386 1
182 393 1
182 401 1
182 414 1
182 427 1
182 446 1
182 471 1
182 475 1
182 491 1
183 184 1
183 187 1
183 189 1
183 194 1
183 200 1
183 233 1
183 239 1
183 271 1
183 272 1
183 276 1
183 287 1
183 302 1
183 311 1
183 321 1
183 337 1
183 339 1
183 349 1
183 372 1
183 379 1
183 384 1
183 397 1
183 415 1
183 431 1
183 434 1
183 435 1
183 443 1
183 446 1
183 449 1
183 470 1
183 484 1
183 487 1
183 490 1
184 199 1
184 203 1
184 214 1
184 217 1
184 224 1
184 227 1
184 232 1
184 237 1
184 238 1
184 264 1
184 276 1
184 278 1
184 282 1
184 300 1
184 337 1
184 341 1
184 344 1
184 347 1
184 368 1
184 380 1
184 385 1
184 395 1
184 413 1
184 426 1
184 429 1
184 444 1
184 452 1
184 467 1
184 471 1
184 482 1
184 492 1
184 495 1
184 499 1
185 192 1
185 198 1
185 201 1
185 210 1
185 229 1
185 231 1
185 234 1
185 236 1
185 277 1
185 283 1
185 293 1
185 301 1
185 305 1
185 306 1
185 315 1
185 318 1
185 323 1
185 336 1
185 338 1
185 362 1
185 380 1
185 383 1
185 388 1
185 397 1
185 402 1
185 403 1
185 411 1
185 418 1
185 433 1
185 436 1
185 440 1
185 459 1
185 482 1
186 204 1
186 209 1
186 216 1
186 230 1
186 234 1
186 241 1
186 253 1
186 265 1
186 286 1
186 287 1
186 291 1
186 332 1
186 343 1
186 347 1
186 350 1
186 356 1
186 378 1
186 384 1
186 411 1
186 438 1
186 443 1
186 464 1
186 471 1
186 474 1
186 478 1
186 480 1
186 485 1
186 493 1
187 189 1
187 194 1
187 198 1
187 205 1
187 224 1
187 227 1
187 236 1
187 237 1
187 239 1
187 243 1
187 255 1
187 261 1
187 278 1
187 287 1
187 289 1
187 305 1
187 310 1
187 312 1
187 316 1
187 323 1
187 334 1
187 337 1
187 344 1
187 363 1
187 371 1
187 381 1
187 383 1
187 394 1
187 401 1
187 406 1
187 416 1
187 428 1
187 434 1
187 442 1
187 446 1
187 450 1
187 462 1
187 469 1
187 490 1
187 491 1
188 190 1
188 206 1
188 214 1
188 228 1
188 229 1
188 235 1
188 272 1
188 279 1
188 293 1
188 300 1
188 313 1
188 321 1
188 325 1
188 327 1
188 345 1
188 346 1
188 350 1
188 360 1
188 364 1
188 368 1
188 384 1
188 410 1
188 411 1
188 415 1
188 418 1
188 421 1
188 427 1
188 460 1
188 493 1
188 494 1
189 195 1
189 201 1
189 206 1
189 216 1
189 221 1
189 225 1
189 234 1
189 238 1
189 265 1
189 288 1
189 301 1
189 331 1
189 338 1
189 350 1
189 354 1
189 357 1
189 363 1
189 378 1
189 387 1
189 394 1
189 397 1
189 402 1
189 417 1
189 422 1
189 437 1
189 440 1
189 444 1
189 447 1
190 205 1
190 215 1
190 219 1
190 223 1
190 262 1
190 263 1
190 300 1
190 306 1
190 314 1
190 316 1
190 326 1
190 332 1
190 358 1
190 372 1
190 374 1
190 383 1
190 407 1
190 408 1
190 466 1
190 467 1
190 468 1
190 482 1
191 228 1
191 241 1
191 249 1
191 253 1
191 261 1
191 262 1
191 279 1
191 280 1
191 281 1
191 325 1
191 327 1
191 329 1
191 336 1
191 364 1
191 372 1
191 376 1
191 400 1
191 402 1
191 404 1
191 418 1
191 433 1
191 460 1
191 473 1
191 482 1
191 489 1
191 496 1
191 498 1
192 199 1
192 207 1
192 218 1
192 275 1
192 278 1
192 286 1
192 289 1
192 291 1
192 309 1
192 310 1
192 314 1
192 320 1
192 331 1
192 335 1
192 336 1
192 337 1
192 345 1
192 370 1
192 383 1
192 395 1
192 435 1
192 445 1
192 451 1
192 456 1
192 494 1
193 197 1
193 202 1
193 210 1
193 221 1
193 243 1
193 269 1
193 273 1
193 289 1
193 300 1
193 323 1
193 332 1
193 333 1
193 345 1
193 348 1
193 354 1
193 355 1
193 359 1
193 380 1
193 388 1
193 422 1
193 431 1
193 438 1
193 445 1
193 452 1
193 461 1
193 464 1
193 466 1
193 472 1
193 479 1
193 481 1
193 486 1
193 494 1
194 195 1
194 204 1
194 216 1
194 217 1
194 220 1
194 222 1
194 223 1
194 225 1
194 229 1
194 230 1
194 239 1
194 281 1
194 288 1
194 290 1
194 311 1
194 314 1
194 315 1
194 322 1
194 331 1
194 350 1
194 360 1
194 361 1
194 362 1
194 386 1
194 390 1
194 391 1
194 402 1
194 417 1
194 420 1
194 422 1
194 426 1
194 428 1
194 464 1
194 465 1
194 467 1
194 488 1
194 489 1
194 490 1
195 266 1
195 279 1
195 280 1
195 291 1
195 312 1
195 330 1
195 375 1
195 378 1
195 381 1
195 384 1
195 397 1
195 399 1
195 403 1
195 406 1
195 432 1
195 448 1
195 451 1
195 460 1
195 463 1
196 201 1
196 208 1
196 227 1
196 254 1
196 257 1
196 259 1
196 262 1
196 264 1
196 267 1
196 288 1
196 296 1
196 307 1
196 308 1
196 318 1
196 321 1
196 331 1
196 334 1
196 336 1
196 338 1
196 340 1
196 351 1
196 352 1
196 361 1
196 362 1
196 366 1
196 371 1
196 382 1
196 387 1
196 392 1
196 414 1
196 427 1
196 444 1
196 449 1
196 455 1
196 485 1
196 488 1
197 213 1
197 218 1
197 229 1
197 232 1
197 245 1
197 248 1
197 261 1
197 267 1
197 295 1
197 316 1
197 317 1
197 324 1
197 342 1
197 357 1
197 376 1
197 379 1
197 388 1
197 397 1
197 401 1
197 412 1
197 413 1
197 420 1
197 442 1
197 466 1
197 496 1
197 498 1
198 201 1
198 220 1
198 230 1
198 244 1
198 246 1
198 255 1
198 318 1
198 321 1
198 339 1
198 345 1
198 354 1
198 356 1
198 359 1
198 369 1
198 374 1
198 385 1
198 392 1
198 394 1
198 396 1
198 411 1
198 428 1
198 433 1
198 460 1
198 469 1
198 478 1
198 483 1
199 201 1
199 204 1
199 244 1
199 258 1
199 268 1
199 276 1
199 288 1
199 298 1
199 300 1
199 307 1
199 311 1
199 315 1
199 321 1
199 360 1
199 365 1
199 368 1
199 375 1
199 386 1
199 396 1
199 397 1
199 406 1
199 411 1
199 416 1
199 449 1
199 465 1
199 468 1
199 497 1
199 500 1
200 212 1
200 214 1
200 215 1
200 218 1
200 229 1
200 239 1
200 245 1
200 265 1
200 343 1
200 355 1
200 362 1
200 377 1
200 408 1
200 410 1
200 417 1
200 418 1
200 425 1
200 430 1
200 449 1
200 461 1
200 482 1
201 206 1
201 215 1
201 249 1
201 259 1
201 260 1
201 261 1
201 283 1
201 285 1
201 304 1
201 307 1
201 330 1
201 335 1
201 341 1
201 366 1
201 374 1
201 397 1
201 399 1
201 416 1
201 447 1
201 456 1
201 463 1
201 468 1
201 483 1
201 495 1
202 204 1
202 205 1
202 214 1
202 238 1
202 252 1
202 260 1
202 265 1
202 266 1
202 275 1
202 285 1
202 290 1
202 298 1
202 317 1
202 323 1
202 344 1
202 356 1
202 363 1
202 367 1
202 379 1
202 391 1
202 403 1
202 424 1
202 428 1
202 432 1
202 433 1
202 439 1
202 442 1
202 461 1
202 462 1
202 469 1
202 470 1
202 491 1
203 213 1
203 219 1
203 227 1
203 233 1
203 257 1
203 269 1
203 283 1
203 296 1
203 302 1
203 306 1
203 310 1
203 313 1
203 321 1
203 328 1
203 354 1
203 360 1
203 364 1
203 374 1
203 377 1
203 381 1
203 383 1
203 389 1
203 398 1
203 400 1
203 401 1
203 402 1
203 412 1
203 418 1
203 441 1
203 442 1
203 473 1
203 487 1
204 208 1
204 210 1
204 211 1
204 218 1
204 219 1
204 240 1
204 248 1
204 249 1
204 278 1
204 286 1
204 303 1
204 307 1
204 309 1
204 317 1
204 327 1
204 341 1
204 373 1
204 387 1
204 396 1
204 406 1
204 407 1
204 414 1
204 416 1
204 417 1
204 420 1
204 421 1
204 429 1
204 430 1
204 432 1
204 435 1
204 442 1
204 443 1
204 453 1
204 470 1
205 214 1
205 215 1
205 226 1
205 227 1
205 236 1
205 237 1
205 251 1
205 255 1
205 273 1
205 279 1
205 297 1
205 307 1
205 322 1
205 323 1
205 329 1
205 339 1
205 349 1
205 358 1
205 363 1
205 366 1
205 368 1
205 381 1
205 420 1
205 424 1
205 427 1
205 448 1
205 465 1
205 472 1
205 485 1
205 492 1
206 212 1
206 216 1
206 225 1
206 239 1
206 271 1
206 274 1
206 275 1
206 277 1
206 281 1
206 285 1
206 300 1
206 316 1
206 336 1
206 339 1
206 345 1
206 355 1
206 366 1
206 367 1
206 368 1
206 377 1
206 392 1
206 394 1
206 395 1
206 417 1
206 418 1
206 420 1
206 428 1
206 432 1
206 442 1
206 445 1
206 447 1
206 462 1
206 466 1
206 467 1
206 472 1
206 475 1
206 482 1
206 499 1
207 209 1
207 213 1
207 215 1
207 220 1
207 259 1
207 267 1
207 279 1
207 293 1
207 298 1
207 303 1
207 343 1
207 401 1
207 402 1
207 404 1
207 420 1
207 422 1
207 426 1
207 427 1
207 442 1
207 452 1
207 457 1
207 458 1
207 460 1
207 461 1
207 463 1
207 470 1
207 488 1
208 217 1
208 242 1
208 251 1
208 262 1
208 266 1
208 272 1
208 282 1
208 283 1
208 284 1
208 289 1
208 292 1
208 308 1
208 313 1
208 320 1
208 332 1
208 333 1
208 334 1
208 344 1
208 365 1
208 377 1
208 382 1
208 393 1
208 415 1
208 430 1
208 441 1
208 447 1
208 453 1
208 454 1
208 479 1
208 490 1
208 500 1
209 211 1
209 212 1
209 213 1
209 255 1
209 260 1
209 269 1
209 278 1
209 280 1
209 281 1
209 291 1
209 296 1
209 298 1
209 301 1
209 304 1
209 310 1
209 312 1
209 314 1
209 329 1
209 344 1
209 345 1
209 348 1
209 375 1
209 379 1
209 380 1
209 391 1
209 400 1
209 413 1
209 417 1
209 432 1
209 434 1
209 449 1
209 451 1
209 452 1
209 460 1
209 467 1
209 469 1
209 476 1
209 484 1
209 485 1
209 488 1
209 489 1
209 494 1
209 499 1
210 217 1
210 233 1
210 292 1
210 340 1
210 344 1
210 346 1
210 357 1
210 387 1
210 396 1
210 415 1
210 430 1
210 437 1
210 464 1
210 466 1
210 468 1
210 483 1
210 489 1
210 492 1
210 499 1
211 217 1
211 220 1
211 226 1
211 231 1
211 258 1
211 262 1
211 264 1
211 265 1
211 279 1
211 290 1
211 304 1
211 339 1
211 340 1
211 342 1
211 358 1
211 370 1
211 391 1
211 395 1
211 396 1
211 398 1
211 400 1
211 406 1
211 418 1
211 426 1
211 428 1
211 429 1
211 438 1
211 464 1
211 465 1
211 468 1
211 478 1
212 214 1
212 232 1
212 246 1
212 256 1
212 258 1
212 264 1
212 266 1
212 271 1
212 281 1
212 290 1
212 291 1
212 326 1
212 331 1
212 339 1
212 361 1
212 389 1
212 391 1
212 428 1
212 440 1
212 441 1
212 449 1
212 457 1
212 465 1
212 478 1
212 494 1
213 214 1
213 225 1
213 232 1
213 238 1
213 254 1
213 257 1
213 263 1
213 272 1
213 278 1
213 283 1
213 299 1
213 300 1
213 303 1
213 307 1
213 308 1
213 311 1
213 325 1
213 336 1
213 338 1
213 343 1
213 346 1
213 347 1
213 351 1
213 370 1
213 372 1
213 416 1
213 422 1
213 427 1
213 445 1
213 462 1
213 471 1
213 474 1
213 477 1
213 487 1
214 234 1
214 258 1
214 264 1
214 273 1
214 289 1
214 290 1
214 306 1
214 315 1
214 319 1
214 324 1
214 331 1
214 335 1
214 344 1
214 355 1
214 356 1
214 365 1
214 369 1
214 378 1
214 393 1
214 396 1
214 399 1
214 414 1
214 416 1
214 460 1
214 466 1
214 468 1
214 476 1
214 488 1
214 499 1
215 227 1
215 229 1
215 236 1
215 248 1
215 258 1
215 260 1
215 272 1
215 284 1
215 296 1
215 314 1
215 315 1
215 321 1
215 332 1
215 335 1
215 365 1
215 378 1
215 387 1
215 396 1
215 403 1
215 407 1
215 410 1
215 421 1
215 434 1
215 443 1
215 447 1
215 449 1
215 459 1
215 464 1
215 477 1
215 491 1
215 498 1
215 500 1
216 234 1
216 235 1
216 239 1
216 243 1
216 258 1
216 269 1
216 270 1
216 284 1
216 286 1
216 300 1
216 305 1
216 308 1
216 311 1
216 314 1
216 317 1
216 341 1
216 348 1
216 351 1
216 361 1
216 367 1
216 375 1
216 382 1
216 391 1
216 409 1
216 411 1
216 413 1
216 414 1
216 416 1
216 444 1
216 447 1
216 461 1
216 478 1
216 480 1
216 481 1
216 484 1
216 497 1
217 220 1
217 225 1
217 240 1
217 244 1
217 279 1
217 284 1
217 308 1
217 314 1
217 315 1
217 361 1
217 369 1
217 374 1
217 379 1
217 382 1
217 390 1
217 407 1
217 410 1
217 423 1
217 431 1
217 434 1
217 444 1
217 447 1
217 461 1
217 467 1
217 469 1
217 474 1
217 481 1
217 484 1
217 485 1
217 490 1
218 233 1
218 244 1
218 256 1
218 269 1
218 287 1
218 289 1
218 295 1
218 302 1
218 303 1
218 328 1
218 336 1
218 340 1
218 352 1
218 374 1
218 376 1
218 384 1
218 387 1
218 400 1
218 414 1
218 416 1
218 420 1
218 427 1
218 428 1
218 431 1
218 448 1
218 478 1
218 479 1
218 482 1
218 497 1
218 498 1
219 239 1
219 243 1
219 246 1
219 296 1
219 299 1
219 308 1
219 312 1
219 332 1
219 348 1
219 373 1
219 383 1
219 388 1
219 390 1
219 393 1
219 401 1
219 402 1
219 405 1
219 410 1
219 422 1
219 429 1
219 430 1
219 457 1
219 463 1
219 494 1
219 499 1
220 223 1
220 237 1
220 249 1
220 254 1
220 266 1
220 273 1
220 286 1
220 293 1
220 304 1
220 313 1
220 317 1
220 320 1
220 322 1
220 346 1
220 348 1
220 357 1
220 384 1
220 420 1
220 433 1
220 440 1
220 442 1
220 446 1
220 452 1
220 458 1
220 459 1
220 461 1
220 463 1
220 477 1
220 478 1
220 480 1
220 482 1
221 223 1
221 232 1
221 252 1
221 278 1
221 308 1
221 312 1
221 362 1
221 367 1
221 375 1
221 379 1
221 381 1
221 395 1
221 398 1
221 401 1
221 415 1
221 416 1
221 418 1
221 449 1
221 475 1
221 478 1
221 483 1
221 488 1
221 493 1
221 494 1
222 241 1
222 256 1
222 290 1
222 291 1
222 302 1
222 311 1
222 312 1
222 328 1
222 332 1
222 335 1
222 347 1
222 359 1
222 374 1
222 415 1
222 428 1
222 440 1
222 451 1
222 459 1
222 460 1
222 467 1
222 500 1
223 236 1
223 248 1
223 272 1
223 273 1
223 280 1
223 296 1
223 301 1
223 316 1
223 320 1
223 340 1
223 352 1
223 370 1
223 401 1
223 438 1
223 443 1
223 464 1
223 469 1
223 483 1
224 235 1
224 246 1
224 251 1
224 260 1
224 275 1
224 276 1
224 286 1
224 287 1
224 304 1
224 305 1
224 322 1
224 359 1
224 360 1
224 363 1
224 368 1
224 378 1
224 383 1
224 389 1
224 397 1
224 401 1
224 422 1
224 433 1
224 439 1
224 460 1
224 466 1
224 472 1
224 478 1
224 485 1
224 488 1
225 236 1
225 275 1
225 278 1
225 295 1
225 304 1
225 315 1
225 331 1
225 337 1
225 339 1
225 346 1
225 353 1
225 355 1
225 362 1
225 379 1
225 392 1
225 437 1
225 449 1
225 451 1
225 461 1
225 462 1
225 466 1
225 472 1
225 477 1
225 488 1
226 227 1
226 242 1
226 272 1
226 281 1
226 304 1
226 306 1
226 312 1
226 314 1
226 319 1
226 328 1
226 333 1
226 338 1
226 340 1
226 342 1
226 346 1
226 352 1
226 367 1
226 375 1
226 388 1
226 389 1
226 396 1
226 401 1
226 412 1
226 418 1
226 420 1
226 421 1
226 422 1
226 433 1
226 435 1
226 446 1
226 453 1
226 454 1
226 476 1
226 479 1
226 480 1
226 496 1
226 499 1
227 230 1
227 244 1
227 247 1
227 251 1
227 261 1
227 268 1
227 274 1
227 281 1
227 282 1
227 292 1
227 294 1
227 297 1
227 301 1
227 306 1
227 323 1
227 324 1
227 350 1
227 355 1
227 364 1
227 365 1
227 370 1
227 392 1
227 402 1
227 406 1
227 407 1
227 410 1
227 426 1
227 429 1
227 430 1
227 448 1
227 453 1
227 454 1
227 462 1
227 475 1
227 481 1
228 232 1
228 252 1
228 261 1
228 270 1
228 281 1
228 283 1
228 290 1
228 291 1
228 304 1
228 313 1
228 314 1
228 322 1
228 324 1
228 326 1
228 334 1
228 380 1
228 390 1
228 402 1
228 416 1
228 426 1
228 431 1
228 446 1
229 234 1
229 248 1
229 279 1
229 281 1
229 284 1
229 306 1
229 309 1
229 330 1
229 331 1
229 333 1
229 337 1
229 339 1
229 360 1
229 368 1
229 381 1
229 388 1
229 392 1
229 394 1
229 397 1
229 400 1
229 411 1
229 429 1
229 432 1
229 456 1
229 473 1
229 476 1
229 484 1
229 488 1
229 496 1
230 253 1
230 285 1
230 294 1
230 311 1
230 312 1
230 315 1
230 350 1
230 353 1
230 354 1
230 360 1
230 386 1
230 393 1
230 397 1
230 408 1
230 416 1
230 434 1
230 436 1
230 437 1
230 454 1
230 460 1
230 465 1
230 469 1
230 486 1
231 241 1
231 267 1
231 312 1
231 323 1
231 334 1
231 340 1
231 347 1
231 350 1
231 380 1
231 384 1
231 390 1
231 391 1
231 394 1
231 400 1
231 401 1
231 404 1
231 430 1
231 432 1
231 436 1
231 438 1
231 448 1
231 481 1
231 483 1
231 490 1
231 491 1
232 233 1
232 238 1
232 270 1
232 278 1
232 286 1
232 289 1
232 292 1
232 320 1
232 321 1
232 324 1
232 336 1
232 345 1
232 358 1
232 363 1
232 371 1
232 372 1
232 377 1
232 385 1
232 387 1
232 403 1
232 409 1
232 411 1
232 417 1
232 420 1
232 424 1
232 432 1
232 437 1
232 450 1
232 474 1
232 498 1
232 499 1
233 234 1
233 245 1
233 257 1
233 259 1
233 276 1
233 283 1
233 291 1
233 304 1
233 332 1
233 338 1
233 339 1
233 340 1
233 341 1
233 345 1
233 354 1
233 370 1
233 387 1
233 394 1
233 410 1
233 417 1
233 445 1
233 469 1
234 238 1
234 245 1
234 266 1
234 268 1
234 287 1
234 296 1
234 301 1
234 317 1
234 319 1
234 336 1
234 358 1
234 366 1
234 370 1
234 374 1
234 378 1
234 380 1
234 386 1
234 392 1
234 408 1
234 413 1
234 417 1
234 427 1
234 433 1
234 441 1
234 445 1
234 447 1
234 490 1
234 495 1
235 237 1
235 240 1
235 243 1
235 271 1
235 275 1
235 276 1
235 278 1
235 281 1
235 284 1
235 292 1
235 295 1
235 303 1
235 314 1
235 335 1
235 347 1
235 349 1
235 357 1
235 364 1
235 370 1
235 375 1
235 393 1
235 401 1
235 411 1
235 419 1
235 426 1
235 447 1
235 453 1
235 457 1
235 477 1
235 493 1
235 498 1
236 246 1
236 284 1
236 286 1
236 292 1
236 305 1
236 325 1
236 334 1
236 340 1
236 347 1
236 353 1
236 364 1
236 368 1
236 381 1
236 388 1
236 392 1
236 400 1
236 413 1
236 417 1
236 420 1
236 440 1
236 458 1
236 459 1
236 476 1
236 480 1
236 484 1
236 491 1
237 244 1
237 248 1
237 256 1
237 264 1
237 268 1
237 296 1
237 336 1
237 340 1
237 344 1
237 345 1
237 347 1
237 367 1
237 371 1
237 388 1
237 393 1
237 417 1
237 418 1
237 433 1
237 441 1
237 444 1
237 472 1
237 488 1
237 489 1
237 499 1
238 240 1
238 243 1
238 262 1
238 267 1
238 268 1
238 297 1
238 327 1
238 339 1
238 346 1
238 357 1
238 359 1
238 362 1
238 364 1
238 413 1
238 416 1
238 427 1
238 443 1
238 461 1
238 476 1
238 478 1
238 481 1
238 487 1
238 489 1
238 495 1
239 243 1
239 249 1
239 252 1
239 257 1
239 259 1
239 265 1
239 269 1
239 270 1
239 275 1
239 287 1
239 293 1
239 296 1
239 308 1
239 324 1
239 331 1
239 332 1
239 342 1
239 346 1
239 352 1
239 355 1
239 359 1
239 364 1
239 369 1
239 372 1
239 383 1
239 398 1
239 405 1
239 406 1
239 417 1
239 430 1
239 437 1
239 446 1
239 447 1
239 448 1
239 468 1
239 472 1
239 475 1
239 483 1
239 487 1
240 253 1
240 284 1
240 287 1
240 297 1
240 304 1
240 315 1
240 318 1
240 323 1
240 333 1
240 341 1
240 346 1
240 365 1
240 368 1
240 374 1
240 405 1
240 408 1
240 409 1
240 413 1
240 415 1
240 426 1
240 435 1
240 437 1
240 449 1
240 455 1
240 458 1
240 471 1
240 474 1
240 481 1
240 482 1
240 499 1
241 246 1
241 247 1
241 270 1
241 277 1
241 280 1
241 281 1
241 286 1
241 290 1
241 295 1
241 296 1
241 297 1
241 311 1
241 325 1
241 348 1
241 350 1
241 361 1
241 375 1
241 398 1
241 404 1
241 416 1
241 425 1
241 429 1
241 439 1
241 444 1
241 448 1
241 458 1
241 467 1
241 471 1
241 480 1
241 481 1
241 484 1
241 499 1
242 252 1
242 263 1
242 278 1
242 279 1
242 285 1
242 296 1
242 301 1
242 307 1
242 316 1
242 318 1
242 339 1
242 375 1
242 390 1
242 396 1
242 400 1
242 407 1
242 408 1
242 411 1
242 417 1
242 420 1
242 452 1
242 453 1
242 474 1
242 476 1
242 477 1
242 488 1
242 500 1
243 255 1
243 269 1
243 277 1
243 279 1
243 290 1
243 297 1
243 314 1
243 315 1
243 317 1
243 322 1
243 325 1
243 333 1
243 336 1
243 343 1
243 378 1
243 381 1
243 390 1
243 393 1
243 426 1
243 435 1
243 453 1
243 455 1
243 463 1
243 474 1
243 480 1
243 486 1
244 247 1
244 276 1
244 278 1
244 281 1
244 304 1
244 311 1
244 326 1
244 333 1
244 338 1
244 340 1
244 349 1
244 354 1
244 360 1
244 368 1
244 382 1
244 390 1
244 393 1
244 397 1
244 401 1
244 405 1
244 416 1
244 439 1
244 441 1
244 442 1
244 448 1
244 451 1
244 458 1
244 463 1
244 484 1
244 489 1
244 498 1
244 499 1
244 500 1
245 274 1
245 287 1
245 311 1
245 324 1
245 363 1
245 365 1
245 373 1
245 381 1
245 400 1
245 425 1
245 426 1
245 438 1
245 442 1
245 445 1
245 447 1
245 448 1
245 453 1
245 455 1
245 462 1
245 466 1
245 470 1
245 478 1
245 482 1
245 483 1
245 495 1
245 499 1
246 247 1
246 276 1
246 279 1
246 281 1
246 299 1
246 302 1
246 303 1
246 316 1
246 325 1
246 334 1
246 336 1
246 337 1
246 396 1
246 407 1
246 421 1
246 424 1
246 432 1
246 434 1
246 437 1
246 438 1
246 440 1
246 454 1
246 458 1
246 475 1
246 487 1
246 492 1
246 494 1
247 283 1
247 286 1
247 288 1
247 289 1
247 290 1
247 297 1
247 298 1
247 315 1
247 339 1
247 354 1
247 371 1
247 374 1
247 383 1
247 386 1
247 390 1
247 402 1
247 406 1
247 407 1
247 412 1
247 414 1
247 419 1
247 424 1
247 430 1
247 435 1
247 454 1
247 469 1
247 471 1
247 477 1
247 481 1
247 499 1
248 255 1
248 270 1
248 271 1
248 282 1
248 283 1
248 290 1
248 298 1
248 306 1
248 327 1
248 331 1
248 337 1
248 344 1
248 345 1
248 369 1
248 392 1
248 402 1
248 406 1
248 410 1
248 415 1
248 417 1
248 432 1
248 448 1
248 452 1
248 463 1
248 479 1
248 480 1
248 481 1
248 486 1
248 496 1
249 250 1
249 258 1
249 260 1
249 280 1
249 293 1
249 302 1
249 317 1
249 330 1
249 348 1
249 363 1
249 371 1
249 393 1
249 397 1
249 402 1
249 411 1
249 414 1
249 415 1
249 417 1
249 418 1
249 424 1
249 430 1
249 431 1
249 432 1
249 442 1
249 454 1
249 463 1
249 478 1
249 481 1
249 489 1
249 490 1
249 494 1
250 255 1
250 257 1
250 259 1
250 266 1
250 276 1
250 287 1
250 306 1
250 308 1
250 319 1
250 323 1
250 367 1
250 371 1
250 377 1
250 378 1
250 404 1
250 423 1
250 441 1
250 448 1
250 455 1
250 458 1
250 472 1
250 479 1
250 482 1
250 484 1
251 270 1
251 274 1
251 282 1
251 294 1
251 296 1
251 299 1
251 317 1
251 319 1
251 333 1
251 336 1
251 338 1
251 353 1
251 354 1
251 357 1
251 363 1
251 373 1
251 400 1
251 406 1
251 415 1
251 418 1
251 425 1
251 433 1
251 459 1
251 465 1
251 466 1
251 469 1
251 489 1
251 498 1
252 258 1
252 268 1
252 272 1
252 281 1
252 284 1
252 290 1
252 292 1
252 305 1
252 315 1
252 324 1
252 342 1
252 345 1
252 347 1
252 350 1
252 351 1
252 372 1
252 373 1
252 380 1
252 392 1
252 405 1
252 406 1
252 410 1
252 421 1
252 426 1
252 429 1
252 436 1
252 438 1
252 440 1
252 458 1
252 490 1
252 495 1
252 499 1
253 269 1
253 278 1
253 299 1
253 320 1
253 345 1
253 350 1
253 351 1
253 375 1
253 388 1
253 393 1
253 397 1
253 402 1
253 411 1
253 414 1
253 421 1
253 429 1
253 436 1
253 446 1
253 474 1
253 488 1
254 257 1
254 264 1
254 270 1
254 296 1
254 314 1
254 316 1
254 328 1
254 341 1
254 347 1
254 354 1
254 357 1
254 370 1
254 395 1
254 414 1
254 426 1
254 428 1
254 430 1
254 449 1
254 464 1
254 473 1
254 498 1
255 262 1
255 263 1
255 268 1
255 286 1
255 290 1
255 308 1
255 313 1
255 320 1
255 321 1
255 330 1
255 332 1
255 358 1
255 391 1
255 403 1
255 406 1
255 409 1
255 412 1
255 418 1
255 422 1
255 439 1
255 452 1
255 458 1
255 479 1
255 482 1
255 494 1
255 499 1
256 284 1
256 297 1
256 316 1
256 317 1
256 336 1
256 345 1
256 370 1
256 372 1
256 383 1
256 410 1
256 417 1
256 419 1
256 441 1
256 446 1
256 469 1
256 482 1
256 485 1
257 261 1
257 264 1
257 267 1
257 285 1
257 287 1
257 301 1
257 327 1
257 406 1
257 422 1
257 436 1
257 456 1
257 461 1
257 468 1
257 480 1
258 272 1
258 278 1
258 280 1
258 296 1
258 302 1
258 310 1
258 331 1
258 332 1
258 334 1
258 339 1
258 357 1
258 358 1
258 362 1
258 367 1
258 369 1
258 372 1
258 378 1
258 384 1
258 393 1
258 397 1
258 414 1
258 438 1
258 441 1
258 471 1
258 472 1
258 484 1
259 268 1
259 271 1
259 274 1
259 288 1
259 301 1
259 328 1
259 333 1
259 362 1
259 363 1
259 369 1
259 377 1
259 394 1
259 400 1
259 407 1
259 415 1
259 466 1
259 472 1
259 495 1
259 500 1
260 275 1
260 276 1
260 277 1
260 294 1
260 300 1
260 302 1
260 323 1
260 325 1
260 330 1
260 341 1
260 344 1
260 353 1
260 354 1
260 356 1
260 363 1
260 364 1
260 406 1
260 408 1
260 418 1
260 420 1
260 446 1
260 451 1
260 455 1
260 456 1
260 468 1
260 473 1
260 488 1
261 291 1
261 310 1
261 317 1
261 320 1
261 321 1
261 325 1
261 333 1
261 338 1
261 352 1
261 378 1
261 384 1
261 399 1
261 405 1
261 408 1
261 428 1
261 434 1
261 435 1
261 436 1
261 440 1
261 441 1
261 447 1
261 456 1
261 464 1
261 487 1
261 497 1
262 272 1
262 282 1
262 284 1
262 289 1
262 291 1
262 323 1
262 339 1
262 364 1
262 379 1
262 385 1
262 387 1
262 391 1
262 393 1
262 413 1
262 420 1
262 421 1
262 424 1
262 426 1
262 438 1
262 440 1
262 450 1
262 451 1
262 455 1
262 460 1
262 467 1
262 473 1
262 486 1
262 500 1
263 274 1
263 281 1
263 316 1
263 354 1
263 359 1
263 368 1
263 394 1
263 400 1
263 425 1
263 443 1
263 458 1
263 459 1
263 476 1
263 486 1
263 487 1
263 490 1
264 267 1
264 278 1
264 282 1
264 295 1
264 311 1
264 312 1
264 328 1
264 332 1
264 341 1
264 345 1
264 359 1
264 361 1
264 377 1
264 384 1
264 387 1
264 402 1
264 409 1
264 415 1
264 417 1
264 431 1
264 444 1
264 450 1
264 457 1
264 460 1
264 464 1
264 486 1
264 490 1
265 274 1
265 275 1
265 315 1
265 335 1
265 336 1
265 337 1
265 339 1
265 343 1
265 348 1
265 361 1
265 373 1
265 386 1
265 404 1
265 409 1
265 427 1
265 431 1
265 439 1
265 447 1
265 462 1
265 467 1
265 474 1
265 498 1
266 268 1
266 273 1
266 280 1
266 294 1
266 303 1
266 330 1
266 345 1
266 348 1
266 383 1
266 389 1
266 398 1
266 399 1
266 401 1
266 410 1
266 412 1
266 425 1
266 431 1
266 440 1
266 448 1
266 449 1
266 451 1
266 467 1
266 477 1
266 496 1
267 270 1
267 275 1
267 281 1
267 285 1
267 328 1
267 333 1
267 341 1
267 345 1
267 354 1
267 364 1
267 367 1
267 374 1
267 395 1
267 404 1
267 411 1
267 415 1
267 425 1
267 430 1
267 435 1
267 440 1
267 443 1
267 457 1
267 459 1
267 463 1
267 473 1
267 478 1
268 270 1
268 275 1
268 285 1
268 297 1
268 308 1
268 313 1
268 321 1
268 323 1
268 324 1
268 325 1
268 348 1
268 359 1
268 370 1
268 389 1
268 396 1
268 397 1
268 400 1
268 423 1
268 442 1
268 452 1
268 455 1
268 464 1
268 467 1
268 469 1
268 494 1
268 499 1
269 273 1
269 283 1
269 291 1
269 303 1
269 313 1
269 328 1
269 343 1
269 357 1
269 362 1
269 367 1
269 379 1
269 382 1
269 394 1
269 395 1
269 399 1
269 401 1
269 413 1
269 430 1
269 438 1
269 458 1
269 460 1
269 466 1
269 468 1
269 476 1
269 480 1
269 490 1
270 278 1
270 283 1
270 291 1
270 317 1
270 320 1
270 321 1
270 335 1
270 367 1
270 369 1
270 370 1
270 371 1
270 390 1
270 426 1
270 427 1
270 452 1
270 455 1
270 466 1
270 476 1
270 486 1
270 489 1
270 490 1
271 279 1
271 293 1
271 315 1
271 316 1
271 323 1
271 328 1
271 353 1
271 364 1
271 372 1
271 382 1
271 388 1
271 390 1
271 405 1
271 431 1
271 436 1
271 438 1
271 457 1
271 458 1
271 479 1
271 489 1
272 276 1
272 309 1
272 313 1
272 363 1
272 366 1
272 368 1
272 369 1
272 371 1
272 384 1
272 387 1
272 398 1
272 399 1
272 420 1
272 421 1
272 429 1
272 432 1
272 433 1
272 438 1
272 440 1
272 442 1
272 455 1
272 466 1
272 483 1
272 493 1
273 281 1
273 284 1
273 286 1
273 310 1
273 314 1
273 327 1
273 332 1
273 351 1
273 352 1
273 355 1
273 365 1
273 366 1
273 367 1
273 368 1
273 390 1
273 407 1
273 424 1
273 434 1
273 439 1
273 460 1
273 461 1
273 462 1
273 463 1
273 464 1
274 280 1
274 297 1
274 309 1
274 315 1
274 323 1
274 328 1
274 331 1
274 345 1
274 365 1
274 378 1
274 384 1
274 390 1
274 408 1
274 413 1
274 416 1
274 419 1
274 475 1
274 477 1
274 484 1
274 487 1
274 490 1
274 497 1
275 278 1
275 295 1
275 307 1
275 308 1
275 313 1
275 327 1
275 334 1
275 336 1
275 338 1
275 353 1
275 367 1
275 396 1
275 407 1
275 415 1
275 424 1
275 425 1
275 439 1
275 442 1
275 460 1
275 470 1
275 471 1
275 483 1
275 487 1
275 494 1
276 279 1
276 294 1
276 307 1
276 320 1
276 323 1
276 324 1
276 326 1
276 329 1
276 345 1
276 397 1
276 412 1
276 426 1
276 428 1
276 445 1
276 453 1
276 470 1
276 473 1
276 477 1
276 481 1
276 487 1
277 282 1
277 290 1
277 295 1
277 298 1
277 310 1
277 313 1
277 316 1
277 329 1
277 350 1
277 367 1
277 381 1
277 397 1
277 399 1
277 402 1
277 410 1
277 419 1
277 421 1
277 433 1
277 445 1
277 449 1
277 450 1
277 453 1
277 457 1
277 458 1
277 465 1
277 469 1
277 473 1
277 474 1
277 478 1
277 482 1
278 285 1
278 289 1
278 306 1
278 330 1
278 332 1
278 353 1
278 375 1
278 378 1
278 379 1
278 380 1
278 387 1
278 392 1
278 395 1
278 397 1
278 403 1
278 422 1
278 428 1
278 436 1
278 456 1
278 462 1
278 464 1
278 466 1
278 468 1
278 470 1
278 490 1
278 493 1
278 495 1
279 285 1
279 306 1
279 315 1
279 318 1
279 320 1
279 375 1
279 380 1
279 387 1
279 399 1
279 408 1
279 432 1
279 434 1
279 463 1
279 468 1
279 496 1
280 281 1
280 284 1
280 307 1
280 312 1
280 348 1
280 350 1
280 358 1
280 366 1
280 368 1
280 372 1
280 377 1
280 387 1
280 390 1
280 420 1
280 430 1
280 435 1
280 439 1
280 454 1
280 458 1
280 467 1
280 475 1
280 490 1
280 495 1
281 302 1
281 308 1
281 313 1
281 318 1
281 323 1
281 350 1
281 354 1
281 355 1
281 356 1
281 376 1
281 380 1
281 395 1
281 417 1
281 444 1
281 445 1
281 450 1
281 456 1
281 461 1
281 467 1
281 485 1
281 487 1
281 494 1
282 286 1
282 288 1
282 291 1
282 297 1
282 311 1
282 324 1
282 334 1
282 341 1
282 351 1
282 359 1
282 367 1
282 368 1
282 389 1
282 399 1
282 406 1
282 409 1
282 412 1
282 413 1
282 423 1
282 427 1
282 436 1
282 439 1
282 446 1
282 456 1
282 465 1
282 469 1
282 479 1
282 481 1
282 483 1
282 484 1
282 491 1
282 494 1
282 495 1
283 298 1
283 326 1
283 335 1
283 343 1
283 344 1
283 348 1
283 362 1
283 394 1
283 402 1
283 420 1
283 436 1
283 440 1
283 463 1
283 467 1
283 490 1
283 498 1
283 499 1
284 286 1
284 295 1
284 297 1
284 304 1
284 306 1
284 311 1
284 320 1
284 326 1
284 362 1
284 363 1
284 379 1
284 388 1
284 391 1
284 398 1
284 404 1
284 405 1
284 422 1
284 423 1
284 424 1
284 428 1
284 433 1
284 447 1
284 461 1
284 473 1
285 290 1
285 301 1
285 306 1
285 310 1
285 312 1
285 313 1
285 322 1
285 326 1
285 355 1
285 373 1
285 380 1
285 388 1
285 389 1
285 398 1
285 410 1
285 422 1
285 429 1
285 439 1
285 454 1
285 457 1
285 461 1
285 478 1
285 490 1
285 491 1
286 288 1
286 320 1
286 321 1
286 327 1
286 332 1
286 354 1
286 367 1
286 373 1
286 404 1
286 410 1
286 418 1
286 420 1
286 423 1
286 430 1
286 435 1
286 444 1
286 447 1
286 448 1
286 450 1
286 472 1
286 477 1
286 480 1
286 491 1
286 492 1
287 302 1
287 304 1
287 312 1
287 313 1
287 331 1
287 337 1
287 338 1
287 340 1
287 345 1
287 359 1
287 370 1
287 377 1
287 412 1
287 414 1
287 418 1
287 424 1
287 433 1
287 437 1
287 445 1
287 454 1
287 466 1
287 469 1
287 471 1
287 479 1
287 493 1
287 499 1
288 293 1
288 296 1
288 303 1
288 307 1
288 317 1
288 319 1
288 320 1
288 364 1
288 366 1
288 420 1
288 421 1
288 423 1
288 428 1
288 430 1
288 443 1
288 444 1
288 452 1
288 461 1
288 477 1
288 479 1
288 486 1
289 303 1
289 320 1
289 321 1
289 323 1
289 331 1
289 334 1
289 350 1
289 356 1
289 358 1
289 364 1
289 377 1
289 391 1
289 409 1
289 426 1
289 432 1
289 439 1
289 443 1
289 445 1
289 450 1
289 456 1
289 465 1
289 481 1
290 294 1
290 299 1
290 302 1
290 306 1
290 324 1
290 332 1
290 357 1
290 361 1
290 366 1
290 382 1
290 386 1
290 392 1
290 412 1
290 435 1
290 436 1
290 441 1
290 450 1
290 458 1
290 477 1
290 485 1
290 488 1
290 490 1
290 492 1
290 497 1
291 292 1
291 295 1
291 301 1
291 315 1
291 323 1
291 328 1
291 334 1
291 337 1
291 373 1
291 379 1
291 448 1
291 460 1
291 470 1
291 482 1
291 483 1
291 487 1
291 490 1
291 498 1
292 318 1
292 358 1
292 394 1
292 435 1
292 443 1
292 456 1
292 464 1
292 492 1
292 494 1
293 296 1
293 348 1
293 351 1
293 381 1
293 389 1
293 396 1
293 431 1
293 433 1
293 437 1
293 439 1
293 447 1
293 457 1
293 458 1
293 464 1
293 478 1
293 490 1
293 491 1
293 497 1
293 499 1
294 296 1
294 309 1
294 320 1
294 348 1
294 401 1
294 435 1
294 445 1
294 454 1
294 458 1
294 468 1
294 472 1
294 481 1
294 485 1
294 489 1
294 498 1
295 299 1
295 317 1
295 327 1
295 330 1
295 337 1
295 343 1
295 363 1
295 365 1
295 367 1
295 378 1
295 385 1
295 391 1
295 395 1
295 399 1
295 418 1
295 430 1
295 441 1
295 448 1
295 462 1
295 463 1
295 472 1
295 482 1
295 483 1
295 489 1
295 491 1
296 298 1
296 324 1
296 362 1
296 375 1
296 398 1
296 430 1
296 448 1
296 455 1
296 467 1
296 490 1
296 496 1
297 303 1
297 306 1
297 314 1
297 317 1
297 335 1
297 352 1
297 355 1
297 361 1
297 371 1
297 376 1
297 387 1
297 398 1
297 405 1
297 408 1
297 414 1
297 423 1
297 430 1
297 434 1
297 436 1
297 444 1
297 458 1
297 476 1
297 483 1
297 495 1
298 359 1
298 361 1
298 381 1
298 384 1
298 418 1
298 434 1
298 442 1
298 443 1
298 459 1
298 464 1
298 468 1
298 483 1
298 487 1
299 301 1
299 310 1
299 336 1
299 346 1
299 360 1
299 367 1
299 369 1
299 371 1
299 389 1
299 391 1
299 397 1
299 401 1
299 408 1
299 414 1
299 416 1
299 424 1
299 426 1
299 448 1
299 459 1
299 460 1
299 464 1
299 471 1
299 481 1
299 487 1
300 318 1
300 331 1
300 346 1
300 355 1
300 360 1
300 363 1
300 365 1
300 369 1
300 374 1
300 378 1
300 382 1
300 391 1
300 398 1
300 399 1
300 401 1
300 409 1
300 418 1
300 427 1
300 435 1
300 450 1
300 451 1
300 461 1
300 493 1
301 303 1
301 304 1
301 307 1
301 320 1
301 336 1
301 344 1
301 362 1
301 405 1
301 426 1
301 430 1
301 435 1
301 439 1
301 448 1
301 455 1
301 462 1
301 473 1
301 481 1
301 493 1
301 495 1
302 322 1
302 338 1
302 340 1
302 343 1
302 351 1
302 357 1
302 376 1
302 377 1
302 395 1
302 401 1
302 410 1
302 412 1
302 423 1
302 424 1
302 431 1
302 454 1
302 476 1
302 480 1
302 486 1
303 309 1
303 311 1
303 317 1
303 323 1
303 337 1
303 344 1
303 356 1
303 367 1
303 375 1
303 377 1
303 391 1
303 392 1
303 421 1
303 427 1
303 432 1
303 435 1
303 440 1
303 442 1
303 457 1
303 463 1
303 482 1
304 321 1
304 331 1
304 337 1
304 348 1
304 381 1
304 393 1
304 410 1
304 412 1
304 413 1
304 428 1
304 440 1
304 445 1
304 456 1
304 497 1
305 340 1
305 347 1
305 350 1
305 351 1
305 387 1
305 390 1
305 396 1
305 402 1
305 406 1
305 413 1
305 420 1
305 446 1
305 451 1
305 461 1
305 468 1
305 472 1
305 486 1
305 492 1
306 312 1
306 315 1
306 322 1
306 338 1
306 342 1
306 357 1
306 373 1
306 377 1
306 385 1
306 389 1
306 396 1
306 398 1
306 410 1
306 414 1
306 416 1
306 423 1
306 460 1
306 465 1
306 479 1
306 490 1
307 310 1
307 315 1
307 333 1
307 347 1
307 350 1
307 364 1
307 372 1
307 376 1
307 377 1
307 390 1
307 411 1
307 431 1
307 437 1
307 442 1
307 445 1
307 463 1
307 471 1
307 473 1
307 488 1
308 311 1
308 326 1
308 329 1
308 341 1
308 348 1
308 351 1
308 352 1
308 355 1
308 366 1
308 370 1
308 378 1
308 397 1
308 403 1
308 416 1
308 427 1
308 431 1
308 439 1
308 454 1
308 473 1
308 480 1
308 489 1
308 490 1
309 314 1
309 329 1
309 342 1
309 355 1
309 356 1
309 358 1
309 369 1
309 378 1
309 405 1
309 407 1
309 411 1
309 414 1
309 431 1
309 439 1
309 443 1
309 449 1
309 462 1
309 482 1
309 500 1
310 339 1
310 345 1
310 352 1
310 355 1
310 360 1
310 362 1
310 373 1
310 400 1
310 401 1
310 404 1
310 408 1
310 411 1
310 417 1
310 422 1
310 428 1
310 432 1
310 435 1
310 445 1
310 454 1
310 462 1
310 473 1
310 474 1
310 484 1
310 499 1
311 331 1
311 339 1
311 386 1
311 389 1
311 390 1
311 421 1
311 433 1
311 437 1
311 439 1
311 441 1
311 442 1
311 452 1
311 458 1
311 464 1
311 476 1
311 488 1
311 492 1
312 315 1
312 317 1
312 322 1
312 328 1
312 350 1
312 358 1
312 379 1
312 383 1
312 384 1
312 397 1
312 399 1
312 408 1
312 417 1
312 422 1
312 429 1
312 436 1
312 443 1
312 445 1
312 447 1
312 453 1
312 460 1
312 465 1
312 469 1
312 478 1
312 481 1
312 489 1
312 490 1
313 315 1
313 341 1
313 343 1
313 347 1
313 356 1
313 386 1
313 387 1
313 401 1
313 405 1
313 407 1
313 424 1
313 428 1
313 438 1
313 450 1
313 468 1
313 473 1
313 477 1
313 481 1
313 498 1
314 333 1
314 335 1
314 346 1
314 358 1
314 362 1
314 376 1
314 377 1
314 378 1
314 381 1
314 384 1
314 393 1
314 394 1
314 407 1
314 409 1
314 422 1
314 423 1
314 427 1
314 447 1
314 456 1
314 464 1
314 472 1
314 477 1
314 487 1
314 488 1
314 490 1
314 491 1
314 500 1
315 348 1
315 361 1
315 384 1
315 426 1
315 490 1
315 494 1
315 500 1
316 322 1
316 324 1
316 331 1
316 346 1
316 351 1
316 379 1
316 382 1
316 390 1
316 391 1
316 408 1
316 410 1
316 439 1
316 445 1
316 447 1
316 451 1
316 469 1
316 474 1
316 480 1
316 482 1
316 495 1
317 323 1
317 329 1
317 332 1
317 337 1
317 368 1
317 380 1
317 382 1
317 386 1
317 392 1
317 406 1
317 420 1
317 432 1
317 436 1
317 438 1
317 477 1
317 496 1
318 319 1
318 339 1
318 351 1
318 374 1
318 378 1
318 381 1
318 397 1
318 404 1
318 408 1
318 409 1
318 438 1
318 451 1
318 455 1
318 457 1
318 462 1
318 467 1
318 469 1
318 484 1
318 486 1
318 489 1
319 327 1
319 331 1
319 337 1
319 351 1
319 353 1
319 362 1
319 386 1
319 395 1
319 396 1
319 398 1
319 400 1
319 410 1
319 437 1
319 449 1
319 455 1
319 460 1
319 466 1
319 468 1
319 473 1
319 486 1
319 487 1
320 344 1
320 366 1
320 372 1
320 393 1
320 401 1
320 408 1
320 452 1
320 455 1
320 467 1
320 478 1
320 481 1
320 497 1
321 323 1
321 343 1
321 356 1
321 363 1
321 366 1
321 368 1
321 378 1
321 392 1
321 414 1
321 427 1
321 433 1
321 434 1
321 439 1
321 459 1
321 464 1
321 470 1
321 475 1
322 327 1
322 337 1
322 345 1
322 359 1
322 362 1
322 369 1
322 389 1
322 392 1
322 393 1
322 405 1
322 421 1
322 428 1
322 450 1
322 454 1
322 459 1
322 477 1
322 490 1
323 344 1
323 351 1
323 357 1
323 362 1
323 367 1
323 375 1
323 378 1
323 381 1
323 399 1
323 404 1
323 409 1
323 416 1
323 419 1
323 426 1
323 427 1
323 446 1
323 449 1
323 450 1
323 467 1
323 469 1
323 495 1
324 328 1
324 349 1
324 400 1
324 405 1
324 406 1
324 408 1
324 409 1
324 411 1
324 458 1
324 476 1
324 486 1
324 492 1
325 332 1
325 343 1
325 360 1
325 379 1
325 383 1
325 385 1
325 398 1
325 400 1
325 401 1
325 405 1
325 412 1
325 440 1
325 455 1
325 458 1
325 462 1
325 467 1
325 474 1
325 496 1
326 329 1
326 331 1
326 335 1
326 339 1
326 347 1
326 371 1
326 373 1
326 378 1
326 393 1
326 404 1
326 410 1
326 412 1
326 415 1
326 416 1
326 420 1
326 421 1
326 451 1
326 454 1
326 459 1
326 466 1
326 471 1
326 481 1
327 331 1
327 332 1
327 351 1
327 376 1
327 378 1
327 380 1
327 388 1
327 389 1
327 391 1
327 396 1
327 403 1
327 405 1
327 425 1
327 444 1
327 450 1
327 453 1
327 471 1
327 475 1
327 482 1
327 489 1
327 490 1
328 336 1
328 340 1
328 341 1
328 348 1
328 373 1
328 386 1
328 389 1
328 397 1
328 398 1
328 415 1
328 441 1
328 459 1
328 464 1
328 470 1
328 498 1
329 347 1
329 361 1
329 366 1
329 376 1
329 379 1
329 405 1
329 409 1
329 433 1
329 437 1
329 438 1
329 442 1
329 447 1
329 451 1
329 455 1
329 459 1
329 488 1
330 332 1
330 345 1
330 371 1
330 375 1
330 390 1
330 391 1
330 395 1
330 400 1
330 408 1
330 416 1
330 417 1
330 426 1
330 437 1
330 448 1
330 457 1
330 460 1
330 461 1
330 468 1
330 469 1
330 491 1
331 343 1
331 344 1
331 367 1
331 378 1
331 379 1
331 390 1
331 394 1
331 407 1
331 434 1
331 441 1
331 452 1
331 453 1
331 459 1
331 465 1
331 476 1
331 500 1
332 367 1
332 387 1
332 389 1
332 394 1
332 396 1
332 417 1
332 419 1
332 425 1
332 429 1
332 434 1
332 440 1
332 445 1
332 448 1
332 485 1
332 500 1
333 338 1
333 340 1
333 345 1
333 350 1
333 357 1
333 383 1
333 389 1
333 397 1
333 406 1
333 420 1
333 423 1
333 426 1
333 432 1
333 434 1
333 445 1
333 460 1
333 462 1
333 473 1
333 477 1
333 495 1
334 344 1
334 347 1
334 364 1
334 366 1
334 375 1
334 410 1
334 429 1
334 454 1
334 467 1
334 485 1
335 336 1
335 343 1
335 353 1
335 381 1
335 395 1
335 399 1
335 402 1
335 431 1
335 438 1
335 442 1
335 446 1
335 447 1
335 452 1
335 460 1
335 480 1
335 481 1
335 487 1
335 491 1
335 495 1
336 338 1
336 342 1
336 361 1
336 362 1
336 366 1
336 379 1
336 380 1
336 381 1
336 418 1
336 423 1
336 428 1
336 444 1
336 452 1
336 458 1
336 459 1
336 464 1
336 469 1
336 470 1
336 496 1
337 343 1
337 345 1
337 355 1
337 363 1
337 374 1
337 377 1
337 388 1
337 402 1
337 415 1
337 421 1
337 424 1
337 439 1
337 449 1
337 452 1
337 475 1
337 481 1
337 492 1
337 498 1
338 345 1
338 349 1
338 351 1
338 360 1
338 361 1
338 378 1
338 438 1
338 443 1
338 444 1
338 450 1
338 453 1
338 454 1
338 458 1
338 469 1
338 475 1
338 479 1
338 482 1
339 348 1
339 349 1
339 351 1
339 355 1
339 360 1
339 366 1
339 380 1
339 384 1
339 425 1
339 427 1
339 436 1
339 458 1
339 460 1
339 469 1
339 492 1
340 341 1
340 348 1
340 350 1
340 359 1
340 360 1
340 371 1
340 384 1
340 386 1
340 392 1
340 403 1
340 413 1
340 425 1
340 426 1
340 434 1
340 449 1
340 459 1
340 489 1
340 491 1
340 498 1
341 342 1
341 345 1
341 348 1
341 364 1
341 377 1
341 389 1
341 399 1
341 401 1
341 425 1
341 431 1
341 440 1
341 450 1
341 453 1
341 471 1
341 489 1
341 493 1
341 497 1
342 350 1
342 351 1
342 354 1
342 355 1
342 357 1
342 359 1
342 373 1
342 376 1
342 380 1
342 402 1
342 407 1
342 416 1
342 430 1
342 432 1
342 434 1
342 461 1
342 464 1
342 493 1
342 496 1
343 347 1
343 348 1
343 352 1
343 366 1
343 377 1
343 378 1
343 380 1
343 386 1
343 387 1
343 391 1
343 396 1
343 401 1
343 407 1
343 414 1
343 417 1
343 446 1
343 449 1
343 478 1
343 486 1
343 488 1
344 351 1
344 352 1
344 365 1
344 374 1
344 383 1
344 401 1
344 407 1
344 420 1
344 429 1
344 436 1
344 437 1
344 438 1
344 443 1
344 455 1
344 458 1
344 459 1
344 464 1
344 465 1
344 491 1
344 493 1
344 499 1
345 350 1
345 353 1
345 367 1
345 370 1
345 378 1
345 383 1
345 424 1
345 436 1
345 446 1
345 448 1
345 451 1
345 486 1
345 487 1
345 498 1
346 347 1
346 356 1
346 366 1
346 374 1
346 375 1
346 390 1
346 391 1
346 398 1
346 408 1
346 423 1
346 429 1
346 434 1
346 441 1
346 444 1
346 445 1
346 463 1
346 469 1
346 483 1
346 486 1
346 487 1
347 361 1
347 376 1
347 378 1
347 381 1
347 384 1
347 395 1
347 407 1
347 408 1
347 414 1
347 415 1
347 423 1
347 432 1
347 434 1
347 440 1
347 446 1
347 460 1
348 355 1
348 365 1
348 377 1
348 390 1
348 400 1
348 402 1
348 405 1
348 408 1
348 434 1
348 444 1
348 445 1
348 455 1
348 466 1
348 467 1
348 488 1
348 497 1
349 352 1
349 353 1
349 355 1
349 359 1
349 362 1
349 376 1
349 381 1
349 387 1
349 400 1
349 432 1
349 457 1
349 462 1
349 498 1
350 359 1
350 365 1
350 373 1
350 375 1
350 384 1
350 396 1
350 402 1
350 420 1
350 421 1
350 431 1
350 432 1
350 438 1
350 440 1
350 460 1
350 464 1
350 475 1
350 480 1
351 355 1
351 359 1
351 362 1
351 370 1
351 387 1
351 389 1
351 390 1
351 396 1
351 397 1
351 418 1
351 436 1
351 440 1
351 454 1
351 464 1
351 481 1
351 491 1
352 353 1
352 354 1
352 355 1
352 362 1
352 369 1
352 386 1
352 398 1
352 415 1
352 425 1
352 434 1
352 442 1
352 451 1
352 455 1
352 463 1
352 468 1
352 472 1
353 387 1
353 390 1
353 394 1
353 407 1
353 437 1
353 442 1
353 448 1
353 453 1
353 455 1
353 477 1
353 483 1
353 497 1
353 500 1
354 382 1
354 396 1
354 403 1
354 404 1
354 409 1
354 410 1
354 425 1
354 433 1
354 438 1
354 449 1
354 450 1
354 471 1
354 484 1
354 487 1
354 489 1
355 357 1
355 360 1
355 365 1
355 389 1
355 396 1
355 420 1
355 434 1
355 442 1
355 449 1
355 450 1
355 458 1
355 473 1
355 487 1
356 369 1
356 370 1
356 379 1
356 386 1
356 391 1
356 401 1
356 413 1
356 425 1
356 426 1
356 441 1
356 442 1
356 456 1
356 459 1
357 362 1
357 366 1
357 373 1
357 376 1
357 384 1
357 409 1
357 410 1
357 419 1
357 420 1
357 431 1
357 433 1
357 453 1
357 471 1
357 490 1
357 492 1
357 494 1
358 366 1
358 371 1
358 372 1
358 404 1
358 412 1
358 419 1
358 420 1
358 421 1
358 433 1
358 443 1
358 455 1
358 459 1
358 475 1
358 481 1
358 490 1
359 363 1
359 373 1
359 385 1
359 425 1
359 427 1
359 434 1
359 436 1
359 437 1
359 475 1
359 481 1
359 485 1
359 488 1
359 493 1
359 497 1
359 500 1
360 362 1
360 380 1
360 384 1
360 391 1
360 421 1
360 424 1
360 426 1
360 436 1
360 453 1
360 474 1
360 476 1
360 479 1
360 493 1
360 497 1
361 368 1
361 380 1
361 383 1
361 399 1
361 402 1
361 425 1
361 444 1
361 452 1
361 458 1
361 480 1
361 495 1
361 498 1
362 364 1
362 392 1
362 394 1
362 409 1
362 412 1
362 417 1
362 429 1
362 453 1
362 456 1
362 469 1
362 473 1
362 491 1
362 497 1
362 498 1
363 378 1
363 390 1
363 406 1
363 411 1
363 418 1
363 429 1
363 445 1
363 453 1
363 475 1
363 485 1
363 497 1
364 366 1
364 374 1
364 380 1
364 382 1
364 404 1
364 417 1
364 432 1
364 457 1
364 470 1
364 473 1
364 476 1
364 478 1
365 373 1
365 385 1
365 386 1
365 411 1
365 427 1
365 446 1
365 493 1
366 372 1
366 374 1
366 390 1
366 400 1
366 401 1
366 410 1
366 411 1
366 412 1
366 414 1
366 425 1
366 433 1
366 444 1
366 451 1
366 461 1
366 464 1
366 479 1
367 380 1
367 382 1
367 384 1
367 403 1
367 414 1
367 417 1
367 418 1
367 429 1
367 433 1
367 435 1
367 440 1
367 443 1
367 462 1
367 463 1
367 466 1
367 490 1
367 495 1
368 370 1
368 380 1
368 394 1
368 402 1
368 405 1
368 416 1
368 417 1
368 422 1
368 457 1
368 463 1
368 470 1
368 489 1
368 495 1
368 496 1
368 499 1
369 370 1
369 383 1
369 388 1
369 395 1
369 404 1
369 405 1
369 428 1
369 430 1
369 434 1
369 454 1
369 460 1
369 464 1
369 465 1
369 467 1
369 483 1
369 491 1
370 376 1
370 395 1
370 409 1
370 420 1
370 427 1
370 431 1
370 457 1
370 460 1
371 374 1
371 388 1
371 389 1
371 390 1
371 392 1
371 397 1
371 404 1
371 405 1
371 416 1
371 428 1
371 440 1
371 469 1
371 472 1
371 484 1
371 487 1
371 497 1
372 376 1
372 400 1
372 404 1
372 407 1
372 422 1
372 443 1
372 444 1
372 460 1
372 493 1
372 494 1
373 380 1
373 381 1
373 384 1
373 389 1
373 403 1
373 414 1
373 417 1
373 449 1
373 451 1
373 452 1
373 454 1
373 489 1
374 376 1
374 380 1
374 391 1
374 395 1
374 421 1
374 424 1
374 425 1
374 427 1
374 428 1
374 433 1
374 452 1
374 454 1
374 468 1
374 469 1
374 487 1
375 377 1
375 403 1
375 407 1
375 416 1
375 420 1
375 446 1
375 449 1
375 457 1
375 459 1
375 482 1
375 495 1
375 497 1
376 398 1
376 400 1
376 411 1
376 429 1
376 444 1
376 459 1
376 477 1
377 380 1
377 384 1
377 396 1
377 420 1
377 436 1
377 441 1
377 450 1
377 468 1
377 485 1
378 379 1
378 390 1
378 406 1
378 433 1
378 438 1
378 445 1
378 448 1
378 459 1
378 481 1
378 490 1
378 495 1
379 404 1
379 415 1
379 417 1
379 424 1
379 429 1
379 457 1
379 494 1
379 497 1
380 381 1
380 388 1
380 389 1
380 390 1
380 403 1
380 412 1
380 428 1
380 463 1
380 469 1
380 472 1
380 484 1
380 496 1
381 437 1
381 444 1
381 447 1
381 480 1
381 491 1
381 494 1
381 496 1
381 497 1
382 401 1
382 407 1
382 409 1
382 414 1
382 418 1
382 419 1
382 424 1
382 454 1
382 481 1
382 484 1
382 490 1
382 491 1
382 495 1
382 499 1
383 387 1
383 390 1
383 405 1
383 411 1
383 436 1
383 488 1
383 489 1
383 491 1
383 494 1
383 500 1
384 425 1
384 434 1
384 460 1
384 479 1
384 490 1
384 496 1
385 396 1
385 404 1
385 431 1
385 438 1
385 448 1
385 449 1
385 461 1
385 470 1
385 472 1
385 477 1
385 485 1
385 486 1
385 491 1
385 494 1
386 394 1
386 399 1
386 403 1
386 421 1
386 434 1
386 451 1
386 459 1
386 477 1
386 489 1
387 390 1
387 402 1
387 404 1
387 435 1
387 440 1
387 444 1
387 468 1
388 393 1
388 415 1
388 475 1
388 482 1
388 496 1
389 401 1
389 422 1
389 438 1
389 442 1
389 459 1
389 463 1
389 464 1
389 491 1
390 453 1
390 475 1
390 493 1
391 413 1
391 417 1
391 426 1
391 434 1
391 454 1
391 457 1
391 476 1
391 477 1
391 499 1
391 500 1
392 397 1
392 399 1
392 403 1
392 413 1
392 418 1
392 430 1
392 433 1
392 434 1
392 446 1
392 447 1
392 469 1
393 416 1
393 425 1
393 441 1
393 465 1
393 469 1
393 475 1
393 499 1
394 401 1
394 409 1
394 441 1
394 461 1
394 463 1
394 491 1
395 411 1
395 430 1
395 432 1
395 435 1
395 442 1
395 456 1
395 457 1
395 463 1
395 474 1
396 403 1
396 409 1
396 422 1
396 429 1
396 437 1
396 466 1
396 475 1
396 496 1
396 497 1
397 398 1
397 410 1
397 429 1
397 430 1
397 438 1
397 441 1
397 451 1
397 454 1
397 462 1
397 463 1
397 498 1
398 408 1
398 438 1
398 449 1
398 451 1
398 460 1
398 474 1
398 475 1
398 491 1
399 423 1
399 425 1
399 432 1
399 445 1
399 464 1
399 474 1
399 477 1
399 484 1
399 485 1
399 486 1
399 500 1
400 410 1
400 413 1
400 433 1
400 439 1
400 440 1
400 441 1
400 443 1
400 447 1
400 452 1
400 455 1
400 460 1
400 482 1
400 491 1
400 496 1
400 497 1
401 407 1
401 422 1
401 433 1
401 450 1
401 452 1
401 453 1
401 458 1
401 469 1
401 470 1
401 472 1
401 477 1
402 413 1
402 427 1
402 429 1
402 435 1
402 440 1
402 453 1
402 464 1
402 496 1
402 497 1
403 431 1
403 454 1
403 455 1
403 463 1
403 476 1
403 483 1
404 407 1
404 427 1
404 428 1
404 434 1
404 437 1
404 451 1
404 464 1
404 484 1
404 489 1
405 416 1
405 426 1
405 441 1
405 446 1
405 448 1
405 470 1
405 475 1
405 477 1
405 479 1
405 484 1
406 419 1
406 430 1
406 436 1
406 438 1
406 476 1
406 477 1
406 479 1
406 495 1
407 412 1
407 419 1
407 420 1
407 431 1
407 432 1
407 447 1
407 450 1
407 454 1
407 456 1
407 457 1
407 473 1
407 475 1
407 476 1
407 499 1
408 421 1
408 424 1
408 435 1
408 462 1
408 469 1
408 484 1
408 500 1
409 414 1
409 420 1
409 422 1
409 425 1
409 426 1
409 432 1
409 437 1
409 442 1
409 443 1
409 482 1
409 498 1
409 500 1
410 415 1
410 420 1
410 421 1
410 426 1
410 434 1
410 453 1
410 456 1
410 463 1
410 481 1
410 484 1
410 495 1
411 431 1
411 436 1
411 451 1
411 464 1
411 471 1
411 473 1
411 480 1
412 421 1
412 432 1
412 433 1
412 439 1
412 447 1
412 463 1
412 470 1
412 471 1
412 484 1
413 425 1
413 432 1
413 452 1
413 453 1
413 457 1
413 462 1
413 463 1
413 468 1
413 489 1
413 493 1
413 497 1
414 429 1
414 436 1
414 437 1
414 441 1
414 465 1
414 476 1
414 477 1
415 422 1
415 428 1
415 431 1
415 436 1
415 445 1
415 461 1
415 470 1
415 487 1
415 488 1
416 427 1
416 431 1
416 434 1
416 463 1
416 475 1
416 481 1
416 489 1
416 491 1
416 493 1
417 425 1
417 427 1
417 430 1
417 434 1
417 442 1
417 451 1
417 457 1
417 461 1
417 488 1
417 491 1
417 493 1
417 497 1
418 423 1
418 439 1
418 441 1
418 442 1
418 460 1
418 490 1
418 496 1
419 424 1
419 436 1
419 466 1
419 467 1
419 476 1
419 486 1
419 488 1
420 446 1
420 450 1
420 460 1
420 467 1
420 474 1
420 492 1
420 494 1
420 496 1
421 427 1
421 441 1
421 454 1
421 457 1
421 464 1
421 469 1
421 471 1
421 473 1
421 485 1
421 493 1
422 423 1
422 439 1
422 440 1
422 443 1
422 444 1
422 445 1
422 458 1
422 464 1
422 465 1
422 468 1
422 471 1
422 482 1
423 456 1
423 489 1
423 498 1
424 438 1
424 454 1
424 462 1
424 469 1
424 487 1
424 494 1
425 447 1
425 459 1
425 464 1
425 468 1
425 473 1
425 476 1
425 486 1
426 430 1
426 461 1
426 473 1
426 481 1
426 491 1
427 447 1
427 453 1
427 457 1
427 460 1
427 461 1
427 462 1
427 463 1
427 465 1
427 475 1
427 491 1
427 492 1
427 493 1
427 496 1
428 436 1
428 440 1
428 454 1
428 462 1
428 483 1
428 484 1
428 489 1
428 492 1
429 434 1
429 436 1
429 442 1
429 474 1
429 478 1
429 487 1
429 489 1
429 490 1
429 495 1
430 433 1
430 451 1
430 455 1
430 461 1
430 469 1
430 472 1
430 479 1
430 483 1
430 488 1
430 489 1
430 490 1
431 433 1
431 438 1
431 459 1
431 465 1
431 488 1
432 456 1
432 469 1
433 449 1
433 453 1
433 459 1
433 491 1
433 500 1
434 436 1
434 439 1
434 447 1
434 453 1
434 478 1
434 482 1
434 488 1
434 491 1
434 493 1
434 495 1
435 440 1
435 462 1
435 468 1
435 497 1
436 473 1
436 475 1
436 490 1
436 495 1
437 442 1
437 454 1
437 481 1
437 491 1
438 446 1
438 448 1
438 496 1
439 470 1
439 488 1
439 496 1
440 458 1
440 471 1
440 476 1
440 496 1
440 500 1
441 500 1
442 446 1
442 470 1
442 472 1
442 476 1
442 490 1
442 497 1
443 451 1
443 457 1
443 499 1
444 455 1
444 474 1
444 477 1
444 479 1
444 481 1
444 500 1
445 469 1
445 472 1
445 486 1
446 466 1
447 449 1
447 463 1
447 471 1
447 472 1
447 481 1
447 493 1
447 497 1
448 456 1
448 466 1
448 479 1
448 488 1
448 490 1
448 493 1
449 450 1
449 463 1
449 473 1
449 489 1
450 454 1
450 460 1
450 466 1
450 479 1
450 486 1
450 500 1
451 470 1
451 472 1
451 490 1
452 484 1
452 489 1
452 490 1
453 459 1
453 473 1
453 474 1
453 478 1
453 486 1
453 492 1
453 497 1
454 490 1
455 458 1
455 470 1
455 474 1
455 478 1
455 480 1
455 483 1
455 485 1
455 496 1
456 469 1
456 473 1
456 481 1
456 489 1
456 490 1
456 495 1
456 500 1
457 472 1
457 495 1
458 463 1
458 481 1
458 482 1
458 484 1
458 487 1
458 495 1
459 469 1
459 476 1
459 477 1
459 483 1
460 474 1
461 484 1
462 467 1
462 469 1
462 481 1
462 482 1
462 495 1
463 474 1
463 477 1
463 486 1
463 487 1
463 488 1
463 495 1
463 500 1
464 466 1
464 469 1
464 474 1
465 473 1
465 477 1
465 488 1
465 493 1
466 476 1
466 478 1
466 486 1
466 494 1
467 476 1
467 492 1
467 499 1
468 473 1
468 491 1
469 484 1
469 489 1
469 491 1
470 473 1
470 496 1
470 499 1
471 473 1
471 475 1
471 480 1
471 483 1
471 488 1
471 489 1
472 479 1
472 480 1
472 482 1
472 491 1
472 492 1
473 475 1
473 486 1
473 487 1
473 493 1
473 494 1
473 500 1
475 483 1
475 486 1
475 492 1
475 493 1
476 484 1
476 491 1
478 490 1
478 491 1
479 481 1
479 482 1
479 496 1
481 494 1
482 487 1
482 488 1
483 491 1
483 492 1
484 485 1
484 496 1
486 490 1
488 489 1
489 493 1
489 499 1
490 495 1
491 498 1
493 498 1
493 500 1
