800 20038
1 2 1
1 81 1
1 100 1
1 128 1
1 130 1
1 135 1
1 141 1
1 144 1
1 150 1
1 173 1
1 207 1
1 211 1
1 245 1
1 265 1
1 287 1
1 311 1
1 319 1
1 335 1
1 364 1
1 383 1
1 400 1
1 412 1
1 420 1
1 435 1
1 452 1
1 474 1
1 478 1
1 484 1
1 503 1
1 506 1
1 517 1
1 522 1
1 523 1
1 537 1
1 538 1
1 549 1
1 578 1
1 597 1
1 604 1
1 624 1
1 627 1
1 629 1
1 640 1
1 676 1
1 689 1
1 718 1
1 735 1
1 772 1
2 17 1
2 27 1
2 37 1
2 44 1
2 80 1
2 99 1
2 102 1
2 108 1
2 123 1
2 131 1
2 148 1
2 149 1
2 154 1
2 159 1
2 163 1
2 175 1
2 185 1
2 192 1
2 195 1
2 216 1
2 218 1
2 256 1
2 295 1
2 296 1
2 333 1
2 337 1
2 344 1
2 384 1
2 387 1
2 398 1
2 402 1
2 409 1
2 438 1
2 446 1
2 456 1
2 462 1
2 468 1
2 481 1
2 491 1
2 498 1
2 529 1
2 533 1
2 534 1
2 544 1
2 547 1
2 583 1
2 606 1
2 625 1
2 631 1
2 656 1
2 658 1
2 683 1
2 699 1
2 727 1
2 739 1
2 777 1
2 793 1
2 794 1
2 797 1
3 10 1
3 33 1
3 50 1
3 67 1
3 77 1
3 81 1
3 82 1
3 84 1
3 98 1
3 129 1
3 137 1
3 147 1
3 149 1
3 161 1
3 171 1
3 173 1
3 174 1
3 179 1
3 216 1
3 228 1
3 264 1
3 275 1
3 284 1
3 316 1
3 319 1
3 326 1
3 329 1
3 361 1
3 368 1
3 383 1
3 400 1
3 413 1
3 434 1
3 444 1
3 451 1
3 452 1
3 465 1
3 494 1
3 552 1
3 564 1
3 565 1
3 571 1
3 574 1
3 583 1
3 606 1
3 623 1
3 628 1
3 631 1
3 656 1
3 690 1
3 693 1
3 694 1
3 696 1
3 726 1
3 729 1
3 751 1
3 774 1
3 775 1
3 781 1
4 8 1
4 41 1
4 73 1
4 85 1
4 114 1
4 121 1
4 128 1
4 133 1
4 150 1
4 192 1
4 203 1
4 207 1
4 212 1
4 213 1
4 222 1
4 228 1
4 255 1
4 283 1
4 288 1
4 294 1
4 309 1
4 337 1
4 351 1
4 357 1
4 367 1
4 387 1
4 393 1
4 422 1
4 432 1
4 441 1
4 449 1
4 470 1
4 477 1
4 486 1
4 510 1
4 548 1
4 554 1
4 556 1
4 562 1
4 616 1
4 619 1
4 650 1
4 654 1
4 657 1
4 672 1
4 678 1
4 689 1
4 716 1
4 738 1
4 743 1
4 753 1
4 758 1
5 23 1
5 24 1
5 31 1
5 35 1
5 103 1
5 114 1
5 141 1
5 147 1
5 163 1
5 200 1
5 250 1
5 251 1
5 253 1
5 260 1
5 271 1
5 291 1
5 306 1
5 309 1
5 322 1
5 328 1
5 336 1
5 341 1
5 344 1
5 356 1
5 384 1
5 398 1
5 409 1
5 447 1
5 453 1
5 496 1
5 502 1
5 509 1
5 516 1
5 524 1
5 551 1
5 557 1
5 584 1
5 586 1
5 596 1
5 609 1
5 625 1
5 661 1
5 673 1
5 674 1
5 675 1
5 697 1
5 705 1
5 717 1
5 754 1
5 770 1
5 782 1
5 794 1
5 798 1
6 21 1
6 28 1
6 30 1
6 33 1
6 36 1
6 37 1
6 42 1
6 60 1
6 67 1
6 87 1
6 88 1
6 123 1
6 124 1
6 126 1
6 144 1
6 146 1
6 150 1
6 188 1
6 210 1
6 219 1
6 233 1
6 280 1
6 290 1
6 291 1
6 292 1
6 318 1
6 343 1
6 353 1
6 367 1
6 394 1
6 398 1
6 409 1
6 446 1
6 459 1
6 467 1
6 490 1
6 584 1
6 593 1
6 604 1
6 672 1
6 691 1
6 693 1
6 702 1
6 715 1
6 722 1
6 726 1
6 747 1
6 775 1
7 9 1
7 18 1
7 73 1
7 79 1
7 96 1
7 116 1
7 122 1
7 127 1
7 183 1
7 198 1
7 199 1
7 209 1
7 249 1
7 266 1
7 271 1
7 275 1
7 293 1
7 301 1
7 307 1
7 338 1
7 342 1
7 353 1
7 363 1
7 366 1
7 376 1
7 394 1
7 401 1
7 430 1
7 436 1
7 478 1
7 533 1
7 535 1
7 539 1
7 542 1
7 566 1
7 603 1
7 690 1
7 740 1
7 745 1
7 749 1
7 794 1
8 39 1
8 63 1
8 85 1
8 102 1
8 103 1
8 105 1
8 117 1
8 134 1
8 137 1
8 157 1
8 187 1
8 230 1
8 234 1
8 247 1
8 272 1
8 329 1
8 332 1
8 340 1
8 394 1
8 472 1
8 490 1
8 493 1
8 529 1
8 536 1
8 561 1
8 590 1
8 593 1
8 597 1
8 621 1
8 635 1
8 656 1
8 667 1
8 674 1
8 697 1
8 702 1
8 715 1
8 722 1
8 742 1
8 775 1
8 781 1
9 43 1
9 80 1
9 90 1
9 106 1
9 112 1
9 120 1
9 123 1
9 147 1
9 152 1
9 169 1
9 173 1
9 190 1
9 205 1
9 207 1
9 209 1
9 243 1
9 250 1
9 269 1
9 270 1
9 288 1
9 312 1
9 318 1
9 320 1
9 327 1
9 328 1
9 333 1
9 359 1
9 393 1
9 406 1
9 446 1
9 487 1
9 488 1
9 491 1
9 500 1
9 545 1
9 570 1
9 596 1
9 604 1
9 612 1
9 627 1
9 638 1
9 651 1
9 657 1
9 666 1
9 669 1
9 677 1
9 691 1
9 698 1
9 709 1
9 730 1
9 732 1
9 758 1
9 783 1
9 790 1
9 791 1
10 14 1
10 16 1
10 25 1
10 31 1
10 42 1
10 59 1
10 79 1
10 107 1
10 110 1
10 128 1
10 137 1
10 141 1
10 148 1
10 177 1
10 196 1
10 247 1
10 250 1
10 261 1
10 281 1
10 292 1
10 299 1
10 310 1
10 318 1
10 329 1
10 381 1
10 399 1
10 404 1
10 413 1
10 421 1
10 455 1
10 465 1
10 534 1
10 548 1
10 550 1
10 560 1
10 563 1
10 584 1
10 599 1
10 608 1
10 612 1
10 633 1
10 636 1
10 681 1
10 699 1
10 732 1
10 753 1
11 15 1
11 48 1
11 109 1
11 117 1
11 121 1
11 124 1
11 137 1
11 138 1
11 140 1
11 148 1
11 153 1
11 168 1
11 186 1
11 198 1
11 220 1
11 283 1
11 316 1
11 326 1
11 333 1
11 338 1
11 339 1
11 359 1
11 365 1
11 366 1
11 368 1
11 381 1
11 382 1
11 395 1
11 396 1
11 409 1
11 434 1
11 444 1
11 461 1
11 477 1
11 513 1
11 523 1
11 524 1
11 534 1
11 562 1
11 567 1
11 579 1
11 600 1
11 603 1
11 614 1
11 624 1
11 628 1
11 642 1
11 649 1
11 657 1
11 659 1
11 673 1
11 740 1
11 786 1
11 792 1
11 796 1
11 799 1
12 19 1
12 22 1
12 30 1
12 49 1
12 53 1
12 56 1
12 109 1
12 203 1
12 241 1
12 270 1
12 283 1
12 309 1
12 344 1
12 362 1
12 363 1
12 383 1
12 387 1
12 406 1
12 416 1
12 431 1
12 458 1
12 501 1
12 515 1
12 525 1
12 534 1
12 555 1
12 564 1
12 581 1
12 611 1
12 641 1
12 648 1
12 671 1
12 672 1
12 680 1
13 15 1
13 58 1
13 97 1
13 121 1
13 126 1
13 134 1
13 136 1
13 161 1
13 182 1
13 209 1
13 212 1
13 216 1
13 218 1
13 265 1
13 276 1
13 281 1
13 291 1
13 304 1
13 322 1
13 330 1
13 339 1
13 346 1
13 354 1
13 359 1
13 372 1
13 379 1
13 386 1
13 410 1
13 414 1
13 425 1
13 430 1
13 442 1
13 448 1
13 465 1
13 467 1
13 476 1
13 478 1
13 489 1
13 506 1
13 507 1
13 508 1
13 519 1
13 525 1
13 542 1
13 559 1
13 569 1
13 582 1
13 622 1
13 668 1
13 677 1
13 710 1
13 726 1
13 782 1
14 19 1
14 20 1
14 28 1
14 54 1
14 55 1
14 56 1
14 63 1
14 84 1
14 95 1
14 101 1
14 104 1
14 124 1
14 146 1
14 151 1
14 164 1
14 169 1
14 175 1
14 180 1
14 185 1
14 212 1
14 219 1
14 244 1
14 251 1
14 258 1
14 260 1
14 267 1
14 275 1
14 280 1
14 285 1
14 291 1
14 293 1
14 301 1
14 311 1
14 330 1
14 350 1
14 372 1
14 397 1
14 420 1
14 427 1
14 437 1
14 465 1
14 466 1
14 489 1
14 491 1
14 499 1
14 508 1
14 530 1
14 533 1
14 549 1
14 553 1
14 558 1
14 573 1
14 576 1
14 592 1
14 596 1
14 617 1
14 633 1
14 643 1
14 647 1
14 649 1
14 679 1
14 701 1
14 707 1
14 722 1
14 778 1
15 16 1
15 24 1
15 28 1
15 29 1
15 53 1
15 55 1
15 62 1
15 73 1
15 81 1
15 90 1
15 91 1
15 104 1
15 147 1
15 157 1
15 165 1
15 180 1
15 210 1
15 213 1
15 215 1
15 227 1
15 230 1
15 268 1
15 275 1
15 279 1
15 287 1
15 300 1
15 343 1
15 350 1
15 362 1
15 372 1
15 416 1
15 432 1
15 474 1
15 499 1
15 500 1
15 540 1
15 546 1
15 547 1
15 556 1
15 567 1
15 572 1
15 578 1
15 583 1
15 601 1
15 626 1
15 632 1
15 637 1
15 642 1
15 646 1
15 655 1
15 669 1
15 685 1
15 688 1
15 698 1
15 725 1
15 733 1
15 770 1
15 792 1
16 21 1
16 35 1
16 46 1
16 54 1
16 84 1
16 87 1
16 116 1
16 144 1
16 155 1
16 200 1
16 208 1
16 212 1
16 217 1
16 235 1
16 264 1
16 282 1
16 299 1
16 308 1
16 322 1
16 323 1
16 333 1
16 364 1
16 368 1
16 371 1
16 407 1
16 420 1
16 428 1
16 430 1
16 489 1
16 500 1
16 512 1
16 527 1
16 534 1
16 548 1
16 554 1
16 555 1
16 556 1
16 558 1
16 570 1
16 609 1
16 646 1
16 650 1
16 668 1
16 685 1
16 692 1
16 700 1
16 702 1
16 709 1
16 714 1
16 723 1
16 726 1
16 735 1
16 748 1
16 754 1
16 759 1
16 762 1
16 785 1
16 795 1
17 30 1
17 35 1
17 46 1
17 51 1
17 55 1
17 58 1
17 61 1
17 77 1
17 99 1
17 116 1
17 131 1
17 138 1
17 209 1
17 216 1
17 234 1
17 246 1
17 258 1
17 280 1
17 284 1
17 289 1
17 311 1
17 315 1
17 324 1
17 363 1
17 369 1
17 418 1
17 425 1
17 434 1
17 440 1
17 445 1
17 460 1
17 477 1
17 484 1
17 538 1
17 540 1
17 541 1
17 549 1
17 559 1
17 561 1
17 562 1
17 599 1
17 633 1
17 655 1
17 688 1
17 690 1
17 702 1
17 764 1
17 779 1
17 788 1
17 794 1
17 797 1
18 26 1
18 52 1
18 59 1
18 70 1
18 77 1
18 92 1
18 125 1
18 130 1
18 151 1
18 153 1
18 163 1
18 194 1
18 201 1
18 216 1
18 226 1
18 233 1
18 263 1
18 264 1
18 307 1
18 317 1
18 323 1
18 332 1
18 365 1
18 382 1
18 393 1
18 401 1
18 406 1
18 408 1
18 433 1
18 435 1
18 457 1
18 462 1
18 492 1
18 505 1
18 527 1
18 572 1
18 597 1
18 633 1
18 656 1
18 659 1
18 696 1
18 716 1
18 752 1
18 766 1
18 785 1
18 794 1
19 38 1
19 42 1
19 43 1
19 68 1
19 70 1
19 87 1
19 88 1
19 98 1
19 121 1
19 124 1
19 165 1
19 192 1
19 217 1
19 273 1
19 297 1
19 318 1
19 327 1
19 349 1
19 351 1
19 392 1
19 394 1
19 402 1
19 406 1
19 417 1
19 435 1
19 439 1
19 458 1
19 491 1
19 494 1
19 499 1
19 502 1
19 531 1
19 535 1
19 546 1
19 557 1
19 576 1
19 582 1
19 596 1
19 610 1
19 615 1
19 634 1
19 642 1
19 670 1
19 679 1
19 681 1
19 724 1
19 741 1
19 746 1
19 750 1
19 767 1
20 22 1
20 23 1
20 69 1
20 70 1
20 98 1
20 115 1
20 124 1
20 153 1
20 156 1
20 162 1
20 182 1
20 200 1
20 203 1
20 208 1
20 214 1
20 223 1
20 228 1
20 234 1
20 244 1
20 290 1
20 302 1
20 326 1
20 387 1
20 391 1
20 406 1
20 429 1
20 442 1
20 447 1
20 469 1
20 486 1
20 496 1
20 499 1
20 510 1
20 530 1
20 539 1
20 554 1
20 558 1
20 592 1
20 600 1
20 610 1
20 639 1
20 645 1
20 654 1
20 663 1
20 670 1
20 676 1
20 701 1
20 718 1
20 724 1
20 736 1
20 744 1
20 750 1
20 760 1
20 767 1
20 772 1
20 779 1
20 788 1
20 792 1
20 797 1
21 41 1
21 81 1
21 105 1
21 126 1
21 127 1
21 132 1
21 137 1
21 147 1
21 153 1
21 170 1
21 227 1
21 247 1
21 257 1
21 306 1
21 331 1
21 342 1
21 365 1
21 419 1
21 432 1
21 442 1
21 444 1
21 446 1
21 500 1
21 511 1
21 517 1
21 528 1
21 582 1
21 593 1
21 597 1
21 611 1
21 614 1
21 624 1
21 632 1
21 634 1
21 662 1
21 679 1
21 681 1
21 682 1
21 690 1
21 698 1
21 701 1
21 713 1
21 734 1
21 747 1
21 760 1
21 798 1
22 23 1
22 25 1
22 37 1
22 49 1
22 67 1
22 76 1
22 94 1
22 151 1
22 173 1
22 185 1
22 193 1
22 194 1
22 216 1
22 225 1
22 241 1
22 248 1
22 290 1
22 309 1
22 319 1
22 339 1
22 347 1
22 364 1
22 395 1
22 399 1
22 402 1
22 440 1
22 466 1
22 474 1
22 477 1
22 483 1
22 505 1
22 518 1
22 520 1
22 528 1
22 589 1
22 594 1
22 595 1
22 606 1
22 618 1
22 628 1
22 671 1
22 688 1
22 729 1
22 778 1
22 780 1
22 796 1
22 797 1
23 34 1
23 55 1
23 83 1
23 85 1
23 103 1
23 113 1
23 128 1
23 136 1
23 138 1
23 152 1
23 155 1
23 170 1
23 224 1
23 233 1
23 239 1
23 242 1
23 245 1
23 259 1
23 298 1
23 315 1
23 322 1
23 326 1
23 332 1
23 340 1
23 342 1
23 348 1
23 365 1
23 403 1
23 417 1
23 445 1
23 463 1
23 471 1
23 490 1
23 504 1
23 505 1
23 513 1
23 528 1
23 549 1
23 562 1
23 565 1
23 595 1
23 617 1
23 639 1
23 667 1
23 766 1
23 775 1
24 30 1
24 33 1
24 69 1
24 117 1
24 124 1
24 125 1
24 177 1
24 181 1
24 191 1
24 213 1
24 241 1
24 262 1
24 310 1
24 329 1
24 385 1
24 412 1
24 423 1
24 426 1
24 465 1
24 466 1
24 499 1
24 530 1
24 532 1
24 537 1
24 538 1
24 543 1
24 547 1
24 554 1
24 556 1
24 558 1
24 569 1
24 602 1
24 605 1
24 624 1
24 665 1
24 669 1
24 671 1
24 686 1
24 694 1
24 697 1
24 705 1
24 723 1
24 740 1
24 753 1
24 770 1
24 790 1
25 46 1
25 84 1
25 89 1
25 109 1
25 114 1
25 125 1
25 131 1
25 157 1
25 159 1
25 164 1
25 288 1
25 291 1
25 326 1
25 339 1
25 340 1
25 348 1
25 359 1
25 375 1
25 431 1
25 444 1
25 462 1
25 467 1
25 517 1
25 526 1
25 529 1
25 619 1
25 637 1
25 638 1
25 647 1
25 664 1
25 708 1
25 714 1
25 718 1
25 738 1
25 773 1
25 776 1
25 799 1
25 800 1
26 53 1
26 76 1
26 84 1
26 100 1
26 105 1
26 117 1
26 144 1
26 170 1
26 174 1
26 180 1
26 213 1
26 216 1
26 228 1
26 268 1
26 272 1
26 277 1
26 283 1
26 295 1
26 306 1
26 324 1
26 326 1
26 348 1
26 376 1
26 381 1
26 413 1
26 414 1
26 417 1
26 429 1
26 437 1
26 441 1
26 443 1
26 458 1
26 467 1
26 486 1
26 487 1
26 493 1
26 531 1
26 536 1
26 540 1
26 569 1
26 570 1
26 583 1
26 585 1
26 586 1
26 602 1
26 628 1
26 631 1
26 635 1
26 642 1
26 654 1
26 678 1
26 681 1
26 688 1
26 700 1
26 703 1
26 715 1
26 724 1
26 725 1
26 743 1
26 770 1
26 775 1
27 43 1
27 65 1
27 70 1
27 77 1
27 81 1
27 134 1
27 151 1
27 163 1
27 172 1
27 174 1
27 203 1
27 209 1
27 243 1
27 250 1
27 258 1
27 276 1
27 283 1
27 286 1
27 296 1
27 302 1
27 310 1
27 336 1
27 372 1
27 373 1
27 377 1
27 378 1
27 401 1
27 411 1
27 419 1
27 420 1
27 425 1
27 513 1
27 524 1
27 572 1
27 600 1
27 602 1
27 603 1
27 604 1
27 615 1
27 651 1
27 688 1
27 689 1
27 700 1
27 702 1
27 744 1
27 756 1
27 785 1
28 47 1
28 91 1
28 107 1
28 121 1
28 128 1
28 144 1
28 165 1
28 166 1
28 189 1
28 215 1
28 233 1
28 243 1
28 247 1
28 291 1
28 301 1
28 304 1
28 335 1
28 364 1
28 396 1
28 407 1
28 419 1
28 430 1
28 433 1
28 452 1
28 461 1
28 471 1
28 485 1
28 489 1
28 516 1
28 522 1
28 528 1
28 533 1
28 549 1
28 557 1
28 569 1
28 656 1
28 699 1
28 715 1
28 718 1
28 764 1
28 790 1
29 30 1
29 46 1
29 88 1
29 114 1
29 117 1
29 122 1
29 160 1
29 201 1
29 205 1
29 233 1
29 240 1
29 241 1
29 245 1
29 275 1
29 290 1
29 314 1
29 331 1
29 348 1
29 405 1
29 424 1
29 425 1
29 429 1
29 431 1
29 444 1
29 464 1
29 482 1
29 488 1
29 493 1
29 500 1
29 522 1
29 533 1
29 536 1
29 537 1
29 548 1
29 591 1
29 611 1
29 629 1
29 653 1
29 684 1
29 686 1
29 701 1
29 725 1
29 746 1
29 759 1
29 770 1
29 800 1
30 31 1
30 42 1
30 79 1
30 100 1
30 101 1
30 114 1
30 138 1
30 153 1
30 159 1
30 165 1
30 178 1
30 229 1
30 231 1
30 233 1
30 241 1
30 270 1
30 289 1
30 299 1
30 304 1
30 328 1
30 340 1
30 354 1
30 384 1
30 417 1
30 419 1
30 421 1
30 488 1
30 521 1
30 530 1
30 544 1
30 567 1
30 571 1
30 575 1
30 589 1
30 601 1
30 608 1
30 634 1
30 635 1
30 718 1
30 720 1
30 732 1
30 748 1
31 42 1
31 45 1
31 122 1
31 131 1
31 147 1
31 184 1
31 190 1
31 202 1
31 207 1
31 223 1
31 227 1
31 233 1
31 245 1
31 257 1
31 279 1
31 284 1
31 289 1
31 290 1
31 298 1
31 306 1
31 310 1
31 335 1
31 345 1
31 348 1
31 374 1
31 385 1
31 388 1
31 400 1
31 408 1
31 416 1
31 421 1
31 448 1
31 454 1
31 472 1
31 473 1
31 506 1
31 519 1
31 529 1
31 539 1
31 561 1
31 574 1
31 593 1
31 594 1
31 597 1
31 601 1
31 604 1
31 606 1
31 621 1
31 633 1
31 641 1
31 646 1
31 685 1
31 686 1
31 698 1
31 730 1
31 737 1
31 748 1
31 763 1
31 775 1
31 781 1
31 789 1
31 799 1
32 83 1
32 124 1
32 129 1
32 143 1
32 146 1
32 203 1
32 217 1
32 233 1
32 257 1
32 259 1
32 273 1
32 296 1
32 302 1
32 304 1
32 310 1
32 322 1
32 335 1
32 374 1
32 387 1
32 413 1
32 441 1
32 449 1
32 465 1
32 473 1
32 474 1
32 476 1
32 486 1
32 515 1
32 525 1
32 546 1
32 548 1
32 549 1
32 552 1
32 559 1
32 574 1
32 599 1
32 601 1
32 646 1
32 671 1
32 680 1
32 687 1
32 781 1
32 795 1
32 798 1
33 37 1
33 45 1
33 51 1
33 82 1
33 93 1
33 99 1
33 144 1
33 145 1
33 147 1
33 157 1
33 187 1
33 222 1
33 227 1
33 235 1
33 253 1
33 287 1
33 308 1
33 341 1
33 345 1
33 366 1
33 387 1
33 410 1
33 424 1
33 430 1
33 443 1
33 469 1
33 476 1
33 521 1
33 531 1
33 565 1
33 574 1
33 591 1
33 602 1
33 661 1
33 662 1
33 663 1
33 689 1
33 727 1
33 750 1
33 754 1
33 783 1
33 785 1
33 800 1
34 37 1
34 58 1
34 63 1
34 94 1
34 116 1
34 121 1
34 129 1
34 132 1
34 137 1
34 174 1
34 177 1
34 187 1
34 214 1
34 221 1
34 232 1
34 248 1
34 262 1
34 276 1
34 292 1
34 315 1
34 323 1
34 345 1
34 348 1
34 366 1
34 367 1
34 372 1
34 375 1
34 408 1
34 425 1
34 430 1
34 436 1
34 451 1
34 478 1
34 501 1
34 523 1
34 524 1
34 528 1
34 531 1
34 560 1
34 565 1
34 585 1
34 611 1
34 699 1
34 705 1
34 712 1
34 733 1
34 735 1
34 771 1
34 776 1
34 782 1
35 57 1
35 59 1
35 60 1
35 79 1
35 86 1
35 92 1
35 122 1
35 126 1
35 128 1
35 171 1
35 186 1
35 207 1
35 250 1
35 279 1
35 283 1
35 304 1
35 320 1
35 422 1
35 444 1
35 457 1
35 459 1
35 477 1
35 480 1
35 490 1
35 498 1
35 525 1
35 554 1
35 556 1
35 569 1
35 587 1
35 598 1
35 625 1
35 633 1
35 642 1
35 657 1
35 662 1
35 668 1
35 681 1
35 691 1
35 747 1
35 763 1
35 790 1
36 41 1
36 43 1
36 57 1
36 70 1
36 74 1
36 87 1
36 89 1
36 143 1
36 159 1
36 161 1
36 167 1
36 197 1
36 202 1
36 205 1
36 241 1
36 242 1
36 246 1
36 273 1
36 285 1
36 289 1
36 309 1
36 322 1
36 345 1
36 347 1
36 353 1
36 366 1
36 373 1
36 391 1
36 418 1
36 452 1
36 471 1
36 519 1
36 522 1
36 531 1
36 534 1
36 539 1
36 558 1
36 573 1
36 574 1
36 579 1
36 589 1
36 594 1
36 628 1
36 634 1
36 649 1
36 655 1
36 658 1
36 661 1
36 708 1
36 716 1
36 735 1
36 742 1
36 771 1
36 774 1
36 778 1
37 49 1
37 63 1
37 65 1
37 91 1
37 97 1
37 117 1
37 120 1
37 154 1
37 161 1
37 171 1
37 198 1
37 205 1
37 238 1
37 261 1
37 270 1
37 272 1
37 295 1
37 304 1
37 319 1
37 336 1
37 345 1
37 359 1
37 369 1
37 402 1
37 407 1
37 412 1
37 436 1
37 453 1
37 462 1
37 463 1
37 466 1
37 481 1
37 496 1
37 502 1
37 549 1
37 556 1
37 577 1
37 607 1
37 625 1
37 666 1
37 678 1
37 686 1
37 754 1
37 794 1
38 78 1
38 90 1
38 116 1
38 119 1
38 131 1
38 138 1
38 141 1
38 164 1
38 186 1
38 190 1
38 250 1
38 295 1
38 311 1
38 315 1
38 330 1
38 353 1
38 357 1
38 372 1
38 376 1
38 394 1
38 399 1
38 427 1
38 434 1
38 466 1
38 525 1
38 551 1
38 559 1
38 566 1
38 571 1
38 604 1
38 616 1
38 669 1
38 723 1
38 732 1
38 738 1
38 743 1
38 744 1
38 748 1
38 750 1
38 781 1
39 42 1
39 47 1
39 53 1
39 55 1
39 58 1
39 64 1
39 101 1
39 134 1
39 146 1
39 150 1
39 163 1
39 175 1
39 180 1
39 195 1
39 203 1
39 209 1
39 235 1
39 239 1
39 270 1
39 276 1
39 277 1
39 287 1
39 304 1
39 324 1
39 335 1
39 338 1
39 354 1
39 364 1
39 370 1
39 372 1
39 397 1
39 405 1
39 435 1
39 460 1
39 465 1
39 478 1
39 481 1
39 493 1
39 500 1
39 523 1
39 527 1
39 578 1
39 676 1
39 687 1
39 707 1
39 718 1
39 738 1
39 753 1
39 793 1
40 44 1
40 113 1
40 125 1
40 150 1
40 160 1
40 166 1
40 170 1
40 201 1
40 218 1
40 263 1
40 319 1
40 325 1
40 329 1
40 331 1
40 337 1
40 343 1
40 348 1
40 349 1
40 377 1
40 391 1
40 395 1
40 402 1
40 411 1
40 432 1
40 434 1
40 460 1
40 484 1
40 493 1
40 506 1
40 523 1
40 528 1
40 543 1
40 554 1
40 589 1
40 596 1
40 607 1
40 615 1
40 617 1
40 646 1
40 650 1
40 653 1
40 669 1
40 672 1
40 706 1
40 717 1
40 724 1
40 734 1
40 754 1
40 756 1
40 764 1
40 796 1
41 55 1
41 60 1
41 73 1
41 92 1
41 97 1
41 127 1
41 132 1
41 142 1
41 161 1
41 184 1
41 230 1
41 279 1
41 284 1
41 290 1
41 293 1
41 302 1
41 304 1
41 313 1
41 314 1
41 337 1
41 360 1
41 376 1
41 377 1
41 404 1
41 418 1
41 419 1
41 432 1
41 448 1
41 493 1
41 531 1
41 574 1
41 576 1
41 593 1
41 646 1
41 718 1
41 719 1
41 742 1
41 746 1
41 747 1
41 753 1
41 756 1
41 783 1
41 800 1
42 66 1
42 78 1
42 80 1
42 99 1
42 106 1
42 127 1
42 129 1
42 150 1
42 185 1
42 224 1
42 226 1
42 237 1
42 241 1
42 264 1
42 284 1
42 290 1
42 317 1
42 341 1
42 353 1
42 379 1
42 393 1
42 398 1
42 408 1
42 448 1
42 450 1
42 452 1
42 457 1
42 472 1
42 477 1
42 483 1
42 484 1
42 508 1
42 521 1
42 527 1
42 557 1
42 558 1
42 561 1
42 587 1
42 603 1
42 606 1
42 612 1
42 647 1
42 671 1
42 677 1
42 683 1
42 685 1
42 695 1
42 731 1
42 757 1
42 763 1
42 764 1
42 778 1
43 45 1
43 49 1
43 83 1
43 179 1
43 180 1
43 181 1
43 205 1
43 224 1
43 227 1
43 254 1
43 276 1
43 278 1
43 306 1
43 317 1
43 324 1
43 333 1
43 344 1
43 347 1
43 380 1
43 386 1
43 387 1
43 389 1
43 412 1
43 415 1
43 426 1
43 432 1
43 453 1
43 456 1
43 465 1
43 479 1
43 495 1
43 513 1
43 516 1
43 522 1
43 535 1
43 541 1
43 543 1
43 550 1
43 557 1
43 577 1
43 599 1
43 608 1
43 611 1
43 697 1
43 699 1
43 714 1
43 716 1
43 735 1
43 741 1
43 772 1
43 783 1
43 790 1
43 793 1
44 75 1
44 124 1
44 143 1
44 164 1
44 167 1
44 182 1
44 204 1
44 209 1
44 215 1
44 237 1
44 242 1
44 255 1
44 265 1
44 274 1
44 319 1
44 374 1
44 406 1
44 410 1
44 416 1
44 424 1
44 478 1
44 491 1
44 494 1
44 518 1
44 535 1
44 545 1
44 568 1
44 577 1
44 592 1
44 614 1
44 626 1
44 637 1
44 648 1
44 655 1
44 663 1
44 669 1
44 670 1
44 679 1
44 687 1
44 712 1
44 748 1
44 755 1
44 756 1
44 768 1
44 774 1
45 54 1
45 59 1
45 82 1
45 116 1
45 126 1
45 133 1
45 134 1
45 170 1
45 190 1
45 192 1
45 238 1
45 254 1
45 270 1
45 284 1
45 321 1
45 353 1
45 360 1
45 403 1
45 418 1
45 428 1
45 434 1
45 449 1
45 454 1
45 464 1
45 496 1
45 523 1
45 536 1
45 539 1
45 572 1
45 605 1
45 607 1
45 610 1
45 621 1
45 622 1
45 623 1
45 638 1
45 641 1
45 649 1
45 660 1
45 668 1
45 684 1
45 701 1
45 718 1
45 725 1
45 759 1
45 770 1
45 774 1
45 778 1
45 789 1
46 100 1
46 112 1
46 132 1
46 152 1
46 153 1
46 178 1
46 205 1
46 213 1
46 215 1
46 217 1
46 246 1
46 261 1
46 287 1
46 323 1
46 344 1
46 362 1
46 370 1
46 382 1
46 401 1
46 425 1
46 430 1
46 431 1
46 435 1
46 444 1
46 455 1
46 470 1
46 516 1
46 517 1
46 526 1
46 543 1
46 547 1
46 552 1
46 555 1
46 561 1
46 574 1
46 587 1
46 588 1
46 607 1
46 623 1
46 625 1
46 627 1
46 642 1
46 653 1
46 674 1
46 687 1
46 689 1
46 777 1
46 797 1
47 70 1
47 71 1
47 72 1
47 81 1
47 97 1
47 148 1
47 188 1
47 189 1
47 190 1
47 192 1
47 215 1
47 218 1
47 219 1
47 245 1
47 265 1
47 266 1
47 268 1
47 294 1
47 301 1
47 319 1
47 330 1
47 345 1
47 351 1
47 379 1
47 380 1
47 430 1
47 442 1
47 457 1
47 471 1
47 488 1
47 502 1
47 510 1
47 516 1
47 518 1
47 557 1
47 567 1
47 580 1
47 659 1
47 682 1
47 686 1
47 705 1
47 736 1
47 738 1
47 744 1
47 745 1
47 753 1
47 765 1
47 788 1
48 87 1
48 109 1
48 110 1
48 114 1
48 117 1
48 125 1
48 128 1
48 144 1
48 171 1
48 172 1
48 225 1
48 226 1
48 241 1
48 259 1
48 260 1
48 261 1
48 267 1
48 281 1
48 294 1
48 327 1
48 332 1
48 337 1
48 338 1
48 348 1
48 381 1
48 383 1
48 389 1
48 390 1
48 407 1
48 418 1
48 424 1
48 430 1
48 442 1
48 450 1
48 494 1
48 519 1
48 526 1
48 534 1
48 535 1
48 542 1
48 620 1
48 634 1
48 691 1
48 724 1
48 729 1
48 735 1
48 741 1
48 748 1
48 787 1
49 51 1
49 57 1
49 76 1
49 78 1
49 117 1
49 123 1
49 131 1
49 152 1
49 170 1
49 178 1
49 180 1
49 182 1
49 229 1
49 236 1
49 249 1
49 266 1
49 285 1
49 295 1
49 302 1
49 318 1
49 325 1
49 326 1
49 359 1
49 382 1
49 399 1
49 402 1
49 413 1
49 414 1
49 432 1
49 457 1
49 535 1
49 559 1
49 565 1
49 568 1
49 569 1
49 592 1
49 606 1
49 607 1
49 611 1
49 623 1
49 646 1
49 658 1
49 690 1
49 738 1
49 740 1
49 745 1
49 751 1
49 760 1
49 792 1
50 53 1
50 70 1
50 75 1
50 92 1
50 109 1
50 116 1
50 124 1
50 135 1
50 150 1
50 157 1
50 166 1
50 167 1
50 176 1
50 184 1
50 185 1
50 233 1
50 250 1
50 258 1
50 266 1
50 272 1
50 279 1
50 295 1
50 333 1
50 341 1
50 344 1
50 347 1
50 354 1
50 365 1
50 397 1
50 400 1
50 434 1
50 446 1
50 458 1
50 505 1
50 557 1
50 574 1
50 596 1
50 631 1
50 639 1
50 643 1
50 649 1
50 650 1
50 652 1
50 697 1
50 703 1
50 711 1
50 739 1
50 744 1
50 763 1
50 767 1
50 770 1
50 772 1
51 95 1
51 124 1
51 162 1
51 191 1
51 204 1
51 205 1
51 208 1
51 228 1
51 239 1
51 246 1
51 282 1
51 289 1
51 298 1
51 309 1
51 334 1
51 336 1
51 344 1
51 346 1
51 355 1
51 367 1
51 378 1
51 408 1
51 421 1
51 447 1
51 450 1
51 458 1
51 483 1
51 497 1
51 529 1
51 545 1
51 555 1
51 560 1
51 561 1
51 579 1
51 600 1
51 623 1
51 638 1
51 643 1
51 653 1
51 660 1
51 661 1
51 678 1
51 685 1
51 699 1
51 709 1
51 727 1
51 739 1
51 740 1
51 745 1
51 774 1
51 775 1
51 787 1
51 792 1
51 795 1
52 79 1
52 125 1
52 131 1
52 155 1
52 166 1
52 170 1
52 175 1
52 178 1
52 182 1
52 184 1
52 209 1
52 218 1
52 234 1
52 243 1
52 249 1
52 278 1
52 293 1
52 311 1
52 322 1
52 328 1
52 335 1
52 340 1
52 373 1
52 434 1
52 438 1
52 453 1
52 454 1
52 457 1
52 466 1
52 474 1
52 483 1
52 494 1
52 515 1
52 519 1
52 531 1
52 567 1
52 595 1
52 599 1
52 602 1
52 603 1
52 626 1
52 654 1
52 667 1
52 690 1
52 722 1
52 761 1
52 767 1
52 769 1
52 777 1
52 780 1
52 789 1
53 58 1
53 71 1
53 73 1
53 106 1
53 121 1
53 124 1
53 140 1
53 150 1
53 156 1
53 157 1
53 164 1
53 182 1
53 241 1
53 242 1
53 255 1
53 274 1
53 291 1
53 309 1
53 311 1
53 384 1
53 415 1
53 431 1
53 432 1
53 446 1
53 475 1
53 487 1
53 525 1
53 557 1
53 574 1
53 584 1
53 586 1
53 595 1
53 612 1
53 613 1
53 647 1
53 675 1
53 676 1
53 678 1
53 685 1
53 698 1
53 710 1
53 713 1
53 717 1
53 742 1
53 752 1
53 765 1
53 778 1
54 56 1
54 76 1
54 116 1
54 148 1
54 161 1
54 169 1
54 173 1
54 180 1
54 182 1
54 184 1
54 194 1
54 206 1
54 218 1
54 255 1
54 275 1
54 281 1
54 291 1
54 303 1
54 319 1
54 328 1
54 346 1
54 353 1
54 363 1
54 379 1
54 397 1
54 405 1
54 413 1
54 461 1
54 473 1
54 486 1
54 504 1
54 530 1
54 543 1
54 580 1
54 595 1
54 599 1
54 624 1
54 629 1
54 647 1
54 720 1
54 724 1
54 745 1
54 767 1
54 773 1
55 67 1
55 68 1
55 92 1
55 96 1
55 103 1
55 156 1
55 172 1
55 175 1
55 193 1
55 221 1
55 228 1
55 238 1
55 241 1
55 293 1
55 321 1
55 329 1
55 335 1
55 340 1
55 344 1
55 357 1
55 383 1
55 425 1
55 451 1
55 463 1
55 470 1
55 471 1
55 474 1
55 492 1
55 502 1
55 509 1
55 522 1
55 529 1
55 535 1
55 539 1
55 559 1
55 561 1
55 583 1
55 598 1
55 621 1
55 646 1
55 735 1
55 769 1
55 795 1
56 59 1
56 78 1
56 84 1
56 90 1
56 125 1
56 130 1
56 168 1
56 173 1
56 177 1
56 179 1
56 187 1
56 227 1
56 234 1
56 239 1
56 243 1
56 288 1
56 317 1
56 319 1
56 336 1
56 344 1
56 370 1
56 375 1
56 393 1
56 415 1
56 461 1
56 489 1
56 512 1
56 537 1
56 555 1
56 575 1
56 587 1
56 589 1
56 593 1
56 618 1
56 627 1
56 647 1
56 656 1
56 700 1
56 728 1
56 758 1
56 781 1
56 785 1
57 71 1
57 109 1
57 125 1
57 141 1
57 183 1
57 192 1
57 199 1
57 206 1
57 251 1
57 288 1
57 294 1
57 295 1
57 328 1
57 355 1
57 369 1
57 370 1
57 371 1
57 378 1
57 390 1
57 398 1
57 428 1
57 432 1
57 439 1
57 463 1
57 508 1
57 509 1
57 527 1
57 559 1
57 565 1
57 573 1
57 577 1
57 581 1
57 595 1
57 598 1
57 601 1
57 607 1
57 614 1
57 617 1
57 686 1
57 687 1
57 710 1
57 724 1
57 729 1
57 733 1
57 737 1
57 750 1
57 751 1
57 792 1
58 59 1
58 65 1
58 79 1
58 93 1
58 96 1
58 115 1
58 139 1
58 150 1
58 165 1
58 196 1
58 208 1
58 213 1
58 217 1
58 250 1
58 254 1
58 304 1
58 338 1
58 347 1
58 348 1
58 355 1
58 356 1
58 424 1
58 432 1
58 433 1
58 457 1
58 460 1
58 467 1
58 486 1
58 520 1
58 527 1
58 550 1
58 556 1
58 603 1
58 606 1
58 627 1
58 633 1
58 645 1
58 647 1
58 677 1
58 683 1
58 685 1
58 692 1
58 719 1
58 793 1
58 798 1
59 71 1
59 97 1
59 109 1
59 119 1
59 129 1
59 142 1
59 159 1
59 215 1
59 217 1
59 218 1
59 220 1
59 229 1
59 239 1
59 297 1
59 304 1
59 308 1
59 371 1
59 386 1
59 401 1
59 405 1
59 413 1
59 444 1
59 475 1
59 541 1
59 548 1
59 552 1
59 567 1
59 577 1
59 598 1
59 633 1
59 650 1
59 664 1
59 666 1
59 702 1
59 714 1
59 719 1
59 729 1
59 733 1
59 743 1
59 779 1
59 784 1
60 63 1
60 83 1
60 91 1
60 104 1
60 106 1
60 112 1
60 131 1
60 156 1
60 162 1
60 173 1
60 196 1
60 217 1
60 219 1
60 265 1
60 273 1
60 292 1
60 295 1
60 296 1
60 303 1
60 355 1
60 359 1
60 364 1
60 370 1
60 388 1
60 415 1
60 416 1
60 425 1
60 447 1
60 552 1
60 569 1
60 605 1
60 626 1
60 644 1
60 646 1
60 665 1
60 666 1
60 667 1
60 682 1
60 687 1
60 689 1
60 720 1
60 734 1
60 736 1
60 759 1
60 791 1
61 63 1
61 64 1
61 67 1
61 70 1
61 95 1
61 114 1
61 122 1
61 177 1
61 199 1
61 204 1
61 210 1
61 212 1
61 215 1
61 232 1
61 279 1
61 283 1
61 293 1
61 338 1
61 354 1
61 355 1
61 385 1
61 399 1
61 421 1
61 439 1
61 457 1
61 458 1
61 469 1
61 491 1
61 557 1
61 615 1
61 618 1
61 627 1
61 638 1
61 646 1
61 660 1
61 676 1
61 679 1
61 680 1
61 681 1
61 690 1
61 720 1
61 755 1
61 765 1
61 771 1
62 72 1
62 78 1
62 122 1
62 141 1
62 157 1
62 194 1
62 209 1
62 210 1
62 214 1
62 246 1
62 273 1
62 279 1
62 282 1
62 322 1
62 338 1
62 362 1
62 387 1
62 411 1
62 438 1
62 467 1
62 482 1
62 489 1
62 491 1
62 515 1
62 528 1
62 548 1
62 569 1
62 572 1
62 591 1
62 631 1
62 638 1
62 653 1
62 672 1
62 683 1
62 687 1
62 689 1
62 702 1
62 766 1
62 768 1
62 792 1
63 73 1
63 81 1
63 95 1
63 113 1
63 128 1
63 141 1
63 143 1
63 145 1
63 162 1
63 180 1
63 214 1
63 219 1
63 234 1
63 252 1
63 272 1
63 273 1
63 276 1
63 314 1
63 323 1
63 364 1
63 420 1
63 456 1
63 498 1
63 527 1
63 541 1
63 556 1
63 573 1
63 577 1
63 590 1
63 613 1
63 619 1
63 658 1
63 672 1
63 681 1
63 691 1
63 696 1
63 704 1
63 714 1
63 719 1
63 730 1
63 740 1
63 743 1
63 747 1
63 760 1
63 766 1
63 768 1
63 783 1
63 798 1
64 68 1
64 73 1
64 99 1
64 100 1
64 105 1
64 128 1
64 138 1
64 147 1
64 149 1
64 170 1
64 182 1
64 186 1
64 201 1
64 204 1
64 206 1
64 233 1
64 236 1
64 251 1
64 256 1
64 257 1
64 301 1
64 309 1
64 319 1
64 324 1
64 344 1
64 364 1
64 381 1
64 382 1
64 385 1
64 410 1
64 443 1
64 449 1
64 464 1
64 465 1
64 469 1
64 472 1
64 477 1
64 505 1
64 523 1
64 527 1
64 549 1
64 589 1
64 608 1
64 632 1
64 635 1
64 648 1
64 674 1
64 688 1
64 745 1
64 748 1
64 755 1
64 768 1
64 774 1
64 778 1
64 787 1
64 795 1
64 800 1
65 72 1
65 74 1
65 94 1
65 98 1
65 107 1
65 116 1
65 123 1
65 132 1
65 162 1
65 163 1
65 173 1
65 239 1
65 242 1
65 282 1
65 285 1
65 316 1
65 351 1
65 382 1
65 398 1
65 411 1
65 421 1
65 435 1
65 473 1
65 475 1
65 477 1
65 482 1
65 513 1
65 514 1
65 526 1
65 538 1
65 544 1
65 555 1
65 567 1
65 578 1
65 617 1
65 622 1
65 627 1
65 646 1
65 666 1
65 687 1
65 695 1
65 703 1
65 737 1
65 744 1
65 750 1
65 761 1
65 791 1
65 795 1
66 68 1
66 73 1
66 79 1
66 84 1
66 111 1
66 112 1
66 121 1
66 135 1
66 140 1
66 146 1
66 149 1
66 163 1
66 166 1
66 176 1
66 178 1
66 181 1
66 187 1
66 189 1
66 197 1
66 255 1
66 278 1
66 287 1
66 329 1
66 344 1
66 387 1
66 409 1
66 414 1
66 462 1
66 465 1
66 554 1
66 564 1
66 590 1
66 600 1
66 659 1
66 703 1
66 710 1
66 715 1
66 731 1
66 767 1
66 774 1
67 69 1
67 70 1
67 71 1
67 84 1
67 86 1
67 92 1
67 98 1
67 103 1
67 108 1
67 119 1
67 138 1
67 146 1
67 151 1
67 154 1
67 163 1
67 203 1
67 221 1
67 257 1
67 259 1
67 261 1
67 262 1
67 289 1
67 296 1
67 332 1
67 339 1
67 342 1
67 362 1
67 366 1
67 377 1
67 386 1
67 402 1
67 406 1
67 413 1
67 416 1
67 440 1
67 468 1
67 471 1
67 479 1
67 520 1
67 531 1
67 537 1
67 550 1
67 554 1
67 575 1
67 598 1
67 601 1
67 631 1
67 655 1
67 686 1
67 694 1
67 696 1
67 726 1
67 781 1
68 72 1
68 74 1
68 78 1
68 120 1
68 125 1
68 142 1
68 156 1
68 167 1
68 185 1
68 187 1
68 202 1
68 223 1
68 225 1
68 231 1
68 234 1
68 235 1
68 240 1
68 242 1
68 246 1
68 251 1
68 266 1
68 297 1
68 314 1
68 319 1
68 324 1
68 329 1
68 330 1
68 363 1
68 376 1
68 381 1
68 385 1
68 386 1
68 406 1
68 414 1
68 417 1
68 457 1
68 506 1
68 529 1
68 531 1
68 571 1
68 595 1
68 610 1
68 614 1
68 620 1
68 621 1
68 625 1
68 639 1
68 653 1
68 654 1
68 689 1
68 709 1
68 717 1
68 718 1
68 732 1
68 745 1
68 772 1
68 784 1
68 794 1
68 797 1
69 74 1
69 87 1
69 91 1
69 92 1
69 118 1
69 131 1
69 147 1
69 168 1
69 184 1
69 196 1
69 200 1
69 204 1
69 231 1
69 260 1
69 306 1
69 319 1
69 321 1
69 332 1
69 333 1
69 334 1
69 345 1
69 352 1
69 362 1
69 372 1
69 373 1
69 377 1
69 382 1
69 393 1
69 399 1
69 403 1
69 429 1
69 431 1
69 440 1
69 444 1
69 447 1
69 475 1
69 482 1
69 522 1
69 538 1
69 546 1
69 550 1
69 560 1
69 600 1
69 631 1
69 706 1
69 735 1
69 751 1
69 785 1
69 793 1
70 77 1
70 80 1
70 96 1
70 119 1
70 121 1
70 136 1
70 144 1
70 182 1
70 193 1
70 209 1
70 213 1
70 231 1
70 244 1
70 274 1
70 320 1
70 338 1
70 339 1
70 369 1
70 406 1
70 413 1
70 442 1
70 445 1
70 482 1
70 486 1
70 519 1
70 530 1
70 541 1
70 573 1
70 588 1
70 616 1
70 638 1
70 668 1
70 692 1
70 700 1
70 716 1
70 720 1
70 725 1
70 726 1
70 756 1
70 783 1
70 797 1
71 92 1
71 125 1
71 136 1
71 138 1
71 153 1
71 165 1
71 190 1
71 208 1
71 216 1
71 236 1
71 248 1
71 258 1
71 290 1
71 331 1
71 355 1
71 380 1
71 393 1
71 453 1
71 467 1
71 477 1
71 492 1
71 506 1
71 512 1
71 533 1
71 603 1
71 608 1
71 622 1
71 634 1
71 655 1
71 681 1
71 685 1
71 687 1
71 710 1
71 736 1
71 739 1
71 746 1
71 749 1
71 765 1
71 766 1
71 788 1
71 795 1
72 147 1
72 154 1
72 155 1
72 156 1
72 199 1
72 203 1
72 205 1
72 230 1
72 252 1
72 260 1
72 261 1
72 308 1
72 351 1
72 370 1
72 418 1
72 423 1
72 427 1
72 429 1
72 464 1
72 477 1
72 482 1
72 489 1
72 490 1
72 491 1
72 492 1
72 512 1
72 547 1
72 553 1
72 586 1
72 599 1
72 606 1
72 620 1
72 641 1
72 643 1
72 648 1
72 653 1
72 682 1
72 691 1
72 693 1
72 705 1
72 706 1
72 713 1
72 725 1
72 731 1
72 758 1
72 762 1
72 777 1
72 779 1
72 794 1
73 79 1
73 91 1
73 99 1
73 110 1
73 138 1
73 144 1
73 172 1
73 174 1
73 175 1
73 182 1
73 195 1
73 214 1
73 241 1
73 249 1
73 252 1
73 268 1
73 278 1
73 285 1
73 292 1
73 313 1
73 320 1
73 338 1
73 345 1
73 358 1
73 368 1
73 371 1
73 383 1
73 398 1
73 414 1
73 436 1
73 459 1
73 481 1
73 509 1
73 515 1
73 528 1
73 554 1
73 573 1
73 632 1
73 635 1
73 663 1
73 666 1
73 675 1
73 729 1
73 731 1
73 740 1
73 744 1
73 786 1
73 787 1
74 102 1
74 106 1
74 114 1
74 125 1
74 155 1
74 176 1
74 179 1
74 206 1
74 275 1
74 277 1
74 281 1
74 326 1
74 336 1
74 358 1
74 425 1
74 427 1
74 432 1
74 437 1
74 449 1
74 460 1
74 478 1
74 513 1
74 530 1
74 560 1
74 575 1
74 578 1
74 605 1
74 620 1
74 632 1
74 640 1
74 646 1
74 648 1
74 672 1
74 680 1
74 684 1
74 691 1
74 719 1
74 748 1
74 762 1
74 776 1
75 76 1
75 98 1
75 151 1
75 167 1
75 182 1
75 189 1
75 200 1
75 233 1
75 254 1
75 311 1
75 333 1
75 354 1
75 363 1
75 365 1
75 394 1
75 425 1
75 427 1
75 435 1
75 451 1
75 457 1
75 474 1
75 500 1
75 577 1
75 581 1
75 625 1
75 627 1
75 633 1
75 647 1
75 656 1
75 673 1
75 678 1
75 686 1
75 704 1
75 714 1
75 722 1
75 759 1
76 87 1
76 95 1
76 102 1
76 106 1
76 122 1
76 157 1
76 196 1
76 239 1
76 246 1
76 280 1
76 295 1
76 300 1
76 306 1
76 333 1
76 344 1
76 351 1
76 352 1
76 372 1
76 398 1
76 400 1
76 407 1
76 442 1
76 446 1
76 464 1
76 466 1
76 491 1
76 527 1
76 533 1
76 546 1
76 553 1
76 558 1
76 564 1
76 566 1
76 582 1
76 599 1
76 614 1
76 616 1
76 667 1
76 699 1
76 715 1
76 716 1
76 718 1
76 720 1
76 725 1
76 736 1
76 751 1
76 761 1
76 765 1
76 783 1
76 790 1
77 85 1
77 106 1
77 110 1
77 112 1
77 113 1
77 120 1
77 158 1
77 161 1
77 169 1
77 200 1
77 201 1
77 240 1
77 292 1
77 317 1
77 331 1
77 332 1
77 333 1
77 347 1
77 391 1
77 398 1
77 415 1
77 420 1
77 423 1
77 456 1
77 475 1
77 477 1
77 478 1
77 481 1
77 491 1
77 540 1
77 544 1
77 545 1
77 572 1
77 593 1
77 597 1
77 606 1
77 617 1
77 620 1
77 630 1
77 643 1
77 657 1
77 665 1
77 721 1
77 724 1
77 737 1
77 790 1
77 797 1
78 94 1
78 102 1
78 120 1
78 132 1
78 170 1
78 193 1
78 197 1
78 242 1
78 253 1
78 268 1
78 304 1
78 313 1
78 326 1
78 331 1
78 338 1
78 340 1
78 368 1
78 405 1
78 410 1
78 458 1
78 496 1
78 498 1
78 515 1
78 543 1
78 549 1
78 561 1
78 569 1
78 579 1
78 580 1
78 614 1
78 621 1
78 666 1
78 673 1
78 675 1
78 677 1
78 691 1
78 717 1
78 724 1
78 746 1
78 765 1
78 783 1
78 790 1
79 81 1
79 119 1
79 124 1
79 191 1
79 209 1
79 212 1
79 222 1
79 223 1
79 229 1
79 292 1
79 359 1
79 362 1
79 402 1
79 413 1
79 419 1
79 433 1
79 454 1
79 463 1
79 470 1
79 482 1
79 489 1
79 490 1
79 500 1
79 504 1
79 518 1
79 537 1
79 544 1
79 547 1
79 549 1
79 558 1
79 577 1
79 596 1
79 603 1
79 610 1
79 666 1
79 667 1
79 691 1
79 706 1
79 742 1
79 772 1
79 779 1
79 790 1
79 792 1
80 82 1
80 87 1
80 91 1
80 106 1
80 109 1
80 122 1
80 163 1
80 168 1
80 180 1
80 212 1
80 237 1
80 239 1
80 250 1
80 267 1
80 279 1
80 284 1
80 286 1
80 293 1
80 333 1
80 382 1
80 387 1
80 407 1
80 423 1
80 436 1
80 440 1
80 477 1
80 480 1
80 483 1
80 495 1
80 506 1
80 511 1
80 517 1
80 546 1
80 596 1
80 635 1
80 638 1
80 643 1
80 654 1
80 655 1
80 656 1
80 659 1
80 664 1
80 692 1
80 712 1
80 713 1
80 714 1
80 715 1
80 717 1
80 763 1
80 778 1
80 782 1
81 98 1
81 113 1
81 128 1
81 133 1
81 188 1
81 191 1
81 208 1
81 211 1
81 231 1
81 250 1
81 260 1
81 272 1
81 283 1
81 323 1
81 325 1
81 327 1
81 328 1
81 341 1
81 345 1
81 366 1
81 380 1
81 381 1
81 414 1
81 428 1
81 433 1
81 445 1
81 456 1
81 473 1
81 482 1
81 492 1
81 506 1
81 523 1
81 525 1
81 551 1
81 553 1
81 572 1
81 583 1
81 644 1
81 663 1
81 668 1
81 692 1
81 718 1
81 729 1
81 734 1
81 736 1
81 746 1
81 757 1
81 768 1
81 785 1
82 103 1
82 114 1
82 171 1
82 174 1
82 190 1
82 218 1
82 286 1
82 319 1
82 335 1
82 374 1
82 395 1
82 412 1
82 413 1
82 430 1
82 435 1
82 444 1
82 449 1
82 452 1
82 478 1
82 500 1
82 507 1
82 535 1
82 561 1
82 573 1
82 579 1
82 587 1
82 592 1
82 631 1
82 639 1
82 674 1
82 695 1
82 707 1
82 737 1
82 743 1
82 748 1
82 791 1
83 95 1
83 113 1
83 123 1
83 133 1
83 139 1
83 175 1
83 181 1
83 182 1
83 187 1
83 191 1
83 198 1
83 217 1
83 224 1
83 305 1
83 306 1
83 321 1
83 322 1
83 325 1
83 333 1
83 363 1
83 366 1
83 391 1
83 414 1
83 422 1
83 440 1
83 458 1
83 472 1
83 488 1
83 492 1
83 522 1
83 524 1
83 538 1
83 580 1
83 600 1
83 605 1
83 624 1
83 648 1
83 661 1
83 662 1
83 668 1
83 675 1
83 689 1
83 752 1
83 754 1
83 769 1
83 773 1
84 100 1
84 153 1
84 157 1
84 191 1
84 194 1
84 215 1
84 229 1
84 237 1
84 241 1
84 255 1
84 341 1
84 484 1
84 499 1
84 501 1
84 517 1
84 534 1
84 554 1
84 605 1
84 610 1
84 634 1
84 646 1
84 678 1
84 716 1
84 717 1
84 731 1
84 733 1
84 753 1
84 757 1
84 776 1
84 777 1
84 782 1
85 95 1
85 130 1
85 136 1
85 141 1
85 143 1
85 152 1
85 161 1
85 182 1
85 190 1
85 203 1
85 206 1
85 220 1
85 227 1
85 246 1
85 255 1
85 263 1
85 277 1
85 317 1
85 357 1
85 362 1
85 385 1
85 387 1
85 398 1
85 399 1
85 420 1
85 436 1
85 442 1
85 447 1
85 464 1
85 467 1
85 474 1
85 490 1
85 546 1
85 557 1
85 563 1
85 572 1
85 574 1
85 580 1
85 590 1
85 606 1
85 618 1
85 625 1
85 641 1
85 649 1
85 655 1
85 665 1
85 691 1
85 713 1
85 720 1
85 761 1
85 762 1
85 766 1
85 769 1
85 774 1
85 777 1
85 782 1
85 787 1
85 788 1
85 798 1
86 120 1
86 127 1
86 169 1
86 174 1
86 222 1
86 232 1
86 251 1
86 256 1
86 281 1
86 288 1
86 294 1
86 314 1
86 319 1
86 329 1
86 336 1
86 400 1
86 437 1
86 441 1
86 461 1
86 472 1
86 497 1
86 534 1
86 563 1
86 602 1
86 630 1
86 634 1
86 635 1
86 636 1
86 659 1
86 689 1
86 711 1
86 752 1
86 760 1
87 114 1
87 121 1
87 124 1
87 128 1
87 159 1
87 165 1
87 168 1
87 171 1
87 173 1
87 192 1
87 195 1
87 201 1
87 207 1
87 231 1
87 237 1
87 258 1
87 276 1
87 289 1
87 333 1
87 364 1
87 378 1
87 403 1
87 408 1
87 421 1
87 426 1
87 496 1
87 499 1
87 509 1
87 570 1
87 573 1
87 584 1
87 608 1
87 645 1
87 656 1
87 721 1
87 730 1
87 765 1
87 780 1
87 781 1
87 789 1
87 794 1
88 91 1
88 95 1
88 105 1
88 119 1
88 134 1
88 156 1
88 181 1
88 189 1
88 197 1
88 208 1
88 211 1
88 222 1
88 231 1
88 247 1
88 290 1
88 291 1
88 349 1
88 355 1
88 366 1
88 367 1
88 381 1
88 423 1
88 429 1
88 494 1
88 498 1
88 560 1
88 570 1
88 580 1
88 586 1
88 607 1
88 647 1
88 648 1
88 653 1
88 672 1
88 679 1
88 683 1
88 705 1
88 708 1
88 714 1
88 717 1
88 725 1
88 731 1
88 744 1
88 764 1
88 786 1
89 126 1
89 152 1
89 160 1
89 196 1
89 198 1
89 204 1
89 247 1
89 248 1
89 260 1
89 272 1
89 295 1
89 302 1
89 323 1
89 337 1
89 351 1
89 357 1
89 370 1
89 374 1
89 420 1
89 432 1
89 433 1
89 441 1
89 444 1
89 506 1
89 518 1
89 520 1
89 527 1
89 531 1
89 533 1
89 539 1
89 572 1
89 590 1
89 592 1
89 648 1
89 683 1
89 687 1
89 707 1
89 708 1
89 709 1
89 710 1
89 724 1
89 734 1
89 754 1
89 773 1
89 779 1
89 780 1
89 781 1
89 792 1
89 800 1
90 97 1
90 133 1
90 165 1
90 175 1
90 184 1
90 195 1
90 197 1
90 201 1
90 202 1
90 228 1
90 233 1
90 246 1
90 268 1
90 282 1
90 348 1
90 365 1
90 371 1
90 378 1
90 383 1
90 423 1
90 441 1
90 446 1
90 449 1
90 477 1
90 493 1
90 512 1
90 532 1
90 548 1
90 571 1
90 638 1
90 651 1
90 664 1
90 671 1
90 687 1
90 699 1
90 700 1
90 736 1
90 757 1
90 761 1
90 766 1
90 786 1
91 111 1
91 124 1
91 146 1
91 207 1
91 213 1
91 215 1
91 245 1
91 255 1
91 260 1
91 334 1
91 346 1
91 354 1
91 356 1
91 361 1
91 417 1
91 429 1
91 444 1
91 480 1
91 501 1
91 505 1
91 531 1
91 555 1
91 579 1
91 592 1
91 594 1
91 616 1
91 634 1
91 643 1
91 658 1
91 686 1
91 694 1
91 734 1
91 775 1
91 781 1
91 790 1
92 97 1
92 136 1
92 139 1
92 155 1
92 177 1
92 220 1
92 251 1
92 296 1
92 301 1
92 313 1
92 325 1
92 347 1
92 383 1
92 396 1
92 410 1
92 425 1
92 436 1
92 438 1
92 517 1
92 522 1
92 529 1
92 536 1
92 537 1
92 541 1
92 562 1
92 578 1
92 579 1
92 580 1
92 598 1
92 603 1
92 606 1
92 621 1
92 650 1
92 652 1
92 662 1
92 702 1
92 746 1
92 754 1
92 758 1
92 782 1
92 789 1
93 132 1
93 142 1
93 144 1
93 188 1
93 200 1
93 215 1
93 221 1
93 240 1
93 241 1
93 243 1
93 257 1
93 262 1
93 266 1
93 275 1
93 279 1
93 281 1
93 309 1
93 321 1
93 329 1
93 340 1
93 353 1
93 356 1
93 425 1
93 438 1
93 477 1
93 500 1
93 502 1
93 544 1
93 566 1
93 590 1
93 599 1
93 613 1
93 614 1
93 629 1
93 633 1
93 642 1
93 697 1
93 699 1
93 764 1
93 788 1
93 793 1
94 116 1
94 125 1
94 134 1
94 148 1
94 178 1
94 193 1
94 201 1
94 203 1
94 222 1
94 245 1
94 248 1
94 271 1
94 299 1
94 338 1
94 344 1
94 358 1
94 361 1
94 391 1
94 400 1
94 415 1
94 416 1
94 472 1
94 473 1
94 495 1
94 519 1
94 540 1
94 555 1
94 569 1
94 576 1
94 585 1
94 590 1
94 591 1
94 600 1
94 602 1
94 608 1
94 617 1
94 620 1
94 631 1
94 632 1
94 633 1
94 635 1
94 669 1
94 684 1
94 690 1
94 701 1
94 703 1
94 711 1
94 712 1
94 713 1
94 723 1
94 743 1
94 744 1
94 756 1
94 784 1
95 126 1
95 132 1
95 145 1
95 163 1
95 187 1
95 201 1
95 230 1
95 245 1
95 250 1
95 267 1
95 277 1
95 301 1
95 312 1
95 313 1
95 328 1
95 334 1
95 339 1
95 345 1
95 354 1
95 361 1
95 404 1
95 405 1
95 427 1
95 432 1
95 452 1
95 456 1
95 477 1
95 480 1
95 487 1
95 496 1
95 497 1
95 539 1
95 558 1
95 578 1
95 586 1
95 589 1
95 601 1
95 604 1
95 616 1
95 621 1
95 682 1
95 701 1
95 740 1
95 750 1
95 773 1
95 792 1
95 793 1
96 101 1
96 114 1
96 147 1
96 155 1
96 163 1
96 180 1
96 193 1
96 198 1
96 203 1
96 204 1
96 207 1
96 238 1
96 289 1
96 290 1
96 308 1
96 325 1
96 337 1
96 346 1
96 354 1
96 370 1
96 386 1
96 413 1
96 415 1
96 423 1
96 427 1
96 435 1
96 449 1
96 457 1
96 459 1
96 461 1
96 477 1
96 487 1
96 496 1
96 507 1
96 508 1
96 518 1
96 543 1
96 560 1
96 567 1
96 576 1
96 581 1
96 589 1
96 606 1
96 642 1
96 659 1
96 664 1
96 682 1
96 685 1
96 695 1
96 700 1
96 702 1
96 728 1
96 748 1
97 120 1
97 176 1
97 182 1
97 229 1
97 231 1
97 253 1
97 254 1
97 280 1
97 313 1
97 321 1
97 367 1
97 374 1
97 380 1
97 419 1
97 427 1
97 428 1
97 433 1
97 448 1
97 476 1
97 498 1
97 519 1
97 527 1
97 563 1
97 628 1
97 635 1
97 643 1
97 648 1
97 657 1
97 693 1
97 694 1
97 709 1
97 714 1
97 723 1
97 731 1
97 750 1
97 773 1
97 786 1
97 799 1
98 148 1
98 150 1
98 164 1
98 173 1
98 181 1
98 195 1
98 198 1
98 221 1
98 226 1
98 249 1
98 255 1
98 257 1
98 260 1
98 275 1
98 287 1
98 290 1
98 299 1
98 300 1
98 301 1
98 323 1
98 333 1
98 411 1
98 414 1
98 440 1
98 446 1
98 456 1
98 461 1
98 483 1
98 485 1
98 526 1
98 566 1
98 575 1
98 579 1
98 602 1
98 610 1
98 620 1
98 641 1
98 657 1
98 672 1
98 673 1
98 687 1
98 704 1
98 747 1
98 751 1
98 755 1
98 765 1
98 788 1
99 104 1
99 153 1
99 166 1
99 171 1
99 197 1
99 205 1
99 208 1
99 221 1
99 246 1
99 250 1
99 252 1
99 263 1
99 265 1
99 279 1
99 311 1
99 328 1
99 349 1
99 409 1
99 422 1
99 469 1
99 496 1
99 501 1
99 504 1
99 516 1
99 526 1
99 531 1
99 568 1
99 586 1
99 595 1
99 644 1
99 655 1
99 668 1
99 678 1
99 701 1
99 731 1
99 782 1
99 792 1
100 112 1
100 133 1
100 156 1
100 185 1
100 195 1
100 199 1
100 210 1
100 231 1
100 238 1
100 306 1
100 333 1
100 377 1
100 408 1
100 442 1
100 447 1
100 449 1
100 461 1
100 473 1
100 499 1
100 500 1
100 517 1
100 531 1
100 533 1
100 546 1
100 564 1
100 581 1
100 608 1
100 633 1
100 637 1
100 638 1
100 649 1
100 675 1
100 677 1
100 721 1
100 757 1
101 106 1
101 112 1
101 114 1
101 122 1
101 123 1
101 125 1
101 134 1
101 136 1
101 138 1
101 139 1
101 147 1
101 162 1
101 191 1
101 193 1
101 215 1
101 223 1
101 233 1
101 234 1
101 276 1
101 290 1
101 300 1
101 302 1
101 303 1
101 306 1
101 335 1
101 362 1
101 390 1
101 406 1
101 412 1
101 416 1
101 419 1
101 431 1
101 452 1
101 465 1
101 468 1
101 477 1
101 501 1
101 509 1
101 543 1
101 563 1
101 587 1
101 595 1
101 599 1
101 602 1
101 607 1
101 610 1
101 645 1
101 648 1
101 650 1
101 654 1
101 674 1
101 698 1
101 770 1
101 784 1
102 111 1
102 133 1
102 135 1
102 143 1
102 193 1
102 219 1
102 221 1
102 228 1
102 229 1
102 246 1
102 267 1
102 304 1
102 308 1
102 310 1
102 330 1
102 333 1
102 335 1
102 351 1
102 356 1
102 374 1
102 385 1
102 411 1
102 431 1
102 436 1
102 468 1
102 475 1
102 476 1
102 489 1
102 490 1
102 500 1
102 562 1
102 583 1
102 617 1
102 631 1
102 671 1
102 698 1
102 711 1
102 721 1
102 761 1
102 767 1
102 771 1
102 776 1
102 780 1
103 125 1
103 136 1
103 157 1
103 181 1
103 186 1
103 190 1
103 197 1
103 204 1
103 230 1
103 291 1
103 310 1
103 312 1
103 321 1
103 332 1
103 343 1
103 368 1
103 377 1
103 383 1
103 391 1
103 403 1
103 437 1
103 443 1
103 444 1
103 449 1
103 454 1
103 478 1
103 481 1
103 493 1
103 501 1
103 511 1
103 523 1
103 533 1
103 539 1
103 547 1
103 559 1
103 566 1
103 569 1
103 576 1
103 577 1
103 615 1
103 616 1
103 635 1
103 653 1
103 675 1
103 685 1
103 701 1
103 728 1
103 731 1
103 734 1
103 735 1
103 748 1
103 772 1
103 796 1
104 111 1
104 166 1
104 168 1
104 170 1
104 171 1
104 191 1
104 201 1
104 213 1
104 249 1
104 269 1
104 287 1
104 310 1
104 315 1
104 333 1
104 350 1
104 357 1
104 379 1
104 389 1
104 395 1
104 421 1
104 424 1
104 426 1
104 435 1
104 437 1
104 445 1
104 453 1
104 477 1
104 478 1
104 492 1
104 495 1
104 497 1
104 511 1
104 538 1
104 555 1
104 577 1
104 592 1
104 621 1
104 650 1
104 665 1
104 667 1
104 678 1
104 697 1
104 732 1
104 778 1
104 799 1
105 138 1
105 161 1
105 164 1
105 176 1
105 271 1
105 282 1
105 297 1
105 298 1
105 316 1
105 340 1
105 353 1
105 360 1
105 365 1
105 372 1
105 407 1
105 410 1
105 413 1
105 418 1
105 423 1
105 450 1
105 452 1
105 454 1
105 468 1
105 475 1
105 493 1
105 497 1
105 514 1
105 528 1
105 531 1
105 544 1
105 562 1
105 575 1
105 621 1
105 638 1
105 648 1
105 652 1
105 656 1
105 658 1
105 678 1
105 695 1
105 705 1
105 717 1
105 726 1
105 729 1
105 746 1
105 767 1
105 773 1
105 776 1
106 107 1
106 117 1
106 128 1
106 129 1
106 131 1
106 150 1
106 257 1
106 271 1
106 297 1
106 313 1
106 322 1
106 324 1
106 335 1
106 339 1
106 343 1
106 356 1
106 358 1
106 415 1
106 443 1
106 457 1
106 459 1
106 467 1
106 483 1
106 509 1
106 513 1
106 533 1
106 566 1
106 603 1
106 618 1
106 627 1
106 637 1
106 677 1
106 684 1
106 688 1
106 707 1
106 710 1
106 729 1
106 730 1
106 731 1
106 756 1
106 766 1
106 779 1
107 112 1
107 122 1
107 145 1
107 171 1
107 187 1
107 193 1
107 201 1
107 211 1
107 237 1
107 270 1
107 283 1
107 284 1
107 287 1
107 297 1
107 311 1
107 368 1
107 395 1
107 419 1
107 489 1
107 492 1
107 495 1
107 515 1
107 517 1
107 566 1
107 572 1
107 620 1
107 621 1
107 654 1
107 678 1
107 688 1
107 690 1
107 714 1
107 750 1
107 760 1
107 770 1
107 787 1
108 113 1
108 150 1
108 175 1
108 212 1
108 230 1
108 248 1
108 252 1
108 265 1
108 276 1
108 279 1
108 284 1
108 296 1
108 318 1
108 329 1
108 330 1
108 346 1
108 360 1
108 376 1
108 386 1
108 403 1
108 429 1
108 430 1
108 440 1
108 445 1
108 448 1
108 471 1
108 486 1
108 491 1
108 506 1
108 530 1
108 548 1
108 579 1
108 581 1
108 601 1
108 605 1
108 624 1
108 625 1
108 659 1
108 661 1
108 689 1
108 695 1
108 717 1
108 722 1
108 737 1
108 772 1
108 778 1
108 785 1
108 800 1
109 115 1
109 121 1
109 128 1
109 184 1
109 208 1
109 229 1
109 294 1
109 317 1
109 320 1
109 335 1
109 340 1
109 341 1
109 343 1
109 355 1
109 381 1
109 420 1
109 436 1
109 440 1
109 454 1
109 457 1
109 458 1
109 498 1
109 511 1
109 515 1
109 519 1
109 527 1
109 549 1
109 573 1
109 574 1
109 588 1
109 589 1
109 604 1
109 622 1
109 627 1
109 630 1
109 691 1
109 709 1
109 714 1
109 720 1
109 723 1
109 751 1
109 752 1
109 761 1
109 770 1
109 771 1
109 774 1
109 784 1
109 792 1
110 117 1
110 130 1
110 153 1
110 155 1
110 159 1
110 167 1
110 198 1
110 226 1
110 228 1
110 271 1
110 284 1
110 289 1
110 302 1
110 310 1
110 321 1
110 353 1
110 357 1
110 367 1
110 386 1
110 399 1
110 416 1
110 430 1
110 431 1
110 467 1
110 476 1
110 489 1
110 500 1
110 514 1
110 541 1
110 543 1
110 554 1
110 559 1
110 585 1
110 599 1
110 630 1
110 632 1
110 644 1
110 661 1
110 757 1
110 762 1
110 770 1
110 776 1
110 778 1
110 798 1
111 129 1
111 131 1
111 138 1
111 145 1
111 146 1
111 155 1
111 178 1
111 189 1
111 192 1
111 207 1
111 215 1
111 224 1
111 260 1
111 271 1
111 287 1
111 303 1
111 326 1
111 333 1
111 369 1
111 397 1
111 415 1
111 418 1
111 449 1
111 456 1
111 483 1
111 489 1
111 492 1
111 527 1
111 554 1
111 557 1
111 564 1
111 565 1
111 574 1
111 596 1
111 610 1
111 635 1
111 654 1
111 660 1
111 661 1
111 671 1
111 688 1
111 723 1
111 736 1
111 760 1
111 762 1
111 785 1
112 118 1
112 125 1
112 138 1
112 144 1
112 157 1
112 170 1
112 171 1
112 224 1
112 231 1
112 237 1
112 241 1
112 276 1
112 287 1
112 308 1
112 336 1
112 342 1
112 353 1
112 360 1
112 372 1
112 389 1
112 399 1
112 404 1
112 409 1
112 427 1
112 432 1
112 454 1
112 477 1
112 515 1
112 516 1
112 550 1
112 570 1
112 593 1
112 633 1
112 648 1
112 660 1
112 692 1
112 697 1
112 700 1
112 728 1
112 733 1
112 738 1
112 757 1
112 798 1
113 115 1
113 125 1
113 128 1
113 184 1
113 199 1
113 209 1
113 222 1
113 233 1
113 241 1
113 270 1
113 271 1
113 278 1
113 310 1
113 330 1
113 333 1
113 337 1
113 345 1
113 368 1
113 408 1
113 410 1
113 425 1
113 436 1
113 440 1
113 444 1
113 461 1
113 464 1
113 494 1
113 503 1
113 505 1
113 509 1
113 512 1
113 542 1
113 543 1
113 565 1
113 574 1
113 577 1
113 590 1
113 607 1
113 628 1
113 638 1
113 643 1
113 653 1
113 672 1
113 686 1
113 689 1
113 720 1
113 743 1
113 769 1
113 775 1
113 796 1
114 139 1
114 181 1
114 182 1
114 211 1
114 218 1
114 260 1
114 276 1
114 301 1
114 319 1
114 334 1
114 344 1
114 360 1
114 366 1
114 396 1
114 421 1
114 425 1
114 461 1
114 463 1
114 473 1
114 491 1
114 495 1
114 509 1
114 533 1
114 546 1
114 547 1
114 548 1
114 554 1
114 562 1
114 572 1
114 594 1
114 599 1
114 602 1
114 605 1
114 616 1
114 635 1
114 643 1
114 647 1
114 666 1
114 677 1
114 678 1
114 698 1
114 701 1
114 724 1
114 742 1
114 745 1
114 789 1
115 162 1
115 177 1
115 202 1
115 221 1
115 222 1
115 227 1
115 240 1
115 254 1
115 270 1
115 273 1
115 302 1
115 313 1
115 321 1
115 323 1
115 363 1
115 396 1
115 401 1
115 415 1
115 422 1
115 454 1
115 469 1
115 475 1
115 477 1
115 479 1
115 481 1
115 488 1
115 496 1
115 511 1
115 558 1
115 570 1
115 608 1
115 617 1
115 642 1
115 645 1
115 659 1
115 665 1
115 682 1
115 683 1
115 691 1
115 701 1
115 712 1
115 714 1
115 717 1
115 726 1
115 738 1
115 740 1
115 756 1
115 759 1
115 760 1
115 783 1
116 117 1
116 138 1
116 139 1
116 166 1
116 173 1
116 196 1
116 201 1
116 213 1
116 230 1
116 239 1
116 240 1
116 254 1
116 255 1
116 267 1
116 290 1
116 326 1
116 339 1
116 377 1
116 393 1
116 407 1
116 416 1
116 445 1
116 455 1
116 472 1
116 478 1
116 503 1
116 513 1
116 535 1
116 542 1
116 556 1
116 570 1
116 586 1
116 587 1
116 594 1
116 603 1
116 623 1
116 631 1
116 633 1
116 643 1
116 655 1
116 656 1
116 661 1
116 684 1
116 687 1
116 690 1
116 705 1
116 718 1
116 721 1
116 725 1
116 751 1
116 760 1
117 130 1
117 133 1
117 139 1
117 162 1
117 176 1
117 182 1
117 184 1
117 185 1
117 208 1
117 209 1
117 220 1
117 222 1
117 224 1
117 239 1
117 259 1
117 279 1
117 299 1
117 303 1
117 328 1
117 337 1
117 343 1
117 344 1
117 359 1
117 371 1
117 389 1
117 441 1
117 516 1
117 520 1
117 525 1
117 528 1
117 531 1
117 553 1
117 565 1
117 583 1
117 585 1
117 617 1
117 650 1
117 683 1
117 697 1
117 700 1
117 713 1
117 714 1
117 745 1
117 747 1
117 783 1
117 794 1
117 800 1
118 122 1
118 140 1
118 142 1
118 151 1
118 175 1
118 181 1
118 220 1
118 226 1
118 227 1
118 251 1
118 288 1
118 289 1
118 310 1
118 313 1
118 328 1
118 347 1
118 365 1
118 406 1
118 408 1
118 411 1
118 432 1
118 441 1
118 446 1
118 465 1
118 474 1
118 477 1
118 482 1
118 485 1
118 500 1
118 502 1
118 504 1
118 508 1
118 536 1
118 539 1
118 547 1
118 574 1
118 581 1
118 588 1
118 593 1
118 599 1
118 607 1
118 614 1
118 660 1
118 675 1
118 714 1
118 733 1
118 779 1
118 793 1
119 123 1
119 132 1
119 135 1
119 166 1
119 188 1
119 211 1
119 231 1
119 273 1
119 274 1
119 287 1
119 304 1
119 311 1
119 340 1
119 366 1
119 385 1
119 388 1
119 412 1
119 455 1
119 460 1
119 462 1
119 477 1
119 511 1
119 541 1
119 566 1
119 587 1
119 588 1
119 604 1
119 627 1
119 666 1
119 706 1
119 720 1
119 733 1
119 742 1
119 775 1
119 788 1
120 130 1
120 182 1
120 183 1
120 212 1
120 215 1
120 220 1
120 226 1
120 240 1
120 265 1
120 287 1
120 309 1
120 323 1
120 341 1
120 356 1
120 446 1
120 452 1
120 492 1
120 506 1
120 515 1
120 534 1
120 536 1
120 554 1
120 557 1
120 565 1
120 572 1
120 576 1
120 583 1
120 605 1
120 613 1
120 627 1
120 643 1
120 648 1
120 664 1
120 669 1
120 701 1
120 711 1
120 733 1
120 749 1
120 755 1
120 759 1
120 764 1
120 768 1
120 792 1
121 133 1
121 174 1
121 190 1
121 199 1
121 200 1
121 207 1
121 228 1
121 244 1
121 260 1
121 311 1
121 313 1
121 325 1
121 340 1
121 388 1
121 400 1
121 412 1
121 423 1
121 424 1
121 430 1
121 438 1
121 444 1
121 456 1
121 462 1
121 469 1
121 485 1
121 486 1
121 520 1
121 531 1
121 573 1
121 579 1
121 589 1
121 591 1
121 602 1
121 606 1
121 630 1
121 633 1
121 635 1
121 659 1
121 660 1
121 669 1
121 681 1
121 709 1
121 729 1
121 730 1
121 763 1
121 765 1
122 154 1
122 182 1
122 192 1
122 199 1
122 218 1
122 247 1
122 251 1
122 300 1
122 330 1
122 341 1
122 344 1
122 355 1
122 356 1
122 359 1
122 370 1
122 386 1
122 416 1
122 418 1
122 437 1
122 485 1
122 495 1
122 607 1
122 608 1
122 613 1
122 619 1
122 646 1
122 665 1
122 686 1
122 739 1
122 788 1
122 792 1
122 800 1
123 162 1
123 171 1
123 173 1
123 179 1
123 182 1
123 188 1
123 222 1
123 246 1
123 251 1
123 267 1
123 290 1
123 307 1
123 309 1
123 320 1
123 324 1
123 332 1
123 348 1
123 354 1
123 356 1
123 378 1
123 395 1
123 402 1
123 405 1
123 412 1
123 415 1
123 445 1
123 455 1
123 464 1
123 486 1
123 541 1
123 546 1
123 548 1
123 551 1
123 563 1
123 579 1
123 632 1
123 654 1
123 677 1
123 685 1
123 744 1
123 760 1
123 761 1
124 146 1
124 161 1
124 164 1
124 204 1
124 211 1
124 221 1
124 223 1
124 246 1
124 253 1
124 255 1
124 262 1
124 265 1
124 303 1
124 313 1
124 321 1
124 345 1
124 359 1
124 365 1
124 422 1
124 439 1
124 442 1
124 454 1
124 470 1
124 478 1
124 507 1
124 527 1
124 537 1
124 550 1
124 554 1
124 572 1
124 635 1
124 677 1
124 704 1
124 706 1
124 707 1
124 731 1
124 751 1
124 766 1
124 778 1
124 795 1
125 143 1
125 151 1
125 163 1
125 170 1
125 178 1
125 192 1
125 233 1
125 245 1
125 249 1
125 269 1
125 291 1
125 318 1
125 320 1
125 330 1
125 350 1
125 395 1
125 404 1
125 406 1
125 417 1
125 440 1
125 453 1
125 468 1
125 475 1
125 482 1
125 533 1
125 536 1
125 544 1
125 556 1
125 563 1
125 603 1
125 604 1
125 651 1
125 670 1
125 671 1
125 678 1
125 701 1
125 703 1
125 710 1
125 775 1
126 162 1
126 178 1
126 179 1
126 188 1
126 191 1
126 195 1
126 242 1
126 251 1
126 301 1
126 315 1
126 332 1
126 344 1
126 352 1
126 393 1
126 401 1
126 402 1
126 418 1
126 427 1
126 439 1
126 453 1
126 458 1
126 474 1
126 483 1
126 487 1
126 512 1
126 518 1
126 522 1
126 548 1
126 555 1
126 575 1
126 585 1
126 589 1
126 630 1
126 642 1
126 655 1
126 672 1
126 684 1
126 695 1
126 699 1
126 710 1
126 722 1
126 758 1
127 135 1
127 155 1
127 167 1
127 181 1
127 187 1
127 203 1
127 235 1
127 239 1
127 260 1
127 261 1
127 268 1
127 273 1
127 324 1
127 334 1
127 424 1
127 433 1
127 452 1
127 465 1
127 482 1
127 498 1
127 499 1
127 508 1
127 514 1
127 519 1
127 526 1
127 542 1
127 576 1
127 591 1
127 593 1
127 614 1
127 618 1
127 625 1
127 662 1
127 670 1
127 682 1
127 686 1
127 691 1
127 731 1
127 747 1
127 759 1
127 772 1
127 779 1
128 137 1
128 151 1
128 160 1
128 185 1
128 254 1
128 261 1
128 284 1
128 303 1
128 332 1
128 335 1
128 343 1
128 351 1
128 353 1
128 367 1
128 368 1
128 384 1
128 406 1
128 466 1
128 469 1
128 482 1
128 507 1
128 612 1
128 619 1
128 659 1
128 661 1
128 714 1
128 718 1
128 731 1
128 744 1
128 762 1
129 134 1
129 136 1
129 169 1
129 178 1
129 214 1
129 223 1
129 245 1
129 263 1
129 283 1
129 339 1
129 341 1
129 357 1
129 378 1
129 402 1
129 415 1
129 457 1
129 461 1
129 486 1
129 514 1
129 535 1
129 538 1
129 542 1
129 608 1
129 638 1
129 676 1
129 681 1
129 690 1
129 708 1
129 714 1
129 724 1
129 737 1
129 738 1
129 760 1
129 768 1
129 785 1
129 788 1
129 790 1
130 188 1
130 194 1
130 214 1
130 227 1
130 228 1
130 234 1
130 240 1
130 272 1
130 283 1
130 299 1
130 325 1
130 327 1
130 330 1
130 340 1
130 371 1
130 379 1
130 380 1
130 404 1
130 425 1
130 436 1
130 446 1
130 455 1
130 458 1
130 480 1
130 494 1
130 504 1
130 514 1
130 515 1
130 529 1
130 547 1
130 553 1
130 597 1
130 612 1
130 615 1
130 618 1
130 676 1
130 687 1
130 727 1
130 743 1
130 756 1
130 792 1
130 797 1
130 799 1
131 142 1
131 143 1
131 148 1
131 229 1
131 234 1
131 238 1
131 257 1
131 266 1
131 299 1
131 315 1
131 322 1
131 358 1
131 361 1
131 362 1
131 370 1
131 374 1
131 385 1
131 397 1
131 406 1
131 414 1
131 422 1
131 449 1
131 459 1
131 475 1
131 476 1
131 480 1
131 484 1
131 495 1
131 541 1
131 551 1
131 555 1
131 560 1
131 563 1
131 564 1
131 576 1
131 622 1
131 677 1
131 680 1
131 692 1
131 702 1
131 712 1
131 723 1
131 724 1
131 753 1
131 763 1
131 770 1
131 773 1
131 790 1
132 133 1
132 142 1
132 143 1
132 160 1
132 161 1
132 163 1
132 164 1
132 173 1
132 200 1
132 205 1
132 214 1
132 222 1
132 224 1
132 244 1
132 256 1
132 268 1
132 284 1
132 307 1
132 311 1
132 323 1
132 343 1
132 345 1
132 352 1
132 377 1
132 394 1
132 401 1
132 427 1
132 478 1
132 497 1
132 527 1
132 570 1
132 591 1
132 592 1
132 611 1
132 641 1
132 645 1
132 651 1
132 684 1
132 686 1
132 724 1
132 771 1
132 792 1
133 142 1
133 167 1
133 194 1
133 211 1
133 230 1
133 244 1
133 256 1
133 268 1
133 271 1
133 275 1
133 333 1
133 334 1
133 337 1
133 341 1
133 358 1
133 363 1
133 382 1
133 387 1
133 402 1
133 414 1
133 447 1
133 472 1
133 485 1
133 494 1
133 501 1
133 514 1
133 524 1
133 538 1
133 555 1
133 569 1
133 594 1
133 602 1
133 622 1
133 681 1
133 718 1
133 721 1
133 729 1
133 732 1
133 759 1
133 778 1
134 138 1
134 144 1
134 147 1
134 162 1
134 163 1
134 165 1
134 166 1
134 188 1
134 247 1
134 249 1
134 265 1
134 269 1
134 272 1
134 339 1
134 347 1
134 356 1
134 366 1
134 368 1
134 375 1
134 385 1
134 392 1
134 409 1
134 413 1
134 414 1
134 415 1
134 468 1
134 488 1
134 506 1
134 507 1
134 525 1
134 527 1
134 539 1
134 552 1
134 567 1
134 577 1
134 578 1
134 600 1
134 632 1
134 641 1
134 651 1
134 660 1
134 676 1
134 677 1
134 749 1
134 776 1
134 796 1
135 151 1
135 154 1
135 162 1
135 211 1
135 232 1
135 236 1
135 263 1
135 268 1
135 273 1
135 326 1
135 339 1
135 353 1
135 423 1
135 432 1
135 457 1
135 459 1
135 472 1
135 475 1
135 498 1
135 515 1
135 517 1
135 519 1
135 525 1
135 538 1
135 540 1
135 551 1
135 552 1
135 554 1
135 555 1
135 572 1
135 578 1
135 587 1
135 609 1
135 613 1
135 623 1
135 631 1
135 634 1
135 660 1
135 663 1
135 678 1
135 687 1
135 702 1
135 751 1
135 779 1
135 780 1
135 790 1
135 798 1
136 163 1
136 167 1
136 172 1
136 191 1
136 199 1
136 212 1
136 217 1
136 231 1
136 251 1
136 286 1
136 297 1
136 308 1
136 312 1
136 315 1
136 319 1
136 360 1
136 394 1
136 405 1
136 421 1
136 423 1
136 425 1
136 447 1
136 515 1
136 522 1
136 523 1
136 559 1
136 561 1
136 590 1
136 610 1
136 624 1
136 631 1
136 654 1
136 658 1
136 663 1
136 669 1
136 679 1
136 699 1
136 709 1
136 739 1
136 779 1
136 791 1
137 144 1
137 145 1
137 165 1
137 191 1
137 199 1
137 205 1
137 240 1
137 270 1
137 283 1
137 286 1
137 299 1
137 323 1
137 332 1
137 346 1
137 359 1
137 380 1
137 386 1
137 395 1
137 424 1
137 436 1
137 483 1
137 505 1
137 511 1
137 554 1
137 564 1
137 583 1
137 604 1
137 605 1
137 657 1
137 682 1
137 690 1
137 729 1
137 752 1
137 775 1
138 139 1
138 152 1
138 155 1
138 172 1
138 193 1
138 200 1
138 204 1
138 210 1
138 236 1
138 243 1
138 245 1
138 246 1
138 263 1
138 280 1
138 281 1
138 291 1
138 295 1
138 316 1
138 332 1
138 334 1
138 366 1
138 408 1
138 432 1
138 448 1
138 452 1
138 457 1
138 462 1
138 497 1
138 542 1
138 553 1
138 568 1
138 585 1
138 602 1
138 606 1
138 610 1
138 618 1
138 650 1
138 651 1
138 655 1
138 667 1
138 675 1
138 712 1
138 713 1
138 741 1
138 783 1
138 790 1
139 155 1
139 162 1
139 163 1
139 182 1
139 193 1
139 205 1
139 209 1
139 213 1
139 254 1
139 260 1
139 293 1
139 297 1
139 321 1
139 324 1
139 326 1
139 339 1
139 354 1
139 371 1
139 400 1
139 405 1
139 429 1
139 430 1
139 458 1
139 469 1
139 479 1
139 498 1
139 519 1
139 538 1
139 544 1
139 556 1
139 558 1
139 575 1
139 623 1
139 625 1
139 637 1
139 642 1
139 643 1
139 669 1
139 673 1
139 702 1
139 720 1
139 733 1
139 771 1
140 141 1
140 142 1
140 161 1
140 169 1
140 198 1
140 217 1
140 224 1
140 229 1
140 247 1
140 254 1
140 270 1
140 299 1
140 310 1
140 311 1
140 316 1
140 320 1
140 354 1
140 374 1
140 394 1
140 400 1
140 402 1
140 404 1
140 451 1
140 465 1
140 467 1
140 468 1
140 476 1
140 477 1
140 485 1
140 488 1
140 501 1
140 504 1
140 505 1
140 518 1
140 520 1
140 538 1
140 554 1
140 556 1
140 608 1
140 644 1
140 658 1
140 692 1
140 711 1
140 715 1
140 716 1
140 717 1
140 731 1
140 738 1
140 799 1
141 149 1
141 170 1
141 174 1
141 178 1
141 194 1
141 207 1
141 209 1
141 223 1
141 227 1
141 234 1
141 259 1
141 261 1
141 264 1
141 272 1
141 277 1
141 327 1
141 335 1
141 350 1
141 371 1
141 391 1
141 392 1
141 423 1
141 450 1
141 453 1
141 468 1
141 471 1
141 484 1
141 495 1
141 497 1
141 521 1
141 536 1
141 537 1
141 573 1
141 577 1
141 583 1
141 602 1
141 629 1
141 644 1
141 645 1
141 657 1
141 685 1
141 700 1
141 706 1
141 714 1
141 715 1
141 717 1
141 765 1
141 776 1
141 798 1
142 155 1
142 160 1
142 162 1
142 185 1
142 188 1
142 202 1
142 216 1
142 228 1
142 230 1
142 252 1
142 253 1
142 254 1
142 260 1
142 280 1
142 281 1
142 294 1
142 307 1
142 320 1
142 324 1
142 327 1
142 369 1
142 413 1
142 419 1
142 430 1
142 437 1
142 446 1
142 452 1
142 459 1
142 470 1
142 488 1
142 508 1
142 522 1
142 540 1
142 542 1
142 562 1
142 615 1
142 651 1
142 653 1
142 678 1
142 708 1
142 716 1
142 742 1
142 745 1
142 751 1
142 759 1
142 791 1
143 147 1
143 149 1
143 190 1
143 196 1
143 247 1
143 253 1
143 260 1
143 262 1
143 270 1
143 271 1
143 273 1
143 286 1
143 297 1
143 330 1
143 333 1
143 344 1
143 367 1
143 402 1
143 406 1
143 413 1
143 457 1
143 462 1
143 480 1
143 490 1
143 498 1
143 521 1
143 532 1
143 554 1
143 565 1
143 567 1
143 591 1
143 612 1
143 614 1
143 629 1
143 652 1
143 693 1
143 696 1
143 732 1
143 743 1
143 764 1
143 766 1
143 774 1
143 800 1
144 177 1
144 179 1
144 186 1
144 188 1
144 207 1
144 221 1
144 241 1
144 269 1
144 282 1
144 336 1
144 361 1
144 404 1
144 429 1
144 455 1
144 457 1
144 458 1
144 464 1
144 480 1
144 487 1
144 497 1
144 508 1
144 511 1
144 522 1
144 565 1
144 574 1
144 588 1
144 592 1
144 610 1
144 611 1
144 613 1
144 616 1
144 647 1
144 660 1
144 677 1
144 695 1
144 696 1
144 700 1
144 722 1
144 729 1
144 730 1
144 737 1
144 748 1
144 759 1
144 776 1
145 153 1
145 177 1
145 181 1
145 209 1
145 224 1
145 255 1
145 264 1
145 298 1
145 310 1
145 313 1
145 319 1
145 328 1
145 342 1
145 343 1
145 369 1
145 374 1
145 381 1
145 389 1
145 421 1
145 432 1
145 450 1
145 468 1
145 479 1
145 482 1
145 493 1
145 501 1
145 514 1
145 534 1
145 537 1
145 541 1
145 546 1
145 559 1
145 601 1
145 616 1
145 637 1
145 642 1
145 667 1
145 684 1
145 700 1
145 734 1
145 742 1
145 758 1
145 765 1
145 776 1
146 155 1
146 186 1
146 199 1
146 251 1
146 254 1
146 256 1
146 267 1
146 278 1
146 305 1
146 320 1
146 343 1
146 344 1
146 360 1
146 365 1
146 382 1
146 387 1
146 403 1
146 413 1
146 427 1
146 465 1
146 480 1
146 484 1
146 486 1
146 532 1
146 543 1
146 576 1
146 582 1
146 600 1
146 620 1
146 638 1
146 640 1
146 666 1
146 671 1
146 705 1
146 707 1
146 716 1
146 746 1
146 772 1
146 779 1
146 782 1
146 792 1
146 793 1
146 794 1
146 800 1
147 161 1
147 205 1
147 208 1
147 236 1
147 238 1
147 244 1
147 260 1
147 263 1
147 289 1
147 328 1
147 336 1
147 343 1
147 345 1
147 377 1
147 395 1
147 397 1
147 440 1
147 446 1
147 471 1
147 478 1
147 521 1
147 524 1
147 564 1
147 571 1
147 575 1
147 589 1
147 596 1
147 613 1
147 618 1
147 685 1
147 699 1
147 701 1
147 725 1
147 757 1
147 759 1
147 760 1
147 788 1
147 789 1
147 798 1
148 178 1
148 235 1
148 238 1
148 264 1
148 279 1
148 296 1
148 312 1
148 315 1
148 325 1
148 327 1
148 328 1
148 337 1
148 344 1
148 364 1
148 393 1
148 404 1
148 416 1
148 419 1
148 428 1
148 430 1
148 462 1
148 467 1
148 479 1
148 497 1
148 506 1
148 510 1
148 518 1
148 524 1
148 545 1
148 560 1
148 593 1
148 612 1
148 680 1
148 687 1
148 696 1
148 704 1
148 732 1
148 745 1
148 765 1
148 770 1
148 796 1
148 799 1
149 150 1
149 164 1
149 166 1
149 194 1
149 239 1
149 244 1
149 268 1
149 303 1
149 308 1
149 336 1
149 341 1
149 344 1
149 348 1
149 354 1
149 381 1
149 400 1
149 402 1
149 403 1
149 415 1
149 438 1
149 471 1
149 477 1
149 480 1
149 482 1
149 527 1
149 551 1
149 556 1
149 564 1
149 571 1
149 582 1
149 623 1
149 635 1
149 662 1
149 664 1
149 665 1
149 666 1
149 683 1
149 694 1
149 724 1
149 731 1
149 758 1
149 768 1
149 788 1
149 793 1
150 179 1
150 187 1
150 190 1
150 215 1
150 233 1
150 246 1
150 248 1
150 251 1
150 259 1
150 273 1
150 275 1
150 301 1
150 327 1
150 343 1
150 367 1
150 374 1
150 379 1
150 406 1
150 417 1
150 422 1
150 426 1
150 453 1
150 494 1
150 505 1
150 522 1
150 535 1
150 536 1
150 540 1
150 559 1
150 604 1
150 606 1
150 618 1
150 631 1
150 633 1
150 677 1
150 678 1
150 681 1
150 685 1
150 697 1
150 705 1
150 717 1
150 728 1
150 747 1
150 749 1
150 750 1
150 754 1
150 761 1
150 788 1
151 166 1
151 183 1
151 216 1
151 228 1
151 246 1
151 267 1
151 284 1
151 290 1
151 299 1
151 303 1
151 306 1
151 340 1
151 341 1
151 354 1
151 363 1
151 366 1
151 424 1
151 438 1
151 452 1
151 476 1
151 482 1
151 510 1
151 517 1
151 518 1
151 520 1
151 524 1
151 557 1
151 559 1
151 575 1
151 577 1
151 595 1
151 605 1
151 618 1
151 630 1
151 645 1
151 654 1
151 707 1
151 710 1
151 714 1
151 715 1
151 731 1
151 758 1
151 777 1
151 784 1
151 787 1
151 796 1
151 797 1
152 164 1
152 173 1
152 187 1
152 201 1
152 217 1
152 219 1
152 221 1
152 241 1
152 296 1
152 317 1
152 318 1
152 325 1
152 361 1
152 366 1
152 367 1
152 406 1
152 419 1
152 521 1
152 523 1
152 569 1
152 574 1
152 582 1
152 587 1
152 590 1
152 592 1
152 597 1
152 601 1
152 658 1
152 739 1
153 158 1
153 176 1
153 184 1
153 194 1
153 220 1
153 223 1
153 275 1
153 283 1
153 288 1
153 304 1
153 319 1
153 328 1
153 339 1
153 353 1
153 355 1
153 366 1
153 369 1
153 383 1
153 397 1
153 407 1
153 431 1
153 443 1
153 451 1
153 460 1
153 489 1
153 495 1
153 500 1
153 505 1
153 535 1
153 555 1
153 564 1
153 567 1
153 621 1
153 622 1
153 635 1
153 638 1
153 663 1
153 685 1
153 689 1
153 708 1
153 712 1
153 719 1
153 735 1
153 737 1
153 756 1
153 782 1
153 787 1
154 176 1
154 179 1
154 189 1
154 203 1
154 227 1
154 250 1
154 256 1
154 273 1
154 274 1
154 280 1
154 290 1
154 296 1
154 313 1
154 369 1
154 371 1
154 375 1
154 381 1
154 383 1
154 401 1
154 422 1
154 428 1
154 444 1
154 446 1
154 467 1
154 471 1
154 473 1
154 486 1
154 500 1
154 501 1
154 523 1
154 549 1
154 562 1
154 571 1
154 577 1
154 597 1
154 638 1
154 645 1
154 675 1
154 684 1
154 686 1
154 690 1
154 697 1
154 745 1
154 754 1
154 761 1
154 770 1
154 792 1
155 193 1
155 214 1
155 231 1
155 247 1
155 320 1
155 331 1
155 332 1
155 340 1
155 346 1
155 356 1
155 358 1
155 364 1
155 370 1
155 384 1
155 390 1
155 416 1
155 419 1
155 444 1
155 446 1
155 460 1
155 478 1
155 532 1
155 543 1
155 551 1
155 558 1
155 599 1
155 602 1
155 618 1
155 633 1
155 664 1
155 668 1
155 673 1
155 684 1
155 689 1
155 723 1
155 731 1
155 732 1
155 755 1
155 774 1
155 778 1
156 158 1
156 163 1
156 169 1
156 177 1
156 184 1
156 204 1
156 225 1
156 262 1
156 264 1
156 271 1
156 305 1
156 312 1
156 323 1
156 331 1
156 334 1
156 339 1
156 412 1
156 427 1
156 428 1
156 438 1
156 441 1
156 468 1
156 469 1
156 470 1
156 488 1
156 496 1
156 497 1
156 527 1
156 532 1
156 541 1
156 582 1
156 593 1
156 601 1
156 664 1
156 665 1
156 671 1
156 685 1
156 708 1
156 716 1
156 719 1
156 777 1
156 778 1
156 786 1
156 799 1
157 164 1
157 165 1
157 204 1
157 208 1
157 210 1
157 228 1
157 239 1
157 252 1
157 267 1
157 272 1
157 305 1
157 307 1
157 327 1
157 338 1
157 341 1
157 342 1
157 348 1
157 373 1
157 380 1
157 396 1
157 401 1
157 407 1
157 408 1
157 454 1
157 476 1
157 477 1
157 479 1
157 497 1
157 502 1
157 505 1
157 511 1
157 535 1
157 537 1
157 550 1
157 578 1
157 607 1
157 616 1
157 620 1
157 661 1
157 663 1
157 674 1
157 680 1
157 701 1
157 711 1
157 733 1
157 740 1
158 194 1
158 211 1
158 219 1
158 220 1
158 230 1
158 235 1
158 281 1
158 388 1
158 396 1
158 418 1
158 420 1
158 439 1
158 450 1
158 458 1
158 514 1
158 530 1
158 550 1
158 578 1
158 586 1
158 593 1
158 605 1
158 613 1
158 616 1
158 665 1
158 668 1
158 684 1
158 689 1
158 711 1
158 732 1
158 733 1
158 765 1
158 778 1
158 794 1
159 164 1
159 190 1
159 196 1
159 203 1
159 221 1
159 230 1
159 259 1
159 263 1
159 270 1
159 390 1
159 397 1
159 400 1
159 401 1
159 420 1
159 436 1
159 458 1
159 462 1
159 470 1
159 477 1
159 520 1
159 542 1
159 544 1
159 551 1
159 553 1
159 601 1
159 609 1
159 620 1
159 645 1
159 674 1
159 708 1
159 715 1
159 719 1
159 733 1
159 772 1
160 173 1
160 181 1
160 190 1
160 201 1
160 211 1
160 241 1
160 268 1
160 282 1
160 357 1
160 385 1
160 388 1
160 450 1
160 470 1
160 505 1
160 545 1
160 554 1
160 561 1
160 578 1
160 616 1
160 620 1
160 623 1
160 633 1
160 647 1
160 650 1
160 654 1
160 673 1
160 682 1
160 707 1
160 709 1
160 740 1
160 785 1
161 164 1
161 169 1
161 170 1
161 189 1
161 282 1
161 302 1
161 317 1
161 326 1
161 354 1
161 377 1
161 408 1
161 435 1
161 436 1
161 463 1
161 465 1
161 473 1
161 476 1
161 534 1
161 537 1
161 539 1
161 569 1
161 586 1
161 623 1
161 625 1
161 651 1
161 674 1
161 698 1
161 709 1
161 716 1
161 725 1
161 726 1
161 746 1
161 797 1
162 164 1
162 169 1
162 170 1
162 171 1
162 176 1
162 183 1
162 193 1
162 236 1
162 258 1
162 274 1
162 284 1
162 309 1
162 314 1
162 321 1
162 337 1
162 375 1
162 413 1
162 440 1
162 466 1
162 471 1
162 498 1
162 505 1
162 508 1
162 514 1
162 540 1
162 565 1
162 621 1
162 623 1
162 627 1
162 633 1
162 678 1
162 724 1
162 725 1
162 754 1
162 755 1
162 759 1
162 795 1
163 193 1
163 203 1
163 209 1
163 222 1
163 237 1
163 249 1
163 256 1
163 270 1
163 307 1
163 324 1
163 351 1
163 359 1
163 405 1
163 411 1
163 437 1
163 457 1
163 479 1
163 494 1
163 532 1
163 541 1
163 550 1
163 562 1
163 564 1
163 598 1
163 613 1
163 631 1
163 648 1
163 654 1
163 695 1
163 718 1
163 733 1
163 748 1
163 751 1
163 752 1
163 754 1
163 755 1
163 787 1
164 178 1
164 201 1
164 212 1
164 219 1
164 221 1
164 247 1
164 254 1
164 264 1
164 266 1
164 289 1
164 314 1
164 323 1
164 394 1
164 399 1
164 418 1
164 425 1
164 441 1
164 444 1
164 471 1
164 484 1
164 502 1
164 516 1
164 517 1
164 521 1
164 561 1
164 572 1
164 612 1
164 620 1
164 623 1
164 638 1
164 647 1
164 700 1
164 722 1
164 766 1
164 790 1
164 799 1
165 198 1
165 202 1
165 207 1
165 238 1
165 252 1
165 285 1
165 293 1
165 309 1
165 312 1
165 332 1
165 355 1
165 366 1
165 380 1
165 392 1
165 399 1
165 402 1
165 475 1
165 479 1
165 497 1
165 502 1
165 511 1
165 514 1
165 544 1
165 582 1
165 587 1
165 588 1
165 599 1
165 617 1
165 644 1
165 661 1
165 699 1
165 714 1
165 722 1
165 744 1
165 746 1
165 790 1
165 797 1
166 175 1
166 177 1
166 221 1
166 228 1
166 240 1
166 245 1
166 268 1
166 289 1
166 304 1
166 343 1
166 348 1
166 351 1
166 370 1
166 378 1
166 414 1
166 435 1
166 437 1
166 464 1
166 495 1
166 499 1
166 543 1
166 553 1
166 555 1
166 572 1
166 588 1
166 600 1
166 602 1
166 603 1
166 606 1
166 614 1
166 656 1
166 703 1
166 709 1
166 799 1
167 169 1
167 176 1
167 197 1
167 199 1
167 217 1
167 224 1
167 227 1
167 239 1
167 277 1
167 289 1
167 290 1
167 299 1
167 309 1
167 311 1
167 312 1
167 320 1
167 325 1
167 337 1
167 371 1
167 382 1
167 384 1
167 401 1
167 419 1
167 425 1
167 438 1
167 468 1
167 490 1
167 516 1
167 521 1
167 523 1
167 558 1
167 578 1
167 594 1
167 649 1
167 659 1
167 660 1
167 728 1
167 753 1
167 765 1
167 782 1
167 794 1
167 795 1
168 186 1
168 195 1
168 202 1
168 224 1
168 244 1
168 271 1
168 294 1
168 301 1
168 310 1
168 316 1
168 335 1
168 339 1
168 355 1
168 371 1
168 373 1
168 380 1
168 405 1
168 409 1
168 412 1
168 429 1
168 444 1
168 481 1
168 497 1
168 498 1
168 499 1
168 500 1
168 508 1
168 521 1
168 541 1
168 585 1
168 592 1
168 625 1
168 668 1
168 685 1
168 715 1
168 729 1
168 736 1
168 750 1
168 753 1
168 767 1
168 775 1
168 784 1
168 795 1
169 172 1
169 185 1
169 224 1
169 231 1
169 235 1
169 295 1
169 324 1
169 331 1
169 336 1
169 338 1
169 339 1
169 360 1
169 375 1
169 381 1
169 382 1
169 388 1
169 392 1
169 397 1
169 418 1
169 485 1
169 506 1
169 514 1
169 523 1
169 536 1
169 538 1
169 561 1
169 573 1
169 578 1
169 614 1
169 643 1
169 650 1
169 663 1
169 682 1
169 684 1
169 692 1
169 730 1
169 752 1
169 768 1
169 770 1
169 781 1
170 186 1
170 189 1
170 195 1
170 200 1
170 230 1
170 231 1
170 241 1
170 257 1
170 297 1
170 307 1
170 319 1
170 324 1
170 334 1
170 338 1
170 393 1
170 401 1
170 425 1
170 438 1
170 443 1
170 452 1
170 457 1
170 466 1
170 499 1
170 507 1
170 527 1
170 549 1
170 550 1
170 560 1
170 570 1
170 580 1
170 587 1
170 611 1
170 615 1
170 633 1
170 658 1
170 680 1
170 686 1
170 689 1
170 714 1
170 717 1
170 727 1
170 742 1
170 765 1
171 177 1
171 186 1
171 198 1
171 201 1
171 216 1
171 218 1
171 225 1
171 232 1
171 234 1
171 281 1
171 296 1
171 318 1
171 395 1
171 413 1
171 439 1
171 489 1
171 491 1
171 576 1
171 599 1
171 606 1
171 660 1
171 672 1
171 715 1
171 742 1
171 749 1
171 754 1
171 766 1
171 773 1
171 783 1
171 793 1
171 794 1
172 178 1
172 196 1
172 209 1
172 216 1
172 222 1
172 225 1
172 230 1
172 237 1
172 242 1
172 255 1
172 265 1
172 314 1
172 327 1
172 360 1
172 382 1
172 410 1
172 433 1
172 438 1
172 445 1
172 454 1
172 461 1
172 496 1
172 503 1
172 510 1
172 517 1
172 543 1
172 556 1
172 563 1
172 575 1
172 576 1
172 582 1
172 584 1
172 590 1
172 601 1
172 620 1
172 627 1
172 629 1
172 648 1
172 650 1
172 658 1
172 693 1
172 703 1
172 709 1
172 712 1
172 742 1
172 771 1
172 774 1
172 789 1
172 790 1
173 182 1
173 185 1
173 216 1
173 230 1
173 237 1
173 262 1
173 264 1
173 271 1
173 282 1
173 289 1
173 346 1
173 361 1
173 375 1
173 394 1
173 395 1
173 401 1
173 436 1
173 460 1
173 473 1
173 491 1
173 494 1
173 509 1
173 518 1
173 537 1
173 579 1
173 607 1
173 608 1
173 614 1
173 618 1
173 630 1
173 667 1
173 670 1
173 702 1
173 726 1
173 732 1
173 741 1
173 745 1
173 753 1
173 763 1
173 793 1
174 188 1
174 205 1
174 214 1
174 231 1
174 254 1
174 259 1
174 265 1
174 267 1
174 268 1
174 276 1
174 303 1
174 304 1
174 343 1
174 344 1
174 360 1
174 387 1
174 399 1
174 401 1
174 431 1
174 432 1
174 440 1
174 469 1
174 489 1
174 500 1
174 512 1
174 549 1
174 557 1
174 576 1
174 578 1
174 580 1
174 612 1
174 674 1
174 675 1
174 712 1
174 743 1
174 765 1
174 777 1
174 780 1
175 178 1
175 182 1
175 207 1
175 226 1
175 249 1
175 276 1
175 278 1
175 288 1
175 292 1
175 298 1
175 344 1
175 354 1
175 357 1
175 367 1
175 378 1
175 399 1
175 422 1
175 425 1
175 449 1
175 454 1
175 482 1
175 518 1
175 538 1
175 564 1
175 567 1
175 571 1
175 585 1
175 586 1
175 613 1
175 640 1
175 716 1
175 717 1
175 735 1
175 746 1
175 765 1
175 774 1
175 779 1
175 789 1
176 177 1
176 190 1
176 192 1
176 195 1
176 251 1
176 302 1
176 304 1
176 310 1
176 318 1
176 325 1
176 328 1
176 359 1
176 365 1
176 399 1
176 409 1
176 414 1
176 465 1
176 517 1
176 523 1
176 524 1
176 527 1
176 529 1
176 551 1
176 596 1
176 662 1
176 693 1
176 700 1
176 721 1
176 737 1
176 770 1
176 784 1
177 185 1
177 209 1
177 221 1
177 245 1
177 256 1
177 264 1
177 307 1
177 318 1
177 374 1
177 385 1
177 403 1
177 412 1
177 442 1
177 458 1
177 463 1
177 498 1
177 502 1
177 508 1
177 516 1
177 532 1
177 539 1
177 574 1
177 583 1
177 616 1
177 618 1
177 626 1
177 627 1
177 670 1
177 675 1
177 678 1
177 680 1
177 686 1
177 709 1
177 724 1
177 756 1
177 783 1
177 790 1
178 182 1
178 185 1
178 198 1
178 200 1
178 202 1
178 226 1
178 234 1
178 241 1
178 289 1
178 319 1
178 327 1
178 331 1
178 350 1
178 369 1
178 392 1
178 393 1
178 426 1
178 447 1
178 459 1
178 469 1
178 484 1
178 523 1
178 543 1
178 545 1
178 562 1
178 582 1
178 597 1
178 603 1
178 660 1
178 665 1
178 685 1
178 690 1
178 709 1
178 716 1
178 732 1
178 743 1
178 751 1
178 758 1
178 786 1
178 792 1
178 794 1
179 214 1
179 229 1
179 251 1
179 267 1
179 268 1
179 283 1
179 284 1
179 297 1
179 313 1
179 323 1
179 329 1
179 330 1
179 331 1
179 333 1
179 338 1
179 343 1
179 350 1
179 361 1
179 380 1
179 403 1
179 415 1
179 418 1
179 419 1
179 425 1
179 427 1
179 428 1
179 432 1
179 451 1
179 457 1
179 478 1
179 479 1
179 484 1
179 510 1
179 527 1
179 546 1
179 569 1
179 575 1
179 584 1
179 600 1
179 612 1
179 648 1
179 663 1
179 679 1
179 691 1
179 717 1
179 718 1
179 720 1
179 723 1
179 731 1
179 762 1
179 778 1
179 785 1
179 798 1
180 181 1
180 219 1
180 221 1
180 243 1
180 244 1
180 260 1
180 314 1
180 351 1
180 381 1
180 389 1
180 435 1
180 439 1
180 451 1
180 464 1
180 467 1
180 472 1
180 483 1
180 492 1
180 511 1
180 527 1
180 529 1
180 541 1
180 559 1
180 571 1
180 577 1
180 598 1
180 630 1
180 634 1
180 649 1
180 654 1
180 674 1
180 694 1
180 723 1
180 727 1
180 730 1
180 744 1
180 745 1
181 182 1
181 227 1
181 258 1
181 260 1
181 286 1
181 303 1
181 335 1
181 347 1
181 351 1
181 407 1
181 415 1
181 506 1
181 530 1
181 535 1
181 553 1
181 564 1
181 666 1
181 700 1
181 715 1
181 728 1
181 738 1
181 783 1
181 798 1
182 183 1
182 195 1
182 197 1
182 200 1
182 233 1
182 252 1
182 260 1
182 283 1
182 318 1
182 320 1
182 341 1
182 362 1
182 368 1
182 374 1
182 431 1
182 439 1
182 468 1
182 475 1
182 485 1
182 550 1
182 579 1
182 584 1
182 585 1
182 589 1
182 602 1
182 627 1
182 636 1
182 678 1
182 687 1
182 716 1
182 732 1
182 737 1
182 765 1
182 783 1
182 786 1
182 787 1
183 211 1
183 214 1
183 216 1
183 220 1
183 234 1
183 243 1
183 257 1
183 285 1
183 288 1
183 290 1
183 300 1
183 336 1
183 385 1
183 401 1
183 411 1
183 421 1
183 442 1
183 479 1
183 481 1
183 483 1
183 491 1
183 518 1
183 527 1
183 532 1
183 572 1
183 582 1
183 592 1
183 630 1
183 637 1
183 643 1
183 644 1
183 646 1
183 664 1
183 688 1
183 694 1
183 721 1
183 723 1
183 745 1
183 746 1
183 762 1
183 783 1
183 793 1
184 205 1
184 207 1
184 233 1
184 264 1
184 272 1
184 286 1
184 294 1
184 324 1
184 339 1
184 374 1
184 389 1
184 415 1
184 443 1
184 444 1
184 453 1
184 476 1
184 493 1
184 502 1
184 510 1
184 516 1
184 546 1
184 566 1
184 607 1
184 719 1
184 720 1
184 759 1
184 784 1
184 792 1
185 223 1
185 232 1
185 237 1
185 240 1
185 265 1
185 287 1
185 289 1
185 291 1
185 296 1
185 300 1
185 313 1
185 323 1
185 326 1
185 330 1
185 350 1
185 362 1
185 379 1
185 388 1
185 389 1
185 398 1
185 449 1
185 451 1
185 455 1
185 462 1
185 467 1
185 468 1
185 471 1
185 475 1
185 501 1
185 524 1
185 529 1
185 539 1
185 578 1
185 586 1
185 594 1
185 599 1
185 624 1
185 647 1
185 667 1
185 676 1
185 713 1
185 717 1
185 742 1
185 747 1
185 789 1
185 790 1
186 192 1
186 195 1
186 230 1
186 232 1
186 246 1
186 247 1
186 276 1
186 277 1
186 285 1
186 318 1
186 336 1
186 362 1
186 369 1
186 379 1
186 423 1
186 429 1
186 434 1
186 469 1
186 470 1
186 480 1
186 560 1
186 570 1
186 606 1
186 638 1
186 641 1
186 655 1
186 656 1
186 675 1
186 691 1
186 717 1
186 747 1
186 761 1
186 763 1
187 195 1
187 204 1
187 208 1
187 220 1
187 264 1
187 333 1
187 344 1
187 367 1
187 387 1
187 389 1
187 398 1
187 412 1
187 414 1
187 418 1
187 423 1
187 459 1
187 487 1
187 504 1
187 536 1
187 537 1
187 559 1
187 577 1
187 626 1
187 653 1
187 658 1
187 662 1
187 693 1
187 703 1
187 709 1
187 719 1
187 722 1
187 738 1
187 750 1
187 757 1
187 764 1
187 765 1
187 781 1
187 797 1
188 192 1
188 248 1
188 253 1
188 267 1
188 285 1
188 338 1
188 347 1
188 384 1
188 387 1
188 393 1
188 398 1
188 401 1
188 405 1
188 407 1
188 411 1
188 415 1
188 428 1
188 437 1
188 440 1
188 477 1
188 479 1
188 485 1
188 486 1
188 510 1
188 512 1
188 517 1
188 530 1
188 559 1
188 560 1
188 578 1
188 619 1
188 626 1
188 631 1
188 669 1
188 677 1
188 678 1
188 691 1
188 701 1
188 729 1
188 755 1
188 768 1
188 769 1
188 771 1
188 784 1
189 206 1
189 221 1
189 230 1
189 234 1
189 242 1
189 251 1
189 257 1
189 295 1
189 317 1
189 325 1
189 335 1
189 341 1
189 343 1
189 349 1
189 353 1
189 358 1
189 376 1
189 392 1
189 404 1
189 406 1
189 412 1
189 413 1
189 424 1
189 464 1
189 496 1
189 500 1
189 502 1
189 506 1
189 518 1
189 519 1
189 534 1
189 548 1
189 552 1
189 595 1
189 627 1
189 643 1
189 644 1
189 660 1
189 695 1
189 712 1
189 715 1
189 764 1
189 796 1
190 203 1
190 247 1
190 254 1
190 264 1
190 276 1
190 281 1
190 297 1
190 316 1
190 332 1
190 368 1
190 372 1
190 389 1
190 393 1
190 396 1
190 419 1
190 433 1
190 441 1
190 448 1
190 481 1
190 486 1
190 526 1
190 579 1
190 618 1
190 619 1
190 620 1
190 679 1
190 704 1
190 735 1
190 749 1
190 750 1
190 771 1
190 775 1
190 786 1
190 791 1
190 795 1
190 796 1
191 194 1
191 205 1
191 230 1
191 250 1
191 261 1
191 293 1
191 300 1
191 320 1
191 331 1
191 336 1
191 352 1
191 373 1
191 378 1
191 379 1
191 388 1
191 390 1
191 407 1
191 443 1
191 444 1
191 472 1
191 486 1
191 499 1
191 510 1
191 517 1
191 533 1
191 552 1
191 573 1
191 577 1
191 589 1
191 593 1
191 602 1
191 605 1
191 609 1
191 615 1
191 652 1
191 676 1
191 696 1
191 701 1
191 709 1
191 710 1
191 715 1
191 716 1
191 724 1
191 759 1
191 778 1
191 789 1
192 207 1
192 209 1
192 234 1
192 248 1
192 253 1
192 269 1
192 281 1
192 311 1
192 343 1
192 352 1
192 363 1
192 421 1
192 457 1
192 483 1
192 502 1
192 504 1
192 505 1
192 514 1
192 530 1
192 556 1
192 560 1
192 597 1
192 673 1
192 697 1
192 708 1
192 714 1
192 716 1
192 743 1
192 754 1
192 777 1
193 207 1
193 234 1
193 251 1
193 282 1
193 286 1
193 288 1
193 289 1
193 291 1
193 302 1
193 309 1
193 326 1
193 332 1
193 343 1
193 366 1
193 378 1
193 395 1
193 400 1
193 402 1
193 408 1
193 424 1
193 438 1
193 445 1
193 482 1
193 485 1
193 493 1
193 497 1
193 517 1
193 544 1
193 557 1
193 564 1
193 567 1
193 586 1
193 615 1
193 634 1
193 636 1
193 681 1
193 729 1
193 733 1
193 763 1
193 767 1
193 769 1
193 777 1
194 196 1
194 219 1
194 243 1
194 248 1
194 259 1
194 260 1
194 261 1
194 276 1
194 279 1
194 283 1
194 325 1
194 330 1
194 338 1
194 352 1
194 414 1
194 461 1
194 482 1
194 487 1
194 497 1
194 522 1
194 528 1
194 536 1
194 540 1
194 557 1
194 599 1
194 659 1
194 684 1
194 686 1
194 691 1
194 692 1
194 698 1
194 718 1
194 728 1
194 743 1
194 760 1
194 771 1
194 778 1
194 780 1
194 793 1
194 794 1
195 215 1
195 231 1
195 236 1
195 305 1
195 330 1
195 336 1
195 339 1
195 381 1
195 404 1
195 412 1
195 422 1
195 427 1
195 443 1
195 445 1
195 466 1
195 483 1
195 500 1
195 509 1
195 528 1
195 532 1
195 547 1
195 574 1
195 575 1
195 616 1
195 618 1
195 625 1
195 656 1
195 661 1
195 684 1
195 696 1
195 708 1
195 727 1
195 756 1
195 784 1
196 204 1
196 221 1
196 226 1
196 236 1
196 246 1
196 279 1
196 293 1
196 297 1
196 319 1
196 337 1
196 387 1
196 389 1
196 403 1
196 405 1
196 419 1
196 430 1
196 440 1
196 447 1
196 457 1
196 464 1
196 496 1
196 505 1
196 521 1
196 544 1
196 565 1
196 567 1
196 572 1
196 581 1
196 583 1
196 594 1
196 625 1
196 630 1
196 648 1
196 663 1
196 691 1
196 717 1
196 733 1
196 734 1
196 757 1
196 773 1
196 790 1
197 233 1
197 238 1
197 265 1
197 342 1
197 349 1
197 358 1
197 362 1
197 373 1
197 386 1
197 389 1
197 391 1
197 413 1
197 428 1
197 450 1
197 472 1
197 480 1
197 508 1
197 512 1
197 553 1
197 578 1
197 584 1
197 587 1
197 588 1
197 593 1
197 600 1
197 606 1
197 609 1
197 613 1
197 614 1
197 634 1
197 638 1
197 640 1
197 656 1
197 673 1
197 704 1
197 708 1
197 727 1
197 738 1
197 740 1
197 748 1
197 781 1
197 790 1
198 199 1
198 239 1
198 262 1
198 329 1
198 361 1
198 373 1
198 394 1
198 396 1
198 407 1
198 420 1
198 439 1
198 460 1
198 523 1
198 529 1
198 554 1
198 580 1
198 604 1
198 620 1
198 686 1
198 695 1
198 698 1
198 709 1
198 720 1
198 763 1
198 775 1
199 213 1
199 219 1
199 233 1
199 249 1
199 259 1
199 289 1
199 292 1
199 354 1
199 360 1
199 368 1
199 382 1
199 415 1
199 428 1
199 442 1
199 444 1
199 482 1
199 511 1
199 546 1
199 569 1
199 578 1
199 592 1
199 613 1
199 649 1
199 653 1
199 678 1
199 690 1
199 696 1
199 746 1
199 762 1
199 774 1
199 782 1
199 784 1
199 790 1
199 791 1
199 799 1
200 229 1
200 231 1
200 247 1
200 249 1
200 252 1
200 258 1
200 273 1
200 302 1
200 348 1
200 350 1
200 354 1
200 370 1
200 378 1
200 429 1
200 470 1
200 483 1
200 484 1
200 485 1
200 489 1
200 502 1
200 508 1
200 521 1
200 523 1
200 553 1
200 573 1
200 583 1
200 618 1
200 628 1
200 647 1
200 649 1
200 653 1
200 679 1
200 688 1
200 701 1
200 716 1
200 717 1
200 726 1
200 754 1
200 775 1
200 782 1
201 209 1
201 230 1
201 237 1
201 251 1
201 254 1
201 256 1
201 259 1
201 261 1
201 314 1
201 324 1
201 362 1
201 371 1
201 431 1
201 455 1
201 458 1
201 461 1
201 478 1
201 486 1
201 494 1
201 523 1
201 541 1
201 556 1
201 566 1
201 574 1
201 579 1
201 580 1
201 606 1
201 650 1
201 673 1
201 682 1
201 693 1
201 719 1
201 748 1
201 757 1
201 760 1
202 211 1
202 221 1
202 224 1
202 225 1
202 252 1
202 255 1
202 260 1
202 288 1
202 322 1
202 331 1
202 335 1
202 342 1
202 345 1
202 352 1
202 375 1
202 380 1
202 406 1
202 416 1
202 420 1
202 429 1
202 441 1
202 443 1
202 449 1
202 461 1
202 463 1
202 475 1
202 530 1
202 535 1
202 563 1
202 566 1
202 584 1
202 588 1
202 611 1
202 615 1
202 658 1
202 669 1
202 670 1
202 690 1
202 706 1
202 734 1
202 748 1
202 759 1
202 766 1
203 217 1
203 238 1
203 246 1
203 333 1
203 348 1
203 366 1
203 381 1
203 384 1
203 392 1
203 415 1
203 429 1
203 436 1
203 440 1
203 447 1
203 453 1
203 473 1
203 474 1
203 475 1
203 488 1
203 528 1
203 627 1
203 634 1
203 648 1
203 651 1
203 680 1
203 694 1
203 716 1
203 740 1
203 750 1
203 756 1
203 763 1
203 769 1
203 799 1
204 238 1
204 244 1
204 259 1
204 285 1
204 289 1
204 290 1
204 363 1
204 370 1
204 396 1
204 444 1
204 453 1
204 463 1
204 466 1
204 542 1
204 544 1
204 555 1
204 585 1
204 596 1
204 608 1
204 655 1
204 669 1
204 678 1
204 689 1
204 710 1
204 744 1
204 759 1
204 765 1
204 780 1
204 794 1
205 265 1
205 277 1
205 295 1
205 296 1
205 334 1
205 373 1
205 381 1
205 387 1
205 388 1
205 395 1
205 400 1
205 407 1
205 420 1
205 455 1
205 477 1
205 486 1
205 496 1
205 497 1
205 509 1
205 516 1
205 524 1
205 547 1
205 559 1
205 561 1
205 568 1
205 581 1
205 588 1
205 620 1
205 637 1
205 659 1
205 664 1
205 683 1
205 684 1
205 698 1
205 731 1
205 734 1
206 211 1
206 229 1
206 233 1
206 236 1
206 251 1
206 263 1
206 317 1
206 338 1
206 349 1
206 356 1
206 357 1
206 367 1
206 387 1
206 388 1
206 420 1
206 425 1
206 430 1
206 431 1
206 469 1
206 475 1
206 495 1
206 499 1
206 507 1
206 550 1
206 574 1
206 585 1
206 590 1
206 600 1
206 648 1
206 654 1
206 658 1
206 709 1
206 715 1
206 763 1
206 796 1
207 233 1
207 246 1
207 260 1
207 266 1
207 279 1
207 298 1
207 314 1
207 328 1
207 353 1
207 354 1
207 360 1
207 366 1
207 367 1
207 379 1
207 417 1
207 430 1
207 452 1
207 457 1
207 460 1
207 477 1
207 487 1
207 504 1
207 507 1
207 571 1
207 580 1
207 582 1
207 616 1
207 624 1
207 636 1
207 674 1
207 682 1
207 692 1
207 714 1
207 729 1
207 742 1
207 744 1
207 748 1
207 750 1
207 754 1
207 766 1
207 790 1
207 795 1
208 216 1
208 226 1
208 278 1
208 344 1
208 352 1
208 355 1
208 381 1
208 382 1
208 432 1
208 445 1
208 448 1
208 464 1
208 559 1
208 571 1
208 584 1
208 625 1
208 628 1
208 649 1
208 702 1
208 711 1
208 715 1
208 736 1
208 758 1
208 793 1
209 214 1
209 228 1
209 241 1
209 243 1
209 254 1
209 273 1
209 281 1
209 314 1
209 338 1
209 341 1
209 344 1
209 352 1
209 360 1
209 379 1
209 381 1
209 395 1
209 402 1
209 474 1
209 514 1
209 517 1
209 519 1
209 533 1
209 538 1
209 539 1
209 559 1
209 565 1
209 580 1
209 596 1
209 598 1
209 623 1
209 627 1
209 631 1
209 657 1
209 699 1
209 700 1
209 754 1
209 777 1
209 786 1
209 800 1
210 222 1
210 230 1
210 243 1
210 273 1
210 274 1
210 288 1
210 303 1
210 318 1
210 325 1
210 331 1
210 344 1
210 396 1
210 413 1
210 424 1
210 443 1
210 446 1
210 451 1
210 468 1
210 469 1
210 511 1
210 519 1
210 523 1
210 549 1
210 556 1
210 563 1
210 599 1
210 604 1
210 613 1
210 645 1
210 656 1
210 667 1
210 678 1
210 694 1
210 695 1
210 706 1
210 710 1
210 735 1
210 747 1
210 764 1
210 778 1
210 779 1
210 793 1
211 217 1
211 219 1
211 275 1
211 343 1
211 346 1
211 353 1
211 384 1
211 399 1
211 414 1
211 418 1
211 419 1
211 427 1
211 456 1
211 458 1
211 462 1
211 466 1
211 491 1
211 503 1
211 514 1
211 523 1
211 525 1
211 531 1
211 537 1
211 612 1
211 629 1
211 630 1
211 633 1
211 634 1
211 638 1
211 682 1
211 720 1
211 754 1
212 224 1
212 233 1
212 241 1
212 266 1
212 285 1
212 297 1
212 305 1
212 334 1
212 342 1
212 350 1
212 376 1
212 414 1
212 420 1
212 446 1
212 456 1
212 465 1
212 475 1
212 481 1
212 502 1
212 511 1
212 515 1
212 536 1
212 553 1
212 560 1
212 563 1
212 575 1
212 581 1
212 588 1
212 590 1
212 595 1
212 596 1
212 602 1
212 603 1
212 610 1
212 635 1
212 636 1
212 657 1
212 663 1
212 681 1
212 689 1
212 693 1
212 703 1
212 752 1
212 754 1
212 767 1
213 216 1
213 221 1
213 288 1
213 310 1
213 314 1
213 319 1
213 322 1
213 325 1
213 328 1
213 363 1
213 366 1
213 370 1
213 371 1
213 372 1
213 383 1
213 391 1
213 420 1
213 427 1
213 445 1
213 459 1
213 477 1
213 486 1
213 533 1
213 538 1
213 568 1
213 569 1
213 582 1
213 584 1
213 625 1
213 628 1
213 629 1
213 639 1
213 642 1
213 660 1
213 708 1
213 715 1
213 750 1
213 761 1
214 222 1
214 226 1
214 277 1
214 292 1
214 301 1
214 311 1
214 312 1
214 315 1
214 353 1
214 420 1
214 422 1
214 434 1
214 439 1
214 443 1
214 451 1
214 457 1
214 471 1
214 487 1
214 494 1
214 502 1
214 503 1
214 526 1
214 536 1
214 539 1
214 580 1
214 626 1
214 636 1
214 661 1
214 675 1
214 677 1
214 705 1
214 708 1
214 726 1
214 746 1
214 754 1
214 756 1
214 759 1
214 767 1
214 771 1
214 776 1
214 790 1
214 792 1
215 233 1
215 235 1
215 242 1
215 246 1
215 259 1
215 264 1
215 279 1
215 283 1
215 297 1
215 303 1
215 316 1
215 346 1
215 364 1
215 368 1
215 377 1
215 381 1
215 398 1
215 406 1
215 411 1
215 417 1
215 468 1
215 471 1
215 476 1
215 483 1
215 497 1
215 503 1
215 568 1
215 578 1
215 592 1
215 594 1
215 598 1
215 604 1
215 622 1
215 623 1
215 624 1
215 626 1
215 627 1
215 631 1
215 662 1
215 671 1
215 673 1
215 694 1
215 701 1
215 704 1
215 713 1
215 753 1
215 756 1
215 761 1
215 788 1
216 247 1
216 248 1
216 255 1
216 267 1
216 277 1
216 327 1
216 349 1
216 391 1
216 401 1
216 409 1
216 447 1
216 452 1
216 453 1
216 469 1
216 493 1
216 496 1
216 510 1
216 514 1
216 521 1
216 541 1
216 556 1
216 568 1
216 573 1
216 580 1
216 585 1
216 640 1
216 654 1
216 666 1
216 668 1
216 680 1
216 719 1
216 745 1
216 750 1
216 763 1
216 773 1
216 774 1
216 793 1
216 797 1
217 218 1
217 278 1
217 279 1
217 360 1
217 363 1
217 405 1
217 411 1
217 430 1
217 434 1
217 441 1
217 486 1
217 504 1
217 538 1
217 543 1
217 562 1
217 583 1
217 595 1
217 602 1
217 627 1
217 631 1
217 649 1
217 664 1
217 682 1
217 705 1
217 728 1
217 760 1
217 771 1
218 263 1
218 267 1
218 320 1
218 387 1
218 398 1
218 401 1
218 437 1
218 468 1
218 469 1
218 512 1
218 514 1
218 525 1
218 549 1
218 562 1
218 568 1
218 594 1
218 604 1
218 612 1
218 614 1
218 625 1
218 630 1
218 660 1
218 666 1
218 679 1
218 685 1
218 702 1
218 715 1
218 753 1
218 755 1
218 768 1
218 771 1
218 773 1
218 776 1
219 222 1
219 241 1
219 249 1
219 250 1
219 257 1
219 261 1
219 272 1
219 284 1
219 293 1
219 305 1
219 309 1
219 326 1
219 347 1
219 381 1
219 388 1
219 412 1
219 414 1
219 416 1
219 419 1
219 420 1
219 423 1
219 429 1
219 474 1
219 487 1
219 492 1
219 497 1
219 526 1
219 543 1
219 545 1
219 548 1
219 560 1
219 573 1
219 596 1
219 614 1
219 622 1
219 635 1
219 654 1
219 668 1
219 709 1
219 717 1
219 724 1
219 760 1
219 778 1
219 792 1
219 794 1
220 239 1
220 275 1
220 282 1
220 284 1
220 291 1
220 298 1
220 310 1
220 331 1
220 348 1
220 390 1
220 416 1
220 422 1
220 428 1
220 440 1
220 491 1
220 511 1
220 512 1
220 519 1
220 555 1
220 558 1
220 577 1
220 628 1
220 634 1
220 637 1
220 647 1
220 650 1
220 686 1
220 703 1
220 739 1
220 745 1
220 777 1
220 781 1
220 786 1
220 790 1
220 796 1
221 243 1
221 250 1
221 258 1
221 268 1
221 282 1
221 284 1
221 292 1
221 296 1
221 322 1
221 332 1
221 335 1
221 349 1
221 354 1
221 361 1
221 365 1
221 373 1
221 376 1
221 381 1
221 389 1
221 398 1
221 402 1
221 434 1
221 454 1
221 475 1
221 506 1
221 526 1
221 606 1
221 614 1
221 696 1
221 719 1
221 724 1
221 747 1
221 752 1
221 764 1
221 779 1
222 229 1
222 258 1
222 272 1
222 279 1
222 289 1
222 297 1
222 353 1
222 407 1
222 417 1
222 439 1
222 472 1
222 496 1
222 514 1
222 536 1
222 544 1
222 547 1
222 556 1
222 562 1
222 575 1
222 580 1
222 595 1
222 603 1
222 610 1
222 641 1
222 684 1
222 691 1
222 699 1
222 721 1
222 767 1
223 253 1
223 258 1
223 271 1
223 300 1
223 310 1
223 315 1
223 332 1
223 342 1
223 346 1
223 369 1
223 370 1
223 390 1
223 410 1
223 424 1
223 431 1
223 432 1
223 451 1
223 486 1
223 487 1
223 506 1
223 542 1
223 585 1
223 598 1
223 599 1
223 611 1
223 638 1
223 648 1
223 682 1
223 698 1
223 721 1
223 754 1
224 229 1
224 252 1
224 267 1
224 273 1
224 313 1
224 316 1
224 318 1
224 338 1
224 349 1
224 360 1
224 373 1
224 384 1
224 400 1
224 405 1
224 446 1
224 447 1
224 464 1
224 465 1
224 488 1
224 508 1
224 527 1
224 531 1
224 541 1
224 559 1
224 572 1
224 597 1
224 605 1
224 623 1
224 625 1
224 636 1
224 639 1
224 651 1
224 656 1
224 685 1
224 696 1
224 699 1
224 703 1
224 704 1
224 711 1
224 717 1
224 722 1
224 755 1
224 764 1
224 766 1
224 774 1
225 228 1
225 238 1
225 260 1
225 271 1
225 273 1
225 337 1
225 349 1
225 350 1
225 351 1
225 367 1
225 383 1
225 386 1
225 416 1
225 434 1
225 437 1
225 449 1
225 457 1
225 483 1
225 490 1
225 504 1
225 511 1
225 537 1
225 559 1
225 580 1
225 596 1
225 601 1
225 623 1
225 672 1
225 683 1
225 690 1
225 723 1
225 725 1
225 751 1
225 758 1
225 765 1
225 772 1
225 790 1
225 795 1
226 238 1
226 255 1
226 290 1
226 309 1
226 315 1
226 317 1
226 335 1
226 342 1
226 417 1
226 419 1
226 469 1
226 508 1
226 532 1
226 533 1
226 534 1
226 572 1
226 596 1
226 601 1
226 635 1
226 653 1
226 732 1
226 750 1
226 761 1
226 773 1
226 778 1
226 782 1
226 783 1
227 253 1
227 255 1
227 281 1
227 289 1
227 301 1
227 312 1
227 322 1
227 333 1
227 356 1
227 385 1
227 399 1
227 446 1
227 459 1
227 475 1
227 483 1
227 494 1
227 498 1
227 529 1
227 554 1
227 562 1
227 597 1
227 612 1
227 619 1
227 634 1
227 648 1
227 661 1
227 666 1
227 669 1
227 671 1
227 674 1
227 716 1
227 724 1
227 735 1
227 740 1
227 783 1
227 797 1
228 230 1
228 237 1
228 248 1
228 254 1
228 281 1
228 310 1
228 312 1
228 348 1
228 350 1
228 351 1
228 391 1
228 411 1
228 417 1
228 434 1
228 441 1
228 442 1
228 455 1
228 481 1
228 508 1
228 514 1
228 551 1
228 574 1
228 583 1
228 605 1
228 616 1
228 620 1
228 623 1
228 645 1
228 680 1
228 690 1
228 719 1
228 720 1
228 730 1
228 736 1
228 749 1
228 778 1
229 254 1
229 264 1
229 280 1
229 281 1
229 290 1
229 308 1
229 309 1
229 313 1
229 316 1
229 327 1
229 342 1
229 346 1
229 347 1
229 364 1
229 365 1
229 366 1
229 373 1
229 382 1
229 404 1
229 417 1
229 430 1
229 443 1
229 452 1
229 475 1
229 482 1
229 485 1
229 507 1
229 529 1
229 557 1
229 576 1
229 579 1
229 583 1
229 587 1
229 592 1
229 594 1
229 597 1
229 609 1
229 614 1
229 621 1
229 660 1
229 669 1
229 687 1
229 715 1
229 727 1
229 736 1
229 739 1
229 783 1
229 784 1
229 799 1
230 259 1
230 275 1
230 287 1
230 288 1
230 334 1
230 383 1
230 390 1
230 397 1
230 401 1
230 407 1
230 409 1
230 443 1
230 450 1
230 459 1
230 490 1
230 497 1
230 528 1
230 545 1
230 565 1
230 586 1
230 587 1
230 599 1
230 603 1
230 631 1
230 637 1
230 659 1
230 668 1
230 674 1
230 680 1
230 718 1
230 723 1
230 726 1
230 765 1
230 769 1
230 778 1
231 240 1
231 254 1
231 261 1
231 269 1
231 276 1
231 296 1
231 302 1
231 306 1
231 311 1
231 317 1
231 327 1
231 340 1
231 351 1
231 355 1
231 359 1
231 374 1
231 377 1
231 390 1
231 397 1
231 408 1
231 419 1
231 422 1
231 459 1
231 470 1
231 489 1
231 490 1
231 501 1
231 513 1
231 539 1
231 542 1
231 546 1
231 572 1
231 584 1
231 610 1
231 617 1
231 632 1
231 637 1
231 645 1
231 653 1
231 696 1
231 736 1
231 770 1
231 773 1
231 792 1
232 243 1
232 249 1
232 257 1
232 260 1
232 275 1
232 278 1
232 292 1
232 294 1
232 306 1
232 326 1
232 344 1
232 355 1
232 369 1
232 372 1
232 392 1
232 396 1
232 400 1
232 411 1
232 422 1
232 423 1
232 438 1
232 450 1
232 452 1
232 462 1
232 477 1
232 489 1
232 509 1
232 519 1
232 551 1
232 562 1
232 567 1
232 586 1
232 592 1
232 594 1
232 619 1
232 623 1
232 643 1
232 664 1
232 672 1
232 675 1
232 680 1
232 694 1
232 701 1
232 704 1
232 713 1
232 737 1
232 771 1
232 772 1
232 775 1
232 793 1
233 253 1
233 258 1
233 274 1
233 278 1
233 291 1
233 292 1
233 294 1
233 322 1
233 326 1
233 331 1
233 342 1
233 395 1
233 399 1
233 406 1
233 420 1
233 431 1
233 434 1
233 448 1
233 471 1
233 547 1
233 565 1
233 568 1
233 618 1
233 621 1
233 639 1
233 667 1
233 678 1
233 720 1
233 723 1
233 726 1
233 747 1
233 770 1
233 771 1
233 788 1
234 254 1
234 277 1
234 326 1
234 352 1
234 357 1
234 404 1
234 406 1
234 435 1
234 439 1
234 448 1
234 450 1
234 488 1
234 508 1
234 532 1
234 545 1
234 575 1
234 625 1
234 645 1
234 679 1
234 691 1
234 730 1
234 746 1
234 791 1
235 245 1
235 274 1
235 289 1
235 292 1
235 352 1
235 367 1
235 377 1
235 379 1
235 399 1
235 405 1
235 423 1
235 442 1
235 480 1
235 481 1
235 487 1
235 495 1
235 505 1
235 515 1
235 525 1
235 531 1
235 547 1
235 570 1
235 573 1
235 581 1
235 600 1
235 628 1
235 632 1
235 636 1
235 647 1
235 668 1
235 677 1
235 697 1
235 699 1
235 714 1
235 727 1
235 771 1
235 799 1
236 247 1
236 258 1
236 279 1
236 303 1
236 347 1
236 364 1
236 365 1
236 386 1
236 423 1
236 439 1
236 448 1
236 449 1
236 471 1
236 504 1
236 521 1
236 549 1
236 550 1
236 559 1
236 575 1
236 580 1
236 581 1
236 606 1
236 616 1
236 649 1
236 661 1
236 663 1
236 673 1
236 684 1
236 689 1
236 709 1
236 712 1
236 719 1
236 747 1
237 243 1
237 244 1
237 255 1
237 268 1
237 271 1
237 325 1
237 335 1
237 369 1
237 381 1
237 393 1
237 445 1
237 463 1
237 523 1
237 554 1
237 570 1
237 593 1
237 613 1
237 657 1
237 684 1
237 694 1
237 709 1
237 730 1
238 274 1
238 317 1
238 319 1
238 336 1
238 369 1
238 373 1
238 385 1
238 395 1
238 399 1
238 427 1
238 440 1
238 446 1
238 541 1
238 549 1
238 620 1
238 632 1
238 640 1
238 641 1
238 654 1
238 665 1
238 677 1
238 688 1
238 699 1
238 707 1
238 718 1
238 720 1
238 732 1
238 749 1
238 759 1
238 760 1
239 243 1
239 295 1
239 347 1
239 353 1
239 368 1
239 389 1
239 423 1
239 458 1
239 459 1
239 486 1
239 487 1
239 508 1
239 513 1
239 528 1
239 530 1
239 532 1
239 543 1
239 577 1
239 583 1
239 593 1
239 604 1
239 620 1
239 631 1
239 648 1
239 656 1
239 660 1
239 668 1
239 675 1
239 726 1
239 747 1
239 753 1
239 768 1
239 789 1
240 245 1
240 269 1
240 273 1
240 277 1
240 283 1
240 289 1
240 296 1
240 307 1
240 318 1
240 333 1
240 347 1
240 364 1
240 374 1
240 375 1
240 381 1
240 385 1
240 421 1
240 438 1
240 450 1
240 494 1
240 516 1
240 536 1
240 558 1
240 559 1
240 626 1
240 629 1
240 631 1
240 662 1
240 678 1
240 682 1
240 751 1
240 760 1
240 768 1
241 247 1
241 253 1
241 276 1
241 286 1
241 297 1
241 305 1
241 329 1
241 361 1
241 386 1
241 414 1
241 415 1
241 439 1
241 440 1
241 451 1
241 459 1
241 476 1
241 478 1
241 490 1
241 491 1
241 499 1
241 504 1
241 508 1
241 519 1
241 523 1
241 550 1
241 577 1
241 589 1
241 616 1
241 619 1
241 643 1
241 654 1
241 660 1
241 681 1
241 690 1
241 693 1
241 695 1
241 705 1
241 730 1
241 733 1
241 742 1
241 743 1
241 747 1
241 759 1
241 760 1
241 765 1
241 783 1
242 249 1
242 258 1
242 263 1
242 272 1
242 289 1
242 296 1
242 303 1
242 310 1
242 343 1
242 351 1
242 367 1
242 406 1
242 439 1
242 455 1
242 544 1
242 555 1
242 620 1
242 643 1
242 670 1
242 705 1
242 722 1
242 733 1
242 740 1
242 750 1
242 751 1
242 758 1
242 760 1
242 763 1
242 766 1
242 767 1
242 774 1
242 784 1
242 794 1
243 253 1
243 264 1
243 272 1
243 277 1
243 278 1
243 284 1
243 286 1
243 309 1
243 318 1
243 326 1
243 334 1
243 343 1
243 399 1
243 406 1
243 441 1
243 462 1
243 487 1
243 505 1
243 509 1
243 517 1
243 532 1
243 541 1
243 557 1
243 605 1
243 615 1
243 629 1
243 645 1
243 670 1
243 672 1
243 687 1
243 708 1
243 735 1
243 755 1
243 773 1
243 796 1
243 798 1
244 250 1
244 270 1
244 276 1
244 288 1
244 289 1
244 309 1
244 330 1
244 342 1
244 345 1
244 368 1
244 395 1
244 398 1
244 407 1
244 414 1
244 418 1
244 433 1
244 438 1
244 466 1
244 504 1
244 584 1
244 600 1
244 611 1
244 633 1
244 637 1
244 652 1
244 663 1
244 665 1
244 676 1
244 690 1
244 703 1
244 722 1
244 730 1
244 746 1
244 748 1
244 751 1
245 249 1
245 259 1
245 260 1
245 278 1
245 283 1
245 296 1
245 307 1
245 320 1
245 350 1
245 352 1
245 400 1
245 456 1
245 467 1
245 500 1
245 505 1
245 563 1
245 574 1
245 575 1
245 625 1
245 651 1
245 655 1
245 663 1
245 699 1
245 711 1
245 717 1
245 741 1
245 752 1
245 790 1
245 793 1
245 795 1
246 252 1
246 261 1
246 268 1
246 280 1
246 368 1
246 369 1
246 389 1
246 400 1
246 412 1
246 414 1
246 434 1
246 446 1
246 473 1
246 478 1
246 491 1
246 494 1
246 519 1
246 520 1
246 530 1
246 545 1
246 572 1
246 577 1
246 579 1
246 593 1
246 599 1
246 609 1
246 620 1
246 644 1
246 662 1
246 663 1
246 687 1
246 707 1
246 711 1
246 717 1
246 722 1
246 742 1
246 747 1
246 753 1
246 762 1
246 764 1
246 784 1
246 795 1
246 799 1
247 265 1
247 271 1
247 275 1
247 287 1
247 303 1
247 325 1
247 337 1
247 343 1
247 357 1
247 380 1
247 396 1
247 400 1
247 454 1
247 493 1
247 515 1
247 532 1
247 539 1
247 545 1
247 546 1
247 560 1
247 566 1
247 589 1
247 593 1
247 610 1
247 613 1
247 625 1
247 674 1
247 676 1
247 686 1
247 708 1
247 720 1
247 735 1
247 766 1
247 788 1
247 791 1
248 254 1
248 289 1
248 290 1
248 308 1
248 323 1
248 331 1
248 347 1
248 351 1
248 354 1
248 380 1
248 389 1
248 399 1
248 400 1
248 403 1
248 404 1
248 423 1
248 426 1
248 428 1
248 448 1
248 463 1
248 483 1
248 485 1
248 533 1
248 569 1
248 582 1
248 584 1
248 602 1
248 618 1
248 622 1
248 623 1
248 630 1
248 647 1
248 665 1
248 676 1
248 678 1
248 683 1
248 696 1
248 800 1
249 267 1
249 281 1
249 302 1
249 311 1
249 322 1
249 349 1
249 373 1
249 390 1
249 394 1
249 414 1
249 424 1
249 455 1
249 460 1
249 472 1
249 553 1
249 560 1
249 572 1
249 579 1
249 589 1
249 603 1
249 641 1
249 649 1
249 655 1
249 691 1
249 708 1
249 721 1
249 759 1
249 760 1
250 251 1
250 259 1
250 278 1
250 315 1
250 320 1
250 334 1
250 339 1
250 342 1
250 359 1
250 372 1
250 376 1
250 383 1
250 385 1
250 396 1
250 424 1
250 427 1
250 432 1
250 433 1
250 436 1
250 459 1
250 466 1
250 467 1
250 477 1
250 489 1
250 508 1
250 522 1
250 538 1
250 539 1
250 562 1
250 609 1
250 635 1
250 663 1
250 675 1
250 700 1
250 718 1
250 723 1
250 742 1
250 743 1
250 760 1
250 797 1
251 272 1
251 364 1
251 368 1
251 379 1
251 383 1
251 395 1
251 399 1
251 408 1
251 416 1
251 424 1
251 474 1
251 499 1
251 502 1
251 528 1
251 537 1
251 558 1
251 561 1
251 563 1
251 564 1
251 570 1
251 588 1
251 612 1
251 642 1
251 649 1
251 672 1
251 678 1
251 683 1
251 690 1
251 716 1
251 739 1
251 766 1
251 785 1
252 263 1
252 277 1
252 330 1
252 351 1
252 376 1
252 419 1
252 438 1
252 458 1
252 464 1
252 471 1
252 482 1
252 501 1
252 504 1
252 536 1
252 565 1
252 575 1
252 576 1
252 578 1
252 609 1
252 613 1
252 618 1
252 648 1
252 659 1
252 661 1
252 664 1
252 693 1
252 696 1
252 707 1
252 737 1
252 761 1
252 764 1
252 799 1
253 262 1
253 292 1
253 297 1
253 304 1
253 311 1
253 319 1
253 330 1
253 341 1
253 347 1
253 359 1
253 382 1
253 385 1
253 386 1
253 389 1
253 394 1
253 401 1
253 409 1
253 440 1
253 450 1
253 456 1
253 468 1
253 481 1
253 496 1
253 506 1
253 512 1
253 519 1
253 526 1
253 529 1
253 544 1
253 550 1
253 588 1
253 613 1
253 620 1
253 634 1
253 647 1
253 656 1
253 662 1
253 664 1
253 715 1
253 722 1
253 750 1
253 755 1
253 788 1
253 789 1
253 790 1
253 793 1
254 257 1
254 263 1
254 284 1
254 328 1
254 329 1
254 337 1
254 341 1
254 347 1
254 355 1
254 370 1
254 375 1
254 379 1
254 390 1
254 397 1
254 399 1
254 431 1
254 435 1
254 452 1
254 496 1
254 519 1
254 524 1
254 532 1
254 568 1
254 589 1
254 591 1
254 609 1
254 618 1
254 655 1
254 663 1
254 702 1
254 736 1
254 743 1
254 749 1
254 775 1
254 783 1
255 269 1
255 270 1
255 281 1
255 309 1
255 357 1
255 363 1
255 385 1
255 387 1
255 396 1
255 405 1
255 435 1
255 437 1
255 440 1
255 441 1
255 448 1
255 479 1
255 488 1
255 504 1
255 513 1
255 521 1
255 525 1
255 541 1
255 544 1
255 557 1
255 560 1
255 564 1
255 571 1
255 591 1
255 595 1
255 602 1
255 634 1
255 646 1
255 650 1
255 665 1
255 729 1
255 757 1
255 769 1
255 777 1
255 780 1
256 261 1
256 266 1
256 268 1
256 283 1
256 289 1
256 295 1
256 365 1
256 395 1
256 399 1
256 409 1
256 419 1
256 435 1
256 458 1
256 474 1
256 483 1
256 484 1
256 485 1
256 492 1
256 511 1
256 518 1
256 522 1
256 595 1
256 607 1
256 669 1
256 693 1
256 701 1
256 759 1
256 767 1
256 768 1
256 780 1
256 791 1
256 796 1
257 270 1
257 278 1
257 312 1
257 324 1
257 348 1
257 352 1
257 384 1
257 407 1
257 414 1
257 417 1
257 443 1
257 486 1
257 491 1
257 524 1
257 525 1
257 560 1
257 567 1
257 604 1
257 637 1
257 639 1
257 672 1
257 727 1
257 739 1
257 741 1
257 770 1
257 777 1
257 792 1
258 286 1
258 294 1
258 305 1
258 343 1
258 391 1
258 422 1
258 448 1
258 449 1
258 450 1
258 453 1
258 467 1
258 518 1
258 530 1
258 536 1
258 537 1
258 547 1
258 553 1
258 557 1
258 584 1
258 617 1
258 621 1
258 623 1
258 628 1
258 649 1
258 690 1
258 711 1
258 728 1
258 739 1
258 742 1
258 762 1
258 765 1
258 798 1
259 277 1
259 281 1
259 288 1
259 312 1
259 322 1
259 328 1
259 332 1
259 350 1
259 351 1
259 408 1
259 423 1
259 468 1
259 471 1
259 515 1
259 519 1
259 546 1
259 557 1
259 576 1
259 582 1
259 587 1
259 643 1
259 683 1
259 686 1
259 691 1
259 722 1
259 753 1
259 778 1
259 787 1
260 270 1
260 303 1
260 350 1
260 353 1
260 388 1
260 392 1
260 396 1
260 447 1
260 458 1
260 488 1
260 520 1
260 521 1
260 552 1
260 578 1
260 612 1
260 659 1
260 679 1
260 699 1
260 707 1
260 712 1
260 760 1
260 769 1
260 770 1
260 787 1
260 800 1
261 275 1
261 302 1
261 309 1
261 322 1
261 373 1
261 394 1
261 411 1
261 436 1
261 438 1
261 454 1
261 482 1
261 514 1
261 530 1
261 544 1
261 551 1
261 571 1
261 604 1
261 621 1
261 623 1
261 642 1
261 643 1
261 644 1
261 671 1
261 690 1
261 710 1
261 713 1
261 714 1
261 731 1
261 748 1
261 754 1
261 782 1
262 269 1
262 271 1
262 311 1
262 317 1
262 322 1
262 387 1
262 411 1
262 441 1
262 447 1
262 451 1
262 467 1
262 501 1
262 508 1
262 519 1
262 530 1
262 553 1
262 567 1
262 588 1
262 611 1
262 622 1
262 645 1
262 719 1
262 734 1
262 760 1
262 791 1
263 277 1
263 280 1
263 287 1
263 291 1
263 301 1
263 308 1
263 336 1
263 341 1
263 347 1
263 352 1
263 354 1
263 379 1
263 385 1
263 394 1
263 395 1
263 397 1
263 402 1
263 430 1
263 431 1
263 466 1
263 467 1
263 474 1
263 504 1
263 505 1
263 507 1
263 525 1
263 535 1
263 538 1
263 540 1
263 554 1
263 556 1
263 564 1
263 594 1
263 601 1
263 602 1
263 603 1
263 656 1
263 672 1
263 693 1
263 733 1
263 749 1
263 765 1
263 776 1
263 792 1
263 796 1
264 272 1
264 350 1
264 352 1
264 357 1
264 379 1
264 385 1
264 397 1
264 401 1
264 418 1
264 455 1
264 480 1
264 483 1
264 487 1
264 550 1
264 551 1
264 562 1
264 573 1
264 580 1
264 583 1
264 591 1
264 597 1
264 605 1
264 612 1
264 646 1
264 694 1
264 707 1
264 725 1
264 734 1
264 738 1
264 747 1
264 783 1
264 799 1
265 294 1
265 298 1
265 305 1
265 320 1
265 335 1
265 346 1
265 389 1
265 419 1
265 434 1
265 447 1
265 482 1
265 515 1
265 537 1
265 565 1
265 590 1
265 615 1
265 619 1
265 645 1
265 654 1
265 660 1
265 670 1
265 677 1
265 721 1
265 725 1
265 749 1
265 750 1
265 757 1
265 769 1
265 789 1
265 790 1
265 791 1
266 269 1
266 274 1
266 277 1
266 285 1
266 291 1
266 306 1
266 307 1
266 313 1
266 326 1
266 342 1
266 359 1
266 366 1
266 369 1
266 436 1
266 452 1
266 455 1
266 507 1
266 518 1
266 527 1
266 545 1
266 561 1
266 566 1
266 571 1
266 619 1
266 631 1
266 636 1
266 646 1
266 657 1
266 692 1
266 746 1
266 758 1
267 270 1
267 290 1
267 296 1
267 312 1
267 320 1
267 328 1
267 330 1
267 346 1
267 369 1
267 378 1
267 392 1
267 404 1
267 440 1
267 469 1
267 481 1
267 493 1
267 503 1
267 533 1
267 541 1
267 564 1
267 565 1
267 588 1
267 600 1
267 610 1
267 621 1
267 625 1
267 642 1
267 646 1
267 651 1
267 673 1
267 685 1
267 689 1
267 699 1
267 734 1
267 770 1
267 782 1
267 795 1
267 797 1
267 799 1
268 269 1
268 306 1
268 308 1
268 311 1
268 314 1
268 350 1
268 367 1
268 400 1
268 433 1
268 477 1
268 494 1
268 505 1
268 508 1
268 511 1
268 523 1
268 524 1
268 551 1
268 588 1
268 598 1
268 603 1
268 605 1
268 610 1
268 623 1
268 690 1
268 691 1
268 704 1
268 708 1
268 714 1
268 716 1
268 717 1
268 729 1
268 744 1
268 773 1
269 277 1
269 292 1
269 301 1
269 309 1
269 322 1
269 338 1
269 354 1
269 362 1
269 366 1
269 390 1
269 395 1
269 396 1
269 398 1
269 408 1
269 410 1
269 420 1
269 452 1
269 454 1
269 515 1
269 557 1
269 565 1
269 568 1
269 595 1
269 598 1
269 601 1
269 610 1
269 613 1
269 614 1
269 621 1
269 624 1
269 628 1
269 665 1
269 732 1
269 736 1
269 740 1
269 748 1
269 768 1
269 769 1
270 271 1
270 276 1
270 285 1
270 298 1
270 321 1
270 382 1
270 383 1
270 401 1
270 426 1
270 453 1
270 471 1
270 566 1
270 578 1
270 591 1
270 601 1
270 602 1
270 608 1
270 628 1
270 630 1
270 639 1
270 679 1
270 687 1
270 702 1
270 794 1
270 795 1
271 297 1
271 306 1
271 308 1
271 362 1
271 365 1
271 415 1
271 435 1
271 441 1
271 446 1
271 454 1
271 461 1
271 470 1
271 481 1
271 493 1
271 503 1
271 521 1
271 540 1
271 556 1
271 561 1
271 564 1
271 594 1
271 621 1
271 637 1
271 652 1
271 656 1
271 667 1
271 687 1
271 707 1
271 727 1
271 732 1
271 754 1
271 768 1
271 788 1
272 298 1
272 300 1
272 301 1
272 327 1
272 328 1
272 341 1
272 357 1
272 374 1
272 375 1
272 405 1
272 407 1
272 416 1
272 417 1
272 426 1
272 427 1
272 442 1
272 450 1
272 472 1
272 474 1
272 488 1
272 506 1
272 519 1
272 570 1
272 577 1
272 584 1
272 598 1
272 602 1
272 625 1
272 644 1
272 646 1
272 693 1
272 706 1
272 771 1
272 778 1
272 789 1
272 792 1
272 793 1
272 794 1
272 797 1
273 287 1
273 306 1
273 331 1
273 349 1
273 383 1
273 399 1
273 418 1
273 433 1
273 487 1
273 488 1
273 490 1
273 498 1
273 507 1
273 510 1
273 550 1
273 551 1
273 572 1
273 573 1
273 591 1
273 598 1
273 600 1
273 610 1
273 612 1
273 615 1
273 636 1
273 658 1
273 666 1
273 682 1
273 689 1
273 714 1
273 727 1
273 789 1
273 796 1
274 276 1
274 278 1
274 288 1
274 324 1
274 325 1
274 352 1
274 355 1
274 362 1
274 399 1
274 475 1
274 495 1
274 534 1
274 575 1
274 595 1
274 608 1
274 611 1
274 645 1
274 671 1
274 672 1
274 680 1
274 747 1
274 775 1
274 792 1
274 797 1
275 294 1
275 311 1
275 319 1
275 333 1
275 343 1
275 380 1
275 385 1
275 389 1
275 407 1
275 410 1
275 417 1
275 427 1
275 494 1
275 507 1
275 510 1
275 517 1
275 525 1
275 568 1
275 606 1
275 624 1
275 649 1
275 710 1
275 732 1
275 734 1
275 735 1
275 756 1
275 762 1
275 767 1
275 781 1
275 789 1
276 277 1
276 290 1
276 316 1
276 320 1
276 331 1
276 336 1
276 341 1
276 367 1
276 396 1
276 419 1
276 427 1
276 432 1
276 440 1
276 444 1
276 465 1
276 479 1
276 480 1
276 516 1
276 535 1
276 551 1
276 577 1
276 585 1
276 613 1
276 616 1
276 626 1
276 655 1
276 661 1
276 676 1
276 704 1
276 714 1
276 721 1
276 723 1
276 750 1
276 766 1
276 793 1
277 287 1
277 305 1
277 310 1
277 312 1
277 361 1
277 374 1
277 385 1
277 400 1
277 405 1
277 407 1
277 425 1
277 439 1
277 442 1
277 443 1
277 448 1
277 449 1
277 459 1
277 476 1
277 502 1
277 541 1
277 616 1
277 640 1
277 643 1
277 648 1
277 668 1
277 672 1
277 675 1
277 720 1
277 741 1
277 751 1
277 752 1
278 282 1
278 285 1
278 313 1
278 338 1
278 340 1
278 368 1
278 380 1
278 389 1
278 404 1
278 416 1
278 418 1
278 441 1
278 485 1
278 579 1
278 581 1
278 583 1
278 589 1
278 591 1
278 594 1
278 645 1
278 646 1
278 652 1
278 653 1
278 659 1
278 669 1
278 674 1
278 700 1
278 713 1
278 717 1
278 729 1
278 732 1
278 736 1
278 749 1
278 750 1
278 751 1
278 752 1
278 763 1
278 775 1
278 779 1
278 789 1
279 296 1
279 320 1
279 321 1
279 342 1
279 370 1
279 372 1
279 392 1
279 410 1
279 415 1
279 432 1
279 443 1
279 448 1
279 456 1
279 487 1
279 534 1
279 540 1
279 543 1
279 544 1
279 560 1
279 574 1
279 585 1
279 586 1
279 593 1
279 622 1
279 634 1
279 641 1
279 666 1
279 677 1
279 685 1
279 712 1
279 716 1
279 746 1
280 314 1
280 345 1
280 360 1
280 373 1
280 377 1
280 396 1
280 397 1
280 410 1
280 432 1
280 450 1
280 464 1
280 465 1
280 483 1
280 494 1
280 499 1
280 500 1
280 508 1
280 537 1
280 551 1
280 575 1
280 578 1
280 585 1
280 598 1
280 606 1
280 609 1
280 694 1
280 695 1
280 703 1
280 706 1
280 716 1
280 721 1
280 723 1
280 727 1
280 736 1
280 747 1
280 754 1
280 760 1
280 761 1
280 763 1
280 764 1
280 767 1
280 797 1
281 300 1
281 301 1
281 311 1
281 380 1
281 387 1
281 389 1
281 413 1
281 422 1
281 424 1
281 435 1
281 436 1
281 441 1
281 450 1
281 475 1
281 488 1
281 512 1
281 513 1
281 518 1
281 520 1
281 523 1
281 525 1
281 538 1
281 541 1
281 546 1
281 564 1
281 593 1
281 617 1
281 638 1
281 652 1
281 654 1
281 655 1
281 670 1
281 682 1
281 683 1
281 689 1
281 708 1
281 738 1
281 754 1
281 755 1
282 310 1
282 385 1
282 389 1
282 416 1
282 424 1
282 455 1
282 457 1
282 529 1
282 535 1
282 574 1
282 581 1
282 592 1
282 631 1
282 659 1
282 665 1
282 676 1
282 694 1
282 695 1
282 696 1
282 709 1
282 723 1
282 726 1
282 740 1
282 748 1
282 751 1
282 771 1
282 772 1
282 779 1
282 797 1
283 311 1
283 327 1
283 344 1
283 346 1
283 371 1
283 382 1
283 392 1
283 413 1
283 429 1
283 435 1
283 483 1
283 534 1
283 543 1
283 549 1
283 551 1
283 556 1
283 560 1
283 587 1
283 620 1
283 623 1
283 642 1
283 670 1
283 678 1
283 680 1
283 711 1
283 712 1
283 722 1
283 724 1
283 741 1
283 748 1
283 757 1
283 764 1
283 787 1
284 285 1
284 286 1
284 306 1
284 310 1
284 327 1
284 328 1
284 334 1
284 341 1
284 355 1
284 366 1
284 399 1
284 418 1
284 432 1
284 449 1
284 463 1
284 484 1
284 490 1
284 493 1
284 515 1
284 524 1
284 538 1
284 549 1
284 561 1
284 584 1
284 595 1
284 603 1
284 613 1
284 621 1
284 651 1
284 653 1
284 663 1
284 683 1
284 712 1
284 727 1
284 762 1
285 292 1
285 300 1
285 303 1
285 352 1
285 358 1
285 382 1
285 384 1
285 389 1
285 420 1
285 434 1
285 437 1
285 447 1
285 450 1
285 459 1
285 488 1
285 501 1
285 539 1
285 547 1
285 578 1
285 579 1
285 589 1
285 601 1
285 647 1
285 687 1
285 712 1
285 715 1
285 721 1
285 736 1
285 755 1
285 794 1
285 800 1
286 304 1
286 308 1
286 365 1
286 407 1
286 416 1
286 426 1
286 427 1
286 492 1
286 499 1
286 554 1
286 583 1
286 595 1
286 605 1
286 618 1
286 672 1
286 674 1
286 690 1
286 692 1
286 709 1
286 714 1
286 730 1
286 731 1
286 732 1
286 751 1
286 795 1
287 297 1
287 314 1
287 341 1
287 384 1
287 404 1
287 409 1
287 432 1
287 458 1
287 486 1
287 499 1
287 508 1
287 510 1
287 513 1
287 530 1
287 541 1
287 547 1
287 557 1
287 564 1
287 666 1
287 675 1
287 685 1
287 690 1
287 725 1
287 739 1
287 745 1
287 761 1
287 764 1
288 311 1
288 320 1
288 334 1
288 354 1
288 362 1
288 371 1
288 402 1
288 407 1
288 442 1
288 491 1
288 500 1
288 504 1
288 510 1
288 518 1
288 519 1
288 522 1
288 523 1
288 538 1
288 546 1
288 560 1
288 576 1
288 583 1
288 592 1
288 605 1
288 621 1
288 647 1
288 714 1
288 742 1
288 786 1
289 310 1
289 312 1
289 315 1
289 350 1
289 372 1
289 387 1
289 395 1
289 414 1
289 439 1
289 444 1
289 450 1
289 502 1
289 503 1
289 518 1
289 537 1
289 546 1
289 560 1
289 564 1
289 582 1
289 623 1
289 656 1
289 666 1
289 668 1
289 680 1
289 688 1
289 696 1
289 707 1
289 729 1
289 730 1
289 737 1
289 758 1
289 760 1
289 766 1
289 782 1
289 783 1
289 784 1
290 320 1
290 325 1
290 330 1
290 335 1
290 339 1
290 362 1
290 379 1
290 445 1
290 465 1
290 483 1
290 489 1
290 503 1
290 518 1
290 538 1
290 542 1
290 553 1
290 578 1
290 581 1
290 583 1
290 619 1
290 632 1
290 641 1
290 702 1
290 712 1
290 726 1
290 727 1
290 733 1
290 749 1
290 752 1
290 765 1
290 785 1
290 798 1
291 312 1
291 315 1
291 361 1
291 363 1
291 367 1
291 368 1
291 374 1
291 385 1
291 388 1
291 413 1
291 420 1
291 458 1
291 462 1
291 466 1
291 487 1
291 499 1
291 500 1
291 517 1
291 520 1
291 544 1
291 555 1
291 560 1
291 562 1
291 604 1
291 609 1
291 628 1
291 671 1
291 680 1
291 686 1
291 689 1
291 699 1
291 719 1
291 724 1
291 733 1
291 759 1
291 762 1
291 779 1
291 780 1
291 783 1
291 792 1
292 309 1
292 320 1
292 322 1
292 326 1
292 328 1
292 346 1
292 352 1
292 360 1
292 376 1
292 382 1
292 395 1
292 446 1
292 453 1
292 496 1
292 508 1
292 515 1
292 554 1
292 562 1
292 586 1
292 589 1
292 596 1
292 598 1
292 610 1
292 620 1
292 630 1
292 648 1
292 654 1
292 676 1
292 695 1
292 697 1
292 703 1
292 709 1
292 727 1
292 731 1
292 736 1
292 756 1
292 759 1
293 301 1
293 354 1
293 359 1
293 394 1
293 434 1
293 437 1
293 438 1
293 443 1
293 451 1
293 464 1
293 466 1
293 477 1
293 498 1
293 500 1
293 526 1
293 542 1
293 583 1
293 612 1
293 629 1
293 657 1
293 659 1
293 677 1
293 688 1
293 709 1
293 714 1
293 719 1
293 734 1
293 744 1
293 768 1
293 779 1
293 791 1
294 306 1
294 309 1
294 313 1
294 320 1
294 328 1
294 389 1
294 392 1
294 414 1
294 419 1
294 447 1
294 470 1
294 563 1
294 626 1
294 661 1
294 671 1
294 677 1
294 678 1
294 730 1
294 741 1
294 751 1
294 765 1
294 780 1
294 791 1
295 310 1
295 326 1
295 328 1
295 344 1
295 393 1
295 396 1
295 409 1
295 456 1
295 488 1
295 495 1
295 507 1
295 520 1
295 575 1
295 581 1
295 596 1
295 629 1
295 633 1
295 662 1
295 674 1
295 733 1
295 751 1
295 771 1
296 305 1
296 327 1
296 334 1
296 339 1
296 351 1
296 356 1
296 358 1
296 365 1
296 376 1
296 394 1
296 413 1
296 427 1
296 466 1
296 480 1
296 505 1
296 518 1
296 521 1
296 523 1
296 526 1
296 543 1
296 560 1
296 580 1
296 609 1
296 619 1
296 624 1
296 663 1
296 671 1
296 678 1
296 731 1
296 735 1
296 742 1
296 770 1
297 299 1
297 305 1
297 318 1
297 331 1
297 350 1
297 352 1
297 370 1
297 382 1
297 383 1
297 391 1
297 395 1
297 410 1
297 424 1
297 452 1
297 464 1
297 503 1
297 508 1
297 527 1
297 529 1
297 532 1
297 537 1
297 539 1
297 582 1
297 597 1
297 683 1
297 701 1
297 773 1
297 777 1
297 781 1
297 786 1
297 787 1
298 299 1
298 302 1
298 312 1
298 355 1
298 358 1
298 420 1
298 426 1
298 450 1
298 458 1
298 468 1
298 474 1
298 482 1
298 490 1
298 494 1
298 507 1
298 508 1
298 519 1
298 530 1
298 575 1
298 578 1
298 616 1
298 620 1
298 640 1
298 642 1
298 650 1
298 674 1
298 680 1
298 691 1
298 733 1
298 747 1
298 754 1
298 771 1
298 784 1
298 789 1
299 319 1
299 364 1
299 369 1
299 374 1
299 379 1
299 382 1
299 383 1
299 406 1
299 447 1
299 510 1
299 558 1
299 580 1
299 627 1
299 664 1
299 679 1
299 689 1
299 691 1
299 701 1
299 702 1
299 703 1
299 709 1
299 711 1
299 733 1
299 738 1
299 744 1
299 766 1
299 775 1
299 790 1
299 798 1
300 303 1
300 324 1
300 351 1
300 368 1
300 372 1
300 391 1
300 410 1
300 412 1
300 424 1
300 447 1
300 464 1
300 501 1
300 516 1
300 553 1
300 565 1
300 569 1
300 595 1
300 611 1
300 642 1
300 681 1
300 685 1
300 700 1
300 704 1
300 736 1
300 740 1
300 743 1
300 748 1
300 763 1
300 765 1
301 314 1
301 337 1
301 342 1
301 347 1
301 348 1
301 369 1
301 372 1
301 388 1
301 397 1
301 414 1
301 418 1
301 434 1
301 461 1
301 471 1
301 477 1
301 500 1
301 511 1
301 518 1
301 615 1
301 622 1
301 627 1
301 654 1
301 659 1
301 671 1
301 738 1
301 761 1
301 780 1
302 306 1
302 314 1
302 332 1
302 337 1
302 343 1
302 356 1
302 364 1
302 373 1
302 381 1
302 394 1
302 417 1
302 419 1
302 445 1
302 455 1
302 478 1
302 479 1
302 480 1
302 493 1
302 501 1
302 522 1
302 536 1
302 547 1
302 554 1
302 560 1
302 563 1
302 566 1
302 583 1
302 584 1
302 599 1
302 630 1
302 659 1
302 670 1
302 700 1
302 731 1
302 735 1
302 748 1
302 764 1
302 772 1
303 309 1
303 344 1
303 350 1
303 375 1
303 377 1
303 395 1
303 468 1
303 495 1
303 508 1
303 511 1
303 524 1
303 531 1
303 547 1
303 550 1
303 564 1
303 604 1
303 630 1
303 660 1
303 661 1
303 668 1
303 674 1
303 680 1
303 693 1
303 698 1
303 704 1
303 742 1
303 780 1
304 320 1
304 371 1
304 392 1
304 410 1
304 414 1
304 425 1
304 432 1
304 438 1
304 444 1
304 455 1
304 489 1
304 492 1
304 496 1
304 506 1
304 510 1
304 520 1
304 544 1
304 560 1
304 569 1
304 583 1
304 597 1
304 609 1
304 619 1
304 632 1
304 642 1
304 650 1
304 653 1
304 676 1
304 679 1
304 693 1
304 702 1
304 704 1
304 707 1
304 718 1
304 726 1
304 733 1
304 738 1
304 758 1
304 779 1
304 797 1
305 306 1
305 314 1
305 323 1
305 337 1
305 350 1
305 353 1
305 362 1
305 396 1
305 424 1
305 475 1
305 483 1
305 493 1
305 497 1
305 503 1
305 512 1
305 536 1
305 538 1
305 555 1
305 575 1
305 590 1
305 596 1
305 605 1
305 651 1
305 669 1
305 673 1
305 682 1
305 703 1
305 732 1
305 749 1
305 768 1
305 797 1
306 324 1
306 329 1
306 350 1
306 359 1
306 361 1
306 367 1
306 397 1
306 416 1
306 425 1
306 449 1
306 459 1
306 469 1
306 487 1
306 505 1
306 516 1
306 529 1
306 548 1
306 549 1
306 556 1
306 567 1
306 571 1
306 588 1
306 592 1
306 614 1
306 648 1
306 671 1
306 711 1
306 718 1
306 727 1
306 734 1
306 747 1
306 749 1
306 758 1
306 781 1
306 782 1
306 794 1
307 319 1
307 332 1
307 336 1
307 341 1
307 354 1
307 359 1
307 397 1
307 398 1
307 414 1
307 446 1
307 451 1
307 470 1
307 471 1
307 487 1
307 489 1
307 501 1
307 514 1
307 543 1
307 547 1
307 558 1
307 563 1
307 571 1
307 581 1
307 617 1
307 631 1
307 632 1
307 641 1
307 643 1
307 674 1
307 676 1
307 700 1
307 701 1
307 741 1
307 742 1
307 747 1
307 751 1
307 754 1
307 759 1
307 784 1
308 322 1
308 326 1
308 350 1
308 359 1
308 373 1
308 378 1
308 390 1
308 402 1
308 407 1
308 430 1
308 455 1
308 479 1
308 486 1
308 492 1
308 494 1
308 519 1
308 528 1
308 548 1
308 561 1
308 570 1
308 581 1
308 594 1
308 597 1
308 606 1
308 610 1
308 625 1
308 636 1
308 645 1
308 648 1
308 657 1
308 698 1
308 703 1
308 704 1
308 707 1
308 739 1
308 740 1
308 767 1
308 772 1
309 330 1
309 348 1
309 434 1
309 440 1
309 479 1
309 482 1
309 509 1
309 528 1
309 534 1
309 537 1
309 548 1
309 562 1
309 569 1
309 570 1
309 575 1
309 581 1
309 587 1
309 607 1
309 645 1
309 660 1
309 696 1
309 698 1
309 704 1
309 732 1
309 741 1
309 756 1
309 759 1
309 784 1
309 791 1
309 794 1
309 798 1
310 320 1
310 327 1
310 331 1
310 361 1
310 406 1
310 407 1
310 411 1
310 413 1
310 433 1
310 454 1
310 486 1
310 527 1
310 531 1
310 537 1
310 539 1
310 545 1
310 591 1
310 604 1
310 637 1
310 643 1
310 672 1
310 686 1
310 717 1
310 750 1
310 751 1
310 758 1
310 780 1
311 323 1
311 328 1
311 337 1
311 387 1
311 461 1
311 464 1
311 469 1
311 512 1
311 518 1
311 553 1
311 565 1
311 591 1
311 631 1
311 638 1
311 643 1
311 648 1
311 665 1
311 696 1
311 706 1
311 725 1
311 732 1
311 762 1
311 786 1
312 314 1
312 325 1
312 327 1
312 330 1
312 345 1
312 351 1
312 379 1
312 380 1
312 407 1
312 411 1
312 414 1
312 424 1
312 427 1
312 431 1
312 442 1
312 444 1
312 465 1
312 467 1
312 496 1
312 520 1
312 529 1
312 571 1
312 608 1
312 619 1
312 627 1
312 653 1
312 675 1
312 683 1
312 723 1
312 742 1
312 785 1
312 797 1
313 321 1
313 331 1
313 346 1
313 356 1
313 392 1
313 397 1
313 408 1
313 433 1
313 449 1
313 453 1
313 457 1
313 473 1
313 474 1
313 482 1
313 491 1
313 496 1
313 546 1
313 552 1
313 553 1
313 559 1
313 580 1
313 593 1
313 609 1
313 635 1
313 636 1
313 645 1
313 652 1
313 658 1
313 669 1
313 679 1
313 708 1
313 725 1
313 737 1
313 763 1
313 766 1
313 768 1
313 773 1
313 791 1
314 318 1
314 330 1
314 353 1
314 365 1
314 416 1
314 437 1
314 459 1
314 469 1
314 482 1
314 490 1
314 505 1
314 507 1
314 515 1
314 536 1
314 621 1
314 628 1
314 642 1
314 647 1
314 665 1
314 687 1
314 705 1
314 734 1
314 740 1
314 747 1
314 755 1
314 765 1
315 330 1
315 334 1
315 338 1
315 339 1
315 343 1
315 345 1
315 355 1
315 365 1
315 375 1
315 438 1
315 451 1
315 475 1
315 485 1
315 494 1
315 511 1
315 540 1
315 548 1
315 584 1
315 592 1
315 627 1
315 665 1
315 679 1
315 687 1
315 712 1
315 733 1
315 746 1
315 747 1
315 750 1
315 757 1
315 765 1
315 781 1
316 339 1
316 343 1
316 346 1
316 349 1
316 356 1
316 368 1
316 401 1
316 405 1
316 418 1
316 429 1
316 431 1
316 451 1
316 455 1
316 458 1
316 459 1
316 491 1
316 503 1
316 561 1
316 568 1
316 585 1
316 596 1
316 642 1
316 675 1
316 702 1
316 737 1
316 774 1
316 775 1
316 778 1
316 782 1
316 784 1
316 793 1
317 328 1
317 335 1
317 346 1
317 362 1
317 377 1
317 395 1
317 400 1
317 424 1
317 430 1
317 477 1
317 523 1
317 524 1
317 531 1
317 534 1
317 556 1
317 579 1
317 622 1
317 655 1
317 676 1
317 689 1
317 695 1
317 706 1
317 731 1
317 786 1
317 789 1
318 326 1
318 327 1
318 344 1
318 363 1
318 364 1
318 369 1
318 419 1
318 446 1
318 466 1
318 470 1
318 473 1
318 481 1
318 483 1
318 485 1
318 511 1
318 542 1
318 548 1
318 586 1
318 601 1
318 618 1
318 655 1
318 734 1
319 328 1
319 358 1
319 417 1
319 429 1
319 444 1
319 454 1
319 465 1
319 481 1
319 487 1
319 499 1
319 504 1
319 512 1
319 516 1
319 531 1
319 535 1
319 584 1
319 586 1
319 594 1
319 601 1
319 608 1
319 619 1
319 634 1
319 701 1
319 723 1
319 725 1
319 739 1
319 769 1
319 793 1
320 345 1
320 353 1
320 397 1
320 417 1
320 448 1
320 467 1
320 494 1
320 498 1
320 531 1
320 536 1
320 538 1
320 564 1
320 569 1
320 590 1
320 613 1
320 626 1
320 729 1
320 733 1
320 740 1
320 756 1
320 771 1
321 348 1
321 359 1
321 371 1
321 390 1
321 434 1
321 507 1
321 523 1
321 555 1
321 600 1
321 602 1
321 605 1
321 687 1
321 718 1
321 719 1
321 723 1
321 727 1
321 733 1
321 738 1
321 792 1
321 797 1
322 340 1
322 361 1
322 372 1
322 376 1
322 389 1
322 396 1
322 409 1
322 420 1
322 431 1
322 435 1
322 441 1
322 443 1
322 476 1
322 540 1
322 542 1
322 565 1
322 583 1
322 598 1
322 656 1
322 677 1
322 685 1
322 688 1
322 716 1
322 724 1
322 769 1
322 781 1
322 790 1
322 800 1
323 334 1
323 357 1
323 374 1
323 428 1
323 521 1
323 522 1
323 540 1
323 556 1
323 559 1
323 565 1
323 580 1
323 597 1
323 607 1
323 618 1
323 624 1
323 688 1
323 691 1
323 701 1
323 702 1
323 705 1
323 719 1
323 723 1
323 727 1
323 792 1
323 800 1
324 358 1
324 371 1
324 382 1
324 396 1
324 408 1
324 417 1
324 442 1
324 472 1
324 487 1
324 491 1
324 498 1
324 508 1
324 514 1
324 521 1
324 545 1
324 560 1
324 570 1
324 592 1
324 613 1
324 619 1
324 640 1
324 647 1
324 648 1
324 663 1
324 664 1
324 680 1
324 681 1
324 700 1
324 722 1
324 731 1
324 734 1
324 738 1
324 751 1
324 757 1
324 778 1
324 789 1
324 792 1
324 799 1
325 327 1
325 330 1
325 345 1
325 363 1
325 366 1
325 386 1
325 394 1
325 399 1
325 411 1
325 414 1
325 422 1
325 426 1
325 435 1
325 453 1
325 465 1
325 478 1
325 491 1
325 493 1
325 515 1
325 517 1
325 524 1
325 525 1
325 537 1
325 585 1
325 627 1
325 633 1
325 635 1
325 653 1
325 664 1
325 680 1
325 686 1
325 699 1
325 704 1
325 706 1
325 721 1
325 723 1
325 730 1
325 745 1
325 751 1
325 757 1
325 767 1
325 776 1
325 785 1
326 376 1
326 378 1
326 381 1
326 382 1
326 385 1
326 401 1
326 403 1
326 404 1
326 405 1
326 429 1
326 463 1
326 506 1
326 519 1
326 526 1
326 544 1
326 546 1
326 549 1
326 552 1
326 580 1
326 582 1
326 594 1
326 598 1
326 620 1
326 623 1
326 628 1
326 635 1
326 648 1
326 655 1
326 661 1
326 709 1
326 720 1
326 777 1
326 780 1
326 795 1
326 800 1
327 333 1
327 362 1
327 364 1
327 380 1
327 388 1
327 398 1
327 455 1
327 471 1
327 476 1
327 485 1
327 525 1
327 554 1
327 558 1
327 595 1
327 607 1
327 627 1
327 639 1
327 652 1
327 672 1
327 688 1
327 715 1
327 716 1
327 721 1
327 724 1
327 729 1
327 762 1
327 781 1
327 783 1
328 346 1
328 347 1
328 359 1
328 361 1
328 380 1
328 384 1
328 397 1
328 415 1
328 417 1
328 441 1
328 473 1
328 481 1
328 485 1
328 513 1
328 525 1
328 583 1
328 594 1
328 606 1
328 616 1
328 642 1
328 643 1
328 667 1
328 688 1
328 707 1
328 720 1
328 754 1
328 761 1
329 346 1
329 348 1
329 350 1
329 355 1
329 358 1
329 359 1
329 368 1
329 419 1
329 420 1
329 428 1
329 483 1
329 512 1
329 520 1
329 536 1
329 566 1
329 575 1
329 664 1
329 672 1
329 673 1
329 674 1
329 676 1
329 717 1
329 747 1
329 753 1
329 761 1
329 781 1
329 786 1
329 793 1
329 798 1
330 350 1
330 377 1
330 378 1
330 384 1
330 402 1
330 408 1
330 417 1
330 418 1
330 451 1
330 478 1
330 543 1
330 549 1
330 595 1
330 620 1
330 656 1
330 664 1
330 674 1
330 695 1
330 738 1
330 743 1
330 750 1
330 763 1
331 357 1
331 359 1
331 365 1
331 380 1
331 390 1
331 394 1
331 411 1
331 418 1
331 428 1
331 432 1
331 442 1
331 451 1
331 454 1
331 458 1
331 490 1
331 501 1
331 504 1
331 528 1
331 542 1
331 568 1
331 583 1
331 598 1
331 618 1
331 639 1
331 644 1
331 655 1
331 707 1
331 730 1
331 757 1
331 774 1
331 784 1
331 790 1
331 794 1
332 344 1
332 362 1
332 375 1
332 396 1
332 417 1
332 418 1
332 441 1
332 443 1
332 452 1
332 465 1
332 471 1
332 473 1
332 493 1
332 522 1
332 530 1
332 543 1
332 545 1
332 552 1
332 564 1
332 597 1
332 618 1
332 634 1
332 638 1
332 670 1
332 713 1
332 715 1
332 723 1
332 738 1
332 755 1
332 757 1
332 791 1
332 793 1
333 340 1
333 350 1
333 352 1
333 359 1
333 360 1
333 375 1
333 386 1
333 388 1
333 408 1
333 409 1
333 416 1
333 425 1
333 470 1
333 471 1
333 504 1
333 517 1
333 531 1
333 537 1
333 550 1
333 593 1
333 619 1
333 693 1
333 698 1
333 719 1
333 729 1
333 793 1
334 345 1
334 362 1
334 363 1
334 382 1
334 386 1
334 392 1
334 428 1
334 443 1
334 469 1
334 477 1
334 498 1
334 525 1
334 549 1
334 575 1
334 585 1
334 604 1
334 614 1
334 638 1
334 651 1
334 657 1
334 672 1
334 676 1
334 688 1
334 705 1
334 708 1
334 733 1
334 746 1
334 750 1
334 752 1
334 771 1
334 785 1
334 788 1
334 789 1
335 359 1
335 373 1
335 377 1
335 404 1
335 409 1
335 414 1
335 417 1
335 420 1
335 463 1
335 492 1
335 516 1
335 528 1
335 542 1
335 546 1
335 549 1
335 551 1
335 602 1
335 610 1
335 615 1
335 618 1
335 620 1
335 626 1
335 646 1
335 653 1
335 668 1
335 710 1
335 726 1
335 752 1
335 777 1
335 800 1
336 340 1
336 362 1
336 391 1
336 397 1
336 401 1
336 421 1
336 423 1
336 442 1
336 452 1
336 459 1
336 470 1
336 478 1
336 501 1
336 510 1
336 519 1
336 524 1
336 574 1
336 583 1
336 609 1
336 630 1
336 639 1
336 652 1
336 663 1
336 671 1
336 676 1
336 679 1
336 683 1
336 699 1
336 703 1
336 710 1
336 723 1
336 725 1
336 733 1
336 735 1
336 736 1
336 739 1
336 749 1
336 751 1
336 752 1
336 765 1
336 770 1
336 787 1
337 358 1
337 360 1
337 373 1
337 377 1
337 390 1
337 413 1
337 417 1
337 419 1
337 433 1
337 437 1
337 444 1
337 448 1
337 465 1
337 488 1
337 490 1
337 496 1
337 502 1
337 513 1
337 543 1
337 547 1
337 550 1
337 558 1
337 561 1
337 576 1
337 593 1
337 594 1
337 600 1
337 612 1
337 614 1
337 621 1
337 643 1
337 644 1
337 691 1
337 706 1
337 709 1
337 740 1
337 784 1
338 392 1
338 395 1
338 427 1
338 468 1
338 470 1
338 479 1
338 488 1
338 509 1
338 526 1
338 611 1
338 623 1
338 625 1
338 640 1
338 677 1
338 684 1
338 691 1
338 732 1
338 745 1
338 764 1
338 772 1
338 796 1
338 799 1
339 354 1
339 355 1
339 371 1
339 397 1
339 410 1
339 425 1
339 432 1
339 439 1
339 451 1
339 455 1
339 467 1
339 491 1
339 520 1
339 540 1
339 550 1
339 612 1
339 644 1
339 677 1
339 703 1
339 705 1
339 729 1
339 741 1
339 743 1
339 746 1
339 762 1
339 765 1
339 785 1
340 375 1
340 379 1
340 406 1
340 419 1
340 421 1
340 548 1
340 559 1
340 567 1
340 569 1
340 587 1
340 589 1
340 606 1
340 613 1
340 622 1
340 630 1
340 646 1
340 655 1
340 657 1
340 661 1
340 663 1
340 672 1
340 708 1
340 709 1
340 714 1
340 716 1
340 737 1
340 749 1
340 760 1
340 780 1
341 350 1
341 360 1
341 405 1
341 412 1
341 420 1
341 450 1
341 482 1
341 489 1
341 517 1
341 525 1
341 528 1
341 536 1
341 543 1
341 553 1
341 565 1
341 575 1
341 604 1
341 623 1
341 626 1
341 646 1
341 655 1
341 659 1
341 719 1
341 726 1
341 728 1
341 741 1
341 745 1
341 761 1
341 781 1
342 370 1
342 419 1
342 424 1
342 432 1
342 433 1
342 502 1
342 508 1
342 540 1
342 556 1
342 563 1
342 615 1
342 630 1
342 643 1
342 676 1
342 703 1
342 706 1
342 714 1
342 734 1
342 735 1
342 756 1
342 773 1
342 780 1
342 788 1
342 792 1
343 351 1
343 361 1
343 369 1
343 378 1
343 424 1
343 431 1
343 440 1
343 451 1
343 454 1
343 458 1
343 469 1
343 474 1
343 483 1
343 484 1
343 514 1
343 539 1
343 546 1
343 549 1
343 584 1
343 592 1
343 602 1
343 615 1
343 627 1
343 673 1
343 701 1
343 712 1
343 715 1
343 751 1
343 752 1
343 760 1
344 355 1
344 359 1
344 391 1
344 393 1
344 420 1
344 422 1
344 450 1
344 461 1
344 493 1
344 517 1
344 519 1
344 523 1
344 534 1
344 605 1
344 614 1
344 646 1
344 670 1
344 681 1
344 682 1
344 685 1
344 688 1
344 692 1
344 699 1
344 721 1
344 735 1
344 746 1
344 764 1
344 786 1
344 788 1
344 800 1
345 364 1
345 407 1
345 440 1
345 457 1
345 462 1
345 468 1
345 477 1
345 478 1
345 511 1
345 520 1
345 534 1
345 548 1
345 620 1
345 654 1
345 663 1
345 723 1
345 742 1
345 754 1
345 774 1
345 783 1
346 363 1
346 369 1
346 371 1
346 373 1
346 382 1
346 402 1
346 419 1
346 424 1
346 436 1
346 469 1
346 489 1
346 491 1
346 506 1
346 529 1
346 533 1
346 541 1
346 561 1
346 569 1
346 578 1
346 580 1
346 583 1
346 589 1
346 665 1
346 669 1
346 675 1
346 677 1
346 698 1
346 706 1
346 717 1
346 735 1
346 742 1
346 744 1
346 782 1
347 348 1
347 355 1
347 363 1
347 366 1
347 398 1
347 413 1
347 458 1
347 486 1
347 504 1
347 555 1
347 561 1
347 606 1
347 651 1
347 655 1
347 660 1
347 686 1
347 731 1
347 750 1
347 767 1
347 771 1
347 792 1
347 800 1
348 351 1
348 362 1
348 398 1
348 483 1
348 498 1
348 501 1
348 505 1
348 534 1
348 541 1
348 544 1
348 553 1
348 564 1
348 582 1
348 585 1
348 597 1
348 608 1
348 639 1
348 689 1
348 701 1
348 712 1
348 747 1
348 757 1
348 781 1
348 789 1
348 790 1
348 791 1
349 351 1
349 382 1
349 506 1
349 508 1
349 532 1
349 534 1
349 555 1
349 566 1
349 569 1
349 576 1
349 580 1
349 581 1
349 602 1
349 611 1
349 614 1
349 626 1
349 627 1
349 636 1
349 637 1
349 638 1
349 671 1
349 681 1
349 686 1
349 697 1
349 707 1
349 727 1
349 742 1
349 750 1
349 761 1
349 791 1
350 389 1
350 399 1
350 422 1
350 489 1
350 564 1
350 571 1
350 600 1
350 613 1
350 617 1
350 625 1
350 639 1
350 668 1
350 708 1
350 714 1
350 715 1
350 718 1
350 722 1
350 723 1
350 751 1
350 766 1
350 781 1
350 788 1
351 361 1
351 365 1
351 370 1
351 387 1
351 395 1
351 410 1
351 422 1
351 429 1
351 442 1
351 453 1
351 457 1
351 458 1
351 471 1
351 511 1
351 524 1
351 580 1
351 587 1
351 598 1
351 600 1
351 619 1
351 673 1
351 687 1
351 709 1
351 729 1
351 734 1
351 739 1
351 763 1
351 786 1
351 794 1
352 353 1
352 357 1
352 380 1
352 414 1
352 437 1
352 442 1
352 496 1
352 503 1
352 519 1
352 523 1
352 550 1
352 561 1
352 563 1
352 574 1
352 589 1
352 597 1
352 609 1
352 620 1
352 648 1
352 657 1
352 660 1
352 675 1
352 678 1
352 685 1
352 722 1
352 728 1
352 751 1
352 753 1
352 782 1
353 375 1
353 378 1
353 409 1
353 425 1
353 433 1
353 453 1
353 457 1
353 502 1
353 519 1
353 537 1
353 553 1
353 558 1
353 574 1
353 626 1
353 669 1
353 680 1
353 689 1
353 698 1
353 701 1
353 711 1
353 713 1
353 771 1
353 774 1
354 412 1
354 433 1
354 443 1
354 460 1
354 461 1
354 462 1
354 468 1
354 502 1
354 508 1
354 521 1
354 550 1
354 575 1
354 602 1
354 603 1
354 655 1
354 658 1
354 667 1
354 673 1
354 688 1
354 699 1
354 710 1
354 742 1
354 747 1
354 750 1
354 756 1
354 768 1
354 770 1
355 397 1
355 404 1
355 427 1
355 430 1
355 437 1
355 452 1
355 459 1
355 464 1
355 471 1
355 515 1
355 526 1
355 543 1
355 553 1
355 554 1
355 583 1
355 621 1
355 624 1
355 639 1
355 662 1
355 672 1
355 692 1
355 701 1
355 704 1
355 709 1
355 727 1
355 728 1
355 729 1
355 769 1
355 776 1
355 784 1
355 797 1
356 369 1
356 385 1
356 387 1
356 395 1
356 396 1
356 405 1
356 445 1
356 455 1
356 481 1
356 494 1
356 512 1
356 515 1
356 560 1
356 563 1
356 595 1
356 606 1
356 610 1
356 636 1
356 647 1
356 678 1
356 689 1
356 691 1
356 698 1
356 704 1
356 707 1
356 727 1
356 733 1
356 740 1
356 748 1
356 752 1
356 786 1
356 788 1
356 797 1
357 361 1
357 369 1
357 377 1
357 417 1
357 431 1
357 454 1
357 463 1
357 465 1
357 466 1
357 476 1
357 518 1
357 534 1
357 556 1
357 558 1
357 594 1
357 597 1
357 617 1
357 631 1
357 665 1
357 668 1
357 672 1
357 673 1
357 704 1
357 716 1
357 724 1
357 733 1
357 741 1
357 744 1
357 746 1
357 751 1
357 779 1
358 370 1
358 427 1
358 428 1
358 461 1
358 463 1
358 485 1
358 509 1
358 521 1
358 540 1
358 579 1
358 583 1
358 590 1
358 631 1
358 644 1
358 647 1
358 670 1
358 682 1
358 695 1
358 717 1
358 723 1
358 737 1
358 773 1
358 777 1
358 780 1
359 383 1
359 425 1
359 432 1
359 468 1
359 548 1
359 562 1
359 566 1
359 582 1
359 589 1
359 604 1
359 605 1
359 622 1
359 645 1
359 647 1
359 670 1
359 692 1
359 704 1
359 719 1
359 731 1
359 736 1
359 745 1
359 747 1
359 793 1
360 368 1
360 402 1
360 415 1
360 428 1
360 436 1
360 452 1
360 462 1
360 476 1
360 477 1
360 493 1
360 498 1
360 513 1
360 531 1
360 543 1
360 559 1
360 562 1
360 597 1
360 619 1
360 623 1
360 626 1
360 629 1
360 630 1
360 643 1
360 660 1
360 668 1
360 680 1
360 695 1
360 700 1
360 701 1
360 713 1
360 721 1
360 733 1
360 756 1
360 768 1
360 778 1
360 781 1
360 786 1
360 796 1
361 384 1
361 398 1
361 412 1
361 446 1
361 463 1
361 466 1
361 494 1
361 495 1
361 510 1
361 517 1
361 543 1
361 548 1
361 572 1
361 576 1
361 598 1
361 612 1
361 625 1
361 647 1
361 694 1
361 697 1
361 703 1
361 713 1
361 726 1
361 738 1
361 769 1
361 780 1
362 384 1
362 434 1
362 440 1
362 448 1
362 469 1
362 494 1
362 504 1
362 515 1
362 521 1
362 534 1
362 535 1
362 545 1
362 546 1
362 551 1
362 600 1
362 615 1
362 634 1
362 679 1
362 717 1
362 751 1
362 775 1
363 373 1
363 420 1
363 433 1
363 442 1
363 448 1
363 492 1
363 495 1
363 512 1
363 538 1
363 546 1
363 549 1
363 568 1
363 578 1
363 589 1
363 592 1
363 595 1
363 608 1
363 614 1
363 621 1
363 624 1
363 633 1
363 663 1
363 664 1
363 705 1
363 718 1
363 721 1
363 740 1
363 743 1
363 760 1
363 767 1
363 790 1
364 374 1
364 387 1
364 396 1
364 413 1
364 416 1
364 440 1
364 445 1
364 461 1
364 468 1
364 474 1
364 477 1
364 478 1
364 500 1
364 533 1
364 535 1
364 559 1
364 584 1
364 595 1
364 599 1
364 601 1
364 645 1
364 653 1
364 659 1
364 666 1
364 685 1
364 702 1
364 711 1
364 737 1
364 750 1
364 760 1
364 777 1
364 794 1
364 799 1
365 375 1
365 386 1
365 392 1
365 397 1
365 426 1
365 453 1
365 454 1
365 455 1
365 468 1
365 486 1
365 513 1
365 519 1
365 618 1
365 620 1
365 640 1
365 643 1
365 671 1
365 681 1
365 740 1
365 776 1
366 380 1
366 388 1
366 396 1
366 434 1
366 471 1
366 477 1
366 481 1
366 515 1
366 516 1
366 524 1
366 542 1
366 546 1
366 552 1
366 575 1
366 584 1
366 585 1
366 599 1
366 630 1
366 641 1
366 651 1
366 669 1
366 672 1
366 773 1
366 789 1
367 373 1
367 379 1
367 386 1
367 397 1
367 424 1
367 445 1
367 451 1
367 452 1
367 456 1
367 468 1
367 476 1
367 480 1
367 488 1
367 492 1
367 519 1
367 520 1
367 521 1
367 524 1
367 549 1
367 553 1
367 555 1
367 590 1
367 600 1
367 619 1
367 623 1
367 630 1
367 657 1
367 709 1
367 712 1
367 727 1
367 748 1
367 779 1
368 388 1
368 468 1
368 482 1
368 489 1
368 520 1
368 570 1
368 577 1
368 578 1
368 584 1
368 589 1
368 615 1
368 617 1
368 618 1
368 633 1
368 645 1
368 670 1
368 673 1
368 677 1
368 694 1
368 701 1
368 716 1
368 719 1
368 736 1
368 762 1
368 764 1
368 800 1
369 390 1
369 391 1
369 448 1
369 484 1
369 492 1
369 549 1
369 551 1
369 564 1
369 568 1
369 609 1
369 638 1
369 673 1
369 674 1
369 722 1
369 725 1
369 733 1
369 735 1
369 741 1
369 755 1
369 772 1
370 386 1
370 411 1
370 420 1
370 421 1
370 440 1
370 473 1
370 480 1
370 499 1
370 519 1
370 529 1
370 557 1
370 569 1
370 572 1
370 577 1
370 612 1
370 633 1
370 711 1
370 761 1
370 778 1
370 794 1
371 385 1
371 415 1
371 429 1
371 440 1
371 442 1
371 452 1
371 468 1
371 477 1
371 505 1
371 512 1
371 558 1
371 559 1
371 562 1
371 586 1
371 595 1
371 618 1
371 628 1
371 661 1
371 682 1
371 697 1
371 708 1
371 728 1
371 749 1
371 760 1
371 775 1
371 778 1
371 790 1
372 375 1
372 391 1
372 399 1
372 416 1
372 441 1
372 445 1
372 450 1
372 485 1
372 504 1
372 515 1
372 524 1
372 533 1
372 587 1
372 600 1
372 612 1
372 616 1
372 619 1
372 627 1
372 652 1
372 661 1
372 664 1
372 678 1
372 690 1
372 691 1
372 714 1
372 737 1
372 746 1
372 773 1
372 800 1
373 384 1
373 402 1
373 409 1
373 417 1
373 433 1
373 444 1
373 482 1
373 487 1
373 495 1
373 517 1
373 542 1
373 544 1
373 557 1
373 568 1
373 575 1
373 577 1
373 578 1
373 582 1
373 587 1
373 605 1
373 634 1
373 635 1
373 644 1
373 655 1
373 672 1
373 685 1
373 690 1
373 704 1
373 721 1
373 726 1
373 743 1
373 756 1
373 764 1
373 777 1
373 787 1
373 799 1
374 375 1
374 377 1
374 381 1
374 383 1
374 404 1
374 415 1
374 417 1
374 425 1
374 428 1
374 430 1
374 446 1
374 455 1
374 501 1
374 543 1
374 566 1
374 592 1
374 607 1
374 615 1
374 618 1
374 640 1
374 653 1
374 672 1
374 675 1
374 696 1
374 702 1
374 720 1
374 724 1
374 737 1
374 738 1
374 773 1
374 797 1
375 436 1
375 441 1
375 461 1
375 525 1
375 534 1
375 541 1
375 558 1
375 569 1
375 573 1
375 583 1
375 585 1
375 595 1
375 605 1
375 676 1
375 690 1
375 710 1
375 724 1
375 772 1
376 383 1
376 463 1
376 474 1
376 483 1
376 493 1
376 507 1
376 510 1
376 529 1
376 542 1
376 570 1
376 580 1
376 588 1
376 599 1
376 616 1
376 650 1
376 651 1
376 664 1
376 678 1
376 712 1
376 715 1
376 762 1
376 763 1
376 796 1
377 379 1
377 381 1
377 406 1
377 437 1
377 499 1
377 505 1
377 511 1
377 525 1
377 572 1
377 592 1
377 610 1
377 625 1
377 632 1
377 690 1
377 707 1
377 719 1
377 741 1
377 763 1
377 766 1
377 774 1
378 381 1
378 405 1
378 416 1
378 417 1
378 436 1
378 440 1
378 465 1
378 475 1
378 504 1
378 513 1
378 590 1
378 593 1
378 604 1
378 607 1
378 625 1
378 643 1
378 658 1
378 704 1
378 726 1
378 735 1
378 737 1
378 745 1
378 748 1
378 752 1
378 760 1
378 774 1
378 790 1
379 401 1
379 407 1
379 414 1
379 434 1
379 448 1
379 491 1
379 504 1
379 505 1
379 515 1
379 517 1
379 557 1
379 571 1
379 579 1
379 609 1
379 615 1
379 643 1
379 684 1
379 687 1
379 700 1
379 720 1
379 766 1
379 768 1
379 778 1
379 789 1
380 384 1
380 388 1
380 392 1
380 393 1
380 416 1
380 419 1
380 447 1
380 452 1
380 485 1
380 509 1
380 513 1
380 521 1
380 553 1
380 554 1
380 643 1
380 673 1
380 682 1
380 695 1
380 704 1
380 709 1
380 723 1
380 745 1
380 761 1
380 786 1
381 388 1
381 396 1
381 430 1
381 456 1
381 458 1
381 469 1
381 475 1
381 486 1
381 496 1
381 528 1
381 544 1
381 551 1
381 576 1
381 585 1
381 586 1
381 631 1
381 633 1
381 639 1
381 652 1
381 658 1
381 689 1
381 695 1
381 696 1
381 707 1
381 715 1
381 720 1
381 757 1
381 774 1
381 794 1
381 795 1
381 798 1
382 384 1
382 395 1
382 397 1
382 400 1
382 402 1
382 404 1
382 412 1
382 428 1
382 431 1
382 433 1
382 459 1
382 472 1
382 475 1
382 478 1
382 490 1
382 514 1
382 540 1
382 542 1
382 554 1
382 587 1
382 601 1
382 603 1
382 607 1
382 635 1
382 658 1
382 672 1
382 720 1
382 731 1
382 743 1
382 751 1
383 401 1
383 406 1
383 444 1
383 460 1
383 477 1
383 490 1
383 496 1
383 519 1
383 524 1
383 534 1
383 548 1
383 560 1
383 564 1
383 618 1
383 632 1
383 656 1
383 661 1
383 664 1
383 678 1
383 743 1
383 753 1
383 779 1
383 784 1
383 786 1
383 796 1
384 395 1
384 405 1
384 428 1
384 453 1
384 486 1
384 498 1
384 522 1
384 552 1
384 574 1
384 578 1
384 580 1
384 594 1
384 618 1
384 642 1
384 655 1
384 656 1
384 657 1
384 676 1
384 694 1
384 699 1
384 703 1
384 757 1
384 775 1
384 798 1
385 403 1
385 406 1
385 439 1
385 448 1
385 457 1
385 461 1
385 467 1
385 489 1
385 495 1
385 503 1
385 512 1
385 524 1
385 535 1
385 538 1
385 586 1
385 635 1
385 658 1
385 669 1
385 680 1
385 687 1
385 725 1
385 731 1
385 762 1
385 763 1
385 769 1
385 775 1
385 790 1
385 796 1
385 797 1
386 398 1
386 400 1
386 402 1
386 408 1
386 435 1
386 445 1
386 472 1
386 488 1
386 492 1
386 500 1
386 507 1
386 529 1
386 558 1
386 564 1
386 567 1
386 579 1
386 582 1
386 589 1
386 597 1
386 605 1
386 612 1
386 636 1
386 638 1
386 641 1
386 662 1
386 684 1
386 688 1
386 712 1
386 715 1
386 717 1
386 721 1
386 728 1
386 736 1
386 763 1
386 771 1
386 774 1
386 781 1
387 393 1
387 423 1
387 435 1
387 438 1
387 439 1
387 444 1
387 445 1
387 467 1
387 472 1
387 476 1
387 484 1
387 499 1
387 503 1
387 505 1
387 563 1
387 567 1
387 582 1
387 583 1
387 590 1
387 601 1
387 617 1
387 647 1
387 664 1
387 744 1
387 762 1
387 769 1
387 770 1
387 784 1
387 788 1
387 794 1
388 441 1
388 458 1
388 459 1
388 471 1
388 479 1
388 480 1
388 488 1
388 492 1
388 501 1
388 520 1
388 549 1
388 633 1
388 687 1
388 699 1
388 700 1
388 714 1
388 789 1
389 398 1
389 408 1
389 427 1
389 428 1
389 435 1
389 436 1
389 438 1
389 456 1
389 464 1
389 489 1
389 497 1
389 517 1
389 522 1
389 536 1
389 538 1
389 544 1
389 557 1
389 574 1
389 578 1
389 580 1
389 587 1
389 591 1
389 689 1
389 692 1
389 706 1
389 739 1
389 740 1
389 779 1
389 784 1
389 793 1
390 414 1
390 434 1
390 436 1
390 458 1
390 466 1
390 468 1
390 481 1
390 507 1
390 527 1
390 528 1
390 530 1
390 570 1
390 583 1
390 584 1
390 585 1
390 625 1
390 642 1
390 649 1
390 696 1
390 708 1
390 725 1
390 734 1
390 739 1
391 396 1
391 400 1
391 408 1
391 413 1
391 418 1
391 423 1
391 450 1
391 466 1
391 468 1
391 488 1
391 497 1
391 534 1
391 570 1
391 582 1
391 584 1
391 605 1
391 615 1
391 626 1
391 635 1
391 663 1
391 668 1
391 677 1
391 683 1
391 691 1
391 743 1
391 752 1
391 753 1
391 764 1
392 415 1
392 417 1
392 424 1
392 463 1
392 464 1
392 477 1
392 487 1
392 498 1
392 512 1
392 536 1
392 570 1
392 582 1
392 589 1
392 611 1
392 618 1
392 620 1
392 638 1
392 640 1
392 665 1
392 746 1
392 771 1
392 777 1
392 787 1
392 789 1
393 418 1
393 439 1
393 455 1
393 482 1
393 483 1
393 488 1
393 511 1
393 516 1
393 534 1
393 550 1
393 556 1
393 565 1
393 570 1
393 580 1
393 588 1
393 622 1
393 651 1
393 675 1
393 711 1
393 712 1
393 725 1
393 728 1
393 732 1
393 764 1
394 412 1
394 451 1
394 460 1
394 489 1
394 490 1
394 492 1
394 543 1
394 564 1
394 587 1
394 608 1
394 612 1
394 617 1
394 620 1
394 622 1
394 631 1
394 657 1
394 696 1
394 733 1
394 737 1
394 789 1
394 790 1
394 792 1
395 408 1
395 432 1
395 436 1
395 450 1
395 499 1
395 530 1
395 531 1
395 532 1
395 533 1
395 535 1
395 537 1
395 557 1
395 562 1
395 580 1
395 598 1
395 601 1
395 602 1
395 605 1
395 607 1
395 612 1
395 622 1
395 668 1
395 682 1
395 688 1
395 693 1
395 695 1
395 716 1
395 732 1
395 737 1
395 739 1
396 397 1
396 410 1
396 424 1
396 442 1
396 459 1
396 494 1
396 496 1
396 512 1
396 545 1
396 571 1
396 580 1
396 616 1
396 637 1
396 641 1
396 665 1
396 668 1
396 723 1
396 727 1
396 731 1
396 733 1
396 742 1
396 747 1
396 756 1
396 758 1
397 409 1
397 410 1
397 412 1
397 454 1
397 457 1
397 465 1
397 482 1
397 492 1
397 512 1
397 536 1
397 544 1
397 547 1
397 562 1
397 566 1
397 571 1
397 573 1
397 621 1
397 630 1
397 631 1
397 655 1
397 670 1
397 674 1
397 692 1
397 709 1
397 765 1
397 769 1
397 791 1
397 797 1
398 399 1
398 415 1
398 417 1
398 424 1
398 437 1
398 515 1
398 533 1
398 535 1
398 567 1
398 581 1
398 585 1
398 619 1
398 620 1
398 660 1
398 687 1
398 693 1
398 714 1
398 740 1
398 761 1
398 767 1
398 789 1
399 422 1
399 441 1
399 443 1
399 463 1
399 508 1
399 509 1
399 521 1
399 542 1
399 576 1
399 579 1
399 595 1
399 599 1
399 601 1
399 621 1
399 642 1
399 651 1
399 667 1
399 708 1
399 717 1
399 745 1
399 796 1
399 799 1
400 401 1
400 416 1
400 451 1
400 455 1
400 459 1
400 472 1
400 501 1
400 530 1
400 564 1
400 572 1
400 576 1
400 594 1
400 643 1
400 661 1
400 676 1
400 704 1
400 712 1
400 723 1
400 732 1
400 750 1
400 757 1
400 760 1
400 772 1
400 776 1
400 800 1
401 406 1
401 432 1
401 475 1
401 489 1
401 490 1
401 493 1
401 521 1
401 523 1
401 526 1
401 533 1
401 534 1
401 548 1
401 561 1
401 563 1
401 567 1
401 572 1
401 584 1
401 606 1
401 612 1
401 615 1
401 617 1
401 624 1
401 626 1
401 627 1
401 628 1
401 630 1
401 635 1
401 651 1
401 656 1
401 709 1
401 712 1
401 717 1
401 718 1
401 726 1
401 732 1
401 757 1
401 797 1
402 404 1
402 409 1
402 441 1
402 443 1
402 473 1
402 474 1
402 478 1
402 491 1
402 539 1
402 543 1
402 571 1
402 593 1
402 618 1
402 623 1
402 628 1
402 658 1
402 662 1
402 672 1
402 678 1
402 683 1
402 715 1
402 754 1
402 769 1
402 770 1
403 407 1
403 424 1
403 432 1
403 457 1
403 463 1
403 505 1
403 521 1
403 522 1
403 534 1
403 574 1
403 575 1
403 625 1
403 636 1
403 649 1
403 653 1
403 659 1
403 677 1
403 684 1
403 697 1
403 721 1
403 738 1
403 762 1
403 764 1
403 779 1
404 423 1
404 426 1
404 450 1
404 460 1
404 462 1
404 495 1
404 529 1
404 533 1
404 560 1
404 566 1
404 596 1
404 617 1
404 632 1
404 651 1
404 657 1
404 669 1
404 670 1
404 701 1
404 703 1
404 718 1
404 749 1
404 752 1
404 799 1
405 413 1
405 415 1
405 436 1
405 443 1
405 444 1
405 455 1
405 459 1
405 491 1
405 498 1
405 529 1
405 531 1
405 547 1
405 581 1
405 591 1
405 607 1
405 625 1
405 631 1
405 645 1
405 652 1
405 671 1
405 673 1
405 696 1
405 703 1
405 727 1
405 753 1
405 757 1
405 776 1
406 435 1
406 458 1
406 466 1
406 486 1
406 491 1
406 496 1
406 512 1
406 516 1
406 526 1
406 561 1
406 562 1
406 564 1
406 578 1
406 603 1
406 606 1
406 608 1
406 616 1
406 647 1
406 648 1
406 655 1
406 661 1
406 678 1
406 717 1
406 756 1
406 759 1
407 429 1
407 477 1
407 493 1
407 496 1
407 509 1
407 522 1
407 551 1
407 560 1
407 569 1
407 572 1
407 580 1
407 581 1
407 709 1
407 710 1
407 769 1
407 774 1
408 442 1
408 453 1
408 467 1
408 479 1
408 490 1
408 496 1
408 505 1
408 517 1
408 523 1
408 527 1
408 551 1
408 579 1
408 590 1
408 606 1
408 638 1
408 641 1
408 648 1
408 650 1
408 666 1
408 680 1
408 714 1
408 739 1
408 789 1
408 793 1
408 799 1
409 412 1
409 434 1
409 442 1
409 467 1
409 474 1
409 504 1
409 532 1
409 572 1
409 579 1
409 593 1
409 600 1
409 607 1
409 614 1
409 635 1
409 645 1
409 650 1
409 662 1
409 689 1
409 719 1
409 720 1
409 723 1
409 772 1
409 773 1
410 414 1
410 425 1
410 441 1
410 448 1
410 455 1
410 505 1
410 511 1
410 521 1
410 615 1
410 622 1
410 625 1
410 650 1
410 663 1
410 672 1
410 714 1
410 715 1
410 727 1
410 749 1
410 783 1
410 786 1
410 796 1
411 417 1
411 428 1
411 430 1
411 458 1
411 500 1
411 513 1
411 521 1
411 537 1
411 564 1
411 569 1
411 663 1
411 681 1
411 711 1
411 742 1
411 748 1
411 750 1
411 755 1
411 771 1
411 777 1
411 790 1
412 430 1
412 450 1
412 454 1
412 459 1
412 477 1
412 510 1
412 513 1
412 520 1
412 525 1
412 537 1
412 555 1
412 563 1
412 573 1
412 600 1
412 631 1
412 641 1
412 710 1
412 734 1
412 751 1
412 759 1
412 772 1
412 774 1
412 782 1
413 418 1
413 424 1
413 429 1
413 474 1
413 510 1
413 526 1
413 527 1
413 534 1
413 573 1
413 640 1
413 655 1
413 676 1
413 686 1
413 706 1
413 720 1
413 724 1
413 733 1
413 748 1
413 767 1
413 768 1
414 438 1
414 444 1
414 451 1
414 455 1
414 466 1
414 469 1
414 474 1
414 480 1
414 481 1
414 486 1
414 490 1
414 495 1
414 504 1
414 526 1
414 557 1
414 559 1
414 578 1
414 616 1
414 641 1
414 685 1
414 703 1
414 708 1
414 713 1
414 722 1
414 728 1
414 737 1
414 739 1
414 752 1
414 761 1
414 788 1
415 428 1
415 449 1
415 459 1
415 489 1
415 497 1
415 500 1
415 523 1
415 528 1
415 554 1
415 569 1
415 630 1
415 650 1
415 666 1
415 670 1
415 695 1
415 714 1
415 718 1
415 725 1
415 744 1
415 763 1
415 780 1
416 452 1
416 457 1
416 463 1
416 491 1
416 495 1
416 496 1
416 507 1
416 570 1
416 574 1
416 599 1
416 630 1
416 636 1
416 638 1
416 655 1
416 657 1
416 658 1
416 670 1
416 686 1
416 709 1
416 733 1
416 745 1
416 748 1
416 765 1
416 785 1
416 791 1
417 442 1
417 452 1
417 461 1
417 490 1
417 524 1
417 574 1
417 582 1
417 596 1
417 617 1
417 667 1
417 696 1
417 705 1
417 709 1
417 723 1
417 727 1
417 730 1
417 749 1
417 756 1
417 760 1
417 768 1
417 776 1
417 778 1
417 792 1
417 796 1
418 446 1
418 466 1
418 492 1
418 512 1
418 522 1
418 526 1
418 536 1
418 548 1
418 558 1
418 593 1
418 622 1
418 626 1
418 629 1
418 634 1
418 675 1
418 677 1
418 687 1
418 717 1
418 732 1
418 755 1
418 790 1
419 431 1
419 439 1
419 443 1
419 505 1
419 506 1
419 516 1
419 519 1
419 554 1
419 584 1
419 613 1
419 622 1
419 635 1
419 643 1
419 644 1
419 649 1
419 696 1
419 716 1
419 721 1
419 730 1
419 750 1
419 790 1
420 431 1
420 457 1
420 475 1
420 480 1
420 511 1
420 533 1
420 545 1
420 550 1
420 585 1
420 592 1
420 605 1
420 614 1
420 651 1
420 655 1
420 662 1
420 677 1
420 681 1
420 692 1
420 705 1
420 708 1
420 719 1
420 774 1
420 785 1
420 800 1
421 440 1
421 456 1
421 463 1
421 475 1
421 481 1
421 482 1
421 527 1
421 531 1
421 598 1
421 615 1
421 629 1
421 666 1
421 669 1
421 682 1
421 717 1
421 718 1
421 733 1
421 763 1
421 766 1
421 770 1
422 426 1
422 429 1
422 453 1
422 462 1
422 497 1
422 544 1
422 559 1
422 564 1
422 600 1
422 609 1
422 618 1
422 645 1
422 649 1
422 694 1
422 716 1
422 738 1
422 753 1
422 789 1
422 795 1
423 446 1
423 457 1
423 458 1
423 480 1
423 482 1
423 493 1
423 522 1
423 551 1
423 591 1
423 618 1
423 670 1
423 673 1
423 687 1
423 688 1
423 734 1
423 742 1
423 756 1
423 758 1
423 770 1
423 797 1
424 437 1
424 443 1
424 444 1
424 473 1
424 491 1
424 519 1
424 527 1
424 534 1
424 574 1
424 624 1
424 649 1
424 652 1
424 704 1
424 717 1
424 723 1
424 730 1
424 737 1
424 740 1
424 750 1
424 779 1
424 796 1
424 797 1
425 426 1
425 430 1
425 450 1
425 470 1
425 471 1
425 472 1
425 524 1
425 545 1
425 563 1
425 572 1
425 595 1
425 604 1
425 649 1
425 668 1
425 692 1
425 698 1
425 704 1
425 707 1
425 724 1
425 725 1
425 730 1
425 741 1
425 749 1
425 778 1
425 795 1
426 477 1
426 482 1
426 503 1
426 515 1
426 522 1
426 523 1
426 530 1
426 569 1
426 570 1
426 586 1
426 596 1
426 612 1
426 634 1
426 643 1
426 651 1
426 657 1
426 674 1
426 696 1
426 704 1
426 712 1
426 748 1
426 754 1
426 790 1
426 795 1
427 447 1
427 461 1
427 462 1
427 483 1
427 489 1
427 511 1
427 525 1
427 531 1
427 533 1
427 565 1
427 580 1
427 586 1
427 650 1
427 651 1
427 675 1
427 707 1
427 711 1
427 722 1
427 736 1
427 752 1
427 761 1
428 436 1
428 441 1
428 455 1
428 478 1
428 479 1
428 493 1
428 503 1
428 508 1
428 515 1
428 528 1
428 531 1
428 559 1
428 561 1
428 598 1
428 600 1
428 607 1
428 621 1
428 627 1
428 665 1
428 668 1
428 674 1
428 685 1
428 697 1
428 726 1
428 736 1
428 739 1
428 774 1
428 775 1
428 782 1
428 798 1
429 455 1
429 460 1
429 495 1
429 502 1
429 520 1
429 526 1
429 531 1
429 535 1
429 553 1
429 597 1
429 602 1
429 607 1
429 609 1
429 623 1
429 671 1
429 689 1
429 737 1
429 749 1
429 772 1
429 788 1
430 436 1
430 454 1
430 468 1
430 490 1
430 503 1
430 523 1
430 537 1
430 542 1
430 606 1
430 658 1
430 690 1
430 705 1
430 714 1
430 771 1
430 772 1
431 450 1
431 475 1
431 495 1
431 498 1
431 519 1
431 532 1
431 550 1
431 556 1
431 577 1
431 586 1
431 595 1
431 611 1
431 616 1
431 674 1
431 698 1
431 721 1
431 724 1
431 738 1
431 784 1
432 439 1
432 467 1
432 477 1
432 482 1
432 485 1
432 548 1
432 550 1
432 557 1
432 562 1
432 564 1
432 568 1
432 583 1
432 586 1
432 605 1
432 628 1
432 644 1
432 648 1
432 652 1
432 684 1
432 685 1
432 696 1
432 706 1
432 719 1
432 738 1
432 745 1
432 749 1
432 780 1
432 785 1
432 789 1
433 458 1
433 463 1
433 466 1
433 477 1
433 511 1
433 523 1
433 525 1
433 568 1
433 569 1
433 604 1
433 624 1
433 642 1
433 643 1
433 661 1
433 676 1
433 694 1
433 741 1
433 761 1
433 769 1
434 442 1
434 460 1
434 498 1
434 507 1
434 550 1
434 561 1
434 591 1
434 596 1
434 601 1
434 617 1
434 644 1
434 671 1
434 696 1
434 704 1
434 728 1
434 778 1
434 782 1
434 792 1
435 437 1
435 443 1
435 466 1
435 477 1
435 513 1
435 516 1
435 517 1
435 518 1
435 536 1
435 541 1
435 550 1
435 565 1
435 574 1
435 578 1
435 646 1
435 649 1
435 670 1
435 671 1
435 678 1
435 680 1
435 697 1
435 715 1
435 729 1
435 749 1
435 794 1
435 795 1
436 445 1
436 456 1
436 467 1
436 468 1
436 473 1
436 478 1
436 505 1
436 551 1
436 581 1
436 614 1
436 627 1
436 630 1
436 651 1
436 658 1
436 669 1
436 680 1
436 741 1
436 747 1
436 753 1
436 761 1
436 792 1
437 447 1
437 452 1
437 453 1
437 456 1
437 460 1
437 469 1
437 490 1
437 507 1
437 537 1
437 581 1
437 607 1
437 609 1
437 610 1
437 662 1
437 668 1
437 670 1
437 694 1
437 699 1
437 704 1
437 711 1
437 720 1
437 731 1
437 738 1
437 743 1
437 748 1
437 763 1
437 771 1
437 775 1
437 777 1
437 781 1
437 796 1
438 480 1
438 492 1
438 508 1
438 512 1
438 539 1
438 553 1
438 556 1
438 601 1
438 623 1
438 632 1
438 659 1
438 669 1
438 687 1
438 693 1
438 699 1
438 705 1
438 712 1
438 735 1
438 786 1
438 797 1
439 450 1
439 522 1
439 559 1
439 576 1
439 577 1
439 596 1
439 611 1
439 612 1
439 619 1
439 620 1
439 621 1
439 622 1
439 625 1
439 627 1
439 629 1
439 634 1
439 643 1
439 653 1
439 678 1
439 679 1
439 683 1
439 693 1
439 695 1
439 698 1
439 714 1
439 755 1
439 789 1
439 792 1
439 799 1
439 800 1
440 453 1
440 464 1
440 467 1
440 481 1
440 506 1
440 533 1
440 539 1
440 562 1
440 594 1
440 605 1
440 633 1
440 666 1
440 698 1
440 708 1
440 718 1
440 727 1
440 734 1
440 754 1
440 763 1
440 777 1
440 780 1
441 505 1
441 520 1
441 528 1
441 532 1
441 543 1
441 550 1
441 554 1
441 600 1
441 608 1
441 641 1
441 647 1
441 684 1
441 703 1
441 720 1
441 728 1
441 737 1
441 749 1
441 756 1
441 770 1
442 469 1
442 470 1
442 472 1
442 481 1
442 496 1
442 523 1
442 567 1
442 571 1
442 575 1
442 579 1
442 593 1
442 597 1
442 598 1
442 627 1
442 650 1
442 688 1
442 712 1
442 727 1
442 744 1
442 749 1
442 753 1
442 776 1
442 784 1
443 458 1
443 464 1
443 477 1
443 485 1
443 494 1
443 507 1
443 527 1
443 598 1
443 621 1
443 636 1
443 655 1
443 677 1
443 693 1
443 723 1
443 726 1
443 789 1
444 448 1
444 456 1
444 465 1
444 476 1
444 481 1
444 484 1
444 490 1
444 520 1
444 544 1
444 552 1
444 568 1
444 578 1
444 586 1
444 617 1
444 622 1
444 627 1
444 629 1
444 644 1
444 672 1
444 701 1
444 705 1
444 723 1
444 732 1
444 741 1
444 746 1
444 764 1
445 478 1
445 480 1
445 498 1
445 508 1
445 513 1
445 535 1
445 546 1
445 565 1
445 574 1
445 576 1
445 592 1
445 623 1
445 667 1
445 729 1
445 747 1
445 775 1
445 785 1
445 792 1
445 797 1
446 463 1
446 470 1
446 505 1
446 528 1
446 542 1
446 564 1
446 572 1
446 586 1
446 605 1
446 626 1
446 657 1
446 686 1
446 703 1
446 709 1
446 722 1
446 758 1
446 769 1
447 473 1
447 481 1
447 494 1
447 506 1
447 507 1
447 510 1
447 516 1
447 528 1
447 541 1
447 542 1
447 555 1
447 583 1
447 595 1
447 674 1
447 686 1
447 691 1
447 701 1
447 705 1
447 709 1
447 710 1
447 722 1
447 744 1
447 748 1
447 759 1
447 761 1
447 778 1
447 797 1
448 452 1
448 480 1
448 481 1
448 484 1
448 514 1
448 530 1
448 532 1
448 536 1
448 559 1
448 578 1
448 584 1
448 591 1
448 601 1
448 640 1
448 641 1
448 662 1
448 686 1
448 696 1
448 705 1
448 737 1
448 738 1
448 743 1
448 745 1
448 749 1
448 767 1
448 794 1
449 497 1
449 528 1
449 537 1
449 541 1
449 555 1
449 569 1
449 571 1
449 584 1
449 585 1
449 596 1
449 617 1
449 628 1
449 656 1
449 660 1
449 671 1
449 679 1
449 690 1
449 695 1
449 704 1
449 729 1
449 736 1
450 471 1
450 523 1
450 525 1
450 540 1
450 551 1
450 560 1
450 563 1
450 576 1
450 585 1
450 602 1
450 607 1
450 625 1
450 634 1
450 638 1
450 680 1
450 687 1
450 688 1
450 693 1
450 707 1
450 719 1
450 725 1
450 737 1
450 745 1
450 746 1
450 758 1
450 789 1
451 481 1
451 513 1
451 534 1
451 535 1
451 538 1
451 550 1
451 558 1
451 560 1
451 561 1
451 583 1
451 617 1
451 633 1
451 646 1
451 657 1
451 674 1
451 699 1
451 714 1
451 717 1
451 732 1
451 733 1
451 752 1
451 755 1
451 791 1
452 458 1
452 476 1
452 500 1
452 509 1
452 512 1
452 531 1
452 540 1
452 545 1
452 547 1
452 554 1
452 562 1
452 577 1
452 610 1
452 614 1
452 618 1
452 659 1
452 677 1
452 691 1
452 709 1
452 711 1
452 737 1
452 748 1
452 754 1
452 755 1
452 757 1
452 783 1
453 457 1
453 497 1
453 526 1
453 547 1
453 566 1
453 582 1
453 585 1
453 616 1
453 627 1
453 640 1
453 643 1
453 677 1
453 693 1
453 700 1
453 705 1
453 708 1
453 788 1
454 478 1
454 483 1
454 524 1
454 535 1
454 598 1
454 619 1
454 627 1
454 665 1
454 677 1
454 680 1
454 705 1
454 716 1
454 725 1
454 734 1
454 745 1
454 747 1
454 750 1
454 774 1
455 472 1
455 476 1
455 477 1
455 487 1
455 503 1
455 536 1
455 567 1
455 580 1
455 586 1
455 591 1
455 597 1
455 606 1
455 621 1
455 634 1
455 654 1
455 673 1
455 681 1
455 698 1
455 708 1
455 711 1
455 715 1
455 746 1
455 776 1
455 784 1
455 789 1
455 796 1
456 470 1
456 493 1
456 531 1
456 554 1
456 557 1
456 573 1
456 582 1
456 601 1
456 607 1
456 647 1
456 651 1
456 653 1
456 654 1
456 732 1
456 740 1
456 744 1
456 752 1
456 776 1
457 466 1
457 489 1
457 504 1
457 509 1
457 517 1
457 532 1
457 550 1
457 650 1
457 676 1
457 682 1
457 688 1
457 744 1
457 747 1
457 767 1
457 775 1
457 799 1
458 474 1
458 493 1
458 521 1
458 526 1
458 544 1
458 550 1
458 552 1
458 558 1
458 613 1
458 635 1
458 654 1
458 660 1
458 668 1
458 683 1
458 687 1
458 690 1
458 715 1
458 725 1
458 726 1
458 736 1
458 757 1
458 761 1
458 784 1
459 460 1
459 485 1
459 503 1
459 509 1
459 533 1
459 551 1
459 592 1
459 608 1
459 614 1
459 626 1
459 636 1
459 642 1
459 653 1
459 654 1
459 657 1
459 701 1
459 706 1
459 717 1
459 735 1
459 756 1
459 766 1
459 783 1
459 789 1
459 794 1
459 800 1
460 466 1
460 480 1
460 528 1
460 538 1
460 539 1
460 541 1
460 572 1
460 610 1
460 615 1
460 624 1
460 646 1
460 662 1
460 669 1
460 682 1
460 683 1
460 697 1
460 750 1
460 762 1
461 481 1
461 507 1
461 510 1
461 519 1
461 521 1
461 537 1
461 541 1
461 576 1
461 579 1
461 588 1
461 590 1
461 618 1
461 627 1
461 663 1
461 677 1
461 706 1
461 731 1
461 749 1
461 773 1
461 794 1
461 797 1
462 481 1
462 502 1
462 508 1
462 543 1
462 567 1
462 595 1
462 602 1
462 649 1
462 669 1
462 677 1
462 680 1
462 702 1
462 712 1
462 735 1
462 773 1
462 774 1
462 786 1
463 475 1
463 506 1
463 507 1
463 508 1
463 528 1
463 533 1
463 548 1
463 570 1
463 574 1
463 639 1
463 646 1
463 650 1
463 670 1
463 681 1
463 709 1
463 715 1
463 741 1
463 760 1
463 786 1
463 788 1
464 470 1
464 477 1
464 482 1
464 489 1
464 498 1
464 499 1
464 504 1
464 528 1
464 540 1
464 547 1
464 569 1
464 580 1
464 590 1
464 600 1
464 611 1
464 617 1
464 642 1
464 652 1
464 655 1
464 658 1
464 672 1
464 682 1
464 700 1
464 719 1
464 724 1
464 726 1
464 763 1
464 764 1
464 785 1
465 466 1
465 492 1
465 510 1
465 516 1
465 526 1
465 531 1
465 533 1
465 538 1
465 546 1
465 567 1
465 575 1
465 597 1
465 619 1
465 659 1
465 664 1
465 680 1
465 684 1
465 693 1
465 713 1
465 730 1
465 742 1
465 747 1
465 792 1
465 799 1
466 489 1
466 514 1
466 541 1
466 546 1
466 553 1
466 609 1
466 635 1
466 658 1
466 677 1
466 680 1
466 686 1
466 722 1
466 753 1
466 754 1
466 766 1
466 789 1
467 480 1
467 505 1
467 511 1
467 563 1
467 567 1
467 571 1
467 588 1
467 600 1
467 616 1
467 639 1
467 640 1
467 647 1
467 665 1
467 700 1
467 707 1
467 727 1
467 747 1
467 759 1
467 763 1
467 766 1
467 782 1
468 469 1
468 473 1
468 500 1
468 508 1
468 519 1
468 522 1
468 529 1
468 555 1
468 585 1
468 594 1
468 615 1
468 623 1
468 624 1
468 625 1
468 627 1
468 640 1
468 652 1
468 669 1
468 685 1
468 730 1
468 737 1
468 738 1
468 747 1
468 768 1
468 774 1
469 475 1
469 489 1
469 500 1
469 530 1
469 578 1
469 596 1
469 606 1
469 638 1
469 654 1
469 655 1
469 660 1
469 684 1
469 728 1
469 752 1
469 789 1
470 495 1
470 499 1
470 515 1
470 529 1
470 541 1
470 544 1
470 587 1
470 588 1
470 601 1
470 617 1
470 688 1
470 696 1
470 710 1
470 715 1
470 716 1
470 733 1
470 741 1
470 755 1
470 756 1
470 769 1
471 474 1
471 480 1
471 489 1
471 523 1
471 530 1
471 532 1
471 537 1
471 569 1
471 581 1
471 615 1
471 619 1
471 624 1
471 630 1
471 633 1
471 661 1
471 668 1
471 687 1
471 695 1
471 700 1
471 706 1
471 771 1
471 777 1
471 786 1
471 796 1
472 492 1
472 537 1
472 540 1
472 553 1
472 556 1
472 572 1
472 599 1
472 608 1
472 644 1
472 665 1
472 666 1
472 676 1
472 699 1
472 704 1
472 732 1
472 797 1
473 475 1
473 479 1
473 498 1
473 501 1
473 505 1
473 541 1
473 573 1
473 584 1
473 586 1
473 597 1
473 608 1
473 609 1
473 615 1
473 651 1
473 679 1
473 713 1
473 733 1
473 735 1
473 769 1
473 771 1
473 788 1
474 478 1
474 506 1
474 534 1
474 542 1
474 545 1
474 552 1
474 559 1
474 567 1
474 587 1
474 606 1
474 608 1
474 630 1
474 646 1
474 647 1
474 654 1
474 671 1
474 674 1
474 676 1
474 684 1
474 707 1
474 708 1
474 721 1
474 727 1
474 741 1
474 743 1
474 753 1
474 763 1
474 765 1
474 775 1
474 778 1
474 781 1
474 786 1
475 480 1
475 485 1
475 488 1
475 492 1
475 502 1
475 517 1
475 547 1
475 548 1
475 562 1
475 594 1
475 614 1
475 618 1
475 628 1
475 635 1
475 641 1
475 650 1
475 671 1
475 715 1
475 771 1
475 796 1
476 481 1
476 489 1
476 536 1
476 569 1
476 574 1
476 585 1
476 593 1
476 595 1
476 641 1
476 663 1
476 670 1
476 699 1
476 700 1
476 745 1
476 761 1
477 486 1
477 494 1
477 497 1
477 563 1
477 573 1
477 576 1
477 587 1
477 602 1
477 615 1
477 627 1
477 634 1
477 669 1
477 676 1
477 699 1
477 728 1
477 764 1
477 785 1
477 790 1
477 797 1
478 480 1
478 497 1
478 507 1
478 518 1
478 525 1
478 533 1
478 581 1
478 589 1
478 626 1
478 631 1
478 643 1
478 645 1
478 664 1
478 712 1
478 715 1
478 747 1
478 758 1
478 764 1
478 771 1
478 781 1
478 799 1
479 484 1
479 486 1
479 490 1
479 535 1
479 536 1
479 554 1
479 565 1
479 569 1
479 589 1
479 600 1
479 644 1
479 675 1
479 684 1
479 689 1
479 705 1
479 706 1
479 709 1
479 719 1
479 746 1
479 748 1
479 755 1
479 757 1
479 761 1
479 764 1
479 775 1
479 782 1
480 510 1
480 536 1
480 544 1
480 552 1
480 566 1
480 568 1
480 580 1
480 604 1
480 613 1
480 619 1
480 626 1
480 648 1
480 655 1
480 657 1
480 672 1
480 687 1
480 709 1
480 728 1
480 743 1
480 766 1
481 506 1
481 518 1
481 523 1
481 551 1
481 555 1
481 568 1
481 595 1
481 601 1
481 618 1
481 638 1
481 642 1
481 651 1
481 671 1
481 707 1
481 726 1
481 742 1
482 492 1
482 493 1
482 496 1
482 518 1
482 519 1
482 525 1
482 534 1
482 538 1
482 545 1
482 567 1
482 628 1
482 651 1
482 655 1
482 686 1
482 698 1
482 706 1
482 726 1
482 728 1
482 738 1
482 743 1
482 755 1
482 763 1
482 787 1
483 508 1
483 527 1
483 545 1
483 561 1
483 571 1
483 584 1
483 599 1
483 601 1
483 617 1
483 622 1
483 627 1
483 635 1
483 636 1
483 647 1
483 672 1
483 691 1
483 702 1
483 714 1
483 717 1
483 746 1
483 762 1
484 514 1
484 569 1
484 605 1
484 666 1
484 679 1
484 697 1
484 710 1
484 729 1
484 742 1
484 747 1
484 756 1
484 775 1
484 795 1
485 526 1
485 535 1
485 548 1
485 571 1
485 587 1
485 596 1
485 606 1
485 626 1
485 628 1
485 636 1
485 649 1
485 652 1
485 656 1
485 671 1
485 683 1
485 696 1
485 704 1
485 714 1
485 734 1
485 738 1
485 758 1
485 785 1
486 491 1
486 493 1
486 502 1
486 527 1
486 539 1
486 583 1
486 585 1
486 602 1
486 638 1
486 677 1
486 684 1
486 702 1
486 725 1
486 747 1
486 757 1
486 793 1
486 795 1
486 796 1
487 492 1
487 515 1
487 524 1
487 533 1
487 561 1
487 571 1
487 603 1
487 607 1
487 625 1
487 664 1
487 669 1
487 675 1
487 691 1
487 704 1
487 709 1
487 711 1
487 718 1
487 750 1
487 763 1
488 493 1
488 540 1
488 582 1
488 596 1
488 603 1
488 627 1
488 630 1
488 646 1
488 661 1
488 672 1
488 679 1
488 683 1
488 765 1
488 787 1
489 506 1
489 510 1
489 546 1
489 549 1
489 557 1
489 599 1
489 600 1
489 604 1
489 605 1
489 606 1
489 659 1
489 663 1
489 692 1
489 710 1
489 727 1
489 729 1
489 731 1
489 735 1
489 743 1
489 792 1
489 796 1
490 510 1
490 616 1
490 621 1
490 642 1
490 658 1
490 667 1
490 676 1
490 700 1
490 731 1
490 752 1
490 764 1
490 791 1
490 792 1
490 799 1
491 526 1
491 531 1
491 538 1
491 542 1
491 552 1
491 677 1
491 697 1
491 701 1
491 704 1
491 711 1
491 716 1
491 726 1
491 727 1
491 731 1
491 735 1
491 737 1
491 742 1
491 755 1
491 759 1
491 799 1
492 499 1
492 500 1
492 501 1
492 503 1
492 513 1
492 526 1
492 543 1
492 550 1
492 556 1
492 611 1
492 616 1
492 623 1
492 640 1
492 669 1
492 679 1
492 681 1
492 700 1
492 730 1
492 732 1
492 743 1
492 762 1
492 769 1
493 502 1
493 509 1
493 516 1
493 536 1
493 548 1
493 552 1
493 556 1
493 561 1
493 562 1
493 590 1
493 631 1
493 655 1
493 660 1
493 663 1
493 688 1
493 689 1
493 747 1
494 499 1
494 554 1
494 564 1
494 566 1
494 583 1
494 601 1
494 626 1
494 673 1
494 686 1
494 722 1
494 726 1
494 761 1
494 766 1
494 781 1
494 790 1
495 498 1
495 502 1
495 525 1
495 534 1
495 602 1
495 607 1
495 617 1
495 624 1
495 638 1
495 648 1
495 653 1
495 664 1
495 666 1
495 671 1
495 678 1
495 699 1
495 715 1
495 755 1
495 768 1
496 510 1
496 512 1
496 513 1
496 518 1
496 540 1
496 571 1
496 594 1
496 640 1
496 643 1
496 688 1
496 694 1
496 697 1
496 732 1
496 736 1
496 751 1
496 755 1
496 769 1
496 770 1
497 517 1
497 536 1
497 564 1
497 571 1
497 636 1
497 662 1
497 710 1
497 762 1
497 771 1
497 778 1
497 792 1
497 795 1
498 508 1
498 509 1
498 513 1
498 539 1
498 615 1
498 626 1
498 631 1
498 634 1
498 637 1
498 650 1
498 652 1
498 656 1
498 692 1
498 715 1
498 718 1
498 799 1
499 501 1
499 504 1
499 511 1
499 575 1
499 594 1
499 597 1
499 617 1
499 618 1
499 625 1
499 632 1
499 680 1
499 690 1
499 712 1
499 734 1
499 770 1
500 512 1
500 532 1
500 534 1
500 546 1
500 559 1
500 567 1
500 571 1
500 575 1
500 604 1
500 607 1
500 616 1
500 639 1
500 649 1
500 686 1
500 695 1
500 715 1
500 723 1
500 765 1
500 782 1
501 503 1
501 505 1
501 570 1
501 581 1
501 593 1
501 601 1
501 631 1
501 646 1
501 647 1
501 681 1
501 692 1
501 710 1
501 750 1
501 767 1
501 791 1
501 796 1
502 526 1
502 570 1
502 578 1
502 610 1
502 638 1
502 669 1
502 676 1
502 699 1
502 704 1
502 715 1
502 726 1
503 505 1
503 514 1
503 529 1
503 534 1
503 539 1
503 553 1
503 557 1
503 558 1
503 563 1
503 624 1
503 625 1
503 632 1
503 638 1
503 678 1
503 707 1
503 714 1
503 716 1
504 514 1
504 527 1
504 537 1
504 566 1
504 580 1
504 586 1
504 615 1
504 625 1
504 627 1
504 648 1
504 655 1
504 690 1
504 710 1
504 754 1
504 778 1
505 544 1
505 552 1
505 591 1
505 595 1
505 609 1
505 614 1
505 620 1
505 639 1
505 646 1
505 650 1
505 658 1
505 672 1
505 696 1
505 705 1
505 716 1
505 720 1
505 756 1
505 768 1
505 780 1
506 540 1
506 546 1
506 552 1
506 554 1
506 578 1
506 585 1
506 591 1
506 618 1
506 632 1
506 650 1
506 652 1
506 660 1
506 681 1
506 684 1
506 690 1
506 698 1
506 699 1
506 723 1
506 728 1
506 734 1
506 745 1
506 748 1
506 761 1
506 762 1
507 510 1
507 511 1
507 599 1
507 633 1
507 657 1
507 675 1
507 694 1
507 730 1
507 735 1
507 752 1
507 781 1
508 510 1
508 519 1
508 545 1
508 561 1
508 562 1
508 566 1
508 585 1
508 601 1
508 626 1
508 647 1
508 659 1
508 661 1
508 751 1
508 767 1
508 776 1
508 783 1
509 531 1
509 535 1
509 557 1
509 595 1
509 605 1
509 612 1
509 613 1
509 668 1
509 671 1
509 687 1
509 707 1
509 713 1
509 738 1
509 743 1
509 751 1
509 777 1
509 781 1
509 799 1
510 521 1
510 535 1
510 547 1
510 548 1
510 558 1
510 568 1
510 570 1
510 589 1
510 593 1
510 608 1
510 611 1
510 615 1
510 619 1
510 624 1
510 629 1
510 644 1
510 649 1
510 653 1
510 654 1
510 663 1
510 666 1
510 669 1
510 684 1
510 693 1
510 739 1
510 771 1
510 783 1
510 789 1
510 792 1
511 531 1
511 552 1
511 554 1
511 571 1
511 574 1
511 583 1
511 598 1
511 606 1
511 609 1
511 610 1
511 611 1
511 616 1
511 649 1
511 675 1
511 682 1
511 712 1
511 752 1
511 766 1
511 793 1
511 795 1
512 533 1
512 534 1
512 568 1
512 583 1
512 592 1
512 610 1
512 648 1
512 661 1
512 679 1
512 687 1
512 698 1
512 699 1
512 711 1
512 735 1
512 740 1
512 750 1
512 751 1
512 756 1
512 789 1
513 550 1
513 553 1
513 568 1
513 576 1
513 615 1
513 623 1
513 632 1
513 640 1
513 648 1
513 660 1
513 667 1
513 669 1
513 685 1
513 708 1
513 749 1
513 753 1
513 754 1
513 767 1
513 772 1
513 780 1
514 538 1
514 551 1
514 566 1
514 567 1
514 574 1
514 587 1
514 615 1
514 674 1
514 692 1
514 780 1
514 784 1
514 797 1
514 799 1
515 530 1
515 539 1
515 560 1
515 563 1
515 601 1
515 605 1
515 606 1
515 615 1
515 618 1
515 627 1
515 650 1
515 655 1
515 664 1
515 665 1
515 671 1
515 702 1
515 727 1
515 754 1
515 756 1
515 763 1
515 774 1
516 530 1
516 555 1
516 567 1
516 616 1
516 635 1
516 637 1
516 638 1
516 648 1
516 675 1
516 687 1
516 707 1
516 713 1
516 738 1
516 740 1
516 746 1
516 754 1
516 765 1
517 540 1
517 545 1
517 552 1
517 588 1
517 606 1
517 622 1
517 633 1
517 641 1
517 658 1
517 662 1
517 677 1
517 683 1
517 694 1
517 696 1
517 703 1
517 712 1
517 715 1
517 794 1
518 521 1
518 533 1
518 535 1
518 551 1
518 556 1
518 565 1
518 583 1
518 586 1
518 646 1
518 654 1
518 656 1
518 698 1
518 704 1
518 705 1
518 714 1
518 717 1
518 721 1
518 725 1
518 728 1
518 744 1
518 751 1
518 758 1
518 776 1
518 779 1
518 788 1
519 521 1
519 540 1
519 559 1
519 583 1
519 609 1
519 627 1
519 628 1
519 633 1
519 651 1
519 675 1
519 704 1
519 767 1
520 538 1
520 550 1
520 552 1
520 561 1
520 620 1
520 623 1
520 634 1
520 669 1
520 716 1
520 717 1
520 720 1
520 723 1
520 725 1
520 727 1
520 733 1
520 752 1
520 760 1
520 777 1
520 783 1
520 795 1
521 525 1
521 527 1
521 537 1
521 538 1
521 543 1
521 550 1
521 551 1
521 560 1
521 582 1
521 583 1
521 586 1
521 604 1
521 632 1
521 685 1
521 692 1
521 696 1
521 735 1
521 739 1
521 752 1
521 760 1
521 768 1
521 790 1
522 558 1
522 607 1
522 619 1
522 637 1
522 654 1
522 672 1
522 684 1
522 707 1
522 709 1
522 723 1
522 725 1
522 764 1
522 782 1
523 535 1
523 548 1
523 565 1
523 579 1
523 582 1
523 604 1
523 611 1
523 612 1
523 634 1
523 635 1
523 689 1
523 699 1
523 706 1
523 735 1
523 739 1
523 758 1
523 767 1
524 555 1
524 580 1
524 587 1
524 596 1
524 619 1
524 668 1
524 713 1
524 720 1
524 721 1
524 727 1
524 734 1
524 755 1
524 768 1
524 779 1
524 788 1
525 528 1
525 555 1
525 559 1
525 601 1
525 611 1
525 631 1
525 675 1
525 693 1
525 736 1
525 747 1
525 797 1
526 531 1
526 571 1
526 574 1
526 584 1
526 606 1
526 608 1
526 619 1
526 627 1
526 632 1
526 642 1
526 720 1
526 737 1
526 750 1
526 759 1
527 560 1
527 576 1
527 585 1
527 587 1
527 592 1
527 595 1
527 596 1
527 620 1
527 643 1
527 649 1
527 651 1
527 665 1
527 693 1
527 718 1
527 728 1
527 738 1
527 743 1
527 747 1
527 768 1
527 785 1
527 792 1
528 562 1
528 566 1
528 598 1
528 652 1
528 671 1
528 682 1
528 690 1
528 691 1
528 725 1
528 751 1
528 760 1
528 788 1
529 541 1
529 545 1
529 567 1
529 595 1
529 596 1
529 667 1
529 670 1
529 689 1
529 713 1
529 722 1
529 733 1
529 743 1
529 746 1
529 751 1
529 760 1
529 766 1
529 769 1
529 777 1
529 786 1
529 798 1
529 799 1
530 535 1
530 542 1
530 574 1
530 584 1
530 599 1
530 600 1
530 619 1
530 626 1
530 646 1
530 651 1
530 665 1
530 668 1
530 683 1
530 688 1
530 733 1
530 735 1
530 737 1
530 755 1
530 763 1
530 772 1
530 776 1
530 796 1
531 535 1
531 577 1
531 580 1
531 628 1
531 631 1
531 638 1
531 639 1
531 640 1
531 656 1
531 682 1
531 701 1
531 703 1
531 714 1
531 724 1
531 733 1
531 739 1
531 741 1
531 745 1
532 556 1
532 559 1
532 565 1
532 606 1
532 620 1
532 642 1
532 669 1
532 685 1
532 693 1
532 708 1
532 714 1
532 732 1
532 743 1
532 777 1
532 792 1
533 543 1
533 544 1
533 550 1
533 583 1
533 588 1
533 654 1
533 671 1
533 687 1
533 688 1
533 697 1
533 702 1
533 723 1
533 752 1
533 755 1
533 774 1
533 782 1
534 552 1
534 565 1
534 608 1
534 610 1
534 611 1
534 622 1
534 631 1
534 720 1
534 746 1
534 774 1
535 548 1
535 601 1
535 603 1
535 612 1
535 627 1
535 652 1
535 659 1
535 667 1
535 687 1
535 693 1
535 706 1
535 710 1
535 728 1
535 758 1
535 771 1
536 554 1
536 564 1
536 569 1
536 572 1
536 579 1
536 617 1
536 646 1
536 647 1
536 648 1
536 649 1
536 653 1
536 661 1
536 672 1
536 676 1
536 690 1
536 691 1
536 692 1
536 700 1
536 721 1
536 731 1
536 745 1
536 766 1
536 778 1
536 799 1
537 547 1
537 555 1
537 591 1
537 599 1
537 610 1
537 636 1
537 641 1
537 667 1
537 718 1
537 719 1
537 728 1
537 731 1
537 746 1
537 748 1
537 768 1
537 769 1
537 783 1
537 798 1
538 542 1
538 547 1
538 574 1
538 591 1
538 593 1
538 629 1
538 648 1
538 663 1
538 664 1
538 675 1
538 710 1
538 716 1
538 726 1
538 733 1
538 737 1
538 753 1
538 766 1
538 778 1
538 780 1
538 790 1
538 791 1
539 544 1
539 568 1
539 574 1
539 593 1
539 618 1
539 627 1
539 637 1
539 647 1
539 664 1
539 684 1
539 694 1
539 697 1
539 700 1
539 728 1
539 733 1
539 750 1
539 781 1
539 785 1
539 793 1
539 794 1
540 547 1
540 566 1
540 580 1
540 608 1
540 616 1
540 621 1
540 624 1
540 625 1
540 627 1
540 659 1
540 677 1
540 695 1
540 696 1
540 698 1
540 701 1
540 750 1
540 754 1
540 755 1
540 778 1
540 788 1
541 557 1
541 572 1
541 574 1
541 582 1
541 592 1
541 633 1
541 657 1
541 678 1
541 688 1
541 696 1
541 715 1
541 743 1
541 749 1
541 753 1
541 755 1
541 766 1
541 774 1
541 781 1
541 787 1
542 576 1
542 593 1
542 602 1
542 621 1
542 622 1
542 631 1
542 632 1
542 669 1
542 675 1
542 688 1
542 720 1
542 739 1
542 745 1
542 755 1
542 758 1
542 781 1
542 783 1
542 787 1
542 791 1
543 548 1
543 555 1
543 574 1
543 593 1
543 615 1
543 626 1
543 649 1
543 657 1
543 760 1
544 602 1
544 606 1
544 617 1
544 619 1
544 642 1
544 654 1
544 666 1
544 678 1
544 687 1
544 692 1
544 710 1
544 713 1
544 715 1
544 722 1
544 729 1
544 757 1
544 758 1
545 548 1
545 552 1
545 562 1
545 596 1
545 635 1
545 638 1
545 639 1
545 655 1
545 728 1
545 745 1
545 761 1
545 767 1
545 781 1
545 793 1
545 796 1
546 590 1
546 593 1
546 612 1
546 632 1
546 651 1
546 663 1
546 713 1
546 715 1
546 718 1
546 720 1
546 765 1
546 786 1
546 799 1
547 576 1
547 596 1
547 601 1
547 610 1
547 634 1
547 650 1
547 665 1
547 677 1
547 682 1
547 728 1
547 737 1
547 746 1
547 790 1
547 797 1
547 798 1
548 551 1
548 553 1
548 573 1
548 596 1
548 672 1
548 674 1
548 692 1
548 735 1
548 771 1
548 796 1
549 576 1
549 578 1
549 618 1
549 620 1
549 625 1
549 638 1
549 641 1
549 646 1
549 652 1
549 676 1
549 694 1
549 708 1
549 757 1
549 762 1
549 772 1
549 800 1
550 558 1
550 565 1
550 567 1
550 576 1
550 583 1
550 613 1
550 622 1
550 624 1
550 633 1
550 645 1
550 646 1
550 648 1
550 675 1
550 677 1
550 716 1
550 726 1
550 737 1
550 782 1
550 785 1
550 794 1
550 795 1
551 554 1
551 573 1
551 578 1
551 587 1
551 597 1
551 615 1
551 623 1
551 636 1
551 652 1
551 654 1
551 673 1
551 674 1
551 706 1
551 717 1
551 723 1
551 750 1
551 761 1
551 763 1
551 764 1
551 766 1
551 768 1
551 771 1
551 798 1
552 572 1
552 576 1
552 588 1
552 617 1
552 626 1
552 643 1
552 651 1
552 663 1
552 666 1
552 681 1
552 695 1
552 699 1
552 713 1
552 716 1
552 721 1
552 731 1
552 735 1
552 761 1
552 772 1
552 799 1
553 561 1
553 562 1
553 565 1
553 578 1
553 582 1
553 597 1
553 612 1
553 621 1
553 635 1
553 674 1
553 678 1
553 701 1
553 737 1
553 760 1
553 774 1
553 786 1
554 571 1
554 579 1
554 591 1
554 592 1
554 613 1
554 624 1
554 637 1
554 675 1
554 679 1
554 696 1
554 734 1
554 765 1
554 773 1
554 775 1
555 562 1
555 611 1
555 618 1
555 642 1
555 647 1
555 650 1
555 681 1
555 698 1
555 704 1
555 715 1
555 717 1
555 722 1
555 725 1
555 727 1
555 730 1
555 737 1
555 785 1
555 793 1
555 794 1
556 579 1
556 615 1
556 619 1
556 620 1
556 628 1
556 640 1
556 651 1
556 666 1
556 685 1
556 698 1
556 703 1
556 704 1
556 710 1
556 728 1
556 737 1
556 766 1
556 771 1
556 778 1
556 789 1
557 563 1
557 582 1
557 584 1
557 587 1
557 593 1
557 601 1
557 633 1
557 635 1
557 678 1
557 693 1
557 697 1
557 714 1
557 719 1
557 729 1
557 730 1
557 732 1
557 765 1
557 780 1
558 578 1
558 587 1
558 659 1
558 685 1
558 688 1
558 695 1
558 700 1
558 762 1
558 763 1
558 768 1
558 769 1
558 777 1
558 784 1
559 581 1
559 592 1
559 594 1
559 598 1
559 623 1
559 628 1
559 650 1
559 661 1
559 671 1
559 680 1
559 686 1
559 692 1
559 703 1
559 706 1
559 724 1
559 726 1
559 730 1
560 566 1
560 595 1
560 613 1
560 620 1
560 631 1
560 645 1
560 695 1
560 731 1
560 736 1
560 748 1
560 756 1
560 769 1
560 786 1
560 787 1
561 567 1
561 579 1
561 584 1
561 598 1
561 607 1
561 623 1
561 624 1
561 626 1
561 645 1
561 657 1
561 665 1
561 667 1
561 680 1
561 695 1
561 696 1
561 699 1
561 706 1
561 715 1
561 724 1
561 727 1
561 729 1
561 757 1
561 759 1
561 770 1
561 771 1
561 773 1
561 779 1
561 784 1
561 798 1
562 601 1
562 604 1
562 615 1
562 644 1
562 658 1
562 678 1
562 705 1
562 715 1
562 716 1
562 717 1
562 730 1
562 742 1
562 769 1
562 797 1
563 570 1
563 578 1
563 586 1
563 612 1
563 655 1
563 683 1
563 688 1
563 697 1
563 708 1
563 710 1
563 717 1
563 732 1
563 744 1
563 779 1
563 782 1
563 800 1
564 565 1
564 571 1
564 574 1
564 582 1
564 595 1
564 597 1
564 600 1
564 603 1
564 604 1
564 621 1
564 624 1
564 681 1
564 682 1
564 686 1
564 689 1
564 735 1
564 776 1
564 778 1
564 780 1
564 787 1
564 799 1
565 567 1
565 593 1
565 594 1
565 599 1
565 611 1
565 619 1
565 625 1
565 636 1
565 641 1
565 676 1
565 698 1
565 702 1
565 726 1
565 773 1
565 795 1
566 602 1
566 618 1
566 687 1
566 708 1
566 718 1
566 735 1
566 752 1
566 756 1
566 770 1
566 783 1
566 785 1
566 799 1
567 584 1
567 587 1
567 604 1
567 609 1
567 616 1
567 617 1
567 630 1
567 644 1
567 647 1
567 727 1
567 737 1
567 770 1
567 776 1
567 785 1
567 793 1
567 796 1
567 798 1
568 572 1
568 598 1
568 600 1
568 608 1
568 635 1
568 655 1
568 658 1
568 660 1
568 665 1
568 687 1
568 707 1
568 723 1
568 747 1
568 755 1
568 768 1
568 786 1
569 573 1
569 577 1
569 581 1
569 591 1
569 593 1
569 610 1
569 612 1
569 622 1
569 630 1
569 642 1
569 657 1
569 683 1
569 750 1
569 763 1
569 771 1
569 778 1
569 789 1
569 791 1
569 795 1
569 797 1
570 576 1
570 591 1
570 609 1
570 654 1
570 675 1
570 693 1
570 717 1
570 720 1
570 733 1
570 773 1
571 596 1
571 618 1
571 634 1
571 637 1
571 657 1
571 664 1
571 680 1
571 685 1
571 693 1
571 700 1
571 710 1
571 726 1
571 727 1
571 733 1
571 792 1
571 795 1
572 591 1
572 605 1
572 617 1
572 618 1
572 622 1
572 680 1
572 686 1
572 701 1
572 708 1
572 734 1
572 754 1
572 766 1
572 770 1
572 790 1
572 797 1
573 577 1
573 580 1
573 583 1
573 585 1
573 595 1
573 603 1
573 630 1
573 658 1
573 666 1
573 672 1
573 710 1
573 722 1
573 737 1
573 756 1
573 790 1
573 798 1
574 587 1
574 634 1
574 638 1
574 641 1
574 650 1
574 672 1
574 689 1
574 698 1
574 717 1
574 746 1
574 747 1
574 753 1
574 761 1
574 781 1
574 799 1
575 601 1
575 610 1
575 628 1
575 629 1
575 652 1
575 658 1
575 682 1
575 731 1
575 737 1
575 740 1
575 754 1
575 763 1
575 800 1
576 594 1
576 613 1
576 650 1
576 664 1
576 670 1
576 671 1
576 734 1
576 746 1
576 774 1
576 777 1
576 778 1
576 795 1
577 600 1
577 610 1
577 614 1
577 714 1
577 735 1
577 750 1
577 763 1
577 780 1
577 783 1
578 585 1
578 588 1
578 592 1
578 596 1
578 603 1
578 611 1
578 661 1
578 702 1
578 718 1
578 720 1
578 725 1
578 775 1
578 779 1
578 800 1
579 586 1
579 624 1
579 724 1
579 737 1
579 738 1
579 757 1
579 783 1
579 795 1
580 582 1
580 588 1
580 598 1
580 611 1
580 617 1
580 640 1
580 641 1
580 653 1
580 658 1
580 666 1
580 671 1
580 683 1
580 689 1
580 703 1
580 706 1
580 726 1
580 730 1
580 739 1
580 745 1
580 756 1
580 769 1
580 783 1
580 789 1
580 793 1
580 794 1
580 798 1
581 584 1
581 592 1
581 603 1
581 611 1
581 638 1
581 640 1
581 644 1
581 649 1
581 659 1
581 671 1
581 673 1
581 707 1
581 710 1
581 712 1
581 720 1
581 733 1
581 741 1
581 757 1
581 773 1
581 787 1
581 798 1
582 598 1
582 607 1
582 610 1
582 644 1
582 663 1
582 670 1
582 690 1
582 700 1
582 717 1
582 728 1
582 729 1
582 734 1
582 742 1
582 747 1
582 757 1
582 773 1
583 585 1
583 670 1
583 683 1
583 713 1
583 730 1
583 753 1
583 759 1
583 761 1
583 778 1
583 791 1
584 588 1
584 590 1
584 612 1
584 623 1
584 624 1
584 648 1
584 704 1
584 720 1
584 722 1
584 731 1
584 763 1
584 773 1
584 784 1
584 799 1
585 600 1
585 612 1
585 613 1
585 614 1
585 616 1
585 617 1
585 621 1
585 643 1
585 651 1
585 660 1
585 674 1
585 703 1
585 738 1
585 742 1
585 782 1
585 800 1
586 589 1
586 634 1
586 650 1
586 680 1
586 684 1
586 709 1
586 712 1
586 713 1
586 719 1
586 724 1
586 740 1
586 743 1
586 748 1
586 750 1
586 783 1
586 793 1
587 589 1
587 612 1
587 616 1
587 623 1
587 690 1
587 691 1
587 705 1
587 766 1
587 778 1
587 798 1
588 589 1
588 597 1
588 602 1
588 613 1
588 633 1
588 639 1
588 644 1
588 646 1
588 647 1
588 669 1
588 749 1
588 753 1
588 761 1
588 765 1
588 783 1
588 784 1
589 619 1
589 623 1
589 646 1
589 658 1
589 666 1
589 675 1
589 691 1
589 694 1
589 724 1
589 762 1
589 777 1
590 601 1
590 614 1
590 624 1
590 631 1
590 640 1
590 653 1
590 671 1
590 674 1
590 685 1
590 687 1
590 708 1
590 723 1
590 744 1
590 764 1
591 651 1
591 662 1
591 742 1
591 749 1
591 772 1
591 777 1
592 600 1
592 601 1
592 634 1
592 636 1
592 673 1
592 674 1
592 682 1
592 705 1
592 734 1
592 757 1
592 767 1
592 794 1
592 799 1
593 596 1
593 604 1
593 613 1
593 635 1
593 639 1
593 643 1
593 658 1
593 707 1
593 730 1
593 738 1
593 774 1
593 788 1
594 620 1
594 628 1
594 644 1
594 661 1
594 662 1
594 663 1
594 676 1
594 738 1
594 745 1
594 750 1
594 753 1
594 790 1
594 791 1
595 616 1
595 635 1
595 649 1
595 665 1
595 677 1
595 685 1
595 686 1
595 694 1
595 741 1
595 762 1
595 778 1
595 782 1
595 788 1
596 607 1
596 616 1
596 632 1
596 643 1
596 646 1
596 649 1
596 656 1
596 670 1
596 684 1
596 687 1
596 689 1
596 690 1
596 708 1
596 709 1
596 710 1
596 718 1
596 742 1
596 774 1
596 779 1
596 783 1
597 605 1
597 608 1
597 639 1
597 656 1
597 701 1
597 704 1
597 710 1
597 722 1
597 731 1
597 734 1
597 753 1
597 754 1
597 760 1
597 773 1
597 776 1
597 798 1
598 604 1
598 639 1
598 649 1
598 653 1
598 684 1
598 697 1
598 705 1
598 710 1
598 741 1
598 751 1
598 778 1
598 783 1
598 785 1
598 788 1
599 624 1
599 640 1
599 745 1
599 747 1
599 749 1
599 791 1
599 793 1
600 634 1
600 669 1
600 685 1
600 689 1
600 751 1
600 757 1
600 766 1
600 771 1
601 634 1
601 652 1
601 655 1
601 683 1
601 697 1
601 705 1
601 713 1
601 717 1
601 721 1
601 749 1
601 757 1
601 769 1
601 772 1
601 773 1
601 775 1
601 790 1
602 606 1
602 623 1
602 634 1
602 672 1
602 694 1
602 703 1
602 739 1
602 746 1
602 752 1
602 770 1
602 781 1
602 789 1
602 790 1
603 608 1
603 618 1
603 634 1
603 644 1
603 681 1
603 709 1
603 711 1
603 716 1
603 733 1
603 745 1
603 749 1
603 770 1
603 782 1
604 633 1
604 648 1
604 653 1
604 654 1
604 693 1
604 708 1
604 747 1
604 754 1
604 757 1
604 760 1
604 761 1
604 762 1
604 789 1
605 634 1
605 689 1
605 707 1
605 710 1
605 712 1
605 715 1
605 717 1
605 732 1
605 771 1
605 792 1
605 793 1
605 797 1
606 607 1
606 633 1
606 637 1
606 641 1
606 667 1
606 681 1
606 722 1
606 732 1
606 749 1
606 769 1
606 788 1
606 792 1
606 796 1
606 798 1
607 620 1
607 627 1
607 663 1
607 668 1
607 694 1
607 699 1
607 708 1
607 724 1
607 741 1
607 755 1
607 774 1
608 696 1
608 712 1
608 732 1
608 746 1
608 756 1
608 780 1
608 794 1
609 614 1
609 658 1
609 660 1
609 704 1
609 756 1
609 758 1
610 633 1
610 642 1
610 668 1
610 675 1
610 685 1
610 694 1
610 699 1
610 709 1
610 749 1
610 754 1
610 768 1
610 776 1
610 786 1
611 614 1
611 620 1
611 626 1
611 630 1
611 632 1
611 658 1
611 679 1
611 698 1
611 700 1
611 726 1
611 743 1
611 778 1
611 782 1
611 785 1
611 797 1
612 646 1
612 649 1
612 653 1
612 662 1
612 663 1
612 694 1
612 696 1
612 735 1
612 759 1
612 767 1
612 775 1
612 787 1
613 623 1
613 624 1
613 633 1
613 650 1
613 677 1
613 704 1
613 738 1
613 740 1
613 759 1
613 780 1
613 782 1
613 799 1
614 622 1
614 624 1
614 628 1
614 642 1
614 655 1
614 657 1
614 729 1
614 748 1
614 786 1
614 789 1
615 629 1
615 671 1
615 701 1
615 730 1
615 787 1
616 620 1
616 629 1
616 633 1
616 649 1
616 669 1
616 681 1
616 699 1
616 726 1
616 730 1
616 738 1
616 783 1
616 784 1
616 791 1
616 795 1
617 628 1
617 663 1
617 687 1
617 700 1
617 732 1
617 735 1
617 739 1
617 753 1
617 768 1
617 772 1
617 784 1
617 797 1
617 800 1
618 657 1
618 660 1
618 668 1
618 682 1
618 692 1
618 704 1
618 776 1
618 782 1
618 791 1
618 796 1
619 634 1
619 653 1
619 686 1
619 723 1
619 751 1
619 755 1
619 763 1
619 779 1
619 790 1
620 646 1
620 658 1
620 689 1
620 710 1
620 714 1
620 719 1
620 739 1
620 740 1
620 760 1
620 762 1
620 781 1
621 635 1
621 664 1
621 671 1
621 697 1
621 699 1
621 730 1
621 746 1
621 764 1
621 778 1
621 781 1
622 625 1
622 629 1
622 664 1
622 682 1
622 712 1
622 740 1
622 746 1
622 778 1
623 639 1
623 642 1
623 652 1
623 660 1
623 673 1
623 677 1
623 686 1
623 691 1
623 707 1
623 717 1
623 719 1
623 721 1
623 738 1
623 748 1
623 763 1
623 776 1
623 778 1
624 642 1
624 662 1
624 663 1
624 668 1
624 719 1
624 721 1
624 748 1
625 658 1
625 672 1
625 680 1
625 682 1
625 689 1
625 695 1
625 696 1
625 717 1
625 721 1
625 726 1
625 740 1
625 757 1
625 770 1
625 778 1
625 791 1
625 795 1
626 640 1
626 641 1
626 646 1
626 655 1
626 670 1
626 672 1
626 675 1
626 676 1
626 680 1
626 715 1
626 784 1
626 787 1
627 629 1
627 644 1
627 670 1
627 713 1
627 723 1
627 759 1
627 779 1
627 786 1
627 800 1
628 681 1
628 692 1
628 718 1
628 752 1
628 758 1
628 770 1
628 777 1
629 631 1
629 653 1
629 666 1
629 710 1
629 712 1
629 715 1
629 716 1
629 721 1
629 727 1
629 734 1
629 738 1
629 744 1
629 771 1
629 790 1
629 798 1
630 633 1
630 650 1
630 657 1
630 693 1
630 695 1
630 764 1
630 776 1
630 792 1
630 793 1
630 794 1
630 800 1
631 687 1
631 698 1
631 726 1
631 727 1
631 737 1
631 750 1
631 789 1
631 798 1
632 657 1
632 701 1
632 717 1
632 723 1
632 759 1
633 645 1
633 669 1
633 673 1
633 690 1
633 701 1
633 730 1
633 758 1
633 764 1
633 767 1
633 770 1
633 784 1
633 799 1
634 672 1
634 756 1
634 757 1
634 769 1
634 788 1
635 640 1
635 642 1
635 659 1
635 672 1
635 682 1
635 695 1
635 707 1
635 716 1
635 729 1
635 769 1
635 771 1
635 772 1
635 776 1
636 644 1
636 646 1
636 650 1
636 655 1
636 662 1
636 663 1
636 668 1
636 688 1
636 699 1
636 722 1
636 760 1
636 761 1
636 762 1
636 792 1
636 800 1
637 640 1
637 641 1
637 657 1
637 672 1
637 686 1
637 690 1
637 709 1
637 727 1
637 740 1
637 756 1
637 770 1
637 776 1
637 782 1
638 650 1
638 664 1
638 691 1
638 714 1
638 737 1
638 768 1
638 785 1
638 800 1
639 645 1
639 649 1
639 653 1
639 729 1
639 742 1
639 748 1
639 786 1
640 643 1
640 664 1
640 682 1
640 705 1
640 709 1
640 732 1
640 772 1
641 669 1
641 693 1
641 722 1
641 728 1
641 745 1
641 759 1
641 779 1
641 780 1
641 781 1
641 785 1
642 648 1
642 655 1
642 665 1
642 670 1
642 686 1
642 698 1
642 700 1
642 705 1
642 751 1
642 766 1
642 779 1
642 798 1
643 667 1
643 670 1
643 696 1
643 708 1
643 723 1
643 734 1
643 769 1
643 774 1
643 776 1
643 785 1
643 799 1
644 655 1
644 666 1
644 670 1
644 677 1
644 736 1
644 754 1
644 789 1
644 793 1
645 648 1
645 659 1
645 693 1
645 720 1
645 734 1
645 752 1
645 776 1
645 786 1
645 791 1
645 793 1
646 685 1
646 700 1
646 728 1
646 746 1
646 755 1
646 789 1
647 665 1
647 666 1
647 694 1
647 699 1
647 705 1
647 714 1
647 722 1
647 737 1
647 752 1
647 764 1
647 774 1
647 780 1
647 787 1
647 794 1
648 658 1
648 681 1
648 685 1
648 692 1
648 706 1
648 709 1
648 736 1
648 748 1
648 767 1
648 773 1
648 789 1
648 792 1
649 653 1
649 670 1
649 680 1
649 682 1
649 692 1
649 699 1
649 712 1
649 722 1
649 740 1
649 741 1
649 744 1
649 750 1
649 751 1
649 781 1
649 784 1
649 790 1
650 662 1
650 684 1
650 711 1
650 717 1
650 721 1
650 725 1
650 735 1
650 762 1
650 791 1
651 687 1
651 707 1
651 709 1
651 719 1
651 721 1
651 726 1
651 751 1
652 682 1
652 684 1
652 698 1
652 712 1
652 732 1
652 738 1
652 762 1
652 772 1
652 790 1
652 792 1
652 795 1
653 654 1
653 657 1
653 659 1
653 665 1
653 675 1
653 677 1
653 684 1
653 694 1
653 711 1
653 719 1
653 738 1
653 746 1
653 796 1
654 671 1
654 718 1
654 738 1
654 742 1
654 754 1
654 761 1
654 769 1
654 770 1
654 775 1
654 779 1
654 782 1
654 785 1
654 790 1
655 683 1
655 706 1
655 707 1
655 709 1
655 719 1
655 721 1
655 750 1
655 764 1
655 776 1
655 789 1
655 800 1
656 696 1
656 704 1
656 708 1
656 717 1
656 722 1
656 738 1
656 759 1
656 768 1
656 769 1
656 772 1
657 711 1
657 715 1
657 735 1
657 737 1
657 749 1
657 762 1
657 772 1
658 667 1
658 676 1
658 701 1
658 721 1
658 728 1
658 743 1
658 764 1
658 767 1
658 773 1
659 678 1
659 688 1
659 693 1
659 694 1
659 719 1
659 735 1
659 748 1
659 752 1
659 761 1
659 769 1
659 788 1
660 663 1
660 667 1
660 673 1
660 735 1
660 744 1
660 770 1
660 783 1
661 663 1
661 670 1
661 696 1
661 706 1
661 707 1
661 712 1
661 727 1
662 666 1
662 693 1
662 716 1
662 741 1
662 767 1
662 781 1
663 680 1
663 681 1
663 688 1
663 709 1
663 728 1
663 741 1
663 767 1
663 776 1
663 777 1
664 679 1
664 694 1
664 697 1
664 698 1
664 700 1
664 753 1
664 763 1
665 708 1
665 735 1
665 771 1
665 782 1
665 784 1
665 798 1
666 694 1
666 791 1
667 686 1
667 711 1
667 719 1
667 730 1
667 776 1
667 797 1
668 681 1
668 684 1
668 690 1
668 706 1
668 726 1
668 746 1
668 751 1
668 784 1
668 788 1
668 792 1
669 690 1
669 697 1
669 702 1
669 703 1
669 710 1
669 728 1
669 753 1
669 754 1
669 773 1
670 673 1
670 675 1
670 701 1
670 720 1
670 751 1
670 759 1
670 797 1
671 678 1
671 722 1
671 737 1
671 742 1
671 777 1
671 784 1
672 683 1
672 697 1
672 698 1
672 709 1
672 710 1
672 735 1
672 762 1
672 767 1
672 779 1
673 683 1
673 694 1
673 710 1
673 718 1
673 746 1
673 788 1
673 798 1
674 687 1
674 689 1
674 697 1
674 706 1
674 759 1
674 768 1
674 777 1
674 795 1
675 690 1
675 735 1
675 742 1
675 751 1
675 775 1
675 779 1
676 690 1
676 693 1
676 741 1
676 782 1
676 794 1
677 679 1
677 700 1
677 714 1
677 717 1
677 722 1
677 741 1
677 742 1
677 773 1
677 788 1
677 789 1
678 691 1
678 736 1
678 742 1
678 748 1
678 763 1
678 788 1
678 795 1
679 685 1
679 725 1
679 764 1
679 766 1
679 797 1
680 716 1
680 723 1
680 741 1
680 766 1
680 788 1
680 794 1
681 706 1
681 727 1
681 732 1
681 744 1
681 748 1
681 753 1
681 755 1
681 766 1
681 780 1
681 785 1
681 791 1
681 794 1
682 684 1
682 694 1
682 705 1
682 720 1
682 732 1
682 733 1
682 737 1
682 738 1
682 768 1
682 780 1
682 793 1
682 795 1
683 685 1
683 698 1
683 702 1
683 739 1
683 743 1
683 772 1
683 774 1
683 782 1
683 792 1
684 694 1
684 700 1
684 701 1
684 703 1
684 710 1
684 745 1
685 687 1
685 699 1
685 712 1
685 728 1
685 730 1
685 748 1
685 757 1
685 787 1
685 796 1
686 706 1
686 735 1
686 751 1
686 800 1
687 709 1
687 716 1
687 731 1
687 733 1
687 745 1
687 753 1
687 755 1
687 768 1
687 780 1
687 781 1
688 714 1
688 719 1
688 760 1
688 763 1
688 785 1
689 707 1
689 739 1
689 743 1
689 746 1
689 748 1
689 755 1
689 771 1
689 772 1
689 781 1
690 749 1
690 766 1
691 698 1
691 735 1
691 740 1
691 760 1
691 775 1
691 782 1
691 788 1
692 715 1
692 724 1
692 733 1
692 736 1
692 759 1
692 781 1
693 708 1
693 711 1
693 735 1
693 736 1
693 748 1
693 751 1
693 769 1
693 786 1
694 726 1
694 730 1
694 735 1
694 738 1
694 748 1
695 724 1
695 734 1
695 767 1
696 697 1
696 701 1
696 709 1
696 710 1
696 728 1
696 746 1
696 769 1
696 775 1
696 793 1
696 797 1
697 702 1
697 732 1
697 736 1
697 739 1
697 768 1
697 771 1
698 702 1
698 703 1
698 710 1
698 712 1
698 730 1
698 733 1
698 747 1
698 750 1
698 752 1
698 759 1
698 800 1
699 741 1
699 800 1
700 721 1
700 736 1
700 745 1
700 751 1
700 773 1
700 789 1
701 707 1
701 747 1
702 710 1
702 730 1
702 732 1
702 744 1
703 707 1
703 733 1
703 736 1
703 742 1
703 751 1
704 711 1
704 743 1
704 754 1
704 772 1
704 781 1
704 785 1
704 791 1
705 739 1
705 756 1
705 762 1
705 763 1
705 774 1
705 776 1
706 717 1
706 727 1
706 735 1
706 783 1
706 785 1
706 798 1
707 730 1
707 764 1
707 774 1
707 780 1
708 733 1
708 737 1
708 745 1
708 746 1
708 757 1
708 759 1
708 761 1
708 778 1
708 782 1
709 713 1
709 718 1
709 729 1
709 734 1
709 746 1
709 750 1
709 752 1
709 765 1
709 777 1
709 784 1
710 714 1
710 716 1
710 720 1
710 762 1
711 716 1
711 721 1
711 764 1
712 758 1
713 731 1
713 739 1
713 744 1
713 753 1
713 765 1
713 768 1
713 776 1
714 721 1
714 731 1
714 752 1
714 788 1
714 790 1
715 716 1
715 718 1
715 724 1
715 741 1
715 755 1
715 774 1
716 751 1
716 768 1
716 770 1
716 774 1
716 796 1
717 731 1
717 738 1
717 750 1
717 752 1
717 782 1
717 787 1
717 789 1
717 792 1
718 759 1
718 760 1
718 781 1
718 798 1
719 727 1
719 735 1
719 740 1
719 758 1
719 773 1
719 776 1
720 746 1
720 757 1
720 793 1
720 799 1
721 724 1
721 729 1
721 751 1
721 774 1
721 779 1
721 786 1
721 794 1
722 726 1
722 727 1
722 732 1
722 740 1
722 751 1
722 757 1
723 724 1
723 731 1
723 739 1
723 748 1
723 770 1
723 771 1
723 774 1
723 776 1
723 790 1
723 797 1
724 727 1
724 731 1
724 741 1
724 747 1
724 752 1
724 769 1
725 736 1
725 739 1
725 742 1
725 768 1
726 752 1
726 759 1
726 775 1
726 776 1
726 786 1
727 746 1
727 762 1
728 732 1
728 737 1
728 738 1
728 744 1
728 763 1
728 775 1
728 776 1
728 796 1
728 797 1
729 733 1
729 736 1
729 746 1
729 759 1
729 765 1
729 766 1
729 769 1
729 783 1
730 737 1
730 747 1
730 758 1
730 759 1
730 783 1
730 798 1
731 759 1
731 784 1
731 791 1
731 800 1
732 734 1
732 744 1
732 760 1
733 738 1
733 740 1
733 757 1
733 760 1
734 748 1
734 769 1
734 777 1
734 787 1
734 794 1
734 795 1
734 800 1
735 748 1
735 751 1
735 770 1
735 772 1
735 786 1
735 793 1
736 758 1
736 769 1
736 776 1
736 784 1
736 790 1
736 798 1
737 747 1
737 771 1
737 776 1
737 782 1
737 790 1
738 768 1
739 741 1
739 759 1
740 800 1
741 743 1
741 755 1
741 783 1
741 789 1
741 791 1
742 782 1
742 788 1
742 794 1
742 798 1
743 746 1
743 761 1
743 768 1
743 799 1
744 782 1
744 790 1
745 747 1
745 767 1
745 785 1
746 755 1
746 763 1
746 774 1
746 783 1
746 798 1
747 788 1
747 790 1
748 750 1
748 777 1
748 791 1
749 759 1
749 764 1
749 775 1
749 789 1
749 793 1
750 763 1
750 766 1
750 790 1
751 755 1
751 776 1
751 796 1
752 757 1
752 797 1
753 760 1
753 768 1
753 773 1
753 793 1
754 762 1
754 773 1
755 764 1
756 791 1
756 794 1
756 796 1
756 799 1
757 758 1
757 765 1
757 777 1
757 791 1
758 772 1
758 781 1
758 784 1
758 788 1
758 796 1
759 786 1
759 793 1
760 793 1
760 794 1
761 765 1
761 798 1
762 778 1
762 791 1
763 771 1
763 784 1
763 788 1
763 794 1
764 770 1
764 800 1
765 770 1
765 772 1
765 774 1
765 787 1
766 783 1
767 797 1
768 782 1
769 770 1
769 775 1
769 783 1
769 787 1
771 773 1
771 791 1
771 793 1
771 794 1
772 784 1
773 790 1
774 795 1
775 781 1
777 789 1
777 794 1
777 800 1
778 779 1
778 783 1
779 783 1
779 800 1
780 785 1
780 787 1
780 795 1
780 800 1
781 788 1
782 787 1
782 791 1
782 799 1
783 800 1
784 795 1
784 800 1
787 788 1
787 797 1
791 795 1
793 795 1
796 798 1
798 800 1
