2000 50064
1 113 1
1 171 1
1 250 1
1 258 1
1 347 1
1 354 1
1 378 1
1 403 1
1 420 1
1 496 1
1 507 1
1 509 1
1 577 1
1 655 1
1 707 1
1 761 1
1 778 1
1 840 1
1 845 1
1 896 1
1 997 1
1 1028 1
1 1062 1
1 1171 1
1 1227 1
1 1317 1
1 1324 1
1 1338 1
1 1343 1
1 1347 1
1 1356 1
1 1390 1
1 1415 1
1 1451 1
1 1491 1
1 1510 1
1 1534 1
1 1558 1
1 1563 1
1 1567 1
1 1640 1
1 1641 1
1 1704 1
1 1741 1
1 1742 1
1 1744 1
1 1749 1
1 1762 1
1 1788 1
1 1858 1
2 4 1
2 36 1
2 57 1
2 82 1
2 91 1
2 104 1
2 126 1
2 132 1
2 212 1
2 253 1
2 269 1
2 324 1
2 337 1
2 347 1
2 351 1
2 380 1
2 411 1
2 416 1
2 516 1
2 520 1
2 543 1
2 566 1
2 600 1
2 655 1
2 676 1
2 733 1
2 933 1
2 1119 1
2 1124 1
2 1200 1
2 1209 1
2 1249 1
2 1250 1
2 1281 1
2 1291 1
2 1292 1
2 1294 1
2 1331 1
2 1353 1
2 1355 1
2 1404 1
2 1464 1
2 1499 1
2 1556 1
2 1561 1
2 1576 1
2 1597 1
2 1662 1
2 1698 1
2 1708 1
2 1723 1
2 1733 1
2 1797 1
2 1873 1
2 1917 1
2 1925 1
2 1947 1
2 1956 1
2 1968 1
3 74 1
3 82 1
3 124 1
3 133 1
3 172 1
3 214 1
3 284 1
3 328 1
3 330 1
3 343 1
3 347 1
3 376 1
3 378 1
3 412 1
3 436 1
3 447 1
3 448 1
3 478 1
3 482 1
3 501 1
3 523 1
3 530 1
3 541 1
3 839 1
3 908 1
3 930 1
3 945 1
3 1022 1
3 1040 1
3 1069 1
3 1177 1
3 1188 1
3 1197 1
3 1228 1
3 1306 1
3 1355 1
3 1400 1
3 1415 1
3 1461 1
3 1645 1
3 1696 1
3 1726 1
3 1752 1
3 1800 1
3 1868 1
3 1958 1
3 1991 1
4 164 1
4 188 1
4 189 1
4 209 1
4 238 1
4 246 1
4 284 1
4 295 1
4 298 1
4 341 1
4 351 1
4 398 1
4 408 1
4 433 1
4 466 1
4 482 1
4 490 1
4 547 1
4 557 1
4 642 1
4 659 1
4 663 1
4 699 1
4 784 1
4 795 1
4 822 1
4 906 1
4 966 1
4 993 1
4 1008 1
4 1118 1
4 1172 1
4 1219 1
4 1287 1
4 1344 1
4 1346 1
4 1358 1
4 1459 1
4 1480 1
4 1495 1
4 1506 1
4 1515 1
4 1540 1
4 1556 1
4 1588 1
4 1601 1
4 1603 1
4 1723 1
4 1810 1
4 1922 1
5 81 1
5 103 1
5 190 1
5 193 1
5 227 1
5 261 1
5 358 1
5 381 1
5 398 1
5 402 1
5 460 1
5 557 1
5 563 1
5 577 1
5 605 1
5 630 1
5 641 1
5 679 1
5 744 1
5 777 1
5 796 1
5 831 1
5 888 1
5 908 1
5 912 1
5 960 1
5 984 1
5 1009 1
5 1018 1
5 1035 1
5 1060 1
5 1120 1
5 1234 1
5 1277 1
5 1323 1
5 1326 1
5 1354 1
5 1356 1
5 1381 1
5 1396 1
5 1428 1
5 1540 1
5 1564 1
5 1597 1
5 1622 1
5 1650 1
5 1691 1
5 1841 1
5 1874 1
5 1931 1
6 20 1
6 47 1
6 77 1
6 99 1
6 116 1
6 138 1
6 164 1
6 186 1
6 193 1
6 478 1
6 485 1
6 494 1
6 599 1
6 658 1
6 683 1
6 835 1
6 994 1
6 1020 1
6 1080 1
6 1109 1
6 1129 1
6 1151 1
6 1221 1
6 1227 1
6 1268 1
6 1345 1
6 1352 1
6 1360 1
6 1401 1
6 1449 1
6 1473 1
6 1578 1
6 1658 1
6 1666 1
6 1668 1
6 1759 1
6 1804 1
6 1860 1
6 1861 1
6 1900 1
7 116 1
7 133 1
7 161 1
7 164 1
7 184 1
7 187 1
7 238 1
7 347 1
7 409 1
7 490 1
7 504 1
7 565 1
7 568 1
7 582 1
7 585 1
7 617 1
7 642 1
7 689 1
7 704 1
7 716 1
7 755 1
7 799 1
7 916 1
7 920 1
7 937 1
7 994 1
7 1057 1
7 1105 1
7 1106 1
7 1154 1
7 1232 1
7 1239 1
7 1240 1
7 1278 1
7 1315 1
7 1327 1
7 1345 1
7 1362 1
7 1364 1
7 1366 1
7 1470 1
7 1491 1
7 1580 1
7 1595 1
7 1607 1
7 1663 1
7 1666 1
7 1674 1
7 1698 1
7 1736 1
7 1783 1
7 1840 1
7 1875 1
7 1889 1
7 1905 1
7 1915 1
7 1917 1
8 23 1
8 29 1
8 86 1
8 99 1
8 108 1
8 110 1
8 129 1
8 133 1
8 209 1
8 216 1
8 289 1
8 328 1
8 355 1
8 423 1
8 440 1
8 472 1
8 512 1
8 577 1
8 599 1
8 624 1
8 811 1
8 831 1
8 855 1
8 864 1
8 873 1
8 917 1
8 932 1
8 952 1
8 965 1
8 971 1
8 992 1
8 996 1
8 1020 1
8 1152 1
8 1169 1
8 1342 1
8 1361 1
8 1407 1
8 1423 1
8 1447 1
8 1451 1
8 1531 1
8 1538 1
8 1544 1
8 1607 1
8 1620 1
8 1690 1
8 1719 1
8 1722 1
8 1724 1
8 1752 1
8 1757 1
8 1766 1
8 1778 1
8 1784 1
8 1800 1
8 1821 1
8 1838 1
8 1887 1
8 1920 1
8 1930 1
8 1934 1
8 1978 1
8 1981 1
9 40 1
9 50 1
9 76 1
9 95 1
9 99 1
9 146 1
9 151 1
9 187 1
9 235 1
9 258 1
9 276 1
9 328 1
9 373 1
9 376 1
9 457 1
9 529 1
9 540 1
9 553 1
9 582 1
9 676 1
9 680 1
9 717 1
9 779 1
9 871 1
9 886 1
9 922 1
9 1019 1
9 1020 1
9 1051 1
9 1061 1
9 1071 1
9 1165 1
9 1237 1
9 1243 1
9 1349 1
9 1410 1
9 1496 1
9 1518 1
9 1545 1
9 1547 1
9 1626 1
9 1643 1
9 1646 1
9 1681 1
9 1699 1
9 1751 1
9 1799 1
9 1953 1
9 1969 1
10 15 1
10 18 1
10 193 1
10 340 1
10 369 1
10 404 1
10 411 1
10 460 1
10 461 1
10 476 1
10 577 1
10 691 1
10 714 1
10 738 1
10 759 1
10 791 1
10 806 1
10 817 1
10 898 1
10 952 1
10 962 1
10 999 1
10 1010 1
10 1025 1
10 1037 1
10 1047 1
10 1059 1
10 1123 1
10 1133 1
10 1143 1
10 1184 1
10 1191 1
10 1222 1
10 1225 1
10 1330 1
10 1332 1
10 1364 1
10 1401 1
10 1409 1
10 1477 1
10 1502 1
10 1530 1
10 1599 1
10 1600 1
10 1613 1
10 1634 1
10 1647 1
10 1666 1
10 1679 1
10 1684 1
10 1707 1
10 1780 1
10 1825 1
10 1834 1
10 1854 1
10 1877 1
10 1905 1
10 1961 1
10 1994 1
10 1997 1
11 31 1
11 40 1
11 84 1
11 113 1
11 124 1
11 136 1
11 318 1
11 322 1
11 388 1
11 396 1
11 516 1
11 585 1
11 780 1
11 803 1
11 805 1
11 846 1
11 894 1
11 909 1
11 1003 1
11 1032 1
11 1045 1
11 1081 1
11 1176 1
11 1196 1
11 1198 1
11 1222 1
11 1275 1
11 1370 1
11 1398 1
11 1414 1
11 1446 1
11 1455 1
11 1463 1
11 1542 1
11 1555 1
11 1623 1
11 1625 1
11 1642 1
11 1649 1
11 1687 1
11 1695 1
11 1703 1
11 1771 1
11 1800 1
11 1817 1
11 1844 1
11 1891 1
11 1902 1
11 1910 1
12 48 1
12 89 1
12 92 1
12 128 1
12 159 1
12 166 1
12 178 1
12 237 1
12 258 1
12 370 1
12 481 1
12 521 1
12 575 1
12 619 1
12 649 1
12 720 1
12 741 1
12 744 1
12 755 1
12 776 1
12 807 1
12 847 1
12 850 1
12 856 1
12 869 1
12 912 1
12 957 1
12 975 1
12 988 1
12 1029 1
12 1057 1
12 1076 1
12 1132 1
12 1162 1
12 1202 1
12 1261 1
12 1283 1
12 1291 1
12 1318 1
12 1381 1
12 1394 1
12 1426 1
12 1427 1
12 1429 1
12 1473 1
12 1478 1
12 1490 1
12 1601 1
12 1645 1
12 1677 1
12 1694 1
12 1755 1
12 1772 1
12 1811 1
12 1844 1
12 1849 1
12 1866 1
12 1968 1
12 1993 1
13 106 1
13 162 1
13 197 1
13 254 1
13 302 1
13 304 1
13 335 1
13 387 1
13 425 1
13 445 1
13 453 1
13 548 1
13 590 1
13 610 1
13 660 1
13 750 1
13 784 1
13 815 1
13 823 1
13 844 1
13 847 1
13 858 1
13 898 1
13 955 1
13 956 1
13 966 1
13 979 1
13 984 1
13 1062 1
13 1083 1
13 1192 1
13 1236 1
13 1272 1
13 1305 1
13 1362 1
13 1481 1
13 1535 1
13 1554 1
13 1560 1
13 1582 1
13 1591 1
13 1615 1
13 1642 1
13 1668 1
13 1782 1
13 1836 1
13 1844 1
13 1940 1
13 1942 1
13 1956 1
14 23 1
14 53 1
14 56 1
14 61 1
14 71 1
14 125 1
14 126 1
14 165 1
14 208 1
14 219 1
14 273 1
14 283 1
14 290 1
14 339 1
14 351 1
14 375 1
14 391 1
14 471 1
14 480 1
14 494 1
14 620 1
14 639 1
14 747 1
14 764 1
14 791 1
14 801 1
14 865 1
14 867 1
14 907 1
14 972 1
14 1040 1
14 1093 1
14 1106 1
14 1204 1
14 1407 1
14 1408 1
14 1453 1
14 1470 1
14 1534 1
14 1588 1
14 1596 1
14 1696 1
14 1709 1
14 1724 1
14 1781 1
14 1789 1
14 1793 1
14 1832 1
14 1842 1
14 1844 1
14 1961 1
15 21 1
15 55 1
15 66 1
15 73 1
15 122 1
15 182 1
15 219 1
15 297 1
15 324 1
15 369 1
15 385 1
15 443 1
15 507 1
15 552 1
15 558 1
15 589 1
15 604 1
15 653 1
15 771 1
15 777 1
15 802 1
15 807 1
15 846 1
15 872 1
15 914 1
15 958 1
15 1014 1
15 1022 1
15 1069 1
15 1108 1
15 1113 1
15 1218 1
15 1265 1
15 1271 1
15 1293 1
15 1309 1
15 1310 1
15 1315 1
15 1346 1
15 1352 1
15 1392 1
15 1417 1
15 1424 1
15 1427 1
15 1497 1
15 1587 1
15 1687 1
15 1742 1
15 1773 1
15 1799 1
15 1861 1
15 1965 1
16 101 1
16 113 1
16 125 1
16 137 1
16 212 1
16 261 1
16 309 1
16 317 1
16 326 1
16 403 1
16 446 1
16 451 1
16 456 1
16 466 1
16 503 1
16 525 1
16 579 1
16 591 1
16 643 1
16 653 1
16 720 1
16 778 1
16 805 1
16 814 1
16 878 1
16 880 1
16 888 1
16 1061 1
16 1083 1
16 1116 1
16 1136 1
16 1155 1
16 1160 1
16 1309 1
16 1357 1
16 1397 1
16 1448 1
16 1542 1
16 1590 1
16 1639 1
16 1640 1
16 1801 1
16 1858 1
16 1879 1
16 1954 1
16 1996 1
17 105 1
17 121 1
17 149 1
17 156 1
17 181 1
17 342 1
17 418 1
17 429 1
17 503 1
17 546 1
17 565 1
17 610 1
17 625 1
17 661 1
17 797 1
17 836 1
17 924 1
17 1004 1
17 1032 1
17 1064 1
17 1067 1
17 1110 1
17 1135 1
17 1140 1
17 1272 1
17 1307 1
17 1324 1
17 1363 1
17 1547 1
17 1553 1
17 1594 1
17 1599 1
17 1653 1
17 1660 1
17 1678 1
17 1712 1
17 1830 1
17 1868 1
17 1879 1
17 1883 1
17 1913 1
17 1915 1
17 1960 1
18 66 1
18 84 1
18 128 1
18 141 1
18 177 1
18 247 1
18 261 1
18 397 1
18 457 1
18 468 1
18 507 1
18 665 1
18 720 1
18 729 1
18 740 1
18 743 1
18 785 1
18 821 1
18 826 1
18 863 1
18 909 1
18 924 1
18 990 1
18 1005 1
18 1023 1
18 1062 1
18 1066 1
18 1079 1
18 1132 1
18 1195 1
18 1204 1
18 1307 1
18 1324 1
18 1345 1
18 1367 1
18 1374 1
18 1390 1
18 1472 1
18 1514 1
18 1541 1
18 1566 1
18 1615 1
18 1675 1
18 1699 1
18 1733 1
18 1743 1
18 1808 1
18 1841 1
18 1880 1
18 1883 1
18 1906 1
18 1911 1
19 20 1
19 52 1
19 54 1
19 166 1
19 168 1
19 217 1
19 312 1
19 325 1
19 326 1
19 351 1
19 362 1
19 378 1
19 495 1
19 503 1
19 516 1
19 532 1
19 614 1
19 712 1
19 775 1
19 796 1
19 798 1
19 823 1
19 893 1
19 973 1
19 989 1
19 993 1
19 1002 1
19 1013 1
19 1089 1
19 1123 1
19 1141 1
19 1162 1
19 1284 1
19 1323 1
19 1360 1
19 1371 1
19 1431 1
19 1532 1
19 1559 1
19 1596 1
19 1616 1
19 1660 1
19 1735 1
19 1766 1
19 1781 1
19 1785 1
19 1795 1
19 1814 1
19 1827 1
19 1836 1
19 1854 1
19 1872 1
19 1882 1
19 1904 1
20 36 1
20 51 1
20 310 1
20 343 1
20 435 1
20 489 1
20 492 1
20 496 1
20 547 1
20 560 1
20 576 1
20 678 1
20 743 1
20 767 1
20 774 1
20 834 1
20 884 1
20 896 1
20 943 1
20 967 1
20 1140 1
20 1147 1
20 1190 1
20 1202 1
20 1221 1
20 1230 1
20 1255 1
20 1258 1
20 1282 1
20 1365 1
20 1369 1
20 1487 1
20 1510 1
20 1584 1
20 1597 1
20 1724 1
20 1760 1
20 1776 1
20 1802 1
20 1828 1
20 1889 1
20 1899 1
20 1931 1
20 1991 1
21 68 1
21 95 1
21 133 1
21 152 1
21 166 1
21 171 1
21 229 1
21 285 1
21 359 1
21 441 1
21 444 1
21 473 1
21 630 1
21 713 1
21 758 1
21 780 1
21 790 1
21 806 1
21 878 1
21 881 1
21 932 1
21 976 1
21 998 1
21 1047 1
21 1065 1
21 1078 1
21 1082 1
21 1140 1
21 1184 1
21 1209 1
21 1214 1
21 1242 1
21 1268 1
21 1271 1
21 1506 1
21 1535 1
21 1540 1
21 1546 1
21 1564 1
21 1620 1
21 1647 1
21 1677 1
21 1729 1
21 1805 1
21 1819 1
21 1838 1
21 1842 1
22 117 1
22 131 1
22 140 1
22 172 1
22 240 1
22 253 1
22 405 1
22 482 1
22 493 1
22 527 1
22 573 1
22 585 1
22 625 1
22 700 1
22 751 1
22 760 1
22 789 1
22 848 1
22 942 1
22 963 1
22 966 1
22 971 1
22 1006 1
22 1132 1
22 1150 1
22 1181 1
22 1216 1
22 1247 1
22 1260 1
22 1267 1
22 1314 1
22 1384 1
22 1394 1
22 1425 1
22 1456 1
22 1485 1
22 1487 1
22 1494 1
22 1544 1
22 1548 1
22 1602 1
22 1651 1
22 1673 1
22 1750 1
22 1762 1
22 1779 1
22 1791 1
22 1903 1
22 1921 1
22 1979 1
22 1993 1
23 86 1
23 121 1
23 126 1
23 174 1
23 203 1
23 290 1
23 320 1
23 339 1
23 485 1
23 560 1
23 581 1
23 621 1
23 627 1
23 640 1
23 730 1
23 789 1
23 803 1
23 877 1
23 879 1
23 938 1
23 940 1
23 1047 1
23 1048 1
23 1067 1
23 1073 1
23 1094 1
23 1134 1
23 1139 1
23 1149 1
23 1188 1
23 1262 1
23 1313 1
23 1351 1
23 1371 1
23 1393 1
23 1469 1
23 1482 1
23 1533 1
23 1548 1
23 1581 1
23 1645 1
23 1705 1
23 1730 1
23 1793 1
23 1804 1
23 1849 1
23 1931 1
24 25 1
24 77 1
24 85 1
24 86 1
24 101 1
24 372 1
24 404 1
24 430 1
24 531 1
24 533 1
24 582 1
24 594 1
24 606 1
24 711 1
24 796 1
24 806 1
24 871 1
24 896 1
24 953 1
24 954 1
24 987 1
24 1023 1
24 1034 1
24 1165 1
24 1223 1
24 1233 1
24 1252 1
24 1319 1
24 1346 1
24 1435 1
24 1441 1
24 1457 1
24 1490 1
24 1495 1
24 1589 1
24 1603 1
24 1607 1
24 1626 1
24 1652 1
24 1709 1
24 1730 1
24 1775 1
24 1796 1
24 1825 1
24 1839 1
24 1873 1
24 1903 1
24 1921 1
25 113 1
25 122 1
25 128 1
25 162 1
25 167 1
25 196 1
25 206 1
25 269 1
25 328 1
25 340 1
25 354 1
25 374 1
25 387 1
25 417 1
25 468 1
25 515 1
25 630 1
25 671 1
25 751 1
25 778 1
25 810 1
25 811 1
25 835 1
25 882 1
25 905 1
25 946 1
25 952 1
25 969 1
25 997 1
25 1028 1
25 1038 1
25 1059 1
25 1112 1
25 1131 1
25 1191 1
25 1209 1
25 1260 1
25 1275 1
25 1301 1
25 1347 1
25 1420 1
25 1422 1
25 1441 1
25 1467 1
25 1469 1
25 1507 1
25 1518 1
25 1524 1
25 1574 1
25 1610 1
25 1651 1
25 1657 1
25 1670 1
25 1682 1
25 1721 1
25 1745 1
25 1759 1
25 1793 1
25 1839 1
25 1846 1
25 1884 1
25 1897 1
25 1909 1
25 1979 1
26 69 1
26 73 1
26 83 1
26 170 1
26 182 1
26 204 1
26 290 1
26 454 1
26 487 1
26 494 1
26 516 1
26 534 1
26 589 1
26 595 1
26 608 1
26 615 1
26 623 1
26 684 1
26 690 1
26 709 1
26 722 1
26 824 1
26 847 1
26 869 1
26 871 1
26 928 1
26 936 1
26 938 1
26 960 1
26 1041 1
26 1060 1
26 1115 1
26 1172 1
26 1182 1
26 1186 1
26 1200 1
26 1272 1
26 1291 1
26 1383 1
26 1420 1
26 1498 1
26 1552 1
26 1559 1
26 1578 1
26 1602 1
26 1622 1
26 1676 1
26 1679 1
26 1697 1
26 1714 1
26 1739 1
26 1758 1
26 1774 1
26 1782 1
26 1841 1
26 1867 1
26 1875 1
26 1878 1
26 1897 1
26 1922 1
26 1972 1
27 28 1
27 29 1
27 76 1
27 120 1
27 129 1
27 133 1
27 322 1
27 367 1
27 372 1
27 381 1
27 394 1
27 424 1
27 425 1
27 430 1
27 436 1
27 442 1
27 456 1
27 462 1
27 478 1
27 528 1
27 649 1
27 752 1
27 865 1
27 957 1
27 995 1
27 1004 1
27 1037 1
27 1052 1
27 1099 1
27 1122 1
27 1128 1
27 1195 1
27 1200 1
27 1210 1
27 1226 1
27 1244 1
27 1312 1
27 1397 1
27 1441 1
27 1458 1
27 1471 1
27 1540 1
27 1604 1
27 1647 1
27 1677 1
27 1714 1
27 1720 1
27 1817 1
27 1835 1
27 1849 1
27 1974 1
28 44 1
28 62 1
28 83 1
28 146 1
28 168 1
28 291 1
28 309 1
28 316 1
28 340 1
28 356 1
28 394 1
28 626 1
28 686 1
28 704 1
28 744 1
28 815 1
28 856 1
28 911 1
28 957 1
28 1034 1
28 1036 1
28 1077 1
28 1118 1
28 1245 1
28 1308 1
28 1326 1
28 1332 1
28 1341 1
28 1400 1
28 1529 1
28 1594 1
28 1614 1
28 1618 1
28 1620 1
28 1644 1
28 1701 1
28 1758 1
28 1836 1
28 1872 1
29 73 1
29 95 1
29 115 1
29 237 1
29 240 1
29 242 1
29 295 1
29 334 1
29 336 1
29 366 1
29 371 1
29 372 1
29 386 1
29 408 1
29 419 1
29 443 1
29 518 1
29 531 1
29 643 1
29 712 1
29 737 1
29 773 1
29 885 1
29 935 1
29 1093 1
29 1110 1
29 1121 1
29 1126 1
29 1127 1
29 1141 1
29 1170 1
29 1181 1
29 1203 1
29 1235 1
29 1247 1
29 1274 1
29 1276 1
29 1279 1
29 1333 1
29 1376 1
29 1468 1
29 1489 1
29 1532 1
29 1586 1
29 1664 1
29 1706 1
29 1739 1
29 1872 1
29 1912 1
29 1926 1
29 1995 1
30 55 1
30 81 1
30 90 1
30 146 1
30 150 1
30 180 1
30 334 1
30 421 1
30 466 1
30 582 1
30 588 1
30 624 1
30 638 1
30 646 1
30 650 1
30 678 1
30 679 1
30 716 1
30 758 1
30 796 1
30 802 1
30 895 1
30 917 1
30 964 1
30 1014 1
30 1047 1
30 1053 1
30 1062 1
30 1069 1
30 1103 1
30 1154 1
30 1194 1
30 1206 1
30 1223 1
30 1246 1
30 1267 1
30 1284 1
30 1317 1
30 1369 1
30 1402 1
30 1431 1
30 1451 1
30 1487 1
30 1546 1
30 1548 1
30 1711 1
30 1853 1
30 1924 1
30 1982 1
31 33 1
31 34 1
31 39 1
31 121 1
31 229 1
31 258 1
31 293 1
31 335 1
31 341 1
31 348 1
31 392 1
31 399 1
31 448 1
31 450 1
31 509 1
31 526 1
31 643 1
31 668 1
31 689 1
31 719 1
31 734 1
31 851 1
31 854 1
31 887 1
31 985 1
31 1020 1
31 1022 1
31 1035 1
31 1052 1
31 1103 1
31 1141 1
31 1145 1
31 1200 1
31 1257 1
31 1338 1
31 1384 1
31 1397 1
31 1419 1
31 1553 1
31 1672 1
31 1681 1
31 1741 1
31 1744 1
31 1759 1
31 1774 1
31 1784 1
31 1795 1
31 1868 1
31 1940 1
31 1954 1
31 1989 1
32 103 1
32 105 1
32 128 1
32 130 1
32 132 1
32 150 1
32 194 1
32 220 1
32 232 1
32 239 1
32 250 1
32 278 1
32 349 1
32 376 1
32 407 1
32 529 1
32 536 1
32 559 1
32 576 1
32 610 1
32 620 1
32 689 1
32 695 1
32 729 1
32 734 1
32 800 1
32 807 1
32 871 1
32 962 1
32 1163 1
32 1181 1
32 1186 1
32 1244 1
32 1256 1
32 1287 1
32 1357 1
32 1368 1
32 1421 1
32 1505 1
32 1514 1
32 1536 1
32 1541 1
32 1617 1
32 1680 1
32 1701 1
32 1717 1
32 1723 1
32 1740 1
32 1793 1
32 1899 1
32 1977 1
32 1985 1
33 67 1
33 129 1
33 135 1
33 140 1
33 222 1
33 237 1
33 239 1
33 270 1
33 288 1
33 306 1
33 322 1
33 342 1
33 363 1
33 373 1
33 409 1
33 412 1
33 434 1
33 453 1
33 519 1
33 536 1
33 617 1
33 657 1
33 695 1
33 720 1
33 737 1
33 769 1
33 784 1
33 789 1
33 903 1
33 934 1
33 965 1
33 972 1
33 1033 1
33 1052 1
33 1085 1
33 1123 1
33 1166 1
33 1188 1
33 1235 1
33 1238 1
33 1289 1
33 1305 1
33 1323 1
33 1358 1
33 1409 1
33 1420 1
33 1448 1
33 1474 1
33 1511 1
33 1548 1
33 1557 1
33 1562 1
33 1567 1
33 1584 1
33 1598 1
33 1642 1
33 1674 1
33 1718 1
33 1770 1
33 1773 1
33 1791 1
33 1819 1
33 1915 1
33 1964 1
33 1974 1
33 1992 1
34 45 1
34 109 1
34 145 1
34 280 1
34 284 1
34 323 1
34 511 1
34 561 1
34 633 1
34 682 1
34 734 1
34 742 1
34 775 1
34 903 1
34 911 1
34 929 1
34 954 1
34 991 1
34 1037 1
34 1056 1
34 1125 1
34 1153 1
34 1169 1
34 1219 1
34 1283 1
34 1320 1
34 1328 1
34 1336 1
34 1346 1
34 1441 1
34 1445 1
34 1484 1
34 1491 1
34 1526 1
34 1545 1
34 1635 1
34 1656 1
34 1715 1
34 1732 1
34 1741 1
34 1752 1
34 1785 1
34 1805 1
34 1885 1
34 1944 1
35 48 1
35 54 1
35 79 1
35 91 1
35 137 1
35 176 1
35 205 1
35 210 1
35 270 1
35 277 1
35 307 1
35 324 1
35 345 1
35 383 1
35 413 1
35 458 1
35 577 1
35 586 1
35 591 1
35 625 1
35 634 1
35 643 1
35 684 1
35 732 1
35 830 1
35 861 1
35 863 1
35 870 1
35 889 1
35 920 1
35 937 1
35 989 1
35 991 1
35 1093 1
35 1174 1
35 1198 1
35 1239 1
35 1314 1
35 1342 1
35 1412 1
35 1458 1
35 1475 1
35 1483 1
35 1507 1
35 1595 1
35 1596 1
35 1632 1
35 1697 1
35 1770 1
35 1791 1
35 1860 1
35 1890 1
36 43 1
36 70 1
36 170 1
36 218 1
36 325 1
36 336 1
36 370 1
36 391 1
36 395 1
36 421 1
36 426 1
36 457 1
36 496 1
36 546 1
36 575 1
36 583 1
36 586 1
36 595 1
36 623 1
36 668 1
36 696 1
36 697 1
36 774 1
36 818 1
36 827 1
36 896 1
36 899 1
36 971 1
36 1088 1
36 1115 1
36 1175 1
36 1193 1
36 1267 1
36 1270 1
36 1287 1
36 1289 1
36 1292 1
36 1307 1
36 1317 1
36 1372 1
36 1407 1
36 1449 1
36 1452 1
36 1503 1
36 1551 1
36 1554 1
36 1735 1
36 1786 1
36 1812 1
36 1885 1
36 1901 1
36 1936 1
36 1965 1
36 1981 1
37 42 1
37 72 1
37 75 1
37 118 1
37 158 1
37 160 1
37 180 1
37 259 1
37 261 1
37 362 1
37 411 1
37 423 1
37 463 1
37 472 1
37 482 1
37 485 1
37 570 1
37 599 1
37 623 1
37 639 1
37 658 1
37 680 1
37 689 1
37 693 1
37 820 1
37 828 1
37 832 1
37 880 1
37 881 1
37 893 1
37 916 1
37 949 1
37 985 1
37 992 1
37 1053 1
37 1075 1
37 1093 1
37 1129 1
37 1140 1
37 1212 1
37 1274 1
37 1295 1
37 1342 1
37 1416 1
37 1437 1
37 1479 1
37 1480 1
37 1560 1
37 1573 1
37 1600 1
37 1618 1
37 1752 1
37 1788 1
37 1829 1
37 1899 1
37 1954 1
37 1971 1
38 108 1
38 119 1
38 150 1
38 186 1
38 222 1
38 247 1
38 251 1
38 273 1
38 296 1
38 377 1
38 379 1
38 412 1
38 419 1
38 451 1
38 478 1
38 483 1
38 553 1
38 571 1
38 688 1
38 783 1
38 845 1
38 858 1
38 866 1
38 881 1
38 938 1
38 969 1
38 979 1
38 1006 1
38 1008 1
38 1018 1
38 1060 1
38 1100 1
38 1116 1
38 1134 1
38 1172 1
38 1178 1
38 1250 1
38 1294 1
38 1316 1
38 1328 1
38 1375 1
38 1411 1
38 1428 1
38 1437 1
38 1492 1
38 1528 1
38 1568 1
38 1576 1
38 1598 1
38 1734 1
38 1789 1
38 1847 1
38 1904 1
38 1915 1
38 1933 1
38 1955 1
38 1971 1
39 45 1
39 157 1
39 206 1
39 332 1
39 385 1
39 412 1
39 432 1
39 500 1
39 619 1
39 640 1
39 699 1
39 773 1
39 792 1
39 874 1
39 939 1
39 985 1
39 1001 1
39 1056 1
39 1182 1
39 1194 1
39 1232 1
39 1329 1
39 1365 1
39 1446 1
39 1515 1
39 1575 1
39 1717 1
39 1795 1
39 1938 1
39 1972 1
40 60 1
40 198 1
40 251 1
40 262 1
40 286 1
40 300 1
40 351 1
40 399 1
40 413 1
40 420 1
40 582 1
40 588 1
40 650 1
40 677 1
40 695 1
40 768 1
40 915 1
40 922 1
40 975 1
40 986 1
40 1064 1
40 1070 1
40 1116 1
40 1144 1
40 1153 1
40 1163 1
40 1172 1
40 1176 1
40 1216 1
40 1237 1
40 1246 1
40 1318 1
40 1449 1
40 1506 1
40 1517 1
40 1525 1
40 1625 1
40 1651 1
40 1655 1
40 1690 1
40 1696 1
40 1857 1
40 1872 1
40 1896 1
40 1924 1
40 1963 1
40 1971 1
41 49 1
41 305 1
41 310 1
41 373 1
41 405 1
41 516 1
41 519 1
41 550 1
41 618 1
41 653 1
41 668 1
41 693 1
41 695 1
41 745 1
41 809 1
41 903 1
41 923 1
41 1031 1
41 1058 1
41 1076 1
41 1079 1
41 1105 1
41 1135 1
41 1242 1
41 1309 1
41 1389 1
41 1501 1
41 1508 1
41 1522 1
41 1550 1
41 1607 1
41 1632 1
41 1656 1
41 1686 1
41 1799 1
41 1810 1
41 1831 1
41 1842 1
41 1911 1
41 1914 1
41 1922 1
41 1934 1
41 1949 1
41 1971 1
42 79 1
42 92 1
42 118 1
42 160 1
42 164 1
42 254 1
42 272 1
42 280 1
42 287 1
42 352 1
42 371 1
42 413 1
42 489 1
42 564 1
42 598 1
42 611 1
42 622 1
42 661 1
42 741 1
42 830 1
42 834 1
42 841 1
42 908 1
42 981 1
42 1009 1
42 1092 1
42 1117 1
42 1166 1
42 1176 1
42 1213 1
42 1226 1
42 1250 1
42 1307 1
42 1312 1
42 1353 1
42 1383 1
42 1402 1
42 1438 1
42 1461 1
42 1508 1
42 1512 1
42 1519 1
42 1538 1
42 1539 1
42 1550 1
42 1629 1
42 1633 1
42 1702 1
42 1839 1
42 1945 1
42 1946 1
42 1992 1
43 75 1
43 85 1
43 171 1
43 206 1
43 334 1
43 342 1
43 387 1
43 388 1
43 435 1
43 449 1
43 456 1
43 485 1
43 534 1
43 578 1
43 610 1
43 619 1
43 702 1
43 757 1
43 802 1
43 854 1
43 862 1
43 885 1
43 897 1
43 917 1
43 935 1
43 937 1
43 941 1
43 1131 1
43 1170 1
43 1249 1
43 1255 1
43 1381 1
43 1405 1
43 1418 1
43 1475 1
43 1514 1
43 1517 1
43 1524 1
43 1597 1
43 1644 1
43 1707 1
43 1740 1
43 1786 1
43 1831 1
43 1889 1
43 2000 1
44 74 1
44 99 1
44 133 1
44 166 1
44 199 1
44 230 1
44 249 1
44 251 1
44 259 1
44 285 1
44 358 1
44 398 1
44 418 1
44 447 1
44 575 1
44 596 1
44 612 1
44 701 1
44 717 1
44 721 1
44 893 1
44 928 1
44 953 1
44 954 1
44 973 1
44 981 1
44 1170 1
44 1185 1
44 1188 1
44 1201 1
44 1214 1
44 1226 1
44 1341 1
44 1348 1
44 1367 1
44 1393 1
44 1413 1
44 1467 1
44 1502 1
44 1518 1
44 1521 1
44 1596 1
44 1600 1
44 1675 1
44 1677 1
44 1729 1
44 1732 1
44 1736 1
44 1769 1
44 1770 1
44 1786 1
44 1787 1
44 1792 1
45 54 1
45 57 1
45 62 1
45 81 1
45 90 1
45 189 1
45 223 1
45 278 1
45 385 1
45 415 1
45 416 1
45 444 1
45 446 1
45 456 1
45 458 1
45 515 1
45 597 1
45 608 1
45 684 1
45 730 1
45 735 1
45 765 1
45 847 1
45 877 1
45 907 1
45 934 1
45 1023 1
45 1118 1
45 1147 1
45 1148 1
45 1190 1
45 1193 1
45 1231 1
45 1263 1
45 1346 1
45 1370 1
45 1437 1
45 1489 1
45 1510 1
45 1513 1
45 1538 1
45 1552 1
45 1580 1
45 1673 1
45 1775 1
45 1777 1
45 1935 1
46 109 1
46 135 1
46 163 1
46 277 1
46 496 1
46 499 1
46 520 1
46 588 1
46 617 1
46 701 1
46 766 1
46 844 1
46 965 1
46 991 1
46 1046 1
46 1088 1
46 1095 1
46 1103 1
46 1154 1
46 1176 1
46 1258 1
46 1306 1
46 1369 1
46 1458 1
46 1461 1
46 1491 1
46 1554 1
46 1571 1
46 1664 1
46 1679 1
46 1708 1
46 1790 1
46 1806 1
46 1859 1
46 1870 1
46 1887 1
46 1949 1
46 1981 1
47 82 1
47 86 1
47 99 1
47 136 1
47 174 1
47 218 1
47 219 1
47 240 1
47 279 1
47 346 1
47 397 1
47 398 1
47 411 1
47 540 1
47 561 1
47 564 1
47 581 1
47 609 1
47 641 1
47 666 1
47 673 1
47 732 1
47 817 1
47 828 1
47 848 1
47 917 1
47 952 1
47 1005 1
47 1021 1
47 1027 1
47 1085 1
47 1098 1
47 1126 1
47 1133 1
47 1136 1
47 1163 1
47 1165 1
47 1169 1
47 1223 1
47 1535 1
47 1550 1
47 1604 1
47 1620 1
47 1667 1
47 1695 1
47 1724 1
47 1756 1
47 1762 1
47 1784 1
47 1896 1
47 1969 1
47 1980 1
48 125 1
48 138 1
48 154 1
48 197 1
48 287 1
48 297 1
48 309 1
48 377 1
48 379 1
48 441 1
48 453 1
48 465 1
48 473 1
48 519 1
48 544 1
48 604 1
48 743 1
48 802 1
48 818 1
48 1024 1
48 1044 1
48 1141 1
48 1154 1
48 1160 1
48 1185 1
48 1186 1
48 1210 1
48 1211 1
48 1231 1
48 1232 1
48 1264 1
48 1269 1
48 1300 1
48 1325 1
48 1372 1
48 1377 1
48 1442 1
48 1453 1
48 1471 1
48 1492 1
48 1503 1
48 1577 1
48 1594 1
48 1602 1
48 1614 1
48 1626 1
48 1652 1
48 1655 1
48 1666 1
48 1724 1
48 1783 1
48 1787 1
48 1854 1
48 1875 1
48 1888 1
48 1929 1
48 1953 1
48 1978 1
48 1995 1
49 140 1
49 236 1
49 254 1
49 307 1
49 341 1
49 358 1
49 364 1
49 373 1
49 418 1
49 456 1
49 479 1
49 545 1
49 599 1
49 600 1
49 602 1
49 615 1
49 658 1
49 697 1
49 722 1
49 803 1
49 812 1
49 915 1
49 1010 1
49 1064 1
49 1104 1
49 1171 1
49 1260 1
49 1273 1
49 1321 1
49 1326 1
49 1338 1
49 1417 1
49 1421 1
49 1423 1
49 1463 1
49 1493 1
49 1611 1
49 1624 1
49 1679 1
49 1687 1
49 1730 1
49 1737 1
49 1806 1
49 1846 1
49 1869 1
49 1882 1
49 1910 1
49 1946 1
50 97 1
50 110 1
50 163 1
50 186 1
50 220 1
50 233 1
50 282 1
50 409 1
50 433 1
50 446 1
50 564 1
50 574 1
50 576 1
50 633 1
50 686 1
50 707 1
50 747 1
50 752 1
50 765 1
50 814 1
50 891 1
50 913 1
50 933 1
50 953 1
50 1000 1
50 1031 1
50 1058 1
50 1131 1
50 1201 1
50 1215 1
50 1249 1
50 1253 1
50 1282 1
50 1296 1
50 1353 1
50 1364 1
50 1373 1
50 1386 1
50 1499 1
50 1614 1
50 1643 1
50 1658 1
50 1732 1
50 1778 1
50 1782 1
50 1797 1
50 1857 1
50 1871 1
50 1874 1
50 1903 1
50 1913 1
50 1936 1
51 108 1
51 135 1
51 140 1
51 148 1
51 208 1
51 324 1
51 363 1
51 368 1
51 370 1
51 395 1
51 401 1
51 498 1
51 532 1
51 554 1
51 644 1
51 749 1
51 758 1
51 870 1
51 909 1
51 942 1
51 1078 1
51 1144 1
51 1158 1
51 1211 1
51 1237 1
51 1272 1
51 1295 1
51 1344 1
51 1366 1
51 1418 1
51 1429 1
51 1494 1
51 1587 1
51 1616 1
51 1622 1
51 1712 1
51 1842 1
51 1882 1
51 1884 1
51 1904 1
51 1937 1
51 1938 1
51 1984 1
52 74 1
52 108 1
52 304 1
52 344 1
52 381 1
52 456 1
52 457 1
52 484 1
52 504 1
52 589 1
52 643 1
52 660 1
52 755 1
52 776 1
52 778 1
52 780 1
52 886 1
52 972 1
52 990 1
52 991 1
52 1003 1
52 1052 1
52 1145 1
52 1170 1
52 1172 1
52 1204 1
52 1244 1
52 1260 1
52 1370 1
52 1391 1
52 1419 1
52 1540 1
52 1612 1
52 1666 1
52 1706 1
52 1723 1
52 1763 1
52 1769 1
52 1794 1
52 1832 1
52 1862 1
52 1970 1
52 1994 1
53 67 1
53 119 1
53 125 1
53 131 1
53 159 1
53 218 1
53 231 1
53 261 1
53 280 1
53 321 1
53 342 1
53 443 1
53 534 1
53 568 1
53 648 1
53 701 1
53 717 1
53 767 1
53 798 1
53 809 1
53 882 1
53 939 1
53 975 1
53 984 1
53 1007 1
53 1057 1
53 1060 1
53 1069 1
53 1094 1
53 1157 1
53 1167 1
53 1171 1
53 1254 1
53 1469 1
53 1487 1
53 1494 1
53 1514 1
53 1520 1
53 1649 1
53 1689 1
53 1695 1
53 1805 1
53 1812 1
53 1871 1
53 1967 1
54 88 1
54 108 1
54 152 1
54 155 1
54 190 1
54 228 1
54 236 1
54 336 1
54 350 1
54 372 1
54 381 1
54 414 1
54 419 1
54 458 1
54 469 1
54 509 1
54 518 1
54 561 1
54 608 1
54 631 1
54 644 1
54 741 1
54 790 1
54 886 1
54 936 1
54 946 1
54 995 1
54 1056 1
54 1068 1
54 1087 1
54 1097 1
54 1121 1
54 1127 1
54 1151 1
54 1275 1
54 1313 1
54 1340 1
54 1424 1
54 1473 1
54 1497 1
54 1520 1
54 1616 1
54 1702 1
54 1758 1
54 1761 1
54 1763 1
54 1790 1
54 1798 1
54 1861 1
54 1951 1
54 1974 1
54 1989 1
54 1992 1
55 79 1
55 83 1
55 193 1
55 242 1
55 246 1
55 299 1
55 311 1
55 321 1
55 384 1
55 388 1
55 434 1
55 457 1
55 518 1
55 523 1
55 545 1
55 575 1
55 587 1
55 609 1
55 642 1
55 664 1
55 674 1
55 682 1
55 729 1
55 845 1
55 936 1
55 952 1
55 1011 1
55 1020 1
55 1147 1
55 1163 1
55 1219 1
55 1228 1
55 1268 1
55 1298 1
55 1323 1
55 1371 1
55 1402 1
55 1418 1
55 1479 1
55 1569 1
55 1635 1
55 1651 1
55 1652 1
55 1670 1
55 1738 1
55 1757 1
55 1955 1
56 100 1
56 115 1
56 123 1
56 124 1
56 125 1
56 224 1
56 228 1
56 280 1
56 301 1
56 336 1
56 346 1
56 355 1
56 363 1
56 370 1
56 375 1
56 409 1
56 424 1
56 538 1
56 552 1
56 560 1
56 568 1
56 609 1
56 745 1
56 834 1
56 967 1
56 1015 1
56 1027 1
56 1034 1
56 1042 1
56 1096 1
56 1122 1
56 1131 1
56 1151 1
56 1183 1
56 1187 1
56 1204 1
56 1270 1
56 1301 1
56 1307 1
56 1409 1
56 1476 1
56 1491 1
56 1526 1
56 1572 1
56 1712 1
56 1722 1
56 1743 1
56 1802 1
56 1824 1
56 1836 1
56 1896 1
56 1903 1
56 1918 1
56 1938 1
57 116 1
57 132 1
57 164 1
57 257 1
57 318 1
57 347 1
57 370 1
57 401 1
57 406 1
57 418 1
57 420 1
57 453 1
57 467 1
57 469 1
57 489 1
57 545 1
57 566 1
57 610 1
57 654 1
57 674 1
57 841 1
57 854 1
57 916 1
57 1019 1
57 1035 1
57 1050 1
57 1132 1
57 1228 1
57 1235 1
57 1248 1
57 1377 1
57 1406 1
57 1501 1
57 1635 1
57 1656 1
57 1661 1
57 1670 1
57 1707 1
57 1765 1
57 1784 1
57 1879 1
57 1938 1
57 1969 1
57 1976 1
57 1978 1
57 1983 1
58 61 1
58 117 1
58 129 1
58 134 1
58 135 1
58 235 1
58 248 1
58 285 1
58 390 1
58 403 1
58 428 1
58 467 1
58 481 1
58 525 1
58 545 1
58 560 1
58 692 1
58 712 1
58 725 1
58 754 1
58 778 1
58 860 1
58 897 1
58 965 1
58 1009 1
58 1022 1
58 1024 1
58 1042 1
58 1050 1
58 1191 1
58 1205 1
58 1290 1
58 1303 1
58 1337 1
58 1399 1
58 1422 1
58 1476 1
58 1504 1
58 1524 1
58 1697 1
58 1737 1
58 1824 1
58 1830 1
58 1835 1
58 1846 1
58 1866 1
58 1879 1
58 1905 1
58 1934 1
58 1958 1
58 1970 1
59 80 1
59 160 1
59 234 1
59 254 1
59 258 1
59 306 1
59 326 1
59 352 1
59 369 1
59 390 1
59 429 1
59 438 1
59 561 1
59 691 1
59 734 1
59 825 1
59 882 1
59 909 1
59 936 1
59 966 1
59 981 1
59 1025 1
59 1083 1
59 1127 1
59 1169 1
59 1312 1
59 1319 1
59 1363 1
59 1365 1
59 1369 1
59 1375 1
59 1397 1
59 1401 1
59 1497 1
59 1570 1
59 1609 1
59 1653 1
59 1679 1
59 1694 1
59 1704 1
59 1914 1
59 1920 1
59 1922 1
59 1929 1
59 1995 1
60 140 1
60 168 1
60 171 1
60 225 1
60 240 1
60 253 1
60 363 1
60 390 1
60 421 1
60 428 1
60 454 1
60 455 1
60 462 1
60 516 1
60 552 1
60 643 1
60 676 1
60 683 1
60 692 1
60 749 1
60 836 1
60 852 1
60 986 1
60 1041 1
60 1069 1
60 1086 1
60 1123 1
60 1125 1
60 1185 1
60 1303 1
60 1309 1
60 1324 1
60 1415 1
60 1423 1
60 1456 1
60 1491 1
60 1511 1
60 1527 1
60 1597 1
60 1613 1
60 1686 1
60 1699 1
60 1736 1
60 1801 1
60 1871 1
60 1877 1
60 1907 1
60 1926 1
60 1944 1
61 64 1
61 197 1
61 226 1
61 310 1
61 321 1
61 385 1
61 414 1
61 432 1
61 446 1
61 459 1
61 550 1
61 553 1
61 592 1
61 593 1
61 714 1
61 765 1
61 798 1
61 835 1
61 897 1
61 930 1
61 999 1
61 1000 1
61 1016 1
61 1044 1
61 1048 1
61 1072 1
61 1077 1
61 1105 1
61 1215 1
61 1241 1
61 1334 1
61 1379 1
61 1430 1
61 1530 1
61 1548 1
61 1578 1
61 1598 1
61 1607 1
61 1613 1
61 1629 1
61 1630 1
61 1651 1
61 1758 1
61 1769 1
61 1810 1
61 1941 1
62 66 1
62 68 1
62 117 1
62 157 1
62 173 1
62 291 1
62 294 1
62 308 1
62 322 1
62 344 1
62 470 1
62 503 1
62 522 1
62 591 1
62 660 1
62 667 1
62 683 1
62 734 1
62 804 1
62 805 1
62 827 1
62 914 1
62 918 1
62 1015 1
62 1044 1
62 1060 1
62 1089 1
62 1237 1
62 1241 1
62 1288 1
62 1289 1
62 1456 1
62 1474 1
62 1539 1
62 1622 1
62 1640 1
62 1656 1
62 1684 1
62 1702 1
62 1703 1
62 1722 1
62 1743 1
62 1750 1
62 1753 1
62 1849 1
62 1861 1
62 1901 1
62 1954 1
62 1977 1
62 1984 1
63 102 1
63 103 1
63 178 1
63 184 1
63 198 1
63 214 1
63 224 1
63 253 1
63 301 1
63 363 1
63 381 1
63 401 1
63 441 1
63 448 1
63 621 1
63 662 1
63 687 1
63 700 1
63 732 1
63 811 1
63 852 1
63 859 1
63 874 1
63 913 1
63 960 1
63 990 1
63 994 1
63 1016 1
63 1022 1
63 1030 1
63 1079 1
63 1131 1
63 1180 1
63 1200 1
63 1271 1
63 1285 1
63 1309 1
63 1328 1
63 1361 1
63 1363 1
63 1400 1
63 1412 1
63 1431 1
63 1446 1
63 1487 1
63 1488 1
63 1496 1
63 1523 1
63 1575 1
63 1652 1
63 1677 1
63 1680 1
63 1761 1
63 1788 1
63 1886 1
63 1891 1
63 1904 1
63 1947 1
63 1959 1
63 1998 1
63 1999 1
64 75 1
64 121 1
64 129 1
64 133 1
64 146 1
64 184 1
64 225 1
64 239 1
64 300 1
64 323 1
64 449 1
64 479 1
64 520 1
64 547 1
64 619 1
64 665 1
64 674 1
64 746 1
64 794 1
64 799 1
64 840 1
64 852 1
64 854 1
64 858 1
64 884 1
64 908 1
64 969 1
64 977 1
64 984 1
64 1020 1
64 1033 1
64 1037 1
64 1088 1
64 1151 1
64 1176 1
64 1205 1
64 1209 1
64 1258 1
64 1319 1
64 1367 1
64 1393 1
64 1399 1
64 1507 1
64 1538 1
64 1644 1
64 1665 1
64 1710 1
64 1722 1
64 1818 1
64 1823 1
64 1852 1
64 1879 1
64 1926 1
64 1954 1
64 1995 1
65 110 1
65 115 1
65 161 1
65 166 1
65 297 1
65 323 1
65 325 1
65 340 1
65 369 1
65 495 1
65 516 1
65 543 1
65 556 1
65 670 1
65 744 1
65 848 1
65 852 1
65 918 1
65 1066 1
65 1116 1
65 1142 1
65 1145 1
65 1153 1
65 1170 1
65 1180 1
65 1191 1
65 1222 1
65 1240 1
65 1290 1
65 1297 1
65 1344 1
65 1356 1
65 1374 1
65 1419 1
65 1446 1
65 1513 1
65 1529 1
65 1750 1
65 1781 1
65 1794 1
65 1824 1
65 1873 1
65 1895 1
65 1908 1
65 1958 1
65 1969 1
65 2000 1
66 74 1
66 176 1
66 191 1
66 202 1
66 219 1
66 326 1
66 343 1
66 357 1
66 410 1
66 486 1
66 498 1
66 515 1
66 528 1
66 532 1
66 542 1
66 546 1
66 548 1
66 556 1
66 593 1
66 690 1
66 723 1
66 810 1
66 829 1
66 897 1
66 906 1
66 942 1
66 965 1
66 985 1
66 1028 1
66 1035 1
66 1047 1
66 1062 1
66 1218 1
66 1334 1
66 1341 1
66 1386 1
66 1421 1
66 1426 1
66 1451 1
66 1475 1
66 1535 1
66 1542 1
66 1585 1
66 1607 1
66 1725 1
66 1773 1
66 1796 1
66 1852 1
66 1899 1
66 1966 1
67 92 1
67 99 1
67 189 1
67 204 1
67 289 1
67 507 1
67 519 1
67 526 1
67 577 1
67 589 1
67 673 1
67 683 1
67 728 1
67 770 1
67 783 1
67 790 1
67 863 1
67 870 1
67 973 1
67 984 1
67 1007 1
67 1102 1
67 1106 1
67 1118 1
67 1145 1
67 1154 1
67 1272 1
67 1296 1
67 1339 1
67 1385 1
67 1400 1
67 1548 1
67 1557 1
67 1591 1
67 1623 1
67 1667 1
67 1679 1
67 1689 1
67 1712 1
67 1751 1
67 1819 1
67 1851 1
67 1854 1
67 1910 1
67 1975 1
68 93 1
68 103 1
68 180 1
68 274 1
68 275 1
68 316 1
68 395 1
68 437 1
68 487 1
68 518 1
68 687 1
68 697 1
68 733 1
68 748 1
68 766 1
68 844 1
68 858 1
68 922 1
68 942 1
68 959 1
68 1024 1
68 1157 1
68 1160 1
68 1254 1
68 1281 1
68 1284 1
68 1310 1
68 1319 1
68 1378 1
68 1382 1
68 1394 1
68 1432 1
68 1469 1
68 1474 1
68 1529 1
68 1536 1
68 1537 1
68 1572 1
68 1599 1
68 1731 1
68 1732 1
68 1733 1
68 1754 1
68 1784 1
68 1828 1
68 1840 1
68 1846 1
68 1881 1
68 1884 1
68 1915 1
68 1995 1
68 2000 1
69 90 1
69 112 1
69 182 1
69 204 1
69 209 1
69 214 1
69 247 1
69 263 1
69 292 1
69 307 1
69 314 1
69 483 1
69 507 1
69 550 1
69 665 1
69 781 1
69 790 1
69 793 1
69 808 1
69 811 1
69 833 1
69 878 1
69 882 1
69 895 1
69 905 1
69 954 1
69 991 1
69 992 1
69 1058 1
69 1069 1
69 1088 1
69 1089 1
69 1120 1
69 1124 1
69 1274 1
69 1286 1
69 1305 1
69 1372 1
69 1399 1
69 1425 1
69 1488 1
69 1571 1
69 1636 1
69 1662 1
69 1708 1
69 1714 1
69 1720 1
69 1722 1
69 1791 1
69 1797 1
69 1811 1
69 1886 1
69 1910 1
69 1933 1
69 1950 1
69 1996 1
70 91 1
70 121 1
70 156 1
70 243 1
70 277 1
70 302 1
70 512 1
70 536 1
70 563 1
70 572 1
70 617 1
70 638 1
70 639 1
70 715 1
70 716 1
70 717 1
70 744 1
70 762 1
70 773 1
70 794 1
70 905 1
70 966 1
70 986 1
70 1112 1
70 1135 1
70 1159 1
70 1164 1
70 1219 1
70 1285 1
70 1392 1
70 1452 1
70 1474 1
70 1496 1
70 1520 1
70 1583 1
70 1649 1
70 1684 1
70 1726 1
70 1814 1
70 1830 1
70 1952 1
70 1965 1
71 91 1
71 92 1
71 152 1
71 181 1
71 242 1
71 252 1
71 253 1
71 440 1
71 442 1
71 445 1
71 677 1
71 682 1
71 777 1
71 824 1
71 844 1
71 859 1
71 867 1
71 883 1
71 924 1
71 934 1
71 935 1
71 959 1
71 968 1
71 1024 1
71 1071 1
71 1091 1
71 1109 1
71 1119 1
71 1164 1
71 1274 1
71 1309 1
71 1326 1
71 1343 1
71 1384 1
71 1399 1
71 1417 1
71 1560 1
71 1604 1
71 1642 1
71 1669 1
71 1705 1
71 1740 1
71 1751 1
71 1762 1
71 1772 1
71 1817 1
71 1871 1
71 1916 1
71 1926 1
71 1932 1
71 1958 1
72 109 1
72 116 1
72 148 1
72 224 1
72 254 1
72 285 1
72 290 1
72 306 1
72 315 1
72 415 1
72 461 1
72 465 1
72 486 1
72 591 1
72 649 1
72 665 1
72 694 1
72 844 1
72 862 1
72 866 1
72 892 1
72 897 1
72 944 1
72 956 1
72 967 1
72 971 1
72 1047 1
72 1097 1
72 1115 1
72 1207 1
72 1230 1
72 1303 1
72 1320 1
72 1339 1
72 1404 1
72 1443 1
72 1470 1
72 1472 1
72 1488 1
72 1497 1
72 1509 1
72 1526 1
72 1565 1
72 1710 1
72 1733 1
72 1753 1
72 1761 1
72 1825 1
72 1833 1
72 1910 1
72 1933 1
72 1937 1
73 157 1
73 264 1
73 275 1
73 309 1
73 357 1
73 406 1
73 411 1
73 415 1
73 443 1
73 445 1
73 463 1
73 505 1
73 514 1
73 527 1
73 546 1
73 549 1
73 556 1
73 619 1
73 633 1
73 664 1
73 666 1
73 688 1
73 756 1
73 788 1
73 802 1
73 831 1
73 854 1
73 890 1
73 914 1
73 924 1
73 960 1
73 988 1
73 1014 1
73 1041 1
73 1203 1
73 1218 1
73 1268 1
73 1300 1
73 1302 1
73 1326 1
73 1378 1
73 1380 1
73 1413 1
73 1454 1
73 1458 1
73 1473 1
73 1539 1
73 1542 1
73 1603 1
73 1699 1
73 1710 1
73 1739 1
73 1750 1
73 1761 1
73 1781 1
73 1796 1
73 1811 1
73 1881 1
73 1900 1
73 1917 1
73 1983 1
74 115 1
74 121 1
74 154 1
74 182 1
74 252 1
74 257 1
74 414 1
74 424 1
74 436 1
74 493 1
74 538 1
74 550 1
74 572 1
74 594 1
74 616 1
74 676 1
74 761 1
74 766 1
74 791 1
74 856 1
74 864 1
74 895 1
74 932 1
74 973 1
74 1072 1
74 1073 1
74 1088 1
74 1093 1
74 1113 1
74 1114 1
74 1126 1
74 1187 1
74 1189 1
74 1233 1
74 1258 1
74 1285 1
74 1304 1
74 1344 1
74 1397 1
74 1471 1
74 1516 1
74 1596 1
74 1644 1
74 1679 1
74 1733 1
74 1807 1
74 1940 1
74 1954 1
75 179 1
75 261 1
75 356 1
75 383 1
75 402 1
75 414 1
75 443 1
75 592 1
75 599 1
75 629 1
75 631 1
75 655 1
75 668 1
75 671 1
75 715 1
75 761 1
75 804 1
75 806 1
75 867 1
75 891 1
75 895 1
75 897 1
75 917 1
75 927 1
75 952 1
75 1005 1
75 1012 1
75 1065 1
75 1077 1
75 1092 1
75 1174 1
75 1195 1
75 1245 1
75 1350 1
75 1428 1
75 1446 1
75 1545 1
75 1579 1
75 1635 1
75 1672 1
75 1698 1
75 1735 1
75 1756 1
75 1811 1
75 1899 1
75 1914 1
75 1976 1
76 96 1
76 135 1
76 145 1
76 194 1
76 233 1
76 264 1
76 320 1
76 338 1
76 399 1
76 408 1
76 428 1
76 444 1
76 505 1
76 554 1
76 566 1
76 575 1
76 603 1
76 680 1
76 696 1
76 723 1
76 727 1
76 827 1
76 898 1
76 975 1
76 1023 1
76 1034 1
76 1130 1
76 1154 1
76 1161 1
76 1237 1
76 1302 1
76 1323 1
76 1390 1
76 1430 1
76 1469 1
76 1547 1
76 1565 1
76 1583 1
76 1649 1
76 1655 1
76 1673 1
76 1683 1
76 1751 1
76 1771 1
76 1811 1
76 1841 1
76 1859 1
76 1881 1
76 1922 1
76 1956 1
76 1985 1
76 1996 1
77 135 1
77 201 1
77 272 1
77 293 1
77 294 1
77 352 1
77 353 1
77 368 1
77 419 1
77 472 1
77 491 1
77 525 1
77 542 1
77 645 1
77 683 1
77 776 1
77 823 1
77 857 1
77 884 1
77 1013 1
77 1067 1
77 1118 1
77 1125 1
77 1170 1
77 1251 1
77 1254 1
77 1258 1
77 1284 1
77 1325 1
77 1386 1
77 1397 1
77 1404 1
77 1427 1
77 1439 1
77 1460 1
77 1484 1
77 1485 1
77 1563 1
77 1647 1
77 1661 1
77 1679 1
77 1710 1
77 1713 1
77 1728 1
77 1852 1
77 1857 1
77 1897 1
77 1902 1
77 1904 1
77 1966 1
78 94 1
78 160 1
78 171 1
78 193 1
78 237 1
78 258 1
78 279 1
78 280 1
78 287 1
78 289 1
78 322 1
78 338 1
78 365 1
78 376 1
78 420 1
78 439 1
78 447 1
78 450 1
78 471 1
78 483 1
78 599 1
78 641 1
78 781 1
78 826 1
78 842 1
78 880 1
78 885 1
78 964 1
78 987 1
78 1058 1
78 1067 1
78 1120 1
78 1122 1
78 1259 1
78 1342 1
78 1404 1
78 1406 1
78 1425 1
78 1436 1
78 1444 1
78 1447 1
78 1474 1
78 1498 1
78 1503 1
78 1518 1
78 1614 1
78 1615 1
78 1706 1
78 1750 1
78 1804 1
78 1807 1
78 1822 1
78 1875 1
78 1896 1
78 1996 1
79 83 1
79 87 1
79 100 1
79 143 1
79 259 1
79 438 1
79 452 1
79 475 1
79 486 1
79 548 1
79 588 1
79 601 1
79 621 1
79 653 1
79 670 1
79 731 1
79 755 1
79 814 1
79 864 1
79 878 1
79 942 1
79 1002 1
79 1062 1
79 1081 1
79 1082 1
79 1090 1
79 1117 1
79 1129 1
79 1285 1
79 1376 1
79 1429 1
79 1542 1
79 1549 1
79 1634 1
79 1650 1
79 1673 1
79 1799 1
79 1852 1
79 1878 1
79 1934 1
79 1948 1
79 1953 1
79 1991 1
79 1992 1
80 85 1
80 105 1
80 130 1
80 185 1
80 335 1
80 352 1
80 440 1
80 456 1
80 477 1
80 526 1
80 556 1
80 719 1
80 746 1
80 797 1
80 912 1
80 956 1
80 1104 1
80 1151 1
80 1189 1
80 1216 1
80 1219 1
80 1260 1
80 1320 1
80 1376 1
80 1388 1
80 1393 1
80 1404 1
80 1422 1
80 1435 1
80 1470 1
80 1478 1
80 1507 1
80 1616 1
80 1629 1
80 1645 1
80 1795 1
80 1811 1
80 1829 1
80 1852 1
80 1874 1
80 1952 1
81 170 1
81 177 1
81 190 1
81 203 1
81 235 1
81 244 1
81 246 1
81 253 1
81 341 1
81 376 1
81 421 1
81 473 1
81 487 1
81 530 1
81 548 1
81 605 1
81 641 1
81 648 1
81 653 1
81 682 1
81 741 1
81 758 1
81 820 1
81 826 1
81 867 1
81 888 1
81 905 1
81 918 1
81 950 1
81 1009 1
81 1045 1
81 1226 1
81 1240 1
81 1249 1
81 1319 1
81 1415 1
81 1417 1
81 1518 1
81 1530 1
81 1532 1
81 1741 1
81 1742 1
81 1753 1
81 1760 1
81 1798 1
81 1836 1
81 1857 1
81 1880 1
81 1886 1
81 1904 1
81 1905 1
81 1934 1
81 1999 1
82 109 1
82 130 1
82 134 1
82 141 1
82 162 1
82 288 1
82 327 1
82 369 1
82 410 1
82 425 1
82 432 1
82 447 1
82 463 1
82 482 1
82 488 1
82 593 1
82 717 1
82 724 1
82 729 1
82 763 1
82 784 1
82 929 1
82 980 1
82 995 1
82 1057 1
82 1146 1
82 1159 1
82 1179 1
82 1201 1
82 1237 1
82 1241 1
82 1456 1
82 1516 1
82 1519 1
82 1594 1
82 1610 1
82 1619 1
82 1633 1
82 1675 1
82 1724 1
82 1749 1
82 1817 1
82 1820 1
82 1847 1
82 1990 1
83 175 1
83 341 1
83 390 1
83 391 1
83 402 1
83 500 1
83 582 1
83 592 1
83 631 1
83 655 1
83 699 1
83 705 1
83 726 1
83 749 1
83 774 1
83 775 1
83 783 1
83 939 1
83 1046 1
83 1162 1
83 1281 1
83 1325 1
83 1341 1
83 1359 1
83 1375 1
83 1439 1
83 1485 1
83 1507 1
83 1532 1
83 1543 1
83 1601 1
83 1650 1
83 1734 1
83 1783 1
83 1845 1
83 1865 1
83 1961 1
83 1977 1
84 90 1
84 130 1
84 183 1
84 207 1
84 233 1
84 265 1
84 275 1
84 286 1
84 316 1
84 389 1
84 398 1
84 419 1
84 484 1
84 509 1
84 527 1
84 621 1
84 642 1
84 663 1
84 705 1
84 774 1
84 803 1
84 822 1
84 839 1
84 901 1
84 921 1
84 972 1
84 1115 1
84 1127 1
84 1170 1
84 1188 1
84 1225 1
84 1238 1
84 1254 1
84 1431 1
84 1437 1
84 1463 1
84 1465 1
84 1499 1
84 1525 1
84 1644 1
84 1685 1
84 1693 1
84 1707 1
84 1745 1
84 1761 1
84 1830 1
84 1867 1
84 1992 1
85 182 1
85 208 1
85 261 1
85 366 1
85 386 1
85 436 1
85 625 1
85 639 1
85 653 1
85 699 1
85 757 1
85 761 1
85 899 1
85 1034 1
85 1122 1
85 1156 1
85 1217 1
85 1272 1
85 1289 1
85 1452 1
85 1478 1
85 1571 1
85 1638 1
85 1756 1
85 1819 1
85 1830 1
85 1932 1
85 1994 1
86 101 1
86 154 1
86 172 1
86 186 1
86 205 1
86 256 1
86 261 1
86 324 1
86 384 1
86 424 1
86 434 1
86 481 1
86 534 1
86 573 1
86 592 1
86 640 1
86 645 1
86 668 1
86 723 1
86 733 1
86 742 1
86 752 1
86 773 1
86 870 1
86 888 1
86 973 1
86 978 1
86 1009 1
86 1118 1
86 1149 1
86 1161 1
86 1179 1
86 1336 1
86 1359 1
86 1365 1
86 1368 1
86 1383 1
86 1385 1
86 1398 1
86 1490 1
86 1492 1
86 1539 1
86 1586 1
86 1590 1
86 1714 1
86 1751 1
86 1811 1
86 1841 1
86 1902 1
86 1905 1
86 1936 1
86 1949 1
86 1952 1
86 1992 1
87 110 1
87 117 1
87 124 1
87 160 1
87 163 1
87 231 1
87 344 1
87 369 1
87 393 1
87 440 1
87 455 1
87 508 1
87 535 1
87 544 1
87 570 1
87 574 1
87 628 1
87 645 1
87 650 1
87 680 1
87 729 1
87 760 1
87 815 1
87 867 1
87 905 1
87 912 1
87 936 1
87 955 1
87 1096 1
87 1116 1
87 1146 1
87 1154 1
87 1203 1
87 1248 1
87 1314 1
87 1346 1
87 1389 1
87 1538 1
87 1567 1
87 1593 1
87 1672 1
87 1701 1
87 1740 1
87 1752 1
87 1824 1
87 1844 1
87 1855 1
87 1875 1
87 1881 1
87 1888 1
87 1896 1
87 1905 1
87 1915 1
87 1921 1
87 1982 1
88 94 1
88 115 1
88 120 1
88 141 1
88 218 1
88 228 1
88 248 1
88 278 1
88 322 1
88 326 1
88 373 1
88 375 1
88 435 1
88 445 1
88 452 1
88 474 1
88 491 1
88 493 1
88 516 1
88 537 1
88 575 1
88 611 1
88 677 1
88 781 1
88 796 1
88 801 1
88 805 1
88 816 1
88 860 1
88 883 1
88 939 1
88 970 1
88 977 1
88 996 1
88 1014 1
88 1028 1
88 1053 1
88 1065 1
88 1201 1
88 1241 1
88 1257 1
88 1329 1
88 1400 1
88 1419 1
88 1435 1
88 1441 1
88 1454 1
88 1537 1
88 1624 1
88 1657 1
88 1745 1
88 1773 1
88 1774 1
88 1861 1
88 1890 1
88 1905 1
88 1912 1
89 164 1
89 224 1
89 228 1
89 263 1
89 336 1
89 344 1
89 348 1
89 376 1
89 381 1
89 423 1
89 429 1
89 440 1
89 468 1
89 526 1
89 533 1
89 542 1
89 563 1
89 612 1
89 797 1
89 841 1
89 855 1
89 916 1
89 941 1
89 949 1
89 971 1
89 1003 1
89 1006 1
89 1074 1
89 1092 1
89 1126 1
89 1184 1
89 1219 1
89 1223 1
89 1272 1
89 1313 1
89 1358 1
89 1421 1
89 1459 1
89 1479 1
89 1489 1
89 1498 1
89 1502 1
89 1550 1
89 1577 1
89 1605 1
89 1650 1
89 1803 1
89 1805 1
89 1826 1
89 1920 1
89 1943 1
89 1944 1
89 1948 1
89 1963 1
89 1981 1
89 1996 1
90 92 1
90 218 1
90 220 1
90 271 1
90 297 1
90 341 1
90 457 1
90 526 1
90 627 1
90 644 1
90 757 1
90 768 1
90 789 1
90 848 1
90 849 1
90 868 1
90 936 1
90 944 1
90 949 1
90 965 1
90 990 1
90 1036 1
90 1112 1
90 1131 1
90 1135 1
90 1163 1
90 1177 1
90 1178 1
90 1182 1
90 1191 1
90 1256 1
90 1273 1
90 1274 1
90 1439 1
90 1440 1
90 1535 1
90 1574 1
90 1584 1
90 1638 1
90 1666 1
90 1689 1
90 1721 1
90 1729 1
90 1738 1
90 1775 1
90 1782 1
90 1839 1
90 1901 1
90 1933 1
90 1969 1
91 117 1
91 133 1
91 160 1
91 166 1
91 257 1
91 296 1
91 316 1
91 443 1
91 462 1
91 526 1
91 706 1
91 753 1
91 1061 1
91 1175 1
91 1240 1
91 1254 1
91 1286 1
91 1312 1
91 1340 1
91 1343 1
91 1434 1
91 1578 1
91 1606 1
91 1707 1
91 1739 1
91 1750 1
91 1873 1
91 1898 1
91 1921 1
91 1961 1
92 119 1
92 120 1
92 162 1
92 223 1
92 242 1
92 272 1
92 304 1
92 333 1
92 336 1
92 338 1
92 366 1
92 534 1
92 602 1
92 613 1
92 618 1
92 647 1
92 656 1
92 738 1
92 820 1
92 864 1
92 921 1
92 941 1
92 1016 1
92 1022 1
92 1039 1
92 1095 1
92 1132 1
92 1133 1
92 1139 1
92 1162 1
92 1187 1
92 1205 1
92 1230 1
92 1240 1
92 1270 1
92 1307 1
92 1330 1
92 1342 1
92 1362 1
92 1376 1
92 1427 1
92 1488 1
92 1489 1
92 1559 1
92 1604 1
92 1620 1
92 1664 1
92 1665 1
92 1737 1
92 1758 1
92 1759 1
92 1770 1
92 1784 1
92 1803 1
92 1810 1
92 1814 1
92 1832 1
92 1842 1
93 131 1
93 192 1
93 204 1
93 241 1
93 270 1
93 313 1
93 322 1
93 364 1
93 448 1
93 476 1
93 526 1
93 614 1
93 623 1
93 742 1
93 857 1
93 892 1
93 964 1
93 989 1
93 1052 1
93 1094 1
93 1113 1
93 1137 1
93 1192 1
93 1225 1
93 1297 1
93 1464 1
93 1504 1
93 1517 1
93 1522 1
93 1539 1
93 1542 1
93 1562 1
93 1641 1
93 1659 1
93 1666 1
93 1676 1
93 1683 1
93 1718 1
93 1725 1
93 1759 1
93 1760 1
93 1834 1
93 1850 1
93 1873 1
93 1921 1
93 1989 1
94 120 1
94 140 1
94 168 1
94 189 1
94 211 1
94 213 1
94 254 1
94 294 1
94 331 1
94 332 1
94 466 1
94 467 1
94 472 1
94 476 1
94 497 1
94 522 1
94 656 1
94 657 1
94 726 1
94 727 1
94 780 1
94 789 1
94 824 1
94 840 1
94 928 1
94 980 1
94 1190 1
94 1199 1
94 1234 1
94 1316 1
94 1332 1
94 1345 1
94 1433 1
94 1468 1
94 1497 1
94 1578 1
94 1579 1
94 1644 1
94 1660 1
94 1719 1
94 1938 1
95 100 1
95 162 1
95 166 1
95 196 1
95 213 1
95 214 1
95 225 1
95 359 1
95 450 1
95 595 1
95 666 1
95 692 1
95 704 1
95 705 1
95 780 1
95 783 1
95 816 1
95 827 1
95 872 1
95 928 1
95 954 1
95 1002 1
95 1020 1
95 1078 1
95 1093 1
95 1127 1
95 1133 1
95 1134 1
95 1189 1
95 1212 1
95 1267 1
95 1270 1
95 1291 1
95 1296 1
95 1303 1
95 1305 1
95 1318 1
95 1323 1
95 1361 1
95 1389 1
95 1405 1
95 1458 1
95 1469 1
95 1486 1
95 1487 1
95 1494 1
95 1500 1
95 1559 1
95 1576 1
95 1649 1
95 1664 1
95 1692 1
95 1736 1
95 1772 1
95 1786 1
95 1801 1
95 1930 1
95 1938 1
95 1989 1
96 150 1
96 170 1
96 240 1
96 326 1
96 364 1
96 394 1
96 428 1
96 444 1
96 482 1
96 517 1
96 633 1
96 692 1
96 740 1
96 792 1
96 802 1
96 862 1
96 913 1
96 915 1
96 936 1
96 959 1
96 986 1
96 1090 1
96 1121 1
96 1156 1
96 1167 1
96 1329 1
96 1334 1
96 1359 1
96 1413 1
96 1419 1
96 1464 1
96 1487 1
96 1510 1
96 1522 1
96 1531 1
96 1580 1
96 1601 1
96 1602 1
96 1638 1
96 1647 1
96 1695 1
96 1716 1
96 1733 1
96 1778 1
96 1816 1
96 1857 1
96 1874 1
96 1879 1
96 1899 1
96 1919 1
96 1998 1
97 111 1
97 131 1
97 134 1
97 136 1
97 156 1
97 192 1
97 210 1
97 267 1
97 284 1
97 308 1
97 312 1
97 320 1
97 338 1
97 386 1
97 418 1
97 431 1
97 444 1
97 708 1
97 798 1
97 877 1
97 927 1
97 932 1
97 936 1
97 1025 1
97 1087 1
97 1161 1
97 1180 1
97 1214 1
97 1317 1
97 1361 1
97 1373 1
97 1442 1
97 1482 1
97 1586 1
97 1795 1
97 1833 1
97 1835 1
97 1846 1
97 1873 1
97 1893 1
98 112 1
98 113 1
98 184 1
98 259 1
98 263 1
98 268 1
98 294 1
98 374 1
98 445 1
98 501 1
98 518 1
98 522 1
98 583 1
98 611 1
98 634 1
98 666 1
98 709 1
98 762 1
98 867 1
98 924 1
98 959 1
98 1172 1
98 1190 1
98 1285 1
98 1305 1
98 1306 1
98 1413 1
98 1470 1
98 1482 1
98 1499 1
98 1503 1
98 1504 1
98 1594 1
98 1595 1
98 1619 1
98 1626 1
98 1643 1
98 1746 1
98 1765 1
98 1806 1
98 1809 1
98 1812 1
98 1857 1
98 1923 1
98 1928 1
99 108 1
99 153 1
99 160 1
99 255 1
99 299 1
99 311 1
99 340 1
99 383 1
99 392 1
99 433 1
99 464 1
99 483 1
99 485 1
99 530 1
99 537 1
99 544 1
99 603 1
99 689 1
99 723 1
99 748 1
99 888 1
99 925 1
99 944 1
99 966 1
99 967 1
99 972 1
99 1087 1
99 1112 1
99 1132 1
99 1137 1
99 1162 1
99 1196 1
99 1217 1
99 1227 1
99 1238 1
99 1285 1
99 1402 1
99 1523 1
99 1644 1
99 1673 1
99 1704 1
99 1747 1
99 1784 1
99 1867 1
99 1875 1
99 1924 1
100 109 1
100 124 1
100 150 1
100 319 1
100 324 1
100 420 1
100 424 1
100 448 1
100 471 1
100 511 1
100 565 1
100 576 1
100 623 1
100 665 1
100 679 1
100 697 1
100 702 1
100 723 1
100 769 1
100 796 1
100 887 1
100 931 1
100 961 1
100 978 1
100 1014 1
100 1028 1
100 1109 1
100 1151 1
100 1156 1
100 1246 1
100 1352 1
100 1354 1
100 1368 1
100 1384 1
100 1394 1
100 1422 1
100 1425 1
100 1456 1
100 1501 1
100 1546 1
100 1559 1
100 1593 1
100 1599 1
100 1609 1
100 1619 1
100 1624 1
100 1654 1
100 1665 1
100 1905 1
100 1927 1
100 1938 1
100 1946 1
100 1952 1
100 1958 1
100 1983 1
101 113 1
101 151 1
101 190 1
101 200 1
101 221 1
101 272 1
101 358 1
101 413 1
101 449 1
101 478 1
101 494 1
101 596 1
101 677 1
101 728 1
101 899 1
101 926 1
101 940 1
101 968 1
101 979 1
101 1024 1
101 1059 1
101 1077 1
101 1102 1
101 1132 1
101 1140 1
101 1173 1
101 1264 1
101 1299 1
101 1325 1
101 1369 1
101 1425 1
101 1427 1
101 1448 1
101 1475 1
101 1479 1
101 1497 1
101 1510 1
101 1511 1
101 1515 1
101 1621 1
101 1705 1
101 1706 1
101 1722 1
101 1728 1
101 1787 1
101 1802 1
101 1823 1
101 1867 1
101 1870 1
101 1917 1
101 1982 1
102 140 1
102 320 1
102 395 1
102 443 1
102 448 1
102 452 1
102 474 1
102 528 1
102 575 1
102 579 1
102 630 1
102 634 1
102 665 1
102 701 1
102 863 1
102 898 1
102 1038 1
102 1185 1
102 1212 1
102 1224 1
102 1266 1
102 1268 1
102 1273 1
102 1453 1
102 1482 1
102 1526 1
102 1615 1
102 1630 1
102 1645 1
102 1671 1
102 1718 1
102 1747 1
102 1778 1
102 1833 1
102 1847 1
102 1928 1
103 106 1
103 195 1
103 251 1
103 319 1
103 351 1
103 391 1
103 393 1
103 427 1
103 436 1
103 531 1
103 549 1
103 550 1
103 555 1
103 655 1
103 745 1
103 779 1
103 839 1
103 887 1
103 992 1
103 1217 1
103 1321 1
103 1362 1
103 1372 1
103 1402 1
103 1448 1
103 1564 1
103 1624 1
103 1646 1
103 1663 1
103 1679 1
103 1745 1
103 1778 1
103 1830 1
103 1842 1
103 1876 1
103 1878 1
103 1930 1
103 1935 1
103 1950 1
103 2000 1
104 112 1
104 114 1
104 136 1
104 140 1
104 153 1
104 236 1
104 249 1
104 255 1
104 398 1
104 508 1
104 548 1
104 575 1
104 595 1
104 604 1
104 627 1
104 713 1
104 736 1
104 778 1
104 806 1
104 848 1
104 870 1
104 933 1
104 934 1
104 959 1
104 1069 1
104 1150 1
104 1192 1
104 1220 1
104 1245 1
104 1274 1
104 1305 1
104 1388 1
104 1421 1
104 1451 1
104 1454 1
104 1479 1
104 1526 1
104 1535 1
104 1545 1
104 1613 1
104 1677 1
104 1723 1
104 1727 1
104 1756 1
104 1775 1
104 1867 1
104 1880 1
104 1906 1
104 1910 1
104 1988 1
105 122 1
105 307 1
105 309 1
105 377 1
105 417 1
105 426 1
105 434 1
105 528 1
105 559 1
105 593 1
105 614 1
105 636 1
105 670 1
105 694 1
105 764 1
105 816 1
105 848 1
105 988 1
105 1008 1
105 1053 1
105 1136 1
105 1169 1
105 1188 1
105 1221 1
105 1225 1
105 1271 1
105 1308 1
105 1318 1
105 1340 1
105 1344 1
105 1417 1
105 1439 1
105 1494 1
105 1510 1
105 1516 1
105 1522 1
105 1591 1
105 1605 1
105 1615 1
105 1645 1
105 1754 1
105 1774 1
105 1884 1
105 1922 1
105 1982 1
106 156 1
106 170 1
106 185 1
106 241 1
106 308 1
106 361 1
106 439 1
106 455 1
106 527 1
106 638 1
106 765 1
106 773 1
106 814 1
106 874 1
106 887 1
106 916 1
106 985 1
106 989 1
106 990 1
106 1021 1
106 1085 1
106 1312 1
106 1396 1
106 1471 1
106 1474 1
106 1487 1
106 1550 1
106 1562 1
106 1573 1
106 1614 1
106 1670 1
106 1716 1
106 1726 1
106 1736 1
106 1755 1
106 1825 1
106 1859 1
106 1891 1
106 1908 1
106 1970 1
107 121 1
107 206 1
107 227 1
107 289 1
107 311 1
107 313 1
107 342 1
107 354 1
107 383 1
107 462 1
107 485 1
107 508 1
107 525 1
107 595 1
107 596 1
107 647 1
107 676 1
107 731 1
107 746 1
107 765 1
107 806 1
107 824 1
107 828 1
107 834 1
107 887 1
107 912 1
107 938 1
107 963 1
107 1023 1
107 1025 1
107 1061 1
107 1063 1
107 1073 1
107 1087 1
107 1193 1
107 1194 1
107 1287 1
107 1448 1
107 1453 1
107 1497 1
107 1508 1
107 1521 1
107 1549 1
107 1562 1
107 1586 1
107 1649 1
107 1682 1
107 1713 1
107 1724 1
107 1840 1
107 1841 1
107 1882 1
107 1905 1
107 1909 1
107 1944 1
108 136 1
108 167 1
108 218 1
108 258 1
108 263 1
108 300 1
108 302 1
108 303 1
108 571 1
108 572 1
108 720 1
108 738 1
108 745 1
108 817 1
108 871 1
108 885 1
108 923 1
108 927 1
108 947 1
108 954 1
108 992 1
108 1000 1
108 1055 1
108 1072 1
108 1125 1
108 1139 1
108 1200 1
108 1228 1
108 1231 1
108 1242 1
108 1273 1
108 1310 1
108 1332 1
108 1346 1
108 1378 1
108 1444 1
108 1478 1
108 1509 1
108 1515 1
108 1587 1
108 1625 1
108 1678 1
108 1713 1
108 1715 1
108 1802 1
108 1859 1
108 1899 1
108 1902 1
108 1907 1
108 1961 1
109 154 1
109 166 1
109 234 1
109 241 1
109 256 1
109 300 1
109 312 1
109 362 1
109 365 1
109 507 1
109 515 1
109 606 1
109 607 1
109 613 1
109 640 1
109 646 1
109 748 1
109 765 1
109 785 1
109 807 1
109 865 1
109 891 1
109 896 1
109 919 1
109 934 1
109 960 1
109 965 1
109 970 1
109 985 1
109 1056 1
109 1067 1
109 1222 1
109 1263 1
109 1322 1
109 1339 1
109 1369 1
109 1401 1
109 1415 1
109 1447 1
109 1471 1
109 1511 1
109 1546 1
109 1566 1
109 1623 1
109 1664 1
109 1887 1
109 1934 1
109 1961 1
109 1968 1
109 1982 1
110 113 1
110 412 1
110 495 1
110 551 1
110 563 1
110 590 1
110 699 1
110 715 1
110 740 1
110 745 1
110 852 1
110 932 1
110 996 1
110 1043 1
110 1068 1
110 1124 1
110 1133 1
110 1149 1
110 1277 1
110 1384 1
110 1490 1
110 1548 1
110 1568 1
110 1588 1
110 1647 1
110 1651 1
110 1667 1
110 1674 1
110 1707 1
110 1728 1
110 1748 1
110 1831 1
110 1853 1
110 1917 1
110 1922 1
110 1947 1
111 133 1
111 139 1
111 149 1
111 189 1
111 204 1
111 219 1
111 256 1
111 292 1
111 304 1
111 333 1
111 347 1
111 388 1
111 401 1
111 462 1
111 469 1
111 482 1
111 514 1
111 534 1
111 552 1
111 574 1
111 599 1
111 631 1
111 632 1
111 798 1
111 951 1
111 959 1
111 984 1
111 1058 1
111 1157 1
111 1203 1
111 1211 1
111 1304 1
111 1315 1
111 1327 1
111 1359 1
111 1364 1
111 1382 1
111 1394 1
111 1409 1
111 1496 1
111 1508 1
111 1546 1
111 1558 1
111 1687 1
111 1696 1
111 1724 1
111 1781 1
111 1801 1
111 1827 1
111 1906 1
111 1910 1
111 1917 1
111 1918 1
111 1930 1
111 1951 1
111 1962 1
111 1971 1
111 1983 1
112 133 1
112 330 1
112 359 1
112 375 1
112 409 1
112 503 1
112 528 1
112 537 1
112 539 1
112 558 1
112 572 1
112 639 1
112 725 1
112 733 1
112 828 1
112 852 1
112 905 1
112 976 1
112 996 1
112 999 1
112 1030 1
112 1069 1
112 1133 1
112 1171 1
112 1179 1
112 1186 1
112 1411 1
112 1474 1
112 1478 1
112 1548 1
112 1605 1
112 1630 1
112 1632 1
112 1636 1
112 1672 1
112 1692 1
112 1730 1
112 1794 1
112 1819 1
112 1822 1
112 1834 1
112 1870 1
112 1907 1
112 1913 1
112 1955 1
112 1976 1
113 135 1
113 177 1
113 218 1
113 261 1
113 278 1
113 279 1
113 394 1
113 398 1
113 421 1
113 429 1
113 430 1
113 437 1
113 451 1
113 473 1
113 475 1
113 560 1
113 608 1
113 614 1
113 769 1
113 772 1
113 788 1
113 789 1
113 798 1
113 812 1
113 820 1
113 1048 1
113 1055 1
113 1057 1
113 1173 1
113 1219 1
113 1253 1
113 1299 1
113 1325 1
113 1331 1
113 1383 1
113 1426 1
113 1453 1
113 1509 1
113 1566 1
113 1587 1
113 1596 1
113 1764 1
113 1783 1
113 1795 1
113 1845 1
113 1907 1
114 249 1
114 377 1
114 408 1
114 441 1
114 546 1
114 627 1
114 647 1
114 682 1
114 718 1
114 793 1
114 811 1
114 833 1
114 843 1
114 853 1
114 869 1
114 947 1
114 981 1
114 984 1
114 1134 1
114 1159 1
114 1182 1
114 1186 1
114 1298 1
114 1371 1
114 1417 1
114 1432 1
114 1441 1
114 1468 1
114 1525 1
114 1567 1
114 1573 1
114 1575 1
114 1579 1
114 1614 1
114 1631 1
114 1640 1
114 1667 1
114 1671 1
114 1764 1
114 1772 1
114 1801 1
114 1842 1
114 1857 1
114 1887 1
115 315 1
115 360 1
115 370 1
115 384 1
115 427 1
115 491 1
115 523 1
115 583 1
115 661 1
115 682 1
115 743 1
115 784 1
115 802 1
115 819 1
115 852 1
115 884 1
115 903 1
115 1077 1
115 1125 1
115 1134 1
115 1147 1
115 1153 1
115 1175 1
115 1183 1
115 1240 1
115 1248 1
115 1259 1
115 1274 1
115 1353 1
115 1381 1
115 1409 1
115 1429 1
115 1433 1
115 1516 1
115 1578 1
115 1580 1
115 1596 1
115 1609 1
115 1652 1
115 1661 1
115 1696 1
115 1702 1
115 1731 1
115 1768 1
115 1785 1
115 1819 1
115 1832 1
115 1882 1
115 1883 1
115 1936 1
115 1951 1
116 192 1
116 269 1
116 295 1
116 321 1
116 358 1
116 429 1
116 477 1
116 535 1
116 631 1
116 640 1
116 687 1
116 695 1
116 734 1
116 736 1
116 769 1
116 802 1
116 834 1
116 976 1
116 991 1
116 1009 1
116 1067 1
116 1095 1
116 1163 1
116 1187 1
116 1243 1
116 1251 1
116 1430 1
116 1459 1
116 1479 1
116 1487 1
116 1508 1
116 1530 1
116 1580 1
116 1651 1
116 1683 1
116 1694 1
116 1742 1
116 1780 1
116 1824 1
116 1840 1
116 1905 1
116 1943 1
116 1957 1
116 1984 1
117 128 1
117 148 1
117 193 1
117 269 1
117 338 1
117 431 1
117 449 1
117 510 1
117 537 1
117 542 1
117 569 1
117 601 1
117 613 1
117 618 1
117 656 1
117 675 1
117 747 1
117 828 1
117 846 1
117 856 1
117 885 1
117 922 1
117 933 1
117 967 1
117 982 1
117 998 1
117 1083 1
117 1100 1
117 1120 1
117 1134 1
117 1158 1
117 1191 1
117 1263 1
117 1269 1
117 1274 1
117 1313 1
117 1345 1
117 1352 1
117 1369 1
117 1405 1
117 1416 1
117 1447 1
117 1475 1
117 1569 1
117 1596 1
117 1600 1
117 1629 1
117 1647 1
117 1677 1
117 1739 1
117 1840 1
117 1942 1
117 1981 1
118 132 1
118 248 1
118 286 1
118 290 1
118 416 1
118 429 1
118 471 1
118 491 1
118 621 1
118 632 1
118 636 1
118 646 1
118 697 1
118 706 1
118 763 1
118 765 1
118 799 1
118 824 1
118 880 1
118 948 1
118 959 1
118 961 1
118 1054 1
118 1060 1
118 1104 1
118 1131 1
118 1149 1
118 1162 1
118 1275 1
118 1302 1
118 1319 1
118 1356 1
118 1371 1
118 1466 1
118 1479 1
118 1497 1
118 1537 1
118 1601 1
118 1628 1
118 1638 1
118 1696 1
118 1701 1
118 1729 1
118 1762 1
118 1764 1
118 1812 1
118 1890 1
118 1902 1
118 1904 1
119 147 1
119 154 1
119 199 1
119 246 1
119 327 1
119 348 1
119 392 1
119 422 1
119 500 1
119 503 1
119 508 1
119 510 1
119 534 1
119 563 1
119 565 1
119 570 1
119 626 1
119 698 1
119 707 1
119 713 1
119 719 1
119 825 1
119 869 1
119 893 1
119 978 1
119 1040 1
119 1047 1
119 1053 1
119 1103 1
119 1117 1
119 1155 1
119 1156 1
119 1197 1
119 1213 1
119 1225 1
119 1280 1
119 1284 1
119 1334 1
119 1386 1
119 1406 1
119 1461 1
119 1509 1
119 1511 1
119 1527 1
119 1543 1
119 1633 1
119 1680 1
119 1696 1
119 1700 1
119 1732 1
119 1783 1
119 1830 1
119 1869 1
119 1881 1
119 1937 1
119 1939 1
119 1946 1
120 144 1
120 342 1
120 441 1
120 459 1
120 460 1
120 495 1
120 515 1
120 548 1
120 658 1
120 678 1
120 700 1
120 709 1
120 770 1
120 865 1
120 874 1
120 918 1
120 931 1
120 935 1
120 1024 1
120 1036 1
120 1103 1
120 1144 1
120 1163 1
120 1198 1
120 1234 1
120 1270 1
120 1271 1
120 1283 1
120 1295 1
120 1310 1
120 1323 1
120 1433 1
120 1470 1
120 1473 1
120 1554 1
120 1619 1
120 1622 1
120 1649 1
120 1673 1
120 1902 1
120 1914 1
120 1937 1
120 1982 1
121 202 1
121 240 1
121 245 1
121 297 1
121 379 1
121 416 1
121 490 1
121 522 1
121 524 1
121 600 1
121 632 1
121 638 1
121 661 1
121 695 1
121 706 1
121 752 1
121 790 1
121 917 1
121 938 1
121 955 1
121 988 1
121 1069 1
121 1079 1
121 1260 1
121 1269 1
121 1301 1
121 1415 1
121 1421 1
121 1428 1
121 1430 1
121 1445 1
121 1449 1
121 1467 1
121 1471 1
121 1472 1
121 1486 1
121 1558 1
121 1605 1
121 1628 1
121 1661 1
121 1671 1
121 1680 1
121 1766 1
121 1785 1
121 1853 1
121 1903 1
121 1912 1
121 1931 1
122 125 1
122 143 1
122 224 1
122 228 1
122 283 1
122 338 1
122 361 1
122 368 1
122 387 1
122 395 1
122 454 1
122 499 1
122 505 1
122 523 1
122 525 1
122 584 1
122 586 1
122 610 1
122 612 1
122 661 1
122 681 1
122 730 1
122 821 1
122 1022 1
122 1030 1
122 1061 1
122 1095 1
122 1123 1
122 1192 1
122 1236 1
122 1245 1
122 1267 1
122 1341 1
122 1387 1
122 1408 1
122 1411 1
122 1430 1
122 1437 1
122 1463 1
122 1552 1
122 1603 1
122 1742 1
122 1770 1
122 1808 1
122 1868 1
122 1940 1
122 1943 1
123 165 1
123 174 1
123 185 1
123 188 1
123 203 1
123 276 1
123 328 1
123 469 1
123 498 1
123 571 1
123 739 1
123 844 1
123 847 1
123 856 1
123 863 1
123 915 1
123 943 1
123 1050 1
123 1074 1
123 1087 1
123 1131 1
123 1146 1
123 1160 1
123 1184 1
123 1242 1
123 1281 1
123 1355 1
123 1436 1
123 1456 1
123 1506 1
123 1517 1
123 1518 1
123 1545 1
123 1583 1
123 1691 1
123 1757 1
123 1810 1
123 1854 1
123 1893 1
123 1945 1
123 1951 1
124 137 1
124 141 1
124 167 1
124 227 1
124 243 1
124 271 1
124 320 1
124 325 1
124 434 1
124 446 1
124 452 1
124 508 1
124 530 1
124 598 1
124 613 1
124 622 1
124 659 1
124 670 1
124 672 1
124 759 1
124 786 1
124 800 1
124 813 1
124 940 1
124 964 1
124 968 1
124 1029 1
124 1111 1
124 1158 1
124 1220 1
124 1348 1
124 1363 1
124 1388 1
124 1431 1
124 1437 1
124 1470 1
124 1479 1
124 1535 1
124 1538 1
124 1553 1
124 1555 1
124 1674 1
124 1723 1
124 1758 1
124 1786 1
124 1791 1
124 1815 1
124 1825 1
124 1854 1
124 1864 1
124 1875 1
124 1890 1
124 1946 1
124 1973 1
125 144 1
125 145 1
125 173 1
125 246 1
125 262 1
125 359 1
125 377 1
125 446 1
125 455 1
125 486 1
125 491 1
125 669 1
125 703 1
125 824 1
125 834 1
125 963 1
125 1011 1
125 1020 1
125 1046 1
125 1085 1
125 1087 1
125 1152 1
125 1154 1
125 1176 1
125 1205 1
125 1206 1
125 1215 1
125 1334 1
125 1379 1
125 1394 1
125 1435 1
125 1481 1
125 1535 1
125 1573 1
125 1634 1
125 1667 1
125 1746 1
125 1762 1
125 1824 1
125 1882 1
125 1885 1
125 1919 1
125 1970 1
126 172 1
126 184 1
126 196 1
126 219 1
126 346 1
126 394 1
126 418 1
126 432 1
126 433 1
126 523 1
126 678 1
126 719 1
126 722 1
126 740 1
126 813 1
126 825 1
126 863 1
126 897 1
126 943 1
126 1049 1
126 1077 1
126 1115 1
126 1136 1
126 1143 1
126 1178 1
126 1281 1
126 1288 1
126 1307 1
126 1342 1
126 1408 1
126 1420 1
126 1444 1
126 1536 1
126 1599 1
126 1600 1
126 1635 1
126 1676 1
126 1699 1
126 1717 1
126 1820 1
126 1958 1
127 129 1
127 156 1
127 237 1
127 250 1
127 291 1
127 306 1
127 327 1
127 334 1
127 351 1
127 361 1
127 490 1
127 512 1
127 578 1
127 595 1
127 623 1
127 637 1
127 701 1
127 722 1
127 775 1
127 810 1
127 853 1
127 905 1
127 937 1
127 955 1
127 1035 1
127 1102 1
127 1105 1
127 1106 1
127 1112 1
127 1129 1
127 1163 1
127 1177 1
127 1219 1
127 1339 1
127 1492 1
127 1551 1
127 1643 1
127 1737 1
127 1814 1
127 1816 1
127 1825 1
127 1826 1
127 1909 1
127 1911 1
127 1927 1
127 1983 1
127 1992 1
128 163 1
128 204 1
128 210 1
128 330 1
128 391 1
128 421 1
128 483 1
128 525 1
128 547 1
128 550 1
128 590 1
128 604 1
128 637 1
128 647 1
128 774 1
128 846 1
128 996 1
128 1063 1
128 1065 1
128 1108 1
128 1126 1
128 1165 1
128 1167 1
128 1231 1
128 1244 1
128 1372 1
128 1442 1
128 1446 1
128 1481 1
128 1487 1
128 1505 1
128 1538 1
128 1552 1
128 1566 1
128 1599 1
128 1604 1
128 1639 1
128 1702 1
128 1712 1
128 1803 1
128 1818 1
128 1859 1
128 1861 1
128 1892 1
128 1906 1
128 1934 1
128 1966 1
128 1968 1
128 1970 1
129 281 1
129 285 1
129 344 1
129 349 1
129 495 1
129 497 1
129 499 1
129 514 1
129 606 1
129 739 1
129 757 1
129 762 1
129 818 1
129 830 1
129 855 1
129 872 1
129 890 1
129 949 1
129 990 1
129 1007 1
129 1053 1
129 1101 1
129 1136 1
129 1222 1
129 1242 1
129 1321 1
129 1384 1
129 1400 1
129 1442 1
129 1569 1
129 1615 1
129 1638 1
129 1649 1
129 1713 1
129 1723 1
129 1735 1
129 1803 1
129 1841 1
129 1905 1
129 1918 1
130 187 1
130 194 1
130 198 1
130 271 1
130 277 1
130 279 1
130 297 1
130 319 1
130 363 1
130 377 1
130 387 1
130 445 1
130 522 1
130 533 1
130 563 1
130 586 1
130 604 1
130 731 1
130 734 1
130 834 1
130 872 1
130 905 1
130 1007 1
130 1093 1
130 1143 1
130 1173 1
130 1220 1
130 1248 1
130 1265 1
130 1309 1
130 1331 1
130 1373 1
130 1387 1
130 1484 1
130 1575 1
130 1584 1
130 1669 1
130 1751 1
130 1841 1
130 1929 1
130 1962 1
130 1966 1
131 200 1
131 269 1
131 280 1
131 390 1
131 395 1
131 436 1
131 441 1
131 500 1
131 583 1
131 595 1
131 634 1
131 647 1
131 683 1
131 724 1
131 757 1
131 797 1
131 850 1
131 856 1
131 873 1
131 906 1
131 1009 1
131 1099 1
131 1113 1
131 1114 1
131 1184 1
131 1249 1
131 1268 1
131 1312 1
131 1316 1
131 1326 1
131 1369 1
131 1435 1
131 1456 1
131 1475 1
131 1504 1
131 1542 1
131 1576 1
131 1599 1
131 1663 1
131 1697 1
131 1740 1
131 1784 1
131 1818 1
131 1874 1
131 1904 1
131 1932 1
131 1989 1
132 140 1
132 157 1
132 161 1
132 322 1
132 337 1
132 357 1
132 400 1
132 404 1
132 410 1
132 512 1
132 675 1
132 707 1
132 841 1
132 845 1
132 878 1
132 988 1
132 1012 1
132 1036 1
132 1094 1
132 1135 1
132 1148 1
132 1151 1
132 1157 1
132 1184 1
132 1285 1
132 1290 1
132 1487 1
132 1506 1
132 1519 1
132 1525 1
132 1533 1
132 1560 1
132 1645 1
132 1667 1
132 1693 1
132 1707 1
132 1737 1
132 1743 1
132 1756 1
132 1775 1
132 1847 1
132 1852 1
132 1860 1
132 1864 1
132 1875 1
132 1904 1
132 1939 1
132 1994 1
133 150 1
133 158 1
133 180 1
133 193 1
133 210 1
133 217 1
133 228 1
133 229 1
133 282 1
133 288 1
133 307 1
133 348 1
133 365 1
133 393 1
133 397 1
133 414 1
133 416 1
133 420 1
133 441 1
133 510 1
133 617 1
133 642 1
133 686 1
133 710 1
133 776 1
133 802 1
133 834 1
133 1005 1
133 1011 1
133 1012 1
133 1110 1
133 1151 1
133 1164 1
133 1192 1
133 1233 1
133 1276 1
133 1312 1
133 1363 1
133 1389 1
133 1425 1
133 1483 1
133 1511 1
133 1541 1
133 1543 1
133 1616 1
133 1702 1
133 1707 1
133 1775 1
133 1782 1
133 1841 1
133 1858 1
133 1902 1
133 1906 1
133 1909 1
133 1945 1
133 1956 1
133 1966 1
133 1986 1
134 138 1
134 151 1
134 215 1
134 220 1
134 289 1
134 509 1
134 603 1
134 627 1
134 660 1
134 702 1
134 745 1
134 746 1
134 776 1
134 777 1
134 954 1
134 983 1
134 1021 1
134 1139 1
134 1141 1
134 1197 1
134 1273 1
134 1293 1
134 1296 1
134 1328 1
134 1363 1
134 1370 1
134 1380 1
134 1399 1
134 1402 1
134 1431 1
134 1457 1
134 1492 1
134 1496 1
134 1540 1
134 1548 1
134 1620 1
134 1643 1
134 1748 1
134 1771 1
134 1816 1
134 1893 1
134 1899 1
134 1906 1
134 1948 1
134 1977 1
135 138 1
135 188 1
135 208 1
135 241 1
135 245 1
135 281 1
135 307 1
135 321 1
135 329 1
135 339 1
135 385 1
135 407 1
135 414 1
135 425 1
135 498 1
135 540 1
135 574 1
135 599 1
135 603 1
135 613 1
135 658 1
135 774 1
135 786 1
135 823 1
135 830 1
135 850 1
135 896 1
135 951 1
135 963 1
135 968 1
135 990 1
135 1027 1
135 1076 1
135 1219 1
135 1268 1
135 1330 1
135 1332 1
135 1347 1
135 1398 1
135 1437 1
135 1445 1
135 1505 1
135 1555 1
135 1643 1
135 1660 1
135 1743 1
135 1826 1
135 1830 1
135 1836 1
135 1934 1
135 1951 1
135 1954 1
135 1983 1
136 143 1
136 159 1
136 166 1
136 184 1
136 208 1
136 209 1
136 218 1
136 227 1
136 234 1
136 237 1
136 316 1
136 417 1
136 420 1
136 454 1
136 467 1
136 503 1
136 622 1
136 664 1
136 722 1
136 797 1
136 801 1
136 902 1
136 907 1
136 911 1
136 917 1
136 951 1
136 991 1
136 1049 1
136 1137 1
136 1176 1
136 1213 1
136 1266 1
136 1310 1
136 1364 1
136 1382 1
136 1425 1
136 1442 1
136 1458 1
136 1550 1
136 1619 1
136 1670 1
136 1687 1
136 1750 1
136 1832 1
136 1906 1
136 1920 1
136 1968 1
137 139 1
137 165 1
137 194 1
137 259 1
137 316 1
137 345 1
137 376 1
137 384 1
137 400 1
137 412 1
137 416 1
137 679 1
137 688 1
137 700 1
137 773 1
137 845 1
137 884 1
137 899 1
137 1059 1
137 1093 1
137 1097 1
137 1116 1
137 1246 1
137 1261 1
137 1312 1
137 1362 1
137 1424 1
137 1507 1
137 1641 1
137 1662 1
137 1682 1
137 1714 1
137 1768 1
137 1807 1
137 1831 1
137 1879 1
137 1909 1
137 1926 1
137 1931 1
137 1932 1
138 147 1
138 150 1
138 151 1
138 158 1
138 166 1
138 238 1
138 250 1
138 272 1
138 313 1
138 355 1
138 377 1
138 439 1
138 623 1
138 685 1
138 704 1
138 715 1
138 732 1
138 816 1
138 866 1
138 870 1
138 898 1
138 919 1
138 925 1
138 929 1
138 948 1
138 1006 1
138 1014 1
138 1015 1
138 1063 1
138 1064 1
138 1070 1
138 1105 1
138 1122 1
138 1138 1
138 1150 1
138 1211 1
138 1235 1
138 1372 1
138 1399 1
138 1446 1
138 1613 1
138 1640 1
138 1641 1
138 1655 1
138 1712 1
138 1734 1
138 1758 1
138 1792 1
138 1808 1
138 1831 1
138 1836 1
138 1843 1
138 1859 1
138 1915 1
139 205 1
139 244 1
139 272 1
139 294 1
139 429 1
139 495 1
139 497 1
139 511 1
139 522 1
139 553 1
139 617 1
139 620 1
139 628 1
139 634 1
139 648 1
139 736 1
139 738 1
139 743 1
139 745 1
139 786 1
139 804 1
139 822 1
139 852 1
139 886 1
139 907 1
139 945 1
139 978 1
139 982 1
139 994 1
139 1048 1
139 1101 1
139 1109 1
139 1182 1
139 1252 1
139 1276 1
139 1286 1
139 1297 1
139 1335 1
139 1341 1
139 1447 1
139 1456 1
139 1475 1
139 1489 1
139 1490 1
139 1601 1
139 1607 1
139 1628 1
139 1634 1
139 1675 1
139 1751 1
139 1795 1
140 170 1
140 305 1
140 548 1
140 561 1
140 613 1
140 615 1
140 639 1
140 642 1
140 716 1
140 796 1
140 809 1
140 892 1
140 927 1
140 978 1
140 1074 1
140 1091 1
140 1141 1
140 1153 1
140 1189 1
140 1233 1
140 1241 1
140 1275 1
140 1353 1
140 1366 1
140 1461 1
140 1519 1
140 1537 1
140 1544 1
140 1661 1
140 1689 1
140 1706 1
140 1771 1
140 1863 1
140 1866 1
140 1871 1
140 1931 1
140 1958 1
141 200 1
141 234 1
141 283 1
141 300 1
141 313 1
141 339 1
141 398 1
141 524 1
141 531 1
141 550 1
141 582 1
141 669 1
141 671 1
141 681 1
141 683 1
141 732 1
141 774 1
141 787 1
141 823 1
141 883 1
141 947 1
141 962 1
141 967 1
141 1022 1
141 1195 1
141 1245 1
141 1254 1
141 1353 1
141 1403 1
141 1472 1
141 1495 1
141 1534 1
141 1541 1
141 1586 1
141 1640 1
141 1642 1
141 1668 1
141 1749 1
141 1784 1
141 1803 1
141 1815 1
141 1855 1
141 1883 1
141 1944 1
141 1952 1
141 1990 1
142 229 1
142 245 1
142 250 1
142 281 1
142 300 1
142 327 1
142 430 1
142 573 1
142 575 1
142 632 1
142 637 1
142 677 1
142 781 1
142 789 1
142 797 1
142 966 1
142 978 1
142 999 1
142 1060 1
142 1061 1
142 1072 1
142 1112 1
142 1136 1
142 1164 1
142 1203 1
142 1217 1
142 1228 1
142 1281 1
142 1338 1
142 1453 1
142 1489 1
142 1494 1
142 1536 1
142 1545 1
142 1561 1
142 1573 1
142 1577 1
142 1649 1
142 1672 1
142 1674 1
142 1715 1
142 1728 1
142 1828 1
142 1855 1
142 1864 1
142 1918 1
142 1972 1
143 148 1
143 222 1
143 274 1
143 286 1
143 317 1
143 357 1
143 440 1
143 462 1
143 576 1
143 577 1
143 617 1
143 655 1
143 660 1
143 730 1
143 866 1
143 879 1
143 886 1
143 912 1
143 915 1
143 962 1
143 1069 1
143 1099 1
143 1100 1
143 1138 1
143 1197 1
143 1217 1
143 1317 1
143 1372 1
143 1380 1
143 1390 1
143 1418 1
143 1476 1
143 1527 1
143 1579 1
143 1595 1
143 1616 1
143 1628 1
143 1684 1
143 1705 1
143 1739 1
143 1763 1
143 1808 1
143 1888 1
143 1905 1
143 1906 1
143 1950 1
143 1967 1
143 1994 1
144 160 1
144 164 1
144 200 1
144 204 1
144 228 1
144 252 1
144 269 1
144 344 1
144 346 1
144 377 1
144 386 1
144 420 1
144 492 1
144 508 1
144 559 1
144 658 1
144 755 1
144 823 1
144 958 1
144 976 1
144 1034 1
144 1116 1
144 1175 1
144 1198 1
144 1261 1
144 1277 1
144 1456 1
144 1465 1
144 1470 1
144 1474 1
144 1657 1
144 1714 1
144 1758 1
144 1890 1
144 1901 1
144 1993 1
145 172 1
145 206 1
145 381 1
145 418 1
145 419 1
145 487 1
145 498 1
145 557 1
145 600 1
145 604 1
145 629 1
145 674 1
145 678 1
145 731 1
145 739 1
145 762 1
145 798 1
145 900 1
145 945 1
145 970 1
145 971 1
145 1007 1
145 1066 1
145 1085 1
145 1140 1
145 1176 1
145 1187 1
145 1206 1
145 1274 1
145 1276 1
145 1289 1
145 1380 1
145 1413 1
145 1436 1
145 1545 1
145 1546 1
145 1662 1
145 1735 1
145 1791 1
145 1794 1
145 1907 1
146 151 1
146 162 1
146 193 1
146 261 1
146 290 1
146 315 1
146 345 1
146 373 1
146 434 1
146 435 1
146 533 1
146 589 1
146 626 1
146 631 1
146 646 1
146 663 1
146 679 1
146 683 1
146 691 1
146 761 1
146 835 1
146 960 1
146 978 1
146 996 1
146 1096 1
146 1100 1
146 1212 1
146 1236 1
146 1393 1
146 1501 1
146 1504 1
146 1511 1
146 1525 1
146 1540 1
146 1618 1
146 1648 1
146 1801 1
146 1830 1
146 1838 1
146 1840 1
146 1980 1
146 1994 1
147 149 1
147 235 1
147 241 1
147 282 1
147 321 1
147 363 1
147 396 1
147 398 1
147 528 1
147 529 1
147 595 1
147 625 1
147 630 1
147 766 1
147 791 1
147 809 1
147 848 1
147 941 1
147 988 1
147 1025 1
147 1047 1
147 1095 1
147 1097 1
147 1227 1
147 1229 1
147 1242 1
147 1252 1
147 1287 1
147 1381 1
147 1407 1
147 1424 1
147 1487 1
147 1601 1
147 1672 1
147 1709 1
147 1726 1
147 1765 1
147 1766 1
147 1823 1
147 1851 1
147 1893 1
147 1916 1
147 1932 1
147 1956 1
147 1982 1
147 1985 1
148 171 1
148 174 1
148 228 1
148 241 1
148 265 1
148 318 1
148 332 1
148 360 1
148 383 1
148 521 1
148 548 1
148 579 1
148 609 1
148 651 1
148 704 1
148 757 1
148 784 1
148 886 1
148 897 1
148 908 1
148 930 1
148 966 1
148 974 1
148 1045 1
148 1108 1
148 1160 1
148 1182 1
148 1245 1
148 1280 1
148 1302 1
148 1335 1
148 1363 1
148 1467 1
148 1475 1
148 1529 1
148 1546 1
148 1603 1
148 1643 1
148 1699 1
148 1711 1
148 1735 1
148 1806 1
148 1844 1
148 1885 1
148 1894 1
148 1929 1
148 1941 1
149 219 1
149 229 1
149 249 1
149 265 1
149 317 1
149 387 1
149 449 1
149 513 1
149 576 1
149 577 1
149 667 1
149 702 1
149 704 1
149 726 1
149 800 1
149 825 1
149 827 1
149 963 1
149 967 1
149 986 1
149 996 1
149 1029 1
149 1032 1
149 1044 1
149 1092 1
149 1114 1
149 1162 1
149 1234 1
149 1254 1
149 1259 1
149 1265 1
149 1287 1
149 1445 1
149 1561 1
149 1565 1
149 1592 1
149 1660 1
149 1671 1
149 1697 1
149 1735 1
149 1817 1
149 1905 1
149 1996 1
150 165 1
150 291 1
150 331 1
150 410 1
150 415 1
150 445 1
150 520 1
150 526 1
150 587 1
150 595 1
150 597 1
150 616 1
150 627 1
150 707 1
150 769 1
150 828 1
150 860 1
150 889 1
150 953 1
150 967 1
150 978 1
150 1014 1
150 1192 1
150 1273 1
150 1344 1
150 1351 1
150 1371 1
150 1531 1
150 1544 1
150 1575 1
150 1663 1
150 1711 1
150 1736 1
150 1751 1
150 1752 1
150 1832 1
150 1902 1
150 1912 1
151 216 1
151 241 1
151 300 1
151 333 1
151 365 1
151 402 1
151 428 1
151 448 1
151 462 1
151 463 1
151 472 1
151 519 1
151 529 1
151 598 1
151 634 1
151 692 1
151 844 1
151 908 1
151 917 1
151 933 1
151 959 1
151 1003 1
151 1005 1
151 1013 1
151 1054 1
151 1075 1
151 1135 1
151 1137 1
151 1140 1
151 1143 1
151 1200 1
151 1211 1
151 1217 1
151 1255 1
151 1282 1
151 1285 1
151 1310 1
151 1324 1
151 1391 1
151 1473 1
151 1489 1
151 1494 1
151 1542 1
151 1561 1
151 1580 1
151 1606 1
151 1696 1
151 1753 1
151 1859 1
151 1967 1
151 1992 1
151 1997 1
152 240 1
152 310 1
152 420 1
152 439 1
152 453 1
152 461 1
152 562 1
152 603 1
152 616 1
152 622 1
152 658 1
152 915 1
152 957 1
152 1017 1
152 1023 1
152 1081 1
152 1094 1
152 1115 1
152 1155 1
152 1158 1
152 1159 1
152 1186 1
152 1202 1
152 1205 1
152 1234 1
152 1274 1
152 1283 1
152 1304 1
152 1322 1
152 1353 1
152 1393 1
152 1467 1
152 1479 1
152 1489 1
152 1504 1
152 1526 1
152 1557 1
152 1673 1
152 1689 1
152 1695 1
152 1736 1
152 1762 1
152 1769 1
152 1792 1
152 1842 1
152 1891 1
152 1895 1
152 1901 1
152 1910 1
152 1994 1
153 223 1
153 228 1
153 273 1
153 348 1
153 406 1
153 468 1
153 476 1
153 593 1
153 606 1
153 688 1
153 752 1
153 765 1
153 779 1
153 789 1
153 831 1
153 866 1
153 897 1
153 928 1
153 1027 1
153 1076 1
153 1133 1
153 1178 1
153 1184 1
153 1188 1
153 1217 1
153 1252 1
153 1254 1
153 1267 1
153 1337 1
153 1339 1
153 1344 1
153 1369 1
153 1391 1
153 1410 1
153 1473 1
153 1494 1
153 1547 1
153 1722 1
153 1753 1
153 1781 1
153 1804 1
153 1855 1
153 1914 1
153 1915 1
153 1924 1
153 1934 1
153 1959 1
154 217 1
154 226 1
154 245 1
154 251 1
154 264 1
154 268 1
154 373 1
154 399 1
154 404 1
154 418 1
154 431 1
154 444 1
154 493 1
154 526 1
154 547 1
154 566 1
154 571 1
154 670 1
154 703 1
154 760 1
154 771 1
154 876 1
154 929 1
154 1001 1
154 1028 1
154 1043 1
154 1059 1
154 1096 1
154 1103 1
154 1140 1
154 1180 1
154 1210 1
154 1295 1
154 1299 1
154 1380 1
154 1393 1
154 1400 1
154 1417 1
154 1422 1
154 1467 1
154 1486 1
154 1492 1
154 1497 1
154 1525 1
154 1544 1
154 1563 1
154 1621 1
154 1627 1
154 1655 1
154 1676 1
154 1686 1
154 1689 1
154 1690 1
154 1700 1
154 1789 1
154 1837 1
154 1848 1
154 1874 1
154 1989 1
155 193 1
155 247 1
155 312 1
155 359 1
155 520 1
155 567 1
155 776 1
155 803 1
155 841 1
155 942 1
155 946 1
155 976 1
155 1008 1
155 1034 1
155 1060 1
155 1122 1
155 1144 1
155 1178 1
155 1257 1
155 1315 1
155 1334 1
155 1383 1
155 1495 1
155 1565 1
155 1576 1
155 1605 1
155 1609 1
155 1612 1
155 1647 1
155 1653 1
155 1677 1
155 1678 1
155 1683 1
155 1708 1
155 1715 1
155 1720 1
155 1845 1
155 1862 1
155 1899 1
155 1908 1
155 1913 1
155 1953 1
156 168 1
156 187 1
156 276 1
156 293 1
156 335 1
156 447 1
156 454 1
156 475 1
156 570 1
156 613 1
156 625 1
156 755 1
156 846 1
156 888 1
156 897 1
156 997 1
156 1051 1
156 1054 1
156 1070 1
156 1079 1
156 1095 1
156 1101 1
156 1133 1
156 1198 1
156 1231 1
156 1320 1
156 1356 1
156 1357 1
156 1389 1
156 1454 1
156 1486 1
156 1495 1
156 1551 1
156 1571 1
156 1670 1
156 1904 1
156 1954 1
156 1983 1
157 185 1
157 293 1
157 353 1
157 380 1
157 475 1
157 516 1
157 542 1
157 643 1
157 670 1
157 716 1
157 735 1
157 768 1
157 805 1
157 837 1
157 854 1
157 956 1
157 1072 1
157 1074 1
157 1133 1
157 1154 1
157 1223 1
157 1252 1
157 1254 1
157 1288 1
157 1306 1
157 1314 1
157 1325 1
157 1340 1
157 1352 1
157 1390 1
157 1444 1
157 1468 1
157 1493 1
157 1587 1
157 1674 1
157 1761 1
157 1817 1
157 1827 1
157 1855 1
157 1910 1
157 1924 1
157 1929 1
158 216 1
158 248 1
158 250 1
158 301 1
158 390 1
158 393 1
158 410 1
158 424 1
158 464 1
158 545 1
158 666 1
158 670 1
158 673 1
158 685 1
158 705 1
158 708 1
158 726 1
158 744 1
158 757 1
158 759 1
158 787 1
158 792 1
158 795 1
158 845 1
158 848 1
158 914 1
158 943 1
158 974 1
158 976 1
158 999 1
158 1020 1
158 1135 1
158 1146 1
158 1219 1
158 1291 1
158 1315 1
158 1373 1
158 1375 1
158 1459 1
158 1487 1
158 1490 1
158 1608 1
158 1627 1
158 1655 1
158 1674 1
158 1757 1
158 1829 1
158 1946 1
159 177 1
159 189 1
159 195 1
159 232 1
159 254 1
159 266 1
159 299 1
159 351 1
159 429 1
159 455 1
159 472 1
159 550 1
159 580 1
159 590 1
159 626 1
159 651 1
159 701 1
159 724 1
159 726 1
159 794 1
159 857 1
159 880 1
159 910 1
159 928 1
159 962 1
159 1020 1
159 1085 1
159 1141 1
159 1143 1
159 1168 1
159 1357 1
159 1377 1
159 1446 1
159 1480 1
159 1660 1
159 1667 1
159 1673 1
159 1686 1
159 1694 1
159 1713 1
159 1736 1
159 1778 1
159 1821 1
159 1865 1
159 1929 1
159 1952 1
160 224 1
160 311 1
160 352 1
160 409 1
160 467 1
160 479 1
160 481 1
160 526 1
160 647 1
160 721 1
160 748 1
160 764 1
160 779 1
160 869 1
160 957 1
160 970 1
160 1034 1
160 1039 1
160 1164 1
160 1169 1
160 1185 1
160 1202 1
160 1249 1
160 1274 1
160 1355 1
160 1358 1
160 1410 1
160 1433 1
160 1439 1
160 1460 1
160 1471 1
160 1483 1
160 1561 1
160 1574 1
160 1575 1
160 1597 1
160 1667 1
160 1677 1
160 1747 1
160 1748 1
160 1777 1
160 1801 1
160 1823 1
160 1853 1
160 1861 1
160 1900 1
160 1916 1
160 1980 1
161 171 1
161 197 1
161 243 1
161 286 1
161 301 1
161 304 1
161 324 1
161 331 1
161 334 1
161 387 1
161 491 1
161 574 1
161 619 1
161 669 1
161 675 1
161 680 1
161 700 1
161 751 1
161 760 1
161 810 1
161 818 1
161 873 1
161 895 1
161 928 1
161 1060 1
161 1078 1
161 1096 1
161 1124 1
161 1138 1
161 1255 1
161 1345 1
161 1364 1
161 1381 1
161 1405 1
161 1428 1
161 1453 1
161 1499 1
161 1518 1
161 1581 1
161 1598 1
161 1608 1
161 1616 1
161 1625 1
161 1642 1
161 1661 1
161 1699 1
161 1764 1
161 1769 1
161 1811 1
161 1850 1
161 1851 1
161 1869 1
161 1893 1
161 1902 1
161 1903 1
161 1970 1
161 1992 1
162 225 1
162 226 1
162 317 1
162 324 1
162 438 1
162 509 1
162 534 1
162 582 1
162 591 1
162 602 1
162 711 1
162 837 1
162 838 1
162 916 1
162 939 1
162 1002 1
162 1116 1
162 1227 1
162 1233 1
162 1247 1
162 1259 1
162 1291 1
162 1403 1
162 1433 1
162 1443 1
162 1489 1
162 1506 1
162 1517 1
162 1605 1
162 1612 1
162 1617 1
162 1663 1
162 1703 1
162 1727 1
162 1841 1
162 1879 1
162 1899 1
162 1911 1
162 2000 1
163 169 1
163 196 1
163 202 1
163 300 1
163 314 1
163 324 1
163 351 1
163 368 1
163 436 1
163 468 1
163 483 1
163 518 1
163 629 1
163 648 1
163 796 1
163 870 1
163 1015 1
163 1020 1
163 1028 1
163 1059 1
163 1066 1
163 1097 1
163 1138 1
163 1149 1
163 1183 1
163 1230 1
163 1334 1
163 1360 1
163 1375 1
163 1397 1
163 1426 1
163 1488 1
163 1503 1
163 1580 1
163 1593 1
163 1692 1
163 1723 1
163 1782 1
163 1799 1
163 1887 1
164 178 1
164 186 1
164 194 1
164 234 1
164 266 1
164 421 1
164 429 1
164 554 1
164 564 1
164 571 1
164 609 1
164 635 1
164 825 1
164 832 1
164 904 1
164 936 1
164 956 1
164 996 1
164 997 1
164 1002 1
164 1030 1
164 1101 1
164 1111 1
164 1112 1
164 1141 1
164 1158 1
164 1283 1
164 1331 1
164 1341 1
164 1388 1
164 1431 1
164 1448 1
164 1465 1
164 1480 1
164 1488 1
164 1493 1
164 1496 1
164 1537 1
164 1644 1
164 1663 1
164 1753 1
164 1779 1
164 1794 1
164 1796 1
164 1812 1
164 1871 1
164 1904 1
164 1912 1
164 1969 1
164 1977 1
164 1984 1
165 211 1
165 228 1
165 265 1
165 298 1
165 319 1
165 515 1
165 558 1
165 577 1
165 581 1
165 590 1
165 594 1
165 629 1
165 644 1
165 692 1
165 707 1
165 743 1
165 772 1
165 781 1
165 823 1
165 852 1
165 857 1
165 864 1
165 925 1
165 1021 1
165 1037 1
165 1084 1
165 1126 1
165 1151 1
165 1173 1
165 1185 1
165 1219 1
165 1244 1
165 1272 1
165 1356 1
165 1419 1
165 1440 1
165 1462 1
165 1500 1
165 1564 1
165 1605 1
165 1728 1
165 1764 1
165 1774 1
165 1792 1
165 1843 1
165 1900 1
165 1986 1
166 256 1
166 288 1
166 324 1
166 338 1
166 417 1
166 434 1
166 436 1
166 520 1
166 525 1
166 536 1
166 550 1
166 566 1
166 607 1
166 621 1
166 691 1
166 733 1
166 736 1
166 776 1
166 779 1
166 790 1
166 839 1
166 852 1
166 867 1
166 881 1
166 893 1
166 972 1
166 1040 1
166 1123 1
166 1145 1
166 1189 1
166 1194 1
166 1302 1
166 1327 1
166 1328 1
166 1370 1
166 1388 1
166 1394 1
166 1483 1
166 1589 1
166 1617 1
166 1703 1
166 1719 1
166 1741 1
166 1748 1
166 1788 1
166 1809 1
166 1826 1
166 1915 1
166 1949 1
167 208 1
167 246 1
167 247 1
167 272 1
167 289 1
167 387 1
167 460 1
167 517 1
167 606 1
167 678 1
167 731 1
167 732 1
167 753 1
167 839 1
167 895 1
167 982 1
167 993 1
167 1092 1
167 1094 1
167 1125 1
167 1175 1
167 1186 1
167 1200 1
167 1285 1
167 1455 1
167 1472 1
167 1512 1
167 1536 1
167 1541 1
167 1588 1
167 1635 1
167 1649 1
167 1670 1
167 1671 1
167 1715 1
167 1717 1
167 1813 1
167 1944 1
167 1956 1
167 1960 1
168 182 1
168 189 1
168 197 1
168 209 1
168 369 1
168 412 1
168 447 1
168 468 1
168 530 1
168 580 1
168 581 1
168 600 1
168 606 1
168 692 1
168 721 1
168 773 1
168 860 1
168 869 1
168 932 1
168 1023 1
168 1028 1
168 1092 1
168 1119 1
168 1154 1
168 1188 1
168 1191 1
168 1266 1
168 1270 1
168 1349 1
168 1364 1
168 1383 1
168 1417 1
168 1461 1
168 1524 1
168 1548 1
168 1558 1
168 1573 1
168 1595 1
168 1640 1
168 1678 1
168 1685 1
168 1814 1
168 1838 1
168 1847 1
168 1889 1
168 1938 1
168 1962 1
168 1992 1
169 258 1
169 265 1
169 268 1
169 312 1
169 319 1
169 433 1
169 438 1
169 458 1
169 462 1
169 507 1
169 624 1
169 645 1
169 659 1
169 711 1
169 752 1
169 784 1
169 794 1
169 811 1
169 932 1
169 938 1
169 967 1
169 982 1
169 1028 1
169 1079 1
169 1118 1
169 1144 1
169 1206 1
169 1242 1
169 1280 1
169 1284 1
169 1331 1
169 1415 1
169 1548 1
169 1644 1
169 1651 1
169 1708 1
169 1734 1
169 1746 1
169 1775 1
169 1794 1
169 1839 1
169 1873 1
169 1874 1
169 1997 1
170 190 1
170 206 1
170 211 1
170 244 1
170 247 1
170 251 1
170 259 1
170 276 1
170 381 1
170 402 1
170 438 1
170 533 1
170 623 1
170 662 1
170 670 1
170 705 1
170 709 1
170 848 1
170 890 1
170 899 1
170 1112 1
170 1173 1
170 1233 1
170 1237 1
170 1243 1
170 1289 1
170 1291 1
170 1320 1
170 1341 1
170 1363 1
170 1427 1
170 1428 1
170 1487 1
170 1488 1
170 1571 1
170 1642 1
170 1651 1
170 1655 1
170 1684 1
170 1701 1
170 1759 1
170 1848 1
170 1878 1
170 1941 1
171 174 1
171 230 1
171 245 1
171 314 1
171 364 1
171 365 1
171 434 1
171 450 1
171 454 1
171 571 1
171 622 1
171 655 1
171 753 1
171 795 1
171 897 1
171 925 1
171 945 1
171 990 1
171 1022 1
171 1044 1
171 1050 1
171 1059 1
171 1065 1
171 1079 1
171 1175 1
171 1246 1
171 1302 1
171 1312 1
171 1323 1
171 1329 1
171 1346 1
171 1391 1
171 1396 1
171 1457 1
171 1476 1
171 1566 1
171 1648 1
171 1654 1
171 1729 1
171 1802 1
171 1811 1
171 1944 1
171 1988 1
171 1995 1
172 178 1
172 216 1
172 248 1
172 254 1
172 260 1
172 270 1
172 291 1
172 307 1
172 375 1
172 404 1
172 463 1
172 470 1
172 471 1
172 634 1
172 680 1
172 703 1
172 723 1
172 750 1
172 791 1
172 811 1
172 812 1
172 825 1
172 908 1
172 949 1
172 1002 1
172 1016 1
172 1022 1
172 1084 1
172 1121 1
172 1153 1
172 1160 1
172 1239 1
172 1268 1
172 1333 1
172 1376 1
172 1403 1
172 1515 1
172 1541 1
172 1550 1
172 1619 1
172 1702 1
172 1705 1
172 1752 1
172 1755 1
172 1770 1
172 1774 1
172 1783 1
172 1846 1
172 1857 1
172 1899 1
172 1964 1
172 1980 1
172 1996 1
173 183 1
173 216 1
173 264 1
173 294 1
173 330 1
173 337 1
173 346 1
173 383 1
173 387 1
173 410 1
173 417 1
173 458 1
173 484 1
173 509 1
173 525 1
173 546 1
173 547 1
173 580 1
173 636 1
173 741 1
173 805 1
173 832 1
173 876 1
173 980 1
173 1080 1
173 1094 1
173 1192 1
173 1197 1
173 1215 1
173 1216 1
173 1238 1
173 1264 1
173 1268 1
173 1380 1
173 1447 1
173 1450 1
173 1469 1
173 1487 1
173 1534 1
173 1541 1
173 1552 1
173 1609 1
173 1655 1
173 1716 1
173 1749 1
173 1783 1
173 1821 1
173 1885 1
174 235 1
174 237 1
174 254 1
174 461 1
174 482 1
174 521 1
174 565 1
174 583 1
174 602 1
174 641 1
174 663 1
174 672 1
174 678 1
174 699 1
174 815 1
174 862 1
174 905 1
174 954 1
174 971 1
174 1040 1
174 1091 1
174 1254 1
174 1259 1
174 1290 1
174 1294 1
174 1362 1
174 1576 1
174 1720 1
174 1749 1
174 1755 1
174 1768 1
174 1811 1
174 1838 1
174 1927 1
174 1963 1
174 1985 1
175 199 1
175 257 1
175 272 1
175 311 1
175 334 1
175 356 1
175 471 1
175 489 1
175 516 1
175 533 1
175 543 1
175 566 1
175 624 1
175 625 1
175 672 1
175 707 1
175 789 1
175 815 1
175 875 1
175 892 1
175 899 1
175 900 1
175 1002 1
175 1025 1
175 1045 1
175 1048 1
175 1087 1
175 1142 1
175 1145 1
175 1176 1
175 1182 1
175 1201 1
175 1272 1
175 1277 1
175 1307 1
175 1366 1
175 1379 1
175 1393 1
175 1444 1
175 1470 1
175 1537 1
175 1563 1
175 1575 1
175 1596 1
175 1604 1
175 1669 1
175 1711 1
175 1717 1
175 1752 1
175 1813 1
175 1826 1
175 1834 1
175 1882 1
175 1894 1
175 1895 1
175 1942 1
175 1969 1
176 256 1
176 257 1
176 281 1
176 339 1
176 393 1
176 413 1
176 476 1
176 506 1
176 532 1
176 542 1
176 606 1
176 608 1
176 685 1
176 696 1
176 738 1
176 755 1
176 798 1
176 818 1
176 844 1
176 947 1
176 975 1
176 999 1
176 1012 1
176 1061 1
176 1144 1
176 1164 1
176 1178 1
176 1248 1
176 1265 1
176 1318 1
176 1364 1
176 1385 1
176 1439 1
176 1489 1
176 1572 1
176 1581 1
176 1640 1
176 1683 1
176 1755 1
176 1846 1
176 1878 1
176 1905 1
176 1972 1
176 1989 1
177 216 1
177 222 1
177 288 1
177 301 1
177 414 1
177 457 1
177 507 1
177 570 1
177 592 1
177 617 1
177 635 1
177 688 1
177 731 1
177 850 1
177 886 1
177 892 1
177 915 1
177 963 1
177 1068 1
177 1080 1
177 1250 1
177 1261 1
177 1345 1
177 1392 1
177 1399 1
177 1405 1
177 1411 1
177 1435 1
177 1623 1
177 1689 1
177 1753 1
177 1829 1
177 1887 1
177 1997 1
177 2000 1
178 196 1
178 249 1
178 271 1
178 319 1
178 344 1
178 370 1
178 434 1
178 493 1
178 605 1
178 620 1
178 666 1
178 740 1
178 763 1
178 788 1
178 871 1
178 882 1
178 889 1
178 935 1
178 986 1
178 1040 1
178 1076 1
178 1086 1
178 1093 1
178 1095 1
178 1143 1
178 1150 1
178 1215 1
178 1277 1
178 1344 1
178 1400 1
178 1424 1
178 1487 1
178 1553 1
178 1596 1
178 1598 1
178 1609 1
178 1631 1
178 1637 1
178 1669 1
178 1755 1
178 1828 1
178 1978 1
178 1989 1
179 204 1
179 331 1
179 351 1
179 420 1
179 448 1
179 481 1
179 484 1
179 491 1
179 530 1
179 558 1
179 612 1
179 641 1
179 642 1
179 643 1
179 654 1
179 656 1
179 664 1
179 738 1
179 798 1
179 801 1
179 832 1
179 839 1
179 906 1
179 910 1
179 1023 1
179 1047 1
179 1105 1
179 1125 1
179 1140 1
179 1214 1
179 1236 1
179 1270 1
179 1304 1
179 1362 1
179 1386 1
179 1395 1
179 1533 1
179 1601 1
179 1635 1
179 1778 1
179 1834 1
179 1962 1
180 212 1
180 230 1
180 260 1
180 269 1
180 313 1
180 320 1
180 335 1
180 353 1
180 376 1
180 411 1
180 485 1
180 571 1
180 617 1
180 643 1
180 722 1
180 754 1
180 780 1
180 784 1
180 866 1
180 902 1
180 912 1
180 1013 1
180 1026 1
180 1041 1
180 1063 1
180 1135 1
180 1227 1
180 1247 1
180 1294 1
180 1303 1
180 1345 1
180 1406 1
180 1566 1
180 1634 1
180 1663 1
180 1670 1
180 1696 1
180 1898 1
180 1908 1
180 1913 1
180 1966 1
181 262 1
181 267 1
181 293 1
181 307 1
181 322 1
181 328 1
181 348 1
181 381 1
181 405 1
181 413 1
181 495 1
181 506 1
181 522 1
181 545 1
181 558 1
181 589 1
181 624 1
181 664 1
181 671 1
181 691 1
181 839 1
181 875 1
181 905 1
181 909 1
181 982 1
181 1007 1
181 1009 1
181 1056 1
181 1098 1
181 1104 1
181 1159 1
181 1166 1
181 1191 1
181 1208 1
181 1232 1
181 1251 1
181 1268 1
181 1278 1
181 1317 1
181 1326 1
181 1353 1
181 1494 1
181 1541 1
181 1612 1
181 1631 1
181 1644 1
181 1705 1
181 1785 1
181 1807 1
181 1822 1
181 1872 1
181 1879 1
181 1881 1
181 1891 1
181 1930 1
181 1937 1
181 1938 1
182 190 1
182 238 1
182 249 1
182 253 1
182 423 1
182 431 1
182 435 1
182 452 1
182 454 1
182 471 1
182 506 1
182 631 1
182 671 1
182 700 1
182 735 1
182 775 1
182 783 1
182 901 1
182 904 1
182 946 1
182 949 1
182 960 1
182 1029 1
182 1076 1
182 1103 1
182 1119 1
182 1173 1
182 1268 1
182 1287 1
182 1323 1
182 1428 1
182 1439 1
182 1465 1
182 1479 1
182 1491 1
182 1506 1
182 1513 1
182 1517 1
182 1532 1
182 1594 1
182 1637 1
182 1644 1
182 1659 1
182 1661 1
182 1683 1
182 1722 1
182 1725 1
182 1727 1
182 1745 1
182 1766 1
182 1815 1
182 1878 1
182 1916 1
182 1934 1
182 1978 1
182 1985 1
183 262 1
183 304 1
183 354 1
183 361 1
183 403 1
183 469 1
183 506 1
183 740 1
183 768 1
183 837 1
183 844 1
183 898 1
183 900 1
183 997 1
183 1033 1
183 1140 1
183 1185 1
183 1227 1
183 1331 1
183 1347 1
183 1369 1
183 1376 1
183 1382 1
183 1486 1
183 1523 1
183 1586 1
183 1597 1
183 1614 1
183 1652 1
183 1725 1
183 1728 1
183 1761 1
183 1867 1
183 1871 1
183 1983 1
184 191 1
184 218 1
184 219 1
184 391 1
184 407 1
184 486 1
184 500 1
184 508 1
184 529 1
184 594 1
184 596 1
184 610 1
184 668 1
184 674 1
184 675 1
184 728 1
184 777 1
184 794 1
184 842 1
184 911 1
184 956 1
184 959 1
184 1004 1
184 1083 1
184 1188 1
184 1217 1
184 1227 1
184 1276 1
184 1322 1
184 1328 1
184 1332 1
184 1345 1
184 1349 1
184 1407 1
184 1472 1
184 1506 1
184 1510 1
184 1540 1
184 1611 1
184 1657 1
184 1725 1
184 1761 1
184 1778 1
184 1893 1
184 1919 1
184 1994 1
185 204 1
185 227 1
185 246 1
185 286 1
185 331 1
185 366 1
185 425 1
185 460 1
185 470 1
185 481 1
185 501 1
185 547 1
185 615 1
185 673 1
185 674 1
185 676 1
185 710 1
185 719 1
185 736 1
185 790 1
185 851 1
185 884 1
185 899 1
185 929 1
185 980 1
185 1164 1
185 1250 1
185 1283 1
185 1296 1
185 1342 1
185 1519 1
185 1533 1
185 1540 1
185 1685 1
185 1699 1
185 1707 1
185 1709 1
185 1786 1
185 1805 1
185 1842 1
185 1854 1
185 1910 1
185 1929 1
185 1947 1
185 1961 1
185 1962 1
186 196 1
186 267 1
186 274 1
186 334 1
186 342 1
186 427 1
186 448 1
186 509 1
186 516 1
186 536 1
186 558 1
186 582 1
186 604 1
186 696 1
186 727 1
186 782 1
186 800 1
186 827 1
186 868 1
186 871 1
186 957 1
186 961 1
186 987 1
186 996 1
186 1015 1
186 1043 1
186 1045 1
186 1120 1
186 1129 1
186 1235 1
186 1274 1
186 1389 1
186 1458 1
186 1498 1
186 1503 1
186 1562 1
186 1566 1
186 1582 1
186 1642 1
186 1697 1
186 1845 1
186 1849 1
186 1968 1
186 1983 1
186 1991 1
187 217 1
187 245 1
187 322 1
187 333 1
187 336 1
187 503 1
187 508 1
187 531 1
187 549 1
187 589 1
187 601 1
187 607 1
187 622 1
187 645 1
187 757 1
187 768 1
187 809 1
187 834 1
187 869 1
187 908 1
187 911 1
187 1274 1
187 1328 1
187 1383 1
187 1393 1
187 1413 1
187 1445 1
187 1450 1
187 1504 1
187 1507 1
187 1609 1
187 1623 1
187 1636 1
187 1646 1
187 1689 1
187 1722 1
187 1757 1
187 1790 1
187 1797 1
187 1813 1
187 1817 1
187 1843 1
187 1867 1
187 1913 1
187 1957 1
187 1981 1
187 1993 1
188 226 1
188 250 1
188 281 1
188 309 1
188 328 1
188 334 1
188 351 1
188 354 1
188 379 1
188 431 1
188 505 1
188 534 1
188 591 1
188 598 1
188 644 1
188 667 1
188 704 1
188 730 1
188 760 1
188 822 1
188 825 1
188 875 1
188 923 1
188 964 1
188 1024 1
188 1027 1
188 1042 1
188 1087 1
188 1105 1
188 1121 1
188 1126 1
188 1143 1
188 1198 1
188 1200 1
188 1218 1
188 1232 1
188 1248 1
188 1323 1
188 1327 1
188 1336 1
188 1407 1
188 1509 1
188 1523 1
188 1534 1
188 1546 1
188 1565 1
188 1635 1
188 1765 1
188 1830 1
188 1861 1
188 1883 1
188 1894 1
188 1896 1
189 239 1
189 322 1
189 366 1
189 380 1
189 429 1
189 452 1
189 506 1
189 522 1
189 646 1
189 677 1
189 681 1
189 712 1
189 771 1
189 810 1
189 865 1
189 889 1
189 904 1
189 928 1
189 987 1
189 1024 1
189 1060 1
189 1073 1
189 1093 1
189 1207 1
189 1246 1
189 1257 1
189 1314 1
189 1396 1
189 1459 1
189 1685 1
189 1757 1
189 1869 1
189 1886 1
189 1902 1
189 1925 1
189 1982 1
190 195 1
190 338 1
190 345 1
190 386 1
190 406 1
190 435 1
190 480 1
190 593 1
190 601 1
190 606 1
190 620 1
190 634 1
190 646 1
190 669 1
190 708 1
190 730 1
190 799 1
190 810 1
190 871 1
190 909 1
190 941 1
190 992 1
190 1001 1
190 1010 1
190 1053 1
190 1126 1
190 1143 1
190 1187 1
190 1272 1
190 1289 1
190 1297 1
190 1332 1
190 1393 1
190 1495 1
190 1528 1
190 1604 1
190 1652 1
190 1669 1
190 1687 1
190 1703 1
190 1718 1
190 1732 1
190 1763 1
190 1833 1
190 1849 1
190 1903 1
190 1925 1
190 1933 1
190 1982 1
191 210 1
191 347 1
191 357 1
191 366 1
191 386 1
191 429 1
191 531 1
191 534 1
191 545 1
191 604 1
191 693 1
191 750 1
191 761 1
191 778 1
191 779 1
191 784 1
191 822 1
191 895 1
191 934 1
191 956 1
191 1009 1
191 1052 1
191 1074 1
191 1118 1
191 1120 1
191 1122 1
191 1123 1
191 1169 1
191 1227 1
191 1228 1
191 1239 1
191 1293 1
191 1313 1
191 1334 1
191 1358 1
191 1367 1
191 1420 1
191 1506 1
191 1535 1
191 1645 1
191 1671 1
191 1689 1
191 1692 1
191 1761 1
191 1773 1
191 1798 1
191 1807 1
191 1912 1
191 1981 1
192 200 1
192 214 1
192 240 1
192 306 1
192 368 1
192 435 1
192 455 1
192 488 1
192 501 1
192 680 1
192 695 1
192 701 1
192 704 1
192 735 1
192 790 1
192 814 1
192 908 1
192 922 1
192 950 1
192 961 1
192 995 1
192 996 1
192 1016 1
192 1026 1
192 1083 1
192 1139 1
192 1318 1
192 1343 1
192 1354 1
192 1368 1
192 1380 1
192 1416 1
192 1493 1
192 1536 1
192 1573 1
192 1579 1
192 1647 1
192 1739 1
192 1765 1
192 1801 1
192 1803 1
192 1858 1
192 1924 1
192 1963 1
192 1981 1
192 1993 1
193 245 1
193 258 1
193 333 1
193 346 1
193 360 1
193 383 1
193 386 1
193 413 1
193 419 1
193 433 1
193 439 1
193 488 1
193 584 1
193 603 1
193 649 1
193 664 1
193 681 1
193 783 1
193 834 1
193 889 1
193 959 1
193 1008 1
193 1051 1
193 1075 1
193 1094 1
193 1120 1
193 1153 1
193 1155 1
193 1178 1
193 1227 1
193 1261 1
193 1405 1
193 1476 1
193 1544 1
193 1570 1
193 1661 1
193 1670 1
193 1712 1
193 1730 1
193 1794 1
193 1915 1
194 203 1
194 234 1
194 272 1
194 286 1
194 306 1
194 364 1
194 412 1
194 422 1
194 427 1
194 476 1
194 501 1
194 524 1
194 632 1
194 806 1
194 809 1
194 904 1
194 934 1
194 989 1
194 1028 1
194 1078 1
194 1101 1
194 1118 1
194 1152 1
194 1193 1
194 1206 1
194 1219 1
194 1257 1
194 1266 1
194 1373 1
194 1445 1
194 1457 1
194 1560 1
194 1566 1
194 1572 1
194 1686 1
194 1727 1
194 1754 1
194 1807 1
194 1832 1
194 1938 1
194 1955 1
195 228 1
195 283 1
195 301 1
195 311 1
195 319 1
195 434 1
195 506 1
195 530 1
195 548 1
195 618 1
195 626 1
195 661 1
195 664 1
195 689 1
195 702 1
195 742 1
195 798 1
195 799 1
195 802 1
195 829 1
195 893 1
195 918 1
195 932 1
195 952 1
195 962 1
195 965 1
195 997 1
195 1087 1
195 1106 1
195 1129 1
195 1167 1
195 1193 1
195 1216 1
195 1263 1
195 1326 1
195 1407 1
195 1424 1
195 1445 1
195 1461 1
195 1473 1
195 1557 1
195 1621 1
195 1647 1
195 1711 1
195 1744 1
195 1772 1
195 1784 1
195 1809 1
195 1816 1
195 1819 1
195 1856 1
195 1935 1
195 1963 1
196 202 1
196 210 1
196 212 1
196 233 1
196 261 1
196 293 1
196 307 1
196 341 1
196 391 1
196 443 1
196 457 1
196 484 1
196 492 1
196 503 1
196 550 1
196 631 1
196 776 1
196 923 1
196 926 1
196 941 1
196 987 1
196 1010 1
196 1018 1
196 1134 1
196 1189 1
196 1195 1
196 1215 1
196 1217 1
196 1370 1
196 1401 1
196 1420 1
196 1574 1
196 1629 1
196 1719 1
196 1724 1
196 1783 1
196 1820 1
196 1842 1
196 1850 1
196 1883 1
197 244 1
197 276 1
197 277 1
197 300 1
197 328 1
197 344 1
197 362 1
197 420 1
197 444 1
197 469 1
197 478 1
197 503 1
197 518 1
197 542 1
197 636 1
197 682 1
197 693 1
197 740 1
197 796 1
197 811 1
197 818 1
197 866 1
197 880 1
197 929 1
197 974 1
197 1011 1
197 1089 1
197 1273 1
197 1276 1
197 1298 1
197 1369 1
197 1395 1
197 1412 1
197 1418 1
197 1455 1
197 1474 1
197 1492 1
197 1531 1
197 1580 1
197 1637 1
197 1646 1
197 1688 1
197 1706 1
197 1773 1
197 1825 1
197 1866 1
197 1979 1
198 222 1
198 235 1
198 344 1
198 459 1
198 532 1
198 567 1
198 592 1
198 652 1
198 738 1
198 751 1
198 779 1
198 830 1
198 889 1
198 896 1
198 900 1
198 991 1
198 1026 1
198 1082 1
198 1151 1
198 1158 1
198 1244 1
198 1262 1
198 1276 1
198 1333 1
198 1368 1
198 1407 1
198 1420 1
198 1466 1
198 1532 1
198 1584 1
198 1615 1
198 1640 1
198 1670 1
198 1707 1
198 1708 1
198 1758 1
198 1778 1
198 1795 1
198 1879 1
198 1896 1
198 1978 1
199 205 1
199 348 1
199 400 1
199 475 1
199 524 1
199 525 1
199 538 1
199 563 1
199 567 1
199 568 1
199 595 1
199 663 1
199 719 1
199 772 1
199 907 1
199 964 1
199 994 1
199 1120 1
199 1145 1
199 1180 1
199 1284 1
199 1387 1
199 1392 1
199 1440 1
199 1442 1
199 1444 1
199 1473 1
199 1613 1
199 1675 1
199 1720 1
199 1853 1
199 1903 1
199 1922 1
199 1975 1
199 1997 1
200 236 1
200 286 1
200 300 1
200 369 1
200 437 1
200 477 1
200 536 1
200 645 1
200 732 1
200 750 1
200 757 1
200 769 1
200 817 1
200 842 1
200 863 1
200 865 1
200 899 1
200 912 1
200 946 1
200 983 1
200 1022 1
200 1061 1
200 1123 1
200 1170 1
200 1223 1
200 1244 1
200 1276 1
200 1296 1
200 1302 1
200 1309 1
200 1369 1
200 1370 1
200 1376 1
200 1659 1
200 1682 1
200 1810 1
200 1833 1
200 1854 1
200 1871 1
200 1875 1
200 1884 1
200 1889 1
200 1919 1
200 1921 1
200 1930 1
201 323 1
201 355 1
201 406 1
201 420 1
201 426 1
201 473 1
201 574 1
201 641 1
201 936 1
201 966 1
201 1002 1
201 1064 1
201 1120 1
201 1176 1
201 1355 1
201 1367 1
201 1413 1
201 1456 1
201 1462 1
201 1508 1
201 1615 1
201 1684 1
201 1761 1
201 1817 1
201 1860 1
201 1872 1
201 1878 1
201 1903 1
201 1908 1
201 1917 1
201 1942 1
201 1947 1
201 1982 1
201 1997 1
202 223 1
202 224 1
202 325 1
202 341 1
202 357 1
202 403 1
202 418 1
202 468 1
202 559 1
202 611 1
202 613 1
202 631 1
202 779 1
202 835 1
202 870 1
202 881 1
202 920 1
202 1040 1
202 1107 1
202 1121 1
202 1152 1
202 1218 1
202 1258 1
202 1407 1
202 1443 1
202 1470 1
202 1511 1
202 1537 1
202 1555 1
202 1587 1
202 1598 1
202 1610 1
202 1636 1
202 1642 1
202 1691 1
202 1783 1
202 1836 1
202 1904 1
202 1910 1
202 1945 1
202 1955 1
203 206 1
203 252 1
203 267 1
203 291 1
203 295 1
203 297 1
203 302 1
203 307 1
203 319 1
203 391 1
203 402 1
203 424 1
203 471 1
203 497 1
203 516 1
203 592 1
203 612 1
203 720 1
203 721 1
203 730 1
203 830 1
203 833 1
203 984 1
203 992 1
203 1092 1
203 1098 1
203 1124 1
203 1184 1
203 1203 1
203 1222 1
203 1276 1
203 1292 1
203 1359 1
203 1417 1
203 1495 1
203 1535 1
203 1616 1
203 1636 1
203 1662 1
203 1733 1
203 1754 1
203 1763 1
203 1814 1
203 1816 1
203 1879 1
203 2000 1
204 217 1
204 315 1
204 347 1
204 421 1
204 475 1
204 482 1
204 493 1
204 495 1
204 537 1
204 610 1
204 629 1
204 637 1
204 650 1
204 734 1
204 785 1
204 867 1
204 925 1
204 938 1
204 984 1
204 996 1
204 1014 1
204 1035 1
204 1042 1
204 1058 1
204 1063 1
204 1120 1
204 1146 1
204 1165 1
204 1173 1
204 1217 1
204 1318 1
204 1415 1
204 1419 1
204 1448 1
204 1451 1
204 1464 1
204 1477 1
204 1489 1
204 1490 1
204 1528 1
204 1604 1
204 1777 1
204 1817 1
204 1929 1
204 1953 1
204 1966 1
204 1980 1
205 227 1
205 283 1
205 320 1
205 322 1
205 380 1
205 401 1
205 421 1
205 447 1
205 491 1
205 573 1
205 618 1
205 681 1
205 718 1
205 765 1
205 779 1
205 855 1
205 867 1
205 934 1
205 967 1
205 971 1
205 1006 1
205 1019 1
205 1113 1
205 1145 1
205 1163 1
205 1201 1
205 1203 1
205 1216 1
205 1346 1
205 1413 1
205 1448 1
205 1493 1
205 1497 1
205 1559 1
205 1619 1
205 1628 1
205 1643 1
205 1669 1
205 1716 1
205 1761 1
205 1871 1
205 1887 1
205 1889 1
205 1942 1
205 1949 1
206 239 1
206 279 1
206 343 1
206 381 1
206 390 1
206 399 1
206 444 1
206 446 1
206 496 1
206 512 1
206 634 1
206 653 1
206 654 1
206 669 1
206 718 1
206 722 1
206 753 1
206 795 1
206 832 1
206 919 1
206 951 1
206 1008 1
206 1033 1
206 1153 1
206 1251 1
206 1302 1
206 1374 1
206 1625 1
206 1637 1
206 1638 1
206 1714 1
206 1732 1
206 1918 1
206 1934 1
206 1971 1
207 213 1
207 232 1
207 247 1
207 279 1
207 300 1
207 302 1
207 351 1
207 355 1
207 383 1
207 398 1
207 462 1
207 579 1
207 657 1
207 742 1
207 743 1
207 771 1
207 799 1
207 828 1
207 832 1
207 857 1
207 900 1
207 1061 1
207 1073 1
207 1075 1
207 1094 1
207 1132 1
207 1133 1
207 1167 1
207 1187 1
207 1262 1
207 1322 1
207 1341 1
207 1382 1
207 1490 1
207 1497 1
207 1527 1
207 1658 1
207 1723 1
207 1799 1
207 1802 1
207 1812 1
207 1873 1
207 1947 1
207 1960 1
207 1989 1
207 2000 1
208 209 1
208 212 1
208 224 1
208 260 1
208 275 1
208 281 1
208 283 1
208 318 1
208 336 1
208 364 1
208 568 1
208 639 1
208 708 1
208 736 1
208 752 1
208 809 1
208 817 1
208 918 1
208 952 1
208 991 1
208 992 1
208 1151 1
208 1157 1
208 1174 1
208 1187 1
208 1291 1
208 1341 1
208 1400 1
208 1572 1
208 1573 1
208 1601 1
208 1673 1
208 1690 1
208 1756 1
208 1828 1
208 1937 1
208 1963 1
208 1965 1
208 1979 1
209 214 1
209 261 1
209 331 1
209 368 1
209 382 1
209 385 1
209 397 1
209 404 1
209 479 1
209 503 1
209 519 1
209 539 1
209 550 1
209 574 1
209 641 1
209 646 1
209 651 1
209 655 1
209 660 1
209 662 1
209 751 1
209 779 1
209 821 1
209 854 1
209 915 1
209 923 1
209 939 1
209 957 1
209 964 1
209 968 1
209 1036 1
209 1095 1
209 1112 1
209 1195 1
209 1226 1
209 1278 1
209 1303 1
209 1316 1
209 1319 1
209 1329 1
209 1351 1
209 1400 1
209 1442 1
209 1489 1
209 1570 1
209 1593 1
209 1758 1
209 1766 1
209 1771 1
209 1810 1
209 1829 1
209 1849 1
209 1866 1
209 1917 1
209 1987 1
210 218 1
210 278 1
210 311 1
210 364 1
210 369 1
210 475 1
210 494 1
210 530 1
210 562 1
210 592 1
210 603 1
210 607 1
210 624 1
210 635 1
210 640 1
210 654 1
210 868 1
210 870 1
210 968 1
210 992 1
210 1051 1
210 1072 1
210 1097 1
210 1152 1
210 1158 1
210 1161 1
210 1219 1
210 1265 1
210 1272 1
210 1334 1
210 1353 1
210 1374 1
210 1597 1
210 1599 1
210 1700 1
210 1733 1
210 1744 1
210 1788 1
210 1792 1
210 1841 1
210 1867 1
210 1885 1
211 212 1
211 213 1
211 300 1
211 400 1
211 401 1
211 512 1
211 513 1
211 537 1
211 554 1
211 562 1
211 587 1
211 603 1
211 666 1
211 768 1
211 797 1
211 806 1
211 843 1
211 869 1
211 881 1
211 956 1
211 1031 1
211 1063 1
211 1103 1
211 1121 1
211 1165 1
211 1168 1
211 1290 1
211 1426 1
211 1564 1
211 1576 1
211 1592 1
211 1595 1
211 1623 1
211 1634 1
211 1727 1
211 1778 1
211 1836 1
211 1861 1
211 1869 1
211 1899 1
211 1900 1
211 1901 1
211 1908 1
211 1931 1
212 259 1
212 283 1
212 300 1
212 350 1
212 355 1
212 364 1
212 459 1
212 463 1
212 478 1
212 510 1
212 527 1
212 537 1
212 547 1
212 558 1
212 612 1
212 643 1
212 644 1
212 658 1
212 683 1
212 702 1
212 737 1
212 747 1
212 781 1
212 903 1
212 917 1
212 928 1
212 936 1
212 948 1
212 967 1
212 1045 1
212 1057 1
212 1086 1
212 1093 1
212 1173 1
212 1186 1
212 1210 1
212 1223 1
212 1236 1
212 1273 1
212 1330 1
212 1334 1
212 1368 1
212 1375 1
212 1379 1
212 1523 1
212 1540 1
212 1632 1
212 1747 1
212 1780 1
212 1799 1
212 1821 1
212 1853 1
212 1895 1
212 1938 1
213 244 1
213 256 1
213 258 1
213 295 1
213 327 1
213 386 1
213 469 1
213 470 1
213 548 1
213 560 1
213 592 1
213 670 1
213 680 1
213 751 1
213 755 1
213 942 1
213 952 1
213 973 1
213 997 1
213 1028 1
213 1075 1
213 1089 1
213 1098 1
213 1116 1
213 1144 1
213 1178 1
213 1249 1
213 1259 1
213 1337 1
213 1367 1
213 1435 1
213 1450 1
213 1471 1
213 1479 1
213 1495 1
213 1497 1
213 1498 1
213 1553 1
213 1601 1
213 1611 1
213 1675 1
213 1679 1
213 1688 1
213 1721 1
213 1725 1
213 1761 1
213 1783 1
213 1787 1
213 1828 1
213 1831 1
213 1836 1
213 1862 1
213 1911 1
213 1928 1
214 217 1
214 245 1
214 256 1
214 322 1
214 333 1
214 337 1
214 373 1
214 388 1
214 423 1
214 462 1
214 498 1
214 504 1
214 599 1
214 612 1
214 724 1
214 734 1
214 752 1
214 754 1
214 766 1
214 772 1
214 782 1
214 807 1
214 821 1
214 834 1
214 846 1
214 852 1
214 867 1
214 884 1
214 885 1
214 912 1
214 922 1
214 954 1
214 989 1
214 1059 1
214 1110 1
214 1117 1
214 1165 1
214 1178 1
214 1224 1
214 1239 1
214 1248 1
214 1261 1
214 1306 1
214 1320 1
214 1384 1
214 1389 1
214 1404 1
214 1487 1
214 1514 1
214 1538 1
214 1641 1
214 1671 1
214 1674 1
214 1699 1
214 1709 1
214 1718 1
214 1863 1
214 1906 1
214 1929 1
214 1994 1
215 282 1
215 397 1
215 455 1
215 468 1
215 504 1
215 519 1
215 527 1
215 535 1
215 564 1
215 622 1
215 668 1
215 719 1
215 763 1
215 922 1
215 928 1
215 1013 1
215 1040 1
215 1069 1
215 1077 1
215 1117 1
215 1121 1
215 1136 1
215 1197 1
215 1213 1
215 1295 1
215 1328 1
215 1353 1
215 1425 1
215 1466 1
215 1488 1
215 1529 1
215 1537 1
215 1588 1
215 1590 1
215 1596 1
215 1600 1
215 1629 1
215 1634 1
215 1681 1
215 1689 1
215 1697 1
215 1713 1
215 1717 1
215 1751 1
215 1821 1
215 1874 1
215 1944 1
215 1975 1
216 224 1
216 248 1
216 271 1
216 442 1
216 444 1
216 445 1
216 478 1
216 595 1
216 674 1
216 703 1
216 764 1
216 814 1
216 828 1
216 844 1
216 873 1
216 924 1
216 930 1
216 1129 1
216 1149 1
216 1165 1
216 1171 1
216 1259 1
216 1275 1
216 1311 1
216 1321 1
216 1365 1
216 1412 1
216 1462 1
216 1474 1
216 1477 1
216 1564 1
216 1591 1
216 1633 1
216 1652 1
216 1689 1
216 1706 1
216 1736 1
216 1784 1
216 1797 1
216 1799 1
216 1814 1
216 1880 1
216 1962 1
217 241 1
217 261 1
217 275 1
217 411 1
217 557 1
217 561 1
217 601 1
217 641 1
217 784 1
217 792 1
217 802 1
217 829 1
217 840 1
217 887 1
217 924 1
217 941 1
217 1028 1
217 1076 1
217 1232 1
217 1291 1
217 1438 1
217 1511 1
217 1565 1
217 1638 1
217 1653 1
217 1656 1
217 1734 1
217 1736 1
217 1764 1
217 1850 1
217 1885 1
217 1940 1
217 1954 1
217 1979 1
218 229 1
218 288 1
218 317 1
218 343 1
218 374 1
218 385 1
218 391 1
218 393 1
218 497 1
218 544 1
218 580 1
218 585 1
218 649 1
218 694 1
218 701 1
218 717 1
218 721 1
218 832 1
218 837 1
218 896 1
218 952 1
218 1022 1
218 1084 1
218 1085 1
218 1154 1
218 1192 1
218 1220 1
218 1250 1
218 1357 1
218 1415 1
218 1427 1
218 1460 1
218 1461 1
218 1478 1
218 1496 1
218 1502 1
218 1513 1
218 1558 1
218 1593 1
218 1622 1
218 1653 1
218 1708 1
218 1807 1
219 256 1
219 287 1
219 300 1
219 399 1
219 521 1
219 539 1
219 555 1
219 558 1
219 640 1
219 656 1
219 669 1
219 713 1
219 782 1
219 819 1
219 851 1
219 874 1
219 876 1
219 883 1
219 920 1
219 936 1
219 955 1
219 964 1
219 1042 1
219 1043 1
219 1070 1
219 1075 1
219 1083 1
219 1088 1
219 1150 1
219 1151 1
219 1161 1
219 1182 1
219 1243 1
219 1325 1
219 1435 1
219 1497 1
219 1563 1
219 1662 1
219 1707 1
219 1751 1
219 1803 1
219 1835 1
219 1851 1
219 1901 1
219 1903 1
219 1914 1
219 1921 1
219 1944 1
219 1958 1
219 1994 1
219 1999 1
220 262 1
220 284 1
220 288 1
220 295 1
220 305 1
220 423 1
220 447 1
220 483 1
220 489 1
220 644 1
220 677 1
220 682 1
220 693 1
220 698 1
220 779 1
220 852 1
220 914 1
220 918 1
220 919 1
220 959 1
220 980 1
220 1021 1
220 1084 1
220 1161 1
220 1184 1
220 1218 1
220 1223 1
220 1263 1
220 1265 1
220 1272 1
220 1313 1
220 1326 1
220 1335 1
220 1340 1
220 1555 1
220 1597 1
220 1613 1
220 1624 1
220 1802 1
220 1812 1
220 1819 1
220 1831 1
220 1859 1
220 1890 1
220 1919 1
220 1938 1
220 1958 1
221 264 1
221 294 1
221 361 1
221 401 1
221 402 1
221 454 1
221 455 1
221 461 1
221 463 1
221 474 1
221 509 1
221 553 1
221 620 1
221 693 1
221 723 1
221 747 1
221 748 1
221 771 1
221 778 1
221 799 1
221 956 1
221 988 1
221 989 1
221 1007 1
221 1023 1
221 1040 1
221 1060 1
221 1160 1
221 1174 1
221 1238 1
221 1245 1
221 1249 1
221 1254 1
221 1270 1
221 1273 1
221 1277 1
221 1297 1
221 1360 1
221 1464 1
221 1506 1
221 1517 1
221 1577 1
221 1626 1
221 1772 1
221 1935 1
221 1942 1
221 1954 1
221 1967 1
222 223 1
222 301 1
222 413 1
222 453 1
222 479 1
222 528 1
222 588 1
222 632 1
222 649 1
222 677 1
222 857 1
222 920 1
222 924 1
222 1013 1
222 1015 1
222 1120 1
222 1135 1
222 1147 1
222 1155 1
222 1255 1
222 1266 1
222 1315 1
222 1383 1
222 1415 1
222 1461 1
222 1466 1
222 1479 1
222 1494 1
222 1515 1
222 1518 1
222 1544 1
222 1572 1
222 1626 1
222 1632 1
222 1669 1
222 1678 1
222 1717 1
222 1719 1
222 1732 1
222 1764 1
222 1854 1
222 1860 1
222 1869 1
222 1900 1
222 1905 1
223 225 1
223 239 1
223 247 1
223 260 1
223 264 1
223 295 1
223 299 1
223 306 1
223 379 1
223 457 1
223 624 1
223 668 1
223 736 1
223 769 1
223 841 1
223 850 1
223 894 1
223 953 1
223 956 1
223 1000 1
223 1035 1
223 1130 1
223 1159 1
223 1210 1
223 1285 1
223 1287 1
223 1353 1
223 1361 1
223 1430 1
223 1486 1
223 1513 1
223 1522 1
223 1529 1
223 1599 1
223 1620 1
223 1634 1
223 1649 1
223 1700 1
223 1704 1
223 1728 1
223 1814 1
223 1852 1
224 271 1
224 275 1
224 446 1
224 501 1
224 573 1
224 579 1
224 586 1
224 592 1
224 634 1
224 686 1
224 692 1
224 696 1
224 713 1
224 798 1
224 826 1
224 875 1
224 1028 1
224 1050 1
224 1051 1
224 1255 1
224 1272 1
224 1332 1
224 1389 1
224 1408 1
224 1433 1
224 1505 1
224 1532 1
224 1628 1
224 1660 1
224 1709 1
224 1806 1
224 1815 1
224 1837 1
224 1855 1
224 1892 1
224 1893 1
224 1919 1
224 1924 1
225 248 1
225 249 1
225 269 1
225 330 1
225 336 1
225 351 1
225 363 1
225 386 1
225 436 1
225 438 1
225 467 1
225 516 1
225 517 1
225 605 1
225 611 1
225 663 1
225 698 1
225 735 1
225 742 1
225 765 1
225 838 1
225 849 1
225 911 1
225 1058 1
225 1087 1
225 1105 1
225 1174 1
225 1218 1
225 1269 1
225 1293 1
225 1322 1
225 1323 1
225 1349 1
225 1350 1
225 1425 1
225 1426 1
225 1543 1
225 1671 1
225 1685 1
225 1707 1
225 1726 1
225 1851 1
225 1872 1
225 1934 1
225 1942 1
225 1959 1
225 1989 1
226 240 1
226 264 1
226 319 1
226 365 1
226 431 1
226 448 1
226 450 1
226 484 1
226 518 1
226 527 1
226 556 1
226 557 1
226 627 1
226 643 1
226 683 1
226 713 1
226 715 1
226 821 1
226 841 1
226 913 1
226 1035 1
226 1046 1
226 1051 1
226 1105 1
226 1159 1
226 1232 1
226 1275 1
226 1280 1
226 1284 1
226 1420 1
226 1492 1
226 1503 1
226 1522 1
226 1550 1
226 1574 1
226 1613 1
226 1615 1
226 1664 1
226 1728 1
226 1753 1
226 1763 1
226 1765 1
226 1816 1
226 1820 1
226 1855 1
226 1890 1
226 1932 1
226 1941 1
226 1963 1
226 1971 1
227 251 1
227 284 1
227 422 1
227 429 1
227 468 1
227 477 1
227 509 1
227 517 1
227 552 1
227 600 1
227 636 1
227 642 1
227 647 1
227 648 1
227 703 1
227 732 1
227 846 1
227 850 1
227 870 1
227 886 1
227 934 1
227 939 1
227 963 1
227 1003 1
227 1022 1
227 1092 1
227 1105 1
227 1149 1
227 1181 1
227 1196 1
227 1233 1
227 1243 1
227 1263 1
227 1365 1
227 1383 1
227 1447 1
227 1476 1
227 1532 1
227 1534 1
227 1542 1
227 1587 1
227 1606 1
227 1670 1
227 1702 1
227 1735 1
227 1768 1
227 1785 1
227 1799 1
227 1805 1
227 1815 1
227 1816 1
227 1829 1
227 1875 1
227 1881 1
227 1919 1
227 1942 1
227 1978 1
227 1979 1
227 1985 1
227 1993 1
228 244 1
228 336 1
228 381 1
228 384 1
228 463 1
228 504 1
228 545 1
228 561 1
228 599 1
228 647 1
228 721 1
228 734 1
228 773 1
228 791 1
228 795 1
228 880 1
228 964 1
228 1007 1
228 1028 1
228 1100 1
228 1150 1
228 1189 1
228 1285 1
228 1364 1
228 1394 1
228 1409 1
228 1450 1
228 1454 1
228 1490 1
228 1510 1
228 1525 1
228 1546 1
228 1554 1
228 1574 1
228 1580 1
228 1715 1
228 1766 1
228 1770 1
228 1775 1
228 1780 1
228 1789 1
228 1794 1
228 1808 1
228 1837 1
228 1848 1
228 1959 1
228 1972 1
228 1988 1
229 245 1
229 249 1
229 320 1
229 374 1
229 377 1
229 491 1
229 505 1
229 546 1
229 628 1
229 631 1
229 661 1
229 768 1
229 771 1
229 839 1
229 875 1
229 878 1
229 940 1
229 949 1
229 976 1
229 981 1
229 996 1
229 997 1
229 1012 1
229 1069 1
229 1083 1
229 1084 1
229 1121 1
229 1130 1
229 1133 1
229 1245 1
229 1248 1
229 1263 1
229 1273 1
229 1364 1
229 1370 1
229 1377 1
229 1422 1
229 1437 1
229 1495 1
229 1634 1
229 1669 1
229 1671 1
229 1778 1
229 1860 1
229 1922 1
229 1943 1
229 1992 1
230 237 1
230 280 1
230 318 1
230 327 1
230 351 1
230 354 1
230 418 1
230 434 1
230 439 1
230 516 1
230 556 1
230 592 1
230 673 1
230 675 1
230 711 1
230 721 1
230 730 1
230 783 1
230 798 1
230 825 1
230 837 1
230 925 1
230 933 1
230 967 1
230 977 1
230 1024 1
230 1061 1
230 1066 1
230 1240 1
230 1244 1
230 1289 1
230 1313 1
230 1356 1
230 1357 1
230 1408 1
230 1532 1
230 1541 1
230 1594 1
230 1602 1
230 1671 1
230 1702 1
230 1854 1
230 1894 1
230 1942 1
231 342 1
231 363 1
231 370 1
231 431 1
231 559 1
231 563 1
231 596 1
231 637 1
231 683 1
231 712 1
231 719 1
231 726 1
231 753 1
231 760 1
231 827 1
231 851 1
231 922 1
231 965 1
231 1011 1
231 1121 1
231 1175 1
231 1192 1
231 1237 1
231 1242 1
231 1296 1
231 1300 1
231 1360 1
231 1519 1
231 1526 1
231 1528 1
231 1586 1
231 1624 1
231 1643 1
231 1742 1
231 1753 1
231 1765 1
231 1797 1
231 1852 1
231 1879 1
231 1934 1
231 1935 1
231 1955 1
232 318 1
232 341 1
232 392 1
232 415 1
232 419 1
232 429 1
232 439 1
232 491 1
232 561 1
232 596 1
232 601 1
232 671 1
232 696 1
232 705 1
232 759 1
232 797 1
232 828 1
232 952 1
232 990 1
232 1010 1
232 1017 1
232 1032 1
232 1054 1
232 1073 1
232 1102 1
232 1131 1
232 1176 1
232 1354 1
232 1432 1
232 1488 1
232 1510 1
232 1548 1
232 1567 1
232 1593 1
232 1686 1
232 1725 1
232 1793 1
232 1868 1
232 1889 1
232 1894 1
232 1978 1
233 241 1
233 245 1
233 251 1
233 282 1
233 310 1
233 318 1
233 394 1
233 411 1
233 461 1
233 545 1
233 579 1
233 590 1
233 703 1
233 704 1
233 709 1
233 722 1
233 738 1
233 739 1
233 776 1
233 805 1
233 950 1
233 1077 1
233 1080 1
233 1082 1
233 1192 1
233 1205 1
233 1264 1
233 1290 1
233 1293 1
233 1347 1
233 1379 1
233 1412 1
233 1432 1
233 1476 1
233 1676 1
233 1686 1
233 1722 1
233 1758 1
233 1792 1
233 1815 1
233 1841 1
233 1866 1
233 1918 1
234 247 1
234 268 1
234 339 1
234 348 1
234 394 1
234 430 1
234 683 1
234 725 1
234 765 1
234 813 1
234 838 1
234 841 1
234 963 1
234 988 1
234 1037 1
234 1080 1
234 1113 1
234 1136 1
234 1196 1
234 1214 1
234 1229 1
234 1355 1
234 1373 1
234 1385 1
234 1393 1
234 1401 1
234 1402 1
234 1437 1
234 1485 1
234 1494 1
234 1498 1
234 1598 1
234 1605 1
234 1612 1
234 1646 1
234 1673 1
234 1736 1
234 1747 1
234 1871 1
234 1883 1
234 1927 1
234 1947 1
234 1954 1
234 1982 1
234 1992 1
234 1994 1
235 304 1
235 353 1
235 357 1
235 446 1
235 456 1
235 499 1
235 520 1
235 559 1
235 614 1
235 622 1
235 626 1
235 662 1
235 869 1
235 884 1
235 894 1
235 1016 1
235 1035 1
235 1072 1
235 1075 1
235 1090 1
235 1129 1
235 1352 1
235 1356 1
235 1412 1
235 1428 1
235 1495 1
235 1569 1
235 1605 1
235 1623 1
235 1660 1
235 1692 1
235 1711 1
235 1748 1
235 1770 1
235 1816 1
235 1822 1
235 1852 1
235 1906 1
235 1944 1
235 1963 1
236 238 1
236 353 1
236 362 1
236 408 1
236 512 1
236 540 1
236 590 1
236 635 1
236 641 1
236 686 1
236 696 1
236 749 1
236 763 1
236 798 1
236 890 1
236 908 1
236 912 1
236 946 1
236 972 1
236 1027 1
236 1156 1
236 1224 1
236 1250 1
236 1263 1
236 1360 1
236 1372 1
236 1379 1
236 1478 1
236 1487 1
236 1502 1
236 1567 1
236 1597 1
236 1675 1
236 1731 1
236 1742 1
236 1763 1
236 1815 1
236 1848 1
236 1867 1
236 1870 1
236 1971 1
236 1985 1
236 1994 1
237 258 1
237 323 1
237 358 1
237 367 1
237 375 1
237 484 1
237 535 1
237 583 1
237 593 1
237 602 1
237 641 1
237 699 1
237 755 1
237 759 1
237 794 1
237 802 1
237 840 1
237 868 1
237 895 1
237 985 1
237 991 1
237 1005 1
237 1040 1
237 1087 1
237 1164 1
237 1186 1
237 1205 1
237 1237 1
237 1238 1
237 1271 1
237 1272 1
237 1331 1
237 1397 1
237 1409 1
237 1414 1
237 1424 1
237 1465 1
237 1476 1
237 1506 1
237 1541 1
237 1764 1
237 1805 1
237 1845 1
237 1893 1
237 1972 1
237 1984 1
238 242 1
238 337 1
238 350 1
238 389 1
238 430 1
238 445 1
238 569 1
238 644 1
238 651 1
238 693 1
238 697 1
238 710 1
238 714 1
238 735 1
238 754 1
238 759 1
238 804 1
238 811 1
238 824 1
238 841 1
238 857 1
238 980 1
238 1087 1
238 1131 1
238 1132 1
238 1180 1
238 1226 1
238 1273 1
238 1285 1
238 1312 1
238 1354 1
238 1413 1
238 1539 1
238 1636 1
238 1665 1
238 1713 1
238 1746 1
238 1749 1
238 1940 1
238 1980 1
239 276 1
239 311 1
239 339 1
239 396 1
239 535 1
239 552 1
239 568 1
239 603 1
239 686 1
239 735 1
239 743 1
239 804 1
239 913 1
239 916 1
239 951 1
239 1062 1
239 1124 1
239 1158 1
239 1217 1
239 1251 1
239 1263 1
239 1275 1
239 1352 1
239 1383 1
239 1414 1
239 1544 1
239 1563 1
239 1587 1
239 1601 1
239 1621 1
239 1652 1
239 1716 1
239 1723 1
239 1876 1
239 1900 1
239 1929 1
239 1960 1
239 1973 1
239 1990 1
240 289 1
240 290 1
240 295 1
240 345 1
240 355 1
240 372 1
240 383 1
240 405 1
240 564 1
240 648 1
240 658 1
240 702 1
240 745 1
240 748 1
240 797 1
240 806 1
240 814 1
240 823 1
240 845 1
240 849 1
240 932 1
240 1042 1
240 1076 1
240 1086 1
240 1109 1
240 1115 1
240 1127 1
240 1161 1
240 1238 1
240 1248 1
240 1263 1
240 1264 1
240 1290 1
240 1296 1
240 1349 1
240 1397 1
240 1398 1
240 1436 1
240 1448 1
240 1450 1
240 1471 1
240 1571 1
240 1642 1
240 1646 1
240 1706 1
240 1707 1
240 1723 1
240 1735 1
240 1783 1
240 1796 1
240 1959 1
240 1962 1
240 1998 1
241 324 1
241 335 1
241 343 1
241 346 1
241 390 1
241 445 1
241 491 1
241 508 1
241 547 1
241 652 1
241 655 1
241 676 1
241 713 1
241 741 1
241 808 1
241 887 1
241 936 1
241 947 1
241 958 1
241 960 1
241 1040 1
241 1084 1
241 1166 1
241 1200 1
241 1207 1
241 1213 1
241 1227 1
241 1272 1
241 1273 1
241 1468 1
241 1579 1
241 1687 1
241 1795 1
241 1828 1
241 1830 1
241 1843 1
241 1850 1
241 1909 1
241 1926 1
241 1949 1
241 1953 1
241 1961 1
241 1970 1
242 289 1
242 335 1
242 357 1
242 371 1
242 384 1
242 442 1
242 482 1
242 551 1
242 584 1
242 595 1
242 611 1
242 612 1
242 617 1
242 743 1
242 748 1
242 783 1
242 820 1
242 827 1
242 850 1
242 879 1
242 889 1
242 956 1
242 961 1
242 1128 1
242 1259 1
242 1293 1
242 1301 1
242 1313 1
242 1405 1
242 1413 1
242 1419 1
242 1451 1
242 1465 1
242 1510 1
242 1514 1
242 1650 1
242 1661 1
242 1674 1
242 1716 1
242 1731 1
242 1750 1
242 1751 1
242 1757 1
242 1769 1
242 1893 1
242 1899 1
242 1934 1
242 1972 1
242 1987 1
243 382 1
243 384 1
243 444 1
243 463 1
243 476 1
243 548 1
243 572 1
243 630 1
243 769 1
243 785 1
243 819 1
243 903 1
243 924 1
243 1005 1
243 1050 1
243 1051 1
243 1060 1
243 1094 1
243 1110 1
243 1164 1
243 1199 1
243 1211 1
243 1213 1
243 1277 1
243 1318 1
243 1326 1
243 1344 1
243 1406 1
243 1482 1
243 1494 1
243 1647 1
243 1722 1
243 1725 1
243 1831 1
243 1848 1
243 1919 1
243 1935 1
243 1994 1
244 306 1
244 363 1
244 365 1
244 433 1
244 461 1
244 470 1
244 548 1
244 594 1
244 597 1
244 616 1
244 617 1
244 714 1
244 790 1
244 807 1
244 891 1
244 960 1
244 1117 1
244 1131 1
244 1250 1
244 1370 1
244 1392 1
244 1401 1
244 1472 1
244 1484 1
244 1556 1
244 1591 1
244 1640 1
244 1644 1
244 1648 1
244 1664 1
244 1677 1
244 1701 1
244 1711 1
244 1726 1
244 1730 1
244 1754 1
244 1800 1
244 1811 1
244 1818 1
244 1890 1
244 1893 1
244 1920 1
244 1930 1
244 1999 1
245 247 1
245 250 1
245 289 1
245 317 1
245 386 1
245 473 1
245 589 1
245 595 1
245 612 1
245 621 1
245 630 1
245 638 1
245 683 1
245 712 1
245 716 1
245 731 1
245 825 1
245 902 1
245 934 1
245 973 1
245 1031 1
245 1044 1
245 1053 1
245 1061 1
245 1072 1
245 1091 1
245 1115 1
245 1165 1
245 1218 1
245 1236 1
245 1309 1
245 1387 1
245 1430 1
245 1473 1
245 1503 1
245 1519 1
245 1530 1
245 1572 1
245 1588 1
245 1848 1
245 1858 1
245 1869 1
245 1881 1
245 1969 1
245 1993 1
245 2000 1
246 257 1
246 271 1
246 327 1
246 372 1
246 380 1
246 419 1
246 429 1
246 444 1
246 448 1
246 460 1
246 571 1
246 624 1
246 665 1
246 703 1
246 714 1
246 751 1
246 760 1
246 765 1
246 834 1
246 867 1
246 916 1
246 966 1
246 977 1
246 1082 1
246 1106 1
246 1222 1
246 1347 1
246 1377 1
246 1386 1
246 1408 1
246 1426 1
246 1482 1
246 1509 1
246 1548 1
246 1565 1
246 1601 1
246 1622 1
246 1640 1
246 1644 1
246 1687 1
246 1784 1
246 1795 1
246 1840 1
246 1892 1
246 1896 1
247 297 1
247 331 1
247 351 1
247 399 1
247 474 1
247 489 1
247 490 1
247 512 1
247 662 1
247 722 1
247 723 1
247 739 1
247 769 1
247 867 1
247 894 1
247 947 1
247 964 1
247 1053 1
247 1114 1
247 1120 1
247 1174 1
247 1188 1
247 1194 1
247 1228 1
247 1268 1
247 1285 1
247 1364 1
247 1450 1
247 1471 1
247 1554 1
247 1608 1
247 1615 1
247 1666 1
247 1671 1
247 1800 1
247 1837 1
247 1839 1
247 1873 1
247 1876 1
247 1931 1
247 1939 1
247 1955 1
247 1958 1
247 1961 1
248 275 1
248 343 1
248 344 1
248 438 1
248 445 1
248 702 1
248 749 1
248 854 1
248 896 1
248 916 1
248 1000 1
248 1035 1
248 1054 1
248 1055 1
248 1061 1
248 1101 1
248 1127 1
248 1232 1
248 1241 1
248 1291 1
248 1336 1
248 1407 1
248 1473 1
248 1516 1
248 1539 1
248 1572 1
248 1647 1
248 1662 1
248 1678 1
248 1690 1
248 1694 1
248 1705 1
248 1721 1
248 1757 1
248 1785 1
248 1798 1
248 1800 1
248 1805 1
248 1839 1
248 1850 1
248 1957 1
248 1960 1
249 306 1
249 337 1
249 385 1
249 506 1
249 520 1
249 547 1
249 628 1
249 631 1
249 723 1
249 734 1
249 822 1
249 835 1
249 895 1
249 944 1
249 967 1
249 987 1
249 1046 1
249 1091 1
249 1106 1
249 1115 1
249 1125 1
249 1126 1
249 1248 1
249 1288 1
249 1290 1
249 1387 1
249 1420 1
249 1497 1
249 1534 1
249 1576 1
249 1593 1
249 1620 1
249 1629 1
249 1648 1
249 1749 1
249 1834 1
249 1864 1
249 1878 1
249 1883 1
249 1976 1
249 1981 1
250 255 1
250 266 1
250 466 1
250 487 1
250 511 1
250 521 1
250 523 1
250 568 1
250 595 1
250 630 1
250 682 1
250 756 1
250 763 1
250 783 1
250 901 1
250 983 1
250 1001 1
250 1005 1
250 1038 1
250 1058 1
250 1093 1
250 1094 1
250 1255 1
250 1306 1
250 1327 1
250 1331 1
250 1340 1
250 1345 1
250 1433 1
250 1439 1
250 1453 1
250 1494 1
250 1562 1
250 1577 1
250 1619 1
250 1620 1
250 1672 1
250 1687 1
250 1716 1
250 1764 1
250 1843 1
250 1867 1
250 1926 1
250 1974 1
251 256 1
251 270 1
251 283 1
251 410 1
251 413 1
251 468 1
251 510 1
251 542 1
251 569 1
251 619 1
251 629 1
251 670 1
251 678 1
251 683 1
251 772 1
251 799 1
251 822 1
251 856 1
251 870 1
251 942 1
251 986 1
251 993 1
251 1123 1
251 1141 1
251 1196 1
251 1226 1
251 1235 1
251 1303 1
251 1322 1
251 1368 1
251 1403 1
251 1454 1
251 1520 1
251 1523 1
251 1526 1
251 1617 1
251 1628 1
251 1637 1
251 1647 1
251 1690 1
251 1805 1
251 1807 1
251 1833 1
251 1838 1
251 1875 1
251 1895 1
251 1901 1
251 1998 1
252 325 1
252 328 1
252 335 1
252 359 1
252 411 1
252 455 1
252 499 1
252 547 1
252 551 1
252 611 1
252 645 1
252 666 1
252 687 1
252 704 1
252 727 1
252 750 1
252 754 1
252 840 1
252 887 1
252 913 1
252 975 1
252 991 1
252 1012 1
252 1066 1
252 1084 1
252 1179 1
252 1357 1
252 1409 1
252 1435 1
252 1506 1
252 1588 1
252 1623 1
252 1644 1
252 1650 1
252 1679 1
252 1682 1
252 1720 1
252 1744 1
252 1758 1
252 1773 1
252 1786 1
252 1841 1
252 1842 1
252 1845 1
252 1917 1
252 1930 1
252 1981 1
253 311 1
253 389 1
253 499 1
253 579 1
253 599 1
253 689 1
253 726 1
253 735 1
253 793 1
253 806 1
253 813 1
253 829 1
253 851 1
253 912 1
253 930 1
253 947 1
253 1025 1
253 1053 1
253 1118 1
253 1143 1
253 1201 1
253 1207 1
253 1254 1
253 1308 1
253 1344 1
253 1393 1
253 1447 1
253 1449 1
253 1607 1
253 1631 1
253 1651 1
253 1711 1
253 1808 1
253 1811 1
253 1863 1
253 1891 1
253 1892 1
253 1900 1
253 1919 1
254 255 1
254 280 1
254 303 1
254 358 1
254 372 1
254 526 1
254 528 1
254 553 1
254 622 1
254 647 1
254 673 1
254 737 1
254 739 1
254 749 1
254 759 1
254 810 1
254 853 1
254 934 1
254 1086 1
254 1191 1
254 1192 1
254 1208 1
254 1227 1
254 1249 1
254 1250 1
254 1310 1
254 1390 1
254 1461 1
254 1470 1
254 1501 1
254 1553 1
254 1647 1
254 1652 1
254 1690 1
254 1748 1
254 1756 1
254 1788 1
254 1791 1
254 1800 1
254 1819 1
254 1864 1
254 1941 1
254 1980 1
255 309 1
255 312 1
255 341 1
255 415 1
255 433 1
255 544 1
255 572 1
255 600 1
255 609 1
255 612 1
255 648 1
255 692 1
255 707 1
255 751 1
255 762 1
255 765 1
255 988 1
255 991 1
255 1008 1
255 1036 1
255 1044 1
255 1045 1
255 1194 1
255 1230 1
255 1236 1
255 1244 1
255 1257 1
255 1261 1
255 1279 1
255 1326 1
255 1338 1
255 1431 1
255 1439 1
255 1521 1
255 1531 1
255 1543 1
255 1545 1
255 1676 1
255 1749 1
255 1754 1
255 1774 1
255 1798 1
255 1823 1
255 1842 1
255 1845 1
255 1861 1
255 1870 1
255 1910 1
255 1954 1
255 1957 1
255 1976 1
255 1977 1
255 1990 1
256 321 1
256 362 1
256 461 1
256 470 1
256 495 1
256 562 1
256 571 1
256 580 1
256 678 1
256 717 1
256 726 1
256 735 1
256 757 1
256 768 1
256 813 1
256 861 1
256 866 1
256 898 1
256 938 1
256 985 1
256 1030 1
256 1031 1
256 1034 1
256 1038 1
256 1111 1
256 1145 1
256 1165 1
256 1199 1
256 1303 1
256 1396 1
256 1498 1
256 1544 1
256 1575 1
256 1580 1
256 1597 1
256 1612 1
256 1711 1
256 1723 1
256 1801 1
256 1805 1
256 1819 1
256 1843 1
256 1850 1
256 1944 1
257 282 1
257 377 1
257 483 1
257 550 1
257 551 1
257 555 1
257 581 1
257 617 1
257 618 1
257 813 1
257 871 1
257 945 1
257 1066 1
257 1086 1
257 1090 1
257 1111 1
257 1176 1
257 1187 1
257 1191 1
257 1207 1
257 1238 1
257 1259 1
257 1447 1
257 1531 1
257 1538 1
257 1587 1
257 1642 1
257 1643 1
257 1656 1
257 1736 1
257 1779 1
257 1826 1
257 1869 1
257 1920 1
258 283 1
258 287 1
258 341 1
258 347 1
258 417 1
258 474 1
258 565 1
258 581 1
258 631 1
258 677 1
258 740 1
258 756 1
258 758 1
258 766 1
258 776 1
258 825 1
258 882 1
258 940 1
258 966 1
258 977 1
258 1042 1
258 1130 1
258 1189 1
258 1250 1
258 1273 1
258 1313 1
258 1314 1
258 1439 1
258 1472 1
258 1559 1
258 1563 1
258 1578 1
258 1688 1
258 1718 1
258 1775 1
258 1864 1
258 1877 1
258 1881 1
258 1919 1
258 1948 1
258 1960 1
258 1983 1
259 372 1
259 455 1
259 511 1
259 550 1
259 583 1
259 641 1
259 660 1
259 686 1
259 717 1
259 811 1
259 891 1
259 928 1
259 940 1
259 954 1
259 975 1
259 1004 1
259 1029 1
259 1057 1
259 1066 1
259 1083 1
259 1111 1
259 1178 1
259 1179 1
259 1188 1
259 1197 1
259 1210 1
259 1216 1
259 1245 1
259 1259 1
259 1266 1
259 1353 1
259 1387 1
259 1435 1
259 1501 1
259 1558 1
259 1565 1
259 1625 1
259 1666 1
259 1685 1
259 1701 1
259 1708 1
259 1709 1
259 1755 1
259 1903 1
259 1913 1
259 1945 1
259 1978 1
260 281 1
260 301 1
260 305 1
260 313 1
260 395 1
260 399 1
260 419 1
260 424 1
260 506 1
260 545 1
260 587 1
260 598 1
260 667 1
260 680 1
260 739 1
260 855 1
260 908 1
260 941 1
260 1015 1
260 1077 1
260 1194 1
260 1347 1
260 1442 1
260 1456 1
260 1463 1
260 1473 1
260 1501 1
260 1504 1
260 1529 1
260 1594 1
260 1603 1
260 1642 1
260 1643 1
260 1666 1
260 1816 1
260 1826 1
260 1953 1
260 1987 1
261 274 1
261 297 1
261 306 1
261 349 1
261 362 1
261 481 1
261 521 1
261 532 1
261 548 1
261 724 1
261 830 1
261 899 1
261 907 1
261 909 1
261 1106 1
261 1109 1
261 1145 1
261 1177 1
261 1179 1
261 1254 1
261 1286 1
261 1375 1
261 1379 1
261 1387 1
261 1402 1
261 1524 1
261 1527 1
261 1617 1
261 1708 1
261 1739 1
261 1768 1
261 1781 1
261 1833 1
261 1920 1
261 1971 1
262 438 1
262 446 1
262 479 1
262 496 1
262 591 1
262 623 1
262 626 1
262 705 1
262 722 1
262 748 1
262 759 1
262 770 1
262 794 1
262 828 1
262 885 1
262 994 1
262 1014 1
262 1025 1
262 1093 1
262 1094 1
262 1133 1
262 1136 1
262 1184 1
262 1359 1
262 1366 1
262 1380 1
262 1395 1
262 1396 1
262 1480 1
262 1491 1
262 1497 1
262 1513 1
262 1517 1
262 1575 1
262 1580 1
262 1625 1
262 1638 1
262 1639 1
262 1702 1
262 1781 1
262 1802 1
262 1822 1
262 1866 1
262 1881 1
262 1936 1
262 1956 1
262 1965 1
262 1978 1
263 340 1
263 371 1
263 399 1
263 430 1
263 454 1
263 466 1
263 507 1
263 517 1
263 666 1
263 710 1
263 734 1
263 746 1
263 766 1
263 797 1
263 844 1
263 878 1
263 884 1
263 906 1
263 909 1
263 920 1
263 922 1
263 1038 1
263 1115 1
263 1205 1
263 1211 1
263 1232 1
263 1246 1
263 1292 1
263 1327 1
263 1328 1
263 1375 1
263 1437 1
263 1456 1
263 1550 1
263 1553 1
263 1555 1
263 1569 1
263 1579 1
263 1606 1
263 1655 1
263 1695 1
263 1700 1
263 1800 1
263 1867 1
263 1928 1
263 1941 1
264 350 1
264 398 1
264 440 1
264 574 1
264 586 1
264 608 1
264 643 1
264 657 1
264 658 1
264 663 1
264 666 1
264 779 1
264 797 1
264 806 1
264 854 1
264 909 1
264 935 1
264 937 1
264 960 1
264 1054 1
264 1124 1
264 1262 1
264 1315 1
264 1323 1
264 1344 1
264 1417 1
264 1442 1
264 1477 1
264 1495 1
264 1503 1
264 1529 1
264 1546 1
264 1621 1
264 1641 1
264 1646 1
264 1736 1
264 1756 1
264 1774 1
264 1776 1
264 1809 1
264 1874 1
264 1903 1
265 273 1
265 394 1
265 490 1
265 572 1
265 577 1
265 580 1
265 622 1
265 794 1
265 832 1
265 864 1
265 935 1
265 996 1
265 1064 1
265 1102 1
265 1380 1
265 1426 1
265 1454 1
265 1469 1
265 1568 1
265 1570 1
265 1592 1
265 1599 1
265 1691 1
265 1736 1
265 1742 1
265 1754 1
265 1814 1
265 1856 1
265 1874 1
265 1931 1
265 1935 1
265 1958 1
265 1978 1
265 1985 1
266 294 1
266 346 1
266 367 1
266 427 1
266 442 1
266 569 1
266 589 1
266 592 1
266 593 1
266 610 1
266 625 1
266 626 1
266 640 1
266 709 1
266 862 1
266 926 1
266 940 1
266 979 1
266 1035 1
266 1060 1
266 1063 1
266 1067 1
266 1133 1
266 1227 1
266 1260 1
266 1273 1
266 1317 1
266 1327 1
266 1428 1
266 1467 1
266 1504 1
266 1525 1
266 1536 1
266 1543 1
266 1567 1
266 1670 1
266 1680 1
266 1715 1
266 1719 1
266 1724 1
266 1728 1
266 1758 1
266 1773 1
266 1780 1
266 1874 1
266 1956 1
266 1971 1
267 271 1
267 341 1
267 343 1
267 358 1
267 366 1
267 387 1
267 437 1
267 473 1
267 484 1
267 496 1
267 521 1
267 531 1
267 550 1
267 610 1
267 637 1
267 700 1
267 702 1
267 719 1
267 724 1
267 730 1
267 737 1
267 807 1
267 810 1
267 835 1
267 868 1
267 898 1
267 1009 1
267 1016 1
267 1109 1
267 1265 1
267 1289 1
267 1295 1
267 1324 1
267 1326 1
267 1402 1
267 1431 1
267 1447 1
267 1468 1
267 1513 1
267 1554 1
267 1573 1
267 1613 1
267 1618 1
267 1680 1
267 1701 1
267 1739 1
267 1919 1
268 279 1
268 374 1
268 399 1
268 476 1
268 537 1
268 562 1
268 594 1
268 671 1
268 672 1
268 740 1
268 766 1
268 770 1
268 771 1
268 774 1
268 854 1
268 884 1
268 898 1
268 972 1
268 1016 1
268 1071 1
268 1137 1
268 1139 1
268 1155 1
268 1310 1
268 1312 1
268 1327 1
268 1487 1
268 1501 1
268 1515 1
268 1571 1
268 1663 1
268 1688 1
268 1719 1
268 1733 1
268 1788 1
268 1800 1
268 1820 1
268 1871 1
268 1895 1
268 1905 1
268 1909 1
268 1985 1
269 300 1
269 323 1
269 342 1
269 388 1
269 409 1
269 446 1
269 529 1
269 541 1
269 547 1
269 567 1
269 613 1
269 692 1
269 702 1
269 718 1
269 756 1
269 762 1
269 825 1
269 839 1
269 906 1
269 909 1
269 922 1
269 942 1
269 955 1
269 960 1
269 968 1
269 978 1
269 1006 1
269 1089 1
269 1107 1
269 1122 1
269 1172 1
269 1191 1
269 1207 1
269 1215 1
269 1289 1
269 1337 1
269 1352 1
269 1384 1
269 1415 1
269 1449 1
269 1478 1
269 1561 1
269 1651 1
269 1693 1
269 1739 1
269 1811 1
269 1814 1
269 1820 1
269 1823 1
269 1850 1
269 1859 1
269 1878 1
269 1896 1
269 1901 1
269 1941 1
269 1984 1
270 301 1
270 384 1
270 390 1
270 393 1
270 467 1
270 550 1
270 592 1
270 661 1
270 679 1
270 684 1
270 685 1
270 741 1
270 815 1
270 831 1
270 994 1
270 1015 1
270 1048 1
270 1236 1
270 1239 1
270 1246 1
270 1305 1
270 1318 1
270 1439 1
270 1495 1
270 1503 1
270 1701 1
270 1719 1
270 1747 1
270 1757 1
270 1958 1
270 1971 1
270 1987 1
271 348 1
271 352 1
271 365 1
271 533 1
271 606 1
271 610 1
271 641 1
271 763 1
271 768 1
271 783 1
271 862 1
271 871 1
271 879 1
271 883 1
271 918 1
271 950 1
271 968 1
271 1007 1
271 1043 1
271 1056 1
271 1074 1
271 1098 1
271 1129 1
271 1187 1
271 1246 1
271 1290 1
271 1294 1
271 1310 1
271 1425 1
271 1550 1
271 1567 1
271 1610 1
271 1638 1
271 1699 1
271 1732 1
271 1748 1
271 1821 1
271 1856 1
271 1886 1
271 1957 1
271 1958 1
272 330 1
272 377 1
272 398 1
272 465 1
272 489 1
272 525 1
272 527 1
272 570 1
272 698 1
272 758 1
272 827 1
272 840 1
272 844 1
272 896 1
272 922 1
272 1014 1
272 1037 1
272 1084 1
272 1085 1
272 1098 1
272 1193 1
272 1199 1
272 1271 1
272 1310 1
272 1322 1
272 1457 1
272 1545 1
272 1613 1
272 1636 1
272 1721 1
272 1735 1
272 1769 1
272 1777 1
272 1780 1
272 1781 1
272 1784 1
272 1788 1
272 1805 1
272 1901 1
272 1927 1
272 1993 1
272 1996 1
273 291 1
273 401 1
273 407 1
273 416 1
273 472 1
273 495 1
273 570 1
273 591 1
273 605 1
273 639 1
273 682 1
273 773 1
273 811 1
273 882 1
273 896 1
273 897 1
273 1001 1
273 1036 1
273 1050 1
273 1108 1
273 1114 1
273 1136 1
273 1143 1
273 1225 1
273 1238 1
273 1252 1
273 1261 1
273 1267 1
273 1299 1
273 1344 1
273 1375 1
273 1388 1
273 1430 1
273 1443 1
273 1476 1
273 1577 1
273 1588 1
273 1652 1
273 1661 1
273 1685 1
273 1688 1
273 1700 1
273 1784 1
273 1791 1
273 1893 1
273 1929 1
273 1972 1
273 1978 1
273 1980 1
273 1999 1
274 333 1
274 336 1
274 363 1
274 366 1
274 422 1
274 446 1
274 465 1
274 567 1
274 568 1
274 636 1
274 639 1
274 718 1
274 784 1
274 807 1
274 863 1
274 893 1
274 900 1
274 938 1
274 1065 1
274 1086 1
274 1093 1
274 1106 1
274 1109 1
274 1135 1
274 1136 1
274 1144 1
274 1185 1
274 1226 1
274 1245 1
274 1277 1
274 1294 1
274 1299 1
274 1302 1
274 1311 1
274 1363 1
274 1408 1
274 1435 1
274 1487 1
274 1564 1
274 1603 1
274 1605 1
274 1627 1
274 1658 1
274 1675 1
274 1760 1
274 1806 1
274 1836 1
274 1854 1
275 331 1
275 389 1
275 412 1
275 531 1
275 544 1
275 558 1
275 595 1
275 610 1
275 612 1
275 623 1
275 743 1
275 758 1
275 834 1
275 843 1
275 863 1
275 903 1
275 926 1
275 946 1
275 1013 1
275 1015 1
275 1096 1
275 1106 1
275 1166 1
275 1343 1
275 1381 1
275 1410 1
275 1471 1
275 1504 1
275 1505 1
275 1506 1
275 1529 1
275 1537 1
275 1539 1
275 1573 1
275 1585 1
275 1622 1
275 1802 1
275 1898 1
275 1948 1
275 1966 1
276 281 1
276 364 1
276 374 1
276 387 1
276 457 1
276 482 1
276 508 1
276 561 1
276 600 1
276 629 1
276 652 1
276 687 1
276 719 1
276 724 1
276 729 1
276 733 1
276 747 1
276 784 1
276 803 1
276 852 1
276 871 1
276 878 1
276 993 1
276 1006 1
276 1064 1
276 1071 1
276 1139 1
276 1261 1
276 1296 1
276 1300 1
276 1348 1
276 1373 1
276 1404 1
276 1444 1
276 1456 1
276 1488 1
276 1533 1
276 1549 1
276 1640 1
276 1737 1
276 1771 1
276 1862 1
276 1863 1
276 1876 1
276 1913 1
276 1975 1
276 1980 1
276 1988 1
277 301 1
277 304 1
277 307 1
277 345 1
277 391 1
277 399 1
277 477 1
277 585 1
277 631 1
277 633 1
277 651 1
277 655 1
277 670 1
277 715 1
277 916 1
277 921 1
277 1102 1
277 1149 1
277 1163 1
277 1165 1
277 1199 1
277 1206 1
277 1282 1
277 1301 1
277 1308 1
277 1341 1
277 1407 1
277 1449 1
277 1452 1
277 1529 1
277 1545 1
277 1561 1
277 1579 1
277 1592 1
277 1624 1
277 1625 1
277 1629 1
277 1677 1
277 1705 1
277 1708 1
277 1713 1
277 1757 1
277 1775 1
277 1849 1
277 1887 1
277 1933 1
278 292 1
278 341 1
278 364 1
278 461 1
278 540 1
278 591 1
278 609 1
278 634 1
278 653 1
278 662 1
278 698 1
278 764 1
278 779 1
278 784 1
278 834 1
278 862 1
278 957 1
278 993 1
278 997 1
278 1019 1
278 1064 1
278 1112 1
278 1132 1
278 1200 1
278 1234 1
278 1241 1
278 1290 1
278 1361 1
278 1365 1
278 1404 1
278 1433 1
278 1494 1
278 1498 1
278 1512 1
278 1568 1
278 1594 1
278 1602 1
278 1656 1
278 1670 1
278 1700 1
278 1717 1
278 1726 1
278 1789 1
278 1801 1
278 1812 1
278 1880 1
278 1992 1
279 295 1
279 378 1
279 387 1
279 414 1
279 424 1
279 447 1
279 475 1
279 487 1
279 538 1
279 569 1
279 609 1
279 617 1
279 672 1
279 701 1
279 746 1
279 773 1
279 789 1
279 831 1
279 854 1
279 882 1
279 971 1
279 1014 1
279 1055 1
279 1108 1
279 1154 1
279 1167 1
279 1170 1
279 1188 1
279 1231 1
279 1259 1
279 1324 1
279 1333 1
279 1412 1
279 1415 1
279 1447 1
279 1462 1
279 1578 1
279 1587 1
279 1599 1
279 1629 1
279 1652 1
279 1698 1
279 1700 1
279 1735 1
279 1777 1
279 1801 1
279 1843 1
279 1879 1
279 1897 1
279 1930 1
279 1973 1
280 283 1
280 285 1
280 305 1
280 359 1
280 367 1
280 398 1
280 419 1
280 439 1
280 465 1
280 467 1
280 485 1
280 488 1
280 500 1
280 515 1
280 544 1
280 550 1
280 559 1
280 560 1
280 587 1
280 591 1
280 598 1
280 602 1
280 619 1
280 645 1
280 695 1
280 720 1
280 724 1
280 755 1
280 757 1
280 759 1
280 820 1
280 832 1
280 878 1
280 940 1
280 942 1
280 1078 1
280 1094 1
280 1235 1
280 1238 1
280 1247 1
280 1362 1
280 1460 1
280 1476 1
280 1492 1
280 1541 1
280 1588 1
280 1604 1
280 1629 1
280 1657 1
280 1686 1
280 1750 1
280 1800 1
280 1812 1
280 1870 1
280 1882 1
280 1980 1
280 1990 1
280 2000 1
281 293 1
281 382 1
281 435 1
281 462 1
281 468 1
281 489 1
281 597 1
281 621 1
281 661 1
281 705 1
281 783 1
281 805 1
281 808 1
281 973 1
281 1137 1
281 1200 1
281 1297 1
281 1321 1
281 1352 1
281 1353 1
281 1393 1
281 1430 1
281 1542 1
281 1599 1
281 1657 1
281 1666 1
281 1681 1
281 1728 1
281 1756 1
281 1813 1
281 1883 1
281 1896 1
281 1918 1
281 1945 1
281 1984 1
281 1999 1
282 329 1
282 529 1
282 538 1
282 571 1
282 644 1
282 647 1
282 659 1
282 681 1
282 763 1
282 805 1
282 903 1
282 942 1
282 946 1
282 1000 1
282 1002 1
282 1042 1
282 1044 1
282 1053 1
282 1077 1
282 1107 1
282 1155 1
282 1157 1
282 1238 1
282 1251 1
282 1295 1
282 1311 1
282 1374 1
282 1377 1
282 1394 1
282 1410 1
282 1481 1
282 1498 1
282 1539 1
282 1557 1
282 1686 1
282 1775 1
282 1781 1
282 1811 1
282 1868 1
282 1903 1
282 1924 1
282 1950 1
282 1958 1
282 1988 1
283 315 1
283 348 1
283 363 1
283 560 1
283 582 1
283 585 1
283 623 1
283 674 1
283 701 1
283 713 1
283 738 1
283 834 1
283 852 1
283 857 1
283 880 1
283 894 1
283 899 1
283 905 1
283 923 1
283 978 1
283 1008 1
283 1156 1
283 1172 1
283 1210 1
283 1233 1
283 1265 1
283 1347 1
283 1467 1
283 1497 1
283 1545 1
283 1660 1
283 1808 1
283 1820 1
283 1836 1
283 1877 1
283 1904 1
283 1985 1
284 322 1
284 333 1
284 363 1
284 470 1
284 525 1
284 590 1
284 643 1
284 686 1
284 704 1
284 744 1
284 837 1
284 850 1
284 857 1
284 880 1
284 883 1
284 895 1
284 919 1
284 929 1
284 933 1
284 944 1
284 950 1
284 1007 1
284 1046 1
284 1063 1
284 1130 1
284 1189 1
284 1236 1
284 1242 1
284 1295 1
284 1373 1
284 1399 1
284 1524 1
284 1689 1
284 1692 1
284 1747 1
284 1798 1
284 1818 1
284 1841 1
284 1882 1
284 1914 1
284 1968 1
284 1981 1
285 289 1
285 305 1
285 370 1
285 384 1
285 393 1
285 406 1
285 428 1
285 465 1
285 508 1
285 543 1
285 634 1
285 667 1
285 689 1
285 703 1
285 729 1
285 744 1
285 761 1
285 767 1
285 867 1
285 891 1
285 979 1
285 1058 1
285 1068 1
285 1094 1
285 1109 1
285 1159 1
285 1169 1
285 1201 1
285 1208 1
285 1289 1
285 1374 1
285 1385 1
285 1387 1
285 1398 1
285 1418 1
285 1442 1
285 1490 1
285 1513 1
285 1538 1
285 1547 1
285 1634 1
285 1641 1
285 1816 1
285 1827 1
285 1895 1
285 1909 1
285 1958 1
285 1964 1
285 1979 1
285 1996 1
286 287 1
286 300 1
286 446 1
286 617 1
286 662 1
286 668 1
286 701 1
286 805 1
286 843 1
286 971 1
286 974 1
286 1007 1
286 1012 1
286 1025 1
286 1048 1
286 1070 1
286 1084 1
286 1130 1
286 1169 1
286 1192 1
286 1289 1
286 1300 1
286 1353 1
286 1363 1
286 1432 1
286 1434 1
286 1439 1
286 1453 1
286 1533 1
286 1576 1
286 1595 1
286 1624 1
286 1700 1
286 1909 1
286 1959 1
286 1992 1
287 300 1
287 321 1
287 353 1
287 361 1
287 419 1
287 425 1
287 458 1
287 502 1
287 512 1
287 520 1
287 595 1
287 604 1
287 622 1
287 647 1
287 699 1
287 730 1
287 736 1
287 739 1
287 755 1
287 768 1
287 790 1
287 819 1
287 859 1
287 907 1
287 921 1
287 951 1
287 1022 1
287 1029 1
287 1048 1
287 1079 1
287 1150 1
287 1187 1
287 1237 1
287 1335 1
287 1347 1
287 1370 1
287 1408 1
287 1428 1
287 1450 1
287 1469 1
287 1472 1
287 1487 1
287 1492 1
287 1512 1
287 1578 1
287 1652 1
287 1661 1
287 1709 1
287 1769 1
287 1770 1
287 1818 1
287 1874 1
287 1929 1
287 1983 1
288 337 1
288 352 1
288 367 1
288 373 1
288 375 1
288 463 1
288 487 1
288 489 1
288 542 1
288 560 1
288 574 1
288 666 1
288 695 1
288 788 1
288 871 1
288 877 1
288 917 1
288 1024 1
288 1043 1
288 1093 1
288 1174 1
288 1271 1
288 1301 1
288 1334 1
288 1344 1
288 1383 1
288 1455 1
288 1551 1
288 1565 1
288 1576 1
288 1628 1
288 1649 1
288 1651 1
288 1721 1
288 1772 1
288 1949 1
288 1983 1
289 316 1
289 336 1
289 391 1
289 398 1
289 507 1
289 516 1
289 625 1
289 626 1
289 640 1
289 714 1
289 747 1
289 762 1
289 831 1
289 903 1
289 909 1
289 985 1
289 1010 1
289 1013 1
289 1034 1
289 1084 1
289 1112 1
289 1166 1
289 1307 1
289 1314 1
289 1375 1
289 1421 1
289 1455 1
289 1495 1
289 1513 1
289 1547 1
289 1572 1
289 1609 1
289 1624 1
289 1652 1
289 1666 1
289 1705 1
289 1796 1
289 1881 1
289 1909 1
289 1913 1
289 1937 1
290 301 1
290 334 1
290 381 1
290 412 1
290 472 1
290 485 1
290 492 1
290 501 1
290 515 1
290 531 1
290 550 1
290 576 1
290 578 1
290 808 1
290 905 1
290 938 1
290 956 1
290 959 1
290 1002 1
290 1056 1
290 1073 1
290 1083 1
290 1142 1
290 1147 1
290 1169 1
290 1173 1
290 1233 1
290 1274 1
290 1279 1
290 1293 1
290 1339 1
290 1351 1
290 1376 1
290 1377 1
290 1395 1
290 1423 1
290 1478 1
290 1492 1
290 1508 1
290 1513 1
290 1592 1
290 1593 1
290 1626 1
290 1666 1
290 1667 1
290 1685 1
290 1695 1
290 1714 1
290 1752 1
290 1762 1
290 1785 1
290 1802 1
290 1875 1
290 1906 1
290 1931 1
290 1936 1
290 1954 1
290 1956 1
291 298 1
291 325 1
291 362 1
291 363 1
291 494 1
291 544 1
291 610 1
291 648 1
291 667 1
291 685 1
291 706 1
291 727 1
291 776 1
291 798 1
291 875 1
291 883 1
291 928 1
291 954 1
291 988 1
291 989 1
291 995 1
291 1001 1
291 1025 1
291 1050 1
291 1093 1
291 1120 1
291 1182 1
291 1243 1
291 1296 1
291 1332 1
291 1344 1
291 1361 1
291 1383 1
291 1406 1
291 1416 1
291 1459 1
291 1555 1
291 1605 1
291 1706 1
291 1793 1
291 1799 1
291 1801 1
291 1803 1
291 1819 1
291 1851 1
291 1906 1
292 298 1
292 616 1
292 628 1
292 629 1
292 659 1
292 718 1
292 760 1
292 797 1
292 819 1
292 857 1
292 866 1
292 901 1
292 1035 1
292 1079 1
292 1092 1
292 1161 1
292 1178 1
292 1286 1
292 1292 1
292 1357 1
292 1383 1
292 1526 1
292 1552 1
292 1579 1
292 1600 1
292 1664 1
292 1701 1
292 1708 1
292 1768 1
292 1813 1
292 1875 1
292 1884 1
292 1896 1
292 1928 1
293 348 1
293 357 1
293 388 1
293 493 1
293 524 1
293 665 1
293 666 1
293 706 1
293 736 1
293 786 1
293 831 1
293 882 1
293 897 1
293 900 1
293 912 1
293 961 1
293 1003 1
293 1095 1
293 1098 1
293 1204 1
293 1268 1
293 1285 1
293 1322 1
293 1363 1
293 1380 1
293 1400 1
293 1403 1
293 1486 1
293 1495 1
293 1538 1
293 1565 1
293 1594 1
293 1617 1
293 1623 1
293 1632 1
293 1672 1
293 1716 1
293 1724 1
293 1743 1
293 1749 1
293 1840 1
293 1879 1
293 1881 1
293 1944 1
293 1975 1
294 355 1
294 391 1
294 409 1
294 427 1
294 496 1
294 530 1
294 550 1
294 605 1
294 669 1
294 788 1
294 902 1
294 915 1
294 945 1
294 982 1
294 1019 1
294 1027 1
294 1068 1
294 1121 1
294 1231 1
294 1274 1
294 1314 1
294 1338 1
294 1342 1
294 1353 1
294 1375 1
294 1428 1
294 1429 1
294 1465 1
294 1534 1
294 1544 1
294 1545 1
294 1560 1
294 1593 1
294 1610 1
294 1649 1
294 1707 1
294 1775 1
294 1776 1
294 1789 1
294 1834 1
294 1855 1
294 1874 1
294 1879 1
294 1966 1
294 1975 1
294 1985 1
294 1997 1
295 405 1
295 467 1
295 492 1
295 495 1
295 525 1
295 527 1
295 594 1
295 615 1
295 616 1
295 669 1
295 679 1
295 786 1
295 817 1
295 852 1
295 912 1
295 963 1
295 1076 1
295 1138 1
295 1278 1
295 1347 1
295 1369 1
295 1406 1
295 1477 1
295 1502 1
295 1570 1
295 1575 1
295 1630 1
295 1650 1
295 1670 1
295 1704 1
295 1721 1
295 1735 1
295 1793 1
295 1797 1
295 1834 1
295 1879 1
295 1918 1
295 1942 1
295 1964 1
296 368 1
296 396 1
296 447 1
296 452 1
296 500 1
296 510 1
296 611 1
296 647 1
296 735 1
296 759 1
296 769 1
296 835 1
296 856 1
296 897 1
296 918 1
296 969 1
296 980 1
296 984 1
296 990 1
296 1054 1
296 1059 1
296 1075 1
296 1106 1
296 1127 1
296 1137 1
296 1154 1
296 1229 1
296 1235 1
296 1248 1
296 1262 1
296 1323 1
296 1328 1
296 1376 1
296 1482 1
296 1483 1
296 1492 1
296 1531 1
296 1550 1
296 1571 1
296 1616 1
296 1661 1
296 1744 1
296 1803 1
296 1829 1
296 1953 1
296 1977 1
296 1983 1
297 362 1
297 400 1
297 520 1
297 631 1
297 684 1
297 700 1
297 721 1
297 733 1
297 742 1
297 824 1
297 900 1
297 903 1
297 1108 1
297 1124 1
297 1152 1
297 1164 1
297 1234 1
297 1238 1
297 1279 1
297 1322 1
297 1366 1
297 1411 1
297 1624 1
297 1665 1
297 1736 1
297 1745 1
297 1788 1
297 1795 1
297 1858 1
297 1872 1
297 1965 1
297 1974 1
298 321 1
298 333 1
298 436 1
298 458 1
298 479 1
298 562 1
298 602 1
298 662 1
298 698 1
298 717 1
298 800 1
298 899 1
298 935 1
298 944 1
298 1009 1
298 1043 1
298 1076 1
298 1194 1
298 1204 1
298 1238 1
298 1255 1
298 1317 1
298 1367 1
298 1414 1
298 1446 1
298 1481 1
298 1491 1
298 1513 1
298 1573 1
298 1608 1
298 1667 1
298 1697 1
298 1716 1
298 1784 1
298 1872 1
298 1879 1
298 1888 1
298 1913 1
298 1931 1
298 1945 1
298 1993 1
299 381 1
299 431 1
299 450 1
299 453 1
299 508 1
299 526 1
299 537 1
299 585 1
299 619 1
299 671 1
299 685 1
299 698 1
299 709 1
299 719 1
299 730 1
299 739 1
299 753 1
299 757 1
299 759 1
299 798 1
299 845 1
299 887 1
299 894 1
299 924 1
299 990 1
299 1010 1
299 1149 1
299 1174 1
299 1294 1
299 1305 1
299 1418 1
299 1429 1
299 1531 1
299 1536 1
299 1558 1
299 1584 1
299 1632 1
299 1696 1
299 1705 1
299 1813 1
299 1840 1
299 1859 1
299 1862 1
299 1872 1
299 1901 1
299 1962 1
300 357 1
300 372 1
300 385 1
300 439 1
300 440 1
300 478 1
300 510 1
300 604 1
300 615 1
300 650 1
300 654 1
300 677 1
300 771 1
300 777 1
300 859 1
300 865 1
300 1068 1
300 1167 1
300 1194 1
300 1263 1
300 1275 1
300 1478 1
300 1483 1
300 1488 1
300 1501 1
300 1558 1
300 1572 1
300 1596 1
300 1717 1
300 1799 1
300 1869 1
300 1898 1
301 390 1
301 465 1
301 481 1
301 496 1
301 535 1
301 572 1
301 586 1
301 672 1
301 719 1
301 753 1
301 829 1
301 846 1
301 870 1
301 911 1
301 981 1
301 995 1
301 1023 1
301 1196 1
301 1464 1
301 1473 1
301 1529 1
301 1530 1
301 1590 1
301 1613 1
301 1692 1
301 1718 1
301 1819 1
301 1871 1
301 1881 1
301 1967 1
301 1978 1
301 1990 1
302 316 1
302 321 1
302 336 1
302 351 1
302 374 1
302 401 1
302 488 1
302 501 1
302 518 1
302 554 1
302 610 1
302 628 1
302 673 1
302 685 1
302 689 1
302 706 1
302 708 1
302 717 1
302 719 1
302 741 1
302 783 1
302 848 1
302 890 1
302 1002 1
302 1038 1
302 1110 1
302 1362 1
302 1367 1
302 1404 1
302 1422 1
302 1452 1
302 1470 1
302 1481 1
302 1564 1
302 1634 1
302 1637 1
302 1678 1
302 1684 1
302 1689 1
302 1734 1
302 1737 1
302 1787 1
302 1845 1
302 1852 1
302 1874 1
302 1883 1
302 1888 1
302 1890 1
302 1975 1
303 314 1
303 345 1
303 505 1
303 513 1
303 520 1
303 551 1
303 591 1
303 600 1
303 605 1
303 607 1
303 662 1
303 666 1
303 702 1
303 708 1
303 809 1
303 860 1
303 884 1
303 920 1
303 997 1
303 1108 1
303 1145 1
303 1211 1
303 1233 1
303 1243 1
303 1272 1
303 1277 1
303 1315 1
303 1326 1
303 1364 1
303 1461 1
303 1514 1
303 1526 1
303 1559 1
303 1594 1
303 1694 1
303 1743 1
303 1781 1
303 1782 1
303 1832 1
303 1883 1
303 1922 1
303 1940 1
304 360 1
304 497 1
304 499 1
304 534 1
304 542 1
304 611 1
304 619 1
304 644 1
304 653 1
304 725 1
304 770 1
304 773 1
304 806 1
304 862 1
304 863 1
304 1050 1
304 1065 1
304 1140 1
304 1245 1
304 1273 1
304 1354 1
304 1377 1
304 1406 1
304 1562 1
304 1576 1
304 1632 1
304 1738 1
304 1741 1
304 1794 1
304 1798 1
304 1803 1
304 1817 1
304 1830 1
304 1849 1
304 1886 1
304 1911 1
304 1912 1
304 1921 1
304 1923 1
305 368 1
305 409 1
305 450 1
305 460 1
305 483 1
305 485 1
305 533 1
305 617 1
305 625 1
305 637 1
305 684 1
305 687 1
305 801 1
305 802 1
305 830 1
305 843 1
305 855 1
305 871 1
305 884 1
305 962 1
305 983 1
305 1022 1
305 1092 1
305 1174 1
305 1261 1
305 1272 1
305 1462 1
305 1464 1
305 1527 1
305 1589 1
305 1597 1
305 1616 1
305 1658 1
305 1682 1
305 1785 1
305 1786 1
305 1788 1
305 1815 1
305 1985 1
305 1995 1
306 313 1
306 342 1
306 343 1
306 384 1
306 391 1
306 459 1
306 476 1
306 485 1
306 606 1
306 627 1
306 637 1
306 644 1
306 679 1
306 859 1
306 875 1
306 910 1
306 919 1
306 940 1
306 941 1
306 946 1
306 955 1
306 967 1
306 968 1
306 973 1
306 985 1
306 1002 1
306 1083 1
306 1089 1
306 1102 1
306 1338 1
306 1428 1
306 1501 1
306 1562 1
306 1588 1
306 1600 1
306 1706 1
306 1712 1
306 1755 1
306 1805 1
306 1806 1
306 1837 1
306 1853 1
306 1906 1
306 1912 1
306 1923 1
306 1994 1
307 311 1
307 327 1
307 351 1
307 365 1
307 366 1
307 411 1
307 441 1
307 468 1
307 482 1
307 525 1
307 546 1
307 609 1
307 629 1
307 754 1
307 786 1
307 795 1
307 804 1
307 974 1
307 1044 1
307 1064 1
307 1156 1
307 1166 1
307 1274 1
307 1298 1
307 1333 1
307 1345 1
307 1377 1
307 1384 1
307 1391 1
307 1445 1
307 1485 1
307 1518 1
307 1539 1
307 1541 1
307 1546 1
307 1559 1
307 1629 1
307 1676 1
307 1710 1
307 1784 1
307 1859 1
307 1938 1
308 429 1
308 436 1
308 474 1
308 492 1
308 502 1
308 515 1
308 538 1
308 603 1
308 609 1
308 662 1
308 786 1
308 812 1
308 844 1
308 920 1
308 974 1
308 980 1
308 1152 1
308 1179 1
308 1194 1
308 1238 1
308 1359 1
308 1383 1
308 1417 1
308 1436 1
308 1622 1
308 1704 1
308 1757 1
308 1776 1
308 1888 1
308 1933 1
308 1956 1
308 1965 1
308 1971 1
308 1980 1
309 400 1
309 426 1
309 443 1
309 463 1
309 464 1
309 511 1
309 516 1
309 565 1
309 584 1
309 621 1
309 635 1
309 655 1
309 697 1
309 750 1
309 871 1
309 964 1
309 1003 1
309 1019 1
309 1029 1
309 1050 1
309 1060 1
309 1105 1
309 1123 1
309 1125 1
309 1223 1
309 1277 1
309 1376 1
309 1400 1
309 1431 1
309 1443 1
309 1452 1
309 1467 1
309 1501 1
309 1519 1
309 1527 1
309 1554 1
309 1570 1
309 1622 1
309 1650 1
309 1780 1
309 1791 1
309 1802 1
309 1903 1
309 1914 1
309 1929 1
309 1971 1
310 366 1
310 392 1
310 400 1
310 446 1
310 477 1
310 495 1
310 606 1
310 703 1
310 707 1
310 721 1
310 841 1
310 917 1
310 931 1
310 964 1
310 989 1
310 1007 1
310 1025 1
310 1051 1
310 1100 1
310 1105 1
310 1128 1
310 1145 1
310 1167 1
310 1239 1
310 1274 1
310 1288 1
310 1293 1
310 1348 1
310 1377 1
310 1482 1
310 1556 1
310 1596 1
310 1611 1
310 1649 1
310 1665 1
310 1683 1
310 1684 1
310 1725 1
310 1763 1
310 1784 1
310 1826 1
310 1846 1
310 1953 1
310 1958 1
311 336 1
311 349 1
311 425 1
311 445 1
311 564 1
311 569 1
311 578 1
311 611 1
311 649 1
311 795 1
311 848 1
311 855 1
311 865 1
311 887 1
311 905 1
311 1019 1
311 1133 1
311 1134 1
311 1157 1
311 1201 1
311 1229 1
311 1266 1
311 1348 1
311 1357 1
311 1412 1
311 1444 1
311 1485 1
311 1517 1
311 1564 1
311 1576 1
311 1590 1
311 1695 1
311 1713 1
311 1761 1
311 1764 1
311 1818 1
311 1832 1
311 1841 1
311 1858 1
311 1877 1
311 1992 1
312 375 1
312 382 1
312 451 1
312 490 1
312 563 1
312 592 1
312 647 1
312 720 1
312 915 1
312 956 1
312 959 1
312 969 1
312 975 1
312 1039 1
312 1060 1
312 1101 1
312 1150 1
312 1214 1
312 1264 1
312 1290 1
312 1346 1
312 1383 1
312 1416 1
312 1437 1
312 1449 1
312 1450 1
312 1499 1
312 1501 1
312 1544 1
312 1545 1
312 1692 1
312 1708 1
312 1717 1
312 1718 1
312 1732 1
312 1771 1
312 1837 1
312 1843 1
312 1845 1
312 1848 1
312 1873 1
312 1998 1
313 319 1
313 321 1
313 349 1
313 369 1
313 377 1
313 493 1
313 515 1
313 601 1
313 658 1
313 682 1
313 688 1
313 744 1
313 817 1
313 849 1
313 931 1
313 958 1
313 983 1
313 1027 1
313 1035 1
313 1063 1
313 1074 1
313 1077 1
313 1107 1
313 1111 1
313 1113 1
313 1120 1
313 1152 1
313 1260 1
313 1296 1
313 1325 1
313 1341 1
313 1423 1
313 1490 1
313 1542 1
313 1552 1
313 1596 1
313 1724 1
313 1742 1
313 1747 1
313 1754 1
313 1776 1
313 1783 1
313 1800 1
313 1813 1
313 1900 1
313 1942 1
313 1945 1
313 1985 1
314 327 1
314 371 1
314 380 1
314 414 1
314 453 1
314 478 1
314 501 1
314 513 1
314 597 1
314 605 1
314 616 1
314 720 1
314 740 1
314 783 1
314 803 1
314 825 1
314 847 1
314 869 1
314 949 1
314 960 1
314 970 1
314 977 1
314 990 1
314 1052 1
314 1102 1
314 1118 1
314 1125 1
314 1154 1
314 1224 1
314 1239 1
314 1276 1
314 1304 1
314 1306 1
314 1360 1
314 1369 1
314 1381 1
314 1384 1
314 1539 1
314 1547 1
314 1646 1
314 1651 1
314 1663 1
314 1691 1
314 1758 1
314 1784 1
314 1888 1
314 1967 1
315 353 1
315 389 1
315 396 1
315 424 1
315 460 1
315 582 1
315 593 1
315 636 1
315 645 1
315 654 1
315 748 1
315 819 1
315 821 1
315 824 1
315 845 1
315 857 1
315 865 1
315 872 1
315 882 1
315 918 1
315 923 1
315 936 1
315 1019 1
315 1020 1
315 1062 1
315 1073 1
315 1089 1
315 1104 1
315 1193 1
315 1202 1
315 1205 1
315 1211 1
315 1267 1
315 1300 1
315 1315 1
315 1332 1
315 1350 1
315 1422 1
315 1466 1
315 1476 1
315 1484 1
315 1536 1
315 1584 1
315 1667 1
315 1676 1
315 1679 1
315 1692 1
315 1725 1
315 1730 1
315 1740 1
315 1772 1
315 1907 1
315 1941 1
315 1944 1
316 322 1
316 328 1
316 368 1
316 383 1
316 398 1
316 471 1
316 472 1
316 478 1
316 515 1
316 547 1
316 564 1
316 633 1
316 724 1
316 756 1
316 792 1
316 820 1
316 848 1
316 878 1
316 894 1
316 968 1
316 980 1
316 1110 1
316 1138 1
316 1165 1
316 1239 1
316 1248 1
316 1256 1
316 1283 1
316 1331 1
316 1555 1
316 1556 1
316 1561 1
316 1672 1
316 1758 1
316 1812 1
316 1814 1
316 1865 1
316 1872 1
316 1964 1
316 1971 1
316 1982 1
317 345 1
317 362 1
317 371 1
317 397 1
317 417 1
317 434 1
317 450 1
317 473 1
317 488 1
317 512 1
317 563 1
317 567 1
317 587 1
317 611 1
317 749 1
317 762 1
317 800 1
317 886 1
317 914 1
317 915 1
317 989 1
317 1105 1
317 1119 1
317 1327 1
317 1338 1
317 1416 1
317 1441 1
317 1449 1
317 1459 1
317 1569 1
317 1572 1
317 1638 1
317 1673 1
317 1679 1
317 1699 1
317 1782 1
317 1796 1
317 1843 1
317 1895 1
317 1976 1
317 1990 1
317 1994 1
318 367 1
318 377 1
318 403 1
318 666 1
318 730 1
318 744 1
318 801 1
318 828 1
318 857 1
318 871 1
318 997 1
318 1057 1
318 1224 1
318 1245 1
318 1246 1
318 1298 1
318 1356 1
318 1376 1
318 1444 1
318 1448 1
318 1479 1
318 1608 1
318 1620 1
318 1628 1
318 1631 1
318 1655 1
318 1695 1
318 1699 1
318 1750 1
318 1753 1
318 1755 1
318 1934 1
319 385 1
319 514 1
319 544 1
319 567 1
319 576 1
319 617 1
319 619 1
319 635 1
319 687 1
319 698 1
319 733 1
319 758 1
319 773 1
319 786 1
319 916 1
319 924 1
319 960 1
319 978 1
319 998 1
319 1092 1
319 1137 1
319 1223 1
319 1228 1
319 1242 1
319 1256 1
319 1301 1
319 1321 1
319 1345 1
319 1411 1
319 1420 1
319 1447 1
319 1475 1
319 1495 1
319 1556 1
319 1637 1
319 1685 1
319 1721 1
319 1834 1
319 1854 1
319 1931 1
320 432 1
320 490 1
320 505 1
320 506 1
320 518 1
320 542 1
320 552 1
320 599 1
320 748 1
320 781 1
320 803 1
320 842 1
320 899 1
320 950 1
320 960 1
320 981 1
320 1002 1
320 1015 1
320 1032 1
320 1066 1
320 1089 1
320 1109 1
320 1118 1
320 1138 1
320 1143 1
320 1159 1
320 1212 1
320 1272 1
320 1287 1
320 1288 1
320 1309 1
320 1438 1
320 1466 1
320 1480 1
320 1542 1
320 1709 1
320 1727 1
320 1738 1
320 1905 1
320 1941 1
320 1943 1
320 1999 1
321 376 1
321 401 1
321 449 1
321 466 1
321 532 1
321 554 1
321 568 1
321 590 1
321 592 1
321 632 1
321 643 1
321 657 1
321 669 1
321 679 1
321 682 1
321 686 1
321 720 1
321 794 1
321 797 1
321 871 1
321 951 1
321 1062 1
321 1143 1
321 1196 1
321 1259 1
321 1267 1
321 1284 1
321 1291 1
321 1295 1
321 1359 1
321 1381 1
321 1585 1
321 1614 1
321 1742 1
321 1749 1
321 1787 1
321 1834 1
321 1851 1
321 1926 1
321 1952 1
321 1992 1
322 363 1
322 371 1
322 481 1
322 490 1
322 498 1
322 511 1
322 538 1
322 544 1
322 846 1
322 872 1
322 882 1
322 888 1
322 924 1
322 995 1
322 1003 1
322 1231 1
322 1256 1
322 1270 1
322 1405 1
322 1435 1
322 1436 1
322 1484 1
322 1499 1
322 1578 1
322 1769 1
322 1789 1
322 1810 1
322 1815 1
322 1831 1
322 1837 1
322 1839 1
322 1840 1
323 350 1
323 405 1
323 425 1
323 435 1
323 478 1
323 485 1
323 646 1
323 687 1
323 710 1
323 722 1
323 727 1
323 826 1
323 831 1
323 834 1
323 863 1
323 989 1
323 1008 1
323 1167 1
323 1177 1
323 1199 1
323 1277 1
323 1300 1
323 1354 1
323 1429 1
323 1483 1
323 1563 1
323 1576 1
323 1577 1
323 1756 1
323 1830 1
323 1919 1
323 1931 1
323 1962 1
323 1975 1
324 336 1
324 364 1
324 372 1
324 382 1
324 404 1
324 475 1
324 482 1
324 529 1
324 532 1
324 539 1
324 550 1
324 586 1
324 611 1
324 652 1
324 675 1
324 693 1
324 750 1
324 772 1
324 932 1
324 951 1
324 966 1
324 1054 1
324 1116 1
324 1144 1
324 1230 1
324 1255 1
324 1317 1
324 1349 1
324 1361 1
324 1594 1
324 1639 1
324 1640 1
324 1729 1
324 1777 1
324 1784 1
324 1826 1
324 1864 1
324 1905 1
324 1928 1
324 1984 1
325 327 1
325 432 1
325 506 1
325 521 1
325 585 1
325 692 1
325 735 1
325 759 1
325 767 1
325 795 1
325 819 1
325 896 1
325 992 1
325 1027 1
325 1036 1
325 1052 1
325 1076 1
325 1115 1
325 1164 1
325 1177 1
325 1181 1
325 1193 1
325 1300 1
325 1301 1
325 1333 1
325 1388 1
325 1413 1
325 1505 1
325 1532 1
325 1545 1
325 1677 1
325 1744 1
325 1790 1
325 1860 1
325 1872 1
325 1938 1
325 1981 1
325 1995 1
326 343 1
326 376 1
326 380 1
326 428 1
326 430 1
326 484 1
326 494 1
326 498 1
326 505 1
326 507 1
326 586 1
326 646 1
326 684 1
326 687 1
326 695 1
326 822 1
326 916 1
326 928 1
326 929 1
326 935 1
326 945 1
326 976 1
326 1075 1
326 1099 1
326 1129 1
326 1165 1
326 1213 1
326 1235 1
326 1295 1
326 1300 1
326 1314 1
326 1362 1
326 1385 1
326 1402 1
326 1435 1
326 1486 1
326 1496 1
326 1601 1
326 1644 1
326 1651 1
326 1710 1
326 1769 1
326 1834 1
326 1880 1
326 1893 1
326 1923 1
326 1931 1
326 1978 1
327 414 1
327 452 1
327 563 1
327 644 1
327 674 1
327 723 1
327 750 1
327 765 1
327 797 1
327 803 1
327 815 1
327 829 1
327 840 1
327 940 1
327 963 1
327 981 1
327 1028 1
327 1039 1
327 1130 1
327 1153 1
327 1175 1
327 1344 1
327 1370 1
327 1450 1
327 1520 1
327 1535 1
327 1583 1
327 1601 1
327 1611 1
327 1643 1
327 1767 1
327 1777 1
327 1840 1
327 1894 1
327 1921 1
328 380 1
328 414 1
328 418 1
328 432 1
328 433 1
328 471 1
328 474 1
328 485 1
328 487 1
328 502 1
328 562 1
328 571 1
328 619 1
328 630 1
328 664 1
328 732 1
328 737 1
328 758 1
328 837 1
328 943 1
328 987 1
328 1025 1
328 1034 1
328 1108 1
328 1129 1
328 1174 1
328 1241 1
328 1261 1
328 1301 1
328 1307 1
328 1315 1
328 1334 1
328 1337 1
328 1445 1
328 1459 1
328 1503 1
328 1519 1
328 1577 1
328 1591 1
328 1597 1
328 1605 1
328 1644 1
328 1679 1
328 1685 1
328 1743 1
328 1843 1
328 1846 1
328 1895 1
328 1997 1
329 331 1
329 390 1
329 462 1
329 476 1
329 537 1
329 595 1
329 617 1
329 621 1
329 702 1
329 739 1
329 741 1
329 743 1
329 746 1
329 801 1
329 971 1
329 987 1
329 1073 1
329 1111 1
329 1183 1
329 1203 1
329 1223 1
329 1246 1
329 1285 1
329 1485 1
329 1530 1
329 1587 1
329 1593 1
329 1608 1
329 1613 1
329 1620 1
329 1693 1
329 1724 1
329 1740 1
329 1750 1
329 1753 1
329 1788 1
329 1845 1
329 1969 1
329 1997 1
330 369 1
330 442 1
330 446 1
330 479 1
330 480 1
330 517 1
330 576 1
330 619 1
330 640 1
330 645 1
330 662 1
330 698 1
330 830 1
330 831 1
330 854 1
330 880 1
330 908 1
330 1003 1
330 1037 1
330 1063 1
330 1249 1
330 1287 1
330 1363 1
330 1364 1
330 1368 1
330 1401 1
330 1412 1
330 1420 1
330 1494 1
330 1498 1
330 1506 1
330 1533 1
330 1547 1
330 1660 1
330 1713 1
330 1783 1
330 1814 1
330 1849 1
330 1909 1
330 1919 1
330 1930 1
330 1945 1
330 1967 1
331 336 1
331 557 1
331 581 1
331 643 1
331 665 1
331 673 1
331 678 1
331 692 1
331 706 1
331 724 1
331 736 1
331 801 1
331 806 1
331 847 1
331 849 1
331 870 1
331 878 1
331 886 1
331 1033 1
331 1053 1
331 1070 1
331 1090 1
331 1106 1
331 1138 1
331 1139 1
331 1160 1
331 1200 1
331 1248 1
331 1286 1
331 1405 1
331 1429 1
331 1485 1
331 1496 1
331 1508 1
331 1529 1
331 1569 1
331 1595 1
331 1617 1
331 1646 1
331 1662 1
331 1687 1
331 1737 1
331 1891 1
331 1911 1
331 1938 1
331 1956 1
331 1976 1
332 343 1
332 391 1
332 418 1
332 633 1
332 647 1
332 890 1
332 910 1
332 944 1
332 948 1
332 957 1
332 997 1
332 1017 1
332 1021 1
332 1044 1
332 1103 1
332 1142 1
332 1219 1
332 1229 1
332 1269 1
332 1308 1
332 1321 1
332 1372 1
332 1521 1
332 1632 1
332 1647 1
332 1671 1
332 1675 1
332 1777 1
332 1808 1
332 1853 1
332 1960 1
333 341 1
333 383 1
333 439 1
333 467 1
333 474 1
333 558 1
333 572 1
333 586 1
333 598 1
333 636 1
333 827 1
333 833 1
333 971 1
333 1019 1
333 1052 1
333 1054 1
333 1144 1
333 1147 1
333 1157 1
333 1187 1
333 1189 1
333 1206 1
333 1216 1
333 1275 1
333 1355 1
333 1377 1
333 1390 1
333 1486 1
333 1561 1
333 1618 1
333 1656 1
333 1678 1
333 1692 1
333 1703 1
333 1708 1
333 1754 1
333 1789 1
333 1797 1
333 1798 1
333 1814 1
333 1856 1
333 1893 1
334 358 1
334 375 1
334 456 1
334 486 1
334 487 1
334 488 1
334 513 1
334 532 1
334 533 1
334 539 1
334 601 1
334 645 1
334 672 1
334 681 1
334 697 1
334 714 1
334 727 1
334 730 1
334 775 1
334 799 1
334 841 1
334 851 1
334 856 1
334 857 1
334 863 1
334 874 1
334 893 1
334 968 1
334 1026 1
334 1046 1
334 1055 1
334 1172 1
334 1229 1
334 1271 1
334 1296 1
334 1310 1
334 1312 1
334 1337 1
334 1357 1
334 1371 1
334 1414 1
334 1434 1
334 1487 1
334 1506 1
334 1527 1
334 1599 1
334 1703 1
334 1744 1
334 1829 1
334 1844 1
334 1892 1
334 1927 1
334 1945 1
334 1978 1
334 1979 1
335 375 1
335 395 1
335 416 1
335 474 1
335 482 1
335 496 1
335 518 1
335 540 1
335 577 1
335 589 1
335 606 1
335 632 1
335 739 1
335 774 1
335 822 1
335 835 1
335 845 1
335 902 1
335 936 1
335 953 1
335 962 1
335 976 1
335 1028 1
335 1051 1
335 1057 1
335 1085 1
335 1095 1
335 1124 1
335 1143 1
335 1144 1
335 1170 1
335 1176 1
335 1252 1
335 1302 1
335 1311 1
335 1330 1
335 1351 1
335 1353 1
335 1394 1
335 1452 1
335 1481 1
335 1486 1
335 1551 1
335 1564 1
335 1582 1
335 1723 1
335 1743 1
335 1746 1
335 1795 1
335 1816 1
335 1838 1
335 1842 1
335 1894 1
335 1898 1
335 1911 1
335 1940 1
335 1948 1
335 1970 1
335 1991 1
336 358 1
336 373 1
336 380 1
336 501 1
336 502 1
336 512 1
336 543 1
336 576 1
336 621 1
336 799 1
336 877 1
336 895 1
336 912 1
336 973 1
336 993 1
336 1098 1
336 1150 1
336 1177 1
336 1181 1
336 1255 1
336 1277 1
336 1374 1
336 1454 1
336 1461 1
336 1501 1
336 1504 1
336 1567 1
336 1572 1
336 1577 1
336 1596 1
336 1625 1
336 1631 1
336 1632 1
336 1648 1
336 1663 1
336 1712 1
336 1730 1
336 1810 1
336 1848 1
336 1896 1
337 374 1
337 378 1
337 390 1
337 393 1
337 458 1
337 534 1
337 536 1
337 598 1
337 634 1
337 748 1
337 755 1
337 788 1
337 846 1
337 873 1
337 899 1
337 916 1
337 1027 1
337 1056 1
337 1086 1
337 1195 1
337 1235 1
337 1246 1
337 1384 1
337 1434 1
337 1450 1
337 1475 1
337 1476 1
337 1479 1
337 1503 1
337 1527 1
337 1537 1
337 1558 1
337 1587 1
337 1590 1
337 1625 1
337 1641 1
337 1644 1
337 1656 1
337 1665 1
337 1703 1
337 1711 1
337 1735 1
337 1761 1
337 1779 1
337 1828 1
337 1984 1
338 341 1
338 365 1
338 376 1
338 412 1
338 466 1
338 474 1
338 478 1
338 529 1
338 595 1
338 596 1
338 650 1
338 675 1
338 678 1
338 710 1
338 786 1
338 880 1
338 890 1
338 938 1
338 965 1
338 1025 1
338 1036 1
338 1037 1
338 1064 1
338 1129 1
338 1132 1
338 1134 1
338 1207 1
338 1234 1
338 1251 1
338 1276 1
338 1292 1
338 1314 1
338 1321 1
338 1331 1
338 1399 1
338 1405 1
338 1473 1
338 1477 1
338 1570 1
338 1629 1
338 1680 1
338 1693 1
338 1745 1
338 1770 1
338 1794 1
338 1842 1
338 1868 1
338 1924 1
338 1992 1
339 356 1
339 395 1
339 402 1
339 468 1
339 503 1
339 508 1
339 527 1
339 540 1
339 548 1
339 567 1
339 629 1
339 638 1
339 640 1
339 645 1
339 677 1
339 685 1
339 694 1
339 770 1
339 793 1
339 799 1
339 1148 1
339 1165 1
339 1166 1
339 1175 1
339 1208 1
339 1231 1
339 1292 1
339 1384 1
339 1432 1
339 1443 1
339 1545 1
339 1598 1
339 1600 1
339 1637 1
339 1658 1
339 1707 1
339 1745 1
339 1821 1
339 1849 1
339 1924 1
339 2000 1
340 439 1
340 501 1
340 513 1
340 539 1
340 669 1
340 675 1
340 703 1
340 713 1
340 730 1
340 763 1
340 792 1
340 800 1
340 805 1
340 812 1
340 818 1
340 841 1
340 880 1
340 887 1
340 895 1
340 941 1
340 957 1
340 988 1
340 1110 1
340 1164 1
340 1210 1
340 1230 1
340 1270 1
340 1287 1
340 1295 1
340 1515 1
340 1529 1
340 1531 1
340 1595 1
340 1620 1
340 1627 1
340 1716 1
340 1762 1
340 1864 1
340 1887 1
340 1977 1
341 437 1
341 458 1
341 476 1
341 519 1
341 536 1
341 539 1
341 565 1
341 611 1
341 645 1
341 654 1
341 702 1
341 928 1
341 929 1
341 939 1
341 1002 1
341 1025 1
341 1044 1
341 1084 1
341 1099 1
341 1115 1
341 1148 1
341 1205 1
341 1238 1
341 1276 1
341 1304 1
341 1455 1
341 1456 1
341 1467 1
341 1659 1
341 1945 1
342 347 1
342 363 1
342 376 1
342 409 1
342 448 1
342 489 1
342 531 1
342 555 1
342 591 1
342 684 1
342 733 1
342 751 1
342 760 1
342 781 1
342 812 1
342 822 1
342 835 1
342 852 1
342 890 1
342 924 1
342 926 1
342 988 1
342 1003 1
342 1005 1
342 1010 1
342 1021 1
342 1073 1
342 1080 1
342 1085 1
342 1142 1
342 1192 1
342 1208 1
342 1306 1
342 1307 1
342 1337 1
342 1349 1
342 1373 1
342 1378 1
342 1441 1
342 1454 1
342 1467 1
342 1478 1
342 1593 1
342 1603 1
342 1678 1
342 1788 1
342 1792 1
342 1866 1
342 1917 1
342 1931 1
342 1979 1
343 384 1
343 451 1
343 463 1
343 489 1
343 493 1
343 588 1
343 619 1
343 645 1
343 676 1
343 690 1
343 746 1
343 763 1
343 764 1
343 765 1
343 805 1
343 816 1
343 834 1
343 836 1
343 883 1
343 975 1
343 1018 1
343 1036 1
343 1126 1
343 1135 1
343 1151 1
343 1156 1
343 1160 1
343 1176 1
343 1209 1
343 1257 1
343 1278 1
343 1280 1
343 1295 1
343 1320 1
343 1368 1
343 1374 1
343 1380 1
343 1397 1
343 1410 1
343 1434 1
343 1552 1
343 1560 1
343 1611 1
343 1649 1
343 1652 1
343 1724 1
343 1761 1
343 1769 1
343 1805 1
343 1806 1
343 1810 1
343 1844 1
343 1867 1
343 1920 1
343 1931 1
344 345 1
344 394 1
344 397 1
344 445 1
344 506 1
344 529 1
344 591 1
344 623 1
344 666 1
344 668 1
344 677 1
344 685 1
344 702 1
344 755 1
344 772 1
344 775 1
344 819 1
344 842 1
344 875 1
344 959 1
344 991 1
344 1005 1
344 1037 1
344 1076 1
344 1100 1
344 1147 1
344 1179 1
344 1233 1
344 1253 1
344 1266 1
344 1294 1
344 1298 1
344 1327 1
344 1358 1
344 1379 1
344 1433 1
344 1442 1
344 1505 1
344 1512 1
344 1542 1
344 1618 1
344 1720 1
344 1724 1
344 1740 1
344 1756 1
344 1788 1
344 1799 1
344 1827 1
344 1840 1
344 1897 1
344 1934 1
344 1970 1
344 1980 1
345 358 1
345 368 1
345 393 1
345 397 1
345 406 1
345 525 1
345 567 1
345 611 1
345 633 1
345 709 1
345 788 1
345 907 1
345 935 1
345 954 1
345 975 1
345 1003 1
345 1031 1
345 1050 1
345 1139 1
345 1205 1
345 1210 1
345 1215 1
345 1257 1
345 1265 1
345 1284 1
345 1332 1
345 1352 1
345 1387 1
345 1394 1
345 1434 1
345 1542 1
345 1588 1
345 1668 1
345 1731 1
345 1794 1
345 1804 1
345 1826 1
345 1839 1
345 1899 1
345 1939 1
345 2000 1
346 421 1
346 431 1
346 440 1
346 441 1
346 692 1
346 706 1
346 731 1
346 796 1
346 823 1
346 894 1
346 938 1
346 955 1
346 971 1
346 976 1
346 1014 1
346 1093 1
346 1112 1
346 1113 1
346 1170 1
346 1249 1
346 1320 1
346 1407 1
346 1414 1
346 1439 1
346 1527 1
346 1544 1
346 1600 1
346 1687 1
346 1708 1
346 1718 1
346 1730 1
346 1767 1
346 1815 1
346 1819 1
346 1831 1
346 1845 1
346 1910 1
346 1988 1
347 408 1
347 417 1
347 495 1
347 499 1
347 523 1
347 542 1
347 547 1
347 596 1
347 603 1
347 613 1
347 682 1
347 685 1
347 700 1
347 732 1
347 769 1
347 771 1
347 875 1
347 910 1
347 919 1
347 932 1
347 983 1
347 1001 1
347 1060 1
347 1080 1
347 1166 1
347 1211 1
347 1242 1
347 1272 1
347 1361 1
347 1373 1
347 1383 1
347 1456 1
347 1466 1
347 1482 1
347 1524 1
347 1607 1
347 1626 1
347 1630 1
347 1650 1
347 1687 1
347 1701 1
347 1788 1
347 1803 1
347 1838 1
347 1850 1
347 1858 1
347 1874 1
347 1918 1
347 1968 1
348 357 1
348 367 1
348 397 1
348 448 1
348 449 1
348 522 1
348 682 1
348 692 1
348 698 1
348 870 1
348 947 1
348 967 1
348 1045 1
348 1057 1
348 1069 1
348 1090 1
348 1107 1
348 1123 1
348 1141 1
348 1186 1
348 1188 1
348 1232 1
348 1246 1
348 1294 1
348 1299 1
348 1351 1
348 1382 1
348 1437 1
348 1459 1
348 1493 1
348 1505 1
348 1576 1
348 1701 1
348 1733 1
348 1942 1
348 1949 1
349 364 1
349 373 1
349 418 1
349 442 1
349 485 1
349 537 1
349 679 1
349 768 1
349 792 1
349 906 1
349 923 1
349 1021 1
349 1045 1
349 1086 1
349 1128 1
349 1154 1
349 1182 1
349 1207 1
349 1213 1
349 1285 1
349 1293 1
349 1305 1
349 1323 1
349 1334 1
349 1377 1
349 1544 1
349 1566 1
349 1571 1
349 1579 1
349 1640 1
349 1754 1
349 1853 1
349 1859 1
350 409 1
350 435 1
350 484 1
350 514 1
350 518 1
350 540 1
350 549 1
350 579 1
350 582 1
350 639 1
350 670 1
350 676 1
350 679 1
350 688 1
350 726 1
350 838 1
350 943 1
350 963 1
350 966 1
350 978 1
350 992 1
350 995 1
350 1026 1
350 1044 1
350 1060 1
350 1155 1
350 1218 1
350 1238 1
350 1242 1
350 1302 1
350 1347 1
350 1370 1
350 1408 1
350 1427 1
350 1431 1
350 1451 1
350 1496 1
350 1534 1
350 1575 1
350 1617 1
350 1687 1
350 1755 1
350 1831 1
350 1846 1
350 1904 1
350 1917 1
350 1921 1
350 1944 1
350 1982 1
351 650 1
351 653 1
351 685 1
351 768 1
351 809 1
351 842 1
351 844 1
351 909 1
351 918 1
351 936 1
351 962 1
351 1065 1
351 1139 1
351 1156 1
351 1159 1
351 1170 1
351 1242 1
351 1332 1
351 1353 1
351 1449 1
351 1454 1
351 1489 1
351 1499 1
351 1512 1
351 1538 1
351 1568 1
351 1606 1
351 1614 1
351 1616 1
351 1617 1
351 1630 1
351 1687 1
351 1725 1
351 1741 1
351 1771 1
351 1782 1
351 1795 1
351 1825 1
351 1948 1
351 1995 1
352 419 1
352 433 1
352 439 1
352 456 1
352 504 1
352 534 1
352 547 1
352 551 1
352 562 1
352 571 1
352 572 1
352 613 1
352 625 1
352 671 1
352 703 1
352 759 1
352 802 1
352 819 1
352 838 1
352 872 1
352 950 1
352 978 1
352 1037 1
352 1040 1
352 1106 1
352 1117 1
352 1126 1
352 1169 1
352 1245 1
352 1262 1
352 1268 1
352 1335 1
352 1338 1
352 1339 1
352 1433 1
352 1441 1
352 1447 1
352 1472 1
352 1518 1
352 1520 1
352 1552 1
352 1553 1
352 1565 1
352 1597 1
352 1603 1
352 1616 1
352 1657 1
352 1668 1
352 1673 1
352 1674 1
352 1680 1
352 1687 1
352 1711 1
352 1826 1
352 1876 1
352 1884 1
352 1949 1
353 355 1
353 364 1
353 475 1
353 478 1
353 518 1
353 564 1
353 594 1
353 607 1
353 618 1
353 706 1
353 759 1
353 789 1
353 868 1
353 896 1
353 927 1
353 944 1
353 1025 1
353 1028 1
353 1108 1
353 1150 1
353 1159 1
353 1216 1
353 1218 1
353 1267 1
353 1348 1
353 1392 1
353 1423 1
353 1461 1
353 1545 1
353 1585 1
353 1593 1
353 1650 1
353 1734 1
353 1739 1
353 1758 1
353 1843 1
353 1881 1
353 1931 1
353 1939 1
353 1957 1
353 1968 1
353 1973 1
354 438 1
354 444 1
354 508 1
354 521 1
354 569 1
354 612 1
354 638 1
354 656 1
354 930 1
354 954 1
354 966 1
354 1118 1
354 1120 1
354 1131 1
354 1156 1
354 1163 1
354 1172 1
354 1181 1
354 1192 1
354 1197 1
354 1221 1
354 1254 1
354 1318 1
354 1328 1
354 1373 1
354 1382 1
354 1448 1
354 1458 1
354 1483 1
354 1536 1
354 1566 1
354 1570 1
354 1608 1
354 1611 1
354 1643 1
354 1746 1
354 1762 1
354 1793 1
354 1910 1
355 437 1
355 445 1
355 457 1
355 474 1
355 486 1
355 524 1
355 608 1
355 609 1
355 777 1
355 837 1
355 858 1
355 893 1
355 933 1
355 965 1
355 988 1
355 992 1
355 1001 1
355 1005 1
355 1091 1
355 1157 1
355 1158 1
355 1194 1
355 1223 1
355 1244 1
355 1296 1
355 1375 1
355 1509 1
355 1580 1
355 1585 1
355 1597 1
355 1616 1
355 1805 1
355 1843 1
355 1854 1
355 1878 1
355 1881 1
355 1886 1
355 1890 1
355 1963 1
355 1991 1
355 1998 1
356 427 1
356 457 1
356 475 1
356 525 1
356 533 1
356 600 1
356 634 1
356 650 1
356 714 1
356 722 1
356 736 1
356 752 1
356 782 1
356 839 1
356 843 1
356 865 1
356 985 1
356 1000 1
356 1013 1
356 1163 1
356 1184 1
356 1215 1
356 1237 1
356 1300 1
356 1317 1
356 1366 1
356 1463 1
356 1471 1
356 1506 1
356 1518 1
356 1530 1
356 1547 1
356 1628 1
356 1647 1
356 1661 1
356 1700 1
356 1721 1
356 1780 1
356 1816 1
356 1852 1
356 1856 1
356 1869 1
356 1930 1
356 1956 1
357 402 1
357 425 1
357 458 1
357 494 1
357 501 1
357 625 1
357 668 1
357 684 1
357 771 1
357 819 1
357 821 1
357 825 1
357 838 1
357 913 1
357 917 1
357 965 1
357 976 1
357 993 1
357 1007 1
357 1035 1
357 1041 1
357 1058 1
357 1114 1
357 1122 1
357 1135 1
357 1154 1
357 1159 1
357 1172 1
357 1210 1
357 1225 1
357 1248 1
357 1293 1
357 1313 1
357 1324 1
357 1376 1
357 1393 1
357 1402 1
357 1441 1
357 1479 1
357 1511 1
357 1562 1
357 1591 1
357 1639 1
357 1719 1
357 1802 1
357 1847 1
357 1854 1
357 1941 1
357 1987 1
358 462 1
358 473 1
358 530 1
358 587 1
358 682 1
358 687 1
358 696 1
358 749 1
358 765 1
358 773 1
358 779 1
358 840 1
358 952 1
358 1051 1
358 1052 1
358 1060 1
358 1140 1
358 1183 1
358 1223 1
358 1224 1
358 1225 1
358 1257 1
358 1355 1
358 1411 1
358 1417 1
358 1431 1
358 1464 1
358 1578 1
358 1592 1
358 1596 1
358 1669 1
358 1672 1
358 1681 1
358 1688 1
358 1697 1
358 1719 1
358 1802 1
358 1806 1
358 1821 1
358 1931 1
358 1971 1
359 408 1
359 466 1
359 515 1
359 592 1
359 726 1
359 775 1
359 803 1
359 851 1
359 894 1
359 974 1
359 989 1
359 1069 1
359 1073 1
359 1113 1
359 1181 1
359 1200 1
359 1240 1
359 1248 1
359 1332 1
359 1369 1
359 1397 1
359 1409 1
359 1429 1
359 1430 1
359 1514 1
359 1541 1
359 1560 1
359 1646 1
359 1705 1
359 1785 1
359 1921 1
360 394 1
360 453 1
360 492 1
360 501 1
360 567 1
360 600 1
360 622 1
360 645 1
360 696 1
360 721 1
360 740 1
360 790 1
360 829 1
360 836 1
360 837 1
360 845 1
360 990 1
360 1005 1
360 1035 1
360 1111 1
360 1325 1
360 1387 1
360 1429 1
360 1441 1
360 1450 1
360 1469 1
360 1595 1
360 1607 1
360 1738 1
360 1743 1
360 1783 1
360 1807 1
360 1810 1
360 1848 1
360 1930 1
360 1944 1
360 1956 1
361 406 1
361 421 1
361 479 1
361 538 1
361 567 1
361 576 1
361 667 1
361 702 1
361 771 1
361 773 1
361 867 1
361 888 1
361 923 1
361 931 1
361 948 1
361 1079 1
361 1106 1
361 1129 1
361 1149 1
361 1161 1
361 1188 1
361 1204 1
361 1222 1
361 1271 1
361 1477 1
361 1488 1
361 1506 1
361 1541 1
361 1579 1
361 1640 1
361 1653 1
361 1669 1
361 1680 1
361 1744 1
361 1749 1
361 1910 1
361 1997 1
362 430 1
362 434 1
362 482 1
362 499 1
362 564 1
362 620 1
362 643 1
362 735 1
362 778 1
362 794 1
362 797 1
362 823 1
362 926 1
362 951 1
362 987 1
362 1008 1
362 1015 1
362 1048 1
362 1114 1
362 1137 1
362 1173 1
362 1191 1
362 1194 1
362 1198 1
362 1260 1
362 1335 1
362 1388 1
362 1416 1
362 1454 1
362 1496 1
362 1506 1
362 1510 1
362 1549 1
362 1592 1
362 1607 1
362 1615 1
362 1708 1
362 1746 1
362 1805 1
362 1839 1
362 1876 1
362 1937 1
362 1990 1
362 1999 1
363 367 1
363 401 1
363 461 1
363 469 1
363 472 1
363 564 1
363 586 1
363 608 1
363 619 1
363 630 1
363 653 1
363 792 1
363 818 1
363 824 1
363 842 1
363 857 1
363 868 1
363 870 1
363 875 1
363 882 1
363 891 1
363 894 1
363 984 1
363 1009 1
363 1050 1
363 1082 1
363 1178 1
363 1232 1
363 1298 1
363 1379 1
363 1382 1
363 1462 1
363 1525 1
363 1531 1
363 1631 1
363 1634 1
363 1688 1
363 1742 1
363 1777 1
363 1782 1
363 1811 1
363 1825 1
363 1838 1
363 1900 1
364 401 1
364 530 1
364 539 1
364 546 1
364 571 1
364 644 1
364 687 1
364 721 1
364 799 1
364 826 1
364 830 1
364 847 1
364 868 1
364 932 1
364 954 1
364 959 1
364 964 1
364 1063 1
364 1112 1
364 1141 1
364 1179 1
364 1202 1
364 1223 1
364 1280 1
364 1300 1
364 1370 1
364 1405 1
364 1631 1
364 1693 1
364 1714 1
364 1737 1
364 1756 1
364 1768 1
364 1785 1
364 1788 1
364 1799 1
364 1816 1
364 1829 1
364 1854 1
364 1916 1
365 412 1
365 453 1
365 522 1
365 538 1
365 544 1
365 554 1
365 560 1
365 658 1
365 684 1
365 730 1
365 801 1
365 802 1
365 830 1
365 894 1
365 992 1
365 1029 1
365 1039 1
365 1049 1
365 1152 1
365 1188 1
365 1208 1
365 1253 1
365 1278 1
365 1294 1
365 1296 1
365 1391 1
365 1427 1
365 1456 1
365 1473 1
365 1502 1
365 1720 1
365 1746 1
365 1752 1
365 1841 1
365 1860 1
365 1870 1
365 1888 1
365 1899 1
365 1911 1
365 1932 1
365 1937 1
365 1957 1
365 1969 1
366 490 1
366 541 1
366 547 1
366 552 1
366 555 1
366 679 1
366 717 1
366 771 1
366 811 1
366 864 1
366 876 1
366 927 1
366 966 1
366 989 1
366 1037 1
366 1071 1
366 1298 1
366 1317 1
366 1347 1
366 1365 1
366 1452 1
366 1498 1
366 1531 1
366 1578 1
366 1602 1
366 1628 1
366 1630 1
366 1708 1
366 1782 1
366 1866 1
366 1883 1
366 1904 1
366 1914 1
366 1929 1
366 1970 1
367 373 1
367 474 1
367 496 1
367 575 1
367 608 1
367 689 1
367 714 1
367 722 1
367 740 1
367 757 1
367 778 1
367 798 1
367 805 1
367 809 1
367 817 1
367 854 1
367 870 1
367 897 1
367 926 1
367 970 1
367 984 1
367 1022 1
367 1023 1
367 1071 1
367 1074 1
367 1118 1
367 1168 1
367 1172 1
367 1185 1
367 1222 1
367 1276 1
367 1331 1
367 1349 1
367 1389 1
367 1425 1
367 1456 1
367 1563 1
367 1564 1
367 1594 1
367 1631 1
367 1640 1
367 1657 1
367 1715 1
367 1737 1
367 1743 1
367 1768 1
367 1894 1
368 397 1
368 416 1
368 439 1
368 480 1
368 484 1
368 547 1
368 655 1
368 746 1
368 757 1
368 838 1
368 841 1
368 851 1
368 987 1
368 1008 1
368 1079 1
368 1118 1
368 1119 1
368 1159 1
368 1348 1
368 1394 1
368 1452 1
368 1454 1
368 1543 1
368 1725 1
368 1752 1
368 1788 1
368 1860 1
368 1865 1
368 1989 1
368 1996 1
369 371 1
369 387 1
369 419 1
369 441 1
369 471 1
369 505 1
369 561 1
369 578 1
369 646 1
369 647 1
369 695 1
369 999 1
369 1005 1
369 1026 1
369 1036 1
369 1061 1
369 1110 1
369 1124 1
369 1141 1
369 1205 1
369 1286 1
369 1295 1
369 1309 1
369 1428 1
369 1466 1
369 1558 1
369 1565 1
369 1620 1
369 1650 1
369 1811 1
369 1915 1
369 1949 1
370 374 1
370 421 1
370 432 1
370 501 1
370 548 1
370 549 1
370 569 1
370 597 1
370 700 1
370 737 1
370 901 1
370 927 1
370 1110 1
370 1255 1
370 1271 1
370 1300 1
370 1309 1
370 1322 1
370 1363 1
370 1391 1
370 1413 1
370 1429 1
370 1455 1
370 1480 1
370 1519 1
370 1537 1
370 1540 1
370 1568 1
370 1575 1
370 1576 1
370 1621 1
370 1664 1
370 1706 1
370 1745 1
370 1812 1
370 1848 1
370 1923 1
370 1989 1
371 405 1
371 442 1
371 474 1
371 492 1
371 517 1
371 530 1
371 538 1
371 622 1
371 714 1
371 722 1
371 734 1
371 751 1
371 918 1
371 994 1
371 1042 1
371 1049 1
371 1063 1
371 1083 1
371 1095 1
371 1132 1
371 1150 1
371 1151 1
371 1186 1
371 1318 1
371 1344 1
371 1352 1
371 1414 1
371 1444 1
371 1518 1
371 1563 1
371 1568 1
371 1642 1
371 1680 1
371 1687 1
371 1718 1
371 1770 1
371 1879 1
371 1883 1
371 1886 1
371 1908 1
371 1953 1
372 422 1
372 437 1
372 447 1
372 485 1
372 491 1
372 570 1
372 598 1
372 599 1
372 615 1
372 648 1
372 696 1
372 835 1
372 890 1
372 976 1
372 981 1
372 1017 1
372 1124 1
372 1155 1
372 1172 1
372 1231 1
372 1323 1
372 1331 1
372 1335 1
372 1396 1
372 1404 1
372 1425 1
372 1441 1
372 1443 1
372 1521 1
372 1604 1
372 1669 1
372 1743 1
372 1889 1
372 1910 1
372 1917 1
372 1919 1
372 1973 1
372 1982 1
373 377 1
373 380 1
373 395 1
373 431 1
373 435 1
373 442 1
373 550 1
373 571 1
373 598 1
373 638 1
373 716 1
373 749 1
373 820 1
373 846 1
373 889 1
373 894 1
373 975 1
373 1040 1
373 1062 1
373 1157 1
373 1269 1
373 1286 1
373 1298 1
373 1451 1
373 1485 1
373 1555 1
373 1585 1
373 1657 1
373 1659 1
373 1773 1
373 1830 1
373 1957 1
374 398 1
374 406 1
374 436 1
374 442 1
374 478 1
374 542 1
374 551 1
374 694 1
374 706 1
374 723 1
374 807 1
374 837 1
374 900 1
374 931 1
374 976 1
374 1074 1
374 1094 1
374 1102 1
374 1104 1
374 1128 1
374 1192 1
374 1261 1
374 1279 1
374 1359 1
374 1433 1
374 1434 1
374 1445 1
374 1503 1
374 1514 1
374 1516 1
374 1588 1
374 1613 1
374 1638 1
374 1646 1
374 1658 1
374 1695 1
374 1726 1
374 1779 1
374 1795 1
374 1855 1
374 1865 1
374 1930 1
375 384 1
375 498 1
375 574 1
375 588 1
375 651 1
375 683 1
375 695 1
375 724 1
375 738 1
375 757 1
375 858 1
375 874 1
375 893 1
375 922 1
375 926 1
375 974 1
375 985 1
375 1029 1
375 1064 1
375 1082 1
375 1132 1
375 1134 1
375 1161 1
375 1162 1
375 1184 1
375 1198 1
375 1201 1
375 1217 1
375 1305 1
375 1362 1
375 1385 1
375 1453 1
375 1457 1
375 1480 1
375 1483 1
375 1561 1
375 1566 1
375 1623 1
375 1678 1
375 1686 1
375 1705 1
375 1713 1
375 1719 1
375 1750 1
375 1786 1
375 1788 1
375 1790 1
375 1877 1
375 1884 1
375 1885 1
375 1899 1
375 1909 1
375 1916 1
375 1930 1
376 381 1
376 440 1
376 566 1
376 661 1
376 677 1
376 686 1
376 878 1
376 987 1
376 1007 1
376 1034 1
376 1036 1
376 1064 1
376 1148 1
376 1243 1
376 1249 1
376 1279 1
376 1286 1
376 1380 1
376 1430 1
376 1561 1
376 1568 1
376 1700 1
376 1721 1
376 1730 1
376 1735 1
376 1784 1
376 1811 1
376 1821 1
376 1870 1
376 1989 1
376 1990 1
377 391 1
377 488 1
377 525 1
377 603 1
377 697 1
377 724 1
377 759 1
377 831 1
377 834 1
377 992 1
377 1075 1
377 1133 1
377 1153 1
377 1217 1
377 1222 1
377 1237 1
377 1323 1
377 1410 1
377 1461 1
377 1487 1
377 1521 1
377 1528 1
377 1586 1
377 1587 1
377 1634 1
377 1661 1
377 1692 1
377 1705 1
377 1712 1
377 1719 1
377 1744 1
377 1751 1
377 1759 1
377 1913 1
377 1927 1
378 403 1
378 439 1
378 443 1
378 519 1
378 552 1
378 579 1
378 615 1
378 618 1
378 627 1
378 722 1
378 756 1
378 798 1
378 800 1
378 803 1
378 825 1
378 853 1
378 856 1
378 869 1
378 870 1
378 871 1
378 966 1
378 1074 1
378 1089 1
378 1112 1
378 1120 1
378 1128 1
378 1180 1
378 1191 1
378 1210 1
378 1212 1
378 1218 1
378 1263 1
378 1369 1
378 1379 1
378 1458 1
378 1475 1
378 1480 1
378 1483 1
378 1551 1
378 1564 1
378 1567 1
378 1585 1
378 1753 1
378 1768 1
378 1773 1
378 1784 1
378 1789 1
378 1815 1
378 1909 1
378 1936 1
379 422 1
379 431 1
379 444 1
379 523 1
379 655 1
379 675 1
379 730 1
379 800 1
379 812 1
379 829 1
379 1170 1
379 1176 1
379 1214 1
379 1306 1
379 1428 1
379 1500 1
379 1584 1
379 1653 1
379 1702 1
379 1736 1
379 1754 1
379 1788 1
379 1795 1
379 1818 1
379 1890 1
379 1945 1
379 1948 1
379 1971 1
379 1998 1
380 490 1
380 509 1
380 524 1
380 525 1
380 548 1
380 562 1
380 571 1
380 583 1
380 653 1
380 670 1
380 695 1
380 716 1
380 735 1
380 740 1
380 760 1
380 825 1
380 852 1
380 915 1
380 926 1
380 947 1
380 949 1
380 965 1
380 1011 1
380 1027 1
380 1156 1
380 1172 1
380 1191 1
380 1214 1
380 1344 1
380 1387 1
380 1422 1
380 1429 1
380 1498 1
380 1585 1
380 1665 1
380 1682 1
380 1723 1
380 1807 1
380 1926 1
380 1992 1
381 442 1
381 443 1
381 517 1
381 545 1
381 632 1
381 696 1
381 765 1
381 772 1
381 822 1
381 825 1
381 859 1
381 902 1
381 950 1
381 974 1
381 1029 1
381 1032 1
381 1075 1
381 1082 1
381 1114 1
381 1132 1
381 1234 1
381 1264 1
381 1276 1
381 1317 1
381 1335 1
381 1344 1
381 1408 1
381 1418 1
381 1438 1
381 1461 1
381 1593 1
381 1596 1
381 1611 1
381 1662 1
381 1682 1
381 1697 1
381 1852 1
381 1857 1
381 1895 1
381 1928 1
381 1969 1
381 1989 1
382 501 1
382 509 1
382 511 1
382 554 1
382 560 1
382 597 1
382 609 1
382 615 1
382 670 1
382 706 1
382 716 1
382 755 1
382 840 1
382 896 1
382 962 1
382 1054 1
382 1057 1
382 1103 1
382 1221 1
382 1234 1
382 1273 1
382 1321 1
382 1330 1
382 1348 1
382 1374 1
382 1436 1
382 1478 1
382 1548 1
382 1602 1
382 1622 1
382 1775 1
382 1798 1
382 1860 1
382 1904 1
382 1915 1
382 1978 1
382 1981 1
382 1986 1
383 471 1
383 490 1
383 555 1
383 560 1
383 631 1
383 632 1
383 644 1
383 661 1
383 704 1
383 742 1
383 830 1
383 887 1
383 893 1
383 920 1
383 999 1
383 1000 1
383 1032 1
383 1109 1
383 1142 1
383 1238 1
383 1243 1
383 1263 1
383 1276 1
383 1279 1
383 1318 1
383 1321 1
383 1330 1
383 1443 1
383 1452 1
383 1504 1
383 1558 1
383 1626 1
383 1708 1
383 1721 1
383 1770 1
383 1795 1
383 1847 1
383 1852 1
383 1887 1
383 1945 1
383 1979 1
383 1981 1
384 496 1
384 513 1
384 518 1
384 526 1
384 621 1
384 632 1
384 647 1
384 675 1
384 699 1
384 708 1
384 751 1
384 827 1
384 1001 1
384 1052 1
384 1098 1
384 1208 1
384 1233 1
384 1271 1
384 1272 1
384 1293 1
384 1325 1
384 1348 1
384 1354 1
384 1378 1
384 1402 1
384 1424 1
384 1425 1
384 1482 1
384 1514 1
384 1522 1
384 1528 1
384 1567 1
384 1587 1
384 1638 1
384 1674 1
384 1695 1
384 1735 1
384 1739 1
384 1749 1
384 1775 1
384 1797 1
384 1850 1
384 1927 1
385 459 1
385 488 1
385 532 1
385 581 1
385 590 1
385 679 1
385 683 1
385 694 1
385 764 1
385 877 1
385 927 1
385 942 1
385 956 1
385 976 1
385 1012 1
385 1032 1
385 1053 1
385 1183 1
385 1219 1
385 1242 1
385 1293 1
385 1316 1
385 1337 1
385 1399 1
385 1509 1
385 1525 1
385 1558 1
385 1560 1
385 1563 1
385 1567 1
385 1573 1
385 1636 1
385 1693 1
385 1703 1
385 1704 1
385 1727 1
385 1758 1
385 1764 1
385 1777 1
385 1834 1
385 1860 1
385 1871 1
385 1872 1
385 1899 1
385 1902 1
385 1941 1
385 1986 1
385 1998 1
386 426 1
386 469 1
386 546 1
386 555 1
386 602 1
386 618 1
386 627 1
386 721 1
386 728 1
386 767 1
386 783 1
386 818 1
386 858 1
386 956 1
386 1005 1
386 1011 1
386 1026 1
386 1077 1
386 1132 1
386 1145 1
386 1241 1
386 1293 1
386 1295 1
386 1320 1
386 1324 1
386 1330 1
386 1347 1
386 1369 1
386 1453 1
386 1524 1
386 1542 1
386 1572 1
386 1576 1
386 1611 1
386 1657 1
386 1697 1
386 1788 1
386 1791 1
386 1821 1
386 1831 1
386 1852 1
386 1863 1
386 1881 1
386 1943 1
386 1958 1
386 1963 1
387 458 1
387 493 1
387 510 1
387 540 1
387 608 1
387 650 1
387 667 1
387 670 1
387 727 1
387 738 1
387 739 1
387 843 1
387 860 1
387 886 1
387 942 1
387 1021 1
387 1043 1
387 1059 1
387 1061 1
387 1088 1
387 1109 1
387 1118 1
387 1150 1
387 1160 1
387 1218 1
387 1249 1
387 1272 1
387 1297 1
387 1348 1
387 1373 1
387 1503 1
387 1563 1
387 1581 1
387 1588 1
387 1681 1
387 1685 1
387 1701 1
387 1739 1
387 1747 1
387 1799 1
387 1835 1
387 1902 1
387 1950 1
388 393 1
388 401 1
388 423 1
388 437 1
388 493 1
388 542 1
388 555 1
388 575 1
388 608 1
388 609 1
388 623 1
388 650 1
388 743 1
388 756 1
388 768 1
388 852 1
388 879 1
388 883 1
388 888 1
388 891 1
388 947 1
388 957 1
388 1044 1
388 1070 1
388 1179 1
388 1195 1
388 1216 1
388 1274 1
388 1410 1
388 1447 1
388 1469 1
388 1472 1
388 1517 1
388 1572 1
388 1743 1
388 1755 1
388 1864 1
388 1876 1
388 1913 1
388 1957 1
388 1978 1
389 403 1
389 409 1
389 436 1
389 438 1
389 553 1
389 590 1
389 628 1
389 687 1
389 762 1
389 781 1
389 810 1
389 857 1
389 875 1
389 969 1
389 977 1
389 1005 1
389 1008 1
389 1019 1
389 1049 1
389 1120 1
389 1190 1
389 1206 1
389 1315 1
389 1324 1
389 1374 1
389 1423 1
389 1488 1
389 1491 1
389 1502 1
389 1692 1
389 1761 1
389 1857 1
389 1880 1
389 1895 1
389 1966 1
389 1996 1
390 419 1
390 495 1
390 625 1
390 685 1
390 744 1
390 776 1
390 843 1
390 854 1
390 872 1
390 910 1
390 1025 1
390 1103 1
390 1106 1
390 1115 1
390 1118 1
390 1220 1
390 1237 1
390 1260 1
390 1277 1
390 1300 1
390 1313 1
390 1345 1
390 1366 1
390 1375 1
390 1390 1
390 1573 1
390 1596 1
390 1601 1
390 1606 1
390 1684 1
390 1735 1
390 1797 1
390 1854 1
390 1911 1
390 1913 1
391 399 1
391 414 1
391 447 1
391 450 1
391 471 1
391 477 1
391 485 1
391 549 1
391 579 1
391 642 1
391 743 1
391 768 1
391 789 1
391 799 1
391 816 1
391 897 1
391 1021 1
391 1027 1
391 1150 1
391 1258 1
391 1282 1
391 1324 1
391 1327 1
391 1427 1
391 1451 1
391 1461 1
391 1463 1
391 1499 1
391 1563 1
391 1592 1
391 1594 1
391 1644 1
391 1703 1
391 1781 1
391 1861 1
391 1949 1
391 1977 1
392 440 1
392 459 1
392 460 1
392 465 1
392 474 1
392 547 1
392 552 1
392 604 1
392 619 1
392 649 1
392 685 1
392 704 1
392 779 1
392 820 1
392 829 1
392 863 1
392 873 1
392 919 1
392 995 1
392 1000 1
392 1003 1
392 1008 1
392 1030 1
392 1033 1
392 1132 1
392 1138 1
392 1161 1
392 1261 1
392 1293 1
392 1331 1
392 1335 1
392 1367 1
392 1386 1
392 1387 1
392 1408 1
392 1489 1
392 1508 1
392 1530 1
392 1532 1
392 1535 1
392 1596 1
392 1661 1
392 1674 1
392 1704 1
392 1726 1
392 1734 1
392 1873 1
392 1914 1
392 1922 1
392 1928 1
392 1944 1
392 1955 1
392 1961 1
392 1985 1
392 1994 1
393 401 1
393 408 1
393 528 1
393 540 1
393 546 1
393 569 1
393 637 1
393 718 1
393 719 1
393 728 1
393 781 1
393 837 1
393 862 1
393 883 1
393 898 1
393 970 1
393 1063 1
393 1114 1
393 1142 1
393 1157 1
393 1165 1
393 1166 1
393 1175 1
393 1188 1
393 1189 1
393 1210 1
393 1299 1
393 1399 1
393 1410 1
393 1463 1
393 1469 1
393 1513 1
393 1526 1
393 1561 1
393 1566 1
393 1580 1
393 1648 1
393 1664 1
393 1670 1
393 1734 1
393 1747 1
393 1762 1
393 1768 1
393 1781 1
393 1784 1
393 1849 1
393 1860 1
393 1869 1
394 681 1
394 697 1
394 701 1
394 775 1
394 813 1
394 829 1
394 876 1
394 883 1
394 892 1
394 956 1
394 998 1
394 1045 1
394 1065 1
394 1068 1
394 1098 1
394 1199 1
394 1201 1
394 1203 1
394 1209 1
394 1341 1
394 1391 1
394 1451 1
394 1486 1
394 1488 1
394 1497 1
394 1567 1
394 1644 1
394 1677 1
394 1721 1
394 1743 1
394 1748 1
394 1834 1
394 1892 1
394 1916 1
394 1917 1
394 1937 1
394 1940 1
394 1951 1
395 443 1
395 493 1
395 497 1
395 522 1
395 537 1
395 630 1
395 648 1
395 660 1
395 674 1
395 702 1
395 776 1
395 815 1
395 847 1
395 852 1
395 890 1
395 921 1
395 964 1
395 981 1
395 1018 1
395 1051 1
395 1102 1
395 1140 1
395 1216 1
395 1367 1
395 1418 1
395 1469 1
395 1666 1
395 1712 1
395 1755 1
395 1769 1
395 1830 1
395 1841 1
395 1860 1
395 1905 1
395 1942 1
395 1959 1
395 1996 1
396 422 1
396 438 1
396 465 1
396 520 1
396 522 1
396 606 1
396 634 1
396 719 1
396 746 1
396 753 1
396 773 1
396 785 1
396 792 1
396 816 1
396 828 1
396 856 1
396 924 1
396 938 1
396 1091 1
396 1106 1
396 1174 1
396 1176 1
396 1178 1
396 1179 1
396 1193 1
396 1230 1
396 1260 1
396 1290 1
396 1293 1
396 1303 1
396 1352 1
396 1432 1
396 1465 1
396 1524 1
396 1575 1
396 1616 1
396 1628 1
396 1643 1
396 1775 1
396 1835 1
396 1858 1
396 1879 1
396 1908 1
396 1941 1
396 1950 1
397 443 1
397 494 1
397 506 1
397 523 1
397 558 1
397 663 1
397 677 1
397 800 1
397 809 1
397 822 1
397 865 1
397 873 1
397 879 1
397 939 1
397 944 1
397 1029 1
397 1153 1
397 1166 1
397 1184 1
397 1208 1
397 1213 1
397 1237 1
397 1310 1
397 1399 1
397 1432 1
397 1446 1
397 1481 1
397 1489 1
397 1500 1
397 1513 1
397 1514 1
397 1524 1
397 1526 1
397 1531 1
397 1549 1
397 1566 1
397 1675 1
397 1706 1
397 1738 1
397 1747 1
397 1803 1
397 1923 1
397 1960 1
397 1988 1
398 408 1
398 412 1
398 484 1
398 524 1
398 542 1
398 553 1
398 677 1
398 697 1
398 731 1
398 750 1
398 758 1
398 782 1
398 789 1
398 794 1
398 807 1
398 839 1
398 914 1
398 986 1
398 1016 1
398 1021 1
398 1066 1
398 1136 1
398 1158 1
398 1178 1
398 1179 1
398 1187 1
398 1227 1
398 1243 1
398 1262 1
398 1377 1
398 1408 1
398 1414 1
398 1458 1
398 1512 1
398 1530 1
398 1622 1
398 1697 1
398 1713 1
398 1795 1
398 1815 1
398 1849 1
398 1989 1
398 1990 1
399 423 1
399 452 1
399 506 1
399 531 1
399 543 1
399 568 1
399 575 1
399 607 1
399 658 1
399 683 1
399 813 1
399 819 1
399 890 1
399 954 1
399 956 1
399 1074 1
399 1089 1
399 1096 1
399 1112 1
399 1123 1
399 1131 1
399 1198 1
399 1221 1
399 1233 1
399 1266 1
399 1360 1
399 1422 1
399 1443 1
399 1444 1
399 1468 1
399 1507 1
399 1533 1
399 1534 1
399 1557 1
399 1599 1
399 1657 1
399 1682 1
399 1713 1
399 1717 1
399 1724 1
399 1747 1
399 1770 1
399 1797 1
399 1798 1
399 1912 1
399 1944 1
399 1963 1
400 409 1
400 420 1
400 575 1
400 604 1
400 619 1
400 695 1
400 715 1
400 746 1
400 809 1
400 825 1
400 837 1
400 839 1
400 890 1
400 898 1
400 909 1
400 968 1
400 1022 1
400 1095 1
400 1126 1
400 1146 1
400 1147 1
400 1195 1
400 1197 1
400 1216 1
400 1220 1
400 1246 1
400 1270 1
400 1308 1
400 1317 1
400 1422 1
400 1545 1
400 1556 1
400 1594 1
400 1616 1
400 1619 1
400 1660 1
400 1663 1
400 1676 1
400 1683 1
400 1754 1
400 1808 1
400 1848 1
400 1849 1
400 1906 1
400 1920 1
400 1934 1
400 1986 1
401 410 1
401 413 1
401 465 1
401 506 1
401 541 1
401 549 1
401 564 1
401 575 1
401 599 1
401 659 1
401 698 1
401 774 1
401 818 1
401 865 1
401 898 1
401 938 1
401 945 1
401 956 1
401 1048 1
401 1104 1
401 1105 1
401 1128 1
401 1171 1
401 1198 1
401 1270 1
401 1282 1
401 1291 1
401 1297 1
401 1370 1
401 1424 1
401 1494 1
401 1502 1
401 1571 1
401 1586 1
401 1615 1
401 1710 1
401 1773 1
401 1812 1
401 1818 1
401 1838 1
401 1872 1
401 1879 1
401 1923 1
401 1937 1
401 1964 1
401 1969 1
402 528 1
402 536 1
402 565 1
402 605 1
402 627 1
402 840 1
402 848 1
402 886 1
402 946 1
402 959 1
402 972 1
402 980 1
402 1012 1
402 1055 1
402 1056 1
402 1064 1
402 1077 1
402 1083 1
402 1113 1
402 1219 1
402 1264 1
402 1277 1
402 1296 1
402 1314 1
402 1394 1
402 1595 1
402 1618 1
402 1750 1
402 1764 1
402 1784 1
402 1827 1
402 1864 1
402 1869 1
402 1891 1
402 1963 1
402 1966 1
403 539 1
403 567 1
403 618 1
403 672 1
403 675 1
403 756 1
403 761 1
403 833 1
403 847 1
403 897 1
403 1041 1
403 1094 1
403 1114 1
403 1187 1
403 1190 1
403 1198 1
403 1225 1
403 1255 1
403 1277 1
403 1329 1
403 1377 1
403 1430 1
403 1465 1
403 1478 1
403 1499 1
403 1643 1
403 1658 1
403 1700 1
403 1701 1
403 1750 1
403 1823 1
403 1849 1
404 431 1
404 469 1
404 516 1
404 537 1
404 586 1
404 590 1
404 608 1
404 624 1
404 646 1
404 662 1
404 671 1
404 697 1
404 719 1
404 720 1
404 726 1
404 734 1
404 772 1
404 783 1
404 786 1
404 857 1
404 882 1
404 1009 1
404 1012 1
404 1027 1
404 1038 1
404 1052 1
404 1100 1
404 1117 1
404 1119 1
404 1122 1
404 1148 1
404 1166 1
404 1187 1
404 1189 1
404 1195 1
404 1336 1
404 1358 1
404 1399 1
404 1469 1
404 1490 1
404 1577 1
404 1609 1
404 1658 1
404 1691 1
404 1699 1
404 1701 1
404 1783 1
404 1847 1
404 1956 1
404 1961 1
404 1964 1
404 1967 1
404 1970 1
404 1982 1
405 410 1
405 419 1
405 459 1
405 540 1
405 570 1
405 601 1
405 620 1
405 640 1
405 659 1
405 673 1
405 729 1
405 751 1
405 760 1
405 780 1
405 876 1
405 915 1
405 916 1
405 1003 1
405 1036 1
405 1056 1
405 1060 1
405 1062 1
405 1108 1
405 1134 1
405 1149 1
405 1221 1
405 1290 1
405 1330 1
405 1348 1
405 1517 1
405 1521 1
405 1541 1
405 1576 1
405 1582 1
405 1708 1
405 1764 1
405 1778 1
405 1804 1
405 1828 1
405 1833 1
405 1940 1
405 1961 1
406 428 1
406 480 1
406 490 1
406 519 1
406 625 1
406 653 1
406 777 1
406 780 1
406 781 1
406 888 1
406 946 1
406 955 1
406 1028 1
406 1056 1
406 1060 1
406 1137 1
406 1314 1
406 1342 1
406 1353 1
406 1454 1
406 1460 1
406 1498 1
406 1550 1
406 1573 1
406 1611 1
406 1685 1
406 1690 1
406 1695 1
406 1733 1
406 1741 1
406 1895 1
406 1909 1
406 1915 1
406 1951 1
406 1966 1
407 598 1
407 603 1
407 622 1
407 697 1
407 711 1
407 729 1
407 768 1
407 839 1
407 851 1
407 863 1
407 871 1
407 884 1
407 992 1
407 1035 1
407 1071 1
407 1076 1
407 1102 1
407 1117 1
407 1176 1
407 1203 1
407 1237 1
407 1238 1
407 1256 1
407 1303 1
407 1317 1
407 1383 1
407 1409 1
407 1491 1
407 1494 1
407 1535 1
407 1561 1
407 1570 1
407 1617 1
407 1647 1
407 1680 1
407 1710 1
407 1744 1
407 1747 1
407 1781 1
407 1821 1
407 1906 1
407 1934 1
408 444 1
408 485 1
408 503 1
408 549 1
408 670 1
408 678 1
408 716 1
408 720 1
408 726 1
408 786 1
408 799 1
408 815 1
408 852 1
408 878 1
408 880 1
408 911 1
408 979 1
408 986 1
408 1147 1
408 1206 1
408 1287 1
408 1292 1
408 1412 1
408 1419 1
408 1464 1
408 1490 1
408 1611 1
408 1681 1
408 1713 1
408 1759 1
408 1829 1
408 1850 1
408 1897 1
408 1963 1
409 418 1
409 423 1
409 427 1
409 461 1
409 466 1
409 534 1
409 551 1
409 567 1
409 611 1
409 673 1
409 689 1
409 750 1
409 757 1
409 910 1
409 925 1
409 931 1
409 939 1
409 994 1
409 1007 1
409 1023 1
409 1035 1
409 1045 1
409 1049 1
409 1088 1
409 1141 1
409 1148 1
409 1166 1
409 1207 1
409 1219 1
409 1239 1
409 1257 1
409 1326 1
409 1363 1
409 1456 1
409 1488 1
409 1490 1
409 1491 1
409 1589 1
409 1675 1
409 1679 1
409 1695 1
409 1713 1
409 1758 1
409 1778 1
409 1787 1
409 1789 1
409 1849 1
409 1861 1
409 1880 1
409 1891 1
409 1930 1
409 1948 1
409 1967 1
410 411 1
410 423 1
410 484 1
410 486 1
410 604 1
410 729 1
410 730 1
410 756 1
410 783 1
410 834 1
410 904 1
410 910 1
410 1004 1
410 1062 1
410 1146 1
410 1155 1
410 1264 1
410 1267 1
410 1279 1
410 1320 1
410 1367 1
410 1386 1
410 1412 1
410 1416 1
410 1461 1
410 1462 1
410 1492 1
410 1573 1
410 1575 1
410 1580 1
410 1590 1
410 1634 1
410 1661 1
410 1711 1
410 1749 1
410 1784 1
410 1836 1
410 1846 1
410 1849 1
410 1882 1
410 1897 1
410 1908 1
410 1940 1
410 1949 1
410 1970 1
411 421 1
411 442 1
411 443 1
411 496 1
411 661 1
411 749 1
411 752 1
411 819 1
411 863 1
411 890 1
411 910 1
411 939 1
411 942 1
411 1028 1
411 1048 1
411 1072 1
411 1081 1
411 1082 1
411 1141 1
411 1156 1
411 1167 1
411 1209 1
411 1247 1
411 1383 1
411 1390 1
411 1469 1
411 1483 1
411 1494 1
411 1552 1
411 1572 1
411 1639 1
411 1730 1
411 1735 1
411 1856 1
411 1890 1
411 1904 1
411 1961 1
411 1968 1
411 1972 1
412 479 1
412 524 1
412 525 1
412 587 1
412 604 1
412 614 1
412 655 1
412 657 1
412 666 1
412 823 1
412 860 1
412 862 1
412 873 1
412 986 1
412 988 1
412 995 1
412 1047 1
412 1117 1
412 1124 1
412 1185 1
412 1207 1
412 1233 1
412 1364 1
412 1502 1
412 1571 1
412 1573 1
412 1643 1
412 1646 1
412 1742 1
412 1772 1
412 1783 1
412 1935 1
412 1963 1
412 1971 1
413 421 1
413 642 1
413 655 1
413 681 1
413 706 1
413 802 1
413 846 1
413 903 1
413 908 1
413 913 1
413 1088 1
413 1131 1
413 1215 1
413 1325 1
413 1528 1
413 1533 1
413 1609 1
413 1646 1
413 1776 1
413 1803 1
413 1881 1
414 439 1
414 450 1
414 476 1
414 509 1
414 520 1
414 558 1
414 561 1
414 616 1
414 620 1
414 676 1
414 688 1
414 697 1
414 698 1
414 765 1
414 832 1
414 851 1
414 852 1
414 899 1
414 911 1
414 936 1
414 973 1
414 1025 1
414 1163 1
414 1174 1
414 1344 1
414 1383 1
414 1420 1
414 1487 1
414 1504 1
414 1512 1
414 1613 1
414 1625 1
414 1652 1
414 1665 1
414 1784 1
414 1898 1
414 1906 1
414 1960 1
415 498 1
415 505 1
415 508 1
415 550 1
415 588 1
415 645 1
415 651 1
415 664 1
415 693 1
415 753 1
415 823 1
415 828 1
415 865 1
415 889 1
415 946 1
415 1022 1
415 1026 1
415 1116 1
415 1147 1
415 1192 1
415 1207 1
415 1237 1
415 1264 1
415 1425 1
415 1480 1
415 1501 1
415 1593 1
415 1611 1
415 1659 1
415 1748 1
415 1765 1
415 1776 1
415 1778 1
415 1813 1
415 1846 1
415 1929 1
416 439 1
416 448 1
416 497 1
416 556 1
416 595 1
416 609 1
416 752 1
416 811 1
416 815 1
416 961 1
416 972 1
416 990 1
416 1002 1
416 1119 1
416 1288 1
416 1290 1
416 1338 1
416 1359 1
416 1441 1
416 1446 1
416 1454 1
416 1479 1
416 1531 1
416 1610 1
416 1642 1
416 1655 1
416 1668 1
416 1823 1
416 1896 1
416 1901 1
416 1955 1
417 463 1
417 464 1
417 538 1
417 577 1
417 587 1
417 720 1
417 788 1
417 820 1
417 913 1
417 915 1
417 933 1
417 968 1
417 995 1
417 1109 1
417 1112 1
417 1114 1
417 1138 1
417 1188 1
417 1202 1
417 1247 1
417 1259 1
417 1275 1
417 1487 1
417 1496 1
417 1525 1
417 1658 1
417 1673 1
417 1724 1
417 1731 1
417 1745 1
417 1781 1
417 1796 1
417 1797 1
417 1806 1
417 1842 1
417 1915 1
418 429 1
418 435 1
418 445 1
418 492 1
418 507 1
418 531 1
418 560 1
418 575 1
418 595 1
418 623 1
418 634 1
418 668 1
418 679 1
418 681 1
418 684 1
418 807 1
418 843 1
418 858 1
418 921 1
418 1008 1
418 1016 1
418 1022 1
418 1064 1
418 1160 1
418 1261 1
418 1262 1
418 1357 1
418 1376 1
418 1413 1
418 1414 1
418 1426 1
418 1455 1
418 1560 1
418 1570 1
418 1622 1
418 1716 1
418 1759 1
418 1780 1
418 1801 1
418 1809 1
418 1813 1
418 1892 1
418 1906 1
418 1911 1
418 1926 1
419 495 1
419 542 1
419 555 1
419 559 1
419 680 1
419 682 1
419 726 1
419 779 1
419 889 1
419 930 1
419 958 1
419 984 1
419 986 1
419 995 1
419 1014 1
419 1025 1
419 1080 1
419 1199 1
419 1215 1
419 1285 1
419 1286 1
419 1312 1
419 1365 1
419 1378 1
419 1438 1
419 1536 1
419 1542 1
419 1558 1
419 1591 1
419 1612 1
419 1633 1
419 1645 1
419 1654 1
419 1673 1
419 1685 1
419 1694 1
419 1781 1
419 1877 1
419 1916 1
419 1918 1
419 1926 1
419 1944 1
420 473 1
420 482 1
420 521 1
420 523 1
420 579 1
420 604 1
420 610 1
420 618 1
420 673 1
420 738 1
420 807 1
420 814 1
420 857 1
420 873 1
420 1078 1
420 1130 1
420 1132 1
420 1156 1
420 1181 1
420 1199 1
420 1250 1
420 1286 1
420 1315 1
420 1330 1
420 1349 1
420 1403 1
420 1434 1
420 1491 1
420 1519 1
420 1555 1
420 1614 1
420 1673 1
420 1689 1
420 1724 1
420 1760 1
420 1771 1
420 1847 1
420 1885 1
420 1911 1
420 1916 1
420 1939 1
420 1957 1
421 424 1
421 519 1
421 550 1
421 589 1
421 641 1
421 643 1
421 682 1
421 690 1
421 693 1
421 803 1
421 944 1
421 1090 1
421 1132 1
421 1137 1
421 1201 1
421 1229 1
421 1263 1
421 1315 1
421 1317 1
421 1394 1
421 1417 1
421 1473 1
421 1570 1
421 1702 1
421 1858 1
421 1893 1
421 1895 1
421 1899 1
421 1943 1
421 1960 1
421 1965 1
421 1992 1
422 424 1
422 493 1
422 588 1
422 591 1
422 654 1
422 728 1
422 743 1
422 758 1
422 768 1
422 793 1
422 826 1
422 829 1
422 861 1
422 888 1
422 922 1
422 1034 1
422 1070 1
422 1151 1
422 1154 1
422 1163 1
422 1166 1
422 1201 1
422 1215 1
422 1238 1
422 1259 1
422 1306 1
422 1313 1
422 1332 1
422 1461 1
422 1470 1
422 1475 1
422 1493 1
422 1509 1
422 1561 1
422 1570 1
422 1587 1
422 1659 1
422 1666 1
422 1758 1
422 1799 1
422 1837 1
422 1998 1
423 457 1
423 461 1
423 506 1
423 544 1
423 733 1
423 790 1
423 799 1
423 861 1
423 871 1
423 894 1
423 950 1
423 985 1
423 1254 1
423 1286 1
423 1352 1
423 1374 1
423 1379 1
423 1386 1
423 1509 1
423 1627 1
423 1736 1
423 1839 1
423 1888 1
423 1965 1
424 446 1
424 459 1
424 469 1
424 505 1
424 507 1
424 550 1
424 635 1
424 645 1
424 703 1
424 704 1
424 724 1
424 734 1
424 767 1
424 826 1
424 852 1
424 873 1
424 947 1
424 994 1
424 1001 1
424 1034 1
424 1059 1
424 1069 1
424 1245 1
424 1250 1
424 1262 1
424 1338 1
424 1361 1
424 1367 1
424 1383 1
424 1460 1
424 1499 1
424 1501 1
424 1584 1
424 1618 1
424 1622 1
424 1638 1
424 1651 1
424 1665 1
424 1683 1
424 1714 1
424 1795 1
424 1832 1
424 1873 1
424 1877 1
424 1899 1
424 1915 1
424 1942 1
425 525 1
425 535 1
425 565 1
425 575 1
425 623 1
425 641 1
425 646 1
425 736 1
425 783 1
425 791 1
425 797 1
425 848 1
425 849 1
425 890 1
425 891 1
425 903 1
425 910 1
425 984 1
425 987 1
425 1048 1
425 1164 1
425 1172 1
425 1208 1
425 1252 1
425 1299 1
425 1322 1
425 1356 1
425 1358 1
425 1428 1
425 1431 1
425 1457 1
425 1486 1
425 1538 1
425 1581 1
425 1700 1
425 1735 1
425 1912 1
425 1984 1
425 1990 1
426 430 1
426 477 1
426 478 1
426 508 1
426 530 1
426 540 1
426 553 1
426 633 1
426 634 1
426 639 1
426 658 1
426 667 1
426 675 1
426 718 1
426 766 1
426 769 1
426 806 1
426 859 1
426 868 1
426 895 1
426 948 1
426 1035 1
426 1057 1
426 1162 1
426 1206 1
426 1211 1
426 1225 1
426 1265 1
426 1295 1
426 1308 1
426 1320 1
426 1329 1
426 1334 1
426 1378 1
426 1385 1
426 1440 1
426 1546 1
426 1555 1
426 1580 1
426 1693 1
426 1722 1
426 1731 1
426 1736 1
426 1844 1
426 1882 1
426 1944 1
426 1996 1
427 455 1
427 462 1
427 471 1
427 554 1
427 597 1
427 649 1
427 667 1
427 789 1
427 882 1
427 941 1
427 985 1
427 987 1
427 994 1
427 1019 1
427 1072 1
427 1170 1
427 1187 1
427 1208 1
427 1283 1
427 1292 1
427 1340 1
427 1377 1
427 1477 1
427 1499 1
427 1531 1
427 1566 1
427 1587 1
427 1670 1
427 1677 1
427 1698 1
427 1723 1
427 1767 1
427 1777 1
427 1798 1
427 1808 1
427 1814 1
427 1824 1
427 1864 1
427 1914 1
427 1922 1
428 431 1
428 478 1
428 508 1
428 548 1
428 562 1
428 563 1
428 607 1
428 638 1
428 643 1
428 708 1
428 725 1
428 726 1
428 919 1
428 925 1
428 939 1
428 943 1
428 1083 1
428 1143 1
428 1148 1
428 1178 1
428 1222 1
428 1283 1
428 1521 1
428 1542 1
428 1607 1
428 1615 1
428 1665 1
428 1686 1
428 1767 1
428 1785 1
428 1805 1
428 1841 1
428 1942 1
428 1955 1
428 1977 1
429 454 1
429 495 1
429 519 1
429 529 1
429 608 1
429 625 1
429 656 1
429 688 1
429 692 1
429 729 1
429 741 1
429 931 1
429 1014 1
429 1056 1
429 1062 1
429 1091 1
429 1125 1
429 1158 1
429 1163 1
429 1251 1
429 1305 1
429 1376 1
429 1406 1
429 1429 1
429 1457 1
429 1460 1
429 1480 1
429 1510 1
429 1555 1
429 1571 1
429 1693 1
429 1701 1
429 1732 1
429 1735 1
429 1765 1
429 1801 1
429 1827 1
429 1843 1
429 1871 1
429 1929 1
429 1987 1
430 460 1
430 575 1
430 576 1
430 633 1
430 697 1
430 852 1
430 892 1
430 931 1
430 992 1
430 1015 1
430 1039 1
430 1068 1
430 1084 1
430 1116 1
430 1183 1
430 1184 1
430 1248 1
430 1261 1
430 1286 1
430 1357 1
430 1369 1
430 1449 1
430 1506 1
430 1557 1
430 1624 1
430 1660 1
430 1697 1
430 1719 1
430 1721 1
430 1801 1
430 1817 1
430 1933 1
430 1962 1
430 1977 1
430 1982 1
431 463 1
431 496 1
431 509 1
431 511 1
431 517 1
431 598 1
431 669 1
431 740 1
431 750 1
431 756 1
431 774 1
431 780 1
431 966 1
431 978 1
431 997 1
431 1002 1
431 1009 1
431 1064 1
431 1125 1
431 1144 1
431 1151 1
431 1175 1
431 1186 1
431 1241 1
431 1274 1
431 1343 1
431 1356 1
431 1377 1
431 1383 1
431 1423 1
431 1629 1
431 1636 1
431 1645 1
431 1732 1
431 1751 1
431 1765 1
431 1768 1
431 1870 1
431 1897 1
431 1922 1
431 1940 1
431 1963 1
432 439 1
432 448 1
432 604 1
432 632 1
432 638 1
432 680 1
432 703 1
432 768 1
432 845 1
432 867 1
432 888 1
432 902 1
432 947 1
432 1072 1
432 1082 1
432 1133 1
432 1244 1
432 1296 1
432 1342 1
432 1362 1
432 1377 1
432 1378 1
432 1386 1
432 1610 1
432 1662 1
432 1664 1
432 1747 1
432 1925 1
432 1939 1
432 1942 1
432 1972 1
433 453 1
433 485 1
433 517 1
433 558 1
433 591 1
433 703 1
433 787 1
433 791 1
433 820 1
433 840 1
433 873 1
433 879 1
433 904 1
433 981 1
433 1001 1
433 1040 1
433 1048 1
433 1061 1
433 1088 1
433 1130 1
433 1131 1
433 1149 1
433 1157 1
433 1168 1
433 1192 1
433 1242 1
433 1244 1
433 1273 1
433 1286 1
433 1331 1
433 1341 1
433 1360 1
433 1426 1
433 1469 1
433 1484 1
433 1529 1
433 1539 1
433 1550 1
433 1621 1
433 1630 1
433 1643 1
433 1757 1
433 1776 1
433 1828 1
433 1869 1
433 1874 1
433 1888 1
433 1893 1
433 1967 1
434 467 1
434 516 1
434 664 1
434 708 1
434 821 1
434 836 1
434 1046 1
434 1100 1
434 1187 1
434 1211 1
434 1226 1
434 1244 1
434 1293 1
434 1362 1
434 1515 1
434 1537 1
434 1571 1
434 1611 1
434 1645 1
434 1661 1
434 1674 1
434 1871 1
434 1921 1
434 1936 1
434 1990 1
435 454 1
435 516 1
435 538 1
435 557 1
435 578 1
435 590 1
435 644 1
435 659 1
435 702 1
435 778 1
435 783 1
435 838 1
435 963 1
435 980 1
435 1024 1
435 1052 1
435 1056 1
435 1064 1
435 1134 1
435 1191 1
435 1209 1
435 1234 1
435 1303 1
435 1322 1
435 1371 1
435 1406 1
435 1435 1
435 1447 1
435 1730 1
435 1736 1
435 1924 1
435 1932 1
435 1938 1
435 1966 1
435 1988 1
436 499 1
436 642 1
436 697 1
436 745 1
436 766 1
436 795 1
436 805 1
436 847 1
436 982 1
436 1004 1
436 1109 1
436 1114 1
436 1138 1
436 1228 1
436 1254 1
436 1304 1
436 1352 1
436 1377 1
436 1426 1
436 1523 1
436 1589 1
436 1617 1
436 1664 1
436 1670 1
436 1708 1
436 1745 1
436 1772 1
436 1938 1
436 1985 1
436 1988 1
437 474 1
437 509 1
437 511 1
437 590 1
437 623 1
437 649 1
437 718 1
437 766 1
437 798 1
437 882 1
437 895 1
437 930 1
437 1016 1
437 1032 1
437 1172 1
437 1208 1
437 1234 1
437 1298 1
437 1367 1
437 1455 1
437 1499 1
437 1505 1
437 1544 1
437 1560 1
437 1757 1
437 1828 1
437 1849 1
437 1901 1
437 1999 1
438 443 1
438 456 1
438 467 1
438 528 1
438 556 1
438 665 1
438 674 1
438 678 1
438 786 1
438 797 1
438 803 1
438 852 1
438 867 1
438 897 1
438 971 1
438 980 1
438 1015 1
438 1060 1
438 1107 1
438 1108 1
438 1128 1
438 1321 1
438 1343 1
438 1404 1
438 1420 1
438 1437 1
438 1449 1
438 1488 1
438 1519 1
438 1545 1
438 1559 1
438 1598 1
438 1602 1
438 1619 1
438 1670 1
438 1713 1
438 1718 1
438 1744 1
438 1829 1
438 1838 1
438 1852 1
438 1940 1
438 1941 1
438 1971 1
438 1987 1
439 459 1
439 504 1
439 531 1
439 607 1
439 626 1
439 674 1
439 698 1
439 777 1
439 865 1
439 910 1
439 914 1
439 939 1
439 981 1
439 988 1
439 1084 1
439 1152 1
439 1154 1
439 1178 1
439 1223 1
439 1293 1
439 1467 1
439 1483 1
439 1512 1
439 1521 1
439 1564 1
439 1566 1
439 1595 1
439 1636 1
439 1675 1
439 1761 1
439 1773 1
439 1875 1
439 1892 1
439 1932 1
439 1978 1
439 1990 1
440 481 1
440 520 1
440 543 1
440 675 1
440 735 1
440 834 1
440 839 1
440 854 1
440 868 1
440 876 1
440 880 1
440 919 1
440 921 1
440 938 1
440 1071 1
440 1124 1
440 1158 1
440 1218 1
440 1260 1
440 1318 1
440 1382 1
440 1404 1
440 1413 1
440 1441 1
440 1443 1
440 1448 1
440 1478 1
440 1486 1
440 1495 1
440 1513 1
440 1555 1
440 1589 1
440 1636 1
440 1703 1
440 1713 1
440 1801 1
440 1842 1
440 1854 1
440 1877 1
440 1884 1
440 1931 1
440 1956 1
441 479 1
441 488 1
441 532 1
441 695 1
441 772 1
441 835 1
441 882 1
441 889 1
441 927 1
441 937 1
441 958 1
441 979 1
441 1038 1
441 1043 1
441 1045 1
441 1050 1
441 1079 1
441 1085 1
441 1098 1
441 1108 1
441 1130 1
441 1183 1
441 1191 1
441 1236 1
441 1297 1
441 1306 1
441 1323 1
441 1382 1
441 1430 1
441 1478 1
441 1486 1
441 1490 1
441 1498 1
441 1524 1
441 1595 1
441 1675 1
441 1683 1
441 1684 1
441 1736 1
441 1786 1
441 1942 1
441 1954 1
441 1987 1
441 1990 1
442 460 1
442 469 1
442 485 1
442 553 1
442 565 1
442 620 1
442 743 1
442 854 1
442 882 1
442 918 1
442 977 1
442 1001 1
442 1053 1
442 1143 1
442 1170 1
442 1220 1
442 1222 1
442 1249 1
442 1355 1
442 1451 1
442 1610 1
442 1630 1
442 1633 1
442 1687 1
442 1702 1
442 1736 1
442 1760 1
442 1761 1
442 1828 1
442 1907 1
442 1953 1
442 1954 1
442 1961 1
443 480 1
443 482 1
443 488 1
443 493 1
443 539 1
443 556 1
443 577 1
443 598 1
443 667 1
443 695 1
443 701 1
443 707 1
443 720 1
443 753 1
443 795 1
443 862 1
443 938 1
443 1028 1
443 1082 1
443 1190 1
443 1388 1
443 1392 1
443 1426 1
443 1435 1
443 1484 1
443 1533 1
443 1565 1
443 1590 1
443 1608 1
443 1659 1
443 1709 1
443 1814 1
443 1817 1
443 1847 1
443 1916 1
443 1937 1
444 501 1
444 530 1
444 549 1
444 559 1
444 641 1
444 656 1
444 757 1
444 762 1
444 792 1
444 907 1
444 917 1
444 947 1
444 1020 1
444 1033 1
444 1088 1
444 1135 1
444 1180 1
444 1194 1
444 1201 1
444 1224 1
444 1242 1
444 1248 1
444 1275 1
444 1296 1
444 1544 1
444 1596 1
444 1751 1
444 1754 1
444 1772 1
444 1863 1
444 1869 1
444 1931 1
444 1965 1
444 1989 1
445 491 1
445 615 1
445 640 1
445 674 1
445 692 1
445 710 1
445 734 1
445 778 1
445 810 1
445 837 1
445 850 1
445 857 1
445 907 1
445 929 1
445 940 1
445 1124 1
445 1190 1
445 1213 1
445 1217 1
445 1230 1
445 1287 1
445 1324 1
445 1350 1
445 1351 1
445 1367 1
445 1394 1
445 1403 1
445 1407 1
445 1435 1
445 1520 1
445 1579 1
445 1587 1
445 1630 1
445 1686 1
445 1713 1
445 1786 1
445 1816 1
445 1976 1
445 1983 1
445 1991 1
446 620 1
446 624 1
446 693 1
446 712 1
446 820 1
446 846 1
446 942 1
446 945 1
446 964 1
446 1009 1
446 1053 1
446 1056 1
446 1058 1
446 1082 1
446 1087 1
446 1098 1
446 1140 1
446 1150 1
446 1167 1
446 1188 1
446 1199 1
446 1239 1
446 1249 1
446 1267 1
446 1297 1
446 1317 1
446 1367 1
446 1368 1
446 1386 1
446 1430 1
446 1439 1
446 1501 1
446 1503 1
446 1556 1
446 1573 1
446 1633 1
446 1672 1
446 1696 1
446 1718 1
446 1797 1
446 1813 1
446 1861 1
446 1972 1
447 460 1
447 516 1
447 531 1
447 532 1
447 571 1
447 602 1
447 617 1
447 628 1
447 666 1
447 668 1
447 697 1
447 766 1
447 783 1
447 800 1
447 839 1
447 889 1
447 893 1
447 901 1
447 903 1
447 913 1
447 999 1
447 1013 1
447 1065 1
447 1070 1
447 1074 1
447 1085 1
447 1090 1
447 1099 1
447 1102 1
447 1148 1
447 1179 1
447 1186 1
447 1236 1
447 1274 1
447 1288 1
447 1316 1
447 1350 1
447 1352 1
447 1452 1
447 1482 1
447 1534 1
447 1555 1
447 1577 1
447 1611 1
447 1663 1
447 1695 1
447 1696 1
447 1811 1
447 1823 1
447 1884 1
447 1922 1
447 1946 1
447 1953 1
448 453 1
448 472 1
448 504 1
448 584 1
448 633 1
448 759 1
448 815 1
448 838 1
448 863 1
448 915 1
448 920 1
448 955 1
448 1001 1
448 1039 1
448 1058 1
448 1148 1
448 1261 1
448 1288 1
448 1298 1
448 1360 1
448 1390 1
448 1416 1
448 1494 1
448 1605 1
448 1630 1
448 1670 1
448 1673 1
448 1709 1
448 1809 1
448 1818 1
448 1888 1
448 1963 1
449 475 1
449 526 1
449 640 1
449 642 1
449 649 1
449 673 1
449 685 1
449 718 1
449 729 1
449 757 1
449 778 1
449 789 1
449 812 1
449 862 1
449 980 1
449 1034 1
449 1112 1
449 1217 1
449 1398 1
449 1425 1
449 1461 1
449 1530 1
449 1628 1
449 1658 1
449 1698 1
449 1710 1
449 1768 1
449 1793 1
449 1794 1
449 1795 1
449 1847 1
449 1881 1
450 489 1
450 527 1
450 650 1
450 714 1
450 733 1
450 750 1
450 765 1
450 824 1
450 936 1
450 937 1
450 985 1
450 1118 1
450 1125 1
450 1153 1
450 1206 1
450 1238 1
450 1258 1
450 1270 1
450 1321 1
450 1341 1
450 1389 1
450 1612 1
450 1617 1
450 1627 1
450 1636 1
450 1705 1
450 1736 1
450 1760 1
450 1788 1
450 1827 1
450 1838 1
450 1875 1
450 1960 1
451 514 1
451 569 1
451 594 1
451 602 1
451 604 1
451 735 1
451 746 1
451 810 1
451 816 1
451 844 1
451 859 1
451 880 1
451 932 1
451 945 1
451 953 1
451 974 1
451 1051 1
451 1120 1
451 1163 1
451 1172 1
451 1173 1
451 1195 1
451 1238 1
451 1252 1
451 1288 1
451 1345 1
451 1352 1
451 1496 1
451 1498 1
451 1522 1
451 1633 1
451 1756 1
451 1817 1
451 1833 1
451 1863 1
452 467 1
452 495 1
452 590 1
452 732 1
452 814 1
452 883 1
452 885 1
452 933 1
452 943 1
452 975 1
452 1008 1
452 1023 1
452 1028 1
452 1051 1
452 1062 1
452 1190 1
452 1253 1
452 1260 1
452 1280 1
452 1382 1
452 1416 1
452 1417 1
452 1433 1
452 1436 1
452 1455 1
452 1456 1
452 1566 1
452 1583 1
452 1599 1
452 1647 1
452 1652 1
452 1863 1
452 1893 1
452 1994 1
453 521 1
453 617 1
453 702 1
453 739 1
453 757 1
453 818 1
453 874 1
453 896 1
453 1022 1
453 1082 1
453 1103 1
453 1120 1
453 1138 1
453 1142 1
453 1160 1
453 1256 1
453 1264 1
453 1350 1
453 1383 1
453 1389 1
453 1530 1
453 1543 1
453 1574 1
453 1576 1
453 1619 1
453 1624 1
453 1656 1
453 1757 1
453 1760 1
453 1771 1
453 1801 1
453 1808 1
453 1829 1
453 1859 1
453 1860 1
453 1889 1
453 1913 1
453 1922 1
454 472 1
454 564 1
454 641 1
454 666 1
454 672 1
454 675 1
454 767 1
454 831 1
454 875 1
454 884 1
454 937 1
454 947 1
454 1015 1
454 1030 1
454 1046 1
454 1131 1
454 1477 1
454 1578 1
454 1587 1
454 1596 1
454 1625 1
454 1634 1
454 1639 1
454 1665 1
454 1669 1
454 1722 1
454 1758 1
454 1759 1
454 1795 1
454 1814 1
454 1835 1
454 1867 1
454 1890 1
454 1898 1
454 1918 1
455 471 1
455 480 1
455 490 1
455 525 1
455 564 1
455 569 1
455 570 1
455 587 1
455 625 1
455 636 1
455 718 1
455 756 1
455 767 1
455 779 1
455 840 1
455 849 1
455 896 1
455 1010 1
455 1042 1
455 1054 1
455 1121 1
455 1127 1
455 1128 1
455 1140 1
455 1187 1
455 1252 1
455 1314 1
455 1320 1
455 1332 1
455 1340 1
455 1376 1
455 1394 1
455 1433 1
455 1473 1
455 1521 1
455 1533 1
455 1624 1
455 1644 1
455 1680 1
455 1703 1
455 1765 1
455 1849 1
455 1878 1
455 1896 1
455 1916 1
455 1945 1
456 460 1
456 506 1
456 551 1
456 665 1
456 695 1
456 760 1
456 776 1
456 851 1
456 852 1
456 856 1
456 867 1
456 947 1
456 949 1
456 953 1
456 1068 1
456 1209 1
456 1240 1
456 1292 1
456 1369 1
456 1373 1
456 1424 1
456 1455 1
456 1458 1
456 1461 1
456 1514 1
456 1523 1
456 1556 1
456 1572 1
456 1725 1
456 1730 1
456 1773 1
456 1791 1
456 1829 1
456 1927 1
456 1971 1
456 1982 1
457 518 1
457 629 1
457 766 1
457 767 1
457 836 1
457 837 1
457 867 1
457 892 1
457 922 1
457 967 1
457 1010 1
457 1027 1
457 1046 1
457 1063 1
457 1104 1
457 1131 1
457 1169 1
457 1180 1
457 1274 1
457 1296 1
457 1303 1
457 1306 1
457 1331 1
457 1361 1
457 1389 1
457 1405 1
457 1443 1
457 1454 1
457 1482 1
457 1484 1
457 1525 1
457 1625 1
457 1639 1
457 1706 1
457 1759 1
457 1762 1
457 1798 1
457 1804 1
457 1854 1
457 1868 1
457 1895 1
457 1938 1
457 1965 1
458 476 1
458 501 1
458 522 1
458 665 1
458 673 1
458 723 1
458 726 1
458 733 1
458 760 1
458 767 1
458 773 1
458 778 1
458 925 1
458 934 1
458 946 1
458 1017 1
458 1052 1
458 1074 1
458 1234 1
458 1264 1
458 1271 1
458 1289 1
458 1292 1
458 1303 1
458 1321 1
458 1346 1
458 1374 1
458 1505 1
458 1550 1
458 1557 1
458 1649 1
458 1652 1
458 1673 1
458 1710 1
458 1750 1
458 1805 1
458 1895 1
459 509 1
459 607 1
459 651 1
459 658 1
459 667 1
459 699 1
459 736 1
459 758 1
459 761 1
459 796 1
459 804 1
459 942 1
459 951 1
459 1064 1
459 1088 1
459 1110 1
459 1126 1
459 1133 1
459 1194 1
459 1216 1
459 1246 1
459 1250 1
459 1319 1
459 1335 1
459 1355 1
459 1378 1
459 1431 1
459 1442 1
459 1497 1
459 1500 1
459 1505 1
459 1555 1
459 1580 1
459 1601 1
459 1626 1
459 1648 1
459 1666 1
459 1753 1
459 1853 1
459 1945 1
459 1963 1
460 530 1
460 570 1
460 617 1
460 633 1
460 681 1
460 775 1
460 836 1
460 872 1
460 911 1
460 921 1
460 998 1
460 1014 1
460 1015 1
460 1037 1
460 1117 1
460 1121 1
460 1126 1
460 1170 1
460 1174 1
460 1214 1
460 1216 1
460 1289 1
460 1358 1
460 1382 1
460 1391 1
460 1594 1
460 1634 1
460 1635 1
460 1718 1
460 1775 1
460 1811 1
460 1826 1
460 1833 1
460 1841 1
460 1903 1
460 1907 1
460 1966 1
461 571 1
461 579 1
461 619 1
461 647 1
461 650 1
461 818 1
461 826 1
461 852 1
461 901 1
461 970 1
461 973 1
461 975 1
461 1045 1
461 1049 1
461 1211 1
461 1241 1
461 1244 1
461 1248 1
461 1281 1
461 1291 1
461 1322 1
461 1336 1
461 1376 1
461 1415 1
461 1437 1
461 1487 1
461 1509 1
461 1532 1
461 1539 1
461 1573 1
461 1644 1
461 1901 1
461 1966 1
461 1967 1
461 1974 1
462 469 1
462 491 1
462 545 1
462 552 1
462 594 1
462 624 1
462 684 1
462 691 1
462 763 1
462 778 1
462 781 1
462 870 1
462 887 1
462 923 1
462 935 1
462 939 1
462 941 1
462 975 1
462 1019 1
462 1027 1
462 1029 1
462 1035 1
462 1075 1
462 1141 1
462 1149 1
462 1185 1
462 1232 1
462 1244 1
462 1245 1
462 1254 1
462 1325 1
462 1346 1
462 1350 1
462 1389 1
462 1460 1
462 1490 1
462 1666 1
462 1689 1
462 1841 1
462 1848 1
462 1876 1
462 1880 1
462 1895 1
462 1923 1
462 1982 1
462 1985 1
462 1997 1
463 482 1
463 547 1
463 574 1
463 597 1
463 605 1
463 622 1
463 677 1
463 709 1
463 738 1
463 807 1
463 839 1
463 847 1
463 892 1
463 902 1
463 1044 1
463 1058 1
463 1060 1
463 1064 1
463 1066 1
463 1116 1
463 1228 1
463 1268 1
463 1300 1
463 1316 1
463 1334 1
463 1356 1
463 1370 1
463 1440 1
463 1443 1
463 1485 1
463 1504 1
463 1506 1
463 1552 1
463 1588 1
463 1667 1
463 1699 1
463 1706 1
463 1713 1
463 1770 1
463 1854 1
463 1920 1
463 1935 1
463 1947 1
463 1951 1
463 1966 1
463 1986 1
464 568 1
464 623 1
464 672 1
464 715 1
464 731 1
464 737 1
464 763 1
464 808 1
464 812 1
464 823 1
464 875 1
464 914 1
464 970 1
464 983 1
464 1048 1
464 1060 1
464 1166 1
464 1172 1
464 1178 1
464 1203 1
464 1204 1
464 1209 1
464 1262 1
464 1301 1
464 1307 1
464 1360 1
464 1439 1
464 1495 1
464 1501 1
464 1528 1
464 1555 1
464 1561 1
464 1613 1
464 1671 1
464 1690 1
464 1692 1
464 1718 1
464 1724 1
464 1734 1
464 1760 1
464 1764 1
464 1771 1
464 1785 1
464 1857 1
464 1934 1
464 1953 1
464 1954 1
464 1960 1
465 487 1
465 510 1
465 529 1
465 568 1
465 588 1
465 622 1
465 667 1
465 718 1
465 736 1
465 758 1
465 763 1
465 765 1
465 822 1
465 843 1
465 904 1
465 982 1
465 1051 1
465 1069 1
465 1074 1
465 1088 1
465 1094 1
465 1135 1
465 1165 1
465 1182 1
465 1190 1
465 1201 1
465 1265 1
465 1275 1
465 1423 1
465 1480 1
465 1491 1
465 1545 1
465 1559 1
465 1632 1
465 1653 1
465 1716 1
465 1807 1
465 1820 1
465 1859 1
465 1861 1
465 1953 1
465 1984 1
465 1989 1
466 497 1
466 558 1
466 585 1
466 618 1
466 631 1
466 733 1
466 776 1
466 784 1
466 813 1
466 843 1
466 940 1
466 942 1
466 996 1
466 1006 1
466 1018 1
466 1171 1
466 1194 1
466 1224 1
466 1279 1
466 1339 1
466 1353 1
466 1357 1
466 1377 1
466 1430 1
466 1458 1
466 1482 1
466 1494 1
466 1685 1
466 1757 1
466 1795 1
466 1831 1
466 1833 1
466 1887 1
466 1905 1
466 1906 1
466 1908 1
466 1913 1
466 1925 1
466 1930 1
466 1961 1
466 1999 1
467 502 1
467 513 1
467 534 1
467 578 1
467 585 1
467 654 1
467 666 1
467 705 1
467 745 1
467 783 1
467 816 1
467 837 1
467 885 1
467 933 1
467 938 1
467 979 1
467 1014 1
467 1020 1
467 1025 1
467 1078 1
467 1140 1
467 1162 1
467 1166 1
467 1173 1
467 1203 1
467 1368 1
467 1456 1
467 1477 1
467 1517 1
467 1630 1
467 1704 1
467 1722 1
467 1739 1
467 1839 1
467 1878 1
467 1929 1
467 1984 1
467 1997 1
468 487 1
468 489 1
468 536 1
468 589 1
468 590 1
468 630 1
468 640 1
468 644 1
468 713 1
468 730 1
468 740 1
468 780 1
468 844 1
468 930 1
468 941 1
468 954 1
468 956 1
468 981 1
468 999 1
468 1010 1
468 1043 1
468 1046 1
468 1065 1
468 1083 1
468 1101 1
468 1137 1
468 1153 1
468 1170 1
468 1214 1
468 1252 1
468 1275 1
468 1312 1
468 1325 1
468 1349 1
468 1395 1
468 1485 1
468 1534 1
468 1541 1
468 1582 1
468 1592 1
468 1629 1
468 1657 1
468 1672 1
468 1737 1
468 1768 1
468 1905 1
468 1925 1
468 1966 1
469 497 1
469 531 1
469 540 1
469 646 1
469 657 1
469 678 1
469 705 1
469 727 1
469 860 1
469 892 1
469 901 1
469 958 1
469 1067 1
469 1074 1
469 1087 1
469 1176 1
469 1198 1
469 1261 1
469 1329 1
469 1362 1
469 1394 1
469 1449 1
469 1464 1
469 1495 1
469 1496 1
469 1513 1
469 1531 1
469 1566 1
469 1661 1
469 1687 1
469 1691 1
469 1707 1
469 1726 1
469 1731 1
469 1768 1
469 1831 1
469 1842 1
469 1901 1
469 1916 1
469 1968 1
470 530 1
470 602 1
470 613 1
470 657 1
470 658 1
470 676 1
470 768 1
470 848 1
470 895 1
470 954 1
470 960 1
470 1017 1
470 1064 1
470 1097 1
470 1103 1
470 1157 1
470 1191 1
470 1216 1
470 1220 1
470 1299 1
470 1307 1
470 1341 1
470 1357 1
470 1374 1
470 1392 1
470 1397 1
470 1412 1
470 1456 1
470 1498 1
470 1561 1
470 1594 1
470 1656 1
470 1673 1
470 1692 1
470 1711 1
470 1734 1
470 1743 1
470 1754 1
470 1794 1
470 1841 1
470 1900 1
470 1903 1
470 1948 1
470 1970 1
470 1992 1
470 1999 1
471 502 1
471 539 1
471 620 1
471 656 1
471 682 1
471 695 1
471 824 1
471 832 1
471 1063 1
471 1064 1
471 1072 1
471 1081 1
471 1091 1
471 1141 1
471 1175 1
471 1185 1
471 1239 1
471 1264 1
471 1293 1
471 1314 1
471 1378 1
471 1429 1
471 1442 1
471 1555 1
471 1615 1
471 1635 1
471 1641 1
471 1656 1
471 1673 1
471 1795 1
471 1825 1
471 1951 1
471 1965 1
471 1992 1
472 493 1
472 511 1
472 535 1
472 547 1
472 582 1
472 609 1
472 652 1
472 673 1
472 682 1
472 690 1
472 702 1
472 709 1
472 779 1
472 940 1
472 993 1
472 1080 1
472 1091 1
472 1113 1
472 1196 1
472 1203 1
472 1242 1
472 1283 1
472 1384 1
472 1403 1
472 1488 1
472 1573 1
472 1574 1
472 1686 1
472 1716 1
472 1740 1
472 1838 1
472 1906 1
472 1917 1
472 1976 1
473 498 1
473 576 1
473 676 1
473 698 1
473 764 1
473 823 1
473 839 1
473 875 1
473 880 1
473 903 1
473 926 1
473 936 1
473 988 1
473 1010 1
473 1027 1
473 1064 1
473 1088 1
473 1100 1
473 1372 1
473 1381 1
473 1421 1
473 1465 1
473 1550 1
473 1551 1
473 1562 1
473 1577 1
473 1610 1
473 1633 1
473 1650 1
473 1692 1
473 1804 1
473 1884 1
473 1905 1
473 1923 1
473 1983 1
474 592 1
474 627 1
474 819 1
474 825 1
474 919 1
474 944 1
474 986 1
474 991 1
474 1043 1
474 1125 1
474 1145 1
474 1232 1
474 1252 1
474 1285 1
474 1340 1
474 1349 1
474 1367 1
474 1373 1
474 1389 1
474 1390 1
474 1392 1
474 1412 1
474 1470 1
474 1472 1
474 1502 1
474 1624 1
474 1668 1
474 1681 1
474 1701 1
474 1708 1
474 1731 1
474 1794 1
474 1904 1
474 1906 1
474 1916 1
474 1942 1
475 484 1
475 487 1
475 494 1
475 502 1
475 538 1
475 544 1
475 631 1
475 640 1
475 646 1
475 772 1
475 831 1
475 861 1
475 912 1
475 948 1
475 967 1
475 1032 1
475 1033 1
475 1045 1
475 1058 1
475 1086 1
475 1094 1
475 1098 1
475 1124 1
475 1166 1
475 1182 1
475 1235 1
475 1238 1
475 1271 1
475 1272 1
475 1340 1
475 1346 1
475 1369 1
475 1481 1
475 1515 1
475 1544 1
475 1584 1
475 1591 1
475 1597 1
475 1609 1
475 1687 1
475 1718 1
475 1818 1
475 1826 1
475 1863 1
475 1887 1
475 1928 1
475 1929 1
475 1968 1
475 1970 1
475 1981 1
476 558 1
476 593 1
476 627 1
476 630 1
476 638 1
476 699 1
476 747 1
476 760 1
476 795 1
476 868 1
476 904 1
476 906 1
476 1011 1
476 1038 1
476 1050 1
476 1052 1
476 1064 1
476 1079 1
476 1125 1
476 1140 1
476 1146 1
476 1314 1
476 1340 1
476 1389 1
476 1413 1
476 1508 1
476 1520 1
476 1626 1
476 1662 1
476 1785 1
476 1787 1
476 1799 1
476 1811 1
476 1847 1
476 1858 1
476 1895 1
476 1965 1
476 1988 1
477 484 1
477 558 1
477 594 1
477 638 1
477 690 1
477 722 1
477 738 1
477 787 1
477 853 1
477 971 1
477 1000 1
477 1020 1
477 1061 1
477 1081 1
477 1143 1
477 1249 1
477 1254 1
477 1320 1
477 1348 1
477 1350 1
477 1442 1
477 1443 1
477 1505 1
477 1615 1
477 1736 1
477 1755 1
477 1761 1
477 1819 1
477 1841 1
477 1867 1
477 1918 1
478 546 1
478 548 1
478 561 1
478 681 1
478 708 1
478 729 1
478 773 1
478 919 1
478 931 1
478 965 1
478 1012 1
478 1026 1
478 1064 1
478 1068 1
478 1084 1
478 1124 1
478 1127 1
478 1137 1
478 1146 1
478 1149 1
478 1197 1
478 1214 1
478 1231 1
478 1271 1
478 1310 1
478 1366 1
478 1370 1
478 1374 1
478 1375 1
478 1395 1
478 1403 1
478 1420 1
478 1424 1
478 1439 1
478 1457 1
478 1471 1
478 1527 1
478 1543 1
478 1548 1
478 1631 1
478 1632 1
478 1660 1
478 1661 1
478 1713 1
478 1776 1
478 1861 1
478 1867 1
478 1876 1
478 1912 1
478 1914 1
478 1965 1
478 1974 1
479 487 1
479 528 1
479 621 1
479 647 1
479 648 1
479 655 1
479 682 1
479 709 1
479 760 1
479 832 1
479 872 1
479 917 1
479 937 1
479 1001 1
479 1034 1
479 1091 1
479 1143 1
479 1147 1
479 1208 1
479 1267 1
479 1314 1
479 1461 1
479 1539 1
479 1619 1
479 1633 1
479 1684 1
479 1752 1
479 1760 1
479 1768 1
479 1782 1
479 1992 1
480 537 1
480 552 1
480 575 1
480 741 1
480 780 1
480 826 1
480 831 1
480 884 1
480 885 1
480 932 1
480 959 1
480 1013 1
480 1019 1
480 1070 1
480 1098 1
480 1119 1
480 1279 1
480 1281 1
480 1427 1
480 1446 1
480 1456 1
480 1459 1
480 1483 1
480 1496 1
480 1569 1
480 1621 1
480 1657 1
480 1764 1
480 1794 1
480 1798 1
480 1845 1
480 1922 1
480 1946 1
480 1965 1
481 568 1
481 591 1
481 687 1
481 739 1
481 756 1
481 759 1
481 781 1
481 816 1
481 848 1
481 893 1
481 905 1
481 933 1
481 1041 1
481 1062 1
481 1130 1
481 1190 1
481 1207 1
481 1242 1
481 1272 1
481 1298 1
481 1321 1
481 1427 1
481 1459 1
481 1527 1
481 1540 1
481 1612 1
481 1618 1
481 1678 1
481 1682 1
481 1743 1
481 1960 1
482 521 1
482 578 1
482 601 1
482 616 1
482 632 1
482 635 1
482 658 1
482 675 1
482 713 1
482 717 1
482 804 1
482 807 1
482 845 1
482 882 1
482 915 1
482 955 1
482 1111 1
482 1130 1
482 1142 1
482 1161 1
482 1314 1
482 1315 1
482 1322 1
482 1392 1
482 1446 1
482 1484 1
482 1489 1
482 1605 1
482 1661 1
482 1675 1
482 1699 1
482 1700 1
482 1751 1
482 1773 1
482 1796 1
482 1863 1
482 1891 1
482 1904 1
482 1972 1
482 1991 1
483 545 1
483 563 1
483 715 1
483 747 1
483 777 1
483 870 1
483 882 1
483 895 1
483 924 1
483 986 1
483 1008 1
483 1038 1
483 1055 1
483 1110 1
483 1147 1
483 1163 1
483 1176 1
483 1177 1
483 1189 1
483 1204 1
483 1214 1
483 1261 1
483 1264 1
483 1410 1
483 1487 1
483 1520 1
483 1524 1
483 1554 1
483 1578 1
483 1644 1
483 1721 1
483 1811 1
483 1855 1
483 1861 1
483 1897 1
483 1907 1
484 509 1
484 587 1
484 683 1
484 697 1
484 786 1
484 788 1
484 912 1
484 914 1
484 934 1
484 938 1
484 951 1
484 1002 1
484 1132 1
484 1154 1
484 1229 1
484 1230 1
484 1233 1
484 1246 1
484 1269 1
484 1335 1
484 1340 1
484 1425 1
484 1489 1
484 1539 1
484 1587 1
484 1846 1
484 1872 1
484 1901 1
484 1930 1
484 1952 1
484 1981 1
485 505 1
485 677 1
485 709 1
485 746 1
485 751 1
485 778 1
485 909 1
485 916 1
485 1000 1
485 1075 1
485 1205 1
485 1210 1
485 1325 1
485 1375 1
485 1404 1
485 1406 1
485 1414 1
485 1441 1
485 1493 1
485 1528 1
485 1568 1
485 1600 1
485 1626 1
485 1657 1
485 1658 1
485 1748 1
485 1776 1
485 1795 1
485 1826 1
485 1962 1
485 1966 1
486 508 1
486 516 1
486 549 1
486 550 1
486 604 1
486 733 1
486 749 1
486 759 1
486 764 1
486 832 1
486 918 1
486 972 1
486 1001 1
486 1014 1
486 1031 1
486 1042 1
486 1135 1
486 1194 1
486 1267 1
486 1275 1
486 1330 1
486 1476 1
486 1519 1
486 1543 1
486 1571 1
486 1573 1
486 1574 1
486 1587 1
486 1596 1
486 1630 1
486 1685 1
486 1742 1
486 1861 1
486 1903 1
486 1906 1
486 1933 1
486 1942 1
486 1966 1
487 505 1
487 552 1
487 560 1
487 566 1
487 611 1
487 678 1
487 690 1
487 744 1
487 760 1
487 784 1
487 786 1
487 793 1
487 806 1
487 828 1
487 894 1
487 1124 1
487 1218 1
487 1237 1
487 1266 1
487 1272 1
487 1301 1
487 1347 1
487 1432 1
487 1468 1
487 1488 1
487 1512 1
487 1531 1
487 1563 1
487 1608 1
487 1610 1
487 1618 1
487 1682 1
487 1731 1
487 1736 1
487 1752 1
487 1775 1
487 1778 1
487 1779 1
487 1797 1
487 1830 1
487 1855 1
487 1880 1
487 1886 1
487 1994 1
488 515 1
488 577 1
488 588 1
488 590 1
488 649 1
488 662 1
488 742 1
488 763 1
488 923 1
488 931 1
488 960 1
488 967 1
488 1031 1
488 1059 1
488 1146 1
488 1206 1
488 1303 1
488 1309 1
488 1320 1
488 1395 1
488 1417 1
488 1435 1
488 1448 1
488 1473 1
488 1542 1
488 1556 1
488 1591 1
488 1722 1
488 1814 1
488 1884 1
488 1963 1
489 500 1
489 549 1
489 583 1
489 586 1
489 595 1
489 598 1
489 619 1
489 755 1
489 756 1
489 823 1
489 835 1
489 868 1
489 892 1
489 934 1
489 952 1
489 963 1
489 1032 1
489 1081 1
489 1097 1
489 1108 1
489 1175 1
489 1213 1
489 1233 1
489 1276 1
489 1279 1
489 1292 1
489 1421 1
489 1429 1
489 1477 1
489 1528 1
489 1561 1
489 1633 1
489 1652 1
489 1806 1
489 1808 1
489 1819 1
489 1875 1
489 1895 1
489 1898 1
489 1906 1
489 1929 1
489 1967 1
490 498 1
490 535 1
490 632 1
490 699 1
490 705 1
490 706 1
490 744 1
490 752 1
490 756 1
490 800 1
490 821 1
490 826 1
490 841 1
490 869 1
490 890 1
490 961 1
490 992 1
490 1002 1
490 1003 1
490 1069 1
490 1095 1
490 1225 1
490 1241 1
490 1269 1
490 1287 1
490 1312 1
490 1313 1
490 1333 1
490 1357 1
490 1360 1
490 1387 1
490 1428 1
490 1438 1
490 1447 1
490 1516 1
490 1544 1
490 1585 1
490 1630 1
490 1678 1
490 1701 1
490 1709 1
490 1769 1
490 1788 1
490 1800 1
490 1821 1
490 1886 1
491 623 1
491 667 1
491 691 1
491 703 1
491 804 1
491 818 1
491 940 1
491 1111 1
491 1139 1
491 1142 1
491 1260 1
491 1295 1
491 1303 1
491 1343 1
491 1435 1
491 1440 1
491 1461 1
491 1500 1
491 1505 1
491 1528 1
491 1543 1
491 1565 1
491 1567 1
491 1598 1
491 1693 1
491 1746 1
491 1750 1
491 1791 1
491 1840 1
491 1843 1
491 1883 1
491 1902 1
491 1931 1
492 611 1
492 711 1
492 714 1
492 786 1
492 878 1
492 906 1
492 940 1
492 955 1
492 974 1
492 978 1
492 980 1
492 1003 1
492 1044 1
492 1062 1
492 1143 1
492 1146 1
492 1164 1
492 1194 1
492 1196 1
492 1210 1
492 1241 1
492 1282 1
492 1380 1
492 1407 1
492 1433 1
492 1542 1
492 1552 1
492 1617 1
492 1634 1
492 1693 1
492 1803 1
492 1883 1
492 1897 1
492 1976 1
493 585 1
493 607 1
493 622 1
493 623 1
493 706 1
493 711 1
493 717 1
493 732 1
493 744 1
493 819 1
493 847 1
493 849 1
493 854 1
493 868 1
493 876 1
493 877 1
493 956 1
493 958 1
493 1034 1
493 1056 1
493 1083 1
493 1172 1
493 1225 1
493 1269 1
493 1367 1
493 1369 1
493 1388 1
493 1389 1
493 1390 1
493 1421 1
493 1458 1
493 1473 1
493 1474 1
493 1516 1
493 1545 1
493 1607 1
493 1618 1
493 1625 1
493 1662 1
493 1671 1
493 1769 1
493 1834 1
493 1849 1
493 1888 1
493 1949 1
493 1953 1
493 1958 1
494 534 1
494 542 1
494 608 1
494 695 1
494 764 1
494 789 1
494 813 1
494 867 1
494 879 1
494 909 1
494 1054 1
494 1056 1
494 1119 1
494 1193 1
494 1200 1
494 1206 1
494 1220 1
494 1266 1
494 1324 1
494 1334 1
494 1352 1
494 1405 1
494 1409 1
494 1414 1
494 1499 1
494 1508 1
494 1522 1
494 1529 1
494 1565 1
494 1622 1
494 1656 1
494 1658 1
494 1674 1
494 1717 1
494 1776 1
494 1786 1
494 1804 1
494 1832 1
494 1835 1
494 1864 1
494 1875 1
494 1886 1
494 1991 1
495 517 1
495 523 1
495 562 1
495 578 1
495 743 1
495 768 1
495 776 1
495 834 1
495 838 1
495 875 1
495 914 1
495 927 1
495 938 1
495 954 1
495 987 1
495 1055 1
495 1057 1
495 1078 1
495 1115 1
495 1128 1
495 1155 1
495 1197 1
495 1198 1
495 1229 1
495 1292 1
495 1332 1
495 1381 1
495 1424 1
495 1459 1
495 1531 1
495 1595 1
495 1637 1
495 1645 1
495 1653 1
495 1661 1
495 1703 1
495 1715 1
495 1718 1
495 1722 1
495 1754 1
495 1781 1
495 1783 1
495 1827 1
495 1921 1
495 1953 1
496 514 1
496 528 1
496 547 1
496 555 1
496 558 1
496 560 1
496 572 1
496 612 1
496 622 1
496 675 1
496 694 1
496 763 1
496 766 1
496 792 1
496 820 1
496 975 1
496 1030 1
496 1033 1
496 1041 1
496 1043 1
496 1201 1
496 1209 1
496 1309 1
496 1320 1
496 1334 1
496 1345 1
496 1349 1
496 1369 1
496 1393 1
496 1455 1
496 1478 1
496 1513 1
496 1526 1
496 1540 1
496 1561 1
496 1758 1
496 1763 1
496 1832 1
496 1860 1
496 1861 1
496 1867 1
496 1902 1
496 1937 1
497 539 1
497 626 1
497 630 1
497 642 1
497 644 1
497 654 1
497 740 1
497 803 1
497 845 1
497 850 1
497 860 1
497 1074 1
497 1102 1
497 1198 1
497 1222 1
497 1322 1
497 1407 1
497 1410 1
497 1411 1
497 1417 1
497 1427 1
497 1471 1
497 1473 1
497 1495 1
497 1540 1
497 1549 1
497 1598 1
497 1613 1
497 1624 1
497 1639 1
497 1641 1
497 1682 1
497 1683 1
497 1694 1
497 1767 1
497 1792 1
497 1794 1
497 1807 1
497 1863 1
497 1870 1
497 1874 1
497 1883 1
497 1906 1
497 1943 1
497 1966 1
498 674 1
498 715 1
498 716 1
498 731 1
498 753 1
498 832 1
498 875 1
498 940 1
498 1077 1
498 1084 1
498 1135 1
498 1205 1
498 1212 1
498 1215 1
498 1257 1
498 1266 1
498 1356 1
498 1421 1
498 1431 1
498 1477 1
498 1560 1
498 1570 1
498 1614 1
498 1619 1
498 1663 1
498 1700 1
498 1776 1
498 1845 1
498 1873 1
498 1877 1
498 1883 1
498 1923 1
498 1957 1
498 1982 1
499 538 1
499 541 1
499 563 1
499 663 1
499 673 1
499 682 1
499 692 1
499 733 1
499 751 1
499 790 1
499 836 1
499 878 1
499 910 1
499 966 1
499 1012 1
499 1067 1
499 1097 1
499 1165 1
499 1169 1
499 1205 1
499 1209 1
499 1238 1
499 1271 1
499 1297 1
499 1351 1
499 1409 1
499 1442 1
499 1456 1
499 1457 1
499 1494 1
499 1563 1
499 1616 1
499 1640 1
499 1656 1
499 1670 1
499 1722 1
499 1723 1
499 1804 1
499 1902 1
499 1986 1
500 536 1
500 550 1
500 563 1
500 655 1
500 714 1
500 733 1
500 751 1
500 759 1
500 1008 1
500 1104 1
500 1122 1
500 1168 1
500 1248 1
500 1257 1
500 1293 1
500 1401 1
500 1403 1
500 1417 1
500 1420 1
500 1457 1
500 1615 1
500 1620 1
500 1659 1
500 1673 1
500 1709 1
500 1714 1
500 1716 1
500 1779 1
500 1789 1
500 1797 1
500 1836 1
500 1843 1
500 1898 1
501 560 1
501 580 1
501 630 1
501 676 1
501 711 1
501 727 1
501 790 1
501 805 1
501 870 1
501 873 1
501 895 1
501 920 1
501 941 1
501 945 1
501 951 1
501 1075 1
501 1139 1
501 1181 1
501 1209 1
501 1261 1
501 1267 1
501 1320 1
501 1328 1
501 1389 1
501 1404 1
501 1506 1
501 1601 1
501 1664 1
501 1696 1
501 1713 1
501 1801 1
501 1844 1
501 1883 1
501 1898 1
502 531 1
502 533 1
502 564 1
502 584 1
502 649 1
502 761 1
502 778 1
502 794 1
502 799 1
502 866 1
502 914 1
502 918 1
502 931 1
502 968 1
502 989 1
502 1024 1
502 1049 1
502 1109 1
502 1172 1
502 1182 1
502 1235 1
502 1236 1
502 1243 1
502 1260 1
502 1306 1
502 1344 1
502 1353 1
502 1378 1
502 1396 1
502 1445 1
502 1463 1
502 1472 1
502 1486 1
502 1510 1
502 1538 1
502 1564 1
502 1589 1
502 1606 1
502 1609 1
502 1755 1
502 1806 1
502 1835 1
502 1862 1
502 1870 1
502 1908 1
502 1910 1
502 1932 1
503 557 1
503 612 1
503 616 1
503 691 1
503 696 1
503 710 1
503 726 1
503 728 1
503 732 1
503 749 1
503 789 1
503 791 1
503 811 1
503 853 1
503 854 1
503 922 1
503 980 1
503 985 1
503 1041 1
503 1092 1
503 1094 1
503 1111 1
503 1147 1
503 1155 1
503 1267 1
503 1345 1
503 1403 1
503 1503 1
503 1525 1
503 1576 1
503 1593 1
503 1618 1
503 1640 1
503 1706 1
503 1778 1
503 1801 1
503 1851 1
503 1856 1
503 1858 1
503 1884 1
503 1909 1
503 1936 1
503 1944 1
503 1998 1
504 513 1
504 587 1
504 604 1
504 606 1
504 623 1
504 625 1
504 663 1
504 697 1
504 717 1
504 745 1
504 790 1
504 795 1
504 817 1
504 1016 1
504 1081 1
504 1098 1
504 1187 1
504 1251 1
504 1301 1
504 1413 1
504 1450 1
504 1455 1
504 1588 1
504 1688 1
504 1726 1
504 1727 1
504 1781 1
504 1795 1
504 1799 1
504 1818 1
504 1853 1
504 1856 1
504 1862 1
504 1863 1
504 1881 1
504 1944 1
504 1967 1
505 516 1
505 567 1
505 712 1
505 804 1
505 806 1
505 818 1
505 853 1
505 882 1
505 884 1
505 936 1
505 962 1
505 963 1
505 1019 1
505 1020 1
505 1025 1
505 1046 1
505 1075 1
505 1129 1
505 1172 1
505 1202 1
505 1235 1
505 1271 1
505 1288 1
505 1311 1
505 1362 1
505 1408 1
505 1446 1
505 1583 1
505 1652 1
505 1753 1
505 1764 1
505 1859 1
505 1885 1
505 1943 1
506 552 1
506 590 1
506 668 1
506 671 1
506 724 1
506 844 1
506 852 1
506 954 1
506 956 1
506 995 1
506 1014 1
506 1023 1
506 1033 1
506 1037 1
506 1041 1
506 1052 1
506 1064 1
506 1067 1
506 1075 1
506 1149 1
506 1189 1
506 1201 1
506 1220 1
506 1288 1
506 1303 1
506 1344 1
506 1359 1
506 1418 1
506 1422 1
506 1446 1
506 1529 1
506 1532 1
506 1597 1
506 1602 1
506 1606 1
506 1627 1
506 1645 1
506 1653 1
506 1668 1
506 1673 1
506 1714 1
506 1716 1
506 1818 1
506 1819 1
506 1952 1
506 1980 1
506 1982 1
507 549 1
507 637 1
507 648 1
507 741 1
507 747 1
507 774 1
507 815 1
507 836 1
507 886 1
507 888 1
507 984 1
507 986 1
507 1027 1
507 1061 1
507 1085 1
507 1098 1
507 1124 1
507 1190 1
507 1204 1
507 1243 1
507 1308 1
507 1315 1
507 1342 1
507 1409 1
507 1418 1
507 1450 1
507 1564 1
507 1565 1
507 1599 1
507 1681 1
507 1697 1
507 1718 1
507 1741 1
507 1923 1
507 1931 1
508 541 1
508 608 1
508 617 1
508 734 1
508 769 1
508 780 1
508 833 1
508 840 1
508 926 1
508 942 1
508 981 1
508 1019 1
508 1032 1
508 1087 1
508 1088 1
508 1127 1
508 1150 1
508 1157 1
508 1158 1
508 1166 1
508 1211 1
508 1220 1
508 1275 1
508 1313 1
508 1315 1
508 1388 1
508 1393 1
508 1499 1
508 1513 1
508 1572 1
508 1584 1
508 1587 1
508 1627 1
508 1688 1
508 1768 1
508 1782 1
508 1788 1
508 1791 1
508 1803 1
508 1819 1
508 1850 1
508 1889 1
508 1944 1
508 1957 1
509 561 1
509 624 1
509 637 1
509 655 1
509 662 1
509 672 1
509 717 1
509 752 1
509 753 1
509 878 1
509 1002 1
509 1037 1
509 1041 1
509 1267 1
509 1281 1
509 1300 1
509 1393 1
509 1516 1
509 1596 1
509 1672 1
509 1676 1
509 1694 1
509 1808 1
509 1858 1
509 1861 1
509 1868 1
509 1968 1
509 1994 1
510 531 1
510 642 1
510 645 1
510 655 1
510 774 1
510 842 1
510 877 1
510 894 1
510 903 1
510 938 1
510 992 1
510 1078 1
510 1083 1
510 1125 1
510 1167 1
510 1184 1
510 1236 1
510 1282 1
510 1289 1
510 1297 1
510 1406 1
510 1437 1
510 1467 1
510 1547 1
510 1632 1
510 1655 1
510 1673 1
510 1750 1
510 1867 1
510 1948 1
510 1954 1
510 1999 1
511 537 1
511 588 1
511 619 1
511 754 1
511 779 1
511 893 1
511 934 1
511 950 1
511 956 1
511 976 1
511 1011 1
511 1106 1
511 1124 1
511 1158 1
511 1242 1
511 1254 1
511 1260 1
511 1261 1
511 1297 1
511 1310 1
511 1389 1
511 1431 1
511 1451 1
511 1539 1
511 1605 1
511 1779 1
511 1923 1
511 1962 1
511 1980 1
511 1984 1
512 529 1
512 579 1
512 680 1
512 712 1
512 733 1
512 780 1
512 796 1
512 832 1
512 912 1
512 952 1
512 986 1
512 999 1
512 1030 1
512 1078 1
512 1090 1
512 1096 1
512 1102 1
512 1200 1
512 1241 1
512 1286 1
512 1305 1
512 1309 1
512 1367 1
512 1415 1
512 1453 1
512 1507 1
512 1521 1
512 1532 1
512 1552 1
512 1562 1
512 1620 1
512 1736 1
512 1750 1
512 1762 1
512 1766 1
512 1823 1
512 1911 1
512 1914 1
512 1924 1
512 1948 1
513 517 1
513 523 1
513 532 1
513 564 1
513 626 1
513 729 1
513 758 1
513 769 1
513 775 1
513 790 1
513 819 1
513 821 1
513 831 1
513 861 1
513 897 1
513 994 1
513 1000 1
513 1086 1
513 1087 1
513 1130 1
513 1146 1
513 1217 1
513 1270 1
513 1334 1
513 1402 1
513 1418 1
513 1461 1
513 1471 1
513 1532 1
513 1586 1
513 1622 1
513 1671 1
513 1673 1
513 1685 1
513 1869 1
513 1878 1
513 1944 1
513 1949 1
514 544 1
514 639 1
514 653 1
514 725 1
514 773 1
514 851 1
514 932 1
514 936 1
514 981 1
514 996 1
514 1041 1
514 1064 1
514 1107 1
514 1194 1
514 1196 1
514 1206 1
514 1226 1
514 1234 1
514 1246 1
514 1290 1
514 1303 1
514 1342 1
514 1401 1
514 1410 1
514 1431 1
514 1432 1
514 1444 1
514 1486 1
514 1524 1
514 1537 1
514 1577 1
514 1636 1
514 1643 1
514 1684 1
514 1725 1
514 1759 1
514 1790 1
514 1793 1
514 1815 1
514 1904 1
514 1948 1
514 1976 1
514 1981 1
515 548 1
515 555 1
515 588 1
515 690 1
515 736 1
515 755 1
515 757 1
515 817 1
515 830 1
515 848 1
515 1054 1
515 1055 1
515 1064 1
515 1195 1
515 1207 1
515 1220 1
515 1228 1
515 1233 1
515 1316 1
515 1373 1
515 1388 1
515 1389 1
515 1397 1
515 1404 1
515 1426 1
515 1427 1
515 1457 1
515 1475 1
515 1487 1
515 1498 1
515 1545 1
515 1549 1
515 1565 1
515 1589 1
515 1597 1
515 1604 1
515 1695 1
515 1753 1
515 1803 1
515 1860 1
515 1906 1
515 1965 1
515 1985 1
516 561 1
516 605 1
516 643 1
516 647 1
516 700 1
516 764 1
516 860 1
516 972 1
516 986 1
516 1045 1
516 1120 1
516 1184 1
516 1188 1
516 1241 1
516 1247 1
516 1284 1
516 1297 1
516 1298 1
516 1335 1
516 1368 1
516 1570 1
516 1591 1
516 1615 1
516 1638 1
516 1644 1
516 1645 1
516 1660 1
516 1781 1
516 1877 1
516 1971 1
517 520 1
517 570 1
517 621 1
517 627 1
517 738 1
517 764 1
517 850 1
517 896 1
517 974 1
517 976 1
517 1029 1
517 1068 1
517 1072 1
517 1103 1
517 1109 1
517 1192 1
517 1202 1
517 1315 1
517 1388 1
517 1389 1
517 1390 1
517 1469 1
517 1473 1
517 1516 1
517 1562 1
517 1605 1
517 1614 1
517 1659 1
517 1682 1
517 1683 1
517 1712 1
517 1744 1
517 1797 1
517 1844 1
517 1934 1
517 1949 1
517 1952 1
517 1968 1
518 571 1
518 603 1
518 634 1
518 637 1
518 655 1
518 661 1
518 671 1
518 740 1
518 742 1
518 744 1
518 773 1
518 783 1
518 787 1
518 877 1
518 920 1
518 933 1
518 973 1
518 1036 1
518 1046 1
518 1053 1
518 1083 1
518 1086 1
518 1195 1
518 1244 1
518 1249 1
518 1270 1
518 1286 1
518 1305 1
518 1321 1
518 1348 1
518 1389 1
518 1420 1
518 1429 1
518 1433 1
518 1460 1
518 1549 1
518 1553 1
518 1604 1
518 1621 1
518 1662 1
518 1787 1
518 1788 1
518 1804 1
518 1844 1
518 1856 1
518 1971 1
518 1992 1
519 521 1
519 600 1
519 727 1
519 781 1
519 792 1
519 822 1
519 877 1
519 897 1
519 939 1
519 969 1
519 999 1
519 1104 1
519 1146 1
519 1174 1
519 1250 1
519 1291 1
519 1339 1
519 1449 1
519 1493 1
519 1592 1
519 1621 1
519 1759 1
519 1804 1
519 1929 1
519 1976 1
519 1990 1
520 637 1
520 639 1
520 669 1
520 779 1
520 831 1
520 862 1
520 868 1
520 973 1
520 1020 1
520 1043 1
520 1226 1
520 1251 1
520 1258 1
520 1289 1
520 1340 1
520 1361 1
520 1364 1
520 1438 1
520 1476 1
520 1499 1
520 1535 1
520 1542 1
520 1569 1
520 1572 1
520 1599 1
520 1617 1
520 1636 1
520 1690 1
520 1705 1
520 1745 1
520 1764 1
520 1771 1
520 1772 1
520 1773 1
520 1784 1
520 1812 1
520 1940 1
520 1975 1
520 1985 1
520 1986 1
520 1994 1
521 527 1
521 575 1
521 604 1
521 617 1
521 633 1
521 682 1
521 709 1
521 726 1
521 825 1
521 864 1
521 929 1
521 934 1
521 946 1
521 1058 1
521 1078 1
521 1135 1
521 1219 1
521 1226 1
521 1254 1
521 1283 1
521 1310 1
521 1369 1
521 1382 1
521 1394 1
521 1435 1
521 1441 1
521 1444 1
521 1488 1
521 1518 1
521 1537 1
521 1569 1
521 1600 1
521 1617 1
521 1686 1
521 1711 1
521 1784 1
521 1815 1
521 1853 1
521 1869 1
521 1871 1
521 1935 1
521 1970 1
522 551 1
522 561 1
522 630 1
522 643 1
522 671 1
522 676 1
522 701 1
522 721 1
522 774 1
522 780 1
522 793 1
522 843 1
522 896 1
522 921 1
522 926 1
522 967 1
522 985 1
522 1122 1
522 1136 1
522 1185 1
522 1225 1
522 1270 1
522 1412 1
522 1536 1
522 1549 1
522 1676 1
522 1721 1
522 1740 1
522 1760 1
522 1786 1
522 1968 1
523 526 1
523 531 1
523 559 1
523 755 1
523 804 1
523 817 1
523 857 1
523 895 1
523 1024 1
523 1058 1
523 1079 1
523 1142 1
523 1183 1
523 1187 1
523 1190 1
523 1240 1
523 1254 1
523 1268 1
523 1330 1
523 1370 1
523 1417 1
523 1497 1
523 1542 1
523 1565 1
523 1619 1
523 1674 1
523 1875 1
523 1876 1
524 645 1
524 665 1
524 726 1
524 727 1
524 749 1
524 799 1
524 852 1
524 989 1
524 1015 1
524 1037 1
524 1055 1
524 1072 1
524 1126 1
524 1142 1
524 1181 1
524 1185 1
524 1189 1
524 1259 1
524 1273 1
524 1348 1
524 1604 1
524 1669 1
524 1693 1
524 1728 1
524 1760 1
524 1846 1
524 1863 1
524 1874 1
524 1902 1
524 1961 1
525 667 1
525 722 1
525 776 1
525 812 1
525 821 1
525 871 1
525 881 1
525 902 1
525 937 1
525 961 1
525 988 1
525 1048 1
525 1078 1
525 1084 1
525 1094 1
525 1108 1
525 1127 1
525 1148 1
525 1206 1
525 1243 1
525 1259 1
525 1276 1
525 1336 1
525 1457 1
525 1488 1
525 1516 1
525 1557 1
525 1560 1
525 1581 1
525 1595 1
525 1605 1
525 1645 1
525 1671 1
525 1914 1
525 1938 1
525 1949 1
525 1955 1
526 580 1
526 584 1
526 614 1
526 621 1
526 678 1
526 796 1
526 799 1
526 842 1
526 881 1
526 897 1
526 922 1
526 934 1
526 1029 1
526 1077 1
526 1093 1
526 1137 1
526 1172 1
526 1198 1
526 1213 1
526 1376 1
526 1403 1
526 1428 1
526 1438 1
526 1528 1
526 1569 1
526 1582 1
526 1684 1
526 1766 1
526 1830 1
526 1907 1
527 534 1
527 583 1
527 644 1
527 661 1
527 732 1
527 796 1
527 816 1
527 850 1
527 895 1
527 910 1
527 935 1
527 1021 1
527 1110 1
527 1124 1
527 1167 1
527 1289 1
527 1339 1
527 1359 1
527 1370 1
527 1405 1
527 1472 1
527 1474 1
527 1515 1
527 1609 1
527 1635 1
527 1641 1
527 1667 1
527 1679 1
527 1706 1
527 1756 1
527 1810 1
527 1831 1
527 1870 1
527 1904 1
528 572 1
528 575 1
528 590 1
528 615 1
528 718 1
528 801 1
528 819 1
528 828 1
528 891 1
528 953 1
528 969 1
528 994 1
528 1055 1
528 1108 1
528 1213 1
528 1281 1
528 1295 1
528 1300 1
528 1325 1
528 1392 1
528 1499 1
528 1657 1
528 1748 1
528 1863 1
528 1908 1
528 1991 1
529 567 1
529 569 1
529 581 1
529 604 1
529 618 1
529 662 1
529 682 1
529 719 1
529 785 1
529 833 1
529 916 1
529 1038 1
529 1043 1
529 1118 1
529 1138 1
529 1190 1
529 1239 1
529 1245 1
529 1262 1
529 1364 1
529 1421 1
529 1460 1
529 1512 1
529 1578 1
529 1713 1
529 1774 1
529 1836 1
529 1965 1
530 629 1
530 713 1
530 719 1
530 783 1
530 845 1
530 882 1
530 910 1
530 934 1
530 938 1
530 966 1
530 989 1
530 1095 1
530 1132 1
530 1199 1
530 1215 1
530 1220 1
530 1246 1
530 1258 1
530 1263 1
530 1351 1
530 1359 1
530 1373 1
530 1421 1
530 1423 1
530 1436 1
530 1449 1
530 1489 1
530 1508 1
530 1549 1
530 1634 1
530 1654 1
530 1690 1
530 1691 1
530 1715 1
530 1757 1
530 1762 1
530 1819 1
530 1825 1
530 1906 1
530 1954 1
530 1977 1
531 580 1
531 600 1
531 651 1
531 722 1
531 734 1
531 779 1
531 812 1
531 921 1
531 1090 1
531 1135 1
531 1198 1
531 1286 1
531 1290 1
531 1331 1
531 1429 1
531 1475 1
531 1483 1
531 1530 1
531 1564 1
531 1602 1
531 1618 1
531 1658 1
531 1707 1
531 1734 1
531 1859 1
531 1863 1
531 1879 1
531 1904 1
531 1933 1
531 1951 1
532 654 1
532 685 1
532 713 1
532 714 1
532 775 1
532 785 1
532 836 1
532 909 1
532 925 1
532 947 1
532 960 1
532 1021 1
532 1027 1
532 1044 1
532 1153 1
532 1177 1
532 1224 1
532 1293 1
532 1294 1
532 1312 1
532 1335 1
532 1367 1
532 1376 1
532 1427 1
532 1445 1
532 1446 1
532 1470 1
532 1472 1
532 1494 1
532 1671 1
532 1753 1
532 1782 1
532 1787 1
532 1886 1
532 1893 1
532 1908 1
532 1909 1
532 1923 1
532 1949 1
532 1968 1
533 555 1
533 655 1
533 786 1
533 790 1
533 879 1
533 880 1
533 884 1
533 892 1
533 899 1
533 930 1
533 935 1
533 946 1
533 968 1
533 995 1
533 1049 1
533 1099 1
533 1110 1
533 1175 1
533 1179 1
533 1228 1
533 1264 1
533 1275 1
533 1316 1
533 1419 1
533 1430 1
533 1451 1
533 1452 1
533 1477 1
533 1582 1
533 1586 1
533 1703 1
533 1708 1
533 1712 1
533 1803 1
533 1854 1
533 1877 1
533 1911 1
533 1931 1
533 1941 1
533 1999 1
534 542 1
534 579 1
534 656 1
534 695 1
534 715 1
534 830 1
534 886 1
534 890 1
534 1021 1
534 1051 1
534 1096 1
534 1191 1
534 1210 1
534 1314 1
534 1376 1
534 1382 1
534 1409 1
534 1416 1
534 1477 1
534 1548 1
534 1598 1
534 1603 1
534 1640 1
534 1643 1
534 1648 1
534 1715 1
534 1734 1
534 1865 1
534 1889 1
534 1893 1
534 1898 1
534 1910 1
534 1930 1
534 1943 1
534 1982 1
535 557 1
535 606 1
535 653 1
535 692 1
535 693 1
535 736 1
535 740 1
535 751 1
535 769 1
535 797 1
535 827 1
535 892 1
535 931 1
535 974 1
535 977 1
535 1014 1
535 1032 1
535 1052 1
535 1072 1
535 1079 1
535 1091 1
535 1095 1
535 1104 1
535 1144 1
535 1180 1
535 1197 1
535 1198 1
535 1227 1
535 1240 1
535 1335 1
535 1587 1
535 1631 1
535 1656 1
535 1661 1
535 1703 1
535 1730 1
535 1755 1
535 1847 1
535 1855 1
535 1864 1
535 1871 1
535 1955 1
535 1981 1
536 539 1
536 617 1
536 622 1
536 653 1
536 713 1
536 734 1
536 779 1
536 820 1
536 873 1
536 936 1
536 965 1
536 1004 1
536 1014 1
536 1024 1
536 1029 1
536 1052 1
536 1075 1
536 1086 1
536 1088 1
536 1153 1
536 1225 1
536 1229 1
536 1231 1
536 1237 1
536 1239 1
536 1240 1
536 1254 1
536 1311 1
536 1328 1
536 1343 1
536 1359 1
536 1384 1
536 1406 1
536 1453 1
536 1457 1
536 1552 1
536 1558 1
536 1574 1
536 1581 1
536 1589 1
536 1607 1
536 1640 1
536 1647 1
536 1669 1
536 1693 1
536 1718 1
536 1731 1
536 1738 1
536 1768 1
536 1813 1
536 1826 1
536 1845 1
536 1872 1
536 1924 1
536 1925 1
536 1946 1
536 1961 1
537 543 1
537 582 1
537 614 1
537 615 1
537 634 1
537 741 1
537 743 1
537 752 1
537 762 1
537 773 1
537 832 1
537 871 1
537 914 1
537 936 1
537 945 1
537 982 1
537 985 1
537 1009 1
537 1059 1
537 1107 1
537 1120 1
537 1214 1
537 1223 1
537 1259 1
537 1308 1
537 1364 1
537 1391 1
537 1414 1
537 1505 1
537 1529 1
537 1590 1
537 1606 1
537 1632 1
537 1662 1
537 1713 1
537 1741 1
537 1773 1
537 1805 1
537 1823 1
537 1833 1
537 1839 1
537 1911 1
537 1918 1
537 1994 1
538 551 1
538 573 1
538 586 1
538 630 1
538 705 1
538 709 1
538 724 1
538 727 1
538 774 1
538 781 1
538 879 1
538 900 1
538 927 1
538 971 1
538 1082 1
538 1152 1
538 1164 1
538 1165 1
538 1184 1
538 1247 1
538 1252 1
538 1282 1
538 1292 1
538 1296 1
538 1320 1
538 1363 1
538 1416 1
538 1558 1
538 1563 1
538 1577 1
538 1603 1
538 1702 1
538 1710 1
538 1719 1
538 1721 1
538 1758 1
538 1777 1
538 1816 1
538 1817 1
538 1823 1
538 1849 1
538 1851 1
538 1882 1
538 1958 1
539 544 1
539 581 1
539 589 1
539 655 1
539 689 1
539 706 1
539 710 1
539 757 1
539 789 1
539 801 1
539 831 1
539 874 1
539 891 1
539 963 1
539 965 1
539 1035 1
539 1055 1
539 1093 1
539 1114 1
539 1135 1
539 1160 1
539 1236 1
539 1251 1
539 1276 1
539 1288 1
539 1397 1
539 1404 1
539 1426 1
539 1440 1
539 1488 1
539 1522 1
539 1540 1
539 1568 1
539 1697 1
539 1813 1
539 1818 1
539 1834 1
539 1849 1
539 1853 1
539 1862 1
539 1879 1
539 1880 1
539 1932 1
539 1997 1
540 550 1
540 559 1
540 567 1
540 588 1
540 613 1
540 654 1
540 692 1
540 785 1
540 787 1
540 800 1
540 854 1
540 1044 1
540 1065 1
540 1145 1
540 1214 1
540 1277 1
540 1319 1
540 1342 1
540 1346 1
540 1404 1
540 1419 1
540 1420 1
540 1429 1
540 1470 1
540 1513 1
540 1521 1
540 1646 1
540 1690 1
540 1710 1
540 1803 1
540 1836 1
540 1907 1
540 1908 1
540 1919 1
540 1956 1
540 1961 1
540 1994 1
541 612 1
541 638 1
541 680 1
541 747 1
541 792 1
541 804 1
541 812 1
541 815 1
541 861 1
541 866 1
541 879 1
541 933 1
541 945 1
541 962 1
541 990 1
541 999 1
541 1075 1
541 1095 1
541 1116 1
541 1162 1
541 1256 1
541 1258 1
541 1275 1
541 1316 1
541 1328 1
541 1361 1
541 1538 1
541 1570 1
541 1586 1
541 1593 1
541 1595 1
541 1608 1
541 1646 1
541 1657 1
541 1802 1
541 1852 1
541 1878 1
541 1917 1
541 1924 1
541 1974 1
541 1986 1
541 1998 1
542 564 1
542 579 1
542 625 1
542 641 1
542 649 1
542 671 1
542 679 1
542 706 1
542 738 1
542 740 1
542 798 1
542 816 1
542 847 1
542 906 1
542 915 1
542 918 1
542 920 1
542 979 1
542 1040 1
542 1077 1
542 1153 1
542 1185 1
542 1264 1
542 1292 1
542 1342 1
542 1351 1
542 1359 1
542 1374 1
542 1397 1
542 1431 1
542 1448 1
542 1518 1
542 1573 1
542 1595 1
542 1611 1
542 1625 1
542 1643 1
542 1686 1
542 1687 1
542 1696 1
542 1710 1
542 1721 1
542 1736 1
542 1768 1
542 1805 1
542 1821 1
542 1894 1
542 1922 1
542 1966 1
542 1999 1
543 693 1
543 742 1
543 801 1
543 816 1
543 827 1
543 845 1
543 858 1
543 892 1
543 920 1
543 944 1
543 1062 1
543 1083 1
543 1328 1
543 1340 1
543 1416 1
543 1456 1
543 1485 1
543 1691 1
543 1700 1
543 1764 1
543 1781 1
543 1800 1
543 1830 1
543 1852 1
543 1947 1
543 1979 1
544 584 1
544 642 1
544 828 1
544 844 1
544 887 1
544 923 1
544 962 1
544 970 1
544 1019 1
544 1021 1
544 1044 1
544 1129 1
544 1335 1
544 1340 1
544 1379 1
544 1415 1
544 1499 1
544 1507 1
544 1512 1
544 1541 1
544 1562 1
544 1592 1
544 1633 1
544 1717 1
544 1735 1
544 1895 1
544 1915 1
544 1994 1
545 577 1
545 600 1
545 610 1
545 631 1
545 741 1
545 755 1
545 765 1
545 775 1
545 874 1
545 897 1
545 900 1
545 915 1
545 968 1
545 1088 1
545 1108 1
545 1160 1
545 1204 1
545 1213 1
545 1281 1
545 1402 1
545 1440 1
545 1460 1
545 1465 1
545 1473 1
545 1480 1
545 1490 1
545 1521 1
545 1572 1
545 1594 1
545 1597 1
545 1609 1
545 1634 1
545 1790 1
545 1837 1
545 1840 1
545 1893 1
545 1986 1
545 1995 1
546 562 1
546 577 1
546 602 1
546 603 1
546 661 1
546 709 1
546 810 1
546 822 1
546 848 1
546 863 1
546 960 1
546 1002 1
546 1022 1
546 1032 1
546 1041 1
546 1086 1
546 1110 1
546 1117 1
546 1128 1
546 1168 1
546 1208 1
546 1225 1
546 1232 1
546 1234 1
546 1259 1
546 1295 1
546 1345 1
546 1351 1
546 1352 1
546 1441 1
546 1510 1
546 1530 1
546 1558 1
546 1573 1
546 1581 1
546 1653 1
546 1735 1
546 1743 1
546 1873 1
546 1939 1
546 1963 1
546 1969 1
546 1987 1
547 622 1
547 674 1
547 679 1
547 681 1
547 823 1
547 842 1
547 880 1
547 969 1
547 1000 1
547 1017 1
547 1085 1
547 1125 1
547 1190 1
547 1240 1
547 1283 1
547 1295 1
547 1300 1
547 1359 1
547 1362 1
547 1401 1
547 1414 1
547 1467 1
547 1479 1
547 1493 1
547 1580 1
547 1643 1
547 1660 1
547 1690 1
547 1702 1
547 1735 1
547 1798 1
547 1944 1
547 1973 1
548 576 1
548 581 1
548 604 1
548 625 1
548 655 1
548 745 1
548 754 1
548 757 1
548 759 1
548 797 1
548 824 1
548 829 1
548 900 1
548 1022 1
548 1057 1
548 1093 1
548 1168 1
548 1259 1
548 1333 1
548 1368 1
548 1374 1
548 1419 1
548 1516 1
548 1552 1
548 1563 1
548 1634 1
548 1668 1
548 1684 1
548 1752 1
548 1778 1
548 1840 1
548 1878 1
549 558 1
549 573 1
549 594 1
549 610 1
549 658 1
549 744 1
549 773 1
549 817 1
549 838 1
549 842 1
549 869 1
549 970 1
549 1097 1
549 1130 1
549 1172 1
549 1185 1
549 1194 1
549 1212 1
549 1241 1
549 1256 1
549 1294 1
549 1323 1
549 1369 1
549 1379 1
549 1438 1
549 1489 1
549 1532 1
549 1549 1
549 1561 1
549 1589 1
549 1725 1
549 1804 1
549 1805 1
549 1833 1
549 1851 1
549 1876 1
549 1900 1
549 1930 1
549 1945 1
550 555 1
550 581 1
550 603 1
550 608 1
550 693 1
550 722 1
550 779 1
550 810 1
550 824 1
550 855 1
550 862 1
550 878 1
550 886 1
550 940 1
550 947 1
550 991 1
550 1004 1
550 1113 1
550 1220 1
550 1236 1
550 1290 1
550 1326 1
550 1336 1
550 1471 1
550 1492 1
550 1531 1
550 1542 1
550 1561 1
550 1613 1
550 1659 1
550 1697 1
550 1744 1
550 1745 1
550 1815 1
550 1822 1
550 1831 1
550 1926 1
550 1964 1
551 619 1
551 623 1
551 633 1
551 708 1
551 744 1
551 871 1
551 970 1
551 978 1
551 984 1
551 989 1
551 1013 1
551 1031 1
551 1045 1
551 1059 1
551 1096 1
551 1110 1
551 1176 1
551 1184 1
551 1250 1
551 1267 1
551 1299 1
551 1340 1
551 1598 1
551 1601 1
551 1606 1
551 1609 1
551 1641 1
551 1739 1
551 1759 1
551 1814 1
551 1816 1
551 1817 1
551 1842 1
551 1843 1
551 1865 1
551 1875 1
551 1900 1
551 1913 1
552 614 1
552 696 1
552 710 1
552 763 1
552 764 1
552 857 1
552 887 1
552 903 1
552 937 1
552 963 1
552 997 1
552 1047 1
552 1086 1
552 1087 1
552 1092 1
552 1118 1
552 1178 1
552 1226 1
552 1280 1
552 1347 1
552 1352 1
552 1417 1
552 1433 1
552 1441 1
552 1478 1
552 1573 1
552 1768 1
552 1820 1
552 1844 1
552 1864 1
552 1896 1
552 1899 1
552 1920 1
553 572 1
553 585 1
553 622 1
553 673 1
553 680 1
553 714 1
553 754 1
553 771 1
553 806 1
553 922 1
553 994 1
553 996 1
553 1042 1
553 1082 1
553 1131 1
553 1240 1
553 1258 1
553 1287 1
553 1363 1
553 1377 1
553 1432 1
553 1446 1
553 1500 1
553 1536 1
553 1556 1
553 1568 1
553 1615 1
553 1646 1
553 1658 1
553 1674 1
553 1677 1
553 1695 1
553 1731 1
553 1839 1
553 1844 1
553 1848 1
553 1911 1
553 1949 1
553 1969 1
553 1990 1
554 601 1
554 658 1
554 714 1
554 780 1
554 825 1
554 927 1
554 945 1
554 951 1
554 975 1
554 1042 1
554 1109 1
554 1129 1
554 1163 1
554 1206 1
554 1227 1
554 1279 1
554 1299 1
554 1310 1
554 1346 1
554 1359 1
554 1395 1
554 1421 1
554 1437 1
554 1490 1
554 1560 1
554 1712 1
554 1717 1
554 1766 1
554 1934 1
554 1956 1
554 1994 1
555 660 1
555 672 1
555 735 1
555 741 1
555 833 1
555 861 1
555 867 1
555 896 1
555 938 1
555 951 1
555 1014 1
555 1037 1
555 1079 1
555 1097 1
555 1105 1
555 1134 1
555 1153 1
555 1164 1
555 1174 1
555 1179 1
555 1212 1
555 1324 1
555 1353 1
555 1379 1
555 1437 1
555 1451 1
555 1493 1
555 1575 1
555 1592 1
555 1633 1
555 1706 1
555 1773 1
555 1806 1
555 1839 1
555 1860 1
555 1878 1
555 1925 1
556 620 1
556 702 1
556 717 1
556 738 1
556 741 1
556 791 1
556 1027 1
556 1035 1
556 1061 1
556 1090 1
556 1137 1
556 1228 1
556 1330 1
556 1336 1
556 1348 1
556 1501 1
556 1513 1
556 1635 1
556 1643 1
556 1690 1
556 1831 1
556 1846 1
556 1860 1
556 1894 1
556 1908 1
556 1936 1
556 1986 1
556 1998 1
557 604 1
557 732 1
557 775 1
557 844 1
557 880 1
557 898 1
557 907 1
557 922 1
557 941 1
557 963 1
557 1029 1
557 1047 1
557 1098 1
557 1142 1
557 1151 1
557 1236 1
557 1272 1
557 1304 1
557 1311 1
557 1353 1
557 1354 1
557 1367 1
557 1371 1
557 1404 1
557 1405 1
557 1408 1
557 1454 1
557 1617 1
557 1640 1
557 1648 1
557 1728 1
557 1731 1
557 1765 1
557 1766 1
557 1899 1
557 1916 1
557 1933 1
557 1946 1
557 1976 1
558 567 1
558 615 1
558 640 1
558 702 1
558 709 1
558 782 1
558 828 1
558 884 1
558 914 1
558 1007 1
558 1017 1
558 1171 1
558 1179 1
558 1230 1
558 1341 1
558 1422 1
558 1445 1
558 1448 1
558 1522 1
558 1554 1
558 1787 1
558 1788 1
558 1842 1
558 1849 1
558 1948 1
558 1985 1
559 602 1
559 651 1
559 653 1
559 678 1
559 693 1
559 772 1
559 788 1
559 852 1
559 854 1
559 891 1
559 938 1
559 956 1
559 1034 1
559 1038 1
559 1052 1
559 1167 1
559 1181 1
559 1190 1
559 1228 1
559 1339 1
559 1342 1
559 1351 1
559 1356 1
559 1385 1
559 1489 1
559 1506 1
559 1618 1
559 1643 1
559 1723 1
559 1777 1
559 1778 1
559 1796 1
559 1807 1
559 1819 1
559 1857 1
559 1887 1
559 1960 1
560 573 1
560 584 1
560 607 1
560 675 1
560 681 1
560 760 1
560 772 1
560 773 1
560 877 1
560 942 1
560 964 1
560 999 1
560 1086 1
560 1087 1
560 1154 1
560 1174 1
560 1188 1
560 1197 1
560 1247 1
560 1330 1
560 1387 1
560 1408 1
560 1425 1
560 1449 1
560 1458 1
560 1483 1
560 1501 1
560 1618 1
560 1679 1
560 1681 1
560 1701 1
560 1713 1
560 1727 1
560 1756 1
560 1816 1
560 1851 1
560 1897 1
560 1918 1
560 1951 1
561 579 1
561 614 1
561 625 1
561 644 1
561 666 1
561 722 1
561 803 1
561 827 1
561 876 1
561 895 1
561 941 1
561 951 1
561 957 1
561 960 1
561 974 1
561 1002 1
561 1056 1
561 1208 1
561 1299 1
561 1304 1
561 1309 1
561 1338 1
561 1376 1
561 1457 1
561 1554 1
561 1569 1
561 1598 1
561 1637 1
561 1679 1
561 1701 1
561 1703 1
561 1720 1
561 1752 1
561 1755 1
561 1822 1
561 1851 1
561 1859 1
561 1878 1
561 1958 1
561 1967 1
561 1971 1
562 572 1
562 620 1
562 629 1
562 662 1
562 686 1
562 786 1
562 793 1
562 816 1
562 818 1
562 832 1
562 916 1
562 984 1
562 1033 1
562 1052 1
562 1056 1
562 1124 1
562 1163 1
562 1178 1
562 1205 1
562 1243 1
562 1345 1
562 1383 1
562 1407 1
562 1417 1
562 1467 1
562 1470 1
562 1523 1
562 1551 1
562 1565 1
562 1575 1
562 1712 1
562 1713 1
562 1768 1
562 1826 1
562 1832 1
562 1842 1
562 1871 1
562 1933 1
562 1960 1
563 641 1
563 706 1
563 712 1
563 771 1
563 887 1
563 976 1
563 984 1
563 1023 1
563 1036 1
563 1047 1
563 1067 1
563 1130 1
563 1131 1
563 1147 1
563 1169 1
563 1191 1
563 1239 1
563 1317 1
563 1375 1
563 1423 1
563 1444 1
563 1445 1
563 1455 1
563 1470 1
563 1499 1
563 1533 1
563 1545 1
563 1611 1
563 1616 1
563 1667 1
563 1681 1
563 1682 1
563 1685 1
563 1740 1
563 1787 1
563 1796 1
563 1806 1
563 1847 1
563 1901 1
563 1969 1
563 1988 1
564 591 1
564 648 1
564 711 1
564 773 1
564 854 1
564 860 1
564 888 1
564 960 1
564 963 1
564 974 1
564 989 1
564 994 1
564 997 1
564 1083 1
564 1089 1
564 1156 1
564 1196 1
564 1272 1
564 1297 1
564 1319 1
564 1336 1
564 1390 1
564 1443 1
564 1456 1
564 1516 1
564 1531 1
564 1532 1
564 1549 1
564 1663 1
564 1680 1
564 1739 1
564 1742 1
564 1807 1
565 599 1
565 652 1
565 669 1
565 683 1
565 817 1
565 832 1
565 898 1
565 922 1
565 1099 1
565 1106 1
565 1130 1
565 1193 1
565 1300 1
565 1354 1
565 1418 1
565 1457 1
565 1489 1
565 1500 1
565 1528 1
565 1568 1
565 1572 1
565 1576 1
565 1626 1
565 1640 1
565 1670 1
565 1809 1
565 1824 1
565 1872 1
565 1896 1
565 1918 1
565 1952 1
565 1977 1
566 580 1
566 697 1
566 706 1
566 715 1
566 740 1
566 760 1
566 775 1
566 830 1
566 859 1
566 919 1
566 922 1
566 925 1
566 937 1
566 1012 1
566 1035 1
566 1037 1
566 1063 1
566 1075 1
566 1114 1
566 1128 1
566 1159 1
566 1215 1
566 1247 1
566 1281 1
566 1352 1
566 1367 1
566 1388 1
566 1415 1
566 1484 1
566 1517 1
566 1519 1
566 1657 1
566 1720 1
566 1732 1
566 1739 1
566 1747 1
566 1805 1
566 1870 1
566 1873 1
566 1897 1
566 1899 1
566 1937 1
566 1979 1
567 627 1
567 646 1
567 705 1
567 784 1
567 794 1
567 897 1
567 907 1
567 913 1
567 950 1
567 984 1
567 1208 1
567 1279 1
567 1287 1
567 1288 1
567 1300 1
567 1398 1
567 1409 1
567 1567 1
567 1580 1
567 1585 1
567 1653 1
567 1668 1
567 1713 1
567 1751 1
567 1753 1
567 1766 1
567 1796 1
567 1833 1
567 1840 1
567 1843 1
567 1877 1
567 1921 1
567 1924 1
568 574 1
568 752 1
568 758 1
568 807 1
568 815 1
568 834 1
568 836 1
568 873 1
568 936 1
568 964 1
568 1000 1
568 1014 1
568 1090 1
568 1134 1
568 1197 1
568 1210 1
568 1222 1
568 1261 1
568 1294 1
568 1307 1
568 1319 1
568 1370 1
568 1373 1
568 1375 1
568 1377 1
568 1416 1
568 1459 1
568 1469 1
568 1517 1
568 1545 1
568 1563 1
568 1665 1
568 1670 1
568 1711 1
568 1749 1
568 1762 1
568 1816 1
568 1830 1
568 1844 1
568 1880 1
568 1935 1
568 1966 1
569 572 1
569 598 1
569 630 1
569 673 1
569 686 1
569 708 1
569 895 1
569 901 1
569 917 1
569 970 1
569 986 1
569 1053 1
569 1087 1
569 1166 1
569 1223 1
569 1288 1
569 1380 1
569 1395 1
569 1400 1
569 1485 1
569 1513 1
569 1545 1
569 1571 1
569 1587 1
569 1618 1
569 1699 1
569 1704 1
569 1762 1
569 1933 1
569 1945 1
569 1949 1
569 1961 1
570 599 1
570 605 1
570 612 1
570 687 1
570 1010 1
570 1030 1
570 1042 1
570 1064 1
570 1108 1
570 1152 1
570 1197 1
570 1256 1
570 1303 1
570 1335 1
570 1341 1
570 1345 1
570 1435 1
570 1495 1
570 1540 1
570 1542 1
570 1563 1
570 1811 1
570 1874 1
570 1879 1
570 1902 1
570 1919 1
570 1934 1
570 1961 1
570 1962 1
570 1982 1
571 573 1
571 581 1
571 617 1
571 632 1
571 662 1
571 709 1
571 759 1
571 784 1
571 821 1
571 859 1
571 868 1
571 887 1
571 889 1
571 914 1
571 938 1
571 958 1
571 965 1
571 1100 1
571 1138 1
571 1226 1
571 1252 1
571 1254 1
571 1328 1
571 1347 1
571 1362 1
571 1389 1
571 1402 1
571 1496 1
571 1621 1
571 1685 1
571 1742 1
571 1782 1
571 1813 1
571 1859 1
571 1860 1
571 1861 1
571 1890 1
571 1899 1
571 1917 1
571 1985 1
572 600 1
572 620 1
572 687 1
572 689 1
572 707 1
572 816 1
572 840 1
572 868 1
572 952 1
572 1002 1
572 1098 1
572 1157 1
572 1176 1
572 1215 1
572 1348 1
572 1389 1
572 1437 1
572 1456 1
572 1470 1
572 1472 1
572 1557 1
572 1574 1
572 1613 1
572 1615 1
572 1659 1
572 1700 1
572 1763 1
572 1770 1
572 1781 1
572 1799 1
572 1894 1
572 1915 1
572 1957 1
573 589 1
573 630 1
573 680 1
573 811 1
573 813 1
573 862 1
573 868 1
573 992 1
573 1009 1
573 1019 1
573 1096 1
573 1106 1
573 1119 1
573 1126 1
573 1129 1
573 1134 1
573 1144 1
573 1248 1
573 1273 1
573 1316 1
573 1350 1
573 1375 1
573 1379 1
573 1401 1
573 1407 1
573 1432 1
573 1488 1
573 1508 1
573 1520 1
573 1536 1
573 1554 1
573 1625 1
573 1642 1
573 1645 1
573 1666 1
573 1822 1
573 1829 1
573 1835 1
573 1881 1
573 1911 1
574 724 1
574 870 1
574 887 1
574 889 1
574 895 1
574 928 1
574 930 1
574 941 1
574 998 1
574 1069 1
574 1165 1
574 1180 1
574 1184 1
574 1206 1
574 1207 1
574 1209 1
574 1222 1
574 1385 1
574 1466 1
574 1478 1
574 1520 1
574 1558 1
574 1580 1
574 1581 1
574 1677 1
574 1810 1
574 1842 1
574 1858 1
574 1910 1
574 1942 1
574 1957 1
574 1974 1
575 611 1
575 616 1
575 636 1
575 644 1
575 751 1
575 807 1
575 863 1
575 924 1
575 935 1
575 997 1
575 1068 1
575 1084 1
575 1113 1
575 1120 1
575 1162 1
575 1181 1
575 1227 1
575 1230 1
575 1252 1
575 1283 1
575 1286 1
575 1327 1
575 1369 1
575 1410 1
575 1433 1
575 1508 1
575 1512 1
575 1532 1
575 1562 1
575 1593 1
575 1644 1
575 1650 1
575 1685 1
575 1705 1
575 1712 1
575 1759 1
575 1809 1
575 1822 1
575 1858 1
575 1917 1
575 1920 1
575 1948 1
575 1970 1
576 594 1
576 610 1
576 645 1
576 654 1
576 690 1
576 763 1
576 781 1
576 804 1
576 847 1
576 852 1
576 905 1
576 925 1
576 950 1
576 951 1
576 990 1
576 1091 1
576 1293 1
576 1309 1
576 1345 1
576 1351 1
576 1360 1
576 1398 1
576 1411 1
576 1494 1
576 1496 1
576 1510 1
576 1518 1
576 1535 1
576 1536 1
576 1574 1
576 1587 1
576 1597 1
576 1603 1
576 1665 1
576 1675 1
576 1731 1
576 1838 1
576 1839 1
576 1878 1
576 1935 1
576 1959 1
576 1960 1
577 607 1
577 634 1
577 741 1
577 827 1
577 844 1
577 865 1
577 914 1
577 1018 1
577 1058 1
577 1131 1
577 1149 1
577 1185 1
577 1214 1
577 1238 1
577 1254 1
577 1312 1
577 1347 1
577 1461 1
577 1557 1
577 1579 1
577 1586 1
577 1672 1
577 1712 1
577 1716 1
577 1755 1
577 1804 1
577 1837 1
577 1850 1
577 1933 1
577 1998 1
578 587 1
578 636 1
578 693 1
578 734 1
578 764 1
578 772 1
578 778 1
578 790 1
578 801 1
578 820 1
578 859 1
578 915 1
578 918 1
578 942 1
578 951 1
578 963 1
578 1015 1
578 1037 1
578 1039 1
578 1046 1
578 1059 1
578 1159 1
578 1190 1
578 1205 1
578 1284 1
578 1298 1
578 1305 1
578 1395 1
578 1482 1
578 1512 1
578 1515 1
578 1554 1
578 1560 1
578 1624 1
578 1657 1
578 1765 1
578 1823 1
578 1834 1
578 1854 1
578 1866 1
578 1879 1
578 1880 1
578 1946 1
578 1960 1
578 1971 1
579 773 1
579 832 1
579 891 1
579 894 1
579 960 1
579 1005 1
579 1015 1
579 1039 1
579 1105 1
579 1109 1
579 1116 1
579 1126 1
579 1148 1
579 1183 1
579 1218 1
579 1228 1
579 1240 1
579 1250 1
579 1340 1
579 1344 1
579 1377 1
579 1419 1
579 1432 1
579 1519 1
579 1584 1
579 1600 1
579 1614 1
579 1632 1
579 1667 1
579 1771 1
579 1838 1
579 1877 1
579 1983 1
580 677 1
580 735 1
580 757 1
580 761 1
580 786 1
580 794 1
580 848 1
580 919 1
580 926 1
580 939 1
580 971 1
580 1024 1
580 1166 1
580 1178 1
580 1222 1
580 1301 1
580 1344 1
580 1369 1
580 1431 1
580 1474 1
580 1530 1
580 1590 1
580 1606 1
580 1679 1
580 1682 1
580 1689 1
580 1716 1
580 1753 1
580 1764 1
580 1791 1
580 1822 1
580 1829 1
580 1844 1
580 1852 1
580 1861 1
580 1910 1
580 1911 1
580 1919 1
580 1927 1
580 1977 1
581 628 1
581 655 1
581 674 1
581 681 1
581 864 1
581 880 1
581 900 1
581 953 1
581 959 1
581 986 1
581 1009 1
581 1056 1
581 1077 1
581 1218 1
581 1280 1
581 1326 1
581 1346 1
581 1364 1
581 1421 1
581 1434 1
581 1442 1
581 1485 1
581 1590 1
581 1597 1
581 1684 1
581 1691 1
581 1881 1
581 1932 1
581 1950 1
581 1965 1
581 1974 1
581 1981 1
582 605 1
582 672 1
582 851 1
582 899 1
582 938 1
582 994 1
582 1001 1
582 1037 1
582 1059 1
582 1073 1
582 1121 1
582 1155 1
582 1218 1
582 1260 1
582 1307 1
582 1323 1
582 1375 1
582 1377 1
582 1396 1
582 1408 1
582 1441 1
582 1472 1
582 1473 1
582 1493 1
582 1563 1
582 1667 1
582 1756 1
582 1776 1
582 1786 1
582 1840 1
582 1844 1
582 1983 1
583 627 1
583 702 1
583 886 1
583 914 1
583 1016 1
583 1094 1
583 1095 1
583 1104 1
583 1148 1
583 1237 1
583 1242 1
583 1266 1
583 1271 1
583 1292 1
583 1294 1
583 1295 1
583 1325 1
583 1336 1
583 1351 1
583 1356 1
583 1427 1
583 1465 1
583 1507 1
583 1666 1
583 1755 1
583 1793 1
583 1864 1
583 1883 1
583 1966 1
584 600 1
584 680 1
584 693 1
584 724 1
584 746 1
584 769 1
584 784 1
584 849 1
584 872 1
584 935 1
584 1015 1
584 1039 1
584 1042 1
584 1113 1
584 1144 1
584 1224 1
584 1344 1
584 1440 1
584 1483 1
584 1528 1
584 1529 1
584 1582 1
584 1600 1
584 1603 1
584 1611 1
584 1689 1
584 1694 1
584 1711 1
584 1723 1
584 1815 1
584 1818 1
584 1880 1
584 1978 1
584 1991 1
584 1998 1
585 656 1
585 663 1
585 669 1
585 677 1
585 698 1
585 755 1
585 823 1
585 940 1
585 995 1
585 1031 1
585 1052 1
585 1101 1
585 1117 1
585 1163 1
585 1171 1
585 1256 1
585 1261 1
585 1264 1
585 1309 1
585 1319 1
585 1365 1
585 1415 1
585 1582 1
585 1636 1
585 1668 1
585 1691 1
585 1718 1
585 1766 1
585 1773 1
585 1804 1
585 1816 1
585 1847 1
585 1865 1
585 1939 1
585 1958 1
585 1967 1
586 610 1
586 660 1
586 666 1
586 692 1
586 735 1
586 772 1
586 811 1
586 852 1
586 888 1
586 906 1
586 1004 1
586 1032 1
586 1042 1
586 1069 1
586 1087 1
586 1127 1
586 1128 1
586 1148 1
586 1160 1
586 1218 1
586 1275 1
586 1368 1
586 1375 1
586 1550 1
586 1586 1
586 1591 1
586 1610 1
586 1611 1
586 1632 1
586 1656 1
586 1662 1
586 1685 1
586 1846 1
586 1869 1
586 1879 1
586 1926 1
586 1935 1
586 1951 1
586 1963 1
586 1977 1
587 627 1
587 649 1
587 684 1
587 700 1
587 856 1
587 863 1
587 938 1
587 966 1
587 1099 1
587 1172 1
587 1301 1
587 1304 1
587 1307 1
587 1351 1
587 1373 1
587 1388 1
587 1502 1
587 1548 1
587 1563 1
587 1614 1
587 1683 1
587 1769 1
587 1814 1
587 1893 1
587 1914 1
587 1916 1
587 1933 1
588 619 1
588 652 1
588 671 1
588 727 1
588 816 1
588 873 1
588 890 1
588 901 1
588 919 1
588 996 1
588 1028 1
588 1033 1
588 1053 1
588 1174 1
588 1351 1
588 1432 1
588 1435 1
588 1448 1
588 1530 1
588 1579 1
588 1597 1
588 1631 1
588 1634 1
588 1678 1
588 1731 1
588 1732 1
588 1733 1
588 1836 1
588 1926 1
588 1936 1
588 1974 1
588 1988 1
589 608 1
589 622 1
589 665 1
589 694 1
589 760 1
589 785 1
589 846 1
589 937 1
589 1040 1
589 1056 1
589 1071 1
589 1096 1
589 1107 1
589 1206 1
589 1212 1
589 1219 1
589 1228 1
589 1245 1
589 1282 1
589 1288 1
589 1378 1
589 1496 1
589 1498 1
589 1532 1
589 1573 1
589 1618 1
589 1623 1
589 1633 1
589 1707 1
589 1730 1
589 1756 1
589 1762 1
589 1767 1
589 1893 1
589 1906 1
589 1910 1
589 1953 1
589 1973 1
590 605 1
590 619 1
590 641 1
590 645 1
590 662 1
590 763 1
590 779 1
590 785 1
590 792 1
590 907 1
590 914 1
590 1013 1
590 1059 1
590 1104 1
590 1122 1
590 1150 1
590 1163 1
590 1182 1
590 1200 1
590 1205 1
590 1245 1
590 1263 1
590 1271 1
590 1287 1
590 1310 1
590 1382 1
590 1411 1
590 1435 1
590 1490 1
590 1514 1
590 1590 1
590 1596 1
590 1640 1
590 1664 1
590 1787 1
590 1788 1
590 1837 1
590 1853 1
590 1894 1
590 1927 1
590 1939 1
590 1950 1
590 1983 1
590 1996 1
591 629 1
591 701 1
591 809 1
591 878 1
591 909 1
591 911 1
591 924 1
591 949 1
591 951 1
591 954 1
591 1095 1
591 1132 1
591 1247 1
591 1306 1
591 1329 1
591 1374 1
591 1390 1
591 1492 1
591 1565 1
591 1587 1
591 1617 1
591 1645 1
591 1665 1
591 1705 1
591 1748 1
591 1763 1
591 1840 1
591 1875 1
591 1888 1
591 1929 1
591 1942 1
591 1961 1
592 642 1
592 705 1
592 780 1
592 797 1
592 824 1
592 839 1
592 840 1
592 863 1
592 878 1
592 886 1
592 900 1
592 926 1
592 1055 1
592 1113 1
592 1127 1
592 1156 1
592 1165 1
592 1178 1
592 1253 1
592 1260 1
592 1262 1
592 1330 1
592 1341 1
592 1441 1
592 1499 1
592 1515 1
592 1520 1
592 1583 1
592 1632 1
592 1647 1
592 1667 1
592 1712 1
592 1731 1
592 1732 1
592 1760 1
592 1812 1
592 1841 1
592 1848 1
592 1851 1
592 1852 1
593 658 1
593 663 1
593 678 1
593 736 1
593 753 1
593 794 1
593 817 1
593 843 1
593 850 1
593 893 1
593 917 1
593 979 1
593 993 1
593 1022 1
593 1031 1
593 1148 1
593 1175 1
593 1216 1
593 1244 1
593 1249 1
593 1258 1
593 1278 1
593 1283 1
593 1319 1
593 1391 1
593 1411 1
593 1600 1
593 1614 1
593 1728 1
593 1734 1
593 1756 1
593 1772 1
593 1789 1
593 1802 1
593 1813 1
593 1816 1
593 1848 1
593 1890 1
593 1897 1
593 1932 1
593 1959 1
593 1982 1
594 656 1
594 739 1
594 771 1
594 860 1
594 905 1
594 977 1
594 991 1
594 1069 1
594 1194 1
594 1220 1
594 1221 1
594 1325 1
594 1422 1
594 1505 1
594 1507 1
594 1588 1
594 1732 1
594 1792 1
594 1821 1
594 1990 1
594 2000 1
595 648 1
595 650 1
595 664 1
595 671 1
595 800 1
595 807 1
595 904 1
595 909 1
595 927 1
595 934 1
595 965 1
595 1003 1
595 1007 1
595 1033 1
595 1035 1
595 1068 1
595 1093 1
595 1160 1
595 1169 1
595 1304 1
595 1307 1
595 1347 1
595 1348 1
595 1369 1
595 1385 1
595 1399 1
595 1430 1
595 1440 1
595 1490 1
595 1510 1
595 1517 1
595 1536 1
595 1577 1
595 1597 1
595 1619 1
595 1794 1
595 1796 1
595 1895 1
595 1917 1
595 1923 1
595 1943 1
595 1946 1
595 1972 1
596 601 1
596 621 1
596 725 1
596 751 1
596 761 1
596 795 1
596 809 1
596 839 1
596 848 1
596 924 1
596 1035 1
596 1057 1
596 1167 1
596 1191 1
596 1205 1
596 1228 1
596 1262 1
596 1455 1
596 1496 1
596 1543 1
596 1581 1
596 1597 1
596 1691 1
596 1713 1
596 1743 1
596 1759 1
596 1907 1
596 1930 1
596 1975 1
597 696 1
597 737 1
597 760 1
597 774 1
597 780 1
597 808 1
597 819 1
597 837 1
597 849 1
597 866 1
597 867 1
597 893 1
597 923 1
597 925 1
597 1018 1
597 1032 1
597 1128 1
597 1194 1
597 1324 1
597 1425 1
597 1451 1
597 1471 1
597 1495 1
597 1496 1
597 1542 1
597 1550 1
597 1578 1
597 1588 1
597 1649 1
597 1662 1
597 1686 1
597 1751 1
597 1755 1
597 1785 1
597 1806 1
597 1944 1
597 1966 1
598 638 1
598 663 1
598 736 1
598 766 1
598 790 1
598 809 1
598 837 1
598 954 1
598 980 1
598 1017 1
598 1118 1
598 1136 1
598 1188 1
598 1220 1
598 1232 1
598 1249 1
598 1364 1
598 1404 1
598 1423 1
598 1438 1
598 1522 1
598 1591 1
598 1672 1
598 1721 1
598 1725 1
598 1728 1
598 1741 1
598 1777 1
598 1782 1
598 1794 1
598 1815 1
598 1931 1
598 1942 1
599 623 1
599 636 1
599 657 1
599 684 1
599 719 1
599 721 1
599 767 1
599 1034 1
599 1050 1
599 1055 1
599 1074 1
599 1108 1
599 1158 1
599 1183 1
599 1270 1
599 1277 1
599 1325 1
599 1326 1
599 1361 1
599 1368 1
599 1487 1
599 1543 1
599 1560 1
599 1580 1
599 1643 1
599 1647 1
599 1655 1
599 1671 1
599 1675 1
599 1874 1
599 1885 1
599 1907 1
599 1926 1
599 1957 1
600 730 1
600 890 1
600 915 1
600 944 1
600 946 1
600 975 1
600 994 1
600 1049 1
600 1051 1
600 1070 1
600 1141 1
600 1171 1
600 1273 1
600 1351 1
600 1353 1
600 1456 1
600 1462 1
600 1525 1
600 1600 1
600 1607 1
600 1663 1
600 1680 1
600 1685 1
600 1715 1
600 1890 1
600 1899 1
600 1975 1
600 1992 1
601 627 1
601 694 1
601 715 1
601 749 1
601 766 1
601 825 1
601 873 1
601 966 1
601 1066 1
601 1108 1
601 1166 1
601 1209 1
601 1227 1
601 1262 1
601 1301 1
601 1411 1
601 1504 1
601 1660 1
601 1737 1
601 1752 1
601 1870 1
601 1881 1
601 1956 1
601 1964 1
602 607 1
602 609 1
602 893 1
602 936 1
602 974 1
602 988 1
602 1037 1
602 1045 1
602 1065 1
602 1131 1
602 1132 1
602 1134 1
602 1158 1
602 1253 1
602 1274 1
602 1278 1
602 1286 1
602 1301 1
602 1396 1
602 1461 1
602 1491 1
602 1499 1
602 1505 1
602 1513 1
602 1557 1
602 1559 1
602 1611 1
602 1651 1
602 1662 1
602 1664 1
602 1725 1
602 1735 1
602 1748 1
602 1821 1
602 1836 1
602 1848 1
602 1853 1
602 1897 1
602 1942 1
603 767 1
603 807 1
603 889 1
603 892 1
603 903 1
603 941 1
603 947 1
603 955 1
603 971 1
603 992 1
603 1002 1
603 1011 1
603 1017 1
603 1025 1
603 1043 1
603 1050 1
603 1105 1
603 1109 1
603 1181 1
603 1184 1
603 1185 1
603 1187 1
603 1204 1
603 1260 1
603 1290 1
603 1341 1
603 1352 1
603 1429 1
603 1484 1
603 1563 1
603 1638 1
603 1701 1
603 1710 1
603 1764 1
603 1793 1
603 1800 1
603 1852 1
603 1883 1
603 1899 1
603 1925 1
603 1930 1
603 1966 1
604 614 1
604 646 1
604 665 1
604 670 1
604 698 1
604 740 1
604 777 1
604 819 1
604 854 1
604 938 1
604 952 1
604 982 1
604 996 1
604 1019 1
604 1022 1
604 1057 1
604 1087 1
604 1097 1
604 1108 1
604 1123 1
604 1197 1
604 1236 1
604 1255 1
604 1443 1
604 1507 1
604 1509 1
604 1530 1
604 1563 1
604 1571 1
604 1579 1
604 1599 1
604 1606 1
604 1641 1
604 1668 1
604 1672 1
604 1678 1
604 1711 1
604 1721 1
604 1758 1
604 1777 1
604 1808 1
604 1833 1
604 1848 1
604 1908 1
604 1994 1
605 618 1
605 731 1
605 878 1
605 894 1
605 910 1
605 990 1
605 1052 1
605 1053 1
605 1071 1
605 1073 1
605 1085 1
605 1098 1
605 1314 1
605 1365 1
605 1382 1
605 1393 1
605 1420 1
605 1498 1
605 1524 1
605 1528 1
605 1533 1
605 1535 1
605 1560 1
605 1590 1
605 1602 1
605 1617 1
605 1718 1
605 1742 1
605 1749 1
605 1756 1
605 1778 1
605 1786 1
605 1890 1
605 1900 1
605 1945 1
605 1957 1
605 1986 1
606 617 1
606 644 1
606 661 1
606 680 1
606 745 1
606 751 1
606 755 1
606 776 1
606 793 1
606 814 1
606 898 1
606 899 1
606 984 1
606 998 1
606 1060 1
606 1085 1
606 1119 1
606 1164 1
606 1167 1
606 1273 1
606 1339 1
606 1357 1
606 1383 1
606 1419 1
606 1425 1
606 1450 1
606 1590 1
606 1632 1
606 1742 1
606 1799 1
606 1829 1
606 1871 1
606 1898 1
606 1934 1
606 1944 1
606 1977 1
606 1979 1
606 1997 1
606 2000 1
607 615 1
607 673 1
607 691 1
607 694 1
607 725 1
607 757 1
607 763 1
607 929 1
607 1053 1
607 1341 1
607 1457 1
607 1556 1
607 1660 1
607 1711 1
607 1727 1
607 1768 1
607 1989 1
608 622 1
608 652 1
608 660 1
608 687 1
608 690 1
608 694 1
608 729 1
608 745 1
608 791 1
608 800 1
608 802 1
608 887 1
608 909 1
608 947 1
608 973 1
608 984 1
608 1224 1
608 1274 1
608 1276 1
608 1330 1
608 1388 1
608 1426 1
608 1457 1
608 1492 1
608 1529 1
608 1574 1
608 1575 1
608 1627 1
608 1644 1
608 1675 1
608 1786 1
608 1796 1
608 1884 1
608 1892 1
608 1946 1
608 1969 1
608 1984 1
608 1996 1
609 621 1
609 653 1
609 826 1
609 861 1
609 910 1
609 933 1
609 947 1
609 976 1
609 1017 1
609 1037 1
609 1066 1
609 1082 1
609 1095 1
609 1146 1
609 1166 1
609 1213 1
609 1270 1
609 1297 1
609 1330 1
609 1381 1
609 1393 1
609 1405 1
609 1455 1
609 1484 1
609 1556 1
609 1560 1
609 1597 1
609 1622 1
609 1634 1
609 1679 1
609 1699 1
609 1755 1
609 1783 1
609 1835 1
609 1877 1
609 1900 1
609 1939 1
609 1972 1
610 667 1
610 685 1
610 696 1
610 702 1
610 765 1
610 795 1
610 810 1
610 852 1
610 902 1
610 911 1
610 1019 1
610 1020 1
610 1057 1
610 1139 1
610 1164 1
610 1203 1
610 1311 1
610 1411 1
610 1462 1
610 1598 1
610 1627 1
610 1630 1
610 1650 1
610 1682 1
610 1715 1
610 1724 1
610 1804 1
610 1805 1
610 1855 1
610 1920 1
610 1932 1
610 1934 1
611 635 1
611 648 1
611 678 1
611 711 1
611 729 1
611 753 1
611 820 1
611 850 1
611 882 1
611 897 1
611 937 1
611 1009 1
611 1019 1
611 1025 1
611 1051 1
611 1053 1
611 1065 1
611 1106 1
611 1118 1
611 1161 1
611 1190 1
611 1241 1
611 1273 1
611 1276 1
611 1350 1
611 1366 1
611 1369 1
611 1379 1
611 1383 1
611 1421 1
611 1452 1
611 1496 1
611 1533 1
611 1550 1
611 1627 1
611 1664 1
611 1685 1
611 1694 1
611 1768 1
611 1862 1
611 1891 1
611 1898 1
611 1902 1
611 1996 1
612 616 1
612 619 1
612 629 1
612 653 1
612 659 1
612 672 1
612 858 1
612 863 1
612 945 1
612 946 1
612 1036 1
612 1043 1
612 1145 1
612 1150 1
612 1173 1
612 1190 1
612 1414 1
612 1434 1
612 1446 1
612 1457 1
612 1499 1
612 1543 1
612 1565 1
612 1573 1
612 1576 1
612 1583 1
612 1643 1
612 1663 1
612 1686 1
612 1699 1
612 1727 1
612 1745 1
612 1753 1
612 1785 1
612 1824 1
612 1862 1
612 1874 1
613 700 1
613 773 1
613 779 1
613 906 1
613 964 1
613 1036 1
613 1043 1
613 1046 1
613 1056 1
613 1075 1
613 1113 1
613 1121 1
613 1196 1
613 1237 1
613 1241 1
613 1276 1
613 1296 1
613 1308 1
613 1331 1
613 1348 1
613 1357 1
613 1385 1
613 1413 1
613 1416 1
613 1418 1
613 1433 1
613 1471 1
613 1472 1
613 1498 1
613 1507 1
613 1519 1
613 1620 1
613 1753 1
613 1757 1
613 1812 1
613 1824 1
613 1878 1
613 1964 1
614 671 1
614 707 1
614 723 1
614 769 1
614 820 1
614 833 1
614 838 1
614 852 1
614 949 1
614 974 1
614 1025 1
614 1049 1
614 1080 1
614 1105 1
614 1286 1
614 1377 1
614 1383 1
614 1387 1
614 1487 1
614 1488 1
614 1500 1
614 1628 1
614 1687 1
614 1713 1
614 1750 1
614 1754 1
614 1770 1
614 1810 1
614 1967 1
615 647 1
615 666 1
615 671 1
615 682 1
615 850 1
615 880 1
615 908 1
615 911 1
615 965 1
615 995 1
615 1045 1
615 1118 1
615 1157 1
615 1229 1
615 1277 1
615 1407 1
615 1462 1
615 1539 1
615 1574 1
615 1589 1
615 1590 1
615 1602 1
615 1615 1
615 1620 1
615 1622 1
615 1663 1
615 1778 1
615 1810 1
615 1820 1
615 1825 1
615 1848 1
615 1931 1
615 1932 1
615 1988 1
616 623 1
616 646 1
616 648 1
616 682 1
616 694 1
616 788 1
616 805 1
616 834 1
616 871 1
616 995 1
616 1024 1
616 1032 1
616 1064 1
616 1070 1
616 1169 1
616 1196 1
616 1217 1
616 1245 1
616 1323 1
616 1382 1
616 1398 1
616 1484 1
616 1567 1
616 1638 1
616 1679 1
616 1686 1
616 1687 1
616 1718 1
616 1729 1
616 1876 1
616 1889 1
616 1903 1
616 1935 1
617 636 1
617 637 1
617 649 1
617 715 1
617 736 1
617 741 1
617 763 1
617 777 1
617 800 1
617 902 1
617 945 1
617 959 1
617 973 1
617 983 1
617 1026 1
617 1094 1
617 1096 1
617 1186 1
617 1202 1
617 1216 1
617 1298 1
617 1308 1
617 1326 1
617 1328 1
617 1353 1
617 1419 1
617 1494 1
617 1529 1
617 1563 1
617 1570 1
617 1572 1
617 1576 1
617 1609 1
617 1624 1
617 1663 1
617 1666 1
617 1728 1
617 1805 1
617 1837 1
617 1851 1
617 1864 1
617 1888 1
617 1891 1
617 1950 1
617 1984 1
618 637 1
618 646 1
618 760 1
618 845 1
618 856 1
618 985 1
618 1002 1
618 1033 1
618 1071 1
618 1126 1
618 1187 1
618 1209 1
618 1222 1
618 1226 1
618 1251 1
618 1491 1
618 1497 1
618 1639 1
618 1656 1
618 1676 1
618 1690 1
618 1702 1
618 1716 1
618 1785 1
618 1819 1
618 1900 1
618 1909 1
618 1921 1
619 627 1
619 647 1
619 687 1
619 693 1
619 721 1
619 734 1
619 757 1
619 900 1
619 911 1
619 927 1
619 939 1
619 1032 1
619 1102 1
619 1108 1
619 1129 1
619 1192 1
619 1212 1
619 1438 1
619 1462 1
619 1498 1
619 1530 1
619 1555 1
619 1690 1
619 1700 1
619 1703 1
619 1705 1
619 1732 1
619 1752 1
619 1857 1
619 1878 1
619 1991 1
619 1996 1
620 667 1
620 681 1
620 702 1
620 709 1
620 749 1
620 751 1
620 752 1
620 853 1
620 872 1
620 880 1
620 920 1
620 946 1
620 1000 1
620 1077 1
620 1082 1
620 1110 1
620 1198 1
620 1263 1
620 1409 1
620 1474 1
620 1476 1
620 1501 1
620 1518 1
620 1543 1
620 1549 1
620 1627 1
620 1631 1
620 1642 1
620 1694 1
620 1726 1
620 1730 1
620 1764 1
620 1777 1
620 1796 1
620 1861 1
620 1887 1
620 1905 1
620 1930 1
620 1939 1
620 1947 1
620 1951 1
621 656 1
621 770 1
621 776 1
621 778 1
621 796 1
621 846 1
621 857 1
621 861 1
621 973 1
621 1039 1
621 1043 1
621 1184 1
621 1242 1
621 1265 1
621 1352 1
621 1398 1
621 1483 1
621 1487 1
621 1515 1
621 1555 1
621 1648 1
621 1712 1
621 1750 1
621 1800 1
621 1823 1
621 1848 1
621 1852 1
621 1854 1
621 1907 1
621 1950 1
621 1964 1
621 1969 1
621 1993 1
622 681 1
622 716 1
622 740 1
622 771 1
622 775 1
622 791 1
622 805 1
622 846 1
622 933 1
622 940 1
622 943 1
622 991 1
622 1033 1
622 1042 1
622 1158 1
622 1188 1
622 1202 1
622 1233 1
622 1292 1
622 1295 1
622 1351 1
622 1368 1
622 1561 1
622 1685 1
622 1742 1
622 1783 1
622 1803 1
622 1853 1
622 1893 1
622 1914 1
622 1940 1
622 1970 1
622 1980 1
623 656 1
623 675 1
623 685 1
623 693 1
623 738 1
623 793 1
623 831 1
623 846 1
623 903 1
623 925 1
623 965 1
623 998 1
623 1010 1
623 1014 1
623 1050 1
623 1117 1
623 1161 1
623 1228 1
623 1249 1
623 1270 1
623 1289 1
623 1335 1
623 1337 1
623 1354 1
623 1392 1
623 1430 1
623 1527 1
623 1545 1
623 1605 1
623 1683 1
623 1689 1
623 1705 1
623 1800 1
623 1854 1
623 1901 1
623 1912 1
623 1918 1
623 1938 1
623 1944 1
623 1996 1
624 686 1
624 796 1
624 833 1
624 926 1
624 929 1
624 976 1
624 1049 1
624 1062 1
624 1097 1
624 1108 1
624 1118 1
624 1125 1
624 1183 1
624 1202 1
624 1234 1
624 1274 1
624 1280 1
624 1315 1
624 1338 1
624 1345 1
624 1348 1
624 1391 1
624 1459 1
624 1473 1
624 1479 1
624 1488 1
624 1500 1
624 1653 1
624 1657 1
624 1665 1
624 1667 1
624 1668 1
624 1683 1
624 1700 1
624 1717 1
624 1742 1
624 1756 1
624 1802 1
625 664 1
625 665 1
625 697 1
625 735 1
625 749 1
625 751 1
625 759 1
625 855 1
625 895 1
625 898 1
625 977 1
625 979 1
625 1160 1
625 1196 1
625 1232 1
625 1233 1
625 1246 1
625 1266 1
625 1275 1
625 1297 1
625 1310 1
625 1316 1
625 1320 1
625 1339 1
625 1390 1
625 1438 1
625 1463 1
625 1491 1
625 1493 1
625 1497 1
625 1590 1
625 1604 1
625 1698 1
625 1792 1
625 1865 1
625 1868 1
625 1927 1
626 677 1
626 681 1
626 686 1
626 799 1
626 802 1
626 825 1
626 845 1
626 918 1
626 963 1
626 968 1
626 1052 1
626 1102 1
626 1106 1
626 1141 1
626 1153 1
626 1211 1
626 1227 1
626 1331 1
626 1391 1
626 1393 1
626 1432 1
626 1456 1
626 1520 1
626 1553 1
626 1612 1
626 1640 1
626 1660 1
626 1736 1
626 1752 1
626 1761 1
626 1840 1
626 1866 1
626 1995 1
627 722 1
627 760 1
627 809 1
627 825 1
627 857 1
627 886 1
627 908 1
627 921 1
627 1088 1
627 1113 1
627 1162 1
627 1174 1
627 1196 1
627 1200 1
627 1222 1
627 1242 1
627 1283 1
627 1301 1
627 1380 1
627 1383 1
627 1462 1
627 1466 1
627 1478 1
627 1485 1
627 1500 1
627 1506 1
627 1584 1
627 1629 1
627 1640 1
627 1682 1
627 1700 1
627 1704 1
627 1732 1
627 1736 1
627 1741 1
627 1747 1
627 1785 1
627 1863 1
627 1898 1
627 1906 1
627 1925 1
627 1943 1
628 641 1
628 764 1
628 779 1
628 842 1
628 849 1
628 854 1
628 871 1
628 909 1
628 972 1
628 975 1
628 989 1
628 991 1
628 995 1
628 1032 1
628 1058 1
628 1096 1
628 1107 1
628 1184 1
628 1267 1
628 1285 1
628 1301 1
628 1397 1
628 1437 1
628 1443 1
628 1573 1
628 1575 1
628 1614 1
628 1622 1
628 1627 1
628 1669 1
628 1677 1
628 1769 1
628 1893 1
628 1943 1
629 644 1
629 672 1
629 714 1
629 903 1
629 1063 1
629 1134 1
629 1170 1
629 1180 1
629 1181 1
629 1221 1
629 1271 1
629 1346 1
629 1464 1
629 1465 1
629 1524 1
629 1552 1
629 1597 1
629 1636 1
629 1675 1
629 1744 1
629 1747 1
629 1825 1
629 1850 1
629 1857 1
629 1864 1
630 677 1
630 680 1
630 690 1
630 707 1
630 806 1
630 832 1
630 837 1
630 857 1
630 908 1
630 943 1
630 952 1
630 954 1
630 1006 1
630 1009 1
630 1044 1
630 1047 1
630 1129 1
630 1137 1
630 1172 1
630 1177 1
630 1205 1
630 1290 1
630 1383 1
630 1418 1
630 1442 1
630 1453 1
630 1462 1
630 1491 1
630 1558 1
630 1564 1
630 1634 1
630 1673 1
630 1701 1
630 1723 1
630 1732 1
630 1737 1
630 1738 1
630 1884 1
630 1930 1
630 1953 1
631 685 1
631 686 1
631 746 1
631 781 1
631 854 1
631 861 1
631 927 1
631 968 1
631 975 1
631 997 1
631 1019 1
631 1038 1
631 1053 1
631 1057 1
631 1071 1
631 1108 1
631 1126 1
631 1175 1
631 1194 1
631 1197 1
631 1296 1
631 1365 1
631 1374 1
631 1408 1
631 1424 1
631 1457 1
631 1556 1
631 1619 1
631 1625 1
631 1628 1
631 1653 1
631 1754 1
631 1912 1
631 1966 1
631 1978 1
632 662 1
632 716 1
632 760 1
632 880 1
632 972 1
632 985 1
632 1008 1
632 1023 1
632 1039 1
632 1044 1
632 1054 1
632 1104 1
632 1106 1
632 1114 1
632 1116 1
632 1135 1
632 1203 1
632 1227 1
632 1363 1
632 1421 1
632 1460 1
632 1482 1
632 1499 1
632 1536 1
632 1567 1
632 1577 1
632 1586 1
632 1598 1
632 1613 1
632 1658 1
632 1774 1
632 1808 1
632 1886 1
632 1915 1
632 1941 1
632 1968 1
632 2000 1
633 681 1
633 725 1
633 818 1
633 869 1
633 904 1
633 936 1
633 967 1
633 969 1
633 996 1
633 1014 1
633 1120 1
633 1121 1
633 1234 1
633 1276 1
633 1280 1
633 1287 1
633 1320 1
633 1473 1
633 1525 1
633 1538 1
633 1581 1
633 1600 1
633 1645 1
633 1673 1
633 1755 1
633 1772 1
633 1782 1
633 1785 1
633 1875 1
633 1878 1
633 1900 1
633 1919 1
633 1930 1
634 669 1
634 724 1
634 731 1
634 862 1
634 908 1
634 948 1
634 1072 1
634 1079 1
634 1114 1
634 1140 1
634 1183 1
634 1200 1
634 1241 1
634 1297 1
634 1316 1
634 1335 1
634 1393 1
634 1413 1
634 1415 1
634 1416 1
634 1449 1
634 1464 1
634 1472 1
634 1526 1
634 1690 1
634 1697 1
634 1698 1
634 1699 1
634 1748 1
634 1826 1
634 1832 1
634 1834 1
634 1844 1
634 1900 1
634 1931 1
635 707 1
635 777 1
635 779 1
635 782 1
635 788 1
635 798 1
635 805 1
635 824 1
635 928 1
635 971 1
635 1009 1
635 1089 1
635 1107 1
635 1341 1
635 1388 1
635 1482 1
635 1523 1
635 1664 1
635 1685 1
635 1735 1
635 1767 1
635 1792 1
635 1827 1
635 1943 1
635 1994 1
636 662 1
636 672 1
636 722 1
636 758 1
636 759 1
636 804 1
636 816 1
636 883 1
636 918 1
636 921 1
636 992 1
636 1061 1
636 1102 1
636 1138 1
636 1169 1
636 1171 1
636 1232 1
636 1306 1
636 1324 1
636 1349 1
636 1430 1
636 1640 1
636 1677 1
636 1702 1
636 1852 1
636 1887 1
636 1968 1
636 1974 1
637 639 1
637 646 1
637 848 1
637 889 1
637 909 1
637 935 1
637 1010 1
637 1124 1
637 1140 1
637 1202 1
637 1258 1
637 1276 1
637 1470 1
637 1577 1
637 1651 1
637 1654 1
637 1672 1
637 1748 1
637 1750 1
637 1763 1
637 1797 1
637 1849 1
637 1942 1
637 1963 1
638 641 1
638 662 1
638 696 1
638 742 1
638 744 1
638 786 1
638 799 1
638 850 1
638 856 1
638 861 1
638 923 1
638 992 1
638 995 1
638 1025 1
638 1027 1
638 1077 1
638 1082 1
638 1097 1
638 1152 1
638 1154 1
638 1190 1
638 1200 1
638 1276 1
638 1331 1
638 1385 1
638 1450 1
638 1497 1
638 1536 1
638 1556 1
638 1583 1
638 1600 1
638 1606 1
638 1620 1
638 1638 1
638 1653 1
638 1675 1
638 1732 1
638 1752 1
638 1762 1
638 1767 1
638 1825 1
638 1828 1
638 1832 1
638 1874 1
638 1908 1
638 1911 1
639 708 1
639 726 1
639 738 1
639 844 1
639 922 1
639 975 1
639 1009 1
639 1086 1
639 1095 1
639 1181 1
639 1197 1
639 1200 1
639 1217 1
639 1232 1
639 1340 1
639 1410 1
639 1411 1
639 1626 1
639 1651 1
639 1665 1
639 1678 1
639 1687 1
639 1723 1
639 1761 1
639 1762 1
639 1783 1
639 1795 1
639 1812 1
639 1818 1
639 1855 1
639 1864 1
639 1880 1
639 1893 1
639 1904 1
639 1956 1
640 663 1
640 669 1
640 671 1
640 755 1
640 765 1
640 904 1
640 913 1
640 973 1
640 1002 1
640 1034 1
640 1096 1
640 1115 1
640 1145 1
640 1165 1
640 1227 1
640 1281 1
640 1283 1
640 1288 1
640 1312 1
640 1412 1
640 1510 1
640 1588 1
640 1715 1
640 1778 1
640 1782 1
640 1808 1
640 1936 1
640 1953 1
640 1962 1
640 1981 1
641 703 1
641 710 1
641 838 1
641 842 1
641 877 1
641 916 1
641 1065 1
641 1143 1
641 1157 1
641 1197 1
641 1204 1
641 1324 1
641 1347 1
641 1358 1
641 1425 1
641 1645 1
641 1670 1
641 1726 1
641 1756 1
641 1786 1
641 1791 1
641 1818 1
641 1820 1
641 1852 1
641 1859 1
641 1885 1
641 1909 1
641 1934 1
641 1938 1
641 1974 1
641 1989 1
642 657 1
642 702 1
642 705 1
642 721 1
642 739 1
642 740 1
642 748 1
642 898 1
642 912 1
642 936 1
642 957 1
642 965 1
642 976 1
642 977 1
642 1063 1
642 1064 1
642 1107 1
642 1146 1
642 1201 1
642 1204 1
642 1243 1
642 1298 1
642 1300 1
642 1309 1
642 1328 1
642 1368 1
642 1376 1
642 1378 1
642 1394 1
642 1420 1
642 1465 1
642 1577 1
642 1593 1
642 1621 1
642 1750 1
642 1767 1
642 1821 1
642 1842 1
642 1853 1
642 1901 1
643 723 1
643 757 1
643 770 1
643 783 1
643 946 1
643 1090 1
643 1134 1
643 1152 1
643 1240 1
643 1249 1
643 1445 1
643 1497 1
643 1519 1
643 1554 1
643 1592 1
643 1654 1
643 1717 1
643 1727 1
643 1758 1
643 1824 1
643 1865 1
643 1916 1
643 1956 1
644 666 1
644 683 1
644 763 1
644 764 1
644 858 1
644 890 1
644 897 1
644 944 1
644 956 1
644 965 1
644 1009 1
644 1048 1
644 1065 1
644 1068 1
644 1091 1
644 1124 1
644 1166 1
644 1180 1
644 1181 1
644 1229 1
644 1310 1
644 1419 1
644 1460 1
644 1469 1
644 1517 1
644 1523 1
644 1580 1
644 1594 1
644 1724 1
644 1762 1
644 1776 1
644 1792 1
644 1800 1
644 1861 1
644 1929 1
644 1938 1
644 1990 1
644 2000 1
645 658 1
645 683 1
645 707 1
645 730 1
645 758 1
645 782 1
645 808 1
645 810 1
645 878 1
645 885 1
645 902 1
645 996 1
645 1006 1
645 1008 1
645 1009 1
645 1040 1
645 1048 1
645 1079 1
645 1101 1
645 1224 1
645 1242 1
645 1248 1
645 1392 1
645 1398 1
645 1482 1
645 1500 1
645 1506 1
645 1542 1
645 1579 1
645 1616 1
645 1659 1
645 1714 1
645 1776 1
645 1795 1
645 1835 1
645 1899 1
645 1959 1
645 1973 1
645 1982 1
645 1992 1
646 697 1
646 749 1
646 802 1
646 816 1
646 1015 1
646 1068 1
646 1074 1
646 1159 1
646 1239 1
646 1306 1
646 1322 1
646 1360 1
646 1396 1
646 1594 1
646 1601 1
646 1638 1
646 1706 1
646 1714 1
646 1725 1
646 1825 1
646 1854 1
646 1880 1
646 1896 1
646 1910 1
647 729 1
647 791 1
647 859 1
647 881 1
647 893 1
647 907 1
647 953 1
647 1026 1
647 1117 1
647 1170 1
647 1214 1
647 1278 1
647 1302 1
647 1329 1
647 1424 1
647 1467 1
647 1494 1
647 1501 1
647 1502 1
647 1519 1
647 1581 1
647 1666 1
647 1679 1
647 1712 1
647 1761 1
647 1785 1
647 1797 1
647 1827 1
647 1864 1
647 1903 1
647 1914 1
647 1995 1
648 747 1
648 757 1
648 804 1
648 813 1
648 851 1
648 872 1
648 901 1
648 980 1
648 983 1
648 1028 1
648 1032 1
648 1033 1
648 1099 1
648 1103 1
648 1107 1
648 1144 1
648 1172 1
648 1177 1
648 1200 1
648 1274 1
648 1309 1
648 1318 1
648 1326 1
648 1409 1
648 1451 1
648 1462 1
648 1475 1
648 1516 1
648 1539 1
648 1542 1
648 1552 1
648 1561 1
648 1599 1
648 1646 1
648 1659 1
648 1759 1
648 1765 1
648 1772 1
648 1824 1
648 1906 1
648 1909 1
648 1911 1
648 1933 1
648 1967 1
649 653 1
649 683 1
649 804 1
649 808 1
649 827 1
649 873 1
649 881 1
649 934 1
649 1149 1
649 1201 1
649 1203 1
649 1205 1
649 1257 1
649 1270 1
649 1299 1
649 1303 1
649 1329 1
649 1346 1
649 1364 1
649 1420 1
649 1421 1
649 1477 1
649 1495 1
649 1535 1
649 1543 1
649 1567 1
649 1579 1
649 1660 1
649 1705 1
649 1720 1
649 1751 1
649 1803 1
649 1848 1
649 1879 1
649 1893 1
649 1903 1
649 1905 1
649 1907 1
649 1956 1
650 652 1
650 793 1
650 798 1
650 804 1
650 811 1
650 829 1
650 830 1
650 1000 1
650 1056 1
650 1063 1
650 1154 1
650 1163 1
650 1165 1
650 1189 1
650 1239 1
650 1351 1
650 1363 1
650 1380 1
650 1404 1
650 1448 1
650 1452 1
650 1500 1
650 1511 1
650 1551 1
650 1585 1
650 1600 1
650 1669 1
650 1671 1
650 1708 1
650 1739 1
650 1752 1
650 1771 1
650 1773 1
650 1822 1
650 1823 1
650 1892 1
650 1922 1
651 744 1
651 792 1
651 795 1
651 855 1
651 892 1
651 1027 1
651 1063 1
651 1076 1
651 1085 1
651 1108 1
651 1124 1
651 1168 1
651 1243 1
651 1256 1
651 1282 1
651 1300 1
651 1340 1
651 1362 1
651 1413 1
651 1442 1
651 1470 1
651 1524 1
651 1562 1
651 1587 1
651 1590 1
651 1667 1
651 1825 1
651 1903 1
651 1908 1
651 1920 1
651 1939 1
651 1952 1
651 1953 1
652 684 1
652 719 1
652 767 1
652 827 1
652 867 1
652 897 1
652 920 1
652 921 1
652 973 1
652 1016 1
652 1064 1
652 1065 1
652 1111 1
652 1116 1
652 1135 1
652 1183 1
652 1212 1
652 1230 1
652 1275 1
652 1280 1
652 1327 1
652 1363 1
652 1369 1
652 1387 1
652 1417 1
652 1487 1
652 1491 1
652 1536 1
652 1620 1
652 1625 1
652 1627 1
652 1633 1
652 1654 1
652 1655 1
652 1688 1
652 1755 1
652 1841 1
652 1864 1
652 1890 1
652 1962 1
652 1970 1
653 669 1
653 677 1
653 689 1
653 720 1
653 726 1
653 730 1
653 732 1
653 746 1
653 781 1
653 802 1
653 846 1
653 880 1
653 929 1
653 1016 1
653 1022 1
653 1182 1
653 1229 1
653 1317 1
653 1321 1
653 1401 1
653 1469 1
653 1643 1
653 1659 1
653 1683 1
653 1856 1
653 1956 1
653 1958 1
653 1991 1
653 1999 1
654 691 1
654 739 1
654 765 1
654 811 1
654 823 1
654 847 1
654 857 1
654 956 1
654 962 1
654 1121 1
654 1171 1
654 1294 1
654 1319 1
654 1369 1
654 1441 1
654 1450 1
654 1502 1
654 1785 1
654 1905 1
654 1908 1
655 672 1
655 684 1
655 771 1
655 791 1
655 801 1
655 845 1
655 930 1
655 933 1
655 990 1
655 1076 1
655 1088 1
655 1099 1
655 1154 1
655 1186 1
655 1195 1
655 1233 1
655 1234 1
655 1249 1
655 1268 1
655 1358 1
655 1367 1
655 1379 1
655 1411 1
655 1426 1
655 1468 1
655 1472 1
655 1483 1
655 1520 1
655 1525 1
655 1559 1
655 1796 1
655 1815 1
655 1890 1
656 748 1
656 752 1
656 764 1
656 823 1
656 848 1
656 891 1
656 905 1
656 913 1
656 1163 1
656 1203 1
656 1207 1
656 1214 1
656 1220 1
656 1269 1
656 1291 1
656 1306 1
656 1359 1
656 1378 1
656 1420 1
656 1430 1
656 1532 1
656 1579 1
656 1585 1
656 1589 1
656 1637 1
656 1658 1
656 1678 1
656 1724 1
656 1739 1
656 1798 1
656 1818 1
656 1981 1
656 1985 1
656 1994 1
657 667 1
657 741 1
657 788 1
657 805 1
657 863 1
657 896 1
657 985 1
657 1000 1
657 1005 1
657 1010 1
657 1108 1
657 1118 1
657 1134 1
657 1161 1
657 1174 1
657 1185 1
657 1198 1
657 1249 1
657 1250 1
657 1266 1
657 1307 1
657 1337 1
657 1351 1
657 1407 1
657 1452 1
657 1457 1
657 1561 1
657 1646 1
657 1673 1
657 1685 1
657 1728 1
657 1760 1
657 1795 1
657 1850 1
657 1862 1
657 1889 1
657 1896 1
657 1909 1
657 1933 1
657 1937 1
657 1952 1
658 685 1
658 702 1
658 707 1
658 749 1
658 786 1
658 795 1
658 797 1
658 800 1
658 806 1
658 839 1
658 882 1
658 886 1
658 928 1
658 1052 1
658 1074 1
658 1100 1
658 1130 1
658 1157 1
658 1184 1
658 1201 1
658 1233 1
658 1244 1
658 1247 1
658 1305 1
658 1336 1
658 1371 1
658 1378 1
658 1384 1
658 1466 1
658 1513 1
658 1565 1
658 1626 1
658 1655 1
658 1718 1
658 1723 1
658 1734 1
658 1755 1
658 1758 1
658 1761 1
658 1762 1
658 1767 1
658 1768 1
659 670 1
659 734 1
659 888 1
659 889 1
659 1033 1
659 1063 1
659 1144 1
659 1183 1
659 1188 1
659 1287 1
659 1303 1
659 1316 1
659 1396 1
659 1401 1
659 1426 1
659 1436 1
659 1454 1
659 1482 1
659 1492 1
659 1505 1
659 1603 1
659 1656 1
659 1663 1
659 1699 1
659 1717 1
659 1822 1
659 1844 1
659 1882 1
659 1896 1
659 1942 1
659 1979 1
659 1980 1
659 1994 1
660 700 1
660 765 1
660 827 1
660 837 1
660 940 1
660 953 1
660 1042 1
660 1051 1
660 1096 1
660 1104 1
660 1157 1
660 1174 1
660 1191 1
660 1249 1
660 1314 1
660 1363 1
660 1371 1
660 1459 1
660 1479 1
660 1506 1
660 1525 1
660 1533 1
660 1598 1
660 1602 1
660 1651 1
660 1675 1
660 1704 1
660 1748 1
660 1767 1
660 1779 1
660 1845 1
660 1879 1
660 1946 1
660 1973 1
660 1978 1
661 736 1
661 747 1
661 828 1
661 909 1
661 935 1
661 998 1
661 1009 1
661 1013 1
661 1075 1
661 1212 1
661 1225 1
661 1228 1
661 1293 1
661 1321 1
661 1332 1
661 1350 1
661 1381 1
661 1396 1
661 1399 1
661 1415 1
661 1498 1
661 1512 1
661 1556 1
661 1620 1
661 1643 1
661 1667 1
661 1710 1
661 1713 1
661 1776 1
661 1781 1
661 1786 1
661 1880 1
661 1905 1
661 1920 1
661 1942 1
661 1950 1
662 697 1
662 705 1
662 798 1
662 835 1
662 913 1
662 989 1
662 1041 1
662 1071 1
662 1093 1
662 1204 1
662 1241 1
662 1326 1
662 1384 1
662 1391 1
662 1415 1
662 1419 1
662 1482 1
662 1514 1
662 1517 1
662 1543 1
662 1544 1
662 1666 1
662 1725 1
662 1769 1
662 1773 1
662 1843 1
662 1867 1
662 1909 1
662 1912 1
662 1927 1
662 1997 1
663 676 1
663 758 1
663 789 1
663 810 1
663 836 1
663 866 1
663 1006 1
663 1054 1
663 1076 1
663 1146 1
663 1200 1
663 1222 1
663 1245 1
663 1339 1
663 1347 1
663 1361 1
663 1370 1
663 1382 1
663 1383 1
663 1457 1
663 1551 1
663 1562 1
663 1566 1
663 1608 1
663 1704 1
663 1737 1
663 1739 1
663 1745 1
663 1749 1
663 1765 1
663 1778 1
663 1819 1
663 1865 1
663 1872 1
663 1894 1
663 1901 1
663 1946 1
664 788 1
664 793 1
664 797 1
664 805 1
664 834 1
664 847 1
664 887 1
664 927 1
664 948 1
664 988 1
664 997 1
664 1031 1
664 1065 1
664 1108 1
664 1114 1
664 1122 1
664 1177 1
664 1184 1
664 1189 1
664 1216 1
664 1252 1
664 1283 1
664 1298 1
664 1407 1
664 1429 1
664 1459 1
664 1560 1
664 1572 1
664 1578 1
664 1679 1
664 1690 1
664 1768 1
664 1829 1
664 1910 1
665 702 1
665 744 1
665 767 1
665 775 1
665 777 1
665 783 1
665 814 1
665 859 1
665 932 1
665 942 1
665 959 1
665 1006 1
665 1054 1
665 1080 1
665 1115 1
665 1165 1
665 1174 1
665 1193 1
665 1217 1
665 1280 1
665 1314 1
665 1385 1
665 1411 1
665 1520 1
665 1524 1
665 1543 1
665 1576 1
665 1632 1
665 1747 1
665 1832 1
665 1849 1
665 1903 1
665 1952 1
666 703 1
666 744 1
666 816 1
666 858 1
666 886 1
666 898 1
666 979 1
666 1000 1
666 1066 1
666 1067 1
666 1088 1
666 1118 1
666 1176 1
666 1251 1
666 1255 1
666 1304 1
666 1307 1
666 1378 1
666 1399 1
666 1466 1
666 1492 1
666 1494 1
666 1496 1
666 1593 1
666 1642 1
666 1649 1
666 1673 1
666 1675 1
666 1716 1
666 1792 1
666 1796 1
666 1840 1
666 1842 1
666 1852 1
666 1915 1
666 1962 1
666 1974 1
667 685 1
667 686 1
667 693 1
667 726 1
667 745 1
667 785 1
667 812 1
667 825 1
667 847 1
667 859 1
667 906 1
667 908 1
667 973 1
667 1007 1
667 1011 1
667 1021 1
667 1039 1
667 1059 1
667 1149 1
667 1156 1
667 1183 1
667 1223 1
667 1261 1
667 1287 1
667 1347 1
667 1400 1
667 1424 1
667 1506 1
667 1515 1
667 1530 1
667 1533 1
667 1735 1
667 1743 1
667 1747 1
667 1843 1
667 1974 1
667 1988 1
667 1997 1
668 725 1
668 745 1
668 778 1
668 924 1
668 968 1
668 995 1
668 1064 1
668 1075 1
668 1078 1
668 1155 1
668 1169 1
668 1186 1
668 1192 1
668 1224 1
668 1251 1
668 1350 1
668 1375 1
668 1414 1
668 1595 1
668 1644 1
668 1671 1
668 1697 1
668 1820 1
668 1899 1
668 1943 1
668 1967 1
668 1983 1
669 707 1
669 742 1
669 773 1
669 777 1
669 797 1
669 1022 1
669 1049 1
669 1069 1
669 1142 1
669 1170 1
669 1231 1
669 1365 1
669 1383 1
669 1413 1
669 1420 1
669 1429 1
669 1439 1
669 1453 1
669 1593 1
669 1673 1
669 1719 1
669 1794 1
669 1809 1
669 1900 1
669 1907 1
669 1916 1
669 1936 1
670 683 1
670 732 1
670 733 1
670 867 1
670 893 1
670 927 1
670 969 1
670 993 1
670 1047 1
670 1208 1
670 1335 1
670 1362 1
670 1379 1
670 1387 1
670 1663 1
670 1782 1
670 1812 1
670 1835 1
670 1976 1
671 699 1
671 761 1
671 762 1
671 824 1
671 826 1
671 872 1
671 884 1
671 938 1
671 1049 1
671 1058 1
671 1062 1
671 1073 1
671 1102 1
671 1177 1
671 1215 1
671 1262 1
671 1263 1
671 1294 1
671 1343 1
671 1557 1
671 1621 1
671 1628 1
671 1663 1
671 1664 1
671 1701 1
671 1714 1
671 1760 1
671 1773 1
671 1783 1
671 1785 1
671 1795 1
671 1839 1
671 1861 1
671 1863 1
671 1934 1
671 1947 1
672 719 1
672 737 1
672 749 1
672 752 1
672 804 1
672 866 1
672 1127 1
672 1237 1
672 1272 1
672 1319 1
672 1332 1
672 1352 1
672 1392 1
672 1403 1
672 1409 1
672 1475 1
672 1478 1
672 1487 1
672 1558 1
672 1580 1
672 1604 1
672 1629 1
672 1662 1
672 1668 1
672 1759 1
672 1888 1
672 1957 1
672 1960 1
673 686 1
673 702 1
673 746 1
673 751 1
673 848 1
673 898 1
673 939 1
673 1020 1
673 1089 1
673 1189 1
673 1195 1
673 1341 1
673 1364 1
673 1375 1
673 1391 1
673 1436 1
673 1532 1
673 1538 1
673 1568 1
673 1574 1
673 1611 1
673 1636 1
673 1668 1
673 1680 1
673 1743 1
673 1771 1
673 1804 1
673 1845 1
673 1897 1
673 1908 1
673 1989 1
673 1990 1
674 742 1
674 745 1
674 786 1
674 809 1
674 873 1
674 919 1
674 941 1
674 989 1
674 1008 1
674 1017 1
674 1039 1
674 1169 1
674 1180 1
674 1229 1
674 1231 1
674 1268 1
674 1269 1
674 1352 1
674 1354 1
674 1381 1
674 1401 1
674 1411 1
674 1580 1
674 1586 1
674 1695 1
674 1756 1
674 1760 1
674 1929 1
674 1944 1
675 688 1
675 699 1
675 723 1
675 783 1
675 800 1
675 935 1
675 940 1
675 944 1
675 1066 1
675 1093 1
675 1152 1
675 1236 1
675 1243 1
675 1375 1
675 1377 1
675 1443 1
675 1458 1
675 1467 1
675 1469 1
675 1508 1
675 1584 1
675 1585 1
675 1596 1
675 1600 1
675 1603 1
675 1617 1
675 1656 1
675 1697 1
675 1708 1
675 1766 1
675 1836 1
675 1852 1
675 1858 1
675 1874 1
675 1879 1
675 1890 1
675 1934 1
675 1958 1
675 1983 1
675 1991 1
675 1995 1
675 2000 1
676 730 1
676 766 1
676 803 1
676 946 1
676 998 1
676 1002 1
676 1033 1
676 1084 1
676 1221 1
676 1239 1
676 1260 1
676 1273 1
676 1339 1
676 1343 1
676 1354 1
676 1402 1
676 1414 1
676 1435 1
676 1459 1
676 1479 1
676 1521 1
676 1578 1
676 1579 1
676 1744 1
676 1747 1
676 1801 1
676 1804 1
676 1823 1
676 1855 1
676 1903 1
677 700 1
677 711 1
677 821 1
677 850 1
677 853 1
677 895 1
677 973 1
677 979 1
677 993 1
677 1041 1
677 1095 1
677 1107 1
677 1245 1
677 1253 1
677 1260 1
677 1287 1
677 1320 1
677 1483 1
677 1511 1
677 1515 1
677 1525 1
677 1558 1
677 1631 1
677 1675 1
677 1706 1
677 1735 1
677 1742 1
677 1782 1
677 1783 1
677 1822 1
677 1824 1
677 1878 1
677 1888 1
677 1987 1
678 699 1
678 771 1
678 780 1
678 854 1
678 873 1
678 876 1
678 893 1
678 943 1
678 962 1
678 1007 1
678 1053 1
678 1124 1
678 1127 1
678 1134 1
678 1168 1
678 1209 1
678 1263 1
678 1274 1
678 1357 1
678 1441 1
678 1486 1
678 1500 1
678 1567 1
678 1659 1
678 1679 1
678 1783 1
678 1843 1
678 1863 1
678 1909 1
678 1912 1
678 1943 1
678 1955 1
679 854 1
679 901 1
679 911 1
679 937 1
679 945 1
679 948 1
679 1031 1
679 1108 1
679 1113 1
679 1163 1
679 1168 1
679 1185 1
679 1219 1
679 1225 1
679 1232 1
679 1316 1
679 1336 1
679 1350 1
679 1353 1
679 1433 1
679 1436 1
679 1448 1
679 1489 1
679 1497 1
679 1515 1
679 1592 1
679 1612 1
679 1642 1
679 1661 1
679 1689 1
679 1798 1
679 1909 1
679 1966 1
680 688 1
680 717 1
680 741 1
680 746 1
680 747 1
680 777 1
680 837 1
680 916 1
680 1035 1
680 1077 1
680 1088 1
680 1097 1
680 1106 1
680 1156 1
680 1175 1
680 1266 1
680 1284 1
680 1291 1
680 1409 1
680 1445 1
680 1521 1
680 1547 1
680 1557 1
680 1559 1
680 1565 1
680 1578 1
680 1620 1
680 1628 1
680 1745 1
680 1757 1
680 1770 1
680 1781 1
680 1948 1
680 1963 1
681 688 1
681 720 1
681 755 1
681 766 1
681 848 1
681 897 1
681 986 1
681 1016 1
681 1029 1
681 1121 1
681 1160 1
681 1184 1
681 1244 1
681 1335 1
681 1342 1
681 1438 1
681 1465 1
681 1547 1
681 1595 1
681 1661 1
681 1712 1
681 1740 1
681 1767 1
681 1800 1
681 1806 1
681 1812 1
681 1877 1
681 1917 1
681 1939 1
681 1974 1
682 766 1
682 774 1
682 884 1
682 903 1
682 921 1
682 946 1
682 985 1
682 1022 1
682 1134 1
682 1140 1
682 1178 1
682 1217 1
682 1281 1
682 1311 1
682 1346 1
682 1350 1
682 1380 1
682 1423 1
682 1425 1
682 1493 1
682 1522 1
682 1527 1
682 1537 1
682 1540 1
682 1586 1
682 1589 1
682 1724 1
682 1791 1
682 1899 1
682 1904 1
682 1923 1
682 1970 1
682 1989 1
683 724 1
683 775 1
683 828 1
683 849 1
683 870 1
683 875 1
683 894 1
683 905 1
683 977 1
683 1047 1
683 1066 1
683 1096 1
683 1100 1
683 1103 1
683 1104 1
683 1130 1
683 1177 1
683 1392 1
683 1441 1
683 1452 1
683 1463 1
683 1485 1
683 1571 1
683 1690 1
683 1721 1
683 1730 1
683 1732 1
683 1816 1
683 1835 1
684 710 1
684 724 1
684 769 1
684 772 1
684 781 1
684 862 1
684 871 1
684 933 1
684 952 1
684 982 1
684 989 1
684 1002 1
684 1013 1
684 1104 1
684 1117 1
684 1130 1
684 1145 1
684 1242 1
684 1251 1
684 1258 1
684 1267 1
684 1292 1
684 1337 1
684 1356 1
684 1375 1
684 1480 1
684 1516 1
684 1522 1
684 1557 1
684 1634 1
684 1656 1
684 1673 1
684 1781 1
684 1811 1
684 1912 1
684 1956 1
684 1986 1
685 698 1
685 871 1
685 884 1
685 895 1
685 908 1
685 1037 1
685 1042 1
685 1057 1
685 1213 1
685 1228 1
685 1246 1
685 1263 1
685 1270 1
685 1287 1
685 1310 1
685 1332 1
685 1349 1
685 1398 1
685 1443 1
685 1462 1
685 1528 1
685 1529 1
685 1544 1
685 1560 1
685 1576 1
685 1655 1
685 1690 1
685 1699 1
685 1754 1
685 1805 1
685 1901 1
685 1914 1
685 1967 1
685 1978 1
686 782 1
686 805 1
686 855 1
686 885 1
686 961 1
686 1017 1
686 1060 1
686 1144 1
686 1192 1
686 1205 1
686 1290 1
686 1306 1
686 1341 1
686 1377 1
686 1404 1
686 1454 1
686 1486 1
686 1543 1
686 1611 1
686 1638 1
686 1660 1
686 1733 1
686 1755 1
686 1842 1
686 1853 1
686 1867 1
686 1891 1
686 1918 1
686 1944 1
686 1954 1
686 1978 1
687 692 1
687 706 1
687 719 1
687 721 1
687 807 1
687 862 1
687 913 1
687 916 1
687 1034 1
687 1072 1
687 1083 1
687 1108 1
687 1258 1
687 1282 1
687 1288 1
687 1289 1
687 1350 1
687 1374 1
687 1443 1
687 1465 1
687 1513 1
687 1535 1
687 1558 1
687 1643 1
687 1644 1
687 1647 1
687 1648 1
687 1666 1
687 1844 1
687 1872 1
687 1917 1
687 1951 1
687 1997 1
688 708 1
688 730 1
688 747 1
688 748 1
688 894 1
688 932 1
688 962 1
688 968 1
688 1051 1
688 1084 1
688 1113 1
688 1223 1
688 1227 1
688 1291 1
688 1360 1
688 1387 1
688 1389 1
688 1399 1
688 1504 1
688 1525 1
688 1576 1
688 1648 1
688 1660 1
688 1677 1
688 1743 1
688 1755 1
688 1812 1
688 1861 1
688 1890 1
688 1911 1
688 1924 1
688 1947 1
688 1957 1
689 749 1
689 895 1
689 896 1
689 971 1
689 1024 1
689 1051 1
689 1070 1
689 1320 1
689 1360 1
689 1440 1
689 1511 1
689 1578 1
689 1608 1
689 1617 1
689 1634 1
689 1654 1
689 1820 1
689 1825 1
689 1827 1
689 1916 1
689 1997 1
690 704 1
690 732 1
690 745 1
690 783 1
690 799 1
690 800 1
690 854 1
690 861 1
690 866 1
690 1094 1
690 1111 1
690 1151 1
690 1157 1
690 1177 1
690 1189 1
690 1239 1
690 1318 1
690 1325 1
690 1488 1
690 1497 1
690 1520 1
690 1528 1
690 1596 1
690 1606 1
690 1655 1
690 1727 1
690 1756 1
690 1762 1
690 1774 1
690 1823 1
690 1861 1
690 1871 1
690 1919 1
690 1968 1
690 1996 1
691 717 1
691 726 1
691 753 1
691 766 1
691 817 1
691 821 1
691 838 1
691 861 1
691 889 1
691 897 1
691 917 1
691 921 1
691 976 1
691 1065 1
691 1095 1
691 1118 1
691 1124 1
691 1138 1
691 1159 1
691 1164 1
691 1197 1
691 1217 1
691 1246 1
691 1294 1
691 1306 1
691 1353 1
691 1407 1
691 1437 1
691 1463 1
691 1468 1
691 1479 1
691 1513 1
691 1531 1
691 1533 1
691 1564 1
691 1622 1
691 1679 1
691 1684 1
691 1699 1
691 1703 1
691 1756 1
691 1816 1
691 1835 1
691 1866 1
691 1944 1
691 1947 1
692 694 1
692 695 1
692 701 1
692 711 1
692 745 1
692 798 1
692 805 1
692 872 1
692 940 1
692 959 1
692 1071 1
692 1124 1
692 1156 1
692 1187 1
692 1270 1
692 1300 1
692 1357 1
692 1533 1
692 1562 1
692 1573 1
692 1635 1
692 1660 1
692 1764 1
692 1931 1
692 2000 1
693 717 1
693 735 1
693 758 1
693 767 1
693 790 1
693 808 1
693 830 1
693 919 1
693 942 1
693 943 1
693 949 1
693 950 1
693 1025 1
693 1026 1
693 1040 1
693 1047 1
693 1053 1
693 1064 1
693 1121 1
693 1190 1
693 1360 1
693 1390 1
693 1430 1
693 1470 1
693 1594 1
693 1660 1
693 1669 1
693 1745 1
693 1794 1
693 1796 1
693 1821 1
693 1975 1
693 1996 1
694 715 1
694 766 1
694 796 1
694 872 1
694 887 1
694 904 1
694 909 1
694 954 1
694 978 1
694 985 1
694 1003 1
694 1012 1
694 1060 1
694 1069 1
694 1074 1
694 1106 1
694 1203 1
694 1211 1
694 1246 1
694 1249 1
694 1287 1
694 1300 1
694 1356 1
694 1397 1
694 1464 1
694 1500 1
694 1527 1
694 1529 1
694 1564 1
694 1580 1
694 1634 1
694 1657 1
694 1690 1
694 1706 1
694 1787 1
694 1802 1
694 1847 1
694 1883 1
694 1886 1
694 1899 1
694 1990 1
695 744 1
695 768 1
695 782 1
695 833 1
695 848 1
695 862 1
695 863 1
695 876 1
695 1012 1
695 1014 1
695 1109 1
695 1115 1
695 1196 1
695 1215 1
695 1277 1
695 1370 1
695 1387 1
695 1409 1
695 1423 1
695 1455 1
695 1488 1
695 1493 1
695 1589 1
695 1735 1
695 1747 1
695 1780 1
695 1789 1
695 1820 1
695 1851 1
695 1864 1
695 1868 1
695 1903 1
695 1997 1
696 706 1
696 771 1
696 874 1
696 972 1
696 1006 1
696 1043 1
696 1068 1
696 1104 1
696 1116 1
696 1173 1
696 1179 1
696 1188 1
696 1202 1
696 1303 1
696 1424 1
696 1549 1
696 1608 1
696 1700 1
696 1734 1
696 1744 1
696 1833 1
696 1878 1
696 1894 1
696 1911 1
696 1942 1
697 726 1
697 767 1
697 804 1
697 864 1
697 950 1
697 987 1
697 1030 1
697 1033 1
697 1082 1
697 1152 1
697 1195 1
697 1206 1
697 1219 1
697 1225 1
697 1243 1
697 1245 1
697 1286 1
697 1295 1
697 1297 1
697 1399 1
697 1430 1
697 1433 1
697 1444 1
697 1459 1
697 1525 1
697 1547 1
697 1571 1
697 1632 1
697 1787 1
697 1791 1
697 1815 1
697 1892 1
697 1982 1
698 791 1
698 812 1
698 821 1
698 910 1
698 943 1
698 1027 1
698 1035 1
698 1047 1
698 1052 1
698 1058 1
698 1075 1
698 1266 1
698 1337 1
698 1520 1
698 1538 1
698 1539 1
698 1581 1
698 1643 1
698 1657 1
698 1733 1
698 1747 1
698 1757 1
698 1810 1
698 1829 1
698 1831 1
698 1839 1
698 1858 1
699 700 1
699 730 1
699 735 1
699 783 1
699 790 1
699 884 1
699 893 1
699 896 1
699 917 1
699 991 1
699 1059 1
699 1075 1
699 1092 1
699 1184 1
699 1188 1
699 1246 1
699 1275 1
699 1284 1
699 1352 1
699 1422 1
699 1435 1
699 1443 1
699 1457 1
699 1479 1
699 1482 1
699 1547 1
699 1653 1
699 1774 1
699 1813 1
699 1877 1
699 1904 1
699 1926 1
700 701 1
700 767 1
700 862 1
700 950 1
700 972 1
700 980 1
700 989 1
700 1004 1
700 1014 1
700 1038 1
700 1091 1
700 1092 1
700 1111 1
700 1116 1
700 1120 1
700 1142 1
700 1155 1
700 1226 1
700 1275 1
700 1394 1
700 1424 1
700 1471 1
700 1542 1
700 1584 1
700 1586 1
700 1596 1
700 1681 1
700 1692 1
700 1806 1
700 1871 1
700 1896 1
700 1910 1
700 1933 1
700 1935 1
700 1986 1
701 704 1
701 706 1
701 760 1
701 871 1
701 893 1
701 912 1
701 1022 1
701 1112 1
701 1138 1
701 1184 1
701 1189 1
701 1198 1
701 1229 1
701 1238 1
701 1244 1
701 1279 1
701 1291 1
701 1305 1
701 1307 1
701 1455 1
701 1475 1
701 1528 1
701 1574 1
701 1617 1
701 1649 1
701 1665 1
701 1669 1
701 1708 1
701 1722 1
701 1769 1
701 1824 1
701 1830 1
701 1906 1
702 711 1
702 719 1
702 794 1
702 824 1
702 924 1
702 1030 1
702 1167 1
702 1173 1
702 1303 1
702 1305 1
702 1309 1
702 1313 1
702 1331 1
702 1397 1
702 1493 1
702 1540 1
702 1580 1
702 1659 1
702 1716 1
702 1756 1
702 1771 1
702 1789 1
702 1796 1
702 1870 1
702 1976 1
702 1991 1
703 730 1
703 731 1
703 782 1
703 818 1
703 898 1
703 951 1
703 1028 1
703 1034 1
703 1062 1
703 1071 1
703 1112 1
703 1244 1
703 1381 1
703 1400 1
703 1611 1
703 1612 1
703 1623 1
703 1661 1
703 1756 1
703 1911 1
703 1932 1
703 1934 1
703 1935 1
704 707 1
704 769 1
704 777 1
704 809 1
704 810 1
704 875 1
704 883 1
704 901 1
704 917 1
704 924 1
704 961 1
704 1008 1
704 1011 1
704 1143 1
704 1151 1
704 1155 1
704 1187 1
704 1191 1
704 1273 1
704 1297 1
704 1373 1
704 1430 1
704 1469 1
704 1475 1
704 1513 1
704 1567 1
704 1620 1
704 1688 1
704 1700 1
704 1742 1
704 1752 1
704 1790 1
704 1854 1
704 1876 1
704 1882 1
704 1939 1
705 720 1
705 780 1
705 801 1
705 822 1
705 828 1
705 855 1
705 887 1
705 888 1
705 938 1
705 973 1
705 1033 1
705 1078 1
705 1099 1
705 1146 1
705 1185 1
705 1267 1
705 1343 1
705 1365 1
705 1547 1
705 1576 1
705 1579 1
705 1586 1
705 1627 1
705 1641 1
705 1658 1
705 1660 1
705 1675 1
705 1701 1
705 1757 1
705 1823 1
705 1846 1
705 1852 1
705 1855 1
705 1937 1
706 837 1
706 857 1
706 894 1
706 905 1
706 919 1
706 939 1
706 949 1
706 971 1
706 984 1
706 1014 1
706 1023 1
706 1026 1
706 1053 1
706 1054 1
706 1061 1
706 1073 1
706 1157 1
706 1172 1
706 1180 1
706 1185 1
706 1205 1
706 1249 1
706 1261 1
706 1292 1
706 1371 1
706 1372 1
706 1373 1
706 1406 1
706 1424 1
706 1495 1
706 1598 1
706 1616 1
706 1621 1
706 1633 1
706 1659 1
706 1672 1
706 1688 1
706 1760 1
706 1781 1
706 1884 1
707 740 1
707 745 1
707 755 1
707 823 1
707 833 1
707 853 1
707 857 1
707 873 1
707 880 1
707 892 1
707 952 1
707 967 1
707 1019 1
707 1050 1
707 1095 1
707 1119 1
707 1147 1
707 1209 1
707 1213 1
707 1235 1
707 1271 1
707 1312 1
707 1317 1
707 1509 1
707 1516 1
707 1530 1
707 1578 1
707 1621 1
707 1668 1
707 1677 1
707 1688 1
707 1786 1
707 1789 1
707 1815 1
707 1816 1
707 1827 1
707 1863 1
707 1972 1
708 723 1
708 728 1
708 871 1
708 902 1
708 910 1
708 919 1
708 921 1
708 959 1
708 1041 1
708 1048 1
708 1066 1
708 1115 1
708 1147 1
708 1167 1
708 1172 1
708 1199 1
708 1211 1
708 1251 1
708 1264 1
708 1265 1
708 1273 1
708 1289 1
708 1295 1
708 1320 1
708 1323 1
708 1334 1
708 1525 1
708 1609 1
708 1779 1
708 1854 1
708 1876 1
708 1951 1
708 1955 1
709 735 1
709 775 1
709 886 1
709 890 1
709 920 1
709 971 1
709 1058 1
709 1136 1
709 1170 1
709 1229 1
709 1307 1
709 1318 1
709 1331 1
709 1392 1
709 1434 1
709 1460 1
709 1483 1
709 1500 1
709 1564 1
709 1610 1
709 1682 1
709 1711 1
709 1739 1
709 1768 1
709 1855 1
709 1871 1
709 1874 1
709 1949 1
710 713 1
710 717 1
710 728 1
710 732 1
710 762 1
710 787 1
710 872 1
710 942 1
710 953 1
710 1074 1
710 1105 1
710 1112 1
710 1247 1
710 1255 1
710 1280 1
710 1310 1
710 1315 1
710 1351 1
710 1358 1
710 1365 1
710 1383 1
710 1397 1
710 1457 1
710 1522 1
710 1531 1
710 1545 1
710 1558 1
710 1573 1
710 1744 1
710 1758 1
710 1793 1
710 1809 1
710 1856 1
710 1889 1
710 1911 1
710 1924 1
710 1928 1
710 1956 1
710 1957 1
710 1968 1
711 754 1
711 798 1
711 801 1
711 805 1
711 841 1
711 857 1
711 1038 1
711 1040 1
711 1055 1
711 1074 1
711 1152 1
711 1201 1
711 1216 1
711 1323 1
711 1341 1
711 1344 1
711 1348 1
711 1383 1
711 1395 1
711 1401 1
711 1418 1
711 1420 1
711 1451 1
711 1486 1
711 1503 1
711 1570 1
711 1621 1
711 1725 1
711 1745 1
711 1780 1
711 1805 1
711 1866 1
711 1892 1
711 1971 1
711 1989 1
711 1994 1
712 717 1
712 724 1
712 746 1
712 752 1
712 880 1
712 1012 1
712 1015 1
712 1092 1
712 1121 1
712 1156 1
712 1168 1
712 1263 1
712 1279 1
712 1377 1
712 1453 1
712 1458 1
712 1542 1
712 1605 1
712 1629 1
712 1654 1
712 1823 1
712 1851 1
712 1887 1
712 1903 1
712 1969 1
712 1977 1
713 788 1
713 830 1
713 897 1
713 1011 1
713 1031 1
713 1074 1
713 1139 1
713 1145 1
713 1219 1
713 1263 1
713 1292 1
713 1360 1
713 1385 1
713 1432 1
713 1464 1
713 1484 1
713 1548 1
713 1588 1
713 1597 1
713 1675 1
713 1713 1
713 1715 1
713 1719 1
713 1789 1
713 1857 1
713 1866 1
713 1972 1
713 1981 1
713 1989 1
714 731 1
714 774 1
714 817 1
714 858 1
714 860 1
714 874 1
714 958 1
714 992 1
714 1068 1
714 1173 1
714 1187 1
714 1199 1
714 1258 1
714 1330 1
714 1397 1
714 1443 1
714 1446 1
714 1505 1
714 1512 1
714 1561 1
714 1564 1
714 1590 1
714 1600 1
714 1639 1
714 1666 1
714 1669 1
714 1678 1
714 1852 1
715 745 1
715 888 1
715 889 1
715 899 1
715 987 1
715 991 1
715 1017 1
715 1091 1
715 1131 1
715 1179 1
715 1191 1
715 1247 1
715 1285 1
715 1289 1
715 1301 1
715 1312 1
715 1340 1
715 1422 1
715 1428 1
715 1431 1
715 1458 1
715 1465 1
715 1534 1
715 1607 1
715 1611 1
715 1649 1
715 1692 1
715 1778 1
715 1832 1
715 1904 1
715 1961 1
715 1962 1
716 737 1
716 744 1
716 754 1
716 757 1
716 796 1
716 819 1
716 834 1
716 937 1
716 977 1
716 980 1
716 1013 1
716 1065 1
716 1190 1
716 1258 1
716 1321 1
716 1370 1
716 1382 1
716 1404 1
716 1458 1
716 1476 1
716 1482 1
716 1532 1
716 1583 1
716 1623 1
716 1634 1
716 1642 1
716 1663 1
716 1684 1
716 1722 1
716 1723 1
716 1764 1
716 1862 1
716 1883 1
716 1904 1
716 1934 1
717 727 1
717 778 1
717 807 1
717 865 1
717 941 1
717 973 1
717 993 1
717 1050 1
717 1100 1
717 1121 1
717 1188 1
717 1193 1
717 1270 1
717 1283 1
717 1338 1
717 1430 1
717 1536 1
717 1554 1
717 1627 1
717 1644 1
717 1731 1
717 1843 1
717 1852 1
717 1885 1
717 1934 1
717 1963 1
718 755 1
718 791 1
718 821 1
718 834 1
718 839 1
718 910 1
718 955 1
718 956 1
718 986 1
718 987 1
718 1018 1
718 1088 1
718 1251 1
718 1273 1
718 1304 1
718 1335 1
718 1362 1
718 1389 1
718 1429 1
718 1457 1
718 1461 1
718 1480 1
718 1514 1
718 1539 1
718 1550 1
718 1618 1
718 1632 1
718 1679 1
718 1701 1
718 1767 1
718 1778 1
718 1848 1
718 1868 1
718 1873 1
718 1883 1
718 1894 1
718 1934 1
718 1989 1
719 758 1
719 778 1
719 792 1
719 818 1
719 889 1
719 902 1
719 925 1
719 951 1
719 964 1
719 967 1
719 996 1
719 1007 1
719 1030 1
719 1066 1
719 1086 1
719 1148 1
719 1161 1
719 1170 1
719 1208 1
719 1209 1
719 1264 1
719 1295 1
719 1319 1
719 1334 1
719 1340 1
719 1365 1
719 1426 1
719 1428 1
719 1501 1
719 1527 1
719 1563 1
719 1589 1
719 1597 1
719 1672 1
719 1766 1
719 1788 1
719 1794 1
719 1827 1
719 1862 1
719 1884 1
719 1919 1
719 1940 1
719 1979 1
720 722 1
720 861 1
720 927 1
720 946 1
720 984 1
720 990 1
720 1006 1
720 1011 1
720 1043 1
720 1064 1
720 1095 1
720 1102 1
720 1186 1
720 1211 1
720 1231 1
720 1246 1
720 1263 1
720 1330 1
720 1420 1
720 1436 1
720 1491 1
720 1629 1
720 1646 1
720 1672 1
720 1723 1
720 1749 1
720 1754 1
720 1825 1
720 1838 1
720 1843 1
720 1873 1
720 1877 1
720 1972 1
720 1980 1
721 854 1
721 907 1
721 912 1
721 969 1
721 979 1
721 1070 1
721 1102 1
721 1137 1
721 1171 1
721 1261 1
721 1265 1
721 1301 1
721 1414 1
721 1452 1
721 1482 1
721 1499 1
721 1511 1
721 1517 1
721 1552 1
721 1575 1
721 1626 1
721 1633 1
721 1693 1
721 1709 1
721 1716 1
721 1818 1
721 1925 1
721 1958 1
721 1971 1
721 1982 1
722 723 1
722 835 1
722 870 1
722 880 1
722 892 1
722 906 1
722 950 1
722 976 1
722 991 1
722 994 1
722 1043 1
722 1045 1
722 1097 1
722 1133 1
722 1144 1
722 1188 1
722 1197 1
722 1266 1
722 1298 1
722 1342 1
722 1351 1
722 1491 1
722 1555 1
722 1582 1
722 1675 1
722 1681 1
722 1735 1
722 1778 1
722 1798 1
722 1803 1
722 1817 1
722 1839 1
722 1936 1
722 1945 1
722 1970 1
722 1999 1
723 780 1
723 803 1
723 850 1
723 856 1
723 878 1
723 911 1
723 989 1
723 1064 1
723 1176 1
723 1181 1
723 1381 1
723 1384 1
723 1417 1
723 1432 1
723 1529 1
723 1550 1
723 1623 1
723 1624 1
723 1668 1
723 1726 1
723 1754 1
723 1830 1
723 1859 1
723 1880 1
723 1913 1
723 1998 1
724 734 1
724 930 1
724 984 1
724 1105 1
724 1171 1
724 1233 1
724 1429 1
724 1474 1
724 1573 1
724 1615 1
724 1728 1
724 1757 1
724 1767 1
724 1804 1
724 1813 1
724 1846 1
724 1880 1
724 1920 1
724 1944 1
724 1990 1
724 1993 1
725 748 1
725 775 1
725 793 1
725 886 1
725 993 1
725 1120 1
725 1215 1
725 1220 1
725 1257 1
725 1281 1
725 1439 1
725 1556 1
725 1588 1
725 1608 1
725 1647 1
725 1755 1
725 1866 1
725 1916 1
725 1919 1
725 1950 1
725 1996 1
726 729 1
726 771 1
726 779 1
726 920 1
726 961 1
726 1001 1
726 1003 1
726 1029 1
726 1037 1
726 1052 1
726 1082 1
726 1093 1
726 1129 1
726 1135 1
726 1181 1
726 1187 1
726 1239 1
726 1310 1
726 1327 1
726 1356 1
726 1382 1
726 1397 1
726 1430 1
726 1513 1
726 1547 1
726 1573 1
726 1595 1
726 1648 1
726 1655 1
726 1721 1
726 1795 1
726 1826 1
726 1878 1
726 1967 1
727 735 1
727 788 1
727 793 1
727 846 1
727 945 1
727 950 1
727 974 1
727 978 1
727 1033 1
727 1065 1
727 1084 1
727 1121 1
727 1162 1
727 1234 1
727 1284 1
727 1387 1
727 1395 1
727 1469 1
727 1727 1
727 1747 1
727 1759 1
727 1779 1
727 1828 1
727 1847 1
727 1852 1
727 1908 1
727 1939 1
728 820 1
728 942 1
728 999 1
728 1083 1
728 1113 1
728 1122 1
728 1144 1
728 1146 1
728 1200 1
728 1220 1
728 1315 1
728 1335 1
728 1337 1
728 1500 1
728 1503 1
728 1521 1
728 1550 1
728 1561 1
728 1648 1
728 1649 1
728 1726 1
728 1733 1
728 1792 1
728 1804 1
728 1815 1
728 1852 1
728 1858 1
728 1920 1
729 738 1
729 747 1
729 761 1
729 800 1
729 864 1
729 899 1
729 900 1
729 931 1
729 933 1
729 944 1
729 992 1
729 1007 1
729 1038 1
729 1055 1
729 1061 1
729 1097 1
729 1139 1
729 1148 1
729 1195 1
729 1228 1
729 1263 1
729 1408 1
729 1438 1
729 1507 1
729 1553 1
729 1602 1
729 1683 1
729 1754 1
729 1771 1
729 1818 1
729 1856 1
729 1894 1
729 1903 1
729 1941 1
729 1951 1
729 1990 1
730 741 1
730 826 1
730 889 1
730 936 1
730 1005 1
730 1067 1
730 1124 1
730 1160 1
730 1163 1
730 1196 1
730 1218 1
730 1261 1
730 1276 1
730 1283 1
730 1313 1
730 1362 1
730 1376 1
730 1381 1
730 1468 1
730 1506 1
730 1514 1
730 1516 1
730 1548 1
730 1550 1
730 1555 1
730 1606 1
730 1629 1
730 1708 1
730 1725 1
730 1782 1
730 1868 1
730 1884 1
730 1886 1
730 1943 1
730 1959 1
731 737 1
731 859 1
731 869 1
731 876 1
731 924 1
731 1023 1
731 1114 1
731 1174 1
731 1176 1
731 1206 1
731 1252 1
731 1273 1
731 1281 1
731 1350 1
731 1441 1
731 1484 1
731 1505 1
731 1622 1
731 1652 1
731 1725 1
731 1811 1
731 1822 1
731 1832 1
731 1833 1
731 1893 1
731 1964 1
732 775 1
732 779 1
732 846 1
732 849 1
732 878 1
732 902 1
732 978 1
732 1070 1
732 1087 1
732 1131 1
732 1174 1
732 1175 1
732 1240 1
732 1300 1
732 1329 1
732 1339 1
732 1395 1
732 1405 1
732 1508 1
732 1573 1
732 1723 1
732 1734 1
732 1749 1
732 1791 1
732 1818 1
732 1846 1
732 1953 1
733 774 1
733 938 1
733 964 1
733 968 1
733 1061 1
733 1166 1
733 1187 1
733 1208 1
733 1216 1
733 1221 1
733 1251 1
733 1333 1
733 1359 1
733 1422 1
733 1425 1
733 1533 1
733 1565 1
733 1567 1
733 1587 1
733 1619 1
733 1714 1
733 1793 1
733 1891 1
733 1907 1
733 1944 1
733 1983 1
733 1988 1
734 746 1
734 782 1
734 801 1
734 822 1
734 884 1
734 903 1
734 932 1
734 978 1
734 983 1
734 998 1
734 1005 1
734 1125 1
734 1129 1
734 1183 1
734 1279 1
734 1313 1
734 1325 1
734 1332 1
734 1350 1
734 1444 1
734 1448 1
734 1478 1
734 1483 1
734 1515 1
734 1576 1
734 1588 1
734 1614 1
734 1639 1
734 1718 1
734 1728 1
734 1741 1
734 1775 1
734 1839 1
734 1893 1
734 1965 1
735 736 1
735 843 1
735 932 1
735 953 1
735 957 1
735 970 1
735 981 1
735 1104 1
735 1163 1
735 1207 1
735 1243 1
735 1252 1
735 1271 1
735 1282 1
735 1324 1
735 1360 1
735 1387 1
735 1588 1
735 1673 1
735 1747 1
735 1793 1
735 1800 1
735 1801 1
735 1833 1
735 1897 1
735 1902 1
735 1912 1
736 754 1
736 759 1
736 763 1
736 866 1
736 874 1
736 905 1
736 1099 1
736 1114 1
736 1120 1
736 1142 1
736 1156 1
736 1176 1
736 1195 1
736 1211 1
736 1213 1
736 1239 1
736 1343 1
736 1479 1
736 1481 1
736 1494 1
736 1498 1
736 1645 1
736 1656 1
736 1673 1
736 1683 1
736 1830 1
736 1871 1
736 1877 1
736 1925 1
736 1957 1
736 1973 1
737 790 1
737 861 1
737 943 1
737 955 1
737 1003 1
737 1005 1
737 1053 1
737 1153 1
737 1158 1
737 1198 1
737 1320 1
737 1324 1
737 1374 1
737 1406 1
737 1420 1
737 1458 1
737 1519 1
737 1535 1
737 1729 1
737 1734 1
737 1743 1
737 1757 1
737 1774 1
737 1874 1
737 1916 1
737 1932 1
737 1962 1
737 1976 1
737 1980 1
737 1991 1
738 771 1
738 807 1
738 808 1
738 859 1
738 886 1
738 988 1
738 1223 1
738 1263 1
738 1272 1
738 1307 1
738 1404 1
738 1429 1
738 1472 1
738 1524 1
738 1653 1
738 1680 1
738 1753 1
738 1802 1
738 1811 1
738 1879 1
738 1885 1
738 1892 1
738 1909 1
738 1958 1
738 1970 1
739 783 1
739 797 1
739 837 1
739 907 1
739 925 1
739 950 1
739 1006 1
739 1026 1
739 1143 1
739 1157 1
739 1179 1
739 1197 1
739 1219 1
739 1240 1
739 1324 1
739 1339 1
739 1361 1
739 1370 1
739 1407 1
739 1547 1
739 1569 1
739 1615 1
739 1666 1
739 1712 1
739 1722 1
739 1747 1
739 1794 1
739 1821 1
739 1828 1
739 1859 1
739 1870 1
739 1958 1
740 834 1
740 835 1
740 869 1
740 907 1
740 957 1
740 979 1
740 1006 1
740 1091 1
740 1131 1
740 1169 1
740 1179 1
740 1201 1
740 1240 1
740 1246 1
740 1254 1
740 1259 1
740 1261 1
740 1276 1
740 1277 1
740 1310 1
740 1339 1
740 1431 1
740 1501 1
740 1541 1
740 1588 1
740 1600 1
740 1614 1
740 1626 1
740 1660 1
740 1664 1
740 1696 1
740 1707 1
740 1755 1
740 1828 1
740 1889 1
740 1914 1
740 1941 1
740 1966 1
740 1967 1
740 1984 1
741 751 1
741 759 1
741 791 1
741 804 1
741 838 1
741 839 1
741 910 1
741 942 1
741 952 1
741 1087 1
741 1100 1
741 1137 1
741 1178 1
741 1191 1
741 1233 1
741 1243 1
741 1285 1
741 1297 1
741 1326 1
741 1327 1
741 1339 1
741 1345 1
741 1524 1
741 1554 1
741 1578 1
741 1650 1
741 1743 1
741 1748 1
741 1836 1
741 1866 1
741 1874 1
741 1879 1
741 1923 1
741 1946 1
742 749 1
742 762 1
742 812 1
742 895 1
742 896 1
742 981 1
742 982 1
742 1081 1
742 1088 1
742 1096 1
742 1099 1
742 1107 1
742 1109 1
742 1169 1
742 1186 1
742 1216 1
742 1247 1
742 1298 1
742 1322 1
742 1404 1
742 1478 1
742 1519 1
742 1533 1
742 1578 1
742 1587 1
742 1664 1
742 1740 1
742 1842 1
742 1881 1
742 1927 1
742 1942 1
742 1968 1
742 1997 1
743 821 1
743 824 1
743 904 1
743 918 1
743 919 1
743 1080 1
743 1159 1
743 1163 1
743 1208 1
743 1215 1
743 1233 1
743 1238 1
743 1340 1
743 1349 1
743 1357 1
743 1406 1
743 1412 1
743 1415 1
743 1418 1
743 1429 1
743 1498 1
743 1579 1
743 1678 1
743 1695 1
743 1737 1
743 1784 1
743 1793 1
743 1816 1
743 1837 1
743 1846 1
743 1912 1
743 1956 1
743 1960 1
743 1998 1
744 808 1
744 852 1
744 886 1
744 901 1
744 975 1
744 982 1
744 984 1
744 987 1
744 1062 1
744 1064 1
744 1092 1
744 1200 1
744 1309 1
744 1319 1
744 1351 1
744 1420 1
744 1489 1
744 1500 1
744 1535 1
744 1591 1
744 1601 1
744 1657 1
744 1711 1
744 1716 1
744 1720 1
744 1745 1
744 1747 1
744 1796 1
744 1874 1
744 1938 1
744 1972 1
744 1985 1
745 771 1
745 834 1
745 909 1
745 919 1
745 927 1
745 941 1
745 968 1
745 1028 1
745 1044 1
745 1054 1
745 1237 1
745 1271 1
745 1291 1
745 1357 1
745 1418 1
745 1584 1
745 1611 1
745 1616 1
745 1665 1
745 1764 1
745 1789 1
745 1815 1
745 1865 1
745 1876 1
746 764 1
746 773 1
746 855 1
746 857 1
746 886 1
746 905 1
746 912 1
746 920 1
746 947 1
746 949 1
746 952 1
746 1007 1
746 1012 1
746 1078 1
746 1173 1
746 1183 1
746 1208 1
746 1256 1
746 1262 1
746 1275 1
746 1289 1
746 1309 1
746 1326 1
746 1344 1
746 1370 1
746 1396 1
746 1466 1
746 1492 1
746 1551 1
746 1556 1
746 1634 1
746 1674 1
746 1689 1
746 1757 1
746 1767 1
746 1839 1
746 1847 1
746 1861 1
746 1864 1
746 1867 1
746 1905 1
747 748 1
747 779 1
747 866 1
747 888 1
747 891 1
747 892 1
747 929 1
747 1013 1
747 1043 1
747 1072 1
747 1077 1
747 1129 1
747 1168 1
747 1180 1
747 1198 1
747 1207 1
747 1225 1
747 1267 1
747 1354 1
747 1363 1
747 1432 1
747 1436 1
747 1491 1
747 1492 1
747 1496 1
747 1560 1
747 1567 1
747 1575 1
747 1590 1
747 1638 1
747 1679 1
747 1680 1
747 1803 1
747 1856 1
747 1893 1
747 1927 1
747 1992 1
747 1996 1
748 760 1
748 816 1
748 817 1
748 928 1
748 936 1
748 973 1
748 995 1
748 1006 1
748 1104 1
748 1203 1
748 1216 1
748 1232 1
748 1244 1
748 1249 1
748 1285 1
748 1291 1
748 1293 1
748 1335 1
748 1489 1
748 1499 1
748 1512 1
748 1528 1
748 1534 1
748 1539 1
748 1566 1
748 1581 1
748 1586 1
748 1622 1
748 1657 1
748 1743 1
748 1771 1
748 1805 1
748 1823 1
748 1838 1
748 1845 1
748 1849 1
748 1854 1
748 1905 1
748 1926 1
749 800 1
749 861 1
749 863 1
749 894 1
749 924 1
749 1160 1
749 1177 1
749 1180 1
749 1211 1
749 1256 1
749 1278 1
749 1291 1
749 1467 1
749 1479 1
749 1568 1
749 1576 1
749 1687 1
749 1746 1
749 1873 1
749 1891 1
749 1892 1
749 1904 1
749 1985 1
750 781 1
750 806 1
750 830 1
750 845 1
750 873 1
750 927 1
750 980 1
750 992 1
750 1013 1
750 1047 1
750 1054 1
750 1062 1
750 1111 1
750 1148 1
750 1166 1
750 1178 1
750 1212 1
750 1225 1
750 1240 1
750 1261 1
750 1283 1
750 1351 1
750 1377 1
750 1384 1
750 1447 1
750 1526 1
750 1578 1
750 1613 1
750 1620 1
750 1650 1
750 1662 1
750 1690 1
750 1716 1
750 1811 1
750 1861 1
750 1892 1
750 1930 1
750 1957 1
750 1971 1
751 792 1
751 835 1
751 871 1
751 894 1
751 999 1
751 1023 1
751 1037 1
751 1065 1
751 1078 1
751 1092 1
751 1297 1
751 1387 1
751 1438 1
751 1451 1
751 1455 1
751 1583 1
751 1656 1
751 1712 1
751 1733 1
751 1739 1
751 1748 1
751 1767 1
751 1819 1
751 1865 1
751 1907 1
751 1923 1
751 1929 1
751 1982 1
752 782 1
752 801 1
752 879 1
752 887 1
752 918 1
752 955 1
752 1013 1
752 1017 1
752 1051 1
752 1130 1
752 1266 1
752 1293 1
752 1301 1
752 1303 1
752 1343 1
752 1458 1
752 1474 1
752 1480 1
752 1585 1
752 1593 1
752 1643 1
752 1698 1
752 1737 1
752 1816 1
752 1875 1
752 1905 1
753 755 1
753 859 1
753 919 1
753 938 1
753 953 1
753 996 1
753 1033 1
753 1044 1
753 1097 1
753 1207 1
753 1231 1
753 1237 1
753 1265 1
753 1301 1
753 1334 1
753 1370 1
753 1376 1
753 1381 1
753 1503 1
753 1541 1
753 1577 1
753 1585 1
753 1590 1
753 1621 1
753 1675 1
753 1740 1
753 1755 1
753 1760 1
753 1788 1
753 1789 1
753 1796 1
753 1799 1
753 1831 1
753 1942 1
753 1958 1
753 1982 1
754 832 1
754 858 1
754 870 1
754 905 1
754 1046 1
754 1051 1
754 1057 1
754 1096 1
754 1145 1
754 1183 1
754 1213 1
754 1239 1
754 1275 1
754 1353 1
754 1360 1
754 1415 1
754 1427 1
754 1453 1
754 1505 1
754 1577 1
754 1609 1
754 1627 1
754 1645 1
754 1689 1
754 1745 1
754 1780 1
754 1876 1
754 1895 1
754 1901 1
754 1936 1
754 1994 1
755 771 1
755 818 1
755 822 1
755 870 1
755 895 1
755 953 1
755 965 1
755 1000 1
755 1008 1
755 1017 1
755 1190 1
755 1262 1
755 1291 1
755 1306 1
755 1325 1
755 1382 1
755 1383 1
755 1440 1
755 1450 1
755 1485 1
755 1503 1
755 1529 1
755 1601 1
755 1606 1
755 1663 1
755 1664 1
755 1675 1
755 1714 1
755 1736 1
755 1750 1
755 1766 1
755 1821 1
755 1937 1
755 1970 1
755 1977 1
756 779 1
756 803 1
756 929 1
756 983 1
756 1118 1
756 1134 1
756 1200 1
756 1212 1
756 1226 1
756 1233 1
756 1333 1
756 1353 1
756 1481 1
756 1484 1
756 1489 1
756 1522 1
756 1588 1
756 1620 1
756 1722 1
756 1727 1
756 1736 1
756 1738 1
756 1807 1
756 1810 1
756 1827 1
756 1878 1
756 1963 1
757 773 1
757 781 1
757 823 1
757 827 1
757 860 1
757 864 1
757 922 1
757 989 1
757 1044 1
757 1117 1
757 1251 1
757 1373 1
757 1494 1
757 1506 1
757 1736 1
757 1793 1
757 1838 1
757 1864 1
757 1882 1
757 1902 1
757 1964 1
757 1995 1
758 769 1
758 815 1
758 842 1
758 868 1
758 870 1
758 874 1
758 892 1
758 897 1
758 1018 1
758 1026 1
758 1052 1
758 1078 1
758 1079 1
758 1096 1
758 1107 1
758 1111 1
758 1123 1
758 1170 1
758 1211 1
758 1214 1
758 1248 1
758 1270 1
758 1306 1
758 1342 1
758 1343 1
758 1395 1
758 1425 1
758 1448 1
758 1532 1
758 1585 1
758 1591 1
758 1593 1
758 1649 1
758 1674 1
758 1715 1
758 1724 1
758 1822 1
758 1879 1
758 1958 1
759 781 1
759 808 1
759 860 1
759 873 1
759 875 1
759 883 1
759 913 1
759 972 1
759 980 1
759 1024 1
759 1027 1
759 1039 1
759 1043 1
759 1094 1
759 1162 1
759 1181 1
759 1217 1
759 1235 1
759 1288 1
759 1299 1
759 1361 1
759 1407 1
759 1428 1
759 1483 1
759 1513 1
759 1628 1
759 1633 1
759 1643 1
759 1768 1
759 1823 1
759 1865 1
759 1944 1
760 816 1
760 877 1
760 946 1
760 1058 1
760 1174 1
760 1234 1
760 1243 1
760 1245 1
760 1297 1
760 1368 1
760 1382 1
760 1390 1
760 1394 1
760 1405 1
760 1409 1
760 1459 1
760 1466 1
760 1477 1
760 1553 1
760 1562 1
760 1580 1
760 1599 1
760 1608 1
760 1612 1
760 1627 1
760 1643 1
760 1659 1
760 1683 1
760 1808 1
760 1809 1
760 1847 1
760 1870 1
760 1890 1
760 1951 1
760 1976 1
761 808 1
761 845 1
761 889 1
761 890 1
761 903 1
761 925 1
761 967 1
761 1000 1
761 1074 1
761 1142 1
761 1198 1
761 1250 1
761 1255 1
761 1281 1
761 1384 1
761 1391 1
761 1455 1
761 1463 1
761 1515 1
761 1523 1
761 1524 1
761 1544 1
761 1546 1
761 1558 1
761 1574 1
761 1661 1
761 1689 1
761 1713 1
761 1806 1
761 1844 1
761 1873 1
761 1893 1
761 1919 1
761 1990 1
762 817 1
762 944 1
762 1044 1
762 1061 1
762 1075 1
762 1116 1
762 1207 1
762 1219 1
762 1240 1
762 1302 1
762 1306 1
762 1323 1
762 1351 1
762 1454 1
762 1474 1
762 1512 1
762 1554 1
762 1586 1
762 1676 1
762 1697 1
762 1718 1
762 1801 1
762 1814 1
762 1828 1
762 1842 1
762 1883 1
763 773 1
763 785 1
763 804 1
763 861 1
763 904 1
763 920 1
763 922 1
763 942 1
763 957 1
763 989 1
763 1008 1
763 1039 1
763 1067 1
763 1086 1
763 1113 1
763 1117 1
763 1158 1
763 1173 1
763 1185 1
763 1191 1
763 1214 1
763 1233 1
763 1335 1
763 1370 1
763 1384 1
763 1413 1
763 1427 1
763 1498 1
763 1663 1
763 1719 1
763 1721 1
763 1813 1
763 1824 1
763 1842 1
763 1862 1
763 1880 1
763 1881 1
763 1926 1
764 777 1
764 778 1
764 784 1
764 876 1
764 878 1
764 880 1
764 925 1
764 949 1
764 950 1
764 1113 1
764 1183 1
764 1184 1
764 1187 1
764 1214 1
764 1244 1
764 1258 1
764 1310 1
764 1429 1
764 1461 1
764 1473 1
764 1500 1
764 1569 1
764 1598 1
764 1623 1
764 1628 1
764 1648 1
764 1650 1
764 1701 1
764 1739 1
764 1741 1
764 1865 1
764 1882 1
764 1888 1
764 1901 1
764 1916 1
764 1921 1
764 1986 1
765 773 1
765 826 1
765 840 1
765 887 1
765 957 1
765 1032 1
765 1040 1
765 1062 1
765 1117 1
765 1176 1
765 1186 1
765 1258 1
765 1305 1
765 1407 1
765 1502 1
765 1524 1
765 1555 1
765 1614 1
765 1635 1
765 1642 1
765 1700 1
765 1707 1
765 1748 1
765 1884 1
766 791 1
766 799 1
766 800 1
766 893 1
766 975 1
766 990 1
766 1006 1
766 1021 1
766 1034 1
766 1118 1
766 1170 1
766 1203 1
766 1232 1
766 1257 1
766 1306 1
766 1352 1
766 1376 1
766 1396 1
766 1456 1
766 1476 1
766 1555 1
766 1560 1
766 1566 1
766 1579 1
766 1580 1
766 1590 1
766 1595 1
766 1641 1
766 1696 1
766 1703 1
766 1704 1
766 1724 1
766 1754 1
766 1788 1
766 1822 1
766 1866 1
766 1892 1
766 1933 1
766 1965 1
766 1982 1
766 1988 1
766 2000 1
767 792 1
767 820 1
767 830 1
767 890 1
767 1028 1
767 1061 1
767 1201 1
767 1275 1
767 1299 1
767 1415 1
767 1447 1
767 1702 1
767 1711 1
767 1745 1
767 1815 1
767 1822 1
767 1859 1
767 1871 1
767 1901 1
767 1948 1
767 1963 1
767 1983 1
767 1992 1
768 780 1
768 781 1
768 800 1
768 819 1
768 835 1
768 866 1
768 887 1
768 976 1
768 985 1
768 1126 1
768 1210 1
768 1408 1
768 1426 1
768 1497 1
768 1547 1
768 1640 1
768 1644 1
768 1648 1
768 1679 1
768 1717 1
768 1778 1
768 1841 1
768 1850 1
768 1978 1
768 1986 1
769 778 1
769 841 1
769 904 1
769 920 1
769 970 1
769 1001 1
769 1024 1
769 1052 1
769 1117 1
769 1248 1
769 1300 1
769 1422 1
769 1448 1
769 1458 1
769 1490 1
769 1502 1
769 1529 1
769 1634 1
769 1646 1
769 1657 1
769 1690 1
769 1727 1
769 1808 1
769 1867 1
769 1918 1
769 1947 1
770 803 1
770 897 1
770 938 1
770 939 1
770 940 1
770 952 1
770 983 1
770 1048 1
770 1156 1
770 1268 1
770 1390 1
770 1395 1
770 1397 1
770 1460 1
770 1461 1
770 1580 1
770 1581 1
770 1605 1
770 1713 1
770 1718 1
770 1733 1
770 1810 1
770 1850 1
770 1853 1
770 1911 1
771 803 1
771 816 1
771 978 1
771 990 1
771 995 1
771 1104 1
771 1128 1
771 1145 1
771 1190 1
771 1221 1
771 1243 1
771 1286 1
771 1339 1
771 1392 1
771 1410 1
771 1471 1
771 1482 1
771 1524 1
771 1580 1
771 1589 1
771 1673 1
771 1812 1
771 1836 1
771 1843 1
771 1844 1
771 1875 1
771 1945 1
771 1958 1
772 822 1
772 896 1
772 907 1
772 911 1
772 928 1
772 1060 1
772 1061 1
772 1075 1
772 1098 1
772 1148 1
772 1197 1
772 1215 1
772 1240 1
772 1264 1
772 1325 1
772 1338 1
772 1382 1
772 1467 1
772 1485 1
772 1491 1
772 1510 1
772 1522 1
772 1623 1
772 1793 1
772 1874 1
772 1879 1
772 1892 1
772 1912 1
772 1944 1
773 780 1
773 783 1
773 789 1
773 898 1
773 936 1
773 941 1
773 944 1
773 946 1
773 971 1
773 1004 1
773 1028 1
773 1144 1
773 1150 1
773 1202 1
773 1270 1
773 1319 1
773 1370 1
773 1426 1
773 1507 1
773 1547 1
773 1586 1
773 1597 1
773 1625 1
773 1629 1
773 1632 1
773 1653 1
773 1657 1
773 1665 1
773 1666 1
773 1728 1
773 1759 1
773 1809 1
773 1879 1
773 1905 1
774 794 1
774 804 1
774 861 1
774 889 1
774 898 1
774 953 1
774 1063 1
774 1129 1
774 1140 1
774 1166 1
774 1207 1
774 1231 1
774 1250 1
774 1253 1
774 1275 1
774 1286 1
774 1341 1
774 1393 1
774 1462 1
774 1495 1
774 1522 1
774 1557 1
774 1595 1
774 1623 1
774 1630 1
774 1671 1
774 1707 1
774 1714 1
774 1723 1
774 1727 1
774 1785 1
774 1832 1
774 1840 1
774 1869 1
774 1881 1
774 1903 1
774 1922 1
774 1967 1
775 791 1
775 827 1
775 845 1
775 864 1
775 868 1
775 954 1
775 1077 1
775 1150 1
775 1167 1
775 1174 1
775 1190 1
775 1218 1
775 1272 1
775 1278 1
775 1420 1
775 1440 1
775 1457 1
775 1458 1
775 1489 1
775 1537 1
775 1565 1
775 1590 1
775 1613 1
775 1656 1
775 1711 1
775 1721 1
775 1722 1
775 1859 1
775 1984 1
775 1990 1
776 808 1
776 835 1
776 882 1
776 913 1
776 948 1
776 1001 1
776 1012 1
776 1013 1
776 1019 1
776 1185 1
776 1219 1
776 1225 1
776 1230 1
776 1353 1
776 1387 1
776 1424 1
776 1425 1
776 1434 1
776 1442 1
776 1459 1
776 1461 1
776 1465 1
776 1476 1
776 1572 1
776 1626 1
776 1698 1
776 1745 1
776 1807 1
776 1875 1
776 1947 1
776 1954 1
777 782 1
777 821 1
777 856 1
777 928 1
777 964 1
777 1010 1
777 1157 1
777 1218 1
777 1245 1
777 1277 1
777 1296 1
777 1341 1
777 1362 1
777 1375 1
777 1389 1
777 1532 1
777 1594 1
777 1607 1
777 1813 1
778 801 1
778 851 1
778 863 1
778 880 1
778 915 1
778 935 1
778 936 1
778 995 1
778 1099 1
778 1142 1
778 1305 1
778 1346 1
778 1360 1
778 1361 1
778 1379 1
778 1411 1
778 1435 1
778 1478 1
778 1572 1
778 1667 1
778 1741 1
778 1749 1
778 1778 1
778 1832 1
779 782 1
779 830 1
779 832 1
779 883 1
779 921 1
779 922 1
779 937 1
779 992 1
779 1039 1
779 1125 1
779 1188 1
779 1217 1
779 1249 1
779 1305 1
779 1324 1
779 1334 1
779 1468 1
779 1470 1
779 1490 1
779 1528 1
779 1561 1
779 1641 1
779 1703 1
779 1804 1
779 1851 1
779 1860 1
779 1985 1
780 787 1
780 802 1
780 824 1
780 839 1
780 883 1
780 893 1
780 906 1
780 1046 1
780 1074 1
780 1094 1
780 1154 1
780 1158 1
780 1175 1
780 1246 1
780 1248 1
780 1274 1
780 1298 1
780 1336 1
780 1352 1
780 1356 1
780 1420 1
780 1481 1
780 1500 1
780 1514 1
780 1560 1
780 1561 1
780 1598 1
780 1616 1
780 1654 1
780 1692 1
780 1749 1
780 1781 1
780 1789 1
780 1878 1
780 1957 1
780 1964 1
780 1980 1
780 1981 1
780 1994 1
781 816 1
781 893 1
781 902 1
781 930 1
781 939 1
781 953 1
781 965 1
781 973 1
781 1040 1
781 1048 1
781 1103 1
781 1131 1
781 1142 1
781 1155 1
781 1242 1
781 1245 1
781 1266 1
781 1275 1
781 1299 1
781 1327 1
781 1400 1
781 1407 1
781 1438 1
781 1474 1
781 1625 1
781 1664 1
781 1725 1
781 1785 1
781 1797 1
781 1821 1
781 1825 1
781 1903 1
781 1937 1
781 1978 1
782 811 1
782 821 1
782 870 1
782 937 1
782 1116 1
782 1123 1
782 1150 1
782 1162 1
782 1172 1
782 1178 1
782 1191 1
782 1198 1
782 1229 1
782 1258 1
782 1265 1
782 1271 1
782 1286 1
782 1301 1
782 1328 1
782 1337 1
782 1353 1
782 1520 1
782 1539 1
782 1582 1
782 1595 1
782 1596 1
782 1600 1
782 1662 1
782 1696 1
782 1708 1
782 1715 1
782 1720 1
782 1758 1
782 1759 1
782 1792 1
782 1865 1
782 1957 1
782 1976 1
782 1994 1
783 935 1
783 1181 1
783 1311 1
783 1412 1
783 1483 1
783 1507 1
783 1543 1
783 1587 1
783 1674 1
783 1705 1
783 1723 1
783 1727 1
783 1783 1
783 1833 1
783 1844 1
783 1864 1
783 1905 1
783 1916 1
783 1949 1
784 822 1
784 850 1
784 864 1
784 877 1
784 895 1
784 908 1
784 950 1
784 964 1
784 983 1
784 1026 1
784 1027 1
784 1032 1
784 1039 1
784 1222 1
784 1333 1
784 1340 1
784 1361 1
784 1380 1
784 1387 1
784 1388 1
784 1461 1
784 1475 1
784 1481 1
784 1530 1
784 1534 1
784 1667 1
784 1670 1
784 1715 1
784 1743 1
784 1765 1
784 1804 1
784 1808 1
784 1818 1
784 1844 1
784 1855 1
784 1921 1
784 1974 1
785 822 1
785 834 1
785 846 1
785 865 1
785 869 1
785 894 1
785 994 1
785 1007 1
785 1008 1
785 1016 1
785 1042 1
785 1045 1
785 1052 1
785 1053 1
785 1134 1
785 1204 1
785 1218 1
785 1247 1
785 1265 1
785 1294 1
785 1302 1
785 1371 1
785 1517 1
785 1556 1
785 1614 1
785 1702 1
785 1705 1
785 1811 1
785 1881 1
785 1946 1
785 1957 1
785 1987 1
786 811 1
786 814 1
786 864 1
786 1023 1
786 1029 1
786 1078 1
786 1189 1
786 1231 1
786 1244 1
786 1325 1
786 1331 1
786 1401 1
786 1502 1
786 1553 1
786 1566 1
786 1612 1
786 1616 1
786 1628 1
786 1648 1
786 1692 1
786 1738 1
786 1775 1
786 1791 1
786 1794 1
786 1828 1
786 1925 1
787 903 1
787 921 1
787 1001 1
787 1003 1
787 1009 1
787 1010 1
787 1018 1
787 1041 1
787 1055 1
787 1058 1
787 1129 1
787 1131 1
787 1147 1
787 1151 1
787 1161 1
787 1182 1
787 1260 1
787 1263 1
787 1279 1
787 1391 1
787 1393 1
787 1417 1
787 1489 1
787 1595 1
787 1641 1
787 1693 1
787 1723 1
787 1726 1
787 1815 1
787 1860 1
787 1891 1
787 1895 1
787 1929 1
787 1956 1
787 1981 1
788 839 1
788 862 1
788 863 1
788 924 1
788 978 1
788 1130 1
788 1142 1
788 1185 1
788 1190 1
788 1205 1
788 1206 1
788 1244 1
788 1269 1
788 1305 1
788 1324 1
788 1325 1
788 1330 1
788 1350 1
788 1359 1
788 1371 1
788 1462 1
788 1482 1
788 1539 1
788 1543 1
788 1553 1
788 1581 1
788 1622 1
788 1636 1
788 1638 1
788 1646 1
788 1668 1
788 1680 1
788 1686 1
788 1745 1
788 1776 1
788 1837 1
788 1900 1
788 1908 1
788 1914 1
788 1958 1
788 1992 1
789 852 1
789 854 1
789 955 1
789 981 1
789 1065 1
789 1069 1
789 1073 1
789 1106 1
789 1193 1
789 1203 1
789 1311 1
789 1327 1
789 1328 1
789 1345 1
789 1354 1
789 1358 1
789 1362 1
789 1368 1
789 1400 1
789 1409 1
789 1529 1
789 1584 1
789 1615 1
789 1767 1
789 1782 1
789 1792 1
789 1851 1
789 1854 1
789 1869 1
789 1902 1
789 1958 1
789 1962 1
790 801 1
790 850 1
790 904 1
790 917 1
790 926 1
790 932 1
790 958 1
790 962 1
790 982 1
790 1037 1
790 1044 1
790 1045 1
790 1107 1
790 1139 1
790 1151 1
790 1203 1
790 1214 1
790 1279 1
790 1313 1
790 1336 1
790 1374 1
790 1437 1
790 1464 1
790 1599 1
790 1685 1
790 1701 1
790 1710 1
790 1724 1
790 1730 1
790 1759 1
790 1826 1
790 1848 1
790 1858 1
790 1866 1
790 1868 1
790 1955 1
790 1985 1
790 1997 1
791 817 1
791 852 1
791 936 1
791 942 1
791 944 1
791 1028 1
791 1043 1
791 1072 1
791 1170 1
791 1293 1
791 1298 1
791 1309 1
791 1395 1
791 1422 1
791 1458 1
791 1525 1
791 1577 1
791 1587 1
791 1593 1
791 1616 1
791 1689 1
791 1700 1
791 1730 1
791 1757 1
791 1765 1
791 1808 1
791 1851 1
791 1949 1
791 1966 1
792 803 1
792 816 1
792 828 1
792 871 1
792 886 1
792 904 1
792 914 1
792 920 1
792 923 1
792 942 1
792 955 1
792 956 1
792 978 1
792 1031 1
792 1044 1
792 1065 1
792 1130 1
792 1235 1
792 1248 1
792 1268 1
792 1285 1
792 1369 1
792 1375 1
792 1435 1
792 1458 1
792 1481 1
792 1580 1
792 1603 1
792 1637 1
792 1641 1
792 1659 1
792 1688 1
792 1691 1
792 1707 1
792 1717 1
792 1749 1
792 1782 1
792 1832 1
792 1902 1
792 1904 1
792 1915 1
792 1963 1
792 1999 1
793 831 1
793 840 1
793 865 1
793 951 1
793 1000 1
793 1007 1
793 1013 1
793 1033 1
793 1085 1
793 1101 1
793 1111 1
793 1201 1
793 1209 1
793 1235 1
793 1298 1
793 1368 1
793 1373 1
793 1435 1
793 1442 1
793 1504 1
793 1526 1
793 1531 1
793 1568 1
793 1589 1
793 1604 1
793 1679 1
793 1696 1
793 1716 1
793 1744 1
793 1798 1
793 1856 1
793 1877 1
793 1930 1
793 1967 1
793 1978 1
793 1983 1
793 1997 1
794 795 1
794 816 1
794 859 1
794 872 1
794 918 1
794 922 1
794 925 1
794 939 1
794 978 1
794 982 1
794 1001 1
794 1015 1
794 1026 1
794 1110 1
794 1112 1
794 1141 1
794 1171 1
794 1172 1
794 1229 1
794 1269 1
794 1340 1
794 1369 1
794 1414 1
794 1455 1
794 1529 1
794 1545 1
794 1561 1
794 1575 1
794 1608 1
794 1648 1
794 1675 1
794 1812 1
794 1842 1
794 1869 1
794 1872 1
795 833 1
795 834 1
795 903 1
795 926 1
795 977 1
795 985 1
795 1103 1
795 1135 1
795 1140 1
795 1242 1
795 1288 1
795 1330 1
795 1425 1
795 1457 1
795 1472 1
795 1532 1
795 1545 1
795 1590 1
795 1620 1
795 1644 1
795 1672 1
795 1689 1
795 1751 1
795 1763 1
795 1767 1
795 1866 1
795 1923 1
795 1928 1
795 1931 1
795 1989 1
796 844 1
796 854 1
796 900 1
796 983 1
796 1064 1
796 1066 1
796 1142 1
796 1261 1
796 1270 1
796 1297 1
796 1308 1
796 1420 1
796 1464 1
796 1480 1
796 1500 1
796 1506 1
796 1508 1
796 1524 1
796 1528 1
796 1534 1
796 1547 1
796 1591 1
796 1714 1
796 1716 1
796 1738 1
796 1759 1
796 1786 1
796 1818 1
796 1821 1
796 1837 1
796 1852 1
796 1867 1
796 1956 1
796 1999 1
797 840 1
797 851 1
797 940 1
797 1009 1
797 1033 1
797 1056 1
797 1078 1
797 1093 1
797 1111 1
797 1149 1
797 1164 1
797 1234 1
797 1361 1
797 1365 1
797 1369 1
797 1382 1
797 1384 1
797 1397 1
797 1500 1
797 1549 1
797 1643 1
797 1651 1
797 1660 1
797 1702 1
797 1706 1
797 1829 1
797 1868 1
797 1883 1
797 1899 1
797 1916 1
797 1983 1
798 849 1
798 878 1
798 888 1
798 906 1
798 907 1
798 919 1
798 955 1
798 993 1
798 1011 1
798 1030 1
798 1031 1
798 1059 1
798 1087 1
798 1091 1
798 1114 1
798 1130 1
798 1144 1
798 1161 1
798 1178 1
798 1192 1
798 1294 1
798 1325 1
798 1379 1
798 1389 1
798 1526 1
798 1588 1
798 1608 1
798 1619 1
798 1915 1
799 860 1
799 883 1
799 922 1
799 1006 1
799 1022 1
799 1025 1
799 1072 1
799 1157 1
799 1201 1
799 1257 1
799 1275 1
799 1290 1
799 1334 1
799 1340 1
799 1365 1
799 1425 1
799 1449 1
799 1484 1
799 1485 1
799 1637 1
799 1638 1
799 1729 1
799 1752 1
799 1853 1
799 1869 1
799 1937 1
799 1953 1
799 2000 1
800 963 1
800 990 1
800 1022 1
800 1129 1
800 1272 1
800 1294 1
800 1357 1
800 1360 1
800 1412 1
800 1425 1
800 1455 1
800 1584 1
800 1597 1
800 1645 1
800 1742 1
800 1817 1
800 1819 1
800 1853 1
800 1889 1
801 825 1
801 862 1
801 883 1
801 908 1
801 922 1
801 942 1
801 971 1
801 999 1
801 1014 1
801 1063 1
801 1065 1
801 1087 1
801 1137 1
801 1149 1
801 1268 1
801 1279 1
801 1298 1
801 1386 1
801 1388 1
801 1410 1
801 1412 1
801 1583 1
801 1787 1
801 1803 1
801 1842 1
801 1975 1
801 1984 1
802 814 1
802 884 1
802 931 1
802 944 1
802 964 1
802 973 1
802 1032 1
802 1061 1
802 1091 1
802 1135 1
802 1144 1
802 1171 1
802 1182 1
802 1201 1
802 1230 1
802 1248 1
802 1291 1
802 1373 1
802 1376 1
802 1377 1
802 1390 1
802 1458 1
802 1513 1
802 1516 1
802 1536 1
802 1564 1
802 1593 1
802 1603 1
802 1619 1
802 1697 1
802 1815 1
802 1819 1
802 1863 1
802 1935 1
802 1939 1
802 1986 1
803 812 1
803 823 1
803 834 1
803 841 1
803 937 1
803 976 1
803 990 1
803 995 1
803 1014 1
803 1015 1
803 1048 1
803 1051 1
803 1097 1
803 1119 1
803 1144 1
803 1152 1
803 1170 1
803 1214 1
803 1310 1
803 1315 1
803 1372 1
803 1453 1
803 1470 1
803 1554 1
803 1556 1
803 1565 1
803 1619 1
803 1629 1
803 1690 1
803 1717 1
803 1746 1
803 1792 1
803 1796 1
803 1857 1
803 1861 1
803 1873 1
803 1884 1
803 1905 1
803 1926 1
803 1995 1
804 958 1
804 1024 1
804 1054 1
804 1069 1
804 1086 1
804 1137 1
804 1155 1
804 1157 1
804 1241 1
804 1249 1
804 1269 1
804 1298 1
804 1331 1
804 1358 1
804 1372 1
804 1465 1
804 1539 1
804 1627 1
804 1708 1
804 1724 1
804 1769 1
804 1828 1
804 1836 1
804 1872 1
804 1972 1
805 844 1
805 901 1
805 913 1
805 952 1
805 972 1
805 981 1
805 992 1
805 1041 1
805 1097 1
805 1119 1
805 1125 1
805 1136 1
805 1200 1
805 1210 1
805 1227 1
805 1262 1
805 1273 1
805 1399 1
805 1462 1
805 1498 1
805 1506 1
805 1519 1
805 1555 1
805 1571 1
805 1586 1
805 1601 1
805 1618 1
805 1625 1
805 1718 1
805 1719 1
805 1868 1
805 1877 1
805 1951 1
805 1985 1
806 823 1
806 826 1
806 837 1
806 865 1
806 885 1
806 909 1
806 936 1
806 948 1
806 972 1
806 989 1
806 1000 1
806 1021 1
806 1044 1
806 1065 1
806 1070 1
806 1120 1
806 1217 1
806 1237 1
806 1310 1
806 1313 1
806 1322 1
806 1326 1
806 1421 1
806 1472 1
806 1556 1
806 1578 1
806 1582 1
806 1651 1
806 1666 1
806 1740 1
806 1762 1
806 1777 1
806 1801 1
806 1875 1
806 1912 1
806 1973 1
806 1984 1
806 1995 1
807 822 1
807 912 1
807 936 1
807 943 1
807 991 1
807 1039 1
807 1063 1
807 1156 1
807 1221 1
807 1249 1
807 1254 1
807 1298 1
807 1386 1
807 1389 1
807 1428 1
807 1450 1
807 1516 1
807 1567 1
807 1581 1
807 1619 1
807 1627 1
807 1652 1
807 1712 1
807 1731 1
807 1837 1
807 1882 1
807 1965 1
808 828 1
808 847 1
808 862 1
808 891 1
808 986 1
808 1020 1
808 1053 1
808 1069 1
808 1128 1
808 1133 1
808 1183 1
808 1190 1
808 1191 1
808 1203 1
808 1241 1
808 1292 1
808 1298 1
808 1338 1
808 1339 1
808 1351 1
808 1382 1
808 1410 1
808 1459 1
808 1543 1
808 1591 1
808 1608 1
808 1609 1
808 1619 1
808 1663 1
808 1666 1
808 1694 1
808 1706 1
808 1727 1
808 1729 1
808 1761 1
808 1786 1
808 1852 1
808 1891 1
808 1983 1
808 1997 1
809 818 1
809 820 1
809 830 1
809 853 1
809 896 1
809 916 1
809 917 1
809 971 1
809 997 1
809 1045 1
809 1059 1
809 1099 1
809 1102 1
809 1171 1
809 1177 1
809 1183 1
809 1185 1
809 1290 1
809 1320 1
809 1325 1
809 1327 1
809 1333 1
809 1458 1
809 1582 1
809 1654 1
809 1663 1
809 1665 1
809 1673 1
809 1747 1
809 1750 1
809 1755 1
809 1795 1
809 1810 1
809 1856 1
809 1910 1
809 1922 1
809 1971 1
810 853 1
810 888 1
810 921 1
810 969 1
810 987 1
810 1002 1
810 1025 1
810 1030 1
810 1081 1
810 1091 1
810 1099 1
810 1114 1
810 1141 1
810 1154 1
810 1200 1
810 1218 1
810 1320 1
810 1436 1
810 1451 1
810 1476 1
810 1483 1
810 1487 1
810 1498 1
810 1515 1
810 1532 1
810 1538 1
810 1572 1
810 1585 1
810 1642 1
810 1685 1
810 1803 1
810 1876 1
810 1883 1
810 1923 1
810 1971 1
811 827 1
811 840 1
811 848 1
811 947 1
811 985 1
811 994 1
811 1037 1
811 1061 1
811 1103 1
811 1176 1
811 1192 1
811 1200 1
811 1300 1
811 1313 1
811 1372 1
811 1383 1
811 1406 1
811 1452 1
811 1518 1
811 1533 1
811 1568 1
811 1612 1
811 1656 1
811 1698 1
811 1720 1
811 1721 1
811 1842 1
811 1856 1
811 1885 1
811 1904 1
811 1923 1
811 1939 1
811 1945 1
811 1951 1
811 1962 1
811 1993 1
812 817 1
812 876 1
812 998 1
812 1001 1
812 1096 1
812 1145 1
812 1219 1
812 1305 1
812 1308 1
812 1315 1
812 1321 1
812 1387 1
812 1395 1
812 1468 1
812 1524 1
812 1535 1
812 1547 1
812 1663 1
812 1772 1
812 1825 1
812 1896 1
812 1951 1
812 1956 1
813 898 1
813 901 1
813 962 1
813 1050 1
813 1099 1
813 1136 1
813 1141 1
813 1148 1
813 1202 1
813 1229 1
813 1259 1
813 1284 1
813 1379 1
813 1415 1
813 1456 1
813 1458 1
813 1494 1
813 1680 1
813 1740 1
813 1761 1
813 1825 1
813 1870 1
813 1883 1
814 850 1
814 855 1
814 883 1
814 904 1
814 907 1
814 939 1
814 990 1
814 997 1
814 1123 1
814 1173 1
814 1182 1
814 1239 1
814 1284 1
814 1289 1
814 1366 1
814 1393 1
814 1479 1
814 1503 1
814 1526 1
814 1544 1
814 1612 1
814 1769 1
814 1779 1
814 1786 1
814 1830 1
814 1849 1
814 1985 1
814 1989 1
815 847 1
815 912 1
815 929 1
815 937 1
815 961 1
815 966 1
815 969 1
815 1019 1
815 1029 1
815 1152 1
815 1285 1
815 1321 1
815 1341 1
815 1346 1
815 1413 1
815 1418 1
815 1439 1
815 1442 1
815 1456 1
815 1550 1
815 1570 1
815 1618 1
815 1621 1
815 1925 1
816 895 1
816 925 1
816 956 1
816 992 1
816 1008 1
816 1025 1
816 1054 1
816 1060 1
816 1090 1
816 1116 1
816 1239 1
816 1324 1
816 1351 1
816 1393 1
816 1449 1
816 1459 1
816 1486 1
816 1515 1
816 1516 1
816 1582 1
816 1630 1
816 1676 1
816 1708 1
816 1741 1
816 1798 1
816 1832 1
816 1880 1
816 1904 1
817 850 1
817 1046 1
817 1109 1
817 1126 1
817 1179 1
817 1181 1
817 1234 1
817 1272 1
817 1298 1
817 1489 1
817 1490 1
817 1556 1
817 1612 1
817 1737 1
817 1814 1
817 1838 1
817 1840 1
817 1872 1
817 1895 1
817 1896 1
817 1911 1
817 1915 1
817 1944 1
818 852 1
818 879 1
818 927 1
818 933 1
818 959 1
818 1049 1
818 1123 1
818 1225 1
818 1261 1
818 1411 1
818 1419 1
818 1441 1
818 1459 1
818 1463 1
818 1508 1
818 1566 1
818 1605 1
818 1709 1
818 1775 1
818 1799 1
818 1925 1
818 1991 1
818 1992 1
818 1993 1
818 1998 1
819 826 1
819 828 1
819 853 1
819 950 1
819 1064 1
819 1138 1
819 1189 1
819 1204 1
819 1227 1
819 1228 1
819 1230 1
819 1233 1
819 1246 1
819 1248 1
819 1257 1
819 1289 1
819 1291 1
819 1301 1
819 1443 1
819 1507 1
819 1530 1
819 1558 1
819 1563 1
819 1564 1
819 1619 1
819 1626 1
819 1653 1
819 1668 1
819 1669 1
819 1734 1
819 1794 1
819 1801 1
819 1812 1
819 1816 1
819 1879 1
819 1883 1
819 1911 1
819 1994 1
820 881 1
820 964 1
820 1078 1
820 1190 1
820 1319 1
820 1400 1
820 1432 1
820 1446 1
820 1652 1
820 1659 1
820 1679 1
820 1682 1
820 1685 1
820 1695 1
820 1712 1
820 1730 1
820 1735 1
820 1785 1
820 1787 1
820 1796 1
820 1820 1
820 1911 1
821 833 1
821 912 1
821 933 1
821 1003 1
821 1037 1
821 1041 1
821 1092 1
821 1109 1
821 1120 1
821 1158 1
821 1159 1
821 1162 1
821 1210 1
821 1265 1
821 1266 1
821 1293 1
821 1339 1
821 1350 1
821 1355 1
821 1377 1
821 1391 1
821 1397 1
821 1419 1
821 1536 1
821 1560 1
821 1628 1
821 1629 1
821 1637 1
821 1802 1
821 1857 1
821 1947 1
821 1968 1
822 843 1
822 861 1
822 892 1
822 1117 1
822 1323 1
822 1387 1
822 1411 1
822 1458 1
822 1520 1
822 1560 1
822 1659 1
822 1749 1
822 1754 1
822 1851 1
822 1936 1
822 1944 1
822 1990 1
823 836 1
823 917 1
823 928 1
823 957 1
823 970 1
823 991 1
823 1128 1
823 1168 1
823 1191 1
823 1197 1
823 1253 1
823 1280 1
823 1307 1
823 1308 1
823 1334 1
823 1372 1
823 1378 1
823 1486 1
823 1516 1
823 1527 1
823 1661 1
823 1674 1
823 1682 1
823 1685 1
823 1725 1
823 1768 1
823 1774 1
823 1798 1
823 1834 1
823 1969 1
824 939 1
824 941 1
824 969 1
824 983 1
824 1016 1
824 1096 1
824 1123 1
824 1130 1
824 1173 1
824 1238 1
824 1257 1
824 1259 1
824 1294 1
824 1332 1
824 1334 1
824 1369 1
824 1487 1
824 1514 1
824 1552 1
824 1588 1
824 1768 1
824 1776 1
824 1820 1
824 1838 1
824 1849 1
824 1860 1
824 1867 1
824 1878 1
824 1925 1
824 1927 1
824 1943 1
824 1983 1
824 1997 1
825 826 1
825 925 1
825 926 1
825 929 1
825 969 1
825 1022 1
825 1093 1
825 1167 1
825 1182 1
825 1221 1
825 1229 1
825 1347 1
825 1364 1
825 1395 1
825 1397 1
825 1398 1
825 1405 1
825 1521 1
825 1524 1
825 1650 1
825 1654 1
825 1656 1
825 1701 1
825 1707 1
825 1807 1
825 1840 1
825 1861 1
825 1942 1
826 836 1
826 925 1
826 1017 1
826 1028 1
826 1041 1
826 1088 1
826 1188 1
826 1196 1
826 1297 1
826 1377 1
826 1383 1
826 1390 1
826 1416 1
826 1446 1
826 1560 1
826 1576 1
826 1596 1
826 1613 1
826 1632 1
826 1693 1
826 1695 1
826 1746 1
826 1797 1
826 1832 1
826 1858 1
826 1955 1
827 852 1
827 875 1
827 890 1
827 896 1
827 917 1
827 974 1
827 1029 1
827 1037 1
827 1049 1
827 1128 1
827 1162 1
827 1182 1
827 1231 1
827 1266 1
827 1275 1
827 1323 1
827 1343 1
827 1373 1
827 1410 1
827 1443 1
827 1445 1
827 1448 1
827 1482 1
827 1512 1
827 1595 1
827 1597 1
827 1624 1
827 1652 1
827 1768 1
827 1986 1
827 1990 1
828 842 1
828 898 1
828 941 1
828 989 1
828 1000 1
828 1123 1
828 1129 1
828 1281 1
828 1356 1
828 1398 1
828 1412 1
828 1520 1
828 1584 1
828 1711 1
828 1725 1
828 1757 1
828 1774 1
828 1784 1
828 1826 1
828 1870 1
828 1873 1
828 1882 1
828 1895 1
828 1905 1
828 1926 1
828 1975 1
828 1982 1
828 1991 1
828 1992 1
829 875 1
829 890 1
829 955 1
829 1023 1
829 1031 1
829 1064 1
829 1103 1
829 1177 1
829 1186 1
829 1290 1
829 1303 1
829 1343 1
829 1377 1
829 1387 1
829 1391 1
829 1405 1
829 1429 1
829 1432 1
829 1522 1
829 1532 1
829 1543 1
829 1563 1
829 1580 1
829 1615 1
829 1668 1
829 1689 1
829 1723 1
829 1729 1
829 1761 1
829 1781 1
829 1795 1
829 1820 1
829 1923 1
829 1967 1
830 902 1
830 917 1
830 937 1
830 950 1
830 1005 1
830 1036 1
830 1050 1
830 1054 1
830 1058 1
830 1097 1
830 1131 1
830 1165 1
830 1177 1
830 1203 1
830 1228 1
830 1298 1
830 1314 1
830 1331 1
830 1371 1
830 1428 1
830 1440 1
830 1442 1
830 1469 1
830 1471 1
830 1564 1
830 1600 1
830 1681 1
830 1695 1
830 1786 1
830 1839 1
830 1889 1
830 1938 1
830 1958 1
830 1995 1
831 870 1
831 877 1
831 998 1
831 1000 1
831 1102 1
831 1109 1
831 1130 1
831 1208 1
831 1252 1
831 1254 1
831 1499 1
831 1581 1
831 1607 1
831 1667 1
831 1669 1
831 1693 1
831 1720 1
831 1807 1
831 1814 1
831 1823 1
831 1826 1
831 1896 1
831 1907 1
831 1937 1
831 1942 1
832 885 1
832 1002 1
832 1056 1
832 1072 1
832 1090 1
832 1114 1
832 1133 1
832 1140 1
832 1326 1
832 1342 1
832 1345 1
832 1350 1
832 1370 1
832 1415 1
832 1436 1
832 1470 1
832 1484 1
832 1486 1
832 1524 1
832 1538 1
832 1549 1
832 1603 1
832 1651 1
832 1723 1
832 1747 1
832 1757 1
832 1820 1
832 1881 1
833 842 1
833 879 1
833 947 1
833 962 1
833 988 1
833 1029 1
833 1048 1
833 1062 1
833 1065 1
833 1084 1
833 1089 1
833 1108 1
833 1133 1
833 1230 1
833 1263 1
833 1275 1
833 1329 1
833 1471 1
833 1526 1
833 1592 1
833 1613 1
833 1626 1
833 1696 1
833 1800 1
833 1883 1
833 1893 1
833 1913 1
833 1940 1
833 1941 1
833 1956 1
833 1960 1
833 1965 1
834 900 1
834 954 1
834 992 1
834 1039 1
834 1089 1
834 1117 1
834 1124 1
834 1209 1
834 1315 1
834 1489 1
834 1491 1
834 1510 1
834 1529 1
834 1571 1
834 1612 1
834 1737 1
834 1812 1
834 1867 1
834 1983 1
835 953 1
835 1058 1
835 1065 1
835 1105 1
835 1206 1
835 1235 1
835 1259 1
835 1266 1
835 1283 1
835 1314 1
835 1318 1
835 1423 1
835 1435 1
835 1454 1
835 1490 1
835 1570 1
835 1692 1
835 1760 1
835 1846 1
835 1886 1
835 1906 1
835 1909 1
835 1957 1
835 1971 1
835 1974 1
835 1999 1
836 838 1
836 882 1
836 890 1
836 908 1
836 946 1
836 949 1
836 1102 1
836 1263 1
836 1306 1
836 1399 1
836 1413 1
836 1418 1
836 1437 1
836 1503 1
836 1653 1
836 1701 1
836 1702 1
836 1752 1
836 1915 1
837 956 1
837 985 1
837 999 1
837 1004 1
837 1100 1
837 1124 1
837 1231 1
837 1445 1
837 1526 1
837 1530 1
837 1567 1
837 1708 1
837 1826 1
837 1828 1
837 1851 1
837 1993 1
838 874 1
838 997 1
838 1042 1
838 1165 1
838 1230 1
838 1231 1
838 1286 1
838 1289 1
838 1350 1
838 1360 1
838 1470 1
838 1473 1
838 1505 1
838 1560 1
838 1596 1
838 1658 1
838 1711 1
838 1735 1
838 1888 1
838 1959 1
838 1975 1
838 1976 1
838 1982 1
838 1997 1
839 842 1
839 860 1
839 886 1
839 891 1
839 918 1
839 921 1
839 1039 1
839 1164 1
839 1197 1
839 1326 1
839 1332 1
839 1361 1
839 1398 1
839 1438 1
839 1502 1
839 1580 1
839 1615 1
839 1635 1
839 1658 1
839 1697 1
839 1710 1
839 1718 1
839 1868 1
839 1885 1
839 1920 1
839 1962 1
840 878 1
840 918 1
840 1000 1
840 1081 1
840 1110 1
840 1120 1
840 1154 1
840 1165 1
840 1222 1
840 1265 1
840 1304 1
840 1487 1
840 1510 1
840 1567 1
840 1612 1
840 1620 1
840 1674 1
840 1691 1
840 1709 1
840 1713 1
840 1734 1
840 1821 1
840 1845 1
840 1846 1
840 1980 1
841 848 1
841 880 1
841 919 1
841 966 1
841 983 1
841 999 1
841 1105 1
841 1152 1
841 1171 1
841 1186 1
841 1207 1
841 1231 1
841 1250 1
841 1368 1
841 1373 1
841 1402 1
841 1508 1
841 1565 1
841 1645 1
841 1725 1
841 1729 1
841 1740 1
841 1779 1
841 1801 1
841 1810 1
841 1881 1
841 1927 1
841 1931 1
841 1949 1
841 1972 1
842 881 1
842 888 1
842 909 1
842 960 1
842 966 1
842 990 1
842 1008 1
842 1017 1
842 1028 1
842 1067 1
842 1085 1
842 1173 1
842 1219 1
842 1274 1
842 1283 1
842 1352 1
842 1406 1
842 1419 1
842 1422 1
842 1516 1
842 1567 1
842 1578 1
842 1597 1
842 1609 1
842 1664 1
842 1671 1
842 1684 1
842 1737 1
842 1741 1
842 1782 1
842 1826 1
842 1881 1
842 1890 1
842 1905 1
842 1969 1
843 875 1
843 881 1
843 884 1
843 894 1
843 983 1
843 1131 1
843 1148 1
843 1192 1
843 1218 1
843 1292 1
843 1300 1
843 1376 1
843 1435 1
843 1721 1
843 1772 1
843 1777 1
843 1817 1
843 1844 1
843 1876 1
843 1904 1
843 1923 1
843 1963 1
843 1971 1
843 1997 1
844 994 1
844 1004 1
844 1007 1
844 1011 1
844 1023 1
844 1090 1
844 1154 1
844 1158 1
844 1265 1
844 1337 1
844 1359 1
844 1369 1
844 1381 1
844 1429 1
844 1527 1
844 1687 1
844 1703 1
844 1761 1
844 1771 1
844 1820 1
844 1842 1
844 1850 1
844 1890 1
844 1914 1
844 1991 1
845 855 1
845 861 1
845 866 1
845 935 1
845 1020 1
845 1024 1
845 1072 1
845 1107 1
845 1118 1
845 1142 1
845 1181 1
845 1195 1
845 1253 1
845 1350 1
845 1429 1
845 1465 1
845 1493 1
845 1671 1
845 1690 1
845 1707 1
845 1808 1
845 1825 1
845 1842 1
845 1872 1
845 1882 1
845 1912 1
845 1967 1
845 1989 1
846 855 1
846 922 1
846 933 1
846 965 1
846 1010 1
846 1015 1
846 1100 1
846 1101 1
846 1134 1
846 1146 1
846 1155 1
846 1193 1
846 1197 1
846 1269 1
846 1420 1
846 1423 1
846 1433 1
846 1638 1
846 1654 1
846 1667 1
846 1673 1
846 1710 1
846 1760 1
846 1853 1
846 1880 1
846 1913 1
846 1918 1
847 861 1
847 866 1
847 874 1
847 939 1
847 967 1
847 1000 1
847 1014 1
847 1018 1
847 1100 1
847 1103 1
847 1136 1
847 1156 1
847 1233 1
847 1294 1
847 1315 1
847 1323 1
847 1331 1
847 1386 1
847 1408 1
847 1463 1
847 1497 1
847 1523 1
847 1638 1
847 1648 1
847 1706 1
847 1858 1
848 975 1
848 1024 1
848 1060 1
848 1065 1
848 1124 1
848 1162 1
848 1191 1
848 1224 1
848 1248 1
848 1261 1
848 1270 1
848 1296 1
848 1328 1
848 1334 1
848 1456 1
848 1476 1
848 1529 1
848 1580 1
848 1711 1
848 1720 1
848 1855 1
848 1862 1
848 1930 1
848 1937 1
849 863 1
849 876 1
849 909 1
849 958 1
849 962 1
849 1141 1
849 1254 1
849 1280 1
849 1325 1
849 1336 1
849 1362 1
849 1420 1
849 1491 1
849 1567 1
849 1625 1
849 1660 1
849 1671 1
849 1749 1
849 1795 1
849 1799 1
849 1846 1
849 1883 1
849 1910 1
849 1911 1
849 1982 1
849 1990 1
850 852 1
850 911 1
850 978 1
850 1032 1
850 1041 1
850 1070 1
850 1072 1
850 1081 1
850 1136 1
850 1165 1
850 1206 1
850 1251 1
850 1280 1
850 1315 1
850 1328 1
850 1396 1
850 1415 1
850 1433 1
850 1608 1
850 1611 1
850 1619 1
850 1647 1
850 1648 1
850 1692 1
850 1720 1
850 1829 1
850 1919 1
850 1964 1
850 1996 1
851 897 1
851 967 1
851 993 1
851 1028 1
851 1032 1
851 1078 1
851 1127 1
851 1197 1
851 1253 1
851 1307 1
851 1356 1
851 1435 1
851 1439 1
851 1442 1
851 1476 1
851 1555 1
851 1562 1
851 1619 1
851 1626 1
851 1643 1
851 1710 1
851 1752 1
851 1821 1
851 1834 1
851 1907 1
851 1924 1
851 1928 1
851 1954 1
851 1984 1
852 856 1
852 902 1
852 944 1
852 992 1
852 1002 1
852 1010 1
852 1059 1
852 1097 1
852 1174 1
852 1181 1
852 1239 1
852 1259 1
852 1267 1
852 1302 1
852 1354 1
852 1355 1
852 1360 1
852 1361 1
852 1392 1
852 1454 1
852 1495 1
852 1504 1
852 1524 1
852 1573 1
852 1620 1
852 1626 1
852 1654 1
852 1664 1
852 1781 1
852 1806 1
852 1839 1
852 1886 1
852 1903 1
852 1972 1
852 1984 1
852 1992 1
853 886 1
853 890 1
853 895 1
853 904 1
853 999 1
853 1039 1
853 1047 1
853 1081 1
853 1097 1
853 1260 1
853 1286 1
853 1303 1
853 1324 1
853 1331 1
853 1405 1
853 1459 1
853 1492 1
853 1504 1
853 1532 1
853 1548 1
853 1564 1
853 1579 1
853 1607 1
853 1612 1
853 1687 1
853 1760 1
853 1785 1
853 1816 1
853 1864 1
853 1884 1
853 1944 1
853 1945 1
854 878 1
854 965 1
854 973 1
854 980 1
854 990 1
854 992 1
854 993 1
854 994 1
854 1008 1
854 1119 1
854 1159 1
854 1239 1
854 1274 1
854 1371 1
854 1375 1
854 1410 1
854 1442 1
854 1484 1
854 1486 1
854 1523 1
854 1599 1
854 1680 1
854 1718 1
854 1744 1
854 1806 1
854 1830 1
854 1846 1
854 1895 1
855 888 1
855 912 1
855 923 1
855 924 1
855 930 1
855 933 1
855 1005 1
855 1007 1
855 1008 1
855 1023 1
855 1042 1
855 1060 1
855 1091 1
855 1148 1
855 1186 1
855 1240 1
855 1255 1
855 1267 1
855 1304 1
855 1305 1
855 1318 1
855 1324 1
855 1351 1
855 1427 1
855 1475 1
855 1499 1
855 1636 1
855 1679 1
855 1686 1
855 1711 1
855 1759 1
855 1762 1
855 1780 1
855 1793 1
855 1815 1
855 1868 1
855 1877 1
855 1889 1
855 1936 1
856 863 1
856 929 1
856 992 1
856 1040 1
856 1047 1
856 1126 1
856 1146 1
856 1165 1
856 1180 1
856 1231 1
856 1270 1
856 1349 1
856 1398 1
856 1431 1
856 1444 1
856 1446 1
856 1521 1
856 1530 1
856 1547 1
856 1551 1
856 1581 1
856 1593 1
856 1614 1
856 1644 1
856 1689 1
856 1708 1
856 1787 1
856 1793 1
856 1795 1
856 1796 1
856 1820 1
856 1821 1
856 1832 1
856 1916 1
856 1918 1
857 916 1
857 988 1
857 1025 1
857 1027 1
857 1033 1
857 1035 1
857 1099 1
857 1139 1
857 1204 1
857 1205 1
857 1226 1
857 1266 1
857 1269 1
857 1323 1
857 1356 1
857 1454 1
857 1535 1
857 1542 1
857 1567 1
857 1583 1
857 1608 1
857 1614 1
857 1624 1
857 1650 1
857 1652 1
857 1660 1
857 1673 1
857 1712 1
857 1774 1
857 1797 1
857 1817 1
857 1871 1
857 1890 1
857 1903 1
857 1910 1
857 1929 1
857 1983 1
857 1987 1
857 1998 1
858 881 1
858 892 1
858 941 1
858 942 1
858 955 1
858 983 1
858 1008 1
858 1020 1
858 1027 1
858 1062 1
858 1106 1
858 1110 1
858 1125 1
858 1175 1
858 1198 1
858 1199 1
858 1216 1
858 1225 1
858 1269 1
858 1357 1
858 1359 1
858 1361 1
858 1517 1
858 1547 1
858 1734 1
858 1737 1
858 1746 1
858 1754 1
858 1773 1
858 1787 1
858 1813 1
858 1902 1
858 1940 1
858 1951 1
858 1995 1
859 938 1
859 953 1
859 967 1
859 1010 1
859 1048 1
859 1083 1
859 1138 1
859 1213 1
859 1256 1
859 1272 1
859 1371 1
859 1381 1
859 1471 1
859 1532 1
859 1595 1
859 1646 1
859 1689 1
859 1727 1
859 1733 1
859 1741 1
859 1832 1
859 1913 1
859 1923 1
859 1967 1
860 868 1
860 1060 1
860 1109 1
860 1116 1
860 1144 1
860 1167 1
860 1168 1
860 1201 1
860 1275 1
860 1362 1
860 1378 1
860 1384 1
860 1391 1
860 1485 1
860 1488 1
860 1499 1
860 1635 1
860 1654 1
860 1657 1
860 1734 1
860 1762 1
860 1785 1
860 1845 1
860 1852 1
860 1936 1
860 1964 1
861 950 1
861 968 1
861 970 1
861 1002 1
861 1137 1
861 1145 1
861 1168 1
861 1172 1
861 1196 1
861 1202 1
861 1240 1
861 1248 1
861 1297 1
861 1354 1
861 1379 1
861 1381 1
861 1418 1
861 1435 1
861 1481 1
861 1522 1
861 1533 1
861 1562 1
861 1566 1
861 1582 1
861 1673 1
861 1691 1
861 1881 1
861 1882 1
861 1884 1
861 1950 1
861 1967 1
861 1974 1
862 877 1
862 882 1
862 924 1
862 928 1
862 1012 1
862 1058 1
862 1081 1
862 1128 1
862 1147 1
862 1151 1
862 1165 1
862 1198 1
862 1297 1
862 1306 1
862 1493 1
862 1505 1
862 1523 1
862 1524 1
862 1528 1
862 1607 1
862 1810 1
862 1910 1
862 1915 1
862 1917 1
863 911 1
863 964 1
863 972 1
863 1046 1
863 1070 1
863 1095 1
863 1270 1
863 1273 1
863 1309 1
863 1311 1
863 1321 1
863 1325 1
863 1349 1
863 1359 1
863 1378 1
863 1395 1
863 1403 1
863 1500 1
863 1538 1
863 1579 1
863 1595 1
863 1630 1
863 1635 1
863 1745 1
863 1764 1
863 1770 1
863 1774 1
863 1795 1
863 1827 1
863 1873 1
863 1936 1
863 1964 1
863 1981 1
864 876 1
864 901 1
864 923 1
864 927 1
864 937 1
864 1130 1
864 1134 1
864 1158 1
864 1160 1
864 1165 1
864 1203 1
864 1243 1
864 1292 1
864 1300 1
864 1364 1
864 1366 1
864 1435 1
864 1473 1
864 1519 1
864 1548 1
864 1787 1
864 1900 1
864 1954 1
864 1959 1
864 1983 1
864 1998 1
865 965 1
865 1021 1
865 1040 1
865 1070 1
865 1083 1
865 1138 1
865 1226 1
865 1238 1
865 1414 1
865 1424 1
865 1472 1
865 1492 1
865 1493 1
865 1526 1
865 1530 1
865 1578 1
865 1628 1
865 1636 1
865 1644 1
865 1684 1
865 1771 1
865 1786 1
865 1821 1
865 1844 1
865 1906 1
865 1973 1
866 929 1
866 979 1
866 982 1
866 999 1
866 1008 1
866 1080 1
866 1097 1
866 1154 1
866 1161 1
866 1169 1
866 1242 1
866 1263 1
866 1343 1
866 1361 1
866 1387 1
866 1394 1
866 1395 1
866 1409 1
866 1471 1
866 1514 1
866 1515 1
866 1538 1
866 1618 1
866 1793 1
866 1833 1
866 1861 1
866 1944 1
867 899 1
867 1006 1
867 1026 1
867 1038 1
867 1061 1
867 1088 1
867 1115 1
867 1175 1
867 1227 1
867 1265 1
867 1304 1
867 1312 1
867 1338 1
867 1347 1
867 1500 1
867 1604 1
867 1633 1
867 1642 1
867 1661 1
867 1781 1
867 1825 1
867 1870 1
867 1893 1
867 1900 1
867 1903 1
868 909 1
868 917 1
868 964 1
868 980 1
868 1018 1
868 1043 1
868 1068 1
868 1094 1
868 1138 1
868 1174 1
868 1206 1
868 1218 1
868 1261 1
868 1351 1
868 1456 1
868 1513 1
868 1600 1
868 1609 1
868 1611 1
868 1646 1
868 1663 1
868 1676 1
868 1707 1
868 1792 1
868 1828 1
868 1876 1
868 1904 1
868 1932 1
868 1943 1
868 1963 1
869 893 1
869 900 1
869 916 1
869 936 1
869 963 1
869 1068 1
869 1077 1
869 1082 1
869 1207 1
869 1212 1
869 1216 1
869 1243 1
869 1252 1
869 1269 1
869 1350 1
869 1381 1
869 1414 1
869 1440 1
869 1469 1
869 1507 1
869 1563 1
869 1586 1
869 1613 1
869 1620 1
869 1653 1
869 1790 1
869 1814 1
869 1833 1
869 1875 1
869 1885 1
869 1899 1
869 1901 1
869 1915 1
869 1924 1
870 887 1
870 1009 1
870 1037 1
870 1059 1
870 1083 1
870 1092 1
870 1135 1
870 1225 1
870 1288 1
870 1332 1
870 1372 1
870 1376 1
870 1430 1
870 1435 1
870 1436 1
870 1450 1
870 1479 1
870 1482 1
870 1505 1
870 1661 1
870 1663 1
870 1688 1
870 1712 1
870 1732 1
870 1785 1
870 1796 1
870 1822 1
870 1856 1
870 1900 1
870 1928 1
870 1930 1
870 1950 1
870 1959 1
870 1973 1
870 1982 1
870 1998 1
871 896 1
871 955 1
871 970 1
871 971 1
871 972 1
871 994 1
871 999 1
871 1014 1
871 1029 1
871 1053 1
871 1189 1
871 1196 1
871 1248 1
871 1253 1
871 1295 1
871 1312 1
871 1313 1
871 1347 1
871 1348 1
871 1363 1
871 1424 1
871 1443 1
871 1457 1
871 1527 1
871 1529 1
871 1552 1
871 1567 1
871 1584 1
871 1613 1
871 1618 1
871 1640 1
871 1668 1
871 1689 1
871 1690 1
871 1703 1
871 1721 1
871 1731 1
871 1750 1
871 1782 1
871 1901 1
871 1908 1
871 1927 1
872 886 1
872 920 1
872 992 1
872 1023 1
872 1031 1
872 1079 1
872 1083 1
872 1094 1
872 1210 1
872 1211 1
872 1224 1
872 1255 1
872 1317 1
872 1337 1
872 1350 1
872 1362 1
872 1380 1
872 1439 1
872 1558 1
872 1609 1
872 1710 1
872 1715 1
872 1726 1
872 1736 1
872 1756 1
872 1775 1
872 1806 1
872 1820 1
873 885 1
873 939 1
873 951 1
873 980 1
873 981 1
873 1057 1
873 1082 1
873 1152 1
873 1291 1
873 1321 1
873 1334 1
873 1381 1
873 1396 1
873 1486 1
873 1556 1
873 1568 1
873 1734 1
873 1767 1
873 1859 1
873 1900 1
873 1935 1
873 1946 1
873 1956 1
873 1964 1
873 1966 1
873 1985 1
874 885 1
874 923 1
874 966 1
874 1018 1
874 1052 1
874 1124 1
874 1170 1
874 1183 1
874 1229 1
874 1417 1
874 1431 1
874 1433 1
874 1485 1
874 1496 1
874 1498 1
874 1527 1
874 1529 1
874 1604 1
874 1617 1
874 1643 1
874 1657 1
874 1696 1
874 1697 1
874 1707 1
874 1785 1
874 1806 1
874 1832 1
874 1878 1
874 1961 1
875 944 1
875 1088 1
875 1104 1
875 1131 1
875 1138 1
875 1209 1
875 1234 1
875 1260 1
875 1279 1
875 1351 1
875 1379 1
875 1384 1
875 1424 1
875 1477 1
875 1495 1
875 1498 1
875 1582 1
875 1595 1
875 1597 1
875 1611 1
875 1629 1
875 1664 1
875 1744 1
875 1832 1
875 1835 1
875 1865 1
875 1867 1
875 1874 1
875 1973 1
875 1990 1
876 882 1
876 889 1
876 907 1
876 909 1
876 985 1
876 1056 1
876 1163 1
876 1226 1
876 1235 1
876 1251 1
876 1337 1
876 1349 1
876 1426 1
876 1521 1
876 1563 1
876 1580 1
876 1653 1
876 1655 1
876 1659 1
876 1711 1
876 1733 1
876 1760 1
876 1763 1
876 1764 1
876 1821 1
876 1968 1
876 1979 1
876 1988 1
877 937 1
877 1006 1
877 1067 1
877 1131 1
877 1135 1
877 1157 1
877 1198 1
877 1218 1
877 1242 1
877 1335 1
877 1429 1
877 1437 1
877 1453 1
877 1500 1
877 1547 1
877 1568 1
877 1637 1
877 1668 1
877 1793 1
877 1907 1
877 1950 1
878 890 1
878 978 1
878 979 1
878 1051 1
878 1259 1
878 1288 1
878 1311 1
878 1342 1
878 1425 1
878 1438 1
878 1460 1
878 1604 1
878 1695 1
878 1769 1
878 1775 1
878 1780 1
878 1835 1
878 1836 1
878 1877 1
878 1880 1
878 1884 1
878 1917 1
878 1959 1
879 882 1
879 1007 1
879 1034 1
879 1073 1
879 1097 1
879 1099 1
879 1106 1
879 1141 1
879 1185 1
879 1190 1
879 1217 1
879 1229 1
879 1231 1
879 1282 1
879 1318 1
879 1328 1
879 1361 1
879 1366 1
879 1390 1
879 1395 1
879 1422 1
879 1448 1
879 1560 1
879 1596 1
879 1633 1
879 1641 1
879 1663 1
879 1769 1
879 1778 1
879 1794 1
879 1805 1
879 1893 1
879 1910 1
879 1949 1
879 1973 1
879 1987 1
879 1997 1
880 905 1
880 930 1
880 940 1
880 1026 1
880 1071 1
880 1073 1
880 1116 1
880 1118 1
880 1163 1
880 1220 1
880 1225 1
880 1226 1
880 1307 1
880 1342 1
880 1350 1
880 1368 1
880 1389 1
880 1407 1
880 1532 1
880 1569 1
880 1593 1
880 1595 1
880 1605 1
880 1614 1
880 1628 1
880 1638 1
880 1668 1
880 1698 1
880 1780 1
880 1817 1
880 1848 1
880 1889 1
880 1920 1
880 1999 1
881 894 1
881 1018 1
881 1090 1
881 1140 1
881 1166 1
881 1198 1
881 1327 1
881 1332 1
881 1342 1
881 1352 1
881 1422 1
881 1423 1
881 1459 1
881 1463 1
881 1485 1
881 1498 1
881 1622 1
881 1627 1
881 1637 1
881 1818 1
881 1859 1
881 1871 1
881 1876 1
881 1880 1
881 1891 1
882 914 1
882 936 1
882 952 1
882 978 1
882 1024 1
882 1029 1
882 1142 1
882 1164 1
882 1198 1
882 1290 1
882 1318 1
882 1363 1
882 1365 1
882 1395 1
882 1428 1
882 1497 1
882 1574 1
882 1662 1
882 1789 1
882 1792 1
882 1843 1
882 1895 1
882 1897 1
882 1906 1
883 897 1
883 945 1
883 1043 1
883 1045 1
883 1061 1
883 1184 1
883 1206 1
883 1239 1
883 1272 1
883 1329 1
883 1356 1
883 1401 1
883 1410 1
883 1527 1
883 1566 1
883 1599 1
883 1600 1
883 1628 1
883 1630 1
883 1664 1
883 1697 1
883 1700 1
883 1779 1
883 1844 1
883 1901 1
883 1957 1
884 976 1
884 1007 1
884 1038 1
884 1047 1
884 1123 1
884 1125 1
884 1133 1
884 1232 1
884 1333 1
884 1455 1
884 1474 1
884 1530 1
884 1544 1
884 1558 1
884 1615 1
884 1630 1
884 1653 1
884 1669 1
884 1783 1
884 1793 1
884 1809 1
884 1825 1
884 1895 1
884 1935 1
884 1962 1
884 1971 1
884 1998 1
885 890 1
885 929 1
885 1055 1
885 1166 1
885 1183 1
885 1371 1
885 1397 1
885 1438 1
885 1518 1
885 1519 1
885 1520 1
885 1556 1
885 1635 1
885 1657 1
885 1659 1
885 1761 1
885 1802 1
885 1950 1
885 1992 1
886 918 1
886 967 1
886 1009 1
886 1057 1
886 1129 1
886 1160 1
886 1173 1
886 1184 1
886 1239 1
886 1339 1
886 1356 1
886 1385 1
886 1411 1
886 1452 1
886 1602 1
886 1690 1
886 1764 1
886 1765 1
886 1825 1
886 1839 1
887 896 1
887 1049 1
887 1119 1
887 1129 1
887 1151 1
887 1182 1
887 1209 1
887 1318 1
887 1324 1
887 1341 1
887 1344 1
887 1351 1
887 1388 1
887 1399 1
887 1523 1
887 1584 1
887 1667 1
887 1712 1
887 1738 1
887 1746 1
887 1751 1
887 1758 1
887 1776 1
887 1834 1
887 1851 1
887 1991 1
888 904 1
888 912 1
888 977 1
888 988 1
888 1028 1
888 1086 1
888 1088 1
888 1093 1
888 1112 1
888 1172 1
888 1174 1
888 1229 1
888 1240 1
888 1246 1
888 1305 1
888 1320 1
888 1374 1
888 1387 1
888 1419 1
888 1598 1
888 1746 1
888 1784 1
888 1789 1
888 1830 1
888 1927 1
888 1953 1
888 1988 1
889 900 1
889 929 1
889 1002 1
889 1227 1
889 1230 1
889 1325 1
889 1415 1
889 1440 1
889 1468 1
889 1559 1
889 1665 1
889 1699 1
889 1815 1
889 1867 1
889 1930 1
889 1932 1
889 1953 1
890 900 1
890 901 1
890 905 1
890 955 1
890 984 1
890 1020 1
890 1048 1
890 1102 1
890 1130 1
890 1198 1
890 1274 1
890 1307 1
890 1397 1
890 1423 1
890 1478 1
890 1480 1
890 1504 1
890 1511 1
890 1532 1
890 1565 1
890 1635 1
890 1693 1
890 1707 1
890 1725 1
890 1809 1
890 1813 1
890 1950 1
891 903 1
891 1027 1
891 1031 1
891 1040 1
891 1138 1
891 1181 1
891 1182 1
891 1187 1
891 1221 1
891 1380 1
891 1403 1
891 1438 1
891 1462 1
891 1474 1
891 1555 1
891 1565 1
891 1596 1
891 1639 1
891 1641 1
891 1642 1
891 1674 1
891 1709 1
891 1740 1
891 1827 1
891 1829 1
891 1869 1
891 1877 1
892 917 1
892 923 1
892 952 1
892 978 1
892 998 1
892 1000 1
892 1024 1
892 1059 1
892 1110 1
892 1128 1
892 1129 1
892 1133 1
892 1176 1
892 1188 1
892 1262 1
892 1275 1
892 1297 1
892 1323 1
892 1343 1
892 1396 1
892 1404 1
892 1518 1
892 1546 1
892 1579 1
892 1678 1
892 1732 1
892 1765 1
892 1792 1
892 1809 1
892 1838 1
892 1925 1
892 1968 1
892 1974 1
893 1013 1
893 1041 1
893 1048 1
893 1089 1
893 1108 1
893 1122 1
893 1141 1
893 1160 1
893 1175 1
893 1178 1
893 1274 1
893 1283 1
893 1285 1
893 1310 1
893 1331 1
893 1349 1
893 1379 1
893 1473 1
893 1564 1
893 1597 1
893 1618 1
893 1708 1
893 1785 1
893 1798 1
893 1811 1
893 1861 1
893 1871 1
893 1893 1
893 1903 1
893 1953 1
894 905 1
894 908 1
894 987 1
894 1068 1
894 1075 1
894 1135 1
894 1216 1
894 1237 1
894 1243 1
894 1251 1
894 1307 1
894 1357 1
894 1373 1
894 1412 1
894 1527 1
894 1581 1
894 1590 1
894 1654 1
894 1740 1
894 1755 1
894 1820 1
894 1897 1
894 1924 1
895 1057 1
895 1063 1
895 1090 1
895 1110 1
895 1138 1
895 1153 1
895 1167 1
895 1180 1
895 1202 1
895 1231 1
895 1267 1
895 1280 1
895 1285 1
895 1301 1
895 1309 1
895 1340 1
895 1378 1
895 1380 1
895 1420 1
895 1435 1
895 1473 1
895 1485 1
895 1511 1
895 1539 1
895 1556 1
895 1655 1
895 1692 1
895 1762 1
895 1772 1
895 1781 1
895 1853 1
895 1890 1
895 1983 1
896 988 1
896 1112 1
896 1147 1
896 1215 1
896 1222 1
896 1233 1
896 1253 1
896 1256 1
896 1268 1
896 1276 1
896 1316 1
896 1325 1
896 1362 1
896 1377 1
896 1378 1
896 1382 1
896 1387 1
896 1421 1
896 1538 1
896 1548 1
896 1577 1
896 1594 1
896 1619 1
896 1680 1
896 1766 1
896 1784 1
896 1810 1
896 1873 1
896 1935 1
896 1956 1
897 899 1
897 914 1
897 1060 1
897 1122 1
897 1156 1
897 1180 1
897 1239 1
897 1421 1
897 1440 1
897 1448 1
897 1455 1
897 1484 1
897 1509 1
897 1512 1
897 1563 1
897 1565 1
897 1593 1
897 1625 1
897 1645 1
897 1666 1
897 1686 1
897 1736 1
897 1756 1
897 1767 1
897 1842 1
897 1845 1
897 1867 1
897 1868 1
897 1875 1
897 1914 1
897 1979 1
898 915 1
898 997 1
898 1042 1
898 1047 1
898 1092 1
898 1121 1
898 1126 1
898 1208 1
898 1213 1
898 1221 1
898 1257 1
898 1293 1
898 1294 1
898 1314 1
898 1349 1
898 1399 1
898 1523 1
898 1571 1
898 1577 1
898 1608 1
898 1719 1
898 1774 1
898 1784 1
898 1847 1
898 1922 1
898 1948 1
898 1995 1
899 906 1
899 933 1
899 970 1
899 974 1
899 1043 1
899 1048 1
899 1221 1
899 1230 1
899 1239 1
899 1289 1
899 1414 1
899 1432 1
899 1453 1
899 1479 1
899 1498 1
899 1547 1
899 1556 1
899 1610 1
899 1612 1
899 1621 1
899 1731 1
899 1766 1
899 1780 1
899 1788 1
899 1795 1
899 1833 1
899 1843 1
899 1870 1
899 1889 1
899 1890 1
899 1894 1
899 1921 1
899 1927 1
899 1978 1
900 906 1
900 992 1
900 1025 1
900 1134 1
900 1245 1
900 1308 1
900 1309 1
900 1361 1
900 1517 1
900 1540 1
900 1729 1
900 1814 1
900 1846 1
900 1905 1
900 1942 1
901 902 1
901 911 1
901 930 1
901 978 1
901 1037 1
901 1077 1
901 1096 1
901 1124 1
901 1154 1
901 1199 1
901 1200 1
901 1246 1
901 1295 1
901 1319 1
901 1342 1
901 1368 1
901 1380 1
901 1410 1
901 1433 1
901 1473 1
901 1474 1
901 1491 1
901 1536 1
901 1570 1
901 1573 1
901 1592 1
901 1642 1
901 1656 1
901 1663 1
901 1664 1
901 1689 1
901 1756 1
901 1785 1
901 1828 1
901 1833 1
901 1889 1
901 1899 1
901 1903 1
901 1943 1
901 1982 1
902 1024 1
902 1104 1
902 1118 1
902 1181 1
902 1240 1
902 1283 1
902 1316 1
902 1337 1
902 1491 1
902 1575 1
902 1578 1
902 1592 1
902 1637 1
902 1680 1
902 1823 1
902 1841 1
902 1893 1
902 1956 1
903 956 1
903 1138 1
903 1139 1
903 1148 1
903 1364 1
903 1373 1
903 1403 1
903 1422 1
903 1508 1
903 1540 1
903 1609 1
903 1631 1
903 1669 1
903 1671 1
903 1712 1
903 1765 1
903 1774 1
903 1805 1
903 1841 1
903 1858 1
903 1885 1
903 1919 1
903 1954 1
903 1978 1
904 921 1
904 938 1
904 951 1
904 1004 1
904 1027 1
904 1066 1
904 1122 1
904 1130 1
904 1321 1
904 1328 1
904 1331 1
904 1373 1
904 1420 1
904 1438 1
904 1463 1
904 1477 1
904 1481 1
904 1625 1
904 1645 1
904 1661 1
904 1682 1
904 1722 1
904 1724 1
904 1728 1
904 1778 1
904 1806 1
904 1899 1
905 931 1
905 981 1
905 985 1
905 1001 1
905 1069 1
905 1160 1
905 1259 1
905 1272 1
905 1329 1
905 1349 1
905 1383 1
905 1385 1
905 1403 1
905 1471 1
905 1592 1
905 1607 1
905 1693 1
905 1702 1
905 1713 1
905 1760 1
905 1794 1
905 1830 1
905 1840 1
905 1863 1
905 1878 1
905 1897 1
905 1919 1
905 1983 1
906 922 1
906 969 1
906 1012 1
906 1047 1
906 1067 1
906 1253 1
906 1259 1
906 1293 1
906 1365 1
906 1384 1
906 1439 1
906 1496 1
906 1572 1
906 1647 1
906 1706 1
906 1728 1
906 1733 1
906 1743 1
906 1787 1
906 1828 1
906 1860 1
906 1876 1
906 1888 1
906 1896 1
906 1944 1
906 1983 1
907 923 1
907 931 1
907 940 1
907 1014 1
907 1040 1
907 1053 1
907 1110 1
907 1119 1
907 1122 1
907 1151 1
907 1178 1
907 1191 1
907 1206 1
907 1213 1
907 1232 1
907 1290 1
907 1354 1
907 1381 1
907 1401 1
907 1492 1
907 1523 1
907 1537 1
907 1539 1
907 1727 1
907 1728 1
907 1781 1
907 1783 1
907 1822 1
907 1908 1
907 1937 1
907 1943 1
907 1985 1
907 1989 1
908 1003 1
908 1075 1
908 1108 1
908 1126 1
908 1139 1
908 1156 1
908 1165 1
908 1227 1
908 1238 1
908 1249 1
908 1261 1
908 1267 1
908 1375 1
908 1405 1
908 1433 1
908 1442 1
908 1479 1
908 1498 1
908 1528 1
908 1545 1
908 1617 1
908 1680 1
908 1745 1
908 1822 1
908 1849 1
908 1851 1
908 1860 1
908 1878 1
908 1939 1
908 1993 1
909 910 1
909 977 1
909 1029 1
909 1247 1
909 1250 1
909 1299 1
909 1374 1
909 1385 1
909 1386 1
909 1389 1
909 1441 1
909 1494 1
909 1497 1
909 1651 1
909 1682 1
909 1695 1
909 1730 1
909 1806 1
909 1873 1
909 1903 1
909 1932 1
910 922 1
910 959 1
910 990 1
910 1089 1
910 1099 1
910 1103 1
910 1136 1
910 1172 1
910 1176 1
910 1200 1
910 1278 1
910 1292 1
910 1317 1
910 1352 1
910 1378 1
910 1452 1
910 1467 1
910 1511 1
910 1588 1
910 1703 1
910 1757 1
910 1791 1
910 1828 1
910 1877 1
910 1981 1
910 1992 1
911 936 1
911 945 1
911 1019 1
911 1068 1
911 1082 1
911 1111 1
911 1112 1
911 1157 1
911 1212 1
911 1288 1
911 1293 1
911 1297 1
911 1319 1
911 1485 1
911 1582 1
911 1686 1
911 1720 1
911 1831 1
911 1860 1
911 1865 1
911 1894 1
911 1919 1
911 1971 1
911 1986 1
912 956 1
912 995 1
912 1008 1
912 1025 1
912 1038 1
912 1061 1
912 1075 1
912 1098 1
912 1122 1
912 1172 1
912 1232 1
912 1257 1
912 1309 1
912 1315 1
912 1382 1
912 1451 1
912 1470 1
912 1501 1
912 1623 1
912 1689 1
912 1696 1
912 1734 1
912 1740 1
912 1788 1
912 1835 1
912 1839 1
912 1863 1
912 1918 1
912 1957 1
913 1017 1
913 1058 1
913 1078 1
913 1097 1
913 1098 1
913 1164 1
913 1234 1
913 1237 1
913 1257 1
913 1436 1
913 1458 1
913 1484 1
913 1505 1
913 1559 1
913 1596 1
913 1683 1
913 1747 1
913 1786 1
913 1816 1
913 1821 1
913 1859 1
913 1921 1
913 1992 1
913 1993 1
914 915 1
914 948 1
914 991 1
914 1051 1
914 1054 1
914 1083 1
914 1140 1
914 1169 1
914 1297 1
914 1428 1
914 1482 1
914 1494 1
914 1513 1
914 1533 1
914 1639 1
914 1713 1
914 1767 1
914 1771 1
914 1794 1
914 1804 1
914 1813 1
914 1917 1
915 937 1
915 950 1
915 1021 1
915 1045 1
915 1060 1
915 1090 1
915 1121 1
915 1126 1
915 1195 1
915 1219 1
915 1226 1
915 1254 1
915 1279 1
915 1368 1
915 1370 1
915 1496 1
915 1680 1
915 1759 1
915 1815 1
915 1835 1
915 1838 1
915 1863 1
915 1898 1
915 1905 1
915 1912 1
915 1998 1
916 926 1
916 1058 1
916 1111 1
916 1203 1
916 1209 1
916 1285 1
916 1492 1
916 1523 1
916 1562 1
916 1563 1
916 1579 1
916 1593 1
916 1636 1
916 1765 1
916 1785 1
916 1889 1
916 1894 1
916 1947 1
916 1981 1
917 920 1
917 939 1
917 983 1
917 988 1
917 1011 1
917 1098 1
917 1114 1
917 1133 1
917 1139 1
917 1242 1
917 1281 1
917 1289 1
917 1341 1
917 1485 1
917 1497 1
917 1534 1
917 1607 1
917 1658 1
917 1670 1
917 1819 1
917 1861 1
917 1935 1
917 1973 1
918 948 1
918 958 1
918 985 1
918 1080 1
918 1082 1
918 1110 1
918 1160 1
918 1203 1
918 1284 1
918 1289 1
918 1305 1
918 1347 1
918 1365 1
918 1382 1
918 1412 1
918 1425 1
918 1452 1
918 1461 1
918 1471 1
918 1521 1
918 1562 1
918 1599 1
918 1728 1
918 1818 1
918 1828 1
918 1933 1
919 934 1
919 937 1
919 987 1
919 1008 1
919 1021 1
919 1039 1
919 1072 1
919 1075 1
919 1088 1
919 1155 1
919 1219 1
919 1240 1
919 1256 1
919 1300 1
919 1309 1
919 1358 1
919 1392 1
919 1430 1
919 1482 1
919 1560 1
919 1622 1
919 1648 1
919 1678 1
919 1687 1
919 1891 1
919 1931 1
919 1961 1
920 1002 1
920 1043 1
920 1047 1
920 1070 1
920 1078 1
920 1201 1
920 1214 1
920 1266 1
920 1300 1
920 1324 1
920 1377 1
920 1464 1
920 1506 1
920 1688 1
920 1694 1
920 1708 1
920 1782 1
920 1812 1
920 1819 1
920 1845 1
920 1956 1
921 926 1
921 975 1
921 993 1
921 1000 1
921 1007 1
921 1012 1
921 1068 1
921 1076 1
921 1093 1
921 1146 1
921 1152 1
921 1168 1
921 1182 1
921 1272 1
921 1291 1
921 1304 1
921 1319 1
921 1323 1
921 1352 1
921 1357 1
921 1375 1
921 1417 1
921 1436 1
921 1480 1
921 1489 1
921 1549 1
921 1553 1
921 1567 1
921 1602 1
921 1626 1
921 1634 1
921 1639 1
921 1643 1
921 1649 1
921 1767 1
921 1785 1
921 1787 1
921 1799 1
921 1820 1
921 1824 1
921 1956 1
921 1964 1
921 1967 1
921 1998 1
922 937 1
922 1090 1
922 1104 1
922 1106 1
922 1114 1
922 1128 1
922 1138 1
922 1235 1
922 1240 1
922 1294 1
922 1333 1
922 1381 1
922 1413 1
922 1426 1
922 1531 1
922 1688 1
922 1770 1
922 1835 1
922 1904 1
922 1956 1
922 1966 1
922 1983 1
922 1990 1
923 1025 1
923 1109 1
923 1186 1
923 1259 1
923 1271 1
923 1281 1
923 1372 1
923 1467 1
923 1611 1
923 1635 1
923 1650 1
923 1696 1
923 1741 1
923 1768 1
923 1783 1
923 1792 1
923 1816 1
923 1857 1
923 1943 1
923 1979 1
924 970 1
924 1029 1
924 1047 1
924 1101 1
924 1116 1
924 1138 1
924 1140 1
924 1179 1
924 1224 1
924 1233 1
924 1273 1
924 1292 1
924 1375 1
924 1404 1
924 1437 1
924 1470 1
924 1482 1
924 1555 1
924 1557 1
924 1598 1
924 1606 1
924 1630 1
924 1654 1
924 1817 1
924 1988 1
925 993 1
925 1000 1
925 1109 1
925 1146 1
925 1192 1
925 1267 1
925 1372 1
925 1494 1
925 1530 1
925 1569 1
925 1653 1
925 1691 1
925 1716 1
925 1718 1
925 1754 1
925 1872 1
925 1911 1
925 1916 1
925 1925 1
925 1935 1
925 1982 1
926 945 1
926 948 1
926 1119 1
926 1138 1
926 1152 1
926 1153 1
926 1225 1
926 1235 1
926 1293 1
926 1335 1
926 1374 1
926 1386 1
926 1391 1
926 1519 1
926 1530 1
926 1565 1
926 1592 1
926 1612 1
926 1618 1
926 1623 1
926 1702 1
926 1823 1
926 1828 1
926 1835 1
926 1857 1
926 1886 1
927 963 1
927 1031 1
927 1046 1
927 1068 1
927 1069 1
927 1120 1
927 1121 1
927 1166 1
927 1189 1
927 1200 1
927 1218 1
927 1249 1
927 1251 1
927 1273 1
927 1309 1
927 1394 1
927 1412 1
927 1419 1
927 1461 1
927 1477 1
927 1504 1
927 1570 1
927 1591 1
927 1624 1
927 1684 1
927 1714 1
927 1751 1
927 1762 1
927 1763 1
927 1796 1
927 1898 1
927 1955 1
927 1964 1
928 1030 1
928 1038 1
928 1043 1
928 1081 1
928 1104 1
928 1165 1
928 1213 1
928 1220 1
928 1267 1
928 1283 1
928 1299 1
928 1349 1
928 1571 1
928 1575 1
928 1583 1
928 1594 1
928 1638 1
928 1693 1
928 1701 1
928 1761 1
928 1793 1
928 1797 1
928 1812 1
928 1847 1
928 1926 1
928 1978 1
928 1987 1
929 1013 1
929 1016 1
929 1083 1
929 1111 1
929 1201 1
929 1256 1
929 1259 1
929 1267 1
929 1270 1
929 1271 1
929 1381 1
929 1467 1
929 1469 1
929 1472 1
929 1574 1
929 1576 1
929 1603 1
929 1620 1
929 1645 1
929 1711 1
929 1719 1
929 1747 1
929 1772 1
929 1789 1
929 1885 1
929 1921 1
929 1987 1
930 937 1
930 940 1
930 965 1
930 1049 1
930 1173 1
930 1177 1
930 1199 1
930 1220 1
930 1230 1
930 1246 1
930 1324 1
930 1359 1
930 1370 1
930 1434 1
930 1444 1
930 1457 1
930 1478 1
930 1494 1
930 1633 1
930 1651 1
930 1711 1
930 1790 1
930 1894 1
931 1087 1
931 1109 1
931 1129 1
931 1142 1
931 1163 1
931 1204 1
931 1263 1
931 1266 1
931 1308 1
931 1310 1
931 1322 1
931 1360 1
931 1419 1
931 1431 1
931 1440 1
931 1515 1
931 1567 1
931 1576 1
931 1597 1
931 1599 1
931 1654 1
931 1716 1
931 1730 1
931 1818 1
931 1833 1
931 1849 1
931 1881 1
931 1942 1
931 2000 1
932 1033 1
932 1135 1
932 1156 1
932 1202 1
932 1241 1
932 1331 1
932 1348 1
932 1473 1
932 1658 1
932 1694 1
932 1723 1
932 1747 1
932 1748 1
932 1868 1
932 1911 1
933 1034 1
933 1035 1
933 1057 1
933 1156 1
933 1171 1
933 1323 1
933 1339 1
933 1349 1
933 1377 1
933 1404 1
933 1424 1
933 1437 1
933 1475 1
933 1498 1
933 1533 1
933 1569 1
933 1596 1
933 1602 1
933 1692 1
933 1697 1
933 1941 1
933 1991 1
934 936 1
934 982 1
934 1008 1
934 1057 1
934 1068 1
934 1096 1
934 1154 1
934 1192 1
934 1212 1
934 1240 1
934 1278 1
934 1291 1
934 1294 1
934 1320 1
934 1347 1
934 1413 1
934 1458 1
934 1464 1
934 1477 1
934 1525 1
934 1532 1
934 1561 1
934 1587 1
934 1658 1
934 1719 1
934 1734 1
934 1760 1
934 1767 1
934 1771 1
934 1815 1
934 1878 1
934 1881 1
934 1900 1
934 1970 1
935 946 1
935 1026 1
935 1079 1
935 1082 1
935 1354 1
935 1384 1
935 1428 1
935 1473 1
935 1745 1
935 1782 1
935 1795 1
935 1804 1
935 1826 1
935 1873 1
935 1896 1
935 1915 1
935 1944 1
935 1986 1
936 955 1
936 982 1
936 1030 1
936 1083 1
936 1112 1
936 1121 1
936 1143 1
936 1154 1
936 1162 1
936 1185 1
936 1217 1
936 1247 1
936 1280 1
936 1432 1
936 1443 1
936 1459 1
936 1509 1
936 1631 1
936 1658 1
936 1735 1
936 1770 1
936 1773 1
936 1816 1
936 1859 1
936 1869 1
936 1883 1
936 1935 1
936 1995 1
937 1044 1
937 1098 1
937 1153 1
937 1197 1
937 1293 1
937 1352 1
937 1375 1
937 1394 1
937 1422 1
937 1460 1
937 1486 1
937 1540 1
937 1553 1
937 1580 1
937 1617 1
937 1647 1
937 1673 1
937 1683 1
937 1751 1
937 1771 1
937 1777 1
937 1778 1
937 1831 1
937 1843 1
937 1862 1
937 1938 1
937 1950 1
937 1994 1
938 951 1
938 960 1
938 966 1
938 1039 1
938 1042 1
938 1149 1
938 1222 1
938 1241 1
938 1314 1
938 1317 1
938 1340 1
938 1395 1
938 1450 1
938 1454 1
938 1463 1
938 1554 1
938 1561 1
938 1643 1
938 1647 1
938 1657 1
938 1822 1
938 1827 1
938 1852 1
938 1857 1
938 1911 1
938 1994 1
939 958 1
939 994 1
939 1015 1
939 1024 1
939 1045 1
939 1063 1
939 1090 1
939 1098 1
939 1112 1
939 1117 1
939 1232 1
939 1253 1
939 1264 1
939 1337 1
939 1354 1
939 1393 1
939 1430 1
939 1466 1
939 1565 1
939 1607 1
939 1654 1
939 1683 1
939 1809 1
939 1817 1
939 1843 1
939 1850 1
939 1868 1
940 1011 1
940 1042 1
940 1093 1
940 1157 1
940 1167 1
940 1196 1
940 1276 1
940 1295 1
940 1327 1
940 1335 1
940 1361 1
940 1380 1
940 1385 1
940 1424 1
940 1468 1
940 1564 1
940 1579 1
940 1663 1
940 1684 1
940 1720 1
940 1760 1
940 1863 1
940 1865 1
940 1923 1
940 1930 1
940 1970 1
940 1971 1
940 1974 1
941 963 1
941 971 1
941 986 1
941 987 1
941 991 1
941 1079 1
941 1137 1
941 1140 1
941 1196 1
941 1277 1
941 1291 1
941 1308 1
941 1357 1
941 1405 1
941 1446 1
941 1480 1
941 1492 1
941 1542 1
941 1598 1
941 1614 1
941 1666 1
941 1676 1
941 1743 1
941 1792 1
941 1864 1
941 1877 1
941 1927 1
941 1973 1
942 950 1
942 965 1
942 971 1
942 1009 1
942 1027 1
942 1039 1
942 1117 1
942 1146 1
942 1217 1
942 1333 1
942 1369 1
942 1416 1
942 1428 1
942 1452 1
942 1482 1
942 1489 1
942 1556 1
942 1560 1
942 1569 1
942 1616 1
942 1625 1
942 1630 1
942 1697 1
942 1722 1
942 1725 1
942 1752 1
942 1824 1
942 1915 1
942 1917 1
942 1943 1
943 956 1
943 1035 1
943 1103 1
943 1108 1
943 1115 1
943 1310 1
943 1317 1
943 1327 1
943 1329 1
943 1336 1
943 1346 1
943 1411 1
943 1431 1
943 1440 1
943 1488 1
943 1514 1
943 1535 1
943 1565 1
943 1595 1
943 1625 1
943 1734 1
943 1763 1
943 1801 1
943 1918 1
943 1942 1
943 1993 1
944 1105 1
944 1120 1
944 1130 1
944 1223 1
944 1229 1
944 1240 1
944 1244 1
944 1288 1
944 1342 1
944 1451 1
944 1636 1
944 1652 1
944 1792 1
944 1835 1
944 1840 1
944 1871 1
944 1877 1
944 1934 1
945 973 1
945 986 1
945 1012 1
945 1069 1
945 1091 1
945 1110 1
945 1119 1
945 1174 1
945 1219 1
945 1252 1
945 1253 1
945 1422 1
945 1441 1
945 1491 1
945 1522 1
945 1530 1
945 1544 1
945 1580 1
945 1592 1
945 1649 1
945 1682 1
945 1779 1
945 1819 1
945 1901 1
945 1937 1
945 1938 1
945 1981 1
945 1988 1
946 991 1
946 1002 1
946 1010 1
946 1046 1
946 1109 1
946 1192 1
946 1231 1
946 1234 1
946 1243 1
946 1249 1
946 1256 1
946 1269 1
946 1308 1
946 1356 1
946 1390 1
946 1527 1
946 1540 1
946 1569 1
946 1692 1
946 1860 1
946 1864 1
946 1918 1
946 1924 1
946 1958 1
946 1962 1
946 1987 1
946 1999 1
947 982 1
947 1075 1
947 1139 1
947 1140 1
947 1195 1
947 1221 1
947 1230 1
947 1317 1
947 1474 1
947 1495 1
947 1537 1
947 1542 1
947 1546 1
947 1598 1
947 1649 1
947 1650 1
947 1678 1
947 1698 1
947 1699 1
947 1738 1
947 1817 1
947 1874 1
947 1908 1
948 1126 1
948 1194 1
948 1212 1
948 1227 1
948 1252 1
948 1276 1
948 1341 1
948 1396 1
948 1414 1
948 1487 1
948 1588 1
948 1601 1
948 1656 1
948 1672 1
948 1683 1
948 1693 1
948 1696 1
948 1795 1
948 1831 1
948 1855 1
948 1880 1
948 1895 1
948 1932 1
948 1989 1
949 994 1
949 1165 1
949 1174 1
949 1250 1
949 1259 1
949 1284 1
949 1315 1
949 1351 1
949 1353 1
949 1390 1
949 1407 1
949 1444 1
949 1510 1
949 1562 1
949 1597 1
949 1609 1
949 1625 1
949 1699 1
949 1707 1
949 1736 1
949 1739 1
949 1771 1
949 1848 1
949 1855 1
949 1916 1
949 1917 1
949 1975 1
950 954 1
950 988 1
950 1005 1
950 1038 1
950 1050 1
950 1063 1
950 1133 1
950 1159 1
950 1168 1
950 1179 1
950 1182 1
950 1196 1
950 1230 1
950 1299 1
950 1374 1
950 1378 1
950 1466 1
950 1467 1
950 1469 1
950 1540 1
950 1584 1
950 1585 1
950 1591 1
950 1599 1
950 1719 1
950 1732 1
950 1853 1
950 1964 1
951 986 1
951 1020 1
951 1276 1
951 1340 1
951 1355 1
951 1423 1
951 1425 1
951 1478 1
951 1593 1
951 1617 1
951 1638 1
951 1675 1
951 1704 1
951 1724 1
951 1803 1
951 1807 1
951 1831 1
951 1865 1
951 1913 1
951 1922 1
951 1940 1
952 985 1
952 1005 1
952 1228 1
952 1232 1
952 1307 1
952 1318 1
952 1321 1
952 1388 1
952 1423 1
952 1457 1
952 1556 1
952 1577 1
952 1593 1
952 1642 1
952 1658 1
952 1693 1
952 1713 1
952 1747 1
952 1753 1
952 1757 1
952 1811 1
952 1813 1
952 1850 1
952 1873 1
952 1884 1
952 1935 1
952 1941 1
952 1975 1
953 1061 1
953 1069 1
953 1105 1
953 1124 1
953 1126 1
953 1151 1
953 1252 1
953 1272 1
953 1307 1
953 1396 1
953 1430 1
953 1466 1
953 1535 1
953 1548 1
953 1565 1
953 1570 1
953 1573 1
953 1641 1
953 1651 1
953 1680 1
953 1769 1
953 1818 1
953 1885 1
953 1893 1
953 1939 1
953 1960 1
953 1980 1
954 956 1
954 978 1
954 1006 1
954 1064 1
954 1081 1
954 1086 1
954 1092 1
954 1135 1
954 1138 1
954 1154 1
954 1167 1
954 1170 1
954 1234 1
954 1278 1
954 1315 1
954 1390 1
954 1401 1
954 1410 1
954 1451 1
954 1556 1
954 1643 1
954 1706 1
954 1760 1
954 1767 1
954 1814 1
954 1834 1
954 1848 1
954 1849 1
954 1963 1
954 1987 1
955 1036 1
955 1092 1
955 1131 1
955 1308 1
955 1309 1
955 1397 1
955 1412 1
955 1435 1
955 1462 1
955 1465 1
955 1467 1
955 1547 1
955 1554 1
955 1609 1
955 1642 1
955 1694 1
955 1734 1
955 1857 1
955 1886 1
955 1998 1
956 981 1
956 1029 1
956 1109 1
956 1113 1
956 1150 1
956 1158 1
956 1210 1
956 1220 1
956 1232 1
956 1241 1
956 1303 1
956 1312 1
956 1468 1
956 1491 1
956 1516 1
956 1520 1
956 1544 1
956 1554 1
956 1596 1
956 1643 1
956 1675 1
956 1697 1
956 1735 1
956 1740 1
956 1772 1
956 1788 1
956 1925 1
956 1944 1
956 1966 1
956 1994 1
957 966 1
957 998 1
957 1059 1
957 1106 1
957 1110 1
957 1164 1
957 1200 1
957 1209 1
957 1214 1
957 1261 1
957 1304 1
957 1409 1
957 1438 1
957 1448 1
957 1464 1
957 1527 1
957 1529 1
957 1642 1
957 1755 1
957 1803 1
957 1886 1
957 1888 1
957 1922 1
958 962 1
958 1057 1
958 1068 1
958 1131 1
958 1223 1
958 1240 1
958 1251 1
958 1284 1
958 1305 1
958 1309 1
958 1313 1
958 1346 1
958 1349 1
958 1375 1
958 1399 1
958 1401 1
958 1473 1
958 1483 1
958 1502 1
958 1546 1
958 1679 1
958 1691 1
958 1817 1
958 1830 1
958 1846 1
958 1849 1
958 1887 1
958 1892 1
958 1900 1
958 1905 1
958 1914 1
958 1962 1
958 1964 1
958 1997 1
958 2000 1
959 1012 1
959 1067 1
959 1123 1
959 1256 1
959 1260 1
959 1300 1
959 1373 1
959 1458 1
959 1460 1
959 1649 1
959 1662 1
959 1730 1
959 1741 1
959 1835 1
959 1845 1
959 1897 1
959 1907 1
959 1928 1
959 1929 1
960 1021 1
960 1039 1
960 1070 1
960 1094 1
960 1139 1
960 1144 1
960 1163 1
960 1206 1
960 1230 1
960 1258 1
960 1271 1
960 1277 1
960 1313 1
960 1330 1
960 1357 1
960 1382 1
960 1492 1
960 1506 1
960 1524 1
960 1534 1
960 1559 1
960 1599 1
960 1662 1
960 1669 1
960 1672 1
960 1772 1
960 1774 1
960 1862 1
960 1921 1
960 1995 1
961 1023 1
961 1060 1
961 1111 1
961 1159 1
961 1230 1
961 1238 1
961 1263 1
961 1280 1
961 1281 1
961 1282 1
961 1340 1
961 1370 1
961 1387 1
961 1439 1
961 1444 1
961 1653 1
961 1673 1
961 1752 1
961 1775 1
961 1779 1
961 1821 1
961 1825 1
961 1863 1
962 1044 1
962 1057 1
962 1075 1
962 1199 1
962 1342 1
962 1541 1
962 1559 1
962 1618 1
962 1647 1
962 1666 1
962 1686 1
962 1775 1
962 1873 1
962 1877 1
962 1882 1
962 1930 1
962 1934 1
962 1983 1
963 1024 1
963 1095 1
963 1149 1
963 1158 1
963 1213 1
963 1216 1
963 1259 1
963 1262 1
963 1328 1
963 1348 1
963 1369 1
963 1402 1
963 1406 1
963 1438 1
963 1441 1
963 1444 1
963 1451 1
963 1466 1
963 1482 1
963 1506 1
963 1543 1
963 1560 1
963 1575 1
963 1656 1
963 1660 1
963 1691 1
963 1698 1
963 1807 1
963 1809 1
963 1898 1
963 1914 1
963 1992 1
964 979 1
964 995 1
964 998 1
964 1012 1
964 1062 1
964 1141 1
964 1209 1
964 1230 1
964 1279 1
964 1295 1
964 1328 1
964 1337 1
964 1398 1
964 1467 1
964 1474 1
964 1481 1
964 1541 1
964 1558 1
964 1564 1
964 1593 1
964 1628 1
964 1668 1
964 1755 1
964 1764 1
964 1884 1
964 1903 1
964 1939 1
964 1949 1
964 1977 1
965 1104 1
965 1200 1
965 1207 1
965 1211 1
965 1233 1
965 1262 1
965 1330 1
965 1406 1
965 1502 1
965 1547 1
965 1575 1
965 1624 1
965 1651 1
965 1681 1
965 1777 1
965 1829 1
965 1856 1
965 1861 1
965 1886 1
965 1904 1
965 1936 1
965 1982 1
966 1010 1
966 1027 1
966 1040 1
966 1047 1
966 1167 1
966 1311 1
966 1313 1
966 1342 1
966 1520 1
966 1571 1
966 1593 1
966 1595 1
966 1630 1
966 1656 1
966 1724 1
966 1757 1
966 1764 1
966 1770 1
966 1813 1
966 1885 1
966 1919 1
966 1963 1
966 1984 1
966 1993 1
967 1033 1
967 1036 1
967 1113 1
967 1128 1
967 1130 1
967 1160 1
967 1168 1
967 1174 1
967 1225 1
967 1230 1
967 1241 1
967 1264 1
967 1297 1
967 1302 1
967 1350 1
967 1411 1
967 1437 1
967 1492 1
967 1501 1
967 1598 1
967 1648 1
967 1651 1
967 1677 1
967 1728 1
967 1766 1
967 1918 1
967 1990 1
968 971 1
968 972 1
968 1096 1
968 1117 1
968 1121 1
968 1229 1
968 1254 1
968 1339 1
968 1354 1
968 1358 1
968 1360 1
968 1378 1
968 1380 1
968 1468 1
968 1483 1
968 1609 1
968 1615 1
968 1685 1
968 1695 1
968 1700 1
968 1715 1
968 1742 1
968 1768 1
968 1806 1
968 1893 1
968 1957 1
968 1982 1
969 993 1
969 1008 1
969 1048 1
969 1078 1
969 1298 1
969 1308 1
969 1372 1
969 1402 1
969 1484 1
969 1490 1
969 1620 1
969 1650 1
969 1656 1
969 1671 1
969 1674 1
969 1685 1
969 1836 1
969 1839 1
969 1917 1
969 1922 1
969 1946 1
969 1983 1
970 1071 1
970 1086 1
970 1120 1
970 1340 1
970 1394 1
970 1445 1
970 1485 1
970 1564 1
970 1587 1
970 1621 1
970 1627 1
970 1654 1
970 1714 1
970 1722 1
970 1723 1
970 1735 1
970 1737 1
970 1795 1
970 1810 1
970 1838 1
970 1874 1
970 1875 1
971 1010 1
971 1014 1
971 1016 1
971 1119 1
971 1125 1
971 1130 1
971 1161 1
971 1204 1
971 1219 1
971 1294 1
971 1376 1
971 1385 1
971 1423 1
971 1483 1
971 1490 1
971 1585 1
971 1622 1
971 1628 1
971 1645 1
971 1727 1
971 1783 1
971 1924 1
971 1980 1
972 983 1
972 987 1
972 1027 1
972 1146 1
972 1153 1
972 1189 1
972 1195 1
972 1199 1
972 1309 1
972 1349 1
972 1397 1
972 1494 1
972 1506 1
972 1528 1
972 1611 1
972 1699 1
972 1704 1
972 1810 1
972 1868 1
972 1937 1
973 991 1
973 1005 1
973 1006 1
973 1009 1
973 1022 1
973 1046 1
973 1079 1
973 1138 1
973 1153 1
973 1190 1
973 1366 1
973 1404 1
973 1409 1
973 1434 1
973 1452 1
973 1528 1
973 1529 1
973 1553 1
973 1565 1
973 1571 1
973 1688 1
973 1730 1
973 1736 1
973 1778 1
973 1910 1
974 1011 1
974 1094 1
974 1101 1
974 1113 1
974 1126 1
974 1131 1
974 1172 1
974 1195 1
974 1247 1
974 1440 1
974 1484 1
974 1499 1
974 1527 1
974 1598 1
974 1610 1
974 1611 1
974 1697 1
974 1706 1
974 1707 1
974 1713 1
974 1761 1
974 1822 1
974 1864 1
974 1912 1
975 1013 1
975 1016 1
975 1040 1
975 1069 1
975 1105 1
975 1174 1
975 1177 1
975 1360 1
975 1369 1
975 1395 1
975 1428 1
975 1467 1
975 1472 1
975 1523 1
975 1672 1
975 1692 1
975 1703 1
975 1803 1
975 1877 1
975 1885 1
976 981 1
976 1110 1
976 1219 1
976 1254 1
976 1310 1
976 1317 1
976 1358 1
976 1504 1
976 1557 1
976 1566 1
976 1626 1
976 1657 1
976 1682 1
976 1707 1
976 1709 1
976 1728 1
976 1780 1
976 1793 1
976 1820 1
976 1874 1
976 1882 1
976 1912 1
976 1940 1
976 1974 1
977 1157 1
977 1194 1
977 1205 1
977 1255 1
977 1261 1
977 1285 1
977 1418 1
977 1437 1
977 1446 1
977 1451 1
977 1530 1
977 1548 1
977 1556 1
977 1627 1
977 1703 1
977 1756 1
977 1767 1
977 1775 1
977 1814 1
977 1881 1
977 1979 1
977 1990 1
977 2000 1
978 1009 1
978 1019 1
978 1039 1
978 1056 1
978 1067 1
978 1173 1
978 1201 1
978 1231 1
978 1292 1
978 1319 1
978 1373 1
978 1413 1
978 1463 1
978 1496 1
978 1721 1
978 1772 1
978 1789 1
978 1808 1
978 1815 1
978 1837 1
978 1848 1
978 1850 1
978 1984 1
979 988 1
979 1030 1
979 1064 1
979 1085 1
979 1163 1
979 1236 1
979 1264 1
979 1265 1
979 1281 1
979 1406 1
979 1410 1
979 1432 1
979 1528 1
979 1569 1
979 1624 1
979 1652 1
979 1683 1
979 1702 1
979 1707 1
979 1714 1
979 1771 1
979 1846 1
979 1876 1
979 1930 1
979 1952 1
979 1979 1
980 1039 1
980 1057 1
980 1097 1
980 1125 1
980 1133 1
980 1223 1
980 1277 1
980 1312 1
980 1327 1
980 1355 1
980 1367 1
980 1401 1
980 1415 1
980 1492 1
980 1509 1
980 1589 1
980 1682 1
980 1702 1
980 1790 1
980 1828 1
980 1931 1
980 1937 1
980 1957 1
981 1046 1
981 1079 1
981 1097 1
981 1101 1
981 1172 1
981 1174 1
981 1179 1
981 1219 1
981 1229 1
981 1255 1
981 1307 1
981 1325 1
981 1350 1
981 1367 1
981 1484 1
981 1533 1
981 1633 1
981 1644 1
981 1652 1
981 1660 1
981 1672 1
981 1696 1
981 1793 1
981 1838 1
981 1843 1
981 1845 1
981 1846 1
981 1940 1
981 1964 1
982 989 1
982 1044 1
982 1091 1
982 1136 1
982 1172 1
982 1178 1
982 1200 1
982 1211 1
982 1269 1
982 1270 1
982 1273 1
982 1315 1
982 1332 1
982 1358 1
982 1545 1
982 1566 1
982 1608 1
982 1698 1
982 1738 1
982 1759 1
982 1794 1
982 1799 1
982 1818 1
982 1845 1
982 1924 1
982 1960 1
982 1999 1
983 1057 1
983 1090 1
983 1101 1
983 1117 1
983 1122 1
983 1209 1
983 1211 1
983 1228 1
983 1254 1
983 1289 1
983 1296 1
983 1306 1
983 1309 1
983 1325 1
983 1343 1
983 1351 1
983 1404 1
983 1454 1
983 1536 1
983 1653 1
983 1714 1
983 1759 1
983 1806 1
983 1817 1
983 1834 1
983 1871 1
983 1969 1
984 1015 1
984 1027 1
984 1067 1
984 1103 1
984 1105 1
984 1161 1
984 1181 1
984 1290 1
984 1355 1
984 1390 1
984 1396 1
984 1442 1
984 1488 1
984 1510 1
984 1585 1
984 1590 1
984 1782 1
984 1808 1
984 1830 1
984 1835 1
984 1851 1
984 1895 1
984 1910 1
984 1974 1
985 1010 1
985 1123 1
985 1177 1
985 1258 1
985 1270 1
985 1325 1
985 1350 1
985 1370 1
985 1391 1
985 1434 1
985 1445 1
985 1448 1
985 1470 1
985 1480 1
985 1493 1
985 1521 1
985 1542 1
985 1574 1
985 1612 1
985 1648 1
985 1687 1
985 1736 1
985 1748 1
985 1764 1
985 1791 1
985 1796 1
985 1923 1
985 1987 1
986 1106 1
986 1262 1
986 1281 1
986 1360 1
986 1383 1
986 1432 1
986 1433 1
986 1528 1
986 1624 1
986 1787 1
986 1856 1
986 1868 1
986 1948 1
986 1957 1
986 1961 1
986 1966 1
987 1011 1
987 1021 1
987 1186 1
987 1235 1
987 1258 1
987 1261 1
987 1268 1
987 1292 1
987 1649 1
987 1738 1
987 1763 1
987 1790 1
987 1803 1
987 1814 1
987 1829 1
987 1880 1
987 1922 1
988 1011 1
988 1051 1
988 1054 1
988 1094 1
988 1102 1
988 1128 1
988 1151 1
988 1188 1
988 1198 1
988 1261 1
988 1349 1
988 1521 1
988 1536 1
988 1543 1
988 1601 1
988 1655 1
988 1675 1
988 1695 1
988 1757 1
988 1826 1
988 1874 1
988 1905 1
988 1912 1
988 1945 1
988 1952 1
988 1953 1
988 1968 1
988 2000 1
989 1017 1
989 1037 1
989 1055 1
989 1100 1
989 1110 1
989 1118 1
989 1157 1
989 1361 1
989 1390 1
989 1428 1
989 1525 1
989 1561 1
989 1600 1
989 1615 1
989 1646 1
989 1701 1
989 1721 1
989 1722 1
989 1729 1
989 1757 1
989 1825 1
989 1857 1
990 1033 1
990 1049 1
990 1117 1
990 1128 1
990 1129 1
990 1142 1
990 1150 1
990 1233 1
990 1303 1
990 1386 1
990 1387 1
990 1389 1
990 1395 1
990 1442 1
990 1461 1
990 1546 1
990 1562 1
990 1573 1
990 1676 1
990 1679 1
990 1736 1
990 1834 1
991 1083 1
991 1087 1
991 1153 1
991 1174 1
991 1186 1
991 1189 1
991 1265 1
991 1289 1
991 1294 1
991 1323 1
991 1349 1
991 1385 1
991 1396 1
991 1397 1
991 1399 1
991 1460 1
991 1493 1
991 1559 1
991 1568 1
991 1603 1
991 1619 1
991 1652 1
991 1755 1
991 1879 1
991 1883 1
991 1892 1
991 1956 1
991 1978 1
992 1007 1
992 1032 1
992 1052 1
992 1053 1
992 1073 1
992 1081 1
992 1120 1
992 1132 1
992 1229 1
992 1242 1
992 1243 1
992 1254 1
992 1262 1
992 1315 1
992 1328 1
992 1380 1
992 1396 1
992 1402 1
992 1474 1
992 1483 1
992 1561 1
992 1592 1
992 1597 1
992 1611 1
992 1622 1
992 1690 1
992 1729 1
992 1736 1
992 1808 1
992 1819 1
992 1855 1
992 1899 1
993 1075 1
993 1095 1
993 1117 1
993 1134 1
993 1146 1
993 1181 1
993 1220 1
993 1328 1
993 1433 1
993 1500 1
993 1554 1
993 1665 1
993 1677 1
993 1690 1
993 1724 1
993 1733 1
993 1818 1
993 1819 1
993 1846 1
993 1865 1
993 1870 1
993 1945 1
993 1950 1
993 1956 1
993 1980 1
994 1027 1
994 1044 1
994 1097 1
994 1121 1
994 1125 1
994 1142 1
994 1251 1
994 1446 1
994 1537 1
994 1548 1
994 1584 1
994 1604 1
994 1615 1
994 1688 1
994 1695 1
994 1756 1
994 1830 1
994 1907 1
994 1977 1
994 1988 1
995 1071 1
995 1102 1
995 1176 1
995 1193 1
995 1200 1
995 1312 1
995 1346 1
995 1354 1
995 1416 1
995 1438 1
995 1518 1
995 1643 1
995 1651 1
995 1678 1
995 1770 1
995 1774 1
995 1910 1
995 1930 1
995 1993 1
996 1109 1
996 1154 1
996 1188 1
996 1215 1
996 1236 1
996 1295 1
996 1299 1
996 1368 1
996 1378 1
996 1433 1
996 1461 1
996 1480 1
996 1490 1
996 1521 1
996 1540 1
996 1619 1
996 1712 1
996 1824 1
996 1833 1
996 1861 1
996 1920 1
996 1942 1
996 1945 1
996 1964 1
996 1983 1
997 1111 1
997 1137 1
997 1194 1
997 1226 1
997 1250 1
997 1311 1
997 1314 1
997 1415 1
997 1491 1
997 1492 1
997 1544 1
997 1569 1
997 1582 1
997 1647 1
997 1658 1
997 1675 1
997 1730 1
997 1750 1
997 1800 1
997 1802 1
997 1803 1
997 1916 1
997 1941 1
997 1950 1
998 1012 1
998 1154 1
998 1233 1
998 1271 1
998 1275 1
998 1372 1
998 1431 1
998 1438 1
998 1508 1
998 1546 1
998 1632 1
998 1651 1
998 1770 1
998 1836 1
998 1843 1
998 1853 1
998 1881 1
998 1951 1
998 1983 1
998 1994 1
999 1014 1
999 1018 1
999 1021 1
999 1039 1
999 1054 1
999 1093 1
999 1097 1
999 1197 1
999 1215 1
999 1244 1
999 1297 1
999 1403 1
999 1422 1
999 1428 1
999 1444 1
999 1456 1
999 1474 1
999 1507 1
999 1540 1
999 1614 1
999 1619 1
999 1649 1
999 1726 1
999 1752 1
999 1775 1
999 1805 1
999 1815 1
999 1817 1
999 1825 1
999 1843 1
999 1856 1
999 1863 1
999 1915 1
999 1958 1
1000 1037 1
1000 1090 1
1000 1107 1
1000 1213 1
1000 1221 1
1000 1242 1
1000 1311 1
1000 1322 1
1000 1409 1
1000 1428 1
1000 1472 1
1000 1515 1
1000 1792 1
1000 1812 1
1000 1829 1
1000 1877 1
1000 1948 1
1000 1965 1
1000 1977 1
1001 1006 1
1001 1060 1
1001 1176 1
1001 1190 1
1001 1244 1
1001 1250 1
1001 1310 1
1001 1318 1
1001 1352 1
1001 1376 1
1001 1388 1
1001 1464 1
1001 1487 1
1001 1517 1
1001 1535 1
1001 1538 1
1001 1618 1
1001 1724 1
1001 1783 1
1001 1785 1
1001 1787 1
1001 1791 1
1001 1802 1
1001 1821 1
1001 1941 1
1001 1946 1
1001 1956 1
1001 1967 1
1002 1041 1
1002 1081 1
1002 1177 1
1002 1207 1
1002 1214 1
1002 1221 1
1002 1285 1
1002 1299 1
1002 1306 1
1002 1370 1
1002 1376 1
1002 1415 1
1002 1456 1
1002 1512 1
1002 1564 1
1002 1631 1
1002 1660 1
1002 1671 1
1002 1709 1
1002 1756 1
1002 1855 1
1002 1886 1
1002 1947 1
1002 1958 1
1002 1993 1
1002 1995 1
1003 1016 1
1003 1100 1
1003 1150 1
1003 1155 1
1003 1160 1
1003 1202 1
1003 1235 1
1003 1307 1
1003 1326 1
1003 1365 1
1003 1512 1
1003 1514 1
1003 1546 1
1003 1577 1
1003 1611 1
1003 1622 1
1003 1695 1
1003 1719 1
1003 1783 1
1003 1893 1
1003 1903 1
1003 1946 1
1004 1011 1
1004 1018 1
1004 1023 1
1004 1101 1
1004 1118 1
1004 1181 1
1004 1223 1
1004 1254 1
1004 1268 1
1004 1270 1
1004 1308 1
1004 1336 1
1004 1404 1
1004 1406 1
1004 1440 1
1004 1504 1
1004 1509 1
1004 1572 1
1004 1689 1
1004 1807 1
1004 1828 1
1004 1861 1
1004 1954 1
1004 1965 1
1004 1987 1
1004 1997 1
1005 1009 1
1005 1015 1
1005 1030 1
1005 1034 1
1005 1038 1
1005 1056 1
1005 1097 1
1005 1139 1
1005 1151 1
1005 1181 1
1005 1195 1
1005 1199 1
1005 1249 1
1005 1265 1
1005 1313 1
1005 1354 1
1005 1378 1
1005 1526 1
1005 1585 1
1005 1586 1
1005 1596 1
1005 1656 1
1005 1671 1
1005 1674 1
1005 1798 1
1005 1813 1
1005 1856 1
1005 1933 1
1006 1130 1
1006 1141 1
1006 1171 1
1006 1182 1
1006 1203 1
1006 1211 1
1006 1284 1
1006 1554 1
1006 1561 1
1006 1615 1
1006 1624 1
1006 1647 1
1006 1676 1
1006 1678 1
1006 1682 1
1006 1722 1
1006 1735 1
1006 1764 1
1006 1767 1
1006 1783 1
1006 1803 1
1006 1845 1
1006 1940 1
1007 1170 1
1007 1173 1
1007 1257 1
1007 1279 1
1007 1356 1
1007 1428 1
1007 1430 1
1007 1439 1
1007 1456 1
1007 1476 1
1007 1560 1
1007 1573 1
1007 1585 1
1007 1652 1
1007 1658 1
1007 1725 1
1007 1738 1
1007 1807 1
1007 1810 1
1007 1863 1
1007 1924 1
1007 1943 1
1007 1958 1
1007 1976 1
1008 1014 1
1008 1045 1
1008 1080 1
1008 1148 1
1008 1177 1
1008 1213 1
1008 1286 1
1008 1347 1
1008 1370 1
1008 1400 1
1008 1412 1
1008 1435 1
1008 1436 1
1008 1477 1
1008 1514 1
1008 1545 1
1008 1554 1
1008 1561 1
1008 1573 1
1008 1610 1
1008 1671 1
1008 1672 1
1008 1718 1
1008 1749 1
1008 1839 1
1008 1883 1
1008 1898 1
1008 1943 1
1009 1030 1
1009 1081 1
1009 1092 1
1009 1205 1
1009 1222 1
1009 1248 1
1009 1268 1
1009 1286 1
1009 1374 1
1009 1393 1
1009 1398 1
1009 1465 1
1009 1514 1
1009 1536 1
1009 1577 1
1009 1590 1
1009 1604 1
1009 1617 1
1009 1621 1
1009 1697 1
1009 1753 1
1009 1809 1
1009 1878 1
1009 1888 1
1010 1019 1
1010 1023 1
1010 1028 1
1010 1148 1
1010 1154 1
1010 1175 1
1010 1207 1
1010 1243 1
1010 1331 1
1010 1391 1
1010 1417 1
1010 1484 1
1010 1585 1
1010 1657 1
1010 1672 1
1010 1721 1
1010 1753 1
1010 1839 1
1010 1848 1
1010 1868 1
1010 1872 1
1011 1080 1
1011 1093 1
1011 1144 1
1011 1181 1
1011 1230 1
1011 1445 1
1011 1621 1
1011 1626 1
1011 1635 1
1011 1669 1
1011 1692 1
1011 1719 1
1011 1861 1
1011 1879 1
1011 1912 1
1012 1031 1
1012 1058 1
1012 1105 1
1012 1332 1
1012 1359 1
1012 1381 1
1012 1387 1
1012 1445 1
1012 1470 1
1012 1473 1
1012 1558 1
1012 1585 1
1012 1629 1
1012 1642 1
1012 1652 1
1012 1683 1
1012 1754 1
1012 1814 1
1012 1820 1
1012 1845 1
1012 1846 1
1012 1876 1
1012 1879 1
1013 1068 1
1013 1079 1
1013 1158 1
1013 1160 1
1013 1257 1
1013 1263 1
1013 1294 1
1013 1305 1
1013 1367 1
1013 1499 1
1013 1503 1
1013 1545 1
1013 1576 1
1013 1638 1
1013 1722 1
1013 1724 1
1013 1731 1
1013 1868 1
1014 1043 1
1014 1104 1
1014 1116 1
1014 1146 1
1014 1165 1
1014 1206 1
1014 1218 1
1014 1324 1
1014 1341 1
1014 1372 1
1014 1373 1
1014 1402 1
1014 1510 1
1014 1539 1
1014 1540 1
1014 1614 1
1014 1630 1
1014 1656 1
1014 1663 1
1014 1683 1
1014 1747 1
1014 1750 1
1014 1789 1
1014 1826 1
1014 1873 1
1014 1900 1
1014 1949 1
1014 1951 1
1015 1017 1
1015 1036 1
1015 1058 1
1015 1059 1
1015 1070 1
1015 1094 1
1015 1133 1
1015 1168 1
1015 1173 1
1015 1196 1
1015 1239 1
1015 1370 1
1015 1445 1
1015 1471 1
1015 1537 1
1015 1549 1
1015 1601 1
1015 1700 1
1015 1753 1
1015 1797 1
1015 1855 1
1015 1981 1
1016 1057 1
1016 1068 1
1016 1069 1
1016 1170 1
1016 1176 1
1016 1238 1
1016 1262 1
1016 1264 1
1016 1303 1
1016 1402 1
1016 1448 1
1016 1624 1
1016 1635 1
1016 1642 1
1016 1769 1
1016 1778 1
1016 1812 1
1016 1867 1
1016 1887 1
1016 1890 1
1016 1954 1
1017 1028 1
1017 1118 1
1017 1160 1
1017 1194 1
1017 1212 1
1017 1244 1
1017 1309 1
1017 1313 1
1017 1318 1
1017 1390 1
1017 1418 1
1017 1419 1
1017 1498 1
1017 1530 1
1017 1586 1
1017 1598 1
1017 1600 1
1017 1602 1
1017 1604 1
1017 1607 1
1017 1674 1
1017 1692 1
1017 1736 1
1017 1795 1
1017 1838 1
1017 1863 1
1017 1864 1
1017 1885 1
1017 1887 1
1017 1890 1
1017 1939 1
1017 1962 1
1017 1995 1
1018 1061 1
1018 1079 1
1018 1089 1
1018 1112 1
1018 1152 1
1018 1165 1
1018 1207 1
1018 1220 1
1018 1225 1
1018 1305 1
1018 1405 1
1018 1437 1
1018 1445 1
1018 1472 1
1018 1609 1
1018 1610 1
1018 1752 1
1018 1781 1
1018 1804 1
1018 1810 1
1018 1830 1
1019 1081 1
1019 1144 1
1019 1148 1
1019 1174 1
1019 1211 1
1019 1232 1
1019 1235 1
1019 1281 1
1019 1380 1
1019 1399 1
1019 1401 1
1019 1453 1
1019 1457 1
1019 1468 1
1019 1480 1
1019 1487 1
1019 1494 1
1019 1521 1
1019 1522 1
1019 1565 1
1019 1642 1
1019 1681 1
1019 1738 1
1019 1833 1
1019 1856 1
1019 1877 1
1019 1887 1
1019 1927 1
1019 1985 1
1020 1071 1
1020 1099 1
1020 1102 1
1020 1150 1
1020 1174 1
1020 1204 1
1020 1301 1
1020 1340 1
1020 1385 1
1020 1443 1
1020 1469 1
1020 1478 1
1020 1495 1
1020 1505 1
1020 1535 1
1020 1571 1
1020 1600 1
1020 1612 1
1020 1658 1
1020 1723 1
1020 1740 1
1020 1777 1
1020 1848 1
1020 1893 1
1020 1898 1
1020 1932 1
1020 1963 1
1020 1983 1
1021 1025 1
1021 1109 1
1021 1138 1
1021 1250 1
1021 1279 1
1021 1390 1
1021 1448 1
1021 1555 1
1021 1627 1
1021 1655 1
1021 1677 1
1021 1766 1
1021 1803 1
1021 1851 1
1021 1882 1
1021 1894 1
1021 1969 1
1022 1061 1
1022 1084 1
1022 1134 1
1022 1181 1
1022 1250 1
1022 1298 1
1022 1316 1
1022 1329 1
1022 1506 1
1022 1519 1
1022 1580 1
1022 1604 1
1022 1626 1
1022 1730 1
1022 1764 1
1022 1820 1
1022 1845 1
1022 1910 1
1022 1915 1
1022 1969 1
1022 1975 1
1023 1149 1
1023 1213 1
1023 1330 1
1023 1379 1
1023 1607 1
1023 1706 1
1023 1787 1
1023 1859 1
1023 1862 1
1023 1873 1
1023 1953 1
1023 1980 1
1024 1046 1
1024 1086 1
1024 1125 1
1024 1154 1
1024 1167 1
1024 1179 1
1024 1184 1
1024 1212 1
1024 1240 1
1024 1244 1
1024 1288 1
1024 1369 1
1024 1376 1
1024 1394 1
1024 1461 1
1024 1502 1
1024 1504 1
1024 1517 1
1024 1530 1
1024 1608 1
1024 1669 1
1024 1706 1
1024 1731 1
1024 1744 1
1024 1745 1
1024 1748 1
1024 1791 1
1024 1802 1
1024 1810 1
1024 1820 1
1024 1833 1
1024 1916 1
1024 1930 1
1024 1953 1
1024 1963 1
1025 1052 1
1025 1138 1
1025 1164 1
1025 1182 1
1025 1249 1
1025 1278 1
1025 1280 1
1025 1300 1
1025 1343 1
1025 1345 1
1025 1367 1
1025 1410 1
1025 1413 1
1025 1432 1
1025 1439 1
1025 1470 1
1025 1504 1
1025 1552 1
1025 1566 1
1025 1569 1
1025 1614 1
1025 1634 1
1025 1652 1
1025 1655 1
1025 1672 1
1025 1678 1
1025 1688 1
1025 1712 1
1025 1750 1
1025 1825 1
1025 1849 1
1025 1879 1
1025 1925 1
1025 1976 1
1025 1986 1
1025 1997 1
1025 1999 1
1026 1054 1
1026 1112 1
1026 1173 1
1026 1199 1
1026 1203 1
1026 1265 1
1026 1279 1
1026 1369 1
1026 1400 1
1026 1524 1
1026 1565 1
1026 1568 1
1026 1666 1
1026 1766 1
1026 1767 1
1026 1776 1
1026 1819 1
1026 1834 1
1026 1862 1
1026 1906 1
1026 1982 1
1027 1038 1
1027 1039 1
1027 1042 1
1027 1106 1
1027 1169 1
1027 1183 1
1027 1214 1
1027 1216 1
1027 1263 1
1027 1279 1
1027 1301 1
1027 1382 1
1027 1457 1
1027 1459 1
1027 1482 1
1027 1595 1
1027 1712 1
1027 1735 1
1027 1746 1
1027 1774 1
1027 1775 1
1027 1786 1
1027 1886 1
1027 1921 1
1027 1922 1
1027 1938 1
1027 1958 1
1027 1989 1
1028 1051 1
1028 1120 1
1028 1142 1
1028 1179 1
1028 1219 1
1028 1231 1
1028 1240 1
1028 1247 1
1028 1271 1
1028 1286 1
1028 1327 1
1028 1332 1
1028 1338 1
1028 1460 1
1028 1464 1
1028 1484 1
1028 1552 1
1028 1561 1
1028 1631 1
1028 1657 1
1028 1799 1
1028 1830 1
1028 1945 1
1028 1958 1
1028 1992 1
1029 1057 1
1029 1088 1
1029 1131 1
1029 1170 1
1029 1212 1
1029 1251 1
1029 1263 1
1029 1277 1
1029 1302 1
1029 1315 1
1029 1385 1
1029 1417 1
1029 1423 1
1029 1470 1
1029 1625 1
1029 1633 1
1029 1680 1
1029 1815 1
1029 1878 1
1029 1926 1
1029 1968 1
1029 1976 1
1029 1990 1
1029 1992 1
1030 1048 1
1030 1093 1
1030 1149 1
1030 1194 1
1030 1227 1
1030 1255 1
1030 1286 1
1030 1333 1
1030 1424 1
1030 1433 1
1030 1441 1
1030 1482 1
1030 1591 1
1030 1604 1
1030 1623 1
1030 1708 1
1030 1850 1
1030 1854 1
1030 1908 1
1030 1928 1
1030 1935 1
1031 1036 1
1031 1107 1
1031 1159 1
1031 1198 1
1031 1205 1
1031 1225 1
1031 1234 1
1031 1252 1
1031 1280 1
1031 1282 1
1031 1340 1
1031 1353 1
1031 1385 1
1031 1391 1
1031 1419 1
1031 1440 1
1031 1447 1
1031 1453 1
1031 1485 1
1031 1503 1
1031 1535 1
1031 1549 1
1031 1595 1
1031 1609 1
1031 1646 1
1031 1690 1
1031 1691 1
1031 1700 1
1031 1720 1
1031 1726 1
1031 1741 1
1031 1758 1
1031 1763 1
1031 1776 1
1031 1786 1
1031 1854 1
1031 1891 1
1031 1931 1
1031 1993 1
1031 1994 1
1032 1038 1
1032 1103 1
1032 1156 1
1032 1273 1
1032 1287 1
1032 1350 1
1032 1409 1
1032 1452 1
1032 1502 1
1032 1532 1
1032 1616 1
1032 1625 1
1032 1650 1
1032 1685 1
1032 1701 1
1032 1828 1
1032 1849 1
1032 1929 1
1033 1042 1
1033 1086 1
1033 1095 1
1033 1153 1
1033 1166 1
1033 1171 1
1033 1332 1
1033 1383 1
1033 1396 1
1033 1425 1
1033 1453 1
1033 1480 1
1033 1512 1
1033 1663 1
1033 1699 1
1033 1703 1
1033 1704 1
1033 1710 1
1033 1825 1
1033 1859 1
1033 1939 1
1034 1069 1
1034 1087 1
1034 1137 1
1034 1147 1
1034 1169 1
1034 1215 1
1034 1272 1
1034 1273 1
1034 1291 1
1034 1371 1
1034 1429 1
1034 1432 1
1034 1446 1
1034 1512 1
1034 1574 1
1034 1580 1
1034 1590 1
1034 1616 1
1034 1658 1
1034 1678 1
1034 1741 1
1034 1850 1
1034 1886 1
1034 1889 1
1034 1904 1
1034 1929 1
1035 1161 1
1035 1189 1
1035 1213 1
1035 1288 1
1035 1304 1
1035 1333 1
1035 1378 1
1035 1488 1
1035 1493 1
1035 1597 1
1035 1602 1
1035 1676 1
1035 1691 1
1035 1733 1
1035 1737 1
1035 1759 1
1035 1778 1
1035 1882 1
1035 1916 1
1035 1940 1
1035 1972 1
1036 1106 1
1036 1154 1
1036 1159 1
1036 1162 1
1036 1172 1
1036 1243 1
1036 1269 1
1036 1281 1
1036 1292 1
1036 1297 1
1036 1320 1
1036 1331 1
1036 1351 1
1036 1379 1
1036 1450 1
1036 1476 1
1036 1481 1
1036 1509 1
1036 1665 1
1036 1689 1
1036 1700 1
1036 1815 1
1036 1816 1
1036 1853 1
1036 1912 1
1036 1916 1
1036 1917 1
1036 1944 1
1037 1061 1
1037 1166 1
1037 1198 1
1037 1246 1
1037 1263 1
1037 1268 1
1037 1271 1
1037 1336 1
1037 1382 1
1037 1394 1
1037 1404 1
1037 1449 1
1037 1458 1
1037 1462 1
1037 1496 1
1037 1542 1
1037 1581 1
1037 1597 1
1037 1634 1
1037 1662 1
1037 1677 1
1037 1700 1
1037 1702 1
1037 1707 1
1037 1711 1
1037 1738 1
1037 1820 1
1037 1865 1
1037 1891 1
1037 1905 1
1038 1060 1
1038 1065 1
1038 1097 1
1038 1099 1
1038 1145 1
1038 1155 1
1038 1173 1
1038 1273 1
1038 1311 1
1038 1314 1
1038 1322 1
1038 1325 1
1038 1398 1
1038 1413 1
1038 1484 1
1038 1670 1
1038 1734 1
1038 1796 1
1038 1830 1
1038 1846 1
1038 1853 1
1038 1857 1
1038 1894 1
1038 1896 1
1038 1910 1
1038 1933 1
1038 1986 1
1039 1060 1
1039 1188 1
1039 1202 1
1039 1206 1
1039 1232 1
1039 1234 1
1039 1280 1
1039 1423 1
1039 1507 1
1039 1593 1
1039 1665 1
1039 1671 1
1039 1741 1
1039 1804 1
1039 1847 1
1039 1850 1
1039 1938 1
1039 1978 1
1040 1069 1
1040 1110 1
1040 1126 1
1040 1144 1
1040 1155 1
1040 1195 1
1040 1240 1
1040 1267 1
1040 1281 1
1040 1308 1
1040 1392 1
1040 1483 1
1040 1490 1
1040 1493 1
1040 1531 1
1040 1543 1
1040 1612 1
1040 1624 1
1040 1684 1
1040 1707 1
1040 1763 1
1040 1779 1
1040 1787 1
1040 1806 1
1040 1830 1
1040 1848 1
1040 1850 1
1040 1927 1
1040 1965 1
1040 1997 1
1041 1042 1
1041 1055 1
1041 1076 1
1041 1078 1
1041 1133 1
1041 1163 1
1041 1178 1
1041 1254 1
1041 1259 1
1041 1407 1
1041 1566 1
1041 1645 1
1041 1659 1
1041 1672 1
1041 1767 1
1041 1777 1
1041 1888 1
1041 1994 1
1041 2000 1
1042 1114 1
1042 1162 1
1042 1165 1
1042 1224 1
1042 1244 1
1042 1289 1
1042 1297 1
1042 1374 1
1042 1387 1
1042 1426 1
1042 1471 1
1042 1539 1
1042 1593 1
1042 1606 1
1042 1631 1
1042 1698 1
1042 1882 1
1042 1977 1
1043 1045 1
1043 1054 1
1043 1115 1
1043 1162 1
1043 1178 1
1043 1180 1
1043 1181 1
1043 1215 1
1043 1295 1
1043 1311 1
1043 1314 1
1043 1321 1
1043 1367 1
1043 1390 1
1043 1401 1
1043 1411 1
1043 1413 1
1043 1427 1
1043 1522 1
1043 1587 1
1043 1605 1
1043 1679 1
1043 1680 1
1043 1805 1
1043 1876 1
1043 1948 1
1043 1977 1
1044 1050 1
1044 1137 1
1044 1159 1
1044 1173 1
1044 1214 1
1044 1230 1
1044 1231 1
1044 1352 1
1044 1357 1
1044 1423 1
1044 1425 1
1044 1492 1
1044 1567 1
1044 1580 1
1044 1617 1
1044 1662 1
1044 1703 1
1044 1744 1
1044 1757 1
1044 1807 1
1044 1814 1
1044 1877 1
1044 1894 1
1044 1933 1
1044 1938 1
1044 1985 1
1045 1065 1
1045 1075 1
1045 1210 1
1045 1258 1
1045 1271 1
1045 1279 1
1045 1363 1
1045 1431 1
1045 1475 1
1045 1477 1
1045 1524 1
1045 1585 1
1045 1618 1
1045 1621 1
1045 1623 1
1045 1628 1
1045 1677 1
1045 1734 1
1045 1751 1
1045 1775 1
1045 1806 1
1045 1885 1
1045 1986 1
1046 1094 1
1046 1108 1
1046 1127 1
1046 1167 1
1046 1184 1
1046 1220 1
1046 1251 1
1046 1328 1
1046 1335 1
1046 1342 1
1046 1387 1
1046 1420 1
1046 1491 1
1046 1527 1
1046 1546 1
1046 1559 1
1046 1561 1
1046 1627 1
1046 1663 1
1046 1714 1
1046 1730 1
1046 1737 1
1046 1796 1
1046 1821 1
1046 1824 1
1046 1930 1
1046 1935 1
1046 1940 1
1046 1951 1
1046 1957 1
1046 1975 1
1047 1070 1
1047 1107 1
1047 1137 1
1047 1235 1
1047 1243 1
1047 1315 1
1047 1540 1
1047 1588 1
1047 1642 1
1047 1659 1
1047 1757 1
1047 1796 1
1047 1828 1
1047 1830 1
1047 1897 1
1047 1916 1
1047 1934 1
1047 1968 1
1047 1998 1
1048 1125 1
1048 1205 1
1048 1254 1
1048 1279 1
1048 1343 1
1048 1363 1
1048 1453 1
1048 1467 1
1048 1630 1
1048 1684 1
1048 1686 1
1048 1787 1
1048 1812 1
1048 1935 1
1048 1959 1
1049 1142 1
1049 1155 1
1049 1171 1
1049 1181 1
1049 1240 1
1049 1315 1
1049 1416 1
1049 1419 1
1049 1432 1
1049 1438 1
1049 1444 1
1049 1447 1
1049 1468 1
1049 1483 1
1049 1534 1
1049 1589 1
1049 1613 1
1049 1614 1
1049 1622 1
1049 1678 1
1049 1699 1
1049 1741 1
1049 1845 1
1049 1901 1
1049 1906 1
1049 1930 1
1049 1948 1
1049 1955 1
1049 1975 1
1050 1063 1
1050 1070 1
1050 1086 1
1050 1123 1
1050 1129 1
1050 1159 1
1050 1160 1
1050 1178 1
1050 1191 1
1050 1206 1
1050 1208 1
1050 1277 1
1050 1282 1
1050 1302 1
1050 1319 1
1050 1355 1
1050 1373 1
1050 1384 1
1050 1457 1
1050 1468 1
1050 1471 1
1050 1473 1
1050 1519 1
1050 1593 1
1050 1594 1
1050 1634 1
1050 1688 1
1050 1700 1
1050 1716 1
1050 1728 1
1050 1802 1
1050 1831 1
1050 1834 1
1050 1854 1
1050 1935 1
1050 1938 1
1051 1055 1
1051 1068 1
1051 1109 1
1051 1116 1
1051 1158 1
1051 1180 1
1051 1187 1
1051 1193 1
1051 1291 1
1051 1319 1
1051 1342 1
1051 1349 1
1051 1358 1
1051 1368 1
1051 1383 1
1051 1407 1
1051 1411 1
1051 1552 1
1051 1576 1
1051 1593 1
1051 1600 1
1051 1664 1
1051 1677 1
1051 1711 1
1051 1738 1
1051 1750 1
1051 1858 1
1051 1906 1
1051 1935 1
1051 1960 1
1052 1104 1
1052 1219 1
1052 1255 1
1052 1370 1
1052 1371 1
1052 1386 1
1052 1426 1
1052 1447 1
1052 1643 1
1052 1787 1
1052 1846 1
1052 1847 1
1052 1863 1
1052 1865 1
1052 1933 1
1052 1969 1
1053 1100 1
1053 1103 1
1053 1105 1
1053 1157 1
1053 1170 1
1053 1184 1
1053 1370 1
1053 1415 1
1053 1430 1
1053 1447 1
1053 1454 1
1053 1506 1
1053 1562 1
1053 1563 1
1053 1576 1
1053 1594 1
1053 1602 1
1053 1630 1
1053 1714 1
1053 1717 1
1053 1743 1
1053 1744 1
1053 1766 1
1053 1844 1
1053 1894 1
1053 1903 1
1054 1094 1
1054 1138 1
1054 1173 1
1054 1297 1
1054 1363 1
1054 1367 1
1054 1383 1
1054 1407 1
1054 1412 1
1054 1423 1
1054 1574 1
1054 1585 1
1054 1647 1
1054 1698 1
1054 1715 1
1054 1728 1
1054 1801 1
1054 1803 1
1054 1895 1
1054 1953 1
1054 1957 1
1054 1996 1
1055 1108 1
1055 1137 1
1055 1157 1
1055 1159 1
1055 1168 1
1055 1171 1
1055 1200 1
1055 1214 1
1055 1233 1
1055 1300 1
1055 1387 1
1055 1449 1
1055 1490 1
1055 1503 1
1055 1544 1
1055 1695 1
1055 1710 1
1055 1785 1
1055 1794 1
1055 1824 1
1055 1923 1
1055 1927 1
1056 1126 1
1056 1166 1
1056 1256 1
1056 1295 1
1056 1325 1
1056 1339 1
1056 1362 1
1056 1368 1
1056 1375 1
1056 1396 1
1056 1406 1
1056 1416 1
1056 1425 1
1056 1446 1
1056 1600 1
1056 1602 1
1056 1660 1
1056 1692 1
1056 1744 1
1056 1753 1
1056 1754 1
1056 1756 1
1056 1803 1
1056 1824 1
1056 1836 1
1056 1840 1
1056 1844 1
1056 1892 1
1056 1908 1
1056 1914 1
1056 1915 1
1056 1947 1
1057 1070 1
1057 1121 1
1057 1172 1
1057 1258 1
1057 1383 1
1057 1413 1
1057 1489 1
1057 1523 1
1057 1539 1
1057 1567 1
1057 1647 1
1057 1652 1
1057 1654 1
1057 1684 1
1057 1689 1
1057 1703 1
1057 1717 1
1057 1719 1
1057 1746 1
1057 1844 1
1057 1898 1
1057 1928 1
1058 1119 1
1058 1146 1
1058 1147 1
1058 1148 1
1058 1193 1
1058 1208 1
1058 1223 1
1058 1249 1
1058 1281 1
1058 1355 1
1058 1360 1
1058 1415 1
1058 1424 1
1058 1428 1
1058 1541 1
1058 1647 1
1058 1700 1
1058 1720 1
1058 1797 1
1058 1820 1
1058 1860 1
1058 1901 1
1058 1913 1
1058 1941 1
1058 1954 1
1058 1970 1
1059 1084 1
1059 1104 1
1059 1122 1
1059 1172 1
1059 1204 1
1059 1232 1
1059 1259 1
1059 1299 1
1059 1427 1
1059 1466 1
1059 1473 1
1059 1526 1
1059 1561 1
1059 1611 1
1059 1646 1
1059 1657 1
1059 1824 1
1059 1867 1
1059 1874 1
1059 1931 1
1059 1952 1
1059 1960 1
1060 1090 1
1060 1129 1
1060 1165 1
1060 1195 1
1060 1226 1
1060 1271 1
1060 1314 1
1060 1318 1
1060 1329 1
1060 1397 1
1060 1414 1
1060 1416 1
1060 1471 1
1060 1493 1
1060 1502 1
1060 1509 1
1060 1517 1
1060 1533 1
1060 1626 1
1060 1650 1
1060 1908 1
1060 1925 1
1060 1942 1
1060 1954 1
1060 1967 1
1060 1972 1
1060 1974 1
1060 1990 1
1060 1994 1
1061 1100 1
1061 1206 1
1061 1343 1
1061 1357 1
1061 1365 1
1061 1389 1
1061 1443 1
1061 1462 1
1061 1473 1
1061 1498 1
1061 1518 1
1061 1534 1
1061 1561 1
1061 1568 1
1061 1621 1
1061 1690 1
1061 1727 1
1061 1730 1
1061 1826 1
1061 1830 1
1061 1872 1
1061 1929 1
1062 1172 1
1062 1219 1
1062 1289 1
1062 1319 1
1062 1347 1
1062 1383 1
1062 1483 1
1062 1504 1
1062 1514 1
1062 1540 1
1062 1582 1
1062 1656 1
1062 1671 1
1062 1767 1
1062 1773 1
1062 1822 1
1062 1856 1
1062 1862 1
1062 1877 1
1062 1941 1
1062 1942 1
1062 1991 1
1063 1077 1
1063 1148 1
1063 1165 1
1063 1184 1
1063 1193 1
1063 1202 1
1063 1218 1
1063 1220 1
1063 1245 1
1063 1296 1
1063 1300 1
1063 1396 1
1063 1430 1
1063 1464 1
1063 1489 1
1063 1619 1
1063 1742 1
1063 1780 1
1063 1790 1
1063 1814 1
1063 1987 1
1064 1088 1
1064 1159 1
1064 1213 1
1064 1235 1
1064 1250 1
1064 1274 1
1064 1331 1
1064 1358 1
1064 1399 1
1064 1432 1
1064 1435 1
1064 1490 1
1064 1500 1
1064 1531 1
1064 1536 1
1064 1578 1
1064 1637 1
1064 1704 1
1064 1716 1
1064 1740 1
1064 1744 1
1064 1749 1
1064 1763 1
1064 1770 1
1064 1824 1
1064 1895 1
1064 1898 1
1064 1986 1
1065 1073 1
1065 1101 1
1065 1105 1
1065 1143 1
1065 1153 1
1065 1181 1
1065 1229 1
1065 1242 1
1065 1297 1
1065 1310 1
1065 1356 1
1065 1362 1
1065 1468 1
1065 1480 1
1065 1543 1
1065 1604 1
1065 1618 1
1065 1672 1
1065 1735 1
1065 1760 1
1065 1772 1
1065 1776 1
1065 1809 1
1065 1844 1
1065 1919 1
1065 1923 1
1066 1070 1
1066 1125 1
1066 1153 1
1066 1213 1
1066 1344 1
1066 1352 1
1066 1389 1
1066 1461 1
1066 1483 1
1066 1486 1
1066 1593 1
1066 1597 1
1066 1703 1
1066 1727 1
1066 1741 1
1066 1745 1
1066 1753 1
1066 1785 1
1066 1803 1
1066 1890 1
1066 1933 1
1066 1940 1
1066 1952 1
1067 1125 1
1067 1142 1
1067 1158 1
1067 1222 1
1067 1224 1
1067 1317 1
1067 1411 1
1067 1454 1
1067 1492 1
1067 1578 1
1067 1586 1
1067 1608 1
1067 1629 1
1067 1636 1
1067 1710 1
1067 1721 1
1067 1737 1
1067 1777 1
1067 1864 1
1067 1890 1
1067 1935 1
1067 1957 1
1068 1118 1
1068 1146 1
1068 1315 1
1068 1368 1
1068 1405 1
1068 1463 1
1068 1468 1
1068 1471 1
1068 1575 1
1068 1598 1
1068 1641 1
1068 1746 1
1068 1779 1
1068 1785 1
1068 1866 1
1069 1090 1
1069 1130 1
1069 1136 1
1069 1177 1
1069 1213 1
1069 1271 1
1069 1276 1
1069 1313 1
1069 1350 1
1069 1376 1
1069 1378 1
1069 1391 1
1069 1405 1
1069 1432 1
1069 1476 1
1069 1477 1
1069 1484 1
1069 1550 1
1069 1644 1
1069 1654 1
1069 1698 1
1069 1699 1
1069 1736 1
1069 1752 1
1069 1784 1
1069 1794 1
1069 1803 1
1069 1824 1
1069 1957 1
1069 1991 1
1070 1080 1
1070 1139 1
1070 1161 1
1070 1163 1
1070 1224 1
1070 1269 1
1070 1277 1
1070 1307 1
1070 1340 1
1070 1351 1
1070 1412 1
1070 1552 1
1070 1628 1
1070 1714 1
1070 1730 1
1070 1754 1
1070 1800 1
1070 1867 1
1070 1893 1
1070 1919 1
1071 1095 1
1071 1130 1
1071 1184 1
1071 1218 1
1071 1236 1
1071 1254 1
1071 1300 1
1071 1432 1
1071 1502 1
1071 1537 1
1071 1604 1
1071 1636 1
1071 1649 1
1071 1663 1
1071 1697 1
1071 1705 1
1071 1715 1
1071 1788 1
1071 1792 1
1071 1798 1
1071 1816 1
1071 1839 1
1071 1846 1
1071 1869 1
1071 1874 1
1071 1901 1
1071 1976 1
1071 1990 1
1072 1098 1
1072 1123 1
1072 1126 1
1072 1218 1
1072 1221 1
1072 1230 1
1072 1243 1
1072 1254 1
1072 1259 1
1072 1273 1
1072 1330 1
1072 1359 1
1072 1399 1
1072 1408 1
1072 1421 1
1072 1442 1
1072 1486 1
1072 1491 1
1072 1499 1
1072 1597 1
1072 1642 1
1072 1739 1
1072 1750 1
1072 1807 1
1072 1834 1
1072 1856 1
1072 1866 1
1072 1931 1
1072 1981 1
1072 1997 1
1073 1126 1
1073 1148 1
1073 1159 1
1073 1160 1
1073 1176 1
1073 1190 1
1073 1216 1
1073 1224 1
1073 1309 1
1073 1326 1
1073 1329 1
1073 1364 1
1073 1426 1
1073 1460 1
1073 1467 1
1073 1478 1
1073 1487 1
1073 1615 1
1073 1680 1
1073 1709 1
1073 1738 1
1073 1760 1
1073 1788 1
1073 1850 1
1073 1972 1
1073 1980 1
1073 1998 1
1074 1081 1
1074 1097 1
1074 1137 1
1074 1139 1
1074 1175 1
1074 1217 1
1074 1238 1
1074 1253 1
1074 1259 1
1074 1297 1
1074 1300 1
1074 1334 1
1074 1423 1
1074 1447 1
1074 1474 1
1074 1609 1
1074 1645 1
1074 1660 1
1074 1908 1
1074 1926 1
1075 1114 1
1075 1117 1
1075 1217 1
1075 1285 1
1075 1386 1
1075 1503 1
1075 1527 1
1075 1650 1
1075 1654 1
1075 1656 1
1075 1657 1
1075 1702 1
1075 1712 1
1075 1714 1
1075 1749 1
1075 1839 1
1075 1870 1
1075 1882 1
1075 1959 1
1075 1971 1
1076 1101 1
1076 1147 1
1076 1149 1
1076 1208 1
1076 1283 1
1076 1346 1
1076 1372 1
1076 1420 1
1076 1429 1
1076 1463 1
1076 1573 1
1076 1588 1
1076 1650 1
1076 1839 1
1076 1923 1
1076 1945 1
1076 1977 1
1077 1145 1
1077 1204 1
1077 1241 1
1077 1318 1
1077 1322 1
1077 1340 1
1077 1351 1
1077 1382 1
1077 1408 1
1077 1457 1
1077 1512 1
1077 1527 1
1077 1567 1
1077 1606 1
1077 1727 1
1077 1730 1
1077 1765 1
1077 1805 1
1077 1819 1
1077 1823 1
1077 1913 1
1077 1929 1
1077 1932 1
1077 1975 1
1077 1998 1
1078 1160 1
1078 1201 1
1078 1230 1
1078 1271 1
1078 1350 1
1078 1432 1
1078 1533 1
1078 1540 1
1078 1564 1
1078 1628 1
1078 1660 1
1078 1843 1
1078 1877 1
1078 1934 1
1078 1968 1
1079 1129 1
1079 1143 1
1079 1160 1
1079 1169 1
1079 1203 1
1079 1248 1
1079 1282 1
1079 1495 1
1079 1496 1
1079 1498 1
1079 1521 1
1079 1544 1
1079 1578 1
1079 1580 1
1079 1612 1
1079 1633 1
1079 1640 1
1079 1664 1
1079 1819 1
1079 1873 1
1079 1945 1
1079 1959 1
1080 1087 1
1080 1102 1
1080 1108 1
1080 1201 1
1080 1245 1
1080 1263 1
1080 1301 1
1080 1309 1
1080 1413 1
1080 1493 1
1080 1562 1
1080 1630 1
1080 1739 1
1080 1773 1
1080 1831 1
1080 1854 1
1080 1950 1
1080 1957 1
1081 1106 1
1081 1148 1
1081 1158 1
1081 1218 1
1081 1304 1
1081 1345 1
1081 1373 1
1081 1420 1
1081 1443 1
1081 1456 1
1081 1607 1
1081 1609 1
1081 1642 1
1081 1643 1
1081 1697 1
1081 1773 1
1081 1858 1
1081 1867 1
1081 1876 1
1081 1910 1
1081 1925 1
1082 1184 1
1082 1282 1
1082 1303 1
1082 1305 1
1082 1317 1
1082 1396 1
1082 1490 1
1082 1507 1
1082 1598 1
1082 1619 1
1082 1654 1
1082 1666 1
1082 1670 1
1082 1685 1
1082 1692 1
1082 1762 1
1082 1767 1
1082 1804 1
1082 1815 1
1082 1823 1
1082 1906 1
1082 1984 1
1082 1991 1
1082 1997 1
1083 1125 1
1083 1134 1
1083 1170 1
1083 1193 1
1083 1233 1
1083 1238 1
1083 1260 1
1083 1263 1
1083 1264 1
1083 1376 1
1083 1414 1
1083 1439 1
1083 1470 1
1083 1589 1
1083 1688 1
1083 1694 1
1083 1700 1
1083 1769 1
1083 1825 1
1083 1830 1
1083 1937 1
1083 1975 1
1083 1984 1
1084 1098 1
1084 1108 1
1084 1147 1
1084 1176 1
1084 1235 1
1084 1255 1
1084 1266 1
1084 1387 1
1084 1405 1
1084 1454 1
1084 1477 1
1084 1551 1
1084 1587 1
1084 1640 1
1084 1665 1
1084 1669 1
1084 1671 1
1084 1690 1
1084 1724 1
1084 1935 1
1085 1164 1
1085 1184 1
1085 1208 1
1085 1369 1
1085 1391 1
1085 1396 1
1085 1415 1
1085 1417 1
1085 1424 1
1085 1433 1
1085 1437 1
1085 1440 1
1085 1533 1
1085 1659 1
1085 1705 1
1085 1815 1
1085 1840 1
1085 1858 1
1085 1873 1
1085 1903 1
1085 1949 1
1086 1119 1
1086 1124 1
1086 1303 1
1086 1311 1
1086 1368 1
1086 1399 1
1086 1404 1
1086 1453 1
1086 1527 1
1086 1605 1
1086 1612 1
1086 1650 1
1086 1651 1
1086 1759 1
1086 1807 1
1086 1820 1
1086 1834 1
1086 1871 1
1086 1889 1
1086 1919 1
1086 1925 1
1087 1095 1
1087 1129 1
1087 1183 1
1087 1213 1
1087 1226 1
1087 1283 1
1087 1284 1
1087 1300 1
1087 1346 1
1087 1461 1
1087 1470 1
1087 1505 1
1087 1577 1
1087 1584 1
1087 1769 1
1087 1837 1
1087 1865 1
1087 1921 1
1087 1944 1
1087 1960 1
1087 1962 1
1088 1103 1
1088 1115 1
1088 1159 1
1088 1222 1
1088 1241 1
1088 1251 1
1088 1361 1
1088 1459 1
1088 1540 1
1088 1559 1
1088 1566 1
1088 1567 1
1088 1629 1
1088 1681 1
1088 1685 1
1088 1709 1
1088 1788 1
1088 1839 1
1088 1846 1
1088 1894 1
1088 1897 1
1088 1902 1
1088 1920 1
1088 1973 1
1088 1989 1
1089 1133 1
1089 1140 1
1089 1155 1
1089 1169 1
1089 1223 1
1089 1247 1
1089 1364 1
1089 1397 1
1089 1440 1
1089 1463 1
1089 1491 1
1089 1527 1
1089 1544 1
1089 1570 1
1089 1584 1
1089 1634 1
1089 1651 1
1089 1665 1
1089 1689 1
1089 1727 1
1089 1744 1
1089 1768 1
1089 1790 1
1089 1824 1
1089 1839 1
1089 1897 1
1089 1911 1
1089 2000 1
1090 1099 1
1090 1117 1
1090 1256 1
1090 1258 1
1090 1282 1
1090 1294 1
1090 1296 1
1090 1362 1
1090 1378 1
1090 1388 1
1090 1451 1
1090 1474 1
1090 1489 1
1090 1500 1
1090 1531 1
1090 1556 1
1090 1682 1
1090 1698 1
1090 1736 1
1090 1797 1
1090 1822 1
1090 1838 1
1090 1873 1
1090 1924 1
1090 1949 1
1090 1955 1
1090 1961 1
1091 1166 1
1091 1183 1
1091 1193 1
1091 1266 1
1091 1269 1
1091 1296 1
1091 1312 1
1091 1315 1
1091 1414 1
1091 1451 1
1091 1452 1
1091 1563 1
1091 1587 1
1091 1592 1
1091 1664 1
1091 1701 1
1091 1702 1
1091 1754 1
1091 1768 1
1091 1794 1
1091 1869 1
1091 1883 1
1091 1884 1
1091 1932 1
1091 1980 1
1091 1986 1
1091 1987 1
1091 1991 1
1092 1131 1
1092 1208 1
1092 1209 1
1092 1257 1
1092 1285 1
1092 1306 1
1092 1317 1
1092 1324 1
1092 1361 1
1092 1499 1
1092 1517 1
1092 1567 1
1092 1638 1
1092 1671 1
1092 1879 1
1092 1917 1
1092 1924 1
1092 1938 1
1092 1950 1
1092 1956 1
1092 1962 1
1092 1985 1
1093 1160 1
1093 1204 1
1093 1255 1
1093 1257 1
1093 1328 1
1093 1387 1
1093 1522 1
1093 1598 1
1093 1618 1
1093 1696 1
1093 1710 1
1093 1735 1
1093 1781 1
1093 1791 1
1093 1817 1
1093 1844 1
1093 1876 1
1093 1965 1
1094 1099 1
1094 1196 1
1094 1286 1
1094 1291 1
1094 1333 1
1094 1357 1
1094 1381 1
1094 1417 1
1094 1428 1
1094 1455 1
1094 1494 1
1094 1533 1
1094 1534 1
1094 1585 1
1094 1586 1
1094 1593 1
1094 1629 1
1094 1655 1
1094 1713 1
1094 1717 1
1094 1735 1
1094 1766 1
1094 1825 1
1094 1866 1
1094 1867 1
1094 1947 1
1094 1952 1
1094 1960 1
1095 1235 1
1095 1271 1
1095 1273 1
1095 1278 1
1095 1284 1
1095 1291 1
1095 1354 1
1095 1383 1
1095 1542 1
1095 1574 1
1095 1577 1
1095 1598 1
1095 1631 1
1095 1634 1
1095 1652 1
1095 1726 1
1095 1741 1
1095 1789 1
1095 1836 1
1095 1877 1
1095 1883 1
1096 1212 1
1096 1232 1
1096 1281 1
1096 1343 1
1096 1367 1
1096 1397 1
1096 1424 1
1096 1426 1
1096 1464 1
1096 1494 1
1096 1497 1
1096 1526 1
1096 1539 1
1096 1544 1
1096 1600 1
1096 1753 1
1096 1774 1
1096 1839 1
1096 1843 1
1096 1953 1
1096 1967 1
1096 1972 1
1096 1981 1
1096 1990 1
1097 1132 1
1097 1388 1
1097 1408 1
1097 1409 1
1097 1475 1
1097 1515 1
1097 1631 1
1097 1632 1
1097 1681 1
1097 1690 1
1097 1746 1
1097 1762 1
1097 1787 1
1097 1803 1
1097 1804 1
1097 1817 1
1097 1821 1
1097 1854 1
1097 1856 1
1097 1870 1
1098 1115 1
1098 1367 1
1098 1386 1
1098 1419 1
1098 1422 1
1098 1474 1
1098 1498 1
1098 1639 1
1098 1663 1
1098 1668 1
1098 1711 1
1098 1722 1
1098 1793 1
1098 1850 1
1098 1919 1
1098 1960 1
1098 1988 1
1099 1126 1
1099 1160 1
1099 1200 1
1099 1224 1
1099 1314 1
1099 1402 1
1099 1404 1
1099 1502 1
1099 1515 1
1099 1532 1
1099 1570 1
1099 1625 1
1099 1668 1
1099 1811 1
1099 1847 1
1099 1862 1
1099 1867 1
1099 1929 1
1099 1950 1
1099 1952 1
1099 1954 1
1100 1200 1
1100 1228 1
1100 1278 1
1100 1294 1
1100 1353 1
1100 1371 1
1100 1376 1
1100 1387 1
1100 1463 1
1100 1511 1
1100 1527 1
1100 1553 1
1100 1573 1
1100 1579 1
1100 1658 1
1100 1708 1
1100 1932 1
1101 1116 1
1101 1137 1
1101 1260 1
1101 1291 1
1101 1313 1
1101 1334 1
1101 1336 1
1101 1345 1
1101 1373 1
1101 1384 1
1101 1398 1
1101 1442 1
1101 1474 1
1101 1495 1
1101 1515 1
1101 1598 1
1101 1700 1
1101 1703 1
1101 1741 1
1101 1795 1
1101 1796 1
1101 1803 1
1101 1890 1
1101 1928 1
1101 1950 1
1102 1127 1
1102 1162 1
1102 1184 1
1102 1251 1
1102 1295 1
1102 1304 1
1102 1327 1
1102 1341 1
1102 1362 1
1102 1406 1
1102 1432 1
1102 1458 1
1102 1467 1
1102 1494 1
1102 1502 1
1102 1531 1
1102 1622 1
1102 1656 1
1102 1667 1
1102 1690 1
1102 1722 1
1102 1723 1
1102 1726 1
1102 1758 1
1102 1771 1
1102 1794 1
1102 1807 1
1102 1849 1
1102 1857 1
1102 1879 1
1102 1884 1
1102 1908 1
1102 1909 1
1102 1960 1
1102 1982 1
1102 1986 1
1103 1151 1
1103 1185 1
1103 1287 1
1103 1335 1
1103 1337 1
1103 1409 1
1103 1435 1
1103 1482 1
1103 1487 1
1103 1492 1
1103 1617 1
1103 1687 1
1103 1747 1
1103 1786 1
1103 1815 1
1103 1827 1
1103 1864 1
1103 1939 1
1103 1983 1
1103 1987 1
1103 1994 1
1104 1139 1
1104 1142 1
1104 1152 1
1104 1268 1
1104 1348 1
1104 1361 1
1104 1427 1
1104 1466 1
1104 1474 1
1104 1482 1
1104 1485 1
1104 1498 1
1104 1501 1
1104 1523 1
1104 1532 1
1104 1598 1
1104 1675 1
1104 1742 1
1104 1744 1
1104 1789 1
1104 1801 1
1104 1817 1
1104 1955 1
1105 1119 1
1105 1146 1
1105 1151 1
1105 1258 1
1105 1266 1
1105 1308 1
1105 1500 1
1105 1510 1
1105 1519 1
1105 1531 1
1105 1622 1
1105 1649 1
1105 1839 1
1105 1867 1
1105 1978 1
1105 1979 1
1105 1987 1
1106 1190 1
1106 1275 1
1106 1296 1
1106 1323 1
1106 1327 1
1106 1348 1
1106 1420 1
1106 1433 1
1106 1437 1
1106 1450 1
1106 1482 1
1106 1491 1
1106 1527 1
1106 1529 1
1106 1531 1
1106 1551 1
1106 1723 1
1106 1771 1
1106 1819 1
1106 1881 1
1106 1896 1
1106 1958 1
1106 1964 1
1106 1987 1
1107 1114 1
1107 1133 1
1107 1206 1
1107 1213 1
1107 1265 1
1107 1343 1
1107 1349 1
1107 1365 1
1107 1373 1
1107 1393 1
1107 1422 1
1107 1620 1
1107 1640 1
1107 1648 1
1107 1702 1
1107 1738 1
1107 1755 1
1107 1776 1
1107 1778 1
1107 1827 1
1107 1833 1
1107 1913 1
1107 1932 1
1107 1981 1
1107 2000 1
1108 1114 1
1108 1133 1
1108 1203 1
1108 1210 1
1108 1296 1
1108 1336 1
1108 1339 1
1108 1385 1
1108 1388 1
1108 1464 1
1108 1468 1
1108 1529 1
1108 1541 1
1108 1632 1
1108 1662 1
1108 1795 1
1108 1819 1
1108 1820 1
1108 1847 1
1108 1860 1
1108 1877 1
1108 1987 1
1109 1115 1
1109 1130 1
1109 1239 1
1109 1286 1
1109 1297 1
1109 1307 1
1109 1336 1
1109 1338 1
1109 1341 1
1109 1353 1
1109 1388 1
1109 1428 1
1109 1455 1
1109 1473 1
1109 1475 1
1109 1508 1
1109 1580 1
1109 1584 1
1109 1592 1
1109 1616 1
1109 1631 1
1109 1634 1
1109 1721 1
1109 1797 1
1109 1814 1
1109 1953 1
1109 1962 1
1110 1146 1
1110 1201 1
1110 1227 1
1110 1307 1
1110 1360 1
1110 1387 1
1110 1435 1
1110 1449 1
1110 1457 1
1110 1495 1
1110 1522 1
1110 1530 1
1110 1569 1
1110 1573 1
1110 1751 1
1110 1787 1
1110 1840 1
1110 1961 1
1110 1981 1
1110 1999 1
1111 1179 1
1111 1201 1
1111 1405 1
1111 1432 1
1111 1507 1
1111 1525 1
1111 1532 1
1111 1676 1
1111 1722 1
1111 1729 1
1111 1735 1
1111 1736 1
1111 1740 1
1111 1785 1
1111 1812 1
1111 1856 1
1111 1932 1
1111 1973 1
1111 1993 1
1111 1997 1
1112 1122 1
1112 1126 1
1112 1127 1
1112 1193 1
1112 1206 1
1112 1209 1
1112 1212 1
1112 1232 1
1112 1243 1
1112 1331 1
1112 1406 1
1112 1422 1
1112 1452 1
1112 1515 1
1112 1519 1
1112 1537 1
1112 1570 1
1112 1617 1
1112 1622 1
1112 1785 1
1112 1823 1
1112 1865 1
1112 1949 1
1113 1273 1
1113 1285 1
1113 1325 1
1113 1328 1
1113 1329 1
1113 1374 1
1113 1379 1
1113 1391 1
1113 1422 1
1113 1436 1
1113 1549 1
1113 1604 1
1113 1632 1
1113 1642 1
1113 1663 1
1113 1671 1
1113 1805 1
1113 1850 1
1113 1883 1
1113 1888 1
1113 1901 1
1113 1903 1
1113 1910 1
1113 1933 1
1113 1945 1
1113 1960 1
1113 1964 1
1114 1132 1
1114 1199 1
1114 1213 1
1114 1219 1
1114 1285 1
1114 1368 1
1114 1414 1
1114 1534 1
1114 1574 1
1114 1625 1
1114 1710 1
1114 1748 1
1114 1776 1
1114 1916 1
1114 1945 1
1115 1138 1
1115 1208 1
1115 1229 1
1115 1243 1
1115 1261 1
1115 1300 1
1115 1307 1
1115 1313 1
1115 1332 1
1115 1345 1
1115 1401 1
1115 1402 1
1115 1417 1
1115 1435 1
1115 1459 1
1115 1490 1
1115 1495 1
1115 1504 1
1115 1509 1
1115 1516 1
1115 1535 1
1115 1555 1
1115 1576 1
1115 1672 1
1115 1686 1
1115 1718 1
1115 1780 1
1115 1782 1
1115 1897 1
1115 1952 1
1115 1993 1
1116 1217 1
1116 1277 1
1116 1286 1
1116 1350 1
1116 1505 1
1116 1526 1
1116 1538 1
1116 1563 1
1116 1776 1
1116 1844 1
1116 1846 1
1116 1847 1
1116 1869 1
1116 1889 1
1116 1919 1
1116 1979 1
1117 1165 1
1117 1254 1
1117 1336 1
1117 1360 1
1117 1427 1
1117 1438 1
1117 1479 1
1117 1564 1
1117 1573 1
1117 1574 1
1117 1608 1
1117 1612 1
1117 1642 1
1117 1719 1
1117 1737 1
1117 1765 1
1117 1900 1
1118 1155 1
1118 1221 1
1118 1233 1
1118 1328 1
1118 1387 1
1118 1473 1
1118 1528 1
1118 1615 1
1118 1673 1
1118 1696 1
1118 1770 1
1118 1785 1
1118 1884 1
1118 1921 1
1119 1124 1
1119 1133 1
1119 1141 1
1119 1245 1
1119 1261 1
1119 1271 1
1119 1342 1
1119 1353 1
1119 1427 1
1119 1445 1
1119 1449 1
1119 1515 1
1119 1618 1
1119 1625 1
1119 1643 1
1119 1653 1
1119 1685 1
1119 1753 1
1119 1786 1
1119 1821 1
1119 1902 1
1119 1942 1
1120 1176 1
1120 1212 1
1120 1223 1
1120 1230 1
1120 1236 1
1120 1286 1
1120 1365 1
1120 1410 1
1120 1423 1
1120 1467 1
1120 1542 1
1120 1584 1
1120 1597 1
1120 1630 1
1120 1639 1
1120 1747 1
1120 1894 1
1120 1900 1
1120 1948 1
1120 2000 1
1121 1149 1
1121 1154 1
1121 1162 1
1121 1191 1
1121 1237 1
1121 1259 1
1121 1271 1
1121 1314 1
1121 1354 1
1121 1355 1
1121 1370 1
1121 1429 1
1121 1433 1
1121 1494 1
1121 1607 1
1121 1628 1
1121 1635 1
1121 1639 1
1121 1703 1
1121 1803 1
1121 1952 1
1122 1217 1
1122 1232 1
1122 1258 1
1122 1265 1
1122 1266 1
1122 1390 1
1122 1391 1
1122 1506 1
1122 1536 1
1122 1601 1
1122 1764 1
1122 1771 1
1122 1870 1
1122 1882 1
1122 1911 1
1123 1131 1
1123 1140 1
1123 1176 1
1123 1287 1
1123 1368 1
1123 1427 1
1123 1428 1
1123 1649 1
1123 1735 1
1123 1779 1
1123 1850 1
1123 1914 1
1124 1186 1
1124 1239 1
1124 1277 1
1124 1417 1
1124 1423 1
1124 1436 1
1124 1489 1
1124 1559 1
1124 1565 1
1124 1572 1
1124 1667 1
1124 1723 1
1124 1728 1
1124 1757 1
1124 1773 1
1124 1818 1
1124 1844 1
1124 1940 1
1125 1136 1
1125 1151 1
1125 1156 1
1125 1186 1
1125 1246 1
1125 1255 1
1125 1354 1
1125 1355 1
1125 1391 1
1125 1415 1
1125 1419 1
1125 1434 1
1125 1438 1
1125 1571 1
1125 1582 1
1125 1607 1
1125 1699 1
1125 1757 1
1125 1845 1
1125 1856 1
1125 1872 1
1125 1880 1
1125 1881 1
1125 1988 1
1126 1129 1
1126 1134 1
1126 1188 1
1126 1202 1
1126 1282 1
1126 1303 1
1126 1366 1
1126 1384 1
1126 1400 1
1126 1421 1
1126 1425 1
1126 1501 1
1126 1521 1
1126 1617 1
1126 1621 1
1126 1698 1
1126 1720 1
1126 1724 1
1126 1745 1
1126 1761 1
1126 1781 1
1126 1783 1
1126 1794 1
1126 1816 1
1126 1860 1
1126 1874 1
1126 1940 1
1126 1949 1
1126 1969 1
1126 1975 1
1127 1195 1
1127 1207 1
1127 1257 1
1127 1310 1
1127 1490 1
1127 1662 1
1127 1667 1
1127 1690 1
1127 1714 1
1127 1721 1
1127 1741 1
1127 1765 1
1127 1770 1
1127 1806 1
1127 1807 1
1127 1821 1
1127 1841 1
1127 1867 1
1127 1956 1
1127 1959 1
1127 1990 1
1128 1176 1
1128 1196 1
1128 1221 1
1128 1272 1
1128 1295 1
1128 1363 1
1128 1387 1
1128 1392 1
1128 1447 1
1128 1669 1
1128 1723 1
1128 1768 1
1128 1814 1
1128 1820 1
1128 1852 1
1128 1871 1
1128 1897 1
1128 1929 1
1128 1955 1
1128 1972 1
1128 1994 1
1129 1154 1
1129 1221 1
1129 1222 1
1129 1248 1
1129 1255 1
1129 1293 1
1129 1336 1
1129 1414 1
1129 1429 1
1129 1463 1
1129 1473 1
1129 1484 1
1129 1601 1
1129 1639 1
1129 1679 1
1129 1711 1
1129 1725 1
1129 1805 1
1129 1907 1
1129 1942 1
1129 1947 1
1129 1990 1
1130 1155 1
1130 1156 1
1130 1186 1
1130 1221 1
1130 1241 1
1130 1250 1
1130 1262 1
1130 1269 1
1130 1316 1
1130 1322 1
1130 1323 1
1130 1406 1
1130 1415 1
1130 1441 1
1130 1469 1
1130 1573 1
1130 1816 1
1130 1834 1
1130 1850 1
1130 1869 1
1130 1913 1
1130 1914 1
1130 1931 1
1130 1940 1
1131 1147 1
1131 1247 1
1131 1251 1
1131 1252 1
1131 1284 1
1131 1306 1
1131 1317 1
1131 1344 1
1131 1366 1
1131 1441 1
1131 1519 1
1131 1566 1
1131 1626 1
1131 1638 1
1131 1660 1
1131 1675 1
1131 1743 1
1131 1745 1
1131 1777 1
1131 1876 1
1131 1887 1
1131 1921 1
1131 1926 1
1131 1990 1
1132 1155 1
1132 1156 1
1132 1232 1
1132 1261 1
1132 1273 1
1132 1345 1
1132 1351 1
1132 1359 1
1132 1398 1
1132 1418 1
1132 1495 1
1132 1498 1
1132 1518 1
1132 1553 1
1132 1563 1
1132 1687 1
1132 1694 1
1132 1708 1
1132 1871 1
1132 1963 1
1133 1152 1
1133 1177 1
1133 1300 1
1133 1337 1
1133 1341 1
1133 1364 1
1133 1435 1
1133 1447 1
1133 1498 1
1133 1617 1
1133 1647 1
1133 1693 1
1133 1703 1
1133 1773 1
1133 1794 1
1133 1852 1
1133 1869 1
1133 1982 1
1133 1985 1
1134 1139 1
1134 1228 1
1134 1339 1
1134 1393 1
1134 1421 1
1134 1496 1
1134 1648 1
1134 1672 1
1134 1747 1
1134 1779 1
1134 1802 1
1134 1822 1
1134 1845 1
1134 1853 1
1134 1900 1
1134 1906 1
1134 1908 1
1134 1920 1
1134 1929 1
1134 1931 1
1134 1938 1
1134 1953 1
1134 1985 1
1134 1999 1
1135 1242 1
1135 1286 1
1135 1377 1
1135 1378 1
1135 1403 1
1135 1451 1
1135 1455 1
1135 1458 1
1135 1481 1
1135 1510 1
1135 1635 1
1135 1730 1
1135 1778 1
1135 1930 1
1135 1975 1
1135 1993 1
1136 1155 1
1136 1161 1
1136 1256 1
1136 1265 1
1136 1311 1
1136 1335 1
1136 1338 1
1136 1360 1
1136 1432 1
1136 1465 1
1136 1467 1
1136 1482 1
1136 1532 1
1136 1613 1
1136 1717 1
1136 1740 1
1136 1777 1
1136 1790 1
1136 1806 1
1136 1813 1
1136 1874 1
1136 1903 1
1136 1932 1
1137 1482 1
1137 1511 1
1137 1618 1
1137 1669 1
1137 1685 1
1137 1692 1
1137 1732 1
1137 1756 1
1137 1792 1
1137 1992 1
1138 1141 1
1138 1169 1
1138 1175 1
1138 1184 1
1138 1196 1
1138 1226 1
1138 1236 1
1138 1241 1
1138 1257 1
1138 1263 1
1138 1270 1
1138 1292 1
1138 1295 1
1138 1317 1
1138 1367 1
1138 1411 1
1138 1425 1
1138 1428 1
1138 1452 1
1138 1477 1
1138 1483 1
1138 1487 1
1138 1503 1
1138 1562 1
1138 1659 1
1138 1665 1
1138 1709 1
1138 1737 1
1138 1761 1
1138 1847 1
1138 1916 1
1138 1970 1
1139 1194 1
1139 1230 1
1139 1312 1
1139 1337 1
1139 1368 1
1139 1391 1
1139 1401 1
1139 1426 1
1139 1519 1
1139 1591 1
1139 1641 1
1139 1743 1
1139 1746 1
1139 1755 1
1139 1798 1
1139 1855 1
1139 1866 1
1139 1936 1
1139 1987 1
1139 1998 1
1140 1166 1
1140 1182 1
1140 1238 1
1140 1264 1
1140 1295 1
1140 1338 1
1140 1339 1
1140 1404 1
1140 1484 1
1140 1551 1
1140 1595 1
1140 1605 1
1140 1609 1
1140 1616 1
1140 1628 1
1140 1645 1
1140 1664 1
1140 1665 1
1140 1691 1
1140 1709 1
1140 1739 1
1140 1762 1
1140 1847 1
1140 1850 1
1140 1889 1
1140 1908 1
1140 1936 1
1140 1956 1
1140 1977 1
1141 1144 1
1141 1240 1
1141 1251 1
1141 1260 1
1141 1274 1
1141 1283 1
1141 1376 1
1141 1410 1
1141 1562 1
1141 1661 1
1141 1676 1
1141 1690 1
1141 1708 1
1141 1709 1
1141 1833 1
1141 1877 1
1141 1926 1
1142 1199 1
1142 1239 1
1142 1241 1
1142 1261 1
1142 1273 1
1142 1312 1
1142 1368 1
1142 1421 1
1142 1435 1
1142 1468 1
1142 1523 1
1142 1571 1
1142 1598 1
1142 1640 1
1142 1686 1
1142 1710 1
1142 1744 1
1142 1760 1
1142 1802 1
1142 1868 1
1142 1890 1
1142 1899 1
1142 1970 1
1143 1154 1
1143 1224 1
1143 1226 1
1143 1281 1
1143 1403 1
1143 1416 1
1143 1429 1
1143 1511 1
1143 1625 1
1143 1631 1
1143 1695 1
1143 1737 1
1143 1743 1
1143 1796 1
1143 1964 1
1143 1997 1
1144 1198 1
1144 1297 1
1144 1440 1
1144 1511 1
1144 1567 1
1144 1574 1
1144 1648 1
1144 1708 1
1144 1724 1
1144 1752 1
1144 1839 1
1144 1866 1
1144 1870 1
1144 1920 1
1144 1922 1
1144 1978 1
1145 1162 1
1145 1180 1
1145 1231 1
1145 1309 1
1145 1317 1
1145 1333 1
1145 1345 1
1145 1373 1
1145 1378 1
1145 1403 1
1145 1410 1
1145 1437 1
1145 1476 1
1145 1500 1
1145 1504 1
1145 1511 1
1145 1514 1
1145 1600 1
1145 1658 1
1145 1688 1
1145 1732 1
1145 1734 1
1145 1755 1
1145 1828 1
1145 1837 1
1145 1913 1
1145 1934 1
1145 1965 1
1145 1969 1
1146 1164 1
1146 1206 1
1146 1215 1
1146 1229 1
1146 1297 1
1146 1392 1
1146 1410 1
1146 1429 1
1146 1454 1
1146 1457 1
1146 1467 1
1146 1626 1
1146 1681 1
1146 1724 1
1146 1729 1
1146 1739 1
1146 1786 1
1146 1798 1
1146 1818 1
1146 1843 1
1146 1854 1
1146 1945 1
1146 1955 1
1146 1974 1
1146 1992 1
1147 1191 1
1147 1249 1
1147 1282 1
1147 1309 1
1147 1353 1
1147 1364 1
1147 1394 1
1147 1427 1
1147 1451 1
1147 1544 1
1147 1596 1
1147 1610 1
1147 1623 1
1147 1824 1
1147 1842 1
1147 1846 1
1147 1867 1
1147 1887 1
1147 1892 1
1147 1906 1
1147 1944 1
1147 1978 1
1147 1983 1
1148 1218 1
1148 1220 1
1148 1263 1
1148 1268 1
1148 1270 1
1148 1272 1
1148 1274 1
1148 1334 1
1148 1339 1
1148 1352 1
1148 1359 1
1148 1360 1
1148 1563 1
1148 1613 1
1148 1621 1
1148 1643 1
1148 1714 1
1148 1736 1
1148 1738 1
1148 1743 1
1148 1758 1
1148 1812 1
1148 1843 1
1148 1869 1
1148 1889 1
1148 1917 1
1148 1938 1
1148 1959 1
1148 1996 1
1149 1175 1
1149 1192 1
1149 1208 1
1149 1260 1
1149 1292 1
1149 1339 1
1149 1349 1
1149 1352 1
1149 1364 1
1149 1462 1
1149 1477 1
1149 1540 1
1149 1587 1
1149 1638 1
1149 1673 1
1149 1689 1
1149 1719 1
1149 1832 1
1149 1966 1
1149 1971 1
1150 1153 1
1150 1164 1
1150 1238 1
1150 1242 1
1150 1310 1
1150 1340 1
1150 1395 1
1150 1436 1
1150 1501 1
1150 1522 1
1150 1527 1
1150 1605 1
1150 1624 1
1150 1629 1
1150 1660 1
1150 1789 1
1150 1805 1
1150 1926 1
1151 1179 1
1151 1226 1
1151 1335 1
1151 1422 1
1151 1524 1
1151 1551 1
1151 1573 1
1151 1635 1
1151 1637 1
1151 1675 1
1151 1688 1
1151 1701 1
1151 1765 1
1151 1855 1
1151 1907 1
1151 1984 1
1152 1175 1
1152 1191 1
1152 1279 1
1152 1323 1
1152 1377 1
1152 1386 1
1152 1397 1
1152 1404 1
1152 1408 1
1152 1430 1
1152 1469 1
1152 1493 1
1152 1559 1
1152 1572 1
1152 1578 1
1152 1637 1
1152 1666 1
1152 1762 1
1152 1838 1
1152 1875 1
1152 1903 1
1153 1174 1
1153 1229 1
1153 1237 1
1153 1268 1
1153 1291 1
1153 1347 1
1153 1416 1
1153 1424 1
1153 1464 1
1153 1466 1
1153 1494 1
1153 1509 1
1153 1577 1
1153 1578 1
1153 1581 1
1153 1586 1
1153 1635 1
1153 1714 1
1153 1751 1
1153 1757 1
1153 1770 1
1153 1873 1
1153 1891 1
1153 1941 1
1153 1964 1
1154 1197 1
1154 1218 1
1154 1248 1
1154 1265 1
1154 1302 1
1154 1353 1
1154 1397 1
1154 1417 1
1154 1499 1
1154 1512 1
1154 1550 1
1154 1629 1
1154 1767 1
1154 1832 1
1154 1852 1
1154 1910 1
1154 1953 1
1154 1978 1
1155 1195 1
1155 1246 1
1155 1345 1
1155 1388 1
1155 1447 1
1155 1507 1
1155 1510 1
1155 1527 1
1155 1531 1
1155 1535 1
1155 1624 1
1155 1677 1
1155 1682 1
1155 1721 1
1155 1791 1
1155 1906 1
1155 1907 1
1155 1921 1
1155 1929 1
1156 1187 1
1156 1212 1
1156 1304 1
1156 1310 1
1156 1340 1
1156 1346 1
1156 1399 1
1156 1459 1
1156 1472 1
1156 1496 1
1156 1536 1
1156 1559 1
1156 1657 1
1156 1689 1
1156 1727 1
1156 1731 1
1156 1746 1
1156 1756 1
1156 1781 1
1156 1836 1
1156 1880 1
1156 1909 1
1157 1161 1
1157 1174 1
1157 1233 1
1157 1244 1
1157 1271 1
1157 1289 1
1157 1387 1
1157 1411 1
1157 1420 1
1157 1508 1
1157 1509 1
1157 1525 1
1157 1539 1
1157 1593 1
1157 1623 1
1157 1632 1
1157 1770 1
1157 1794 1
1157 1809 1
1157 1937 1
1158 1228 1
1158 1300 1
1158 1345 1
1158 1349 1
1158 1355 1
1158 1466 1
1158 1498 1
1158 1499 1
1158 1566 1
1158 1594 1
1158 1602 1
1158 1625 1
1158 1641 1
1158 1660 1
1158 1661 1
1158 1708 1
1158 1718 1
1158 1740 1
1158 1788 1
1158 1792 1
1158 1814 1
1158 1816 1
1158 1833 1
1158 1854 1
1158 1871 1
1158 1883 1
1158 1944 1
1158 1957 1
1158 1959 1
1158 1985 1
1159 1173 1
1159 1196 1
1159 1200 1
1159 1265 1
1159 1410 1
1159 1437 1
1159 1441 1
1159 1445 1
1159 1454 1
1159 1503 1
1159 1517 1
1159 1539 1
1159 1615 1
1159 1672 1
1159 1679 1
1159 1687 1
1159 1708 1
1159 1834 1
1159 1846 1
1159 1889 1
1159 1950 1
1159 1989 1
1160 1197 1
1160 1240 1
1160 1263 1
1160 1277 1
1160 1298 1
1160 1306 1
1160 1308 1
1160 1355 1
1160 1379 1
1160 1419 1
1160 1455 1
1160 1483 1
1160 1558 1
1160 1614 1
1160 1648 1
1160 1669 1
1160 1686 1
1160 1689 1
1160 1691 1
1160 1711 1
1160 1737 1
1160 1740 1
1160 1745 1
1160 1750 1
1160 1917 1
1160 1955 1
1160 1979 1
1161 1446 1
1161 1472 1
1161 1557 1
1161 1575 1
1161 1597 1
1161 1607 1
1161 1615 1
1161 1648 1
1161 1718 1
1161 1732 1
1161 1754 1
1161 1774 1
1161 1830 1
1161 1853 1
1161 1860 1
1161 1896 1
1161 1903 1
1161 1908 1
1161 1998 1
1162 1178 1
1162 1184 1
1162 1198 1
1162 1206 1
1162 1234 1
1162 1268 1
1162 1274 1
1162 1293 1
1162 1325 1
1162 1347 1
1162 1412 1
1162 1446 1
1162 1469 1
1162 1490 1
1162 1597 1
1162 1629 1
1162 1658 1
1162 1660 1
1162 1692 1
1162 1711 1
1162 1750 1
1162 1817 1
1162 1923 1
1162 1996 1
1163 1220 1
1163 1225 1
1163 1227 1
1163 1294 1
1163 1421 1
1163 1445 1
1163 1460 1
1163 1463 1
1163 1465 1
1163 1567 1
1163 1577 1
1163 1628 1
1163 1641 1
1163 1669 1
1163 1670 1
1163 1674 1
1163 1690 1
1163 1700 1
1163 1702 1
1163 1767 1
1163 1772 1
1163 1777 1
1163 1803 1
1163 1850 1
1163 1887 1
1163 1888 1
1163 1934 1
1163 1982 1
1164 1170 1
1164 1210 1
1164 1245 1
1164 1267 1
1164 1274 1
1164 1285 1
1164 1343 1
1164 1356 1
1164 1360 1
1164 1364 1
1164 1450 1
1164 1475 1
1164 1483 1
1164 1567 1
1164 1589 1
1164 1643 1
1164 1725 1
1164 1728 1
1164 1778 1
1164 1798 1
1164 1881 1
1164 1896 1
1164 1918 1
1164 1948 1
1164 1959 1
1164 1970 1
1164 1998 1
1165 1172 1
1165 1253 1
1165 1270 1
1165 1308 1
1165 1317 1
1165 1442 1
1165 1460 1
1165 1519 1
1165 1533 1
1165 1563 1
1165 1579 1
1165 1672 1
1165 1747 1
1165 1782 1
1165 1876 1
1165 1912 1
1165 1914 1
1165 1936 1
1165 1951 1
1165 1977 1
1166 1203 1
1166 1254 1
1166 1281 1
1166 1317 1
1166 1355 1
1166 1375 1
1166 1392 1
1166 1428 1
1166 1461 1
1166 1528 1
1166 1540 1
1166 1656 1
1166 1702 1
1166 1738 1
1166 1755 1
1166 1837 1
1166 1925 1
1166 1947 1
1167 1209 1
1167 1212 1
1167 1230 1
1167 1307 1
1167 1318 1
1167 1375 1
1167 1379 1
1167 1416 1
1167 1438 1
1167 1454 1
1167 1511 1
1167 1580 1
1167 1597 1
1167 1637 1
1167 1672 1
1167 1673 1
1167 1682 1
1167 1708 1
1167 1738 1
1167 1826 1
1167 1836 1
1167 1843 1
1167 1868 1
1167 1901 1
1168 1262 1
1168 1273 1
1168 1282 1
1168 1331 1
1168 1354 1
1168 1380 1
1168 1463 1
1168 1522 1
1168 1540 1
1168 1611 1
1168 1618 1
1168 1666 1
1168 1671 1
1168 1716 1
1168 1888 1
1169 1368 1
1169 1378 1
1169 1447 1
1169 1486 1
1169 1505 1
1169 1509 1
1169 1635 1
1169 1659 1
1169 1680 1
1169 1682 1
1169 1696 1
1169 1736 1
1169 1771 1
1169 1801 1
1169 1817 1
1169 1898 1
1169 1914 1
1169 1976 1
1169 1986 1
1170 1232 1
1170 1257 1
1170 1349 1
1170 1364 1
1170 1381 1
1170 1395 1
1170 1468 1
1170 1473 1
1170 1479 1
1170 1492 1
1170 1524 1
1170 1534 1
1170 1544 1
1170 1617 1
1170 1628 1
1170 1652 1
1170 1756 1
1170 1838 1
1170 1840 1
1170 1850 1
1170 1929 1
1171 1267 1
1171 1271 1
1171 1277 1
1171 1365 1
1171 1424 1
1171 1433 1
1171 1446 1
1171 1520 1
1171 1528 1
1171 1529 1
1171 1555 1
1171 1710 1
1171 1806 1
1171 1833 1
1171 1932 1
1171 1935 1
1171 1953 1
1172 1181 1
1172 1213 1
1172 1276 1
1172 1280 1
1172 1361 1
1172 1433 1
1172 1442 1
1172 1520 1
1172 1526 1
1172 1539 1
1172 1556 1
1172 1564 1
1172 1586 1
1172 1606 1
1172 1702 1
1172 1764 1
1172 1832 1
1172 1865 1
1172 1867 1
1172 1870 1
1172 1911 1
1172 1923 1
1172 1977 1
1172 1985 1
1173 1218 1
1173 1260 1
1173 1298 1
1173 1353 1
1173 1354 1
1173 1356 1
1173 1364 1
1173 1454 1
1173 1507 1
1173 1612 1
1173 1620 1
1173 1723 1
1173 1739 1
1173 1740 1
1173 1799 1
1173 1889 1
1173 1896 1
1173 1914 1
1173 1957 1
1174 1177 1
1174 1191 1
1174 1193 1
1174 1199 1
1174 1203 1
1174 1219 1
1174 1264 1
1174 1265 1
1174 1279 1
1174 1285 1
1174 1345 1
1174 1417 1
1174 1421 1
1174 1432 1
1174 1445 1
1174 1502 1
1174 1545 1
1174 1557 1
1174 1671 1
1174 1791 1
1174 1803 1
1174 1825 1
1175 1214 1
1175 1223 1
1175 1232 1
1175 1261 1
1175 1270 1
1175 1308 1
1175 1427 1
1175 1469 1
1175 1480 1
1175 1498 1
1175 1536 1
1175 1601 1
1175 1628 1
1175 1718 1
1175 1723 1
1175 1730 1
1175 1775 1
1175 1803 1
1175 1825 1
1175 1847 1
1175 1890 1
1175 1916 1
1175 1920 1
1176 1202 1
1176 1209 1
1176 1229 1
1176 1237 1
1176 1257 1
1176 1261 1
1176 1278 1
1176 1296 1
1176 1397 1
1176 1482 1
1176 1718 1
1176 1731 1
1176 1778 1
1176 1787 1
1176 1864 1
1176 1888 1
1176 1942 1
1176 1990 1
1177 1194 1
1177 1233 1
1177 1273 1
1177 1313 1
1177 1318 1
1177 1350 1
1177 1381 1
1177 1435 1
1177 1463 1
1177 1537 1
1177 1580 1
1177 1631 1
1177 1637 1
1177 1703 1
1177 1779 1
1177 1840 1
1177 1856 1
1178 1186 1
1178 1213 1
1178 1216 1
1178 1251 1
1178 1276 1
1178 1310 1
1178 1350 1
1178 1361 1
1178 1386 1
1178 1393 1
1178 1395 1
1178 1403 1
1178 1536 1
1178 1547 1
1178 1548 1
1178 1556 1
1178 1583 1
1178 1606 1
1178 1639 1
1178 1859 1
1178 1861 1
1178 1915 1
1178 1976 1
1179 1343 1
1179 1457 1
1179 1465 1
1179 1498 1
1179 1518 1
1179 1524 1
1179 1563 1
1179 1700 1
1179 1722 1
1179 1731 1
1179 1794 1
1179 1809 1
1179 1818 1
1179 1842 1
1179 1846 1
1179 1872 1
1179 1875 1
1179 1918 1
1179 1996 1
1180 1239 1
1180 1259 1
1180 1302 1
1180 1312 1
1180 1313 1
1180 1377 1
1180 1465 1
1180 1495 1
1180 1517 1
1180 1575 1
1180 1669 1
1180 1672 1
1180 1673 1
1180 1684 1
1180 1700 1
1180 1701 1
1180 1764 1
1180 1778 1
1180 1852 1
1180 1853 1
1180 1910 1
1180 1970 1
1181 1233 1
1181 1272 1
1181 1293 1
1181 1301 1
1181 1310 1
1181 1315 1
1181 1396 1
1181 1434 1
1181 1520 1
1181 1574 1
1181 1590 1
1181 1635 1
1181 1638 1
1181 1662 1
1181 1687 1
1181 1715 1
1181 1718 1
1181 1747 1
1181 1763 1
1181 1798 1
1181 1806 1
1181 1856 1
1181 1862 1
1181 1995 1
1182 1222 1
1182 1252 1
1182 1260 1
1182 1305 1
1182 1379 1
1182 1425 1
1182 1518 1
1182 1551 1
1182 1610 1
1182 1672 1
1182 1812 1
1182 1827 1
1182 1876 1
1182 1896 1
1182 1897 1
1182 1909 1
1182 1926 1
1182 1937 1
1183 1258 1
1183 1382 1
1183 1424 1
1183 1426 1
1183 1495 1
1183 1549 1
1183 1681 1
1183 1695 1
1183 1727 1
1183 1728 1
1183 1756 1
1183 1976 1
1184 1327 1
1184 1542 1
1184 1574 1
1184 1659 1
1184 1722 1
1184 1725 1
1184 1727 1
1184 1797 1
1184 1817 1
1184 1831 1
1184 1844 1
1184 1913 1
1185 1203 1
1185 1234 1
1185 1274 1
1185 1345 1
1185 1361 1
1185 1424 1
1185 1454 1
1185 1711 1
1185 1752 1
1185 1805 1
1185 1823 1
1185 1825 1
1185 1850 1
1185 1886 1
1185 1989 1
1185 1993 1
1186 1221 1
1186 1223 1
1186 1233 1
1186 1237 1
1186 1250 1
1186 1270 1
1186 1277 1
1186 1298 1
1186 1300 1
1186 1322 1
1186 1325 1
1186 1510 1
1186 1511 1
1186 1529 1
1186 1602 1
1186 1634 1
1186 1661 1
1186 1688 1
1186 1730 1
1186 1758 1
1186 1819 1
1186 1826 1
1186 1846 1
1186 1856 1
1186 1987 1
1187 1190 1
1187 1268 1
1187 1351 1
1187 1375 1
1187 1384 1
1187 1468 1
1187 1487 1
1187 1560 1
1187 1603 1
1187 1619 1
1187 1675 1
1187 1718 1
1187 1726 1
1187 1776 1
1187 1859 1
1187 1870 1
1187 1878 1
1187 1994 1
1188 1262 1
1188 1275 1
1188 1297 1
1188 1304 1
1188 1312 1
1188 1346 1
1188 1353 1
1188 1367 1
1188 1435 1
1188 1583 1
1188 1626 1
1188 1660 1
1188 1710 1
1188 1795 1
1188 1847 1
1188 1870 1
1188 1927 1
1189 1209 1
1189 1346 1
1189 1359 1
1189 1364 1
1189 1468 1
1189 1496 1
1189 1596 1
1189 1731 1
1189 1777 1
1189 1778 1
1189 1810 1
1189 1858 1
1189 1878 1
1189 1905 1
1189 1907 1
1189 1981 1
1190 1192 1
1190 1244 1
1190 1264 1
1190 1279 1
1190 1289 1
1190 1362 1
1190 1376 1
1190 1441 1
1190 1467 1
1190 1492 1
1190 1609 1
1190 1629 1
1190 1633 1
1190 1657 1
1190 1659 1
1190 1735 1
1190 1827 1
1190 1878 1
1190 1901 1
1190 1999 1
1191 1282 1
1191 1305 1
1191 1326 1
1191 1352 1
1191 1366 1
1191 1377 1
1191 1468 1
1191 1491 1
1191 1535 1
1191 1553 1
1191 1601 1
1191 1625 1
1191 1682 1
1191 1724 1
1191 1737 1
1191 1788 1
1191 1793 1
1191 1829 1
1191 1844 1
1191 1870 1
1191 1881 1
1191 1894 1
1191 2000 1
1192 1224 1
1192 1271 1
1192 1287 1
1192 1293 1
1192 1316 1
1192 1365 1
1192 1375 1
1192 1385 1
1192 1490 1
1192 1498 1
1192 1560 1
1192 1664 1
1192 1681 1
1192 1774 1
1192 1806 1
1192 1859 1
1192 1866 1
1192 1924 1
1192 1998 1
1193 1198 1
1193 1213 1
1193 1214 1
1193 1220 1
1193 1227 1
1193 1239 1
1193 1256 1
1193 1285 1
1193 1288 1
1193 1381 1
1193 1523 1
1193 1529 1
1193 1574 1
1193 1603 1
1193 1671 1
1193 1708 1
1193 1743 1
1193 1746 1
1193 1758 1
1193 1801 1
1193 1819 1
1193 1848 1
1193 1857 1
1193 1869 1
1193 1947 1
1194 1216 1
1194 1249 1
1194 1366 1
1194 1436 1
1194 1477 1
1194 1508 1
1194 1562 1
1194 1605 1
1194 1636 1
1194 1710 1
1194 1733 1
1194 1735 1
1194 1754 1
1194 1757 1
1194 1759 1
1194 1763 1
1194 1858 1
1194 1915 1
1194 1967 1
1194 1991 1
1195 1201 1
1195 1213 1
1195 1231 1
1195 1369 1
1195 1378 1
1195 1442 1
1195 1489 1
1195 1623 1
1195 1672 1
1195 1759 1
1195 1805 1
1195 1848 1
1195 1910 1
1195 1912 1
1195 1927 1
1196 1255 1
1196 1267 1
1196 1279 1
1196 1319 1
1196 1391 1
1196 1462 1
1196 1469 1
1196 1556 1
1196 1562 1
1196 1566 1
1196 1574 1
1196 1614 1
1196 1622 1
1196 1637 1
1196 1643 1
1196 1671 1
1196 1696 1
1196 1704 1
1196 1762 1
1196 1802 1
1196 1905 1
1196 1938 1
1196 1959 1
1196 1968 1
1197 1222 1
1197 1256 1
1197 1287 1
1197 1369 1
1197 1408 1
1197 1412 1
1197 1464 1
1197 1468 1
1197 1539 1
1197 1650 1
1197 1682 1
1197 1716 1
1197 1729 1
1197 1788 1
1197 1804 1
1197 1911 1
1197 1921 1
1197 1930 1
1197 1965 1
1197 1975 1
1197 1989 1
1198 1200 1
1198 1222 1
1198 1231 1
1198 1245 1
1198 1341 1
1198 1384 1
1198 1446 1
1198 1533 1
1198 1540 1
1198 1551 1
1198 1587 1
1198 1636 1
1198 1661 1
1198 1665 1
1198 1673 1
1198 1711 1
1198 1809 1
1198 1813 1
1198 1828 1
1198 1897 1
1198 1930 1
1198 1940 1
1198 1942 1
1199 1267 1
1199 1283 1
1199 1299 1
1199 1300 1
1199 1346 1
1199 1394 1
1199 1566 1
1199 1574 1
1199 1584 1
1199 1596 1
1199 1732 1
1199 1746 1
1199 1750 1
1199 1808 1
1199 1861 1
1199 1866 1
1199 1902 1
1199 1934 1
1199 1937 1
1199 1966 1
1199 1991 1
1200 1310 1
1200 1374 1
1200 1472 1
1200 1490 1
1200 1506 1
1200 1598 1
1200 1618 1
1200 1719 1
1200 1749 1
1200 1800 1
1200 1813 1
1200 1824 1
1200 1845 1
1200 1863 1
1200 1883 1
1200 1899 1
1200 1923 1
1200 1978 1
1201 1306 1
1201 1311 1
1201 1365 1
1201 1407 1
1201 1408 1
1201 1409 1
1201 1446 1
1201 1474 1
1201 1489 1
1201 1546 1
1201 1563 1
1201 1574 1
1201 1750 1
1201 1798 1
1201 1849 1
1201 1884 1
1201 1885 1
1201 1925 1
1201 1931 1
1201 1939 1
1201 1946 1
1201 1958 1
1201 1987 1
1201 1995 1
1202 1315 1
1202 1348 1
1202 1363 1
1202 1365 1
1202 1381 1
1202 1428 1
1202 1430 1
1202 1520 1
1202 1557 1
1202 1696 1
1202 1729 1
1202 1772 1
1202 1900 1
1202 1911 1
1202 1983 1
1202 1987 1
1203 1212 1
1203 1222 1
1203 1251 1
1203 1287 1
1203 1334 1
1203 1371 1
1203 1473 1
1203 1485 1
1203 1538 1
1203 1549 1
1203 1591 1
1203 1612 1
1203 1625 1
1203 1658 1
1203 1674 1
1203 1690 1
1203 1728 1
1203 1764 1
1203 1784 1
1203 1833 1
1203 1853 1
1203 1864 1
1203 1876 1
1203 1915 1
1203 1916 1
1204 1226 1
1204 1299 1
1204 1389 1
1204 1413 1
1204 1556 1
1204 1587 1
1204 1589 1
1204 1603 1
1204 1633 1
1204 1758 1
1204 1828 1
1204 1858 1
1204 1862 1
1204 1867 1
1204 1934 1
1205 1211 1
1205 1221 1
1205 1248 1
1205 1251 1
1205 1293 1
1205 1300 1
1205 1482 1
1205 1486 1
1205 1500 1
1205 1507 1
1205 1556 1
1205 1603 1
1205 1648 1
1205 1666 1
1205 1697 1
1205 1705 1
1205 1708 1
1205 1726 1
1205 1730 1
1205 1750 1
1205 1786 1
1205 1815 1
1205 1972 1
1206 1308 1
1206 1377 1
1206 1383 1
1206 1394 1
1206 1401 1
1206 1437 1
1206 1519 1
1206 1642 1
1206 1777 1
1206 1858 1
1206 1859 1
1206 1870 1
1206 1932 1
1207 1238 1
1207 1260 1
1207 1310 1
1207 1386 1
1207 1449 1
1207 1460 1
1207 1475 1
1207 1617 1
1207 1658 1
1207 1682 1
1207 1699 1
1207 1728 1
1207 1740 1
1207 1770 1
1207 1788 1
1207 1830 1
1207 1901 1
1207 1958 1
1207 1982 1
1207 1993 1
1208 1213 1
1208 1264 1
1208 1271 1
1208 1289 1
1208 1318 1
1208 1353 1
1208 1358 1
1208 1361 1
1208 1376 1
1208 1417 1
1208 1486 1
1208 1526 1
1208 1533 1
1208 1544 1
1208 1602 1
1208 1649 1
1208 1654 1
1208 1750 1
1208 1769 1
1208 1774 1
1208 1782 1
1208 1804 1
1208 1874 1
1208 1903 1
1208 1905 1
1208 1937 1
1209 1275 1
1209 1536 1
1209 1552 1
1209 1648 1
1209 1656 1
1209 1898 1
1209 1928 1
1209 1999 1
1210 1219 1
1210 1255 1
1210 1362 1
1210 1389 1
1210 1392 1
1210 1407 1
1210 1418 1
1210 1427 1
1210 1458 1
1210 1469 1
1210 1483 1
1210 1521 1
1210 1626 1
1210 1647 1
1210 1674 1
1210 1770 1
1210 1780 1
1210 1862 1
1210 1885 1
1211 1234 1
1211 1266 1
1211 1339 1
1211 1496 1
1211 1500 1
1211 1535 1
1211 1565 1
1211 1567 1
1211 1574 1
1211 1658 1
1211 1662 1
1211 1720 1
1211 1779 1
1211 1792 1
1211 1876 1
1211 1946 1
1212 1227 1
1212 1420 1
1212 1455 1
1212 1461 1
1212 1499 1
1212 1618 1
1212 1696 1
1212 1751 1
1212 1879 1
1212 1890 1
1212 1912 1
1212 1936 1
1212 1938 1
1213 1248 1
1213 1339 1
1213 1378 1
1213 1387 1
1213 1396 1
1213 1411 1
1213 1448 1
1213 1456 1
1213 1462 1
1213 1470 1
1213 1488 1
1213 1606 1
1213 1668 1
1213 1722 1
1213 1735 1
1213 1766 1
1213 1773 1
1213 1792 1
1213 1823 1
1213 1897 1
1213 1900 1
1213 1966 1
1213 1974 1
1214 1254 1
1214 1305 1
1214 1311 1
1214 1348 1
1214 1404 1
1214 1416 1
1214 1426 1
1214 1515 1
1214 1747 1
1214 1865 1
1214 1898 1
1215 1267 1
1215 1297 1
1215 1373 1
1215 1401 1
1215 1473 1
1215 1484 1
1215 1505 1
1215 1517 1
1215 1541 1
1215 1606 1
1215 1622 1
1215 1691 1
1215 1694 1
1215 1717 1
1215 1769 1
1215 1797 1
1215 1862 1
1215 1893 1
1215 1898 1
1215 1903 1
1215 1942 1
1215 1956 1
1215 1982 1
1215 1995 1
1216 1273 1
1216 1274 1
1216 1276 1
1216 1282 1
1216 1292 1
1216 1293 1
1216 1358 1
1216 1411 1
1216 1412 1
1216 1425 1
1216 1426 1
1216 1464 1
1216 1566 1
1216 1590 1
1216 1618 1
1216 1642 1
1216 1658 1
1216 1696 1
1216 1901 1
1216 1902 1
1216 1986 1
1217 1227 1
1217 1234 1
1217 1235 1
1217 1255 1
1217 1320 1
1217 1390 1
1217 1418 1
1217 1427 1
1217 1451 1
1217 1571 1
1217 1574 1
1217 1578 1
1217 1647 1
1217 1763 1
1217 1854 1
1217 1965 1
1218 1283 1
1218 1299 1
1218 1386 1
1218 1447 1
1218 1479 1
1218 1493 1
1218 1495 1
1218 1507 1
1218 1515 1
1218 1537 1
1218 1563 1
1218 1679 1
1218 1716 1
1218 1752 1
1218 1756 1
1218 1760 1
1218 1787 1
1218 1798 1
1218 1850 1
1218 1884 1
1218 1996 1
1219 1226 1
1219 1267 1
1219 1433 1
1219 1463 1
1219 1481 1
1219 1534 1
1219 1567 1
1219 1583 1
1219 1588 1
1219 1601 1
1219 1646 1
1219 1725 1
1219 1733 1
1219 1762 1
1219 1765 1
1219 1850 1
1219 1858 1
1219 1952 1
1219 1985 1
1220 1249 1
1220 1254 1
1220 1264 1
1220 1302 1
1220 1324 1
1220 1352 1
1220 1382 1
1220 1472 1
1220 1479 1
1220 1514 1
1220 1536 1
1220 1549 1
1220 1611 1
1220 1697 1
1220 1742 1
1220 1748 1
1220 1792 1
1220 1795 1
1220 1825 1
1220 1834 1
1220 1853 1
1220 1976 1
1220 1987 1
1221 1245 1
1221 1298 1
1221 1329 1
1221 1399 1
1221 1422 1
1221 1430 1
1221 1509 1
1221 1615 1
1221 1637 1
1221 1728 1
1221 1736 1
1221 1756 1
1221 1767 1
1221 1815 1
1221 1844 1
1221 1885 1
1221 1965 1
1222 1236 1
1222 1273 1
1222 1287 1
1222 1332 1
1222 1427 1
1222 1497 1
1222 1498 1
1222 1527 1
1222 1573 1
1222 1650 1
1222 1662 1
1222 1693 1
1222 1768 1
1222 1822 1
1222 1854 1
1222 1905 1
1222 1923 1
1223 1241 1
1223 1265 1
1223 1290 1
1223 1298 1
1223 1345 1
1223 1417 1
1223 1434 1
1223 1469 1
1223 1494 1
1223 1501 1
1223 1566 1
1223 1567 1
1223 1576 1
1223 1578 1
1223 1620 1
1223 1623 1
1223 1626 1
1223 1628 1
1223 1778 1
1223 1831 1
1223 1847 1
1223 1911 1
1223 1933 1
1224 1246 1
1224 1274 1
1224 1293 1
1224 1332 1
1224 1388 1
1224 1424 1
1224 1453 1
1224 1545 1
1224 1599 1
1224 1666 1
1224 1747 1
1224 1749 1
1224 1754 1
1224 1761 1
1224 1902 1
1224 1914 1
1224 1952 1
1225 1273 1
1225 1296 1
1225 1365 1
1225 1418 1
1225 1482 1
1225 1512 1
1225 1577 1
1225 1669 1
1225 1674 1
1225 1685 1
1225 1731 1
1225 1774 1
1225 1786 1
1225 1883 1
1226 1231 1
1226 1281 1
1226 1286 1
1226 1287 1
1226 1320 1
1226 1333 1
1226 1441 1
1226 1554 1
1226 1595 1
1226 1605 1
1226 1637 1
1226 1717 1
1226 1790 1
1226 1817 1
1226 1877 1
1226 1956 1
1227 1234 1
1227 1280 1
1227 1316 1
1227 1333 1
1227 1439 1
1227 1565 1
1227 1609 1
1227 1663 1
1227 1667 1
1227 1684 1
1227 1753 1
1227 1799 1
1227 1820 1
1227 1847 1
1227 1857 1
1227 1910 1
1227 1947 1
1227 1974 1
1228 1264 1
1228 1305 1
1228 1325 1
1228 1365 1
1228 1366 1
1228 1405 1
1228 1411 1
1228 1415 1
1228 1524 1
1228 1600 1
1228 1619 1
1228 1631 1
1228 1676 1
1228 1724 1
1228 1775 1
1228 1820 1
1228 1834 1
1228 1842 1
1228 1845 1
1228 1915 1
1228 1981 1
1228 1982 1
1228 1983 1
1228 1985 1
1229 1249 1
1229 1292 1
1229 1380 1
1229 1388 1
1229 1393 1
1229 1414 1
1229 1418 1
1229 1443 1
1229 1456 1
1229 1502 1
1229 1526 1
1229 1554 1
1229 1659 1
1229 1693 1
1229 1703 1
1229 1764 1
1229 1777 1
1229 1811 1
1229 1820 1
1229 1837 1
1229 1845 1
1229 1937 1
1230 1257 1
1230 1324 1
1230 1331 1
1230 1381 1
1230 1396 1
1230 1401 1
1230 1432 1
1230 1434 1
1230 1437 1
1230 1474 1
1230 1491 1
1230 1507 1
1230 1733 1
1230 1769 1
1230 1776 1
1230 1783 1
1230 1815 1
1230 1865 1
1230 1882 1
1230 1914 1
1230 1943 1
1230 1953 1
1231 1355 1
1231 1416 1
1231 1445 1
1231 1494 1
1231 1569 1
1231 1598 1
1231 1624 1
1231 1662 1
1231 1799 1
1231 1813 1
1231 1835 1
1231 1871 1
1231 1896 1
1232 1240 1
1232 1274 1
1232 1303 1
1232 1380 1
1232 1412 1
1232 1476 1
1232 1512 1
1232 1539 1
1232 1650 1
1232 1804 1
1232 1805 1
1232 1814 1
1232 1891 1
1232 1912 1
1232 1963 1
1233 1254 1
1233 1300 1
1233 1321 1
1233 1373 1
1233 1434 1
1233 1446 1
1233 1471 1
1233 1472 1
1233 1493 1
1233 1495 1
1233 1533 1
1233 1550 1
1233 1556 1
1233 1562 1
1233 1567 1
1233 1714 1
1233 1843 1
1233 1867 1
1233 1953 1
1234 1292 1
1234 1304 1
1234 1312 1
1234 1319 1
1234 1355 1
1234 1360 1
1234 1435 1
1234 1441 1
1234 1510 1
1234 1531 1
1234 1598 1
1234 1611 1
1234 1641 1
1234 1683 1
1234 1725 1
1234 1762 1
1234 1763 1
1234 1796 1
1234 1900 1
1234 1902 1
1234 1919 1
1234 1921 1
1234 1974 1
1235 1239 1
1235 1262 1
1235 1273 1
1235 1276 1
1235 1280 1
1235 1303 1
1235 1332 1
1235 1370 1
1235 1458 1
1235 1526 1
1235 1612 1
1235 1640 1
1235 1647 1
1235 1669 1
1235 1686 1
1235 1704 1
1235 1721 1
1235 1794 1
1235 1822 1
1235 1839 1
1235 1976 1
1236 1239 1
1236 1268 1
1236 1299 1
1236 1337 1
1236 1475 1
1236 1501 1
1236 1505 1
1236 1511 1
1236 1513 1
1236 1519 1
1236 1545 1
1236 1548 1
1236 1555 1
1236 1589 1
1236 1591 1
1236 1806 1
1236 1836 1
1236 1894 1
1236 1897 1
1236 1934 1
1236 1973 1
1237 1246 1
1237 1258 1
1237 1269 1
1237 1297 1
1237 1329 1
1237 1397 1
1237 1413 1
1237 1465 1
1237 1485 1
1237 1559 1
1237 1565 1
1237 1786 1
1237 1841 1
1237 1855 1
1237 1863 1
1237 1865 1
1237 1987 1
1238 1240 1
1238 1298 1
1238 1334 1
1238 1390 1
1238 1424 1
1238 1450 1
1238 1465 1
1238 1490 1
1238 1673 1
1238 1678 1
1238 1682 1
1238 1721 1
1238 1752 1
1238 1875 1
1238 1912 1
1238 1930 1
1238 1967 1
1239 1294 1
1239 1324 1
1239 1353 1
1239 1370 1
1239 1462 1
1239 1590 1
1239 1707 1
1239 1741 1
1239 1742 1
1239 1748 1
1239 1778 1
1239 1793 1
1239 1808 1
1239 1809 1
1239 1877 1
1239 1925 1
1240 1275 1
1240 1315 1
1240 1350 1
1240 1357 1
1240 1410 1
1240 1415 1
1240 1498 1
1240 1609 1
1240 1615 1
1240 1648 1
1240 1730 1
1240 1823 1
1240 1864 1
1241 1284 1
1241 1317 1
1241 1354 1
1241 1360 1
1241 1387 1
1241 1388 1
1241 1399 1
1241 1418 1
1241 1460 1
1241 1509 1
1241 1618 1
1241 1621 1
1241 1663 1
1241 1813 1
1241 1816 1
1241 1827 1
1242 1259 1
1242 1327 1
1242 1364 1
1242 1436 1
1242 1513 1
1242 1526 1
1242 1593 1
1242 1645 1
1242 1674 1
1242 1691 1
1242 1710 1
1242 1757 1
1242 1762 1
1242 1775 1
1242 1783 1
1242 1834 1
1242 1864 1
1242 1885 1
1242 1889 1
1242 1920 1
1243 1254 1
1243 1311 1
1243 1346 1
1243 1360 1
1243 1371 1
1243 1543 1
1243 1682 1
1243 1739 1
1243 1746 1
1243 1764 1
1243 1806 1
1243 1825 1
1243 1907 1
1243 1920 1
1243 1971 1
1244 1256 1
1244 1270 1
1244 1271 1
1244 1341 1
1244 1445 1
1244 1515 1
1244 1654 1
1244 1754 1
1244 1867 1
1244 1937 1
1244 1943 1
1244 1948 1
1244 1953 1
1244 1992 1
1244 1993 1
1245 1260 1
1245 1303 1
1245 1352 1
1245 1545 1
1245 1607 1
1245 1669 1
1245 1792 1
1245 1924 1
1246 1263 1
1246 1273 1
1246 1303 1
1246 1338 1
1246 1350 1
1246 1404 1
1246 1415 1
1246 1614 1
1246 1638 1
1246 1646 1
1246 1666 1
1246 1677 1
1246 1731 1
1246 1736 1
1246 1784 1
1246 1801 1
1246 1809 1
1246 1904 1
1246 1926 1
1246 1965 1
1246 1983 1
1247 1297 1
1247 1307 1
1247 1312 1
1247 1333 1
1247 1338 1
1247 1352 1
1247 1373 1
1247 1377 1
1247 1391 1
1247 1404 1
1247 1490 1
1247 1515 1
1247 1642 1
1247 1706 1
1247 1709 1
1247 1739 1
1247 1793 1
1247 1804 1
1247 1807 1
1247 1843 1
1247 1880 1
1247 1927 1
1247 1981 1
1248 1324 1
1248 1377 1
1248 1413 1
1248 1414 1
1248 1424 1
1248 1431 1
1248 1511 1
1248 1525 1
1248 1584 1
1248 1608 1
1248 1635 1
1248 1642 1
1248 1655 1
1248 1664 1
1248 1696 1
1248 1697 1
1248 1705 1
1248 1759 1
1248 1796 1
1248 1892 1
1248 1934 1
1248 1999 1
1249 1264 1
1249 1356 1
1249 1367 1
1249 1375 1
1249 1432 1
1249 1442 1
1249 1505 1
1249 1519 1
1249 1644 1
1249 1701 1
1249 1731 1
1249 1732 1
1249 1765 1
1249 1802 1
1249 1812 1
1249 1819 1
1249 1869 1
1249 1917 1
1249 1973 1
1249 1992 1
1250 1272 1
1250 1291 1
1250 1343 1
1250 1372 1
1250 1406 1
1250 1431 1
1250 1442 1
1250 1512 1
1250 1516 1
1250 1561 1
1250 1562 1
1250 1593 1
1250 1597 1
1250 1658 1
1250 1707 1
1250 1709 1
1250 1724 1
1250 1729 1
1250 1761 1
1250 1763 1
1250 1810 1
1250 1850 1
1250 1863 1
1250 1918 1
1250 1922 1
1250 1985 1
1251 1261 1
1251 1301 1
1251 1323 1
1251 1402 1
1251 1423 1
1251 1470 1
1251 1489 1
1251 1499 1
1251 1511 1
1251 1529 1
1251 1566 1
1251 1570 1
1251 1574 1
1251 1615 1
1251 1857 1
1251 1904 1
1251 1953 1
1252 1315 1
1252 1356 1
1252 1383 1
1252 1465 1
1252 1493 1
1252 1520 1
1252 1548 1
1252 1596 1
1252 1704 1
1252 1707 1
1252 1731 1
1252 1796 1
1252 1822 1
1252 1844 1
1252 1907 1
1252 1930 1
1252 1947 1
1252 1985 1
1253 1259 1
1253 1527 1
1253 1533 1
1253 1536 1
1253 1602 1
1253 1639 1
1253 1765 1
1253 1768 1
1253 1866 1
1253 1917 1
1253 1945 1
1254 1308 1
1254 1347 1
1254 1383 1
1254 1415 1
1254 1455 1
1254 1475 1
1254 1532 1
1254 1540 1
1254 1551 1
1254 1564 1
1254 1595 1
1254 1640 1
1254 1646 1
1254 1670 1
1254 1896 1
1255 1262 1
1255 1371 1
1255 1409 1
1255 1453 1
1255 1498 1
1255 1544 1
1255 1557 1
1255 1565 1
1255 1567 1
1255 1608 1
1255 1698 1
1255 1707 1
1255 1755 1
1255 1771 1
1255 1782 1
1255 1825 1
1255 1832 1
1255 1929 1
1255 1935 1
1255 1940 1
1255 1944 1
1255 1951 1
1255 1985 1
1256 1393 1
1256 1423 1
1256 1433 1
1256 1460 1
1256 1470 1
1256 1478 1
1256 1482 1
1256 1526 1
1256 1570 1
1256 1575 1
1256 1585 1
1256 1593 1
1256 1638 1
1256 1678 1
1256 1732 1
1256 1746 1
1256 1748 1
1256 1758 1
1256 1805 1
1256 1901 1
1256 1950 1
1256 1983 1
1256 1997 1
1256 1999 1
1257 1264 1
1257 1338 1
1257 1377 1
1257 1390 1
1257 1450 1
1257 1487 1
1257 1497 1
1257 1519 1
1257 1545 1
1257 1557 1
1257 1597 1
1257 1624 1
1257 1701 1
1257 1733 1
1257 1750 1
1257 1753 1
1257 1938 1
1257 1980 1
1257 1990 1
1258 1288 1
1258 1302 1
1258 1336 1
1258 1361 1
1258 1388 1
1258 1400 1
1258 1411 1
1258 1484 1
1258 1512 1
1258 1528 1
1258 1561 1
1258 1601 1
1258 1635 1
1258 1698 1
1258 1718 1
1258 1720 1
1258 1744 1
1258 1748 1
1258 1749 1
1258 1759 1
1258 1832 1
1258 1987 1
1259 1267 1
1259 1268 1
1259 1276 1
1259 1457 1
1259 1467 1
1259 1498 1
1259 1515 1
1259 1533 1
1259 1538 1
1259 1539 1
1259 1666 1
1259 1670 1
1259 1700 1
1259 1704 1
1259 1709 1
1259 1712 1
1259 1722 1
1259 1736 1
1259 1759 1
1259 1765 1
1259 1779 1
1259 1802 1
1259 1818 1
1259 1870 1
1259 1883 1
1259 1993 1
1260 1277 1
1260 1290 1
1260 1294 1
1260 1310 1
1260 1368 1
1260 1501 1
1260 1565 1
1260 1576 1
1260 1605 1
1260 1639 1
1260 1683 1
1260 1700 1
1260 1713 1
1260 1753 1
1260 1754 1
1260 1756 1
1260 1770 1
1260 1803 1
1260 1816 1
1260 1832 1
1260 1843 1
1260 1883 1
1260 1994 1
1261 1375 1
1261 1404 1
1261 1443 1
1261 1468 1
1261 1575 1
1261 1600 1
1261 1676 1
1261 1724 1
1261 1748 1
1261 1855 1
1261 1902 1
1261 1945 1
1261 1966 1
1262 1457 1
1262 1538 1
1262 1592 1
1262 1593 1
1262 1664 1
1262 1695 1
1262 1744 1
1262 1791 1
1262 1811 1
1262 1847 1
1262 1923 1
1262 1938 1
1262 1978 1
1262 1984 1
1262 1986 1
1263 1331 1
1263 1337 1
1263 1340 1
1263 1351 1
1263 1367 1
1263 1460 1
1263 1553 1
1263 1661 1
1263 1685 1
1263 1730 1
1263 1749 1
1263 1817 1
1263 1822 1
1263 1912 1
1264 1347 1
1264 1350 1
1264 1370 1
1264 1492 1
1264 1590 1
1264 1600 1
1264 1619 1
1264 1633 1
1264 1640 1
1264 1644 1
1264 1721 1
1264 1738 1
1264 1766 1
1264 1816 1
1264 1870 1
1264 1900 1
1264 1966 1
1264 1968 1
1264 1989 1
1265 1412 1
1265 1473 1
1265 1529 1
1265 1590 1
1265 1691 1
1265 1755 1
1265 1769 1
1265 1989 1
1265 1992 1
1266 1279 1
1266 1293 1
1266 1307 1
1266 1377 1
1266 1383 1
1266 1401 1
1266 1476 1
1266 1496 1
1266 1553 1
1266 1561 1
1266 1580 1
1266 1589 1
1266 1611 1
1266 1666 1
1266 1744 1
1266 1858 1
1266 1865 1
1266 1973 1
1267 1284 1
1267 1319 1
1267 1361 1
1267 1390 1
1267 1404 1
1267 1431 1
1267 1447 1
1267 1460 1
1267 1508 1
1267 1564 1
1267 1585 1
1267 1625 1
1267 1676 1
1267 1683 1
1267 1757 1
1267 1766 1
1267 1802 1
1267 1813 1
1267 1842 1
1267 1911 1
1267 1947 1
1267 1974 1
1267 1995 1
1268 1327 1
1268 1394 1
1268 1463 1
1268 1477 1
1268 1500 1
1268 1544 1
1268 1589 1
1268 1657 1
1268 1697 1
1268 1722 1
1268 1752 1
1268 1776 1
1268 1793 1
1268 1824 1
1268 1832 1
1268 1856 1
1268 1865 1
1268 1881 1
1268 1915 1
1269 1275 1
1269 1348 1
1269 1366 1
1269 1393 1
1269 1396 1
1269 1466 1
1269 1478 1
1269 1534 1
1269 1627 1
1269 1633 1
1269 1684 1
1269 1693 1
1269 1787 1
1269 1803 1
1269 1907 1
1269 1915 1
1269 1922 1
1269 1953 1
1270 1317 1
1270 1418 1
1270 1460 1
1270 1472 1
1270 1486 1
1270 1511 1
1270 1575 1
1270 1577 1
1270 1661 1
1270 1690 1
1270 1813 1
1270 1831 1
1270 1893 1
1270 1935 1
1270 1953 1
1271 1344 1
1271 1371 1
1271 1399 1
1271 1432 1
1271 1473 1
1271 1478 1
1271 1560 1
1271 1567 1
1271 1645 1
1271 1661 1
1271 1712 1
1271 1756 1
1271 1762 1
1271 1764 1
1271 1776 1
1271 1806 1
1271 1915 1
1271 1973 1
1272 1296 1
1272 1316 1
1272 1372 1
1272 1374 1
1272 1391 1
1272 1543 1
1272 1573 1
1272 1594 1
1272 1610 1
1272 1662 1
1272 1693 1
1272 1724 1
1272 1748 1
1272 1756 1
1272 1764 1
1272 1851 1
1272 1852 1
1272 1920 1
1272 1946 1
1272 1964 1
1273 1283 1
1273 1294 1
1273 1307 1
1273 1316 1
1273 1327 1
1273 1365 1
1273 1375 1
1273 1460 1
1273 1487 1
1273 1520 1
1273 1557 1
1273 1565 1
1273 1570 1
1273 1580 1
1273 1625 1
1273 1662 1
1273 1684 1
1273 1697 1
1273 1780 1
1273 1785 1
1273 1816 1
1273 1913 1
1274 1327 1
1274 1393 1
1274 1426 1
1274 1477 1
1274 1504 1
1274 1534 1
1274 1575 1
1274 1588 1
1274 1623 1
1274 1681 1
1274 1692 1
1274 1763 1
1274 1782 1
1274 1823 1
1274 1873 1
1274 1919 1
1275 1278 1
1275 1286 1
1275 1317 1
1275 1328 1
1275 1337 1
1275 1344 1
1275 1353 1
1275 1368 1
1275 1451 1
1275 1456 1
1275 1470 1
1275 1478 1
1275 1662 1
1275 1792 1
1275 1794 1
1275 1803 1
1275 1810 1
1275 1861 1
1275 1907 1
1275 1935 1
1275 1949 1
1275 1966 1
1275 1976 1
1276 1283 1
1276 1492 1
1276 1530 1
1276 1545 1
1276 1559 1
1276 1565 1
1276 1636 1
1276 1642 1
1276 1650 1
1276 1702 1
1276 1769 1
1276 1828 1
1276 1894 1
1276 1925 1
1276 1938 1
1276 1983 1
1277 1362 1
1277 1375 1
1277 1384 1
1277 1410 1
1277 1448 1
1277 1453 1
1277 1457 1
1277 1540 1
1277 1589 1
1277 1624 1
1277 1625 1
1277 1636 1
1277 1745 1
1277 1773 1
1277 1820 1
1277 1870 1
1277 1890 1
1277 1918 1
1277 1927 1
1277 1928 1
1278 1287 1
1278 1299 1
1278 1396 1
1278 1406 1
1278 1423 1
1278 1436 1
1278 1439 1
1278 1548 1
1278 1561 1
1278 1793 1
1278 1831 1
1278 1910 1
1278 1911 1
1279 1300 1
1279 1333 1
1279 1345 1
1279 1363 1
1279 1414 1
1279 1428 1
1279 1446 1
1279 1496 1
1279 1517 1
1279 1542 1
1279 1603 1
1279 1641 1
1279 1642 1
1279 1689 1
1279 1691 1
1279 1712 1
1279 1787 1
1279 1809 1
1279 1813 1
1279 1841 1
1279 1895 1
1279 1898 1
1279 1955 1
1279 1962 1
1279 1980 1
1279 1984 1
1279 1986 1
1280 1282 1
1280 1340 1
1280 1431 1
1280 1439 1
1280 1461 1
1280 1515 1
1280 1524 1
1280 1565 1
1280 1621 1
1280 1639 1
1280 1714 1
1280 1738 1
1280 1761 1
1280 1770 1
1280 1778 1
1280 1820 1
1280 1822 1
1280 1846 1
1280 1866 1
1280 1914 1
1280 1941 1
1280 1968 1
1281 1308 1
1281 1426 1
1281 1456 1
1281 1465 1
1281 1467 1
1281 1482 1
1281 1566 1
1281 1677 1
1281 1706 1
1281 1739 1
1281 1901 1
1281 1903 1
1281 1914 1
1281 1950 1
1281 1987 1
1282 1289 1
1282 1312 1
1282 1397 1
1282 1416 1
1282 1421 1
1282 1446 1
1282 1450 1
1282 1459 1
1282 1520 1
1282 1682 1
1282 1685 1
1282 1698 1
1282 1739 1
1282 1753 1
1282 1759 1
1282 1842 1
1282 1860 1
1282 1933 1
1282 1937 1
1283 1494 1
1283 1577 1
1283 1599 1
1283 1637 1
1283 1667 1
1283 1723 1
1283 1724 1
1283 1793 1
1283 1880 1
1283 1897 1
1283 1937 1
1283 1959 1
1283 1975 1
1283 1981 1
1284 1303 1
1284 1335 1
1284 1342 1
1284 1484 1
1284 1570 1
1284 1628 1
1284 1629 1
1284 1760 1
1284 1907 1
1284 1930 1
1285 1324 1
1285 1356 1
1285 1434 1
1285 1452 1
1285 1476 1
1285 1498 1
1285 1509 1
1285 1558 1
1285 1570 1
1285 1581 1
1285 1586 1
1285 1659 1
1285 1668 1
1285 1726 1
1285 1837 1
1285 1877 1
1285 1883 1
1285 1907 1
1285 1917 1
1285 1999 1
1286 1293 1
1286 1312 1
1286 1380 1
1286 1413 1
1286 1478 1
1286 1627 1
1286 1647 1
1286 1730 1
1286 1737 1
1286 1831 1
1286 1886 1
1286 1888 1
1286 1910 1
1286 1930 1
1286 1988 1
1287 1304 1
1287 1311 1
1287 1335 1
1287 1336 1
1287 1387 1
1287 1407 1
1287 1566 1
1287 1594 1
1287 1606 1
1287 1612 1
1287 1656 1
1287 1700 1
1287 1766 1
1287 1771 1
1287 1774 1
1287 1802 1
1287 1820 1
1287 1884 1
1287 1888 1
1287 1948 1
1288 1300 1
1288 1347 1
1288 1373 1
1288 1401 1
1288 1418 1
1288 1425 1
1288 1428 1
1288 1450 1
1288 1524 1
1288 1698 1
1288 1702 1
1288 1728 1
1288 1792 1
1288 1826 1
1288 1839 1
1288 1880 1
1288 1937 1
1288 1991 1
1289 1331 1
1289 1429 1
1289 1464 1
1289 1467 1
1289 1526 1
1289 1536 1
1289 1646 1
1289 1684 1
1289 1689 1
1289 1721 1
1289 1754 1
1289 1764 1
1289 1807 1
1289 1836 1
1289 1876 1
1289 1878 1
1289 1941 1
1290 1293 1
1290 1338 1
1290 1355 1
1290 1357 1
1290 1369 1
1290 1373 1
1290 1411 1
1290 1424 1
1290 1467 1
1290 1561 1
1290 1638 1
1290 1725 1
1290 1836 1
1290 1852 1
1290 1921 1
1290 1954 1
1290 1960 1
1290 1990 1
1291 1311 1
1291 1313 1
1291 1391 1
1291 1400 1
1291 1436 1
1291 1441 1
1291 1466 1
1291 1520 1
1291 1693 1
1291 1720 1
1291 1721 1
1291 1741 1
1291 1755 1
1291 1757 1
1291 1823 1
1291 1826 1
1291 1937 1
1291 1945 1
1291 1978 1
1291 1987 1
1292 1345 1
1292 1393 1
1292 1445 1
1292 1460 1
1292 1487 1
1292 1518 1
1292 1675 1
1292 1688 1
1292 1697 1
1292 1717 1
1292 1845 1
1292 1976 1
1292 1978 1
1292 1991 1
1293 1355 1
1293 1441 1
1293 1481 1
1293 1510 1
1293 1574 1
1293 1597 1
1293 1640 1
1293 1681 1
1293 1688 1
1293 1717 1
1293 1726 1
1293 1835 1
1293 1990 1
1294 1390 1
1294 1403 1
1294 1416 1
1294 1425 1
1294 1543 1
1294 1555 1
1294 1681 1
1294 1701 1
1294 1737 1
1294 1747 1
1294 1762 1
1294 1763 1
1294 1837 1
1294 1849 1
1294 1869 1
1294 1871 1
1294 1923 1
1294 1926 1
1294 1973 1
1295 1297 1
1295 1355 1
1295 1362 1
1295 1418 1
1295 1455 1
1295 1462 1
1295 1507 1
1295 1539 1
1295 1569 1
1295 1603 1
1295 1638 1
1295 1775 1
1295 1818 1
1295 1852 1
1295 1900 1
1295 1915 1
1295 1937 1
1295 1976 1
1296 1307 1
1296 1333 1
1296 1414 1
1296 1435 1
1296 1466 1
1296 1471 1
1296 1482 1
1296 1590 1
1296 1620 1
1296 1654 1
1296 1686 1
1296 1695 1
1296 1797 1
1296 1800 1
1296 1816 1
1296 1838 1
1296 1859 1
1296 1860 1
1296 1946 1
1297 1321 1
1297 1353 1
1297 1417 1
1297 1419 1
1297 1422 1
1297 1477 1
1297 1487 1
1297 1501 1
1297 1502 1
1297 1505 1
1297 1514 1
1297 1528 1
1297 1561 1
1297 1599 1
1297 1616 1
1297 1751 1
1297 1923 1
1297 1934 1
1297 1959 1
1297 1988 1
1298 1333 1
1298 1347 1
1298 1484 1
1298 1488 1
1298 1530 1
1298 1552 1
1298 1567 1
1298 1584 1
1298 1634 1
1298 1639 1
1298 1667 1
1298 1738 1
1298 1739 1
1298 1768 1
1298 1801 1
1298 1803 1
1298 1806 1
1298 1834 1
1298 1920 1
1298 1934 1
1298 1972 1
1298 2000 1
1299 1428 1
1299 1457 1
1299 1535 1
1299 1543 1
1299 1570 1
1299 1630 1
1299 1683 1
1299 1769 1
1299 1792 1
1299 1803 1
1299 1892 1
1299 1910 1
1299 1924 1
1299 1952 1
1300 1333 1
1300 1339 1
1300 1378 1
1300 1442 1
1300 1478 1
1300 1496 1
1300 1550 1
1300 1553 1
1300 1656 1
1300 1693 1
1300 1698 1
1300 1705 1
1300 1724 1
1300 1773 1
1300 1810 1
1300 1811 1
1300 1815 1
1300 1864 1
1300 1912 1
1300 1913 1
1300 1972 1
1300 1986 1
1301 1358 1
1301 1361 1
1301 1379 1
1301 1556 1
1301 1577 1
1301 1597 1
1301 1632 1
1301 1767 1
1301 1837 1
1301 1957 1
1302 1340 1
1302 1411 1
1302 1451 1
1302 1464 1
1302 1473 1
1302 1524 1
1302 1642 1
1302 1793 1
1302 1931 1
1302 1996 1
1302 1999 1
1303 1306 1
1303 1346 1
1303 1436 1
1303 1476 1
1303 1510 1
1303 1557 1
1303 1665 1
1303 1747 1
1303 1757 1
1303 1822 1
1303 1878 1
1303 1915 1
1303 1931 1
1303 1944 1
1303 1972 1
1304 1348 1
1304 1353 1
1304 1372 1
1304 1376 1
1304 1402 1
1304 1440 1
1304 1498 1
1304 1520 1
1304 1526 1
1304 1643 1
1304 1736 1
1304 1803 1
1304 1817 1
1304 1819 1
1304 1867 1
1304 1889 1
1304 1908 1
1304 1930 1
1304 1943 1
1304 1968 1
1305 1306 1
1305 1326 1
1305 1362 1
1305 1393 1
1305 1444 1
1305 1472 1
1305 1566 1
1305 1613 1
1305 1624 1
1305 1629 1
1305 1648 1
1305 1701 1
1305 1816 1
1305 1834 1
1305 1864 1
1305 1892 1
1305 1896 1
1305 1934 1
1305 1960 1
1306 1326 1
1306 1357 1
1306 1362 1
1306 1478 1
1306 1495 1
1306 1502 1
1306 1519 1
1306 1530 1
1306 1554 1
1306 1568 1
1306 1571 1
1306 1765 1
1306 1844 1
1306 1863 1
1306 1866 1
1306 1909 1
1306 1922 1
1306 1926 1
1306 1930 1
1306 1960 1
1306 1996 1
1307 1347 1
1307 1416 1
1307 1434 1
1307 1474 1
1307 1483 1
1307 1548 1
1307 1648 1
1307 1665 1
1307 1673 1
1307 1680 1
1307 1833 1
1307 1836 1
1307 1837 1
1307 1933 1
1307 1993 1
1308 1324 1
1308 1384 1
1308 1399 1
1308 1421 1
1308 1541 1
1308 1569 1
1308 1614 1
1308 1617 1
1308 1758 1
1308 1766 1
1308 1782 1
1308 1807 1
1308 1826 1
1308 1850 1
1308 1909 1
1308 1923 1
1309 1420 1
1309 1462 1
1309 1463 1
1309 1539 1
1309 1553 1
1309 1631 1
1309 1650 1
1309 1652 1
1309 1670 1
1309 1716 1
1309 1722 1
1309 1735 1
1309 1746 1
1309 1778 1
1309 1854 1
1309 1863 1
1309 1903 1
1309 1935 1
1309 1937 1
1309 1975 1
1309 1993 1
1309 2000 1
1310 1336 1
1310 1396 1
1310 1403 1
1310 1529 1
1310 1545 1
1310 1586 1
1310 1626 1
1310 1644 1
1310 1668 1
1310 1674 1
1310 1725 1
1310 1745 1
1310 1831 1
1310 1861 1
1310 1863 1
1310 1879 1
1310 1959 1
1310 1987 1
1311 1322 1
1311 1371 1
1311 1377 1
1311 1438 1
1311 1551 1
1311 1599 1
1311 1638 1
1311 1651 1
1311 1687 1
1311 1724 1
1311 1747 1
1311 1770 1
1311 1939 1
1311 1944 1
1311 1949 1
1311 1991 1
1312 1317 1
1312 1318 1
1312 1325 1
1312 1380 1
1312 1437 1
1312 1444 1
1312 1522 1
1312 1591 1
1312 1647 1
1312 1653 1
1312 1693 1
1312 1718 1
1312 1799 1
1312 1893 1
1312 1925 1
1312 1944 1
1312 1955 1
1312 1970 1
1312 1999 1
1313 1381 1
1313 1406 1
1313 1420 1
1313 1495 1
1313 1529 1
1313 1606 1
1313 1655 1
1313 1676 1
1313 1701 1
1313 1772 1
1313 1782 1
1313 1794 1
1313 1999 1
1314 1360 1
1314 1400 1
1314 1401 1
1314 1437 1
1314 1455 1
1314 1457 1
1314 1533 1
1314 1538 1
1314 1559 1
1314 1616 1
1314 1641 1
1314 1695 1
1314 1705 1
1314 1725 1
1314 1744 1
1314 1761 1
1314 1816 1
1314 1836 1
1314 1837 1
1314 1841 1
1314 1844 1
1314 1870 1
1314 1907 1
1315 1329 1
1315 1388 1
1315 1520 1
1315 1534 1
1315 1536 1
1315 1564 1
1315 1631 1
1315 1685 1
1315 1704 1
1315 1719 1
1315 1762 1
1315 1797 1
1315 1812 1
1315 1819 1
1315 1830 1
1315 1836 1
1315 1842 1
1315 1880 1
1315 1897 1
1315 1918 1
1315 1969 1
1316 1318 1
1316 1352 1
1316 1411 1
1316 1476 1
1316 1486 1
1316 1511 1
1316 1543 1
1316 1619 1
1316 1675 1
1316 1679 1
1316 1708 1
1316 1765 1
1316 1827 1
1317 1318 1
1317 1568 1
1317 1573 1
1317 1586 1
1317 1595 1
1317 1606 1
1317 1667 1
1317 1761 1
1317 1838 1
1317 1870 1
1317 1879 1
1317 1895 1
1317 1927 1
1317 1946 1
1317 1951 1
1318 1331 1
1318 1351 1
1318 1359 1
1318 1386 1
1318 1389 1
1318 1443 1
1318 1449 1
1318 1457 1
1318 1514 1
1318 1608 1
1318 1615 1
1318 1698 1
1318 1818 1
1318 1827 1
1318 1868 1
1318 1879 1
1318 1910 1
1318 1955 1
1318 1962 1
1318 1981 1
1319 1330 1
1319 1338 1
1319 1339 1
1319 1420 1
1319 1424 1
1319 1432 1
1319 1444 1
1319 1473 1
1319 1477 1
1319 1501 1
1319 1594 1
1319 1619 1
1319 1639 1
1319 1645 1
1319 1648 1
1319 1667 1
1319 1722 1
1319 1816 1
1319 1950 1
1319 1979 1
1319 1987 1
1319 1995 1
1320 1333 1
1320 1352 1
1320 1359 1
1320 1389 1
1320 1411 1
1320 1425 1
1320 1572 1
1320 1577 1
1320 1650 1
1320 1666 1
1320 1733 1
1320 1771 1
1320 1790 1
1320 1834 1
1320 1845 1
1320 1867 1
1320 1871 1
1320 1875 1
1320 1927 1
1320 1956 1
1320 1971 1
1321 1324 1
1321 1427 1
1321 1471 1
1321 1473 1
1321 1490 1
1321 1520 1
1321 1598 1
1321 1662 1
1321 1733 1
1321 1836 1
1321 1853 1
1321 1862 1
1321 1906 1
1321 1980 1
1321 1989 1
1321 1992 1
1322 1346 1
1322 1359 1
1322 1405 1
1322 1445 1
1322 1477 1
1322 1515 1
1322 1523 1
1322 1666 1
1322 1678 1
1322 1775 1
1322 1778 1
1322 1794 1
1322 1804 1
1323 1376 1
1323 1377 1
1323 1392 1
1323 1427 1
1323 1461 1
1323 1464 1
1323 1495 1
1323 1522 1
1323 1584 1
1323 1588 1
1323 1687 1
1323 1728 1
1323 1741 1
1323 1774 1
1323 1780 1
1323 1791 1
1323 1822 1
1323 1831 1
1323 1889 1
1323 1918 1
1324 1377 1
1324 1381 1
1324 1398 1
1324 1519 1
1324 1538 1
1324 1579 1
1324 1583 1
1324 1642 1
1324 1649 1
1324 1672 1
1324 1730 1
1324 1732 1
1324 1805 1
1324 1895 1
1324 1922 1
1325 1362 1
1325 1420 1
1325 1422 1
1325 1431 1
1325 1463 1
1325 1486 1
1325 1502 1
1325 1530 1
1325 1559 1
1325 1562 1
1325 1651 1
1325 1657 1
1325 1679 1
1325 1698 1
1325 1706 1
1325 1751 1
1325 1773 1
1325 1809 1
1325 1835 1
1325 1858 1
1325 1905 1
1325 1981 1
1325 1991 1
1326 1328 1
1326 1357 1
1326 1391 1
1326 1398 1
1326 1403 1
1326 1406 1
1326 1407 1
1326 1459 1
1326 1515 1
1326 1526 1
1326 1605 1
1326 1639 1
1326 1724 1
1326 1778 1
1326 1780 1
1326 1787 1
1326 1860 1
1326 1908 1
1326 1960 1
1327 1328 1
1327 1348 1
1327 1395 1
1327 1415 1
1327 1479 1
1327 1535 1
1327 1549 1
1327 1590 1
1327 1597 1
1327 1616 1
1327 1654 1
1327 1796 1
1327 1820 1
1327 1896 1
1327 1916 1
1327 1939 1
1327 1979 1
1328 1339 1
1328 1400 1
1328 1515 1
1328 1561 1
1328 1572 1
1328 1635 1
1328 1639 1
1328 1651 1
1328 1665 1
1328 1706 1
1328 1730 1
1328 1741 1
1328 1824 1
1328 1837 1
1328 1848 1
1328 1879 1
1328 1930 1
1329 1359 1
1329 1436 1
1329 1477 1
1329 1488 1
1329 1526 1
1329 1542 1
1329 1570 1
1329 1573 1
1329 1625 1
1329 1628 1
1329 1664 1
1329 1689 1
1329 1703 1
1329 1726 1
1329 1835 1
1329 1945 1
1329 1960 1
1329 1979 1
1330 1437 1
1330 1480 1
1330 1565 1
1330 1612 1
1330 1637 1
1330 1827 1
1330 1870 1
1330 1951 1
1330 1990 1
1331 1344 1
1331 1407 1
1331 1411 1
1331 1414 1
1331 1435 1
1331 1448 1
1331 1518 1
1331 1538 1
1331 1574 1
1331 1576 1
1331 1577 1
1331 1800 1
1331 1829 1
1331 1833 1
1331 1888 1
1331 1946 1
1331 1947 1
1331 1977 1
1331 1984 1
1331 2000 1
1332 1409 1
1332 1509 1
1332 1525 1
1332 1558 1
1332 1625 1
1332 1675 1
1332 1679 1
1332 1689 1
1332 1848 1
1332 1876 1
1332 1898 1
1332 1906 1
1332 1951 1
1333 1376 1
1333 1377 1
1333 1392 1
1333 1437 1
1333 1552 1
1333 1554 1
1333 1574 1
1333 1605 1
1333 1674 1
1333 1871 1
1333 1900 1
1334 1438 1
1334 1532 1
1334 1553 1
1334 1561 1
1334 1569 1
1334 1588 1
1334 1604 1
1334 1618 1
1334 1632 1
1334 1651 1
1334 1668 1
1334 1674 1
1334 1683 1
1334 1689 1
1334 1726 1
1334 1730 1
1334 1731 1
1334 1747 1
1334 1751 1
1334 1767 1
1334 1780 1
1334 1840 1
1334 1881 1
1334 1889 1
1334 1899 1
1334 1928 1
1334 1973 1
1334 1994 1
1335 1354 1
1335 1408 1
1335 1413 1
1335 1507 1
1335 1666 1
1335 1754 1
1335 1762 1
1335 1827 1
1335 1844 1
1335 1899 1
1335 1905 1
1335 1906 1
1335 1950 1
1336 1350 1
1336 1355 1
1336 1397 1
1336 1448 1
1336 1521 1
1336 1523 1
1336 1525 1
1336 1535 1
1336 1582 1
1336 1594 1
1336 1599 1
1336 1607 1
1336 1621 1
1336 1640 1
1336 1662 1
1336 1695 1
1336 1699 1
1336 1714 1
1336 1810 1
1336 1813 1
1336 1844 1
1336 1853 1
1336 1882 1
1337 1408 1
1337 1476 1
1337 1484 1
1337 1576 1
1337 1600 1
1337 1622 1
1337 1625 1
1337 1664 1
1337 1753 1
1337 1779 1
1337 1819 1
1337 1827 1
1337 1875 1
1337 1882 1
1338 1456 1
1338 1477 1
1338 1507 1
1338 1569 1
1338 1573 1
1338 1625 1
1338 1632 1
1338 1639 1
1338 1640 1
1338 1720 1
1338 1781 1
1338 1875 1
1338 1891 1
1338 1915 1
1338 1921 1
1338 1968 1
1338 1990 1
1339 1424 1
1339 1458 1
1339 1531 1
1339 1538 1
1339 1548 1
1339 1564 1
1339 1572 1
1339 1611 1
1339 1641 1
1339 1667 1
1339 1671 1
1339 1743 1
1339 1744 1
1339 1756 1
1339 1779 1
1339 1842 1
1339 1900 1
1339 1937 1
1339 1965 1
1340 1431 1
1340 1500 1
1340 1650 1
1340 1660 1
1340 1700 1
1340 1718 1
1340 1729 1
1340 1735 1
1340 1766 1
1340 1814 1
1340 1902 1
1340 1906 1
1340 1929 1
1340 1935 1
1340 1949 1
1341 1367 1
1341 1380 1
1341 1384 1
1341 1392 1
1341 1401 1
1341 1403 1
1341 1410 1
1341 1433 1
1341 1452 1
1341 1457 1
1341 1460 1
1341 1503 1
1341 1555 1
1341 1570 1
1341 1625 1
1341 1653 1
1341 1672 1
1341 1684 1
1341 1952 1
1341 1980 1
1341 1994 1
1342 1573 1
1342 1667 1
1342 1685 1
1342 1816 1
1342 1836 1
1342 1849 1
1342 1911 1
1342 1947 1
1343 1427 1
1343 1465 1
1343 1489 1
1343 1566 1
1343 1621 1
1343 1625 1
1343 1649 1
1343 1675 1
1343 1676 1
1343 1720 1
1343 1767 1
1343 1843 1
1343 1875 1
1343 1935 1
1343 1936 1
1343 1947 1
1343 1953 1
1343 1968 1
1344 1349 1
1344 1364 1
1344 1382 1
1344 1496 1
1344 1522 1
1344 1576 1
1344 1584 1
1344 1644 1
1344 1645 1
1344 1662 1
1344 1723 1
1344 1750 1
1344 1820 1
1344 1821 1
1344 1829 1
1344 1871 1
1344 1872 1
1344 1888 1
1344 1914 1
1344 1920 1
1344 1964 1
1345 1359 1
1345 1401 1
1345 1404 1
1345 1520 1
1345 1533 1
1345 1582 1
1345 1598 1
1345 1610 1
1345 1648 1
1345 1744 1
1345 1765 1
1345 1838 1
1345 1841 1
1345 1869 1
1345 1936 1
1345 1953 1
1346 1409 1
1346 1471 1
1346 1565 1
1346 1590 1
1346 1614 1
1346 1694 1
1346 1735 1
1346 1748 1
1346 1844 1
1346 1871 1
1346 1882 1
1346 1962 1
1346 1967 1
1346 2000 1
1347 1386 1
1347 1423 1
1347 1447 1
1347 1567 1
1347 1584 1
1347 1587 1
1347 1622 1
1347 1747 1
1347 1750 1
1347 1777 1
1347 1811 1
1347 1887 1
1347 1945 1
1347 1971 1
1348 1462 1
1348 1598 1
1348 1615 1
1348 1653 1
1348 1822 1
1348 1826 1
1348 1846 1
1348 1856 1
1348 1917 1
1349 1361 1
1349 1475 1
1349 1491 1
1349 1523 1
1349 1592 1
1349 1637 1
1349 1641 1
1349 1645 1
1349 1672 1
1349 1686 1
1349 1773 1
1349 1774 1
1349 1779 1
1349 1780 1
1349 1794 1
1349 1867 1
1349 1922 1
1349 1953 1
1349 1970 1
1350 1351 1
1350 1421 1
1350 1506 1
1350 1571 1
1350 1639 1
1350 1691 1
1350 1694 1
1350 1696 1
1350 1755 1
1350 1819 1
1350 1904 1
1350 1909 1
1350 1944 1
1350 1956 1
1350 1958 1
1350 1988 1
1351 1406 1
1351 1438 1
1351 1521 1
1351 1583 1
1351 1614 1
1351 1633 1
1351 1690 1
1351 1765 1
1351 1774 1
1351 1795 1
1351 1803 1
1352 1353 1
1352 1371 1
1352 1413 1
1352 1432 1
1352 1507 1
1352 1532 1
1352 1554 1
1352 1569 1
1352 1583 1
1352 1630 1
1352 1633 1
1352 1670 1
1352 1703 1
1352 1717 1
1352 1825 1
1352 1862 1
1352 1870 1
1352 1943 1
1352 1964 1
1353 1370 1
1353 1419 1
1353 1437 1
1353 1445 1
1353 1543 1
1353 1567 1
1353 1570 1
1353 1618 1
1353 1745 1
1353 1899 1
1353 1911 1
1353 1929 1
1353 1990 1
1354 1372 1
1354 1392 1
1354 1407 1
1354 1463 1
1354 1480 1
1354 1493 1
1354 1511 1
1354 1513 1
1354 1517 1
1354 1523 1
1354 1537 1
1354 1648 1
1354 1670 1
1354 1714 1
1354 1800 1
1354 1890 1
1355 1369 1
1355 1402 1
1355 1413 1
1355 1419 1
1355 1438 1
1355 1500 1
1355 1531 1
1355 1561 1
1355 1611 1
1355 1662 1
1355 1694 1
1355 1696 1
1355 1702 1
1355 1771 1
1355 1817 1
1355 1914 1
1355 1942 1
1356 1376 1
1356 1414 1
1356 1423 1
1356 1433 1
1356 1485 1
1356 1635 1
1356 1690 1
1356 1787 1
1356 1916 1
1356 1928 1
1356 1998 1
1357 1372 1
1357 1443 1
1357 1510 1
1357 1554 1
1357 1672 1
1357 1719 1
1357 1761 1
1357 1902 1
1358 1472 1
1358 1495 1
1358 1550 1
1358 1587 1
1358 1597 1
1358 1614 1
1358 1661 1
1358 1728 1
1358 1730 1
1358 1775 1
1358 1798 1
1358 1805 1
1358 1844 1
1358 1883 1
1358 1897 1
1358 1899 1
1359 1377 1
1359 1384 1
1359 1392 1
1359 1439 1
1359 1451 1
1359 1472 1
1359 1488 1
1359 1689 1
1359 1692 1
1359 1693 1
1359 1714 1
1359 1762 1
1359 1808 1
1359 1874 1
1359 1917 1
1359 1925 1
1359 1942 1
1359 1968 1
1359 1980 1
1359 1998 1
1360 1392 1
1360 1404 1
1360 1422 1
1360 1424 1
1360 1509 1
1360 1522 1
1360 1530 1
1360 1595 1
1360 1613 1
1360 1650 1
1360 1664 1
1360 1665 1
1360 1677 1
1360 1678 1
1360 1690 1
1360 1744 1
1360 1764 1
1360 1784 1
1360 1798 1
1360 1817 1
1360 1820 1
1360 1924 1
1360 1934 1
1360 1973 1
1361 1489 1
1361 1498 1
1361 1539 1
1361 1544 1
1361 1587 1
1361 1598 1
1361 1632 1
1361 1664 1
1361 1682 1
1361 1685 1
1361 1779 1
1361 1789 1
1361 1802 1
1361 1805 1
1361 1819 1
1361 1822 1
1361 1888 1
1361 1940 1
1362 1424 1
1362 1440 1
1362 1461 1
1362 1633 1
1362 1644 1
1362 1677 1
1362 1686 1
1362 1719 1
1362 1726 1
1362 1733 1
1362 1791 1
1362 1799 1
1362 1807 1
1362 1817 1
1362 1854 1
1362 1863 1
1362 1895 1
1362 1949 1
1362 1978 1
1363 1397 1
1363 1411 1
1363 1414 1
1363 1503 1
1363 1523 1
1363 1548 1
1363 1549 1
1363 1612 1
1363 1621 1
1363 1657 1
1363 1731 1
1363 1734 1
1363 1771 1
1363 1812 1
1363 1838 1
1363 1866 1
1363 1966 1
1363 1969 1
1364 1391 1
1364 1401 1
1364 1407 1
1364 1420 1
1364 1477 1
1364 1499 1
1364 1543 1
1364 1580 1
1364 1700 1
1364 1727 1
1364 1812 1
1364 1831 1
1364 1858 1
1364 1918 1
1364 1941 1
1364 1980 1
1365 1472 1
1365 1513 1
1365 1559 1
1365 1568 1
1365 1681 1
1365 1685 1
1365 1694 1
1365 1728 1
1365 1748 1
1365 1785 1
1365 1836 1
1365 1862 1
1365 1880 1
1365 1983 1
1365 1989 1
1366 1439 1
1366 1503 1
1366 1552 1
1366 1570 1
1366 1604 1
1366 1634 1
1366 1704 1
1366 1725 1
1366 1803 1
1366 1810 1
1366 1819 1
1366 1842 1
1366 1887 1
1366 1964 1
1367 1394 1
1367 1503 1
1367 1519 1
1367 1662 1
1367 1717 1
1367 1788 1
1367 1810 1
1367 1851 1
1367 1864 1
1367 1924 1
1367 1945 1
1367 1973 1
1368 1402 1
1368 1565 1
1368 1640 1
1368 1681 1
1368 1730 1
1368 1735 1
1368 1746 1
1368 1751 1
1368 1875 1
1368 1953 1
1368 1968 1
1368 1991 1
1368 1995 1
1369 1373 1
1369 1429 1
1369 1510 1
1369 1547 1
1369 1632 1
1369 1671 1
1369 1728 1
1369 1808 1
1369 1823 1
1369 1849 1
1369 1920 1
1370 1397 1
1370 1489 1
1370 1490 1
1370 1667 1
1370 1740 1
1370 1745 1
1370 1757 1
1370 1763 1
1370 1807 1
1370 1826 1
1370 1857 1
1370 1915 1
1370 1926 1
1370 1944 1
1370 1949 1
1371 1550 1
1371 1609 1
1371 1614 1
1371 1626 1
1371 1646 1
1371 1710 1
1371 1725 1
1371 1763 1
1371 1902 1
1371 1916 1
1371 1919 1
1371 1956 1
1371 1972 1
1371 1976 1
1372 1375 1
1372 1414 1
1372 1466 1
1372 1496 1
1372 1564 1
1372 1565 1
1372 1573 1
1372 1602 1
1372 1678 1
1372 1691 1
1372 1727 1
1372 1728 1
1372 1734 1
1372 1885 1
1372 1903 1
1373 1374 1
1373 1383 1
1373 1396 1
1373 1405 1
1373 1421 1
1373 1511 1
1373 1518 1
1373 1534 1
1373 1605 1
1373 1624 1
1373 1630 1
1373 1807 1
1373 1815 1
1373 1818 1
1373 1867 1
1373 1878 1
1373 1946 1
1373 1962 1
1373 1982 1
1373 1984 1
1374 1418 1
1374 1477 1
1374 1559 1
1374 1693 1
1374 1826 1
1374 1831 1
1374 1833 1
1374 1868 1
1374 1910 1
1374 1963 1
1375 1378 1
1375 1418 1
1375 1479 1
1375 1534 1
1375 1576 1
1375 1615 1
1375 1626 1
1375 1627 1
1375 1653 1
1375 1663 1
1375 1674 1
1375 1678 1
1375 1752 1
1375 1766 1
1375 1767 1
1375 1794 1
1375 1845 1
1375 1890 1
1375 1945 1
1375 1947 1
1375 1952 1
1375 1956 1
1375 1959 1
1375 1983 1
1376 1386 1
1376 1391 1
1376 1419 1
1376 1441 1
1376 1455 1
1376 1501 1
1376 1510 1
1376 1549 1
1376 1558 1
1376 1590 1
1376 1598 1
1376 1605 1
1376 1644 1
1376 1648 1
1376 1678 1
1376 1716 1
1376 1775 1
1376 1777 1
1376 1786 1
1376 1842 1
1376 1883 1
1376 1913 1
1376 1927 1
1376 1940 1
1377 1396 1
1377 1431 1
1377 1479 1
1377 1500 1
1377 1510 1
1377 1618 1
1377 1654 1
1377 1708 1
1377 1711 1
1377 1808 1
1377 1829 1
1377 1945 1
1377 1974 1
1378 1454 1
1378 1486 1
1378 1515 1
1378 1545 1
1378 1584 1
1378 1617 1
1378 1633 1
1378 1665 1
1378 1683 1
1378 1735 1
1378 1768 1
1378 1778 1
1378 1780 1
1378 1844 1
1378 1856 1
1378 1858 1
1378 1888 1
1378 1953 1
1379 1380 1
1379 1383 1
1379 1407 1
1379 1476 1
1379 1488 1
1379 1508 1
1379 1572 1
1379 1636 1
1379 1772 1
1379 1830 1
1379 1836 1
1379 1843 1
1379 1939 1
1379 1947 1
1379 1968 1
1379 1993 1
1379 1999 1
1380 1401 1
1380 1403 1
1380 1446 1
1380 1565 1
1380 1615 1
1380 1669 1
1380 1687 1
1380 1690 1
1380 1700 1
1380 1721 1
1380 1731 1
1380 1737 1
1380 1895 1
1380 1967 1
1381 1383 1
1381 1396 1
1381 1403 1
1381 1415 1
1381 1505 1
1381 1522 1
1381 1544 1
1381 1545 1
1381 1583 1
1381 1651 1
1381 1736 1
1381 1747 1
1381 1756 1
1381 1763 1
1381 1799 1
1381 1802 1
1381 1827 1
1381 1842 1
1381 1852 1
1381 1880 1
1381 1964 1
1382 1409 1
1382 1423 1
1382 1444 1
1382 1465 1
1382 1474 1
1382 1485 1
1382 1539 1
1382 1618 1
1382 1718 1
1382 1782 1
1382 1796 1
1382 1810 1
1382 1831 1
1382 1841 1
1382 1874 1
1382 1902 1
1382 1956 1
1382 1996 1
1382 1997 1
1383 1384 1
1383 1408 1
1383 1442 1
1383 1503 1
1383 1522 1
1383 1531 1
1383 1570 1
1383 1635 1
1383 1669 1
1383 1712 1
1383 1718 1
1383 1745 1
1383 1767 1
1383 1785 1
1383 1806 1
1383 1825 1
1383 1905 1
1383 1958 1
1384 1408 1
1384 1437 1
1384 1456 1
1384 1467 1
1384 1516 1
1384 1524 1
1384 1582 1
1384 1622 1
1384 1630 1
1384 1634 1
1384 1680 1
1384 1824 1
1384 1834 1
1384 1842 1
1385 1418 1
1385 1443 1
1385 1467 1
1385 1529 1
1385 1562 1
1385 1593 1
1385 1624 1
1385 1679 1
1385 1706 1
1385 1779 1
1385 1832 1
1385 1842 1
1385 1883 1
1385 1893 1
1385 1919 1
1386 1425 1
1386 1436 1
1386 1452 1
1386 1518 1
1386 1582 1
1386 1595 1
1386 1634 1
1386 1667 1
1386 1675 1
1386 1742 1
1386 1810 1
1386 1962 1
1386 1973 1
1386 2000 1
1387 1479 1
1387 1487 1
1387 1596 1
1387 1640 1
1387 1691 1
1387 1693 1
1387 1736 1
1387 1772 1
1387 1812 1
1387 1888 1
1387 1898 1
1387 1979 1
1388 1394 1
1388 1435 1
1388 1566 1
1388 1579 1
1388 1676 1
1388 1690 1
1388 1701 1
1388 1744 1
1388 1759 1
1388 1776 1
1388 1819 1
1388 1851 1
1388 1878 1
1388 1919 1
1389 1401 1
1389 1404 1
1389 1464 1
1389 1498 1
1389 1536 1
1389 1563 1
1389 1629 1
1389 1678 1
1389 1680 1
1389 1743 1
1389 1796 1
1389 1825 1
1389 1833 1
1389 1835 1
1389 1882 1
1389 1885 1
1389 1934 1
1390 1407 1
1390 1415 1
1390 1463 1
1390 1480 1
1390 1482 1
1390 1490 1
1390 1498 1
1390 1511 1
1390 1531 1
1390 1568 1
1390 1594 1
1390 1621 1
1390 1673 1
1390 1725 1
1390 1742 1
1390 1760 1
1390 1776 1
1390 1861 1
1390 1881 1
1390 1891 1
1390 1925 1
1390 1941 1
1390 1948 1
1390 1951 1
1391 1392 1
1391 1413 1
1391 1431 1
1391 1511 1
1391 1520 1
1391 1601 1
1391 1639 1
1391 1687 1
1391 1695 1
1391 1698 1
1391 1720 1
1391 1775 1
1391 1889 1
1391 1916 1
1391 1936 1
1392 1400 1
1392 1435 1
1392 1494 1
1392 1506 1
1392 1511 1
1392 1552 1
1392 1579 1
1392 1588 1
1392 1656 1
1392 1674 1
1392 1788 1
1392 1848 1
1392 1959 1
1392 1960 1
1393 1411 1
1393 1427 1
1393 1438 1
1393 1478 1
1393 1481 1
1393 1548 1
1393 1593 1
1393 1613 1
1393 1652 1
1393 1696 1
1393 1700 1
1393 1803 1
1393 1870 1
1393 1883 1
1393 1886 1
1393 1935 1
1394 1438 1
1394 1453 1
1394 1494 1
1394 1553 1
1394 1574 1
1394 1668 1
1394 1676 1
1394 1756 1
1394 1776 1
1394 1809 1
1394 1822 1
1394 1936 1
1394 1944 1
1394 1996 1
1395 1459 1
1395 1462 1
1395 1495 1
1395 1498 1
1395 1577 1
1395 1606 1
1395 1615 1
1395 1635 1
1395 1725 1
1395 1756 1
1395 1762 1
1395 1784 1
1395 1819 1
1395 1918 1
1395 1983 1
1396 1501 1
1396 1513 1
1396 1548 1
1396 1572 1
1396 1615 1
1396 1652 1
1396 1678 1
1396 1684 1
1396 1735 1
1396 1777 1
1396 1810 1
1396 1876 1
1396 1934 1
1396 1959 1
1397 1417 1
1397 1445 1
1397 1499 1
1397 1605 1
1397 1646 1
1397 1673 1
1397 1748 1
1397 1761 1
1397 1784 1
1397 1791 1
1397 1796 1
1398 1472 1
1398 1490 1
1398 1500 1
1398 1544 1
1398 1590 1
1398 1627 1
1398 1764 1
1398 1783 1
1398 1813 1
1398 1814 1
1398 1830 1
1398 1868 1
1398 1873 1
1398 1876 1
1398 1926 1
1398 1944 1
1398 1953 1
1398 1962 1
1398 1978 1
1398 1983 1
1399 1408 1
1399 1429 1
1399 1518 1
1399 1548 1
1399 1594 1
1399 1595 1
1399 1649 1
1399 1672 1
1399 1694 1
1399 1724 1
1399 1751 1
1399 1863 1
1399 1879 1
1399 1927 1
1399 1951 1
1399 1967 1
1400 1621 1
1400 1688 1
1400 1766 1
1400 1772 1
1400 1812 1
1400 1813 1
1400 1816 1
1400 1867 1
1401 1417 1
1401 1428 1
1401 1445 1
1401 1480 1
1401 1542 1
1401 1591 1
1401 1628 1
1401 1646 1
1401 1656 1
1401 1684 1
1401 1781 1
1401 1816 1
1401 1892 1
1401 1900 1
1401 1917 1
1401 1937 1
1401 1961 1
1401 1973 1
1402 1408 1
1402 1420 1
1402 1438 1
1402 1470 1
1402 1510 1
1402 1532 1
1402 1550 1
1402 1662 1
1402 1754 1
1402 1756 1
1402 1777 1
1402 1859 1
1402 1903 1
1402 1913 1
1402 1920 1
1402 1924 1
1402 1937 1
1402 1939 1
1403 1426 1
1403 1589 1
1403 1596 1
1403 1623 1
1403 1667 1
1403 1701 1
1403 1737 1
1404 1467 1
1404 1468 1
1404 1540 1
1404 1551 1
1404 1607 1
1404 1751 1
1404 1757 1
1404 1771 1
1404 1791 1
1404 1865 1
1404 1963 1
1404 1970 1
1404 1973 1
1405 1452 1
1405 1516 1
1405 1569 1
1405 1574 1
1405 1644 1
1405 1681 1
1405 1693 1
1405 1707 1
1405 1712 1
1405 1734 1
1405 1793 1
1405 1801 1
1405 1974 1
1406 1440 1
1406 1595 1
1406 1599 1
1406 1646 1
1406 1660 1
1406 1697 1
1406 1773 1
1406 1883 1
1406 1953 1
1406 1985 1
1407 1487 1
1407 1509 1
1407 1718 1
1407 1743 1
1407 1778 1
1407 1811 1
1408 1413 1
1408 1415 1
1408 1437 1
1408 1459 1
1408 1476 1
1408 1563 1
1408 1618 1
1408 1623 1
1408 1680 1
1408 1726 1
1408 1756 1
1408 1772 1
1408 1776 1
1408 1816 1
1408 1854 1
1408 1881 1
1408 1940 1
1408 1954 1
1408 1967 1
1408 1986 1
1409 1425 1
1409 1480 1
1409 1481 1
1409 1516 1
1409 1552 1
1409 1655 1
1409 1709 1
1409 1722 1
1409 1756 1
1409 1815 1
1409 1822 1
1409 1834 1
1409 1877 1
1409 1886 1
1409 1899 1
1409 1926 1
1409 1946 1
1409 1980 1
1409 1988 1
1410 1430 1
1410 1527 1
1410 1615 1
1410 1709 1
1410 1760 1
1410 1794 1
1410 1835 1
1410 1844 1
1410 1861 1
1410 1922 1
1410 1934 1
1410 1964 1
1411 1414 1
1411 1434 1
1411 1440 1
1411 1446 1
1411 1477 1
1411 1506 1
1411 1581 1
1411 1588 1
1411 1631 1
1411 1681 1
1411 1750 1
1411 1766 1
1411 1795 1
1411 1869 1
1411 1881 1
1411 1887 1
1411 1895 1
1411 1949 1
1412 1434 1
1412 1455 1
1412 1541 1
1412 1593 1
1412 1609 1
1412 1626 1
1412 1646 1
1412 1650 1
1412 1676 1
1412 1681 1
1412 1685 1
1412 1694 1
1412 1729 1
1412 1738 1
1412 1743 1
1412 1810 1
1412 1835 1
1412 1841 1
1412 1898 1
1412 1938 1
1413 1423 1
1413 1451 1
1413 1455 1
1413 1479 1
1413 1556 1
1413 1580 1
1413 1603 1
1413 1643 1
1413 1676 1
1413 1680 1
1413 1706 1
1413 1714 1
1413 1733 1
1413 1757 1
1413 1758 1
1413 1801 1
1413 1871 1
1413 1880 1
1413 1888 1
1413 1894 1
1413 1915 1
1414 1461 1
1414 1514 1
1414 1566 1
1414 1583 1
1414 1614 1
1414 1615 1
1414 1747 1
1414 1835 1
1414 1866 1
1414 1927 1
1414 1970 1
1414 1980 1
1414 1987 1
1415 1420 1
1415 1516 1
1415 1554 1
1415 1653 1
1415 1778 1
1415 1915 1
1415 1945 1
1415 1974 1
1416 1419 1
1416 1457 1
1416 1461 1
1416 1465 1
1416 1510 1
1416 1564 1
1416 1572 1
1416 1588 1
1416 1651 1
1416 1836 1
1417 1474 1
1417 1594 1
1417 1721 1
1417 1767 1
1417 1851 1
1417 1888 1
1417 1898 1
1417 1931 1
1417 1946 1
1417 1962 1
1418 1470 1
1418 1487 1
1418 1603 1
1418 1635 1
1418 1772 1
1418 1838 1
1418 1876 1
1418 1885 1
1418 1912 1
1418 1961 1
1418 1967 1
1418 1977 1
1419 1429 1
1419 1515 1
1419 1532 1
1419 1561 1
1419 1564 1
1419 1569 1
1419 1651 1
1419 1660 1
1419 1691 1
1419 1770 1
1419 1779 1
1419 1787 1
1419 1807 1
1419 1830 1
1419 1874 1
1419 1899 1
1420 1429 1
1420 1459 1
1420 1480 1
1420 1521 1
1420 1557 1
1420 1567 1
1420 1575 1
1420 1597 1
1420 1604 1
1420 1614 1
1420 1629 1
1420 1648 1
1420 1708 1
1420 1709 1
1420 1716 1
1420 1723 1
1420 1793 1
1420 1868 1
1420 1968 1
1420 1977 1
1421 1434 1
1421 1441 1
1421 1489 1
1421 1494 1
1421 1564 1
1421 1583 1
1421 1607 1
1421 1647 1
1421 1669 1
1421 1672 1
1421 1688 1
1421 1783 1
1421 1854 1
1421 1894 1
1421 1962 1
1422 1488 1
1422 1492 1
1422 1548 1
1422 1552 1
1422 1559 1
1422 1624 1
1422 1625 1
1422 1674 1
1422 1739 1
1422 1814 1
1422 1820 1
1422 1873 1
1422 1895 1
1422 1930 1
1422 1942 1
1422 1949 1
1422 1961 1
1422 1967 1
1423 1521 1
1423 1523 1
1423 1569 1
1423 1589 1
1423 1651 1
1423 1769 1
1423 1778 1
1423 1802 1
1423 1805 1
1423 1952 1
1424 1431 1
1424 1454 1
1424 1476 1
1424 1491 1
1424 1552 1
1424 1557 1
1424 1597 1
1424 1634 1
1424 1764 1
1424 1943 1
1424 1962 1
1424 1973 1
1424 1984 1
1425 1430 1
1425 1510 1
1425 1538 1
1425 1539 1
1425 1634 1
1425 1672 1
1425 1708 1
1425 1780 1
1425 1786 1
1425 1811 1
1425 1825 1
1425 1900 1
1425 1907 1
1425 1908 1
1426 1518 1
1426 1534 1
1426 1593 1
1426 1669 1
1426 1714 1
1426 1799 1
1426 1834 1
1426 1926 1
1426 1945 1
1426 1968 1
1426 2000 1
1427 1462 1
1427 1465 1
1427 1479 1
1427 1489 1
1427 1498 1
1427 1507 1
1427 1580 1
1427 1599 1
1427 1617 1
1427 1636 1
1427 1637 1
1427 1653 1
1427 1676 1
1427 1681 1
1427 1688 1
1427 1771 1
1427 1779 1
1427 1840 1
1427 1880 1
1427 1913 1
1427 1934 1
1427 1993 1
1428 1523 1
1428 1554 1
1428 1586 1
1428 1591 1
1428 1596 1
1428 1604 1
1428 1616 1
1428 1622 1
1428 1636 1
1428 1687 1
1428 1706 1
1428 1773 1
1428 1776 1
1428 1814 1
1428 1873 1
1428 1908 1
1428 1925 1
1428 1942 1
1428 2000 1
1429 1448 1
1429 1457 1
1429 1555 1
1429 1576 1
1429 1699 1
1429 1764 1
1429 1815 1
1429 1837 1
1429 1840 1
1429 1874 1
1429 1886 1
1429 1964 1
1429 1974 1
1430 1451 1
1430 1468 1
1430 1504 1
1430 1511 1
1430 1544 1
1430 1579 1
1430 1605 1
1430 1622 1
1430 1623 1
1430 1640 1
1430 1703 1
1430 1768 1
1430 1776 1
1430 1799 1
1430 1811 1
1430 1863 1
1430 1907 1
1430 1920 1
1430 1975 1
1431 1460 1
1431 1491 1
1431 1504 1
1431 1555 1
1431 1616 1
1431 1639 1
1431 1653 1
1431 1906 1
1431 1990 1
1432 1437 1
1432 1522 1
1432 1563 1
1432 1568 1
1432 1572 1
1432 1652 1
1432 1658 1
1432 1725 1
1432 1736 1
1432 1761 1
1432 1867 1
1432 1927 1
1432 2000 1
1433 1468 1
1433 1471 1
1433 1482 1
1433 1529 1
1433 1554 1
1433 1567 1
1433 1570 1
1433 1574 1
1433 1639 1
1433 1730 1
1433 1783 1
1433 1841 1
1433 1843 1
1433 1851 1
1433 1951 1
1433 1970 1
1433 1979 1
1433 1980 1
1433 1989 1
1434 1448 1
1434 1466 1
1434 1472 1
1434 1518 1
1434 1520 1
1434 1586 1
1434 1611 1
1434 1643 1
1434 1669 1
1434 1673 1
1434 1688 1
1434 1732 1
1434 1751 1
1434 1765 1
1434 1801 1
1434 1806 1
1434 1846 1
1435 1465 1
1435 1655 1
1435 1749 1
1435 1758 1
1435 1765 1
1435 1781 1
1435 1803 1
1435 1852 1
1435 1864 1
1435 1895 1
1435 1915 1
1435 1977 1
1436 1451 1
1436 1481 1
1436 1494 1
1436 1521 1
1436 1626 1
1436 1655 1
1436 1695 1
1436 1756 1
1436 1760 1
1436 1776 1
1436 1949 1
1436 1990 1
1436 1998 1
1437 1479 1
1437 1540 1
1437 1583 1
1437 1618 1
1437 1626 1
1437 1685 1
1437 1696 1
1437 1700 1
1437 1950 1
1437 1979 1
1438 1456 1
1438 1463 1
1438 1497 1
1438 1577 1
1438 1652 1
1438 1711 1
1438 1751 1
1438 1850 1
1438 1928 1
1438 1942 1
1438 1994 1
1439 1470 1
1439 1475 1
1439 1482 1
1439 1526 1
1439 1546 1
1439 1678 1
1439 1735 1
1439 1747 1
1439 1752 1
1439 1784 1
1439 1832 1
1439 1916 1
1439 1918 1
1439 1939 1
1439 1976 1
1440 1505 1
1440 1619 1
1440 1656 1
1440 1659 1
1440 1678 1
1440 1712 1
1440 1729 1
1440 1837 1
1440 1876 1
1440 1888 1
1440 1945 1
1440 1977 1
1441 1466 1
1441 1528 1
1441 1543 1
1441 1565 1
1441 1755 1
1441 1771 1
1441 1798 1
1441 1801 1
1441 1821 1
1441 1848 1
1441 1872 1
1441 1895 1
1441 1896 1
1441 1908 1
1441 1941 1
1441 1962 1
1442 1598 1
1442 1652 1
1442 1694 1
1442 1720 1
1442 1752 1
1442 1761 1
1442 1914 1
1442 1923 1
1442 1987 1
1443 1549 1
1443 1557 1
1443 1576 1
1443 1592 1
1443 1612 1
1443 1617 1
1443 1673 1
1443 1677 1
1443 1703 1
1443 1714 1
1443 1748 1
1443 1950 1
1443 1952 1
1443 1954 1
1444 1475 1
1444 1544 1
1444 1631 1
1444 1669 1
1444 1682 1
1444 1685 1
1444 1709 1
1444 1717 1
1444 1776 1
1444 1821 1
1444 1826 1
1444 1905 1
1445 1511 1
1445 1530 1
1445 1586 1
1445 1690 1
1445 1749 1
1445 1768 1
1445 1865 1
1445 1929 1
1445 1989 1
1446 1447 1
1446 1473 1
1446 1510 1
1446 1517 1
1446 1802 1
1446 1825 1
1446 1881 1
1446 1911 1
1446 1916 1
1447 1457 1
1447 1551 1
1447 1620 1
1447 1676 1
1447 1681 1
1447 1729 1
1447 1739 1
1447 1741 1
1447 1743 1
1447 1762 1
1447 1817 1
1447 1848 1
1447 1874 1
1447 1983 1
1447 1986 1
1448 1500 1
1448 1504 1
1448 1572 1
1448 1581 1
1448 1602 1
1448 1607 1
1448 1631 1
1448 1642 1
1448 1696 1
1448 1735 1
1448 1740 1
1448 1741 1
1448 1872 1
1448 1876 1
1448 1945 1
1448 1965 1
1448 1968 1
1449 1476 1
1449 1481 1
1449 1501 1
1449 1524 1
1449 1536 1
1449 1542 1
1449 1570 1
1449 1607 1
1449 1608 1
1449 1685 1
1449 1735 1
1449 1736 1
1449 1764 1
1449 1798 1
1449 1803 1
1449 1806 1
1449 1809 1
1449 1827 1
1449 1828 1
1449 1844 1
1449 1854 1
1449 1875 1
1449 1942 1
1449 1954 1
1449 1956 1
1449 1957 1
1449 1990 1
1449 1997 1
1450 1490 1
1450 1566 1
1450 1668 1
1450 1929 1
1451 1512 1
1451 1542 1
1451 1593 1
1451 1675 1
1451 1680 1
1451 1741 1
1451 1753 1
1451 1774 1
1451 1782 1
1451 1808 1
1451 1824 1
1451 1975 1
1451 1980 1
1451 1982 1
1452 1514 1
1452 1529 1
1452 1721 1
1452 1764 1
1452 1805 1
1452 1822 1
1452 1827 1
1453 1502 1
1453 1556 1
1453 1597 1
1453 1915 1
1453 1999 1
1454 1459 1
1454 1479 1
1454 1637 1
1454 1668 1
1454 1736 1
1454 1751 1
1454 1757 1
1454 1854 1
1454 1916 1
1455 1478 1
1455 1600 1
1455 1655 1
1455 1662 1
1455 1680 1
1455 1725 1
1455 1743 1
1455 1764 1
1455 1837 1
1455 1859 1
1455 1947 1
1455 1997 1
1456 1533 1
1456 1591 1
1456 1645 1
1456 1686 1
1456 1704 1
1456 1743 1
1456 1795 1
1456 1833 1
1456 1881 1
1456 1905 1
1456 1948 1
1456 1961 1
1456 1965 1
1456 1967 1
1457 1459 1
1457 1541 1
1457 1668 1
1457 1678 1
1457 1706 1
1457 1710 1
1457 1725 1
1457 1745 1
1457 1776 1
1457 1855 1
1457 1915 1
1457 1919 1
1457 1990 1
1458 1622 1
1458 1673 1
1458 1704 1
1458 1830 1
1458 1833 1
1458 1843 1
1458 1914 1
1458 1955 1
1458 1983 1
1459 1468 1
1459 1471 1
1459 1533 1
1459 1540 1
1459 1565 1
1459 1627 1
1459 1677 1
1459 1686 1
1459 1750 1
1459 1782 1
1459 1785 1
1459 1807 1
1459 1826 1
1459 1935 1
1459 1949 1
1460 1543 1
1460 1673 1
1460 1675 1
1460 1686 1
1460 1688 1
1460 1696 1
1460 1720 1
1460 1775 1
1460 1791 1
1460 1845 1
1460 1854 1
1460 1871 1
1460 1933 1
1460 1952 1
1461 1471 1
1461 1624 1
1461 1633 1
1461 1725 1
1461 1764 1
1461 1798 1
1461 1809 1
1461 1866 1
1461 1903 1
1461 1919 1
1461 1968 1
1461 1986 1
1462 1485 1
1462 1621 1
1462 1639 1
1462 1743 1
1462 1835 1
1462 1909 1
1462 1925 1
1462 1953 1
1463 1540 1
1463 1550 1
1463 1580 1
1463 1587 1
1463 1604 1
1463 1654 1
1463 1672 1
1463 1690 1
1463 1698 1
1463 1727 1
1463 1739 1
1463 1783 1
1463 1790 1
1463 1822 1
1463 1879 1
1463 1887 1
1463 1913 1
1463 1923 1
1463 1956 1
1464 1525 1
1464 1540 1
1464 1566 1
1464 1632 1
1464 1642 1
1464 1755 1
1464 1826 1
1465 1509 1
1465 1556 1
1465 1572 1
1465 1610 1
1465 1660 1
1465 1777 1
1465 1788 1
1465 1841 1
1465 1842 1
1465 1849 1
1465 1852 1
1465 1891 1
1465 1921 1
1465 1937 1
1465 1942 1
1466 1467 1
1466 1566 1
1466 1572 1
1466 1589 1
1466 1601 1
1466 1676 1
1466 1681 1
1466 1685 1
1466 1707 1
1466 1729 1
1466 1802 1
1466 1806 1
1466 1816 1
1466 1826 1
1466 1864 1
1467 1489 1
1467 1513 1
1467 1514 1
1467 1515 1
1467 1516 1
1467 1553 1
1467 1562 1
1467 1570 1
1467 1678 1
1467 1708 1
1467 1711 1
1467 1808 1
1467 1864 1
1467 1903 1
1467 1950 1
1467 1958 1
1467 1972 1
1468 1477 1
1468 1526 1
1468 1529 1
1468 1614 1
1468 1619 1
1468 1672 1
1468 1721 1
1468 1747 1
1468 1756 1
1468 1772 1
1468 1871 1
1468 1900 1
1468 1935 1
1468 1973 1
1469 1548 1
1469 1599 1
1469 1735 1
1469 1745 1
1469 1803 1
1469 1829 1
1469 1832 1
1469 1841 1
1469 1854 1
1469 1867 1
1469 1914 1
1469 1918 1
1469 1922 1
1469 1987 1
1470 1534 1
1470 1566 1
1470 1567 1
1470 1733 1
1470 1766 1
1470 1840 1
1470 1865 1
1470 1870 1
1470 1895 1
1470 1935 1
1470 1949 1
1471 1472 1
1471 1549 1
1471 1592 1
1471 1630 1
1471 1664 1
1471 1713 1
1471 1733 1
1471 1800 1
1471 1804 1
1471 1808 1
1471 1860 1
1471 1919 1
1471 1964 1
1471 1972 1
1471 1974 1
1472 1477 1
1472 1493 1
1472 1628 1
1472 1676 1
1472 1688 1
1472 1739 1
1472 1892 1
1472 1920 1
1472 1990 1
1473 1498 1
1473 1527 1
1473 1572 1
1473 1573 1
1473 1672 1
1473 1732 1
1473 1744 1
1473 1846 1
1473 1851 1
1473 1860 1
1473 1986 1
1474 1483 1
1474 1488 1
1474 1620 1
1474 1629 1
1474 1661 1
1474 1715 1
1474 1755 1
1474 1823 1
1474 1847 1
1474 1859 1
1474 1861 1
1474 1905 1
1474 1910 1
1474 1967 1
1474 1973 1
1475 1556 1
1475 1574 1
1475 1578 1
1475 1580 1
1475 1679 1
1475 1688 1
1475 1695 1
1475 1705 1
1475 1713 1
1475 1766 1
1475 1814 1
1475 1885 1
1475 1945 1
1475 1991 1
1476 1541 1
1476 1604 1
1476 1613 1
1476 1617 1
1476 1636 1
1476 1646 1
1476 1684 1
1476 1711 1
1476 1746 1
1476 1751 1
1476 1761 1
1476 1772 1
1476 1816 1
1476 1828 1
1476 1870 1
1476 1916 1
1476 1921 1
1477 1517 1
1477 1548 1
1477 1563 1
1477 1566 1
1477 1576 1
1477 1617 1
1477 1796 1
1477 1801 1
1477 1817 1
1477 1915 1
1477 1930 1
1477 1988 1
1478 1506 1
1478 1661 1
1478 1685 1
1478 1742 1
1478 1747 1
1478 1780 1
1478 1785 1
1478 1830 1
1478 1886 1
1478 1909 1
1478 1953 1
1478 1966 1
1478 1978 1
1479 1492 1
1479 1494 1
1479 1515 1
1479 1539 1
1479 1588 1
1479 1644 1
1479 1678 1
1479 1723 1
1479 1728 1
1479 1746 1
1479 1808 1
1479 1852 1
1479 1854 1
1479 1865 1
1479 1873 1
1479 1957 1
1479 1982 1
1480 1541 1
1480 1573 1
1480 1574 1
1480 1591 1
1480 1598 1
1480 1631 1
1480 1680 1
1480 1731 1
1480 1741 1
1480 1749 1
1480 1780 1
1480 1877 1
1480 1883 1
1481 1534 1
1481 1555 1
1481 1576 1
1481 1633 1
1481 1755 1
1481 1756 1
1481 1855 1
1481 1933 1
1481 1957 1
1481 1968 1
1482 1528 1
1482 1559 1
1482 1617 1
1482 1677 1
1482 1738 1
1482 1782 1
1482 1806 1
1482 1833 1
1482 1859 1
1483 1493 1
1483 1547 1
1483 1559 1
1483 1593 1
1483 1664 1
1483 1674 1
1483 1766 1
1483 1779 1
1483 1800 1
1483 1810 1
1483 1814 1
1483 1867 1
1483 1911 1
1483 1923 1
1483 1956 1
1483 1977 1
1484 1507 1
1484 1558 1
1484 1562 1
1484 1612 1
1484 1689 1
1484 1695 1
1484 1704 1
1484 1717 1
1484 1719 1
1484 1741 1
1484 1776 1
1484 1867 1
1484 1879 1
1484 1886 1
1484 1887 1
1484 1944 1
1484 1984 1
1485 1574 1
1485 1608 1
1485 1622 1
1485 1628 1
1485 1629 1
1485 1656 1
1485 1679 1
1485 1689 1
1485 1697 1
1485 1717 1
1485 1742 1
1485 1938 1
1485 1990 1
1486 1505 1
1486 1542 1
1486 1548 1
1486 1685 1
1486 1740 1
1486 1750 1
1486 1802 1
1486 1843 1
1486 1854 1
1486 1892 1
1486 1916 1
1486 1990 1
1487 1500 1
1487 1531 1
1487 1636 1
1487 1688 1
1487 1760 1
1487 1767 1
1487 1772 1
1487 1801 1
1487 1813 1
1487 1824 1
1487 1884 1
1487 1887 1
1487 1911 1
1487 1940 1
1488 1522 1
1488 1554 1
1488 1562 1
1488 1603 1
1488 1622 1
1488 1860 1
1488 1894 1
1488 1917 1
1488 1923 1
1488 1946 1
1489 1495 1
1489 1500 1
1489 1513 1
1489 1564 1
1489 1567 1
1489 1572 1
1489 1596 1
1489 1603 1
1489 1614 1
1489 1626 1
1489 1634 1
1489 1650 1
1489 1698 1
1489 1738 1
1489 1744 1
1489 1757 1
1489 1840 1
1489 1850 1
1489 1906 1
1489 1933 1
1489 1953 1
1489 1959 1
1489 1979 1
1489 1989 1
1490 1580 1
1490 1671 1
1490 1683 1
1490 1690 1
1490 1710 1
1490 1716 1
1490 1728 1
1490 1750 1
1490 1809 1
1490 1819 1
1490 1832 1
1490 1845 1
1490 1858 1
1490 1871 1
1490 1885 1
1490 1909 1
1490 1927 1
1490 1962 1
1490 1986 1
1490 1993 1
1491 1499 1
1491 1533 1
1491 1619 1
1491 1655 1
1491 1657 1
1491 1693 1
1491 1724 1
1491 1731 1
1491 1801 1
1491 1822 1
1491 1831 1
1491 1834 1
1491 1843 1
1491 1953 1
1492 1608 1
1492 1623 1
1492 1634 1
1492 1649 1
1492 1670 1
1492 1691 1
1492 1734 1
1492 1766 1
1492 1808 1
1492 1813 1
1492 1839 1
1492 1860 1
1492 1916 1
1493 1505 1
1493 1601 1
1493 1607 1
1493 1614 1
1493 1655 1
1493 1751 1
1493 1774 1
1493 1798 1
1493 1896 1
1493 1961 1
1493 1968 1
1493 1972 1
1494 1498 1
1494 1531 1
1494 1569 1
1494 1575 1
1494 1626 1
1494 1655 1
1494 1682 1
1494 1683 1
1494 1720 1
1494 1730 1
1494 1778 1
1494 1784 1
1494 1796 1
1494 1821 1
1494 1845 1
1494 1873 1
1494 1876 1
1494 1885 1
1494 1887 1
1494 1896 1
1494 1908 1
1494 1910 1
1494 1980 1
1495 1519 1
1495 1564 1
1495 1571 1
1495 1649 1
1495 1668 1
1495 1682 1
1495 1745 1
1495 1814 1
1495 1822 1
1495 1862 1
1495 1891 1
1495 1894 1
1495 1978 1
1495 1984 1
1495 1985 1
1496 1517 1
1496 1560 1
1496 1576 1
1496 1594 1
1496 1622 1
1496 1649 1
1496 1689 1
1496 1755 1
1496 1807 1
1496 1830 1
1496 1837 1
1496 1861 1
1496 1954 1
1496 1971 1
1497 1614 1
1497 1746 1
1497 1829 1
1497 1923 1
1497 1982 1
1498 1540 1
1498 1551 1
1498 1555 1
1498 1595 1
1498 1604 1
1498 1631 1
1498 1633 1
1498 1636 1
1498 1711 1
1498 1714 1
1498 1793 1
1498 1808 1
1498 1902 1
1498 1947 1
1498 1985 1
1499 1642 1
1499 1719 1
1499 1773 1
1499 1801 1
1499 1810 1
1499 1830 1
1499 1873 1
1499 1913 1
1499 1958 1
1499 1978 1
1499 1993 1
1500 1505 1
1500 1536 1
1500 1650 1
1500 1727 1
1500 1793 1
1500 1833 1
1500 1899 1
1500 1918 1
1500 1930 1
1500 1940 1
1500 1972 1
1501 1537 1
1501 1594 1
1501 1599 1
1501 1611 1
1501 1614 1
1501 1640 1
1501 1686 1
1501 1858 1
1501 1881 1
1501 1924 1
1501 1989 1
1502 1530 1
1502 1549 1
1502 1599 1
1502 1606 1
1502 1611 1
1502 1651 1
1502 1707 1
1502 1861 1
1502 1872 1
1502 1884 1
1502 1900 1
1503 1527 1
1503 1536 1
1503 1546 1
1503 1563 1
1503 1572 1
1503 1582 1
1503 1587 1
1503 1590 1
1503 1687 1
1503 1836 1
1503 1856 1
1503 1874 1
1503 1932 1
1503 1996 1
1504 1522 1
1504 1571 1
1504 1589 1
1504 1717 1
1504 1719 1
1504 1730 1
1504 1780 1
1504 1802 1
1504 1902 1
1504 1941 1
1504 1958 1
1505 1610 1
1505 1631 1
1505 1660 1
1505 1673 1
1505 1682 1
1505 1684 1
1505 1771 1
1505 1792 1
1505 1863 1
1505 1881 1
1505 1891 1
1505 1904 1
1505 1940 1
1506 1616 1
1506 1629 1
1506 1632 1
1506 1662 1
1506 1696 1
1506 1740 1
1506 1750 1
1506 1758 1
1506 1791 1
1506 1811 1
1507 1524 1
1507 1554 1
1507 1579 1
1507 1589 1
1507 1618 1
1507 1634 1
1507 1689 1
1507 1727 1
1507 1782 1
1507 1861 1
1507 1873 1
1507 1874 1
1507 1905 1
1507 1977 1
1507 1994 1
1508 1586 1
1508 1587 1
1508 1624 1
1508 1708 1
1508 1796 1
1508 1888 1
1508 1894 1
1508 1903 1
1508 1908 1
1508 1909 1
1508 1959 1
1509 1555 1
1509 1615 1
1509 1622 1
1509 1698 1
1509 1873 1
1509 1891 1
1509 1914 1
1509 1950 1
1509 1978 1
1509 1982 1
1510 1591 1
1510 1788 1
1510 1796 1
1510 1806 1
1510 1874 1
1510 1912 1
1510 1970 1
1510 1999 1
1511 1595 1
1511 1667 1
1511 1671 1
1511 1678 1
1511 1702 1
1511 1787 1
1511 1810 1
1511 1844 1
1511 1907 1
1511 1954 1
1511 1997 1
1512 1527 1
1512 1596 1
1512 1626 1
1512 1636 1
1512 1704 1
1512 1731 1
1512 1756 1
1512 1763 1
1512 1768 1
1512 1790 1
1512 1793 1
1513 1536 1
1513 1538 1
1513 1574 1
1513 1575 1
1513 1596 1
1513 1641 1
1513 1758 1
1513 1817 1
1513 1838 1
1513 1852 1
1513 1857 1
1513 1861 1
1513 1886 1
1513 1894 1
1513 1943 1
1513 1983 1
1514 1558 1
1514 1594 1
1514 1617 1
1514 1622 1
1514 1686 1
1514 1702 1
1514 1786 1
1514 1787 1
1514 1806 1
1514 1815 1
1514 1843 1
1514 1857 1
1514 1885 1
1514 1976 1
1515 1538 1
1515 1564 1
1515 1584 1
1515 1603 1
1515 1657 1
1515 1684 1
1515 1925 1
1516 1592 1
1516 1616 1
1516 1639 1
1516 1704 1
1516 1729 1
1516 1756 1
1516 1799 1
1516 1827 1
1516 1903 1
1516 1920 1
1516 1975 1
1517 1556 1
1517 1594 1
1517 1663 1
1517 1776 1
1517 1807 1
1517 1913 1
1517 1938 1
1517 1949 1
1517 1985 1
1518 1535 1
1518 1548 1
1518 1610 1
1518 1766 1
1518 1850 1
1518 1869 1
1518 1870 1
1519 1534 1
1519 1595 1
1519 1605 1
1519 1656 1
1519 1663 1
1519 1817 1
1519 1821 1
1519 1948 1
1519 1959 1
1519 1973 1
1519 1979 1
1520 1554 1
1520 1585 1
1520 1586 1
1520 1601 1
1520 1609 1
1520 1690 1
1520 1696 1
1520 1704 1
1520 1751 1
1520 1789 1
1520 1853 1
1520 1863 1
1520 1909 1
1520 1952 1
1521 1577 1
1521 1596 1
1521 1847 1
1521 1855 1
1521 1916 1
1521 1940 1
1521 1948 1
1521 1994 1
1522 1539 1
1522 1555 1
1522 1737 1
1522 1765 1
1522 1781 1
1522 1816 1
1522 1831 1
1522 1847 1
1522 1859 1
1523 1531 1
1523 1637 1
1523 1677 1
1523 1716 1
1523 1738 1
1523 1754 1
1523 1772 1
1523 1800 1
1523 1839 1
1523 1875 1
1523 1966 1
1523 1993 1
1524 1629 1
1524 1681 1
1524 1747 1
1524 1812 1
1524 1823 1
1524 1849 1
1524 1872 1
1524 1896 1
1525 1581 1
1525 1708 1
1525 1741 1
1525 1774 1
1525 1776 1
1525 1828 1
1525 1831 1
1525 1872 1
1525 1969 1
1525 1986 1
1526 1539 1
1526 1565 1
1526 1637 1
1526 1702 1
1526 1769 1
1526 1812 1
1526 1846 1
1526 1903 1
1526 1928 1
1526 1963 1
1526 1965 1
1526 1980 1
1527 1578 1
1527 1633 1
1527 1640 1
1527 1649 1
1527 1665 1
1527 1682 1
1527 1726 1
1527 1727 1
1527 1732 1
1527 1733 1
1527 1746 1
1527 1760 1
1527 1778 1
1527 1803 1
1527 1805 1
1527 1816 1
1527 1867 1
1527 1880 1
1527 1914 1
1527 1935 1
1527 1953 1
1527 1954 1
1527 1985 1
1527 1994 1
1528 1536 1
1528 1582 1
1528 1670 1
1528 1725 1
1528 1741 1
1528 1841 1
1528 1849 1
1528 1939 1
1528 1970 1
1529 1546 1
1529 1563 1
1529 1611 1
1529 1666 1
1529 1717 1
1529 1728 1
1529 1741 1
1529 1746 1
1529 1773 1
1529 1802 1
1529 1853 1
1529 1856 1
1529 1891 1
1529 1922 1
1529 1946 1
1529 1960 1
1529 1985 1
1530 1550 1
1530 1553 1
1530 1570 1
1530 1576 1
1530 1591 1
1530 1629 1
1530 1648 1
1530 1659 1
1530 1667 1
1530 1673 1
1530 1676 1
1530 1680 1
1530 1742 1
1530 1744 1
1530 1755 1
1530 1824 1
1530 1876 1
1530 1915 1
1530 1933 1
1530 1954 1
1530 1971 1
1531 1701 1
1531 1726 1
1531 1747 1
1531 1755 1
1531 1778 1
1531 1793 1
1531 1841 1
1531 1924 1
1532 1567 1
1532 1600 1
1532 1612 1
1532 1634 1
1532 1651 1
1532 1653 1
1532 1690 1
1532 1725 1
1532 1739 1
1532 1746 1
1532 1780 1
1532 1822 1
1532 1834 1
1532 1864 1
1532 1882 1
1532 1897 1
1532 1902 1
1532 1920 1
1532 1961 1
1533 1735 1
1533 1755 1
1533 1863 1
1533 1874 1
1533 1875 1
1533 1885 1
1533 1950 1
1533 1959 1
1534 1572 1
1534 1630 1
1534 1696 1
1534 1728 1
1534 1790 1
1534 1831 1
1534 1939 1
1534 1951 1
1534 1952 1
1534 1965 1
1534 1972 1
1534 1978 1
1534 2000 1
1535 1539 1
1535 1547 1
1535 1553 1
1535 1562 1
1535 1583 1
1535 1590 1
1535 1633 1
1535 1640 1
1535 1723 1
1535 1727 1
1535 1758 1
1535 1869 1
1535 1912 1
1535 1921 1
1535 1929 1
1535 1962 1
1535 1964 1
1536 1553 1
1536 1568 1
1536 1588 1
1536 1657 1
1536 1810 1
1536 1834 1
1536 1957 1
1536 1978 1
1536 1982 1
1536 1996 1
1537 1538 1
1537 1581 1
1537 1586 1
1537 1649 1
1537 1692 1
1537 1913 1
1537 1988 1
1538 1545 1
1538 1607 1
1538 1611 1
1538 1648 1
1538 1741 1
1538 1830 1
1538 1860 1
1538 1921 1
1538 1956 1
1539 1553 1
1539 1625 1
1539 1680 1
1539 1686 1
1539 1698 1
1539 1710 1
1539 1742 1
1539 1785 1
1539 1786 1
1539 1834 1
1539 1875 1
1539 1879 1
1539 1888 1
1539 1900 1
1539 1949 1
1540 1559 1
1540 1568 1
1540 1596 1
1540 1639 1
1540 1644 1
1540 1673 1
1540 1729 1
1540 1793 1
1540 1889 1
1540 1916 1
1540 1926 1
1540 1929 1
1541 1634 1
1541 1666 1
1541 1698 1
1541 1716 1
1541 1757 1
1541 1758 1
1541 1816 1
1541 1936 1
1542 1544 1
1542 1556 1
1542 1694 1
1542 1856 1
1542 1927 1
1542 1932 1
1542 1997 1
1543 1555 1
1543 1560 1
1543 1568 1
1543 1580 1
1543 1721 1
1543 1726 1
1543 1732 1
1543 1739 1
1543 1746 1
1543 1900 1
1543 1901 1
1543 1914 1
1543 1951 1
1543 1969 1
1544 1549 1
1544 1585 1
1544 1603 1
1544 1631 1
1544 1779 1
1544 1801 1
1544 1802 1
1544 1807 1
1544 1821 1
1544 1829 1
1544 1833 1
1544 1861 1
1544 1866 1
1544 1887 1
1544 1895 1
1544 1971 1
1544 1987 1
1544 1995 1
1545 1552 1
1545 1590 1
1545 1603 1
1545 1611 1
1545 1628 1
1545 1642 1
1545 1765 1
1545 1797 1
1545 1849 1
1545 1864 1
1545 1884 1
1545 1908 1
1545 1921 1
1546 1607 1
1546 1643 1
1546 1668 1
1546 1685 1
1546 1724 1
1546 1764 1
1546 1830 1
1546 1833 1
1546 1860 1
1546 1912 1
1546 1925 1
1546 1975 1
1546 1987 1
1547 1553 1
1547 1635 1
1547 1711 1
1547 1838 1
1548 1624 1
1548 1636 1
1548 1647 1
1548 1745 1
1548 1750 1
1548 1781 1
1548 1832 1
1548 1838 1
1548 1922 1
1548 1950 1
1549 1556 1
1549 1600 1
1549 1619 1
1549 1691 1
1549 1758 1
1549 1778 1
1549 1842 1
1550 1595 1
1550 1831 1
1550 1844 1
1550 1845 1
1550 1931 1
1551 1610 1
1551 1740 1
1551 1791 1
1551 1803 1
1551 1830 1
1551 1831 1
1551 1907 1
1551 1920 1
1551 1952 1
1551 1954 1
1551 1981 1
1552 1563 1
1552 1604 1
1552 1622 1
1552 1710 1
1552 1758 1
1552 1804 1
1552 1841 1
1552 1854 1
1552 1887 1
1552 1947 1
1552 1957 1
1552 1992 1
1553 1555 1
1553 1567 1
1553 1617 1
1553 1620 1
1553 1642 1
1553 1665 1
1553 1743 1
1553 1747 1
1553 1781 1
1553 1822 1
1553 1842 1
1553 1850 1
1553 1898 1
1553 1946 1
1553 1996 1
1554 1582 1
1554 1609 1
1554 1652 1
1554 1687 1
1554 1715 1
1554 1735 1
1554 1825 1
1554 1879 1
1554 1916 1
1554 1937 1
1554 1966 1
1554 1986 1
1555 1558 1
1555 1567 1
1555 1602 1
1555 1618 1
1555 1686 1
1555 1730 1
1555 1751 1
1555 1757 1
1555 1789 1
1555 1803 1
1555 1856 1
1555 1949 1
1556 1662 1
1556 1681 1
1556 1785 1
1556 1838 1
1556 1844 1
1556 1847 1
1556 1891 1
1557 1571 1
1557 1662 1
1557 1727 1
1557 1731 1
1557 1742 1
1557 1793 1
1557 1873 1
1557 1907 1
1558 1565 1
1558 1587 1
1558 1609 1
1558 1620 1
1558 1679 1
1558 1741 1
1558 1927 1
1559 1606 1
1559 1607 1
1559 1629 1
1559 1663 1
1559 1673 1
1559 1682 1
1559 1698 1
1559 1778 1
1559 1805 1
1559 1813 1
1559 1881 1
1559 1995 1
1560 1585 1
1560 1658 1
1560 1674 1
1560 1700 1
1560 1744 1
1560 1752 1
1560 1784 1
1560 1855 1
1560 1857 1
1560 1872 1
1560 1884 1
1560 1908 1
1560 1967 1
1561 1655 1
1561 1730 1
1561 1739 1
1561 1752 1
1561 1768 1
1561 1823 1
1561 1844 1
1561 1865 1
1561 1903 1
1561 1973 1
1561 1997 1
1562 1607 1
1562 1696 1
1562 1736 1
1562 1787 1
1562 1829 1
1562 1971 1
1562 1981 1
1563 1604 1
1563 1620 1
1563 1636 1
1563 1753 1
1563 1824 1
1563 1856 1
1563 1866 1
1563 1896 1
1563 1917 1
1564 1597 1
1564 1603 1
1564 1632 1
1564 1675 1
1564 1711 1
1564 1745 1
1564 1784 1
1564 1847 1
1565 1639 1
1565 1670 1
1565 1704 1
1565 1771 1
1565 1867 1
1565 1871 1
1565 1897 1
1565 1967 1
1566 1631 1
1566 1647 1
1566 1748 1
1566 1759 1
1566 1826 1
1566 1908 1
1566 1986 1
1567 1619 1
1567 1637 1
1567 1671 1
1567 1690 1
1567 1725 1
1567 1783 1
1567 1820 1
1567 1821 1
1567 1826 1
1567 1901 1
1567 1905 1
1567 1932 1
1567 1945 1
1568 1646 1
1568 1723 1
1568 1727 1
1568 1738 1
1568 1811 1
1568 1818 1
1568 1841 1
1568 1843 1
1568 1904 1
1568 1964 1
1568 1997 1
1569 1581 1
1569 1606 1
1569 1613 1
1569 1627 1
1569 1683 1
1569 1687 1
1569 1699 1
1569 1749 1
1569 1752 1
1569 1762 1
1569 1809 1
1569 1814 1
1569 1883 1
1569 1956 1
1569 1963 1
1569 1964 1
1569 1977 1
1569 1982 1
1569 1996 1
1570 1622 1
1570 1635 1
1570 1675 1
1570 1717 1
1570 1758 1
1570 1786 1
1570 1825 1
1570 1859 1
1570 1931 1
1570 1964 1
1571 1585 1
1571 1589 1
1571 1612 1
1571 1632 1
1571 1672 1
1571 1750 1
1571 1802 1
1571 1807 1
1571 1812 1
1571 1847 1
1571 1861 1
1571 1873 1
1571 1887 1
1571 1899 1
1571 1969 1
1571 1993 1
1571 1995 1
1572 1643 1
1572 1721 1
1572 1722 1
1572 1759 1
1572 1804 1
1572 1805 1
1572 1827 1
1572 1857 1
1572 1860 1
1572 1911 1
1572 1912 1
1572 1930 1
1572 1934 1
1572 1936 1
1572 1954 1
1572 1978 1
1572 1994 1
1573 1724 1
1573 1760 1
1573 1776 1
1573 1817 1
1573 1826 1
1573 1902 1
1573 1944 1
1573 1955 1
1573 1987 1
1574 1578 1
1574 1647 1
1574 1708 1
1574 1791 1
1574 1832 1
1574 1839 1
1574 1876 1
1574 1924 1
1574 1935 1
1575 1607 1
1575 1656 1
1575 1676 1
1575 1697 1
1575 1711 1
1575 1746 1
1575 1818 1
1575 1891 1
1575 1904 1
1575 1905 1
1575 1952 1
1576 1668 1
1576 1757 1
1576 1775 1
1576 1814 1
1576 1818 1
1576 1863 1
1576 1869 1
1576 1880 1
1576 1908 1
1576 1916 1
1576 1926 1
1576 1980 1
1577 1584 1
1577 1662 1
1577 1677 1
1577 1733 1
1577 1763 1
1577 1768 1
1577 1802 1
1577 1840 1
1577 1898 1
1577 1959 1
1577 1975 1
1578 1611 1
1578 1675 1
1578 1684 1
1578 1716 1
1578 1754 1
1578 1830 1
1578 1837 1
1578 1842 1
1578 1855 1
1578 1875 1
1578 1904 1
1578 1972 1
1578 1995 1
1579 1590 1
1579 1630 1
1579 1641 1
1579 1722 1
1579 1905 1
1580 1630 1
1580 1634 1
1580 1638 1
1580 1647 1
1580 1662 1
1580 1687 1
1580 1694 1
1580 1733 1
1580 1886 1
1580 1889 1
1580 1981 1
1581 1763 1
1581 1766 1
1581 1790 1
1581 1862 1
1581 1874 1
1581 1877 1
1581 1958 1
1581 1985 1
1581 1994 1
1582 1650 1
1582 1673 1
1582 1725 1
1582 1745 1
1582 1811 1
1582 1913 1
1582 1939 1
1582 1994 1
1582 1998 1
1583 1587 1
1583 1630 1
1583 1671 1
1583 1761 1
1583 1788 1
1583 1884 1
1584 1663 1
1584 1832 1
1584 1897 1
1584 1912 1
1584 1975 1
1585 1604 1
1585 1708 1
1585 1725 1
1585 1726 1
1585 1754 1
1585 1766 1
1585 1773 1
1585 1786 1
1585 1853 1
1585 1857 1
1585 1878 1
1585 1964 1
1585 1997 1
1586 1620 1
1586 1695 1
1586 1811 1
1586 1831 1
1586 1852 1
1586 1869 1
1586 1946 1
1587 1623 1
1587 1625 1
1587 1678 1
1587 1726 1
1587 1731 1
1587 1738 1
1587 1745 1
1587 1785 1
1587 1875 1
1587 1932 1
1587 1980 1
1587 2000 1
1588 1609 1
1588 1643 1
1588 1670 1
1588 1731 1
1588 1847 1
1588 1952 1
1588 1967 1
1588 1977 1
1589 1634 1
1589 1703 1
1589 1717 1
1589 1742 1
1589 1769 1
1589 1776 1
1589 1790 1
1590 1608 1
1590 1626 1
1590 1700 1
1590 1744 1
1590 1763 1
1590 1776 1
1590 1811 1
1590 1818 1
1590 1844 1
1591 1681 1
1591 1696 1
1591 1735 1
1591 1786 1
1591 1825 1
1591 1845 1
1591 1883 1
1591 1885 1
1591 1901 1
1591 1965 1
1592 1618 1
1592 1752 1
1592 1761 1
1592 1777 1
1592 1797 1
1592 1808 1
1592 1831 1
1592 1910 1
1592 1913 1
1592 1914 1
1592 1985 1
1593 1601 1
1593 1624 1
1593 1685 1
1593 1688 1
1593 1784 1
1593 1898 1
1593 1916 1
1593 1946 1
1593 1978 1
1593 1983 1
1593 1994 1
1593 2000 1
1594 1690 1
1594 1767 1
1594 1787 1
1594 1792 1
1594 1841 1
1594 1846 1
1594 1879 1
1594 1940 1
1594 1944 1
1594 1953 1
1594 1977 1
1595 1640 1
1595 1740 1
1595 1830 1
1595 1843 1
1595 1874 1
1595 1948 1
1595 1971 1
1595 1989 1
1595 1990 1
1596 1640 1
1596 1707 1
1596 1718 1
1596 1734 1
1596 1886 1
1596 1888 1
1596 1897 1
1596 1913 1
1596 1914 1
1596 1936 1
1596 1976 1
1596 1980 1
1596 1999 1
1597 1664 1
1597 1667 1
1597 1696 1
1597 1723 1
1597 1736 1
1597 1760 1
1597 1787 1
1597 1788 1
1597 1804 1
1597 1863 1
1597 1866 1
1597 1930 1
1597 1997 1
1598 1659 1
1598 1662 1
1598 1671 1
1598 1704 1
1598 1714 1
1598 1746 1
1598 1788 1
1598 1804 1
1598 1818 1
1598 1920 1
1598 1972 1
1598 1983 1
1599 1674 1
1599 1714 1
1599 1866 1
1599 1920 1
1599 1934 1
1600 1623 1
1600 1626 1
1600 1663 1
1600 1674 1
1600 1700 1
1600 1758 1
1600 1787 1
1600 1819 1
1600 1855 1
1600 1906 1
1600 1985 1
1601 1669 1
1601 1718 1
1601 1720 1
1601 1812 1
1601 1828 1
1601 1834 1
1601 1930 1
1601 1939 1
1601 1996 1
1602 1663 1
1602 1690 1
1602 1695 1
1602 1709 1
1602 1735 1
1602 1752 1
1602 1755 1
1602 1769 1
1602 1853 1
1602 1854 1
1602 1881 1
1602 1958 1
1603 1608 1
1603 1736 1
1603 1760 1
1603 1799 1
1603 1844 1
1603 1849 1
1603 1885 1
1603 1917 1
1603 1935 1
1604 1622 1
1604 1635 1
1604 1683 1
1604 1700 1
1604 1798 1
1604 1808 1
1604 1820 1
1604 1829 1
1604 1892 1
1604 1915 1
1604 1976 1
1604 1987 1
1604 1993 1
1605 1628 1
1605 1693 1
1605 1731 1
1605 1747 1
1605 1764 1
1605 1878 1
1605 1907 1
1605 1949 1
1605 1966 1
1605 1981 1
1606 1641 1
1606 1690 1
1606 1741 1
1607 1690 1
1607 1701 1
1607 1708 1
1607 1711 1
1607 1730 1
1607 1747 1
1607 1771 1
1607 1814 1
1607 1856 1
1607 1870 1
1607 1891 1
1607 1906 1
1607 1947 1
1607 1952 1
1608 1627 1
1608 1683 1
1608 1702 1
1608 1720 1
1608 1855 1
1608 1904 1
1608 1910 1
1608 1943 1
1609 1621 1
1609 1667 1
1609 1737 1
1609 1809 1
1609 1819 1
1609 1893 1
1609 1947 1
1609 1996 1
1610 1615 1
1610 1631 1
1610 1652 1
1610 1660 1
1610 1706 1
1610 1819 1
1610 1921 1
1610 1980 1
1610 1984 1
1611 1660 1
1611 1674 1
1611 1721 1
1611 1735 1
1611 1762 1
1611 1768 1
1611 1802 1
1611 1816 1
1611 1883 1
1611 1941 1
1611 1951 1
1612 1624 1
1612 1630 1
1612 1632 1
1612 1670 1
1612 1680 1
1612 1702 1
1612 1710 1
1612 1777 1
1612 1963 1
1613 1626 1
1613 1635 1
1613 1655 1
1613 1665 1
1613 1699 1
1613 1701 1
1613 1715 1
1613 1777 1
1613 1794 1
1613 1869 1
1613 1875 1
1613 1901 1
1614 1645 1
1614 1732 1
1614 1761 1
1614 1813 1
1614 1818 1
1614 1840 1
1614 1872 1
1614 1874 1
1614 1879 1
1614 1895 1
1614 1908 1
1614 1912 1
1614 1924 1
1614 1927 1
1615 1649 1
1615 1658 1
1615 1706 1
1615 1709 1
1615 1715 1
1615 1720 1
1615 1782 1
1615 1826 1
1615 1897 1
1615 1977 1
1616 1625 1
1616 1626 1
1616 1631 1
1616 1640 1
1616 1666 1
1616 1800 1
1616 1808 1
1616 1846 1
1616 1894 1
1616 1955 1
1616 1986 1
1617 1671 1
1617 1692 1
1617 1741 1
1617 1790 1
1617 1796 1
1617 1807 1
1617 1813 1
1617 1814 1
1617 1819 1
1617 1821 1
1617 1944 1
1617 1957 1
1618 1682 1
1618 1689 1
1618 1704 1
1618 1744 1
1618 1760 1
1618 1787 1
1618 1805 1
1618 1814 1
1618 1819 1
1618 1842 1
1618 1920 1
1618 1970 1
1619 1652 1
1619 1669 1
1619 1746 1
1619 1857 1
1619 1918 1
1619 1919 1
1619 1967 1
1620 1626 1
1620 1636 1
1620 1664 1
1620 1676 1
1620 1718 1
1620 1817 1
1620 1829 1
1620 1872 1
1620 1953 1
1620 1999 1
1621 1631 1
1621 1693 1
1621 1710 1
1621 1740 1
1621 1802 1
1621 1814 1
1621 1819 1
1621 1846 1
1621 1883 1
1622 1679 1
1622 1685 1
1622 1690 1
1622 1705 1
1622 1716 1
1622 1770 1
1622 1778 1
1622 1784 1
1622 1884 1
1622 1891 1
1622 1926 1
1623 1627 1
1623 1647 1
1623 1649 1
1623 1677 1
1623 1705 1
1623 1743 1
1623 1790 1
1623 1840 1
1623 1996 1
1624 1632 1
1624 1683 1
1624 1688 1
1624 1692 1
1624 1705 1
1624 1762 1
1624 1887 1
1624 1894 1
1624 1968 1
1624 1974 1
1625 1676 1
1625 1717 1
1625 1808 1
1625 1809 1
1625 1826 1
1625 1847 1
1625 1854 1
1625 1879 1
1625 1944 1
1625 1993 1
1626 1640 1
1626 1702 1
1626 1707 1
1626 1775 1
1626 1808 1
1626 1829 1
1626 1876 1
1626 1928 1
1627 1661 1
1627 1740 1
1627 1817 1
1627 1830 1
1627 1883 1
1627 1903 1
1628 1854 1
1628 1864 1
1628 1936 1
1628 1937 1
1628 1942 1
1628 1953 1
1628 1973 1
1628 1981 1
1628 2000 1
1629 1649 1
1629 1657 1
1629 1662 1
1629 1741 1
1629 1743 1
1629 1848 1
1629 1852 1
1629 1854 1
1629 1859 1
1629 1868 1
1629 1919 1
1629 1945 1
1629 1950 1
1630 1647 1
1630 1651 1
1630 1713 1
1630 1779 1
1630 1813 1
1630 1850 1
1630 1851 1
1630 1918 1
1631 1637 1
1631 1686 1
1631 1715 1
1631 1717 1
1631 1743 1
1631 1751 1
1631 1799 1
1631 1804 1
1631 1816 1
1631 1832 1
1631 1855 1
1631 1856 1
1631 1970 1
1632 1635 1
1632 1654 1
1632 1670 1
1632 1710 1
1632 1754 1
1632 1878 1
1632 1898 1
1632 1908 1
1632 1914 1
1632 1927 1
1632 1941 1
1632 1966 1
1632 1995 1
1632 1997 1
1632 2000 1
1633 1675 1
1633 1683 1
1633 1714 1
1633 1734 1
1633 1761 1
1633 1780 1
1633 1833 1
1633 1841 1
1633 1902 1
1633 1906 1
1634 1653 1
1634 1751 1
1634 1755 1
1634 1767 1
1634 1785 1
1634 1809 1
1634 1873 1
1634 1911 1
1634 1921 1
1634 1925 1
1634 1929 1
1634 1966 1
1634 1974 1
1635 1663 1
1635 1673 1
1635 1719 1
1635 1761 1
1635 1782 1
1635 1797 1
1635 1871 1
1635 1875 1
1635 1914 1
1635 1933 1
1635 1949 1
1635 1990 1
1636 1682 1
1636 1694 1
1636 1698 1
1636 1750 1
1636 1848 1
1637 1693 1
1637 1802 1
1637 1807 1
1637 1814 1
1637 1820 1
1637 1830 1
1637 1843 1
1637 1874 1
1637 1913 1
1637 1929 1
1637 1949 1
1637 1967 1
1638 1716 1
1638 1827 1
1638 1923 1
1638 1928 1
1638 1934 1
1638 1998 1
1639 1652 1
1639 1711 1
1639 1741 1
1639 1755 1
1639 1798 1
1639 1850 1
1639 1965 1
1639 1966 1
1639 1969 1
1640 1689 1
1640 1706 1
1640 1766 1
1640 1773 1
1640 1874 1
1640 1881 1
1640 1882 1
1640 1884 1
1640 1896 1
1640 1905 1
1640 1942 1
1640 1994 1
1641 1695 1
1641 1754 1
1641 1762 1
1641 1764 1
1641 1811 1
1641 1838 1
1641 1851 1
1641 1870 1
1641 1898 1
1641 1977 1
1641 1993 1
1642 1678 1
1642 1681 1
1642 1794 1
1642 1797 1
1642 1811 1
1642 1841 1
1642 1868 1
1642 1870 1
1642 1874 1
1642 1877 1
1642 1885 1
1642 1989 1
1643 1645 1
1643 1699 1
1643 1718 1
1643 1772 1
1643 1874 1
1643 1936 1
1643 1945 1
1643 1966 1
1644 1689 1
1644 1776 1
1644 1793 1
1644 1795 1
1644 1809 1
1644 1836 1
1644 1858 1
1644 1865 1
1644 1866 1
1644 1868 1
1644 1915 1
1644 1978 1
1644 1981 1
1645 1663 1
1645 1693 1
1645 1726 1
1645 1779 1
1645 1809 1
1645 1884 1
1645 1946 1
1646 1662 1
1646 1716 1
1646 1718 1
1646 1757 1
1646 1785 1
1646 1787 1
1646 1809 1
1646 1824 1
1646 1855 1
1646 1975 1
1647 1660 1
1647 1662 1
1647 1708 1
1647 1718 1
1647 1725 1
1647 1783 1
1647 1847 1
1647 1892 1
1647 1902 1
1647 1943 1
1647 1960 1
1647 1974 1
1647 1983 1
1648 1658 1
1648 1694 1
1648 1730 1
1648 1752 1
1648 1754 1
1648 1808 1
1648 1810 1
1648 1832 1
1648 1854 1
1648 1909 1
1648 1925 1
1648 1941 1
1648 1964 1
1648 1977 1
1649 1681 1
1649 1711 1
1649 1731 1
1649 1736 1
1649 1752 1
1649 1760 1
1649 1761 1
1649 1857 1
1649 1882 1
1649 1949 1
1649 1994 1
1650 1676 1
1650 1681 1
1650 1712 1
1650 1725 1
1650 1736 1
1650 1764 1
1650 1767 1
1650 1831 1
1650 1955 1
1650 1993 1
1651 1790 1
1651 1812 1
1651 1885 1
1651 1900 1
1651 1923 1
1651 1980 1
1652 1702 1
1652 1727 1
1652 1743 1
1652 1785 1
1652 1827 1
1652 1882 1
1652 1941 1
1652 1948 1
1653 1663 1
1653 1703 1
1653 1736 1
1653 1747 1
1653 1772 1
1653 1783 1
1653 1799 1
1653 1807 1
1653 1817 1
1653 1863 1
1653 1881 1
1653 1887 1
1653 1893 1
1653 1921 1
1654 1796 1
1654 1797 1
1654 1825 1
1654 1843 1
1654 1928 1
1654 1931 1
1655 1657 1
1655 1668 1
1655 1695 1
1655 1733 1
1655 1787 1
1655 1791 1
1655 1829 1
1655 1860 1
1655 1890 1
1655 1891 1
1655 1923 1
1656 1673 1
1656 1684 1
1656 1709 1
1656 1714 1
1656 1783 1
1656 1837 1
1656 1952 1
1656 1957 1
1657 1658 1
1657 1679 1
1657 1739 1
1657 1801 1
1657 1806 1
1657 1821 1
1657 1868 1
1657 1900 1
1657 1907 1
1657 1970 1
1657 1982 1
1657 1984 1
1657 1991 1
1658 1662 1
1658 1672 1
1658 1714 1
1658 1740 1
1658 1783 1
1658 1812 1
1658 1813 1
1658 1883 1
1658 1893 1
1658 1929 1
1658 1944 1
1658 1980 1
1659 1690 1
1659 1700 1
1659 1704 1
1659 1724 1
1659 1745 1
1659 1781 1
1659 1804 1
1659 1844 1
1660 1679 1
1660 1695 1
1660 1732 1
1660 1736 1
1660 1737 1
1660 1765 1
1660 1819 1
1660 1830 1
1660 1837 1
1660 1855 1
1660 1870 1
1660 1885 1
1660 1931 1
1660 1932 1
1661 1685 1
1661 1686 1
1661 1745 1
1661 1769 1
1661 1792 1
1661 1859 1
1661 1860 1
1661 1912 1
1661 1949 1
1662 1700 1
1662 1752 1
1662 1847 1
1662 1907 1
1662 1933 1
1662 1951 1
1662 1957 1
1662 1962 1
1662 1975 1
1663 1713 1
1663 1716 1
1663 1722 1
1663 1815 1
1663 1838 1
1663 1928 1
1663 1944 1
1663 1949 1
1663 1980 1
1663 1981 1
1664 1695 1
1664 1709 1
1664 1712 1
1664 1724 1
1664 1742 1
1664 1749 1
1664 1760 1
1664 1859 1
1664 1866 1
1664 1895 1
1664 1928 1
1664 1931 1
1665 1675 1
1665 1746 1
1665 1799 1
1665 1826 1
1665 1875 1
1665 1881 1
1665 1902 1
1665 1927 1
1665 1945 1
1665 1994 1
1666 1680 1
1666 1695 1
1666 1787 1
1666 1793 1
1666 1865 1
1666 1866 1
1666 1944 1
1667 1675 1
1667 1791 1
1667 1797 1
1667 1876 1
1667 1934 1
1667 1940 1
1667 1996 1
1667 1998 1
1668 1699 1
1668 1709 1
1668 1724 1
1668 1730 1
1668 1737 1
1668 1779 1
1668 1835 1
1668 1861 1
1668 1901 1
1668 1918 1
1668 1923 1
1668 1961 1
1669 1737 1
1669 1740 1
1669 1755 1
1669 1768 1
1669 1792 1
1669 1822 1
1669 1863 1
1669 1951 1
1669 1980 1
1670 1708 1
1670 1733 1
1670 1759 1
1670 1823 1
1670 1866 1
1670 1887 1
1670 1913 1
1670 1965 1
1671 1746 1
1671 1763 1
1671 1769 1
1671 1799 1
1671 1811 1
1671 1813 1
1671 1853 1
1671 1902 1
1671 1982 1
1672 1681 1
1672 1727 1
1672 1733 1
1672 1753 1
1672 1761 1
1672 1766 1
1672 1768 1
1672 1855 1
1672 1867 1
1672 1932 1
1673 1678 1
1673 1739 1
1673 1778 1
1673 1855 1
1673 1884 1
1673 1930 1
1673 1936 1
1673 1967 1
1673 1974 1
1674 1684 1
1674 1712 1
1674 1741 1
1674 1819 1
1674 1878 1
1674 1906 1
1674 1956 1
1674 1978 1
1675 1708 1
1675 1751 1
1675 1757 1
1675 1766 1
1675 1771 1
1675 1831 1
1675 1917 1
1675 1967 1
1675 1968 1
1675 1991 1
1676 1678 1
1676 1683 1
1676 1692 1
1676 1795 1
1676 1824 1
1676 1981 1
1677 1708 1
1677 1719 1
1677 1739 1
1677 1744 1
1677 1767 1
1677 1784 1
1677 1835 1
1677 1897 1
1677 1915 1
1678 1716 1
1678 1728 1
1678 1774 1
1678 1775 1
1678 1797 1
1678 1820 1
1678 1899 1
1678 1912 1
1678 1918 1
1679 1711 1
1679 1736 1
1679 1947 1
1679 1950 1
1679 1951 1
1679 1975 1
1680 1689 1
1680 1752 1
1680 1754 1
1680 1804 1
1680 1856 1
1680 1927 1
1680 1992 1
1681 1785 1
1681 1902 1
1681 1913 1
1681 1933 1
1681 1993 1
1682 1695 1
1682 1782 1
1682 1789 1
1682 1812 1
1682 1879 1
1682 1936 1
1682 1960 1
1683 1699 1
1683 1727 1
1683 1793 1
1683 1801 1
1683 1807 1
1683 1922 1
1684 1690 1
1684 1696 1
1684 1697 1
1684 1728 1
1684 1742 1
1684 1748 1
1684 1855 1
1684 1879 1
1684 1899 1
1684 1933 1
1684 1934 1
1685 1723 1
1685 1768 1
1685 1829 1
1685 1840 1
1685 1916 1
1686 1711 1
1686 1712 1
1686 1763 1
1686 1867 1
1686 1890 1
1686 1972 1
1686 1987 1
1687 1716 1
1687 1723 1
1687 1725 1
1687 1762 1
1687 1777 1
1687 1851 1
1688 1701 1
1688 1783 1
1688 1854 1
1688 1882 1
1688 1907 1
1688 1991 1
1689 1726 1
1689 1742 1
1689 1815 1
1689 1822 1
1689 1833 1
1689 1874 1
1689 1957 1
1689 1965 1
1689 1974 1
1690 1708 1
1690 1714 1
1690 1807 1
1690 1831 1
1690 1852 1
1690 1870 1
1690 1884 1
1690 1914 1
1690 1974 1
1691 1713 1
1691 1771 1
1691 1780 1
1691 1820 1
1691 1822 1
1691 1956 1
1691 1976 1
1691 1990 1
1692 1698 1
1692 1737 1
1692 1765 1
1692 1795 1
1692 1885 1
1692 1944 1
1693 1801 1
1693 1805 1
1693 1855 1
1693 1907 1
1693 1928 1
1693 1932 1
1693 1970 1
1693 1977 1
1694 1771 1
1694 1823 1
1694 1840 1
1694 1875 1
1694 1881 1
1694 1998 1
1695 1719 1
1695 1743 1
1695 1797 1
1695 1810 1
1695 1811 1
1695 1819 1
1695 1833 1
1695 1910 1
1695 1921 1
1695 1952 1
1695 1953 1
1695 1972 1
1696 1740 1
1696 1774 1
1696 1780 1
1696 1785 1
1696 1787 1
1696 1879 1
1696 1905 1
1696 1907 1
1696 1943 1
1697 1709 1
1697 1760 1
1697 1767 1
1697 1793 1
1697 1827 1
1697 1837 1
1697 1883 1
1697 1902 1
1697 1910 1
1697 1916 1
1697 1948 1
1697 1957 1
1697 1973 1
1698 1709 1
1698 1715 1
1698 1770 1
1698 1803 1
1698 1806 1
1698 1848 1
1698 1859 1
1698 1915 1
1698 1925 1
1698 1992 1
1699 1762 1
1699 1788 1
1699 1804 1
1699 1813 1
1699 1861 1
1699 1870 1
1699 1890 1
1700 1815 1
1700 1836 1
1700 1845 1
1700 1860 1
1700 1868 1
1700 1999 1
1701 1708 1
1701 1717 1
1701 1740 1
1701 1778 1
1701 1922 1
1701 1929 1
1701 1959 1
1701 1978 1
1701 1986 1
1702 1713 1
1702 1729 1
1702 1765 1
1702 1872 1
1703 1757 1
1703 1785 1
1703 1828 1
1703 1829 1
1703 1859 1
1703 1907 1
1703 1947 1
1703 1960 1
1703 1978 1
1704 1707 1
1704 1711 1
1704 1722 1
1704 1845 1
1704 1943 1
1705 1706 1
1705 1710 1
1705 1717 1
1705 1762 1
1705 1791 1
1705 1799 1
1705 1814 1
1705 1870 1
1705 1904 1
1705 1987 1
1705 1988 1
1705 1991 1
1706 1719 1
1706 1726 1
1706 1749 1
1706 1833 1
1706 1843 1
1706 1873 1
1706 1874 1
1706 1876 1
1706 1906 1
1706 1966 1
1706 1985 1
1707 1713 1
1707 1748 1
1707 1772 1
1707 1808 1
1707 1876 1
1708 1747 1
1708 1795 1
1708 1887 1
1708 1985 1
1709 1719 1
1709 1741 1
1709 1861 1
1709 1872 1
1709 1895 1
1709 1906 1
1709 1947 1
1709 1951 1
1709 1973 1
1710 1730 1
1710 1732 1
1710 1745 1
1710 1907 1
1710 1963 1
1710 1999 1
1711 1758 1
1711 1770 1
1711 1924 1
1711 1973 1
1712 1807 1
1712 1809 1
1712 1833 1
1712 1873 1
1712 1891 1
1712 1929 1
1712 1991 1
1713 1774 1
1713 1891 1
1714 1761 1
1714 1763 1
1714 1767 1
1714 1811 1
1714 1855 1
1714 1883 1
1714 1906 1
1714 1911 1
1714 1912 1
1714 1921 1
1714 1928 1
1714 1967 1
1715 1806 1
1715 1833 1
1715 1847 1
1715 1849 1
1715 1852 1
1715 1887 1
1715 1958 1
1715 1987 1
1716 1768 1
1716 1873 1
1716 1891 1
1716 1900 1
1716 1912 1
1716 1926 1
1716 1931 1
1716 1940 1
1717 1749 1
1717 1769 1
1717 1792 1
1717 1832 1
1717 1841 1
1717 1852 1
1717 1878 1
1717 1894 1
1717 1932 1
1717 1991 1
1718 1724 1
1718 1788 1
1718 1792 1
1718 1812 1
1718 1939 1
1718 1983 1
1719 1790 1
1719 1797 1
1719 1858 1
1719 1878 1
1719 1931 1
1720 1779 1
1720 1839 1
1720 1886 1
1720 1956 1
1720 1974 1
1721 1784 1
1721 1798 1
1721 1800 1
1721 1838 1
1721 1843 1
1721 2000 1
1722 1787 1
1722 1877 1
1722 1897 1
1722 1996 1
1723 1854 1
1723 1937 1
1723 1939 1
1723 1974 1
1723 1979 1
1723 1995 1
1724 1750 1
1724 1772 1
1724 1794 1
1724 1824 1
1724 1920 1
1725 1756 1
1725 1780 1
1725 1861 1
1725 1864 1
1725 1867 1
1725 1880 1
1725 1884 1
1725 1921 1
1725 1975 1
1726 1744 1
1726 1759 1
1726 1853 1
1726 1875 1
1726 1923 1
1726 1929 1
1726 1930 1
1726 1940 1
1726 1945 1
1726 1961 1
1726 1964 1
1727 1802 1
1727 1808 1
1727 1829 1
1727 1831 1
1727 1850 1
1727 1902 1
1727 1904 1
1727 1974 1
1728 1778 1
1728 1857 1
1728 1904 1
1728 1907 1
1728 1934 1
1728 1974 1
1729 1760 1
1729 1885 1
1729 1941 1
1729 1987 1
1729 1996 1
1730 1765 1
1730 1781 1
1730 1806 1
1730 1809 1
1730 1880 1
1730 1944 1
1730 1948 1
1730 1987 1
1731 1747 1
1731 1796 1
1731 1804 1
1731 1809 1
1731 1817 1
1731 1825 1
1731 1865 1
1731 1887 1
1731 1894 1
1731 1952 1
1732 1736 1
1732 1789 1
1732 1837 1
1732 1912 1
1732 1930 1
1732 1940 1
1733 1746 1
1733 1774 1
1733 1804 1
1733 1869 1
1733 1885 1
1733 1934 1
1733 1980 1
1733 1988 1
1734 1747 1
1734 1882 1
1734 1982 1
1735 1762 1
1735 1802 1
1735 1890 1
1735 1943 1
1735 1960 1
1735 1982 1
1736 1826 1
1736 1866 1
1736 1879 1
1736 1894 1
1736 1967 1
1737 1873 1
1737 1901 1
1737 1907 1
1737 1936 1
1737 1961 1
1737 1987 1
1738 1748 1
1738 1790 1
1738 1807 1
1738 1850 1
1738 1913 1
1738 1943 1
1738 1946 1
1739 1759 1
1739 1783 1
1739 1811 1
1739 1850 1
1739 1919 1
1739 1942 1
1739 1962 1
1739 1966 1
1740 1749 1
1740 1813 1
1740 1825 1
1740 1870 1
1740 1954 1
1740 1955 1
1741 1768 1
1741 1782 1
1741 1799 1
1741 1812 1
1741 1830 1
1741 1840 1
1741 1841 1
1741 1876 1
1742 1746 1
1742 1749 1
1742 1756 1
1742 1813 1
1742 1832 1
1742 1840 1
1742 1858 1
1742 1859 1
1742 1882 1
1742 1887 1
1742 1935 1
1742 1978 1
1742 1989 1
1743 1836 1
1743 1872 1
1743 1896 1
1743 1983 1
1743 1984 1
1744 1788 1
1744 1812 1
1744 1820 1
1744 1914 1
1744 1927 1
1744 1984 1
1745 1747 1
1745 1794 1
1745 1820 1
1745 1837 1
1745 1838 1
1745 1949 1
1746 1838 1
1746 1882 1
1746 1902 1
1747 1774 1
1747 1873 1
1747 1911 1
1747 1928 1
1747 1967 1
1747 1970 1
1748 1776 1
1748 1786 1
1748 1806 1
1748 1819 1
1748 1853 1
1748 1865 1
1748 1890 1
1748 1935 1
1748 1937 1
1748 1986 1
1749 1828 1
1749 1842 1
1749 1876 1
1749 1960 1
1750 1777 1
1750 1827 1
1750 1848 1
1750 1871 1
1750 1900 1
1750 1904 1
1750 1936 1
1750 1972 1
1750 1973 1
1751 1773 1
1751 1807 1
1751 1818 1
1751 1956 1
1751 1967 1
1752 1785 1
1752 1912 1
1752 1923 1
1752 1928 1
1752 1992 1
1752 1993 1
1753 1800 1
1753 1802 1
1753 1870 1
1753 1875 1
1754 1763 1
1754 1764 1
1754 1768 1
1754 1836 1
1754 1844 1
1754 1913 1
1754 1993 1
1755 1776 1
1755 1787 1
1755 1811 1
1755 1845 1
1755 1890 1
1755 1916 1
1755 1975 1
1756 1758 1
1756 1802 1
1756 1812 1
1756 1832 1
1756 1894 1
1756 1910 1
1756 1915 1
1756 1938 1
1756 1947 1
1757 1763 1
1757 1800 1
1757 1829 1
1757 1914 1
1757 1972 1
1758 1763 1
1758 1787 1
1758 1898 1
1758 1916 1
1758 1984 1
1759 1776 1
1759 1787 1
1759 1853 1
1759 1855 1
1759 1911 1
1760 1832 1
1760 1834 1
1760 1857 1
1760 1891 1
1760 1897 1
1760 1902 1
1760 1988 1
1761 1802 1
1761 1905 1
1761 1923 1
1761 1932 1
1761 1945 1
1761 1976 1
1762 1801 1
1762 1834 1
1762 1859 1
1762 1875 1
1762 1882 1
1762 1951 1
1763 1766 1
1763 1767 1
1763 1777 1
1763 1779 1
1763 1787 1
1763 1842 1
1763 1970 1
1764 1770 1
1764 1818 1
1764 1844 1
1764 1913 1
1765 1794 1
1765 1826 1
1765 1913 1
1765 1925 1
1765 1938 1
1765 1958 1
1766 1788 1
1766 1792 1
1766 1822 1
1766 1825 1
1766 1827 1
1766 1883 1
1766 1967 1
1766 1978 1
1766 1980 1
1766 1987 1
1767 1804 1
1767 1815 1
1767 1870 1
1767 1889 1
1767 1912 1
1767 1934 1
1767 1949 1
1768 1859 1
1768 1881 1
1768 1913 1
1768 1966 1
1768 1995 1
1769 1799 1
1769 1815 1
1769 1890 1
1769 1911 1
1769 1954 1
1769 1961 1
1769 1968 1
1770 1789 1
1770 1813 1
1770 1819 1
1770 1863 1
1771 1936 1
1771 1985 1
1772 1776 1
1772 1845 1
1772 1850 1
1772 1858 1
1772 1971 1
1772 1985 1
1773 1794 1
1773 1825 1
1773 1883 1
1773 1940 1
1773 1959 1
1774 1815 1
1774 1870 1
1774 1904 1
1774 1961 1
1774 1977 1
1774 1987 1
1775 1794 1
1775 1807 1
1775 1841 1
1775 1916 1
1775 1950 1
1775 1965 1
1775 1996 1
1776 1914 1
1776 1954 1
1776 1959 1
1776 1978 1
1776 1984 1
1777 1801 1
1777 1804 1
1777 1831 1
1777 1847 1
1777 1898 1
1777 1916 1
1777 1937 1
1777 1946 1
1777 1990 1
1778 1786 1
1778 1796 1
1778 1887 1
1778 1916 1
1778 1928 1
1778 1971 1
1778 1980 1
1778 1991 1
1779 1802 1
1779 1844 1
1779 1971 1
1779 1998 1
1780 1782 1
1780 1796 1
1780 1927 1
1780 1928 1
1780 1937 1
1780 1944 1
1780 1959 1
1781 1782 1
1781 1785 1
1781 1868 1
1781 1876 1
1781 1877 1
1782 1795 1
1782 1841 1
1782 1892 1
1782 1939 1
1782 1960 1
1782 1966 1
1782 1973 1
1782 1983 1
1783 1858 1
1783 1882 1
1783 1890 1
1783 1928 1
1783 1947 1
1783 1950 1
1783 1965 1
1783 1973 1
1784 1847 1
1784 1850 1
1784 1894 1
1784 1943 1
1784 1944 1
1784 1975 1
1785 1804 1
1785 1845 1
1785 1963 1
1786 1792 1
1787 1865 1
1787 1869 1
1787 1953 1
1787 1988 1
1788 1837 1
1788 1870 1
1788 1902 1
1788 1950 1
1788 1972 1
1789 1921 1
1789 1931 1
1789 1960 1
1790 1827 1
1790 1870 1
1790 1949 1
1791 1792 1
1791 1826 1
1791 1835 1
1791 1869 1
1791 1977 1
1791 1999 1
1792 1928 1
1792 1967 1
1792 2000 1
1793 1875 1
1793 1949 1
1793 1989 1
1794 1891 1
1794 1905 1
1794 1911 1
1794 1925 1
1795 1804 1
1795 1872 1
1795 1900 1
1795 1902 1
1795 1950 1
1795 1994 1
1796 1804 1
1796 1809 1
1796 1818 1
1796 1880 1
1796 1924 1
1796 1929 1
1796 1970 1
1797 1802 1
1797 1840 1
1797 1915 1
1797 1971 1
1797 1986 1
1798 1815 1
1798 1923 1
1798 1943 1
1798 1949 1
1798 1965 1
1798 1968 1
1799 1811 1
1799 1837 1
1799 1857 1
1799 1934 1
1799 1984 1
1799 1986 1
1800 1812 1
1800 1932 1
1800 1952 1
1800 1961 1
1800 1974 1
1800 2000 1
1801 1852 1
1801 1866 1
1801 1996 1
1802 1885 1
1802 1918 1
1802 1992 1
1802 1999 1
1803 1826 1
1803 1921 1
1803 1959 1
1803 1975 1
1804 1825 1
1804 1883 1
1804 1956 1
1804 1981 1
1804 1989 1
1805 1809 1
1805 1821 1
1805 1834 1
1805 1854 1
1805 1867 1
1805 1887 1
1805 1891 1
1805 1921 1
1805 1993 1
1806 1858 1
1806 1960 1
1807 1853 1
1807 1858 1
1807 1968 1
1808 1832 1
1808 1848 1
1808 1928 1
1809 1871 1
1809 1876 1
1809 1877 1
1809 1915 1
1809 1961 1
1810 1863 1
1810 1881 1
1810 1975 1
1811 1825 1
1811 1832 1
1811 1835 1
1811 1902 1
1811 1930 1
1811 1936 1
1811 1940 1
1811 1941 1
1811 1949 1
1812 1837 1
1812 1856 1
1812 1861 1
1812 1886 1
1812 1897 1
1812 1939 1
1812 1946 1
1812 1967 1
1813 1851 1
1813 1868 1
1814 1861 1
1814 1876 1
1814 1898 1
1814 1917 1
1814 1926 1
1814 1936 1
1814 1943 1
1814 1991 1
1815 1860 1
1815 1920 1
1815 1960 1
1816 1917 1
1816 1934 1
1816 1941 1
1817 1877 1
1817 1899 1
1817 1938 1
1818 1851 1
1818 1860 1
1818 1884 1
1818 1928 1
1818 1952 1
1819 1841 1
1819 1903 1
1819 1964 1
1819 1979 1
1819 1983 1
1819 2000 1
1820 1849 1
1820 1902 1
1820 1979 1
1821 1831 1
1821 1914 1
1821 1937 1
1821 1948 1
1822 1914 1
1822 1931 1
1822 1932 1
1823 1840 1
1823 1857 1
1823 1926 1
1823 1955 1
1823 1996 1
1824 1910 1
1824 1923 1
1825 1954 1
1825 1981 1
1827 1868 1
1827 1876 1
1827 1880 1
1827 1884 1
1827 1892 1
1827 1930 1
1827 1931 1
1827 1951 1
1828 1846 1
1828 1863 1
1828 1912 1
1828 1969 1
1828 1973 1
1828 1981 1
1829 1843 1
1829 1849 1
1829 1911 1
1829 1913 1
1829 1965 1
1829 1974 1
1830 1859 1
1830 1934 1
1831 1888 1
1831 1889 1
1831 1896 1
1831 1922 1
1831 1925 1
1831 1944 1
1831 1994 1
1832 1944 1
1833 1840 1
1833 1863 1
1833 1895 1
1833 1910 1
1833 1920 1
1833 1921 1
1833 1942 1
1834 1871 1
1834 1927 1
1835 1851 1
1835 1868 1
1835 1945 1
1835 1986 1
1836 1848 1
1836 1880 1
1836 1907 1
1836 1941 1
1836 1958 1
1837 1897 1
1837 1959 1
1837 1983 1
1838 1857 1
1838 1861 1
1838 1871 1
1838 1894 1
1838 1913 1
1838 1917 1
1838 1930 1
1838 1974 1
1838 1999 1
1839 1896 1
1839 1909 1
1839 1919 1
1839 1966 1
1839 1992 1
1839 1998 1
1840 1864 1
1840 1890 1
1840 1932 1
1840 1933 1
1840 1962 1
1841 1845 1
1841 1885 1
1841 1975 1
1842 1859 1
1842 1922 1
1842 1927 1
1842 1936 1
1843 1952 1
1844 1886 1
1844 1894 1
1844 1927 1
1844 1960 1
1844 1966 1
1846 1862 1
1846 1908 1
1846 1909 1
1846 1928 1
1847 1903 1
1847 1911 1
1847 1928 1
1847 1946 1
1847 1970 1
1848 1971 1
1849 1866 1
1849 1890 1
1849 1895 1
1849 1930 1
1850 1901 1
1850 1934 1
1851 1861 1
1851 1877 1
1851 1947 1
1852 1878 1
1852 1895 1
1852 1919 1
1852 1922 1
1852 1926 1
1852 1930 1
1852 1950 1
1852 1980 1
1853 1863 1
1853 1874 1
1853 1902 1
1853 1933 1
1853 1958 1
1854 1879 1
1854 1889 1
1854 1890 1
1854 1914 1
1854 1919 1
1854 1947 1
1854 1959 1
1854 1963 1
1855 1859 1
1855 1920 1
1855 1939 1
1855 1974 1
1856 1895 1
1856 1906 1
1856 1914 1
1857 1872 1
1857 1882 1
1857 1884 1
1857 1981 1
1858 1884 1
1858 1926 1
1858 1973 1
1859 1887 1
1859 1932 1
1859 1957 1
1860 1882 1
1860 1918 1
1860 1935 1
1861 1921 1
1861 1958 1
1862 1871 1
1862 1886 1
1862 1927 1
1862 1967 1
1863 1958 1
1863 1978 1
1864 1882 1
1864 1917 1
1864 1953 1
1864 1957 1
1864 1962 1
1864 1993 1
1864 1999 1
1865 1954 1
1865 1956 1
1865 1967 1
1866 1891 1
1866 1906 1
1866 1924 1
1866 1972 1
1867 1973 1
1867 1983 1
1868 1902 1
1868 1929 1
1868 1946 1
1869 1888 1
1869 1903 1
1869 1910 1
1869 1930 1
1869 1974 1
1870 1906 1
1870 1942 1
1870 1969 1
1871 1880 1
1871 1939 1
1872 1982 1
1873 1924 1
1873 1928 1
1873 1937 1
1873 1965 1
1873 1979 1
1874 1889 1
1874 1923 1
1874 1954 1
1874 1989 1
1875 1903 1
1875 1996 1
1876 1929 1
1876 1936 1
1876 1969 1
1876 1984 1
1877 1897 1
1877 1916 1
1877 1963 1
1877 1982 1
1877 1987 1
1877 1991 1
1878 1959 1
1878 1985 1
1879 1943 1
1879 1947 1
1879 1987 1
1880 1888 1
1880 1965 1
1881 1919 1
1881 1967 1
1882 1888 1
1882 1904 1
1882 1976 1
1883 1940 1
1883 1948 1
1883 1951 1
1883 1952 1
1883 1978 1
1884 1908 1
1884 1949 1
1884 1956 1
1884 1984 1
1885 1886 1
1885 1938 1
1885 1949 1
1886 1898 1
1886 1913 1
1886 1936 1
1886 1944 1
1886 1945 1
1887 1888 1
1887 1924 1
1887 1951 1
1887 1979 1
1888 1960 1
1889 1912 1
1889 1935 1
1890 1939 1
1890 1946 1
1890 1967 1
1891 1894 1
1891 1952 1
1891 1960 1
1892 1970 1
1893 1941 1
1893 1955 1
1894 1905 1
1894 1927 1
1894 1977 1
1895 1952 1
1896 1935 1
1896 1984 1
1897 1901 1
1897 1902 1
1898 1971 1
1898 1989 1
1899 1900 1
1899 1941 1
1899 1989 1
1900 1922 1
1900 1979 1
1901 1922 1
1901 1924 1
1901 1943 1
1902 1908 1
1902 1923 1
1902 1926 1
1902 1933 1
1902 1936 1
1902 1965 1
1902 1984 1
1903 1927 1
1903 1972 1
1903 1993 1
1904 1941 1
1906 1939 1
1906 1944 1
1907 1981 1
1907 1990 1
1908 1940 1
1908 1954 1
1908 1972 1
1908 1987 1
1908 1994 1
1909 1912 1
1909 1953 1
1909 1972 1
1910 1926 1
1910 1947 1
1910 1951 1
1910 1959 1
1910 1970 1
1911 1941 1
1911 1973 1
1911 1995 1
1914 1926 1
1914 1935 1
1914 1963 1
1915 1919 1
1915 1935 1
1915 1972 1
1915 1996 1
1916 1964 1
1917 1918 1
1917 1991 1
1918 1953 1
1919 1948 1
1919 1983 1
1920 1994 1
1921 1924 1
1921 1937 1
1921 1957 1
1921 1982 1
1923 1941 1
1923 1977 1
1924 1928 1
1925 1962 1
1926 1958 1
1927 1940 1
1928 1930 1
1928 1988 1
1929 1968 1
1930 1986 1
1931 1932 1
1931 1941 1
1931 1953 1
1931 1955 1
1931 1956 1
1931 1980 1
1932 1936 1
1932 1977 1
1933 1939 1
1933 1964 1
1933 1999 1
1934 1941 1
1935 1995 1
1936 1943 1
1936 1966 1
1936 1979 1
1936 1985 1
1936 1992 1
1937 1977 1
1937 1995 1
1940 1961 1
1941 1968 1
1942 1981 1
1943 1980 1
1944 1954 1
1944 1967 1
1944 1986 1
1944 1995 1
1945 1962 1
1945 1981 1
1945 1992 1
1946 1986 1
1946 1989 1
1947 1993 1
1948 1992 1
1948 1999 1
1949 1989 1
1949 1990 1
1950 1988 1
1951 1983 1
1952 1971 1
1954 1979 1
1955 1973 1
1955 1977 1
1955 1990 1
1956 1964 1
1956 1999 1
1957 1962 1
1958 1995 1
1960 1970 1
1960 1977 1
1961 1976 1
1962 1978 1
1962 1981 1
1962 1984 1
1962 1985 1
1962 1993 1
1963 1966 1
1963 1990 1
1965 1978 1
1965 1993 1
1966 1989 1
1967 1994 1
1968 1985 1
1969 1982 1
1970 1978 1
1971 1988 1
1971 1990 1
1972 1980 1
1977 1978 1
1977 1982 1
1977 1995 1
1980 1992 1
1984 1988 1
1986 1994 1
1987 1998 1
1998 2000 1
