2000 49983
1 21 1
1 135 1
1 203 1
1 215 1
1 221 1
1 287 1
1 290 1
1 292 1
1 533 1
1 615 1
1 618 1
1 671 1
1 690 1
1 764 1
1 770 1
1 778 1
1 822 1
1 894 1
1 938 1
1 1008 1
1 1021 1
1 1043 1
1 1126 1
1 1137 1
1 1184 1
1 1214 1
1 1269 1
1 1344 1
1 1361 1
1 1423 1
1 1464 1
1 1467 1
1 1660 1
1 1679 1
1 1740 1
1 1787 1
1 1796 1
1 1866 1
1 1883 1
1 1888 1
1 1901 1
1 1918 1
1 1953 1
1 1965 1
2 12 1
2 63 1
2 80 1
2 183 1
2 186 1
2 217 1
2 294 1
2 333 1
2 369 1
2 404 1
2 434 1
2 552 1
2 592 1
2 623 1
2 634 1
2 714 1
2 754 1
2 778 1
2 812 1
2 822 1
2 828 1
2 856 1
2 933 1
2 978 1
2 979 1
2 1033 1
2 1130 1
2 1136 1
2 1142 1
2 1183 1
2 1226 1
2 1236 1
2 1265 1
2 1342 1
2 1397 1
2 1448 1
2 1462 1
2 1569 1
2 1592 1
2 1604 1
2 1658 1
2 1780 1
2 1788 1
2 1831 1
2 1850 1
2 1931 1
2 1938 1
2 1996 1
3 12 1
3 109 1
3 141 1
3 148 1
3 188 1
3 369 1
3 401 1
3 491 1
3 511 1
3 523 1
3 529 1
3 538 1
3 573 1
3 672 1
3 703 1
3 754 1
3 783 1
3 916 1
3 981 1
3 1050 1
3 1096 1
3 1116 1
3 1129 1
3 1140 1
3 1184 1
3 1224 1
3 1230 1
3 1331 1
3 1395 1
3 1413 1
3 1478 1
3 1577 1
3 1582 1
3 1628 1
3 1637 1
3 1674 1
3 1677 1
3 1722 1
3 1727 1
3 1736 1
3 1749 1
3 1757 1
3 1761 1
3 1769 1
3 1825 1
3 1902 1
3 1938 1
3 1978 1
3 1989 1
4 41 1
4 51 1
4 82 1
4 106 1
4 196 1
4 216 1
4 392 1
4 403 1
4 406 1
4 464 1
4 467 1
4 530 1
4 649 1
4 665 1
4 677 1
4 687 1
4 694 1
4 787 1
4 798 1
4 812 1
4 826 1
4 832 1
4 844 1
4 872 1
4 885 1
4 956 1
4 964 1
4 975 1
4 1037 1
4 1078 1
4 1085 1
4 1151 1
4 1158 1
4 1212 1
4 1237 1
4 1245 1
4 1258 1
4 1368 1
4 1380 1
4 1402 1
4 1525 1
4 1578 1
4 1595 1
4 1603 1
4 1711 1
4 1715 1
4 1737 1
4 1763 1
4 1789 1
4 1794 1
4 1822 1
4 1864 1
4 1876 1
4 1928 1
4 1973 1
4 1981 1
4 1994 1
5 7 1
5 91 1
5 95 1
5 104 1
5 125 1
5 128 1
5 213 1
5 223 1
5 285 1
5 346 1
5 367 1
5 391 1
5 407 1
5 418 1
5 538 1
5 583 1
5 616 1
5 640 1
5 721 1
5 741 1
5 770 1
5 788 1
5 826 1
5 832 1
5 840 1
5 863 1
5 918 1
5 934 1
5 948 1
5 1007 1
5 1009 1
5 1035 1
5 1047 1
5 1070 1
5 1075 1
5 1093 1
5 1104 1
5 1177 1
5 1189 1
5 1249 1
5 1300 1
5 1337 1
5 1362 1
5 1492 1
5 1504 1
5 1520 1
5 1531 1
5 1578 1
5 1616 1
5 1633 1
5 1675 1
5 1723 1
5 1812 1
5 1856 1
5 1895 1
5 1940 1
6 13 1
6 16 1
6 32 1
6 43 1
6 136 1
6 178 1
6 207 1
6 281 1
6 426 1
6 443 1
6 477 1
6 504 1
6 511 1
6 530 1
6 553 1
6 595 1
6 598 1
6 599 1
6 635 1
6 693 1
6 711 1
6 768 1
6 769 1
6 784 1
6 811 1
6 889 1
6 905 1
6 1205 1
6 1244 1
6 1283 1
6 1372 1
6 1428 1
6 1473 1
6 1647 1
6 1705 1
6 1719 1
6 1741 1
6 1950 1
6 1966 1
6 1986 1
7 11 1
7 171 1
7 203 1
7 244 1
7 250 1
7 314 1
7 332 1
7 374 1
7 376 1
7 399 1
7 428 1
7 445 1
7 464 1
7 490 1
7 511 1
7 512 1
7 567 1
7 578 1
7 642 1
7 652 1
7 693 1
7 734 1
7 752 1
7 757 1
7 945 1
7 973 1
7 990 1
7 995 1
7 1019 1
7 1044 1
7 1065 1
7 1119 1
7 1143 1
7 1249 1
7 1262 1
7 1275 1
7 1304 1
7 1311 1
7 1350 1
7 1421 1
7 1465 1
7 1475 1
7 1513 1
7 1553 1
7 1604 1
7 1633 1
7 1716 1
7 1734 1
7 1747 1
7 1907 1
7 1919 1
7 1922 1
7 1950 1
7 1952 1
7 1955 1
7 1962 1
7 1972 1
8 12 1
8 38 1
8 42 1
8 92 1
8 102 1
8 109 1
8 140 1
8 228 1
8 341 1
8 400 1
8 413 1
8 431 1
8 534 1
8 549 1
8 564 1
8 637 1
8 641 1
8 723 1
8 739 1
8 794 1
8 798 1
8 812 1
8 830 1
8 838 1
8 851 1
8 862 1
8 902 1
8 909 1
8 933 1
8 942 1
8 1014 1
8 1098 1
8 1166 1
8 1179 1
8 1306 1
8 1335 1
8 1337 1
8 1358 1
8 1391 1
8 1452 1
8 1454 1
8 1569 1
8 1584 1
8 1587 1
8 1591 1
8 1614 1
8 1618 1
8 1619 1
8 1646 1
8 1667 1
8 1729 1
8 1731 1
8 1783 1
8 1791 1
8 1820 1
8 1851 1
8 1878 1
8 1953 1
8 1957 1
8 1968 1
8 1999 1
9 41 1
9 56 1
9 105 1
9 115 1
9 129 1
9 149 1
9 152 1
9 175 1
9 209 1
9 223 1
9 224 1
9 278 1
9 286 1
9 314 1
9 354 1
9 386 1
9 399 1
9 414 1
9 468 1
9 512 1
9 580 1
9 634 1
9 783 1
9 828 1
9 884 1
9 914 1
9 938 1
9 984 1
9 1062 1
9 1072 1
9 1096 1
9 1118 1
9 1123 1
9 1126 1
9 1146 1
9 1174 1
9 1190 1
9 1209 1
9 1247 1
9 1265 1
9 1267 1
9 1296 1
9 1344 1
9 1451 1
9 1499 1
9 1531 1
9 1556 1
9 1558 1
9 1613 1
9 1637 1
9 1648 1
9 1662 1
9 1699 1
9 1728 1
9 1826 1
9 1834 1
9 1868 1
9 1880 1
9 1890 1
9 1942 1
9 1987 1
10 14 1
10 70 1
10 81 1
10 82 1
10 97 1
10 121 1
10 153 1
10 172 1
10 173 1
10 205 1
10 260 1
10 293 1
10 372 1
10 414 1
10 443 1
10 452 1
10 495 1
10 521 1
10 534 1
10 611 1
10 673 1
10 744 1
10 832 1
10 888 1
10 982 1
10 1054 1
10 1146 1
10 1148 1
10 1150 1
10 1157 1
10 1231 1
10 1273 1
10 1301 1
10 1332 1
10 1358 1
10 1407 1
10 1430 1
10 1481 1
10 1489 1
10 1538 1
10 1600 1
10 1649 1
10 1653 1
10 1735 1
10 1741 1
10 1768 1
10 1854 1
10 1865 1
10 1878 1
10 1936 1
10 1945 1
10 1960 1
11 68 1
11 88 1
11 139 1
11 150 1
11 198 1
11 210 1
11 232 1
11 264 1
11 275 1
11 297 1
11 319 1
11 340 1
11 349 1
11 367 1
11 423 1
11 542 1
11 560 1
11 594 1
11 689 1
11 704 1
11 730 1
11 754 1
11 803 1
11 816 1
11 841 1
11 860 1
11 892 1
11 897 1
11 986 1
11 1023 1
11 1055 1
11 1122 1
11 1139 1
11 1151 1
11 1180 1
11 1224 1
11 1257 1
11 1276 1
11 1388 1
11 1448 1
11 1493 1
11 1582 1
11 1598 1
11 1642 1
11 1680 1
11 1723 1
11 1814 1
11 1835 1
11 1880 1
11 1889 1
11 1953 1
12 26 1
12 50 1
12 64 1
12 116 1
12 288 1
12 290 1
12 300 1
12 397 1
12 515 1
12 692 1
12 795 1
12 845 1
12 867 1
12 905 1
12 942 1
12 950 1
12 972 1
12 976 1
12 1087 1
12 1281 1
12 1316 1
12 1450 1
12 1457 1
12 1484 1
12 1535 1
12 1539 1
12 1673 1
12 1707 1
12 1723 1
12 1794 1
12 1850 1
12 1854 1
12 1867 1
12 1872 1
12 1927 1
12 1940 1
12 1955 1
12 1956 1
12 1958 1
12 1961 1
12 1973 1
12 1979 1
12 2000 1
13 96 1
13 143 1
13 153 1
13 229 1
13 344 1
13 489 1
13 491 1
13 498 1
13 540 1
13 558 1
13 566 1
13 601 1
13 690 1
13 790 1
13 824 1
13 869 1
13 983 1
13 1098 1
13 1115 1
13 1235 1
13 1252 1
13 1258 1
13 1346 1
13 1368 1
13 1370 1
13 1382 1
13 1383 1
13 1434 1
13 1448 1
13 1528 1
13 1548 1
13 1608 1
13 1666 1
13 1676 1
13 1690 1
13 1816 1
13 1827 1
13 1856 1
13 1863 1
13 1874 1
13 1896 1
13 1938 1
14 32 1
14 59 1
14 91 1
14 243 1
14 259 1
14 293 1
14 336 1
14 372 1
14 443 1
14 491 1
14 526 1
14 529 1
14 642 1
14 651 1
14 713 1
14 722 1
14 794 1
14 844 1
14 848 1
14 898 1
14 970 1
14 971 1
14 995 1
14 998 1
14 1001 1
14 1024 1
14 1042 1
14 1054 1
14 1084 1
14 1133 1
14 1146 1
14 1213 1
14 1279 1
14 1366 1
14 1373 1
14 1378 1
14 1414 1
14 1435 1
14 1504 1
14 1508 1
14 1511 1
14 1576 1
14 1646 1
14 1909 1
14 1923 1
14 1970 1
14 1995 1
15 79 1
15 181 1
15 232 1
15 249 1
15 278 1
15 282 1
15 360 1
15 378 1
15 475 1
15 488 1
15 527 1
15 558 1
15 574 1
15 662 1
15 721 1
15 725 1
15 759 1
15 760 1
15 914 1
15 943 1
15 962 1
15 966 1
15 983 1
15 1009 1
15 1015 1
15 1027 1
15 1047 1
15 1064 1
15 1115 1
15 1125 1
15 1126 1
15 1164 1
15 1188 1
15 1206 1
15 1231 1
15 1254 1
15 1331 1
15 1351 1
15 1365 1
15 1418 1
15 1446 1
15 1518 1
15 1538 1
15 1569 1
15 1570 1
15 1620 1
15 1650 1
15 1677 1
15 1756 1
15 1787 1
15 1813 1
15 1832 1
15 1836 1
15 1837 1
15 1897 1
15 1951 1
15 1974 1
16 63 1
16 132 1
16 170 1
16 247 1
16 371 1
16 390 1
16 433 1
16 445 1
16 449 1
16 561 1
16 577 1
16 598 1
16 715 1
16 803 1
16 900 1
16 930 1
16 967 1
16 991 1
16 1011 1
16 1048 1
16 1142 1
16 1190 1
16 1197 1
16 1201 1
16 1256 1
16 1390 1
16 1396 1
16 1435 1
16 1449 1
16 1455 1
16 1468 1
16 1481 1
16 1493 1
16 1508 1
16 1545 1
16 1562 1
16 1598 1
16 1630 1
16 1641 1
16 1700 1
16 1737 1
16 1809 1
16 1827 1
16 1842 1
16 1901 1
16 1929 1
16 1995 1
17 22 1
17 27 1
17 83 1
17 147 1
17 173 1
17 175 1
17 329 1
17 349 1
17 361 1
17 453 1
17 459 1
17 463 1
17 490 1
17 526 1
17 539 1
17 540 1
17 616 1
17 617 1
17 629 1
17 715 1
17 720 1
17 794 1
17 854 1
17 998 1
17 1027 1
17 1048 1
17 1120 1
17 1242 1
17 1292 1
17 1320 1
17 1360 1
17 1366 1
17 1391 1
17 1419 1
17 1430 1
17 1454 1
17 1456 1
17 1498 1
17 1506 1
17 1549 1
17 1561 1
17 1587 1
17 1707 1
17 1709 1
17 1750 1
17 1769 1
17 1774 1
17 1812 1
17 1825 1
17 1916 1
17 1996 1
18 51 1
18 65 1
18 68 1
18 94 1
18 97 1
18 101 1
18 104 1
18 148 1
18 149 1
18 178 1
18 219 1
18 333 1
18 387 1
18 403 1
18 456 1
18 538 1
18 614 1
18 781 1
18 827 1
18 833 1
18 957 1
18 994 1
18 996 1
18 1014 1
18 1019 1
18 1033 1
18 1064 1
18 1119 1
18 1130 1
18 1145 1
18 1219 1
18 1285 1
18 1325 1
18 1424 1
18 1457 1
18 1461 1
18 1631 1
18 1650 1
18 1662 1
18 1766 1
18 1774 1
18 1800 1
18 1833 1
18 1878 1
18 1882 1
18 1884 1
18 1986 1
19 105 1
19 147 1
19 218 1
19 220 1
19 244 1
19 386 1
19 437 1
19 441 1
19 454 1
19 470 1
19 517 1
19 570 1
19 574 1
19 578 1
19 582 1
19 591 1
19 593 1
19 594 1
19 633 1
19 661 1
19 735 1
19 736 1
19 748 1
19 760 1
19 780 1
19 797 1
19 866 1
19 867 1
19 885 1
19 894 1
19 897 1
19 993 1
19 1014 1
19 1205 1
19 1206 1
19 1214 1
19 1328 1
19 1340 1
19 1410 1
19 1465 1
19 1535 1
19 1589 1
19 1597 1
19 1691 1
19 1854 1
19 1888 1
19 1903 1
19 1916 1
19 1932 1
19 1986 1
20 32 1
20 52 1
20 65 1
20 79 1
20 127 1
20 132 1
20 215 1
20 220 1
20 293 1
20 340 1
20 366 1
20 390 1
20 408 1
20 414 1
20 441 1
20 518 1
20 526 1
20 541 1
20 608 1
20 623 1
20 678 1
20 695 1
20 761 1
20 768 1
20 771 1
20 833 1
20 933 1
20 972 1
20 990 1
20 1005 1
20 1103 1
20 1250 1
20 1275 1
20 1289 1
20 1316 1
20 1372 1
20 1388 1
20 1439 1
20 1455 1
20 1512 1
20 1534 1
20 1553 1
20 1568 1
20 1571 1
20 1618 1
20 1652 1
20 1687 1
20 1728 1
20 1737 1
20 1744 1
20 1780 1
20 1785 1
20 1831 1
20 1861 1
20 1867 1
20 1915 1
20 1936 1
20 1944 1
20 1947 1
20 1965 1
21 40 1
21 42 1
21 96 1
21 112 1
21 143 1
21 159 1
21 195 1
21 262 1
21 272 1
21 336 1
21 342 1
21 368 1
21 513 1
21 525 1
21 527 1
21 535 1
21 568 1
21 593 1
21 606 1
21 612 1
21 622 1
21 667 1
21 714 1
21 739 1
21 750 1
21 768 1
21 803 1
21 842 1
21 849 1
21 872 1
21 892 1
21 946 1
21 1010 1
21 1108 1
21 1156 1
21 1159 1
21 1163 1
21 1166 1
21 1195 1
21 1237 1
21 1238 1
21 1303 1
21 1416 1
21 1461 1
21 1626 1
21 1693 1
21 1704 1
21 1773 1
21 1853 1
21 1872 1
21 1876 1
21 1929 1
21 1991 1
21 1993 1
22 42 1
22 116 1
22 129 1
22 187 1
22 229 1
22 279 1
22 293 1
22 332 1
22 352 1
22 431 1
22 444 1
22 517 1
22 543 1
22 620 1
22 622 1
22 623 1
22 704 1
22 722 1
22 736 1
22 761 1
22 809 1
22 816 1
22 867 1
22 908 1
22 913 1
22 939 1
22 985 1
22 1048 1
22 1054 1
22 1073 1
22 1074 1
22 1156 1
22 1184 1
22 1227 1
22 1228 1
22 1286 1
22 1299 1
22 1350 1
22 1353 1
22 1399 1
22 1424 1
22 1445 1
22 1527 1
22 1602 1
22 1622 1
22 1656 1
22 1673 1
22 1744 1
22 1784 1
22 1889 1
22 1972 1
22 1977 1
22 1999 1
23 42 1
23 48 1
23 53 1
23 64 1
23 74 1
23 76 1
23 138 1
23 187 1
23 253 1
23 255 1
23 266 1
23 300 1
23 322 1
23 325 1
23 345 1
23 357 1
23 381 1
23 442 1
23 481 1
23 504 1
23 505 1
23 548 1
23 554 1
23 606 1
23 683 1
23 789 1
23 797 1
23 831 1
23 835 1
23 883 1
23 900 1
23 947 1
23 1015 1
23 1076 1
23 1145 1
23 1157 1
23 1259 1
23 1296 1
23 1301 1
23 1316 1
23 1355 1
23 1377 1
23 1391 1
23 1407 1
23 1425 1
23 1507 1
23 1570 1
23 1580 1
23 1624 1
23 1645 1
23 1653 1
23 1701 1
23 1708 1
23 1716 1
23 1759 1
23 1836 1
23 1842 1
23 1853 1
23 1896 1
23 1937 1
23 1949 1
24 278 1
24 283 1
24 305 1
24 405 1
24 548 1
24 561 1
24 587 1
24 640 1
24 754 1
24 768 1
24 782 1
24 842 1
24 879 1
24 884 1
24 945 1
24 947 1
24 981 1
24 1040 1
24 1052 1
24 1111 1
24 1114 1
24 1174 1
24 1196 1
24 1281 1
24 1368 1
24 1398 1
24 1400 1
24 1428 1
24 1465 1
24 1469 1
24 1485 1
24 1504 1
24 1529 1
24 1551 1
24 1584 1
24 1655 1
24 1753 1
24 1842 1
24 1855 1
24 1882 1
25 65 1
25 77 1
25 122 1
25 144 1
25 258 1
25 293 1
25 303 1
25 314 1
25 325 1
25 340 1
25 344 1
25 407 1
25 412 1
25 454 1
25 461 1
25 545 1
25 546 1
25 549 1
25 602 1
25 644 1
25 754 1
25 808 1
25 818 1
25 841 1
25 854 1
25 867 1
25 893 1
25 902 1
25 919 1
25 969 1
25 987 1
25 1017 1
25 1024 1
25 1059 1
25 1062 1
25 1063 1
25 1083 1
25 1093 1
25 1107 1
25 1125 1
25 1131 1
25 1157 1
25 1241 1
25 1249 1
25 1250 1
25 1306 1
25 1331 1
25 1342 1
25 1351 1
25 1429 1
25 1440 1
25 1488 1
25 1584 1
25 1636 1
25 1866 1
25 1884 1
25 1932 1
25 1977 1
26 47 1
26 68 1
26 102 1
26 204 1
26 215 1
26 219 1
26 250 1
26 268 1
26 317 1
26 381 1
26 431 1
26 435 1
26 491 1
26 521 1
26 528 1
26 598 1
26 608 1
26 623 1
26 723 1
26 790 1
26 791 1
26 820 1
26 835 1
26 842 1
26 864 1
26 985 1
26 1071 1
26 1077 1
26 1146 1
26 1161 1
26 1231 1
26 1308 1
26 1328 1
26 1345 1
26 1398 1
26 1431 1
26 1472 1
26 1474 1
26 1502 1
26 1552 1
26 1591 1
26 1608 1
26 1660 1
26 1703 1
26 1726 1
26 1840 1
26 1931 1
26 1932 1
27 178 1
27 291 1
27 322 1
27 337 1
27 341 1
27 370 1
27 378 1
27 453 1
27 506 1
27 561 1
27 607 1
27 628 1
27 633 1
27 659 1
27 683 1
27 714 1
27 749 1
27 837 1
27 901 1
27 902 1
27 912 1
27 929 1
27 932 1
27 935 1
27 1080 1
27 1139 1
27 1173 1
27 1306 1
27 1328 1
27 1350 1
27 1357 1
27 1359 1
27 1430 1
27 1438 1
27 1460 1
27 1517 1
27 1565 1
27 1580 1
27 1590 1
27 1612 1
27 1616 1
27 1621 1
27 1670 1
27 1673 1
27 1712 1
27 1719 1
27 1749 1
27 1928 1
27 1951 1
27 1954 1
28 117 1
28 174 1
28 202 1
28 307 1
28 418 1
28 423 1
28 494 1
28 522 1
28 529 1
28 572 1
28 616 1
28 619 1
28 636 1
28 670 1
28 758 1
28 785 1
28 807 1
28 829 1
28 868 1
28 891 1
28 906 1
28 924 1
28 928 1
28 962 1
28 974 1
28 1060 1
28 1142 1
28 1278 1
28 1327 1
28 1371 1
28 1414 1
28 1438 1
28 1439 1
28 1521 1
28 1580 1
28 1628 1
28 1715 1
28 1717 1
28 1859 1
28 1885 1
28 1890 1
29 40 1
29 105 1
29 117 1
29 135 1
29 159 1
29 288 1
29 301 1
29 354 1
29 375 1
29 380 1
29 548 1
29 599 1
29 641 1
29 668 1
29 669 1
29 675 1
29 727 1
29 732 1
29 866 1
29 888 1
29 939 1
29 947 1
29 969 1
29 1016 1
29 1041 1
29 1153 1
29 1261 1
29 1290 1
29 1328 1
29 1375 1
29 1385 1
29 1398 1
29 1420 1
29 1424 1
29 1439 1
29 1502 1
29 1532 1
29 1545 1
29 1584 1
29 1590 1
29 1686 1
29 1711 1
29 1766 1
29 1856 1
29 1902 1
29 1921 1
30 58 1
30 151 1
30 156 1
30 159 1
30 168 1
30 182 1
30 264 1
30 329 1
30 337 1
30 342 1
30 353 1
30 454 1
30 499 1
30 615 1
30 666 1
30 689 1
30 765 1
30 773 1
30 830 1
30 849 1
30 860 1
30 1000 1
30 1006 1
30 1102 1
30 1162 1
30 1185 1
30 1187 1
30 1199 1
30 1207 1
30 1283 1
30 1306 1
30 1337 1
30 1340 1
30 1369 1
30 1501 1
30 1519 1
30 1578 1
30 1613 1
30 1630 1
30 1758 1
30 1812 1
30 1888 1
30 1902 1
30 1943 1
31 69 1
31 93 1
31 114 1
31 175 1
31 184 1
31 231 1
31 255 1
31 266 1
31 324 1
31 389 1
31 467 1
31 514 1
31 628 1
31 656 1
31 703 1
31 706 1
31 712 1
31 792 1
31 813 1
31 836 1
31 857 1
31 865 1
31 877 1
31 889 1
31 934 1
31 1028 1
31 1100 1
31 1123 1
31 1194 1
31 1201 1
31 1225 1
31 1323 1
31 1367 1
31 1390 1
31 1393 1
31 1399 1
31 1405 1
31 1416 1
31 1448 1
31 1539 1
31 1639 1
31 1659 1
31 1681 1
31 1694 1
31 1719 1
31 1722 1
31 1767 1
31 1930 1
31 1941 1
31 1962 1
31 1990 1
32 33 1
32 48 1
32 64 1
32 128 1
32 178 1
32 227 1
32 229 1
32 243 1
32 320 1
32 337 1
32 390 1
32 400 1
32 405 1
32 408 1
32 417 1
32 435 1
32 459 1
32 560 1
32 599 1
32 602 1
32 665 1
32 670 1
32 722 1
32 919 1
32 978 1
32 979 1
32 1048 1
32 1105 1
32 1115 1
32 1131 1
32 1223 1
32 1226 1
32 1235 1
32 1240 1
32 1341 1
32 1357 1
32 1393 1
32 1394 1
32 1457 1
32 1487 1
32 1501 1
32 1546 1
32 1602 1
32 1607 1
32 1634 1
32 1637 1
32 1651 1
32 1655 1
32 1664 1
32 1689 1
32 1728 1
32 1744 1
32 1760 1
32 1792 1
32 1899 1
32 1985 1
33 42 1
33 149 1
33 307 1
33 418 1
33 431 1
33 442 1
33 491 1
33 651 1
33 653 1
33 674 1
33 690 1
33 947 1
33 949 1
33 956 1
33 989 1
33 1048 1
33 1115 1
33 1157 1
33 1218 1
33 1234 1
33 1250 1
33 1298 1
33 1305 1
33 1344 1
33 1348 1
33 1387 1
33 1396 1
33 1412 1
33 1416 1
33 1442 1
33 1445 1
33 1454 1
33 1465 1
33 1487 1
33 1526 1
33 1529 1
33 1561 1
33 1603 1
33 1668 1
33 1685 1
33 1712 1
33 1812 1
33 1902 1
33 1908 1
33 1926 1
34 87 1
34 109 1
34 194 1
34 409 1
34 433 1
34 454 1
34 455 1
34 489 1
34 600 1
34 652 1
34 703 1
34 737 1
34 788 1
34 835 1
34 914 1
34 922 1
34 942 1
34 961 1
34 980 1
34 985 1
34 1051 1
34 1066 1
34 1112 1
34 1119 1
34 1124 1
34 1162 1
34 1223 1
34 1268 1
34 1282 1
34 1369 1
34 1463 1
34 1470 1
34 1553 1
34 1654 1
34 1665 1
34 1698 1
34 1748 1
34 1755 1
34 1768 1
34 1773 1
34 1797 1
34 1836 1
34 1892 1
34 1946 1
34 1988 1
35 118 1
35 126 1
35 142 1
35 154 1
35 164 1
35 221 1
35 330 1
35 382 1
35 390 1
35 423 1
35 476 1
35 491 1
35 503 1
35 515 1
35 518 1
35 536 1
35 638 1
35 722 1
35 786 1
35 816 1
35 866 1
35 871 1
35 881 1
35 947 1
35 960 1
35 977 1
35 982 1
35 1033 1
35 1092 1
35 1103 1
35 1158 1
35 1285 1
35 1323 1
35 1376 1
35 1400 1
35 1406 1
35 1443 1
35 1458 1
35 1462 1
35 1515 1
35 1527 1
35 1554 1
35 1602 1
35 1688 1
35 1754 1
35 1785 1
35 1794 1
35 1897 1
35 1939 1
35 1942 1
35 1956 1
36 55 1
36 73 1
36 101 1
36 128 1
36 157 1
36 185 1
36 220 1
36 274 1
36 311 1
36 372 1
36 382 1
36 394 1
36 402 1
36 528 1
36 547 1
36 557 1
36 581 1
36 627 1
36 633 1
36 705 1
36 738 1
36 785 1
36 799 1
36 830 1
36 832 1
36 844 1
36 866 1
36 908 1
36 974 1
36 999 1
36 1098 1
36 1101 1
36 1106 1
36 1160 1
36 1161 1
36 1214 1
36 1225 1
36 1263 1
36 1297 1
36 1308 1
36 1309 1
36 1353 1
36 1451 1
36 1511 1
36 1533 1
36 1544 1
36 1571 1
36 1577 1
36 1578 1
36 1597 1
36 1650 1
36 1746 1
36 1802 1
36 1811 1
36 1816 1
36 1839 1
36 1939 1
36 1975 1
37 229 1
37 244 1
37 357 1
37 379 1
37 412 1
37 417 1
37 517 1
37 595 1
37 603 1
37 622 1
37 654 1
37 679 1
37 733 1
37 752 1
37 780 1
37 781 1
37 806 1
37 938 1
37 988 1
37 1022 1
37 1106 1
37 1113 1
37 1123 1
37 1124 1
37 1127 1
37 1151 1
37 1155 1
37 1157 1
37 1181 1
37 1205 1
37 1254 1
37 1276 1
37 1340 1
37 1385 1
37 1549 1
37 1572 1
37 1599 1
37 1624 1
37 1693 1
37 1710 1
37 1817 1
37 1848 1
37 1870 1
37 1913 1
37 1950 1
37 1958 1
37 1996 1
38 55 1
38 116 1
38 154 1
38 162 1
38 262 1
38 267 1
38 411 1
38 440 1
38 451 1
38 466 1
38 595 1
38 655 1
38 718 1
38 751 1
38 819 1
38 865 1
38 866 1
38 897 1
38 930 1
38 932 1
38 952 1
38 966 1
38 1016 1
38 1221 1
38 1233 1
38 1278 1
38 1395 1
38 1450 1
38 1459 1
38 1550 1
38 1625 1
38 1643 1
38 1662 1
38 1712 1
38 1754 1
38 1783 1
38 1791 1
38 1877 1
38 1893 1
38 1907 1
38 1982 1
38 1999 1
39 86 1
39 151 1
39 180 1
39 189 1
39 205 1
39 251 1
39 288 1
39 338 1
39 385 1
39 393 1
39 458 1
39 546 1
39 548 1
39 576 1
39 661 1
39 665 1
39 673 1
39 683 1
39 779 1
39 794 1
39 832 1
39 864 1
39 912 1
39 946 1
39 970 1
39 985 1
39 1041 1
39 1074 1
39 1115 1
39 1131 1
39 1172 1
39 1288 1
39 1323 1
39 1328 1
39 1352 1
39 1371 1
39 1476 1
39 1543 1
39 1593 1
39 1738 1
39 1766 1
39 1774 1
39 1784 1
39 1837 1
39 1906 1
39 1921 1
39 1936 1
40 60 1
40 94 1
40 201 1
40 253 1
40 268 1
40 310 1
40 403 1
40 443 1
40 540 1
40 582 1
40 604 1
40 605 1
40 702 1
40 703 1
40 735 1
40 759 1
40 860 1
40 861 1
40 864 1
40 866 1
40 881 1
40 927 1
40 947 1
40 1034 1
40 1044 1
40 1131 1
40 1135 1
40 1178 1
40 1213 1
40 1323 1
40 1337 1
40 1341 1
40 1367 1
40 1408 1
40 1622 1
40 1776 1
40 1800 1
40 1806 1
40 1831 1
40 1849 1
40 1960 1
40 1964 1
41 64 1
41 115 1
41 159 1
41 178 1
41 184 1
41 197 1
41 220 1
41 229 1
41 354 1
41 406 1
41 439 1
41 451 1
41 507 1
41 608 1
41 653 1
41 661 1
41 676 1
41 678 1
41 703 1
41 708 1
41 713 1
41 754 1
41 923 1
41 930 1
41 941 1
41 970 1
41 972 1
41 1010 1
41 1013 1
41 1131 1
41 1181 1
41 1188 1
41 1189 1
41 1296 1
41 1338 1
41 1346 1
41 1387 1
41 1424 1
41 1494 1
41 1537 1
41 1551 1
41 1564 1
41 1573 1
41 1583 1
41 1642 1
41 1692 1
41 1712 1
41 1784 1
41 1802 1
41 1918 1
41 1998 1
42 236 1
42 244 1
42 275 1
42 349 1
42 424 1
42 430 1
42 442 1
42 502 1
42 555 1
42 578 1
42 579 1
42 605 1
42 631 1
42 742 1
42 763 1
42 867 1
42 877 1
42 888 1
42 903 1
42 929 1
42 930 1
42 955 1
42 977 1
42 985 1
42 1001 1
42 1015 1
42 1016 1
42 1069 1
42 1146 1
42 1179 1
42 1234 1
42 1293 1
42 1353 1
42 1359 1
42 1434 1
42 1481 1
42 1556 1
42 1566 1
42 1568 1
42 1629 1
42 1740 1
42 1787 1
42 1832 1
42 1907 1
42 1965 1
43 63 1
43 155 1
43 471 1
43 503 1
43 575 1
43 598 1
43 677 1
43 752 1
43 768 1
43 916 1
43 946 1
43 962 1
43 981 1
43 1102 1
43 1112 1
43 1153 1
43 1156 1
43 1169 1
43 1274 1
43 1287 1
43 1305 1
43 1307 1
43 1322 1
43 1324 1
43 1447 1
43 1530 1
43 1543 1
43 1546 1
43 1554 1
43 1632 1
43 1710 1
43 1789 1
43 1847 1
43 1998 1
44 69 1
44 185 1
44 306 1
44 318 1
44 325 1
44 327 1
44 381 1
44 387 1
44 399 1
44 454 1
44 470 1
44 524 1
44 585 1
44 736 1
44 754 1
44 762 1
44 776 1
44 792 1
44 807 1
44 821 1
44 839 1
44 869 1
44 880 1
44 955 1
44 989 1
44 992 1
44 1078 1
44 1097 1
44 1151 1
44 1167 1
44 1191 1
44 1204 1
44 1251 1
44 1266 1
44 1290 1
44 1291 1
44 1324 1
44 1410 1
44 1433 1
44 1506 1
44 1653 1
44 1694 1
44 1715 1
44 1750 1
44 1833 1
44 1889 1
44 1917 1
44 1991 1
44 1994 1
45 56 1
45 76 1
45 123 1
45 153 1
45 154 1
45 246 1
45 262 1
45 269 1
45 382 1
45 399 1
45 423 1
45 431 1
45 433 1
45 464 1
45 527 1
45 610 1
45 636 1
45 637 1
45 675 1
45 758 1
45 825 1
45 839 1
45 886 1
45 896 1
45 946 1
45 974 1
45 990 1
45 1091 1
45 1129 1
45 1201 1
45 1214 1
45 1226 1
45 1231 1
45 1235 1
45 1240 1
45 1251 1
45 1279 1
45 1285 1
45 1382 1
45 1432 1
45 1521 1
45 1583 1
45 1593 1
45 1687 1
45 1850 1
45 1869 1
45 1898 1
45 1908 1
46 55 1
46 94 1
46 101 1
46 189 1
46 209 1
46 240 1
46 339 1
46 364 1
46 374 1
46 380 1
46 393 1
46 415 1
46 429 1
46 561 1
46 654 1
46 767 1
46 768 1
46 771 1
46 794 1
46 803 1
46 804 1
46 899 1
46 952 1
46 990 1
46 1129 1
46 1138 1
46 1190 1
46 1192 1
46 1226 1
46 1240 1
46 1273 1
46 1327 1
46 1425 1
46 1444 1
46 1449 1
46 1472 1
46 1528 1
46 1529 1
46 1553 1
46 1675 1
46 1707 1
46 1783 1
46 1872 1
46 1886 1
46 1913 1
46 1948 1
46 1962 1
46 1963 1
47 190 1
47 205 1
47 214 1
47 219 1
47 227 1
47 327 1
47 348 1
47 383 1
47 409 1
47 434 1
47 440 1
47 488 1
47 606 1
47 1042 1
47 1051 1
47 1077 1
47 1211 1
47 1261 1
47 1267 1
47 1324 1
47 1331 1
47 1365 1
47 1381 1
47 1417 1
47 1446 1
47 1466 1
47 1594 1
47 1662 1
47 1732 1
47 1743 1
47 1785 1
47 1796 1
47 1810 1
47 1889 1
47 1892 1
47 1903 1
47 1921 1
48 68 1
48 97 1
48 119 1
48 146 1
48 195 1
48 397 1
48 448 1
48 457 1
48 506 1
48 515 1
48 532 1
48 540 1
48 561 1
48 611 1
48 633 1
48 659 1
48 716 1
48 781 1
48 906 1
48 940 1
48 983 1
48 1027 1
48 1067 1
48 1093 1
48 1096 1
48 1202 1
48 1225 1
48 1255 1
48 1256 1
48 1409 1
48 1714 1
48 1740 1
48 1886 1
48 1898 1
48 1963 1
48 1977 1
49 68 1
49 113 1
49 118 1
49 135 1
49 221 1
49 238 1
49 244 1
49 251 1
49 356 1
49 374 1
49 415 1
49 426 1
49 433 1
49 481 1
49 599 1
49 625 1
49 647 1
49 658 1
49 698 1
49 702 1
49 739 1
49 839 1
49 939 1
49 1023 1
49 1032 1
49 1086 1
49 1105 1
49 1126 1
49 1133 1
49 1216 1
49 1219 1
49 1221 1
49 1266 1
49 1326 1
49 1428 1
49 1435 1
49 1453 1
49 1461 1
49 1524 1
49 1582 1
49 1747 1
49 1805 1
49 1832 1
49 1899 1
49 1913 1
49 1972 1
49 1997 1
50 53 1
50 138 1
50 266 1
50 317 1
50 339 1
50 365 1
50 392 1
50 429 1
50 460 1
50 461 1
50 497 1
50 511 1
50 515 1
50 542 1
50 549 1
50 592 1
50 612 1
50 614 1
50 638 1
50 663 1
50 666 1
50 672 1
50 675 1
50 757 1
50 790 1
50 907 1
50 922 1
50 956 1
50 983 1
50 1003 1
50 1099 1
50 1113 1
50 1124 1
50 1140 1
50 1157 1
50 1230 1
50 1254 1
50 1328 1
50 1334 1
50 1354 1
50 1364 1
50 1368 1
50 1455 1
50 1457 1
50 1537 1
50 1544 1
50 1575 1
50 1648 1
50 1697 1
50 1744 1
50 1759 1
50 1766 1
50 1854 1
50 1889 1
50 1893 1
50 1910 1
50 1990 1
51 90 1
51 119 1
51 159 1
51 274 1
51 308 1
51 311 1
51 315 1
51 328 1
51 428 1
51 459 1
51 475 1
51 490 1
51 499 1
51 574 1
51 595 1
51 642 1
51 671 1
51 800 1
51 801 1
51 841 1
51 851 1
51 897 1
51 960 1
51 1023 1
51 1109 1
51 1141 1
51 1164 1
51 1165 1
51 1184 1
51 1199 1
51 1266 1
51 1378 1
51 1397 1
51 1479 1
51 1553 1
51 1565 1
51 1580 1
51 1623 1
51 1638 1
51 1670 1
51 1834 1
51 1912 1
51 1917 1
51 1956 1
51 1965 1
52 112 1
52 161 1
52 172 1
52 174 1
52 237 1
52 259 1
52 304 1
52 320 1
52 382 1
52 393 1
52 419 1
52 460 1
52 564 1
52 615 1
52 624 1
52 660 1
52 671 1
52 722 1
52 756 1
52 792 1
52 844 1
52 877 1
52 887 1
52 898 1
52 909 1
52 914 1
52 915 1
52 917 1
52 1017 1
52 1041 1
52 1052 1
52 1061 1
52 1104 1
52 1144 1
52 1191 1
52 1212 1
52 1221 1
52 1232 1
52 1269 1
52 1438 1
52 1458 1
52 1475 1
52 1591 1
52 1601 1
52 1629 1
52 1759 1
52 1776 1
52 1835 1
52 1853 1
52 1885 1
52 1914 1
52 1944 1
52 1955 1
52 1977 1
53 59 1
53 95 1
53 106 1
53 117 1
53 161 1
53 206 1
53 290 1
53 299 1
53 430 1
53 457 1
53 460 1
53 486 1
53 518 1
53 542 1
53 555 1
53 561 1
53 602 1
53 641 1
53 713 1
53 775 1
53 804 1
53 809 1
53 874 1
53 889 1
53 963 1
53 964 1
53 1038 1
53 1058 1
53 1070 1
53 1146 1
53 1271 1
53 1277 1
53 1281 1
53 1385 1
53 1421 1
53 1423 1
53 1502 1
53 1514 1
53 1545 1
53 1695 1
53 1768 1
53 1811 1
53 1886 1
53 1887 1
53 1916 1
54 55 1
54 63 1
54 115 1
54 336 1
54 350 1
54 371 1
54 386 1
54 403 1
54 564 1
54 592 1
54 635 1
54 696 1
54 713 1
54 733 1
54 821 1
54 853 1
54 917 1
54 920 1
54 929 1
54 955 1
54 980 1
54 1000 1
54 1253 1
54 1259 1
54 1350 1
54 1356 1
54 1369 1
54 1435 1
54 1443 1
54 1468 1
54 1500 1
54 1549 1
54 1576 1
54 1647 1
54 1664 1
54 1754 1
54 1766 1
54 1788 1
54 1864 1
54 1980 1
54 1984 1
55 219 1
55 293 1
55 382 1
55 433 1
55 486 1
55 579 1
55 582 1
55 604 1
55 673 1
55 689 1
55 709 1
55 753 1
55 768 1
55 829 1
55 847 1
55 892 1
55 930 1
55 1009 1
55 1017 1
55 1065 1
55 1074 1
55 1087 1
55 1093 1
55 1198 1
55 1376 1
55 1383 1
55 1403 1
55 1426 1
55 1486 1
55 1494 1
55 1533 1
55 1556 1
55 1640 1
55 1717 1
55 1865 1
55 1870 1
55 1893 1
55 1901 1
55 1945 1
56 89 1
56 97 1
56 99 1
56 151 1
56 241 1
56 255 1
56 256 1
56 301 1
56 398 1
56 411 1
56 423 1
56 443 1
56 518 1
56 528 1
56 530 1
56 577 1
56 593 1
56 612 1
56 715 1
56 718 1
56 750 1
56 755 1
56 835 1
56 910 1
56 948 1
56 1010 1
56 1081 1
56 1144 1
56 1166 1
56 1231 1
56 1316 1
56 1354 1
56 1356 1
56 1382 1
56 1390 1
56 1416 1
56 1430 1
56 1533 1
56 1539 1
56 1576 1
56 1590 1
56 1596 1
56 1632 1
56 1640 1
56 1672 1
56 1689 1
56 1707 1
56 1728 1
56 1746 1
56 1758 1
56 1759 1
56 1800 1
56 1829 1
56 1965 1
56 1985 1
57 58 1
57 121 1
57 275 1
57 284 1
57 290 1
57 356 1
57 383 1
57 453 1
57 461 1
57 537 1
57 568 1
57 590 1
57 698 1
57 717 1
57 733 1
57 738 1
57 747 1
57 820 1
57 864 1
57 934 1
57 936 1
57 993 1
57 1042 1
57 1093 1
57 1135 1
57 1138 1
57 1149 1
57 1176 1
57 1178 1
57 1187 1
57 1191 1
57 1256 1
57 1263 1
57 1274 1
57 1301 1
57 1310 1
57 1447 1
57 1448 1
57 1485 1
57 1490 1
57 1499 1
57 1533 1
57 1550 1
57 1571 1
57 1627 1
57 1670 1
57 1745 1
57 1756 1
57 1766 1
57 1777 1
57 1789 1
57 1818 1
57 1820 1
57 1847 1
57 1854 1
57 1857 1
57 1873 1
57 1901 1
57 1916 1
57 1940 1
57 1941 1
57 1958 1
58 130 1
58 166 1
58 259 1
58 266 1
58 269 1
58 288 1
58 394 1
58 491 1
58 524 1
58 533 1
58 540 1
58 693 1
58 702 1
58 744 1
58 763 1
58 800 1
58 804 1
58 830 1
58 870 1
58 948 1
58 973 1
58 994 1
58 1035 1
58 1088 1
58 1089 1
58 1178 1
58 1220 1
58 1224 1
58 1251 1
58 1254 1
58 1291 1
58 1316 1
58 1438 1
58 1466 1
58 1496 1
58 1499 1
58 1545 1
58 1603 1
58 1633 1
58 1750 1
58 1774 1
58 1785 1
58 1790 1
58 1798 1
58 1887 1
58 1925 1
58 1940 1
58 1990 1
59 93 1
59 157 1
59 241 1
59 379 1
59 441 1
59 538 1
59 569 1
59 570 1
59 641 1
59 646 1
59 686 1
59 719 1
59 777 1
59 785 1
59 815 1
59 820 1
59 827 1
59 829 1
59 865 1
59 870 1
59 990 1
59 1033 1
59 1066 1
59 1073 1
59 1164 1
59 1489 1
59 1493 1
59 1531 1
59 1587 1
59 1649 1
59 1659 1
59 1661 1
59 1702 1
59 1753 1
59 1800 1
59 1802 1
59 1815 1
59 1934 1
59 1949 1
59 1969 1
59 1986 1
60 91 1
60 127 1
60 139 1
60 140 1
60 236 1
60 245 1
60 253 1
60 255 1
60 311 1
60 350 1
60 393 1
60 425 1
60 497 1
60 518 1
60 613 1
60 748 1
60 753 1
60 781 1
60 826 1
60 850 1
60 892 1
60 948 1
60 967 1
60 992 1
60 999 1
60 1022 1
60 1060 1
60 1103 1
60 1214 1
60 1217 1
60 1267 1
60 1288 1
60 1388 1
60 1482 1
60 1539 1
60 1590 1
60 1591 1
60 1679 1
60 1716 1
60 1717 1
60 1720 1
60 1770 1
60 1771 1
60 1817 1
60 1833 1
60 1926 1
60 1975 1
61 76 1
61 87 1
61 154 1
61 159 1
61 196 1
61 242 1
61 277 1
61 297 1
61 329 1
61 350 1
61 489 1
61 605 1
61 637 1
61 702 1
61 720 1
61 761 1
61 783 1
61 810 1
61 931 1
61 1035 1
61 1265 1
61 1297 1
61 1500 1
61 1539 1
61 1631 1
61 1644 1
61 1667 1
61 1703 1
61 1826 1
61 1950 1
61 1995 1
62 71 1
62 91 1
62 109 1
62 162 1
62 216 1
62 307 1
62 309 1
62 390 1
62 457 1
62 507 1
62 537 1
62 538 1
62 543 1
62 594 1
62 609 1
62 619 1
62 640 1
62 649 1
62 733 1
62 800 1
62 805 1
62 870 1
62 958 1
62 1037 1
62 1120 1
62 1154 1
62 1170 1
62 1175 1
62 1212 1
62 1225 1
62 1259 1
62 1274 1
62 1419 1
62 1429 1
62 1450 1
62 1463 1
62 1480 1
62 1482 1
62 1522 1
62 1573 1
62 1643 1
62 1703 1
62 1788 1
62 1796 1
62 1821 1
62 1996 1
63 132 1
63 152 1
63 215 1
63 269 1
63 358 1
63 504 1
63 510 1
63 544 1
63 615 1
63 673 1
63 677 1
63 684 1
63 687 1
63 723 1
63 780 1
63 811 1
63 838 1
63 855 1
63 898 1
63 905 1
63 974 1
63 977 1
63 1057 1
63 1059 1
63 1065 1
63 1096 1
63 1118 1
63 1233 1
63 1246 1
63 1265 1
63 1280 1
63 1463 1
63 1483 1
63 1544 1
63 1662 1
63 1670 1
63 1704 1
63 1723 1
63 1728 1
63 1739 1
63 1748 1
63 1763 1
63 1773 1
63 1818 1
63 1823 1
63 1857 1
63 1877 1
63 1891 1
63 1962 1
63 1969 1
64 159 1
64 164 1
64 173 1
64 231 1
64 266 1
64 321 1
64 380 1
64 382 1
64 411 1
64 468 1
64 499 1
64 524 1
64 579 1
64 682 1
64 756 1
64 777 1
64 778 1
64 873 1
64 886 1
64 887 1
64 912 1
64 925 1
64 1012 1
64 1014 1
64 1096 1
64 1153 1
64 1158 1
64 1183 1
64 1186 1
64 1217 1
64 1242 1
64 1292 1
64 1300 1
64 1331 1
64 1348 1
64 1353 1
64 1421 1
64 1472 1
64 1480 1
64 1520 1
64 1532 1
64 1570 1
64 1596 1
64 1693 1
64 1712 1
64 1781 1
64 1802 1
64 1891 1
64 1966 1
64 1967 1
65 130 1
65 135 1
65 173 1
65 200 1
65 241 1
65 343 1
65 383 1
65 391 1
65 484 1
65 517 1
65 634 1
65 686 1
65 711 1
65 728 1
65 744 1
65 806 1
65 810 1
65 836 1
65 886 1
65 905 1
65 910 1
65 930 1
65 951 1
65 954 1
65 1039 1
65 1148 1
65 1181 1
65 1202 1
65 1398 1
65 1404 1
65 1445 1
65 1493 1
65 1498 1
65 1508 1
65 1560 1
65 1639 1
65 1642 1
65 1658 1
65 1731 1
65 1749 1
65 1771 1
65 1776 1
65 1866 1
65 1981 1
66 75 1
66 80 1
66 83 1
66 153 1
66 183 1
66 184 1
66 187 1
66 237 1
66 266 1
66 306 1
66 347 1
66 348 1
66 379 1
66 401 1
66 415 1
66 437 1
66 464 1
66 522 1
66 556 1
66 557 1
66 575 1
66 584 1
66 589 1
66 641 1
66 671 1
66 706 1
66 721 1
66 754 1
66 794 1
66 807 1
66 829 1
66 854 1
66 865 1
66 910 1
66 1011 1
66 1103 1
66 1154 1
66 1155 1
66 1195 1
66 1213 1
66 1235 1
66 1282 1
66 1286 1
66 1311 1
66 1384 1
66 1440 1
66 1448 1
66 1490 1
66 1509 1
66 1768 1
66 1792 1
66 1793 1
66 1798 1
66 1830 1
66 1837 1
66 1891 1
66 1935 1
66 1966 1
66 1974 1
67 72 1
67 124 1
67 150 1
67 197 1
67 198 1
67 223 1
67 259 1
67 304 1
67 337 1
67 367 1
67 498 1
67 545 1
67 677 1
67 722 1
67 804 1
67 834 1
67 885 1
67 914 1
67 1004 1
67 1008 1
67 1061 1
67 1076 1
67 1081 1
67 1089 1
67 1120 1
67 1187 1
67 1203 1
67 1242 1
67 1284 1
67 1285 1
67 1307 1
67 1327 1
67 1329 1
67 1337 1
67 1350 1
67 1447 1
67 1459 1
67 1526 1
67 1545 1
67 1560 1
67 1657 1
67 1717 1
67 1763 1
67 1840 1
67 1863 1
67 1990 1
68 83 1
68 105 1
68 111 1
68 160 1
68 176 1
68 200 1
68 244 1
68 247 1
68 269 1
68 310 1
68 313 1
68 327 1
68 362 1
68 382 1
68 426 1
68 468 1
68 474 1
68 573 1
68 599 1
68 650 1
68 686 1
68 715 1
68 737 1
68 743 1
68 754 1
68 762 1
68 763 1
68 896 1
68 899 1
68 902 1
68 940 1
68 967 1
68 984 1
68 1111 1
68 1199 1
68 1204 1
68 1236 1
68 1250 1
68 1290 1
68 1344 1
68 1368 1
68 1437 1
68 1444 1
68 1448 1
68 1491 1
68 1506 1
68 1516 1
68 1557 1
68 1600 1
68 1680 1
68 1698 1
68 1724 1
68 1737 1
68 1758 1
68 1761 1
68 1786 1
68 1873 1
68 1891 1
68 1923 1
68 1946 1
69 77 1
69 96 1
69 162 1
69 179 1
69 281 1
69 314 1
69 394 1
69 408 1
69 428 1
69 575 1
69 603 1
69 604 1
69 612 1
69 639 1
69 709 1
69 712 1
69 721 1
69 742 1
69 772 1
69 851 1
69 928 1
69 944 1
69 981 1
69 998 1
69 1060 1
69 1102 1
69 1110 1
69 1139 1
69 1154 1
69 1171 1
69 1175 1
69 1203 1
69 1214 1
69 1239 1
69 1250 1
69 1291 1
69 1300 1
69 1422 1
69 1429 1
69 1437 1
69 1466 1
69 1498 1
69 1501 1
69 1554 1
69 1643 1
69 1704 1
69 1731 1
69 1800 1
69 1805 1
69 1931 1
69 1937 1
69 1987 1
70 165 1
70 203 1
70 225 1
70 252 1
70 269 1
70 281 1
70 332 1
70 339 1
70 396 1
70 423 1
70 447 1
70 615 1
70 626 1
70 666 1
70 667 1
70 762 1
70 765 1
70 770 1
70 775 1
70 808 1
70 813 1
70 856 1
70 858 1
70 916 1
70 990 1
70 1005 1
70 1023 1
70 1071 1
70 1168 1
70 1194 1
70 1211 1
70 1308 1
70 1360 1
70 1365 1
70 1432 1
70 1466 1
70 1515 1
70 1548 1
70 1560 1
70 1604 1
70 1713 1
70 1736 1
70 1776 1
70 1777 1
70 1808 1
70 1817 1
70 1830 1
70 1846 1
70 1851 1
70 1879 1
70 1965 1
71 108 1
71 162 1
71 236 1
71 240 1
71 258 1
71 285 1
71 441 1
71 465 1
71 511 1
71 559 1
71 604 1
71 608 1
71 631 1
71 637 1
71 663 1
71 722 1
71 839 1
71 980 1
71 1073 1
71 1077 1
71 1080 1
71 1213 1
71 1214 1
71 1242 1
71 1263 1
71 1268 1
71 1388 1
71 1408 1
71 1418 1
71 1467 1
71 1469 1
71 1484 1
71 1487 1
71 1518 1
71 1537 1
71 1570 1
71 1601 1
71 1626 1
71 1657 1
71 1669 1
71 1674 1
71 1688 1
71 1796 1
71 1819 1
71 1910 1
71 1911 1
71 1964 1
71 1981 1
71 1986 1
72 113 1
72 166 1
72 194 1
72 200 1
72 287 1
72 290 1
72 297 1
72 308 1
72 323 1
72 331 1
72 363 1
72 387 1
72 399 1
72 401 1
72 402 1
72 413 1
72 537 1
72 605 1
72 626 1
72 644 1
72 716 1
72 746 1
72 906 1
72 911 1
72 956 1
72 961 1
72 987 1
72 1001 1
72 1039 1
72 1081 1
72 1098 1
72 1163 1
72 1246 1
72 1254 1
72 1270 1
72 1272 1
72 1353 1
72 1375 1
72 1385 1
72 1400 1
72 1424 1
72 1545 1
72 1572 1
72 1592 1
72 1639 1
72 1642 1
72 1652 1
72 1653 1
72 1717 1
72 1745 1
72 1778 1
72 1779 1
72 1788 1
72 1816 1
72 1841 1
72 1931 1
73 94 1
73 109 1
73 123 1
73 208 1
73 234 1
73 236 1
73 379 1
73 381 1
73 383 1
73 426 1
73 446 1
73 467 1
73 495 1
73 540 1
73 558 1
73 648 1
73 674 1
73 691 1
73 710 1
73 790 1
73 835 1
73 840 1
73 879 1
73 903 1
73 904 1
73 919 1
73 954 1
73 980 1
73 1003 1
73 1085 1
73 1089 1
73 1107 1
73 1165 1
73 1169 1
73 1203 1
73 1256 1
73 1266 1
73 1322 1
73 1339 1
73 1396 1
73 1435 1
73 1450 1
73 1514 1
73 1544 1
73 1576 1
73 1609 1
73 1642 1
73 1648 1
73 1661 1
73 1678 1
73 1709 1
73 1711 1
73 1713 1
73 1770 1
73 1794 1
73 1855 1
73 1925 1
73 1969 1
73 1998 1
73 1999 1
74 80 1
74 98 1
74 111 1
74 136 1
74 145 1
74 177 1
74 224 1
74 243 1
74 290 1
74 299 1
74 301 1
74 327 1
74 357 1
74 410 1
74 444 1
74 451 1
74 476 1
74 548 1
74 659 1
74 687 1
74 688 1
74 689 1
74 705 1
74 756 1
74 839 1
74 960 1
74 987 1
74 1048 1
74 1050 1
74 1101 1
74 1147 1
74 1154 1
74 1167 1
74 1223 1
74 1336 1
74 1386 1
74 1487 1
74 1489 1
74 1545 1
74 1563 1
74 1567 1
74 1604 1
74 1650 1
74 1664 1
74 1681 1
74 1704 1
74 1720 1
74 1740 1
74 1743 1
74 1788 1
74 1883 1
74 1907 1
74 1948 1
74 1966 1
74 1970 1
74 1971 1
75 92 1
75 133 1
75 159 1
75 170 1
75 205 1
75 214 1
75 262 1
75 270 1
75 279 1
75 283 1
75 285 1
75 298 1
75 306 1
75 310 1
75 335 1
75 347 1
75 362 1
75 370 1
75 413 1
75 518 1
75 609 1
75 685 1
75 695 1
75 995 1
75 1136 1
75 1140 1
75 1235 1
75 1281 1
75 1375 1
75 1433 1
75 1456 1
75 1503 1
75 1519 1
75 1606 1
75 1630 1
75 1683 1
75 1685 1
75 1701 1
75 1749 1
75 1755 1
75 1769 1
75 1851 1
75 1868 1
75 1877 1
75 1987 1
76 94 1
76 100 1
76 165 1
76 240 1
76 252 1
76 293 1
76 320 1
76 434 1
76 464 1
76 535 1
76 575 1
76 668 1
76 691 1
76 695 1
76 725 1
76 735 1
76 784 1
76 829 1
76 864 1
76 890 1
76 925 1
76 989 1
76 1074 1
76 1121 1
76 1127 1
76 1142 1
76 1213 1
76 1227 1
76 1237 1
76 1264 1
76 1274 1
76 1278 1
76 1314 1
76 1315 1
76 1366 1
76 1393 1
76 1471 1
76 1495 1
76 1562 1
76 1570 1
76 1593 1
76 1598 1
76 1674 1
76 1694 1
76 1755 1
76 1787 1
76 1915 1
76 1920 1
76 1934 1
76 1961 1
76 1977 1
76 1983 1
77 86 1
77 143 1
77 160 1
77 169 1
77 220 1
77 228 1
77 237 1
77 299 1
77 310 1
77 311 1
77 327 1
77 463 1
77 478 1
77 485 1
77 496 1
77 528 1
77 580 1
77 692 1
77 710 1
77 712 1
77 750 1
77 772 1
77 773 1
77 798 1
77 847 1
77 855 1
77 877 1
77 879 1
77 907 1
77 1100 1
77 1125 1
77 1164 1
77 1204 1
77 1322 1
77 1360 1
77 1371 1
77 1375 1
77 1392 1
77 1418 1
77 1431 1
77 1450 1
77 1452 1
77 1504 1
77 1521 1
77 1643 1
77 1687 1
77 1712 1
77 1778 1
77 1798 1
77 1819 1
77 1823 1
77 1830 1
77 1981 1
77 1998 1
78 88 1
78 90 1
78 103 1
78 111 1
78 136 1
78 140 1
78 167 1
78 194 1
78 226 1
78 245 1
78 258 1
78 351 1
78 372 1
78 410 1
78 437 1
78 449 1
78 484 1
78 489 1
78 495 1
78 506 1
78 562 1
78 586 1
78 630 1
78 682 1
78 686 1
78 741 1
78 761 1
78 867 1
78 899 1
78 926 1
78 931 1
78 947 1
78 1012 1
78 1132 1
78 1138 1
78 1186 1
78 1222 1
78 1243 1
78 1259 1
78 1287 1
78 1297 1
78 1397 1
78 1401 1
78 1430 1
78 1431 1
78 1539 1
78 1708 1
78 1780 1
78 1807 1
78 1838 1
78 1902 1
79 84 1
79 97 1
79 114 1
79 188 1
79 200 1
79 202 1
79 207 1
79 238 1
79 259 1
79 299 1
79 325 1
79 370 1
79 436 1
79 489 1
79 510 1
79 538 1
79 551 1
79 584 1
79 588 1
79 688 1
79 730 1
79 909 1
79 942 1
79 951 1
79 972 1
79 1006 1
79 1028 1
79 1103 1
79 1123 1
79 1136 1
79 1149 1
79 1199 1
79 1238 1
79 1248 1
79 1510 1
79 1553 1
79 1803 1
79 1875 1
79 1889 1
79 1947 1
80 84 1
80 98 1
80 136 1
80 205 1
80 210 1
80 233 1
80 241 1
80 310 1
80 343 1
80 413 1
80 431 1
80 465 1
80 471 1
80 496 1
80 507 1
80 557 1
80 562 1
80 579 1
80 599 1
80 662 1
80 714 1
80 725 1
80 727 1
80 788 1
80 790 1
80 831 1
80 858 1
80 900 1
80 904 1
80 925 1
80 941 1
80 942 1
80 960 1
80 1001 1
80 1037 1
80 1082 1
80 1102 1
80 1217 1
80 1237 1
80 1265 1
80 1464 1
80 1469 1
80 1525 1
80 1566 1
80 1581 1
80 1612 1
80 1668 1
80 1680 1
80 1725 1
80 1753 1
80 1768 1
80 1786 1
80 1788 1
80 1814 1
80 1831 1
80 1883 1
80 1888 1
80 1916 1
80 1933 1
80 1958 1
81 101 1
81 121 1
81 202 1
81 225 1
81 229 1
81 280 1
81 293 1
81 369 1
81 370 1
81 434 1
81 503 1
81 580 1
81 699 1
81 724 1
81 727 1
81 808 1
81 842 1
81 885 1
81 923 1
81 960 1
81 978 1
81 1009 1
81 1061 1
81 1160 1
81 1169 1
81 1202 1
81 1219 1
81 1245 1
81 1348 1
81 1350 1
81 1488 1
81 1504 1
81 1595 1
81 1688 1
81 1716 1
81 1718 1
81 1749 1
81 1909 1
81 1926 1
81 1928 1
81 1968 1
82 205 1
82 229 1
82 300 1
82 302 1
82 322 1
82 340 1
82 359 1
82 360 1
82 471 1
82 476 1
82 615 1
82 648 1
82 652 1
82 692 1
82 722 1
82 727 1
82 729 1
82 741 1
82 778 1
82 787 1
82 910 1
82 929 1
82 1016 1
82 1081 1
82 1106 1
82 1134 1
82 1164 1
82 1214 1
82 1273 1
82 1277 1
82 1310 1
82 1415 1
82 1434 1
82 1470 1
82 1578 1
82 1648 1
82 1715 1
82 1723 1
82 1883 1
82 1939 1
82 1979 1
82 1982 1
83 117 1
83 172 1
83 179 1
83 214 1
83 221 1
83 226 1
83 232 1
83 400 1
83 412 1
83 414 1
83 502 1
83 560 1
83 574 1
83 582 1
83 634 1
83 680 1
83 687 1
83 700 1
83 717 1
83 729 1
83 751 1
83 762 1
83 859 1
83 932 1
83 942 1
83 998 1
83 1000 1
83 1048 1
83 1049 1
83 1061 1
83 1068 1
83 1075 1
83 1095 1
83 1175 1
83 1303 1
83 1334 1
83 1402 1
83 1643 1
83 1651 1
83 1674 1
83 1695 1
83 1724 1
83 1734 1
83 1735 1
83 1742 1
83 1748 1
83 1785 1
83 1852 1
83 1903 1
83 1934 1
83 1999 1
84 121 1
84 157 1
84 233 1
84 278 1
84 317 1
84 344 1
84 355 1
84 360 1
84 361 1
84 432 1
84 451 1
84 473 1
84 528 1
84 581 1
84 640 1
84 713 1
84 816 1
84 840 1
84 842 1
84 946 1
84 952 1
84 955 1
84 1040 1
84 1129 1
84 1178 1
84 1283 1
84 1284 1
84 1361 1
84 1370 1
84 1383 1
84 1426 1
84 1439 1
84 1443 1
84 1532 1
84 1567 1
84 1654 1
84 1661 1
84 1729 1
84 1769 1
84 1887 1
84 1895 1
84 1947 1
84 1951 1
84 1964 1
84 1994 1
85 150 1
85 157 1
85 228 1
85 258 1
85 297 1
85 398 1
85 446 1
85 554 1
85 560 1
85 596 1
85 626 1
85 690 1
85 740 1
85 757 1
85 819 1
85 834 1
85 837 1
85 892 1
85 896 1
85 898 1
85 976 1
85 997 1
85 1027 1
85 1048 1
85 1080 1
85 1089 1
85 1093 1
85 1162 1
85 1178 1
85 1198 1
85 1323 1
85 1361 1
85 1363 1
85 1374 1
85 1378 1
85 1403 1
85 1452 1
85 1654 1
85 1675 1
85 1677 1
85 1728 1
85 1731 1
85 1807 1
85 1951 1
86 108 1
86 142 1
86 156 1
86 174 1
86 258 1
86 286 1
86 298 1
86 303 1
86 305 1
86 339 1
86 365 1
86 370 1
86 414 1
86 445 1
86 456 1
86 516 1
86 571 1
86 581 1
86 601 1
86 623 1
86 690 1
86 751 1
86 788 1
86 837 1
86 854 1
86 867 1
86 906 1
86 915 1
86 927 1
86 1010 1
86 1045 1
86 1070 1
86 1096 1
86 1254 1
86 1266 1
86 1275 1
86 1276 1
86 1284 1
86 1315 1
86 1403 1
86 1511 1
86 1516 1
86 1627 1
86 1651 1
86 1693 1
86 1697 1
86 1718 1
86 1792 1
86 1822 1
86 1899 1
86 1924 1
86 1967 1
87 89 1
87 137 1
87 182 1
87 287 1
87 331 1
87 350 1
87 438 1
87 456 1
87 467 1
87 468 1
87 504 1
87 526 1
87 528 1
87 537 1
87 589 1
87 601 1
87 606 1
87 659 1
87 664 1
87 694 1
87 727 1
87 778 1
87 816 1
87 827 1
87 838 1
87 860 1
87 901 1
87 947 1
87 1021 1
87 1080 1
87 1083 1
87 1105 1
87 1139 1
87 1143 1
87 1149 1
87 1161 1
87 1233 1
87 1393 1
87 1422 1
87 1427 1
87 1458 1
87 1497 1
87 1507 1
87 1535 1
87 1561 1
87 1589 1
87 1650 1
87 1719 1
87 1731 1
87 1775 1
87 1782 1
87 1788 1
87 1819 1
87 1855 1
87 1897 1
87 1926 1
87 1942 1
87 1960 1
87 1968 1
87 1981 1
88 162 1
88 226 1
88 321 1
88 440 1
88 451 1
88 462 1
88 475 1
88 481 1
88 518 1
88 531 1
88 532 1
88 551 1
88 667 1
88 720 1
88 735 1
88 770 1
88 807 1
88 820 1
88 832 1
88 853 1
88 872 1
88 920 1
88 972 1
88 975 1
88 1001 1
88 1011 1
88 1125 1
88 1159 1
88 1193 1
88 1213 1
88 1217 1
88 1227 1
88 1239 1
88 1255 1
88 1264 1
88 1308 1
88 1318 1
88 1362 1
88 1392 1
88 1393 1
88 1457 1
88 1499 1
88 1539 1
88 1562 1
88 1603 1
88 1659 1
88 1749 1
88 1752 1
88 1764 1
88 1890 1
89 96 1
89 107 1
89 161 1
89 180 1
89 209 1
89 320 1
89 367 1
89 384 1
89 570 1
89 667 1
89 716 1
89 733 1
89 847 1
89 971 1
89 1028 1
89 1030 1
89 1045 1
89 1097 1
89 1171 1
89 1206 1
89 1233 1
89 1262 1
89 1285 1
89 1288 1
89 1319 1
89 1354 1
89 1366 1
89 1498 1
89 1526 1
89 1540 1
89 1598 1
89 1606 1
89 1627 1
89 1668 1
89 1695 1
89 1731 1
89 1734 1
89 1775 1
89 1808 1
89 1835 1
89 1848 1
89 1858 1
89 1861 1
89 1970 1
89 1989 1
90 103 1
90 180 1
90 191 1
90 198 1
90 227 1
90 276 1
90 285 1
90 415 1
90 439 1
90 473 1
90 551 1
90 643 1
90 651 1
90 653 1
90 660 1
90 739 1
90 748 1
90 786 1
90 794 1
90 823 1
90 852 1
90 928 1
90 936 1
90 973 1
90 992 1
90 1061 1
90 1122 1
90 1142 1
90 1149 1
90 1204 1
90 1207 1
90 1208 1
90 1225 1
90 1236 1
90 1265 1
90 1267 1
90 1344 1
90 1367 1
90 1371 1
90 1390 1
90 1443 1
90 1471 1
90 1531 1
90 1603 1
90 1609 1
90 1639 1
90 1668 1
90 1738 1
90 1758 1
90 1809 1
90 1810 1
90 1838 1
90 1850 1
90 1877 1
90 1902 1
90 1918 1
90 1938 1
91 180 1
91 230 1
91 243 1
91 304 1
91 313 1
91 318 1
91 365 1
91 379 1
91 425 1
91 532 1
91 838 1
91 987 1
91 1013 1
91 1028 1
91 1054 1
91 1064 1
91 1069 1
91 1109 1
91 1118 1
91 1368 1
91 1390 1
91 1421 1
91 1475 1
91 1483 1
91 1584 1
91 1617 1
91 1619 1
91 1650 1
91 1673 1
91 1676 1
91 1686 1
91 1801 1
91 1941 1
91 1982 1
91 1988 1
92 129 1
92 139 1
92 271 1
92 393 1
92 420 1
92 520 1
92 572 1
92 604 1
92 613 1
92 728 1
92 748 1
92 772 1
92 788 1
92 831 1
92 874 1
92 929 1
92 1022 1
92 1044 1
92 1156 1
92 1161 1
92 1170 1
92 1215 1
92 1223 1
92 1241 1
92 1251 1
92 1290 1
92 1356 1
92 1366 1
92 1415 1
92 1501 1
92 1524 1
92 1572 1
92 1658 1
92 1682 1
92 1745 1
92 1752 1
92 1776 1
92 1779 1
92 1782 1
92 1786 1
92 1809 1
92 1824 1
92 1955 1
93 138 1
93 232 1
93 287 1
93 356 1
93 401 1
93 428 1
93 543 1
93 573 1
93 624 1
93 666 1
93 774 1
93 861 1
93 895 1
93 906 1
93 912 1
93 932 1
93 937 1
93 949 1
93 990 1
93 1030 1
93 1057 1
93 1065 1
93 1068 1
93 1071 1
93 1075 1
93 1093 1
93 1148 1
93 1159 1
93 1162 1
93 1211 1
93 1278 1
93 1301 1
93 1418 1
93 1481 1
93 1499 1
93 1775 1
93 1795 1
93 1798 1
93 1822 1
93 1860 1
93 1899 1
93 1914 1
93 1950 1
93 1965 1
93 1994 1
94 141 1
94 205 1
94 235 1
94 279 1
94 283 1
94 359 1
94 400 1
94 424 1
94 515 1
94 516 1
94 603 1
94 676 1
94 704 1
94 754 1
94 810 1
94 924 1
94 959 1
94 965 1
94 1050 1
94 1126 1
94 1192 1
94 1311 1
94 1333 1
94 1367 1
94 1377 1
94 1411 1
94 1450 1
94 1499 1
94 1564 1
94 1586 1
94 1611 1
94 1623 1
94 1625 1
94 1676 1
94 1702 1
94 1711 1
94 1719 1
94 1747 1
94 1772 1
94 1819 1
94 1826 1
94 1868 1
94 1876 1
94 1928 1
95 179 1
95 264 1
95 271 1
95 426 1
95 435 1
95 444 1
95 459 1
95 475 1
95 546 1
95 553 1
95 689 1
95 745 1
95 819 1
95 858 1
95 916 1
95 931 1
95 951 1
95 978 1
95 979 1
95 1029 1
95 1033 1
95 1068 1
95 1094 1
95 1101 1
95 1111 1
95 1119 1
95 1141 1
95 1145 1
95 1154 1
95 1171 1
95 1208 1
95 1218 1
95 1221 1
95 1276 1
95 1293 1
95 1387 1
95 1409 1
95 1427 1
95 1440 1
95 1484 1
95 1494 1
95 1563 1
95 1602 1
95 1648 1
95 1780 1
95 1824 1
95 1906 1
96 152 1
96 191 1
96 199 1
96 211 1
96 227 1
96 248 1
96 510 1
96 532 1
96 539 1
96 559 1
96 717 1
96 744 1
96 772 1
96 787 1
96 859 1
96 942 1
96 1018 1
96 1038 1
96 1072 1
96 1085 1
96 1086 1
96 1124 1
96 1194 1
96 1242 1
96 1255 1
96 1270 1
96 1429 1
96 1457 1
96 1487 1
96 1517 1
96 1536 1
96 1541 1
96 1642 1
96 1707 1
96 1710 1
96 1761 1
96 1849 1
96 1886 1
96 1923 1
96 1944 1
96 1958 1
97 101 1
97 127 1
97 244 1
97 276 1
97 278 1
97 296 1
97 336 1
97 361 1
97 503 1
97 537 1
97 614 1
97 617 1
97 666 1
97 679 1
97 710 1
97 736 1
97 766 1
97 803 1
97 814 1
97 822 1
97 976 1
97 979 1
97 1015 1
97 1183 1
97 1185 1
97 1193 1
97 1195 1
97 1199 1
97 1226 1
97 1333 1
97 1347 1
97 1368 1
97 1471 1
97 1475 1
97 1534 1
97 1624 1
97 1724 1
97 1744 1
97 1785 1
97 1791 1
97 1803 1
97 1814 1
97 1823 1
97 1983 1
97 1986 1
97 1996 1
98 126 1
98 225 1
98 239 1
98 273 1
98 311 1
98 357 1
98 378 1
98 398 1
98 411 1
98 436 1
98 440 1
98 445 1
98 488 1
98 494 1
98 659 1
98 731 1
98 780 1
98 783 1
98 792 1
98 849 1
98 874 1
98 917 1
98 938 1
98 1018 1
98 1042 1
98 1050 1
98 1088 1
98 1134 1
98 1273 1
98 1281 1
98 1316 1
98 1375 1
98 1412 1
98 1482 1
98 1520 1
98 1538 1
98 1555 1
98 1603 1
98 1608 1
98 1623 1
98 1682 1
98 1720 1
98 1761 1
98 1784 1
98 1794 1
98 1798 1
98 1849 1
98 1892 1
98 1909 1
98 1979 1
99 148 1
99 193 1
99 225 1
99 258 1
99 332 1
99 346 1
99 377 1
99 389 1
99 392 1
99 399 1
99 481 1
99 490 1
99 622 1
99 655 1
99 660 1
99 672 1
99 687 1
99 706 1
99 725 1
99 768 1
99 791 1
99 804 1
99 834 1
99 836 1
99 889 1
99 1048 1
99 1064 1
99 1103 1
99 1131 1
99 1318 1
99 1373 1
99 1398 1
99 1400 1
99 1432 1
99 1439 1
99 1446 1
99 1450 1
99 1494 1
99 1499 1
99 1516 1
99 1554 1
99 1565 1
99 1651 1
99 1687 1
99 1774 1
99 1805 1
99 1813 1
99 1818 1
99 1820 1
99 1875 1
99 1943 1
99 1994 1
99 1996 1
100 104 1
100 198 1
100 204 1
100 369 1
100 378 1
100 447 1
100 494 1
100 586 1
100 697 1
100 701 1
100 762 1
100 773 1
100 791 1
100 812 1
100 881 1
100 904 1
100 948 1
100 961 1
100 971 1
100 989 1
100 1100 1
100 1136 1
100 1150 1
100 1243 1
100 1251 1
100 1269 1
100 1288 1
100 1361 1
100 1367 1
100 1465 1
100 1471 1
100 1509 1
100 1515 1
100 1520 1
100 1534 1
100 1536 1
100 1564 1
100 1568 1
100 1572 1
100 1595 1
100 1604 1
100 1631 1
100 1745 1
100 1764 1
100 1888 1
100 1946 1
100 1954 1
101 127 1
101 184 1
101 259 1
101 339 1
101 358 1
101 367 1
101 461 1
101 467 1
101 549 1
101 574 1
101 664 1
101 690 1
101 720 1
101 759 1
101 792 1
101 797 1
101 808 1
101 850 1
101 901 1
101 924 1
101 928 1
101 938 1
101 957 1
101 975 1
101 984 1
101 1000 1
101 1027 1
101 1071 1
101 1109 1
101 1298 1
101 1336 1
101 1439 1
101 1528 1
101 1537 1
101 1567 1
101 1610 1
101 1616 1
101 1626 1
101 1686 1
101 1790 1
101 1810 1
101 1819 1
101 1825 1
101 1856 1
101 1884 1
101 1904 1
101 1954 1
102 153 1
102 207 1
102 246 1
102 279 1
102 625 1
102 671 1
102 682 1
102 700 1
102 701 1
102 720 1
102 723 1
102 752 1
102 770 1
102 779 1
102 830 1
102 888 1
102 912 1
102 945 1
102 957 1
102 969 1
102 977 1
102 1008 1
102 1060 1
102 1089 1
102 1134 1
102 1145 1
102 1179 1
102 1226 1
102 1286 1
102 1304 1
102 1326 1
102 1355 1
102 1362 1
102 1462 1
102 1474 1
102 1521 1
102 1544 1
102 1580 1
102 1587 1
102 1621 1
102 1698 1
102 1774 1
102 1862 1
102 1892 1
102 1924 1
102 1944 1
102 1950 1
103 104 1
103 140 1
103 178 1
103 193 1
103 214 1
103 260 1
103 263 1
103 307 1
103 314 1
103 320 1
103 358 1
103 363 1
103 365 1
103 408 1
103 427 1
103 432 1
103 462 1
103 527 1
103 553 1
103 562 1
103 593 1
103 609 1
103 644 1
103 706 1
103 768 1
103 789 1
103 804 1
103 846 1
103 862 1
103 882 1
103 920 1
103 922 1
103 950 1
103 1070 1
103 1124 1
103 1125 1
103 1185 1
103 1305 1
103 1447 1
103 1482 1
103 1498 1
103 1506 1
103 1510 1
103 1549 1
103 1577 1
103 1672 1
103 1681 1
103 1704 1
103 1881 1
103 1886 1
103 1899 1
103 1972 1
103 1993 1
104 110 1
104 125 1
104 142 1
104 143 1
104 149 1
104 181 1
104 193 1
104 277 1
104 320 1
104 338 1
104 440 1
104 444 1
104 462 1
104 463 1
104 477 1
104 527 1
104 574 1
104 600 1
104 608 1
104 609 1
104 695 1
104 721 1
104 727 1
104 826 1
104 830 1
104 864 1
104 873 1
104 893 1
104 905 1
104 956 1
104 1022 1
104 1076 1
104 1124 1
104 1162 1
104 1197 1
104 1235 1
104 1248 1
104 1288 1
104 1468 1
104 1498 1
104 1508 1
104 1568 1
104 1588 1
104 1589 1
104 1634 1
104 1643 1
104 1656 1
104 1679 1
104 1750 1
104 1830 1
104 1882 1
104 1918 1
104 1923 1
105 119 1
105 128 1
105 131 1
105 202 1
105 305 1
105 344 1
105 355 1
105 375 1
105 388 1
105 461 1
105 479 1
105 485 1
105 526 1
105 575 1
105 606 1
105 663 1
105 669 1
105 687 1
105 802 1
105 939 1
105 947 1
105 1035 1
105 1051 1
105 1133 1
105 1141 1
105 1164 1
105 1171 1
105 1229 1
105 1269 1
105 1322 1
105 1350 1
105 1386 1
105 1431 1
105 1477 1
105 1696 1
105 1729 1
105 1840 1
105 1924 1
105 1983 1
106 124 1
106 146 1
106 158 1
106 203 1
106 224 1
106 247 1
106 248 1
106 372 1
106 379 1
106 417 1
106 440 1
106 600 1
106 605 1
106 666 1
106 712 1
106 727 1
106 789 1
106 800 1
106 815 1
106 865 1
106 929 1
106 953 1
106 1027 1
106 1036 1
106 1050 1
106 1090 1
106 1097 1
106 1140 1
106 1164 1
106 1170 1
106 1256 1
106 1352 1
106 1357 1
106 1362 1
106 1365 1
106 1393 1
106 1414 1
106 1420 1
106 1599 1
106 1601 1
106 1658 1
106 1685 1
106 1687 1
106 1762 1
106 1768 1
106 1772 1
106 1781 1
106 1789 1
106 1883 1
106 1930 1
106 1932 1
106 1989 1
107 144 1
107 176 1
107 254 1
107 264 1
107 286 1
107 357 1
107 375 1
107 419 1
107 440 1
107 465 1
107 581 1
107 595 1
107 621 1
107 645 1
107 690 1
107 708 1
107 759 1
107 786 1
107 925 1
107 931 1
107 968 1
107 969 1
107 1035 1
107 1060 1
107 1111 1
107 1113 1
107 1118 1
107 1152 1
107 1164 1
107 1168 1
107 1172 1
107 1228 1
107 1237 1
107 1296 1
107 1307 1
107 1353 1
107 1405 1
107 1412 1
107 1418 1
107 1446 1
107 1567 1
107 1724 1
107 1792 1
107 1805 1
107 1844 1
107 1855 1
107 1922 1
107 1944 1
107 1952 1
107 1957 1
108 113 1
108 131 1
108 138 1
108 186 1
108 207 1
108 274 1
108 304 1
108 342 1
108 506 1
108 556 1
108 659 1
108 676 1
108 692 1
108 790 1
108 953 1
108 1188 1
108 1197 1
108 1207 1
108 1289 1
108 1302 1
108 1334 1
108 1433 1
108 1441 1
108 1567 1
108 1573 1
108 1584 1
108 1651 1
108 1652 1
108 1656 1
108 1660 1
108 1772 1
108 1814 1
108 1850 1
108 1880 1
108 1928 1
108 1952 1
108 1985 1
108 1991 1
109 162 1
109 298 1
109 377 1
109 409 1
109 455 1
109 467 1
109 492 1
109 537 1
109 636 1
109 637 1
109 682 1
109 685 1
109 777 1
109 844 1
109 848 1
109 894 1
109 934 1
109 970 1
109 1023 1
109 1074 1
109 1123 1
109 1153 1
109 1156 1
109 1206 1
109 1278 1
109 1350 1
109 1352 1
109 1416 1
109 1457 1
109 1473 1
109 1501 1
109 1505 1
109 1540 1
109 1579 1
109 1588 1
109 1645 1
109 1659 1
109 1788 1
109 1822 1
109 1853 1
109 1864 1
109 1865 1
109 1869 1
109 1873 1
109 1902 1
110 149 1
110 192 1
110 323 1
110 380 1
110 448 1
110 483 1
110 509 1
110 633 1
110 649 1
110 652 1
110 713 1
110 776 1
110 778 1
110 828 1
110 899 1
110 913 1
110 918 1
110 956 1
110 961 1
110 964 1
110 1025 1
110 1042 1
110 1052 1
110 1100 1
110 1127 1
110 1201 1
110 1206 1
110 1233 1
110 1234 1
110 1237 1
110 1294 1
110 1359 1
110 1377 1
110 1448 1
110 1499 1
110 1514 1
110 1536 1
110 1568 1
110 1609 1
110 1666 1
110 1703 1
110 1742 1
110 1772 1
110 1774 1
110 1847 1
110 1873 1
110 1896 1
111 117 1
111 127 1
111 215 1
111 230 1
111 269 1
111 296 1
111 343 1
111 362 1
111 389 1
111 400 1
111 420 1
111 446 1
111 529 1
111 572 1
111 594 1
111 642 1
111 841 1
111 856 1
111 871 1
111 938 1
111 948 1
111 1022 1
111 1041 1
111 1092 1
111 1119 1
111 1151 1
111 1192 1
111 1195 1
111 1248 1
111 1408 1
111 1504 1
111 1554 1
111 1592 1
111 1595 1
111 1605 1
111 1638 1
111 1666 1
111 1686 1
111 1754 1
111 1989 1
112 165 1
112 179 1
112 184 1
112 223 1
112 232 1
112 315 1
112 450 1
112 466 1
112 497 1
112 500 1
112 515 1
112 647 1
112 685 1
112 689 1
112 699 1
112 701 1
112 741 1
112 764 1
112 769 1
112 833 1
112 854 1
112 949 1
112 975 1
112 1040 1
112 1104 1
112 1179 1
112 1193 1
112 1211 1
112 1228 1
112 1233 1
112 1300 1
112 1302 1
112 1354 1
112 1381 1
112 1457 1
112 1473 1
112 1548 1
112 1603 1
112 1716 1
112 1759 1
112 1838 1
112 1847 1
112 1861 1
112 1899 1
112 1907 1
112 1998 1
113 147 1
113 189 1
113 193 1
113 225 1
113 288 1
113 301 1
113 306 1
113 368 1
113 432 1
113 456 1
113 507 1
113 591 1
113 620 1
113 623 1
113 653 1
113 702 1
113 717 1
113 767 1
113 816 1
113 821 1
113 835 1
113 858 1
113 909 1
113 925 1
113 1021 1
113 1041 1
113 1102 1
113 1116 1
113 1135 1
113 1136 1
113 1142 1
113 1149 1
113 1166 1
113 1175 1
113 1200 1
113 1206 1
113 1210 1
113 1229 1
113 1244 1
113 1306 1
113 1310 1
113 1348 1
113 1353 1
113 1367 1
113 1415 1
113 1466 1
113 1474 1
113 1496 1
113 1510 1
113 1547 1
113 1556 1
113 1573 1
113 1608 1
113 1639 1
113 1734 1
113 1777 1
113 1806 1
113 1910 1
113 1929 1
113 1942 1
113 1971 1
114 227 1
114 319 1
114 337 1
114 350 1
114 371 1
114 474 1
114 549 1
114 604 1
114 639 1
114 650 1
114 680 1
114 682 1
114 725 1
114 776 1
114 865 1
114 890 1
114 898 1
114 929 1
114 952 1
114 967 1
114 980 1
114 1083 1
114 1116 1
114 1135 1
114 1139 1
114 1148 1
114 1284 1
114 1289 1
114 1298 1
114 1314 1
114 1328 1
114 1330 1
114 1418 1
114 1445 1
114 1474 1
114 1609 1
114 1610 1
114 1681 1
114 1688 1
114 1703 1
114 1719 1
114 1736 1
114 1752 1
114 1780 1
114 1933 1
114 1946 1
114 1947 1
114 1982 1
115 229 1
115 257 1
115 346 1
115 353 1
115 384 1
115 434 1
115 461 1
115 481 1
115 533 1
115 597 1
115 613 1
115 629 1
115 639 1
115 663 1
115 752 1
115 769 1
115 797 1
115 827 1
115 1020 1
115 1048 1
115 1104 1
115 1144 1
115 1197 1
115 1295 1
115 1340 1
115 1347 1
115 1387 1
115 1553 1
115 1571 1
115 1672 1
115 1687 1
115 1693 1
115 1706 1
115 1828 1
115 1855 1
115 1912 1
116 154 1
116 241 1
116 245 1
116 429 1
116 450 1
116 489 1
116 516 1
116 580 1
116 618 1
116 664 1
116 681 1
116 689 1
116 723 1
116 729 1
116 776 1
116 777 1
116 806 1
116 821 1
116 944 1
116 1019 1
116 1061 1
116 1131 1
116 1154 1
116 1183 1
116 1195 1
116 1229 1
116 1249 1
116 1261 1
116 1277 1
116 1281 1
116 1301 1
116 1326 1
116 1372 1
116 1452 1
116 1467 1
116 1559 1
116 1565 1
116 1590 1
116 1609 1
116 1630 1
116 1651 1
116 1724 1
116 1740 1
116 1791 1
116 1808 1
116 1908 1
117 124 1
117 253 1
117 295 1
117 315 1
117 389 1
117 390 1
117 402 1
117 450 1
117 457 1
117 525 1
117 545 1
117 616 1
117 725 1
117 755 1
117 774 1
117 861 1
117 880 1
117 884 1
117 896 1
117 897 1
117 924 1
117 951 1
117 993 1
117 1002 1
117 1012 1
117 1134 1
117 1141 1
117 1384 1
117 1427 1
117 1448 1
117 1503 1
117 1513 1
117 1547 1
117 1548 1
117 1558 1
117 1603 1
117 1611 1
117 1635 1
117 1741 1
117 1813 1
117 1862 1
117 1941 1
117 1945 1
117 1972 1
117 1996 1
118 132 1
118 205 1
118 221 1
118 231 1
118 281 1
118 288 1
118 312 1
118 322 1
118 356 1
118 395 1
118 400 1
118 415 1
118 537 1
118 681 1
118 698 1
118 725 1
118 735 1
118 777 1
118 791 1
118 815 1
118 867 1
118 940 1
118 991 1
118 1025 1
118 1063 1
118 1113 1
118 1194 1
118 1246 1
118 1285 1
118 1312 1
118 1360 1
118 1453 1
118 1483 1
118 1535 1
118 1664 1
118 1697 1
118 1739 1
118 1749 1
118 1778 1
118 1805 1
118 1817 1
118 1867 1
118 1976 1
119 126 1
119 150 1
119 173 1
119 177 1
119 205 1
119 219 1
119 229 1
119 256 1
119 298 1
119 380 1
119 382 1
119 384 1
119 395 1
119 400 1
119 413 1
119 442 1
119 556 1
119 563 1
119 628 1
119 629 1
119 687 1
119 695 1
119 704 1
119 716 1
119 780 1
119 811 1
119 877 1
119 892 1
119 925 1
119 1108 1
119 1161 1
119 1178 1
119 1195 1
119 1201 1
119 1217 1
119 1257 1
119 1370 1
119 1493 1
119 1517 1
119 1574 1
119 1592 1
119 1612 1
119 1672 1
119 1719 1
119 1720 1
119 1738 1
119 1794 1
119 1840 1
119 1856 1
119 1864 1
119 1895 1
119 1902 1
119 1920 1
119 1994 1
120 184 1
120 215 1
120 221 1
120 281 1
120 391 1
120 435 1
120 506 1
120 576 1
120 590 1
120 681 1
120 690 1
120 706 1
120 713 1
120 715 1
120 729 1
120 740 1
120 742 1
120 755 1
120 770 1
120 800 1
120 892 1
120 930 1
120 1034 1
120 1038 1
120 1134 1
120 1210 1
120 1214 1
120 1219 1
120 1268 1
120 1372 1
120 1409 1
120 1436 1
120 1563 1
120 1609 1
120 1636 1
120 1637 1
120 1726 1
120 1731 1
120 1736 1
120 1755 1
120 1766 1
120 1774 1
120 1852 1
120 1854 1
120 1872 1
120 1889 1
120 1952 1
120 1994 1
121 189 1
121 260 1
121 356 1
121 365 1
121 366 1
121 438 1
121 464 1
121 597 1
121 674 1
121 678 1
121 724 1
121 779 1
121 809 1
121 830 1
121 911 1
121 930 1
121 936 1
121 961 1
121 981 1
121 998 1
121 1027 1
121 1034 1
121 1185 1
121 1220 1
121 1233 1
121 1277 1
121 1325 1
121 1362 1
121 1390 1
121 1429 1
121 1466 1
121 1521 1
121 1531 1
121 1588 1
121 1610 1
121 1715 1
121 1747 1
121 1759 1
121 1778 1
121 1791 1
121 1813 1
121 1825 1
121 1899 1
121 1902 1
121 1923 1
121 1983 1
122 175 1
122 209 1
122 213 1
122 262 1
122 266 1
122 310 1
122 405 1
122 411 1
122 433 1
122 457 1
122 469 1
122 515 1
122 562 1
122 668 1
122 670 1
122 722 1
122 760 1
122 779 1
122 872 1
122 886 1
122 927 1
122 986 1
122 1033 1
122 1106 1
122 1176 1
122 1199 1
122 1221 1
122 1259 1
122 1285 1
122 1412 1
122 1417 1
122 1457 1
122 1511 1
122 1537 1
122 1542 1
122 1583 1
122 1624 1
122 1670 1
122 1712 1
122 1730 1
122 1753 1
122 1764 1
122 1779 1
122 1780 1
122 1808 1
122 1846 1
122 1885 1
122 1906 1
122 1934 1
122 1969 1
122 1972 1
123 165 1
123 173 1
123 192 1
123 237 1
123 246 1
123 277 1
123 282 1
123 323 1
123 433 1
123 462 1
123 467 1
123 470 1
123 565 1
123 583 1
123 586 1
123 615 1
123 641 1
123 649 1
123 690 1
123 768 1
123 791 1
123 798 1
123 801 1
123 832 1
123 850 1
123 865 1
123 869 1
123 873 1
123 876 1
123 881 1
123 895 1
123 932 1
123 1028 1
123 1141 1
123 1144 1
123 1310 1
123 1324 1
123 1355 1
123 1377 1
123 1428 1
123 1482 1
123 1492 1
123 1498 1
123 1502 1
123 1503 1
123 1539 1
123 1600 1
123 1647 1
123 1727 1
123 1764 1
123 1776 1
123 1896 1
123 1930 1
124 253 1
124 296 1
124 318 1
124 335 1
124 360 1
124 365 1
124 393 1
124 589 1
124 593 1
124 680 1
124 728 1
124 835 1
124 845 1
124 886 1
124 916 1
124 919 1
124 943 1
124 1019 1
124 1030 1
124 1031 1
124 1048 1
124 1063 1
124 1065 1
124 1067 1
124 1136 1
124 1207 1
124 1227 1
124 1300 1
124 1336 1
124 1400 1
124 1415 1
124 1435 1
124 1461 1
124 1467 1
124 1511 1
124 1530 1
124 1625 1
124 1658 1
124 1674 1
124 1681 1
124 1697 1
124 1799 1
124 1821 1
124 1895 1
124 1915 1
124 1963 1
125 143 1
125 161 1
125 177 1
125 216 1
125 230 1
125 282 1
125 366 1
125 380 1
125 385 1
125 472 1
125 610 1
125 636 1
125 695 1
125 696 1
125 717 1
125 734 1
125 740 1
125 779 1
125 802 1
125 874 1
125 879 1
125 949 1
125 971 1
125 972 1
125 1026 1
125 1054 1
125 1074 1
125 1077 1
125 1121 1
125 1142 1
125 1186 1
125 1330 1
125 1340 1
125 1345 1
125 1366 1
125 1367 1
125 1405 1
125 1442 1
125 1522 1
125 1550 1
125 1580 1
125 1671 1
125 1723 1
125 1743 1
125 1760 1
125 1770 1
125 1780 1
125 1812 1
125 1826 1
125 1841 1
125 1848 1
125 1890 1
126 171 1
126 200 1
126 313 1
126 405 1
126 453 1
126 544 1
126 546 1
126 622 1
126 756 1
126 807 1
126 815 1
126 902 1
126 914 1
126 972 1
126 1047 1
126 1133 1
126 1160 1
126 1170 1
126 1244 1
126 1333 1
126 1336 1
126 1403 1
126 1409 1
126 1560 1
126 1632 1
126 1638 1
126 1708 1
126 1710 1
126 1738 1
126 1792 1
126 1800 1
126 1817 1
126 1893 1
126 1899 1
126 1913 1
127 132 1
127 192 1
127 226 1
127 283 1
127 404 1
127 460 1
127 473 1
127 496 1
127 504 1
127 611 1
127 627 1
127 692 1
127 712 1
127 726 1
127 776 1
127 827 1
127 894 1
127 1119 1
127 1138 1
127 1146 1
127 1150 1
127 1152 1
127 1226 1
127 1270 1
127 1281 1
127 1288 1
127 1289 1
127 1301 1
127 1478 1
127 1568 1
127 1650 1
127 1688 1
127 1708 1
127 1782 1
127 1884 1
127 1899 1
127 1945 1
127 1973 1
128 173 1
128 178 1
128 233 1
128 268 1
128 324 1
128 347 1
128 360 1
128 403 1
128 436 1
128 469 1
128 473 1
128 482 1
128 507 1
128 524 1
128 569 1
128 585 1
128 588 1
128 602 1
128 652 1
128 827 1
128 888 1
128 968 1
128 1011 1
128 1049 1
128 1106 1
128 1133 1
128 1156 1
128 1190 1
128 1259 1
128 1275 1
128 1289 1
128 1316 1
128 1357 1
128 1383 1
128 1462 1
128 1479 1
128 1573 1
128 1713 1
128 1776 1
128 1839 1
128 1844 1
128 1852 1
128 1960 1
128 1966 1
129 196 1
129 266 1
129 267 1
129 273 1
129 313 1
129 327 1
129 350 1
129 395 1
129 424 1
129 455 1
129 456 1
129 476 1
129 565 1
129 592 1
129 621 1
129 637 1
129 652 1
129 699 1
129 719 1
129 737 1
129 779 1
129 783 1
129 819 1
129 896 1
129 936 1
129 949 1
129 960 1
129 971 1
129 980 1
129 1013 1
129 1075 1
129 1148 1
129 1188 1
129 1193 1
129 1249 1
129 1271 1
129 1292 1
129 1370 1
129 1389 1
129 1406 1
129 1438 1
129 1476 1
129 1519 1
129 1521 1
129 1573 1
129 1617 1
129 1648 1
129 1691 1
129 1711 1
129 1721 1
129 1732 1
129 1741 1
129 1744 1
129 1861 1
129 1940 1
129 1946 1
129 1988 1
129 1992 1
130 138 1
130 142 1
130 150 1
130 270 1
130 309 1
130 344 1
130 417 1
130 439 1
130 500 1
130 506 1
130 541 1
130 545 1
130 563 1
130 598 1
130 672 1
130 683 1
130 725 1
130 738 1
130 750 1
130 844 1
130 929 1
130 934 1
130 1067 1
130 1074 1
130 1085 1
130 1094 1
130 1212 1
130 1224 1
130 1280 1
130 1325 1
130 1333 1
130 1412 1
130 1413 1
130 1426 1
130 1506 1
130 1519 1
130 1525 1
130 1576 1
130 1603 1
130 1650 1
130 1688 1
130 1786 1
130 1944 1
130 1987 1
131 162 1
131 173 1
131 201 1
131 261 1
131 287 1
131 308 1
131 353 1
131 412 1
131 444 1
131 500 1
131 553 1
131 843 1
131 878 1
131 924 1
131 948 1
131 984 1
131 1020 1
131 1075 1
131 1083 1
131 1098 1
131 1142 1
131 1161 1
131 1196 1
131 1199 1
131 1284 1
131 1375 1
131 1377 1
131 1379 1
131 1448 1
131 1460 1
131 1462 1
131 1624 1
131 1654 1
131 1672 1
131 1684 1
131 1772 1
131 1817 1
131 1848 1
131 1934 1
131 1947 1
131 1981 1
132 213 1
132 238 1
132 345 1
132 349 1
132 383 1
132 396 1
132 540 1
132 682 1
132 710 1
132 780 1
132 781 1
132 789 1
132 816 1
132 837 1
132 840 1
132 854 1
132 891 1
132 923 1
132 959 1
132 1013 1
132 1015 1
132 1108 1
132 1144 1
132 1207 1
132 1218 1
132 1237 1
132 1288 1
132 1298 1
132 1385 1
132 1409 1
132 1472 1
132 1478 1
132 1481 1
132 1490 1
132 1546 1
132 1561 1
132 1706 1
132 1717 1
132 1723 1
132 1772 1
132 1926 1
132 1936 1
132 1939 1
132 1964 1
133 144 1
133 256 1
133 289 1
133 320 1
133 326 1
133 396 1
133 482 1
133 605 1
133 635 1
133 644 1
133 678 1
133 737 1
133 744 1
133 753 1
133 777 1
133 789 1
133 820 1
133 893 1
133 934 1
133 1035 1
133 1075 1
133 1099 1
133 1228 1
133 1232 1
133 1296 1
133 1430 1
133 1527 1
133 1552 1
133 1568 1
133 1604 1
133 1642 1
133 1658 1
133 1703 1
133 1704 1
133 1852 1
133 1878 1
133 1916 1
133 1928 1
133 1940 1
133 1986 1
133 1988 1
134 145 1
134 148 1
134 152 1
134 191 1
134 194 1
134 257 1
134 268 1
134 273 1
134 277 1
134 294 1
134 295 1
134 308 1
134 351 1
134 371 1
134 410 1
134 437 1
134 549 1
134 582 1
134 614 1
134 628 1
134 641 1
134 733 1
134 774 1
134 839 1
134 878 1
134 891 1
134 934 1
134 993 1
134 1005 1
134 1058 1
134 1074 1
134 1148 1
134 1166 1
134 1212 1
134 1215 1
134 1236 1
134 1273 1
134 1334 1
134 1354 1
134 1470 1
134 1477 1
134 1606 1
134 1644 1
134 1657 1
134 1683 1
134 1689 1
134 1736 1
134 1796 1
134 1809 1
134 1852 1
134 1904 1
134 1950 1
135 151 1
135 184 1
135 211 1
135 221 1
135 309 1
135 329 1
135 336 1
135 467 1
135 470 1
135 540 1
135 545 1
135 570 1
135 611 1
135 684 1
135 691 1
135 709 1
135 714 1
135 716 1
135 719 1
135 737 1
135 774 1
135 835 1
135 902 1
135 930 1
135 944 1
135 962 1
135 1026 1
135 1112 1
135 1122 1
135 1165 1
135 1249 1
135 1259 1
135 1269 1
135 1410 1
135 1579 1
135 1585 1
135 1628 1
135 1684 1
135 1710 1
135 1723 1
135 1985 1
136 222 1
136 233 1
136 293 1
136 378 1
136 404 1
136 438 1
136 501 1
136 508 1
136 615 1
136 650 1
136 683 1
136 717 1
136 859 1
136 870 1
136 893 1
136 943 1
136 965 1
136 972 1
136 1045 1
136 1057 1
136 1150 1
136 1190 1
136 1194 1
136 1227 1
136 1244 1
136 1339 1
136 1364 1
136 1398 1
136 1422 1
136 1527 1
136 1540 1
136 1546 1
136 1568 1
136 1598 1
136 1610 1
136 1630 1
136 1631 1
136 1661 1
136 1694 1
136 1711 1
136 1719 1
136 1738 1
136 1811 1
136 1831 1
136 1845 1
136 1908 1
137 156 1
137 158 1
137 212 1
137 341 1
137 439 1
137 486 1
137 505 1
137 527 1
137 602 1
137 624 1
137 670 1
137 784 1
137 798 1
137 812 1
137 822 1
137 823 1
137 856 1
137 1048 1
137 1068 1
137 1122 1
137 1239 1
137 1294 1
137 1388 1
137 1422 1
137 1604 1
137 1675 1
137 1679 1
137 1724 1
137 1737 1
137 1764 1
137 1765 1
137 1790 1
137 1791 1
137 1793 1
137 1800 1
137 1822 1
138 152 1
138 162 1
138 185 1
138 244 1
138 325 1
138 381 1
138 415 1
138 426 1
138 525 1
138 540 1
138 565 1
138 624 1
138 625 1
138 634 1
138 647 1
138 680 1
138 691 1
138 727 1
138 884 1
138 953 1
138 1036 1
138 1060 1
138 1077 1
138 1102 1
138 1120 1
138 1122 1
138 1149 1
138 1179 1
138 1202 1
138 1213 1
138 1236 1
138 1306 1
138 1381 1
138 1404 1
138 1413 1
138 1428 1
138 1453 1
138 1504 1
138 1533 1
138 1553 1
138 1569 1
138 1721 1
138 1722 1
138 1734 1
138 1752 1
138 1792 1
138 1950 1
138 1984 1
138 2000 1
139 167 1
139 239 1
139 243 1
139 312 1
139 316 1
139 318 1
139 366 1
139 382 1
139 422 1
139 474 1
139 496 1
139 503 1
139 514 1
139 532 1
139 584 1
139 601 1
139 611 1
139 620 1
139 681 1
139 696 1
139 709 1
139 758 1
139 765 1
139 796 1
139 864 1
139 897 1
139 1025 1
139 1084 1
139 1170 1
139 1214 1
139 1229 1
139 1276 1
139 1305 1
139 1308 1
139 1362 1
139 1545 1
139 1616 1
139 1617 1
139 1661 1
139 1699 1
139 1749 1
139 1820 1
139 1846 1
139 1877 1
139 1954 1
139 1957 1
140 143 1
140 152 1
140 158 1
140 172 1
140 448 1
140 449 1
140 489 1
140 507 1
140 565 1
140 590 1
140 654 1
140 730 1
140 747 1
140 790 1
140 920 1
140 931 1
140 944 1
140 990 1
140 1016 1
140 1028 1
140 1099 1
140 1169 1
140 1228 1
140 1283 1
140 1307 1
140 1361 1
140 1449 1
140 1511 1
140 1573 1
140 1601 1
140 1609 1
140 1625 1
140 1691 1
140 1710 1
140 1720 1
140 1722 1
140 1901 1
140 1912 1
140 1951 1
140 1956 1
140 1965 1
140 1986 1
141 196 1
141 238 1
141 319 1
141 418 1
141 420 1
141 451 1
141 460 1
141 470 1
141 488 1
141 510 1
141 527 1
141 585 1
141 664 1
141 681 1
141 745 1
141 783 1
141 830 1
141 833 1
141 836 1
141 852 1
141 897 1
141 927 1
141 952 1
141 1012 1
141 1054 1
141 1060 1
141 1064 1
141 1065 1
141 1090 1
141 1100 1
141 1204 1
141 1223 1
141 1247 1
141 1294 1
141 1337 1
141 1413 1
141 1438 1
141 1484 1
141 1620 1
141 1625 1
141 1629 1
141 1729 1
141 1730 1
141 1779 1
141 1888 1
141 1999 1
142 202 1
142 223 1
142 235 1
142 253 1
142 321 1
142 393 1
142 455 1
142 532 1
142 546 1
142 595 1
142 603 1
142 633 1
142 724 1
142 750 1
142 872 1
142 922 1
142 931 1
142 949 1
142 1031 1
142 1033 1
142 1057 1
142 1137 1
142 1230 1
142 1234 1
142 1257 1
142 1269 1
142 1294 1
142 1310 1
142 1363 1
142 1480 1
142 1499 1
142 1504 1
142 1587 1
142 1610 1
142 1614 1
142 1626 1
142 1680 1
142 1728 1
142 1742 1
142 1779 1
142 1787 1
142 1912 1
142 1931 1
143 167 1
143 183 1
143 190 1
143 218 1
143 285 1
143 332 1
143 407 1
143 458 1
143 468 1
143 556 1
143 651 1
143 722 1
143 737 1
143 769 1
143 829 1
143 883 1
143 898 1
143 943 1
143 993 1
143 1175 1
143 1271 1
143 1295 1
143 1418 1
143 1543 1
143 1596 1
143 1633 1
143 1653 1
143 1771 1
143 1773 1
143 1800 1
143 1840 1
143 1899 1
143 1931 1
144 232 1
144 264 1
144 278 1
144 356 1
144 371 1
144 396 1
144 432 1
144 446 1
144 455 1
144 462 1
144 487 1
144 555 1
144 594 1
144 627 1
144 642 1
144 653 1
144 751 1
144 756 1
144 813 1
144 816 1
144 839 1
144 877 1
144 926 1
144 952 1
144 971 1
144 980 1
144 1013 1
144 1021 1
144 1027 1
144 1192 1
144 1193 1
144 1245 1
144 1325 1
144 1327 1
144 1372 1
144 1411 1
144 1439 1
144 1449 1
144 1543 1
144 1573 1
144 1710 1
144 1782 1
144 1989 1
145 216 1
145 304 1
145 336 1
145 459 1
145 475 1
145 511 1
145 534 1
145 761 1
145 763 1
145 767 1
145 791 1
145 796 1
145 825 1
145 853 1
145 989 1
145 1005 1
145 1012 1
145 1055 1
145 1071 1
145 1080 1
145 1195 1
145 1300 1
145 1314 1
145 1321 1
145 1382 1
145 1485 1
145 1501 1
145 1568 1
145 1571 1
145 1606 1
145 1615 1
145 1699 1
145 1755 1
145 1766 1
145 1770 1
145 1777 1
145 1865 1
145 1870 1
145 1896 1
145 1943 1
145 1961 1
146 303 1
146 321 1
146 328 1
146 337 1
146 382 1
146 413 1
146 430 1
146 454 1
146 460 1
146 535 1
146 538 1
146 564 1
146 586 1
146 633 1
146 688 1
146 712 1
146 764 1
146 788 1
146 821 1
146 887 1
146 901 1
146 1005 1
146 1007 1
146 1020 1
146 1120 1
146 1216 1
146 1218 1
146 1281 1
146 1330 1
146 1409 1
146 1435 1
146 1507 1
146 1549 1
146 1570 1
146 1595 1
146 1631 1
146 1658 1
146 1675 1
146 1716 1
146 1753 1
146 1760 1
146 1781 1
146 1875 1
146 1908 1
146 1985 1
147 170 1
147 242 1
147 291 1
147 352 1
147 357 1
147 378 1
147 379 1
147 398 1
147 423 1
147 474 1
147 476 1
147 496 1
147 535 1
147 550 1
147 622 1
147 747 1
147 838 1
147 943 1
147 979 1
147 1038 1
147 1071 1
147 1085 1
147 1178 1
147 1181 1
147 1227 1
147 1252 1
147 1259 1
147 1272 1
147 1329 1
147 1337 1
147 1344 1
147 1511 1
147 1524 1
147 1611 1
147 1623 1
147 1681 1
147 1700 1
147 1713 1
147 1759 1
147 1787 1
147 1885 1
147 1906 1
147 1933 1
147 1994 1
148 154 1
148 183 1
148 272 1
148 320 1
148 342 1
148 381 1
148 525 1
148 528 1
148 533 1
148 565 1
148 587 1
148 591 1
148 597 1
148 618 1
148 648 1
148 653 1
148 667 1
148 735 1
148 803 1
148 825 1
148 852 1
148 853 1
148 882 1
148 957 1
148 1002 1
148 1019 1
148 1179 1
148 1208 1
148 1230 1
148 1255 1
148 1320 1
148 1384 1
148 1497 1
148 1527 1
148 1536 1
148 1555 1
148 1558 1
148 1596 1
148 1633 1
148 1644 1
148 1655 1
148 1673 1
148 1720 1
148 1743 1
148 1843 1
148 1885 1
148 1886 1
148 1942 1
148 1965 1
148 1967 1
149 150 1
149 317 1
149 320 1
149 381 1
149 384 1
149 401 1
149 438 1
149 487 1
149 556 1
149 567 1
149 674 1
149 713 1
149 738 1
149 761 1
149 830 1
149 832 1
149 839 1
149 840 1
149 846 1
149 906 1
149 942 1
149 1004 1
149 1034 1
149 1086 1
149 1218 1
149 1240 1
149 1247 1
149 1253 1
149 1269 1
149 1301 1
149 1313 1
149 1319 1
149 1352 1
149 1429 1
149 1462 1
149 1487 1
149 1491 1
149 1529 1
149 1615 1
149 1628 1
149 1717 1
149 1762 1
149 1768 1
149 1792 1
149 1806 1
149 1919 1
149 1933 1
150 201 1
150 212 1
150 367 1
150 397 1
150 449 1
150 450 1
150 466 1
150 504 1
150 525 1
150 555 1
150 565 1
150 586 1
150 597 1
150 677 1
150 682 1
150 683 1
150 698 1
150 774 1
150 828 1
150 836 1
150 872 1
150 931 1
150 938 1
150 954 1
150 1005 1
150 1071 1
150 1080 1
150 1131 1
150 1157 1
150 1181 1
150 1183 1
150 1241 1
150 1247 1
150 1269 1
150 1294 1
150 1299 1
150 1324 1
150 1364 1
150 1368 1
150 1440 1
150 1460 1
150 1481 1
150 1583 1
150 1647 1
150 1651 1
150 1730 1
150 1733 1
150 1763 1
150 1798 1
150 1817 1
150 1900 1
150 1901 1
150 1940 1
151 187 1
151 219 1
151 286 1
151 292 1
151 332 1
151 339 1
151 370 1
151 381 1
151 476 1
151 529 1
151 569 1
151 578 1
151 602 1
151 661 1
151 692 1
151 704 1
151 707 1
151 797 1
151 801 1
151 885 1
151 951 1
151 979 1
151 1038 1
151 1048 1
151 1053 1
151 1063 1
151 1090 1
151 1098 1
151 1141 1
151 1144 1
151 1190 1
151 1224 1
151 1237 1
151 1246 1
151 1270 1
151 1271 1
151 1310 1
151 1325 1
151 1327 1
151 1403 1
151 1416 1
151 1454 1
151 1466 1
151 1475 1
151 1530 1
151 1599 1
151 1611 1
151 1616 1
151 1669 1
151 1690 1
151 1697 1
151 1710 1
151 1843 1
151 1864 1
151 1877 1
151 1885 1
151 1924 1
151 1926 1
151 1943 1
152 253 1
152 271 1
152 307 1
152 311 1
152 327 1
152 346 1
152 372 1
152 390 1
152 392 1
152 420 1
152 466 1
152 496 1
152 512 1
152 516 1
152 532 1
152 638 1
152 650 1
152 668 1
152 669 1
152 696 1
152 760 1
152 768 1
152 846 1
152 880 1
152 969 1
152 997 1
152 1030 1
152 1075 1
152 1083 1
152 1086 1
152 1123 1
152 1221 1
152 1346 1
152 1366 1
152 1462 1
152 1525 1
152 1531 1
152 1536 1
152 1584 1
152 1652 1
152 1655 1
152 1698 1
152 1758 1
152 1774 1
152 1784 1
152 1798 1
152 1834 1
152 1910 1
152 1916 1
152 1936 1
153 190 1
153 276 1
153 327 1
153 345 1
153 363 1
153 364 1
153 424 1
153 425 1
153 555 1
153 557 1
153 604 1
153 677 1
153 746 1
153 835 1
153 838 1
153 890 1
153 909 1
153 1011 1
153 1027 1
153 1117 1
153 1179 1
153 1218 1
153 1244 1
153 1262 1
153 1285 1
153 1320 1
153 1482 1
153 1539 1
153 1546 1
153 1617 1
153 1662 1
153 1697 1
153 1786 1
153 1790 1
153 1820 1
153 1887 1
153 1888 1
153 1892 1
153 1923 1
153 1930 1
153 1993 1
154 172 1
154 175 1
154 191 1
154 220 1
154 373 1
154 381 1
154 391 1
154 428 1
154 516 1
154 552 1
154 640 1
154 662 1
154 683 1
154 723 1
154 727 1
154 844 1
154 911 1
154 984 1
154 1004 1
154 1064 1
154 1082 1
154 1098 1
154 1167 1
154 1208 1
154 1224 1
154 1240 1
154 1269 1
154 1280 1
154 1286 1
154 1337 1
154 1343 1
154 1351 1
154 1362 1
154 1384 1
154 1465 1
154 1518 1
154 1523 1
154 1546 1
154 1718 1
154 1772 1
154 1809 1
154 1849 1
154 1887 1
154 1910 1
155 194 1
155 208 1
155 211 1
155 218 1
155 261 1
155 380 1
155 392 1
155 414 1
155 417 1
155 451 1
155 460 1
155 464 1
155 588 1
155 667 1
155 668 1
155 706 1
155 726 1
155 729 1
155 750 1
155 752 1
155 774 1
155 797 1
155 805 1
155 822 1
155 849 1
155 864 1
155 880 1
155 903 1
155 977 1
155 1021 1
155 1026 1
155 1040 1
155 1041 1
155 1121 1
155 1132 1
155 1257 1
155 1275 1
155 1280 1
155 1363 1
155 1414 1
155 1429 1
155 1447 1
155 1459 1
155 1529 1
155 1558 1
155 1657 1
155 1671 1
155 1678 1
155 1720 1
155 1736 1
155 1891 1
155 1935 1
155 1953 1
155 1965 1
156 207 1
156 230 1
156 243 1
156 259 1
156 360 1
156 364 1
156 416 1
156 466 1
156 577 1
156 590 1
156 677 1
156 693 1
156 720 1
156 721 1
156 751 1
156 767 1
156 781 1
156 788 1
156 798 1
156 805 1
156 841 1
156 847 1
156 885 1
156 990 1
156 1032 1
156 1156 1
156 1323 1
156 1328 1
156 1357 1
156 1366 1
156 1373 1
156 1417 1
156 1440 1
156 1456 1
156 1494 1
156 1503 1
156 1544 1
156 1564 1
156 1586 1
156 1595 1
156 1625 1
156 1667 1
156 1749 1
156 1752 1
156 1823 1
156 1856 1
156 1861 1
156 1927 1
156 1928 1
156 1945 1
156 1988 1
157 174 1
157 222 1
157 270 1
157 281 1
157 296 1
157 338 1
157 360 1
157 367 1
157 424 1
157 499 1
157 595 1
157 708 1
157 720 1
157 773 1
157 779 1
157 827 1
157 894 1
157 910 1
157 941 1
157 960 1
157 1008 1
157 1029 1
157 1141 1
157 1246 1
157 1264 1
157 1272 1
157 1363 1
157 1396 1
157 1397 1
157 1409 1
157 1458 1
157 1491 1
157 1499 1
157 1513 1
157 1600 1
157 1622 1
157 1689 1
157 1691 1
157 1769 1
157 1775 1
157 1865 1
157 1890 1
157 1893 1
157 1918 1
157 1934 1
157 1976 1
157 1982 1
157 1988 1
158 168 1
158 334 1
158 381 1
158 396 1
158 569 1
158 578 1
158 613 1
158 615 1
158 674 1
158 681 1
158 748 1
158 788 1
158 830 1
158 851 1
158 881 1
158 898 1
158 901 1
158 906 1
158 968 1
158 997 1
158 1080 1
158 1177 1
158 1197 1
158 1207 1
158 1275 1
158 1280 1
158 1338 1
158 1366 1
158 1369 1
158 1456 1
158 1485 1
158 1487 1
158 1521 1
158 1534 1
158 1538 1
158 1557 1
158 1574 1
158 1593 1
158 1600 1
158 1646 1
158 1687 1
158 1717 1
158 1728 1
158 1763 1
158 1859 1
158 1901 1
158 1939 1
158 1954 1
158 1969 1
159 182 1
159 197 1
159 204 1
159 227 1
159 263 1
159 270 1
159 300 1
159 324 1
159 357 1
159 461 1
159 487 1
159 600 1
159 616 1
159 621 1
159 694 1
159 771 1
159 792 1
159 797 1
159 811 1
159 904 1
159 1185 1
159 1208 1
159 1227 1
159 1276 1
159 1291 1
159 1340 1
159 1447 1
159 1460 1
159 1466 1
159 1505 1
159 1596 1
159 1728 1
159 1752 1
159 1753 1
159 1783 1
159 1899 1
159 1901 1
159 1921 1
159 1922 1
159 1931 1
160 236 1
160 285 1
160 328 1
160 379 1
160 438 1
160 490 1
160 566 1
160 632 1
160 674 1
160 720 1
160 777 1
160 781 1
160 810 1
160 858 1
160 859 1
160 925 1
160 928 1
160 1014 1
160 1015 1
160 1028 1
160 1032 1
160 1079 1
160 1148 1
160 1175 1
160 1202 1
160 1234 1
160 1408 1
160 1443 1
160 1469 1
160 1535 1
160 1538 1
160 1540 1
160 1549 1
160 1572 1
160 1664 1
160 1679 1
160 1691 1
160 1867 1
160 1924 1
161 176 1
161 205 1
161 234 1
161 239 1
161 290 1
161 354 1
161 358 1
161 363 1
161 369 1
161 457 1
161 471 1
161 486 1
161 522 1
161 537 1
161 640 1
161 653 1
161 671 1
161 695 1
161 868 1
161 886 1
161 1040 1
161 1086 1
161 1171 1
161 1190 1
161 1198 1
161 1239 1
161 1278 1
161 1326 1
161 1406 1
161 1417 1
161 1437 1
161 1457 1
161 1553 1
161 1660 1
161 1672 1
161 1704 1
161 1737 1
161 1761 1
161 1856 1
161 1911 1
162 239 1
162 311 1
162 361 1
162 374 1
162 375 1
162 433 1
162 474 1
162 536 1
162 669 1
162 710 1
162 746 1
162 770 1
162 868 1
162 925 1
162 1012 1
162 1019 1
162 1025 1
162 1065 1
162 1111 1
162 1166 1
162 1208 1
162 1243 1
162 1274 1
162 1314 1
162 1368 1
162 1379 1
162 1383 1
162 1471 1
162 1492 1
162 1529 1
162 1547 1
162 1607 1
162 1676 1
162 1821 1
162 1831 1
162 1900 1
162 1907 1
162 1945 1
162 1971 1
163 271 1
163 306 1
163 329 1
163 341 1
163 351 1
163 412 1
163 415 1
163 445 1
163 505 1
163 528 1
163 553 1
163 575 1
163 604 1
163 627 1
163 711 1
163 720 1
163 798 1
163 803 1
163 931 1
163 954 1
163 1111 1
163 1138 1
163 1165 1
163 1229 1
163 1236 1
163 1296 1
163 1482 1
163 1497 1
163 1501 1
163 1579 1
163 1600 1
163 1634 1
163 1661 1
163 1716 1
163 1736 1
163 1816 1
163 1830 1
163 1862 1
163 1921 1
163 1924 1
163 1971 1
164 176 1
164 450 1
164 554 1
164 626 1
164 769 1
164 784 1
164 802 1
164 979 1
164 1010 1
164 1041 1
164 1268 1
164 1276 1
164 1307 1
164 1308 1
164 1309 1
164 1315 1
164 1321 1
164 1328 1
164 1370 1
164 1405 1
164 1406 1
164 1415 1
164 1450 1
164 1532 1
164 1615 1
164 1668 1
164 1691 1
164 1710 1
164 1746 1
164 1794 1
164 1863 1
164 1875 1
164 1882 1
164 1910 1
164 1911 1
164 1941 1
164 1953 1
165 187 1
165 197 1
165 203 1
165 205 1
165 220 1
165 221 1
165 225 1
165 230 1
165 309 1
165 315 1
165 442 1
165 495 1
165 521 1
165 524 1
165 533 1
165 537 1
165 567 1
165 571 1
165 596 1
165 621 1
165 676 1
165 712 1
165 794 1
165 809 1
165 887 1
165 992 1
165 1084 1
165 1124 1
165 1160 1
165 1186 1
165 1191 1
165 1222 1
165 1262 1
165 1352 1
165 1390 1
165 1489 1
165 1561 1
165 1586 1
165 1604 1
165 1623 1
165 1735 1
165 1738 1
165 1793 1
165 1795 1
165 1832 1
165 1839 1
165 1848 1
165 1881 1
165 1894 1
165 1997 1
166 176 1
166 283 1
166 301 1
166 337 1
166 364 1
166 392 1
166 402 1
166 490 1
166 500 1
166 584 1
166 585 1
166 592 1
166 594 1
166 614 1
166 624 1
166 644 1
166 660 1
166 683 1
166 691 1
166 766 1
166 768 1
166 773 1
166 861 1
166 862 1
166 867 1
166 922 1
166 932 1
166 938 1
166 953 1
166 1005 1
166 1106 1
166 1115 1
166 1151 1
166 1171 1
166 1173 1
166 1217 1
166 1246 1
166 1339 1
166 1364 1
166 1415 1
166 1429 1
166 1430 1
166 1490 1
166 1507 1
166 1508 1
166 1509 1
166 1540 1
166 1844 1
166 1851 1
166 1861 1
166 1933 1
166 1951 1
167 226 1
167 256 1
167 267 1
167 276 1
167 343 1
167 358 1
167 379 1
167 397 1
167 408 1
167 474 1
167 532 1
167 555 1
167 596 1
167 633 1
167 724 1
167 796 1
167 846 1
167 921 1
167 993 1
167 1122 1
167 1135 1
167 1223 1
167 1224 1
167 1257 1
167 1361 1
167 1413 1
167 1473 1
167 1558 1
167 1627 1
167 1640 1
167 1697 1
167 1710 1
167 1732 1
167 1773 1
167 1851 1
167 1866 1
167 1894 1
167 1954 1
167 1959 1
168 224 1
168 290 1
168 382 1
168 447 1
168 480 1
168 496 1
168 538 1
168 543 1
168 562 1
168 605 1
168 645 1
168 695 1
168 723 1
168 791 1
168 793 1
168 797 1
168 809 1
168 837 1
168 862 1
168 929 1
168 950 1
168 964 1
168 1055 1
168 1122 1
168 1164 1
168 1222 1
168 1229 1
168 1245 1
168 1279 1
168 1284 1
168 1321 1
168 1343 1
168 1401 1
168 1473 1
168 1545 1
168 1618 1
168 1649 1
168 1655 1
168 1667 1
168 1790 1
168 1800 1
168 1821 1
168 1827 1
168 1858 1
168 1887 1
169 210 1
169 229 1
169 252 1
169 268 1
169 271 1
169 331 1
169 407 1
169 415 1
169 436 1
169 441 1
169 466 1
169 509 1
169 517 1
169 551 1
169 587 1
169 616 1
169 644 1
169 697 1
169 738 1
169 784 1
169 889 1
169 890 1
169 913 1
169 928 1
169 932 1
169 997 1
169 1023 1
169 1057 1
169 1113 1
169 1151 1
169 1157 1
169 1186 1
169 1254 1
169 1351 1
169 1394 1
169 1473 1
169 1505 1
169 1516 1
169 1575 1
169 1609 1
169 1615 1
169 1658 1
169 1670 1
169 1690 1
169 1776 1
169 1794 1
169 1845 1
169 1874 1
169 1917 1
169 1951 1
169 1981 1
170 190 1
170 192 1
170 194 1
170 222 1
170 246 1
170 309 1
170 328 1
170 338 1
170 339 1
170 481 1
170 528 1
170 665 1
170 681 1
170 682 1
170 685 1
170 725 1
170 743 1
170 762 1
170 781 1
170 829 1
170 859 1
170 865 1
170 886 1
170 892 1
170 945 1
170 976 1
170 985 1
170 1006 1
170 1024 1
170 1044 1
170 1071 1
170 1076 1
170 1102 1
170 1108 1
170 1110 1
170 1112 1
170 1130 1
170 1155 1
170 1159 1
170 1168 1
170 1196 1
170 1208 1
170 1234 1
170 1239 1
170 1254 1
170 1352 1
170 1381 1
170 1418 1
170 1426 1
170 1445 1
170 1460 1
170 1540 1
170 1575 1
170 1597 1
170 1620 1
170 1678 1
170 1759 1
170 1793 1
170 1849 1
170 1889 1
170 1896 1
170 1930 1
170 1969 1
170 1998 1
171 243 1
171 253 1
171 351 1
171 361 1
171 392 1
171 393 1
171 409 1
171 415 1
171 442 1
171 494 1
171 546 1
171 563 1
171 578 1
171 581 1
171 582 1
171 599 1
171 628 1
171 638 1
171 681 1
171 744 1
171 794 1
171 815 1
171 914 1
171 936 1
171 969 1
171 999 1
171 1006 1
171 1156 1
171 1198 1
171 1207 1
171 1240 1
171 1255 1
171 1338 1
171 1365 1
171 1386 1
171 1463 1
171 1487 1
171 1594 1
171 1604 1
171 1666 1
171 1888 1
171 1939 1
171 1955 1
171 1968 1
172 177 1
172 205 1
172 250 1
172 279 1
172 347 1
172 354 1
172 457 1
172 471 1
172 591 1
172 688 1
172 773 1
172 806 1
172 910 1
172 982 1
172 994 1
172 1003 1
172 1075 1
172 1228 1
172 1240 1
172 1362 1
172 1443 1
172 1450 1
172 1475 1
172 1476 1
172 1596 1
172 1642 1
172 1679 1
172 1832 1
172 1894 1
172 1923 1
172 1983 1
173 222 1
173 223 1
173 224 1
173 240 1
173 267 1
173 268 1
173 349 1
173 353 1
173 373 1
173 400 1
173 473 1
173 503 1
173 516 1
173 524 1
173 533 1
173 603 1
173 643 1
173 671 1
173 679 1
173 766 1
173 820 1
173 886 1
173 898 1
173 974 1
173 1002 1
173 1115 1
173 1137 1
173 1173 1
173 1174 1
173 1234 1
173 1236 1
173 1250 1
173 1302 1
173 1308 1
173 1336 1
173 1347 1
173 1381 1
173 1384 1
173 1485 1
173 1488 1
173 1550 1
173 1615 1
173 1637 1
173 1638 1
173 1769 1
173 1776 1
173 1853 1
173 1869 1
173 1874 1
173 1876 1
173 1935 1
174 177 1
174 178 1
174 186 1
174 235 1
174 315 1
174 329 1
174 347 1
174 354 1
174 378 1
174 464 1
174 544 1
174 587 1
174 639 1
174 642 1
174 671 1
174 689 1
174 769 1
174 789 1
174 833 1
174 856 1
174 894 1
174 898 1
174 899 1
174 1015 1
174 1047 1
174 1074 1
174 1103 1
174 1140 1
174 1168 1
174 1184 1
174 1211 1
174 1233 1
174 1253 1
174 1278 1
174 1281 1
174 1283 1
174 1325 1
174 1409 1
174 1440 1
174 1474 1
174 1496 1
174 1501 1
174 1594 1
174 1612 1
174 1795 1
174 1803 1
174 1871 1
174 1893 1
175 207 1
175 233 1
175 263 1
175 266 1
175 272 1
175 334 1
175 357 1
175 402 1
175 433 1
175 436 1
175 462 1
175 480 1
175 499 1
175 506 1
175 514 1
175 604 1
175 623 1
175 700 1
175 736 1
175 772 1
175 788 1
175 942 1
175 991 1
175 1081 1
175 1107 1
175 1179 1
175 1313 1
175 1329 1
175 1420 1
175 1428 1
175 1493 1
175 1533 1
175 1574 1
175 1654 1
175 1762 1
175 1772 1
175 1781 1
175 1847 1
175 1921 1
175 1940 1
175 1956 1
176 184 1
176 189 1
176 309 1
176 334 1
176 343 1
176 375 1
176 420 1
176 429 1
176 450 1
176 458 1
176 564 1
176 680 1
176 767 1
176 793 1
176 852 1
176 871 1
176 916 1
176 1029 1
176 1031 1
176 1095 1
176 1163 1
176 1183 1
176 1186 1
176 1195 1
176 1520 1
176 1521 1
176 1523 1
176 1555 1
176 1559 1
176 1647 1
176 1667 1
176 1715 1
176 1728 1
176 1741 1
176 1783 1
176 1798 1
176 1806 1
176 1823 1
176 1865 1
176 1875 1
176 1897 1
176 1938 1
176 1977 1
177 206 1
177 272 1
177 305 1
177 397 1
177 453 1
177 470 1
177 486 1
177 509 1
177 560 1
177 642 1
177 766 1
177 795 1
177 833 1
177 838 1
177 846 1
177 913 1
177 944 1
177 1032 1
177 1063 1
177 1074 1
177 1150 1
177 1158 1
177 1173 1
177 1174 1
177 1294 1
177 1352 1
177 1383 1
177 1388 1
177 1393 1
177 1474 1
177 1513 1
177 1528 1
177 1560 1
177 1612 1
177 1615 1
177 1620 1
177 1648 1
177 1651 1
177 1712 1
177 1737 1
177 1776 1
177 1825 1
177 1990 1
178 212 1
178 252 1
178 255 1
178 273 1
178 336 1
178 404 1
178 437 1
178 491 1
178 526 1
178 573 1
178 580 1
178 718 1
178 745 1
178 786 1
178 800 1
178 823 1
178 830 1
178 844 1
178 872 1
178 889 1
178 899 1
178 965 1
178 966 1
178 984 1
178 994 1
178 1026 1
178 1041 1
178 1060 1
178 1214 1
178 1272 1
178 1355 1
178 1362 1
178 1435 1
178 1469 1
178 1475 1
178 1479 1
178 1483 1
178 1491 1
178 1493 1
178 1544 1
178 1561 1
178 1571 1
178 1579 1
178 1684 1
178 1711 1
178 1836 1
178 1889 1
178 1941 1
178 1952 1
178 1985 1
178 1993 1
179 198 1
179 223 1
179 232 1
179 294 1
179 465 1
179 466 1
179 475 1
179 495 1
179 539 1
179 567 1
179 572 1
179 581 1
179 587 1
179 648 1
179 687 1
179 708 1
179 765 1
179 774 1
179 790 1
179 800 1
179 815 1
179 828 1
179 895 1
179 915 1
179 923 1
179 933 1
179 1007 1
179 1011 1
179 1058 1
179 1074 1
179 1110 1
179 1137 1
179 1176 1
179 1212 1
179 1235 1
179 1257 1
179 1259 1
179 1277 1
179 1317 1
179 1318 1
179 1361 1
179 1388 1
179 1477 1
179 1531 1
179 1635 1
179 1688 1
179 1718 1
179 1748 1
179 1751 1
179 1760 1
179 1767 1
179 1823 1
179 1848 1
179 1864 1
179 1877 1
179 1979 1
180 192 1
180 195 1
180 198 1
180 223 1
180 271 1
180 311 1
180 323 1
180 329 1
180 372 1
180 492 1
180 507 1
180 510 1
180 565 1
180 568 1
180 582 1
180 598 1
180 662 1
180 669 1
180 729 1
180 735 1
180 793 1
180 822 1
180 835 1
180 911 1
180 945 1
180 963 1
180 989 1
180 994 1
180 1017 1
180 1107 1
180 1114 1
180 1180 1
180 1320 1
180 1330 1
180 1334 1
180 1418 1
180 1422 1
180 1455 1
180 1506 1
180 1540 1
180 1544 1
180 1562 1
180 1616 1
180 1663 1
180 1698 1
180 1719 1
180 1720 1
180 1796 1
180 1797 1
180 1817 1
180 1863 1
180 1873 1
180 1886 1
180 1895 1
180 1950 1
181 206 1
181 238 1
181 305 1
181 311 1
181 376 1
181 399 1
181 474 1
181 535 1
181 551 1
181 555 1
181 593 1
181 633 1
181 634 1
181 638 1
181 647 1
181 790 1
181 811 1
181 822 1
181 926 1
181 935 1
181 962 1
181 1012 1
181 1069 1
181 1139 1
181 1184 1
181 1185 1
181 1190 1
181 1226 1
181 1235 1
181 1289 1
181 1351 1
181 1354 1
181 1419 1
181 1545 1
181 1579 1
181 1580 1
181 1719 1
181 1748 1
181 1794 1
181 1813 1
181 1817 1
181 1866 1
181 1888 1
181 1922 1
181 1952 1
181 1980 1
181 1981 1
182 186 1
182 203 1
182 311 1
182 354 1
182 418 1
182 495 1
182 496 1
182 536 1
182 546 1
182 599 1
182 642 1
182 651 1
182 689 1
182 698 1
182 764 1
182 781 1
182 790 1
182 853 1
182 870 1
182 872 1
182 891 1
182 1026 1
182 1058 1
182 1108 1
182 1119 1
182 1129 1
182 1131 1
182 1145 1
182 1162 1
182 1208 1
182 1276 1
182 1432 1
182 1453 1
182 1624 1
182 1716 1
182 1730 1
182 1731 1
182 1738 1
182 1916 1
182 1956 1
183 259 1
183 302 1
183 340 1
183 345 1
183 374 1
183 435 1
183 446 1
183 496 1
183 541 1
183 551 1
183 653 1
183 737 1
183 747 1
183 788 1
183 932 1
183 992 1
183 1077 1
183 1109 1
183 1134 1
183 1147 1
183 1168 1
183 1256 1
183 1267 1
183 1449 1
183 1511 1
183 1526 1
183 1552 1
183 1618 1
183 1749 1
183 1830 1
183 1867 1
183 1905 1
183 1919 1
183 1940 1
183 1951 1
183 1991 1
184 199 1
184 269 1
184 296 1
184 348 1
184 365 1
184 393 1
184 504 1
184 521 1
184 544 1
184 600 1
184 666 1
184 680 1
184 701 1
184 710 1
184 763 1
184 794 1
184 832 1
184 840 1
184 846 1
184 898 1
184 975 1
184 1004 1
184 1017 1
184 1036 1
184 1047 1
184 1074 1
184 1090 1
184 1099 1
184 1163 1
184 1164 1
184 1180 1
184 1211 1
184 1318 1
184 1337 1
184 1348 1
184 1375 1
184 1378 1
184 1396 1
184 1475 1
184 1511 1
184 1529 1
184 1618 1
184 1619 1
184 1622 1
184 1645 1
184 1680 1
184 1687 1
184 1763 1
184 1769 1
184 1812 1
184 1866 1
184 1875 1
184 1890 1
184 1907 1
185 253 1
185 354 1
185 365 1
185 443 1
185 507 1
185 526 1
185 625 1
185 627 1
185 651 1
185 700 1
185 731 1
185 767 1
185 772 1
185 776 1
185 805 1
185 839 1
185 843 1
185 877 1
185 878 1
185 890 1
185 903 1
185 960 1
185 967 1
185 1023 1
185 1117 1
185 1118 1
185 1126 1
185 1151 1
185 1169 1
185 1239 1
185 1256 1
185 1310 1
185 1312 1
185 1350 1
185 1357 1
185 1416 1
185 1430 1
185 1462 1
185 1553 1
185 1571 1
185 1587 1
185 1615 1
185 1626 1
185 1784 1
185 1820 1
185 1822 1
185 1835 1
185 1839 1
185 1886 1
186 215 1
186 218 1
186 246 1
186 255 1
186 262 1
186 308 1
186 322 1
186 356 1
186 412 1
186 428 1
186 451 1
186 464 1
186 475 1
186 539 1
186 543 1
186 575 1
186 596 1
186 606 1
186 609 1
186 657 1
186 663 1
186 702 1
186 705 1
186 728 1
186 729 1
186 752 1
186 786 1
186 897 1
186 918 1
186 950 1
186 999 1
186 1007 1
186 1070 1
186 1083 1
186 1115 1
186 1145 1
186 1167 1
186 1226 1
186 1252 1
186 1268 1
186 1363 1
186 1417 1
186 1467 1
186 1471 1
186 1510 1
186 1517 1
186 1564 1
186 1584 1
186 1603 1
186 1661 1
186 1732 1
186 1748 1
186 1918 1
186 1931 1
186 1952 1
186 1954 1
187 211 1
187 268 1
187 285 1
187 290 1
187 317 1
187 328 1
187 329 1
187 412 1
187 483 1
187 546 1
187 690 1
187 924 1
187 949 1
187 961 1
187 986 1
187 1101 1
187 1112 1
187 1140 1
187 1161 1
187 1202 1
187 1221 1
187 1250 1
187 1338 1
187 1354 1
187 1369 1
187 1453 1
187 1498 1
187 1571 1
187 1632 1
187 1647 1
187 1655 1
187 1704 1
187 1758 1
187 1771 1
187 1777 1
187 1797 1
187 1903 1
187 1956 1
187 1981 1
187 1997 1
188 190 1
188 201 1
188 247 1
188 280 1
188 364 1
188 452 1
188 478 1
188 502 1
188 542 1
188 594 1
188 606 1
188 643 1
188 797 1
188 806 1
188 811 1
188 862 1
188 877 1
188 903 1
188 960 1
188 961 1
188 971 1
188 986 1
188 1003 1
188 1066 1
188 1070 1
188 1074 1
188 1080 1
188 1125 1
188 1231 1
188 1241 1
188 1264 1
188 1272 1
188 1294 1
188 1318 1
188 1325 1
188 1359 1
188 1448 1
188 1507 1
188 1513 1
188 1540 1
188 1545 1
188 1612 1
188 1625 1
188 1672 1
188 1681 1
188 1689 1
188 1749 1
188 1785 1
188 1865 1
188 1914 1
188 1986 1
189 211 1
189 337 1
189 396 1
189 412 1
189 463 1
189 464 1
189 471 1
189 481 1
189 494 1
189 537 1
189 572 1
189 582 1
189 604 1
189 628 1
189 641 1
189 670 1
189 706 1
189 717 1
189 733 1
189 802 1
189 846 1
189 874 1
189 945 1
189 957 1
189 966 1
189 1011 1
189 1017 1
189 1042 1
189 1229 1
189 1254 1
189 1286 1
189 1303 1
189 1328 1
189 1341 1
189 1343 1
189 1351 1
189 1418 1
189 1530 1
189 1570 1
189 1596 1
189 1597 1
189 1659 1
189 1693 1
189 1723 1
189 1725 1
189 1815 1
189 1835 1
189 1853 1
189 1854 1
189 1947 1
190 214 1
190 227 1
190 271 1
190 295 1
190 303 1
190 307 1
190 346 1
190 347 1
190 413 1
190 447 1
190 475 1
190 504 1
190 544 1
190 636 1
190 695 1
190 740 1
190 750 1
190 767 1
190 813 1
190 983 1
190 998 1
190 1006 1
190 1040 1
190 1047 1
190 1068 1
190 1251 1
190 1254 1
190 1292 1
190 1321 1
190 1404 1
190 1474 1
190 1476 1
190 1504 1
190 1513 1
190 1515 1
190 1526 1
190 1528 1
190 1558 1
190 1560 1
190 1561 1
190 1644 1
190 1646 1
190 1688 1
190 1734 1
190 1805 1
190 1864 1
190 1918 1
190 1923 1
190 1926 1
190 1964 1
190 1972 1
190 1973 1
191 242 1
191 298 1
191 407 1
191 466 1
191 526 1
191 539 1
191 554 1
191 570 1
191 584 1
191 595 1
191 659 1
191 670 1
191 696 1
191 707 1
191 747 1
191 812 1
191 829 1
191 861 1
191 867 1
191 881 1
191 972 1
191 1009 1
191 1045 1
191 1046 1
191 1082 1
191 1112 1
191 1119 1
191 1187 1
191 1218 1
191 1250 1
191 1265 1
191 1335 1
191 1397 1
191 1420 1
191 1422 1
191 1441 1
191 1459 1
191 1492 1
191 1508 1
191 1542 1
191 1556 1
191 1596 1
191 1644 1
191 1675 1
191 1718 1
191 1738 1
191 1753 1
191 1781 1
191 1807 1
191 1825 1
191 1860 1
191 1863 1
191 1880 1
191 1887 1
191 1902 1
191 1931 1
191 1982 1
192 294 1
192 295 1
192 314 1
192 370 1
192 406 1
192 458 1
192 464 1
192 532 1
192 571 1
192 590 1
192 597 1
192 631 1
192 657 1
192 784 1
192 827 1
192 880 1
192 913 1
192 929 1
192 932 1
192 940 1
192 944 1
192 946 1
192 960 1
192 994 1
192 998 1
192 1027 1
192 1076 1
192 1088 1
192 1154 1
192 1155 1
192 1169 1
192 1226 1
192 1250 1
192 1287 1
192 1289 1
192 1299 1
192 1303 1
192 1332 1
192 1385 1
192 1409 1
192 1439 1
192 1585 1
192 1632 1
192 1729 1
192 1777 1
192 1793 1
192 1818 1
192 1844 1
192 1894 1
192 1930 1
192 1945 1
192 1971 1
192 1981 1
193 204 1
193 230 1
193 238 1
193 335 1
193 385 1
193 557 1
193 560 1
193 577 1
193 585 1
193 587 1
193 644 1
193 757 1
193 761 1
193 766 1
193 785 1
193 829 1
193 919 1
193 933 1
193 938 1
193 971 1
193 1005 1
193 1095 1
193 1118 1
193 1124 1
193 1198 1
193 1238 1
193 1273 1
193 1275 1
193 1361 1
193 1375 1
193 1385 1
193 1417 1
193 1422 1
193 1423 1
193 1466 1
193 1480 1
193 1491 1
193 1708 1
193 1916 1
194 227 1
194 326 1
194 345 1
194 373 1
194 376 1
194 396 1
194 416 1
194 437 1
194 532 1
194 545 1
194 666 1
194 684 1
194 732 1
194 739 1
194 763 1
194 798 1
194 805 1
194 919 1
194 932 1
194 951 1
194 985 1
194 1011 1
194 1022 1
194 1086 1
194 1103 1
194 1133 1
194 1138 1
194 1150 1
194 1188 1
194 1211 1
194 1247 1
194 1252 1
194 1293 1
194 1306 1
194 1358 1
194 1534 1
194 1652 1
194 1681 1
194 1696 1
194 1711 1
194 1737 1
194 1756 1
194 1971 1
195 256 1
195 292 1
195 452 1
195 473 1
195 532 1
195 558 1
195 577 1
195 594 1
195 608 1
195 658 1
195 691 1
195 715 1
195 750 1
195 778 1
195 882 1
195 1020 1
195 1055 1
195 1109 1
195 1129 1
195 1172 1
195 1203 1
195 1260 1
195 1312 1
195 1392 1
195 1447 1
195 1487 1
195 1580 1
195 1597 1
195 1636 1
195 1641 1
195 1661 1
195 1828 1
195 1851 1
195 1908 1
195 1923 1
195 1969 1
195 1989 1
195 1993 1
195 1997 1
195 2000 1
196 206 1
196 262 1
196 284 1
196 312 1
196 355 1
196 403 1
196 425 1
196 432 1
196 457 1
196 481 1
196 542 1
196 651 1
196 686 1
196 697 1
196 703 1
196 734 1
196 741 1
196 754 1
196 792 1
196 798 1
196 805 1
196 871 1
196 901 1
196 985 1
196 1022 1
196 1033 1
196 1053 1
196 1090 1
196 1098 1
196 1101 1
196 1303 1
196 1319 1
196 1326 1
196 1371 1
196 1377 1
196 1383 1
196 1400 1
196 1418 1
196 1490 1
196 1542 1
196 1562 1
196 1649 1
196 1653 1
196 1660 1
196 1726 1
196 1728 1
196 1773 1
196 1795 1
196 1818 1
196 1844 1
196 1890 1
196 1892 1
196 1934 1
196 1993 1
197 211 1
197 272 1
197 487 1
197 584 1
197 633 1
197 652 1
197 696 1
197 699 1
197 760 1
197 804 1
197 815 1
197 860 1
197 871 1
197 891 1
197 941 1
197 1002 1
197 1029 1
197 1070 1
197 1079 1
197 1160 1
197 1232 1
197 1258 1
197 1263 1
197 1335 1
197 1343 1
197 1353 1
197 1390 1
197 1391 1
197 1423 1
197 1497 1
197 1545 1
197 1561 1
197 1562 1
197 1608 1
197 1618 1
197 1689 1
197 1694 1
197 1706 1
197 1743 1
197 1801 1
197 1832 1
197 1840 1
197 1842 1
197 1867 1
197 1943 1
197 1956 1
197 1972 1
198 221 1
198 224 1
198 276 1
198 353 1
198 385 1
198 439 1
198 477 1
198 478 1
198 484 1
198 495 1
198 507 1
198 527 1
198 545 1
198 581 1
198 609 1
198 620 1
198 690 1
198 703 1
198 722 1
198 746 1
198 767 1
198 790 1
198 801 1
198 878 1
198 928 1
198 967 1
198 1007 1
198 1035 1
198 1075 1
198 1112 1
198 1193 1
198 1199 1
198 1204 1
198 1218 1
198 1263 1
198 1279 1
198 1295 1
198 1305 1
198 1374 1
198 1428 1
198 1441 1
198 1459 1
198 1499 1
198 1534 1
198 1664 1
198 1682 1
198 1699 1
198 1709 1
198 1713 1
198 1777 1
198 1794 1
198 1803 1
198 1831 1
198 1865 1
199 226 1
199 229 1
199 263 1
199 289 1
199 391 1
199 394 1
199 397 1
199 516 1
199 606 1
199 701 1
199 759 1
199 777 1
199 779 1
199 857 1
199 883 1
199 888 1
199 941 1
199 989 1
199 1020 1
199 1040 1
199 1042 1
199 1054 1
199 1058 1
199 1082 1
199 1095 1
199 1105 1
199 1186 1
199 1193 1
199 1348 1
199 1350 1
199 1352 1
199 1356 1
199 1372 1
199 1400 1
199 1410 1
199 1453 1
199 1470 1
199 1476 1
199 1525 1
199 1536 1
199 1586 1
199 1626 1
199 1632 1
199 1663 1
199 1667 1
199 1675 1
199 1683 1
199 1762 1
199 1773 1
199 1832 1
199 1875 1
199 1883 1
199 1888 1
199 1920 1
199 1941 1
199 1956 1
199 1981 1
200 288 1
200 418 1
200 444 1
200 509 1
200 540 1
200 557 1
200 591 1
200 601 1
200 654 1
200 683 1
200 717 1
200 811 1
200 827 1
200 855 1
200 865 1
200 872 1
200 930 1
200 1010 1
200 1067 1
200 1069 1
200 1143 1
200 1229 1
200 1265 1
200 1290 1
200 1304 1
200 1372 1
200 1395 1
200 1422 1
200 1460 1
200 1469 1
200 1480 1
200 1617 1
200 1660 1
200 1671 1
200 1702 1
200 1703 1
200 1802 1
200 1805 1
200 1856 1
200 1913 1
200 1984 1
201 213 1
201 256 1
201 296 1
201 304 1
201 309 1
201 322 1
201 346 1
201 376 1
201 412 1
201 442 1
201 468 1
201 479 1
201 555 1
201 647 1
201 676 1
201 679 1
201 709 1
201 718 1
201 812 1
201 817 1
201 824 1
201 828 1
201 843 1
201 855 1
201 924 1
201 971 1
201 974 1
201 1008 1
201 1066 1
201 1089 1
201 1241 1
201 1430 1
201 1436 1
201 1487 1
201 1495 1
201 1521 1
201 1557 1
201 1577 1
201 1595 1
201 1608 1
201 1675 1
201 1693 1
201 1704 1
201 1835 1
201 1902 1
201 1958 1
201 1963 1
201 1965 1
201 1992 1
202 225 1
202 263 1
202 314 1
202 394 1
202 423 1
202 478 1
202 525 1
202 560 1
202 569 1
202 574 1
202 609 1
202 619 1
202 645 1
202 675 1
202 691 1
202 751 1
202 777 1
202 789 1
202 831 1
202 849 1
202 865 1
202 895 1
202 951 1
202 963 1
202 1013 1
202 1168 1
202 1205 1
202 1207 1
202 1209 1
202 1269 1
202 1301 1
202 1361 1
202 1382 1
202 1414 1
202 1463 1
202 1472 1
202 1481 1
202 1496 1
202 1520 1
202 1526 1
202 1553 1
202 1601 1
202 1708 1
202 1760 1
202 1832 1
202 1874 1
202 1909 1
202 1955 1
203 264 1
203 313 1
203 334 1
203 444 1
203 538 1
203 544 1
203 551 1
203 580 1
203 618 1
203 666 1
203 679 1
203 681 1
203 707 1
203 780 1
203 795 1
203 821 1
203 851 1
203 863 1
203 895 1
203 916 1
203 956 1
203 1043 1
203 1072 1
203 1080 1
203 1114 1
203 1125 1
203 1179 1
203 1186 1
203 1241 1
203 1313 1
203 1349 1
203 1376 1
203 1389 1
203 1405 1
203 1505 1
203 1527 1
203 1570 1
203 1622 1
203 1624 1
203 1632 1
203 1668 1
203 1670 1
203 1676 1
203 1775 1
203 1825 1
203 1829 1
203 1963 1
204 271 1
204 473 1
204 478 1
204 513 1
204 516 1
204 518 1
204 542 1
204 556 1
204 608 1
204 618 1
204 645 1
204 647 1
204 794 1
204 822 1
204 832 1
204 903 1
204 1091 1
204 1117 1
204 1136 1
204 1192 1
204 1237 1
204 1261 1
204 1265 1
204 1268 1
204 1272 1
204 1282 1
204 1285 1
204 1295 1
204 1321 1
204 1332 1
204 1333 1
204 1368 1
204 1399 1
204 1456 1
204 1533 1
204 1621 1
204 1659 1
204 1693 1
204 1730 1
204 1770 1
204 1898 1
204 1899 1
204 1907 1
204 1910 1
204 1926 1
204 1958 1
204 1969 1
205 254 1
205 270 1
205 290 1
205 362 1
205 381 1
205 420 1
205 525 1
205 637 1
205 652 1
205 654 1
205 678 1
205 686 1
205 687 1
205 724 1
205 733 1
205 790 1
205 806 1
205 849 1
205 904 1
205 970 1
205 1015 1
205 1106 1
205 1110 1
205 1140 1
205 1197 1
205 1208 1
205 1209 1
205 1281 1
205 1305 1
205 1336 1
205 1346 1
205 1420 1
205 1441 1
205 1448 1
205 1477 1
205 1522 1
205 1573 1
205 1625 1
205 1690 1
205 1775 1
205 1787 1
205 1791 1
205 1799 1
205 1812 1
206 251 1
206 338 1
206 369 1
206 425 1
206 433 1
206 443 1
206 461 1
206 563 1
206 608 1
206 953 1
206 979 1
206 985 1
206 986 1
206 988 1
206 1032 1
206 1117 1
206 1279 1
206 1456 1
206 1487 1
206 1521 1
206 1525 1
206 1686 1
206 1763 1
206 1789 1
206 1924 1
206 1942 1
206 1970 1
207 241 1
207 359 1
207 406 1
207 408 1
207 470 1
207 590 1
207 605 1
207 614 1
207 788 1
207 804 1
207 856 1
207 927 1
207 933 1
207 934 1
207 957 1
207 987 1
207 1001 1
207 1057 1
207 1081 1
207 1124 1
207 1142 1
207 1151 1
207 1163 1
207 1250 1
207 1259 1
207 1263 1
207 1265 1
207 1281 1
207 1303 1
207 1308 1
207 1310 1
207 1352 1
207 1358 1
207 1364 1
207 1369 1
207 1382 1
207 1425 1
207 1536 1
207 1539 1
207 1551 1
207 1569 1
207 1611 1
207 1754 1
207 1789 1
207 1814 1
207 1827 1
207 1916 1
207 1931 1
207 1934 1
207 1952 1
208 277 1
208 311 1
208 312 1
208 362 1
208 365 1
208 369 1
208 448 1
208 506 1
208 513 1
208 615 1
208 683 1
208 692 1
208 694 1
208 753 1
208 788 1
208 805 1
208 841 1
208 896 1
208 932 1
208 971 1
208 1004 1
208 1007 1
208 1033 1
208 1077 1
208 1079 1
208 1142 1
208 1147 1
208 1161 1
208 1249 1
208 1437 1
208 1477 1
208 1491 1
208 1516 1
208 1524 1
208 1541 1
208 1577 1
208 1588 1
208 1600 1
208 1639 1
208 1687 1
208 1703 1
208 1734 1
208 1799 1
208 1831 1
208 1872 1
208 1965 1
209 284 1
209 316 1
209 328 1
209 367 1
209 418 1
209 471 1
209 476 1
209 485 1
209 574 1
209 602 1
209 607 1
209 642 1
209 645 1
209 666 1
209 687 1
209 740 1
209 777 1
209 820 1
209 876 1
209 927 1
209 962 1
209 964 1
209 991 1
209 1040 1
209 1078 1
209 1080 1
209 1107 1
209 1151 1
209 1243 1
209 1274 1
209 1283 1
209 1362 1
209 1436 1
209 1678 1
209 1707 1
209 1743 1
209 1752 1
209 1789 1
209 1797 1
209 1816 1
209 1827 1
209 1850 1
209 1876 1
209 1899 1
210 211 1
210 249 1
210 270 1
210 355 1
210 388 1
210 400 1
210 439 1
210 491 1
210 512 1
210 556 1
210 590 1
210 667 1
210 709 1
210 729 1
210 757 1
210 758 1
210 833 1
210 887 1
210 895 1
210 940 1
210 944 1
210 964 1
210 1023 1
210 1076 1
210 1121 1
210 1158 1
210 1162 1
210 1174 1
210 1263 1
210 1354 1
210 1373 1
210 1377 1
210 1384 1
210 1396 1
210 1402 1
210 1422 1
210 1506 1
210 1576 1
210 1582 1
210 1587 1
210 1607 1
210 1627 1
210 1636 1
210 1691 1
210 1704 1
210 1731 1
210 1759 1
210 1761 1
210 1797 1
210 1835 1
210 1911 1
210 1982 1
211 232 1
211 275 1
211 307 1
211 328 1
211 333 1
211 368 1
211 388 1
211 426 1
211 429 1
211 440 1
211 517 1
211 527 1
211 543 1
211 575 1
211 584 1
211 644 1
211 652 1
211 661 1
211 675 1
211 754 1
211 814 1
211 848 1
211 865 1
211 905 1
211 920 1
211 924 1
211 1000 1
211 1040 1
211 1045 1
211 1064 1
211 1087 1
211 1099 1
211 1150 1
211 1240 1
211 1275 1
211 1303 1
211 1311 1
211 1341 1
211 1359 1
211 1391 1
211 1444 1
211 1471 1
211 1484 1
211 1547 1
211 1548 1
211 1699 1
211 1720 1
211 1799 1
211 1804 1
211 1853 1
211 1900 1
211 1952 1
211 1980 1
212 236 1
212 305 1
212 321 1
212 379 1
212 397 1
212 411 1
212 451 1
212 460 1
212 467 1
212 500 1
212 501 1
212 524 1
212 557 1
212 569 1
212 584 1
212 616 1
212 768 1
212 867 1
212 940 1
212 1007 1
212 1022 1
212 1096 1
212 1123 1
212 1136 1
212 1143 1
212 1176 1
212 1208 1
212 1209 1
212 1281 1
212 1285 1
212 1289 1
212 1549 1
212 1580 1
212 1653 1
212 1662 1
212 1683 1
212 1689 1
212 1731 1
212 1807 1
212 1820 1
212 1844 1
212 1845 1
212 1877 1
212 1993 1
213 369 1
213 399 1
213 417 1
213 458 1
213 462 1
213 511 1
213 516 1
213 601 1
213 700 1
213 710 1
213 746 1
213 933 1
213 934 1
213 963 1
213 984 1
213 991 1
213 1008 1
213 1035 1
213 1037 1
213 1047 1
213 1068 1
213 1099 1
213 1182 1
213 1204 1
213 1214 1
213 1249 1
213 1334 1
213 1336 1
213 1347 1
213 1354 1
213 1395 1
213 1590 1
213 1607 1
213 1611 1
213 1620 1
213 1700 1
213 1777 1
213 1787 1
213 1795 1
213 1802 1
213 1856 1
213 1887 1
213 1901 1
213 1930 1
213 1948 1
213 1950 1
214 242 1
214 270 1
214 277 1
214 316 1
214 344 1
214 412 1
214 471 1
214 480 1
214 482 1
214 531 1
214 541 1
214 597 1
214 649 1
214 656 1
214 696 1
214 724 1
214 737 1
214 874 1
214 940 1
214 972 1
214 1051 1
214 1057 1
214 1059 1
214 1104 1
214 1181 1
214 1206 1
214 1249 1
214 1324 1
214 1354 1
214 1397 1
214 1408 1
214 1483 1
214 1527 1
214 1568 1
214 1575 1
214 1583 1
214 1599 1
214 1873 1
214 1880 1
214 1924 1
214 1949 1
215 258 1
215 282 1
215 301 1
215 328 1
215 331 1
215 429 1
215 475 1
215 529 1
215 575 1
215 705 1
215 712 1
215 714 1
215 718 1
215 738 1
215 822 1
215 1014 1
215 1041 1
215 1050 1
215 1055 1
215 1090 1
215 1148 1
215 1163 1
215 1171 1
215 1271 1
215 1319 1
215 1338 1
215 1339 1
215 1426 1
215 1429 1
215 1442 1
215 1470 1
215 1495 1
215 1526 1
215 1527 1
215 1569 1
215 1618 1
215 1626 1
215 1740 1
215 1806 1
215 1856 1
215 1905 1
215 1917 1
215 1951 1
216 232 1
216 281 1
216 337 1
216 371 1
216 402 1
216 406 1
216 411 1
216 446 1
216 489 1
216 548 1
216 591 1
216 639 1
216 657 1
216 707 1
216 717 1
216 728 1
216 747 1
216 752 1
216 764 1
216 798 1
216 829 1
216 863 1
216 927 1
216 991 1
216 1029 1
216 1125 1
216 1137 1
216 1149 1
216 1246 1
216 1320 1
216 1459 1
216 1499 1
216 1546 1
216 1561 1
216 1658 1
216 1732 1
216 1751 1
216 1769 1
216 1832 1
216 1847 1
216 1870 1
216 1891 1
216 1901 1
216 1919 1
217 222 1
217 366 1
217 444 1
217 477 1
217 534 1
217 648 1
217 660 1
217 676 1
217 742 1
217 770 1
217 835 1
217 887 1
217 896 1
217 912 1
217 958 1
217 968 1
217 1040 1
217 1050 1
217 1076 1
217 1078 1
217 1094 1
217 1134 1
217 1145 1
217 1213 1
217 1227 1
217 1249 1
217 1486 1
217 1496 1
217 1516 1
217 1585 1
217 1638 1
217 1687 1
217 1710 1
217 1804 1
217 1812 1
217 1873 1
217 1902 1
217 1930 1
217 1946 1
217 1991 1
218 326 1
218 365 1
218 373 1
218 447 1
218 475 1
218 518 1
218 575 1
218 653 1
218 695 1
218 785 1
218 788 1
218 806 1
218 819 1
218 834 1
218 879 1
218 933 1
218 954 1
218 981 1
218 1035 1
218 1065 1
218 1067 1
218 1176 1
218 1265 1
218 1332 1
218 1491 1
218 1542 1
218 1544 1
218 1567 1
218 1570 1
218 1594 1
218 1620 1
218 1624 1
218 1723 1
218 1827 1
218 1860 1
218 1871 1
218 1897 1
218 1940 1
218 1941 1
218 1954 1
218 1977 1
219 272 1
219 362 1
219 512 1
219 551 1
219 581 1
219 598 1
219 647 1
219 682 1
219 689 1
219 729 1
219 751 1
219 779 1
219 801 1
219 803 1
219 805 1
219 834 1
219 848 1
219 852 1
219 854 1
219 886 1
219 930 1
219 962 1
219 1087 1
219 1092 1
219 1155 1
219 1158 1
219 1180 1
219 1206 1
219 1247 1
219 1292 1
219 1314 1
219 1336 1
219 1338 1
219 1489 1
219 1552 1
219 1661 1
219 1705 1
219 1708 1
219 1736 1
219 1759 1
219 1761 1
219 1785 1
219 1787 1
219 1837 1
219 1951 1
219 1972 1
219 1977 1
220 231 1
220 353 1
220 372 1
220 385 1
220 400 1
220 423 1
220 450 1
220 481 1
220 491 1
220 536 1
220 577 1
220 590 1
220 599 1
220 616 1
220 656 1
220 659 1
220 677 1
220 687 1
220 702 1
220 712 1
220 728 1
220 746 1
220 789 1
220 865 1
220 867 1
220 886 1
220 909 1
220 916 1
220 929 1
220 951 1
220 968 1
220 971 1
220 1075 1
220 1161 1
220 1184 1
220 1189 1
220 1252 1
220 1256 1
220 1293 1
220 1309 1
220 1434 1
220 1512 1
220 1706 1
220 1713 1
220 1746 1
220 1766 1
220 1840 1
221 342 1
221 358 1
221 448 1
221 511 1
221 525 1
221 579 1
221 586 1
221 615 1
221 639 1
221 663 1
221 752 1
221 777 1
221 792 1
221 815 1
221 832 1
221 889 1
221 1023 1
221 1049 1
221 1143 1
221 1181 1
221 1192 1
221 1198 1
221 1199 1
221 1245 1
221 1277 1
221 1289 1
221 1303 1
221 1341 1
221 1472 1
221 1478 1
221 1636 1
221 1674 1
221 1696 1
221 1755 1
221 1915 1
221 1918 1
221 1962 1
221 1968 1
222 241 1
222 249 1
222 271 1
222 289 1
222 295 1
222 302 1
222 319 1
222 347 1
222 454 1
222 455 1
222 562 1
222 630 1
222 654 1
222 668 1
222 687 1
222 712 1
222 714 1
222 863 1
222 957 1
222 976 1
222 1035 1
222 1218 1
222 1246 1
222 1376 1
222 1380 1
222 1456 1
222 1470 1
222 1505 1
222 1571 1
222 1653 1
222 1664 1
222 1690 1
222 1712 1
222 1754 1
222 1826 1
222 1828 1
222 1916 1
222 1945 1
222 1978 1
223 244 1
223 247 1
223 268 1
223 295 1
223 380 1
223 396 1
223 397 1
223 597 1
223 634 1
223 640 1
223 672 1
223 707 1
223 728 1
223 798 1
223 846 1
223 875 1
223 893 1
223 923 1
223 990 1
223 1098 1
223 1167 1
223 1179 1
223 1205 1
223 1274 1
223 1305 1
223 1319 1
223 1416 1
223 1431 1
223 1451 1
223 1507 1
223 1610 1
223 1659 1
223 1672 1
223 1703 1
223 1705 1
223 1754 1
223 1914 1
223 1920 1
223 1966 1
223 1983 1
224 233 1
224 336 1
224 428 1
224 480 1
224 511 1
224 590 1
224 600 1
224 618 1
224 665 1
224 880 1
224 918 1
224 983 1
224 993 1
224 1021 1
224 1025 1
224 1071 1
224 1112 1
224 1138 1
224 1163 1
224 1183 1
224 1336 1
224 1340 1
224 1355 1
224 1468 1
224 1500 1
224 1532 1
224 1555 1
224 1596 1
224 1597 1
224 1603 1
224 1612 1
224 1667 1
224 1699 1
224 1705 1
224 1775 1
224 1776 1
224 1791 1
224 1801 1
224 1885 1
224 1905 1
224 1971 1
225 228 1
225 353 1
225 378 1
225 380 1
225 397 1
225 504 1
225 548 1
225 593 1
225 641 1
225 699 1
225 780 1
225 811 1
225 848 1
225 939 1
225 953 1
225 967 1
225 983 1
225 996 1
225 1056 1
225 1122 1
225 1145 1
225 1171 1
225 1207 1
225 1238 1
225 1244 1
225 1349 1
225 1383 1
225 1404 1
225 1537 1
225 1542 1
225 1550 1
225 1573 1
225 1625 1
225 1719 1
225 1734 1
225 1758 1
225 1766 1
225 1773 1
225 1824 1
225 1886 1
225 1974 1
225 1986 1
226 292 1
226 331 1
226 358 1
226 379 1
226 433 1
226 478 1
226 507 1
226 518 1
226 544 1
226 560 1
226 651 1
226 667 1
226 753 1
226 756 1
226 790 1
226 832 1
226 922 1
226 923 1
226 949 1
226 964 1
226 965 1
226 1066 1
226 1084 1
226 1129 1
226 1142 1
226 1187 1
226 1194 1
226 1275 1
226 1282 1
226 1298 1
226 1307 1
226 1342 1
226 1374 1
226 1485 1
226 1503 1
226 1532 1
226 1550 1
226 1553 1
226 1559 1
226 1572 1
226 1603 1
226 1612 1
226 1685 1
226 1809 1
226 1836 1
226 1924 1
226 1926 1
226 1981 1
227 288 1
227 289 1
227 348 1
227 362 1
227 412 1
227 529 1
227 546 1
227 558 1
227 566 1
227 652 1
227 657 1
227 701 1
227 738 1
227 819 1
227 875 1
227 887 1
227 942 1
227 1075 1
227 1230 1
227 1290 1
227 1295 1
227 1306 1
227 1403 1
227 1405 1
227 1416 1
227 1421 1
227 1431 1
227 1436 1
227 1521 1
227 1541 1
227 1646 1
227 1717 1
227 1803 1
227 1833 1
227 1851 1
227 1962 1
227 1997 1
228 232 1
228 274 1
228 316 1
228 344 1
228 371 1
228 389 1
228 409 1
228 431 1
228 436 1
228 560 1
228 583 1
228 617 1
228 635 1
228 641 1
228 645 1
228 652 1
228 684 1
228 744 1
228 865 1
228 900 1
228 1014 1
228 1075 1
228 1153 1
228 1226 1
228 1234 1
228 1241 1
228 1348 1
228 1393 1
228 1422 1
228 1443 1
228 1456 1
228 1519 1
228 1533 1
228 1651 1
228 1719 1
228 1728 1
228 1755 1
228 1757 1
228 1800 1
228 1807 1
228 1826 1
228 1914 1
228 1926 1
228 1945 1
228 1961 1
228 1973 1
229 339 1
229 350 1
229 457 1
229 496 1
229 714 1
229 721 1
229 778 1
229 860 1
229 971 1
229 1020 1
229 1148 1
229 1154 1
229 1215 1
229 1259 1
229 1263 1
229 1317 1
229 1336 1
229 1431 1
229 1452 1
229 1466 1
229 1473 1
229 1482 1
229 1517 1
229 1533 1
229 1614 1
229 1751 1
229 1756 1
229 1940 1
229 1941 1
229 1946 1
229 1988 1
229 1997 1
230 299 1
230 332 1
230 422 1
230 431 1
230 460 1
230 468 1
230 510 1
230 543 1
230 552 1
230 601 1
230 663 1
230 725 1
230 770 1
230 988 1
230 1004 1
230 1038 1
230 1044 1
230 1087 1
230 1176 1
230 1211 1
230 1231 1
230 1310 1
230 1315 1
230 1384 1
230 1393 1
230 1476 1
230 1560 1
230 1696 1
230 1737 1
230 1738 1
230 1907 1
230 1913 1
230 1931 1
230 1944 1
230 1962 1
230 1982 1
230 1986 1
231 298 1
231 400 1
231 404 1
231 553 1
231 634 1
231 686 1
231 754 1
231 764 1
231 792 1
231 806 1
231 826 1
231 918 1
231 925 1
231 953 1
231 956 1
231 1018 1
231 1030 1
231 1048 1
231 1062 1
231 1069 1
231 1080 1
231 1215 1
231 1222 1
231 1324 1
231 1406 1
231 1448 1
231 1477 1
231 1501 1
231 1571 1
231 1601 1
231 1622 1
231 1655 1
231 1657 1
231 1679 1
231 1680 1
231 1731 1
231 1759 1
231 1803 1
231 1812 1
231 1861 1
231 1887 1
231 1987 1
232 343 1
232 344 1
232 490 1
232 508 1
232 573 1
232 600 1
232 671 1
232 693 1
232 726 1
232 742 1
232 808 1
232 821 1
232 866 1
232 887 1
232 897 1
232 903 1
232 913 1
232 969 1
232 970 1
232 974 1
232 1018 1
232 1042 1
232 1071 1
232 1128 1
232 1133 1
232 1141 1
232 1240 1
232 1279 1
232 1323 1
232 1324 1
232 1463 1
232 1501 1
232 1508 1
232 1540 1
232 1566 1
232 1574 1
232 1597 1
232 1682 1
232 1686 1
232 1757 1
232 1768 1
232 1826 1
232 1858 1
232 1914 1
233 252 1
233 279 1
233 316 1
233 351 1
233 428 1
233 445 1
233 463 1
233 489 1
233 492 1
233 627 1
233 660 1
233 694 1
233 700 1
233 709 1
233 714 1
233 762 1
233 775 1
233 815 1
233 836 1
233 879 1
233 914 1
233 927 1
233 978 1
233 994 1
233 1057 1
233 1117 1
233 1157 1
233 1161 1
233 1179 1
233 1182 1
233 1207 1
233 1258 1
233 1267 1
233 1272 1
233 1279 1
233 1296 1
233 1386 1
233 1472 1
233 1503 1
233 1520 1
233 1606 1
233 1609 1
233 1659 1
233 1661 1
233 1668 1
233 1703 1
233 1763 1
233 1843 1
233 1874 1
233 1900 1
233 1972 1
234 329 1
234 418 1
234 485 1
234 510 1
234 628 1
234 721 1
234 747 1
234 792 1
234 806 1
234 812 1
234 861 1
234 913 1
234 924 1
234 937 1
234 1012 1
234 1025 1
234 1033 1
234 1067 1
234 1091 1
234 1138 1
234 1347 1
234 1362 1
234 1541 1
234 1547 1
234 1578 1
234 1605 1
234 1695 1
234 1735 1
234 1753 1
234 1787 1
234 1809 1
234 1827 1
234 1836 1
234 1870 1
234 1903 1
234 1988 1
235 293 1
235 349 1
235 430 1
235 460 1
235 508 1
235 651 1
235 745 1
235 778 1
235 788 1
235 813 1
235 837 1
235 893 1
235 927 1
235 1007 1
235 1014 1
235 1199 1
235 1285 1
235 1387 1
235 1441 1
235 1455 1
235 1534 1
235 1644 1
235 1651 1
235 1670 1
235 1741 1
235 1754 1
235 1783 1
235 1833 1
235 1916 1
235 1939 1
235 1988 1
236 243 1
236 263 1
236 279 1
236 431 1
236 492 1
236 495 1
236 556 1
236 700 1
236 762 1
236 808 1
236 809 1
236 847 1
236 879 1
236 885 1
236 922 1
236 928 1
236 946 1
236 954 1
236 973 1
236 992 1
236 1131 1
236 1197 1
236 1207 1
236 1216 1
236 1221 1
236 1306 1
236 1325 1
236 1379 1
236 1395 1
236 1442 1
236 1453 1
236 1465 1
236 1580 1
236 1584 1
236 1700 1
236 1774 1
236 1811 1
236 1837 1
236 1851 1
236 1863 1
236 1926 1
236 1940 1
236 1989 1
236 1991 1
237 361 1
237 491 1
237 497 1
237 554 1
237 637 1
237 669 1
237 792 1
237 848 1
237 898 1
237 978 1
237 1052 1
237 1146 1
237 1185 1
237 1199 1
237 1233 1
237 1239 1
237 1243 1
237 1257 1
237 1301 1
237 1320 1
237 1399 1
237 1509 1
237 1592 1
237 1615 1
237 1635 1
237 1642 1
237 1668 1
237 1696 1
237 1725 1
237 1761 1
237 1806 1
237 1819 1
237 1832 1
237 1838 1
237 1908 1
237 1948 1
237 1961 1
237 1977 1
237 1979 1
238 258 1
238 321 1
238 343 1
238 429 1
238 435 1
238 442 1
238 457 1
238 566 1
238 594 1
238 641 1
238 720 1
238 769 1
238 891 1
238 936 1
238 953 1
238 960 1
238 1066 1
238 1071 1
238 1080 1
238 1133 1
238 1166 1
238 1171 1
238 1273 1
238 1283 1
238 1308 1
238 1438 1
238 1489 1
238 1513 1
238 1533 1
238 1549 1
238 1584 1
238 1620 1
238 1649 1
238 1718 1
238 1756 1
238 1761 1
238 1888 1
238 1899 1
238 1937 1
239 296 1
239 304 1
239 314 1
239 397 1
239 414 1
239 474 1
239 649 1
239 807 1
239 837 1
239 852 1
239 1076 1
239 1158 1
239 1164 1
239 1194 1
239 1238 1
239 1244 1
239 1281 1
239 1313 1
239 1372 1
239 1374 1
239 1448 1
239 1553 1
239 1594 1
239 1618 1
239 1634 1
239 1668 1
239 1682 1
239 1688 1
239 1696 1
239 1710 1
239 1712 1
239 1794 1
239 1848 1
239 1899 1
239 1985 1
240 255 1
240 300 1
240 304 1
240 352 1
240 363 1
240 440 1
240 474 1
240 488 1
240 493 1
240 522 1
240 599 1
240 603 1
240 672 1
240 680 1
240 683 1
240 743 1
240 762 1
240 782 1
240 810 1
240 872 1
240 892 1
240 930 1
240 990 1
240 1045 1
240 1048 1
240 1078 1
240 1085 1
240 1098 1
240 1110 1
240 1120 1
240 1138 1
240 1163 1
240 1230 1
240 1285 1
240 1295 1
240 1355 1
240 1428 1
240 1464 1
240 1492 1
240 1510 1
240 1526 1
240 1557 1
240 1601 1
240 1619 1
240 1651 1
240 1801 1
240 1840 1
240 1845 1
240 1851 1
240 1852 1
240 1861 1
240 1865 1
240 1962 1
240 1970 1
241 263 1
241 321 1
241 339 1
241 387 1
241 389 1
241 432 1
241 434 1
241 440 1
241 488 1
241 504 1
241 512 1
241 568 1
241 598 1
241 646 1
241 684 1
241 721 1
241 739 1
241 766 1
241 786 1
241 821 1
241 841 1
241 846 1
241 957 1
241 966 1
241 990 1
241 1161 1
241 1198 1
241 1207 1
241 1225 1
241 1239 1
241 1275 1
241 1353 1
241 1356 1
241 1460 1
241 1463 1
241 1500 1
241 1514 1
241 1544 1
241 1558 1
241 1581 1
241 1619 1
241 1637 1
241 1652 1
241 1680 1
241 1721 1
241 1736 1
241 1758 1
241 1760 1
241 1780 1
241 1807 1
241 1956 1
241 1966 1
241 1976 1
241 1982 1
242 245 1
242 262 1
242 263 1
242 286 1
242 308 1
242 334 1
242 377 1
242 435 1
242 466 1
242 473 1
242 513 1
242 522 1
242 525 1
242 569 1
242 594 1
242 598 1
242 605 1
242 640 1
242 669 1
242 675 1
242 787 1
242 931 1
242 960 1
242 1027 1
242 1029 1
242 1108 1
242 1159 1
242 1177 1
242 1185 1
242 1192 1
242 1276 1
242 1292 1
242 1338 1
242 1370 1
242 1440 1
242 1472 1
242 1487 1
242 1516 1
242 1757 1
242 1764 1
242 1773 1
242 1865 1
242 1898 1
242 1903 1
242 1927 1
242 1959 1
243 283 1
243 285 1
243 288 1
243 296 1
243 300 1
243 304 1
243 308 1
243 330 1
243 342 1
243 355 1
243 379 1
243 420 1
243 463 1
243 467 1
243 483 1
243 494 1
243 506 1
243 572 1
243 635 1
243 681 1
243 756 1
243 818 1
243 855 1
243 916 1
243 1008 1
243 1063 1
243 1068 1
243 1108 1
243 1127 1
243 1134 1
243 1177 1
243 1260 1
243 1320 1
243 1326 1
243 1327 1
243 1447 1
243 1484 1
243 1504 1
243 1509 1
243 1526 1
243 1589 1
243 1636 1
243 1644 1
243 1701 1
243 1774 1
244 339 1
244 380 1
244 384 1
244 447 1
244 505 1
244 564 1
244 597 1
244 619 1
244 634 1
244 679 1
244 687 1
244 760 1
244 801 1
244 826 1
244 849 1
244 857 1
244 937 1
244 989 1
244 1013 1
244 1049 1
244 1106 1
244 1112 1
244 1135 1
244 1238 1
244 1285 1
244 1299 1
244 1300 1
244 1362 1
244 1365 1
244 1390 1
244 1422 1
244 1424 1
244 1448 1
244 1456 1
244 1631 1
244 1645 1
244 1685 1
244 1713 1
244 1755 1
244 1831 1
244 1836 1
244 1928 1
244 1951 1
245 256 1
245 258 1
245 282 1
245 288 1
245 325 1
245 436 1
245 455 1
245 456 1
245 537 1
245 550 1
245 590 1
245 798 1
245 825 1
245 905 1
245 913 1
245 1002 1
245 1009 1
245 1023 1
245 1041 1
245 1090 1
245 1173 1
245 1176 1
245 1206 1
245 1223 1
245 1226 1
245 1235 1
245 1306 1
245 1395 1
245 1400 1
245 1451 1
245 1475 1
245 1485 1
245 1596 1
245 1608 1
245 1682 1
245 1728 1
245 1791 1
245 1810 1
245 1827 1
245 1843 1
245 1908 1
245 1975 1
245 1978 1
246 301 1
246 322 1
246 412 1
246 489 1
246 542 1
246 560 1
246 604 1
246 620 1
246 649 1
246 827 1
246 859 1
246 865 1
246 868 1
246 881 1
246 889 1
246 906 1
246 1016 1
246 1035 1
246 1042 1
246 1207 1
246 1221 1
246 1232 1
246 1365 1
246 1509 1
246 1515 1
246 1576 1
246 1585 1
246 1590 1
246 1599 1
246 1620 1
246 1705 1
246 1804 1
246 1816 1
246 1881 1
246 1910 1
246 1927 1
246 1968 1
246 1992 1
247 251 1
247 351 1
247 540 1
247 543 1
247 577 1
247 587 1
247 643 1
247 646 1
247 649 1
247 760 1
247 830 1
247 866 1
247 892 1
247 926 1
247 947 1
247 981 1
247 982 1
247 1006 1
247 1037 1
247 1050 1
247 1052 1
247 1062 1
247 1085 1
247 1120 1
247 1153 1
247 1229 1
247 1321 1
247 1370 1
247 1399 1
247 1412 1
247 1430 1
247 1444 1
247 1466 1
247 1537 1
247 1582 1
247 1596 1
247 1601 1
247 1709 1
247 1755 1
247 1767 1
247 1850 1
247 1922 1
247 1969 1
247 1974 1
248 259 1
248 372 1
248 378 1
248 395 1
248 398 1
248 489 1
248 500 1
248 560 1
248 584 1
248 602 1
248 670 1
248 823 1
248 826 1
248 908 1
248 956 1
248 963 1
248 1016 1
248 1030 1
248 1076 1
248 1108 1
248 1132 1
248 1148 1
248 1191 1
248 1234 1
248 1243 1
248 1334 1
248 1355 1
248 1433 1
248 1455 1
248 1456 1
248 1522 1
248 1564 1
248 1606 1
248 1622 1
248 1718 1
248 1758 1
248 1848 1
248 1871 1
248 1887 1
248 1921 1
249 274 1
249 284 1
249 298 1
249 327 1
249 393 1
249 396 1
249 487 1
249 488 1
249 522 1
249 545 1
249 584 1
249 610 1
249 619 1
249 730 1
249 837 1
249 862 1
249 879 1
249 917 1
249 932 1
249 954 1
249 958 1
249 976 1
249 989 1
249 996 1
249 1004 1
249 1026 1
249 1106 1
249 1119 1
249 1148 1
249 1210 1
249 1246 1
249 1261 1
249 1268 1
249 1269 1
249 1319 1
249 1359 1
249 1392 1
249 1505 1
249 1521 1
249 1588 1
249 1636 1
249 1726 1
249 1795 1
249 1807 1
249 1862 1
249 1874 1
250 289 1
250 353 1
250 438 1
250 452 1
250 515 1
250 571 1
250 722 1
250 750 1
250 779 1
250 793 1
250 989 1
250 991 1
250 1066 1
250 1078 1
250 1089 1
250 1117 1
250 1174 1
250 1178 1
250 1212 1
250 1262 1
250 1268 1
250 1281 1
250 1290 1
250 1310 1
250 1314 1
250 1318 1
250 1319 1
250 1472 1
250 1499 1
250 1546 1
250 1594 1
250 1610 1
250 1632 1
250 1640 1
250 1700 1
250 1723 1
250 1771 1
250 1799 1
250 1889 1
250 1904 1
250 1911 1
250 1936 1
250 1940 1
250 1973 1
251 306 1
251 332 1
251 333 1
251 338 1
251 371 1
251 389 1
251 496 1
251 508 1
251 558 1
251 561 1
251 734 1
251 755 1
251 760 1
251 782 1
251 809 1
251 830 1
251 837 1
251 933 1
251 941 1
251 959 1
251 960 1
251 978 1
251 990 1
251 1081 1
251 1233 1
251 1247 1
251 1301 1
251 1345 1
251 1391 1
251 1413 1
251 1415 1
251 1427 1
251 1431 1
251 1441 1
251 1446 1
251 1516 1
251 1523 1
251 1542 1
251 1591 1
251 1592 1
251 1633 1
251 1669 1
251 1679 1
251 1749 1
251 1821 1
251 1829 1
251 1830 1
251 1843 1
251 1890 1
251 1921 1
251 1983 1
251 1993 1
252 284 1
252 321 1
252 371 1
252 409 1
252 413 1
252 430 1
252 470 1
252 522 1
252 539 1
252 621 1
252 624 1
252 667 1
252 702 1
252 742 1
252 752 1
252 758 1
252 793 1
252 869 1
252 909 1
252 935 1
252 941 1
252 989 1
252 1019 1
252 1140 1
252 1204 1
252 1275 1
252 1291 1
252 1469 1
252 1500 1
252 1509 1
252 1558 1
252 1572 1
252 1575 1
252 1625 1
252 1630 1
252 1722 1
252 1731 1
252 1788 1
252 1811 1
252 1839 1
252 1881 1
252 1972 1
252 2000 1
253 307 1
253 316 1
253 335 1
253 338 1
253 370 1
253 418 1
253 534 1
253 549 1
253 555 1
253 660 1
253 691 1
253 773 1
253 845 1
253 880 1
253 930 1
253 1166 1
253 1197 1
253 1208 1
253 1220 1
253 1236 1
253 1263 1
253 1371 1
253 1452 1
253 1469 1
253 1498 1
253 1521 1
253 1578 1
253 1594 1
253 1617 1
253 1709 1
253 1733 1
253 1792 1
253 1845 1
253 1897 1
253 1943 1
253 1944 1
253 1980 1
254 277 1
254 307 1
254 310 1
254 319 1
254 320 1
254 341 1
254 380 1
254 398 1
254 407 1
254 441 1
254 449 1
254 514 1
254 561 1
254 588 1
254 595 1
254 636 1
254 673 1
254 794 1
254 894 1
254 897 1
254 960 1
254 1001 1
254 1020 1
254 1024 1
254 1067 1
254 1093 1
254 1131 1
254 1162 1
254 1199 1
254 1209 1
254 1289 1
254 1308 1
254 1310 1
254 1392 1
254 1487 1
254 1542 1
254 1676 1
254 1678 1
254 1823 1
254 1832 1
254 1839 1
254 1852 1
254 1888 1
255 287 1
255 300 1
255 304 1
255 305 1
255 341 1
255 377 1
255 438 1
255 527 1
255 542 1
255 554 1
255 666 1
255 693 1
255 745 1
255 825 1
255 932 1
255 988 1
255 1111 1
255 1238 1
255 1299 1
255 1381 1
255 1418 1
255 1470 1
255 1487 1
255 1488 1
255 1503 1
255 1522 1
255 1545 1
255 1549 1
255 1553 1
255 1571 1
255 1577 1
255 1603 1
255 1619 1
255 1641 1
255 1790 1
255 1842 1
255 1881 1
255 1916 1
255 1946 1
255 1952 1
256 275 1
256 314 1
256 315 1
256 326 1
256 517 1
256 556 1
256 568 1
256 570 1
256 628 1
256 690 1
256 692 1
256 757 1
256 854 1
256 911 1
256 957 1
256 1015 1
256 1056 1
256 1130 1
256 1175 1
256 1197 1
256 1269 1
256 1371 1
256 1489 1
256 1492 1
256 1509 1
256 1533 1
256 1541 1
256 1588 1
256 1600 1
256 1619 1
256 1636 1
256 1679 1
256 1717 1
256 1725 1
256 1738 1
256 1783 1
256 1874 1
256 1954 1
256 1979 1
256 2000 1
257 284 1
257 314 1
257 360 1
257 367 1
257 392 1
257 427 1
257 496 1
257 519 1
257 550 1
257 569 1
257 598 1
257 735 1
257 766 1
257 769 1
257 844 1
257 846 1
257 861 1
257 926 1
257 1052 1
257 1054 1
257 1065 1
257 1077 1
257 1165 1
257 1177 1
257 1178 1
257 1184 1
257 1193 1
257 1209 1
257 1259 1
257 1292 1
257 1302 1
257 1315 1
257 1486 1
257 1513 1
257 1522 1
257 1523 1
257 1528 1
257 1555 1
257 1581 1
257 1588 1
257 1592 1
257 1611 1
257 1717 1
257 1737 1
257 1739 1
257 1793 1
257 1797 1
257 1899 1
257 1916 1
257 1986 1
258 349 1
258 387 1
258 406 1
258 437 1
258 455 1
258 462 1
258 532 1
258 708 1
258 738 1
258 783 1
258 839 1
258 970 1
258 1007 1
258 1026 1
258 1112 1
258 1144 1
258 1207 1
258 1229 1
258 1266 1
258 1383 1
258 1406 1
258 1424 1
258 1439 1
258 1474 1
258 1613 1
258 1679 1
258 1691 1
258 1702 1
258 1745 1
258 1779 1
258 1795 1
258 1834 1
258 1996 1
259 303 1
259 325 1
259 414 1
259 445 1
259 466 1
259 502 1
259 517 1
259 657 1
259 673 1
259 714 1
259 731 1
259 800 1
259 804 1
259 987 1
259 996 1
259 998 1
259 1064 1
259 1097 1
259 1123 1
259 1158 1
259 1192 1
259 1225 1
259 1234 1
259 1316 1
259 1392 1
259 1430 1
259 1443 1
259 1517 1
259 1723 1
259 1733 1
259 1788 1
259 1840 1
259 1912 1
260 261 1
260 272 1
260 281 1
260 364 1
260 372 1
260 374 1
260 460 1
260 479 1
260 505 1
260 575 1
260 584 1
260 609 1
260 622 1
260 684 1
260 731 1
260 791 1
260 807 1
260 886 1
260 970 1
260 982 1
260 992 1
260 1014 1
260 1040 1
260 1058 1
260 1101 1
260 1115 1
260 1116 1
260 1120 1
260 1133 1
260 1223 1
260 1255 1
260 1257 1
260 1278 1
260 1280 1
260 1341 1
260 1343 1
260 1406 1
260 1438 1
260 1458 1
260 1612 1
260 1657 1
260 1690 1
260 1708 1
260 1718 1
260 1727 1
260 1881 1
260 1935 1
260 1963 1
261 275 1
261 322 1
261 324 1
261 377 1
261 385 1
261 407 1
261 445 1
261 459 1
261 462 1
261 485 1
261 525 1
261 606 1
261 677 1
261 828 1
261 867 1
261 925 1
261 949 1
261 970 1
261 972 1
261 1010 1
261 1087 1
261 1139 1
261 1195 1
261 1196 1
261 1227 1
261 1231 1
261 1251 1
261 1326 1
261 1368 1
261 1369 1
261 1389 1
261 1393 1
261 1472 1
261 1548 1
261 1549 1
261 1590 1
261 1668 1
261 1700 1
261 1713 1
261 1793 1
261 1871 1
261 1946 1
262 311 1
262 344 1
262 391 1
262 510 1
262 514 1
262 590 1
262 606 1
262 698 1
262 701 1
262 788 1
262 801 1
262 820 1
262 855 1
262 888 1
262 936 1
262 957 1
262 966 1
262 991 1
262 995 1
262 1083 1
262 1142 1
262 1148 1
262 1160 1
262 1197 1
262 1198 1
262 1270 1
262 1288 1
262 1299 1
262 1337 1
262 1367 1
262 1412 1
262 1489 1
262 1500 1
262 1507 1
262 1605 1
262 1659 1
262 1665 1
262 1675 1
262 1682 1
262 1778 1
262 1806 1
262 1816 1
262 1819 1
262 1876 1
262 1877 1
262 1930 1
263 268 1
263 276 1
263 330 1
263 336 1
263 374 1
263 387 1
263 411 1
263 517 1
263 531 1
263 541 1
263 543 1
263 546 1
263 560 1
263 626 1
263 637 1
263 677 1
263 694 1
263 733 1
263 835 1
263 873 1
263 896 1
263 956 1
263 1040 1
263 1075 1
263 1086 1
263 1109 1
263 1123 1
263 1139 1
263 1155 1
263 1192 1
263 1256 1
263 1258 1
263 1265 1
263 1315 1
263 1324 1
263 1388 1
263 1444 1
263 1459 1
263 1466 1
263 1473 1
263 1519 1
263 1523 1
263 1549 1
263 1643 1
263 1656 1
263 1750 1
263 1751 1
263 1765 1
263 1823 1
263 1865 1
263 1885 1
263 1889 1
263 1899 1
263 1923 1
263 1952 1
263 1978 1
263 1994 1
263 1996 1
264 313 1
264 319 1
264 411 1
264 478 1
264 504 1
264 508 1
264 576 1
264 579 1
264 648 1
264 655 1
264 700 1
264 780 1
264 790 1
264 932 1
264 963 1
264 993 1
264 994 1
264 1027 1
264 1063 1
264 1075 1
264 1147 1
264 1188 1
264 1201 1
264 1202 1
264 1247 1
264 1266 1
264 1332 1
264 1365 1
264 1399 1
264 1415 1
264 1496 1
264 1528 1
264 1605 1
264 1692 1
264 1709 1
264 1718 1
264 1722 1
264 1773 1
264 1942 1
264 1962 1
264 1974 1
265 399 1
265 519 1
265 533 1
265 534 1
265 552 1
265 565 1
265 632 1
265 654 1
265 702 1
265 750 1
265 751 1
265 759 1
265 798 1
265 815 1
265 834 1
265 858 1
265 898 1
265 901 1
265 905 1
265 906 1
265 1024 1
265 1083 1
265 1125 1
265 1250 1
265 1283 1
265 1288 1
265 1300 1
265 1396 1
265 1444 1
265 1450 1
265 1467 1
265 1596 1
265 1634 1
265 1668 1
265 1695 1
265 1741 1
265 1755 1
265 1759 1
265 1762 1
265 1832 1
265 1891 1
265 1906 1
265 1925 1
265 1931 1
265 1972 1
265 1977 1
266 276 1
266 367 1
266 369 1
266 402 1
266 507 1
266 587 1
266 655 1
266 704 1
266 710 1
266 755 1
266 774 1
266 789 1
266 834 1
266 836 1
266 878 1
266 920 1
266 975 1
266 995 1
266 1055 1
266 1067 1
266 1083 1
266 1113 1
266 1129 1
266 1166 1
266 1201 1
266 1220 1
266 1239 1
266 1295 1
266 1307 1
266 1318 1
266 1383 1
266 1410 1
266 1415 1
266 1513 1
266 1543 1
266 1565 1
266 1576 1
266 1708 1
266 1730 1
266 1733 1
266 1734 1
266 1829 1
266 1914 1
266 1985 1
267 269 1
267 309 1
267 400 1
267 407 1
267 413 1
267 436 1
267 447 1
267 483 1
267 485 1
267 513 1
267 543 1
267 554 1
267 572 1
267 578 1
267 652 1
267 760 1
267 776 1
267 796 1
267 830 1
267 1000 1
267 1021 1
267 1049 1
267 1095 1
267 1163 1
267 1191 1
267 1306 1
267 1323 1
267 1328 1
267 1394 1
267 1398 1
267 1458 1
267 1510 1
267 1602 1
267 1613 1
267 1627 1
267 1701 1
267 1781 1
267 1847 1
267 1912 1
267 1971 1
267 1986 1
267 1997 1
268 289 1
268 305 1
268 367 1
268 386 1
268 392 1
268 468 1
268 588 1
268 626 1
268 640 1
268 664 1
268 680 1
268 693 1
268 745 1
268 769 1
268 809 1
268 842 1
268 911 1
268 949 1
268 1004 1
268 1028 1
268 1127 1
268 1191 1
268 1193 1
268 1214 1
268 1345 1
268 1409 1
268 1476 1
268 1510 1
268 1530 1
268 1626 1
268 1643 1
268 1658 1
268 1663 1
268 1697 1
268 1709 1
268 1723 1
268 1736 1
268 1776 1
268 1794 1
268 1804 1
268 1820 1
268 1893 1
268 1902 1
268 1973 1
269 271 1
269 273 1
269 310 1
269 347 1
269 402 1
269 413 1
269 427 1
269 446 1
269 491 1
269 512 1
269 726 1
269 740 1
269 798 1
269 869 1
269 877 1
269 943 1
269 964 1
269 970 1
269 992 1
269 994 1
269 1018 1
269 1036 1
269 1064 1
269 1091 1
269 1221 1
269 1277 1
269 1337 1
269 1452 1
269 1488 1
269 1551 1
269 1563 1
269 1566 1
269 1585 1
269 1619 1
269 1655 1
269 1684 1
269 1796 1
269 1867 1
269 1878 1
269 1902 1
269 1918 1
269 1971 1
270 351 1
270 364 1
270 408 1
270 429 1
270 436 1
270 493 1
270 534 1
270 543 1
270 596 1
270 599 1
270 705 1
270 790 1
270 819 1
270 903 1
270 945 1
270 1009 1
270 1049 1
270 1080 1
270 1174 1
270 1177 1
270 1225 1
270 1250 1
270 1268 1
270 1282 1
270 1284 1
270 1292 1
270 1362 1
270 1367 1
270 1386 1
270 1423 1
270 1426 1
270 1445 1
270 1460 1
270 1511 1
270 1540 1
270 1576 1
270 1676 1
270 1721 1
270 1816 1
270 1877 1
270 1943 1
271 336 1
271 359 1
271 404 1
271 426 1
271 491 1
271 528 1
271 574 1
271 593 1
271 640 1
271 654 1
271 668 1
271 697 1
271 714 1
271 760 1
271 850 1
271 892 1
271 949 1
271 1001 1
271 1032 1
271 1069 1
271 1215 1
271 1265 1
271 1280 1
271 1340 1
271 1382 1
271 1410 1
271 1476 1
271 1523 1
271 1532 1
271 1604 1
271 1791 1
271 1831 1
271 1902 1
271 1944 1
271 1967 1
271 1991 1
272 274 1
272 306 1
272 422 1
272 606 1
272 693 1
272 724 1
272 737 1
272 789 1
272 814 1
272 849 1
272 850 1
272 869 1
272 948 1
272 956 1
272 960 1
272 1155 1
272 1172 1
272 1188 1
272 1282 1
272 1283 1
272 1293 1
272 1303 1
272 1395 1
272 1397 1
272 1471 1
272 1477 1
272 1528 1
272 1529 1
272 1553 1
272 1645 1
272 1671 1
272 1704 1
272 1754 1
272 1771 1
272 1809 1
272 1822 1
272 1829 1
272 1845 1
272 1899 1
272 1926 1
272 1994 1
273 297 1
273 381 1
273 385 1
273 394 1
273 416 1
273 478 1
273 495 1
273 523 1
273 529 1
273 556 1
273 605 1
273 697 1
273 759 1
273 818 1
273 863 1
273 875 1
273 923 1
273 956 1
273 999 1
273 1009 1
273 1039 1
273 1066 1
273 1089 1
273 1103 1
273 1124 1
273 1137 1
273 1147 1
273 1214 1
273 1397 1
273 1413 1
273 1451 1
273 1515 1
273 1551 1
273 1670 1
273 1786 1
273 1920 1
273 1970 1
274 321 1
274 322 1
274 364 1
274 384 1
274 428 1
274 453 1
274 464 1
274 471 1
274 472 1
274 493 1
274 559 1
274 584 1
274 594 1
274 596 1
274 600 1
274 603 1
274 605 1
274 630 1
274 688 1
274 757 1
274 769 1
274 889 1
274 969 1
274 970 1
274 1047 1
274 1053 1
274 1115 1
274 1153 1
274 1163 1
274 1313 1
274 1401 1
274 1488 1
274 1535 1
274 1593 1
274 1596 1
274 1633 1
274 1640 1
274 1674 1
274 1675 1
274 1752 1
274 1788 1
274 1817 1
274 1822 1
274 1823 1
274 1874 1
274 1880 1
275 331 1
275 416 1
275 434 1
275 447 1
275 454 1
275 496 1
275 557 1
275 585 1
275 661 1
275 727 1
275 796 1
275 895 1
275 911 1
275 915 1
275 941 1
275 950 1
275 956 1
275 970 1
275 1013 1
275 1122 1
275 1137 1
275 1176 1
275 1240 1
275 1259 1
275 1295 1
275 1304 1
275 1331 1
275 1349 1
275 1375 1
275 1402 1
275 1509 1
275 1609 1
275 1677 1
275 1684 1
275 1688 1
275 1740 1
275 1782 1
275 1800 1
275 1823 1
275 1829 1
275 1851 1
275 1865 1
275 1923 1
275 1926 1
275 1957 1
276 282 1
276 348 1
276 361 1
276 392 1
276 393 1
276 437 1
276 444 1
276 496 1
276 520 1
276 536 1
276 555 1
276 590 1
276 665 1
276 686 1
276 708 1
276 751 1
276 798 1
276 917 1
276 969 1
276 991 1
276 1010 1
276 1073 1
276 1111 1
276 1196 1
276 1278 1
276 1290 1
276 1304 1
276 1395 1
276 1421 1
276 1444 1
276 1558 1
276 1627 1
276 1801 1
276 1817 1
276 1870 1
276 1968 1
276 1972 1
277 279 1
277 312 1
277 338 1
277 344 1
277 349 1
277 370 1
277 543 1
277 662 1
277 699 1
277 748 1
277 764 1
277 773 1
277 811 1
277 876 1
277 931 1
277 944 1
277 945 1
277 947 1
277 1089 1
277 1135 1
277 1156 1
277 1263 1
277 1280 1
277 1335 1
277 1411 1
277 1417 1
277 1459 1
277 1461 1
277 1504 1
277 1520 1
277 1561 1
277 1613 1
277 1636 1
277 1643 1
277 1840 1
277 1855 1
277 1885 1
277 1905 1
277 1928 1
277 1969 1
277 1986 1
278 335 1
278 385 1
278 410 1
278 449 1
278 453 1
278 485 1
278 486 1
278 568 1
278 669 1
278 723 1
278 743 1
278 758 1
278 762 1
278 788 1
278 814 1
278 827 1
278 838 1
278 850 1
278 867 1
278 983 1
278 1019 1
278 1062 1
278 1066 1
278 1068 1
278 1082 1
278 1089 1
278 1106 1
278 1173 1
278 1199 1
278 1250 1
278 1267 1
278 1280 1
278 1292 1
278 1399 1
278 1462 1
278 1489 1
278 1493 1
278 1512 1
278 1523 1
278 1529 1
278 1554 1
278 1632 1
278 1653 1
278 1673 1
278 1714 1
278 1715 1
278 1843 1
278 1848 1
278 1866 1
278 1877 1
278 1888 1
278 1906 1
278 1922 1
278 1958 1
279 350 1
279 380 1
279 447 1
279 475 1
279 481 1
279 560 1
279 636 1
279 798 1
279 836 1
279 876 1
279 894 1
279 934 1
279 946 1
279 964 1
279 996 1
279 1008 1
279 1062 1
279 1144 1
279 1201 1
279 1227 1
279 1364 1
279 1395 1
279 1474 1
279 1509 1
279 1634 1
279 1699 1
279 1736 1
279 1762 1
279 1787 1
279 1827 1
279 1902 1
279 1939 1
280 301 1
280 305 1
280 332 1
280 421 1
280 499 1
280 572 1
280 579 1
280 613 1
280 650 1
280 659 1
280 685 1
280 702 1
280 737 1
280 753 1
280 781 1
280 833 1
280 846 1
280 848 1
280 862 1
280 942 1
280 1030 1
280 1055 1
280 1074 1
280 1084 1
280 1095 1
280 1102 1
280 1134 1
280 1180 1
280 1186 1
280 1229 1
280 1242 1
280 1271 1
280 1281 1
280 1309 1
280 1377 1
280 1443 1
280 1504 1
280 1529 1
280 1547 1
280 1602 1
280 1605 1
280 1632 1
280 1714 1
280 1727 1
280 1818 1
280 1820 1
280 1822 1
280 1828 1
280 1842 1
280 1895 1
281 374 1
281 465 1
281 501 1
281 510 1
281 512 1
281 579 1
281 661 1
281 663 1
281 697 1
281 714 1
281 746 1
281 753 1
281 770 1
281 858 1
281 1044 1
281 1056 1
281 1218 1
281 1229 1
281 1277 1
281 1278 1
281 1289 1
281 1292 1
281 1308 1
281 1377 1
281 1382 1
281 1385 1
281 1415 1
281 1511 1
281 1524 1
281 1595 1
281 1674 1
281 1776 1
281 1849 1
281 1853 1
281 1859 1
281 1873 1
281 1883 1
281 1887 1
281 1938 1
281 1942 1
282 285 1
282 293 1
282 341 1
282 480 1
282 511 1
282 535 1
282 539 1
282 642 1
282 656 1
282 741 1
282 837 1
282 851 1
282 860 1
282 1043 1
282 1083 1
282 1116 1
282 1205 1
282 1206 1
282 1210 1
282 1275 1
282 1344 1
282 1356 1
282 1400 1
282 1579 1
282 1619 1
282 1620 1
282 1627 1
282 1633 1
282 1639 1
282 1649 1
282 1650 1
282 1697 1
282 1706 1
282 1739 1
282 1790 1
282 1865 1
282 1897 1
282 1955 1
282 1970 1
283 299 1
283 301 1
283 317 1
283 358 1
283 360 1
283 405 1
283 439 1
283 473 1
283 491 1
283 511 1
283 757 1
283 786 1
283 852 1
283 866 1
283 883 1
283 920 1
283 945 1
283 987 1
283 993 1
283 1074 1
283 1076 1
283 1088 1
283 1089 1
283 1092 1
283 1145 1
283 1146 1
283 1150 1
283 1163 1
283 1180 1
283 1182 1
283 1189 1
283 1249 1
283 1372 1
283 1407 1
283 1477 1
283 1675 1
283 1678 1
283 1689 1
283 1777 1
283 1785 1
283 1793 1
283 1808 1
283 1896 1
283 1913 1
284 322 1
284 333 1
284 346 1
284 357 1
284 361 1
284 497 1
284 536 1
284 544 1
284 587 1
284 668 1
284 693 1
284 731 1
284 792 1
284 821 1
284 866 1
284 922 1
284 1012 1
284 1022 1
284 1086 1
284 1210 1
284 1234 1
284 1305 1
284 1308 1
284 1326 1
284 1334 1
284 1336 1
284 1408 1
284 1460 1
284 1499 1
284 1582 1
284 1593 1
284 1602 1
284 1614 1
284 1623 1
284 1680 1
284 1719 1
284 1728 1
284 1776 1
284 1866 1
284 1885 1
284 1905 1
284 1936 1
284 1949 1
285 295 1
285 319 1
285 325 1
285 343 1
285 445 1
285 450 1
285 481 1
285 489 1
285 510 1
285 561 1
285 598 1
285 605 1
285 633 1
285 697 1
285 700 1
285 732 1
285 750 1
285 822 1
285 827 1
285 861 1
285 883 1
285 914 1
285 936 1
285 1037 1
285 1045 1
285 1085 1
285 1118 1
285 1138 1
285 1171 1
285 1204 1
285 1228 1
285 1303 1
285 1326 1
285 1418 1
285 1428 1
285 1452 1
285 1453 1
285 1459 1
285 1512 1
285 1533 1
285 1548 1
285 1549 1
285 1586 1
285 1621 1
285 1629 1
285 1640 1
285 1777 1
285 1783 1
285 1812 1
285 1846 1
285 1908 1
285 1947 1
286 335 1
286 371 1
286 373 1
286 446 1
286 453 1
286 527 1
286 529 1
286 554 1
286 572 1
286 583 1
286 608 1
286 621 1
286 627 1
286 696 1
286 722 1
286 726 1
286 833 1
286 846 1
286 861 1
286 865 1
286 917 1
286 921 1
286 1000 1
286 1053 1
286 1106 1
286 1167 1
286 1186 1
286 1256 1
286 1293 1
286 1419 1
286 1479 1
286 1546 1
286 1548 1
286 1585 1
286 1608 1
286 1630 1
286 1703 1
286 1712 1
286 1714 1
286 1778 1
286 1784 1
286 1815 1
286 1826 1
286 1864 1
286 1921 1
286 1950 1
286 1970 1
286 1976 1
286 1989 1
287 312 1
287 390 1
287 496 1
287 588 1
287 623 1
287 690 1
287 708 1
287 750 1
287 830 1
287 858 1
287 869 1
287 919 1
287 945 1
287 984 1
287 1028 1
287 1073 1
287 1077 1
287 1166 1
287 1212 1
287 1274 1
287 1347 1
287 1368 1
287 1386 1
287 1469 1
287 1472 1
287 1479 1
287 1503 1
287 1619 1
287 1637 1
287 1653 1
287 1671 1
287 1693 1
287 1721 1
287 1746 1
287 1748 1
287 1833 1
287 1837 1
287 1852 1
287 1867 1
287 1941 1
288 389 1
288 405 1
288 432 1
288 451 1
288 492 1
288 500 1
288 530 1
288 535 1
288 541 1
288 648 1
288 701 1
288 712 1
288 826 1
288 849 1
288 889 1
288 907 1
288 937 1
288 971 1
288 1003 1
288 1007 1
288 1088 1
288 1099 1
288 1135 1
288 1137 1
288 1175 1
288 1192 1
288 1299 1
288 1541 1
288 1612 1
288 1627 1
288 1668 1
288 1687 1
288 1729 1
288 1845 1
288 1870 1
288 1926 1
288 1951 1
289 319 1
289 370 1
289 387 1
289 392 1
289 482 1
289 504 1
289 527 1
289 545 1
289 579 1
289 591 1
289 601 1
289 719 1
289 791 1
289 794 1
289 900 1
289 923 1
289 956 1
289 1024 1
289 1059 1
289 1083 1
289 1103 1
289 1125 1
289 1171 1
289 1211 1
289 1217 1
289 1229 1
289 1266 1
289 1316 1
289 1353 1
289 1441 1
289 1476 1
289 1495 1
289 1535 1
289 1547 1
289 1570 1
289 1600 1
289 1647 1
289 1698 1
289 1837 1
289 1865 1
289 1911 1
289 1943 1
289 1950 1
289 1980 1
290 299 1
290 320 1
290 355 1
290 361 1
290 380 1
290 387 1
290 393 1
290 463 1
290 497 1
290 580 1
290 584 1
290 623 1
290 634 1
290 673 1
290 757 1
290 773 1
290 775 1
290 808 1
290 1080 1
290 1083 1
290 1118 1
290 1125 1
290 1151 1
290 1204 1
290 1250 1
290 1272 1
290 1340 1
290 1507 1
290 1546 1
290 1568 1
290 1647 1
290 1707 1
290 1759 1
290 1830 1
290 1853 1
290 1980 1
291 298 1
291 301 1
291 433 1
291 436 1
291 573 1
291 632 1
291 633 1
291 649 1
291 691 1
291 700 1
291 704 1
291 769 1
291 795 1
291 832 1
291 866 1
291 882 1
291 951 1
291 1018 1
291 1042 1
291 1106 1
291 1116 1
291 1149 1
291 1150 1
291 1155 1
291 1178 1
291 1329 1
291 1346 1
291 1373 1
291 1598 1
291 1625 1
291 1677 1
291 1774 1
291 1798 1
291 1850 1
291 1869 1
291 1870 1
291 1880 1
291 1886 1
291 1934 1
291 1972 1
292 325 1
292 352 1
292 404 1
292 431 1
292 476 1
292 519 1
292 644 1
292 690 1
292 752 1
292 841 1
292 918 1
292 929 1
292 1068 1
292 1094 1
292 1125 1
292 1206 1
292 1210 1
292 1313 1
292 1323 1
292 1405 1
292 1415 1
292 1450 1
292 1539 1
292 1548 1
292 1554 1
292 1586 1
292 1619 1
292 1662 1
292 1686 1
292 1694 1
292 1742 1
292 1747 1
292 1771 1
292 1861 1
292 1862 1
293 313 1
293 451 1
293 502 1
293 522 1
293 761 1
293 762 1
293 771 1
293 787 1
293 820 1
293 834 1
293 841 1
293 913 1
293 933 1
293 980 1
293 989 1
293 1005 1
293 1035 1
293 1057 1
293 1066 1
293 1090 1
293 1130 1
293 1147 1
293 1166 1
293 1193 1
293 1202 1
293 1242 1
293 1255 1
293 1281 1
293 1286 1
293 1291 1
293 1316 1
293 1325 1
293 1450 1
293 1524 1
293 1526 1
293 1535 1
293 1538 1
293 1545 1
293 1696 1
293 1708 1
293 1712 1
293 1751 1
293 1835 1
293 1871 1
293 1993 1
294 312 1
294 367 1
294 426 1
294 429 1
294 503 1
294 631 1
294 656 1
294 865 1
294 908 1
294 913 1
294 958 1
294 1018 1
294 1019 1
294 1047 1
294 1096 1
294 1097 1
294 1199 1
294 1204 1
294 1304 1
294 1390 1
294 1424 1
294 1444 1
294 1455 1
294 1456 1
294 1476 1
294 1566 1
294 1578 1
294 1619 1
294 1662 1
294 1700 1
294 1725 1
294 1733 1
294 1767 1
294 1783 1
294 1973 1
295 314 1
295 323 1
295 380 1
295 401 1
295 428 1
295 444 1
295 457 1
295 492 1
295 493 1
295 563 1
295 572 1
295 575 1
295 601 1
295 731 1
295 739 1
295 766 1
295 794 1
295 967 1
295 1017 1
295 1056 1
295 1074 1
295 1153 1
295 1197 1
295 1275 1
295 1284 1
295 1311 1
295 1417 1
295 1424 1
295 1556 1
295 1576 1
295 1590 1
295 1604 1
295 1687 1
295 1704 1
295 1724 1
295 1766 1
295 1789 1
295 1791 1
295 1796 1
295 1839 1
295 1851 1
295 1856 1
295 1898 1
295 1928 1
295 1936 1
295 1948 1
296 298 1
296 389 1
296 392 1
296 404 1
296 503 1
296 590 1
296 662 1
296 681 1
296 697 1
296 720 1
296 722 1
296 730 1
296 782 1
296 810 1
296 920 1
296 929 1
296 936 1
296 993 1
296 1027 1
296 1038 1
296 1199 1
296 1206 1
296 1232 1
296 1258 1
296 1292 1
296 1442 1
296 1465 1
296 1476 1
296 1496 1
296 1542 1
296 1621 1
296 1647 1
296 1675 1
296 1742 1
296 1773 1
296 1785 1
296 1796 1
296 1844 1
296 1878 1
296 1905 1
297 354 1
297 365 1
297 396 1
297 407 1
297 489 1
297 518 1
297 529 1
297 574 1
297 604 1
297 642 1
297 669 1
297 773 1
297 912 1
297 932 1
297 936 1
297 940 1
297 956 1
297 1007 1
297 1049 1
297 1105 1
297 1174 1
297 1187 1
297 1216 1
297 1218 1
297 1234 1
297 1260 1
297 1263 1
297 1302 1
297 1306 1
297 1396 1
297 1466 1
297 1525 1
297 1536 1
297 1538 1
297 1617 1
297 1667 1
297 1734 1
297 1752 1
297 1778 1
297 1900 1
297 1905 1
297 1912 1
297 1985 1
298 344 1
298 370 1
298 399 1
298 413 1
298 475 1
298 534 1
298 579 1
298 606 1
298 624 1
298 630 1
298 716 1
298 802 1
298 806 1
298 839 1
298 868 1
298 937 1
298 967 1
298 983 1
298 988 1
298 1012 1
298 1037 1
298 1100 1
298 1158 1
298 1199 1
298 1269 1
298 1271 1
298 1467 1
298 1478 1
298 1507 1
298 1509 1
298 1553 1
298 1610 1
298 1619 1
298 1639 1
298 1687 1
298 1705 1
298 1727 1
298 1743 1
298 1808 1
298 1832 1
298 1847 1
298 1861 1
298 1937 1
298 1978 1
299 528 1
299 538 1
299 540 1
299 542 1
299 564 1
299 645 1
299 661 1
299 758 1
299 772 1
299 820 1
299 909 1
299 914 1
299 956 1
299 973 1
299 1013 1
299 1148 1
299 1168 1
299 1180 1
299 1189 1
299 1269 1
299 1293 1
299 1381 1
299 1404 1
299 1416 1
299 1422 1
299 1425 1
299 1434 1
299 1450 1
299 1454 1
299 1465 1
299 1478 1
299 1523 1
299 1572 1
299 1685 1
299 1700 1
299 1731 1
299 1734 1
299 1736 1
299 1740 1
299 1783 1
299 1888 1
299 1902 1
299 1937 1
299 1957 1
300 386 1
300 498 1
300 644 1
300 690 1
300 709 1
300 722 1
300 755 1
300 863 1
300 1019 1
300 1040 1
300 1074 1
300 1077 1
300 1082 1
300 1156 1
300 1170 1
300 1199 1
300 1201 1
300 1215 1
300 1238 1
300 1267 1
300 1303 1
300 1314 1
300 1336 1
300 1342 1
300 1354 1
300 1430 1
300 1432 1
300 1440 1
300 1468 1
300 1472 1
300 1493 1
300 1597 1
300 1628 1
300 1633 1
300 1748 1
300 1839 1
300 1871 1
300 1912 1
301 329 1
301 354 1
301 355 1
301 445 1
301 469 1
301 523 1
301 573 1
301 600 1
301 610 1
301 623 1
301 673 1
301 777 1
301 826 1
301 852 1
301 909 1
301 933 1
301 1037 1
301 1048 1
301 1058 1
301 1064 1
301 1101 1
301 1136 1
301 1199 1
301 1219 1
301 1220 1
301 1227 1
301 1320 1
301 1367 1
301 1493 1
301 1518 1
301 1521 1
301 1525 1
301 1528 1
301 1582 1
301 1612 1
301 1657 1
301 1660 1
301 1696 1
301 1742 1
301 1756 1
301 1767 1
301 1803 1
301 1867 1
301 1931 1
301 1988 1
301 1995 1
302 339 1
302 356 1
302 458 1
302 479 1
302 501 1
302 567 1
302 573 1
302 716 1
302 724 1
302 754 1
302 759 1
302 778 1
302 871 1
302 905 1
302 952 1
302 972 1
302 1036 1
302 1049 1
302 1217 1
302 1227 1
302 1228 1
302 1243 1
302 1295 1
302 1305 1
302 1323 1
302 1494 1
302 1519 1
302 1575 1
302 1634 1
302 1777 1
302 1804 1
302 1879 1
302 1907 1
302 1935 1
303 323 1
303 327 1
303 406 1
303 441 1
303 451 1
303 479 1
303 498 1
303 510 1
303 549 1
303 553 1
303 585 1
303 677 1
303 741 1
303 742 1
303 746 1
303 783 1
303 803 1
303 843 1
303 949 1
303 952 1
303 984 1
303 1019 1
303 1068 1
303 1272 1
303 1384 1
303 1398 1
303 1411 1
303 1450 1
303 1465 1
303 1475 1
303 1526 1
303 1553 1
303 1592 1
303 1609 1
303 1615 1
303 1628 1
303 1808 1
303 1847 1
303 1853 1
303 1902 1
303 1911 1
303 1948 1
304 343 1
304 399 1
304 597 1
304 672 1
304 674 1
304 703 1
304 824 1
304 854 1
304 875 1
304 907 1
304 910 1
304 911 1
304 916 1
304 1017 1
304 1041 1
304 1060 1
304 1065 1
304 1097 1
304 1155 1
304 1164 1
304 1174 1
304 1286 1
304 1389 1
304 1410 1
304 1469 1
304 1496 1
304 1498 1
304 1546 1
304 1647 1
304 1653 1
304 1666 1
304 1714 1
304 1740 1
304 1786 1
304 1838 1
304 1934 1
304 1960 1
304 1970 1
305 328 1
305 346 1
305 409 1
305 421 1
305 503 1
305 518 1
305 677 1
305 768 1
305 943 1
305 978 1
305 979 1
305 981 1
305 1006 1
305 1028 1
305 1076 1
305 1078 1
305 1093 1
305 1107 1
305 1160 1
305 1168 1
305 1177 1
305 1202 1
305 1215 1
305 1300 1
305 1312 1
305 1409 1
305 1413 1
305 1470 1
305 1514 1
305 1518 1
305 1524 1
305 1541 1
305 1583 1
305 1590 1
305 1602 1
305 1636 1
305 1641 1
305 1715 1
305 1849 1
305 1901 1
305 1904 1
306 316 1
306 355 1
306 370 1
306 382 1
306 488 1
306 621 1
306 673 1
306 703 1
306 710 1
306 756 1
306 758 1
306 769 1
306 779 1
306 840 1
306 876 1
306 913 1
306 938 1
306 943 1
306 947 1
306 958 1
306 1022 1
306 1215 1
306 1230 1
306 1281 1
306 1336 1
306 1376 1
306 1403 1
306 1408 1
306 1438 1
306 1448 1
306 1575 1
306 1761 1
306 1844 1
306 1860 1
306 1933 1
306 1942 1
306 1950 1
306 1996 1
307 314 1
307 339 1
307 429 1
307 438 1
307 460 1
307 499 1
307 515 1
307 597 1
307 610 1
307 703 1
307 708 1
307 718 1
307 854 1
307 871 1
307 906 1
307 951 1
307 957 1
307 966 1
307 1062 1
307 1075 1
307 1093 1
307 1098 1
307 1099 1
307 1104 1
307 1155 1
307 1170 1
307 1190 1
307 1204 1
307 1224 1
307 1252 1
307 1317 1
307 1357 1
307 1409 1
307 1464 1
307 1494 1
307 1500 1
307 1554 1
307 1564 1
307 1573 1
307 1586 1
307 1624 1
307 1630 1
307 1767 1
307 1804 1
307 1837 1
307 1850 1
307 1852 1
307 1895 1
307 1937 1
307 1943 1
307 1972 1
307 1988 1
308 430 1
308 438 1
308 456 1
308 463 1
308 484 1
308 504 1
308 518 1
308 527 1
308 538 1
308 591 1
308 648 1
308 695 1
308 709 1
308 748 1
308 766 1
308 794 1
308 798 1
308 808 1
308 840 1
308 929 1
308 1011 1
308 1028 1
308 1069 1
308 1123 1
308 1170 1
308 1185 1
308 1189 1
308 1191 1
308 1204 1
308 1254 1
308 1301 1
308 1354 1
308 1390 1
308 1391 1
308 1531 1
308 1542 1
308 1576 1
308 1757 1
308 1827 1
308 1830 1
308 1938 1
308 1949 1
309 334 1
309 359 1
309 375 1
309 421 1
309 440 1
309 452 1
309 460 1
309 465 1
309 493 1
309 702 1
309 730 1
309 740 1
309 749 1
309 790 1
309 830 1
309 833 1
309 863 1
309 950 1
309 953 1
309 962 1
309 1021 1
309 1118 1
309 1186 1
309 1197 1
309 1215 1
309 1340 1
309 1408 1
309 1441 1
309 1485 1
309 1500 1
309 1503 1
309 1543 1
309 1545 1
309 1704 1
309 1750 1
309 1764 1
309 1795 1
309 1811 1
309 1879 1
309 1883 1
309 1945 1
309 1965 1
310 321 1
310 372 1
310 395 1
310 425 1
310 442 1
310 503 1
310 516 1
310 539 1
310 594 1
310 599 1
310 618 1
310 627 1
310 744 1
310 817 1
310 878 1
310 882 1
310 889 1
310 917 1
310 926 1
310 977 1
310 1040 1
310 1043 1
310 1073 1
310 1074 1
310 1096 1
310 1137 1
310 1163 1
310 1200 1
310 1249 1
310 1266 1
310 1291 1
310 1296 1
310 1311 1
310 1322 1
310 1397 1
310 1484 1
310 1502 1
310 1611 1
310 1637 1
310 1675 1
310 1683 1
310 1741 1
310 1755 1
310 1759 1
310 1768 1
310 1797 1
310 1799 1
310 1848 1
310 1890 1
310 1924 1
310 1935 1
310 1937 1
310 1996 1
311 312 1
311 326 1
311 331 1
311 356 1
311 376 1
311 421 1
311 425 1
311 446 1
311 448 1
311 558 1
311 570 1
311 656 1
311 762 1
311 765 1
311 864 1
311 903 1
311 942 1
311 979 1
311 995 1
311 999 1
311 1061 1
311 1086 1
311 1093 1
311 1134 1
311 1136 1
311 1261 1
311 1362 1
311 1369 1
311 1371 1
311 1416 1
311 1420 1
311 1433 1
311 1468 1
311 1471 1
311 1573 1
311 1650 1
311 1681 1
311 1689 1
311 1698 1
311 1729 1
311 1734 1
311 1754 1
311 1780 1
311 1798 1
311 1809 1
311 1824 1
311 1955 1
311 1972 1
312 348 1
312 354 1
312 409 1
312 415 1
312 425 1
312 526 1
312 602 1
312 628 1
312 668 1
312 787 1
312 839 1
312 845 1
312 881 1
312 943 1
312 975 1
312 977 1
312 1031 1
312 1092 1
312 1260 1
312 1332 1
312 1347 1
312 1400 1
312 1422 1
312 1467 1
312 1494 1
312 1536 1
312 1559 1
312 1574 1
312 1588 1
312 1589 1
312 1590 1
312 1612 1
312 1750 1
312 1767 1
312 1818 1
312 1850 1
312 1864 1
312 1993 1
313 343 1
313 362 1
313 369 1
313 411 1
313 447 1
313 453 1
313 458 1
313 552 1
313 557 1
313 559 1
313 588 1
313 606 1
313 658 1
313 706 1
313 807 1
313 848 1
313 916 1
313 929 1
313 948 1
313 962 1
313 1061 1
313 1120 1
313 1152 1
313 1160 1
313 1174 1
313 1183 1
313 1224 1
313 1264 1
313 1349 1
313 1476 1
313 1526 1
313 1555 1
313 1566 1
313 1597 1
313 1633 1
313 1672 1
313 1687 1
313 1692 1
313 1752 1
313 1758 1
313 1763 1
313 1775 1
313 1809 1
313 1850 1
313 1930 1
313 1941 1
313 1952 1
313 1964 1
313 1965 1
313 1996 1
314 357 1
314 360 1
314 361 1
314 362 1
314 377 1
314 398 1
314 490 1
314 502 1
314 568 1
314 593 1
314 623 1
314 627 1
314 635 1
314 652 1
314 664 1
314 702 1
314 797 1
314 859 1
314 864 1
314 982 1
314 1013 1
314 1041 1
314 1054 1
314 1057 1
314 1078 1
314 1147 1
314 1197 1
314 1204 1
314 1219 1
314 1229 1
314 1282 1
314 1302 1
314 1343 1
314 1372 1
314 1416 1
314 1429 1
314 1460 1
314 1466 1
314 1495 1
314 1535 1
314 1679 1
314 1707 1
314 1802 1
314 1989 1
315 390 1
315 418 1
315 437 1
315 488 1
315 543 1
315 567 1
315 630 1
315 689 1
315 760 1
315 763 1
315 797 1
315 835 1
315 943 1
315 965 1
315 967 1
315 1046 1
315 1094 1
315 1102 1
315 1114 1
315 1121 1
315 1205 1
315 1361 1
315 1383 1
315 1395 1
315 1408 1
315 1433 1
315 1520 1
315 1522 1
315 1584 1
315 1729 1
315 1791 1
315 1860 1
315 1957 1
316 328 1
316 337 1
316 352 1
316 387 1
316 488 1
316 602 1
316 617 1
316 625 1
316 626 1
316 639 1
316 657 1
316 717 1
316 733 1
316 847 1
316 889 1
316 1084 1
316 1112 1
316 1251 1
316 1302 1
316 1352 1
316 1355 1
316 1358 1
316 1456 1
316 1491 1
316 1507 1
316 1609 1
316 1696 1
316 1734 1
316 1762 1
316 1860 1
316 1862 1
316 1884 1
316 1887 1
316 1960 1
316 1987 1
317 363 1
317 399 1
317 420 1
317 491 1
317 531 1
317 552 1
317 596 1
317 611 1
317 632 1
317 661 1
317 669 1
317 786 1
317 798 1
317 808 1
317 970 1
317 1014 1
317 1018 1
317 1089 1
317 1102 1
317 1107 1
317 1200 1
317 1223 1
317 1281 1
317 1306 1
317 1342 1
317 1375 1
317 1409 1
317 1438 1
317 1442 1
317 1474 1
317 1510 1
317 1565 1
317 1574 1
317 1599 1
317 1618 1
317 1652 1
317 1680 1
317 1683 1
317 1719 1
317 1750 1
317 1784 1
317 1908 1
317 1973 1
317 1976 1
317 1980 1
317 1997 1
318 350 1
318 352 1
318 410 1
318 442 1
318 463 1
318 473 1
318 479 1
318 522 1
318 523 1
318 596 1
318 755 1
318 789 1
318 813 1
318 852 1
318 924 1
318 1004 1
318 1007 1
318 1018 1
318 1100 1
318 1182 1
318 1311 1
318 1333 1
318 1337 1
318 1365 1
318 1384 1
318 1395 1
318 1442 1
318 1458 1
318 1487 1
318 1692 1
318 1709 1
318 1735 1
318 1760 1
318 1841 1
318 1924 1
318 1993 1
319 332 1
319 440 1
319 478 1
319 529 1
319 535 1
319 597 1
319 655 1
319 672 1
319 673 1
319 736 1
319 762 1
319 831 1
319 842 1
319 852 1
319 860 1
319 942 1
319 973 1
319 1020 1
319 1047 1
319 1069 1
319 1089 1
319 1122 1
319 1178 1
319 1316 1
319 1317 1
319 1319 1
319 1422 1
319 1500 1
319 1552 1
319 1555 1
319 1622 1
319 1653 1
319 1667 1
319 1705 1
319 1790 1
319 1791 1
319 1794 1
319 1824 1
319 1894 1
319 1949 1
319 1953 1
320 372 1
320 426 1
320 489 1
320 539 1
320 564 1
320 621 1
320 658 1
320 675 1
320 797 1
320 817 1
320 914 1
320 971 1
320 1010 1
320 1025 1
320 1049 1
320 1107 1
320 1116 1
320 1200 1
320 1228 1
320 1230 1
320 1248 1
320 1270 1
320 1382 1
320 1388 1
320 1406 1
320 1455 1
320 1541 1
320 1569 1
320 1587 1
320 1649 1
320 1662 1
320 1682 1
320 1700 1
320 1796 1
320 1813 1
320 1814 1
320 1841 1
320 1852 1
320 1888 1
320 1900 1
320 1913 1
320 1927 1
320 1933 1
320 1938 1
320 1994 1
320 1996 1
321 342 1
321 343 1
321 366 1
321 384 1
321 426 1
321 488 1
321 492 1
321 516 1
321 535 1
321 603 1
321 633 1
321 642 1
321 653 1
321 656 1
321 683 1
321 783 1
321 791 1
321 798 1
321 963 1
321 990 1
321 1010 1
321 1016 1
321 1065 1
321 1126 1
321 1176 1
321 1211 1
321 1385 1
321 1425 1
321 1472 1
321 1533 1
321 1562 1
321 1594 1
321 1741 1
321 1821 1
321 1856 1
321 1871 1
321 1934 1
321 1978 1
322 351 1
322 362 1
322 370 1
322 394 1
322 483 1
322 554 1
322 577 1
322 594 1
322 661 1
322 669 1
322 756 1
322 792 1
322 799 1
322 858 1
322 905 1
322 920 1
322 945 1
322 952 1
322 994 1
322 1001 1
322 1032 1
322 1122 1
322 1141 1
322 1156 1
322 1161 1
322 1179 1
322 1190 1
322 1196 1
322 1249 1
322 1257 1
322 1275 1
322 1300 1
322 1311 1
322 1324 1
322 1326 1
322 1360 1
322 1423 1
322 1426 1
322 1464 1
322 1474 1
322 1581 1
322 1631 1
322 1670 1
322 1720 1
322 1751 1
322 1797 1
322 1901 1
322 1915 1
322 1959 1
322 1983 1
323 332 1
323 417 1
323 450 1
323 459 1
323 492 1
323 496 1
323 510 1
323 512 1
323 538 1
323 611 1
323 616 1
323 655 1
323 683 1
323 684 1
323 784 1
323 795 1
323 824 1
323 871 1
323 920 1
323 982 1
323 989 1
323 1126 1
323 1195 1
323 1199 1
323 1276 1
323 1342 1
323 1424 1
323 1436 1
323 1440 1
323 1517 1
323 1552 1
323 1573 1
323 1673 1
323 1713 1
323 1721 1
323 1725 1
323 1749 1
323 1752 1
323 1786 1
323 1804 1
323 1816 1
323 1847 1
323 1891 1
323 1938 1
324 332 1
324 389 1
324 398 1
324 413 1
324 454 1
324 512 1
324 543 1
324 546 1
324 580 1
324 603 1
324 694 1
324 758 1
324 808 1
324 838 1
324 905 1
324 921 1
324 922 1
324 936 1
324 994 1
324 1026 1
324 1037 1
324 1118 1
324 1145 1
324 1150 1
324 1169 1
324 1200 1
324 1270 1
324 1318 1
324 1323 1
324 1383 1
324 1404 1
324 1429 1
324 1453 1
324 1552 1
324 1601 1
324 1605 1
324 1631 1
324 1639 1
324 1640 1
324 1641 1
324 1644 1
324 1650 1
324 1698 1
324 1737 1
324 1756 1
324 1819 1
324 1835 1
324 1838 1
324 1900 1
324 1964 1
324 1980 1
324 1985 1
325 331 1
325 352 1
325 376 1
325 408 1
325 444 1
325 497 1
325 531 1
325 585 1
325 595 1
325 629 1
325 693 1
325 771 1
325 827 1
325 967 1
325 978 1
325 995 1
325 1028 1
325 1045 1
325 1079 1
325 1171 1
325 1332 1
325 1347 1
325 1392 1
325 1416 1
325 1451 1
325 1516 1
325 1558 1
325 1678 1
325 1698 1
325 1722 1
325 1754 1
325 1849 1
325 1910 1
325 1921 1
325 1958 1
325 1986 1
325 1993 1
326 350 1
326 387 1
326 396 1
326 397 1
326 437 1
326 493 1
326 498 1
326 581 1
326 590 1
326 618 1
326 683 1
326 704 1
326 716 1
326 952 1
326 962 1
326 969 1
326 1098 1
326 1192 1
326 1214 1
326 1249 1
326 1301 1
326 1317 1
326 1348 1
326 1363 1
326 1373 1
326 1435 1
326 1459 1
326 1489 1
326 1504 1
326 1628 1
326 1673 1
326 1711 1
326 1740 1
326 1776 1
326 1802 1
326 1810 1
326 1871 1
326 1981 1
326 1986 1
327 340 1
327 365 1
327 412 1
327 474 1
327 493 1
327 536 1
327 611 1
327 670 1
327 680 1
327 705 1
327 737 1
327 797 1
327 1042 1
327 1082 1
327 1103 1
327 1273 1
327 1283 1
327 1309 1
327 1313 1
327 1404 1
327 1423 1
327 1486 1
327 1499 1
327 1506 1
327 1556 1
327 1567 1
327 1580 1
327 1730 1
327 1759 1
327 1772 1
327 1830 1
327 1861 1
327 1956 1
327 1979 1
327 1993 1
328 346 1
328 584 1
328 590 1
328 608 1
328 614 1
328 618 1
328 644 1
328 653 1
328 742 1
328 754 1
328 787 1
328 808 1
328 819 1
328 828 1
328 895 1
328 906 1
328 916 1
328 927 1
328 937 1
328 964 1
328 970 1
328 1013 1
328 1037 1
328 1066 1
328 1081 1
328 1114 1
328 1177 1
328 1259 1
328 1325 1
328 1357 1
328 1679 1
328 1718 1
328 1762 1
328 1788 1
328 1824 1
328 1867 1
328 1911 1
328 1928 1
328 1959 1
329 541 1
329 565 1
329 579 1
329 615 1
329 680 1
329 793 1
329 805 1
329 864 1
329 887 1
329 975 1
329 976 1
329 1007 1
329 1010 1
329 1021 1
329 1029 1
329 1035 1
329 1082 1
329 1122 1
329 1228 1
329 1241 1
329 1295 1
329 1311 1
329 1327 1
329 1379 1
329 1398 1
329 1471 1
329 1485 1
329 1557 1
329 1563 1
329 1629 1
329 1645 1
329 1664 1
329 1752 1
329 1863 1
329 1864 1
329 1878 1
329 1960 1
329 1988 1
330 348 1
330 369 1
330 388 1
330 403 1
330 412 1
330 431 1
330 507 1
330 565 1
330 604 1
330 721 1
330 730 1
330 765 1
330 806 1
330 839 1
330 857 1
330 914 1
330 927 1
330 1008 1
330 1071 1
330 1117 1
330 1128 1
330 1192 1
330 1209 1
330 1242 1
330 1267 1
330 1268 1
330 1382 1
330 1414 1
330 1438 1
330 1488 1
330 1523 1
330 1549 1
330 1551 1
330 1557 1
330 1560 1
330 1561 1
330 1585 1
330 1597 1
330 1601 1
330 1633 1
330 1643 1
330 1666 1
330 1689 1
330 1751 1
330 1759 1
330 1765 1
330 1769 1
330 1839 1
330 1888 1
330 1912 1
330 1926 1
331 352 1
331 364 1
331 551 1
331 559 1
331 581 1
331 597 1
331 628 1
331 666 1
331 667 1
331 682 1
331 703 1
331 736 1
331 740 1
331 769 1
331 902 1
331 904 1
331 923 1
331 926 1
331 932 1
331 1036 1
331 1044 1
331 1047 1
331 1053 1
331 1166 1
331 1174 1
331 1191 1
331 1199 1
331 1207 1
331 1222 1
331 1236 1
331 1302 1
331 1342 1
331 1419 1
331 1428 1
331 1511 1
331 1538 1
331 1568 1
331 1592 1
331 1598 1
331 1613 1
331 1637 1
331 1674 1
331 1710 1
331 1718 1
331 1752 1
331 1786 1
331 1800 1
331 1836 1
331 1984 1
332 348 1
332 397 1
332 404 1
332 425 1
332 488 1
332 583 1
332 607 1
332 695 1
332 697 1
332 875 1
332 908 1
332 932 1
332 1002 1
332 1021 1
332 1035 1
332 1039 1
332 1064 1
332 1123 1
332 1124 1
332 1226 1
332 1285 1
332 1323 1
332 1362 1
332 1368 1
332 1372 1
332 1432 1
332 1470 1
332 1480 1
332 1516 1
332 1566 1
332 1643 1
332 1651 1
332 1653 1
332 1657 1
332 1667 1
332 1705 1
332 1717 1
332 1754 1
332 1767 1
332 1859 1
332 1879 1
332 1974 1
333 347 1
333 378 1
333 407 1
333 504 1
333 505 1
333 510 1
333 518 1
333 525 1
333 527 1
333 572 1
333 630 1
333 671 1
333 774 1
333 799 1
333 830 1
333 844 1
333 899 1
333 920 1
333 934 1
333 947 1
333 1051 1
333 1062 1
333 1205 1
333 1217 1
333 1238 1
333 1268 1
333 1282 1
333 1340 1
333 1349 1
333 1385 1
333 1418 1
333 1424 1
333 1520 1
333 1573 1
333 1587 1
333 1660 1
333 1707 1
333 1732 1
333 1849 1
333 1885 1
333 1965 1
333 1981 1
334 347 1
334 513 1
334 595 1
334 694 1
334 741 1
334 768 1
334 818 1
334 858 1
334 925 1
334 948 1
334 966 1
334 986 1
334 991 1
334 1017 1
334 1023 1
334 1027 1
334 1114 1
334 1140 1
334 1159 1
334 1312 1
334 1364 1
334 1379 1
334 1395 1
334 1443 1
334 1550 1
334 1583 1
334 1712 1
334 1771 1
334 1792 1
334 1841 1
334 1849 1
334 1909 1
334 1932 1
334 1962 1
334 1975 1
335 340 1
335 450 1
335 511 1
335 536 1
335 537 1
335 546 1
335 574 1
335 619 1
335 696 1
335 728 1
335 783 1
335 901 1
335 910 1
335 942 1
335 945 1
335 966 1
335 1021 1
335 1025 1
335 1034 1
335 1049 1
335 1056 1
335 1102 1
335 1135 1
335 1156 1
335 1157 1
335 1174 1
335 1276 1
335 1318 1
335 1377 1
335 1413 1
335 1424 1
335 1435 1
335 1530 1
335 1539 1
335 1548 1
335 1720 1
335 1765 1
335 1827 1
335 1846 1
335 1942 1
335 1961 1
336 355 1
336 363 1
336 381 1
336 427 1
336 428 1
336 438 1
336 445 1
336 526 1
336 575 1
336 581 1
336 603 1
336 643 1
336 836 1
336 843 1
336 852 1
336 940 1
336 1012 1
336 1130 1
336 1142 1
336 1148 1
336 1161 1
336 1203 1
336 1213 1
336 1221 1
336 1301 1
336 1311 1
336 1445 1
336 1448 1
336 1473 1
336 1483 1
336 1491 1
336 1521 1
336 1627 1
336 1716 1
336 1727 1
336 1739 1
336 1749 1
336 1807 1
336 1968 1
336 1996 1
337 349 1
337 352 1
337 357 1
337 456 1
337 532 1
337 559 1
337 585 1
337 645 1
337 655 1
337 669 1
337 836 1
337 850 1
337 852 1
337 932 1
337 1055 1
337 1058 1
337 1063 1
337 1069 1
337 1105 1
337 1130 1
337 1168 1
337 1207 1
337 1217 1
337 1249 1
337 1266 1
337 1298 1
337 1441 1
337 1455 1
337 1488 1
337 1529 1
337 1537 1
337 1681 1
337 1686 1
337 1744 1
337 1854 1
337 1861 1
337 1908 1
337 1931 1
337 1955 1
338 356 1
338 387 1
338 431 1
338 448 1
338 548 1
338 567 1
338 598 1
338 626 1
338 628 1
338 637 1
338 698 1
338 717 1
338 809 1
338 828 1
338 830 1
338 884 1
338 910 1
338 911 1
338 945 1
338 971 1
338 1022 1
338 1030 1
338 1092 1
338 1107 1
338 1118 1
338 1119 1
338 1139 1
338 1223 1
338 1258 1
338 1262 1
338 1271 1
338 1274 1
338 1296 1
338 1308 1
338 1361 1
338 1365 1
338 1495 1
338 1520 1
338 1534 1
338 1557 1
338 1590 1
338 1597 1
338 1625 1
338 1644 1
338 1687 1
338 1722 1
338 1780 1
338 1806 1
338 1832 1
338 1865 1
338 1886 1
338 1919 1
338 1948 1
338 1981 1
339 356 1
339 426 1
339 427 1
339 461 1
339 481 1
339 521 1
339 540 1
339 578 1
339 612 1
339 659 1
339 759 1
339 828 1
339 831 1
339 864 1
339 914 1
339 928 1
339 1010 1
339 1051 1
339 1055 1
339 1080 1
339 1119 1
339 1130 1
339 1134 1
339 1185 1
339 1190 1
339 1207 1
339 1362 1
339 1394 1
339 1406 1
339 1419 1
339 1456 1
339 1462 1
339 1488 1
339 1493 1
339 1536 1
339 1567 1
339 1584 1
339 1644 1
339 1646 1
339 1681 1
339 1689 1
339 1707 1
339 1746 1
339 1767 1
339 1811 1
339 1841 1
339 1844 1
339 1865 1
339 1956 1
340 399 1
340 458 1
340 503 1
340 517 1
340 532 1
340 700 1
340 775 1
340 820 1
340 845 1
340 1032 1
340 1074 1
340 1097 1
340 1163 1
340 1326 1
340 1340 1
340 1368 1
340 1398 1
340 1469 1
340 1480 1
340 1544 1
340 1575 1
340 1594 1
340 1595 1
340 1636 1
340 1661 1
340 1663 1
340 1685 1
340 1737 1
340 1772 1
340 1824 1
340 1885 1
340 1886 1
340 1958 1
340 1960 1
341 398 1
341 483 1
341 503 1
341 524 1
341 557 1
341 628 1
341 634 1
341 758 1
341 767 1
341 804 1
341 853 1
341 859 1
341 890 1
341 898 1
341 916 1
341 999 1
341 1131 1
341 1164 1
341 1195 1
341 1230 1
341 1233 1
341 1246 1
341 1257 1
341 1277 1
341 1282 1
341 1301 1
341 1313 1
341 1339 1
341 1346 1
341 1349 1
341 1411 1
341 1437 1
341 1457 1
341 1530 1
341 1549 1
341 1558 1
341 1561 1
341 1580 1
341 1586 1
341 1651 1
341 1667 1
341 1716 1
341 1780 1
341 1813 1
341 1815 1
341 1816 1
341 1879 1
341 1922 1
341 1942 1
341 1962 1
342 368 1
342 393 1
342 459 1
342 483 1
342 535 1
342 593 1
342 686 1
342 746 1
342 751 1
342 779 1
342 864 1
342 913 1
342 1044 1
342 1057 1
342 1066 1
342 1222 1
342 1371 1
342 1385 1
342 1430 1
342 1462 1
342 1525 1
342 1537 1
342 1652 1
342 1662 1
342 1690 1
342 1737 1
342 1747 1
342 1795 1
342 1859 1
342 1868 1
342 1878 1
342 1881 1
342 1981 1
342 1982 1
342 1996 1
343 360 1
343 373 1
343 480 1
343 518 1
343 520 1
343 536 1
343 537 1
343 561 1
343 589 1
343 633 1
343 636 1
343 649 1
343 650 1
343 661 1
343 677 1
343 692 1
343 745 1
343 770 1
343 799 1
343 811 1
343 822 1
343 838 1
343 889 1
343 905 1
343 980 1
343 984 1
343 1053 1
343 1054 1
343 1103 1
343 1129 1
343 1187 1
343 1196 1
343 1217 1
343 1227 1
343 1259 1
343 1279 1
343 1356 1
343 1359 1
343 1367 1
343 1442 1
343 1460 1
343 1476 1
343 1549 1
343 1574 1
343 1621 1
343 1715 1
343 1798 1
343 1883 1
343 1899 1
343 1943 1
343 1949 1
343 1962 1
343 1982 1
344 391 1
344 417 1
344 531 1
344 562 1
344 578 1
344 649 1
344 656 1
344 676 1
344 684 1
344 698 1
344 702 1
344 722 1
344 776 1
344 867 1
344 899 1
344 914 1
344 1014 1
344 1032 1
344 1045 1
344 1120 1
344 1121 1
344 1141 1
344 1186 1
344 1216 1
344 1224 1
344 1234 1
344 1244 1
344 1276 1
344 1381 1
344 1390 1
344 1406 1
344 1458 1
344 1465 1
344 1474 1
344 1579 1
344 1594 1
344 1604 1
344 1645 1
344 1657 1
344 1688 1
344 1773 1
344 1796 1
344 1798 1
344 1810 1
344 1864 1
344 1889 1
344 1930 1
344 1935 1
344 1949 1
344 1961 1
344 1972 1
345 435 1
345 452 1
345 463 1
345 505 1
345 529 1
345 647 1
345 652 1
345 723 1
345 749 1
345 811 1
345 863 1
345 913 1
345 934 1
345 968 1
345 982 1
345 1017 1
345 1078 1
345 1117 1
345 1119 1
345 1136 1
345 1199 1
345 1202 1
345 1219 1
345 1222 1
345 1255 1
345 1276 1
345 1286 1
345 1304 1
345 1388 1
345 1427 1
345 1470 1
345 1719 1
345 1726 1
345 1747 1
345 1801 1
345 1804 1
345 1810 1
345 1835 1
345 1841 1
345 1896 1
345 1944 1
345 1974 1
345 1977 1
345 1988 1
345 1993 1
346 356 1
346 395 1
346 414 1
346 444 1
346 448 1
346 511 1
346 514 1
346 579 1
346 604 1
346 729 1
346 782 1
346 908 1
346 915 1
346 918 1
346 941 1
346 945 1
346 996 1
346 1017 1
346 1126 1
346 1181 1
346 1191 1
346 1301 1
346 1326 1
346 1336 1
346 1362 1
346 1407 1
346 1419 1
346 1558 1
346 1638 1
346 1647 1
346 1709 1
346 1718 1
346 1753 1
346 1776 1
346 1813 1
346 1875 1
346 1909 1
346 1915 1
346 1918 1
346 1956 1
346 1973 1
347 501 1
347 526 1
347 564 1
347 619 1
347 638 1
347 664 1
347 666 1
347 674 1
347 781 1
347 794 1
347 856 1
347 883 1
347 913 1
347 937 1
347 973 1
347 988 1
347 1000 1
347 1012 1
347 1014 1
347 1033 1
347 1047 1
347 1079 1
347 1107 1
347 1123 1
347 1163 1
347 1177 1
347 1183 1
347 1261 1
347 1286 1
347 1411 1
347 1449 1
347 1516 1
347 1534 1
347 1557 1
347 1586 1
347 1590 1
347 1628 1
347 1835 1
347 1844 1
347 1845 1
348 410 1
348 434 1
348 463 1
348 474 1
348 475 1
348 499 1
348 573 1
348 592 1
348 596 1
348 611 1
348 630 1
348 715 1
348 716 1
348 746 1
348 756 1
348 767 1
348 787 1
348 844 1
348 847 1
348 859 1
348 864 1
348 887 1
348 942 1
348 1001 1
348 1026 1
348 1030 1
348 1041 1
348 1064 1
348 1084 1
348 1247 1
348 1271 1
348 1353 1
348 1421 1
348 1453 1
348 1487 1
348 1500 1
348 1502 1
348 1522 1
348 1549 1
348 1554 1
348 1563 1
348 1613 1
348 1671 1
348 1683 1
348 1730 1
348 1732 1
348 1872 1
348 1876 1
349 433 1
349 445 1
349 450 1
349 501 1
349 567 1
349 602 1
349 648 1
349 673 1
349 726 1
349 743 1
349 771 1
349 796 1
349 817 1
349 826 1
349 840 1
349 871 1
349 884 1
349 886 1
349 916 1
349 927 1
349 965 1
349 972 1
349 1183 1
349 1204 1
349 1249 1
349 1252 1
349 1343 1
349 1449 1
349 1452 1
349 1505 1
349 1598 1
349 1612 1
349 1632 1
349 1649 1
349 1654 1
349 1677 1
349 1723 1
349 1739 1
349 1785 1
349 1881 1
349 1952 1
350 405 1
350 423 1
350 502 1
350 509 1
350 512 1
350 537 1
350 603 1
350 655 1
350 658 1
350 747 1
350 806 1
350 815 1
350 863 1
350 868 1
350 879 1
350 896 1
350 972 1
350 1024 1
350 1079 1
350 1125 1
350 1128 1
350 1159 1
350 1196 1
350 1204 1
350 1212 1
350 1284 1
350 1291 1
350 1317 1
350 1322 1
350 1409 1
350 1416 1
350 1437 1
350 1449 1
350 1466 1
350 1501 1
350 1545 1
350 1548 1
350 1752 1
350 1770 1
350 1894 1
350 1974 1
350 1977 1
350 1978 1
350 1990 1
350 1992 1
350 1993 1
351 368 1
351 392 1
351 396 1
351 446 1
351 530 1
351 615 1
351 626 1
351 710 1
351 713 1
351 716 1
351 727 1
351 745 1
351 747 1
351 781 1
351 847 1
351 961 1
351 1084 1
351 1152 1
351 1320 1
351 1337 1
351 1375 1
351 1385 1
351 1456 1
351 1463 1
351 1529 1
351 1580 1
351 1584 1
351 1653 1
351 1673 1
351 1680 1
351 1791 1
351 1811 1
351 1828 1
351 1844 1
351 1914 1
351 1936 1
352 361 1
352 362 1
352 379 1
352 394 1
352 427 1
352 437 1
352 446 1
352 482 1
352 544 1
352 683 1
352 747 1
352 755 1
352 789 1
352 800 1
352 854 1
352 956 1
352 1020 1
352 1080 1
352 1091 1
352 1121 1
352 1142 1
352 1161 1
352 1253 1
352 1374 1
352 1382 1
352 1436 1
352 1438 1
352 1456 1
352 1466 1
352 1476 1
352 1477 1
352 1535 1
352 1542 1
352 1736 1
352 1749 1
352 1769 1
352 1775 1
352 1882 1
352 1906 1
352 1934 1
353 383 1
353 429 1
353 446 1
353 468 1
353 469 1
353 498 1
353 504 1
353 555 1
353 670 1
353 674 1
353 721 1
353 792 1
353 923 1
353 1013 1
353 1035 1
353 1079 1
353 1096 1
353 1177 1
353 1179 1
353 1188 1
353 1205 1
353 1221 1
353 1231 1
353 1246 1
353 1333 1
353 1347 1
353 1365 1
353 1395 1
353 1398 1
353 1469 1
353 1502 1
353 1544 1
353 1599 1
353 1669 1
353 1675 1
353 1736 1
353 1745 1
353 1746 1
353 1777 1
353 1801 1
353 1825 1
353 1933 1
353 1937 1
354 397 1
354 419 1
354 475 1
354 500 1
354 558 1
354 581 1
354 755 1
354 793 1
354 796 1
354 848 1
354 906 1
354 984 1
354 1017 1
354 1041 1
354 1111 1
354 1240 1
354 1245 1
354 1316 1
354 1319 1
354 1344 1
354 1380 1
354 1392 1
354 1502 1
354 1504 1
354 1556 1
354 1586 1
354 1724 1
354 1752 1
354 1761 1
354 1780 1
354 1804 1
354 1890 1
354 1944 1
354 1949 1
355 361 1
355 435 1
355 585 1
355 620 1
355 644 1
355 648 1
355 653 1
355 728 1
355 898 1
355 909 1
355 924 1
355 972 1
355 1061 1
355 1114 1
355 1137 1
355 1151 1
355 1165 1
355 1167 1
355 1180 1
355 1217 1
355 1293 1
355 1307 1
355 1359 1
355 1382 1
355 1383 1
355 1399 1
355 1534 1
355 1553 1
355 1647 1
355 1675 1
355 1760 1
355 1772 1
355 1781 1
355 1859 1
355 1870 1
355 1875 1
355 1950 1
355 1968 1
356 399 1
356 416 1
356 478 1
356 503 1
356 516 1
356 539 1
356 603 1
356 611 1
356 622 1
356 636 1
356 661 1
356 669 1
356 836 1
356 873 1
356 911 1
356 912 1
356 921 1
356 925 1
356 959 1
356 1043 1
356 1059 1
356 1080 1
356 1098 1
356 1102 1
356 1147 1
356 1220 1
356 1257 1
356 1258 1
356 1288 1
356 1290 1
356 1425 1
356 1461 1
356 1496 1
356 1532 1
356 1543 1
356 1561 1
356 1573 1
356 1594 1
356 1628 1
356 1686 1
356 1731 1
356 1796 1
356 1816 1
356 1820 1
356 1840 1
356 1884 1
356 1911 1
356 1919 1
356 1954 1
356 1973 1
356 1974 1
356 1988 1
357 425 1
357 431 1
357 443 1
357 452 1
357 458 1
357 527 1
357 533 1
357 597 1
357 654 1
357 687 1
357 760 1
357 767 1
357 790 1
357 853 1
357 908 1
357 938 1
357 1001 1
357 1007 1
357 1032 1
357 1038 1
357 1099 1
357 1110 1
357 1191 1
357 1216 1
357 1219 1
357 1253 1
357 1292 1
357 1357 1
357 1469 1
357 1472 1
357 1479 1
357 1485 1
357 1562 1
357 1567 1
357 1635 1
357 1722 1
357 1741 1
357 1782 1
357 1805 1
357 1816 1
357 1830 1
357 1842 1
357 1854 1
357 1882 1
357 1898 1
357 1923 1
357 1963 1
357 1996 1
358 380 1
358 429 1
358 474 1
358 523 1
358 608 1
358 785 1
358 887 1
358 894 1
358 921 1
358 981 1
358 1022 1
358 1197 1
358 1237 1
358 1242 1
358 1266 1
358 1277 1
358 1323 1
358 1340 1
358 1359 1
358 1363 1
358 1535 1
358 1604 1
358 1605 1
358 1639 1
358 1654 1
358 1772 1
358 1864 1
358 1971 1
359 365 1
359 427 1
359 477 1
359 559 1
359 563 1
359 564 1
359 744 1
359 810 1
359 828 1
359 839 1
359 881 1
359 919 1
359 925 1
359 952 1
359 975 1
359 997 1
359 1009 1
359 1010 1
359 1029 1
359 1066 1
359 1097 1
359 1113 1
359 1174 1
359 1187 1
359 1199 1
359 1245 1
359 1304 1
359 1321 1
359 1373 1
359 1417 1
359 1484 1
359 1506 1
359 1526 1
359 1554 1
359 1607 1
359 1658 1
359 1676 1
359 1710 1
359 1772 1
359 1790 1
359 1801 1
359 1897 1
359 1972 1
359 1980 1
360 510 1
360 545 1
360 548 1
360 566 1
360 588 1
360 611 1
360 757 1
360 772 1
360 775 1
360 808 1
360 897 1
360 924 1
360 927 1
360 989 1
360 991 1
360 995 1
360 1137 1
360 1213 1
360 1349 1
360 1351 1
360 1456 1
360 1496 1
360 1647 1
360 1709 1
360 1718 1
360 1730 1
360 1737 1
360 1780 1
360 1807 1
360 1832 1
360 1835 1
360 1899 1
360 1926 1
360 1931 1
360 1986 1
360 1994 1
360 1998 1
361 394 1
361 395 1
361 512 1
361 580 1
361 592 1
361 609 1
361 662 1
361 729 1
361 762 1
361 766 1
361 798 1
361 840 1
361 848 1
361 878 1
361 965 1
361 981 1
361 1006 1
361 1062 1
361 1133 1
361 1147 1
361 1177 1
361 1228 1
361 1229 1
361 1253 1
361 1263 1
361 1268 1
361 1281 1
361 1292 1
361 1293 1
361 1375 1
361 1427 1
361 1571 1
361 1625 1
361 1655 1
361 1709 1
361 1716 1
361 1788 1
361 1811 1
361 1876 1
361 1878 1
361 1898 1
361 1932 1
361 1980 1
362 436 1
362 553 1
362 672 1
362 684 1
362 689 1
362 692 1
362 788 1
362 807 1
362 851 1
362 894 1
362 896 1
362 943 1
362 956 1
362 975 1
362 1000 1
362 1198 1
362 1210 1
362 1416 1
362 1511 1
362 1579 1
362 1666 1
362 1838 1
362 1846 1
362 1887 1
362 1910 1
362 1994 1
363 397 1
363 431 1
363 452 1
363 467 1
363 506 1
363 594 1
363 624 1
363 634 1
363 646 1
363 681 1
363 749 1
363 756 1
363 760 1
363 825 1
363 891 1
363 988 1
363 1029 1
363 1067 1
363 1187 1
363 1201 1
363 1232 1
363 1244 1
363 1278 1
363 1345 1
363 1349 1
363 1410 1
363 1417 1
363 1433 1
363 1465 1
363 1471 1
363 1616 1
363 1626 1
363 1643 1
363 1645 1
363 1658 1
363 1659 1
363 1670 1
363 1691 1
363 1738 1
363 1779 1
363 1781 1
363 1836 1
363 1886 1
363 1947 1
363 1983 1
364 401 1
364 446 1
364 592 1
364 659 1
364 660 1
364 668 1
364 693 1
364 698 1
364 819 1
364 840 1
364 853 1
364 855 1
364 902 1
364 978 1
364 994 1
364 1000 1
364 1008 1
364 1072 1
364 1150 1
364 1166 1
364 1177 1
364 1210 1
364 1224 1
364 1243 1
364 1247 1
364 1299 1
364 1338 1
364 1395 1
364 1508 1
364 1534 1
364 1708 1
364 1813 1
364 1832 1
364 1892 1
364 1958 1
364 1976 1
365 376 1
365 494 1
365 532 1
365 623 1
365 641 1
365 652 1
365 877 1
365 985 1
365 1002 1
365 1013 1
365 1066 1
365 1149 1
365 1170 1
365 1171 1
365 1240 1
365 1286 1
365 1392 1
365 1423 1
365 1534 1
365 1609 1
365 1666 1
365 1679 1
365 1716 1
365 1725 1
365 1775 1
365 1807 1
365 1901 1
365 1957 1
366 429 1
366 439 1
366 444 1
366 449 1
366 512 1
366 536 1
366 567 1
366 636 1
366 666 1
366 708 1
366 723 1
366 780 1
366 782 1
366 786 1
366 874 1
366 913 1
366 923 1
366 926 1
366 963 1
366 984 1
366 1017 1
366 1029 1
366 1038 1
366 1039 1
366 1060 1
366 1096 1
366 1143 1
366 1160 1
366 1208 1
366 1223 1
366 1232 1
366 1293 1
366 1369 1
366 1385 1
366 1387 1
366 1428 1
366 1432 1
366 1446 1
366 1491 1
366 1544 1
366 1551 1
366 1593 1
366 1622 1
366 1628 1
366 1717 1
366 1734 1
366 1953 1
367 465 1
367 477 1
367 527 1
367 565 1
367 599 1
367 621 1
367 669 1
367 677 1
367 712 1
367 738 1
367 817 1
367 877 1
367 887 1
367 925 1
367 1066 1
367 1096 1
367 1108 1
367 1113 1
367 1185 1
367 1195 1
367 1203 1
367 1209 1
367 1210 1
367 1244 1
367 1328 1
367 1362 1
367 1408 1
367 1472 1
367 1476 1
367 1541 1
367 1610 1
367 1688 1
367 1756 1
367 1774 1
367 1794 1
367 1808 1
367 1867 1
367 1869 1
367 1920 1
367 1921 1
367 1936 1
368 371 1
368 373 1
368 374 1
368 445 1
368 450 1
368 481 1
368 656 1
368 657 1
368 660 1
368 725 1
368 750 1
368 773 1
368 780 1
368 818 1
368 874 1
368 987 1
368 1002 1
368 1004 1
368 1010 1
368 1059 1
368 1079 1
368 1084 1
368 1109 1
368 1167 1
368 1187 1
368 1189 1
368 1261 1
368 1321 1
368 1336 1
368 1345 1
368 1512 1
368 1584 1
368 1664 1
368 1674 1
368 1825 1
368 1826 1
368 1844 1
368 1861 1
368 1939 1
368 1979 1
368 1983 1
369 412 1
369 420 1
369 556 1
369 568 1
369 634 1
369 775 1
369 802 1
369 835 1
369 910 1
369 938 1
369 1008 1
369 1062 1
369 1068 1
369 1120 1
369 1125 1
369 1167 1
369 1169 1
369 1220 1
369 1255 1
369 1278 1
369 1304 1
369 1516 1
369 1570 1
369 1627 1
369 1655 1
369 1692 1
369 1720 1
369 1750 1
369 1791 1
369 1812 1
369 1867 1
369 1906 1
369 1948 1
369 1991 1
370 432 1
370 475 1
370 508 1
370 516 1
370 530 1
370 536 1
370 537 1
370 545 1
370 558 1
370 636 1
370 655 1
370 695 1
370 820 1
370 821 1
370 861 1
370 874 1
370 987 1
370 989 1
370 1011 1
370 1023 1
370 1029 1
370 1033 1
370 1037 1
370 1066 1
370 1148 1
370 1157 1
370 1172 1
370 1197 1
370 1354 1
370 1386 1
370 1456 1
370 1466 1
370 1670 1
370 1728 1
370 1763 1
370 1773 1
370 1777 1
370 1852 1
370 1879 1
370 1880 1
370 1884 1
370 1889 1
370 1890 1
370 1895 1
370 1931 1
370 1962 1
371 444 1
371 574 1
371 618 1
371 620 1
371 637 1
371 645 1
371 760 1
371 803 1
371 818 1
371 882 1
371 902 1
371 925 1
371 927 1
371 1001 1
371 1010 1
371 1039 1
371 1131 1
371 1164 1
371 1185 1
371 1243 1
371 1248 1
371 1307 1
371 1355 1
371 1375 1
371 1402 1
371 1541 1
371 1556 1
371 1578 1
371 1580 1
371 1633 1
371 1634 1
371 1690 1
371 1706 1
371 1709 1
371 1726 1
371 1828 1
371 1848 1
371 1861 1
371 1934 1
372 427 1
372 433 1
372 541 1
372 607 1
372 615 1
372 677 1
372 688 1
372 746 1
372 750 1
372 771 1
372 798 1
372 843 1
372 929 1
372 949 1
372 984 1
372 1051 1
372 1072 1
372 1122 1
372 1179 1
372 1189 1
372 1194 1
372 1333 1
372 1339 1
372 1363 1
372 1390 1
372 1405 1
372 1420 1
372 1464 1
372 1466 1
372 1533 1
372 1627 1
372 1670 1
372 1675 1
372 1677 1
372 1737 1
372 1748 1
372 1787 1
372 1838 1
372 1880 1
372 1882 1
372 1884 1
373 418 1
373 465 1
373 466 1
373 477 1
373 502 1
373 529 1
373 595 1
373 628 1
373 645 1
373 653 1
373 654 1
373 680 1
373 688 1
373 764 1
373 843 1
373 866 1
373 991 1
373 1002 1
373 1008 1
373 1020 1
373 1043 1
373 1067 1
373 1092 1
373 1119 1
373 1121 1
373 1135 1
373 1185 1
373 1229 1
373 1273 1
373 1290 1
373 1291 1
373 1332 1
373 1400 1
373 1427 1
373 1447 1
373 1462 1
373 1477 1
373 1491 1
373 1514 1
373 1551 1
373 1562 1
373 1578 1
373 1596 1
373 1607 1
373 1627 1
373 1630 1
373 1711 1
373 1785 1
373 1850 1
373 1872 1
373 1913 1
373 1978 1
373 1994 1
374 391 1
374 414 1
374 435 1
374 455 1
374 501 1
374 515 1
374 589 1
374 611 1
374 630 1
374 738 1
374 781 1
374 868 1
374 891 1
374 901 1
374 925 1
374 960 1
374 1003 1
374 1130 1
374 1165 1
374 1358 1
374 1375 1
374 1409 1
374 1563 1
374 1580 1
374 1586 1
374 1618 1
374 1640 1
374 1690 1
374 1694 1
374 1729 1
374 1731 1
374 1815 1
374 1820 1
374 1825 1
374 1835 1
374 1874 1
374 1884 1
374 1920 1
374 1924 1
374 1925 1
374 1940 1
375 441 1
375 447 1
375 544 1
375 545 1
375 617 1
375 649 1
375 720 1
375 743 1
375 759 1
375 800 1
375 813 1
375 862 1
375 872 1
375 901 1
375 960 1
375 965 1
375 967 1
375 971 1
375 975 1
375 1019 1
375 1109 1
375 1276 1
375 1329 1
375 1365 1
375 1379 1
375 1384 1
375 1463 1
375 1473 1
375 1553 1
375 1571 1
375 1575 1
375 1668 1
375 1716 1
375 1727 1
375 1755 1
375 1758 1
375 1780 1
375 1787 1
375 1789 1
375 1802 1
375 1828 1
375 1836 1
375 1873 1
375 1881 1
375 1963 1
376 377 1
376 398 1
376 414 1
376 417 1
376 469 1
376 495 1
376 564 1
376 621 1
376 650 1
376 672 1
376 724 1
376 744 1
376 755 1
376 820 1
376 885 1
376 904 1
376 916 1
376 925 1
376 1028 1
376 1070 1
376 1137 1
376 1153 1
376 1274 1
376 1283 1
376 1294 1
376 1317 1
376 1342 1
376 1420 1
376 1460 1
376 1551 1
376 1558 1
376 1585 1
376 1616 1
376 1633 1
376 1646 1
376 1648 1
376 1663 1
376 1689 1
376 1735 1
376 1745 1
376 1753 1
376 1772 1
376 1775 1
376 1807 1
376 1815 1
376 1861 1
376 1886 1
376 1891 1
376 1910 1
376 1924 1
376 1937 1
377 420 1
377 624 1
377 647 1
377 655 1
377 662 1
377 691 1
377 716 1
377 821 1
377 859 1
377 937 1
377 980 1
377 981 1
377 992 1
377 1000 1
377 1056 1
377 1085 1
377 1115 1
377 1180 1
377 1184 1
377 1233 1
377 1270 1
377 1301 1
377 1343 1
377 1411 1
377 1449 1
377 1553 1
377 1555 1
377 1575 1
377 1593 1
377 1631 1
377 1677 1
377 1698 1
377 1807 1
377 1868 1
377 1884 1
377 1893 1
377 1980 1
377 1982 1
378 390 1
378 398 1
378 451 1
378 591 1
378 670 1
378 714 1
378 765 1
378 847 1
378 848 1
378 867 1
378 1010 1
378 1069 1
378 1071 1
378 1127 1
378 1197 1
378 1218 1
378 1315 1
378 1319 1
378 1344 1
378 1390 1
378 1415 1
378 1484 1
378 1494 1
378 1509 1
378 1640 1
378 1647 1
378 1750 1
378 1752 1
378 1770 1
378 1888 1
378 1933 1
378 1976 1
379 437 1
379 564 1
379 581 1
379 593 1
379 620 1
379 663 1
379 685 1
379 754 1
379 759 1
379 788 1
379 800 1
379 877 1
379 964 1
379 978 1
379 985 1
379 988 1
379 994 1
379 1003 1
379 1071 1
379 1082 1
379 1106 1
379 1148 1
379 1155 1
379 1261 1
379 1284 1
379 1310 1
379 1333 1
379 1367 1
379 1415 1
379 1432 1
379 1463 1
379 1530 1
379 1608 1
379 1626 1
379 1640 1
379 1658 1
379 1673 1
379 1757 1
379 1793 1
379 1869 1
379 1924 1
380 390 1
380 414 1
380 418 1
380 422 1
380 444 1
380 535 1
380 558 1
380 562 1
380 591 1
380 593 1
380 612 1
380 639 1
380 649 1
380 701 1
380 787 1
380 915 1
380 968 1
380 978 1
380 1019 1
380 1078 1
380 1213 1
380 1229 1
380 1272 1
380 1291 1
380 1365 1
380 1372 1
380 1437 1
380 1466 1
380 1482 1
380 1485 1
380 1512 1
380 1577 1
380 1656 1
380 1746 1
380 1747 1
380 1755 1
380 1781 1
380 1783 1
380 1793 1
380 1799 1
380 1836 1
381 394 1
381 418 1
381 425 1
381 453 1
381 460 1
381 509 1
381 634 1
381 638 1
381 643 1
381 665 1
381 673 1
381 695 1
381 742 1
381 743 1
381 780 1
381 790 1
381 801 1
381 866 1
381 1124 1
381 1179 1
381 1259 1
381 1307 1
381 1346 1
381 1386 1
381 1395 1
381 1428 1
381 1576 1
381 1679 1
381 1696 1
381 1718 1
381 1725 1
381 1745 1
381 1796 1
381 1825 1
381 1872 1
381 1915 1
381 1921 1
382 416 1
382 498 1
382 507 1
382 509 1
382 517 1
382 535 1
382 561 1
382 578 1
382 603 1
382 608 1
382 707 1
382 765 1
382 767 1
382 774 1
382 786 1
382 822 1
382 852 1
382 862 1
382 991 1
382 1031 1
382 1121 1
382 1131 1
382 1235 1
382 1378 1
382 1415 1
382 1469 1
382 1501 1
382 1505 1
382 1519 1
382 1559 1
382 1583 1
382 1593 1
382 1615 1
382 1683 1
382 1700 1
382 1761 1
382 1784 1
382 1797 1
382 1840 1
382 1849 1
382 1956 1
382 1964 1
383 417 1
383 426 1
383 498 1
383 508 1
383 524 1
383 558 1
383 565 1
383 630 1
383 638 1
383 690 1
383 820 1
383 917 1
383 932 1
383 969 1
383 989 1
383 1047 1
383 1096 1
383 1180 1
383 1269 1
383 1283 1
383 1334 1
383 1352 1
383 1357 1
383 1400 1
383 1406 1
383 1421 1
383 1509 1
383 1519 1
383 1538 1
383 1616 1
383 1676 1
383 1760 1
383 1894 1
383 1908 1
383 1919 1
383 1925 1
383 1934 1
383 1954 1
383 1967 1
384 438 1
384 520 1
384 569 1
384 573 1
384 577 1
384 583 1
384 593 1
384 596 1
384 728 1
384 798 1
384 828 1
384 835 1
384 901 1
384 906 1
384 938 1
384 976 1
384 1002 1
384 1026 1
384 1205 1
384 1271 1
384 1279 1
384 1387 1
384 1438 1
384 1449 1
384 1462 1
384 1474 1
384 1476 1
384 1517 1
384 1536 1
384 1571 1
384 1579 1
384 1584 1
384 1648 1
384 1678 1
384 1800 1
384 1867 1
384 1972 1
384 1981 1
385 459 1
385 481 1
385 521 1
385 586 1
385 601 1
385 703 1
385 739 1
385 752 1
385 800 1
385 809 1
385 876 1
385 922 1
385 989 1
385 1053 1
385 1063 1
385 1100 1
385 1163 1
385 1167 1
385 1261 1
385 1560 1
385 1605 1
385 1686 1
385 1716 1
385 1717 1
385 1749 1
385 1755 1
385 1819 1
385 1883 1
386 399 1
386 480 1
386 518 1
386 579 1
386 651 1
386 732 1
386 789 1
386 1144 1
386 1148 1
386 1174 1
386 1181 1
386 1189 1
386 1211 1
386 1215 1
386 1216 1
386 1232 1
386 1236 1
386 1295 1
386 1348 1
386 1388 1
386 1393 1
386 1435 1
386 1463 1
386 1516 1
386 1553 1
386 1571 1
386 1580 1
386 1684 1
386 1704 1
386 1749 1
386 1762 1
386 1791 1
386 1840 1
386 1858 1
386 1868 1
386 1887 1
386 1938 1
386 1966 1
387 492 1
387 575 1
387 622 1
387 698 1
387 773 1
387 791 1
387 803 1
387 814 1
387 891 1
387 973 1
387 1098 1
387 1101 1
387 1212 1
387 1238 1
387 1282 1
387 1361 1
387 1375 1
387 1393 1
387 1472 1
387 1499 1
387 1509 1
387 1512 1
387 1514 1
387 1523 1
387 1579 1
387 1640 1
387 1646 1
387 1690 1
387 1816 1
387 1829 1
387 1868 1
387 1882 1
387 1883 1
387 1901 1
387 1932 1
387 1943 1
388 397 1
388 399 1
388 427 1
388 450 1
388 479 1
388 582 1
388 627 1
388 701 1
388 704 1
388 709 1
388 719 1
388 760 1
388 796 1
388 828 1
388 850 1
388 861 1
388 1160 1
388 1166 1
388 1176 1
388 1250 1
388 1259 1
388 1286 1
388 1329 1
388 1330 1
388 1379 1
388 1484 1
388 1573 1
388 1648 1
388 1668 1
388 1674 1
388 1693 1
388 1786 1
388 1815 1
388 1838 1
388 1868 1
388 1884 1
388 1894 1
388 1976 1
389 427 1
389 467 1
389 493 1
389 509 1
389 542 1
389 574 1
389 642 1
389 646 1
389 671 1
389 672 1
389 701 1
389 795 1
389 800 1
389 802 1
389 804 1
389 904 1
389 964 1
389 1032 1
389 1063 1
389 1071 1
389 1072 1
389 1075 1
389 1082 1
389 1089 1
389 1178 1
389 1190 1
389 1226 1
389 1268 1
389 1278 1
389 1279 1
389 1317 1
389 1341 1
389 1386 1
389 1438 1
389 1442 1
389 1482 1
389 1506 1
389 1533 1
389 1546 1
389 1578 1
389 1584 1
389 1586 1
389 1604 1
389 1642 1
389 1678 1
389 1682 1
389 1715 1
389 1739 1
389 1774 1
389 1785 1
389 1832 1
389 1880 1
389 1940 1
389 1987 1
390 403 1
390 433 1
390 453 1
390 511 1
390 517 1
390 544 1
390 553 1
390 593 1
390 610 1
390 716 1
390 720 1
390 757 1
390 776 1
390 816 1
390 821 1
390 851 1
390 881 1
390 886 1
390 900 1
390 938 1
390 954 1
390 968 1
390 1004 1
390 1115 1
390 1150 1
390 1187 1
390 1197 1
390 1218 1
390 1248 1
390 1301 1
390 1322 1
390 1330 1
390 1363 1
390 1423 1
390 1451 1
390 1490 1
390 1575 1
390 1605 1
390 1622 1
390 1624 1
390 1655 1
390 1663 1
390 1667 1
390 1728 1
390 1730 1
390 1836 1
390 1868 1
390 1918 1
390 1988 1
391 394 1
391 434 1
391 564 1
391 645 1
391 669 1
391 685 1
391 742 1
391 744 1
391 760 1
391 772 1
391 818 1
391 870 1
391 875 1
391 900 1
391 980 1
391 1045 1
391 1129 1
391 1142 1
391 1177 1
391 1197 1
391 1215 1
391 1244 1
391 1278 1
391 1279 1
391 1333 1
391 1356 1
391 1363 1
391 1439 1
391 1595 1
391 1688 1
391 1696 1
391 1731 1
391 1854 1
391 1900 1
391 1937 1
391 1968 1
391 1983 1
392 457 1
392 509 1
392 519 1
392 547 1
392 628 1
392 745 1
392 768 1
392 844 1
392 885 1
392 904 1
392 1039 1
392 1092 1
392 1131 1
392 1153 1
392 1271 1
392 1361 1
392 1370 1
392 1427 1
392 1443 1
392 1455 1
392 1461 1
392 1477 1
392 1497 1
392 1572 1
392 1692 1
392 1708 1
392 1718 1
392 1881 1
393 405 1
393 589 1
393 627 1
393 671 1
393 679 1
393 723 1
393 739 1
393 752 1
393 775 1
393 786 1
393 848 1
393 910 1
393 1018 1
393 1042 1
393 1057 1
393 1115 1
393 1128 1
393 1157 1
393 1193 1
393 1199 1
393 1208 1
393 1209 1
393 1234 1
393 1310 1
393 1344 1
393 1355 1
393 1379 1
393 1439 1
393 1482 1
393 1490 1
393 1498 1
393 1558 1
393 1617 1
393 1716 1
393 1718 1
393 1852 1
393 1858 1
393 1862 1
393 1939 1
393 1951 1
393 1975 1
393 1978 1
394 503 1
394 511 1
394 526 1
394 532 1
394 595 1
394 600 1
394 619 1
394 666 1
394 686 1
394 704 1
394 773 1
394 776 1
394 810 1
394 833 1
394 907 1
394 927 1
394 942 1
394 972 1
394 988 1
394 1044 1
394 1047 1
394 1100 1
394 1117 1
394 1145 1
394 1180 1
394 1203 1
394 1338 1
394 1361 1
394 1449 1
394 1518 1
394 1601 1
394 1610 1
394 1637 1
394 1758 1
394 1801 1
394 1851 1
395 482 1
395 587 1
395 588 1
395 612 1
395 659 1
395 700 1
395 707 1
395 738 1
395 802 1
395 806 1
395 839 1
395 840 1
395 886 1
395 896 1
395 970 1
395 975 1
395 980 1
395 1077 1
395 1108 1
395 1143 1
395 1232 1
395 1240 1
395 1265 1
395 1280 1
395 1295 1
395 1343 1
395 1353 1
395 1361 1
395 1367 1
395 1459 1
395 1462 1
395 1530 1
395 1533 1
395 1588 1
395 1610 1
395 1617 1
395 1649 1
395 1780 1
395 1798 1
395 1835 1
395 1836 1
395 1932 1
396 556 1
396 570 1
396 698 1
396 758 1
396 836 1
396 837 1
396 876 1
396 884 1
396 898 1
396 1085 1
396 1111 1
396 1113 1
396 1158 1
396 1221 1
396 1336 1
396 1460 1
396 1472 1
396 1500 1
396 1510 1
396 1577 1
396 1578 1
396 1709 1
396 1724 1
396 1771 1
396 1800 1
396 1819 1
396 1910 1
396 1962 1
396 1980 1
397 428 1
397 437 1
397 500 1
397 501 1
397 613 1
397 664 1
397 712 1
397 771 1
397 815 1
397 947 1
397 968 1
397 998 1
397 1016 1
397 1095 1
397 1110 1
397 1147 1
397 1158 1
397 1175 1
397 1208 1
397 1339 1
397 1393 1
397 1507 1
397 1518 1
397 1655 1
397 1670 1
397 1696 1
397 1719 1
397 1776 1
397 1777 1
397 1827 1
397 1890 1
397 1967 1
397 1995 1
398 437 1
398 489 1
398 514 1
398 533 1
398 536 1
398 638 1
398 657 1
398 729 1
398 737 1
398 754 1
398 765 1
398 775 1
398 812 1
398 889 1
398 906 1
398 919 1
398 922 1
398 1022 1
398 1093 1
398 1144 1
398 1162 1
398 1198 1
398 1303 1
398 1311 1
398 1372 1
398 1395 1
398 1404 1
398 1475 1
398 1523 1
398 1536 1
398 1576 1
398 1578 1
398 1671 1
398 1739 1
398 1753 1
398 1839 1
398 1870 1
398 1873 1
398 1910 1
398 1918 1
398 1958 1
399 424 1
399 476 1
399 490 1
399 511 1
399 530 1
399 545 1
399 639 1
399 646 1
399 659 1
399 668 1
399 684 1
399 739 1
399 771 1
399 821 1
399 907 1
399 922 1
399 1012 1
399 1028 1
399 1055 1
399 1082 1
399 1098 1
399 1105 1
399 1127 1
399 1174 1
399 1181 1
399 1200 1
399 1388 1
399 1473 1
399 1475 1
399 1492 1
399 1511 1
399 1539 1
399 1664 1
399 1723 1
399 1734 1
399 1804 1
399 1816 1
399 1846 1
399 1874 1
399 1907 1
399 1922 1
399 1967 1
400 404 1
400 422 1
400 431 1
400 482 1
400 485 1
400 515 1
400 614 1
400 729 1
400 737 1
400 740 1
400 831 1
400 863 1
400 905 1
400 973 1
400 983 1
400 1013 1
400 1017 1
400 1018 1
400 1066 1
400 1086 1
400 1107 1
400 1314 1
400 1320 1
400 1353 1
400 1356 1
400 1358 1
400 1372 1
400 1440 1
400 1553 1
400 1578 1
400 1591 1
400 1593 1
400 1597 1
400 1598 1
400 1646 1
400 1665 1
400 1721 1
400 1808 1
400 1846 1
400 1905 1
400 1914 1
400 1921 1
400 1998 1
401 421 1
401 428 1
401 432 1
401 436 1
401 459 1
401 538 1
401 667 1
401 717 1
401 750 1
401 935 1
401 1033 1
401 1215 1
401 1310 1
401 1314 1
401 1356 1
401 1370 1
401 1395 1
401 1423 1
401 1427 1
401 1456 1
401 1602 1
401 1664 1
401 1682 1
401 1700 1
401 1702 1
401 1705 1
401 1726 1
401 1781 1
401 1841 1
401 1928 1
402 411 1
402 433 1
402 441 1
402 548 1
402 734 1
402 742 1
402 758 1
402 762 1
402 765 1
402 807 1
402 917 1
402 947 1
402 989 1
402 999 1
402 1036 1
402 1113 1
402 1174 1
402 1194 1
402 1250 1
402 1270 1
402 1319 1
402 1397 1
402 1455 1
402 1514 1
402 1572 1
402 1584 1
402 1607 1
402 1703 1
402 1707 1
402 1711 1
402 1712 1
402 1751 1
402 1762 1
402 1856 1
403 433 1
403 482 1
403 633 1
403 787 1
403 826 1
403 927 1
403 947 1
403 978 1
403 1039 1
403 1053 1
403 1061 1
403 1131 1
403 1138 1
403 1143 1
403 1195 1
403 1207 1
403 1276 1
403 1295 1
403 1385 1
403 1390 1
403 1449 1
403 1508 1
403 1510 1
403 1538 1
403 1558 1
403 1600 1
403 1632 1
403 1737 1
403 1745 1
403 1783 1
403 1792 1
403 1975 1
403 1988 1
404 420 1
404 533 1
404 543 1
404 557 1
404 647 1
404 650 1
404 657 1
404 678 1
404 717 1
404 727 1
404 777 1
404 819 1
404 824 1
404 839 1
404 912 1
404 980 1
404 1018 1
404 1119 1
404 1255 1
404 1307 1
404 1486 1
404 1530 1
404 1590 1
404 1602 1
404 1627 1
404 1645 1
404 1647 1
404 1672 1
404 1683 1
404 1699 1
404 1818 1
404 1825 1
404 1923 1
404 1958 1
404 1975 1
405 448 1
405 451 1
405 452 1
405 534 1
405 540 1
405 615 1
405 642 1
405 666 1
405 693 1
405 747 1
405 764 1
405 798 1
405 828 1
405 1023 1
405 1025 1
405 1042 1
405 1072 1
405 1184 1
405 1241 1
405 1246 1
405 1264 1
405 1275 1
405 1280 1
405 1348 1
405 1352 1
405 1360 1
405 1366 1
405 1381 1
405 1438 1
405 1448 1
405 1461 1
405 1497 1
405 1587 1
405 1606 1
405 1650 1
405 1694 1
405 1740 1
405 1747 1
405 1782 1
405 1798 1
405 1804 1
405 1848 1
405 1879 1
405 1901 1
405 1929 1
405 1959 1
405 1973 1
406 408 1
406 411 1
406 468 1
406 470 1
406 525 1
406 569 1
406 623 1
406 729 1
406 733 1
406 773 1
406 778 1
406 825 1
406 830 1
406 839 1
406 857 1
406 934 1
406 951 1
406 993 1
406 1012 1
406 1022 1
406 1036 1
406 1040 1
406 1053 1
406 1061 1
406 1078 1
406 1103 1
406 1142 1
406 1214 1
406 1216 1
406 1264 1
406 1280 1
406 1356 1
406 1364 1
406 1392 1
406 1440 1
406 1481 1
406 1484 1
406 1628 1
406 1635 1
406 1719 1
406 1768 1
406 1879 1
406 1932 1
406 1935 1
407 415 1
407 525 1
407 531 1
407 554 1
407 580 1
407 635 1
407 731 1
407 740 1
407 831 1
407 840 1
407 865 1
407 875 1
407 899 1
407 949 1
407 985 1
407 990 1
407 1133 1
407 1137 1
407 1147 1
407 1233 1
407 1263 1
407 1273 1
407 1325 1
407 1372 1
407 1409 1
407 1471 1
407 1485 1
407 1579 1
407 1608 1
407 1618 1
407 1697 1
407 1761 1
407 1763 1
407 1792 1
407 1793 1
407 1798 1
407 1817 1
407 1828 1
407 1869 1
407 1900 1
408 448 1
408 451 1
408 493 1
408 558 1
408 571 1
408 655 1
408 662 1
408 671 1
408 745 1
408 797 1
408 801 1
408 881 1
408 889 1
408 892 1
408 913 1
408 915 1
408 927 1
408 930 1
408 945 1
408 960 1
408 966 1
408 1050 1
408 1078 1
408 1085 1
408 1178 1
408 1211 1
408 1316 1
408 1347 1
408 1382 1
408 1383 1
408 1394 1
408 1421 1
408 1429 1
408 1518 1
408 1560 1
408 1610 1
408 1654 1
408 1691 1
408 1745 1
408 1748 1
408 1791 1
408 1797 1
408 1817 1
408 1826 1
408 1835 1
408 1867 1
408 1868 1
408 1870 1
408 1882 1
408 1889 1
408 1980 1
409 570 1
409 609 1
409 627 1
409 637 1
409 649 1
409 665 1
409 707 1
409 748 1
409 802 1
409 814 1
409 817 1
409 887 1
409 905 1
409 940 1
409 972 1
409 997 1
409 1030 1
409 1061 1
409 1071 1
409 1183 1
409 1239 1
409 1370 1
409 1409 1
409 1501 1
409 1593 1
409 1596 1
409 1597 1
409 1714 1
409 1779 1
409 1785 1
409 1874 1
409 1965 1
409 1996 1
410 423 1
410 434 1
410 629 1
410 631 1
410 680 1
410 682 1
410 706 1
410 727 1
410 737 1
410 824 1
410 832 1
410 885 1
410 947 1
410 955 1
410 962 1
410 969 1
410 1015 1
410 1052 1
410 1060 1
410 1068 1
410 1070 1
410 1079 1
410 1130 1
410 1154 1
410 1224 1
410 1263 1
410 1301 1
410 1506 1
410 1512 1
410 1516 1
410 1745 1
410 1808 1
410 1836 1
410 1895 1
410 1897 1
410 1975 1
411 442 1
411 480 1
411 507 1
411 592 1
411 613 1
411 683 1
411 687 1
411 742 1
411 743 1
411 766 1
411 808 1
411 843 1
411 1154 1
411 1194 1
411 1211 1
411 1268 1
411 1305 1
411 1313 1
411 1388 1
411 1427 1
411 1429 1
411 1479 1
411 1483 1
411 1526 1
411 1536 1
411 1601 1
411 1644 1
411 1739 1
411 1765 1
411 1766 1
411 1813 1
411 1830 1
411 1837 1
411 1858 1
411 1911 1
411 1919 1
411 1923 1
411 1965 1
412 464 1
412 524 1
412 551 1
412 567 1
412 583 1
412 601 1
412 694 1
412 713 1
412 739 1
412 767 1
412 779 1
412 823 1
412 826 1
412 834 1
412 922 1
412 935 1
412 941 1
412 966 1
412 1006 1
412 1020 1
412 1047 1
412 1091 1
412 1100 1
412 1113 1
412 1126 1
412 1147 1
412 1163 1
412 1188 1
412 1246 1
412 1250 1
412 1300 1
412 1325 1
412 1348 1
412 1410 1
412 1412 1
412 1466 1
412 1522 1
412 1650 1
412 1685 1
412 1702 1
412 1763 1
412 1768 1
412 1823 1
412 1920 1
412 1967 1
412 1980 1
412 1993 1
413 428 1
413 451 1
413 461 1
413 480 1
413 514 1
413 526 1
413 552 1
413 591 1
413 664 1
413 715 1
413 721 1
413 723 1
413 748 1
413 760 1
413 776 1
413 900 1
413 988 1
413 1039 1
413 1055 1
413 1066 1
413 1079 1
413 1104 1
413 1115 1
413 1271 1
413 1280 1
413 1289 1
413 1335 1
413 1336 1
413 1339 1
413 1441 1
413 1497 1
413 1499 1
413 1572 1
413 1580 1
413 1607 1
413 1628 1
413 1797 1
413 1824 1
413 1832 1
413 1852 1
413 1859 1
413 1861 1
413 1899 1
413 1995 1
414 704 1
414 774 1
414 792 1
414 804 1
414 826 1
414 888 1
414 903 1
414 973 1
414 1003 1
414 1024 1
414 1093 1
414 1143 1
414 1149 1
414 1182 1
414 1198 1
414 1237 1
414 1286 1
414 1306 1
414 1321 1
414 1324 1
414 1343 1
414 1495 1
414 1503 1
414 1557 1
414 1560 1
414 1566 1
414 1632 1
414 1719 1
414 1804 1
414 1842 1
414 1865 1
414 1872 1
414 1932 1
414 1966 1
414 1987 1
414 1998 1
415 446 1
415 461 1
415 468 1
415 476 1
415 520 1
415 547 1
415 732 1
415 849 1
415 857 1
415 864 1
415 928 1
415 977 1
415 993 1
415 1184 1
415 1216 1
415 1237 1
415 1264 1
415 1265 1
415 1311 1
415 1329 1
415 1427 1
415 1430 1
415 1445 1
415 1462 1
415 1501 1
415 1520 1
415 1575 1
415 1578 1
415 1618 1
415 1706 1
415 1708 1
415 1790 1
415 1944 1
415 1979 1
416 434 1
416 488 1
416 537 1
416 560 1
416 561 1
416 579 1
416 674 1
416 710 1
416 721 1
416 751 1
416 757 1
416 819 1
416 875 1
416 887 1
416 889 1
416 928 1
416 1005 1
416 1024 1
416 1135 1
416 1153 1
416 1221 1
416 1237 1
416 1268 1
416 1271 1
416 1326 1
416 1334 1
416 1344 1
416 1363 1
416 1370 1
416 1422 1
416 1485 1
416 1532 1
416 1533 1
416 1541 1
416 1583 1
416 1652 1
416 1654 1
416 1658 1
416 1678 1
416 1777 1
416 1857 1
416 1876 1
416 1899 1
416 1915 1
416 1918 1
416 1926 1
416 1966 1
417 463 1
417 523 1
417 595 1
417 621 1
417 642 1
417 673 1
417 686 1
417 758 1
417 772 1
417 805 1
417 848 1
417 876 1
417 880 1
417 898 1
417 1036 1
417 1125 1
417 1163 1
417 1182 1
417 1194 1
417 1320 1
417 1358 1
417 1464 1
417 1752 1
417 1832 1
417 1894 1
417 1940 1
417 1947 1
417 1998 1
418 460 1
418 464 1
418 466 1
418 501 1
418 519 1
418 604 1
418 851 1
418 901 1
418 930 1
418 1012 1
418 1032 1
418 1120 1
418 1163 1
418 1164 1
418 1288 1
418 1296 1
418 1387 1
418 1412 1
418 1448 1
418 1473 1
418 1585 1
418 1591 1
418 1601 1
418 1637 1
418 1662 1
418 1691 1
418 1716 1
418 1731 1
418 1751 1
418 1793 1
418 1838 1
418 1841 1
418 1893 1
418 1924 1
418 1978 1
419 439 1
419 448 1
419 456 1
419 459 1
419 469 1
419 568 1
419 598 1
419 623 1
419 641 1
419 647 1
419 708 1
419 765 1
419 769 1
419 799 1
419 938 1
419 948 1
419 986 1
419 1063 1
419 1068 1
419 1093 1
419 1192 1
419 1205 1
419 1316 1
419 1375 1
419 1434 1
419 1484 1
419 1534 1
419 1552 1
419 1553 1
419 1567 1
419 1615 1
419 1621 1
419 1636 1
419 1665 1
419 1684 1
419 1701 1
419 1731 1
419 1760 1
419 1920 1
420 486 1
420 599 1
420 602 1
420 632 1
420 668 1
420 887 1
420 927 1
420 1017 1
420 1158 1
420 1174 1
420 1177 1
420 1291 1
420 1294 1
420 1323 1
420 1399 1
420 1416 1
420 1525 1
420 1533 1
420 1534 1
420 1602 1
420 1650 1
420 1659 1
420 1677 1
420 1687 1
420 1804 1
420 1814 1
420 1822 1
420 1898 1
420 1922 1
420 1928 1
420 1943 1
420 1959 1
420 1985 1
421 445 1
421 446 1
421 512 1
421 545 1
421 570 1
421 580 1
421 652 1
421 695 1
421 696 1
421 698 1
421 783 1
421 834 1
421 951 1
421 1033 1
421 1049 1
421 1085 1
421 1095 1
421 1096 1
421 1139 1
421 1171 1
421 1200 1
421 1320 1
421 1332 1
421 1358 1
421 1404 1
421 1429 1
421 1477 1
421 1485 1
421 1508 1
421 1517 1
421 1565 1
421 1624 1
421 1628 1
421 1640 1
421 1764 1
421 1772 1
421 1848 1
421 1878 1
421 1919 1
421 1951 1
421 1959 1
422 444 1
422 453 1
422 483 1
422 519 1
422 571 1
422 598 1
422 612 1
422 656 1
422 678 1
422 722 1
422 757 1
422 816 1
422 820 1
422 1011 1
422 1017 1
422 1031 1
422 1220 1
422 1229 1
422 1241 1
422 1285 1
422 1317 1
422 1335 1
422 1373 1
422 1384 1
422 1403 1
422 1411 1
422 1424 1
422 1519 1
422 1530 1
422 1585 1
422 1596 1
422 1786 1
422 1820 1
422 1864 1
422 1907 1
422 1937 1
422 1940 1
422 1956 1
422 1983 1
423 465 1
423 479 1
423 486 1
423 618 1
423 623 1
423 697 1
423 737 1
423 788 1
423 807 1
423 922 1
423 928 1
423 937 1
423 940 1
423 1005 1
423 1098 1
423 1132 1
423 1135 1
423 1185 1
423 1263 1
423 1279 1
423 1354 1
423 1399 1
423 1437 1
423 1464 1
423 1472 1
423 1497 1
423 1659 1
423 1662 1
423 1694 1
423 1827 1
423 1863 1
423 1924 1
423 1946 1
424 439 1
424 507 1
424 518 1
424 530 1
424 544 1
424 546 1
424 575 1
424 661 1
424 684 1
424 695 1
424 823 1
424 854 1
424 874 1
424 891 1
424 949 1
424 1026 1
424 1095 1
424 1121 1
424 1141 1
424 1275 1
424 1291 1
424 1301 1
424 1373 1
424 1562 1
424 1656 1
424 1749 1
424 1822 1
424 1824 1
424 1825 1
424 1853 1
424 1909 1
424 1918 1
424 1946 1
424 1950 1
424 1994 1
425 471 1
425 472 1
425 488 1
425 494 1
425 544 1
425 546 1
425 562 1
425 590 1
425 614 1
425 620 1
425 659 1
425 697 1
425 766 1
425 795 1
425 820 1
425 896 1
425 900 1
425 917 1
425 934 1
425 936 1
425 948 1
425 956 1
425 962 1
425 968 1
425 979 1
425 1007 1
425 1011 1
425 1040 1
425 1061 1
425 1107 1
425 1148 1
425 1243 1
425 1380 1
425 1446 1
425 1490 1
425 1503 1
425 1588 1
425 1605 1
425 1616 1
425 1738 1
425 1767 1
425 1797 1
425 1832 1
425 1835 1
425 1840 1
425 1874 1
425 1879 1
425 1956 1
426 549 1
426 584 1
426 607 1
426 716 1
426 732 1
426 797 1
426 844 1
426 845 1
426 869 1
426 876 1
426 885 1
426 927 1
426 956 1
426 976 1
426 977 1
426 1129 1
426 1152 1
426 1313 1
426 1326 1
426 1385 1
426 1423 1
426 1463 1
426 1511 1
426 1559 1
426 1612 1
426 1613 1
426 1618 1
426 1629 1
426 1667 1
426 1680 1
426 1692 1
426 1704 1
426 1718 1
426 1802 1
426 1816 1
426 1824 1
426 1868 1
426 1876 1
426 1886 1
426 1896 1
426 1915 1
426 1969 1
426 1996 1
427 432 1
427 436 1
427 456 1
427 492 1
427 659 1
427 721 1
427 728 1
427 756 1
427 777 1
427 814 1
427 895 1
427 913 1
427 919 1
427 990 1
427 991 1
427 1010 1
427 1021 1
427 1099 1
427 1193 1
427 1259 1
427 1308 1
427 1346 1
427 1350 1
427 1363 1
427 1415 1
427 1434 1
427 1439 1
427 1452 1
427 1556 1
427 1601 1
427 1608 1
427 1615 1
427 1626 1
427 1636 1
427 1703 1
427 1775 1
427 1815 1
427 1915 1
427 1973 1
428 498 1
428 563 1
428 594 1
428 621 1
428 629 1
428 757 1
428 767 1
428 830 1
428 831 1
428 966 1
428 986 1
428 1062 1
428 1072 1
428 1138 1
428 1145 1
428 1179 1
428 1187 1
428 1299 1
428 1498 1
428 1508 1
428 1599 1
428 1669 1
428 1715 1
428 1726 1
428 1752 1
428 1754 1
428 1803 1
428 1867 1
428 1895 1
428 1908 1
428 1970 1
428 1998 1
429 436 1
429 471 1
429 510 1
429 515 1
429 518 1
429 541 1
429 566 1
429 568 1
429 571 1
429 584 1
429 620 1
429 628 1
429 630 1
429 679 1
429 713 1
429 761 1
429 792 1
429 803 1
429 822 1
429 841 1
429 880 1
429 1086 1
429 1162 1
429 1248 1
429 1275 1
429 1396 1
429 1401 1
429 1406 1
429 1432 1
429 1441 1
429 1464 1
429 1467 1
429 1506 1
429 1534 1
429 1594 1
429 1663 1
429 1672 1
429 1675 1
429 1773 1
429 1775 1
429 1839 1
429 1870 1
429 1890 1
429 1948 1
429 1956 1
429 1991 1
430 449 1
430 478 1
430 486 1
430 554 1
430 560 1
430 587 1
430 630 1
430 680 1
430 699 1
430 711 1
430 721 1
430 733 1
430 772 1
430 782 1
430 857 1
430 859 1
430 904 1
430 939 1
430 970 1
430 988 1
430 1004 1
430 1018 1
430 1040 1
430 1070 1
430 1154 1
430 1155 1
430 1258 1
430 1282 1
430 1283 1
430 1365 1
430 1419 1
430 1471 1
430 1528 1
430 1595 1
430 1636 1
430 1716 1
430 1742 1
430 1832 1
430 1891 1
430 1937 1
430 1992 1
430 1999 1
431 488 1
431 528 1
431 535 1
431 542 1
431 566 1
431 589 1
431 668 1
431 680 1
431 778 1
431 911 1
431 947 1
431 956 1
431 976 1
431 1022 1
431 1038 1
431 1055 1
431 1124 1
431 1137 1
431 1208 1
431 1226 1
431 1234 1
431 1256 1
431 1303 1
431 1308 1
431 1320 1
431 1337 1
431 1358 1
431 1736 1
431 1777 1
431 1781 1
431 1801 1
431 1868 1
431 1891 1
431 1947 1
431 1975 1
432 449 1
432 459 1
432 512 1
432 560 1
432 582 1
432 590 1
432 703 1
432 782 1
432 837 1
432 846 1
432 896 1
432 928 1
432 1007 1
432 1012 1
432 1085 1
432 1232 1
432 1233 1
432 1259 1
432 1267 1
432 1272 1
432 1418 1
432 1502 1
432 1528 1
432 1553 1
432 1600 1
432 1606 1
432 1624 1
432 1626 1
432 1659 1
432 1681 1
432 1687 1
432 1739 1
432 1765 1
432 1820 1
432 1834 1
432 1869 1
432 1954 1
432 1989 1
433 437 1
433 461 1
433 465 1
433 517 1
433 564 1
433 571 1
433 667 1
433 680 1
433 683 1
433 690 1
433 723 1
433 797 1
433 798 1
433 880 1
433 976 1
433 1038 1
433 1091 1
433 1169 1
433 1175 1
433 1216 1
433 1221 1
433 1235 1
433 1263 1
433 1360 1
433 1385 1
433 1415 1
433 1475 1
433 1479 1
433 1507 1
433 1508 1
433 1562 1
433 1647 1
433 1655 1
433 1694 1
433 1712 1
433 1719 1
433 1772 1
433 1783 1
433 1947 1
433 1956 1
433 1965 1
433 1987 1
433 1988 1
434 486 1
434 509 1
434 536 1
434 605 1
434 606 1
434 638 1
434 650 1
434 723 1
434 818 1
434 875 1
434 880 1
434 901 1
434 904 1
434 964 1
434 995 1
434 1028 1
434 1043 1
434 1049 1
434 1063 1
434 1171 1
434 1172 1
434 1342 1
434 1343 1
434 1345 1
434 1452 1
434 1573 1
434 1664 1
434 1678 1
434 1725 1
434 1740 1
434 1741 1
434 1745 1
434 1762 1
434 1802 1
434 1818 1
434 1836 1
434 1863 1
434 1869 1
434 1912 1
434 1935 1
434 1975 1
435 508 1
435 557 1
435 685 1
435 695 1
435 745 1
435 796 1
435 875 1
435 881 1
435 907 1
435 930 1
435 965 1
435 1001 1
435 1045 1
435 1079 1
435 1121 1
435 1188 1
435 1193 1
435 1196 1
435 1218 1
435 1369 1
435 1426 1
435 1429 1
435 1471 1
435 1479 1
435 1498 1
435 1578 1
435 1584 1
435 1607 1
435 1609 1
435 1652 1
435 1663 1
435 1666 1
435 1678 1
435 1710 1
435 1732 1
435 1891 1
435 1933 1
435 1952 1
435 1964 1
435 1966 1
435 1968 1
435 1996 1
436 477 1
436 497 1
436 549 1
436 551 1
436 589 1
436 609 1
436 676 1
436 689 1
436 732 1
436 765 1
436 836 1
436 844 1
436 855 1
436 864 1
436 905 1
436 970 1
436 994 1
436 998 1
436 1012 1
436 1047 1
436 1126 1
436 1157 1
436 1278 1
436 1301 1
436 1369 1
436 1414 1
436 1449 1
436 1478 1
436 1498 1
436 1521 1
436 1612 1
436 1641 1
436 1661 1
436 1714 1
436 1715 1
436 1723 1
436 1778 1
436 1788 1
436 1799 1
436 1803 1
436 1812 1
436 1818 1
436 1825 1
436 1843 1
436 1844 1
436 1864 1
436 1950 1
437 494 1
437 586 1
437 616 1
437 667 1
437 860 1
437 878 1
437 931 1
437 998 1
437 1027 1
437 1041 1
437 1169 1
437 1207 1
437 1209 1
437 1211 1
437 1230 1
437 1299 1
437 1312 1
437 1326 1
437 1388 1
437 1406 1
437 1435 1
437 1492 1
437 1493 1
437 1503 1
437 1560 1
437 1613 1
437 1619 1
437 1638 1
437 1651 1
437 1666 1
437 1699 1
437 1760 1
437 1771 1
437 1858 1
437 1866 1
437 1872 1
437 1919 1
437 1969 1
438 493 1
438 501 1
438 602 1
438 705 1
438 731 1
438 741 1
438 768 1
438 787 1
438 841 1
438 846 1
438 857 1
438 949 1
438 1051 1
438 1084 1
438 1140 1
438 1164 1
438 1186 1
438 1224 1
438 1236 1
438 1239 1
438 1277 1
438 1306 1
438 1315 1
438 1432 1
438 1448 1
438 1476 1
438 1509 1
438 1580 1
438 1582 1
438 1627 1
438 1633 1
438 1643 1
438 1652 1
438 1687 1
438 1696 1
438 1818 1
438 1905 1
438 1929 1
438 1960 1
438 1972 1
438 1993 1
438 1995 1
439 457 1
439 480 1
439 514 1
439 656 1
439 701 1
439 755 1
439 756 1
439 807 1
439 865 1
439 902 1
439 982 1
439 984 1
439 985 1
439 1011 1
439 1013 1
439 1075 1
439 1188 1
439 1194 1
439 1257 1
439 1443 1
439 1445 1
439 1449 1
439 1468 1
439 1515 1
439 1533 1
439 1534 1
439 1586 1
439 1605 1
439 1612 1
439 1624 1
439 1705 1
439 1761 1
439 1824 1
439 1890 1
439 1947 1
439 1992 1
440 443 1
440 518 1
440 643 1
440 777 1
440 861 1
440 888 1
440 905 1
440 971 1
440 1027 1
440 1050 1
440 1068 1
440 1102 1
440 1105 1
440 1157 1
440 1166 1
440 1236 1
440 1243 1
440 1256 1
440 1300 1
440 1337 1
440 1340 1
440 1360 1
440 1388 1
440 1405 1
440 1430 1
440 1446 1
440 1466 1
440 1475 1
440 1499 1
440 1560 1
440 1585 1
440 1687 1
440 1752 1
440 1757 1
440 1793 1
440 1798 1
440 1804 1
440 1843 1
440 1881 1
440 1882 1
440 1977 1
441 514 1
441 533 1
441 564 1
441 583 1
441 584 1
441 612 1
441 623 1
441 652 1
441 706 1
441 800 1
441 805 1
441 845 1
441 922 1
441 968 1
441 981 1
441 1012 1
441 1023 1
441 1042 1
441 1062 1
441 1066 1
441 1127 1
441 1135 1
441 1153 1
441 1181 1
441 1191 1
441 1200 1
441 1272 1
441 1340 1
441 1409 1
441 1456 1
441 1476 1
441 1519 1
441 1556 1
441 1608 1
441 1621 1
441 1641 1
441 1689 1
441 1730 1
441 1738 1
441 1813 1
441 1842 1
441 1863 1
441 1989 1
441 1991 1
442 449 1
442 466 1
442 516 1
442 597 1
442 704 1
442 717 1
442 739 1
442 760 1
442 893 1
442 900 1
442 901 1
442 996 1
442 1032 1
442 1061 1
442 1086 1
442 1125 1
442 1130 1
442 1136 1
442 1162 1
442 1174 1
442 1219 1
442 1361 1
442 1460 1
442 1516 1
442 1530 1
442 1560 1
442 1665 1
442 1686 1
442 1816 1
442 1898 1
442 1910 1
443 490 1
443 497 1
443 501 1
443 548 1
443 699 1
443 706 1
443 737 1
443 786 1
443 796 1
443 854 1
443 855 1
443 869 1
443 896 1
443 920 1
443 943 1
443 955 1
443 1002 1
443 1003 1
443 1018 1
443 1042 1
443 1056 1
443 1158 1
443 1172 1
443 1186 1
443 1314 1
443 1339 1
443 1385 1
443 1396 1
443 1403 1
443 1427 1
443 1432 1
443 1563 1
443 1607 1
443 1651 1
443 1670 1
443 1690 1
443 1744 1
443 1816 1
443 1825 1
443 1826 1
443 1843 1
443 1874 1
443 1902 1
444 492 1
444 510 1
444 564 1
444 573 1
444 581 1
444 606 1
444 643 1
444 654 1
444 698 1
444 762 1
444 885 1
444 914 1
444 955 1
444 1004 1
444 1034 1
444 1037 1
444 1068 1
444 1165 1
444 1359 1
444 1435 1
444 1440 1
444 1441 1
444 1474 1
444 1509 1
444 1531 1
444 1554 1
444 1704 1
444 1708 1
444 1712 1
444 1744 1
444 1751 1
444 1801 1
444 1841 1
444 1997 1
444 2000 1
445 493 1
445 495 1
445 536 1
445 537 1
445 545 1
445 548 1
445 561 1
445 640 1
445 704 1
445 757 1
445 781 1
445 815 1
445 938 1
445 946 1
445 1023 1
445 1032 1
445 1084 1
445 1101 1
445 1156 1
445 1176 1
445 1267 1
445 1295 1
445 1300 1
445 1303 1
445 1311 1
445 1313 1
445 1347 1
445 1352 1
445 1373 1
445 1381 1
445 1407 1
445 1416 1
445 1473 1
445 1495 1
445 1562 1
445 1566 1
445 1607 1
445 1647 1
445 1670 1
445 1737 1
445 1851 1
445 1869 1
445 1890 1
445 1976 1
445 1982 1
446 451 1
446 480 1
446 489 1
446 550 1
446 563 1
446 641 1
446 652 1
446 670 1
446 730 1
446 772 1
446 776 1
446 783 1
446 786 1
446 798 1
446 923 1
446 961 1
446 983 1
446 1152 1
446 1170 1
446 1208 1
446 1216 1
446 1228 1
446 1308 1
446 1346 1
446 1367 1
446 1382 1
446 1394 1
446 1398 1
446 1464 1
446 1482 1
446 1518 1
446 1539 1
446 1568 1
446 1591 1
446 1692 1
446 1742 1
446 1750 1
446 1768 1
446 1784 1
446 1808 1
446 1847 1
446 1921 1
446 1961 1
447 479 1
447 480 1
447 529 1
447 582 1
447 602 1
447 620 1
447 628 1
447 686 1
447 710 1
447 723 1
447 734 1
447 735 1
447 1000 1
447 1015 1
447 1044 1
447 1076 1
447 1157 1
447 1165 1
447 1219 1
447 1222 1
447 1260 1
447 1263 1
447 1285 1
447 1371 1
447 1419 1
447 1424 1
447 1484 1
447 1490 1
447 1576 1
447 1588 1
447 1620 1
447 1640 1
447 1702 1
447 1713 1
447 1730 1
447 1741 1
447 1788 1
447 1792 1
447 1820 1
447 1823 1
447 1834 1
447 1867 1
447 1869 1
447 1876 1
447 1973 1
447 1993 1
448 635 1
448 700 1
448 702 1
448 709 1
448 770 1
448 785 1
448 800 1
448 804 1
448 855 1
448 907 1
448 1008 1
448 1043 1
448 1075 1
448 1077 1
448 1105 1
448 1188 1
448 1206 1
448 1216 1
448 1260 1
448 1337 1
448 1413 1
448 1420 1
448 1459 1
448 1494 1
448 1536 1
448 1736 1
448 1737 1
448 1741 1
448 1776 1
448 1848 1
448 1879 1
448 1929 1
448 1958 1
448 1975 1
449 512 1
449 541 1
449 552 1
449 606 1
449 612 1
449 718 1
449 735 1
449 801 1
449 804 1
449 825 1
449 829 1
449 842 1
449 906 1
449 979 1
449 1036 1
449 1063 1
449 1065 1
449 1085 1
449 1095 1
449 1109 1
449 1113 1
449 1123 1
449 1178 1
449 1227 1
449 1237 1
449 1250 1
449 1334 1
449 1432 1
449 1441 1
449 1461 1
449 1468 1
449 1547 1
449 1552 1
449 1583 1
449 1663 1
449 1672 1
449 1693 1
449 1723 1
449 1808 1
449 1950 1
449 1999 1
450 461 1
450 507 1
450 594 1
450 598 1
450 638 1
450 687 1
450 705 1
450 735 1
450 740 1
450 766 1
450 784 1
450 828 1
450 851 1
450 871 1
450 894 1
450 928 1
450 929 1
450 1002 1
450 1024 1
450 1046 1
450 1125 1
450 1181 1
450 1184 1
450 1202 1
450 1205 1
450 1213 1
450 1271 1
450 1306 1
450 1400 1
450 1406 1
450 1439 1
450 1440 1
450 1456 1
450 1554 1
450 1567 1
450 1876 1
450 1948 1
450 1950 1
450 1963 1
450 1976 1
451 465 1
451 491 1
451 550 1
451 618 1
451 626 1
451 705 1
451 770 1
451 819 1
451 853 1
451 884 1
451 891 1
451 913 1
451 928 1
451 947 1
451 1010 1
451 1094 1
451 1133 1
451 1177 1
451 1289 1
451 1294 1
451 1326 1
451 1364 1
451 1560 1
451 1592 1
451 1639 1
451 1683 1
451 1717 1
451 1795 1
451 1806 1
451 1921 1
451 1937 1
451 1964 1
451 1991 1
452 531 1
452 533 1
452 603 1
452 608 1
452 612 1
452 622 1
452 692 1
452 701 1
452 749 1
452 786 1
452 883 1
452 910 1
452 920 1
452 945 1
452 973 1
452 981 1
452 1010 1
452 1021 1
452 1117 1
452 1170 1
452 1257 1
452 1283 1
452 1287 1
452 1361 1
452 1391 1
452 1464 1
452 1483 1
452 1561 1
452 1578 1
452 1634 1
452 1647 1
452 1664 1
452 1676 1
452 1689 1
452 1704 1
452 1717 1
452 1750 1
452 1779 1
452 1793 1
452 1966 1
453 521 1
453 531 1
453 560 1
453 579 1
453 612 1
453 644 1
453 658 1
453 663 1
453 746 1
453 812 1
453 901 1
453 903 1
453 947 1
453 1012 1
453 1068 1
453 1090 1
453 1197 1
453 1341 1
453 1352 1
453 1371 1
453 1457 1
453 1458 1
453 1512 1
453 1530 1
453 1574 1
453 1692 1
453 1702 1
453 1716 1
453 1749 1
453 1762 1
453 1774 1
453 1850 1
453 1870 1
453 1882 1
453 1938 1
453 1979 1
453 1985 1
454 569 1
454 600 1
454 606 1
454 615 1
454 697 1
454 708 1
454 722 1
454 728 1
454 809 1
454 875 1
454 1018 1
454 1066 1
454 1120 1
454 1162 1
454 1283 1
454 1290 1
454 1314 1
454 1372 1
454 1442 1
454 1448 1
454 1453 1
454 1536 1
454 1546 1
454 1623 1
454 1630 1
454 1728 1
454 1747 1
454 1783 1
454 1793 1
454 1810 1
454 1819 1
454 1889 1
454 1955 1
454 1981 1
455 505 1
455 610 1
455 643 1
455 681 1
455 683 1
455 729 1
455 744 1
455 759 1
455 873 1
455 881 1
455 966 1
455 1094 1
455 1096 1
455 1197 1
455 1240 1
455 1250 1
455 1272 1
455 1291 1
455 1352 1
455 1398 1
455 1551 1
455 1554 1
455 1560 1
455 1580 1
455 1692 1
455 1803 1
455 1824 1
455 1829 1
455 1882 1
455 1913 1
455 1994 1
456 490 1
456 496 1
456 548 1
456 631 1
456 639 1
456 646 1
456 693 1
456 719 1
456 729 1
456 737 1
456 756 1
456 771 1
456 781 1
456 813 1
456 826 1
456 847 1
456 878 1
456 884 1
456 1009 1
456 1020 1
456 1066 1
456 1089 1
456 1101 1
456 1104 1
456 1164 1
456 1180 1
456 1184 1
456 1270 1
456 1276 1
456 1310 1
456 1394 1
456 1403 1
456 1450 1
456 1524 1
456 1532 1
456 1548 1
456 1564 1
456 1602 1
456 1658 1
456 1729 1
456 1834 1
456 1880 1
456 1883 1
456 1928 1
456 1956 1
456 1976 1
457 463 1
457 513 1
457 604 1
457 613 1
457 636 1
457 648 1
457 681 1
457 713 1
457 735 1
457 800 1
457 965 1
457 986 1
457 1069 1
457 1085 1
457 1094 1
457 1122 1
457 1190 1
457 1263 1
457 1337 1
457 1342 1
457 1410 1
457 1425 1
457 1430 1
457 1432 1
457 1527 1
457 1554 1
457 1568 1
457 1626 1
457 1666 1
457 1671 1
457 1731 1
457 1761 1
457 1819 1
457 1887 1
457 1889 1
457 1949 1
457 1954 1
458 500 1
458 577 1
458 580 1
458 626 1
458 632 1
458 645 1
458 740 1
458 777 1
458 802 1
458 841 1
458 895 1
458 918 1
458 924 1
458 951 1
458 965 1
458 974 1
458 978 1
458 1048 1
458 1063 1
458 1153 1
458 1158 1
458 1210 1
458 1211 1
458 1221 1
458 1222 1
458 1271 1
458 1276 1
458 1281 1
458 1285 1
458 1300 1
458 1323 1
458 1365 1
458 1407 1
458 1434 1
458 1440 1
458 1444 1
458 1492 1
458 1497 1
458 1535 1
458 1545 1
458 1606 1
458 1625 1
458 1639 1
458 1658 1
458 1666 1
458 1668 1
458 1672 1
458 1680 1
458 1691 1
458 1758 1
458 1773 1
458 1792 1
458 1803 1
458 1825 1
458 1959 1
459 474 1
459 530 1
459 611 1
459 649 1
459 691 1
459 722 1
459 754 1
459 795 1
459 894 1
459 907 1
459 940 1
459 953 1
459 969 1
459 972 1
459 977 1
459 988 1
459 1108 1
459 1133 1
459 1155 1
459 1193 1
459 1213 1
459 1275 1
459 1295 1
459 1395 1
459 1415 1
459 1494 1
459 1502 1
459 1517 1
459 1522 1
459 1534 1
459 1544 1
459 1579 1
459 1593 1
459 1706 1
459 1750 1
459 1768 1
459 1787 1
459 1796 1
459 1803 1
459 1814 1
459 1853 1
459 1873 1
459 1928 1
459 1937 1
459 1973 1
459 1974 1
459 1977 1
460 475 1
460 538 1
460 571 1
460 622 1
460 663 1
460 692 1
460 779 1
460 798 1
460 817 1
460 901 1
460 922 1
460 1066 1
460 1159 1
460 1178 1
460 1218 1
460 1239 1
460 1248 1
460 1293 1
460 1300 1
460 1472 1
460 1486 1
460 1494 1
460 1574 1
460 1658 1
460 1676 1
460 1769 1
460 1779 1
460 1829 1
460 1845 1
460 1846 1
460 1847 1
460 1860 1
460 1880 1
460 1900 1
460 1922 1
460 1954 1
460 1998 1
461 510 1
461 527 1
461 588 1
461 597 1
461 628 1
461 652 1
461 672 1
461 695 1
461 706 1
461 714 1
461 844 1
461 932 1
461 958 1
461 964 1
461 1022 1
461 1058 1
461 1090 1
461 1105 1
461 1156 1
461 1211 1
461 1216 1
461 1218 1
461 1253 1
461 1285 1
461 1320 1
461 1360 1
461 1390 1
461 1399 1
461 1423 1
461 1469 1
461 1575 1
461 1606 1
461 1633 1
461 1671 1
461 1697 1
461 1762 1
461 1767 1
461 1939 1
461 1947 1
461 1970 1
462 478 1
462 538 1
462 548 1
462 617 1
462 702 1
462 707 1
462 789 1
462 864 1
462 892 1
462 893 1
462 953 1
462 1014 1
462 1048 1
462 1107 1
462 1190 1
462 1245 1
462 1292 1
462 1300 1
462 1380 1
462 1385 1
462 1413 1
462 1519 1
462 1573 1
462 1609 1
462 1613 1
462 1614 1
462 1652 1
462 1668 1
462 1731 1
462 1763 1
462 1774 1
462 1809 1
462 1830 1
462 1848 1
462 1946 1
462 1993 1
463 580 1
463 603 1
463 633 1
463 639 1
463 666 1
463 718 1
463 731 1
463 736 1
463 738 1
463 789 1
463 837 1
463 853 1
463 875 1
463 883 1
463 976 1
463 1102 1
463 1204 1
463 1210 1
463 1223 1
463 1257 1
463 1299 1
463 1346 1
463 1357 1
463 1403 1
463 1414 1
463 1509 1
463 1568 1
463 1613 1
463 1679 1
463 1716 1
463 1815 1
463 1901 1
463 1976 1
463 1988 1
464 467 1
464 522 1
464 535 1
464 537 1
464 597 1
464 612 1
464 723 1
464 729 1
464 736 1
464 879 1
464 887 1
464 978 1
464 1029 1
464 1060 1
464 1122 1
464 1129 1
464 1210 1
464 1225 1
464 1317 1
464 1347 1
464 1374 1
464 1382 1
464 1590 1
464 1609 1
464 1620 1
464 1623 1
464 1671 1
464 1674 1
464 1688 1
464 1729 1
464 1759 1
464 1761 1
464 1772 1
464 1786 1
464 1798 1
464 1822 1
464 1855 1
464 1889 1
464 1903 1
464 1922 1
464 1927 1
464 1946 1
465 508 1
465 516 1
465 614 1
465 644 1
465 696 1
465 699 1
465 739 1
465 746 1
465 756 1
465 836 1
465 930 1
465 1009 1
465 1073 1
465 1129 1
465 1196 1
465 1326 1
465 1370 1
465 1435 1
465 1470 1
465 1495 1
465 1530 1
465 1544 1
465 1560 1
465 1581 1
465 1588 1
465 1615 1
465 1618 1
465 1628 1
465 1683 1
465 1700 1
465 1808 1
465 1837 1
465 1859 1
465 1880 1
465 1885 1
465 1916 1
465 1917 1
465 1933 1
465 1934 1
465 1962 1
465 1989 1
465 1993 1
466 512 1
466 706 1
466 731 1
466 773 1
466 836 1
466 889 1
466 938 1
466 964 1
466 1021 1
466 1036 1
466 1108 1
466 1237 1
466 1284 1
466 1313 1
466 1337 1
466 1354 1
466 1447 1
466 1472 1
466 1475 1
466 1487 1
466 1500 1
466 1507 1
466 1551 1
466 1686 1
466 1704 1
466 1745 1
466 1747 1
466 1789 1
466 1830 1
466 1859 1
466 1876 1
466 1882 1
466 1927 1
466 1939 1
467 492 1
467 525 1
467 613 1
467 656 1
467 662 1
467 686 1
467 715 1
467 736 1
467 870 1
467 959 1
467 978 1
467 982 1
467 1035 1
467 1120 1
467 1126 1
467 1139 1
467 1166 1
467 1178 1
467 1187 1
467 1242 1
467 1309 1
467 1329 1
467 1368 1
467 1389 1
467 1391 1
467 1418 1
467 1434 1
467 1477 1
467 1550 1
467 1566 1
467 1582 1
467 1708 1
467 1734 1
467 1745 1
467 1775 1
467 1779 1
467 1787 1
467 1821 1
467 1860 1
467 1870 1
467 1894 1
467 1902 1
468 481 1
468 503 1
468 633 1
468 696 1
468 780 1
468 971 1
468 1012 1
468 1081 1
468 1092 1
468 1115 1
468 1131 1
468 1132 1
468 1196 1
468 1251 1
468 1361 1
468 1362 1
468 1377 1
468 1384 1
468 1417 1
468 1471 1
468 1496 1
468 1524 1
468 1525 1
468 1595 1
468 1702 1
468 1723 1
468 1746 1
468 1897 1
468 1956 1
468 1960 1
468 1961 1
469 482 1
469 554 1
469 677 1
469 684 1
469 700 1
469 898 1
469 958 1
469 969 1
469 983 1
469 1009 1
469 1049 1
469 1056 1
469 1122 1
469 1130 1
469 1178 1
469 1200 1
469 1270 1
469 1275 1
469 1289 1
469 1347 1
469 1353 1
469 1363 1
469 1462 1
469 1590 1
469 1626 1
469 1718 1
469 1743 1
469 1760 1
469 1763 1
469 1771 1
469 1783 1
469 1811 1
469 1920 1
469 1924 1
469 1991 1
469 1994 1
470 501 1
470 540 1
470 666 1
470 686 1
470 711 1
470 728 1
470 745 1
470 755 1
470 757 1
470 889 1
470 892 1
470 928 1
470 946 1
470 1019 1
470 1024 1
470 1026 1
470 1120 1
470 1132 1
470 1146 1
470 1151 1
470 1177 1
470 1203 1
470 1206 1
470 1244 1
470 1259 1
470 1337 1
470 1371 1
470 1413 1
470 1528 1
470 1540 1
470 1581 1
470 1665 1
470 1692 1
470 1782 1
470 1788 1
470 1793 1
470 1816 1
470 1821 1
470 1824 1
470 1829 1
470 1922 1
470 1980 1
470 1993 1
471 500 1
471 522 1
471 531 1
471 560 1
471 573 1
471 575 1
471 590 1
471 758 1
471 779 1
471 797 1
471 808 1
471 822 1
471 836 1
471 926 1
471 1127 1
471 1150 1
471 1167 1
471 1178 1
471 1184 1
471 1194 1
471 1201 1
471 1280 1
471 1330 1
471 1357 1
471 1360 1
471 1406 1
471 1417 1
471 1492 1
471 1513 1
471 1544 1
471 1548 1
471 1597 1
471 1621 1
471 1623 1
471 1644 1
471 1672 1
471 1706 1
471 1707 1
471 1787 1
471 1796 1
471 1837 1
471 1865 1
471 1868 1
471 1892 1
471 1898 1
471 1941 1
471 1966 1
471 1994 1
471 2000 1
472 537 1
472 550 1
472 593 1
472 666 1
472 731 1
472 763 1
472 770 1
472 808 1
472 826 1
472 868 1
472 889 1
472 892 1
472 912 1
472 913 1
472 966 1
472 970 1
472 1024 1
472 1047 1
472 1101 1
472 1116 1
472 1144 1
472 1164 1
472 1171 1
472 1212 1
472 1246 1
472 1262 1
472 1297 1
472 1305 1
472 1307 1
472 1311 1
472 1352 1
472 1385 1
472 1496 1
472 1585 1
472 1621 1
472 1638 1
472 1639 1
472 1646 1
472 1700 1
472 1702 1
472 1715 1
472 1718 1
472 1733 1
472 1744 1
472 1793 1
472 1830 1
472 1908 1
472 1925 1
472 1961 1
472 1978 1
472 1986 1
473 511 1
473 518 1
473 549 1
473 552 1
473 564 1
473 611 1
473 644 1
473 646 1
473 647 1
473 655 1
473 700 1
473 711 1
473 786 1
473 854 1
473 931 1
473 969 1
473 1040 1
473 1073 1
473 1183 1
473 1219 1
473 1231 1
473 1253 1
473 1294 1
473 1323 1
473 1362 1
473 1371 1
473 1383 1
473 1396 1
473 1414 1
473 1424 1
473 1473 1
473 1586 1
473 1740 1
473 1741 1
473 1792 1
473 1803 1
473 1825 1
473 1921 1
474 475 1
474 493 1
474 524 1
474 526 1
474 564 1
474 749 1
474 901 1
474 903 1
474 969 1
474 1071 1
474 1108 1
474 1222 1
474 1224 1
474 1331 1
474 1359 1
474 1401 1
474 1466 1
474 1533 1
474 1539 1
474 1596 1
474 1670 1
474 1706 1
474 1708 1
474 1773 1
474 1774 1
474 1784 1
474 1837 1
474 1860 1
474 1879 1
474 1948 1
474 1958 1
474 1971 1
474 1978 1
474 1981 1
475 510 1
475 548 1
475 567 1
475 581 1
475 584 1
475 645 1
475 656 1
475 719 1
475 734 1
475 904 1
475 946 1
475 962 1
475 964 1
475 1015 1
475 1095 1
475 1298 1
475 1305 1
475 1308 1
475 1333 1
475 1337 1
475 1375 1
475 1393 1
475 1401 1
475 1415 1
475 1516 1
475 1518 1
475 1603 1
475 1630 1
475 1640 1
475 1649 1
475 1653 1
475 1678 1
475 1867 1
475 1870 1
475 1875 1
475 1926 1
475 1929 1
476 540 1
476 593 1
476 630 1
476 697 1
476 720 1
476 728 1
476 778 1
476 802 1
476 894 1
476 954 1
476 966 1
476 977 1
476 997 1
476 999 1
476 1006 1
476 1111 1
476 1150 1
476 1198 1
476 1209 1
476 1222 1
476 1224 1
476 1311 1
476 1338 1
476 1370 1
476 1419 1
476 1463 1
476 1466 1
476 1598 1
476 1663 1
476 1770 1
476 1773 1
476 1862 1
476 1873 1
476 1912 1
476 1929 1
476 1954 1
476 1973 1
476 1976 1
477 503 1
477 589 1
477 621 1
477 671 1
477 675 1
477 699 1
477 760 1
477 787 1
477 877 1
477 981 1
477 1005 1
477 1188 1
477 1261 1
477 1264 1
477 1269 1
477 1303 1
477 1327 1
477 1379 1
477 1509 1
477 1516 1
477 1550 1
477 1563 1
477 1589 1
477 1603 1
477 1604 1
477 1665 1
477 1730 1
477 1785 1
477 1849 1
477 1867 1
477 1871 1
477 1902 1
477 1907 1
477 1925 1
478 537 1
478 629 1
478 673 1
478 735 1
478 787 1
478 820 1
478 826 1
478 841 1
478 895 1
478 938 1
478 946 1
478 977 1
478 987 1
478 1030 1
478 1105 1
478 1170 1
478 1244 1
478 1245 1
478 1254 1
478 1285 1
478 1341 1
478 1425 1
478 1427 1
478 1446 1
478 1515 1
478 1582 1
478 1596 1
478 1662 1
478 1666 1
478 1707 1
478 1723 1
478 1781 1
478 1793 1
478 1802 1
478 1903 1
478 1948 1
479 497 1
479 503 1
479 584 1
479 654 1
479 755 1
479 805 1
479 923 1
479 947 1
479 982 1
479 1003 1
479 1047 1
479 1108 1
479 1119 1
479 1270 1
479 1292 1
479 1316 1
479 1367 1
479 1402 1
479 1501 1
479 1525 1
479 1552 1
479 1627 1
479 1663 1
479 1721 1
479 1797 1
479 1811 1
479 1822 1
479 1855 1
479 1859 1
479 1902 1
479 1962 1
479 1972 1
480 521 1
480 587 1
480 605 1
480 638 1
480 682 1
480 795 1
480 808 1
480 827 1
480 845 1
480 875 1
480 986 1
480 1100 1
480 1247 1
480 1304 1
480 1374 1
480 1387 1
480 1410 1
480 1451 1
480 1734 1
480 1736 1
480 1781 1
480 1916 1
480 1949 1
480 1979 1
481 496 1
481 532 1
481 536 1
481 548 1
481 570 1
481 598 1
481 660 1
481 699 1
481 752 1
481 793 1
481 906 1
481 914 1
481 1006 1
481 1011 1
481 1048 1
481 1052 1
481 1074 1
481 1117 1
481 1148 1
481 1194 1
481 1235 1
481 1263 1
481 1350 1
481 1374 1
481 1416 1
481 1429 1
481 1490 1
481 1517 1
481 1696 1
481 1800 1
481 1834 1
481 1841 1
481 1872 1
481 1911 1
481 1919 1
481 1963 1
481 1969 1
481 1975 1
482 483 1
482 511 1
482 576 1
482 616 1
482 650 1
482 721 1
482 748 1
482 812 1
482 887 1
482 923 1
482 949 1
482 1035 1
482 1063 1
482 1071 1
482 1076 1
482 1126 1
482 1137 1
482 1175 1
482 1191 1
482 1360 1
482 1371 1
482 1372 1
482 1376 1
482 1465 1
482 1667 1
482 1766 1
482 1773 1
482 1782 1
482 1815 1
482 1854 1
482 1961 1
482 1968 1
482 1991 1
483 497 1
483 599 1
483 671 1
483 815 1
483 825 1
483 879 1
483 942 1
483 966 1
483 1028 1
483 1049 1
483 1160 1
483 1173 1
483 1195 1
483 1329 1
483 1337 1
483 1341 1
483 1355 1
483 1386 1
483 1394 1
483 1450 1
483 1512 1
483 1534 1
483 1556 1
483 1567 1
483 1571 1
483 1612 1
483 1685 1
483 1706 1
483 1711 1
483 1718 1
483 1731 1
483 1734 1
483 1796 1
483 1954 1
484 543 1
484 548 1
484 615 1
484 616 1
484 634 1
484 639 1
484 651 1
484 757 1
484 784 1
484 818 1
484 834 1
484 857 1
484 979 1
484 1004 1
484 1048 1
484 1115 1
484 1211 1
484 1224 1
484 1244 1
484 1249 1
484 1296 1
484 1327 1
484 1351 1
484 1365 1
484 1488 1
484 1509 1
484 1612 1
484 1669 1
484 1670 1
484 1751 1
484 1781 1
484 1809 1
484 1825 1
484 1863 1
484 1890 1
484 1919 1
484 1938 1
484 1980 1
485 506 1
485 522 1
485 555 1
485 591 1
485 597 1
485 621 1
485 640 1
485 642 1
485 647 1
485 677 1
485 720 1
485 727 1
485 734 1
485 773 1
485 905 1
485 960 1
485 1003 1
485 1025 1
485 1048 1
485 1143 1
485 1367 1
485 1374 1
485 1386 1
485 1474 1
485 1477 1
485 1567 1
485 1572 1
485 1677 1
485 1730 1
485 1757 1
485 1775 1
485 1869 1
485 1894 1
485 1903 1
485 1941 1
485 1951 1
485 1991 1
486 498 1
486 507 1
486 522 1
486 536 1
486 537 1
486 554 1
486 578 1
486 607 1
486 618 1
486 619 1
486 625 1
486 636 1
486 647 1
486 678 1
486 706 1
486 750 1
486 821 1
486 865 1
486 880 1
486 887 1
486 975 1
486 1002 1
486 1016 1
486 1045 1
486 1047 1
486 1067 1
486 1086 1
486 1091 1
486 1225 1
486 1246 1
486 1269 1
486 1383 1
486 1391 1
486 1469 1
486 1487 1
486 1547 1
486 1554 1
486 1589 1
486 1639 1
486 1718 1
486 1752 1
486 1797 1
486 1803 1
486 1811 1
486 1892 1
486 1934 1
486 1937 1
486 1977 1
486 1992 1
486 1994 1
486 1998 1
487 503 1
487 511 1
487 606 1
487 640 1
487 645 1
487 649 1
487 675 1
487 717 1
487 770 1
487 841 1
487 863 1
487 903 1
487 1022 1
487 1028 1
487 1211 1
487 1224 1
487 1260 1
487 1380 1
487 1414 1
487 1428 1
487 1498 1
487 1536 1
487 1687 1
487 1709 1
487 1822 1
487 1847 1
488 655 1
488 697 1
488 731 1
488 770 1
488 790 1
488 799 1
488 821 1
488 925 1
488 936 1
488 957 1
488 1016 1
488 1073 1
488 1082 1
488 1121 1
488 1129 1
488 1172 1
488 1204 1
488 1210 1
488 1216 1
488 1254 1
488 1268 1
488 1336 1
488 1386 1
488 1417 1
488 1457 1
488 1528 1
488 1701 1
488 1725 1
488 1756 1
488 1795 1
488 1895 1
488 1900 1
489 496 1
489 549 1
489 639 1
489 696 1
489 741 1
489 779 1
489 799 1
489 865 1
489 894 1
489 905 1
489 914 1
489 936 1
489 953 1
489 998 1
489 1002 1
489 1078 1
489 1092 1
489 1093 1
489 1114 1
489 1244 1
489 1261 1
489 1298 1
489 1352 1
489 1391 1
489 1439 1
489 1441 1
489 1494 1
489 1496 1
489 1503 1
489 1559 1
489 1569 1
489 1580 1
489 1594 1
489 1620 1
489 1625 1
489 1697 1
489 1784 1
489 1792 1
489 1813 1
489 1871 1
489 1895 1
489 1979 1
489 1980 1
489 1981 1
489 1985 1
489 1991 1
490 509 1
490 545 1
490 640 1
490 644 1
490 724 1
490 729 1
490 799 1
490 815 1
490 894 1
490 987 1
490 1012 1
490 1065 1
490 1099 1
490 1125 1
490 1132 1
490 1164 1
490 1229 1
490 1355 1
490 1365 1
490 1391 1
490 1407 1
490 1465 1
490 1497 1
490 1615 1
490 1635 1
490 1697 1
490 1750 1
490 1788 1
490 1829 1
490 1853 1
490 1878 1
491 512 1
491 527 1
491 552 1
491 585 1
491 604 1
491 670 1
491 705 1
491 710 1
491 742 1
491 750 1
491 812 1
491 838 1
491 866 1
491 869 1
491 871 1
491 881 1
491 897 1
491 911 1
491 912 1
491 971 1
491 1066 1
491 1124 1
491 1159 1
491 1203 1
491 1281 1
491 1354 1
491 1382 1
491 1409 1
491 1475 1
491 1492 1
491 1493 1
491 1556 1
491 1595 1
491 1655 1
491 1661 1
491 1665 1
491 1668 1
491 1694 1
491 1759 1
491 1801 1
491 1824 1
491 1883 1
491 1885 1
491 1886 1
491 1951 1
491 1987 1
492 509 1
492 510 1
492 563 1
492 623 1
492 671 1
492 748 1
492 871 1
492 908 1
492 997 1
492 1024 1
492 1093 1
492 1113 1
492 1132 1
492 1224 1
492 1292 1
492 1322 1
492 1331 1
492 1504 1
492 1589 1
492 1625 1
492 1663 1
492 1747 1
492 1766 1
492 1770 1
492 1771 1
492 1841 1
492 1911 1
492 1958 1
492 1970 1
492 1989 1
492 1992 1
493 532 1
493 640 1
493 682 1
493 745 1
493 755 1
493 868 1
493 985 1
493 1042 1
493 1070 1
493 1072 1
493 1099 1
493 1159 1
493 1232 1
493 1243 1
493 1302 1
493 1345 1
493 1508 1
493 1549 1
493 1569 1
493 1583 1
493 1620 1
493 1623 1
493 1692 1
493 1751 1
493 1766 1
493 1827 1
493 1854 1
493 1855 1
493 1862 1
493 1878 1
493 1891 1
494 508 1
494 721 1
494 732 1
494 733 1
494 794 1
494 867 1
494 868 1
494 1017 1
494 1202 1
494 1256 1
494 1330 1
494 1391 1
494 1393 1
494 1488 1
494 1516 1
494 1558 1
494 1576 1
494 1593 1
494 1633 1
494 1642 1
494 1691 1
494 1703 1
494 1753 1
494 1802 1
494 1879 1
494 1881 1
494 1981 1
494 2000 1
495 511 1
495 573 1
495 581 1
495 609 1
495 618 1
495 654 1
495 662 1
495 663 1
495 677 1
495 679 1
495 720 1
495 732 1
495 733 1
495 735 1
495 739 1
495 780 1
495 812 1
495 833 1
495 855 1
495 878 1
495 942 1
495 971 1
495 986 1
495 1043 1
495 1046 1
495 1129 1
495 1168 1
495 1188 1
495 1191 1
495 1211 1
495 1217 1
495 1226 1
495 1240 1
495 1263 1
495 1286 1
495 1293 1
495 1303 1
495 1343 1
495 1386 1
495 1406 1
495 1485 1
495 1535 1
495 1546 1
495 1582 1
495 1599 1
495 1690 1
495 1704 1
495 1767 1
495 1792 1
495 1798 1
495 1893 1
495 1928 1
495 1954 1
495 1990 1
496 524 1
496 532 1
496 563 1
496 667 1
496 672 1
496 700 1
496 707 1
496 779 1
496 794 1
496 824 1
496 842 1
496 891 1
496 921 1
496 931 1
496 1047 1
496 1105 1
496 1130 1
496 1160 1
496 1301 1
496 1324 1
496 1359 1
496 1381 1
496 1466 1
496 1633 1
496 1636 1
496 1659 1
496 1781 1
496 1790 1
496 1817 1
496 1883 1
496 1885 1
496 1922 1
496 1988 1
496 1991 1
497 505 1
497 517 1
497 560 1
497 585 1
497 592 1
497 609 1
497 661 1
497 757 1
497 769 1
497 778 1
497 803 1
497 825 1
497 842 1
497 894 1
497 924 1
497 997 1
497 1047 1
497 1050 1
497 1059 1
497 1085 1
497 1118 1
497 1130 1
497 1163 1
497 1186 1
497 1307 1
497 1353 1
497 1410 1
497 1458 1
497 1479 1
497 1578 1
497 1596 1
497 1728 1
497 1738 1
497 1767 1
497 1773 1
497 1774 1
497 1786 1
497 1836 1
497 1940 1
498 643 1
498 746 1
498 767 1
498 892 1
498 898 1
498 919 1
498 970 1
498 977 1
498 983 1
498 1052 1
498 1208 1
498 1244 1
498 1410 1
498 1419 1
498 1432 1
498 1487 1
498 1546 1
498 1672 1
498 1681 1
498 1689 1
498 1803 1
498 1821 1
498 1835 1
498 1866 1
498 1868 1
498 1939 1
498 1990 1
498 2000 1
499 508 1
499 566 1
499 659 1
499 715 1
499 772 1
499 807 1
499 817 1
499 839 1
499 960 1
499 967 1
499 995 1
499 1001 1
499 1133 1
499 1134 1
499 1180 1
499 1182 1
499 1194 1
499 1197 1
499 1211 1
499 1221 1
499 1313 1
499 1367 1
499 1376 1
499 1381 1
499 1418 1
499 1440 1
499 1476 1
499 1505 1
499 1512 1
499 1513 1
499 1540 1
499 1559 1
499 1564 1
499 1573 1
499 1588 1
499 1729 1
499 1796 1
499 1811 1
499 1819 1
499 1865 1
499 1868 1
499 1894 1
500 510 1
500 521 1
500 597 1
500 605 1
500 698 1
500 753 1
500 768 1
500 778 1
500 863 1
500 913 1
500 971 1
500 1027 1
500 1086 1
500 1109 1
500 1131 1
500 1165 1
500 1334 1
500 1351 1
500 1445 1
500 1457 1
500 1531 1
500 1562 1
500 1579 1
500 1678 1
500 1748 1
500 1776 1
500 1807 1
500 1887 1
500 1912 1
500 1996 1
501 543 1
501 598 1
501 612 1
501 675 1
501 741 1
501 771 1
501 787 1
501 794 1
501 867 1
501 871 1
501 878 1
501 916 1
501 930 1
501 971 1
501 1024 1
501 1117 1
501 1140 1
501 1148 1
501 1152 1
501 1176 1
501 1199 1
501 1224 1
501 1231 1
501 1240 1
501 1247 1
501 1272 1
501 1285 1
501 1316 1
501 1351 1
501 1389 1
501 1391 1
501 1394 1
501 1412 1
501 1453 1
501 1496 1
501 1556 1
501 1607 1
501 1637 1
501 1641 1
501 1645 1
501 1691 1
501 1728 1
501 1817 1
501 1842 1
501 1863 1
501 1878 1
501 1890 1
501 1896 1
501 1951 1
501 1952 1
501 1969 1
501 1971 1
501 1979 1
502 631 1
502 680 1
502 787 1
502 817 1
502 843 1
502 917 1
502 995 1
502 998 1
502 1057 1
502 1098 1
502 1147 1
502 1225 1
502 1272 1
502 1284 1
502 1291 1
502 1303 1
502 1367 1
502 1432 1
502 1466 1
502 1519 1
502 1577 1
502 1592 1
502 1627 1
502 1729 1
502 1737 1
502 1768 1
502 1822 1
502 1825 1
502 1850 1
502 1876 1
502 1904 1
502 1943 1
502 1977 1
503 555 1
503 562 1
503 618 1
503 633 1
503 661 1
503 663 1
503 665 1
503 734 1
503 787 1
503 849 1
503 908 1
503 914 1
503 941 1
503 958 1
503 971 1
503 976 1
503 980 1
503 1030 1
503 1072 1
503 1083 1
503 1104 1
503 1110 1
503 1133 1
503 1226 1
503 1262 1
503 1263 1
503 1272 1
503 1323 1
503 1358 1
503 1396 1
503 1414 1
503 1424 1
503 1468 1
503 1640 1
503 1770 1
503 1771 1
503 1776 1
503 1953 1
503 1988 1
504 529 1
504 603 1
504 747 1
504 767 1
504 771 1
504 772 1
504 829 1
504 872 1
504 934 1
504 941 1
504 999 1
504 1001 1
504 1003 1
504 1061 1
504 1088 1
504 1117 1
504 1167 1
504 1196 1
504 1286 1
504 1395 1
504 1435 1
504 1514 1
504 1529 1
504 1614 1
504 1621 1
504 1636 1
504 1655 1
504 1674 1
504 1804 1
504 1815 1
504 1924 1
504 1983 1
504 1993 1
505 523 1
505 574 1
505 580 1
505 581 1
505 650 1
505 665 1
505 689 1
505 710 1
505 712 1
505 729 1
505 735 1
505 753 1
505 840 1
505 862 1
505 863 1
505 878 1
505 895 1
505 898 1
505 921 1
505 1007 1
505 1023 1
505 1027 1
505 1121 1
505 1135 1
505 1138 1
505 1199 1
505 1214 1
505 1234 1
505 1253 1
505 1302 1
505 1392 1
505 1410 1
505 1469 1
505 1526 1
505 1534 1
505 1600 1
505 1610 1
505 1662 1
505 1669 1
505 1677 1
505 1745 1
505 1794 1
505 1806 1
505 1840 1
505 1883 1
505 1900 1
505 1906 1
505 1943 1
506 564 1
506 613 1
506 663 1
506 730 1
506 761 1
506 845 1
506 858 1
506 1028 1
506 1076 1
506 1117 1
506 1286 1
506 1305 1
506 1348 1
506 1359 1
506 1400 1
506 1447 1
506 1480 1
506 1503 1
506 1530 1
506 1552 1
506 1590 1
506 1611 1
506 1632 1
506 1634 1
506 1677 1
506 1681 1
506 1715 1
506 1735 1
506 1749 1
506 1786 1
506 1837 1
506 1884 1
506 1888 1
506 1926 1
506 1935 1
506 1944 1
506 1950 1
506 1990 1
507 523 1
507 548 1
507 573 1
507 594 1
507 638 1
507 680 1
507 722 1
507 774 1
507 804 1
507 938 1
507 991 1
507 1005 1
507 1032 1
507 1066 1
507 1090 1
507 1140 1
507 1143 1
507 1154 1
507 1181 1
507 1266 1
507 1335 1
507 1365 1
507 1400 1
507 1445 1
507 1538 1
507 1541 1
507 1594 1
507 1609 1
507 1626 1
507 1658 1
507 1688 1
507 1717 1
507 1736 1
507 1738 1
507 1751 1
507 1887 1
507 1895 1
507 1939 1
508 589 1
508 592 1
508 604 1
508 645 1
508 646 1
508 684 1
508 689 1
508 898 1
508 1009 1
508 1064 1
508 1101 1
508 1110 1
508 1121 1
508 1125 1
508 1130 1
508 1145 1
508 1189 1
508 1248 1
508 1291 1
508 1355 1
508 1397 1
508 1423 1
508 1439 1
508 1456 1
508 1579 1
508 1638 1
508 1670 1
508 1700 1
508 1710 1
508 1815 1
508 1891 1
508 1900 1
508 1947 1
508 1982 1
509 566 1
509 572 1
509 575 1
509 612 1
509 705 1
509 728 1
509 752 1
509 769 1
509 836 1
509 880 1
509 905 1
509 921 1
509 922 1
509 929 1
509 944 1
509 1032 1
509 1049 1
509 1067 1
509 1221 1
509 1240 1
509 1293 1
509 1398 1
509 1446 1
509 1520 1
509 1553 1
509 1617 1
509 1691 1
509 1827 1
509 1856 1
509 1865 1
509 1882 1
510 516 1
510 676 1
510 692 1
510 741 1
510 793 1
510 806 1
510 818 1
510 842 1
510 850 1
510 922 1
510 947 1
510 1021 1
510 1052 1
510 1087 1
510 1191 1
510 1226 1
510 1252 1
510 1277 1
510 1384 1
510 1390 1
510 1448 1
510 1539 1
510 1636 1
510 1638 1
510 1773 1
510 1831 1
510 1857 1
510 1915 1
510 1965 1
511 620 1
511 650 1
511 710 1
511 742 1
511 758 1
511 769 1
511 779 1
511 840 1
511 911 1
511 922 1
511 954 1
511 972 1
511 1025 1
511 1061 1
511 1073 1
511 1198 1
511 1226 1
511 1246 1
511 1302 1
511 1396 1
511 1428 1
511 1458 1
511 1462 1
511 1703 1
511 1707 1
511 1775 1
511 1782 1
511 1805 1
511 1838 1
511 1854 1
511 1883 1
511 1892 1
511 1919 1
511 1945 1
511 1953 1
511 1992 1
512 534 1
512 576 1
512 681 1
512 711 1
512 782 1
512 811 1
512 886 1
512 887 1
512 925 1
512 957 1
512 969 1
512 985 1
512 1092 1
512 1115 1
512 1123 1
512 1127 1
512 1135 1
512 1138 1
512 1153 1
512 1175 1
512 1230 1
512 1319 1
512 1502 1
512 1580 1
512 1583 1
512 1615 1
512 1647 1
512 1650 1
512 1675 1
512 1794 1
512 1800 1
512 1804 1
512 1869 1
512 1946 1
512 1957 1
512 1965 1
513 645 1
513 692 1
513 726 1
513 796 1
513 892 1
513 896 1
513 906 1
513 943 1
513 977 1
513 983 1
513 1017 1
513 1106 1
513 1123 1
513 1247 1
513 1268 1
513 1292 1
513 1300 1
513 1307 1
513 1374 1
513 1518 1
513 1542 1
513 1664 1
513 1667 1
513 1739 1
513 1925 1
513 1929 1
513 1956 1
513 1982 1
514 528 1
514 547 1
514 585 1
514 587 1
514 637 1
514 736 1
514 743 1
514 753 1
514 850 1
514 901 1
514 950 1
514 965 1
514 991 1
514 1059 1
514 1069 1
514 1078 1
514 1100 1
514 1145 1
514 1146 1
514 1161 1
514 1172 1
514 1195 1
514 1228 1
514 1229 1
514 1245 1
514 1264 1
514 1269 1
514 1319 1
514 1331 1
514 1339 1
514 1383 1
514 1431 1
514 1489 1
514 1496 1
514 1620 1
514 1721 1
514 1726 1
514 1729 1
514 1731 1
514 1762 1
514 1803 1
514 1806 1
514 1881 1
514 1903 1
514 1986 1
515 677 1
515 688 1
515 700 1
515 724 1
515 816 1
515 861 1
515 873 1
515 923 1
515 1036 1
515 1100 1
515 1131 1
515 1184 1
515 1196 1
515 1258 1
515 1280 1
515 1308 1
515 1336 1
515 1363 1
515 1391 1
515 1409 1
515 1442 1
515 1480 1
515 1486 1
515 1495 1
515 1501 1
515 1555 1
515 1619 1
515 1621 1
515 1642 1
515 1765 1
515 1812 1
515 1875 1
515 1906 1
515 1979 1
516 548 1
516 598 1
516 642 1
516 669 1
516 693 1
516 760 1
516 820 1
516 830 1
516 848 1
516 849 1
516 856 1
516 905 1
516 971 1
516 987 1
516 1012 1
516 1065 1
516 1077 1
516 1090 1
516 1202 1
516 1245 1
516 1418 1
516 1442 1
516 1484 1
516 1545 1
516 1561 1
516 1566 1
516 1711 1
516 1721 1
516 1758 1
516 1788 1
516 1803 1
516 1869 1
516 1895 1
516 1969 1
517 525 1
517 679 1
517 681 1
517 708 1
517 728 1
517 854 1
517 865 1
517 902 1
517 906 1
517 911 1
517 917 1
517 954 1
517 987 1
517 996 1
517 1019 1
517 1043 1
517 1061 1
517 1076 1
517 1079 1
517 1088 1
517 1126 1
517 1164 1
517 1186 1
517 1278 1
517 1412 1
517 1578 1
517 1626 1
517 1660 1
517 1767 1
517 1793 1
517 1801 1
517 1871 1
517 1940 1
518 545 1
518 638 1
518 652 1
518 715 1
518 725 1
518 829 1
518 836 1
518 863 1
518 880 1
518 997 1
518 1041 1
518 1072 1
518 1134 1
518 1143 1
518 1170 1
518 1417 1
518 1482 1
518 1510 1
518 1522 1
518 1561 1
518 1568 1
518 1572 1
518 1576 1
518 1703 1
518 1713 1
518 1718 1
518 1752 1
518 1755 1
518 1762 1
518 1767 1
518 1792 1
518 1821 1
518 1839 1
518 1868 1
518 1889 1
518 1896 1
518 1909 1
518 1923 1
518 1981 1
519 521 1
519 533 1
519 557 1
519 599 1
519 617 1
519 681 1
519 715 1
519 749 1
519 880 1
519 901 1
519 909 1
519 924 1
519 1037 1
519 1095 1
519 1128 1
519 1201 1
519 1211 1
519 1244 1
519 1261 1
519 1273 1
519 1377 1
519 1390 1
519 1447 1
519 1562 1
519 1607 1
519 1675 1
519 1686 1
519 1755 1
519 1784 1
519 1807 1
519 1825 1
519 1832 1
519 1866 1
519 1890 1
519 1965 1
520 528 1
520 593 1
520 606 1
520 703 1
520 740 1
520 751 1
520 755 1
520 786 1
520 793 1
520 799 1
520 801 1
520 806 1
520 810 1
520 828 1
520 836 1
520 1125 1
520 1136 1
520 1162 1
520 1195 1
520 1200 1
520 1229 1
520 1289 1
520 1320 1
520 1340 1
520 1345 1
520 1381 1
520 1385 1
520 1420 1
520 1440 1
520 1489 1
520 1574 1
520 1621 1
520 1630 1
520 1675 1
520 1680 1
520 1760 1
520 1798 1
520 1858 1
520 1938 1
520 1972 1
521 581 1
521 620 1
521 634 1
521 656 1
521 707 1
521 750 1
521 752 1
521 758 1
521 813 1
521 829 1
521 844 1
521 966 1
521 967 1
521 970 1
521 1026 1
521 1027 1
521 1046 1
521 1092 1
521 1102 1
521 1204 1
521 1215 1
521 1219 1
521 1237 1
521 1277 1
521 1323 1
521 1329 1
521 1418 1
521 1460 1
521 1488 1
521 1502 1
521 1545 1
521 1597 1
521 1683 1
521 1724 1
521 1737 1
521 1754 1
521 1825 1
521 1844 1
521 1900 1
521 1957 1
521 1989 1
522 552 1
522 602 1
522 783 1
522 789 1
522 815 1
522 832 1
522 849 1
522 889 1
522 899 1
522 959 1
522 1038 1
522 1086 1
522 1094 1
522 1114 1
522 1205 1
522 1248 1
522 1270 1
522 1276 1
522 1298 1
522 1302 1
522 1323 1
522 1337 1
522 1367 1
522 1493 1
522 1499 1
522 1509 1
522 1560 1
522 1583 1
522 1603 1
522 1642 1
522 1659 1
522 1824 1
522 1837 1
522 1858 1
522 1894 1
522 1985 1
523 533 1
523 534 1
523 596 1
523 642 1
523 649 1
523 770 1
523 793 1
523 866 1
523 898 1
523 914 1
523 954 1
523 1050 1
523 1098 1
523 1114 1
523 1179 1
523 1195 1
523 1281 1
523 1314 1
523 1351 1
523 1393 1
523 1419 1
523 1465 1
523 1472 1
523 1510 1
523 1532 1
523 1537 1
523 1583 1
523 1604 1
523 1707 1
523 1777 1
523 1786 1
523 1844 1
523 1882 1
523 1921 1
523 1967 1
524 533 1
524 569 1
524 590 1
524 663 1
524 685 1
524 689 1
524 719 1
524 738 1
524 850 1
524 965 1
524 973 1
524 977 1
524 1064 1
524 1104 1
524 1117 1
524 1148 1
524 1171 1
524 1196 1
524 1230 1
524 1282 1
524 1297 1
524 1309 1
524 1319 1
524 1381 1
524 1413 1
524 1573 1
524 1597 1
524 1611 1
524 1616 1
524 1654 1
524 1665 1
524 1737 1
524 1753 1
524 1762 1
524 1763 1
524 1806 1
524 1831 1
524 1849 1
524 1868 1
524 1886 1
524 1919 1
524 1927 1
524 1953 1
524 1983 1
524 1987 1
524 1989 1
525 553 1
525 620 1
525 672 1
525 693 1
525 725 1
525 790 1
525 909 1
525 994 1
525 1246 1
525 1301 1
525 1340 1
525 1341 1
525 1351 1
525 1438 1
525 1453 1
525 1529 1
525 1561 1
525 1583 1
525 1595 1
525 1623 1
525 1643 1
525 1679 1
525 1713 1
525 1716 1
525 1778 1
525 1785 1
525 1875 1
525 1894 1
525 1920 1
525 1941 1
525 1973 1
525 1993 1
526 542 1
526 549 1
526 618 1
526 640 1
526 670 1
526 742 1
526 813 1
526 917 1
526 935 1
526 943 1
526 978 1
526 980 1
526 1036 1
526 1050 1
526 1065 1
526 1067 1
526 1119 1
526 1139 1
526 1226 1
526 1259 1
526 1267 1
526 1271 1
526 1386 1
526 1396 1
526 1422 1
526 1423 1
526 1426 1
526 1480 1
526 1505 1
526 1573 1
526 1707 1
526 1713 1
526 1765 1
526 1786 1
526 1800 1
526 1845 1
526 1849 1
526 1892 1
526 1896 1
526 1924 1
526 1932 1
527 643 1
527 744 1
527 775 1
527 818 1
527 839 1
527 852 1
527 859 1
527 925 1
527 950 1
527 978 1
527 1004 1
527 1005 1
527 1126 1
527 1211 1
527 1213 1
527 1241 1
527 1261 1
527 1264 1
527 1296 1
527 1315 1
527 1317 1
527 1366 1
527 1397 1
527 1469 1
527 1509 1
527 1571 1
527 1610 1
527 1621 1
527 1738 1
527 1935 1
527 1986 1
528 549 1
528 558 1
528 586 1
528 590 1
528 600 1
528 608 1
528 624 1
528 641 1
528 659 1
528 735 1
528 825 1
528 838 1
528 842 1
528 870 1
528 921 1
528 935 1
528 978 1
528 985 1
528 1019 1
528 1075 1
528 1303 1
528 1306 1
528 1322 1
528 1350 1
528 1355 1
528 1362 1
528 1371 1
528 1411 1
528 1445 1
528 1450 1
528 1452 1
528 1482 1
528 1495 1
528 1601 1
528 1651 1
528 1666 1
528 1688 1
528 1733 1
528 1774 1
528 1815 1
528 1817 1
528 1912 1
528 1921 1
528 1992 1
529 530 1
529 547 1
529 579 1
529 600 1
529 617 1
529 623 1
529 648 1
529 665 1
529 690 1
529 751 1
529 802 1
529 900 1
529 1030 1
529 1048 1
529 1053 1
529 1071 1
529 1089 1
529 1102 1
529 1167 1
529 1181 1
529 1186 1
529 1198 1
529 1261 1
529 1336 1
529 1338 1
529 1351 1
529 1359 1
529 1376 1
529 1419 1
529 1421 1
529 1543 1
529 1551 1
529 1587 1
529 1632 1
529 1700 1
529 1777 1
529 1803 1
529 1867 1
529 1868 1
529 1882 1
529 1952 1
529 1969 1
529 1978 1
530 547 1
530 555 1
530 581 1
530 603 1
530 630 1
530 647 1
530 715 1
530 784 1
530 814 1
530 866 1
530 908 1
530 1004 1
530 1022 1
530 1040 1
530 1110 1
530 1231 1
530 1235 1
530 1252 1
530 1264 1
530 1305 1
530 1362 1
530 1410 1
530 1413 1
530 1424 1
530 1428 1
530 1471 1
530 1550 1
530 1568 1
530 1641 1
530 1647 1
530 1679 1
530 1764 1
530 1776 1
530 1814 1
530 1867 1
530 1886 1
530 1951 1
530 1960 1
530 1990 1
531 569 1
531 610 1
531 624 1
531 696 1
531 723 1
531 735 1
531 750 1
531 753 1
531 773 1
531 813 1
531 901 1
531 933 1
531 950 1
531 952 1
531 956 1
531 964 1
531 1005 1
531 1105 1
531 1148 1
531 1192 1
531 1286 1
531 1290 1
531 1300 1
531 1331 1
531 1343 1
531 1430 1
531 1433 1
531 1459 1
531 1602 1
531 1690 1
531 1710 1
531 1743 1
531 1748 1
531 1789 1
531 1821 1
531 1868 1
531 1897 1
531 1907 1
532 548 1
532 685 1
532 774 1
532 891 1
532 1034 1
532 1035 1
532 1068 1
532 1095 1
532 1105 1
532 1162 1
532 1187 1
532 1189 1
532 1203 1
532 1221 1
532 1229 1
532 1249 1
532 1286 1
532 1327 1
532 1329 1
532 1347 1
532 1379 1
532 1422 1
532 1429 1
532 1501 1
532 1540 1
532 1585 1
532 1636 1
532 1652 1
532 1661 1
532 1684 1
533 547 1
533 552 1
533 631 1
533 665 1
533 694 1
533 728 1
533 767 1
533 787 1
533 819 1
533 906 1
533 910 1
533 947 1
533 1015 1
533 1020 1
533 1024 1
533 1074 1
533 1097 1
533 1110 1
533 1159 1
533 1223 1
533 1269 1
533 1319 1
533 1371 1
533 1392 1
533 1395 1
533 1458 1
533 1489 1
533 1531 1
533 1565 1
533 1618 1
533 1643 1
533 1677 1
533 1692 1
533 1715 1
533 1726 1
533 1837 1
533 1840 1
533 1865 1
533 1872 1
533 1874 1
533 1893 1
533 1967 1
533 1985 1
533 1989 1
533 2000 1
534 549 1
534 631 1
534 665 1
534 668 1
534 702 1
534 732 1
534 851 1
534 854 1
534 910 1
534 916 1
534 937 1
534 1000 1
534 1012 1
534 1169 1
534 1215 1
534 1338 1
534 1483 1
534 1570 1
534 1689 1
534 1724 1
534 1729 1
534 1877 1
534 1892 1
534 1893 1
534 1902 1
534 1947 1
534 1967 1
535 557 1
535 582 1
535 654 1
535 716 1
535 721 1
535 742 1
535 823 1
535 828 1
535 881 1
535 889 1
535 939 1
535 954 1
535 980 1
535 1005 1
535 1006 1
535 1029 1
535 1100 1
535 1101 1
535 1125 1
535 1153 1
535 1184 1
535 1206 1
535 1216 1
535 1242 1
535 1277 1
535 1359 1
535 1406 1
535 1414 1
535 1416 1
535 1426 1
535 1496 1
535 1499 1
535 1506 1
535 1511 1
535 1568 1
535 1594 1
535 1665 1
535 1674 1
535 1735 1
535 1773 1
535 1779 1
535 1829 1
535 1851 1
535 1927 1
535 1931 1
535 1976 1
536 569 1
536 570 1
536 646 1
536 656 1
536 673 1
536 780 1
536 804 1
536 811 1
536 824 1
536 842 1
536 861 1
536 949 1
536 968 1
536 1043 1
536 1070 1
536 1104 1
536 1120 1
536 1125 1
536 1135 1
536 1140 1
536 1316 1
536 1329 1
536 1368 1
536 1522 1
536 1541 1
536 1590 1
536 1650 1
536 1652 1
536 1688 1
536 1690 1
536 1751 1
536 1769 1
536 1835 1
536 1894 1
536 1896 1
536 1922 1
536 1939 1
536 1944 1
536 1974 1
536 1995 1
537 589 1
537 609 1
537 753 1
537 782 1
537 785 1
537 799 1
537 840 1
537 851 1
537 937 1
537 989 1
537 1043 1
537 1048 1
537 1053 1
537 1057 1
537 1130 1
537 1139 1
537 1158 1
537 1247 1
537 1252 1
537 1294 1
537 1368 1
537 1480 1
537 1531 1
537 1565 1
537 1567 1
537 1592 1
537 1604 1
537 1672 1
537 1694 1
537 1701 1
537 1769 1
537 1774 1
537 1831 1
537 1963 1
537 1988 1
538 569 1
538 574 1
538 668 1
538 677 1
538 766 1
538 866 1
538 876 1
538 891 1
538 1173 1
538 1182 1
538 1207 1
538 1281 1
538 1283 1
538 1404 1
538 1451 1
538 1455 1
538 1457 1
538 1458 1
538 1470 1
538 1472 1
538 1510 1
538 1523 1
538 1538 1
538 1554 1
538 1605 1
538 1676 1
538 1711 1
538 1738 1
538 1742 1
538 1748 1
538 1755 1
538 1759 1
538 1769 1
538 1802 1
538 1834 1
538 1849 1
538 1974 1
539 582 1
539 607 1
539 623 1
539 649 1
539 659 1
539 702 1
539 719 1
539 776 1
539 782 1
539 798 1
539 843 1
539 901 1
539 939 1
539 966 1
539 1051 1
539 1093 1
539 1097 1
539 1098 1
539 1173 1
539 1186 1
539 1282 1
539 1295 1
539 1384 1
539 1410 1
539 1417 1
539 1508 1
539 1515 1
539 1578 1
539 1658 1
539 1677 1
539 1692 1
539 1701 1
539 1704 1
539 1709 1
539 1755 1
539 1765 1
539 1781 1
539 1830 1
539 1862 1
539 1962 1
539 1981 1
539 1998 1
540 584 1
540 598 1
540 610 1
540 632 1
540 636 1
540 637 1
540 658 1
540 674 1
540 772 1
540 876 1
540 895 1
540 1028 1
540 1233 1
540 1248 1
540 1251 1
540 1311 1
540 1328 1
540 1353 1
540 1369 1
540 1391 1
540 1600 1
540 1604 1
540 1626 1
540 1688 1
540 1702 1
540 1787 1
540 1803 1
540 1922 1
540 1958 1
541 559 1
541 561 1
541 608 1
541 612 1
541 613 1
541 633 1
541 644 1
541 667 1
541 702 1
541 714 1
541 771 1
541 788 1
541 806 1
541 864 1
541 881 1
541 928 1
541 933 1
541 963 1
541 1069 1
541 1071 1
541 1099 1
541 1143 1
541 1221 1
541 1231 1
541 1233 1
541 1236 1
541 1242 1
541 1261 1
541 1316 1
541 1358 1
541 1406 1
541 1478 1
541 1493 1
541 1620 1
541 1654 1
541 1660 1
541 1720 1
541 1750 1
541 1840 1
541 1967 1
542 574 1
542 600 1
542 609 1
542 648 1
542 673 1
542 693 1
542 760 1
542 821 1
542 874 1
542 911 1
542 959 1
542 1018 1
542 1024 1
542 1094 1
542 1103 1
542 1144 1
542 1185 1
542 1253 1
542 1254 1
542 1297 1
542 1328 1
542 1401 1
542 1499 1
542 1548 1
542 1554 1
542 1575 1
542 1579 1
542 1609 1
542 1624 1
542 1670 1
542 1672 1
542 1692 1
542 1743 1
542 1799 1
542 1812 1
542 1831 1
542 1846 1
542 1879 1
542 1910 1
542 1974 1
542 1977 1
542 1988 1
543 565 1
543 575 1
543 627 1
543 661 1
543 679 1
543 683 1
543 722 1
543 759 1
543 767 1
543 780 1
543 804 1
543 816 1
543 851 1
543 879 1
543 968 1
543 1003 1
543 1031 1
543 1038 1
543 1064 1
543 1128 1
543 1130 1
543 1145 1
543 1185 1
543 1217 1
543 1242 1
543 1310 1
543 1360 1
543 1373 1
543 1529 1
543 1607 1
543 1639 1
543 1700 1
543 1713 1
543 1736 1
543 1738 1
543 1744 1
543 1843 1
543 1859 1
543 1929 1
543 1936 1
544 609 1
544 615 1
544 634 1
544 663 1
544 723 1
544 757 1
544 796 1
544 878 1
544 918 1
544 954 1
544 995 1
544 1087 1
544 1183 1
544 1220 1
544 1272 1
544 1435 1
544 1474 1
544 1484 1
544 1505 1
544 1547 1
544 1559 1
544 1565 1
544 1692 1
544 1784 1
544 1793 1
544 1869 1
544 1872 1
544 1876 1
544 1986 1
545 580 1
545 595 1
545 614 1
545 641 1
545 685 1
545 688 1
545 699 1
545 728 1
545 757 1
545 765 1
545 771 1
545 808 1
545 816 1
545 957 1
545 965 1
545 980 1
545 1013 1
545 1017 1
545 1072 1
545 1147 1
545 1294 1
545 1350 1
545 1466 1
545 1467 1
545 1508 1
545 1565 1
545 1590 1
545 1694 1
545 1740 1
545 1835 1
545 1846 1
545 1890 1
545 1896 1
545 1917 1
545 1941 1
545 1956 1
545 1964 1
546 569 1
546 616 1
546 622 1
546 677 1
546 715 1
546 722 1
546 727 1
546 762 1
546 794 1
546 886 1
546 905 1
546 947 1
546 952 1
546 1012 1
546 1125 1
546 1172 1
546 1281 1
546 1319 1
546 1388 1
546 1420 1
546 1451 1
546 1466 1
546 1534 1
546 1535 1
546 1538 1
546 1553 1
546 1568 1
546 1582 1
546 1637 1
546 1664 1
546 1677 1
546 1682 1
546 1695 1
546 1703 1
546 1823 1
546 1832 1
546 1886 1
546 1917 1
547 608 1
547 613 1
547 727 1
547 761 1
547 841 1
547 853 1
547 857 1
547 866 1
547 904 1
547 920 1
547 929 1
547 1014 1
547 1029 1
547 1067 1
547 1072 1
547 1077 1
547 1084 1
547 1135 1
547 1190 1
547 1192 1
547 1203 1
547 1224 1
547 1247 1
547 1320 1
547 1404 1
547 1436 1
547 1445 1
547 1511 1
547 1518 1
547 1526 1
547 1551 1
547 1612 1
547 1631 1
547 1636 1
547 1643 1
547 1653 1
547 1790 1
547 1847 1
547 1885 1
547 1905 1
547 1911 1
547 1914 1
547 1929 1
547 1941 1
547 1957 1
547 1974 1
548 630 1
548 647 1
548 710 1
548 748 1
548 812 1
548 840 1
548 888 1
548 898 1
548 948 1
548 968 1
548 973 1
548 1285 1
548 1304 1
548 1412 1
548 1440 1
548 1453 1
548 1479 1
548 1488 1
548 1495 1
548 1514 1
548 1547 1
548 1637 1
548 1712 1
548 1816 1
548 1873 1
548 1894 1
548 1920 1
549 582 1
549 590 1
549 597 1
549 616 1
549 663 1
549 735 1
549 810 1
549 867 1
549 879 1
549 903 1
549 949 1
549 971 1
549 989 1
549 1009 1
549 1027 1
549 1031 1
549 1055 1
549 1132 1
549 1151 1
549 1164 1
549 1182 1
549 1201 1
549 1237 1
549 1408 1
549 1531 1
549 1539 1
549 1558 1
549 1573 1
549 1667 1
549 1754 1
549 1820 1
549 1851 1
549 1857 1
549 1932 1
549 1937 1
549 1940 1
550 558 1
550 634 1
550 663 1
550 718 1
550 825 1
550 883 1
550 930 1
550 969 1
550 1022 1
550 1032 1
550 1041 1
550 1079 1
550 1084 1
550 1098 1
550 1108 1
550 1134 1
550 1149 1
550 1151 1
550 1165 1
550 1223 1
550 1286 1
550 1308 1
550 1315 1
550 1352 1
550 1363 1
550 1396 1
550 1425 1
550 1470 1
550 1479 1
550 1508 1
550 1532 1
550 1538 1
550 1543 1
550 1571 1
550 1574 1
550 1667 1
550 1723 1
550 1741 1
550 1751 1
550 1830 1
550 1864 1
550 1978 1
551 587 1
551 591 1
551 745 1
551 751 1
551 910 1
551 967 1
551 985 1
551 991 1
551 1003 1
551 1044 1
551 1052 1
551 1094 1
551 1255 1
551 1282 1
551 1300 1
551 1305 1
551 1311 1
551 1399 1
551 1414 1
551 1461 1
551 1481 1
551 1483 1
551 1485 1
551 1498 1
551 1503 1
551 1522 1
551 1625 1
551 1632 1
551 1667 1
551 1692 1
551 1945 1
551 1970 1
551 1986 1
552 597 1
552 658 1
552 672 1
552 685 1
552 691 1
552 798 1
552 812 1
552 872 1
552 927 1
552 932 1
552 948 1
552 989 1
552 1020 1
552 1127 1
552 1164 1
552 1228 1
552 1285 1
552 1311 1
552 1316 1
552 1328 1
552 1380 1
552 1412 1
552 1490 1
552 1528 1
552 1651 1
552 1702 1
552 1723 1
552 1760 1
552 1775 1
552 1863 1
552 1904 1
552 1910 1
553 561 1
553 573 1
553 593 1
553 642 1
553 650 1
553 669 1
553 802 1
553 803 1
553 944 1
553 956 1
553 959 1
553 976 1
553 993 1
553 1042 1
553 1053 1
553 1114 1
553 1182 1
553 1238 1
553 1275 1
553 1396 1
553 1480 1
553 1550 1
553 1618 1
553 1665 1
553 1757 1
553 1787 1
553 1865 1
553 1874 1
553 1890 1
553 1897 1
554 572 1
554 575 1
554 576 1
554 609 1
554 664 1
554 727 1
554 732 1
554 741 1
554 798 1
554 822 1
554 842 1
554 896 1
554 945 1
554 958 1
554 1019 1
554 1041 1
554 1045 1
554 1054 1
554 1108 1
554 1194 1
554 1217 1
554 1218 1
554 1329 1
554 1337 1
554 1340 1
554 1431 1
554 1452 1
554 1571 1
554 1624 1
554 1697 1
554 1726 1
554 1734 1
554 1779 1
554 1789 1
554 1889 1
554 1916 1
554 1951 1
554 1957 1
554 1967 1
554 1993 1
555 604 1
555 628 1
555 750 1
555 800 1
555 844 1
555 861 1
555 867 1
555 882 1
555 889 1
555 891 1
555 986 1
555 1032 1
555 1033 1
555 1047 1
555 1086 1
555 1203 1
555 1232 1
555 1260 1
555 1294 1
555 1338 1
555 1347 1
555 1353 1
555 1384 1
555 1394 1
555 1555 1
555 1565 1
555 1613 1
555 1692 1
555 1714 1
555 1823 1
555 1963 1
556 573 1
556 610 1
556 632 1
556 656 1
556 701 1
556 708 1
556 746 1
556 824 1
556 857 1
556 917 1
556 924 1
556 930 1
556 963 1
556 965 1
556 990 1
556 1007 1
556 1054 1
556 1059 1
556 1064 1
556 1103 1
556 1130 1
556 1178 1
556 1212 1
556 1225 1
556 1229 1
556 1291 1
556 1296 1
556 1298 1
556 1310 1
556 1328 1
556 1357 1
556 1447 1
556 1523 1
556 1539 1
556 1604 1
556 1693 1
556 1714 1
556 1730 1
556 1794 1
556 1858 1
556 1918 1
556 1927 1
556 1943 1
556 1956 1
557 579 1
557 589 1
557 599 1
557 650 1
557 754 1
557 770 1
557 796 1
557 801 1
557 830 1
557 919 1
557 946 1
557 1049 1
557 1168 1
557 1170 1
557 1230 1
557 1234 1
557 1254 1
557 1287 1
557 1368 1
557 1397 1
557 1399 1
557 1417 1
557 1471 1
557 1548 1
557 1554 1
557 1574 1
557 1602 1
557 1707 1
557 1743 1
557 1774 1
557 1803 1
557 1818 1
557 1822 1
557 1892 1
557 1968 1
558 570 1
558 613 1
558 636 1
558 648 1
558 777 1
558 794 1
558 805 1
558 848 1
558 904 1
558 905 1
558 962 1
558 967 1
558 1016 1
558 1075 1
558 1090 1
558 1105 1
558 1129 1
558 1149 1
558 1156 1
558 1185 1
558 1194 1
558 1243 1
558 1292 1
558 1313 1
558 1317 1
558 1321 1
558 1357 1
558 1370 1
558 1413 1
558 1520 1
558 1536 1
558 1640 1
558 1677 1
558 1722 1
558 1732 1
558 1773 1
558 1777 1
558 1807 1
558 1875 1
558 1907 1
558 1923 1
558 2000 1
559 616 1
559 629 1
559 720 1
559 730 1
559 905 1
559 914 1
559 934 1
559 936 1
559 981 1
559 1009 1
559 1048 1
559 1051 1
559 1178 1
559 1327 1
559 1331 1
559 1351 1
559 1397 1
559 1429 1
559 1437 1
559 1465 1
559 1524 1
559 1627 1
559 1710 1
559 1733 1
559 1790 1
559 1872 1
560 649 1
560 700 1
560 718 1
560 730 1
560 761 1
560 786 1
560 849 1
560 944 1
560 983 1
560 1064 1
560 1099 1
560 1126 1
560 1150 1
560 1189 1
560 1420 1
560 1421 1
560 1440 1
560 1496 1
560 1565 1
560 1569 1
560 1687 1
560 1690 1
560 1759 1
560 1819 1
560 1899 1
560 1906 1
560 1936 1
560 1940 1
560 1986 1
561 590 1
561 617 1
561 629 1
561 632 1
561 713 1
561 745 1
561 753 1
561 813 1
561 825 1
561 911 1
561 1056 1
561 1061 1
561 1063 1
561 1080 1
561 1087 1
561 1246 1
561 1393 1
561 1544 1
561 1627 1
561 1660 1
561 1691 1
561 1716 1
561 1736 1
561 1848 1
561 1890 1
562 590 1
562 693 1
562 705 1
562 783 1
562 787 1
562 802 1
562 835 1
562 906 1
562 964 1
562 992 1
562 1049 1
562 1148 1
562 1169 1
562 1194 1
562 1231 1
562 1278 1
562 1286 1
562 1290 1
562 1312 1
562 1582 1
562 1588 1
562 1590 1
562 1690 1
562 1721 1
562 1735 1
562 1791 1
562 1853 1
562 1858 1
562 1881 1
562 1898 1
562 1916 1
562 1982 1
563 601 1
563 602 1
563 649 1
563 683 1
563 684 1
563 687 1
563 726 1
563 763 1
563 821 1
563 874 1
563 899 1
563 921 1
563 932 1
563 1124 1
563 1131 1
563 1158 1
563 1160 1
563 1176 1
563 1414 1
563 1537 1
563 1561 1
563 1565 1
563 1638 1
563 1725 1
563 1744 1
563 1780 1
563 1785 1
563 1828 1
563 1840 1
563 1863 1
563 1873 1
563 1882 1
563 1906 1
563 1926 1
563 1958 1
563 1967 1
563 1970 1
563 1983 1
564 573 1
564 586 1
564 590 1
564 682 1
564 696 1
564 725 1
564 853 1
564 866 1
564 958 1
564 972 1
564 1012 1
564 1022 1
564 1045 1
564 1064 1
564 1112 1
564 1118 1
564 1142 1
564 1153 1
564 1167 1
564 1199 1
564 1251 1
564 1253 1
564 1281 1
564 1366 1
564 1375 1
564 1389 1
564 1402 1
564 1424 1
564 1503 1
564 1512 1
564 1516 1
564 1525 1
564 1570 1
564 1581 1
564 1628 1
564 1650 1
564 1760 1
564 1778 1
564 1887 1
564 1908 1
564 1951 1
564 1976 1
564 1995 1
565 599 1
565 612 1
565 626 1
565 644 1
565 673 1
565 713 1
565 746 1
565 827 1
565 859 1
565 895 1
565 969 1
565 996 1
565 1036 1
565 1123 1
565 1150 1
565 1151 1
565 1164 1
565 1185 1
565 1190 1
565 1292 1
565 1450 1
565 1531 1
565 1536 1
565 1567 1
565 1580 1
565 1612 1
565 1615 1
565 1647 1
565 1663 1
565 1696 1
565 1697 1
565 1753 1
565 1785 1
565 1831 1
565 1939 1
565 1967 1
565 1987 1
566 590 1
566 639 1
566 644 1
566 653 1
566 654 1
566 859 1
566 883 1
566 980 1
566 1099 1
566 1138 1
566 1140 1
566 1158 1
566 1176 1
566 1281 1
566 1288 1
566 1315 1
566 1461 1
566 1514 1
566 1573 1
566 1583 1
566 1600 1
566 1625 1
566 1671 1
566 1689 1
566 1745 1
566 1772 1
566 1789 1
566 1816 1
566 1832 1
566 1867 1
566 1981 1
567 644 1
567 646 1
567 710 1
567 725 1
567 764 1
567 795 1
567 832 1
567 876 1
567 880 1
567 946 1
567 984 1
567 1040 1
567 1118 1
567 1138 1
567 1167 1
567 1228 1
567 1241 1
567 1351 1
567 1359 1
567 1362 1
567 1376 1
567 1470 1
567 1475 1
567 1478 1
567 1490 1
567 1510 1
567 1512 1
567 1535 1
567 1537 1
567 1551 1
567 1600 1
567 1623 1
567 1663 1
567 1668 1
567 1702 1
567 1757 1
567 1781 1
567 1836 1
567 1885 1
567 1892 1
567 1893 1
567 1921 1
567 1945 1
567 1990 1
568 590 1
568 615 1
568 663 1
568 693 1
568 746 1
568 774 1
568 904 1
568 909 1
568 1003 1
568 1090 1
568 1096 1
568 1114 1
568 1140 1
568 1146 1
568 1199 1
568 1282 1
568 1297 1
568 1302 1
568 1338 1
568 1345 1
568 1366 1
568 1388 1
568 1389 1
568 1525 1
568 1533 1
568 1588 1
568 1630 1
568 1659 1
568 1664 1
568 1691 1
568 1729 1
568 1758 1
568 1801 1
568 1821 1
568 1926 1
568 1937 1
568 1949 1
569 584 1
569 587 1
569 616 1
569 628 1
569 629 1
569 639 1
569 657 1
569 665 1
569 686 1
569 716 1
569 722 1
569 735 1
569 746 1
569 752 1
569 756 1
569 786 1
569 787 1
569 842 1
569 876 1
569 945 1
569 952 1
569 1152 1
569 1286 1
569 1291 1
569 1313 1
569 1353 1
569 1408 1
569 1455 1
569 1461 1
569 1510 1
569 1603 1
569 1679 1
569 1747 1
569 1797 1
569 1800 1
569 1815 1
569 1853 1
569 1927 1
569 1932 1
570 578 1
570 594 1
570 622 1
570 695 1
570 714 1
570 729 1
570 738 1
570 763 1
570 826 1
570 832 1
570 856 1
570 857 1
570 876 1
570 928 1
570 945 1
570 1070 1
570 1158 1
570 1164 1
570 1193 1
570 1235 1
570 1257 1
570 1258 1
570 1300 1
570 1316 1
570 1390 1
570 1398 1
570 1535 1
570 1640 1
570 1664 1
570 1679 1
570 1743 1
570 1785 1
570 1817 1
570 1832 1
570 1896 1
570 1948 1
571 614 1
571 638 1
571 663 1
571 831 1
571 865 1
571 923 1
571 929 1
571 987 1
571 1021 1
571 1073 1
571 1082 1
571 1159 1
571 1205 1
571 1233 1
571 1241 1
571 1257 1
571 1306 1
571 1455 1
571 1461 1
571 1486 1
571 1504 1
571 1516 1
571 1529 1
571 1646 1
571 1678 1
571 1715 1
571 1739 1
571 1745 1
571 1811 1
571 1824 1
571 1825 1
571 1828 1
571 1867 1
571 1902 1
572 668 1
572 687 1
572 702 1
572 745 1
572 827 1
572 881 1
572 902 1
572 1008 1
572 1032 1
572 1040 1
572 1088 1
572 1089 1
572 1240 1
572 1252 1
572 1262 1
572 1266 1
572 1302 1
572 1360 1
572 1371 1
572 1387 1
572 1391 1
572 1400 1
572 1437 1
572 1533 1
572 1541 1
572 1809 1
572 1819 1
572 1862 1
572 1892 1
572 1960 1
573 598 1
573 614 1
573 615 1
573 618 1
573 643 1
573 730 1
573 770 1
573 774 1
573 793 1
573 908 1
573 928 1
573 959 1
573 977 1
573 1035 1
573 1062 1
573 1090 1
573 1104 1
573 1123 1
573 1235 1
573 1277 1
573 1300 1
573 1316 1
573 1370 1
573 1382 1
573 1416 1
573 1440 1
573 1448 1
573 1548 1
573 1565 1
573 1580 1
573 1583 1
573 1675 1
573 1826 1
573 1832 1
573 1855 1
573 1866 1
573 1934 1
573 1994 1
574 628 1
574 744 1
574 769 1
574 783 1
574 784 1
574 866 1
574 877 1
574 928 1
574 930 1
574 950 1
574 968 1
574 1153 1
574 1176 1
574 1225 1
574 1276 1
574 1316 1
574 1329 1
574 1446 1
574 1460 1
574 1499 1
574 1554 1
574 1616 1
574 1658 1
574 1675 1
574 1680 1
574 1685 1
574 1715 1
574 1724 1
574 1751 1
574 1756 1
574 1784 1
574 1845 1
574 1921 1
574 1950 1
574 1975 1
575 582 1
575 619 1
575 819 1
575 836 1
575 878 1
575 943 1
575 976 1
575 1042 1
575 1090 1
575 1194 1
575 1250 1
575 1502 1
575 1657 1
575 1679 1
575 1696 1
575 1698 1
575 1785 1
575 1827 1
575 1831 1
575 1868 1
575 1939 1
575 1957 1
575 1962 1
575 1963 1
576 723 1
576 825 1
576 826 1
576 841 1
576 866 1
576 954 1
576 1059 1
576 1061 1
576 1074 1
576 1105 1
576 1162 1
576 1183 1
576 1276 1
576 1337 1
576 1343 1
576 1418 1
576 1425 1
576 1442 1
576 1508 1
576 1537 1
576 1542 1
576 1555 1
576 1626 1
576 1648 1
576 1750 1
576 1919 1
576 1931 1
576 1954 1
576 1970 1
577 578 1
577 625 1
577 677 1
577 696 1
577 700 1
577 715 1
577 722 1
577 774 1
577 803 1
577 813 1
577 821 1
577 953 1
577 1003 1
577 1076 1
577 1103 1
577 1104 1
577 1118 1
577 1149 1
577 1207 1
577 1292 1
577 1300 1
577 1358 1
577 1368 1
577 1385 1
577 1498 1
577 1530 1
577 1560 1
577 1567 1
577 1598 1
577 1709 1
577 1731 1
577 1746 1
577 1772 1
577 1795 1
577 1834 1
577 1844 1
577 1870 1
577 1991 1
577 1995 1
578 643 1
578 725 1
578 813 1
578 822 1
578 873 1
578 921 1
578 1070 1
578 1088 1
578 1148 1
578 1328 1
578 1360 1
578 1373 1
578 1400 1
578 1408 1
578 1426 1
578 1547 1
578 1561 1
578 1586 1
578 1590 1
578 1602 1
578 1626 1
578 1632 1
578 1699 1
578 1716 1
578 1734 1
578 1762 1
578 1997 1
579 590 1
579 622 1
579 650 1
579 708 1
579 716 1
579 722 1
579 750 1
579 776 1
579 786 1
579 827 1
579 861 1
579 915 1
579 984 1
579 997 1
579 1008 1
579 1037 1
579 1041 1
579 1085 1
579 1092 1
579 1146 1
579 1217 1
579 1238 1
579 1254 1
579 1306 1
579 1348 1
579 1408 1
579 1453 1
579 1481 1
579 1517 1
579 1597 1
579 1610 1
579 1641 1
579 1725 1
579 1751 1
579 1754 1
579 1759 1
579 1825 1
579 1855 1
579 1874 1
579 1894 1
579 1914 1
579 1922 1
579 1985 1
579 1992 1
580 627 1
580 641 1
580 659 1
580 741 1
580 832 1
580 838 1
580 882 1
580 895 1
580 988 1
580 1008 1
580 1033 1
580 1044 1
580 1069 1
580 1091 1
580 1123 1
580 1133 1
580 1143 1
580 1200 1
580 1264 1
580 1281 1
580 1299 1
580 1303 1
580 1310 1
580 1339 1
580 1350 1
580 1376 1
580 1386 1
580 1425 1
580 1477 1
580 1483 1
580 1509 1
580 1524 1
580 1550 1
580 1562 1
580 1569 1
580 1624 1
580 1678 1
580 1923 1
581 590 1
581 609 1
581 672 1
581 698 1
581 743 1
581 745 1
581 750 1
581 810 1
581 833 1
581 914 1
581 997 1
581 1016 1
581 1033 1
581 1064 1
581 1106 1
581 1139 1
581 1182 1
581 1186 1
581 1206 1
581 1273 1
581 1277 1
581 1317 1
581 1322 1
581 1323 1
581 1346 1
581 1383 1
581 1423 1
581 1428 1
581 1439 1
581 1486 1
581 1563 1
581 1589 1
581 1689 1
581 1709 1
581 1727 1
581 1803 1
581 1806 1
581 1920 1
581 1935 1
582 589 1
582 599 1
582 605 1
582 630 1
582 676 1
582 686 1
582 689 1
582 690 1
582 704 1
582 712 1
582 765 1
582 775 1
582 839 1
582 844 1
582 845 1
582 909 1
582 925 1
582 964 1
582 989 1
582 1000 1
582 1038 1
582 1053 1
582 1080 1
582 1084 1
582 1093 1
582 1115 1
582 1119 1
582 1157 1
582 1178 1
582 1219 1
582 1223 1
582 1260 1
582 1263 1
582 1284 1
582 1301 1
582 1302 1
582 1349 1
582 1359 1
582 1410 1
582 1423 1
582 1434 1
582 1470 1
582 1540 1
582 1565 1
582 1566 1
582 1596 1
582 1604 1
582 1659 1
582 1684 1
582 1692 1
582 1714 1
582 1733 1
582 1759 1
582 1787 1
582 1803 1
582 1956 1
582 1994 1
583 595 1
583 651 1
583 692 1
583 801 1
583 846 1
583 894 1
583 896 1
583 942 1
583 977 1
583 1004 1
583 1070 1
583 1071 1
583 1141 1
583 1164 1
583 1176 1
583 1187 1
583 1189 1
583 1198 1
583 1235 1
583 1242 1
583 1276 1
583 1314 1
583 1345 1
583 1353 1
583 1357 1
583 1377 1
583 1382 1
583 1514 1
583 1533 1
583 1558 1
583 1564 1
583 1574 1
583 1597 1
583 1602 1
583 1644 1
583 1747 1
583 1802 1
583 1842 1
583 1890 1
583 1916 1
583 1923 1
583 1927 1
583 1940 1
583 1943 1
584 588 1
584 637 1
584 666 1
584 711 1
584 723 1
584 834 1
584 917 1
584 932 1
584 1036 1
584 1095 1
584 1175 1
584 1185 1
584 1321 1
584 1327 1
584 1409 1
584 1423 1
584 1478 1
584 1496 1
584 1521 1
584 1526 1
584 1547 1
584 1599 1
584 1654 1
584 1831 1
584 1854 1
584 1895 1
584 1917 1
584 1991 1
585 602 1
585 651 1
585 656 1
585 660 1
585 707 1
585 727 1
585 778 1
585 810 1
585 840 1
585 891 1
585 931 1
585 945 1
585 970 1
585 1003 1
585 1126 1
585 1198 1
585 1262 1
585 1268 1
585 1296 1
585 1358 1
585 1422 1
585 1444 1
585 1447 1
585 1520 1
585 1650 1
585 1659 1
585 1765 1
585 1835 1
585 1860 1
585 1874 1
585 1895 1
585 1940 1
585 1967 1
586 593 1
586 605 1
586 613 1
586 673 1
586 723 1
586 759 1
586 848 1
586 898 1
586 905 1
586 917 1
586 919 1
586 924 1
586 935 1
586 1014 1
586 1121 1
586 1184 1
586 1200 1
586 1491 1
586 1518 1
586 1563 1
586 1571 1
586 1655 1
586 1725 1
586 1766 1
586 1823 1
586 1857 1
586 1914 1
587 628 1
587 801 1
587 832 1
587 845 1
587 853 1
587 944 1
587 945 1
587 985 1
587 1157 1
587 1178 1
587 1277 1
587 1314 1
587 1315 1
587 1350 1
587 1408 1
587 1426 1
587 1446 1
587 1494 1
587 1513 1
587 1568 1
587 1571 1
587 1628 1
587 1648 1
587 1703 1
587 1760 1
587 1819 1
587 1846 1
587 1849 1
587 1889 1
587 1920 1
587 1955 1
588 605 1
588 651 1
588 813 1
588 840 1
588 924 1
588 950 1
588 1073 1
588 1075 1
588 1086 1
588 1099 1
588 1144 1
588 1149 1
588 1163 1
588 1194 1
588 1221 1
588 1232 1
588 1251 1
588 1297 1
588 1358 1
588 1371 1
588 1403 1
588 1449 1
588 1517 1
588 1522 1
588 1563 1
588 1644 1
588 1665 1
588 1698 1
588 1737 1
588 1844 1
588 1905 1
588 1987 1
589 594 1
589 636 1
589 710 1
589 751 1
589 757 1
589 781 1
589 803 1
589 895 1
589 902 1
589 971 1
589 1062 1
589 1076 1
589 1160 1
589 1193 1
589 1209 1
589 1329 1
589 1330 1
589 1352 1
589 1407 1
589 1408 1
589 1410 1
589 1616 1
589 1626 1
589 1662 1
589 1694 1
589 1697 1
589 1702 1
589 1707 1
589 1713 1
589 1782 1
589 1805 1
589 1808 1
589 1823 1
589 1868 1
589 1884 1
589 1931 1
589 1949 1
589 1956 1
589 1965 1
590 641 1
590 726 1
590 744 1
590 757 1
590 774 1
590 814 1
590 852 1
590 860 1
590 870 1
590 879 1
590 921 1
590 978 1
590 1014 1
590 1067 1
590 1098 1
590 1142 1
590 1172 1
590 1183 1
590 1286 1
590 1301 1
590 1306 1
590 1366 1
590 1391 1
590 1401 1
590 1404 1
590 1409 1
590 1425 1
590 1436 1
590 1537 1
590 1579 1
590 1685 1
590 1720 1
590 1752 1
590 1764 1
590 1778 1
590 1816 1
590 1835 1
590 1843 1
590 1861 1
590 1869 1
590 1901 1
590 1952 1
591 630 1
591 675 1
591 716 1
591 740 1
591 746 1
591 773 1
591 849 1
591 889 1
591 948 1
591 1048 1
591 1064 1
591 1219 1
591 1269 1
591 1391 1
591 1400 1
591 1437 1
591 1465 1
591 1494 1
591 1571 1
591 1666 1
591 1689 1
591 1714 1
591 1766 1
591 1770 1
591 1790 1
591 1811 1
591 1927 1
591 1936 1
591 1943 1
591 1964 1
592 633 1
592 726 1
592 768 1
592 771 1
592 895 1
592 896 1
592 935 1
592 1000 1
592 1023 1
592 1033 1
592 1186 1
592 1383 1
592 1477 1
592 1589 1
592 1609 1
592 1620 1
592 1655 1
592 1684 1
592 1716 1
592 1808 1
592 1815 1
592 1848 1
592 1868 1
592 1879 1
592 1880 1
592 1892 1
593 600 1
593 631 1
593 655 1
593 668 1
593 674 1
593 675 1
593 709 1
593 740 1
593 760 1
593 765 1
593 839 1
593 863 1
593 957 1
593 970 1
593 1001 1
593 1004 1
593 1034 1
593 1160 1
593 1271 1
593 1280 1
593 1323 1
593 1371 1
593 1382 1
593 1399 1
593 1458 1
593 1468 1
593 1499 1
593 1535 1
593 1573 1
593 1574 1
593 1752 1
593 1762 1
593 1805 1
593 1866 1
593 1881 1
593 1888 1
593 1906 1
593 1923 1
593 1992 1
593 1993 1
593 1998 1
594 612 1
594 664 1
594 715 1
594 760 1
594 814 1
594 828 1
594 871 1
594 960 1
594 973 1
594 1079 1
594 1135 1
594 1184 1
594 1223 1
594 1243 1
594 1275 1
594 1304 1
594 1313 1
594 1326 1
594 1327 1
594 1371 1
594 1376 1
594 1415 1
594 1427 1
594 1461 1
594 1528 1
594 1580 1
594 1597 1
594 1642 1
594 1661 1
594 1666 1
594 1671 1
594 1691 1
594 1721 1
594 1771 1
594 1806 1
594 1837 1
594 1844 1
594 1847 1
594 1896 1
594 1970 1
594 1997 1
595 634 1
595 662 1
595 696 1
595 710 1
595 718 1
595 776 1
595 841 1
595 843 1
595 853 1
595 893 1
595 941 1
595 1106 1
595 1130 1
595 1133 1
595 1163 1
595 1164 1
595 1190 1
595 1202 1
595 1256 1
595 1279 1
595 1336 1
595 1346 1
595 1467 1
595 1483 1
595 1517 1
595 1561 1
595 1599 1
595 1646 1
595 1652 1
595 1754 1
595 1765 1
595 1809 1
595 1930 1
595 1935 1
595 1957 1
596 614 1
596 624 1
596 630 1
596 660 1
596 694 1
596 765 1
596 796 1
596 797 1
596 822 1
596 851 1
596 908 1
596 946 1
596 980 1
596 986 1
596 991 1
596 1000 1
596 1082 1
596 1117 1
596 1120 1
596 1179 1
596 1186 1
596 1222 1
596 1256 1
596 1289 1
596 1336 1
596 1358 1
596 1404 1
596 1421 1
596 1451 1
596 1502 1
596 1663 1
596 1706 1
596 1709 1
596 1771 1
596 1780 1
596 1783 1
596 1812 1
596 1855 1
596 1890 1
596 1950 1
597 646 1
597 654 1
597 685 1
597 706 1
597 738 1
597 772 1
597 807 1
597 857 1
597 880 1
597 909 1
597 1057 1
597 1088 1
597 1090 1
597 1135 1
597 1140 1
597 1287 1
597 1289 1
597 1463 1
597 1505 1
597 1548 1
597 1593 1
597 1595 1
597 1644 1
597 1649 1
597 1668 1
597 1670 1
597 1730 1
597 1734 1
597 1741 1
597 1752 1
597 1778 1
597 1803 1
597 1877 1
597 1962 1
598 668 1
598 706 1
598 733 1
598 734 1
598 744 1
598 770 1
598 783 1
598 789 1
598 829 1
598 841 1
598 921 1
598 958 1
598 1064 1
598 1118 1
598 1136 1
598 1145 1
598 1183 1
598 1300 1
598 1346 1
598 1348 1
598 1377 1
598 1422 1
598 1452 1
598 1458 1
598 1521 1
598 1542 1
598 1547 1
598 1642 1
598 1810 1
598 1818 1
598 1874 1
598 1886 1
598 1929 1
598 1961 1
598 1965 1
599 646 1
599 717 1
599 745 1
599 789 1
599 799 1
599 808 1
599 855 1
599 916 1
599 994 1
599 1008 1
599 1056 1
599 1069 1
599 1073 1
599 1145 1
599 1277 1
599 1343 1
599 1350 1
599 1453 1
599 1467 1
599 1478 1
599 1562 1
599 1626 1
599 1649 1
599 1661 1
599 1773 1
599 1800 1
599 1811 1
599 1822 1
599 1837 1
599 1975 1
599 1978 1
599 1981 1
600 654 1
600 761 1
600 823 1
600 832 1
600 839 1
600 907 1
600 966 1
600 1004 1
600 1088 1
600 1114 1
600 1117 1
600 1156 1
600 1224 1
600 1282 1
600 1335 1
600 1344 1
600 1368 1
600 1376 1
600 1418 1
600 1452 1
600 1501 1
600 1512 1
600 1601 1
600 1607 1
600 1617 1
600 1689 1
600 1712 1
600 1727 1
600 1799 1
600 1813 1
600 1892 1
600 1917 1
600 1924 1
600 1943 1
601 642 1
601 763 1
601 774 1
601 775 1
601 778 1
601 804 1
601 846 1
601 864 1
601 899 1
601 952 1
601 1003 1
601 1012 1
601 1065 1
601 1096 1
601 1134 1
601 1227 1
601 1259 1
601 1301 1
601 1311 1
601 1326 1
601 1340 1
601 1363 1
601 1377 1
601 1381 1
601 1399 1
601 1425 1
601 1431 1
601 1665 1
601 1711 1
601 1718 1
601 1724 1
601 1727 1
601 1768 1
601 1850 1
602 603 1
602 605 1
602 614 1
602 646 1
602 650 1
602 707 1
602 740 1
602 771 1
602 792 1
602 816 1
602 905 1
602 926 1
602 932 1
602 979 1
602 997 1
602 1004 1
602 1014 1
602 1231 1
602 1241 1
602 1326 1
602 1343 1
602 1358 1
602 1378 1
602 1465 1
602 1529 1
602 1565 1
602 1572 1
602 1634 1
602 1692 1
602 1754 1
602 1840 1
602 1896 1
602 1912 1
603 642 1
603 718 1
603 756 1
603 819 1
603 837 1
603 865 1
603 926 1
603 979 1
603 1009 1
603 1025 1
603 1029 1
603 1063 1
603 1144 1
603 1156 1
603 1171 1
603 1215 1
603 1267 1
603 1284 1
603 1499 1
603 1582 1
603 1744 1
603 1819 1
603 1822 1
603 1851 1
603 1927 1
604 654 1
604 680 1
604 751 1
604 762 1
604 763 1
604 772 1
604 832 1
604 865 1
604 875 1
604 915 1
604 960 1
604 995 1
604 1043 1
604 1078 1
604 1142 1
604 1162 1
604 1257 1
604 1273 1
604 1299 1
604 1317 1
604 1331 1
604 1391 1
604 1418 1
604 1425 1
604 1442 1
604 1503 1
604 1655 1
604 1787 1
604 1868 1
604 1921 1
604 1974 1
605 624 1
605 641 1
605 710 1
605 770 1
605 827 1
605 964 1
605 1001 1
605 1039 1
605 1220 1
605 1279 1
605 1284 1
605 1346 1
605 1349 1
605 1366 1
605 1415 1
605 1473 1
605 1538 1
605 1566 1
605 1614 1
605 1620 1
605 1664 1
605 1691 1
605 1722 1
605 1782 1
605 1887 1
605 1939 1
605 1984 1
605 1988 1
606 697 1
606 719 1
606 766 1
606 786 1
606 837 1
606 856 1
606 879 1
606 946 1
606 965 1
606 971 1
606 1051 1
606 1078 1
606 1177 1
606 1190 1
606 1191 1
606 1203 1
606 1274 1
606 1318 1
606 1391 1
606 1434 1
606 1440 1
606 1460 1
606 1490 1
606 1491 1
606 1528 1
606 1531 1
606 1586 1
606 1591 1
606 1599 1
606 1611 1
606 1711 1
606 1727 1
606 1728 1
606 1759 1
606 1767 1
606 1829 1
606 1884 1
606 1892 1
606 1896 1
606 1908 1
606 1930 1
606 1969 1
607 801 1
607 848 1
607 856 1
607 870 1
607 901 1
607 967 1
607 970 1
607 1080 1
607 1119 1
607 1144 1
607 1162 1
607 1171 1
607 1245 1
607 1311 1
607 1360 1
607 1429 1
607 1489 1
607 1501 1
607 1503 1
607 1512 1
607 1531 1
607 1551 1
607 1576 1
607 1615 1
607 1682 1
607 1709 1
607 1794 1
607 1833 1
607 1843 1
607 1852 1
607 1923 1
608 670 1
608 694 1
608 820 1
608 872 1
608 1040 1
608 1078 1
608 1112 1
608 1118 1
608 1130 1
608 1190 1
608 1208 1
608 1299 1
608 1325 1
608 1328 1
608 1345 1
608 1364 1
608 1454 1
608 1506 1
608 1564 1
608 1641 1
608 1646 1
608 1652 1
608 1659 1
608 1714 1
608 1752 1
608 1767 1
608 1864 1
608 1907 1
608 1911 1
608 1967 1
608 1978 1
609 640 1
609 659 1
609 691 1
609 695 1
609 705 1
609 728 1
609 790 1
609 856 1
609 859 1
609 1031 1
609 1063 1
609 1081 1
609 1154 1
609 1179 1
609 1287 1
609 1343 1
609 1384 1
609 1413 1
609 1429 1
609 1431 1
609 1476 1
609 1533 1
609 1559 1
609 1564 1
609 1566 1
609 1694 1
609 1864 1
610 675 1
610 700 1
610 752 1
610 763 1
610 816 1
610 843 1
610 899 1
610 933 1
610 943 1
610 947 1
610 1022 1
610 1036 1
610 1047 1
610 1125 1
610 1135 1
610 1205 1
610 1230 1
610 1306 1
610 1369 1
610 1384 1
610 1461 1
610 1530 1
610 1532 1
610 1541 1
610 1555 1
610 1631 1
610 1681 1
610 1727 1
610 1775 1
610 1811 1
610 1817 1
610 1914 1
610 1928 1
610 1970 1
611 673 1
611 675 1
611 735 1
611 800 1
611 810 1
611 852 1
611 985 1
611 1023 1
611 1066 1
611 1168 1
611 1237 1
611 1367 1
611 1389 1
611 1393 1
611 1485 1
611 1497 1
611 1570 1
611 1590 1
611 1602 1
611 1603 1
611 1609 1
611 1636 1
611 1740 1
611 1793 1
611 1846 1
611 1877 1
612 786 1
612 802 1
612 804 1
612 846 1
612 871 1
612 897 1
612 983 1
612 1033 1
612 1117 1
612 1170 1
612 1189 1
612 1221 1
612 1250 1
612 1251 1
612 1337 1
612 1446 1
612 1489 1
612 1510 1
612 1526 1
612 1558 1
612 1575 1
612 1602 1
612 1616 1
612 1625 1
612 1641 1
612 1654 1
612 1690 1
612 1715 1
612 1723 1
612 1803 1
612 1888 1
612 1901 1
613 631 1
613 670 1
613 672 1
613 679 1
613 726 1
613 738 1
613 766 1
613 832 1
613 903 1
613 947 1
613 959 1
613 975 1
613 977 1
613 994 1
613 998 1
613 1043 1
613 1099 1
613 1187 1
613 1202 1
613 1223 1
613 1228 1
613 1337 1
613 1341 1
613 1353 1
613 1356 1
613 1372 1
613 1444 1
613 1484 1
613 1704 1
613 1724 1
613 1758 1
613 1767 1
613 1842 1
613 1876 1
613 1960 1
614 717 1
614 725 1
614 788 1
614 809 1
614 811 1
614 824 1
614 873 1
614 907 1
614 983 1
614 1003 1
614 1019 1
614 1048 1
614 1066 1
614 1106 1
614 1116 1
614 1132 1
614 1140 1
614 1150 1
614 1255 1
614 1256 1
614 1258 1
614 1285 1
614 1318 1
614 1376 1
614 1390 1
614 1432 1
614 1452 1
614 1522 1
614 1538 1
614 1591 1
614 1652 1
614 1728 1
614 1745 1
614 1763 1
614 1774 1
614 1791 1
614 1835 1
614 1884 1
614 1922 1
614 1924 1
615 620 1
615 628 1
615 675 1
615 753 1
615 771 1
615 778 1
615 801 1
615 839 1
615 870 1
615 899 1
615 914 1
615 1058 1
615 1206 1
615 1299 1
615 1300 1
615 1347 1
615 1349 1
615 1429 1
615 1446 1
615 1447 1
615 1522 1
615 1606 1
615 1625 1
615 1697 1
615 1705 1
615 1730 1
615 1869 1
615 1892 1
615 1897 1
616 617 1
616 695 1
616 700 1
616 892 1
616 900 1
616 973 1
616 1002 1
616 1019 1
616 1021 1
616 1108 1
616 1113 1
616 1114 1
616 1201 1
616 1206 1
616 1219 1
616 1247 1
616 1258 1
616 1547 1
616 1554 1
616 1560 1
616 1568 1
616 1572 1
616 1576 1
616 1664 1
616 1760 1
616 1779 1
616 1806 1
616 1819 1
616 1841 1
616 1906 1
616 1930 1
616 1982 1
617 650 1
617 659 1
617 828 1
617 835 1
617 844 1
617 852 1
617 910 1
617 959 1
617 988 1
617 992 1
617 1063 1
617 1082 1
617 1127 1
617 1143 1
617 1214 1
617 1222 1
617 1299 1
617 1310 1
617 1313 1
617 1371 1
617 1425 1
617 1432 1
617 1446 1
617 1452 1
617 1460 1
617 1504 1
617 1542 1
617 1588 1
617 1600 1
617 1601 1
617 1651 1
617 1702 1
617 1733 1
617 1757 1
617 1859 1
617 1917 1
617 1980 1
618 641 1
618 756 1
618 767 1
618 826 1
618 894 1
618 904 1
618 908 1
618 951 1
618 1054 1
618 1085 1
618 1108 1
618 1140 1
618 1241 1
618 1293 1
618 1465 1
618 1533 1
618 1571 1
618 1695 1
618 1703 1
618 1730 1
618 1752 1
618 1875 1
618 1960 1
619 651 1
619 799 1
619 800 1
619 829 1
619 875 1
619 904 1
619 934 1
619 1047 1
619 1108 1
619 1112 1
619 1130 1
619 1142 1
619 1217 1
619 1235 1
619 1255 1
619 1312 1
619 1314 1
619 1321 1
619 1331 1
619 1334 1
619 1423 1
619 1477 1
619 1489 1
619 1492 1
619 1502 1
619 1508 1
619 1529 1
619 1546 1
619 1556 1
619 1603 1
619 1638 1
619 1639 1
619 1699 1
619 1803 1
619 1873 1
619 1913 1
619 1938 1
619 1982 1
619 1988 1
619 1993 1
620 621 1
620 640 1
620 653 1
620 696 1
620 697 1
620 730 1
620 734 1
620 755 1
620 772 1
620 775 1
620 797 1
620 846 1
620 886 1
620 899 1
620 910 1
620 958 1
620 961 1
620 981 1
620 987 1
620 1028 1
620 1140 1
620 1156 1
620 1161 1
620 1169 1
620 1183 1
620 1320 1
620 1342 1
620 1396 1
620 1407 1
620 1436 1
620 1525 1
620 1583 1
620 1596 1
620 1649 1
620 1664 1
620 1685 1
620 1737 1
620 1782 1
620 1876 1
620 1903 1
620 1946 1
620 1968 1
620 1978 1
620 1980 1
620 1990 1
621 626 1
621 671 1
621 679 1
621 716 1
621 733 1
621 753 1
621 780 1
621 853 1
621 867 1
621 891 1
621 895 1
621 908 1
621 958 1
621 971 1
621 1040 1
621 1049 1
621 1128 1
621 1264 1
621 1317 1
621 1355 1
621 1362 1
621 1414 1
621 1607 1
621 1619 1
621 1636 1
621 1656 1
621 1723 1
621 1912 1
621 1948 1
621 1996 1
622 653 1
622 679 1
622 790 1
622 864 1
622 866 1
622 970 1
622 1108 1
622 1112 1
622 1205 1
622 1246 1
622 1249 1
622 1315 1
622 1344 1
622 1415 1
622 1442 1
622 1501 1
622 1527 1
622 1571 1
622 1593 1
622 1705 1
622 1756 1
622 1776 1
622 1815 1
622 1841 1
622 1862 1
622 1866 1
622 1917 1
622 1928 1
622 1944 1
622 1980 1
623 721 1
623 746 1
623 760 1
623 794 1
623 922 1
623 970 1
623 987 1
623 996 1
623 1019 1
623 1027 1
623 1050 1
623 1058 1
623 1087 1
623 1088 1
623 1096 1
623 1101 1
623 1118 1
623 1143 1
623 1169 1
623 1314 1
623 1415 1
623 1424 1
623 1437 1
623 1438 1
623 1443 1
623 1525 1
623 1575 1
623 1628 1
623 1644 1
623 1679 1
623 1685 1
623 1691 1
623 1692 1
623 1732 1
623 1765 1
623 1779 1
623 1785 1
623 1790 1
623 1799 1
623 1851 1
623 1904 1
623 1930 1
623 1935 1
624 630 1
624 638 1
624 704 1
624 804 1
624 1065 1
624 1176 1
624 1178 1
624 1316 1
624 1388 1
624 1461 1
624 1467 1
624 1470 1
624 1553 1
624 1633 1
624 1706 1
624 1715 1
624 1808 1
624 1839 1
624 1903 1
624 1936 1
624 1944 1
624 1963 1
625 702 1
625 713 1
625 737 1
625 769 1
625 829 1
625 847 1
625 859 1
625 895 1
625 1044 1
625 1086 1
625 1097 1
625 1110 1
625 1198 1
625 1272 1
625 1318 1
625 1384 1
625 1415 1
625 1442 1
625 1495 1
625 1547 1
625 1582 1
625 1595 1
625 1597 1
625 1739 1
625 1751 1
625 1759 1
625 1781 1
625 1803 1
625 1867 1
625 1875 1
625 1878 1
625 1895 1
625 1899 1
625 1912 1
625 1930 1
625 1953 1
625 1964 1
625 1974 1
626 655 1
626 820 1
626 839 1
626 862 1
626 935 1
626 1002 1
626 1075 1
626 1101 1
626 1110 1
626 1124 1
626 1153 1
626 1188 1
626 1251 1
626 1254 1
626 1266 1
626 1292 1
626 1308 1
626 1330 1
626 1385 1
626 1457 1
626 1479 1
626 1489 1
626 1565 1
626 1567 1
626 1574 1
626 1650 1
626 1677 1
626 1711 1
626 1847 1
626 1863 1
626 1878 1
626 1904 1
626 1936 1
626 1937 1
626 1965 1
626 1980 1
627 636 1
627 655 1
627 685 1
627 730 1
627 866 1
627 917 1
627 923 1
627 990 1
627 1010 1
627 1030 1
627 1039 1
627 1114 1
627 1139 1
627 1215 1
627 1233 1
627 1265 1
627 1281 1
627 1389 1
627 1390 1
627 1393 1
627 1467 1
627 1481 1
627 1514 1
627 1600 1
627 1616 1
627 1622 1
627 1642 1
627 1720 1
627 1741 1
627 1744 1
627 1797 1
627 1798 1
627 1926 1
627 1945 1
627 1995 1
628 695 1
628 700 1
628 715 1
628 727 1
628 756 1
628 795 1
628 808 1
628 822 1
628 828 1
628 877 1
628 887 1
628 943 1
628 944 1
628 1021 1
628 1023 1
628 1037 1
628 1047 1
628 1077 1
628 1096 1
628 1145 1
628 1152 1
628 1165 1
628 1179 1
628 1185 1
628 1208 1
628 1211 1
628 1227 1
628 1234 1
628 1250 1
628 1292 1
628 1418 1
628 1487 1
628 1494 1
628 1638 1
628 1647 1
628 1761 1
628 1765 1
628 1767 1
628 1771 1
628 1813 1
628 1836 1
628 1880 1
628 1979 1
629 649 1
629 657 1
629 748 1
629 812 1
629 889 1
629 995 1
629 1060 1
629 1091 1
629 1231 1
629 1345 1
629 1365 1
629 1370 1
629 1414 1
629 1458 1
629 1490 1
629 1525 1
629 1607 1
629 1699 1
629 1701 1
629 1711 1
629 1744 1
629 1758 1
629 1802 1
629 1883 1
629 1910 1
629 1913 1
629 1924 1
630 648 1
630 665 1
630 734 1
630 781 1
630 848 1
630 867 1
630 923 1
630 956 1
630 959 1
630 994 1
630 1044 1
630 1133 1
630 1138 1
630 1141 1
630 1227 1
630 1268 1
630 1286 1
630 1330 1
630 1359 1
630 1407 1
630 1423 1
630 1431 1
630 1552 1
630 1553 1
630 1573 1
630 1576 1
630 1605 1
630 1613 1
630 1644 1
630 1690 1
630 1759 1
630 1773 1
630 1808 1
630 1840 1
630 1865 1
630 1868 1
630 1929 1
630 1936 1
631 637 1
631 656 1
631 684 1
631 718 1
631 731 1
631 746 1
631 796 1
631 826 1
631 870 1
631 883 1
631 896 1
631 916 1
631 929 1
631 1025 1
631 1046 1
631 1081 1
631 1090 1
631 1156 1
631 1199 1
631 1206 1
631 1215 1
631 1284 1
631 1370 1
631 1388 1
631 1413 1
631 1528 1
631 1547 1
631 1554 1
631 1569 1
631 1636 1
631 1663 1
631 1703 1
631 1708 1
631 1734 1
631 1874 1
631 1905 1
631 1920 1
631 1984 1
632 698 1
632 703 1
632 732 1
632 778 1
632 836 1
632 874 1
632 879 1
632 911 1
632 919 1
632 939 1
632 944 1
632 958 1
632 1000 1
632 1002 1
632 1003 1
632 1011 1
632 1047 1
632 1163 1
632 1240 1
632 1310 1
632 1318 1
632 1323 1
632 1350 1
632 1455 1
632 1477 1
632 1479 1
632 1480 1
632 1493 1
632 1539 1
632 1565 1
632 1605 1
632 1630 1
632 1658 1
632 1704 1
632 1713 1
632 1760 1
632 1773 1
632 1794 1
632 1861 1
632 1896 1
632 1902 1
632 1957 1
632 1967 1
632 1974 1
632 1984 1
633 640 1
633 666 1
633 668 1
633 688 1
633 702 1
633 718 1
633 774 1
633 792 1
633 799 1
633 878 1
633 960 1
633 975 1
633 1028 1
633 1035 1
633 1051 1
633 1142 1
633 1150 1
633 1176 1
633 1184 1
633 1249 1
633 1258 1
633 1489 1
633 1601 1
633 1623 1
633 1633 1
633 1648 1
633 1662 1
633 1682 1
633 1690 1
633 1770 1
633 1776 1
633 1820 1
633 1858 1
633 1910 1
633 1919 1
633 1923 1
633 1970 1
634 719 1
634 727 1
634 739 1
634 795 1
634 796 1
634 805 1
634 866 1
634 963 1
634 1013 1
634 1139 1
634 1156 1
634 1269 1
634 1306 1
634 1361 1
634 1400 1
634 1445 1
634 1463 1
634 1561 1
634 1673 1
634 1721 1
634 1753 1
634 1793 1
634 1798 1
634 1833 1
634 1847 1
635 639 1
635 669 1
635 767 1
635 779 1
635 784 1
635 896 1
635 921 1
635 937 1
635 1017 1
635 1057 1
635 1068 1
635 1098 1
635 1108 1
635 1120 1
635 1150 1
635 1158 1
635 1168 1
635 1185 1
635 1190 1
635 1195 1
635 1251 1
635 1268 1
635 1279 1
635 1321 1
635 1339 1
635 1358 1
635 1430 1
635 1450 1
635 1563 1
635 1569 1
635 1701 1
635 1707 1
635 1794 1
635 1912 1
635 1955 1
635 1959 1
636 714 1
636 748 1
636 754 1
636 779 1
636 869 1
636 984 1
636 997 1
636 1101 1
636 1170 1
636 1271 1
636 1321 1
636 1336 1
636 1453 1
636 1509 1
636 1565 1
636 1572 1
636 1573 1
636 1622 1
636 1674 1
636 1701 1
636 1702 1
636 1779 1
636 1875 1
636 1893 1
636 1962 1
636 1975 1
637 675 1
637 692 1
637 696 1
637 833 1
637 840 1
637 890 1
637 1084 1
637 1090 1
637 1125 1
637 1213 1
637 1265 1
637 1293 1
637 1301 1
637 1368 1
637 1406 1
637 1562 1
637 1563 1
637 1565 1
637 1574 1
637 1595 1
637 1605 1
637 1668 1
637 1672 1
637 1678 1
637 1686 1
637 1758 1
637 1817 1
637 1879 1
637 1896 1
637 1967 1
637 1971 1
637 1987 1
637 1996 1
638 656 1
638 728 1
638 805 1
638 864 1
638 885 1
638 915 1
638 919 1
638 965 1
638 976 1
638 1161 1
638 1230 1
638 1248 1
638 1277 1
638 1289 1
638 1398 1
638 1420 1
638 1482 1
638 1502 1
638 1507 1
638 1542 1
638 1562 1
638 1682 1
638 1699 1
638 1705 1
638 1763 1
638 1786 1
638 1797 1
638 1886 1
638 1897 1
638 1904 1
638 1995 1
639 647 1
639 658 1
639 670 1
639 689 1
639 729 1
639 852 1
639 872 1
639 879 1
639 931 1
639 941 1
639 968 1
639 1012 1
639 1027 1
639 1170 1
639 1175 1
639 1267 1
639 1346 1
639 1385 1
639 1433 1
639 1438 1
639 1450 1
639 1464 1
639 1493 1
639 1521 1
639 1555 1
639 1592 1
639 1610 1
639 1667 1
639 1688 1
639 1702 1
639 1767 1
639 1785 1
639 1862 1
639 1865 1
639 1974 1
639 1985 1
640 661 1
640 715 1
640 754 1
640 826 1
640 901 1
640 1018 1
640 1052 1
640 1094 1
640 1098 1
640 1114 1
640 1197 1
640 1205 1
640 1228 1
640 1252 1
640 1309 1
640 1324 1
640 1427 1
640 1428 1
640 1445 1
640 1461 1
640 1519 1
640 1638 1
640 1680 1
640 1712 1
640 1734 1
640 1760 1
640 1875 1
640 1877 1
640 1946 1
640 1960 1
641 642 1
641 732 1
641 743 1
641 744 1
641 756 1
641 806 1
641 836 1
641 840 1
641 864 1
641 885 1
641 897 1
641 935 1
641 967 1
641 1000 1
641 1004 1
641 1040 1
641 1051 1
641 1150 1
641 1230 1
641 1256 1
641 1278 1
641 1290 1
641 1312 1
641 1328 1
641 1348 1
641 1443 1
641 1445 1
641 1462 1
641 1484 1
641 1500 1
641 1536 1
641 1544 1
641 1594 1
641 1641 1
641 1658 1
641 1737 1
641 1768 1
641 1787 1
641 1822 1
641 1880 1
641 1901 1
641 1946 1
641 1966 1
641 1992 1
641 1995 1
642 643 1
642 875 1
642 941 1
642 980 1
642 1068 1
642 1095 1
642 1147 1
642 1178 1
642 1212 1
642 1264 1
642 1305 1
642 1307 1
642 1346 1
642 1367 1
642 1407 1
642 1412 1
642 1445 1
642 1543 1
642 1578 1
642 1582 1
642 1687 1
642 1775 1
642 1871 1
642 1881 1
642 1887 1
642 1911 1
642 1935 1
642 1956 1
643 656 1
643 669 1
643 776 1
643 811 1
643 837 1
643 941 1
643 966 1
643 969 1
643 1029 1
643 1040 1
643 1045 1
643 1046 1
643 1080 1
643 1094 1
643 1095 1
643 1161 1
643 1177 1
643 1182 1
643 1207 1
643 1257 1
643 1278 1
643 1297 1
643 1298 1
643 1311 1
643 1359 1
643 1386 1
643 1429 1
643 1470 1
643 1543 1
643 1581 1
643 1653 1
643 1737 1
643 1775 1
643 1791 1
643 1839 1
643 1931 1
643 1990 1
643 1994 1
644 706 1
644 715 1
644 746 1
644 754 1
644 767 1
644 840 1
644 843 1
644 884 1
644 906 1
644 912 1
644 951 1
644 1002 1
644 1072 1
644 1073 1
644 1078 1
644 1143 1
644 1235 1
644 1276 1
644 1277 1
644 1284 1
644 1292 1
644 1349 1
644 1462 1
644 1495 1
644 1564 1
644 1571 1
644 1615 1
644 1626 1
644 1691 1
644 1713 1
644 1729 1
644 1741 1
644 1754 1
644 1796 1
644 1808 1
644 1829 1
644 1938 1
644 1953 1
644 1971 1
644 1982 1
645 658 1
645 670 1
645 683 1
645 685 1
645 693 1
645 700 1
645 703 1
645 733 1
645 739 1
645 744 1
645 775 1
645 801 1
645 811 1
645 882 1
645 891 1
645 927 1
645 932 1
645 939 1
645 975 1
645 1006 1
645 1012 1
645 1072 1
645 1077 1
645 1262 1
645 1284 1
645 1334 1
645 1457 1
645 1586 1
645 1679 1
645 1684 1
645 1755 1
645 1785 1
645 1836 1
645 1846 1
645 1886 1
645 1898 1
645 1914 1
645 1984 1
646 758 1
646 872 1
646 877 1
646 880 1
646 894 1
646 1005 1
646 1150 1
646 1214 1
646 1249 1
646 1276 1
646 1315 1
646 1334 1
646 1457 1
646 1468 1
646 1528 1
646 1552 1
646 1571 1
646 1573 1
646 1597 1
646 1640 1
646 1691 1
646 1719 1
646 1724 1
646 1752 1
647 684 1
647 774 1
647 808 1
647 826 1
647 896 1
647 930 1
647 976 1
647 980 1
647 997 1
647 1007 1
647 1064 1
647 1087 1
647 1103 1
647 1111 1
647 1155 1
647 1274 1
647 1332 1
647 1335 1
647 1343 1
647 1391 1
647 1429 1
647 1430 1
647 1487 1
647 1584 1
647 1588 1
647 1612 1
647 1675 1
647 1727 1
647 1763 1
647 1765 1
647 1785 1
647 1980 1
648 659 1
648 726 1
648 796 1
648 799 1
648 1042 1
648 1073 1
648 1113 1
648 1127 1
648 1211 1
648 1234 1
648 1309 1
648 1398 1
648 1418 1
648 1423 1
648 1487 1
648 1524 1
648 1637 1
648 1664 1
648 1671 1
648 1687 1
648 1746 1
648 1756 1
648 1773 1
648 1774 1
648 1807 1
648 1820 1
648 1842 1
648 1846 1
648 1852 1
648 1882 1
648 1942 1
648 1991 1
649 750 1
649 794 1
649 878 1
649 895 1
649 930 1
649 965 1
649 1015 1
649 1030 1
649 1156 1
649 1168 1
649 1269 1
649 1354 1
649 1363 1
649 1442 1
649 1468 1
649 1469 1
649 1601 1
649 1615 1
649 1618 1
649 1625 1
649 1630 1
649 1679 1
649 1734 1
649 1772 1
649 1809 1
649 1814 1
649 1822 1
649 1945 1
649 1979 1
650 662 1
650 713 1
650 817 1
650 829 1
650 866 1
650 867 1
650 934 1
650 993 1
650 1000 1
650 1071 1
650 1147 1
650 1185 1
650 1219 1
650 1261 1
650 1274 1
650 1278 1
650 1304 1
650 1342 1
650 1363 1
650 1377 1
650 1388 1
650 1414 1
650 1440 1
650 1450 1
650 1516 1
650 1528 1
650 1540 1
650 1554 1
650 1555 1
650 1597 1
650 1659 1
650 1674 1
650 1684 1
650 1719 1
650 1749 1
650 1773 1
650 1807 1
650 1855 1
650 1902 1
650 1933 1
650 1943 1
650 1954 1
650 1995 1
651 743 1
651 994 1
651 1004 1
651 1083 1
651 1163 1
651 1225 1
651 1260 1
651 1302 1
651 1415 1
651 1440 1
651 1445 1
651 1458 1
651 1506 1
651 1512 1
651 1515 1
651 1523 1
651 1541 1
651 1556 1
651 1565 1
651 1566 1
651 1597 1
651 1653 1
651 1688 1
651 1724 1
651 1760 1
651 1975 1
652 675 1
652 737 1
652 738 1
652 755 1
652 775 1
652 778 1
652 802 1
652 805 1
652 835 1
652 850 1
652 883 1
652 903 1
652 990 1
652 996 1
652 1004 1
652 1046 1
652 1061 1
652 1068 1
652 1130 1
652 1156 1
652 1168 1
652 1201 1
652 1208 1
652 1338 1
652 1371 1
652 1391 1
652 1453 1
652 1474 1
652 1483 1
652 1530 1
652 1546 1
652 1595 1
652 1599 1
652 1657 1
652 1674 1
652 1702 1
652 1768 1
652 1807 1
652 1811 1
652 1868 1
652 1908 1
652 1988 1
653 690 1
653 710 1
653 723 1
653 770 1
653 774 1
653 883 1
653 946 1
653 953 1
653 973 1
653 1044 1
653 1105 1
653 1134 1
653 1201 1
653 1404 1
653 1413 1
653 1424 1
653 1520 1
653 1533 1
653 1550 1
653 1598 1
653 1621 1
653 1665 1
653 1671 1
653 1681 1
653 1699 1
653 1749 1
653 1775 1
653 1781 1
653 1782 1
653 1805 1
653 1820 1
653 1830 1
653 1834 1
653 1843 1
653 1854 1
653 1903 1
653 1973 1
653 1981 1
653 1997 1
654 658 1
654 674 1
654 728 1
654 778 1
654 779 1
654 833 1
654 947 1
654 1007 1
654 1103 1
654 1110 1
654 1184 1
654 1186 1
654 1217 1
654 1262 1
654 1308 1
654 1341 1
654 1391 1
654 1403 1
654 1407 1
654 1441 1
654 1458 1
654 1475 1
654 1478 1
654 1496 1
654 1530 1
654 1546 1
654 1585 1
654 1694 1
654 1702 1
654 1786 1
654 1828 1
654 1846 1
654 1873 1
654 1932 1
654 1963 1
655 696 1
655 723 1
655 754 1
655 785 1
655 816 1
655 865 1
655 879 1
655 954 1
655 958 1
655 965 1
655 1104 1
655 1107 1
655 1115 1
655 1193 1
655 1255 1
655 1312 1
655 1333 1
655 1358 1
655 1373 1
655 1381 1
655 1422 1
655 1462 1
655 1529 1
655 1572 1
655 1644 1
655 1658 1
655 1667 1
655 1670 1
655 1683 1
655 1688 1
655 1708 1
655 1739 1
655 1856 1
655 1896 1
655 1931 1
655 1933 1
655 1942 1
655 1950 1
655 1956 1
655 1979 1
656 774 1
656 804 1
656 851 1
656 864 1
656 884 1
656 972 1
656 1029 1
656 1073 1
656 1093 1
656 1158 1
656 1161 1
656 1189 1
656 1191 1
656 1196 1
656 1261 1
656 1341 1
656 1385 1
656 1456 1
656 1485 1
656 1511 1
656 1525 1
656 1538 1
656 1546 1
656 1637 1
656 1650 1
656 1706 1
656 1722 1
656 1733 1
656 1747 1
656 1748 1
656 1765 1
656 1866 1
656 1871 1
656 1880 1
656 1922 1
657 686 1
657 714 1
657 938 1
657 954 1
657 971 1
657 974 1
657 977 1
657 1001 1
657 1117 1
657 1122 1
657 1135 1
657 1328 1
657 1337 1
657 1369 1
657 1378 1
657 1425 1
657 1439 1
657 1513 1
657 1568 1
657 1583 1
657 1596 1
657 1682 1
657 1706 1
657 1737 1
657 1756 1
657 1769 1
657 1804 1
657 1894 1
657 1966 1
657 1972 1
657 1975 1
657 1984 1
658 692 1
658 699 1
658 714 1
658 727 1
658 751 1
658 850 1
658 855 1
658 956 1
658 1046 1
658 1066 1
658 1112 1
658 1165 1
658 1189 1
658 1206 1
658 1258 1
658 1261 1
658 1290 1
658 1395 1
658 1412 1
658 1542 1
658 1550 1
658 1633 1
658 1740 1
658 1742 1
658 1858 1
658 1862 1
658 1879 1
658 1895 1
658 1899 1
658 1957 1
658 1971 1
658 1976 1
658 1988 1
659 670 1
659 714 1
659 719 1
659 773 1
659 801 1
659 841 1
659 844 1
659 876 1
659 932 1
659 946 1
659 955 1
659 1064 1
659 1129 1
659 1211 1
659 1240 1
659 1251 1
659 1315 1
659 1320 1
659 1330 1
659 1343 1
659 1360 1
659 1409 1
659 1518 1
659 1544 1
659 1579 1
659 1600 1
659 1767 1
659 1844 1
659 1891 1
659 1957 1
659 1963 1
659 1966 1
659 1989 1
659 1991 1
660 725 1
660 727 1
660 757 1
660 776 1
660 865 1
660 901 1
660 943 1
660 1010 1
660 1038 1
660 1046 1
660 1112 1
660 1196 1
660 1201 1
660 1314 1
660 1342 1
660 1355 1
660 1369 1
660 1377 1
660 1490 1
660 1491 1
660 1502 1
660 1517 1
660 1568 1
660 1616 1
660 1688 1
660 1703 1
660 1760 1
660 1762 1
660 1780 1
660 1784 1
660 1859 1
660 1866 1
660 1880 1
660 1893 1
660 1915 1
660 1919 1
660 1930 1
660 1961 1
661 674 1
661 680 1
661 707 1
661 710 1
661 725 1
661 808 1
661 847 1
661 869 1
661 877 1
661 923 1
661 938 1
661 952 1
661 978 1
661 1096 1
661 1156 1
661 1160 1
661 1183 1
661 1272 1
661 1394 1
661 1413 1
661 1493 1
661 1503 1
661 1514 1
661 1526 1
661 1557 1
661 1561 1
661 1576 1
661 1649 1
661 1657 1
661 1743 1
661 1783 1
661 1843 1
661 1877 1
661 1959 1
662 686 1
662 793 1
662 889 1
662 943 1
662 954 1
662 995 1
662 1007 1
662 1030 1
662 1045 1
662 1076 1
662 1110 1
662 1145 1
662 1353 1
662 1372 1
662 1434 1
662 1503 1
662 1548 1
662 1561 1
662 1565 1
662 1587 1
662 1604 1
662 1616 1
662 1618 1
662 1675 1
662 1676 1
662 1687 1
662 1720 1
662 1725 1
662 1742 1
662 1763 1
662 1803 1
662 1806 1
662 1809 1
662 1826 1
662 1872 1
662 1886 1
662 1888 1
662 1916 1
662 1948 1
662 1959 1
662 1977 1
663 818 1
663 828 1
663 896 1
663 1004 1
663 1038 1
663 1042 1
663 1160 1
663 1188 1
663 1232 1
663 1254 1
663 1273 1
663 1311 1
663 1323 1
663 1359 1
663 1368 1
663 1460 1
663 1534 1
663 1540 1
663 1546 1
663 1548 1
663 1557 1
663 1588 1
663 1608 1
663 1626 1
663 1656 1
663 1739 1
663 1778 1
663 1801 1
663 1903 1
663 1948 1
663 1962 1
664 701 1
664 742 1
664 770 1
664 775 1
664 843 1
664 845 1
664 873 1
664 882 1
664 892 1
664 926 1
664 962 1
664 964 1
664 1014 1
664 1025 1
664 1131 1
664 1143 1
664 1163 1
664 1199 1
664 1352 1
664 1353 1
664 1388 1
664 1395 1
664 1419 1
664 1462 1
664 1481 1
664 1522 1
664 1557 1
664 1577 1
664 1604 1
664 1624 1
664 1706 1
664 1741 1
664 1751 1
664 1822 1
664 1833 1
664 1872 1
664 1896 1
664 1911 1
664 1999 1
665 690 1
665 744 1
665 786 1
665 827 1
665 846 1
665 849 1
665 888 1
665 1036 1
665 1047 1
665 1124 1
665 1143 1
665 1148 1
665 1186 1
665 1212 1
665 1227 1
665 1308 1
665 1366 1
665 1400 1
665 1421 1
665 1506 1
665 1694 1
665 1724 1
665 1725 1
665 1806 1
665 1812 1
665 1842 1
665 1891 1
665 1934 1
666 668 1
666 701 1
666 787 1
666 805 1
666 814 1
666 854 1
666 878 1
666 929 1
666 930 1
666 939 1
666 985 1
666 1022 1
666 1079 1
666 1084 1
666 1116 1
666 1246 1
666 1259 1
666 1327 1
666 1393 1
666 1436 1
666 1462 1
666 1505 1
666 1510 1
666 1558 1
666 1562 1
666 1590 1
666 1663 1
666 1726 1
666 1755 1
666 1758 1
666 1786 1
666 1789 1
666 1810 1
666 1850 1
666 1853 1
666 1858 1
666 1859 1
666 1867 1
666 1892 1
666 1905 1
666 1948 1
666 1972 1
667 678 1
667 685 1
667 766 1
667 780 1
667 796 1
667 799 1
667 846 1
667 974 1
667 1027 1
667 1095 1
667 1100 1
667 1130 1
667 1183 1
667 1226 1
667 1261 1
667 1268 1
667 1279 1
667 1296 1
667 1340 1
667 1342 1
667 1380 1
667 1384 1
667 1392 1
667 1425 1
667 1433 1
667 1487 1
667 1533 1
667 1590 1
667 1703 1
667 1818 1
667 1836 1
667 1843 1
667 1880 1
667 1906 1
667 1914 1
667 1918 1
667 1926 1
667 1944 1
667 1956 1
667 1959 1
668 700 1
668 752 1
668 767 1
668 789 1
668 803 1
668 811 1
668 813 1
668 923 1
668 950 1
668 1053 1
668 1079 1
668 1086 1
668 1087 1
668 1135 1
668 1225 1
668 1251 1
668 1261 1
668 1281 1
668 1315 1
668 1395 1
668 1466 1
668 1472 1
668 1570 1
668 1588 1
668 1624 1
668 1703 1
668 1742 1
668 1748 1
668 1839 1
668 1841 1
668 1861 1
668 1876 1
668 1963 1
669 700 1
669 724 1
669 736 1
669 813 1
669 847 1
669 902 1
669 980 1
669 982 1
669 991 1
669 1038 1
669 1040 1
669 1072 1
669 1096 1
669 1143 1
669 1156 1
669 1204 1
669 1227 1
669 1270 1
669 1291 1
669 1300 1
669 1335 1
669 1445 1
669 1462 1
669 1488 1
669 1493 1
669 1517 1
669 1593 1
669 1672 1
669 1729 1
669 1745 1
669 1803 1
669 1805 1
669 1817 1
669 1886 1
669 1894 1
669 1900 1
669 1908 1
669 1926 1
669 1928 1
669 1963 1
669 1975 1
670 783 1
670 824 1
670 853 1
670 901 1
670 969 1
670 986 1
670 1004 1
670 1081 1
670 1170 1
670 1176 1
670 1192 1
670 1208 1
670 1230 1
670 1235 1
670 1256 1
670 1260 1
670 1413 1
670 1447 1
670 1483 1
670 1525 1
670 1561 1
670 1573 1
670 1580 1
670 1625 1
670 1630 1
670 1791 1
670 1809 1
670 1821 1
670 1898 1
670 1919 1
670 1940 1
670 1980 1
671 672 1
671 692 1
671 757 1
671 894 1
671 941 1
671 1026 1
671 1039 1
671 1040 1
671 1061 1
671 1071 1
671 1127 1
671 1148 1
671 1149 1
671 1281 1
671 1318 1
671 1349 1
671 1382 1
671 1393 1
671 1395 1
671 1398 1
671 1445 1
671 1524 1
671 1553 1
671 1554 1
671 1581 1
671 1589 1
671 1607 1
671 1645 1
671 1653 1
671 1660 1
671 1693 1
671 1747 1
671 1769 1
671 1780 1
671 1790 1
671 1836 1
671 1849 1
671 1879 1
671 1903 1
671 1906 1
671 1934 1
671 1936 1
672 707 1
672 749 1
672 789 1
672 793 1
672 826 1
672 831 1
672 1008 1
672 1066 1
672 1131 1
672 1156 1
672 1356 1
672 1367 1
672 1390 1
672 1458 1
672 1670 1
672 1696 1
672 1711 1
672 1738 1
672 1782 1
672 1813 1
672 1857 1
672 1873 1
672 1912 1
672 1921 1
673 682 1
673 683 1
673 733 1
673 745 1
673 766 1
673 826 1
673 834 1
673 866 1
673 886 1
673 954 1
673 959 1
673 1007 1
673 1014 1
673 1090 1
673 1127 1
673 1222 1
673 1289 1
673 1325 1
673 1334 1
673 1340 1
673 1343 1
673 1401 1
673 1410 1
673 1411 1
673 1427 1
673 1482 1
673 1531 1
673 1590 1
673 1620 1
673 1624 1
673 1642 1
673 1649 1
673 1665 1
673 1704 1
673 1705 1
673 1741 1
673 1775 1
673 1807 1
673 1861 1
674 703 1
674 733 1
674 737 1
674 804 1
674 881 1
674 1122 1
674 1142 1
674 1156 1
674 1161 1
674 1203 1
674 1238 1
674 1273 1
674 1291 1
674 1320 1
674 1547 1
674 1649 1
674 1658 1
674 1678 1
674 1688 1
674 1773 1
674 1879 1
674 1925 1
674 1944 1
674 1948 1
674 1959 1
674 1983 1
675 710 1
675 770 1
675 801 1
675 911 1
675 934 1
675 936 1
675 951 1
675 981 1
675 984 1
675 1007 1
675 1011 1
675 1086 1
675 1140 1
675 1166 1
675 1167 1
675 1187 1
675 1203 1
675 1309 1
675 1319 1
675 1336 1
675 1344 1
675 1364 1
675 1383 1
675 1402 1
675 1445 1
675 1521 1
675 1525 1
675 1601 1
675 1639 1
675 1645 1
675 1654 1
675 1663 1
675 1698 1
675 1716 1
675 1767 1
675 1855 1
675 1862 1
675 1884 1
675 1951 1
676 725 1
676 731 1
676 738 1
676 741 1
676 753 1
676 857 1
676 896 1
676 909 1
676 937 1
676 946 1
676 962 1
676 985 1
676 1022 1
676 1032 1
676 1071 1
676 1151 1
676 1165 1
676 1203 1
676 1317 1
676 1324 1
676 1325 1
676 1373 1
676 1391 1
676 1402 1
676 1444 1
676 1457 1
676 1553 1
676 1563 1
676 1628 1
676 1636 1
676 1662 1
676 1741 1
676 1760 1
676 1931 1
676 1945 1
676 1976 1
677 955 1
677 1025 1
677 1075 1
677 1164 1
677 1190 1
677 1197 1
677 1377 1
677 1403 1
677 1411 1
677 1460 1
677 1492 1
677 1525 1
677 1645 1
677 1655 1
677 1721 1
677 1728 1
677 1783 1
677 1920 1
678 801 1
678 837 1
678 877 1
678 934 1
678 987 1
678 988 1
678 1009 1
678 1091 1
678 1140 1
678 1170 1
678 1190 1
678 1233 1
678 1321 1
678 1331 1
678 1333 1
678 1365 1
678 1377 1
678 1439 1
678 1637 1
678 1653 1
678 1702 1
678 1747 1
678 1749 1
678 1751 1
678 1789 1
678 1853 1
678 1857 1
678 1905 1
678 1914 1
678 1920 1
678 1947 1
678 1965 1
678 1970 1
678 1988 1
679 689 1
679 692 1
679 798 1
679 897 1
679 920 1
679 944 1
679 964 1
679 1033 1
679 1105 1
679 1202 1
679 1274 1
679 1297 1
679 1312 1
679 1355 1
679 1394 1
679 1416 1
679 1439 1
679 1450 1
679 1458 1
679 1489 1
679 1503 1
679 1559 1
679 1646 1
679 1661 1
679 1678 1
679 1734 1
679 1735 1
679 1742 1
679 1744 1
679 1763 1
679 1769 1
679 1867 1
680 682 1
680 782 1
680 795 1
680 881 1
680 947 1
680 962 1
680 966 1
680 1081 1
680 1108 1
680 1217 1
680 1269 1
680 1384 1
680 1419 1
680 1422 1
680 1467 1
680 1549 1
680 1563 1
680 1572 1
680 1610 1
680 1622 1
680 1631 1
680 1693 1
680 1745 1
680 1804 1
680 1943 1
680 1977 1
681 720 1
681 741 1
681 794 1
681 840 1
681 865 1
681 870 1
681 899 1
681 941 1
681 979 1
681 1016 1
681 1135 1
681 1391 1
681 1402 1
681 1477 1
681 1480 1
681 1620 1
681 1624 1
681 1646 1
681 1714 1
681 1747 1
681 1763 1
681 1806 1
681 1841 1
681 1858 1
681 1888 1
681 1980 1
681 1989 1
681 1990 1
682 798 1
682 845 1
682 848 1
682 851 1
682 866 1
682 907 1
682 917 1
682 947 1
682 1030 1
682 1101 1
682 1107 1
682 1132 1
682 1188 1
682 1217 1
682 1254 1
682 1413 1
682 1437 1
682 1444 1
682 1448 1
682 1451 1
682 1472 1
682 1578 1
682 1622 1
682 1634 1
682 1665 1
682 1770 1
682 1788 1
682 1820 1
682 1844 1
682 1914 1
682 1937 1
682 1979 1
683 845 1
683 858 1
683 880 1
683 894 1
683 945 1
683 1026 1
683 1049 1
683 1114 1
683 1212 1
683 1293 1
683 1327 1
683 1368 1
683 1423 1
683 1435 1
683 1441 1
683 1484 1
683 1495 1
683 1500 1
683 1522 1
683 1530 1
683 1546 1
683 1653 1
683 1658 1
683 1674 1
683 1691 1
683 1768 1
683 1795 1
683 1811 1
683 1889 1
683 1930 1
683 1932 1
683 1938 1
683 1991 1
683 1994 1
683 1998 1
684 687 1
684 720 1
684 809 1
684 813 1
684 894 1
684 955 1
684 962 1
684 991 1
684 1043 1
684 1050 1
684 1068 1
684 1081 1
684 1107 1
684 1138 1
684 1150 1
684 1213 1
684 1215 1
684 1230 1
684 1287 1
684 1297 1
684 1388 1
684 1404 1
684 1443 1
684 1470 1
684 1483 1
684 1541 1
684 1570 1
684 1577 1
684 1594 1
684 1600 1
684 1674 1
684 1689 1
684 1704 1
684 1731 1
684 1820 1
684 1833 1
684 1872 1
684 1985 1
685 722 1
685 740 1
685 761 1
685 772 1
685 814 1
685 857 1
685 917 1
685 929 1
685 943 1
685 987 1
685 1048 1
685 1054 1
685 1058 1
685 1066 1
685 1074 1
685 1123 1
685 1129 1
685 1192 1
685 1241 1
685 1268 1
685 1346 1
685 1393 1
685 1408 1
685 1425 1
685 1426 1
685 1564 1
685 1630 1
685 1651 1
685 1694 1
685 1703 1
685 1730 1
685 1750 1
685 1754 1
685 1784 1
685 1860 1
686 754 1
686 837 1
686 879 1
686 920 1
686 926 1
686 960 1
686 991 1
686 1000 1
686 1008 1
686 1051 1
686 1092 1
686 1170 1
686 1208 1
686 1320 1
686 1325 1
686 1352 1
686 1436 1
686 1534 1
686 1542 1
686 1608 1
686 1610 1
686 1714 1
686 1738 1
686 1743 1
686 1776 1
686 1847 1
686 1851 1
686 1924 1
687 749 1
687 753 1
687 800 1
687 843 1
687 858 1
687 925 1
687 926 1
687 933 1
687 937 1
687 996 1
687 997 1
687 1023 1
687 1105 1
687 1117 1
687 1146 1
687 1162 1
687 1192 1
687 1193 1
687 1254 1
687 1258 1
687 1285 1
687 1291 1
687 1347 1
687 1387 1
687 1389 1
687 1416 1
687 1465 1
687 1484 1
687 1492 1
687 1527 1
687 1562 1
687 1586 1
687 1672 1
687 1675 1
687 1688 1
687 1732 1
687 1769 1
687 1819 1
687 1836 1
687 1919 1
687 1924 1
687 1936 1
687 1990 1
688 736 1
688 744 1
688 759 1
688 769 1
688 776 1
688 830 1
688 834 1
688 848 1
688 862 1
688 897 1
688 916 1
688 981 1
688 993 1
688 996 1
688 1000 1
688 1087 1
688 1111 1
688 1114 1
688 1154 1
688 1200 1
688 1218 1
688 1234 1
688 1263 1
688 1300 1
688 1430 1
688 1507 1
688 1531 1
688 1538 1
688 1559 1
688 1600 1
688 1678 1
688 1701 1
688 1716 1
688 1875 1
688 1883 1
688 1897 1
688 1909 1
688 1960 1
689 732 1
689 826 1
689 844 1
689 856 1
689 858 1
689 877 1
689 879 1
689 932 1
689 937 1
689 956 1
689 986 1
689 1020 1
689 1067 1
689 1113 1
689 1190 1
689 1272 1
689 1296 1
689 1434 1
689 1446 1
689 1525 1
689 1546 1
689 1691 1
689 1703 1
689 1722 1
689 1809 1
689 1841 1
689 1863 1
689 1948 1
689 1949 1
689 1985 1
690 697 1
690 742 1
690 749 1
690 755 1
690 807 1
690 845 1
690 928 1
690 958 1
690 1013 1
690 1036 1
690 1111 1
690 1146 1
690 1290 1
690 1293 1
690 1335 1
690 1340 1
690 1382 1
690 1432 1
690 1483 1
690 1567 1
690 1620 1
690 1646 1
690 1842 1
690 1849 1
690 1900 1
690 1963 1
691 730 1
691 747 1
691 748 1
691 853 1
691 907 1
691 967 1
691 969 1
691 1003 1
691 1056 1
691 1115 1
691 1174 1
691 1175 1
691 1181 1
691 1207 1
691 1280 1
691 1379 1
691 1402 1
691 1421 1
691 1535 1
691 1546 1
691 1553 1
691 1569 1
691 1607 1
691 1693 1
691 1735 1
691 1737 1
691 1743 1
691 1841 1
691 1879 1
691 1903 1
691 1969 1
692 725 1
692 749 1
692 788 1
692 799 1
692 812 1
692 840 1
692 845 1
692 862 1
692 936 1
692 971 1
692 980 1
692 1140 1
692 1222 1
692 1230 1
692 1233 1
692 1263 1
692 1280 1
692 1287 1
692 1413 1
692 1446 1
692 1465 1
692 1536 1
692 1617 1
692 1618 1
692 1632 1
692 1637 1
692 1661 1
692 1753 1
692 1778 1
692 1880 1
692 1894 1
692 1902 1
692 1907 1
693 712 1
693 731 1
693 748 1
693 749 1
693 771 1
693 819 1
693 857 1
693 1087 1
693 1090 1
693 1143 1
693 1145 1
693 1155 1
693 1177 1
693 1220 1
693 1303 1
693 1422 1
693 1465 1
693 1517 1
693 1555 1
693 1604 1
693 1691 1
693 1736 1
693 1745 1
693 1854 1
693 1908 1
693 1943 1
693 1970 1
693 1995 1
694 722 1
694 735 1
694 743 1
694 776 1
694 839 1
694 994 1
694 1051 1
694 1064 1
694 1104 1
694 1111 1
694 1132 1
694 1190 1
694 1340 1
694 1402 1
694 1408 1
694 1511 1
694 1520 1
694 1528 1
694 1546 1
694 1606 1
694 1694 1
694 1744 1
694 1772 1
694 1811 1
694 1871 1
694 1906 1
694 1965 1
694 1995 1
695 780 1
695 817 1
695 821 1
695 824 1
695 834 1
695 854 1
695 876 1
695 883 1
695 887 1
695 918 1
695 949 1
695 954 1
695 1051 1
695 1131 1
695 1141 1
695 1174 1
695 1195 1
695 1245 1
695 1264 1
695 1273 1
695 1291 1
695 1311 1
695 1353 1
695 1376 1
695 1410 1
695 1424 1
695 1467 1
695 1490 1
695 1497 1
695 1536 1
695 1591 1
695 1608 1
695 1644 1
695 1670 1
695 1681 1
695 1721 1
695 1757 1
695 1775 1
695 1811 1
695 1901 1
696 735 1
696 778 1
696 830 1
696 892 1
696 925 1
696 929 1
696 951 1
696 1035 1
696 1041 1
696 1059 1
696 1077 1
696 1123 1
696 1129 1
696 1173 1
696 1257 1
696 1273 1
696 1282 1
696 1301 1
696 1409 1
696 1447 1
696 1517 1
696 1579 1
696 1586 1
696 1628 1
696 1685 1
696 1718 1
696 1746 1
696 1751 1
696 1758 1
696 1828 1
696 1887 1
696 1897 1
696 1911 1
696 1927 1
696 1967 1
696 1977 1
697 711 1
697 728 1
697 738 1
697 806 1
697 847 1
697 855 1
697 876 1
697 934 1
697 938 1
697 974 1
697 999 1
697 1027 1
697 1035 1
697 1056 1
697 1182 1
697 1185 1
697 1247 1
697 1259 1
697 1309 1
697 1354 1
697 1374 1
697 1376 1
697 1539 1
697 1589 1
697 1590 1
697 1671 1
697 1676 1
697 1747 1
697 1851 1
697 1905 1
697 1925 1
697 1945 1
697 1958 1
697 1981 1
698 801 1
698 822 1
698 846 1
698 851 1
698 889 1
698 913 1
698 921 1
698 942 1
698 944 1
698 1041 1
698 1112 1
698 1122 1
698 1131 1
698 1313 1
698 1315 1
698 1326 1
698 1359 1
698 1378 1
698 1425 1
698 1441 1
698 1505 1
698 1519 1
698 1565 1
698 1569 1
698 1596 1
698 1644 1
698 1762 1
698 1851 1
698 1855 1
698 1903 1
699 718 1
699 730 1
699 768 1
699 804 1
699 828 1
699 898 1
699 915 1
699 931 1
699 939 1
699 954 1
699 965 1
699 1051 1
699 1083 1
699 1166 1
699 1174 1
699 1211 1
699 1230 1
699 1240 1
699 1258 1
699 1263 1
699 1273 1
699 1313 1
699 1394 1
699 1412 1
699 1426 1
699 1483 1
699 1541 1
699 1633 1
699 1674 1
699 1677 1
699 1733 1
699 1734 1
699 1783 1
699 1842 1
699 1861 1
699 1897 1
699 1900 1
699 1902 1
699 1909 1
699 1920 1
699 1942 1
699 1952 1
699 1957 1
699 1964 1
699 1977 1
699 1995 1
699 2000 1
700 745 1
700 756 1
700 758 1
700 786 1
700 807 1
700 811 1
700 869 1
700 894 1
700 918 1
700 993 1
700 1067 1
700 1107 1
700 1166 1
700 1185 1
700 1224 1
700 1228 1
700 1358 1
700 1363 1
700 1374 1
700 1377 1
700 1408 1
700 1421 1
700 1466 1
700 1497 1
700 1576 1
700 1580 1
700 1620 1
700 1660 1
700 1666 1
700 1717 1
700 1737 1
700 1834 1
700 1859 1
700 1905 1
700 1912 1
700 1913 1
700 1949 1
700 1974 1
700 1977 1
701 788 1
701 826 1
701 862 1
701 915 1
701 999 1
701 1046 1
701 1066 1
701 1067 1
701 1069 1
701 1164 1
701 1312 1
701 1373 1
701 1411 1
701 1450 1
701 1562 1
701 1624 1
701 1638 1
701 1760 1
701 1780 1
701 1784 1
701 1786 1
701 1832 1
701 1895 1
701 1923 1
701 1951 1
702 703 1
702 713 1
702 792 1
702 798 1
702 838 1
702 866 1
702 906 1
702 981 1
702 984 1
702 1039 1
702 1070 1
702 1071 1
702 1135 1
702 1152 1
702 1175 1
702 1196 1
702 1207 1
702 1216 1
702 1256 1
702 1271 1
702 1284 1
702 1309 1
702 1341 1
702 1451 1
702 1482 1
702 1495 1
702 1500 1
702 1519 1
702 1527 1
702 1584 1
702 1602 1
702 1690 1
702 1699 1
702 1761 1
702 1845 1
702 1848 1
702 1863 1
702 1874 1
702 1907 1
702 1928 1
702 1961 1
703 726 1
703 829 1
703 903 1
703 915 1
703 921 1
703 994 1
703 1073 1
703 1092 1
703 1138 1
703 1189 1
703 1197 1
703 1214 1
703 1234 1
703 1242 1
703 1318 1
703 1326 1
703 1337 1
703 1435 1
703 1454 1
703 1476 1
703 1495 1
703 1500 1
703 1610 1
703 1625 1
703 1639 1
703 1651 1
703 1729 1
703 1745 1
703 1795 1
703 1821 1
703 1919 1
703 1976 1
704 734 1
704 777 1
704 828 1
704 946 1
704 953 1
704 989 1
704 1012 1
704 1039 1
704 1089 1
704 1130 1
704 1163 1
704 1205 1
704 1264 1
704 1289 1
704 1311 1
704 1374 1
704 1418 1
704 1433 1
704 1465 1
704 1509 1
704 1650 1
704 1693 1
704 1740 1
704 1758 1
704 1773 1
704 1780 1
704 1843 1
704 1863 1
704 1994 1
704 1995 1
705 715 1
705 731 1
705 866 1
705 901 1
705 940 1
705 975 1
705 1076 1
705 1094 1
705 1134 1
705 1198 1
705 1213 1
705 1323 1
705 1397 1
705 1424 1
705 1433 1
705 1443 1
705 1589 1
705 1645 1
705 1658 1
705 1666 1
705 1767 1
705 1772 1
705 1859 1
706 773 1
706 782 1
706 825 1
706 881 1
706 942 1
706 1036 1
706 1058 1
706 1072 1
706 1110 1
706 1152 1
706 1181 1
706 1269 1
706 1313 1
706 1328 1
706 1349 1
706 1355 1
706 1362 1
706 1415 1
706 1431 1
706 1504 1
706 1603 1
706 1617 1
706 1688 1
706 1790 1
706 1813 1
706 1836 1
706 1856 1
706 1890 1
706 1906 1
706 1923 1
706 1949 1
706 1953 1
707 728 1
707 768 1
707 791 1
707 818 1
707 841 1
707 853 1
707 861 1
707 886 1
707 992 1
707 1050 1
707 1097 1
707 1191 1
707 1289 1
707 1363 1
707 1414 1
707 1445 1
707 1447 1
707 1471 1
707 1524 1
707 1537 1
707 1563 1
707 1565 1
707 1596 1
707 1597 1
707 1822 1
707 1902 1
707 1931 1
708 754 1
708 810 1
708 839 1
708 871 1
708 881 1
708 893 1
708 967 1
708 984 1
708 1003 1
708 1045 1
708 1046 1
708 1079 1
708 1169 1
708 1187 1
708 1250 1
708 1254 1
708 1276 1
708 1481 1
708 1532 1
708 1541 1
708 1634 1
708 1644 1
708 1677 1
708 1685 1
708 1778 1
708 1779 1
708 1783 1
708 1792 1
708 1893 1
708 1929 1
708 1950 1
708 1988 1
709 731 1
709 789 1
709 839 1
709 876 1
709 879 1
709 884 1
709 935 1
709 971 1
709 998 1
709 1065 1
709 1076 1
709 1109 1
709 1164 1
709 1204 1
709 1211 1
709 1226 1
709 1246 1
709 1262 1
709 1281 1
709 1351 1
709 1424 1
709 1502 1
709 1665 1
709 1676 1
709 1681 1
709 1686 1
709 1768 1
709 1772 1
709 1874 1
709 1926 1
709 1992 1
710 834 1
710 849 1
710 923 1
710 951 1
710 952 1
710 954 1
710 985 1
710 1058 1
710 1062 1
710 1126 1
710 1210 1
710 1248 1
710 1259 1
710 1300 1
710 1364 1
710 1369 1
710 1396 1
710 1416 1
710 1420 1
710 1468 1
710 1494 1
710 1508 1
710 1550 1
710 1633 1
710 1661 1
710 1664 1
710 1689 1
710 1704 1
710 1711 1
710 1793 1
710 1899 1
710 1931 1
710 1992 1
711 718 1
711 841 1
711 853 1
711 885 1
711 918 1
711 924 1
711 944 1
711 957 1
711 999 1
711 1024 1
711 1035 1
711 1090 1
711 1110 1
711 1222 1
711 1293 1
711 1315 1
711 1346 1
711 1383 1
711 1385 1
711 1391 1
711 1417 1
711 1447 1
711 1459 1
711 1544 1
711 1621 1
711 1628 1
711 1641 1
711 1644 1
711 1662 1
711 1730 1
711 1877 1
711 1892 1
711 1893 1
711 1926 1
711 1971 1
711 1975 1
712 734 1
712 762 1
712 949 1
712 1087 1
712 1091 1
712 1130 1
712 1158 1
712 1252 1
712 1312 1
712 1363 1
712 1375 1
712 1504 1
712 1508 1
712 1515 1
712 1745 1
712 1783 1
712 1790 1
712 1801 1
712 1832 1
712 1860 1
712 1871 1
712 1872 1
712 1893 1
712 1919 1
712 1934 1
712 1995 1
713 719 1
713 767 1
713 804 1
713 827 1
713 837 1
713 874 1
713 942 1
713 946 1
713 958 1
713 997 1
713 1039 1
713 1058 1
713 1174 1
713 1247 1
713 1290 1
713 1294 1
713 1320 1
713 1347 1
713 1466 1
713 1472 1
713 1536 1
713 1548 1
713 1561 1
713 1576 1
713 1641 1
713 1663 1
713 1701 1
713 1708 1
713 1727 1
713 1732 1
713 1741 1
713 1776 1
713 1803 1
713 1841 1
713 1864 1
713 1871 1
713 1883 1
713 1941 1
713 1979 1
714 725 1
714 743 1
714 811 1
714 912 1
714 920 1
714 960 1
714 961 1
714 968 1
714 1013 1
714 1017 1
714 1050 1
714 1058 1
714 1088 1
714 1114 1
714 1142 1
714 1156 1
714 1162 1
714 1235 1
714 1273 1
714 1298 1
714 1316 1
714 1325 1
714 1332 1
714 1362 1
714 1381 1
714 1409 1
714 1446 1
714 1569 1
714 1573 1
714 1672 1
714 1722 1
714 1756 1
714 1775 1
714 1789 1
714 1790 1
714 1827 1
714 1852 1
714 1943 1
714 1996 1
715 802 1
715 815 1
715 869 1
715 888 1
715 941 1
715 965 1
715 1016 1
715 1052 1
715 1065 1
715 1083 1
715 1149 1
715 1173 1
715 1192 1
715 1193 1
715 1207 1
715 1208 1
715 1244 1
715 1273 1
715 1409 1
715 1447 1
715 1462 1
715 1466 1
715 1468 1
715 1489 1
715 1548 1
715 1555 1
715 1625 1
715 1632 1
715 1636 1
715 1677 1
715 1710 1
715 1805 1
715 1856 1
715 1857 1
715 1903 1
716 756 1
716 775 1
716 782 1
716 783 1
716 803 1
716 816 1
716 839 1
716 936 1
716 953 1
716 1008 1
716 1011 1
716 1044 1
716 1058 1
716 1060 1
716 1076 1
716 1098 1
716 1110 1
716 1258 1
716 1261 1
716 1286 1
716 1313 1
716 1354 1
716 1381 1
716 1398 1
716 1443 1
716 1494 1
716 1600 1
716 1667 1
716 1674 1
716 1820 1
716 1822 1
716 1832 1
716 1854 1
716 1884 1
716 1892 1
716 1901 1
716 1915 1
716 1917 1
716 1980 1
717 869 1
717 881 1
717 978 1
717 1124 1
717 1154 1
717 1288 1
717 1333 1
717 1351 1
717 1386 1
717 1410 1
717 1411 1
717 1476 1
717 1512 1
717 1540 1
717 1572 1
717 1679 1
717 1684 1
717 1726 1
717 1742 1
717 1764 1
717 1809 1
717 1996 1
718 735 1
718 833 1
718 866 1
718 870 1
718 922 1
718 946 1
718 947 1
718 962 1
718 1055 1
718 1058 1
718 1060 1
718 1120 1
718 1122 1
718 1170 1
718 1187 1
718 1198 1
718 1210 1
718 1221 1
718 1287 1
718 1317 1
718 1468 1
718 1482 1
718 1500 1
718 1530 1
718 1538 1
718 1576 1
718 1580 1
718 1643 1
718 1648 1
718 1673 1
718 1695 1
718 1702 1
718 1733 1
718 1758 1
718 1760 1
718 1773 1
718 1839 1
718 1855 1
718 1865 1
718 1869 1
718 1900 1
718 1952 1
719 725 1
719 759 1
719 822 1
719 862 1
719 879 1
719 888 1
719 916 1
719 936 1
719 969 1
719 1000 1
719 1094 1
719 1095 1
719 1118 1
719 1123 1
719 1148 1
719 1224 1
719 1252 1
719 1271 1
719 1290 1
719 1298 1
719 1311 1
719 1353 1
719 1364 1
719 1467 1
719 1475 1
719 1481 1
719 1578 1
719 1581 1
719 1742 1
719 1766 1
719 1823 1
719 1826 1
719 1939 1
719 1948 1
719 1989 1
720 738 1
720 760 1
720 763 1
720 769 1
720 938 1
720 1073 1
720 1199 1
720 1238 1
720 1243 1
720 1300 1
720 1405 1
720 1502 1
720 1525 1
720 1541 1
720 1712 1
720 1714 1
720 1738 1
720 1813 1
720 1876 1
720 1924 1
720 1972 1
720 1980 1
721 760 1
721 802 1
721 804 1
721 805 1
721 860 1
721 971 1
721 1012 1
721 1052 1
721 1053 1
721 1058 1
721 1075 1
721 1089 1
721 1111 1
721 1352 1
721 1401 1
721 1418 1
721 1422 1
721 1454 1
721 1493 1
721 1507 1
721 1551 1
721 1560 1
721 1599 1
721 1680 1
721 1702 1
721 1791 1
721 1811 1
721 1826 1
721 1913 1
721 1992 1
722 827 1
722 931 1
722 948 1
722 959 1
722 976 1
722 977 1
722 991 1
722 1022 1
722 1093 1
722 1106 1
722 1161 1
722 1169 1
722 1237 1
722 1245 1
722 1247 1
722 1325 1
722 1333 1
722 1422 1
722 1446 1
722 1486 1
722 1499 1
722 1501 1
722 1512 1
722 1525 1
722 1626 1
722 1661 1
722 1674 1
722 1681 1
722 1755 1
722 1788 1
722 1853 1
722 1890 1
722 1900 1
722 1905 1
722 1963 1
722 1990 1
723 742 1
723 750 1
723 871 1
723 992 1
723 997 1
723 1036 1
723 1041 1
723 1047 1
723 1075 1
723 1110 1
723 1135 1
723 1161 1
723 1179 1
723 1206 1
723 1217 1
723 1250 1
723 1290 1
723 1341 1
723 1355 1
723 1385 1
723 1400 1
723 1403 1
723 1405 1
723 1455 1
723 1474 1
723 1559 1
723 1585 1
723 1713 1
723 1730 1
723 1943 1
723 1960 1
723 1976 1
723 1977 1
723 1988 1
724 744 1
724 791 1
724 795 1
724 797 1
724 815 1
724 847 1
724 859 1
724 903 1
724 929 1
724 987 1
724 996 1
724 1033 1
724 1192 1
724 1196 1
724 1235 1
724 1303 1
724 1327 1
724 1379 1
724 1404 1
724 1432 1
724 1475 1
724 1498 1
724 1518 1
724 1530 1
724 1534 1
724 1627 1
724 1645 1
724 1650 1
724 1663 1
724 1736 1
724 1854 1
724 1858 1
725 783 1
725 790 1
725 802 1
725 819 1
725 837 1
725 845 1
725 892 1
725 921 1
725 1005 1
725 1182 1
725 1242 1
725 1250 1
725 1269 1
725 1277 1
725 1291 1
725 1302 1
725 1383 1
725 1433 1
725 1436 1
725 1530 1
725 1548 1
725 1575 1
725 1645 1
725 1667 1
725 1699 1
725 1787 1
725 1919 1
725 1933 1
726 745 1
726 781 1
726 852 1
726 854 1
726 868 1
726 915 1
726 922 1
726 970 1
726 973 1
726 980 1
726 1007 1
726 1014 1
726 1091 1
726 1123 1
726 1146 1
726 1159 1
726 1183 1
726 1186 1
726 1218 1
726 1287 1
726 1308 1
726 1351 1
726 1430 1
726 1463 1
726 1468 1
726 1469 1
726 1487 1
726 1497 1
726 1615 1
726 1618 1
726 1634 1
726 1668 1
726 1817 1
726 1835 1
726 1844 1
726 1913 1
726 1927 1
726 1938 1
727 917 1
727 935 1
727 952 1
727 970 1
727 1018 1
727 1108 1
727 1117 1
727 1153 1
727 1225 1
727 1251 1
727 1267 1
727 1290 1
727 1318 1
727 1327 1
727 1333 1
727 1340 1
727 1402 1
727 1417 1
727 1426 1
727 1494 1
727 1548 1
727 1608 1
727 1622 1
727 1711 1
727 1716 1
727 1722 1
727 1729 1
727 1783 1
727 1808 1
727 1834 1
727 1898 1
727 1932 1
727 1962 1
728 736 1
728 810 1
728 831 1
728 914 1
728 1095 1
728 1155 1
728 1183 1
728 1279 1
728 1327 1
728 1335 1
728 1351 1
728 1359 1
728 1497 1
728 1585 1
728 1613 1
728 1669 1
728 1866 1
728 1877 1
728 1898 1
728 1981 1
728 1986 1
729 762 1
729 844 1
729 933 1
729 949 1
729 999 1
729 1064 1
729 1121 1
729 1204 1
729 1227 1
729 1231 1
729 1275 1
729 1306 1
729 1331 1
729 1354 1
729 1363 1
729 1407 1
729 1408 1
729 1409 1
729 1427 1
729 1431 1
729 1452 1
729 1467 1
729 1485 1
729 1503 1
729 1512 1
729 1595 1
729 1611 1
729 1614 1
729 1633 1
729 1672 1
729 1690 1
729 1747 1
729 1869 1
729 1876 1
729 1904 1
729 1911 1
729 1914 1
729 1939 1
729 1943 1
729 1958 1
729 1983 1
730 828 1
730 833 1
730 885 1
730 929 1
730 1034 1
730 1052 1
730 1066 1
730 1106 1
730 1163 1
730 1212 1
730 1352 1
730 1359 1
730 1417 1
730 1442 1
730 1447 1
730 1452 1
730 1457 1
730 1477 1
730 1521 1
730 1579 1
730 1651 1
730 1712 1
730 1730 1
730 1759 1
730 1769 1
730 1780 1
730 1867 1
730 1875 1
730 1976 1
731 772 1
731 775 1
731 788 1
731 816 1
731 862 1
731 870 1
731 886 1
731 913 1
731 941 1
731 1036 1
731 1053 1
731 1187 1
731 1224 1
731 1239 1
731 1263 1
731 1296 1
731 1362 1
731 1370 1
731 1396 1
731 1447 1
731 1529 1
731 1564 1
731 1586 1
731 1591 1
731 1610 1
731 1632 1
731 1678 1
731 1722 1
731 1725 1
731 1748 1
731 1784 1
731 1802 1
731 1865 1
731 1869 1
731 1961 1
732 843 1
732 858 1
732 913 1
732 918 1
732 920 1
732 973 1
732 1144 1
732 1162 1
732 1223 1
732 1234 1
732 1249 1
732 1277 1
732 1278 1
732 1286 1
732 1323 1
732 1359 1
732 1364 1
732 1376 1
732 1406 1
732 1432 1
732 1495 1
732 1520 1
732 1527 1
732 1577 1
732 1589 1
732 1595 1
732 1663 1
732 1703 1
732 1775 1
732 1852 1
732 1856 1
732 1876 1
732 1949 1
732 1996 1
733 747 1
733 828 1
733 869 1
733 883 1
733 887 1
733 890 1
733 911 1
733 964 1
733 973 1
733 1000 1
733 1023 1
733 1036 1
733 1065 1
733 1075 1
733 1114 1
733 1149 1
733 1170 1
733 1233 1
733 1240 1
733 1272 1
733 1276 1
733 1329 1
733 1339 1
733 1340 1
733 1458 1
733 1471 1
733 1568 1
733 1601 1
733 1619 1
733 1709 1
733 1781 1
733 1786 1
733 1807 1
733 1881 1
733 1900 1
733 1905 1
733 1974 1
733 1975 1
733 1989 1
733 1991 1
734 738 1
734 882 1
734 940 1
734 954 1
734 1053 1
734 1066 1
734 1112 1
734 1145 1
734 1146 1
734 1177 1
734 1262 1
734 1301 1
734 1315 1
734 1445 1
734 1491 1
734 1528 1
734 1540 1
734 1556 1
734 1643 1
734 1732 1
734 1759 1
734 1771 1
734 1824 1
734 1843 1
734 1857 1
734 1863 1
734 1865 1
734 1877 1
734 1881 1
734 1894 1
734 1919 1
735 738 1
735 776 1
735 800 1
735 873 1
735 884 1
735 903 1
735 959 1
735 989 1
735 1034 1
735 1113 1
735 1121 1
735 1218 1
735 1221 1
735 1239 1
735 1256 1
735 1357 1
735 1362 1
735 1406 1
735 1439 1
735 1580 1
735 1635 1
735 1657 1
735 1697 1
735 1827 1
735 1858 1
735 1869 1
735 1873 1
735 1896 1
735 1915 1
736 754 1
736 833 1
736 847 1
736 851 1
736 886 1
736 891 1
736 984 1
736 1037 1
736 1051 1
736 1096 1
736 1136 1
736 1153 1
736 1208 1
736 1215 1
736 1257 1
736 1271 1
736 1325 1
736 1415 1
736 1451 1
736 1458 1
736 1476 1
736 1529 1
736 1532 1
736 1541 1
736 1581 1
736 1793 1
736 1842 1
736 1867 1
736 1895 1
736 1913 1
736 1916 1
736 1921 1
736 1946 1
736 1969 1
736 1978 1
737 768 1
737 800 1
737 858 1
737 890 1
737 917 1
737 959 1
737 973 1
737 1042 1
737 1085 1
737 1098 1
737 1144 1
737 1174 1
737 1175 1
737 1187 1
737 1193 1
737 1267 1
737 1321 1
737 1325 1
737 1346 1
737 1428 1
737 1468 1
737 1472 1
737 1517 1
737 1561 1
737 1609 1
737 1639 1
737 1692 1
737 1718 1
737 1761 1
737 1846 1
737 1847 1
737 1909 1
737 1915 1
737 1991 1
738 739 1
738 779 1
738 828 1
738 834 1
738 867 1
738 872 1
738 906 1
738 952 1
738 962 1
738 991 1
738 1003 1
738 1074 1
738 1075 1
738 1129 1
738 1140 1
738 1142 1
738 1161 1
738 1212 1
738 1294 1
738 1301 1
738 1344 1
738 1362 1
738 1405 1
738 1432 1
738 1439 1
738 1501 1
738 1541 1
738 1548 1
738 1627 1
738 1630 1
738 1750 1
738 1845 1
738 1860 1
738 1889 1
738 1907 1
738 1932 1
738 1961 1
738 1972 1
738 1993 1
739 746 1
739 759 1
739 760 1
739 858 1
739 921 1
739 926 1
739 948 1
739 959 1
739 992 1
739 1033 1
739 1037 1
739 1088 1
739 1090 1
739 1141 1
739 1187 1
739 1210 1
739 1218 1
739 1244 1
739 1249 1
739 1290 1
739 1341 1
739 1353 1
739 1436 1
739 1518 1
739 1560 1
739 1575 1
739 1621 1
739 1628 1
739 1773 1
739 1827 1
739 1898 1
739 1901 1
739 1919 1
739 1935 1
739 1977 1
740 811 1
740 913 1
740 915 1
740 933 1
740 972 1
740 998 1
740 1032 1
740 1046 1
740 1112 1
740 1221 1
740 1228 1
740 1277 1
740 1302 1
740 1402 1
740 1433 1
740 1443 1
740 1495 1
740 1499 1
740 1522 1
740 1602 1
740 1642 1
740 1662 1
740 1691 1
740 1715 1
740 1776 1
740 1849 1
740 1894 1
740 1958 1
740 1976 1
741 743 1
741 803 1
741 833 1
741 878 1
741 977 1
741 1031 1
741 1049 1
741 1133 1
741 1143 1
741 1173 1
741 1184 1
741 1235 1
741 1255 1
741 1302 1
741 1347 1
741 1362 1
741 1370 1
741 1387 1
741 1390 1
741 1522 1
741 1628 1
741 1652 1
741 1693 1
741 1739 1
741 1781 1
741 1792 1
741 1801 1
741 1825 1
741 1921 1
741 1922 1
741 1932 1
742 751 1
742 757 1
742 776 1
742 825 1
742 832 1
742 837 1
742 844 1
742 869 1
742 902 1
742 907 1
742 910 1
742 1045 1
742 1109 1
742 1135 1
742 1167 1
742 1183 1
742 1217 1
742 1230 1
742 1234 1
742 1236 1
742 1247 1
742 1315 1
742 1349 1
742 1374 1
742 1385 1
742 1402 1
742 1411 1
742 1426 1
742 1448 1
742 1636 1
742 1674 1
742 1811 1
742 1813 1
742 1825 1
742 1830 1
742 1850 1
742 1869 1
742 1894 1
742 1982 1
742 1998 1
743 783 1
743 800 1
743 811 1
743 821 1
743 879 1
743 905 1
743 1011 1
743 1103 1
743 1104 1
743 1198 1
743 1202 1
743 1306 1
743 1311 1
743 1360 1
743 1416 1
743 1454 1
743 1550 1
743 1763 1
743 1835 1
743 1839 1
743 1891 1
743 1926 1
743 1978 1
744 825 1
744 842 1
744 858 1
744 918 1
744 1006 1
744 1018 1
744 1046 1
744 1087 1
744 1090 1
744 1106 1
744 1159 1
744 1224 1
744 1228 1
744 1284 1
744 1426 1
744 1428 1
744 1563 1
744 1603 1
744 1636 1
744 1652 1
744 1676 1
744 1705 1
744 1894 1
744 1919 1
744 1934 1
745 775 1
745 810 1
745 823 1
745 829 1
745 859 1
745 883 1
745 911 1
745 926 1
745 933 1
745 942 1
745 1142 1
745 1180 1
745 1248 1
745 1269 1
745 1270 1
745 1294 1
745 1417 1
745 1469 1
745 1483 1
745 1499 1
745 1510 1
745 1556 1
745 1619 1
745 1622 1
745 1627 1
745 1681 1
745 1716 1
745 1730 1
745 1741 1
745 1756 1
745 1829 1
745 1834 1
745 1871 1
745 1877 1
745 1884 1
745 1912 1
745 1957 1
746 759 1
746 762 1
746 763 1
746 826 1
746 837 1
746 871 1
746 881 1
746 902 1
746 920 1
746 937 1
746 1031 1
746 1087 1
746 1100 1
746 1208 1
746 1213 1
746 1257 1
746 1275 1
746 1348 1
746 1356 1
746 1426 1
746 1443 1
746 1445 1
746 1480 1
746 1516 1
746 1541 1
746 1543 1
746 1563 1
746 1583 1
746 1588 1
746 1716 1
746 1734 1
746 1836 1
746 1844 1
746 1861 1
746 1943 1
747 801 1
747 835 1
747 848 1
747 915 1
747 957 1
747 971 1
747 985 1
747 986 1
747 1008 1
747 1019 1
747 1048 1
747 1092 1
747 1115 1
747 1120 1
747 1138 1
747 1165 1
747 1212 1
747 1252 1
747 1411 1
747 1454 1
747 1483 1
747 1603 1
747 1682 1
747 1743 1
747 1756 1
747 1767 1
747 1875 1
747 1882 1
747 1905 1
747 1907 1
747 1946 1
747 1950 1
748 888 1
748 980 1
748 981 1
748 1021 1
748 1033 1
748 1049 1
748 1053 1
748 1065 1
748 1093 1
748 1114 1
748 1189 1
748 1209 1
748 1263 1
748 1271 1
748 1390 1
748 1431 1
748 1437 1
748 1695 1
748 1705 1
748 1722 1
748 1748 1
748 1830 1
748 1862 1
748 1882 1
748 1887 1
748 1893 1
748 1972 1
748 1987 1
748 1992 1
749 796 1
749 841 1
749 869 1
749 932 1
749 940 1
749 1097 1
749 1210 1
749 1222 1
749 1238 1
749 1246 1
749 1312 1
749 1340 1
749 1365 1
749 1446 1
749 1532 1
749 1578 1
749 1717 1
749 1765 1
749 1779 1
749 1856 1
749 1914 1
749 1924 1
749 1938 1
749 1955 1
749 1971 1
750 757 1
750 931 1
750 934 1
750 969 1
750 1071 1
750 1178 1
750 1193 1
750 1225 1
750 1251 1
750 1253 1
750 1256 1
750 1319 1
750 1443 1
750 1466 1
750 1478 1
750 1493 1
750 1549 1
750 1550 1
750 1556 1
750 1697 1
750 1736 1
750 1798 1
750 1804 1
750 1866 1
750 1886 1
750 1904 1
750 1972 1
750 1997 1
751 761 1
751 852 1
751 856 1
751 918 1
751 958 1
751 1006 1
751 1029 1
751 1160 1
751 1164 1
751 1173 1
751 1211 1
751 1219 1
751 1257 1
751 1274 1
751 1302 1
751 1320 1
751 1340 1
751 1362 1
751 1496 1
751 1541 1
751 1561 1
751 1654 1
751 1670 1
751 1691 1
751 1791 1
751 1821 1
751 1867 1
751 1891 1
751 1923 1
751 1971 1
752 811 1
752 818 1
752 847 1
752 972 1
752 986 1
752 1062 1
752 1084 1
752 1092 1
752 1129 1
752 1179 1
752 1193 1
752 1200 1
752 1210 1
752 1212 1
752 1217 1
752 1229 1
752 1256 1
752 1294 1
752 1413 1
752 1421 1
752 1488 1
752 1626 1
752 1630 1
752 1633 1
752 1696 1
752 1739 1
752 1830 1
752 1860 1
752 1879 1
752 1885 1
752 1887 1
752 1907 1
752 1913 1
752 1929 1
752 1998 1
753 762 1
753 864 1
753 876 1
753 921 1
753 934 1
753 948 1
753 978 1
753 979 1
753 999 1
753 1045 1
753 1083 1
753 1147 1
753 1243 1
753 1249 1
753 1294 1
753 1311 1
753 1335 1
753 1396 1
753 1410 1
753 1549 1
753 1685 1
753 1688 1
753 1734 1
753 1797 1
753 1836 1
753 1886 1
753 1890 1
754 782 1
754 849 1
754 850 1
754 899 1
754 933 1
754 936 1
754 1080 1
754 1159 1
754 1168 1
754 1173 1
754 1233 1
754 1252 1
754 1258 1
754 1270 1
754 1302 1
754 1312 1
754 1318 1
754 1344 1
754 1371 1
754 1395 1
754 1418 1
754 1462 1
754 1484 1
754 1497 1
754 1623 1
754 1626 1
754 1659 1
754 1665 1
754 1674 1
754 1869 1
754 1931 1
754 1934 1
754 1984 1
755 759 1
755 860 1
755 903 1
755 922 1
755 957 1
755 958 1
755 972 1
755 1039 1
755 1116 1
755 1151 1
755 1254 1
755 1279 1
755 1361 1
755 1381 1
755 1382 1
755 1438 1
755 1445 1
755 1558 1
755 1812 1
755 1856 1
755 1888 1
755 1916 1
755 1938 1
755 1944 1
756 793 1
756 869 1
756 1069 1
756 1130 1
756 1145 1
756 1149 1
756 1160 1
756 1247 1
756 1306 1
756 1399 1
756 1409 1
756 1465 1
756 1489 1
756 1579 1
756 1589 1
756 1607 1
756 1661 1
756 1714 1
756 1731 1
756 1822 1
756 1838 1
756 1880 1
756 1917 1
757 760 1
757 819 1
757 857 1
757 898 1
757 924 1
757 935 1
757 947 1
757 949 1
757 961 1
757 1027 1
757 1042 1
757 1114 1
757 1150 1
757 1190 1
757 1199 1
757 1248 1
757 1276 1
757 1289 1
757 1331 1
757 1435 1
757 1563 1
757 1648 1
757 1655 1
757 1659 1
757 1691 1
757 1712 1
757 1756 1
757 1778 1
757 1790 1
757 1846 1
757 1900 1
757 1922 1
757 1931 1
757 1958 1
757 2000 1
758 771 1
758 831 1
758 876 1
758 1066 1
758 1117 1
758 1138 1
758 1141 1
758 1151 1
758 1246 1
758 1398 1
758 1471 1
758 1499 1
758 1538 1
758 1546 1
758 1622 1
758 1651 1
758 1751 1
758 1855 1
758 1867 1
758 1877 1
758 1926 1
758 1962 1
759 823 1
759 830 1
759 840 1
759 874 1
759 1007 1
759 1097 1
759 1168 1
759 1172 1
759 1287 1
759 1306 1
759 1348 1
759 1403 1
759 1459 1
759 1471 1
759 1490 1
759 1533 1
759 1536 1
759 1568 1
759 1574 1
759 1708 1
759 1735 1
759 1754 1
759 1800 1
759 1818 1
759 1848 1
759 1889 1
759 1969 1
760 764 1
760 841 1
760 859 1
760 874 1
760 903 1
760 912 1
760 935 1
760 937 1
760 940 1
760 941 1
760 954 1
760 981 1
760 1017 1
760 1018 1
760 1025 1
760 1041 1
760 1144 1
760 1161 1
760 1208 1
760 1238 1
760 1341 1
760 1351 1
760 1490 1
760 1527 1
760 1580 1
760 1606 1
760 1651 1
760 1688 1
760 1778 1
760 1830 1
760 1864 1
760 1909 1
760 1995 1
761 772 1
761 797 1
761 918 1
761 929 1
761 967 1
761 1117 1
761 1126 1
761 1127 1
761 1282 1
761 1309 1
761 1334 1
761 1359 1
761 1426 1
761 1465 1
761 1493 1
761 1524 1
761 1552 1
761 1627 1
761 1677 1
761 1714 1
761 1727 1
761 1740 1
761 1757 1
761 1773 1
761 1919 1
761 1932 1
761 1954 1
762 867 1
762 868 1
762 941 1
762 942 1
762 963 1
762 1006 1
762 1029 1
762 1034 1
762 1102 1
762 1202 1
762 1233 1
762 1487 1
762 1492 1
762 1508 1
762 1512 1
762 1592 1
762 1621 1
762 1639 1
762 1672 1
762 1743 1
762 1752 1
762 1977 1
763 788 1
763 859 1
763 886 1
763 922 1
763 935 1
763 939 1
763 968 1
763 1003 1
763 1111 1
763 1135 1
763 1222 1
763 1254 1
763 1279 1
763 1315 1
763 1360 1
763 1421 1
763 1422 1
763 1437 1
763 1490 1
763 1516 1
763 1608 1
763 1628 1
763 1732 1
763 1786 1
763 1814 1
763 1851 1
763 1943 1
763 1975 1
764 821 1
764 836 1
764 909 1
764 910 1
764 926 1
764 928 1
764 971 1
764 983 1
764 1041 1
764 1060 1
764 1102 1
764 1130 1
764 1140 1
764 1181 1
764 1237 1
764 1330 1
764 1466 1
764 1476 1
764 1487 1
764 1514 1
764 1561 1
764 1572 1
764 1576 1
764 1605 1
764 1693 1
764 1694 1
764 1863 1
764 1909 1
764 1942 1
764 1944 1
764 1989 1
765 841 1
765 867 1
765 969 1
765 1041 1
765 1063 1
765 1077 1
765 1078 1
765 1104 1
765 1115 1
765 1169 1
765 1213 1
765 1238 1
765 1256 1
765 1293 1
765 1323 1
765 1358 1
765 1433 1
765 1516 1
765 1618 1
765 1693 1
765 1745 1
765 1761 1
765 1876 1
765 1882 1
765 1952 1
765 1966 1
765 1974 1
765 1978 1
765 1980 1
766 836 1
766 903 1
766 907 1
766 912 1
766 937 1
766 987 1
766 997 1
766 1032 1
766 1141 1
766 1246 1
766 1332 1
766 1365 1
766 1374 1
766 1399 1
766 1421 1
766 1505 1
766 1512 1
766 1514 1
766 1610 1
766 1625 1
766 1626 1
766 1659 1
766 1690 1
766 1779 1
766 1851 1
766 1870 1
766 1973 1
766 1978 1
766 1984 1
766 1988 1
767 860 1
767 1032 1
767 1090 1
767 1092 1
767 1119 1
767 1141 1
767 1146 1
767 1160 1
767 1284 1
767 1359 1
767 1429 1
767 1499 1
767 1544 1
767 1645 1
767 1653 1
767 1673 1
767 1734 1
767 1737 1
767 1751 1
767 1830 1
767 1848 1
767 1866 1
767 1879 1
767 1934 1
767 1970 1
768 835 1
768 862 1
768 943 1
768 1090 1
768 1117 1
768 1126 1
768 1181 1
768 1182 1
768 1262 1
768 1331 1
768 1339 1
768 1348 1
768 1360 1
768 1367 1
768 1432 1
768 1451 1
768 1493 1
768 1567 1
768 1571 1
768 1670 1
768 1690 1
768 1727 1
768 1814 1
768 1847 1
768 1851 1
768 1861 1
768 1882 1
768 1947 1
768 1955 1
768 1984 1
768 1988 1
769 860 1
769 895 1
769 935 1
769 941 1
769 1088 1
769 1188 1
769 1245 1
769 1252 1
769 1263 1
769 1275 1
769 1280 1
769 1341 1
769 1452 1
769 1502 1
769 1533 1
769 1555 1
769 1610 1
769 1652 1
769 1709 1
769 1711 1
769 1745 1
769 1877 1
770 825 1
770 829 1
770 951 1
770 966 1
770 981 1
770 1050 1
770 1061 1
770 1117 1
770 1185 1
770 1202 1
770 1251 1
770 1255 1
770 1344 1
770 1356 1
770 1370 1
770 1411 1
770 1428 1
770 1450 1
770 1525 1
770 1534 1
770 1547 1
770 1672 1
770 1746 1
770 1788 1
770 1819 1
770 1856 1
770 1873 1
770 1969 1
770 1981 1
771 797 1
771 806 1
771 847 1
771 884 1
771 952 1
771 980 1
771 992 1
771 1020 1
771 1081 1
771 1147 1
771 1209 1
771 1241 1
771 1290 1
771 1297 1
771 1300 1
771 1418 1
771 1520 1
771 1536 1
771 1555 1
771 1557 1
771 1586 1
771 1626 1
771 1774 1
771 1797 1
771 1838 1
771 1860 1
771 1898 1
771 1907 1
771 1912 1
771 1935 1
771 1949 1
771 2000 1
772 797 1
772 859 1
772 865 1
772 936 1
772 1045 1
772 1051 1
772 1102 1
772 1105 1
772 1110 1
772 1168 1
772 1196 1
772 1232 1
772 1321 1
772 1345 1
772 1347 1
772 1390 1
772 1407 1
772 1421 1
772 1430 1
772 1438 1
772 1462 1
772 1467 1
772 1468 1
772 1519 1
772 1558 1
772 1624 1
772 1688 1
772 1747 1
772 1761 1
772 1768 1
772 1791 1
772 1817 1
772 1874 1
772 1925 1
772 1934 1
772 1939 1
772 1993 1
772 1997 1
773 792 1
773 825 1
773 829 1
773 836 1
773 967 1
773 1042 1
773 1078 1
773 1121 1
773 1130 1
773 1134 1
773 1164 1
773 1177 1
773 1226 1
773 1266 1
773 1314 1
773 1422 1
773 1438 1
773 1455 1
773 1609 1
773 1691 1
773 1844 1
773 1861 1
773 1924 1
773 1927 1
773 1958 1
773 1981 1
774 843 1
774 878 1
774 929 1
774 1036 1
774 1185 1
774 1210 1
774 1253 1
774 1350 1
774 1404 1
774 1496 1
774 1558 1
774 1601 1
774 1664 1
774 1674 1
774 1738 1
774 1748 1
774 1824 1
774 1847 1
774 1885 1
775 777 1
775 794 1
775 801 1
775 819 1
775 857 1
775 907 1
775 912 1
775 1013 1
775 1052 1
775 1060 1
775 1134 1
775 1138 1
775 1153 1
775 1165 1
775 1323 1
775 1333 1
775 1341 1
775 1404 1
775 1405 1
775 1465 1
775 1473 1
775 1488 1
775 1600 1
775 1657 1
775 1702 1
775 1753 1
775 1770 1
775 1779 1
775 1847 1
775 1889 1
775 1911 1
775 1961 1
775 1990 1
776 806 1
776 854 1
776 874 1
776 875 1
776 943 1
776 976 1
776 978 1
776 991 1
776 1058 1
776 1085 1
776 1092 1
776 1102 1
776 1150 1
776 1223 1
776 1244 1
776 1317 1
776 1348 1
776 1353 1
776 1377 1
776 1387 1
776 1406 1
776 1433 1
776 1438 1
776 1466 1
776 1467 1
776 1482 1
776 1534 1
776 1585 1
776 1633 1
776 1705 1
776 1726 1
776 1740 1
776 1771 1
776 1782 1
776 1810 1
776 1818 1
776 1832 1
776 1853 1
776 1898 1
776 1939 1
776 1969 1
777 825 1
777 873 1
777 886 1
777 930 1
777 981 1
777 1098 1
777 1145 1
777 1164 1
777 1238 1
777 1240 1
777 1316 1
777 1350 1
777 1356 1
777 1377 1
777 1424 1
777 1436 1
777 1442 1
777 1454 1
777 1494 1
777 1525 1
777 1605 1
777 1668 1
777 1680 1
777 1782 1
777 1894 1
777 1898 1
777 1912 1
777 1995 1
778 915 1
778 919 1
778 935 1
778 987 1
778 1060 1
778 1140 1
778 1216 1
778 1317 1
778 1320 1
778 1349 1
778 1405 1
778 1415 1
778 1434 1
778 1472 1
778 1500 1
778 1558 1
778 1564 1
778 1651 1
778 1670 1
778 1697 1
778 1738 1
778 1743 1
778 1833 1
778 1837 1
778 1858 1
778 1859 1
778 1903 1
778 1970 1
778 1974 1
778 1983 1
779 799 1
779 870 1
779 882 1
779 886 1
779 919 1
779 930 1
779 987 1
779 1057 1
779 1068 1
779 1088 1
779 1098 1
779 1251 1
779 1254 1
779 1270 1
779 1299 1
779 1452 1
779 1565 1
779 1569 1
779 1609 1
779 1627 1
779 1674 1
779 1712 1
779 1723 1
779 1794 1
779 1954 1
779 1978 1
779 1987 1
780 937 1
780 1007 1
780 1058 1
780 1060 1
780 1073 1
780 1145 1
780 1169 1
780 1172 1
780 1189 1
780 1217 1
780 1336 1
780 1389 1
780 1395 1
780 1415 1
780 1417 1
780 1457 1
780 1491 1
780 1516 1
780 1545 1
780 1568 1
780 1596 1
780 1652 1
780 1668 1
780 1733 1
780 1829 1
780 1852 1
780 1866 1
781 789 1
781 818 1
781 914 1
781 927 1
781 941 1
781 944 1
781 945 1
781 1027 1
781 1061 1
781 1086 1
781 1118 1
781 1305 1
781 1310 1
781 1317 1
781 1321 1
781 1346 1
781 1381 1
781 1535 1
781 1641 1
781 1786 1
781 1789 1
781 1796 1
781 1820 1
781 1853 1
781 1904 1
781 1977 1
782 811 1
782 825 1
782 868 1
782 872 1
782 907 1
782 960 1
782 1002 1
782 1005 1
782 1007 1
782 1087 1
782 1094 1
782 1142 1
782 1146 1
782 1325 1
782 1328 1
782 1337 1
782 1573 1
782 1576 1
782 1582 1
782 1620 1
782 1645 1
782 1748 1
782 1835 1
782 1919 1
782 1933 1
782 1957 1
782 1987 1
783 806 1
783 807 1
783 834 1
783 875 1
783 884 1
783 934 1
783 959 1
783 1083 1
783 1103 1
783 1165 1
783 1189 1
783 1210 1
783 1232 1
783 1260 1
783 1366 1
783 1389 1
783 1496 1
783 1606 1
783 1613 1
783 1661 1
783 1680 1
783 1702 1
783 1727 1
783 1815 1
783 1819 1
783 1905 1
783 1950 1
783 1951 1
783 1953 1
783 1961 1
783 1971 1
783 1974 1
784 787 1
784 938 1
784 960 1
784 1017 1
784 1038 1
784 1129 1
784 1154 1
784 1247 1
784 1281 1
784 1329 1
784 1355 1
784 1409 1
784 1502 1
784 1550 1
784 1609 1
784 1618 1
784 1745 1
784 1812 1
784 1920 1
785 786 1
785 850 1
785 907 1
785 952 1
785 957 1
785 1014 1
785 1020 1
785 1023 1
785 1030 1
785 1047 1
785 1075 1
785 1099 1
785 1125 1
785 1226 1
785 1378 1
785 1392 1
785 1498 1
785 1510 1
785 1513 1
785 1518 1
785 1542 1
785 1567 1
785 1585 1
785 1596 1
785 1613 1
785 1621 1
785 1693 1
785 1780 1
785 1850 1
785 1856 1
785 1860 1
785 1862 1
785 1964 1
785 1967 1
786 787 1
786 827 1
786 878 1
786 948 1
786 975 1
786 1076 1
786 1106 1
786 1154 1
786 1193 1
786 1219 1
786 1220 1
786 1279 1
786 1387 1
786 1395 1
786 1408 1
786 1423 1
786 1439 1
786 1461 1
786 1473 1
786 1479 1
786 1531 1
786 1547 1
786 1550 1
786 1606 1
786 1679 1
786 1723 1
786 1737 1
786 1742 1
786 1786 1
786 1878 1
786 1898 1
786 1906 1
786 1921 1
786 1965 1
786 1995 1
787 809 1
787 898 1
787 986 1
787 1008 1
787 1026 1
787 1048 1
787 1143 1
787 1188 1
787 1216 1
787 1265 1
787 1276 1
787 1330 1
787 1466 1
787 1476 1
787 1695 1
787 1697 1
787 1737 1
787 1741 1
787 1795 1
787 1796 1
787 1835 1
787 1852 1
787 1895 1
787 1915 1
787 1958 1
788 828 1
788 1018 1
788 1045 1
788 1089 1
788 1153 1
788 1217 1
788 1223 1
788 1233 1
788 1298 1
788 1434 1
788 1527 1
788 1633 1
788 1652 1
788 1677 1
788 1694 1
788 1788 1
788 1878 1
788 1899 1
788 1916 1
788 1929 1
788 1993 1
789 804 1
789 812 1
789 851 1
789 890 1
789 958 1
789 1044 1
789 1048 1
789 1158 1
789 1167 1
789 1180 1
789 1206 1
789 1240 1
789 1243 1
789 1247 1
789 1263 1
789 1283 1
789 1289 1
789 1298 1
789 1318 1
789 1369 1
789 1382 1
789 1407 1
789 1496 1
789 1537 1
789 1572 1
789 1661 1
789 1675 1
789 1800 1
789 1966 1
790 813 1
790 869 1
790 878 1
790 916 1
790 927 1
790 932 1
790 969 1
790 1096 1
790 1107 1
790 1119 1
790 1126 1
790 1177 1
790 1188 1
790 1227 1
790 1285 1
790 1333 1
790 1375 1
790 1376 1
790 1424 1
790 1447 1
790 1527 1
790 1556 1
790 1573 1
790 1584 1
790 1628 1
790 1659 1
790 1677 1
790 1707 1
790 1848 1
790 1850 1
790 1874 1
790 1883 1
790 1932 1
790 1946 1
790 1947 1
790 1994 1
791 842 1
791 843 1
791 860 1
791 862 1
791 927 1
791 931 1
791 965 1
791 1013 1
791 1088 1
791 1104 1
791 1160 1
791 1193 1
791 1225 1
791 1275 1
791 1294 1
791 1302 1
791 1354 1
791 1382 1
791 1399 1
791 1421 1
791 1475 1
791 1493 1
791 1508 1
791 1528 1
791 1564 1
791 1614 1
791 1615 1
791 1713 1
791 1724 1
791 1729 1
791 1745 1
791 1755 1
791 1793 1
791 1843 1
791 1889 1
791 1908 1
791 1991 1
792 841 1
792 901 1
792 907 1
792 929 1
792 946 1
792 962 1
792 991 1
792 1123 1
792 1141 1
792 1186 1
792 1225 1
792 1227 1
792 1265 1
792 1291 1
792 1313 1
792 1314 1
792 1409 1
792 1452 1
792 1476 1
792 1490 1
792 1502 1
792 1620 1
792 1664 1
792 1698 1
792 1726 1
792 1737 1
792 1743 1
792 1805 1
792 1851 1
792 1921 1
792 1941 1
792 1977 1
793 883 1
793 1048 1
793 1049 1
793 1076 1
793 1083 1
793 1197 1
793 1227 1
793 1259 1
793 1283 1
793 1291 1
793 1310 1
793 1359 1
793 1369 1
793 1430 1
793 1442 1
793 1480 1
793 1511 1
793 1516 1
793 1519 1
793 1549 1
793 1582 1
793 1615 1
793 1667 1
793 1927 1
793 1929 1
793 1936 1
793 1942 1
793 1971 1
793 1972 1
794 868 1
794 869 1
794 919 1
794 985 1
794 1010 1
794 1039 1
794 1235 1
794 1240 1
794 1271 1
794 1295 1
794 1305 1
794 1353 1
794 1367 1
794 1531 1
794 1549 1
794 1594 1
794 1629 1
794 1642 1
794 1673 1
794 1906 1
794 1913 1
794 1956 1
794 1970 1
794 1974 1
795 807 1
795 847 1
795 876 1
795 880 1
795 930 1
795 945 1
795 976 1
795 1005 1
795 1027 1
795 1045 1
795 1295 1
795 1300 1
795 1304 1
795 1308 1
795 1319 1
795 1355 1
795 1459 1
795 1473 1
795 1512 1
795 1521 1
795 1575 1
795 1609 1
795 1614 1
795 1622 1
795 1639 1
795 1718 1
795 1758 1
795 1870 1
795 1887 1
795 1913 1
795 1925 1
795 1940 1
796 835 1
796 865 1
796 1045 1
796 1060 1
796 1074 1
796 1116 1
796 1130 1
796 1232 1
796 1288 1
796 1298 1
796 1331 1
796 1345 1
796 1402 1
796 1424 1
796 1467 1
796 1494 1
796 1533 1
796 1564 1
796 1572 1
796 1613 1
796 1649 1
796 1746 1
796 1750 1
796 1789 1
796 1790 1
796 1888 1
796 1942 1
796 1951 1
797 858 1
797 901 1
797 968 1
797 1036 1
797 1092 1
797 1114 1
797 1123 1
797 1171 1
797 1184 1
797 1205 1
797 1234 1
797 1265 1
797 1282 1
797 1379 1
797 1417 1
797 1440 1
797 1466 1
797 1480 1
797 1510 1
797 1567 1
797 1583 1
797 1593 1
797 1619 1
797 1629 1
797 1703 1
797 1704 1
797 1746 1
797 1763 1
797 1849 1
797 1926 1
797 1935 1
797 1985 1
797 1991 1
798 871 1
798 976 1
798 987 1
798 1078 1
798 1102 1
798 1204 1
798 1207 1
798 1213 1
798 1279 1
798 1372 1
798 1379 1
798 1384 1
798 1392 1
798 1413 1
798 1419 1
798 1484 1
798 1495 1
798 1548 1
798 1573 1
798 1621 1
798 1705 1
798 1789 1
798 1830 1
798 1857 1
798 1870 1
798 1982 1
799 894 1
799 927 1
799 938 1
799 1052 1
799 1090 1
799 1174 1
799 1182 1
799 1205 1
799 1232 1
799 1316 1
799 1330 1
799 1357 1
799 1364 1
799 1374 1
799 1378 1
799 1382 1
799 1421 1
799 1471 1
799 1474 1
799 1524 1
799 1552 1
799 1567 1
799 1569 1
799 1573 1
799 1613 1
799 1627 1
799 1648 1
799 1696 1
799 1747 1
799 1764 1
799 1785 1
799 1922 1
799 1959 1
800 801 1
800 804 1
800 806 1
800 871 1
800 921 1
800 930 1
800 946 1
800 957 1
800 1027 1
800 1091 1
800 1105 1
800 1148 1
800 1184 1
800 1193 1
800 1247 1
800 1377 1
800 1402 1
800 1451 1
800 1486 1
800 1712 1
800 1808 1
800 1814 1
800 1836 1
800 1940 1
801 805 1
801 949 1
801 989 1
801 1015 1
801 1075 1
801 1141 1
801 1146 1
801 1169 1
801 1297 1
801 1323 1
801 1405 1
801 1411 1
801 1412 1
801 1436 1
801 1454 1
801 1481 1
801 1496 1
801 1508 1
801 1525 1
801 1564 1
801 1569 1
801 1590 1
801 1592 1
801 1653 1
801 1826 1
801 1830 1
801 1884 1
801 1889 1
801 1897 1
801 1903 1
801 1906 1
801 1963 1
802 821 1
802 845 1
802 883 1
802 934 1
802 951 1
802 978 1
802 1045 1
802 1060 1
802 1082 1
802 1130 1
802 1206 1
802 1259 1
802 1310 1
802 1338 1
802 1393 1
802 1395 1
802 1475 1
802 1497 1
802 1592 1
802 1625 1
802 1632 1
802 1671 1
802 1680 1
802 1705 1
802 1736 1
802 1847 1
802 1944 1
803 807 1
803 812 1
803 978 1
803 986 1
803 1106 1
803 1111 1
803 1146 1
803 1163 1
803 1297 1
803 1303 1
803 1315 1
803 1348 1
803 1430 1
803 1514 1
803 1736 1
803 1776 1
803 1830 1
803 1943 1
803 1973 1
803 1987 1
804 858 1
804 886 1
804 891 1
804 925 1
804 936 1
804 968 1
804 1070 1
804 1079 1
804 1085 1
804 1089 1
804 1118 1
804 1194 1
804 1197 1
804 1250 1
804 1297 1
804 1324 1
804 1327 1
804 1332 1
804 1343 1
804 1420 1
804 1429 1
804 1452 1
804 1485 1
804 1544 1
804 1561 1
804 1575 1
804 1712 1
804 1761 1
804 1790 1
804 1799 1
804 1811 1
804 1841 1
804 1876 1
804 1887 1
805 836 1
805 883 1
805 972 1
805 1003 1
805 1028 1
805 1113 1
805 1250 1
805 1282 1
805 1427 1
805 1560 1
805 1729 1
805 1792 1
805 1801 1
805 1804 1
805 1828 1
805 1847 1
805 1872 1
805 1927 1
805 1966 1
806 814 1
806 819 1
806 859 1
806 896 1
806 899 1
806 910 1
806 960 1
806 1043 1
806 1152 1
806 1194 1
806 1203 1
806 1249 1
806 1305 1
806 1457 1
806 1550 1
806 1570 1
806 1605 1
806 1629 1
806 1683 1
806 1706 1
806 1739 1
806 1749 1
806 1750 1
806 1770 1
806 1795 1
806 1800 1
806 1835 1
806 1880 1
806 1892 1
806 1902 1
806 1905 1
806 1927 1
806 1930 1
806 1978 1
806 1982 1
806 1996 1
807 883 1
807 935 1
807 971 1
807 1063 1
807 1089 1
807 1162 1
807 1168 1
807 1192 1
807 1281 1
807 1315 1
807 1343 1
807 1392 1
807 1425 1
807 1509 1
807 1526 1
807 1578 1
807 1619 1
807 1645 1
807 1686 1
807 1688 1
807 1692 1
807 1698 1
807 1718 1
807 1738 1
807 1825 1
807 1844 1
807 1911 1
807 1922 1
807 1932 1
808 832 1
808 936 1
808 970 1
808 990 1
808 1067 1
808 1095 1
808 1112 1
808 1133 1
808 1321 1
808 1324 1
808 1369 1
808 1422 1
808 1528 1
808 1589 1
808 1592 1
808 1610 1
808 1641 1
808 1685 1
808 1708 1
808 1747 1
808 1750 1
808 1772 1
808 1784 1
808 1841 1
808 1847 1
808 1958 1
809 820 1
809 859 1
809 861 1
809 868 1
809 876 1
809 921 1
809 926 1
809 1076 1
809 1171 1
809 1179 1
809 1222 1
809 1228 1
809 1285 1
809 1315 1
809 1336 1
809 1355 1
809 1397 1
809 1477 1
809 1499 1
809 1508 1
809 1520 1
809 1522 1
809 1524 1
809 1547 1
809 1581 1
809 1622 1
809 1651 1
809 1735 1
809 1833 1
809 1841 1
809 1861 1
809 1946 1
809 1949 1
809 1957 1
810 897 1
810 911 1
810 929 1
810 962 1
810 996 1
810 1025 1
810 1062 1
810 1101 1
810 1143 1
810 1159 1
810 1193 1
810 1198 1
810 1221 1
810 1271 1
810 1294 1
810 1378 1
810 1406 1
810 1445 1
810 1553 1
810 1556 1
810 1592 1
810 1600 1
810 1654 1
810 1686 1
810 1702 1
810 1708 1
810 1713 1
810 1720 1
810 1799 1
810 1811 1
810 1850 1
810 1870 1
810 1887 1
810 1907 1
810 1977 1
811 845 1
811 910 1
811 954 1
811 962 1
811 1012 1
811 1017 1
811 1067 1
811 1094 1
811 1095 1
811 1140 1
811 1158 1
811 1188 1
811 1242 1
811 1388 1
811 1480 1
811 1517 1
811 1550 1
811 1552 1
811 1559 1
811 1565 1
811 1633 1
811 1637 1
811 1648 1
811 1656 1
811 1685 1
811 1724 1
811 1729 1
811 1782 1
811 1795 1
811 1843 1
811 1895 1
811 1955 1
811 1956 1
811 1960 1
811 1978 1
812 852 1
812 873 1
812 883 1
812 884 1
812 888 1
812 911 1
812 913 1
812 956 1
812 1074 1
812 1085 1
812 1107 1
812 1128 1
812 1133 1
812 1183 1
812 1184 1
812 1188 1
812 1247 1
812 1264 1
812 1276 1
812 1304 1
812 1355 1
812 1504 1
812 1521 1
812 1522 1
812 1574 1
812 1654 1
812 1675 1
812 1693 1
812 1717 1
812 1744 1
812 1747 1
812 1806 1
812 1817 1
812 1828 1
812 1833 1
812 1840 1
812 1919 1
812 1942 1
813 835 1
813 868 1
813 941 1
813 1071 1
813 1097 1
813 1115 1
813 1139 1
813 1176 1
813 1253 1
813 1267 1
813 1353 1
813 1395 1
813 1402 1
813 1414 1
813 1496 1
813 1542 1
813 1598 1
813 1618 1
813 1635 1
813 1745 1
813 1783 1
813 1784 1
813 1785 1
813 1786 1
813 1886 1
813 1929 1
814 880 1
814 898 1
814 976 1
814 993 1
814 1024 1
814 1033 1
814 1044 1
814 1065 1
814 1114 1
814 1128 1
814 1134 1
814 1206 1
814 1213 1
814 1219 1
814 1225 1
814 1279 1
814 1336 1
814 1361 1
814 1363 1
814 1480 1
814 1530 1
814 1641 1
814 1660 1
814 1668 1
814 1683 1
814 1697 1
814 1760 1
814 1786 1
814 1793 1
815 851 1
815 868 1
815 885 1
815 898 1
815 979 1
815 992 1
815 1052 1
815 1062 1
815 1167 1
815 1270 1
815 1286 1
815 1354 1
815 1514 1
815 1560 1
815 1567 1
815 1572 1
815 1605 1
815 1629 1
815 1703 1
815 1720 1
815 1737 1
815 1741 1
815 1789 1
815 1894 1
815 1909 1
815 1960 1
815 1972 1
815 1977 1
816 858 1
816 1033 1
816 1157 1
816 1213 1
816 1223 1
816 1238 1
816 1267 1
816 1381 1
816 1390 1
816 1416 1
816 1475 1
816 1580 1
816 1624 1
816 1702 1
816 1725 1
816 1728 1
816 1737 1
816 1738 1
816 1778 1
817 823 1
817 890 1
817 919 1
817 958 1
817 971 1
817 988 1
817 1017 1
817 1051 1
817 1079 1
817 1121 1
817 1131 1
817 1162 1
817 1169 1
817 1183 1
817 1189 1
817 1202 1
817 1251 1
817 1295 1
817 1402 1
817 1410 1
817 1413 1
817 1472 1
817 1483 1
817 1572 1
817 1696 1
817 1705 1
817 1858 1
817 1909 1
817 1951 1
817 1997 1
818 916 1
818 1071 1
818 1126 1
818 1155 1
818 1157 1
818 1203 1
818 1252 1
818 1264 1
818 1286 1
818 1363 1
818 1386 1
818 1417 1
818 1432 1
818 1453 1
818 1513 1
818 1517 1
818 1526 1
818 1564 1
818 1633 1
818 1654 1
818 1728 1
818 1733 1
818 1841 1
818 1888 1
818 1945 1
819 867 1
819 908 1
819 953 1
819 957 1
819 982 1
819 983 1
819 1057 1
819 1097 1
819 1141 1
819 1153 1
819 1157 1
819 1167 1
819 1175 1
819 1180 1
819 1186 1
819 1271 1
819 1301 1
819 1317 1
819 1411 1
819 1567 1
819 1614 1
819 1716 1
819 1723 1
819 1738 1
819 1746 1
819 1761 1
819 1770 1
819 1841 1
819 1851 1
819 1946 1
819 1947 1
819 1952 1
819 1995 1
820 829 1
820 868 1
820 897 1
820 922 1
820 924 1
820 996 1
820 998 1
820 1057 1
820 1120 1
820 1123 1
820 1138 1
820 1251 1
820 1258 1
820 1288 1
820 1300 1
820 1380 1
820 1410 1
820 1459 1
820 1474 1
820 1602 1
820 1615 1
820 1623 1
820 1639 1
820 1667 1
820 1707 1
820 1829 1
820 1865 1
820 1900 1
820 1910 1
820 1934 1
820 1964 1
820 1993 1
821 883 1
821 905 1
821 914 1
821 1052 1
821 1065 1
821 1085 1
821 1159 1
821 1203 1
821 1208 1
821 1243 1
821 1258 1
821 1268 1
821 1304 1
821 1372 1
821 1455 1
821 1484 1
821 1493 1
821 1513 1
821 1514 1
821 1516 1
821 1578 1
821 1608 1
821 1656 1
821 1661 1
821 1749 1
821 1759 1
821 1780 1
821 1825 1
821 1881 1
821 1930 1
822 886 1
822 933 1
822 934 1
822 957 1
822 961 1
822 970 1
822 1021 1
822 1054 1
822 1067 1
822 1115 1
822 1139 1
822 1159 1
822 1168 1
822 1191 1
822 1237 1
822 1298 1
822 1337 1
822 1338 1
822 1506 1
822 1540 1
822 1541 1
822 1565 1
822 1597 1
822 1623 1
822 1652 1
822 1806 1
822 1864 1
822 1974 1
822 1978 1
823 829 1
823 886 1
823 970 1
823 978 1
823 981 1
823 994 1
823 1072 1
823 1098 1
823 1113 1
823 1150 1
823 1153 1
823 1228 1
823 1268 1
823 1321 1
823 1385 1
823 1410 1
823 1420 1
823 1441 1
823 1447 1
823 1470 1
823 1542 1
823 1803 1
823 1818 1
823 1819 1
823 1864 1
823 1898 1
823 1924 1
823 1937 1
823 1957 1
824 965 1
824 979 1
824 1021 1
824 1048 1
824 1070 1
824 1078 1
824 1100 1
824 1103 1
824 1107 1
824 1244 1
824 1289 1
824 1347 1
824 1463 1
824 1586 1
824 1596 1
824 1646 1
824 1714 1
824 1741 1
824 1783 1
824 1789 1
824 1917 1
824 1918 1
824 1982 1
825 854 1
825 859 1
825 917 1
825 945 1
825 960 1
825 1022 1
825 1101 1
825 1109 1
825 1117 1
825 1145 1
825 1228 1
825 1312 1
825 1323 1
825 1375 1
825 1400 1
825 1457 1
825 1470 1
825 1502 1
825 1562 1
825 1591 1
825 1599 1
825 1631 1
825 1652 1
825 1777 1
825 1786 1
825 1787 1
825 1874 1
825 1889 1
825 1939 1
826 859 1
826 869 1
826 944 1
826 964 1
826 1034 1
826 1035 1
826 1039 1
826 1065 1
826 1071 1
826 1135 1
826 1138 1
826 1185 1
826 1199 1
826 1245 1
826 1276 1
826 1306 1
826 1310 1
826 1320 1
826 1360 1
826 1367 1
826 1382 1
826 1418 1
826 1419 1
826 1432 1
826 1480 1
826 1484 1
826 1506 1
826 1533 1
826 1572 1
826 1587 1
826 1617 1
826 1645 1
826 1689 1
826 1715 1
826 1730 1
826 1742 1
826 1803 1
826 1817 1
826 1819 1
826 1852 1
827 871 1
827 896 1
827 911 1
827 1012 1
827 1076 1
827 1090 1
827 1102 1
827 1225 1
827 1246 1
827 1388 1
827 1398 1
827 1454 1
827 1457 1
827 1469 1
827 1494 1
827 1554 1
827 1563 1
827 1623 1
827 1663 1
827 1752 1
827 1770 1
827 1883 1
828 830 1
828 843 1
828 853 1
828 928 1
828 966 1
828 1038 1
828 1040 1
828 1114 1
828 1239 1
828 1337 1
828 1353 1
828 1446 1
828 1510 1
828 1515 1
828 1564 1
828 1684 1
828 1704 1
828 1723 1
828 1734 1
828 1839 1
828 1847 1
828 1875 1
828 1898 1
829 837 1
829 882 1
829 961 1
829 998 1
829 1193 1
829 1194 1
829 1208 1
829 1212 1
829 1291 1
829 1319 1
829 1375 1
829 1384 1
829 1408 1
829 1432 1
829 1449 1
829 1475 1
829 1488 1
829 1503 1
829 1513 1
829 1572 1
829 1609 1
829 1612 1
829 1766 1
829 1774 1
829 1830 1
829 1858 1
829 1896 1
829 1947 1
829 1960 1
829 1983 1
829 1985 1
830 879 1
830 913 1
830 917 1
830 922 1
830 933 1
830 1052 1
830 1060 1
830 1061 1
830 1073 1
830 1074 1
830 1076 1
830 1093 1
830 1102 1
830 1167 1
830 1195 1
830 1202 1
830 1212 1
830 1257 1
830 1274 1
830 1294 1
830 1316 1
830 1337 1
830 1340 1
830 1400 1
830 1403 1
830 1409 1
830 1481 1
830 1488 1
830 1582 1
830 1589 1
830 1604 1
830 1633 1
830 1733 1
830 1764 1
830 1805 1
830 1828 1
830 1867 1
830 1893 1
830 1905 1
830 1921 1
830 1962 1
830 1974 1
830 1982 1
830 1988 1
831 851 1
831 879 1
831 895 1
831 931 1
831 977 1
831 978 1
831 1009 1
831 1046 1
831 1050 1
831 1152 1
831 1154 1
831 1184 1
831 1191 1
831 1198 1
831 1214 1
831 1271 1
831 1329 1
831 1339 1
831 1352 1
831 1464 1
831 1480 1
831 1566 1
831 1570 1
831 1579 1
831 1608 1
831 1627 1
831 1638 1
831 1644 1
831 1763 1
831 1831 1
831 1851 1
831 1878 1
831 1956 1
831 1969 1
832 1012 1
832 1135 1
832 1222 1
832 1288 1
832 1335 1
832 1376 1
832 1400 1
832 1492 1
832 1525 1
832 1631 1
832 1632 1
832 1650 1
832 1747 1
832 1782 1
832 1822 1
832 1823 1
832 1846 1
832 1877 1
832 1938 1
833 842 1
833 881 1
833 945 1
833 991 1
833 1027 1
833 1073 1
833 1108 1
833 1115 1
833 1129 1
833 1188 1
833 1196 1
833 1294 1
833 1347 1
833 1416 1
833 1463 1
833 1489 1
833 1569 1
833 1587 1
833 1708 1
833 1713 1
833 1744 1
833 1771 1
833 1815 1
833 1832 1
833 1879 1
833 1904 1
833 1913 1
833 1963 1
833 1992 1
834 842 1
834 866 1
834 872 1
834 893 1
834 899 1
834 972 1
834 1063 1
834 1109 1
834 1161 1
834 1217 1
834 1237 1
834 1261 1
834 1269 1
834 1275 1
834 1287 1
834 1288 1
834 1310 1
834 1349 1
834 1366 1
834 1407 1
834 1435 1
834 1462 1
834 1467 1
834 1475 1
834 1625 1
834 1634 1
834 1656 1
834 1691 1
834 1725 1
834 1737 1
834 1758 1
834 1760 1
834 1785 1
834 1851 1
834 1929 1
834 1930 1
834 1937 1
835 837 1
835 903 1
835 952 1
835 982 1
835 995 1
835 1064 1
835 1065 1
835 1118 1
835 1200 1
835 1294 1
835 1391 1
835 1404 1
835 1495 1
835 1541 1
835 1559 1
835 1564 1
835 1607 1
835 1677 1
835 1756 1
835 1779 1
835 1817 1
835 1827 1
835 1842 1
835 1853 1
835 1865 1
835 1907 1
835 1920 1
835 1949 1
835 1963 1
835 1976 1
836 926 1
836 941 1
836 945 1
836 952 1
836 1005 1
836 1024 1
836 1054 1
836 1072 1
836 1114 1
836 1147 1
836 1156 1
836 1160 1
836 1198 1
836 1223 1
836 1268 1
836 1307 1
836 1356 1
836 1409 1
836 1449 1
836 1454 1
836 1457 1
836 1487 1
836 1548 1
836 1586 1
836 1638 1
836 1698 1
836 1722 1
836 1782 1
836 1786 1
836 1832 1
836 1842 1
836 1855 1
836 1933 1
836 1968 1
837 847 1
837 851 1
837 855 1
837 928 1
837 1039 1
837 1106 1
837 1128 1
837 1146 1
837 1190 1
837 1201 1
837 1222 1
837 1234 1
837 1301 1
837 1384 1
837 1419 1
837 1490 1
837 1496 1
837 1639 1
837 1710 1
837 1726 1
837 1737 1
837 1867 1
837 1912 1
837 1915 1
837 1924 1
837 1943 1
838 845 1
838 868 1
838 916 1
838 988 1
838 1001 1
838 1002 1
838 1018 1
838 1066 1
838 1076 1
838 1097 1
838 1131 1
838 1225 1
838 1319 1
838 1333 1
838 1335 1
838 1437 1
838 1579 1
838 1952 1
838 1958 1
838 1970 1
839 868 1
839 869 1
839 910 1
839 941 1
839 974 1
839 1058 1
839 1167 1
839 1168 1
839 1207 1
839 1224 1
839 1273 1
839 1278 1
839 1281 1
839 1297 1
839 1340 1
839 1346 1
839 1370 1
839 1382 1
839 1385 1
839 1391 1
839 1458 1
839 1582 1
839 1679 1
839 1760 1
839 1778 1
839 1797 1
839 1807 1
839 1888 1
839 1923 1
839 1935 1
840 866 1
840 872 1
840 886 1
840 946 1
840 969 1
840 973 1
840 993 1
840 1024 1
840 1044 1
840 1106 1
840 1109 1
840 1145 1
840 1154 1
840 1156 1
840 1327 1
840 1331 1
840 1354 1
840 1416 1
840 1438 1
840 1506 1
840 1517 1
840 1530 1
840 1531 1
840 1604 1
840 1618 1
840 1687 1
840 1701 1
840 1708 1
840 1725 1
840 1732 1
840 1779 1
840 1782 1
840 1788 1
840 1815 1
840 1832 1
840 1888 1
840 1917 1
840 1927 1
841 867 1
841 890 1
841 940 1
841 991 1
841 1001 1
841 1002 1
841 1006 1
841 1015 1
841 1029 1
841 1138 1
841 1141 1
841 1163 1
841 1198 1
841 1262 1
841 1271 1
841 1310 1
841 1448 1
841 1477 1
841 1497 1
841 1564 1
841 1566 1
841 1641 1
841 1775 1
841 1792 1
841 1857 1
841 1888 1
841 1990 1
842 851 1
842 862 1
842 886 1
842 919 1
842 951 1
842 978 1
842 986 1
842 1097 1
842 1122 1
842 1126 1
842 1171 1
842 1201 1
842 1212 1
842 1218 1
842 1284 1
842 1297 1
842 1307 1
842 1343 1
842 1350 1
842 1379 1
842 1386 1
842 1396 1
842 1532 1
842 1538 1
842 1584 1
842 1638 1
842 1684 1
842 1744 1
842 1751 1
842 1771 1
842 1815 1
842 1873 1
842 1888 1
842 1892 1
842 1893 1
842 1895 1
842 1943 1
842 1961 1
842 1996 1
843 942 1
843 982 1
843 1036 1
843 1062 1
843 1076 1
843 1079 1
843 1110 1
843 1114 1
843 1155 1
843 1195 1
843 1228 1
843 1261 1
843 1282 1
843 1565 1
843 1620 1
843 1655 1
843 1673 1
843 1758 1
843 1871 1
843 1905 1
843 1994 1
844 979 1
844 983 1
844 993 1
844 1009 1
844 1040 1
844 1052 1
844 1091 1
844 1092 1
844 1098 1
844 1119 1
844 1152 1
844 1170 1
844 1249 1
844 1254 1
844 1272 1
844 1373 1
844 1406 1
844 1418 1
844 1495 1
844 1537 1
844 1569 1
844 1579 1
844 1588 1
844 1590 1
844 1636 1
844 1642 1
844 1648 1
844 1663 1
844 1667 1
844 1825 1
844 1828 1
844 1833 1
844 1874 1
844 1926 1
844 1947 1
845 894 1
845 914 1
845 1029 1
845 1046 1
845 1145 1
845 1162 1
845 1211 1
845 1238 1
845 1239 1
845 1316 1
845 1326 1
845 1328 1
845 1401 1
845 1403 1
845 1411 1
845 1432 1
845 1468 1
845 1494 1
845 1556 1
845 1565 1
845 1568 1
845 1573 1
845 1617 1
845 1637 1
845 1665 1
845 1687 1
845 1690 1
845 1738 1
845 1770 1
845 1807 1
845 1809 1
845 1854 1
845 1862 1
845 1873 1
845 1890 1
845 1932 1
845 1941 1
845 1950 1
845 1998 1
846 874 1
846 918 1
846 996 1
846 1018 1
846 1032 1
846 1057 1
846 1082 1
846 1133 1
846 1162 1
846 1321 1
846 1322 1
846 1400 1
846 1452 1
846 1483 1
846 1553 1
846 1655 1
846 1810 1
846 1908 1
846 1909 1
846 1911 1
846 1937 1
847 898 1
847 965 1
847 992 1
847 1023 1
847 1042 1
847 1046 1
847 1050 1
847 1074 1
847 1092 1
847 1136 1
847 1183 1
847 1200 1
847 1223 1
847 1264 1
847 1278 1
847 1286 1
847 1341 1
847 1423 1
847 1444 1
847 1447 1
847 1478 1
847 1588 1
847 1593 1
847 1624 1
847 1638 1
847 1678 1
847 1681 1
847 1713 1
847 1748 1
847 1765 1
847 1787 1
847 1793 1
847 1865 1
847 1910 1
847 1924 1
847 1952 1
847 1962 1
847 1971 1
847 1983 1
848 852 1
848 915 1
848 927 1
848 939 1
848 949 1
848 967 1
848 988 1
848 997 1
848 999 1
848 1010 1
848 1025 1
848 1038 1
848 1042 1
848 1092 1
848 1105 1
848 1116 1
848 1120 1
848 1168 1
848 1262 1
848 1294 1
848 1309 1
848 1318 1
848 1358 1
848 1372 1
848 1447 1
848 1454 1
848 1465 1
848 1467 1
848 1496 1
848 1509 1
848 1520 1
848 1585 1
848 1591 1
848 1594 1
848 1623 1
848 1624 1
848 1637 1
848 1646 1
848 1698 1
848 1777 1
848 1790 1
848 1860 1
848 1864 1
848 1884 1
848 1922 1
848 1937 1
848 1968 1
848 1976 1
849 889 1
849 971 1
849 992 1
849 1018 1
849 1034 1
849 1123 1
849 1137 1
849 1165 1
849 1300 1
849 1308 1
849 1314 1
849 1326 1
849 1388 1
849 1416 1
849 1482 1
849 1520 1
849 1553 1
849 1575 1
849 1652 1
849 1658 1
849 1722 1
849 1753 1
849 1813 1
849 1851 1
849 1861 1
849 1877 1
849 1913 1
849 1914 1
849 1917 1
849 1974 1
850 870 1
850 930 1
850 953 1
850 985 1
850 997 1
850 1076 1
850 1115 1
850 1138 1
850 1200 1
850 1223 1
850 1329 1
850 1350 1
850 1473 1
850 1501 1
850 1565 1
850 1591 1
850 1639 1
850 1664 1
850 1735 1
850 1752 1
850 1784 1
850 1872 1
850 1888 1
850 1919 1
850 1969 1
851 996 1
851 1027 1
851 1028 1
851 1070 1
851 1101 1
851 1258 1
851 1265 1
851 1267 1
851 1297 1
851 1342 1
851 1379 1
851 1381 1
851 1424 1
851 1443 1
851 1444 1
851 1486 1
851 1499 1
851 1517 1
851 1536 1
851 1568 1
851 1627 1
851 1659 1
851 1706 1
851 1751 1
851 1769 1
851 1879 1
851 1885 1
851 1956 1
851 1959 1
851 1967 1
851 1978 1
851 1982 1
851 1996 1
852 963 1
852 981 1
852 985 1
852 1028 1
852 1064 1
852 1112 1
852 1120 1
852 1132 1
852 1158 1
852 1200 1
852 1297 1
852 1378 1
852 1484 1
852 1532 1
852 1533 1
852 1612 1
852 1685 1
852 1687 1
852 1693 1
852 1699 1
852 1713 1
852 1743 1
852 1838 1
852 1846 1
852 1896 1
852 1957 1
853 870 1
853 931 1
853 943 1
853 961 1
853 967 1
853 1005 1
853 1041 1
853 1065 1
853 1081 1
853 1153 1
853 1177 1
853 1188 1
853 1204 1
853 1250 1
853 1262 1
853 1271 1
853 1275 1
853 1285 1
853 1302 1
853 1326 1
853 1362 1
853 1398 1
853 1399 1
853 1420 1
853 1464 1
853 1500 1
853 1616 1
853 1674 1
853 1730 1
853 1818 1
853 1828 1
853 1893 1
853 1958 1
853 1970 1
854 891 1
854 893 1
854 933 1
854 949 1
854 1037 1
854 1041 1
854 1077 1
854 1125 1
854 1149 1
854 1167 1
854 1187 1
854 1333 1
854 1388 1
854 1391 1
854 1462 1
854 1574 1
854 1580 1
854 1593 1
854 1624 1
854 1664 1
854 1688 1
854 1715 1
854 1725 1
854 1759 1
854 1773 1
854 1830 1
854 1875 1
854 1911 1
854 1914 1
855 899 1
855 935 1
855 939 1
855 972 1
855 998 1
855 1079 1
855 1081 1
855 1115 1
855 1146 1
855 1172 1
855 1190 1
855 1233 1
855 1256 1
855 1321 1
855 1358 1
855 1366 1
855 1377 1
855 1443 1
855 1474 1
855 1507 1
855 1540 1
855 1592 1
855 1631 1
855 1688 1
855 1706 1
855 1731 1
855 1866 1
855 1915 1
856 928 1
856 987 1
856 1033 1
856 1069 1
856 1107 1
856 1116 1
856 1190 1
856 1229 1
856 1249 1
856 1291 1
856 1327 1
856 1336 1
856 1340 1
856 1347 1
856 1393 1
856 1398 1
856 1474 1
856 1567 1
856 1615 1
856 1640 1
856 1753 1
856 1761 1
856 1768 1
856 1784 1
856 1807 1
856 1827 1
856 1874 1
856 1939 1
856 1967 1
856 1969 1
857 921 1
857 929 1
857 1019 1
857 1046 1
857 1080 1
857 1205 1
857 1227 1
857 1230 1
857 1240 1
857 1294 1
857 1323 1
857 1357 1
857 1358 1
857 1403 1
857 1419 1
857 1450 1
857 1489 1
857 1571 1
857 1573 1
857 1585 1
857 1631 1
857 1747 1
857 1763 1
857 1822 1
857 1826 1
857 1848 1
857 1930 1
857 1932 1
857 1970 1
858 880 1
858 895 1
858 917 1
858 1019 1
858 1030 1
858 1033 1
858 1102 1
858 1134 1
858 1190 1
858 1365 1
858 1485 1
858 1513 1
858 1596 1
858 1614 1
858 1616 1
858 1629 1
858 1633 1
858 1661 1
858 1665 1
858 1694 1
858 1710 1
858 1750 1
858 1759 1
858 1768 1
858 1863 1
858 1870 1
858 1981 1
859 867 1
859 869 1
859 931 1
859 967 1
859 974 1
859 999 1
859 1104 1
859 1113 1
859 1114 1
859 1147 1
859 1152 1
859 1276 1
859 1278 1
859 1305 1
859 1326 1
859 1336 1
859 1355 1
859 1372 1
859 1436 1
859 1451 1
859 1513 1
859 1516 1
859 1596 1
859 1616 1
859 1648 1
859 1817 1
859 1835 1
859 1866 1
859 1942 1
859 1955 1
859 1976 1
860 883 1
860 906 1
860 968 1
860 1101 1
860 1194 1
860 1201 1
860 1213 1
860 1219 1
860 1229 1
860 1249 1
860 1274 1
860 1326 1
860 1348 1
860 1482 1
860 1514 1
860 1517 1
860 1632 1
860 1700 1
860 1829 1
860 1850 1
860 1862 1
860 1889 1
860 1932 1
860 1966 1
860 1997 1
861 890 1
861 913 1
861 922 1
861 947 1
861 956 1
861 959 1
861 1193 1
861 1199 1
861 1255 1
861 1259 1
861 1292 1
861 1352 1
861 1407 1
861 1450 1
861 1496 1
861 1725 1
861 1728 1
861 1753 1
861 1757 1
861 1787 1
861 1824 1
861 1849 1
861 1850 1
861 1909 1
861 1935 1
861 1954 1
861 1969 1
861 1982 1
862 919 1
862 930 1
862 949 1
862 1002 1
862 1006 1
862 1147 1
862 1178 1
862 1180 1
862 1211 1
862 1365 1
862 1394 1
862 1402 1
862 1460 1
862 1533 1
862 1615 1
862 1616 1
862 1622 1
862 1628 1
862 1646 1
862 1704 1
862 1705 1
862 1750 1
862 1758 1
862 1759 1
862 1761 1
862 1802 1
862 1807 1
862 1836 1
862 1870 1
862 1878 1
862 1891 1
862 1975 1
863 865 1
863 973 1
863 976 1
863 1066 1
863 1087 1
863 1128 1
863 1190 1
863 1216 1
863 1228 1
863 1320 1
863 1351 1
863 1380 1
863 1408 1
863 1459 1
863 1482 1
863 1492 1
863 1496 1
863 1512 1
863 1602 1
863 1624 1
863 1634 1
863 1746 1
863 1755 1
863 1796 1
863 1835 1
863 1838 1
863 1935 1
864 880 1
864 996 1
864 1101 1
864 1127 1
864 1160 1
864 1164 1
864 1178 1
864 1188 1
864 1194 1
864 1214 1
864 1279 1
864 1302 1
864 1304 1
864 1459 1
864 1464 1
864 1579 1
864 1671 1
864 1707 1
864 1852 1
865 901 1
865 1022 1
865 1082 1
865 1087 1
865 1125 1
865 1142 1
865 1156 1
865 1182 1
865 1225 1
865 1230 1
865 1245 1
865 1264 1
865 1336 1
865 1347 1
865 1360 1
865 1401 1
865 1440 1
865 1526 1
865 1622 1
865 1696 1
865 1743 1
865 1768 1
865 1770 1
865 1857 1
865 1865 1
865 1886 1
865 1929 1
865 1952 1
865 1956 1
866 904 1
866 935 1
866 1113 1
866 1150 1
866 1212 1
866 1258 1
866 1339 1
866 1341 1
866 1353 1
866 1382 1
866 1431 1
866 1435 1
866 1519 1
866 1548 1
866 1556 1
866 1565 1
866 1569 1
866 1579 1
866 1603 1
866 1604 1
866 1729 1
866 1742 1
866 1785 1
866 1823 1
866 1855 1
866 1866 1
866 1879 1
866 1928 1
866 1962 1
866 1981 1
867 877 1
867 1010 1
867 1051 1
867 1077 1
867 1088 1
867 1110 1
867 1303 1
867 1319 1
867 1390 1
867 1398 1
867 1417 1
867 1422 1
867 1482 1
867 1505 1
867 1528 1
867 1534 1
867 1608 1
867 1624 1
867 1629 1
867 1643 1
867 1672 1
867 1676 1
867 1715 1
867 1726 1
867 1743 1
867 1827 1
868 904 1
868 932 1
868 987 1
868 1211 1
868 1293 1
868 1301 1
868 1316 1
868 1360 1
868 1381 1
868 1392 1
868 1432 1
868 1437 1
868 1456 1
868 1622 1
868 1625 1
868 1650 1
868 1702 1
868 1730 1
868 1783 1
868 1844 1
868 1896 1
868 1927 1
868 1963 1
868 1969 1
869 1106 1
869 1113 1
869 1184 1
869 1190 1
869 1245 1
869 1273 1
869 1339 1
869 1345 1
869 1347 1
869 1406 1
869 1445 1
869 1499 1
869 1526 1
869 1551 1
869 1553 1
869 1571 1
869 1590 1
869 1615 1
869 1624 1
869 1666 1
869 1788 1
869 1801 1
869 1900 1
869 1981 1
869 1984 1
869 1985 1
870 877 1
870 985 1
870 1004 1
870 1027 1
870 1045 1
870 1046 1
870 1068 1
870 1107 1
870 1234 1
870 1327 1
870 1384 1
870 1435 1
870 1471 1
870 1544 1
870 1618 1
870 1693 1
870 1768 1
870 1792 1
870 1796 1
870 1828 1
870 1859 1
870 1879 1
870 1935 1
870 1958 1
871 876 1
871 896 1
871 925 1
871 927 1
871 965 1
871 1053 1
871 1151 1
871 1241 1
871 1317 1
871 1397 1
871 1400 1
871 1405 1
871 1416 1
871 1419 1
871 1499 1
871 1508 1
871 1515 1
871 1521 1
871 1523 1
871 1539 1
871 1545 1
871 1668 1
871 1761 1
871 1778 1
871 1796 1
871 1812 1
871 1903 1
871 1912 1
871 1925 1
871 1947 1
872 931 1
872 967 1
872 977 1
872 1149 1
872 1173 1
872 1174 1
872 1270 1
872 1294 1
872 1295 1
872 1314 1
872 1426 1
872 1496 1
872 1510 1
872 1522 1
872 1554 1
872 1562 1
872 1579 1
872 1677 1
872 1689 1
872 1733 1
872 1793 1
872 1838 1
872 1879 1
872 1903 1
872 1975 1
873 900 1
873 954 1
873 982 1
873 1014 1
873 1031 1
873 1032 1
873 1085 1
873 1088 1
873 1097 1
873 1144 1
873 1160 1
873 1208 1
873 1225 1
873 1227 1
873 1242 1
873 1265 1
873 1331 1
873 1332 1
873 1354 1
873 1400 1
873 1404 1
873 1408 1
873 1455 1
873 1456 1
873 1457 1
873 1516 1
873 1531 1
873 1551 1
873 1567 1
873 1597 1
873 1606 1
873 1681 1
873 1699 1
873 1730 1
873 1832 1
873 1841 1
873 1844 1
873 1863 1
873 1914 1
873 1973 1
873 1979 1
873 1980 1
873 2000 1
874 878 1
874 908 1
874 918 1
874 921 1
874 923 1
874 938 1
874 954 1
874 998 1
874 1029 1
874 1045 1
874 1056 1
874 1060 1
874 1122 1
874 1127 1
874 1140 1
874 1162 1
874 1184 1
874 1258 1
874 1267 1
874 1287 1
874 1293 1
874 1306 1
874 1339 1
874 1498 1
874 1524 1
874 1543 1
874 1546 1
874 1568 1
874 1590 1
874 1593 1
874 1658 1
874 1673 1
874 1717 1
874 1757 1
874 1805 1
874 1822 1
874 1833 1
874 1869 1
874 1927 1
874 1943 1
874 1952 1
874 1961 1
875 894 1
875 934 1
875 1011 1
875 1025 1
875 1037 1
875 1044 1
875 1073 1
875 1156 1
875 1206 1
875 1292 1
875 1305 1
875 1352 1
875 1358 1
875 1376 1
875 1411 1
875 1471 1
875 1476 1
875 1526 1
875 1560 1
875 1562 1
875 1584 1
875 1590 1
875 1602 1
875 1646 1
875 1661 1
875 1691 1
875 1706 1
875 1717 1
875 1725 1
875 1826 1
875 1843 1
875 1986 1
875 1995 1
876 916 1
876 917 1
876 959 1
876 961 1
876 965 1
876 1096 1
876 1159 1
876 1165 1
876 1211 1
876 1216 1
876 1231 1
876 1269 1
876 1343 1
876 1394 1
876 1398 1
876 1457 1
876 1467 1
876 1575 1
876 1672 1
876 1752 1
876 1818 1
876 1856 1
876 1857 1
876 1886 1
876 1888 1
876 1922 1
876 1959 1
877 901 1
877 918 1
877 963 1
877 1074 1
877 1147 1
877 1224 1
877 1351 1
877 1385 1
877 1438 1
877 1446 1
877 1559 1
877 1585 1
877 1591 1
877 1602 1
877 1607 1
877 1612 1
877 1617 1
877 1662 1
877 1674 1
877 1773 1
877 1783 1
877 1826 1
877 1837 1
877 1844 1
877 1866 1
877 1927 1
877 1994 1
877 1997 1
878 922 1
878 1012 1
878 1126 1
878 1152 1
878 1184 1
878 1195 1
878 1261 1
878 1298 1
878 1380 1
878 1398 1
878 1401 1
878 1412 1
878 1528 1
878 1605 1
878 1645 1
878 1756 1
878 1772 1
878 1796 1
878 1805 1
878 1822 1
878 1952 1
878 1974 1
879 887 1
879 893 1
879 899 1
879 907 1
879 997 1
879 1100 1
879 1123 1
879 1143 1
879 1161 1
879 1244 1
879 1264 1
879 1270 1
879 1284 1
879 1331 1
879 1373 1
879 1411 1
879 1479 1
879 1513 1
879 1650 1
879 1653 1
879 1767 1
879 1776 1
879 1820 1
879 1871 1
879 1904 1
879 1923 1
879 1947 1
879 1990 1
880 925 1
880 926 1
880 947 1
880 1062 1
880 1064 1
880 1084 1
880 1089 1
880 1112 1
880 1125 1
880 1127 1
880 1137 1
880 1168 1
880 1210 1
880 1316 1
880 1385 1
880 1415 1
880 1452 1
880 1458 1
880 1497 1
880 1516 1
880 1528 1
880 1529 1
880 1585 1
880 1607 1
880 1633 1
880 1661 1
880 1708 1
880 1727 1
880 1730 1
880 1738 1
880 1792 1
880 1828 1
880 1833 1
880 1857 1
880 1882 1
880 1902 1
881 930 1
881 932 1
881 1002 1
881 1134 1
881 1161 1
881 1264 1
881 1289 1
881 1453 1
881 1544 1
881 1590 1
881 1622 1
881 1630 1
881 1656 1
881 1673 1
881 1698 1
881 1869 1
881 1912 1
881 1914 1
881 1931 1
882 909 1
882 913 1
882 981 1
882 988 1
882 1001 1
882 1010 1
882 1069 1
882 1078 1
882 1206 1
882 1247 1
882 1269 1
882 1277 1
882 1317 1
882 1389 1
882 1415 1
882 1441 1
882 1453 1
882 1462 1
882 1490 1
882 1602 1
882 1784 1
882 1799 1
882 1835 1
882 1872 1
882 1900 1
882 1976 1
883 1085 1
883 1104 1
883 1166 1
883 1201 1
883 1273 1
883 1276 1
883 1279 1
883 1282 1
883 1314 1
883 1447 1
883 1523 1
883 1546 1
883 1587 1
883 1588 1
883 1622 1
883 1650 1
883 1730 1
883 1739 1
883 1774 1
883 1849 1
883 1871 1
883 1891 1
883 1941 1
883 1954 1
883 1971 1
883 1985 1
884 919 1
884 996 1
884 1010 1
884 1038 1
884 1142 1
884 1162 1
884 1184 1
884 1270 1
884 1356 1
884 1404 1
884 1497 1
884 1523 1
884 1560 1
884 1561 1
884 1578 1
884 1638 1
884 1726 1
884 1818 1
884 1878 1
884 1881 1
885 900 1
885 920 1
885 997 1
885 1058 1
885 1114 1
885 1137 1
885 1312 1
885 1340 1
885 1347 1
885 1387 1
885 1399 1
885 1426 1
885 1463 1
885 1501 1
885 1523 1
885 1524 1
885 1580 1
885 1593 1
885 1627 1
885 1678 1
885 1703 1
885 1731 1
885 1798 1
885 1876 1
885 1893 1
885 1935 1
885 1985 1
886 930 1
886 1062 1
886 1111 1
886 1164 1
886 1168 1
886 1215 1
886 1235 1
886 1322 1
886 1388 1
886 1392 1
886 1420 1
886 1427 1
886 1465 1
886 1471 1
886 1476 1
886 1524 1
886 1664 1
886 1674 1
886 1690 1
886 1725 1
886 1752 1
886 1838 1
886 1867 1
886 1917 1
886 1930 1
887 889 1
887 942 1
887 1002 1
887 1063 1
887 1142 1
887 1146 1
887 1227 1
887 1253 1
887 1270 1
887 1354 1
887 1382 1
887 1385 1
887 1404 1
887 1488 1
887 1580 1
887 1610 1
887 1657 1
887 1739 1
887 1747 1
887 1784 1
887 1906 1
887 1935 1
888 914 1
888 941 1
888 1003 1
888 1025 1
888 1048 1
888 1049 1
888 1128 1
888 1176 1
888 1177 1
888 1180 1
888 1213 1
888 1255 1
888 1282 1
888 1315 1
888 1318 1
888 1326 1
888 1343 1
888 1374 1
888 1381 1
888 1387 1
888 1450 1
888 1527 1
888 1556 1
888 1558 1
888 1586 1
888 1623 1
888 1673 1
888 1696 1
888 1700 1
888 1758 1
888 1780 1
888 1806 1
888 1905 1
888 1946 1
888 1970 1
889 927 1
889 946 1
889 991 1
889 1073 1
889 1159 1
889 1169 1
889 1207 1
889 1242 1
889 1287 1
889 1336 1
889 1365 1
889 1439 1
889 1444 1
889 1486 1
889 1503 1
889 1508 1
889 1565 1
889 1577 1
889 1591 1
889 1613 1
889 1621 1
889 1624 1
889 1692 1
889 1710 1
889 1788 1
889 1822 1
889 1827 1
889 1951 1
890 905 1
890 916 1
890 945 1
890 979 1
890 1055 1
890 1142 1
890 1143 1
890 1313 1
890 1358 1
890 1360 1
890 1448 1
890 1520 1
890 1526 1
890 1531 1
890 1599 1
890 1609 1
890 1671 1
890 1837 1
890 1845 1
890 1929 1
890 1943 1
890 1977 1
890 1984 1
890 1992 1
891 910 1
891 949 1
891 952 1
891 996 1
891 1024 1
891 1059 1
891 1064 1
891 1129 1
891 1134 1
891 1214 1
891 1230 1
891 1266 1
891 1270 1
891 1287 1
891 1482 1
891 1514 1
891 1544 1
891 1565 1
891 1588 1
891 1610 1
891 1651 1
891 1659 1
891 1681 1
891 1777 1
891 1797 1
891 1803 1
891 1812 1
891 1826 1
891 1956 1
892 903 1
892 913 1
892 926 1
892 938 1
892 977 1
892 1050 1
892 1084 1
892 1094 1
892 1103 1
892 1124 1
892 1213 1
892 1299 1
892 1402 1
892 1432 1
892 1480 1
892 1484 1
892 1516 1
892 1522 1
892 1542 1
892 1547 1
892 1633 1
892 1635 1
892 1637 1
892 1657 1
892 1666 1
892 1676 1
892 1800 1
892 1848 1
892 1854 1
892 1918 1
892 1929 1
893 894 1
893 935 1
893 960 1
893 990 1
893 1025 1
893 1063 1
893 1072 1
893 1073 1
893 1089 1
893 1125 1
893 1147 1
893 1166 1
893 1208 1
893 1218 1
893 1233 1
893 1348 1
893 1354 1
893 1369 1
893 1378 1
893 1394 1
893 1438 1
893 1468 1
893 1472 1
893 1562 1
893 1613 1
893 1629 1
893 1630 1
893 1631 1
893 1690 1
893 1806 1
893 1812 1
893 1817 1
893 1825 1
893 1846 1
893 1863 1
893 1921 1
894 912 1
894 964 1
894 998 1
894 1044 1
894 1072 1
894 1081 1
894 1083 1
894 1116 1
894 1125 1
894 1197 1
894 1266 1
894 1330 1
894 1369 1
894 1376 1
894 1386 1
894 1387 1
894 1515 1
894 1560 1
894 1585 1
894 1609 1
894 1628 1
894 1658 1
894 1671 1
894 1684 1
894 1705 1
894 1719 1
894 1746 1
894 1903 1
894 1948 1
895 932 1
895 948 1
895 1011 1
895 1041 1
895 1070 1
895 1101 1
895 1180 1
895 1196 1
895 1211 1
895 1231 1
895 1247 1
895 1327 1
895 1377 1
895 1396 1
895 1410 1
895 1467 1
895 1505 1
895 1564 1
895 1624 1
895 1630 1
895 1653 1
895 1659 1
895 1679 1
895 1708 1
895 1723 1
895 1729 1
895 1730 1
895 1739 1
895 1767 1
895 1808 1
895 1903 1
895 1927 1
895 1945 1
895 1979 1
896 988 1
896 1024 1
896 1081 1
896 1103 1
896 1212 1
896 1234 1
896 1258 1
896 1263 1
896 1271 1
896 1343 1
896 1398 1
896 1441 1
896 1448 1
896 1450 1
896 1582 1
896 1618 1
896 1674 1
896 1686 1
896 1729 1
896 1863 1
896 1911 1
896 1918 1
896 1945 1
897 933 1
897 967 1
897 973 1
897 974 1
897 996 1
897 999 1
897 1025 1
897 1027 1
897 1042 1
897 1064 1
897 1106 1
897 1120 1
897 1138 1
897 1183 1
897 1184 1
897 1199 1
897 1313 1
897 1320 1
897 1368 1
897 1374 1
897 1410 1
897 1419 1
897 1492 1
897 1520 1
897 1558 1
897 1576 1
897 1582 1
897 1604 1
897 1612 1
897 1686 1
897 1879 1
897 1973 1
898 974 1
898 1049 1
898 1061 1
898 1086 1
898 1102 1
898 1110 1
898 1218 1
898 1222 1
898 1277 1
898 1328 1
898 1366 1
898 1406 1
898 1483 1
898 1564 1
898 1635 1
898 1646 1
898 1647 1
898 1651 1
898 1707 1
898 1723 1
898 1737 1
898 1767 1
898 1802 1
898 1845 1
899 930 1
899 967 1
899 1073 1
899 1085 1
899 1121 1
899 1345 1
899 1358 1
899 1410 1
899 1424 1
899 1569 1
899 1604 1
899 1696 1
899 1700 1
899 1768 1
899 1779 1
899 1787 1
899 1804 1
899 1836 1
899 1926 1
899 1927 1
899 1970 1
900 921 1
900 986 1
900 1073 1
900 1075 1
900 1087 1
900 1187 1
900 1235 1
900 1301 1
900 1379 1
900 1392 1
900 1398 1
900 1409 1
900 1423 1
900 1440 1
900 1467 1
900 1497 1
900 1526 1
900 1543 1
900 1550 1
900 1592 1
900 1643 1
900 1650 1
900 1653 1
900 1655 1
900 1656 1
900 1684 1
900 1688 1
900 1830 1
900 1841 1
900 1867 1
900 1880 1
900 1904 1
900 1932 1
900 1935 1
901 1066 1
901 1173 1
901 1243 1
901 1274 1
901 1330 1
901 1413 1
901 1414 1
901 1451 1
901 1454 1
901 1542 1
901 1568 1
901 1574 1
901 1581 1
901 1668 1
901 1801 1
901 1861 1
901 1881 1
901 1894 1
901 1946 1
901 1968 1
901 1980 1
901 1989 1
902 959 1
902 976 1
902 1006 1
902 1007 1
902 1056 1
902 1094 1
902 1117 1
902 1132 1
902 1205 1
902 1254 1
902 1291 1
902 1344 1
902 1379 1
902 1429 1
902 1453 1
902 1479 1
902 1485 1
902 1523 1
902 1597 1
902 1612 1
902 1641 1
902 1748 1
902 1837 1
902 1845 1
902 1890 1
902 1910 1
902 1916 1
902 1940 1
902 1960 1
902 1973 1
903 908 1
903 911 1
903 970 1
903 1015 1
903 1209 1
903 1243 1
903 1272 1
903 1296 1
903 1329 1
903 1385 1
903 1463 1
903 1467 1
903 1479 1
903 1494 1
903 1503 1
903 1571 1
903 1657 1
903 1721 1
903 1730 1
903 1742 1
903 1746 1
903 1790 1
903 1792 1
903 1892 1
903 1932 1
903 1939 1
903 1941 1
904 983 1
904 1240 1
904 1246 1
904 1324 1
904 1367 1
904 1395 1
904 1414 1
904 1455 1
904 1684 1
904 1689 1
904 1711 1
904 1714 1
904 1789 1
904 1802 1
904 1816 1
904 1827 1
904 1881 1
904 1915 1
904 1921 1
904 1966 1
904 1977 1
905 970 1
905 1017 1
905 1127 1
905 1147 1
905 1202 1
905 1253 1
905 1284 1
905 1339 1
905 1353 1
905 1408 1
905 1450 1
905 1489 1
905 1531 1
905 1538 1
905 1585 1
905 1610 1
905 1617 1
905 1620 1
905 1622 1
905 1693 1
905 1702 1
905 1707 1
905 1719 1
905 1738 1
905 1876 1
905 1879 1
905 1889 1
905 1934 1
905 1941 1
905 1949 1
905 1988 1
905 1997 1
906 921 1
906 959 1
906 969 1
906 989 1
906 1018 1
906 1069 1
906 1083 1
906 1153 1
906 1202 1
906 1233 1
906 1250 1
906 1273 1
906 1302 1
906 1335 1
906 1452 1
906 1455 1
906 1488 1
906 1519 1
906 1536 1
906 1541 1
906 1548 1
906 1553 1
906 1567 1
906 1576 1
906 1683 1
906 1698 1
906 1744 1
906 1745 1
906 1760 1
906 1867 1
906 1909 1
906 1940 1
906 1958 1
907 938 1
907 939 1
907 1015 1
907 1055 1
907 1073 1
907 1137 1
907 1180 1
907 1184 1
907 1238 1
907 1297 1
907 1353 1
907 1498 1
907 1499 1
907 1554 1
907 1568 1
907 1618 1
907 1671 1
907 1690 1
907 1692 1
907 1698 1
907 1709 1
907 1731 1
907 1754 1
907 1902 1
907 1937 1
907 1938 1
907 1968 1
907 1997 1
907 1999 1
908 949 1
908 976 1
908 978 1
908 991 1
908 1052 1
908 1102 1
908 1175 1
908 1224 1
908 1294 1
908 1327 1
908 1357 1
908 1415 1
908 1452 1
908 1466 1
908 1478 1
908 1523 1
908 1569 1
908 1605 1
908 1638 1
908 1755 1
908 1758 1
908 1797 1
908 1813 1
908 1853 1
908 1889 1
908 1922 1
909 955 1
909 978 1
909 994 1
909 1063 1
909 1190 1
909 1254 1
909 1339 1
909 1354 1
909 1419 1
909 1466 1
909 1480 1
909 1498 1
909 1550 1
909 1570 1
909 1632 1
909 1671 1
909 1756 1
909 1777 1
909 1796 1
909 1877 1
910 941 1
910 942 1
910 1003 1
910 1124 1
910 1133 1
910 1151 1
910 1153 1
910 1204 1
910 1223 1
910 1231 1
910 1244 1
910 1321 1
910 1349 1
910 1356 1
910 1396 1
910 1499 1
910 1538 1
910 1616 1
910 1631 1
910 1635 1
910 1672 1
910 1689 1
910 1737 1
910 1743 1
910 1750 1
910 1790 1
910 1871 1
910 1896 1
910 1918 1
910 1929 1
910 1936 1
910 1946 1
911 920 1
911 924 1
911 926 1
911 946 1
911 1001 1
911 1042 1
911 1056 1
911 1082 1
911 1094 1
911 1170 1
911 1171 1
911 1173 1
911 1223 1
911 1234 1
911 1394 1
911 1413 1
911 1416 1
911 1447 1
911 1487 1
911 1503 1
911 1585 1
911 1603 1
911 1613 1
911 1717 1
911 1729 1
911 1745 1
911 1807 1
911 1828 1
911 1932 1
911 1985 1
911 1987 1
911 1989 1
912 914 1
912 1033 1
912 1075 1
912 1173 1
912 1196 1
912 1220 1
912 1246 1
912 1266 1
912 1272 1
912 1374 1
912 1422 1
912 1452 1
912 1536 1
912 1583 1
912 1587 1
912 1628 1
912 1651 1
912 1657 1
912 1675 1
912 1700 1
912 1703 1
912 1719 1
912 1732 1
912 1787 1
912 1985 1
913 943 1
913 953 1
913 990 1
913 995 1
913 1057 1
913 1092 1
913 1196 1
913 1206 1
913 1218 1
913 1228 1
913 1234 1
913 1253 1
913 1397 1
913 1427 1
913 1538 1
913 1597 1
913 1659 1
913 1715 1
913 1769 1
913 1809 1
913 1888 1
913 1898 1
913 1972 1
914 920 1
914 929 1
914 980 1
914 989 1
914 998 1
914 1025 1
914 1058 1
914 1074 1
914 1114 1
914 1131 1
914 1144 1
914 1151 1
914 1280 1
914 1335 1
914 1403 1
914 1495 1
914 1515 1
914 1517 1
914 1611 1
914 1641 1
914 1658 1
914 1665 1
914 1718 1
914 1726 1
914 1760 1
914 1825 1
914 1865 1
914 1893 1
914 1920 1
914 1939 1
914 1945 1
914 1961 1
915 935 1
915 941 1
915 997 1
915 1071 1
915 1134 1
915 1139 1
915 1141 1
915 1147 1
915 1163 1
915 1206 1
915 1224 1
915 1317 1
915 1393 1
915 1408 1
915 1465 1
915 1484 1
915 1540 1
915 1573 1
915 1608 1
915 1744 1
915 1752 1
915 1767 1
915 1825 1
915 1887 1
915 1925 1
915 1966 1
915 1980 1
916 936 1
916 975 1
916 1071 1
916 1098 1
916 1100 1
916 1266 1
916 1285 1
916 1343 1
916 1357 1
916 1365 1
916 1427 1
916 1459 1
916 1465 1
916 1474 1
916 1597 1
916 1647 1
916 1681 1
916 1691 1
916 1792 1
916 1801 1
916 1914 1
916 1922 1
917 933 1
917 938 1
917 941 1
917 979 1
917 993 1
917 1024 1
917 1026 1
917 1059 1
917 1192 1
917 1194 1
917 1284 1
917 1432 1
917 1516 1
917 1526 1
917 1539 1
917 1574 1
917 1703 1
917 1872 1
917 1908 1
917 1963 1
918 980 1
918 998 1
918 1031 1
918 1032 1
918 1226 1
918 1236 1
918 1335 1
918 1336 1
918 1340 1
918 1342 1
918 1349 1
918 1450 1
918 1542 1
918 1548 1
918 1557 1
918 1627 1
918 1650 1
918 1676 1
918 1746 1
918 1755 1
918 1788 1
918 1813 1
918 1856 1
918 1860 1
918 1863 1
918 1889 1
918 1892 1
918 1894 1
918 1971 1
918 1977 1
918 1994 1
919 969 1
919 1001 1
919 1079 1
919 1080 1
919 1130 1
919 1159 1
919 1198 1
919 1219 1
919 1240 1
919 1270 1
919 1281 1
919 1351 1
919 1411 1
919 1427 1
919 1428 1
919 1435 1
919 1516 1
919 1522 1
919 1532 1
919 1550 1
919 1554 1
919 1569 1
919 1583 1
919 1585 1
919 1599 1
919 1658 1
919 1671 1
919 1709 1
919 1764 1
919 1785 1
919 1820 1
919 1876 1
919 1906 1
919 1916 1
919 1954 1
919 1956 1
919 1968 1
920 1031 1
920 1058 1
920 1062 1
920 1102 1
920 1121 1
920 1129 1
920 1219 1
920 1239 1
920 1260 1
920 1286 1
920 1307 1
920 1331 1
920 1398 1
920 1464 1
920 1497 1
920 1528 1
920 1578 1
920 1615 1
920 1627 1
920 1634 1
920 1652 1
920 1670 1
920 1676 1
920 1716 1
920 1766 1
920 1768 1
920 1820 1
920 1898 1
920 1951 1
920 1973 1
921 966 1
921 1001 1
921 1036 1
921 1042 1
921 1083 1
921 1124 1
921 1179 1
921 1185 1
921 1210 1
921 1291 1
921 1370 1
921 1378 1
921 1385 1
921 1441 1
921 1554 1
921 1601 1
921 1695 1
921 1730 1
921 1845 1
921 1849 1
921 1852 1
921 1889 1
921 1954 1
922 948 1
922 992 1
922 1028 1
922 1066 1
922 1094 1
922 1188 1
922 1220 1
922 1245 1
922 1264 1
922 1391 1
922 1436 1
922 1451 1
922 1454 1
922 1477 1
922 1513 1
922 1541 1
922 1542 1
922 1544 1
922 1563 1
922 1564 1
922 1589 1
922 1601 1
922 1707 1
922 1743 1
922 1780 1
922 1802 1
922 1833 1
922 1846 1
922 1863 1
922 1895 1
922 1898 1
922 1951 1
922 1975 1
923 1002 1
923 1010 1
923 1016 1
923 1129 1
923 1217 1
923 1232 1
923 1334 1
923 1499 1
923 1524 1
923 1532 1
923 1700 1
923 1758 1
923 1809 1
923 1827 1
923 1899 1
924 933 1
924 954 1
924 1004 1
924 1010 1
924 1012 1
924 1089 1
924 1111 1
924 1145 1
924 1176 1
924 1205 1
924 1245 1
924 1280 1
924 1415 1
924 1547 1
924 1575 1
924 1588 1
924 1754 1
924 1791 1
924 1843 1
924 1878 1
924 1985 1
925 930 1
925 975 1
925 1023 1
925 1064 1
925 1197 1
925 1240 1
925 1249 1
925 1278 1
925 1282 1
925 1302 1
925 1332 1
925 1363 1
925 1552 1
925 1624 1
925 1646 1
925 1694 1
925 1806 1
925 1813 1
925 1814 1
925 1870 1
925 1941 1
925 1959 1
926 932 1
926 943 1
926 1121 1
926 1126 1
926 1325 1
926 1431 1
926 1510 1
926 1523 1
926 1555 1
926 1610 1
926 1624 1
926 1757 1
926 1858 1
926 1888 1
926 1906 1
926 1909 1
926 1946 1
926 1955 1
926 2000 1
927 929 1
927 940 1
927 994 1
927 1071 1
927 1100 1
927 1132 1
927 1138 1
927 1213 1
927 1217 1
927 1277 1
927 1331 1
927 1408 1
927 1484 1
927 1492 1
927 1507 1
927 1622 1
927 1627 1
927 1634 1
927 1661 1
927 1717 1
927 1782 1
927 1785 1
927 1876 1
927 1919 1
927 1928 1
927 1999 1
928 976 1
928 985 1
928 1039 1
928 1101 1
928 1122 1
928 1202 1
928 1206 1
928 1331 1
928 1372 1
928 1387 1
928 1413 1
928 1414 1
928 1439 1
928 1468 1
928 1480 1
928 1511 1
928 1578 1
928 1609 1
928 1675 1
928 1681 1
928 1695 1
928 1701 1
928 1709 1
928 1820 1
928 1830 1
928 1845 1
928 1852 1
928 1902 1
928 1942 1
928 1979 1
929 949 1
929 963 1
929 1070 1
929 1140 1
929 1200 1
929 1247 1
929 1338 1
929 1476 1
929 1491 1
929 1504 1
929 1505 1
929 1520 1
929 1722 1
929 1765 1
929 1782 1
929 1791 1
929 1825 1
929 1850 1
929 1878 1
929 1883 1
929 1977 1
930 948 1
930 1006 1
930 1070 1
930 1110 1
930 1168 1
930 1281 1
930 1309 1
930 1410 1
930 1430 1
930 1442 1
930 1559 1
930 1604 1
930 1605 1
930 1670 1
930 1674 1
930 1779 1
930 1861 1
930 1870 1
930 1921 1
930 1996 1
931 943 1
931 973 1
931 985 1
931 1050 1
931 1065 1
931 1081 1
931 1228 1
931 1245 1
931 1262 1
931 1314 1
931 1316 1
931 1370 1
931 1386 1
931 1464 1
931 1481 1
931 1500 1
931 1509 1
931 1510 1
931 1557 1
931 1572 1
931 1582 1
931 1596 1
931 1725 1
931 1769 1
931 1792 1
931 1800 1
931 1834 1
931 1908 1
931 1913 1
931 1971 1
932 1007 1
932 1107 1
932 1134 1
932 1175 1
932 1224 1
932 1270 1
932 1330 1
932 1354 1
932 1362 1
932 1375 1
932 1383 1
932 1426 1
932 1434 1
932 1457 1
932 1458 1
932 1486 1
932 1490 1
932 1599 1
932 1632 1
932 1658 1
932 1688 1
932 1737 1
932 1813 1
932 1863 1
932 1875 1
932 1915 1
932 1976 1
932 2000 1
933 1011 1
933 1022 1
933 1096 1
933 1108 1
933 1161 1
933 1172 1
933 1181 1
933 1247 1
933 1289 1
933 1294 1
933 1296 1
933 1320 1
933 1419 1
933 1487 1
933 1516 1
933 1580 1
933 1623 1
933 1626 1
933 1630 1
933 1696 1
933 1698 1
933 1707 1
933 1710 1
933 1737 1
933 1742 1
933 1758 1
933 1782 1
933 1913 1
934 972 1
934 1067 1
934 1070 1
934 1079 1
934 1111 1
934 1166 1
934 1255 1
934 1299 1
934 1300 1
934 1344 1
934 1356 1
934 1414 1
934 1461 1
934 1469 1
934 1549 1
934 1611 1
934 1612 1
934 1617 1
934 1620 1
934 1717 1
934 1752 1
934 1765 1
934 1776 1
934 1951 1
934 1983 1
935 1019 1
935 1030 1
935 1051 1
935 1076 1
935 1092 1
935 1171 1
935 1175 1
935 1222 1
935 1239 1
935 1263 1
935 1301 1
935 1398 1
935 1419 1
935 1509 1
935 1593 1
935 1644 1
935 1648 1
935 1679 1
935 1694 1
935 1725 1
935 1764 1
935 1779 1
935 1812 1
935 1906 1
935 1911 1
935 1923 1
935 1955 1
935 1997 1
935 1998 1
936 1106 1
936 1123 1
936 1160 1
936 1196 1
936 1297 1
936 1323 1
936 1357 1
936 1366 1
936 1408 1
936 1446 1
936 1474 1
936 1521 1
936 1538 1
936 1568 1
936 1603 1
936 1610 1
936 1620 1
936 1638 1
936 1682 1
936 1684 1
936 1765 1
936 1841 1
936 1878 1
936 1882 1
936 1886 1
936 1932 1
936 1949 1
936 1973 1
937 945 1
937 955 1
937 996 1
937 1007 1
937 1058 1
937 1090 1
937 1109 1
937 1116 1
937 1128 1
937 1136 1
937 1146 1
937 1152 1
937 1196 1
937 1201 1
937 1286 1
937 1299 1
937 1314 1
937 1352 1
937 1374 1
937 1405 1
937 1426 1
937 1557 1
937 1588 1
937 1705 1
937 1764 1
937 1814 1
937 1820 1
937 1830 1
937 1840 1
937 1976 1
937 1995 1
938 965 1
938 991 1
938 1154 1
938 1193 1
938 1276 1
938 1336 1
938 1359 1
938 1433 1
938 1518 1
938 1563 1
938 1595 1
938 1685 1
938 1743 1
938 1785 1
938 1813 1
938 1859 1
938 1927 1
938 1936 1
938 1938 1
938 1949 1
938 1985 1
938 1998 1
939 993 1
939 1020 1
939 1113 1
939 1169 1
939 1183 1
939 1214 1
939 1217 1
939 1226 1
939 1237 1
939 1245 1
939 1304 1
939 1334 1
939 1366 1
939 1369 1
939 1371 1
939 1419 1
939 1430 1
939 1479 1
939 1521 1
939 1559 1
939 1572 1
939 1749 1
939 1789 1
939 1807 1
939 1836 1
939 1874 1
939 1885 1
939 1928 1
939 1930 1
940 961 1
940 980 1
940 1034 1
940 1053 1
940 1122 1
940 1170 1
940 1240 1
940 1278 1
940 1294 1
940 1323 1
940 1326 1
940 1365 1
940 1367 1
940 1377 1
940 1382 1
940 1473 1
940 1481 1
940 1547 1
940 1580 1
940 1664 1
940 1847 1
940 1898 1
940 1922 1
940 1926 1
940 1927 1
940 1945 1
940 1950 1
940 1987 1
941 955 1
941 1012 1
941 1014 1
941 1056 1
941 1058 1
941 1103 1
941 1126 1
941 1210 1
941 1242 1
941 1270 1
941 1285 1
941 1319 1
941 1337 1
941 1557 1
941 1573 1
941 1853 1
941 1875 1
941 1924 1
942 959 1
942 1009 1
942 1013 1
942 1064 1
942 1069 1
942 1081 1
942 1108 1
942 1119 1
942 1189 1
942 1203 1
942 1249 1
942 1367 1
942 1378 1
942 1437 1
942 1481 1
942 1482 1
942 1488 1
942 1507 1
942 1637 1
942 1669 1
942 1675 1
942 1748 1
942 1788 1
942 1925 1
942 1958 1
942 1977 1
943 1016 1
943 1136 1
943 1171 1
943 1262 1
943 1292 1
943 1318 1
943 1340 1
943 1481 1
943 1502 1
943 1583 1
943 1590 1
943 1591 1
943 1770 1
943 1889 1
943 1896 1
943 1910 1
943 1921 1
943 1947 1
943 1983 1
944 960 1
944 1048 1
944 1122 1
944 1124 1
944 1132 1
944 1171 1
944 1204 1
944 1218 1
944 1280 1
944 1323 1
944 1369 1
944 1399 1
944 1406 1
944 1463 1
944 1485 1
944 1498 1
944 1517 1
944 1544 1
944 1613 1
944 1639 1
944 1670 1
944 1801 1
944 1849 1
944 1917 1
944 1922 1
944 1928 1
944 1931 1
944 1939 1
945 950 1
945 962 1
945 973 1
945 1043 1
945 1053 1
945 1058 1
945 1103 1
945 1112 1
945 1151 1
945 1165 1
945 1241 1
945 1262 1
945 1336 1
945 1365 1
945 1372 1
945 1404 1
945 1406 1
945 1420 1
945 1430 1
945 1446 1
945 1501 1
945 1506 1
945 1540 1
945 1589 1
945 1657 1
945 1696 1
945 1733 1
945 1807 1
945 1900 1
945 1917 1
945 1970 1
946 948 1
946 1005 1
946 1029 1
946 1132 1
946 1224 1
946 1281 1
946 1319 1
946 1323 1
946 1602 1
946 1682 1
946 1817 1
946 1826 1
946 1849 1
946 1863 1
946 1913 1
947 997 1
947 1058 1
947 1069 1
947 1094 1
947 1217 1
947 1229 1
947 1247 1
947 1259 1
947 1267 1
947 1341 1
947 1365 1
947 1385 1
947 1508 1
947 1565 1
947 1607 1
947 1649 1
947 1684 1
947 1725 1
947 1731 1
947 1806 1
947 1957 1
947 1985 1
948 952 1
948 1017 1
948 1089 1
948 1199 1
948 1213 1
948 1218 1
948 1253 1
948 1274 1
948 1279 1
948 1427 1
948 1466 1
948 1468 1
948 1536 1
948 1545 1
948 1595 1
948 1644 1
948 1694 1
948 1701 1
948 1726 1
948 1767 1
948 1853 1
948 1872 1
948 1960 1
949 959 1
949 1006 1
949 1033 1
949 1055 1
949 1079 1
949 1086 1
949 1092 1
949 1155 1
949 1192 1
949 1204 1
949 1207 1
949 1211 1
949 1395 1
949 1409 1
949 1459 1
949 1461 1
949 1478 1
949 1500 1
949 1532 1
949 1550 1
949 1612 1
949 1616 1
949 1659 1
949 1705 1
949 1833 1
949 1841 1
949 1976 1
949 1978 1
950 1130 1
950 1152 1
950 1153 1
950 1163 1
950 1169 1
950 1184 1
950 1214 1
950 1233 1
950 1249 1
950 1294 1
950 1533 1
950 1571 1
950 1607 1
950 1614 1
950 1652 1
950 1657 1
950 1698 1
950 1749 1
950 1776 1
950 1806 1
950 1861 1
951 952 1
951 988 1
951 1056 1
951 1240 1
951 1285 1
951 1339 1
951 1479 1
951 1497 1
951 1537 1
951 1579 1
951 1589 1
951 1592 1
951 1692 1
951 1709 1
951 1722 1
951 1730 1
951 1748 1
951 1765 1
951 1824 1
951 1904 1
951 1939 1
951 1949 1
951 1965 1
951 1995 1
951 1998 1
952 970 1
952 1138 1
952 1256 1
952 1327 1
952 1360 1
952 1370 1
952 1457 1
952 1494 1
952 1525 1
952 1553 1
952 1614 1
952 1635 1
952 1670 1
952 1731 1
952 1774 1
952 1777 1
952 1810 1
952 1823 1
952 1837 1
952 1842 1
952 1852 1
952 1854 1
952 1874 1
952 1876 1
952 1923 1
952 1930 1
952 1938 1
953 984 1
953 987 1
953 1023 1
953 1088 1
953 1092 1
953 1178 1
953 1194 1
953 1282 1
953 1343 1
953 1361 1
953 1365 1
953 1384 1
953 1470 1
953 1518 1
953 1606 1
953 1646 1
953 1688 1
953 1715 1
953 1746 1
953 1753 1
953 1781 1
953 1805 1
953 1918 1
953 1920 1
953 1938 1
954 1031 1
954 1054 1
954 1102 1
954 1105 1
954 1112 1
954 1159 1
954 1213 1
954 1244 1
954 1274 1
954 1276 1
954 1293 1
954 1370 1
954 1396 1
954 1429 1
954 1432 1
954 1462 1
954 1475 1
954 1489 1
954 1623 1
954 1666 1
954 1668 1
954 1699 1
954 1741 1
954 1785 1
954 1957 1
954 1965 1
954 1975 1
955 1087 1
955 1119 1
955 1120 1
955 1157 1
955 1158 1
955 1209 1
955 1306 1
955 1312 1
955 1367 1
955 1372 1
955 1405 1
955 1446 1
955 1450 1
955 1547 1
955 1561 1
955 1603 1
955 1674 1
955 1765 1
955 1788 1
955 1841 1
955 1867 1
955 1871 1
955 1907 1
955 1958 1
955 1971 1
955 1991 1
956 978 1
956 1019 1
956 1027 1
956 1135 1
956 1168 1
956 1176 1
956 1201 1
956 1207 1
956 1303 1
956 1313 1
956 1399 1
956 1427 1
956 1429 1
956 1432 1
956 1552 1
956 1553 1
956 1578 1
956 1589 1
956 1602 1
956 1634 1
956 1662 1
956 1666 1
956 1676 1
956 1680 1
956 1706 1
956 1804 1
956 1826 1
956 1841 1
956 1856 1
956 1891 1
956 1938 1
956 1984 1
956 1992 1
957 972 1
957 980 1
957 1001 1
957 1037 1
957 1084 1
957 1102 1
957 1277 1
957 1354 1
957 1358 1
957 1372 1
957 1449 1
957 1460 1
957 1464 1
957 1481 1
957 1486 1
957 1561 1
957 1565 1
957 1704 1
957 1728 1
957 1733 1
957 1747 1
957 1796 1
957 1829 1
957 1867 1
957 1949 1
957 1955 1
957 1962 1
957 1974 1
958 1048 1
958 1075 1
958 1153 1
958 1223 1
958 1399 1
958 1418 1
958 1562 1
958 1619 1
958 1714 1
958 1746 1
958 1777 1
958 1785 1
958 1823 1
958 1846 1
958 1847 1
958 1932 1
958 1939 1
958 1952 1
958 1988 1
959 963 1
959 1073 1
959 1112 1
959 1127 1
959 1170 1
959 1189 1
959 1381 1
959 1395 1
959 1467 1
959 1476 1
959 1499 1
959 1503 1
959 1532 1
959 1541 1
959 1587 1
959 1597 1
959 1618 1
959 1636 1
959 1657 1
959 1673 1
959 1719 1
959 1725 1
959 1754 1
959 1770 1
959 1792 1
959 1793 1
959 1840 1
959 1843 1
959 1867 1
959 1868 1
959 1911 1
959 1933 1
960 994 1
960 1053 1
960 1071 1
960 1088 1
960 1117 1
960 1131 1
960 1141 1
960 1220 1
960 1261 1
960 1352 1
960 1433 1
960 1450 1
960 1516 1
960 1532 1
960 1536 1
960 1561 1
960 1581 1
960 1620 1
960 1667 1
960 1720 1
960 1746 1
960 1770 1
960 1792 1
960 1839 1
960 1875 1
960 1883 1
960 1907 1
960 1908 1
960 1941 1
960 1959 1
961 1057 1
961 1077 1
961 1098 1
961 1120 1
961 1122 1
961 1143 1
961 1151 1
961 1248 1
961 1293 1
961 1358 1
961 1360 1
961 1440 1
961 1465 1
961 1549 1
961 1609 1
961 1626 1
961 1656 1
961 1662 1
961 1680 1
961 1982 1
962 963 1
962 1069 1
962 1120 1
962 1132 1
962 1157 1
962 1171 1
962 1223 1
962 1247 1
962 1340 1
962 1382 1
962 1630 1
962 1636 1
962 1722 1
962 1863 1
962 1868 1
962 1875 1
962 1900 1
962 1925 1
962 1981 1
963 1031 1
963 1078 1
963 1081 1
963 1097 1
963 1206 1
963 1207 1
963 1210 1
963 1262 1
963 1317 1
963 1324 1
963 1437 1
963 1445 1
963 1463 1
963 1482 1
963 1703 1
963 1724 1
963 1738 1
963 1744 1
963 1765 1
963 1791 1
963 1804 1
963 1813 1
963 1818 1
963 1874 1
963 1897 1
963 1905 1
963 1996 1
963 1997 1
964 1027 1
964 1082 1
964 1087 1
964 1142 1
964 1166 1
964 1171 1
964 1219 1
964 1330 1
964 1458 1
964 1501 1
964 1509 1
964 1543 1
964 1607 1
964 1624 1
964 1685 1
964 1711 1
964 1764 1
964 1792 1
964 1800 1
964 1803 1
964 1898 1
964 1921 1
964 1978 1
964 1988 1
964 1989 1
964 1990 1
965 974 1
965 1017 1
965 1030 1
965 1052 1
965 1092 1
965 1212 1
965 1298 1
965 1408 1
965 1533 1
965 1549 1
965 1568 1
965 1604 1
965 1612 1
965 1638 1
965 1661 1
965 1748 1
965 1946 1
965 1962 1
966 972 1
966 988 1
966 1118 1
966 1189 1
966 1206 1
966 1212 1
966 1265 1
966 1290 1
966 1322 1
966 1456 1
966 1472 1
966 1507 1
966 1541 1
966 1544 1
966 1580 1
966 1644 1
966 1647 1
966 1693 1
966 1701 1
966 1784 1
966 1842 1
966 1853 1
966 1858 1
966 1865 1
966 1915 1
966 1955 1
966 1972 1
967 996 1
967 999 1
967 1016 1
967 1049 1
967 1161 1
967 1171 1
967 1263 1
967 1304 1
967 1315 1
967 1343 1
967 1347 1
967 1419 1
967 1501 1
967 1510 1
967 1580 1
967 1614 1
967 1672 1
967 1697 1
967 1709 1
967 1741 1
967 1789 1
967 1862 1
967 1878 1
967 1984 1
968 1035 1
968 1098 1
968 1118 1
968 1128 1
968 1163 1
968 1217 1
968 1276 1
968 1285 1
968 1314 1
968 1376 1
968 1456 1
968 1540 1
968 1559 1
968 1584 1
968 1588 1
968 1718 1
968 1719 1
968 1732 1
968 1811 1
968 1812 1
968 1817 1
968 1986 1
969 972 1
969 1027 1
969 1052 1
969 1097 1
969 1101 1
969 1105 1
969 1122 1
969 1131 1
969 1138 1
969 1182 1
969 1246 1
969 1250 1
969 1294 1
969 1441 1
969 1470 1
969 1544 1
969 1618 1
969 1632 1
969 1687 1
969 1760 1
969 1775 1
969 1792 1
969 1806 1
969 1837 1
969 1901 1
969 1904 1
969 1944 1
969 1972 1
969 1997 1
970 972 1
970 988 1
970 1011 1
970 1018 1
970 1203 1
970 1221 1
970 1258 1
970 1320 1
970 1360 1
970 1399 1
970 1448 1
970 1452 1
970 1463 1
970 1477 1
970 1485 1
970 1537 1
970 1652 1
970 1675 1
970 1680 1
970 1699 1
970 1812 1
970 1859 1
970 1897 1
970 1900 1
970 1906 1
970 1923 1
970 1965 1
971 1020 1
971 1051 1
971 1091 1
971 1168 1
971 1214 1
971 1242 1
971 1248 1
971 1249 1
971 1289 1
971 1331 1
971 1342 1
971 1368 1
971 1383 1
971 1404 1
971 1510 1
971 1515 1
971 1520 1
971 1613 1
971 1646 1
971 1698 1
971 1712 1
971 1713 1
971 1762 1
971 1768 1
971 1817 1
971 1832 1
971 1837 1
971 1850 1
971 2000 1
972 983 1
972 1005 1
972 1008 1
972 1009 1
972 1052 1
972 1058 1
972 1073 1
972 1130 1
972 1172 1
972 1188 1
972 1223 1
972 1258 1
972 1307 1
972 1322 1
972 1375 1
972 1403 1
972 1458 1
972 1460 1
972 1483 1
972 1595 1
972 1598 1
972 1644 1
972 1649 1
972 1654 1
972 1728 1
972 1745 1
972 1760 1
972 1852 1
972 1878 1
972 1913 1
972 1932 1
972 1950 1
973 1141 1
973 1171 1
973 1176 1
973 1199 1
973 1273 1
973 1287 1
973 1373 1
973 1377 1
973 1380 1
973 1381 1
973 1410 1
973 1504 1
973 1505 1
973 1513 1
973 1641 1
973 1650 1
973 1661 1
973 1666 1
973 1731 1
973 1875 1
973 1914 1
973 1926 1
973 1947 1
973 1960 1
973 1966 1
973 1990 1
974 1042 1
974 1082 1
974 1206 1
974 1207 1
974 1213 1
974 1290 1
974 1350 1
974 1355 1
974 1377 1
974 1441 1
974 1443 1
974 1460 1
974 1493 1
974 1514 1
974 1527 1
974 1553 1
974 1621 1
974 1622 1
974 1630 1
974 1742 1
974 1836 1
974 1870 1
974 1897 1
974 1929 1
974 1939 1
974 1949 1
975 1049 1
975 1217 1
975 1263 1
975 1377 1
975 1399 1
975 1414 1
975 1513 1
975 1618 1
975 1640 1
975 1661 1
975 1683 1
975 1714 1
975 1722 1
975 1758 1
975 1835 1
975 1854 1
975 1881 1
975 1930 1
975 1971 1
976 1000 1
976 1075 1
976 1120 1
976 1145 1
976 1374 1
976 1487 1
976 1563 1
976 1584 1
976 1619 1
976 1635 1
976 1745 1
976 1792 1
976 1810 1
976 1840 1
976 1960 1
977 1051 1
977 1127 1
977 1185 1
977 1210 1
977 1211 1
977 1227 1
977 1274 1
977 1310 1
977 1392 1
977 1465 1
977 1538 1
977 1646 1
977 1702 1
977 1706 1
977 1708 1
977 1711 1
977 1790 1
977 1814 1
977 1885 1
977 1930 1
977 1978 1
977 1979 1
977 2000 1
978 1040 1
978 1050 1
978 1053 1
978 1107 1
978 1147 1
978 1212 1
978 1225 1
978 1244 1
978 1245 1
978 1257 1
978 1270 1
978 1349 1
978 1398 1
978 1407 1
978 1431 1
978 1488 1
978 1544 1
978 1566 1
978 1574 1
978 1591 1
978 1595 1
978 1699 1
978 1704 1
978 1770 1
978 1825 1
978 1842 1
978 1855 1
978 1901 1
978 1961 1
978 1970 1
979 985 1
979 1058 1
979 1136 1
979 1147 1
979 1200 1
979 1244 1
979 1271 1
979 1282 1
979 1296 1
979 1364 1
979 1398 1
979 1437 1
979 1491 1
979 1537 1
979 1556 1
979 1638 1
979 1665 1
979 1692 1
979 1713 1
979 1732 1
979 1795 1
979 1848 1
979 1861 1
979 1923 1
979 1983 1
979 1986 1
979 1989 1
980 1001 1
980 1025 1
980 1081 1
980 1166 1
980 1219 1
980 1231 1
980 1275 1
980 1286 1
980 1309 1
980 1323 1
980 1443 1
980 1469 1
980 1485 1
980 1486 1
980 1507 1
980 1551 1
980 1595 1
980 1702 1
980 1728 1
980 1746 1
980 1758 1
980 1766 1
980 1771 1
980 1838 1
980 1953 1
980 1963 1
981 1092 1
981 1163 1
981 1281 1
981 1409 1
981 1452 1
981 1467 1
981 1490 1
981 1503 1
981 1520 1
981 1530 1
981 1580 1
981 1624 1
981 1719 1
981 1769 1
981 1786 1
981 1889 1
981 1896 1
981 1898 1
981 1916 1
982 1146 1
982 1157 1
982 1193 1
982 1233 1
982 1234 1
982 1244 1
982 1249 1
982 1254 1
982 1269 1
982 1280 1
982 1331 1
982 1374 1
982 1450 1
982 1523 1
982 1540 1
982 1548 1
982 1608 1
982 1642 1
982 1650 1
982 1651 1
982 1664 1
982 1683 1
982 1688 1
982 1717 1
982 1745 1
982 1748 1
982 1775 1
982 1852 1
982 1912 1
982 1918 1
982 1927 1
982 1929 1
982 1931 1
982 1972 1
982 1980 1
983 1019 1
983 1054 1
983 1107 1
983 1135 1
983 1206 1
983 1225 1
983 1241 1
983 1252 1
983 1265 1
983 1356 1
983 1365 1
983 1418 1
983 1421 1
983 1524 1
983 1536 1
983 1580 1
983 1591 1
983 1616 1
983 1637 1
983 1689 1
983 1768 1
983 1834 1
983 1857 1
983 1867 1
983 1896 1
983 1901 1
984 1018 1
984 1030 1
984 1045 1
984 1165 1
984 1178 1
984 1196 1
984 1261 1
984 1266 1
984 1364 1
984 1377 1
984 1414 1
984 1430 1
984 1437 1
984 1448 1
984 1451 1
984 1461 1
984 1503 1
984 1524 1
984 1551 1
984 1565 1
984 1609 1
984 1632 1
984 1675 1
984 1767 1
984 1784 1
984 1815 1
984 1857 1
984 1861 1
984 1874 1
984 1904 1
984 1934 1
984 1951 1
984 1978 1
985 992 1
985 1019 1
985 1143 1
985 1181 1
985 1192 1
985 1218 1
985 1231 1
985 1249 1
985 1268 1
985 1295 1
985 1343 1
985 1500 1
985 1507 1
985 1510 1
985 1530 1
985 1546 1
985 1579 1
985 1671 1
985 1773 1
985 1792 1
985 1799 1
985 1906 1
985 1922 1
985 1945 1
985 1961 1
986 988 1
986 1021 1
986 1071 1
986 1092 1
986 1156 1
986 1171 1
986 1186 1
986 1208 1
986 1427 1
986 1431 1
986 1437 1
986 1512 1
986 1555 1
986 1576 1
986 1577 1
986 1581 1
986 1593 1
986 1598 1
986 1600 1
986 1607 1
986 1635 1
986 1684 1
986 1743 1
986 1763 1
986 1793 1
986 1858 1
986 1874 1
986 1878 1
986 1910 1
986 1966 1
986 1970 1
986 1990 1
987 1002 1
987 1061 1
987 1085 1
987 1170 1
987 1217 1
987 1222 1
987 1225 1
987 1228 1
987 1234 1
987 1238 1
987 1241 1
987 1276 1
987 1361 1
987 1366 1
987 1494 1
987 1528 1
987 1656 1
987 1670 1
987 1685 1
987 1687 1
987 1733 1
987 1742 1
987 1768 1
987 1776 1
987 1789 1
987 1983 1
988 1050 1
988 1065 1
988 1066 1
988 1233 1
988 1267 1
988 1287 1
988 1305 1
988 1333 1
988 1379 1
988 1386 1
988 1403 1
988 1410 1
988 1677 1
988 1826 1
988 1896 1
988 1965 1
988 1993 1
989 1106 1
989 1127 1
989 1189 1
989 1229 1
989 1256 1
989 1288 1
989 1324 1
989 1338 1
989 1340 1
989 1369 1
989 1398 1
989 1401 1
989 1466 1
989 1567 1
989 1664 1
989 1667 1
989 1770 1
989 1916 1
990 995 1
990 998 1
990 1026 1
990 1082 1
990 1103 1
990 1112 1
990 1147 1
990 1180 1
990 1245 1
990 1288 1
990 1293 1
990 1305 1
990 1361 1
990 1394 1
990 1456 1
990 1480 1
990 1482 1
990 1525 1
990 1599 1
990 1714 1
990 1756 1
990 1760 1
990 1875 1
990 1913 1
990 1933 1
991 1023 1
991 1045 1
991 1055 1
991 1074 1
991 1154 1
991 1231 1
991 1249 1
991 1287 1
991 1318 1
991 1342 1
991 1361 1
991 1394 1
991 1404 1
991 1418 1
991 1449 1
991 1502 1
991 1532 1
991 1571 1
991 1623 1
991 1654 1
991 1813 1
991 1877 1
991 1881 1
991 1893 1
992 1031 1
992 1071 1
992 1093 1
992 1126 1
992 1215 1
992 1265 1
992 1308 1
992 1340 1
992 1354 1
992 1421 1
992 1445 1
992 1447 1
992 1548 1
992 1804 1
992 1816 1
992 1846 1
992 1889 1
992 1903 1
992 1944 1
992 1961 1
992 1980 1
993 1015 1
993 1084 1
993 1086 1
993 1155 1
993 1176 1
993 1203 1
993 1204 1
993 1213 1
993 1233 1
993 1300 1
993 1400 1
993 1488 1
993 1591 1
993 1610 1
993 1615 1
993 1634 1
993 1679 1
993 1696 1
993 1704 1
993 1739 1
993 1750 1
993 1751 1
993 1833 1
993 1836 1
993 1849 1
993 1852 1
993 1873 1
993 1915 1
993 1955 1
993 1960 1
994 1077 1
994 1086 1
994 1186 1
994 1217 1
994 1293 1
994 1301 1
994 1321 1
994 1328 1
994 1339 1
994 1355 1
994 1414 1
994 1429 1
994 1464 1
994 1482 1
994 1504 1
994 1509 1
994 1564 1
994 1572 1
994 1650 1
994 1771 1
994 1889 1
994 1919 1
994 1926 1
994 1927 1
995 1050 1
995 1088 1
995 1093 1
995 1263 1
995 1292 1
995 1295 1
995 1298 1
995 1309 1
995 1338 1
995 1427 1
995 1452 1
995 1460 1
995 1574 1
995 1684 1
995 1733 1
995 1786 1
995 1819 1
995 1824 1
995 1909 1
996 1079 1
996 1093 1
996 1094 1
996 1098 1
996 1171 1
996 1272 1
996 1346 1
996 1383 1
996 1408 1
996 1414 1
996 1513 1
996 1515 1
996 1584 1
996 1615 1
996 1662 1
996 1699 1
996 1708 1
996 1711 1
996 1794 1
996 1852 1
996 1901 1
996 1980 1
996 1991 1
996 1994 1
996 1998 1
996 1999 1
997 1010 1
997 1022 1
997 1119 1
997 1136 1
997 1199 1
997 1237 1
997 1252 1
997 1393 1
997 1414 1
997 1476 1
997 1488 1
997 1540 1
997 1598 1
997 1634 1
997 1657 1
997 1674 1
997 1748 1
997 1809 1
997 1832 1
997 1834 1
997 1904 1
998 1002 1
998 1095 1
998 1122 1
998 1150 1
998 1155 1
998 1168 1
998 1264 1
998 1364 1
998 1428 1
998 1429 1
998 1433 1
998 1437 1
998 1447 1
998 1471 1
998 1481 1
998 1488 1
998 1559 1
998 1591 1
998 1619 1
998 1671 1
998 1702 1
998 1779 1
998 1780 1
998 1805 1
998 1818 1
998 1912 1
998 1934 1
998 1961 1
999 1005 1
999 1008 1
999 1043 1
999 1049 1
999 1084 1
999 1101 1
999 1105 1
999 1192 1
999 1223 1
999 1243 1
999 1275 1
999 1288 1
999 1393 1
999 1467 1
999 1491 1
999 1576 1
999 1614 1
999 1717 1
999 1721 1
999 1770 1
999 1837 1
999 1855 1
999 1894 1
999 1930 1
999 1970 1
999 1981 1
1000 1001 1
1000 1004 1
1000 1019 1
1000 1166 1
1000 1228 1
1000 1241 1
1000 1337 1
1000 1402 1
1000 1411 1
1000 1418 1
1000 1456 1
1000 1525 1
1000 1623 1
1000 1626 1
1000 1728 1
1000 1729 1
1000 1788 1
1000 1799 1
1000 1806 1
1000 1817 1
1000 1875 1
1000 1941 1
1000 1953 1
1000 1989 1
1001 1028 1
1001 1031 1
1001 1060 1
1001 1095 1
1001 1113 1
1001 1133 1
1001 1143 1
1001 1150 1
1001 1245 1
1001 1308 1
1001 1382 1
1001 1413 1
1001 1440 1
1001 1447 1
1001 1475 1
1001 1492 1
1001 1497 1
1001 1503 1
1001 1515 1
1001 1652 1
1001 1697 1
1001 1703 1
1001 1770 1
1001 1775 1
1001 1834 1
1001 1842 1
1001 1869 1
1001 1899 1
1001 1990 1
1002 1009 1
1002 1036 1
1002 1085 1
1002 1104 1
1002 1124 1
1002 1130 1
1002 1147 1
1002 1151 1
1002 1173 1
1002 1225 1
1002 1256 1
1002 1270 1
1002 1272 1
1002 1285 1
1002 1290 1
1002 1326 1
1002 1355 1
1002 1362 1
1002 1381 1
1002 1414 1
1002 1462 1
1002 1481 1
1002 1542 1
1002 1547 1
1002 1551 1
1002 1589 1
1002 1639 1
1002 1642 1
1002 1677 1
1002 1731 1
1002 1785 1
1002 1854 1
1002 1862 1
1002 1918 1
1003 1029 1
1003 1083 1
1003 1163 1
1003 1171 1
1003 1195 1
1003 1198 1
1003 1228 1
1003 1244 1
1003 1259 1
1003 1346 1
1003 1390 1
1003 1411 1
1003 1426 1
1003 1433 1
1003 1441 1
1003 1481 1
1003 1547 1
1003 1552 1
1003 1557 1
1003 1665 1
1003 1754 1
1003 1776 1
1003 1829 1
1003 1877 1
1003 1892 1
1003 1909 1
1003 1978 1
1003 1989 1
1004 1048 1
1004 1055 1
1004 1174 1
1004 1180 1
1004 1241 1
1004 1258 1
1004 1366 1
1004 1410 1
1004 1467 1
1004 1504 1
1004 1700 1
1004 1711 1
1004 1726 1
1004 1750 1
1004 1887 1
1004 1890 1
1004 1944 1
1005 1009 1
1005 1061 1
1005 1144 1
1005 1253 1
1005 1298 1
1005 1304 1
1005 1308 1
1005 1335 1
1005 1455 1
1005 1534 1
1005 1559 1
1005 1579 1
1005 1586 1
1005 1603 1
1005 1624 1
1005 1628 1
1005 1685 1
1005 1697 1
1005 1703 1
1005 1724 1
1005 1739 1
1005 1807 1
1006 1056 1
1006 1089 1
1006 1097 1
1006 1098 1
1006 1154 1
1006 1162 1
1006 1205 1
1006 1243 1
1006 1257 1
1006 1285 1
1006 1311 1
1006 1314 1
1006 1316 1
1006 1332 1
1006 1347 1
1006 1365 1
1006 1368 1
1006 1405 1
1006 1428 1
1006 1429 1
1006 1434 1
1006 1437 1
1006 1471 1
1006 1474 1
1006 1476 1
1006 1507 1
1006 1553 1
1006 1573 1
1006 1585 1
1006 1587 1
1006 1607 1
1006 1615 1
1006 1651 1
1006 1656 1
1006 1664 1
1006 1724 1
1006 1856 1
1006 1883 1
1006 1896 1
1006 1969 1
1007 1132 1
1007 1143 1
1007 1165 1
1007 1185 1
1007 1187 1
1007 1219 1
1007 1242 1
1007 1258 1
1007 1298 1
1007 1338 1
1007 1359 1
1007 1527 1
1007 1556 1
1007 1620 1
1007 1771 1
1007 1803 1
1007 1821 1
1007 1828 1
1007 1856 1
1007 1889 1
1007 1899 1
1007 1942 1
1007 1960 1
1007 1988 1
1007 1992 1
1008 1082 1
1008 1084 1
1008 1144 1
1008 1186 1
1008 1248 1
1008 1252 1
1008 1421 1
1008 1436 1
1008 1497 1
1008 1546 1
1008 1579 1
1008 1612 1
1008 1625 1
1008 1636 1
1008 1672 1
1008 1708 1
1008 1711 1
1008 1731 1
1008 1754 1
1008 1925 1
1008 1943 1
1008 1970 1
1008 1987 1
1009 1137 1
1009 1141 1
1009 1155 1
1009 1176 1
1009 1201 1
1009 1309 1
1009 1449 1
1009 1457 1
1009 1476 1
1009 1530 1
1009 1633 1
1009 1668 1
1009 1684 1
1009 1712 1
1009 1727 1
1009 1821 1
1009 1822 1
1009 1880 1
1009 1903 1
1009 1933 1
1009 1990 1
1009 1998 1
1010 1068 1
1010 1145 1
1010 1176 1
1010 1186 1
1010 1200 1
1010 1211 1
1010 1212 1
1010 1243 1
1010 1274 1
1010 1313 1
1010 1385 1
1010 1412 1
1010 1427 1
1010 1469 1
1010 1497 1
1010 1510 1
1010 1511 1
1010 1653 1
1010 1655 1
1010 1676 1
1010 1722 1
1010 1750 1
1010 1752 1
1010 1754 1
1010 1760 1
1010 1766 1
1010 1773 1
1010 1887 1
1010 1889 1
1010 1939 1
1010 1948 1
1010 1989 1
1011 1080 1
1011 1089 1
1011 1139 1
1011 1177 1
1011 1223 1
1011 1240 1
1011 1276 1
1011 1298 1
1011 1304 1
1011 1306 1
1011 1376 1
1011 1387 1
1011 1505 1
1011 1518 1
1011 1546 1
1011 1612 1
1011 1762 1
1011 1808 1
1011 1822 1
1011 1895 1
1011 1901 1
1011 1935 1
1012 1030 1
1012 1052 1
1012 1173 1
1012 1259 1
1012 1289 1
1012 1339 1
1012 1408 1
1012 1443 1
1012 1461 1
1012 1469 1
1012 1506 1
1012 1692 1
1012 1701 1
1012 1859 1
1012 1894 1
1012 1949 1
1012 1993 1
1013 1054 1
1013 1055 1
1013 1183 1
1013 1237 1
1013 1301 1
1013 1360 1
1013 1417 1
1013 1533 1
1013 1621 1
1013 1625 1
1013 1627 1
1013 1672 1
1013 1674 1
1013 1682 1
1013 1724 1
1013 1732 1
1013 1760 1
1013 1812 1
1013 1889 1
1013 1906 1
1013 1935 1
1013 1950 1
1013 1969 1
1013 1973 1
1013 1976 1
1014 1057 1
1014 1076 1
1014 1083 1
1014 1090 1
1014 1118 1
1014 1165 1
1014 1198 1
1014 1244 1
1014 1261 1
1014 1304 1
1014 1374 1
1014 1431 1
1014 1578 1
1014 1584 1
1014 1605 1
1014 1656 1
1014 1657 1
1014 1709 1
1014 1720 1
1014 1749 1
1014 1804 1
1014 1838 1
1014 1868 1
1014 1887 1
1014 1988 1
1014 2000 1
1015 1033 1
1015 1063 1
1015 1070 1
1015 1091 1
1015 1134 1
1015 1135 1
1015 1167 1
1015 1181 1
1015 1192 1
1015 1198 1
1015 1213 1
1015 1277 1
1015 1287 1
1015 1288 1
1015 1313 1
1015 1372 1
1015 1382 1
1015 1385 1
1015 1404 1
1015 1443 1
1015 1445 1
1015 1468 1
1015 1476 1
1015 1493 1
1015 1519 1
1015 1554 1
1015 1573 1
1015 1657 1
1015 1660 1
1015 1742 1
1015 1748 1
1015 1834 1
1015 1839 1
1015 1879 1
1015 1891 1
1015 1941 1
1015 1946 1
1015 1964 1
1016 1023 1
1016 1082 1
1016 1087 1
1016 1090 1
1016 1195 1
1016 1271 1
1016 1297 1
1016 1321 1
1016 1381 1
1016 1390 1
1016 1393 1
1016 1400 1
1016 1415 1
1016 1440 1
1016 1445 1
1016 1458 1
1016 1482 1
1016 1491 1
1016 1614 1
1016 1643 1
1016 1646 1
1016 1649 1
1016 1665 1
1016 1703 1
1016 1713 1
1016 1852 1
1016 1919 1
1016 1940 1
1016 1947 1
1016 1989 1
1017 1044 1
1017 1075 1
1017 1085 1
1017 1113 1
1017 1138 1
1017 1310 1
1017 1321 1
1017 1384 1
1017 1427 1
1017 1462 1
1017 1463 1
1017 1482 1
1017 1483 1
1017 1518 1
1017 1522 1
1017 1545 1
1017 1603 1
1017 1650 1
1017 1688 1
1017 1718 1
1017 1744 1
1017 1749 1
1017 1760 1
1017 1771 1
1017 1820 1
1017 1837 1
1017 1843 1
1017 1862 1
1017 1863 1
1017 1880 1
1017 1942 1
1017 1943 1
1018 1035 1
1018 1101 1
1018 1187 1
1018 1193 1
1018 1202 1
1018 1206 1
1018 1209 1
1018 1245 1
1018 1269 1
1018 1271 1
1018 1284 1
1018 1326 1
1018 1330 1
1018 1387 1
1018 1430 1
1018 1431 1
1018 1521 1
1018 1609 1
1018 1645 1
1018 1655 1
1018 1658 1
1018 1695 1
1018 1718 1
1018 1800 1
1018 1885 1
1018 1888 1
1018 1963 1
1018 1973 1
1018 1996 1
1019 1052 1
1019 1082 1
1019 1094 1
1019 1113 1
1019 1128 1
1019 1229 1
1019 1236 1
1019 1363 1
1019 1479 1
1019 1503 1
1019 1510 1
1019 1667 1
1019 1792 1
1019 1837 1
1019 1865 1
1019 1887 1
1019 1943 1
1020 1053 1
1020 1118 1
1020 1170 1
1020 1244 1
1020 1287 1
1020 1291 1
1020 1403 1
1020 1420 1
1020 1432 1
1020 1483 1
1020 1500 1
1020 1517 1
1020 1548 1
1020 1646 1
1020 1665 1
1020 1667 1
1020 1689 1
1020 1761 1
1020 1781 1
1020 1815 1
1020 1856 1
1020 1868 1
1020 1881 1
1020 1941 1
1021 1171 1
1021 1199 1
1021 1228 1
1021 1238 1
1021 1254 1
1021 1263 1
1021 1301 1
1021 1342 1
1021 1356 1
1021 1361 1
1021 1397 1
1021 1406 1
1021 1434 1
1021 1447 1
1021 1468 1
1021 1488 1
1021 1507 1
1021 1523 1
1021 1744 1
1021 1755 1
1021 1797 1
1021 1812 1
1021 1832 1
1021 1835 1
1021 1920 1
1022 1051 1
1022 1075 1
1022 1079 1
1022 1118 1
1022 1181 1
1022 1185 1
1022 1219 1
1022 1252 1
1022 1274 1
1022 1318 1
1022 1334 1
1022 1357 1
1022 1394 1
1022 1409 1
1022 1457 1
1022 1478 1
1022 1519 1
1022 1582 1
1022 1618 1
1022 1623 1
1022 1652 1
1022 1689 1
1022 1722 1
1022 1734 1
1022 1770 1
1022 1789 1
1022 1794 1
1022 1865 1
1022 1873 1
1022 1880 1
1022 1892 1
1022 1971 1
1023 1078 1
1023 1110 1
1023 1130 1
1023 1136 1
1023 1164 1
1023 1263 1
1023 1380 1
1023 1392 1
1023 1445 1
1023 1464 1
1023 1482 1
1023 1544 1
1023 1581 1
1023 1614 1
1023 1761 1
1023 1767 1
1023 1822 1
1023 1843 1
1023 1852 1
1023 1985 1
1024 1026 1
1024 1055 1
1024 1080 1
1024 1081 1
1024 1100 1
1024 1192 1
1024 1219 1
1024 1223 1
1024 1257 1
1024 1403 1
1024 1409 1
1024 1427 1
1024 1523 1
1024 1524 1
1024 1603 1
1024 1645 1
1024 1660 1
1024 1662 1
1024 1737 1
1024 1749 1
1024 1770 1
1024 1801 1
1024 1817 1
1024 1885 1
1024 1892 1
1024 1898 1
1024 1899 1
1024 1920 1
1024 1925 1
1025 1040 1
1025 1086 1
1025 1111 1
1025 1119 1
1025 1129 1
1025 1149 1
1025 1197 1
1025 1203 1
1025 1286 1
1025 1411 1
1025 1465 1
1025 1501 1
1025 1516 1
1025 1542 1
1025 1636 1
1025 1672 1
1025 1704 1
1025 1790 1
1025 1832 1
1025 1862 1
1025 1879 1
1025 1882 1
1025 1883 1
1025 1886 1
1025 1896 1
1025 1954 1
1025 1961 1
1026 1053 1
1026 1073 1
1026 1080 1
1026 1100 1
1026 1214 1
1026 1234 1
1026 1462 1
1026 1472 1
1026 1478 1
1026 1501 1
1026 1514 1
1026 1537 1
1026 1540 1
1026 1575 1
1026 1580 1
1026 1598 1
1026 1634 1
1026 1702 1
1026 1813 1
1026 1851 1
1026 1934 1
1026 1944 1
1026 1952 1
1026 1966 1
1027 1050 1
1027 1053 1
1027 1063 1
1027 1185 1
1027 1202 1
1027 1239 1
1027 1354 1
1027 1420 1
1027 1435 1
1027 1444 1
1027 1481 1
1027 1504 1
1027 1511 1
1027 1544 1
1027 1579 1
1027 1624 1
1027 1659 1
1027 1669 1
1027 1685 1
1027 1697 1
1027 1731 1
1027 1736 1
1027 1757 1
1028 1076 1
1028 1130 1
1028 1278 1
1028 1401 1
1028 1491 1
1028 1528 1
1028 1550 1
1028 1589 1
1028 1609 1
1028 1675 1
1028 1707 1
1028 1711 1
1028 1722 1
1028 1753 1
1028 1828 1
1028 1880 1
1028 1891 1
1028 1923 1
1028 1936 1
1028 1950 1
1028 1978 1
1029 1169 1
1029 1182 1
1029 1199 1
1029 1209 1
1029 1233 1
1029 1352 1
1029 1399 1
1029 1416 1
1029 1417 1
1029 1467 1
1029 1479 1
1029 1509 1
1029 1612 1
1029 1719 1
1029 1760 1
1029 1761 1
1029 1800 1
1029 1814 1
1029 1846 1
1029 1907 1
1029 1950 1
1029 1990 1
1030 1045 1
1030 1188 1
1030 1212 1
1030 1324 1
1030 1348 1
1030 1383 1
1030 1391 1
1030 1399 1
1030 1423 1
1030 1511 1
1030 1513 1
1030 1541 1
1030 1574 1
1030 1629 1
1030 1641 1
1030 1654 1
1030 1705 1
1030 1714 1
1030 1724 1
1030 1729 1
1030 1759 1
1030 1763 1
1030 1928 1
1030 1932 1
1030 1956 1
1031 1090 1
1031 1110 1
1031 1139 1
1031 1157 1
1031 1200 1
1031 1226 1
1031 1238 1
1031 1249 1
1031 1320 1
1031 1344 1
1031 1379 1
1031 1393 1
1031 1430 1
1031 1436 1
1031 1444 1
1031 1470 1
1031 1518 1
1031 1672 1
1031 1715 1
1031 1722 1
1031 1780 1
1031 1802 1
1031 1842 1
1031 1883 1
1031 1884 1
1031 1917 1
1031 1953 1
1032 1071 1
1032 1073 1
1032 1095 1
1032 1101 1
1032 1119 1
1032 1142 1
1032 1281 1
1032 1348 1
1032 1358 1
1032 1366 1
1032 1441 1
1032 1443 1
1032 1444 1
1032 1474 1
1032 1501 1
1032 1515 1
1032 1519 1
1032 1524 1
1032 1584 1
1032 1604 1
1032 1688 1
1032 1702 1
1032 1732 1
1032 1780 1
1032 1792 1
1032 1798 1
1032 1836 1
1032 1902 1
1032 1986 1
1032 1993 1
1033 1075 1
1033 1090 1
1033 1166 1
1033 1183 1
1033 1218 1
1033 1257 1
1033 1301 1
1033 1373 1
1033 1412 1
1033 1418 1
1033 1466 1
1033 1481 1
1033 1491 1
1033 1631 1
1033 1645 1
1033 1649 1
1033 1683 1
1033 1685 1
1033 1771 1
1033 1783 1
1033 1822 1
1033 1830 1
1033 1859 1
1033 1894 1
1033 1927 1
1033 1957 1
1033 1960 1
1033 1963 1
1033 1986 1
1034 1070 1
1034 1106 1
1034 1150 1
1034 1155 1
1034 1168 1
1034 1211 1
1034 1212 1
1034 1277 1
1034 1352 1
1034 1406 1
1034 1451 1
1034 1454 1
1034 1464 1
1034 1533 1
1034 1563 1
1034 1574 1
1034 1589 1
1034 1621 1
1034 1661 1
1034 1686 1
1034 1788 1
1034 1815 1
1034 1843 1
1034 1965 1
1034 1968 1
1035 1113 1
1035 1128 1
1035 1160 1
1035 1185 1
1035 1250 1
1035 1259 1
1035 1331 1
1035 1436 1
1035 1459 1
1035 1485 1
1035 1488 1
1035 1489 1
1035 1493 1
1035 1602 1
1035 1658 1
1035 1707 1
1035 1722 1
1035 1777 1
1035 1815 1
1035 1819 1
1035 1828 1
1036 1073 1
1036 1119 1
1036 1129 1
1036 1135 1
1036 1143 1
1036 1188 1
1036 1329 1
1036 1334 1
1036 1344 1
1036 1350 1
1036 1358 1
1036 1369 1
1036 1371 1
1036 1483 1
1036 1522 1
1036 1533 1
1036 1585 1
1036 1597 1
1036 1642 1
1036 1657 1
1036 1666 1
1036 1709 1
1036 1722 1
1036 1784 1
1036 1882 1
1036 1926 1
1037 1200 1
1037 1216 1
1037 1257 1
1037 1277 1
1037 1351 1
1037 1372 1
1037 1404 1
1037 1410 1
1037 1417 1
1037 1450 1
1037 1452 1
1037 1467 1
1037 1474 1
1037 1504 1
1037 1515 1
1037 1517 1
1037 1585 1
1037 1587 1
1037 1625 1
1037 1626 1
1037 1628 1
1037 1638 1
1037 1688 1
1037 1697 1
1037 1738 1
1037 1760 1
1037 1770 1
1037 1776 1
1037 1789 1
1037 1844 1
1037 1850 1
1037 1906 1
1037 1972 1
1038 1060 1
1038 1088 1
1038 1098 1
1038 1111 1
1038 1112 1
1038 1144 1
1038 1164 1
1038 1185 1
1038 1188 1
1038 1193 1
1038 1237 1
1038 1267 1
1038 1342 1
1038 1380 1
1038 1394 1
1038 1428 1
1038 1446 1
1038 1457 1
1038 1476 1
1038 1730 1
1038 1745 1
1038 1757 1
1038 1807 1
1038 1842 1
1038 1843 1
1038 1874 1
1038 1888 1
1038 1943 1
1038 1951 1
1039 1059 1
1039 1061 1
1039 1158 1
1039 1366 1
1039 1518 1
1039 1581 1
1039 1595 1
1039 1617 1
1039 1619 1
1039 1620 1
1039 1665 1
1039 1674 1
1039 1690 1
1039 1694 1
1039 1700 1
1039 1777 1
1039 1814 1
1039 1861 1
1039 1900 1
1039 1983 1
1040 1063 1
1040 1077 1
1040 1078 1
1040 1097 1
1040 1098 1
1040 1143 1
1040 1198 1
1040 1224 1
1040 1280 1
1040 1389 1
1040 1424 1
1040 1486 1
1040 1507 1
1040 1528 1
1040 1562 1
1040 1592 1
1040 1622 1
1040 1684 1
1040 1702 1
1040 1733 1
1040 1825 1
1040 1853 1
1040 1925 1
1040 1940 1
1040 1959 1
1041 1073 1
1041 1185 1
1041 1212 1
1041 1240 1
1041 1357 1
1041 1422 1
1041 1493 1
1041 1527 1
1041 1540 1
1041 1568 1
1041 1589 1
1041 1624 1
1041 1673 1
1041 1676 1
1041 1686 1
1041 1687 1
1041 1734 1
1041 1811 1
1041 1838 1
1041 1985 1
1042 1053 1
1042 1139 1
1042 1160 1
1042 1253 1
1042 1259 1
1042 1311 1
1042 1405 1
1042 1557 1
1042 1621 1
1042 1625 1
1042 1761 1
1042 1809 1
1042 1820 1
1042 1836 1
1042 1925 1
1042 1963 1
1042 1983 1
1043 1122 1
1043 1152 1
1043 1183 1
1043 1189 1
1043 1232 1
1043 1272 1
1043 1292 1
1043 1320 1
1043 1325 1
1043 1354 1
1043 1410 1
1043 1471 1
1043 1479 1
1043 1492 1
1043 1509 1
1043 1550 1
1043 1594 1
1043 1664 1
1043 1714 1
1043 1732 1
1043 1739 1
1043 1800 1
1043 1930 1
1043 1992 1
1044 1064 1
1044 1234 1
1044 1260 1
1044 1275 1
1044 1304 1
1044 1316 1
1044 1374 1
1044 1407 1
1044 1477 1
1044 1510 1
1044 1529 1
1044 1591 1
1044 1594 1
1044 1609 1
1044 1653 1
1044 1674 1
1044 1681 1
1044 1691 1
1044 1848 1
1044 1881 1
1044 1935 1
1044 1985 1
1045 1075 1
1045 1174 1
1045 1186 1
1045 1195 1
1045 1256 1
1045 1260 1
1045 1338 1
1045 1386 1
1045 1567 1
1045 1688 1
1045 1691 1
1045 1697 1
1045 1754 1
1045 1767 1
1045 1784 1
1045 1879 1
1045 1905 1
1045 1908 1
1046 1082 1
1046 1104 1
1046 1140 1
1046 1149 1
1046 1183 1
1046 1192 1
1046 1252 1
1046 1262 1
1046 1263 1
1046 1335 1
1046 1365 1
1046 1409 1
1046 1467 1
1046 1540 1
1046 1588 1
1046 1610 1
1046 1671 1
1046 1716 1
1046 1723 1
1046 1785 1
1046 1821 1
1046 1847 1
1046 1932 1
1046 1973 1
1047 1118 1
1047 1137 1
1047 1143 1
1047 1148 1
1047 1187 1
1047 1219 1
1047 1224 1
1047 1243 1
1047 1366 1
1047 1401 1
1047 1475 1
1047 1499 1
1047 1533 1
1047 1546 1
1047 1578 1
1047 1677 1
1047 1766 1
1047 1876 1
1047 1885 1
1047 1936 1
1047 1989 1
1047 1990 1
1048 1067 1
1048 1073 1
1048 1121 1
1048 1180 1
1048 1187 1
1048 1188 1
1048 1198 1
1048 1206 1
1048 1237 1
1048 1245 1
1048 1257 1
1048 1316 1
1048 1499 1
1048 1513 1
1048 1526 1
1048 1591 1
1048 1613 1
1048 1702 1
1048 1719 1
1048 1729 1
1048 1774 1
1048 1801 1
1048 1843 1
1048 1878 1
1048 1899 1
1048 1961 1
1048 1966 1
1048 1972 1
1048 1973 1
1049 1050 1
1049 1132 1
1049 1159 1
1049 1218 1
1049 1223 1
1049 1245 1
1049 1303 1
1049 1414 1
1049 1430 1
1049 1456 1
1049 1457 1
1049 1487 1
1049 1573 1
1049 1651 1
1049 1690 1
1049 1692 1
1049 1699 1
1049 1723 1
1049 1787 1
1049 1846 1
1049 1877 1
1049 1888 1
1049 1889 1
1049 1890 1
1049 1897 1
1049 1957 1
1050 1069 1
1050 1127 1
1050 1137 1
1050 1166 1
1050 1199 1
1050 1218 1
1050 1304 1
1050 1360 1
1050 1397 1
1050 1432 1
1050 1491 1
1050 1511 1
1050 1549 1
1050 1599 1
1050 1627 1
1050 1705 1
1050 1776 1
1050 1819 1
1050 1875 1
1050 1931 1
1051 1079 1
1051 1081 1
1051 1122 1
1051 1222 1
1051 1229 1
1051 1240 1
1051 1270 1
1051 1318 1
1051 1390 1
1051 1396 1
1051 1467 1
1051 1472 1
1051 1491 1
1051 1495 1
1051 1508 1
1051 1589 1
1051 1648 1
1051 1676 1
1051 1717 1
1051 1728 1
1051 1787 1
1051 1815 1
1051 1965 1
1051 1998 1
1052 1145 1
1052 1159 1
1052 1160 1
1052 1162 1
1052 1210 1
1052 1312 1
1052 1331 1
1052 1340 1
1052 1355 1
1052 1390 1
1052 1405 1
1052 1525 1
1052 1528 1
1052 1533 1
1052 1540 1
1052 1584 1
1052 1642 1
1052 1668 1
1052 1686 1
1052 1698 1
1052 1700 1
1052 1701 1
1052 1817 1
1052 1855 1
1052 1958 1
1052 1981 1
1052 1992 1
1053 1066 1
1053 1075 1
1053 1093 1
1053 1108 1
1053 1120 1
1053 1135 1
1053 1137 1
1053 1191 1
1053 1207 1
1053 1270 1
1053 1272 1
1053 1389 1
1053 1392 1
1053 1422 1
1053 1424 1
1053 1485 1
1053 1500 1
1053 1529 1
1053 1535 1
1053 1615 1
1053 1769 1
1053 1771 1
1053 1789 1
1053 1813 1
1053 1821 1
1053 1989 1
1053 1997 1
1054 1124 1
1054 1151 1
1054 1170 1
1054 1225 1
1054 1249 1
1054 1264 1
1054 1322 1
1054 1371 1
1054 1416 1
1054 1503 1
1054 1545 1
1054 1565 1
1054 1570 1
1054 1578 1
1054 1611 1
1054 1625 1
1054 1668 1
1054 1674 1
1054 1694 1
1054 1723 1
1054 1774 1
1054 1783 1
1054 1789 1
1054 1944 1
1054 1974 1
1054 1986 1
1055 1084 1
1055 1108 1
1055 1128 1
1055 1158 1
1055 1161 1
1055 1179 1
1055 1242 1
1055 1245 1
1055 1302 1
1055 1345 1
1055 1362 1
1055 1443 1
1055 1448 1
1055 1566 1
1055 1583 1
1055 1659 1
1055 1721 1
1055 1759 1
1055 1813 1
1055 1878 1
1056 1066 1
1056 1085 1
1056 1087 1
1056 1111 1
1056 1118 1
1056 1128 1
1056 1160 1
1056 1176 1
1056 1244 1
1056 1300 1
1056 1334 1
1056 1336 1
1056 1341 1
1056 1346 1
1056 1356 1
1056 1389 1
1056 1415 1
1056 1435 1
1056 1437 1
1056 1460 1
1056 1496 1
1056 1529 1
1056 1598 1
1056 1629 1
1056 1634 1
1056 1779 1
1056 1786 1
1056 1798 1
1056 1799 1
1056 1809 1
1056 1811 1
1056 1847 1
1056 1943 1
1057 1068 1
1057 1151 1
1057 1182 1
1057 1196 1
1057 1358 1
1057 1368 1
1057 1370 1
1057 1418 1
1057 1467 1
1057 1468 1
1057 1494 1
1057 1527 1
1057 1528 1
1057 1560 1
1057 1566 1
1057 1567 1
1057 1585 1
1057 1610 1
1057 1663 1
1057 1688 1
1057 1811 1
1057 1848 1
1057 1886 1
1057 1904 1
1058 1078 1
1058 1084 1
1058 1090 1
1058 1097 1
1058 1116 1
1058 1161 1
1058 1252 1
1058 1282 1
1058 1289 1
1058 1411 1
1058 1425 1
1058 1472 1
1058 1584 1
1058 1673 1
1058 1678 1
1058 1710 1
1058 1742 1
1058 1858 1
1058 1875 1
1058 1920 1
1058 1948 1
1058 1980 1
1058 1982 1
1059 1063 1
1059 1076 1
1059 1080 1
1059 1093 1
1059 1096 1
1059 1118 1
1059 1207 1
1059 1523 1
1059 1557 1
1059 1579 1
1059 1588 1
1059 1605 1
1059 1606 1
1059 1640 1
1059 1710 1
1059 1803 1
1059 1850 1
1059 1892 1
1059 1893 1
1060 1066 1
1060 1075 1
1060 1079 1
1060 1132 1
1060 1184 1
1060 1231 1
1060 1260 1
1060 1340 1
1060 1420 1
1060 1433 1
1060 1506 1
1060 1605 1
1060 1694 1
1060 1695 1
1060 1733 1
1060 1778 1
1060 1813 1
1060 1849 1
1060 1871 1
1060 1884 1
1060 1898 1
1060 1923 1
1060 1931 1
1060 1959 1
1060 1974 1
1060 1997 1
1061 1077 1
1061 1229 1
1061 1262 1
1061 1290 1
1061 1371 1
1061 1388 1
1061 1441 1
1061 1453 1
1061 1493 1
1061 1516 1
1061 1584 1
1061 1596 1
1061 1609 1
1061 1625 1
1061 1663 1
1061 1682 1
1061 1750 1
1061 1927 1
1061 1956 1
1061 1981 1
1062 1076 1
1062 1189 1
1062 1230 1
1062 1272 1
1062 1303 1
1062 1314 1
1062 1322 1
1062 1483 1
1062 1501 1
1062 1534 1
1062 1568 1
1062 1585 1
1062 1712 1
1062 1749 1
1062 1766 1
1062 1786 1
1062 1798 1
1062 1814 1
1062 1818 1
1062 1852 1
1062 1883 1
1062 1907 1
1062 1909 1
1062 1924 1
1062 1926 1
1062 1942 1
1062 1997 1
1063 1117 1
1063 1125 1
1063 1147 1
1063 1169 1
1063 1179 1
1063 1185 1
1063 1222 1
1063 1248 1
1063 1278 1
1063 1287 1
1063 1388 1
1063 1441 1
1063 1443 1
1063 1462 1
1063 1476 1
1063 1492 1
1063 1526 1
1063 1603 1
1063 1618 1
1063 1709 1
1063 1719 1
1063 1724 1
1063 1728 1
1063 1741 1
1063 1756 1
1063 1770 1
1063 1780 1
1063 1818 1
1063 1841 1
1063 1876 1
1063 1918 1
1063 1980 1
1064 1168 1
1064 1178 1
1064 1191 1
1064 1203 1
1064 1246 1
1064 1326 1
1064 1361 1
1064 1371 1
1064 1588 1
1064 1594 1
1064 1761 1
1064 1778 1
1064 1825 1
1064 1847 1
1064 1889 1
1064 1901 1
1064 1941 1
1065 1117 1
1065 1134 1
1065 1205 1
1065 1211 1
1065 1245 1
1065 1279 1
1065 1298 1
1065 1334 1
1065 1409 1
1065 1436 1
1065 1505 1
1065 1572 1
1065 1583 1
1065 1629 1
1065 1664 1
1065 1718 1
1065 1731 1
1065 1758 1
1065 1806 1
1065 1825 1
1065 1860 1
1065 1961 1
1065 1982 1
1065 1995 1
1066 1131 1
1066 1224 1
1066 1254 1
1066 1271 1
1066 1366 1
1066 1383 1
1066 1419 1
1066 1504 1
1066 1538 1
1066 1581 1
1066 1637 1
1066 1665 1
1066 1674 1
1066 1690 1
1066 1742 1
1066 1759 1
1066 1761 1
1066 1766 1
1066 1780 1
1066 1794 1
1066 1860 1
1067 1076 1
1067 1080 1
1067 1082 1
1067 1083 1
1067 1128 1
1067 1138 1
1067 1185 1
1067 1231 1
1067 1236 1
1067 1248 1
1067 1251 1
1067 1270 1
1067 1312 1
1067 1317 1
1067 1334 1
1067 1339 1
1067 1516 1
1067 1566 1
1067 1639 1
1067 1693 1
1067 1731 1
1067 1739 1
1067 1776 1
1067 1798 1
1067 1926 1
1067 1952 1
1067 1955 1
1067 1986 1
1068 1134 1
1068 1145 1
1068 1184 1
1068 1238 1
1068 1274 1
1068 1301 1
1068 1306 1
1068 1383 1
1068 1432 1
1068 1531 1
1068 1540 1
1068 1568 1
1068 1654 1
1068 1761 1
1068 1784 1
1068 1787 1
1068 1828 1
1068 1848 1
1068 1851 1
1068 1883 1
1068 1920 1
1068 1923 1
1068 1926 1
1068 1977 1
1068 1987 1
1068 1997 1
1069 1077 1
1069 1093 1
1069 1100 1
1069 1115 1
1069 1155 1
1069 1178 1
1069 1196 1
1069 1212 1
1069 1254 1
1069 1256 1
1069 1321 1
1069 1373 1
1069 1433 1
1069 1450 1
1069 1553 1
1069 1628 1
1069 1733 1
1069 1734 1
1069 1739 1
1069 1747 1
1069 1779 1
1069 1825 1
1069 1838 1
1069 1875 1
1069 1880 1
1069 1908 1
1069 1915 1
1069 1928 1
1069 1930 1
1069 1941 1
1069 1949 1
1069 1977 1
1069 1995 1
1070 1100 1
1070 1136 1
1070 1143 1
1070 1147 1
1070 1194 1
1070 1203 1
1070 1211 1
1070 1323 1
1070 1390 1
1070 1458 1
1070 1461 1
1070 1523 1
1070 1545 1
1070 1571 1
1070 1576 1
1070 1637 1
1070 1679 1
1070 1684 1
1070 1766 1
1070 1785 1
1070 1792 1
1070 1885 1
1070 1900 1
1070 1905 1
1070 1974 1
1070 1984 1
1071 1080 1
1071 1089 1
1071 1127 1
1071 1133 1
1071 1167 1
1071 1195 1
1071 1201 1
1071 1222 1
1071 1228 1
1071 1265 1
1071 1333 1
1071 1344 1
1071 1357 1
1071 1371 1
1071 1383 1
1071 1412 1
1071 1492 1
1071 1497 1
1071 1500 1
1071 1504 1
1071 1531 1
1071 1595 1
1071 1653 1
1071 1670 1
1071 1701 1
1071 1716 1
1071 1718 1
1071 1743 1
1071 1823 1
1071 1827 1
1071 1881 1
1071 1882 1
1071 1887 1
1071 1897 1
1071 1920 1
1071 1935 1
1071 2000 1
1072 1141 1
1072 1149 1
1072 1234 1
1072 1235 1
1072 1241 1
1072 1256 1
1072 1278 1
1072 1363 1
1072 1382 1
1072 1385 1
1072 1398 1
1072 1510 1
1072 1520 1
1072 1538 1
1072 1551 1
1072 1559 1
1072 1650 1
1072 1709 1
1072 1718 1
1072 1745 1
1072 1770 1
1072 1844 1
1072 1890 1
1072 1903 1
1072 1929 1
1072 1953 1
1073 1115 1
1073 1146 1
1073 1159 1
1073 1178 1
1073 1190 1
1073 1195 1
1073 1199 1
1073 1248 1
1073 1287 1
1073 1403 1
1073 1459 1
1073 1499 1
1073 1566 1
1073 1609 1
1073 1653 1
1073 1677 1
1073 1689 1
1073 1693 1
1073 1759 1
1073 1760 1
1073 1803 1
1073 1820 1
1073 1828 1
1073 1833 1
1073 1851 1
1073 1856 1
1073 1906 1
1073 1989 1
1074 1080 1
1074 1137 1
1074 1172 1
1074 1191 1
1074 1254 1
1074 1284 1
1074 1370 1
1074 1498 1
1074 1583 1
1074 1584 1
1074 1614 1
1074 1617 1
1074 1707 1
1074 1781 1
1074 1791 1
1074 1797 1
1074 1804 1
1074 1864 1
1074 1964 1
1074 1984 1
1075 1088 1
1075 1300 1
1075 1339 1
1075 1373 1
1075 1409 1
1075 1427 1
1075 1504 1
1075 1633 1
1075 1702 1
1075 1734 1
1075 1766 1
1075 1797 1
1075 1804 1
1075 1818 1
1075 1825 1
1075 1848 1
1075 1891 1
1075 1895 1
1075 1912 1
1075 1914 1
1075 1935 1
1076 1082 1
1076 1098 1
1076 1133 1
1076 1220 1
1076 1240 1
1076 1308 1
1076 1309 1
1076 1314 1
1076 1336 1
1076 1448 1
1076 1489 1
1076 1536 1
1076 1549 1
1076 1588 1
1076 1618 1
1076 1623 1
1076 1634 1
1076 1647 1
1076 1692 1
1076 1697 1
1076 1831 1
1076 1924 1
1077 1194 1
1077 1200 1
1077 1208 1
1077 1219 1
1077 1280 1
1077 1351 1
1077 1368 1
1077 1457 1
1077 1460 1
1077 1466 1
1077 1590 1
1077 1647 1
1077 1684 1
1077 1772 1
1077 1832 1
1077 1835 1
1077 1846 1
1077 1980 1
1078 1079 1
1078 1085 1
1078 1113 1
1078 1138 1
1078 1163 1
1078 1180 1
1078 1182 1
1078 1287 1
1078 1339 1
1078 1371 1
1078 1513 1
1078 1523 1
1078 1532 1
1078 1563 1
1078 1620 1
1078 1629 1
1078 1666 1
1078 1698 1
1078 1729 1
1078 1813 1
1078 1830 1
1078 1848 1
1078 1875 1
1078 1903 1
1078 1954 1
1078 1995 1
1079 1093 1
1079 1107 1
1079 1137 1
1079 1169 1
1079 1234 1
1079 1286 1
1079 1310 1
1079 1329 1
1079 1344 1
1079 1361 1
1079 1378 1
1079 1418 1
1079 1477 1
1079 1497 1
1079 1503 1
1079 1644 1
1079 1664 1
1079 1684 1
1079 1797 1
1079 1809 1
1079 1830 1
1079 1837 1
1079 1844 1
1079 1845 1
1079 1850 1
1079 1865 1
1079 1954 1
1080 1082 1
1080 1120 1
1080 1144 1
1080 1190 1
1080 1193 1
1080 1212 1
1080 1213 1
1080 1261 1
1080 1287 1
1080 1382 1
1080 1398 1
1080 1403 1
1080 1429 1
1080 1533 1
1080 1543 1
1080 1585 1
1080 1608 1
1080 1611 1
1080 1640 1
1080 1719 1
1080 1815 1
1080 1831 1
1080 1848 1
1080 1853 1
1080 1857 1
1080 1951 1
1080 1969 1
1080 2000 1
1081 1092 1
1081 1106 1
1081 1193 1
1081 1339 1
1081 1369 1
1081 1414 1
1081 1503 1
1081 1552 1
1081 1567 1
1081 1638 1
1081 1640 1
1081 1649 1
1081 1665 1
1081 1702 1
1082 1112 1
1082 1121 1
1082 1138 1
1082 1139 1
1082 1153 1
1082 1225 1
1082 1246 1
1082 1268 1
1082 1285 1
1082 1293 1
1082 1310 1
1082 1312 1
1082 1343 1
1082 1355 1
1082 1400 1
1082 1487 1
1082 1575 1
1082 1576 1
1082 1614 1
1082 1620 1
1082 1720 1
1082 1722 1
1082 1732 1
1082 1767 1
1082 1786 1
1082 1841 1
1082 1844 1
1082 1923 1
1083 1093 1
1083 1117 1
1083 1213 1
1083 1219 1
1083 1343 1
1083 1377 1
1083 1410 1
1083 1442 1
1083 1473 1
1083 1481 1
1083 1487 1
1083 1493 1
1083 1513 1
1083 1534 1
1083 1606 1
1083 1651 1
1083 1709 1
1083 1763 1
1083 1768 1
1083 1910 1
1083 1982 1
1084 1145 1
1084 1175 1
1084 1266 1
1084 1289 1
1084 1337 1
1084 1354 1
1084 1525 1
1084 1531 1
1084 1575 1
1084 1673 1
1084 1701 1
1084 1737 1
1084 1788 1
1084 1790 1
1084 1800 1
1084 1907 1
1085 1113 1
1085 1199 1
1085 1230 1
1085 1259 1
1085 1313 1
1085 1349 1
1085 1352 1
1085 1383 1
1085 1411 1
1085 1428 1
1085 1455 1
1085 1463 1
1085 1489 1
1085 1515 1
1085 1555 1
1085 1560 1
1085 1567 1
1085 1577 1
1085 1607 1
1085 1639 1
1085 1721 1
1085 1773 1
1085 1836 1
1085 1838 1
1085 1840 1
1085 1850 1
1085 1869 1
1085 1955 1
1085 1961 1
1085 1975 1
1085 1990 1
1086 1090 1
1086 1162 1
1086 1213 1
1086 1221 1
1086 1303 1
1086 1309 1
1086 1353 1
1086 1406 1
1086 1454 1
1086 1483 1
1086 1528 1
1086 1535 1
1086 1558 1
1086 1582 1
1086 1585 1
1086 1627 1
1086 1646 1
1086 1650 1
1086 1657 1
1086 1664 1
1086 1695 1
1086 1740 1
1086 1752 1
1086 1754 1
1086 1784 1
1086 1885 1
1086 1964 1
1086 1997 1
1087 1163 1
1087 1170 1
1087 1188 1
1087 1345 1
1087 1359 1
1087 1457 1
1087 1488 1
1087 1500 1
1087 1754 1
1087 1796 1
1087 1876 1
1087 1891 1
1087 1976 1
1088 1093 1
1088 1105 1
1088 1171 1
1088 1198 1
1088 1206 1
1088 1223 1
1088 1227 1
1088 1311 1
1088 1365 1
1088 1382 1
1088 1408 1
1088 1432 1
1088 1459 1
1088 1514 1
1088 1543 1
1088 1599 1
1088 1647 1
1088 1677 1
1088 1684 1
1088 1728 1
1088 1772 1
1088 1773 1
1088 1856 1
1088 1929 1
1089 1124 1
1089 1196 1
1089 1205 1
1089 1232 1
1089 1238 1
1089 1260 1
1089 1285 1
1089 1317 1
1089 1318 1
1089 1334 1
1089 1380 1
1089 1387 1
1089 1467 1
1089 1508 1
1089 1520 1
1089 1547 1
1089 1620 1
1089 1759 1
1089 1773 1
1089 1776 1
1089 1796 1
1089 1806 1
1089 1826 1
1089 1829 1
1089 1874 1
1089 1993 1
1089 1999 1
1090 1095 1
1090 1134 1
1090 1190 1
1090 1193 1
1090 1211 1
1090 1224 1
1090 1260 1
1090 1430 1
1090 1436 1
1090 1437 1
1090 1499 1
1090 1521 1
1090 1541 1
1090 1579 1
1090 1591 1
1090 1615 1
1090 1652 1
1090 1681 1
1090 1726 1
1090 1814 1
1090 1815 1
1090 1843 1
1090 1858 1
1090 1888 1
1090 1959 1
1090 1998 1
1091 1182 1
1091 1183 1
1091 1195 1
1091 1220 1
1091 1336 1
1091 1347 1
1091 1349 1
1091 1364 1
1091 1376 1
1091 1545 1
1091 1554 1
1091 1606 1
1091 1647 1
1091 1659 1
1091 1738 1
1091 1752 1
1091 1792 1
1091 1823 1
1091 1908 1
1091 1926 1
1091 1980 1
1092 1096 1
1092 1134 1
1092 1189 1
1092 1225 1
1092 1284 1
1092 1296 1
1092 1373 1
1092 1377 1
1092 1395 1
1092 1415 1
1092 1492 1
1092 1494 1
1092 1533 1
1092 1588 1
1092 1621 1
1092 1631 1
1092 1645 1
1092 1691 1
1092 1749 1
1092 1761 1
1092 1775 1
1092 1777 1
1092 1799 1
1092 1827 1
1092 1830 1
1092 1836 1
1092 1883 1
1092 1898 1
1092 1949 1
1093 1172 1
1093 1270 1
1093 1297 1
1093 1300 1
1093 1330 1
1093 1349 1
1093 1355 1
1093 1376 1
1093 1382 1
1093 1494 1
1093 1505 1
1093 1544 1
1093 1586 1
1093 1631 1
1093 1652 1
1093 1682 1
1093 1724 1
1093 1762 1
1093 1783 1
1093 1799 1
1093 1803 1
1093 1844 1
1093 1891 1
1093 1905 1
1093 1971 1
1094 1135 1
1094 1141 1
1094 1285 1
1094 1287 1
1094 1307 1
1094 1399 1
1094 1420 1
1094 1442 1
1094 1456 1
1094 1462 1
1094 1487 1
1094 1492 1
1094 1526 1
1094 1573 1
1094 1618 1
1094 1628 1
1094 1684 1
1094 1685 1
1094 1721 1
1094 1730 1
1094 1738 1
1094 1766 1
1094 1781 1
1094 1874 1
1094 1925 1
1094 1941 1
1095 1100 1
1095 1153 1
1095 1163 1
1095 1168 1
1095 1195 1
1095 1303 1
1095 1326 1
1095 1376 1
1095 1390 1
1095 1399 1
1095 1401 1
1095 1408 1
1095 1432 1
1095 1585 1
1095 1594 1
1095 1630 1
1095 1634 1
1095 1638 1
1095 1718 1
1095 1770 1
1095 1791 1
1095 1803 1
1095 1811 1
1095 1855 1
1096 1099 1
1096 1148 1
1096 1184 1
1096 1232 1
1096 1249 1
1096 1332 1
1096 1360 1
1096 1421 1
1096 1487 1
1096 1527 1
1096 1546 1
1096 1557 1
1096 1623 1
1096 1700 1
1096 1705 1
1096 1715 1
1096 1722 1
1096 1758 1
1096 1765 1
1096 1782 1
1096 1806 1
1096 1809 1
1096 1880 1
1096 1891 1
1096 1937 1
1096 1969 1
1096 1973 1
1097 1110 1
1097 1129 1
1097 1140 1
1097 1173 1
1097 1232 1
1097 1256 1
1097 1258 1
1097 1283 1
1097 1349 1
1097 1411 1
1097 1430 1
1097 1438 1
1097 1453 1
1097 1468 1
1097 1474 1
1097 1578 1
1097 1581 1
1097 1598 1
1097 1603 1
1097 1622 1
1097 1677 1
1097 1735 1
1097 1764 1
1097 1772 1
1097 1837 1
1097 1909 1
1097 1952 1
1097 1995 1
1098 1104 1
1098 1146 1
1098 1193 1
1098 1198 1
1098 1241 1
1098 1252 1
1098 1259 1
1098 1263 1
1098 1305 1
1098 1369 1
1098 1437 1
1098 1542 1
1098 1580 1
1098 1588 1
1098 1603 1
1098 1629 1
1098 1630 1
1098 1645 1
1098 1678 1
1098 1681 1
1098 1682 1
1098 1697 1
1098 1706 1
1098 1725 1
1098 1727 1
1098 1812 1
1098 1876 1
1098 1920 1
1098 1921 1
1098 1971 1
1098 1983 1
1099 1152 1
1099 1167 1
1099 1169 1
1099 1182 1
1099 1215 1
1099 1279 1
1099 1324 1
1099 1339 1
1099 1363 1
1099 1380 1
1099 1443 1
1099 1450 1
1099 1474 1
1099 1588 1
1099 1623 1
1099 1647 1
1099 1660 1
1099 1661 1
1099 1699 1
1099 1730 1
1099 1735 1
1099 1757 1
1099 1793 1
1099 1794 1
1099 1801 1
1099 1821 1
1099 1837 1
1099 1842 1
1099 1933 1
1099 1987 1
1100 1118 1
1100 1189 1
1100 1201 1
1100 1376 1
1100 1420 1
1100 1512 1
1100 1541 1
1100 1637 1
1100 1667 1
1100 1684 1
1100 1707 1
1100 1725 1
1100 1728 1
1100 1800 1
1100 1843 1
1100 1847 1
1101 1158 1
1101 1194 1
1101 1283 1
1101 1295 1
1101 1305 1
1101 1340 1
1101 1434 1
1101 1439 1
1101 1474 1
1101 1513 1
1101 1530 1
1101 1579 1
1101 1596 1
1101 1724 1
1101 1750 1
1101 1797 1
1101 1881 1
1101 1894 1
1101 1936 1
1101 1967 1
1101 1987 1
1102 1180 1
1102 1198 1
1102 1224 1
1102 1234 1
1102 1235 1
1102 1262 1
1102 1289 1
1102 1354 1
1102 1375 1
1102 1379 1
1102 1383 1
1102 1470 1
1102 1478 1
1102 1482 1
1102 1656 1
1102 1661 1
1102 1733 1
1102 1745 1
1102 1805 1
1102 1838 1
1102 1854 1
1102 1961 1
1102 1987 1
1103 1109 1
1103 1174 1
1103 1288 1
1103 1325 1
1103 1343 1
1103 1349 1
1103 1376 1
1103 1411 1
1103 1418 1
1103 1492 1
1103 1525 1
1103 1541 1
1103 1554 1
1103 1583 1
1103 1600 1
1103 1691 1
1103 1700 1
1103 1907 1
1103 1969 1
1103 1983 1
1104 1106 1
1104 1187 1
1104 1191 1
1104 1229 1
1104 1246 1
1104 1258 1
1104 1272 1
1104 1307 1
1104 1348 1
1104 1413 1
1104 1436 1
1104 1450 1
1104 1451 1
1104 1460 1
1104 1464 1
1104 1503 1
1104 1575 1
1104 1579 1
1104 1639 1
1104 1642 1
1104 1707 1
1104 1743 1
1104 1768 1
1104 1823 1
1104 1826 1
1104 1873 1
1104 1898 1
1104 1941 1
1104 1956 1
1104 1968 1
1105 1111 1
1105 1200 1
1105 1221 1
1105 1223 1
1105 1329 1
1105 1392 1
1105 1395 1
1105 1412 1
1105 1422 1
1105 1456 1
1105 1513 1
1105 1518 1
1105 1521 1
1105 1545 1
1105 1571 1
1105 1626 1
1105 1634 1
1105 1694 1
1105 1701 1
1105 1747 1
1105 1792 1
1105 1809 1
1105 1851 1
1105 1878 1
1105 1883 1
1105 1914 1
1105 1958 1
1106 1117 1
1106 1142 1
1106 1171 1
1106 1173 1
1106 1302 1
1106 1320 1
1106 1356 1
1106 1422 1
1106 1482 1
1106 1544 1
1106 1641 1
1106 1664 1
1106 1679 1
1106 1756 1
1106 1767 1
1106 1861 1
1106 1885 1
1106 1983 1
1107 1156 1
1107 1162 1
1107 1178 1
1107 1187 1
1107 1242 1
1107 1269 1
1107 1351 1
1107 1436 1
1107 1437 1
1107 1480 1
1107 1537 1
1107 1583 1
1107 1593 1
1107 1597 1
1107 1602 1
1107 1625 1
1107 1636 1
1107 1643 1
1107 1688 1
1107 1722 1
1107 1737 1
1107 1874 1
1107 1934 1
1107 1944 1
1107 1971 1
1107 1991 1
1108 1142 1
1108 1177 1
1108 1211 1
1108 1250 1
1108 1274 1
1108 1391 1
1108 1394 1
1108 1401 1
1108 1417 1
1108 1438 1
1108 1479 1
1108 1484 1
1108 1552 1
1108 1555 1
1108 1556 1
1108 1576 1
1108 1667 1
1108 1668 1
1108 1792 1
1108 1793 1
1108 1818 1
1108 1844 1
1108 1874 1
1108 1914 1
1108 1934 1
1108 1945 1
1109 1161 1
1109 1181 1
1109 1213 1
1109 1449 1
1109 1478 1
1109 1491 1
1109 1555 1
1109 1563 1
1109 1573 1
1109 1627 1
1109 1650 1
1109 1660 1
1109 1672 1
1109 1727 1
1109 1749 1
1109 1784 1
1109 1794 1
1109 1807 1
1109 1828 1
1109 1829 1
1109 1862 1
1109 1915 1
1109 1916 1
1109 1939 1
1109 1955 1
1109 1994 1
1110 1149 1
1110 1169 1
1110 1212 1
1110 1229 1
1110 1282 1
1110 1324 1
1110 1346 1
1110 1367 1
1110 1413 1
1110 1439 1
1110 1478 1
1110 1577 1
1110 1591 1
1110 1602 1
1110 1617 1
1110 1666 1
1110 1688 1
1110 1740 1
1110 1746 1
1110 1778 1
1110 1810 1
1110 1839 1
1110 1935 1
1110 1957 1
1110 1990 1
1110 1999 1
1111 1132 1
1111 1134 1
1111 1204 1
1111 1216 1
1111 1233 1
1111 1269 1
1111 1286 1
1111 1304 1
1111 1373 1
1111 1381 1
1111 1396 1
1111 1514 1
1111 1540 1
1111 1552 1
1111 1570 1
1111 1590 1
1111 1595 1
1111 1599 1
1111 1600 1
1111 1637 1
1111 1645 1
1111 1652 1
1111 1725 1
1111 1743 1
1111 1746 1
1111 1771 1
1111 1892 1
1112 1130 1
1112 1241 1
1112 1300 1
1112 1358 1
1112 1409 1
1112 1465 1
1112 1474 1
1112 1507 1
1112 1559 1
1112 1564 1
1112 1598 1
1112 1615 1
1112 1632 1
1112 1653 1
1112 1725 1
1112 1816 1
1112 1845 1
1112 1905 1
1112 1948 1
1112 1959 1
1113 1231 1
1113 1276 1
1113 1321 1
1113 1343 1
1113 1344 1
1113 1357 1
1113 1420 1
1113 1436 1
1113 1568 1
1113 1594 1
1113 1786 1
1113 1815 1
1113 1823 1
1113 1824 1
1113 1879 1
1113 1881 1
1113 1890 1
1113 1895 1
1113 1990 1
1114 1121 1
1114 1154 1
1114 1161 1
1114 1166 1
1114 1224 1
1114 1230 1
1114 1296 1
1114 1350 1
1114 1384 1
1114 1406 1
1114 1438 1
1114 1455 1
1114 1519 1
1114 1550 1
1114 1558 1
1114 1585 1
1114 1703 1
1114 1739 1
1114 1749 1
1114 1816 1
1114 1843 1
1114 1850 1
1114 1914 1
1114 1962 1
1115 1146 1
1115 1150 1
1115 1208 1
1115 1264 1
1115 1335 1
1115 1581 1
1115 1600 1
1115 1610 1
1115 1663 1
1115 1711 1
1115 1802 1
1115 1839 1
1115 1845 1
1115 1848 1
1115 1955 1
1115 1992 1
1116 1152 1
1116 1261 1
1116 1286 1
1116 1317 1
1116 1334 1
1116 1386 1
1116 1404 1
1116 1410 1
1116 1414 1
1116 1417 1
1116 1497 1
1116 1503 1
1116 1516 1
1116 1529 1
1116 1718 1
1116 1781 1
1116 1799 1
1116 1802 1
1116 1818 1
1116 1823 1
1116 1864 1
1116 1991 1
1117 1159 1
1117 1262 1
1117 1283 1
1117 1287 1
1117 1331 1
1117 1465 1
1117 1501 1
1117 1595 1
1117 1666 1
1117 1679 1
1117 1684 1
1117 1723 1
1117 1767 1
1117 1801 1
1117 1823 1
1117 1824 1
1117 1831 1
1117 1886 1
1117 1949 1
1117 1951 1
1117 1963 1
1117 1970 1
1118 1207 1
1118 1208 1
1118 1237 1
1118 1246 1
1118 1291 1
1118 1310 1
1118 1348 1
1118 1384 1
1118 1592 1
1118 1612 1
1118 1633 1
1118 1695 1
1118 1726 1
1118 1754 1
1118 1785 1
1118 1800 1
1118 1840 1
1118 1841 1
1118 1933 1
1118 1944 1
1118 1968 1
1119 1120 1
1119 1143 1
1119 1179 1
1119 1230 1
1119 1240 1
1119 1241 1
1119 1262 1
1119 1263 1
1119 1272 1
1119 1509 1
1119 1565 1
1119 1575 1
1119 1587 1
1119 1642 1
1119 1677 1
1119 1678 1
1119 1679 1
1119 1719 1
1119 1928 1
1119 1943 1
1119 1952 1
1119 1961 1
1119 1962 1
1120 1188 1
1120 1194 1
1120 1230 1
1120 1245 1
1120 1349 1
1120 1398 1
1120 1426 1
1120 1448 1
1120 1471 1
1120 1475 1
1120 1579 1
1120 1627 1
1120 1655 1
1120 1663 1
1120 1705 1
1120 1742 1
1120 1747 1
1120 1785 1
1120 1793 1
1120 1821 1
1120 1836 1
1120 1842 1
1120 1843 1
1120 1984 1
1120 1986 1
1121 1122 1
1121 1136 1
1121 1160 1
1121 1346 1
1121 1363 1
1121 1392 1
1121 1428 1
1121 1444 1
1121 1520 1
1121 1546 1
1121 1586 1
1121 1593 1
1121 1624 1
1121 1729 1
1121 1786 1
1121 1819 1
1121 1834 1
1121 1850 1
1121 1887 1
1121 1917 1
1122 1156 1
1122 1181 1
1122 1257 1
1122 1295 1
1122 1319 1
1122 1376 1
1122 1392 1
1122 1398 1
1122 1401 1
1122 1447 1
1122 1471 1
1122 1502 1
1122 1519 1
1122 1537 1
1122 1546 1
1122 1554 1
1122 1592 1
1122 1672 1
1122 1680 1
1122 1746 1
1122 1752 1
1122 1770 1
1122 1913 1
1122 1914 1
1122 1921 1
1122 1932 1
1123 1184 1
1123 1211 1
1123 1224 1
1123 1226 1
1123 1273 1
1123 1313 1
1123 1355 1
1123 1412 1
1123 1427 1
1123 1489 1
1123 1564 1
1123 1587 1
1123 1594 1
1123 1653 1
1123 1713 1
1123 1784 1
1123 1786 1
1123 1787 1
1123 1805 1
1123 1888 1
1123 1890 1
1123 1965 1
1123 1984 1
1124 1271 1
1124 1287 1
1124 1294 1
1124 1303 1
1124 1346 1
1124 1392 1
1124 1400 1
1124 1434 1
1124 1447 1
1124 1518 1
1124 1521 1
1124 1542 1
1124 1610 1
1124 1633 1
1124 1688 1
1124 1755 1
1124 1759 1
1124 1908 1
1125 1273 1
1125 1294 1
1125 1312 1
1125 1349 1
1125 1358 1
1125 1361 1
1125 1368 1
1125 1384 1
1125 1588 1
1125 1774 1
1125 1776 1
1125 1784 1
1125 1808 1
1125 1852 1
1125 1907 1
1125 1940 1
1126 1145 1
1126 1158 1
1126 1220 1
1126 1333 1
1126 1346 1
1126 1448 1
1126 1520 1
1126 1576 1
1126 1611 1
1126 1782 1
1126 1902 1
1126 1905 1
1126 1941 1
1126 1950 1
1126 1952 1
1126 1992 1
1127 1156 1
1127 1209 1
1127 1245 1
1127 1359 1
1127 1392 1
1127 1427 1
1127 1428 1
1127 1433 1
1127 1436 1
1127 1462 1
1127 1479 1
1127 1540 1
1127 1582 1
1127 1590 1
1127 1676 1
1127 1721 1
1127 1861 1
1127 1956 1
1127 1958 1
1127 1981 1
1128 1153 1
1128 1175 1
1128 1188 1
1128 1221 1
1128 1251 1
1128 1252 1
1128 1255 1
1128 1268 1
1128 1374 1
1128 1442 1
1128 1486 1
1128 1515 1
1128 1538 1
1128 1567 1
1128 1636 1
1128 1663 1
1128 1725 1
1128 1741 1
1128 1762 1
1128 1772 1
1128 1802 1
1128 1806 1
1128 1859 1
1128 1875 1
1128 1897 1
1128 1936 1
1129 1185 1
1129 1229 1
1129 1319 1
1129 1385 1
1129 1423 1
1129 1447 1
1129 1472 1
1129 1473 1
1129 1642 1
1129 1652 1
1129 1680 1
1129 1709 1
1129 1738 1
1129 1750 1
1129 1904 1
1129 1931 1
1130 1134 1
1130 1137 1
1130 1142 1
1130 1144 1
1130 1260 1
1130 1265 1
1130 1282 1
1130 1288 1
1130 1307 1
1130 1319 1
1130 1323 1
1130 1351 1
1130 1387 1
1130 1400 1
1130 1437 1
1130 1522 1
1130 1544 1
1130 1647 1
1130 1658 1
1130 1830 1
1130 1859 1
1130 1902 1
1130 1948 1
1130 1979 1
1131 1173 1
1131 1267 1
1131 1277 1
1131 1291 1
1131 1292 1
1131 1297 1
1131 1298 1
1131 1322 1
1131 1335 1
1131 1344 1
1131 1403 1
1131 1416 1
1131 1496 1
1131 1590 1
1131 1634 1
1131 1674 1
1131 1701 1
1131 1721 1
1131 1736 1
1131 1859 1
1131 1866 1
1131 1877 1
1131 1883 1
1131 1892 1
1131 1895 1
1131 1917 1
1131 1919 1
1132 1262 1
1132 1291 1
1132 1446 1
1132 1462 1
1132 1493 1
1132 1575 1
1132 1589 1
1132 1627 1
1132 1668 1
1132 1716 1
1132 1756 1
1132 1772 1
1132 1877 1
1132 1880 1
1132 1887 1
1132 1935 1
1132 1938 1
1132 1954 1
1132 1999 1
1133 1173 1
1133 1179 1
1133 1215 1
1133 1220 1
1133 1238 1
1133 1239 1
1133 1261 1
1133 1284 1
1133 1342 1
1133 1360 1
1133 1374 1
1133 1378 1
1133 1389 1
1133 1398 1
1133 1402 1
1133 1422 1
1133 1443 1
1133 1449 1
1133 1457 1
1133 1604 1
1133 1639 1
1133 1687 1
1133 1734 1
1133 1750 1
1133 1755 1
1133 1772 1
1133 1773 1
1133 1775 1
1133 1779 1
1133 1822 1
1133 1867 1
1133 1872 1
1133 1917 1
1133 1943 1
1134 1295 1
1134 1310 1
1134 1329 1
1134 1421 1
1134 1426 1
1134 1473 1
1134 1500 1
1134 1586 1
1134 1629 1
1134 1682 1
1134 1683 1
1134 1690 1
1134 1707 1
1134 1770 1
1134 1812 1
1134 1830 1
1134 1836 1
1134 1913 1
1134 1931 1
1135 1153 1
1135 1163 1
1135 1203 1
1135 1215 1
1135 1238 1
1135 1347 1
1135 1395 1
1135 1400 1
1135 1435 1
1135 1438 1
1135 1461 1
1135 1482 1
1135 1501 1
1135 1627 1
1135 1675 1
1135 1711 1
1135 1744 1
1135 1803 1
1135 1809 1
1135 1990 1
1136 1178 1
1136 1371 1
1136 1403 1
1136 1424 1
1136 1501 1
1136 1506 1
1136 1524 1
1136 1553 1
1136 1562 1
1136 1612 1
1136 1632 1
1136 1638 1
1136 1686 1
1136 1696 1
1136 1743 1
1136 1881 1
1136 1887 1
1136 1894 1
1136 1900 1
1136 1925 1
1136 1934 1
1137 1208 1
1137 1249 1
1137 1263 1
1137 1268 1
1137 1363 1
1137 1423 1
1137 1460 1
1137 1495 1
1137 1551 1
1137 1557 1
1137 1591 1
1137 1606 1
1137 1656 1
1137 1700 1
1137 1766 1
1137 1849 1
1137 1860 1
1137 1925 1
1137 1958 1
1137 1980 1
1138 1156 1
1138 1209 1
1138 1211 1
1138 1252 1
1138 1263 1
1138 1267 1
1138 1275 1
1138 1308 1
1138 1309 1
1138 1365 1
1138 1412 1
1138 1543 1
1138 1618 1
1138 1628 1
1138 1639 1
1138 1858 1
1138 1875 1
1138 1923 1
1138 1952 1
1139 1165 1
1139 1186 1
1139 1201 1
1139 1228 1
1139 1233 1
1139 1296 1
1139 1308 1
1139 1331 1
1139 1373 1
1139 1391 1
1139 1395 1
1139 1407 1
1139 1416 1
1139 1460 1
1139 1489 1
1139 1614 1
1139 1684 1
1139 1750 1
1139 1815 1
1139 1878 1
1139 1886 1
1139 1890 1
1139 1901 1
1139 1915 1
1139 1924 1
1139 1977 1
1139 1981 1
1140 1228 1
1140 1360 1
1140 1437 1
1140 1463 1
1140 1504 1
1140 1635 1
1140 1657 1
1140 1666 1
1140 1771 1
1140 1822 1
1140 2000 1
1141 1144 1
1141 1152 1
1141 1254 1
1141 1306 1
1141 1349 1
1141 1396 1
1141 1418 1
1141 1443 1
1141 1483 1
1141 1513 1
1141 1515 1
1141 1538 1
1141 1575 1
1141 1629 1
1141 1696 1
1141 1700 1
1141 1742 1
1141 1893 1
1141 1894 1
1141 1932 1
1141 1951 1
1141 1973 1
1142 1186 1
1142 1239 1
1142 1260 1
1142 1261 1
1142 1283 1
1142 1301 1
1142 1313 1
1142 1393 1
1142 1437 1
1142 1501 1
1142 1512 1
1142 1513 1
1142 1516 1
1142 1529 1
1142 1578 1
1142 1582 1
1142 1592 1
1142 1599 1
1142 1617 1
1142 1679 1
1142 1754 1
1142 1780 1
1142 1798 1
1142 1863 1
1142 1870 1
1142 1872 1
1142 1875 1
1142 1885 1
1142 1898 1
1142 1938 1
1142 1975 1
1143 1148 1
1143 1154 1
1143 1158 1
1143 1181 1
1143 1242 1
1143 1256 1
1143 1283 1
1143 1296 1
1143 1327 1
1143 1406 1
1143 1419 1
1143 1468 1
1143 1546 1
1143 1653 1
1143 1841 1
1143 1876 1
1143 1915 1
1143 1923 1
1143 1984 1
1143 1994 1
1144 1211 1
1144 1219 1
1144 1270 1
1144 1312 1
1144 1319 1
1144 1327 1
1144 1370 1
1144 1374 1
1144 1459 1
1144 1488 1
1144 1598 1
1144 1605 1
1144 1618 1
1144 1655 1
1144 1686 1
1144 1713 1
1144 1763 1
1144 1879 1
1144 1991 1
1145 1196 1
1145 1200 1
1145 1202 1
1145 1255 1
1145 1263 1
1145 1291 1
1145 1357 1
1145 1396 1
1145 1424 1
1145 1430 1
1145 1515 1
1145 1550 1
1145 1621 1
1145 1695 1
1145 1709 1
1145 1769 1
1145 1775 1
1145 1887 1
1145 1937 1
1146 1233 1
1146 1303 1
1146 1312 1
1146 1380 1
1146 1411 1
1146 1562 1
1146 1627 1
1146 1647 1
1146 1811 1
1146 1844 1
1146 1940 1
1146 1948 1
1146 1950 1
1147 1166 1
1147 1178 1
1147 1206 1
1147 1232 1
1147 1293 1
1147 1314 1
1147 1417 1
1147 1420 1
1147 1421 1
1147 1442 1
1147 1469 1
1147 1510 1
1147 1512 1
1147 1542 1
1147 1596 1
1147 1606 1
1147 1659 1
1147 1669 1
1147 1670 1
1147 1693 1
1147 1818 1
1147 1822 1
1147 1884 1
1147 1888 1
1147 1915 1
1148 1198 1
1148 1206 1
1148 1259 1
1148 1277 1
1148 1391 1
1148 1399 1
1148 1428 1
1148 1444 1
1148 1491 1
1148 1514 1
1148 1583 1
1148 1616 1
1148 1623 1
1148 1630 1
1148 1676 1
1148 1679 1
1148 1686 1
1148 1690 1
1148 1754 1
1148 1757 1
1148 1762 1
1148 1827 1
1148 1841 1
1148 1861 1
1148 1873 1
1148 1895 1
1148 1973 1
1149 1263 1
1149 1336 1
1149 1394 1
1149 1435 1
1149 1511 1
1149 1523 1
1149 1535 1
1149 1596 1
1149 1656 1
1149 1804 1
1149 1825 1
1149 1866 1
1149 1870 1
1149 1924 1
1149 1931 1
1149 1938 1
1149 1955 1
1150 1186 1
1150 1197 1
1150 1205 1
1150 1234 1
1150 1277 1
1150 1388 1
1150 1477 1
1150 1554 1
1150 1572 1
1150 1635 1
1150 1641 1
1150 1647 1
1150 1755 1
1150 1756 1
1150 1814 1
1150 1839 1
1150 1858 1
1150 1909 1
1150 1929 1
1150 1952 1
1151 1207 1
1151 1234 1
1151 1240 1
1151 1293 1
1151 1320 1
1151 1403 1
1151 1417 1
1151 1444 1
1151 1534 1
1151 1541 1
1151 1563 1
1151 1564 1
1151 1566 1
1151 1574 1
1151 1629 1
1151 1728 1
1151 1758 1
1151 1798 1
1151 1805 1
1151 1995 1
1152 1190 1
1152 1266 1
1152 1354 1
1152 1397 1
1152 1429 1
1152 1473 1
1152 1528 1
1152 1536 1
1152 1559 1
1152 1578 1
1152 1646 1
1152 1662 1
1152 1675 1
1152 1712 1
1152 1769 1
1152 1862 1
1153 1222 1
1153 1304 1
1153 1327 1
1153 1410 1
1153 1497 1
1153 1523 1
1153 1538 1
1153 1549 1
1153 1558 1
1153 1564 1
1153 1620 1
1153 1653 1
1153 1669 1
1153 1703 1
1153 1761 1
1153 1795 1
1153 1807 1
1153 1816 1
1153 1883 1
1153 1892 1
1153 1976 1
1153 1989 1
1153 1999 1
1154 1224 1
1154 1279 1
1154 1351 1
1154 1436 1
1154 1443 1
1154 1455 1
1154 1491 1
1154 1555 1
1154 1595 1
1154 1601 1
1154 1627 1
1154 1653 1
1154 1659 1
1154 1660 1
1154 1687 1
1154 1688 1
1154 1733 1
1154 1742 1
1154 1768 1
1154 1819 1
1154 1828 1
1154 1878 1
1154 1887 1
1154 1891 1
1154 1911 1
1155 1206 1
1155 1247 1
1155 1273 1
1155 1308 1
1155 1407 1
1155 1419 1
1155 1580 1
1155 1603 1
1155 1752 1
1155 1829 1
1155 1885 1
1155 1888 1
1155 1943 1
1155 1983 1
1156 1195 1
1156 1254 1
1156 1277 1
1156 1346 1
1156 1378 1
1156 1461 1
1156 1507 1
1156 1512 1
1156 1585 1
1156 1587 1
1156 1622 1
1156 1656 1
1156 1689 1
1156 1699 1
1156 1736 1
1156 1754 1
1156 1805 1
1156 1807 1
1156 1852 1
1156 1855 1
1156 1912 1
1156 1927 1
1156 1941 1
1157 1228 1
1157 1259 1
1157 1410 1
1157 1486 1
1157 1579 1
1157 1632 1
1157 1717 1
1157 1755 1
1157 1791 1
1157 1865 1
1157 1897 1
1157 1969 1
1158 1186 1
1158 1204 1
1158 1209 1
1158 1210 1
1158 1297 1
1158 1325 1
1158 1376 1
1158 1409 1
1158 1426 1
1158 1470 1
1158 1540 1
1158 1580 1
1158 1613 1
1158 1742 1
1158 1752 1
1158 1790 1
1158 1924 1
1158 1937 1
1158 1969 1
1159 1207 1
1159 1208 1
1159 1218 1
1159 1269 1
1159 1338 1
1159 1358 1
1159 1423 1
1159 1484 1
1159 1497 1
1159 1518 1
1159 1540 1
1159 1553 1
1159 1570 1
1159 1653 1
1159 1662 1
1159 1678 1
1159 1685 1
1159 1703 1
1159 1716 1
1159 1734 1
1159 1933 1
1159 1948 1
1160 1168 1
1160 1184 1
1160 1185 1
1160 1218 1
1160 1252 1
1160 1297 1
1160 1330 1
1160 1385 1
1160 1461 1
1160 1574 1
1160 1590 1
1160 1591 1
1160 1602 1
1160 1627 1
1160 1735 1
1160 1810 1
1160 1820 1
1160 1831 1
1160 1928 1
1160 1935 1
1160 1936 1
1160 1959 1
1160 1989 1
1160 1991 1
1161 1164 1
1161 1180 1
1161 1196 1
1161 1207 1
1161 1211 1
1161 1278 1
1161 1292 1
1161 1326 1
1161 1438 1
1161 1442 1
1161 1450 1
1161 1489 1
1161 1514 1
1161 1532 1
1161 1561 1
1161 1568 1
1161 1598 1
1161 1669 1
1161 1671 1
1161 1699 1
1161 1913 1
1161 1922 1
1161 1928 1
1162 1221 1
1162 1239 1
1162 1363 1
1162 1434 1
1162 1466 1
1162 1528 1
1162 1541 1
1162 1546 1
1162 1608 1
1162 1625 1
1162 1662 1
1162 1712 1
1162 1794 1
1162 1830 1
1162 1831 1
1162 1872 1
1162 1945 1
1162 1970 1
1163 1170 1
1163 1183 1
1163 1188 1
1163 1194 1
1163 1234 1
1163 1257 1
1163 1264 1
1163 1280 1
1163 1282 1
1163 1290 1
1163 1350 1
1163 1366 1
1163 1376 1
1163 1409 1
1163 1421 1
1163 1462 1
1163 1502 1
1163 1561 1
1163 1799 1
1163 1874 1
1163 1887 1
1163 1893 1
1163 1904 1
1163 1946 1
1163 1983 1
1164 1205 1
1164 1213 1
1164 1232 1
1164 1252 1
1164 1429 1
1164 1527 1
1164 1529 1
1164 1541 1
1164 1577 1
1164 1610 1
1164 1629 1
1164 1678 1
1164 1680 1
1164 1711 1
1164 1744 1
1164 1791 1
1164 1813 1
1164 1867 1
1164 1947 1
1164 1984 1
1165 1197 1
1165 1201 1
1165 1270 1
1165 1295 1
1165 1333 1
1165 1337 1
1165 1392 1
1165 1427 1
1165 1433 1
1165 1495 1
1165 1610 1
1165 1645 1
1165 1678 1
1165 1690 1
1165 1702 1
1165 1756 1
1165 1834 1
1165 1871 1
1165 1901 1
1165 1957 1
1165 1992 1
1166 1238 1
1166 1242 1
1166 1331 1
1166 1393 1
1166 1414 1
1166 1435 1
1166 1450 1
1166 1462 1
1166 1520 1
1166 1573 1
1166 1584 1
1166 1591 1
1166 1608 1
1166 1618 1
1166 1685 1
1166 1783 1
1166 1800 1
1166 1865 1
1166 1919 1
1166 1961 1
1167 1203 1
1167 1211 1
1167 1258 1
1167 1292 1
1167 1293 1
1167 1374 1
1167 1398 1
1167 1486 1
1167 1611 1
1167 1615 1
1167 1650 1
1167 1693 1
1167 1724 1
1167 1928 1
1167 1953 1
1167 1961 1
1167 1996 1
1168 1173 1
1168 1191 1
1168 1228 1
1168 1239 1
1168 1276 1
1168 1283 1
1168 1345 1
1168 1396 1
1168 1418 1
1168 1451 1
1168 1530 1
1168 1537 1
1168 1540 1
1168 1703 1
1168 1757 1
1168 1775 1
1168 1787 1
1168 1813 1
1168 1814 1
1168 1828 1
1168 1840 1
1168 1895 1
1168 1936 1
1169 1182 1
1169 1196 1
1169 1209 1
1169 1220 1
1169 1312 1
1169 1344 1
1169 1480 1
1169 1609 1
1169 1639 1
1169 1642 1
1169 1753 1
1169 1821 1
1169 1863 1
1169 1880 1
1170 1216 1
1170 1222 1
1170 1270 1
1170 1285 1
1170 1309 1
1170 1325 1
1170 1397 1
1170 1518 1
1170 1573 1
1170 1603 1
1170 1604 1
1170 1629 1
1170 1698 1
1170 1733 1
1170 1751 1
1170 1791 1
1170 1821 1
1170 1843 1
1170 1860 1
1170 1887 1
1170 1986 1
1170 1994 1
1171 1172 1
1171 1180 1
1171 1192 1
1171 1201 1
1171 1235 1
1171 1237 1
1171 1307 1
1171 1371 1
1171 1403 1
1171 1410 1
1171 1513 1
1171 1519 1
1171 1579 1
1171 1600 1
1171 1693 1
1171 1704 1
1171 1924 1
1171 1945 1
1171 1961 1
1172 1220 1
1172 1232 1
1172 1398 1
1172 1405 1
1172 1439 1
1172 1530 1
1172 1572 1
1172 1582 1
1172 1597 1
1172 1625 1
1172 1633 1
1172 1730 1
1172 1731 1
1172 1749 1
1172 1784 1
1172 1815 1
1172 1845 1
1172 1921 1
1173 1224 1
1173 1254 1
1173 1265 1
1173 1278 1
1173 1341 1
1173 1345 1
1173 1374 1
1173 1401 1
1173 1450 1
1173 1492 1
1173 1535 1
1173 1562 1
1173 1563 1
1173 1592 1
1173 1599 1
1173 1649 1
1173 1719 1
1173 1755 1
1173 1791 1
1173 1822 1
1173 1891 1
1173 1893 1
1173 1915 1
1173 1917 1
1173 1919 1
1173 1971 1
1173 1976 1
1174 1203 1
1174 1239 1
1174 1292 1
1174 1303 1
1174 1324 1
1174 1378 1
1174 1450 1
1174 1478 1
1174 1515 1
1174 1526 1
1174 1574 1
1174 1657 1
1174 1663 1
1174 1672 1
1174 1678 1
1174 1768 1
1174 1770 1
1174 1779 1
1174 1781 1
1174 1843 1
1174 1852 1
1174 1894 1
1174 1956 1
1174 1977 1
1175 1181 1
1175 1187 1
1175 1197 1
1175 1200 1
1175 1238 1
1175 1246 1
1175 1258 1
1175 1295 1
1175 1328 1
1175 1340 1
1175 1417 1
1175 1487 1
1175 1659 1
1175 1710 1
1175 1730 1
1175 1758 1
1175 1813 1
1175 1882 1
1175 1928 1
1175 1976 1
1176 1183 1
1176 1195 1
1176 1310 1
1176 1322 1
1176 1344 1
1176 1371 1
1176 1456 1
1176 1508 1
1176 1514 1
1176 1551 1
1176 1570 1
1176 1590 1
1176 1596 1
1176 1612 1
1176 1669 1
1176 1796 1
1176 1869 1
1176 1886 1
1176 1916 1
1176 1926 1
1176 1942 1
1176 1947 1
1176 1959 1
1177 1246 1
1177 1277 1
1177 1332 1
1177 1549 1
1177 1584 1
1177 1628 1
1177 1650 1
1177 1662 1
1177 1666 1
1177 1668 1
1177 1823 1
1177 1869 1
1177 1923 1
1178 1384 1
1178 1454 1
1178 1513 1
1178 1589 1
1178 1677 1
1178 1683 1
1178 1720 1
1178 1807 1
1178 1841 1
1178 1845 1
1178 1893 1
1178 1974 1
1179 1236 1
1179 1240 1
1179 1282 1
1179 1308 1
1179 1325 1
1179 1329 1
1179 1392 1
1179 1499 1
1179 1516 1
1179 1531 1
1179 1585 1
1179 1642 1
1179 1681 1
1179 1767 1
1179 1806 1
1179 1850 1
1179 1879 1
1179 1905 1
1179 1910 1
1179 1957 1
1179 1974 1
1180 1243 1
1180 1328 1
1180 1337 1
1180 1350 1
1180 1363 1
1180 1370 1
1180 1398 1
1180 1402 1
1180 1438 1
1180 1480 1
1180 1482 1
1180 1483 1
1180 1484 1
1180 1501 1
1180 1542 1
1180 1608 1
1180 1609 1
1180 1721 1
1180 1743 1
1180 1744 1
1180 1780 1
1180 1907 1
1180 1915 1
1180 1921 1
1180 1960 1
1181 1310 1
1181 1315 1
1181 1348 1
1181 1497 1
1181 1499 1
1181 1561 1
1181 1607 1
1181 1654 1
1181 1698 1
1181 1701 1
1181 1710 1
1181 1756 1
1181 1820 1
1181 1833 1
1181 1954 1
1182 1275 1
1182 1280 1
1182 1283 1
1182 1298 1
1182 1366 1
1182 1392 1
1182 1405 1
1182 1508 1
1182 1538 1
1182 1582 1
1182 1610 1
1182 1714 1
1182 1717 1
1182 1871 1
1182 1883 1
1182 1913 1
1182 1941 1
1183 1221 1
1183 1223 1
1183 1269 1
1183 1307 1
1183 1428 1
1183 1462 1
1183 1463 1
1183 1504 1
1183 1540 1
1183 1545 1
1183 1551 1
1183 1559 1
1183 1615 1
1183 1834 1
1183 1874 1
1183 1885 1
1183 1886 1
1184 1313 1
1184 1471 1
1184 1504 1
1184 1516 1
1184 1538 1
1184 1543 1
1184 1585 1
1184 1614 1
1184 1623 1
1184 1637 1
1184 1668 1
1184 1714 1
1184 1725 1
1184 1731 1
1184 1747 1
1184 1752 1
1184 1799 1
1184 1848 1
1184 1895 1
1184 1966 1
1185 1282 1
1185 1293 1
1185 1342 1
1185 1351 1
1185 1403 1
1185 1426 1
1185 1446 1
1185 1587 1
1185 1597 1
1185 1642 1
1185 1664 1
1185 1667 1
1185 1680 1
1185 1761 1
1185 1844 1
1185 1846 1
1185 1893 1
1185 1898 1
1185 1940 1
1186 1210 1
1186 1249 1
1186 1287 1
1186 1340 1
1186 1381 1
1186 1390 1
1186 1447 1
1186 1513 1
1186 1541 1
1186 1568 1
1186 1595 1
1186 1633 1
1186 1666 1
1186 1671 1
1186 1686 1
1186 1734 1
1186 1744 1
1186 1756 1
1186 1778 1
1186 1782 1
1186 1801 1
1186 1861 1
1186 1871 1
1186 1883 1
1186 1902 1
1186 1933 1
1186 1952 1
1186 1953 1
1187 1195 1
1187 1197 1
1187 1203 1
1187 1241 1
1187 1264 1
1187 1313 1
1187 1325 1
1187 1352 1
1187 1475 1
1187 1481 1
1187 1510 1
1187 1554 1
1187 1564 1
1187 1565 1
1187 1616 1
1187 1673 1
1187 1705 1
1187 1722 1
1187 1851 1
1187 1852 1
1187 1964 1
1187 1974 1
1187 1987 1
1187 1988 1
1187 1995 1
1188 1190 1
1188 1260 1
1188 1306 1
1188 1359 1
1188 1362 1
1188 1394 1
1188 1416 1
1188 1475 1
1188 1496 1
1188 1500 1
1188 1507 1
1188 1541 1
1188 1622 1
1188 1628 1
1188 1665 1
1188 1769 1
1188 1786 1
1188 1822 1
1188 1853 1
1188 1928 1
1188 1936 1
1188 1956 1
1189 1415 1
1189 1421 1
1189 1444 1
1189 1484 1
1189 1507 1
1189 1530 1
1189 1603 1
1189 1638 1
1189 1639 1
1189 1643 1
1189 1689 1
1189 1712 1
1189 1738 1
1189 1742 1
1189 1751 1
1189 1790 1
1189 1900 1
1189 1992 1
1189 1994 1
1190 1250 1
1190 1323 1
1190 1326 1
1190 1371 1
1190 1385 1
1190 1394 1
1190 1424 1
1190 1430 1
1190 1494 1
1190 1571 1
1190 1574 1
1190 1614 1
1190 1644 1
1190 1670 1
1190 1733 1
1190 1785 1
1190 1900 1
1190 1906 1
1190 1966 1
1190 1972 1
1190 1994 1
1191 1210 1
1191 1236 1
1191 1290 1
1191 1326 1
1191 1338 1
1191 1350 1
1191 1417 1
1191 1433 1
1191 1440 1
1191 1453 1
1191 1457 1
1191 1503 1
1191 1592 1
1191 1595 1
1191 1605 1
1191 1608 1
1191 1641 1
1191 1651 1
1191 1721 1
1191 1766 1
1191 1886 1
1191 1902 1
1191 1905 1
1191 1957 1
1191 1995 1
1191 1997 1
1192 1266 1
1192 1279 1
1192 1358 1
1192 1398 1
1192 1452 1
1192 1454 1
1192 1488 1
1192 1682 1
1192 1761 1
1192 1764 1
1192 1767 1
1192 1794 1
1192 1837 1
1192 1865 1
1192 1871 1
1192 1923 1
1192 1962 1
1192 1976 1
1192 1979 1
1193 1207 1
1193 1257 1
1193 1411 1
1193 1504 1
1193 1519 1
1193 1594 1
1193 1642 1
1193 1709 1
1193 1738 1
1193 1787 1
1193 1897 1
1193 1922 1
1193 1939 1
1193 1972 1
1194 1294 1
1194 1347 1
1194 1365 1
1194 1479 1
1194 1549 1
1194 1570 1
1194 1610 1
1194 1624 1
1194 1629 1
1194 1671 1
1194 1715 1
1194 1724 1
1194 1971 1
1194 1996 1
1195 1316 1
1195 1413 1
1195 1456 1
1195 1503 1
1195 1521 1
1195 1568 1
1195 1575 1
1195 1576 1
1195 1598 1
1195 1636 1
1195 1664 1
1195 1712 1
1195 1789 1
1195 1794 1
1195 1835 1
1195 1839 1
1195 1862 1
1195 1884 1
1195 1902 1
1195 1984 1
1196 1228 1
1196 1306 1
1196 1341 1
1196 1437 1
1196 1449 1
1196 1498 1
1196 1549 1
1196 1570 1
1196 1617 1
1196 1669 1
1196 1731 1
1196 1732 1
1196 1748 1
1196 1752 1
1196 1779 1
1196 1820 1
1196 1851 1
1196 1876 1
1196 1898 1
1196 1905 1
1196 1912 1
1196 1951 1
1196 1964 1
1196 1981 1
1196 2000 1
1197 1218 1
1197 1249 1
1197 1276 1
1197 1360 1
1197 1361 1
1197 1393 1
1197 1496 1
1197 1505 1
1197 1609 1
1197 1615 1
1197 1619 1
1197 1686 1
1197 1696 1
1197 1793 1
1197 1801 1
1197 1834 1
1197 1863 1
1197 1883 1
1197 1899 1
1197 1919 1
1197 1992 1
1198 1291 1
1198 1332 1
1198 1380 1
1198 1621 1
1198 1628 1
1198 1631 1
1198 1661 1
1198 1753 1
1198 1819 1
1198 1836 1
1198 1839 1
1198 1848 1
1198 1864 1
1198 1874 1
1198 1934 1
1199 1241 1
1199 1256 1
1199 1349 1
1199 1403 1
1199 1453 1
1199 1506 1
1199 1521 1
1199 1537 1
1199 1553 1
1199 1557 1
1199 1579 1
1199 1641 1
1199 1645 1
1199 1683 1
1199 1692 1
1199 1710 1
1199 1777 1
1199 1807 1
1199 1866 1
1199 1899 1
1200 1222 1
1200 1273 1
1200 1366 1
1200 1373 1
1200 1383 1
1200 1420 1
1200 1478 1
1200 1549 1
1200 1608 1
1200 1631 1
1200 1661 1
1200 1703 1
1200 1744 1
1200 1748 1
1200 1805 1
1200 1809 1
1200 1820 1
1200 1828 1
1200 1832 1
1200 1836 1
1200 1911 1
1201 1220 1
1201 1269 1
1201 1364 1
1201 1370 1
1201 1375 1
1201 1410 1
1201 1436 1
1201 1437 1
1201 1502 1
1201 1586 1
1201 1603 1
1201 1604 1
1201 1673 1
1201 1698 1
1201 1800 1
1201 1912 1
1201 1934 1
1202 1228 1
1202 1289 1
1202 1365 1
1202 1384 1
1202 1396 1
1202 1463 1
1202 1478 1
1202 1535 1
1202 1554 1
1202 1744 1
1202 1752 1
1202 1795 1
1202 1849 1
1202 1901 1
1202 1973 1
1203 1207 1
1203 1325 1
1203 1432 1
1203 1455 1
1203 1486 1
1203 1489 1
1203 1497 1
1203 1521 1
1203 1538 1
1203 1655 1
1203 1673 1
1203 1705 1
1203 1729 1
1203 1779 1
1203 1829 1
1203 1864 1
1203 1877 1
1203 1966 1
1203 1971 1
1204 1206 1
1204 1280 1
1204 1291 1
1204 1438 1
1204 1448 1
1204 1464 1
1204 1471 1
1204 1481 1
1204 1495 1
1204 1510 1
1204 1574 1
1204 1585 1
1204 1593 1
1204 1647 1
1204 1655 1
1204 1677 1
1204 1712 1
1204 1718 1
1204 1757 1
1204 1771 1
1204 1803 1
1204 1894 1
1204 1898 1
1204 1955 1
1204 1974 1
1205 1278 1
1205 1290 1
1205 1304 1
1205 1338 1
1205 1354 1
1205 1391 1
1205 1397 1
1205 1420 1
1205 1451 1
1205 1499 1
1205 1507 1
1205 1554 1
1205 1578 1
1205 1582 1
1205 1688 1
1205 1693 1
1205 1696 1
1205 1771 1
1205 1781 1
1205 1793 1
1205 1842 1
1205 1909 1
1206 1260 1
1206 1301 1
1206 1370 1
1206 1402 1
1206 1413 1
1206 1446 1
1206 1492 1
1206 1557 1
1206 1753 1
1206 1859 1
1206 1916 1
1206 1956 1
1206 1964 1
1206 1978 1
1207 1331 1
1207 1333 1
1207 1342 1
1207 1347 1
1207 1375 1
1207 1376 1
1207 1420 1
1207 1604 1
1207 1711 1
1207 1736 1
1207 1760 1
1207 1765 1
1207 1772 1
1207 1779 1
1207 1807 1
1207 1817 1
1207 1844 1
1207 1845 1
1208 1211 1
1208 1262 1
1208 1283 1
1208 1316 1
1208 1484 1
1208 1488 1
1208 1509 1
1208 1716 1
1208 1761 1
1208 1845 1
1208 1929 1
1208 1941 1
1208 1963 1
1209 1218 1
1209 1226 1
1209 1309 1
1209 1470 1
1209 1500 1
1209 1558 1
1209 1619 1
1209 1741 1
1209 1747 1
1209 1759 1
1209 1768 1
1209 1795 1
1209 1841 1
1209 1897 1
1209 1936 1
1210 1214 1
1210 1357 1
1210 1482 1
1210 1532 1
1210 1533 1
1210 1571 1
1210 1631 1
1210 1634 1
1210 1647 1
1210 1676 1
1210 1721 1
1210 1841 1
1210 1895 1
1210 1944 1
1210 1970 1
1211 1324 1
1211 1331 1
1211 1376 1
1211 1396 1
1211 1518 1
1211 1521 1
1211 1652 1
1211 1657 1
1211 1715 1
1211 1719 1
1211 1725 1
1211 1744 1
1211 1746 1
1211 1814 1
1211 1885 1
1212 1299 1
1212 1364 1
1212 1395 1
1212 1446 1
1212 1573 1
1212 1703 1
1212 1744 1
1212 1761 1
1212 1821 1
1212 1829 1
1212 1879 1
1212 1981 1
1213 1262 1
1213 1266 1
1213 1395 1
1213 1397 1
1213 1476 1
1213 1481 1
1213 1501 1
1213 1599 1
1213 1605 1
1213 1647 1
1213 1746 1
1213 1838 1
1213 1869 1
1213 1913 1
1213 1951 1
1214 1238 1
1214 1271 1
1214 1408 1
1214 1410 1
1214 1459 1
1214 1484 1
1214 1486 1
1214 1502 1
1214 1537 1
1214 1554 1
1214 1593 1
1214 1644 1
1214 1676 1
1214 1728 1
1214 1748 1
1214 1791 1
1214 1884 1
1214 1919 1
1214 1937 1
1214 1952 1
1215 1253 1
1215 1258 1
1215 1259 1
1215 1302 1
1215 1432 1
1215 1446 1
1215 1484 1
1215 1507 1
1215 1539 1
1215 1549 1
1215 1599 1
1215 1627 1
1215 1676 1
1215 1819 1
1215 1822 1
1215 1864 1
1215 1895 1
1215 1907 1
1215 1908 1
1215 1989 1
1216 1225 1
1216 1323 1
1216 1431 1
1216 1432 1
1216 1468 1
1216 1470 1
1216 1508 1
1216 1513 1
1216 1532 1
1216 1588 1
1216 1594 1
1216 1670 1
1216 1697 1
1216 1744 1
1216 1914 1
1216 1922 1
1216 1951 1
1216 1962 1
1216 1967 1
1216 1973 1
1217 1259 1
1217 1293 1
1217 1298 1
1217 1303 1
1217 1354 1
1217 1365 1
1217 1475 1
1217 1480 1
1217 1488 1
1217 1506 1
1217 1626 1
1217 1680 1
1217 1687 1
1217 1688 1
1217 1714 1
1217 1745 1
1217 1749 1
1217 1759 1
1217 1776 1
1217 1813 1
1217 1896 1
1217 1913 1
1217 1963 1
1217 1974 1
1218 1355 1
1218 1360 1
1218 1586 1
1218 1589 1
1218 1626 1
1218 1627 1
1218 1672 1
1218 1827 1
1218 1856 1
1218 1862 1
1218 1882 1
1218 1887 1
1218 1941 1
1219 1275 1
1219 1369 1
1219 1429 1
1219 1531 1
1219 1561 1
1219 1569 1
1219 1595 1
1219 1665 1
1219 1744 1
1219 1827 1
1219 1854 1
1219 1858 1
1219 1866 1
1219 1943 1
1220 1251 1
1220 1259 1
1220 1355 1
1220 1399 1
1220 1412 1
1220 1454 1
1220 1490 1
1220 1502 1
1220 1506 1
1220 1541 1
1220 1588 1
1220 1611 1
1220 1674 1
1220 1703 1
1220 1754 1
1220 1860 1
1220 1879 1
1220 1882 1
1220 1969 1
1221 1282 1
1221 1287 1
1221 1313 1
1221 1317 1
1221 1334 1
1221 1400 1
1221 1437 1
1221 1508 1
1221 1511 1
1221 1519 1
1221 1543 1
1221 1550 1
1221 1560 1
1221 1570 1
1221 1606 1
1221 1657 1
1221 1668 1
1221 1670 1
1221 1708 1
1221 1799 1
1221 1800 1
1221 1872 1
1221 1876 1
1221 1930 1
1221 1949 1
1221 1964 1
1222 1244 1
1222 1268 1
1222 1298 1
1222 1330 1
1222 1337 1
1222 1356 1
1222 1360 1
1222 1426 1
1222 1460 1
1222 1461 1
1222 1462 1
1222 1476 1
1222 1519 1
1222 1557 1
1222 1565 1
1222 1576 1
1222 1632 1
1222 1643 1
1222 1690 1
1222 1694 1
1222 1698 1
1222 1708 1
1222 1716 1
1222 1728 1
1222 1776 1
1222 1832 1
1222 1860 1
1222 1899 1
1222 1932 1
1223 1250 1
1223 1324 1
1223 1329 1
1223 1350 1
1223 1373 1
1223 1431 1
1223 1467 1
1223 1486 1
1223 1495 1
1223 1540 1
1223 1541 1
1223 1613 1
1223 1646 1
1223 1662 1
1223 1674 1
1223 1714 1
1223 1720 1
1223 1722 1
1223 1739 1
1223 1763 1
1223 1822 1
1223 1841 1
1223 1878 1
1223 1977 1
1223 1978 1
1224 1303 1
1224 1332 1
1224 1351 1
1224 1370 1
1224 1377 1
1224 1387 1
1224 1399 1
1224 1404 1
1224 1442 1
1224 1555 1
1224 1618 1
1224 1683 1
1224 1686 1
1224 1854 1
1224 1869 1
1224 1890 1
1224 1940 1
1224 1950 1
1225 1282 1
1225 1324 1
1225 1355 1
1225 1361 1
1225 1368 1
1225 1395 1
1225 1427 1
1225 1459 1
1225 1481 1
1225 1537 1
1225 1549 1
1225 1596 1
1225 1599 1
1225 1634 1
1225 1637 1
1225 1707 1
1225 1714 1
1225 1768 1
1225 1811 1
1225 1821 1
1225 1849 1
1225 1867 1
1225 1893 1
1225 1935 1
1225 1946 1
1226 1337 1
1226 1338 1
1226 1381 1
1226 1395 1
1226 1409 1
1226 1410 1
1226 1579 1
1226 1665 1
1226 1721 1
1226 1739 1
1226 1774 1
1226 1776 1
1226 1845 1
1226 1967 1
1227 1230 1
1227 1306 1
1227 1533 1
1227 1650 1
1227 1676 1
1227 1731 1
1227 1968 1
1228 1292 1
1228 1334 1
1228 1335 1
1228 1347 1
1228 1475 1
1228 1503 1
1228 1536 1
1228 1551 1
1228 1689 1
1228 1715 1
1228 1716 1
1228 1724 1
1228 1725 1
1228 1746 1
1228 1773 1
1228 1781 1
1228 1793 1
1228 1819 1
1228 1839 1
1228 1887 1
1228 1921 1
1228 1927 1
1228 1932 1
1228 1952 1
1228 1954 1
1228 1999 1
1229 1255 1
1229 1371 1
1229 1386 1
1229 1398 1
1229 1422 1
1229 1460 1
1229 1552 1
1229 1558 1
1229 1567 1
1229 1632 1
1229 1648 1
1229 1684 1
1229 1699 1
1229 1703 1
1229 1712 1
1229 1718 1
1229 1765 1
1229 1838 1
1229 1887 1
1229 1893 1
1229 1936 1
1229 1993 1
1229 1994 1
1230 1495 1
1230 1500 1
1230 1570 1
1230 1655 1
1230 1717 1
1230 1810 1
1230 1850 1
1230 1882 1
1230 1902 1
1230 1937 1
1230 1969 1
1230 1998 1
1231 1248 1
1231 1299 1
1231 1326 1
1231 1355 1
1231 1356 1
1231 1408 1
1231 1445 1
1231 1525 1
1231 1642 1
1231 1673 1
1231 1676 1
1231 1695 1
1231 1737 1
1231 1740 1
1231 1775 1
1231 1853 1
1231 1860 1
1231 1884 1
1231 1917 1
1232 1292 1
1232 1311 1
1232 1314 1
1232 1382 1
1232 1398 1
1232 1423 1
1232 1440 1
1232 1472 1
1232 1494 1
1232 1513 1
1232 1633 1
1232 1655 1
1232 1661 1
1232 1679 1
1232 1731 1
1232 1749 1
1232 1772 1
1232 1851 1
1232 1865 1
1232 1866 1
1232 1870 1
1232 1879 1
1232 1941 1
1232 1958 1
1232 1965 1
1233 1335 1
1233 1344 1
1233 1355 1
1233 1401 1
1233 1403 1
1233 1493 1
1233 1631 1
1233 1673 1
1233 1723 1
1233 1761 1
1233 1822 1
1233 1828 1
1234 1270 1
1234 1304 1
1234 1386 1
1234 1462 1
1234 1483 1
1234 1515 1
1234 1566 1
1234 1596 1
1234 1623 1
1234 1651 1
1234 1683 1
1234 1852 1
1234 1872 1
1234 1874 1
1234 1998 1
1235 1242 1
1235 1260 1
1235 1262 1
1235 1338 1
1235 1395 1
1235 1441 1
1235 1474 1
1235 1543 1
1235 1553 1
1235 1690 1
1235 1740 1
1235 1745 1
1235 1779 1
1235 1795 1
1235 1799 1
1235 1835 1
1235 1955 1
1235 1984 1
1235 1999 1
1236 1300 1
1236 1385 1
1236 1429 1
1236 1456 1
1236 1458 1
1236 1603 1
1236 1606 1
1236 1621 1
1236 1634 1
1236 1693 1
1236 1756 1
1236 1815 1
1236 1839 1
1236 1882 1
1236 1899 1
1236 1918 1
1236 1974 1
1237 1253 1
1237 1258 1
1237 1366 1
1237 1421 1
1237 1428 1
1237 1497 1
1237 1596 1
1237 1616 1
1237 1622 1
1237 1659 1
1237 1803 1
1237 1822 1
1237 1828 1
1237 1899 1
1237 1914 1
1237 1966 1
1237 1992 1
1238 1246 1
1238 1294 1
1238 1330 1
1238 1343 1
1238 1486 1
1238 1489 1
1238 1516 1
1238 1541 1
1238 1550 1
1238 1636 1
1238 1640 1
1238 1651 1
1238 1665 1
1238 1683 1
1238 1733 1
1238 1736 1
1238 1737 1
1238 1844 1
1238 1866 1
1238 1879 1
1238 1899 1
1238 1916 1
1238 1928 1
1238 1930 1
1239 1248 1
1239 1289 1
1239 1337 1
1239 1505 1
1239 1509 1
1239 1526 1
1239 1539 1
1239 1593 1
1239 1617 1
1239 1627 1
1239 1726 1
1239 1792 1
1239 1870 1
1239 1878 1
1239 1899 1
1239 1943 1
1239 1989 1
1240 1306 1
1240 1330 1
1240 1341 1
1240 1376 1
1240 1397 1
1240 1425 1
1240 1436 1
1240 1467 1
1240 1468 1
1240 1496 1
1240 1507 1
1240 1520 1
1240 1589 1
1240 1609 1
1240 1618 1
1240 1675 1
1240 1756 1
1240 1805 1
1240 1892 1
1240 1940 1
1240 1946 1
1241 1266 1
1241 1275 1
1241 1290 1
1241 1293 1
1241 1330 1
1241 1397 1
1241 1629 1
1241 1646 1
1241 1678 1
1241 1714 1
1241 1726 1
1241 1738 1
1241 1741 1
1241 1761 1
1241 1765 1
1241 1801 1
1241 1847 1
1241 1859 1
1241 1983 1
1242 1271 1
1242 1277 1
1242 1415 1
1242 1481 1
1242 1655 1
1242 1688 1
1242 1728 1
1242 1773 1
1242 1818 1
1242 1856 1
1242 1890 1
1242 1912 1
1242 1921 1
1243 1259 1
1243 1304 1
1243 1326 1
1243 1378 1
1243 1384 1
1243 1423 1
1243 1434 1
1243 1506 1
1243 1539 1
1243 1543 1
1243 1618 1
1243 1695 1
1243 1710 1
1243 1733 1
1243 1735 1
1243 1842 1
1243 1859 1
1243 1954 1
1243 1959 1
1244 1245 1
1244 1251 1
1244 1278 1
1244 1291 1
1244 1322 1
1244 1337 1
1244 1356 1
1244 1388 1
1244 1507 1
1244 1532 1
1244 1585 1
1244 1586 1
1244 1632 1
1244 1685 1
1244 1714 1
1244 1729 1
1244 1761 1
1244 1800 1
1244 1802 1
1244 1807 1
1244 1824 1
1244 1842 1
1244 1848 1
1244 1871 1
1244 1899 1
1244 1930 1
1244 1931 1
1244 1960 1
1244 1961 1
1244 1978 1
1244 1993 1
1245 1246 1
1245 1263 1
1245 1284 1
1245 1290 1
1245 1293 1
1245 1310 1
1245 1314 1
1245 1387 1
1245 1436 1
1245 1481 1
1245 1482 1
1245 1509 1
1245 1532 1
1245 1598 1
1245 1611 1
1245 1661 1
1245 1663 1
1245 1729 1
1245 1832 1
1245 1880 1
1246 1271 1
1246 1350 1
1246 1357 1
1246 1384 1
1246 1386 1
1246 1581 1
1246 1592 1
1246 1618 1
1246 1662 1
1246 1730 1
1246 1909 1
1247 1257 1
1247 1333 1
1247 1362 1
1247 1396 1
1247 1418 1
1247 1503 1
1247 1516 1
1247 1522 1
1247 1620 1
1247 1629 1
1247 1643 1
1247 1680 1
1247 1715 1
1247 1805 1
1247 1924 1
1247 1945 1
1247 1969 1
1248 1294 1
1248 1324 1
1248 1359 1
1248 1368 1
1248 1418 1
1248 1427 1
1248 1498 1
1248 1567 1
1248 1584 1
1248 1616 1
1248 1664 1
1248 1699 1
1248 1704 1
1248 1711 1
1248 1740 1
1248 1791 1
1248 1832 1
1248 1843 1
1248 1869 1
1248 1906 1
1248 1913 1
1248 1937 1
1248 1943 1
1248 1994 1
1249 1294 1
1249 1300 1
1249 1346 1
1249 1573 1
1249 1709 1
1249 1726 1
1249 1730 1
1249 1761 1
1249 1871 1
1249 1953 1
1249 1994 1
1250 1277 1
1250 1335 1
1250 1342 1
1250 1379 1
1250 1440 1
1250 1481 1
1250 1493 1
1250 1523 1
1250 1573 1
1250 1592 1
1250 1673 1
1250 1775 1
1250 1851 1
1250 1945 1
1250 1960 1
1250 2000 1
1251 1271 1
1251 1283 1
1251 1320 1
1251 1357 1
1251 1372 1
1251 1414 1
1251 1427 1
1251 1451 1
1251 1549 1
1251 1582 1
1251 1609 1
1251 1614 1
1251 1617 1
1251 1646 1
1251 1742 1
1251 1772 1
1251 1776 1
1251 1828 1
1251 1837 1
1251 1995 1
1252 1340 1
1252 1396 1
1252 1426 1
1252 1428 1
1252 1503 1
1252 1511 1
1252 1513 1
1252 1542 1
1252 1582 1
1252 1616 1
1252 1645 1
1252 1812 1
1252 1866 1
1252 1934 1
1252 1962 1
1252 1965 1
1253 1270 1
1253 1341 1
1253 1396 1
1253 1410 1
1253 1415 1
1253 1463 1
1253 1496 1
1253 1541 1
1253 1585 1
1253 1588 1
1253 1611 1
1253 1829 1
1253 1902 1
1254 1285 1
1254 1345 1
1254 1359 1
1254 1382 1
1254 1506 1
1254 1620 1
1254 1623 1
1254 1768 1
1254 1770 1
1254 1812 1
1254 1817 1
1254 1822 1
1254 1853 1
1254 1893 1
1254 1917 1
1254 1957 1
1254 1990 1
1255 1332 1
1255 1368 1
1255 1407 1
1255 1540 1
1255 1609 1
1255 1623 1
1255 1628 1
1255 1705 1
1255 1796 1
1255 1890 1
1255 1939 1
1255 1950 1
1255 1973 1
1255 1984 1
1256 1278 1
1256 1289 1
1256 1319 1
1256 1351 1
1256 1371 1
1256 1373 1
1256 1414 1
1256 1533 1
1256 1577 1
1256 1649 1
1256 1674 1
1256 1698 1
1256 1713 1
1256 1719 1
1256 1844 1
1256 1851 1
1256 1930 1
1256 1987 1
1256 2000 1
1257 1288 1
1257 1515 1
1257 1523 1
1257 1566 1
1257 1591 1
1257 1680 1
1257 1698 1
1257 1715 1
1257 1741 1
1257 1757 1
1257 1759 1
1257 1865 1
1257 1886 1
1257 1957 1
1258 1279 1
1258 1312 1
1258 1322 1
1258 1379 1
1258 1382 1
1258 1387 1
1258 1395 1
1258 1411 1
1258 1480 1
1258 1549 1
1258 1567 1
1258 1573 1
1258 1683 1
1258 1692 1
1258 1743 1
1258 1748 1
1258 1781 1
1258 1839 1
1258 1852 1
1258 1897 1
1259 1297 1
1259 1325 1
1259 1375 1
1259 1391 1
1259 1449 1
1259 1506 1
1259 1532 1
1259 1590 1
1259 1662 1
1259 1701 1
1259 1764 1
1259 1786 1
1259 1813 1
1259 1842 1
1259 1864 1
1260 1452 1
1260 1516 1
1260 1615 1
1260 1668 1
1260 1768 1
1260 1772 1
1260 1800 1
1260 1826 1
1260 1867 1
1260 1893 1
1260 1937 1
1260 1998 1
1261 1401 1
1261 1402 1
1261 1405 1
1261 1410 1
1261 1419 1
1261 1420 1
1261 1464 1
1261 1490 1
1261 1549 1
1261 1581 1
1261 1623 1
1261 1633 1
1261 1660 1
1261 1740 1
1261 1749 1
1261 1800 1
1261 1888 1
1261 1895 1
1261 1962 1
1261 1977 1
1262 1311 1
1262 1403 1
1262 1471 1
1262 1552 1
1262 1591 1
1262 1700 1
1262 1723 1
1262 1732 1
1262 1766 1
1262 1810 1
1262 1846 1
1262 1861 1
1262 1876 1
1262 1949 1
1262 1972 1
1262 1981 1
1262 2000 1
1263 1309 1
1263 1367 1
1263 1388 1
1263 1415 1
1263 1445 1
1263 1466 1
1263 1543 1
1263 1554 1
1263 1557 1
1263 1591 1
1263 1691 1
1263 1715 1
1263 1785 1
1263 1790 1
1263 1800 1
1263 1850 1
1263 1852 1
1264 1301 1
1264 1313 1
1264 1324 1
1264 1339 1
1264 1433 1
1264 1468 1
1264 1483 1
1264 1508 1
1264 1512 1
1264 1566 1
1264 1643 1
1264 1652 1
1264 1666 1
1264 1669 1
1264 1728 1
1264 1749 1
1264 1754 1
1264 1770 1
1264 1774 1
1264 1827 1
1264 1882 1
1264 1957 1
1264 1985 1
1264 1988 1
1265 1284 1
1265 1291 1
1265 1296 1
1265 1302 1
1265 1327 1
1265 1349 1
1265 1358 1
1265 1467 1
1265 1520 1
1265 1522 1
1265 1525 1
1265 1544 1
1265 1560 1
1265 1587 1
1265 1626 1
1265 1627 1
1265 1698 1
1265 1718 1
1265 1719 1
1265 1769 1
1265 1792 1
1265 1935 1
1266 1297 1
1266 1316 1
1266 1317 1
1266 1355 1
1266 1414 1
1266 1429 1
1266 1438 1
1266 1547 1
1266 1592 1
1266 1601 1
1266 1609 1
1266 1613 1
1266 1664 1
1266 1679 1
1266 1704 1
1266 1713 1
1266 1714 1
1266 1807 1
1266 1871 1
1266 1926 1
1266 1958 1
1266 1964 1
1266 1970 1
1267 1289 1
1267 1363 1
1267 1372 1
1267 1402 1
1267 1428 1
1267 1437 1
1267 1441 1
1267 1449 1
1267 1469 1
1267 1484 1
1267 1526 1
1267 1642 1
1267 1652 1
1267 1691 1
1267 1748 1
1267 1775 1
1267 1823 1
1267 1832 1
1267 1840 1
1267 1916 1
1267 1922 1
1267 1938 1
1267 1999 1
1268 1389 1
1268 1398 1
1268 1432 1
1268 1504 1
1268 1507 1
1268 1517 1
1268 1531 1
1268 1570 1
1268 1619 1
1268 1690 1
1268 1719 1
1268 1779 1
1268 1794 1
1268 1848 1
1268 1886 1
1268 1914 1
1268 1978 1
1269 1290 1
1269 1350 1
1269 1444 1
1269 1450 1
1269 1491 1
1269 1516 1
1269 1614 1
1269 1641 1
1269 1651 1
1269 1677 1
1269 1678 1
1269 1702 1
1269 1708 1
1269 1715 1
1269 1718 1
1269 1740 1
1269 1762 1
1269 1778 1
1269 1869 1
1269 1884 1
1269 1948 1
1269 1975 1
1269 1990 1
1269 1994 1
1270 1349 1
1270 1399 1
1270 1487 1
1270 1596 1
1270 1600 1
1270 1726 1
1270 1761 1
1270 1774 1
1270 1803 1
1270 1816 1
1270 1862 1
1270 1888 1
1270 1920 1
1270 1938 1
1270 1972 1
1270 1989 1
1270 1993 1
1271 1280 1
1271 1296 1
1271 1307 1
1271 1310 1
1271 1342 1
1271 1365 1
1271 1388 1
1271 1406 1
1271 1486 1
1271 1561 1
1271 1564 1
1271 1578 1
1271 1619 1
1271 1624 1
1271 1661 1
1271 1691 1
1271 1741 1
1271 1758 1
1271 1811 1
1271 1874 1
1271 1898 1
1271 1995 1
1272 1299 1
1272 1300 1
1272 1318 1
1272 1351 1
1272 1365 1
1272 1397 1
1272 1409 1
1272 1438 1
1272 1496 1
1272 1614 1
1272 1641 1
1272 1667 1
1272 1700 1
1272 1705 1
1272 1714 1
1272 1743 1
1272 1754 1
1272 1812 1
1272 1843 1
1272 1854 1
1272 1913 1
1272 1956 1
1273 1302 1
1273 1311 1
1273 1324 1
1273 1429 1
1273 1463 1
1273 1465 1
1273 1564 1
1273 1567 1
1273 1644 1
1273 1734 1
1273 1786 1
1273 1792 1
1273 1839 1
1273 1893 1
1273 1904 1
1273 1909 1
1273 1956 1
1273 1973 1
1274 1321 1
1274 1443 1
1274 1516 1
1274 1517 1
1274 1558 1
1274 1572 1
1274 1596 1
1274 1680 1
1274 1853 1
1274 1867 1
1274 1916 1
1274 1947 1
1274 1949 1
1274 1951 1
1275 1334 1
1275 1345 1
1275 1360 1
1275 1365 1
1275 1394 1
1275 1405 1
1275 1422 1
1275 1449 1
1275 1467 1
1275 1492 1
1275 1548 1
1275 1653 1
1275 1821 1
1275 1840 1
1275 1861 1
1275 1893 1
1275 1915 1
1275 1948 1
1276 1303 1
1276 1308 1
1276 1345 1
1276 1453 1
1276 1484 1
1276 1485 1
1276 1525 1
1276 1552 1
1276 1643 1
1276 1732 1
1276 1907 1
1276 1997 1
1277 1281 1
1277 1317 1
1277 1358 1
1277 1366 1
1277 1367 1
1277 1387 1
1277 1405 1
1277 1415 1
1277 1454 1
1277 1463 1
1277 1507 1
1277 1560 1
1277 1628 1
1277 1648 1
1277 1676 1
1277 1680 1
1277 1748 1
1277 1755 1
1277 1779 1
1277 1818 1
1277 1852 1
1277 1896 1
1277 1906 1
1278 1294 1
1278 1298 1
1278 1353 1
1278 1354 1
1278 1367 1
1278 1381 1
1278 1438 1
1278 1448 1
1278 1467 1
1278 1494 1
1278 1516 1
1278 1527 1
1278 1569 1
1278 1578 1
1278 1582 1
1278 1602 1
1278 1670 1
1278 1726 1
1278 1773 1
1278 1818 1
1278 1825 1
1278 1844 1
1278 1869 1
1278 1886 1
1278 1913 1
1278 1915 1
1278 1949 1
1278 1955 1
1279 1300 1
1279 1327 1
1279 1390 1
1279 1407 1
1279 1468 1
1279 1530 1
1279 1547 1
1279 1552 1
1279 1666 1
1279 1687 1
1279 1701 1
1279 1716 1
1279 1779 1
1279 1793 1
1279 1846 1
1279 1858 1
1280 1281 1
1280 1337 1
1280 1431 1
1280 1483 1
1280 1485 1
1280 1493 1
1280 1565 1
1280 1567 1
1280 1580 1
1280 1632 1
1280 1648 1
1280 1665 1
1280 1670 1
1280 1718 1
1280 1727 1
1280 1748 1
1280 1756 1
1280 1916 1
1280 1917 1
1280 1925 1
1280 1947 1
1280 1979 1
1281 1404 1
1281 1417 1
1281 1432 1
1281 1458 1
1281 1503 1
1281 1521 1
1281 1602 1
1281 1608 1
1281 1665 1
1281 1765 1
1281 1849 1
1281 1866 1
1281 1929 1
1281 1941 1
1282 1296 1
1282 1330 1
1282 1370 1
1282 1422 1
1282 1433 1
1282 1447 1
1282 1456 1
1282 1520 1
1282 1532 1
1282 1643 1
1282 1681 1
1282 1686 1
1282 1754 1
1282 1769 1
1282 1803 1
1282 1815 1
1282 1860 1
1282 1896 1
1282 1928 1
1282 1954 1
1282 1987 1
1282 1997 1
1283 1296 1
1283 1388 1
1283 1395 1
1283 1407 1
1283 1465 1
1283 1491 1
1283 1519 1
1283 1660 1
1283 1750 1
1283 1830 1
1283 1832 1
1283 1834 1
1283 1840 1
1283 1847 1
1283 1853 1
1283 1883 1
1283 1928 1
1283 1958 1
1284 1305 1
1284 1307 1
1284 1321 1
1284 1333 1
1284 1368 1
1284 1400 1
1284 1434 1
1284 1437 1
1284 1438 1
1284 1459 1
1284 1482 1
1284 1596 1
1284 1689 1
1284 1726 1
1284 1751 1
1284 1770 1
1284 1824 1
1284 1862 1
1284 1866 1
1284 1910 1
1284 1971 1
1285 1364 1
1285 1367 1
1285 1410 1
1285 1594 1
1285 1605 1
1285 1710 1
1285 1717 1
1285 1730 1
1285 1749 1
1285 1863 1
1285 1870 1
1285 1925 1
1285 1951 1
1285 1989 1
1286 1288 1
1286 1309 1
1286 1331 1
1286 1462 1
1286 1465 1
1286 1487 1
1286 1498 1
1286 1513 1
1286 1515 1
1286 1533 1
1286 1568 1
1286 1599 1
1286 1668 1
1286 1712 1
1286 1725 1
1286 1749 1
1286 1892 1
1286 1905 1
1286 1924 1
1286 1935 1
1286 1963 1
1286 1969 1
1286 1998 1
1287 1288 1
1287 1298 1
1287 1451 1
1287 1452 1
1287 1518 1
1287 1546 1
1287 1562 1
1287 1569 1
1287 1606 1
1287 1673 1
1287 1707 1
1287 1755 1
1287 1773 1
1287 1826 1
1287 1846 1
1287 1886 1
1287 1967 1
1288 1297 1
1288 1329 1
1288 1357 1
1288 1397 1
1288 1402 1
1288 1409 1
1288 1431 1
1288 1495 1
1288 1531 1
1288 1533 1
1288 1565 1
1288 1641 1
1288 1651 1
1288 1750 1
1288 1755 1
1288 1792 1
1288 1861 1
1288 1960 1
1288 1973 1
1288 1978 1
1289 1307 1
1289 1380 1
1289 1400 1
1289 1438 1
1289 1440 1
1289 1524 1
1289 1562 1
1289 1567 1
1289 1688 1
1289 1697 1
1289 1719 1
1289 1738 1
1289 1783 1
1289 1827 1
1289 1835 1
1289 1852 1
1289 1890 1
1289 1900 1
1289 1919 1
1290 1317 1
1290 1323 1
1290 1337 1
1290 1405 1
1290 1430 1
1290 1500 1
1290 1619 1
1290 1675 1
1290 1725 1
1290 1814 1
1290 1833 1
1290 1904 1
1291 1310 1
1291 1319 1
1291 1407 1
1291 1434 1
1291 1448 1
1291 1475 1
1291 1529 1
1291 1536 1
1291 1545 1
1291 1600 1
1291 1660 1
1291 1688 1
1291 1743 1
1291 1837 1
1291 1864 1
1291 1887 1
1291 1939 1
1292 1384 1
1292 1393 1
1292 1424 1
1292 1602 1
1292 1721 1
1292 1756 1
1292 1768 1
1292 1807 1
1292 1940 1
1292 1968 1
1293 1295 1
1293 1324 1
1293 1359 1
1293 1388 1
1293 1423 1
1293 1437 1
1293 1457 1
1293 1507 1
1293 1514 1
1293 1521 1
1293 1559 1
1293 1599 1
1293 1602 1
1293 1679 1
1293 1690 1
1293 1696 1
1293 1746 1
1293 1804 1
1293 1809 1
1293 1852 1
1293 1918 1
1293 1939 1
1293 1956 1
1294 1317 1
1294 1366 1
1294 1380 1
1294 1423 1
1294 1443 1
1294 1456 1
1294 1464 1
1294 1502 1
1294 1556 1
1294 1571 1
1294 1592 1
1294 1604 1
1294 1623 1
1294 1661 1
1294 1690 1
1294 1894 1
1294 1908 1
1294 1917 1
1294 1936 1
1294 1993 1
1295 1332 1
1295 1389 1
1295 1492 1
1295 1500 1
1295 1532 1
1295 1556 1
1295 1584 1
1295 1596 1
1295 1645 1
1295 1675 1
1295 1728 1
1295 1744 1
1295 1785 1
1295 1793 1
1295 1882 1
1295 1918 1
1295 1962 1
1295 1975 1
1295 1981 1
1296 1436 1
1296 1582 1
1296 1625 1
1296 1630 1
1296 1672 1
1296 1750 1
1296 1778 1
1296 1803 1
1296 1823 1
1296 1857 1
1296 1888 1
1296 1908 1
1296 1914 1
1296 1937 1
1296 1976 1
1296 1985 1
1297 1308 1
1297 1339 1
1297 1360 1
1297 1395 1
1297 1452 1
1297 1470 1
1297 1563 1
1297 1566 1
1297 1588 1
1297 1603 1
1297 1653 1
1297 1703 1
1297 1710 1
1297 1716 1
1297 1780 1
1297 1794 1
1297 1797 1
1297 1805 1
1297 1813 1
1297 1903 1
1297 1920 1
1297 1997 1
1298 1402 1
1298 1473 1
1298 1494 1
1298 1607 1
1298 1714 1
1298 1735 1
1298 1801 1
1298 1812 1
1298 1853 1
1298 1981 1
1298 1995 1
1299 1324 1
1299 1348 1
1299 1360 1
1299 1385 1
1299 1398 1
1299 1438 1
1299 1513 1
1299 1587 1
1299 1662 1
1299 1664 1
1299 1726 1
1299 1734 1
1299 1753 1
1299 1833 1
1299 1863 1
1299 1871 1
1299 1886 1
1299 1938 1
1299 1964 1
1300 1336 1
1300 1338 1
1300 1371 1
1300 1378 1
1300 1537 1
1300 1541 1
1300 1575 1
1300 1590 1
1300 1601 1
1300 1604 1
1300 1608 1
1300 1628 1
1300 1788 1
1300 1812 1
1300 1858 1
1300 1944 1
1300 1960 1
1300 1992 1
1301 1315 1
1301 1411 1
1301 1461 1
1301 1467 1
1301 1491 1
1301 1531 1
1301 1535 1
1301 1536 1
1301 1543 1
1301 1575 1
1301 1600 1
1301 1640 1
1301 1654 1
1301 1659 1
1301 1717 1
1301 1747 1
1301 1799 1
1301 1811 1
1301 1821 1
1301 1827 1
1301 1844 1
1301 1850 1
1302 1342 1
1302 1391 1
1302 1489 1
1302 1490 1
1302 1572 1
1302 1589 1
1302 1616 1
1302 1754 1
1302 1776 1
1302 1789 1
1302 1794 1
1302 1833 1
1302 1873 1
1302 1914 1
1302 1926 1
1302 1929 1
1302 1947 1
1302 1997 1
1303 1326 1
1303 1332 1
1303 1349 1
1303 1430 1
1303 1456 1
1303 1479 1
1303 1487 1
1303 1652 1
1303 1707 1
1303 1721 1
1303 1723 1
1303 1741 1
1303 1742 1
1303 1760 1
1303 1792 1
1303 1853 1
1303 1864 1
1303 1877 1
1304 1324 1
1304 1356 1
1304 1401 1
1304 1445 1
1304 1461 1
1304 1479 1
1304 1544 1
1304 1671 1
1304 1706 1
1304 1731 1
1304 1919 1
1304 1928 1
1304 1952 1
1305 1351 1
1305 1375 1
1305 1472 1
1305 1480 1
1305 1528 1
1305 1572 1
1305 1624 1
1305 1633 1
1305 1678 1
1305 1682 1
1305 1706 1
1305 1740 1
1305 1823 1
1305 1882 1
1305 1886 1
1305 1957 1
1305 1964 1
1306 1314 1
1306 1323 1
1306 1438 1
1306 1445 1
1306 1458 1
1306 1501 1
1306 1620 1
1306 1723 1
1306 1728 1
1306 1761 1
1306 1806 1
1306 1868 1
1306 1962 1
1306 1969 1
1306 1994 1
1307 1308 1
1307 1315 1
1307 1385 1
1307 1412 1
1307 1436 1
1307 1500 1
1307 1536 1
1307 1559 1
1307 1600 1
1307 1602 1
1307 1622 1
1307 1663 1
1307 1664 1
1307 1673 1
1307 1682 1
1307 1710 1
1307 1806 1
1307 1842 1
1307 1846 1
1307 1865 1
1307 1908 1
1307 1918 1
1307 1934 1
1307 1956 1
1308 1317 1
1308 1325 1
1308 1358 1
1308 1387 1
1308 1597 1
1308 1645 1
1308 1668 1
1308 1687 1
1308 1713 1
1308 1724 1
1308 1954 1
1308 1975 1
1308 1987 1
1309 1312 1
1309 1346 1
1309 1396 1
1309 1406 1
1309 1501 1
1309 1523 1
1309 1537 1
1309 1738 1
1309 1817 1
1309 1893 1
1309 1906 1
1309 1941 1
1310 1340 1
1310 1368 1
1310 1378 1
1310 1398 1
1310 1438 1
1310 1480 1
1310 1503 1
1310 1553 1
1310 1603 1
1310 1658 1
1310 1818 1
1310 1845 1
1310 1869 1
1310 1912 1
1310 1917 1
1310 1972 1
1310 1973 1
1311 1339 1
1311 1426 1
1311 1458 1
1311 1470 1
1311 1474 1
1311 1485 1
1311 1502 1
1311 1520 1
1311 1543 1
1311 1545 1
1311 1644 1
1311 1661 1
1311 1670 1
1311 1677 1
1311 1696 1
1311 1831 1
1311 1853 1
1311 1885 1
1311 1905 1
1311 1909 1
1311 1940 1
1311 1984 1
1312 1316 1
1312 1317 1
1312 1338 1
1312 1355 1
1312 1473 1
1312 1500 1
1312 1503 1
1312 1507 1
1312 1534 1
1312 1586 1
1312 1693 1
1312 1766 1
1312 1789 1
1312 1799 1
1312 1881 1
1312 1885 1
1312 2000 1
1313 1324 1
1313 1331 1
1313 1387 1
1313 1410 1
1313 1524 1
1313 1549 1
1313 1579 1
1313 1585 1
1313 1598 1
1313 1623 1
1313 1689 1
1313 1719 1
1313 1789 1
1313 1851 1
1314 1319 1
1314 1331 1
1314 1358 1
1314 1364 1
1314 1389 1
1314 1417 1
1314 1451 1
1314 1471 1
1314 1480 1
1314 1490 1
1314 1617 1
1314 1630 1
1314 1631 1
1314 1681 1
1314 1823 1
1314 1833 1
1314 1856 1
1314 1886 1
1314 1887 1
1314 1911 1
1314 1951 1
1314 1960 1
1315 1417 1
1315 1434 1
1315 1525 1
1315 1562 1
1315 1619 1
1315 1719 1
1315 1724 1
1315 1777 1
1315 1821 1
1315 1840 1
1315 1864 1
1315 1935 1
1315 1938 1
1315 1945 1
1315 1965 1
1315 1995 1
1316 1358 1
1316 1381 1
1316 1411 1
1316 1470 1
1316 1513 1
1316 1520 1
1316 1542 1
1316 1613 1
1316 1621 1
1316 1682 1
1316 1719 1
1316 1769 1
1316 1861 1
1316 1938 1
1317 1351 1
1317 1377 1
1317 1385 1
1317 1399 1
1317 1436 1
1317 1489 1
1317 1615 1
1317 1617 1
1317 1620 1
1317 1662 1
1317 1670 1
1317 1790 1
1317 1799 1
1317 1831 1
1317 1841 1
1317 1897 1
1317 1915 1
1317 1931 1
1318 1336 1
1318 1338 1
1318 1365 1
1318 1407 1
1318 1415 1
1318 1446 1
1318 1502 1
1318 1561 1
1318 1647 1
1318 1671 1
1318 1763 1
1318 1779 1
1318 1803 1
1318 1848 1
1318 1887 1
1318 1917 1
1318 1920 1
1318 1960 1
1319 1377 1
1319 1382 1
1319 1474 1
1319 1479 1
1319 1483 1
1319 1554 1
1319 1635 1
1319 1689 1
1319 1702 1
1319 1741 1
1319 1844 1
1319 1897 1
1319 1905 1
1319 1967 1
1319 1973 1
1319 1975 1
1319 1990 1
1319 1991 1
1320 1360 1
1320 1372 1
1320 1395 1
1320 1430 1
1320 1513 1
1320 1568 1
1320 1572 1
1320 1585 1
1320 1697 1
1320 1701 1
1320 1736 1
1320 1741 1
1320 1821 1
1320 1826 1
1320 1881 1
1320 1961 1
1321 1368 1
1321 1369 1
1321 1383 1
1321 1399 1
1321 1460 1
1321 1481 1
1321 1486 1
1321 1520 1
1321 1655 1
1321 1710 1
1321 1734 1
1321 1750 1
1321 1756 1
1321 1787 1
1321 1841 1
1321 1853 1
1321 1968 1
1321 1998 1
1322 1344 1
1322 1420 1
1322 1490 1
1322 1560 1
1322 1583 1
1322 1634 1
1322 1695 1
1322 1740 1
1322 1782 1
1322 1812 1
1322 1829 1
1322 1845 1
1322 1928 1
1322 1940 1
1322 1949 1
1323 1447 1
1323 1581 1
1323 1614 1
1323 1656 1
1323 1730 1
1323 1751 1
1323 1780 1
1323 1838 1
1323 1855 1
1323 1974 1
1323 1991 1
1324 1347 1
1324 1396 1
1324 1406 1
1324 1526 1
1324 1547 1
1324 1554 1
1324 1560 1
1324 1569 1
1324 1647 1
1324 1648 1
1324 1650 1
1324 1671 1
1324 1672 1
1324 1673 1
1324 1722 1
1324 1748 1
1324 1754 1
1324 1833 1
1324 1877 1
1324 1878 1
1324 1902 1
1324 1929 1
1324 1935 1
1325 1371 1
1325 1424 1
1325 1487 1
1325 1524 1
1325 1527 1
1325 1593 1
1325 1618 1
1325 1674 1
1325 1701 1
1325 1767 1
1325 1789 1
1325 1803 1
1325 1806 1
1325 1815 1
1325 1852 1
1325 1868 1
1326 1333 1
1326 1355 1
1326 1640 1
1326 1679 1
1326 1732 1
1326 1754 1
1326 1777 1
1326 1780 1
1326 1908 1
1326 1910 1
1326 1919 1
1326 1920 1
1326 1921 1
1326 1933 1
1326 1957 1
1326 1958 1
1327 1332 1
1327 1403 1
1327 1437 1
1327 1474 1
1327 1517 1
1327 1582 1
1327 1605 1
1327 1622 1
1327 1680 1
1327 1683 1
1327 1745 1
1327 1839 1
1327 1868 1
1327 1907 1
1327 1928 1
1327 1942 1
1327 1985 1
1328 1386 1
1328 1449 1
1328 1478 1
1328 1502 1
1328 1549 1
1328 1591 1
1328 1619 1
1328 1633 1
1328 1638 1
1328 1666 1
1328 1669 1
1328 1691 1
1328 1695 1
1328 1828 1
1328 1903 1
1328 1918 1
1328 1991 1
1329 1359 1
1329 1559 1
1329 1565 1
1329 1612 1
1329 1616 1
1329 1644 1
1329 1673 1
1329 1710 1
1329 1735 1
1329 1817 1
1329 1995 1
1329 1999 1
1330 1393 1
1330 1428 1
1330 1496 1
1330 1510 1
1330 1586 1
1330 1651 1
1330 1687 1
1330 1705 1
1330 1718 1
1330 1726 1
1330 1737 1
1330 1752 1
1330 1765 1
1330 1789 1
1330 1797 1
1330 1798 1
1330 1799 1
1330 1819 1
1330 1870 1
1330 1881 1
1330 1946 1
1330 1957 1
1330 1965 1
1330 1986 1
1331 1454 1
1331 1464 1
1331 1525 1
1331 1571 1
1331 1597 1
1331 1627 1
1331 1667 1
1331 1716 1
1331 1719 1
1331 1768 1
1331 1842 1
1331 1887 1
1331 1906 1
1331 1926 1
1331 1982 1
1331 1983 1
1331 1987 1
1332 1418 1
1332 1425 1
1332 1533 1
1332 1631 1
1332 1641 1
1332 1642 1
1332 1724 1
1332 1726 1
1332 1747 1
1332 1763 1
1332 1774 1
1332 1827 1
1332 1860 1
1333 1378 1
1333 1399 1
1333 1415 1
1333 1530 1
1333 1532 1
1333 1585 1
1333 1625 1
1333 1628 1
1333 1755 1
1333 1787 1
1333 1826 1
1333 1857 1
1333 1904 1
1333 1906 1
1333 1946 1
1334 1371 1
1334 1386 1
1334 1417 1
1334 1480 1
1334 1491 1
1334 1509 1
1334 1600 1
1334 1604 1
1334 1795 1
1334 1849 1
1334 1881 1
1334 1946 1
1335 1492 1
1335 1583 1
1335 1613 1
1335 1636 1
1335 1681 1
1335 1690 1
1335 1772 1
1335 1811 1
1335 1821 1
1335 1838 1
1335 1875 1
1335 1907 1
1335 1922 1
1335 1927 1
1336 1412 1
1336 1474 1
1336 1606 1
1336 1609 1
1336 1717 1
1336 1741 1
1336 1819 1
1336 1902 1
1337 1339 1
1337 1356 1
1337 1387 1
1337 1437 1
1337 1438 1
1337 1478 1
1337 1507 1
1337 1547 1
1337 1565 1
1337 1665 1
1337 1691 1
1337 1703 1
1337 1715 1
1337 1727 1
1337 1735 1
1337 1782 1
1337 1805 1
1337 1868 1
1337 1897 1
1337 1912 1
1337 1939 1
1337 1944 1
1337 1946 1
1338 1499 1
1338 1523 1
1338 1616 1
1338 1649 1
1338 1655 1
1338 1793 1
1338 1835 1
1338 1860 1
1338 1862 1
1339 1350 1
1339 1354 1
1339 1448 1
1339 1456 1
1339 1510 1
1339 1512 1
1339 1552 1
1339 1567 1
1339 1593 1
1339 1596 1
1339 1613 1
1339 1617 1
1339 1634 1
1339 1644 1
1339 1669 1
1339 1676 1
1339 1750 1
1339 1832 1
1339 1852 1
1339 1938 1
1339 1962 1
1339 1976 1
1340 1351 1
1340 1412 1
1340 1456 1
1340 1461 1
1340 1464 1
1340 1498 1
1340 1504 1
1340 1562 1
1340 1627 1
1340 1701 1
1340 1753 1
1340 1801 1
1340 1837 1
1340 1899 1
1340 1933 1
1340 1964 1
1341 1365 1
1341 1447 1
1341 1458 1
1341 1515 1
1341 1580 1
1341 1618 1
1341 1619 1
1341 1620 1
1341 1627 1
1341 1640 1
1341 1691 1
1341 1706 1
1341 1726 1
1341 1735 1
1341 1768 1
1341 1770 1
1341 1779 1
1341 1792 1
1341 1828 1
1341 1966 1
1341 1982 1
1341 1993 1
1342 1436 1
1342 1508 1
1342 1527 1
1342 1596 1
1342 1601 1
1342 1616 1
1342 1686 1
1342 1715 1
1342 1739 1
1342 1778 1
1342 1837 1
1342 1883 1
1342 1893 1
1343 1396 1
1343 1409 1
1343 1551 1
1343 1775 1
1343 1821 1
1343 1829 1
1343 1852 1
1343 1881 1
1343 1908 1
1343 1917 1
1343 1947 1
1344 1401 1
1344 1496 1
1344 1531 1
1344 1591 1
1344 1608 1
1344 1617 1
1344 1698 1
1344 1750 1
1344 1770 1
1344 1911 1
1344 1914 1
1344 1930 1
1344 1978 1
1345 1368 1
1345 1402 1
1345 1422 1
1345 1446 1
1345 1480 1
1345 1491 1
1345 1506 1
1345 1543 1
1345 1576 1
1345 1604 1
1345 1663 1
1345 1696 1
1345 1723 1
1345 1736 1
1345 1737 1
1345 1785 1
1345 1810 1
1345 1819 1
1345 1826 1
1345 1933 1
1345 1975 1
1346 1408 1
1346 1492 1
1346 1526 1
1346 1565 1
1346 1566 1
1346 1732 1
1346 1800 1
1346 1808 1
1346 1886 1
1346 1901 1
1346 1936 1
1346 1943 1
1346 1951 1
1347 1501 1
1347 1572 1
1347 1574 1
1347 1621 1
1347 1720 1
1347 1733 1
1347 1776 1
1347 1793 1
1347 1807 1
1347 1839 1
1347 1852 1
1347 1907 1
1347 1910 1
1347 1915 1
1347 1948 1
1348 1405 1
1348 1504 1
1348 1530 1
1348 1586 1
1348 1600 1
1348 1641 1
1348 1651 1
1348 1733 1
1348 1771 1
1348 1792 1
1348 1818 1
1348 1863 1
1348 1894 1
1348 1927 1
1348 1932 1
1349 1575 1
1349 1594 1
1349 1611 1
1349 1623 1
1349 1627 1
1349 1640 1
1349 1686 1
1349 1732 1
1349 1757 1
1349 1766 1
1349 1862 1
1349 1945 1
1349 1946 1
1349 1977 1
1349 1981 1
1349 1997 1
1350 1353 1
1350 1422 1
1350 1481 1
1350 1503 1
1350 1549 1
1350 1588 1
1350 1679 1
1350 1703 1
1350 1717 1
1350 1725 1
1350 1738 1
1350 1744 1
1350 1777 1
1350 1786 1
1350 1928 1
1350 1985 1
1350 1991 1
1350 1999 1
1351 1374 1
1351 1386 1
1351 1555 1
1351 1611 1
1351 1651 1
1351 1761 1
1351 1772 1
1351 1876 1
1351 1879 1
1351 1987 1
1352 1375 1
1352 1393 1
1352 1439 1
1352 1516 1
1352 1529 1
1352 1600 1
1352 1667 1
1352 1733 1
1352 1762 1
1352 1780 1
1352 1789 1
1352 1843 1
1352 1850 1
1352 1959 1
1353 1372 1
1353 1413 1
1353 1415 1
1353 1426 1
1353 1476 1
1353 1503 1
1353 1520 1
1353 1525 1
1353 1588 1
1353 1621 1
1353 1624 1
1353 1651 1
1353 1706 1
1353 1770 1
1353 1801 1
1353 1806 1
1353 1834 1
1353 1855 1
1353 1864 1
1353 1875 1
1353 1919 1
1354 1388 1
1354 1555 1
1354 1566 1
1354 1646 1
1354 1650 1
1354 1707 1
1354 1715 1
1354 1772 1
1354 1778 1
1354 1836 1
1354 1839 1
1354 1843 1
1354 1893 1
1354 1894 1
1354 1949 1
1354 1953 1
1354 1978 1
1355 1427 1
1355 1531 1
1355 1623 1
1355 1681 1
1355 1689 1
1355 1711 1
1355 1738 1
1355 1765 1
1355 1859 1
1355 1929 1
1355 1992 1
1356 1391 1
1356 1398 1
1356 1495 1
1356 1636 1
1356 1648 1
1356 1682 1
1356 1726 1
1356 1806 1
1356 1840 1
1356 1877 1
1356 1982 1
1356 1992 1
1357 1421 1
1357 1431 1
1357 1524 1
1357 1545 1
1357 1559 1
1357 1599 1
1357 1615 1
1357 1652 1
1357 1685 1
1357 1693 1
1357 1735 1
1357 1804 1
1357 1852 1
1357 1900 1
1357 1957 1
1357 1959 1
1358 1392 1
1358 1395 1
1358 1412 1
1358 1419 1
1358 1484 1
1358 1637 1
1358 1663 1
1358 1700 1
1358 1762 1
1358 1778 1
1358 1841 1
1358 1846 1
1359 1362 1
1359 1426 1
1359 1620 1
1359 1680 1
1359 1690 1
1359 1884 1
1359 1936 1
1359 1947 1
1360 1428 1
1360 1430 1
1360 1433 1
1360 1443 1
1360 1468 1
1360 1517 1
1360 1543 1
1360 1615 1
1360 1626 1
1360 1647 1
1360 1660 1
1360 1690 1
1360 1708 1
1360 1776 1
1360 1857 1
1360 1869 1
1360 1990 1
1361 1394 1
1361 1398 1
1361 1436 1
1361 1511 1
1361 1527 1
1361 1579 1
1361 1606 1
1361 1643 1
1361 1653 1
1361 1680 1
1361 1709 1
1361 1736 1
1361 1801 1
1361 1819 1
1361 1853 1
1361 1879 1
1361 1911 1
1361 1963 1
1362 1370 1
1362 1371 1
1362 1467 1
1362 1596 1
1362 1633 1
1362 1687 1
1362 1723 1
1362 1746 1
1362 1755 1
1362 1766 1
1362 1779 1
1362 1909 1
1362 1930 1
1362 1939 1
1362 1945 1
1363 1404 1
1363 1410 1
1363 1493 1
1363 1536 1
1363 1563 1
1363 1602 1
1363 1605 1
1363 1700 1
1363 1724 1
1363 1834 1
1363 1868 1
1363 1891 1
1363 1907 1
1363 1910 1
1363 1971 1
1364 1394 1
1364 1406 1
1364 1487 1
1364 1507 1
1364 1529 1
1364 1562 1
1364 1571 1
1364 1614 1
1364 1616 1
1364 1686 1
1364 1719 1
1364 1849 1
1364 1857 1
1364 1870 1
1364 1903 1
1364 1906 1
1364 1965 1
1364 1969 1
1365 1437 1
1365 1606 1
1365 1609 1
1365 1651 1
1365 1843 1
1365 1885 1
1365 1905 1
1365 1910 1
1365 1954 1
1366 1431 1
1366 1471 1
1366 1519 1
1366 1550 1
1366 1626 1
1366 1754 1
1366 1755 1
1366 1757 1
1366 1772 1
1366 1821 1
1366 1830 1
1366 1846 1
1366 1848 1
1366 1887 1
1366 1914 1
1366 1937 1
1366 1971 1
1367 1407 1
1367 1412 1
1367 1426 1
1367 1440 1
1367 1455 1
1367 1587 1
1367 1604 1
1367 1606 1
1367 1617 1
1367 1637 1
1367 1685 1
1367 1825 1
1367 1883 1
1367 1916 1
1367 1968 1
1367 1987 1
1368 1422 1
1368 1441 1
1368 1465 1
1368 1510 1
1368 1516 1
1368 1560 1
1368 1600 1
1368 1641 1
1368 1781 1
1368 1810 1
1368 1838 1
1368 1841 1
1368 1857 1
1368 1903 1
1368 1922 1
1368 1926 1
1368 1961 1
1368 1977 1
1368 1980 1
1369 1423 1
1369 1459 1
1369 1467 1
1369 1541 1
1369 1590 1
1369 1614 1
1369 1636 1
1369 1640 1
1369 1650 1
1369 1736 1
1369 1738 1
1369 1740 1
1369 1852 1
1369 1876 1
1369 1909 1
1369 1929 1
1369 1952 1
1369 1956 1
1369 1976 1
1369 1985 1
1370 1433 1
1370 1441 1
1370 1517 1
1370 1525 1
1370 1723 1
1370 1779 1
1370 1787 1
1370 1808 1
1370 1817 1
1370 1833 1
1370 1850 1
1370 1937 1
1370 1941 1
1370 1945 1
1370 1957 1
1370 1966 1
1371 1487 1
1371 1587 1
1371 1598 1
1371 1728 1
1371 1734 1
1371 1782 1
1371 1796 1
1371 1799 1
1371 1898 1
1371 1909 1
1371 1932 1
1371 1947 1
1371 1948 1
1372 1385 1
1372 1389 1
1372 1401 1
1372 1417 1
1372 1473 1
1372 1496 1
1372 1530 1
1372 1538 1
1372 1573 1
1372 1575 1
1372 1641 1
1372 1686 1
1372 1750 1
1372 1772 1
1372 1780 1
1372 1832 1
1372 1834 1
1372 1873 1
1372 1878 1
1372 1881 1
1372 1887 1
1372 1927 1
1372 1952 1
1372 1964 1
1372 1991 1
1373 1429 1
1373 1498 1
1373 1533 1
1373 1591 1
1373 1607 1
1373 1855 1
1373 1859 1
1373 1970 1
1373 1980 1
1373 1995 1
1374 1399 1
1374 1480 1
1374 1518 1
1374 1540 1
1374 1545 1
1374 1570 1
1374 1685 1
1374 1690 1
1374 1717 1
1374 1739 1
1374 1763 1
1374 1871 1
1374 1879 1
1374 2000 1
1375 1385 1
1375 1412 1
1375 1423 1
1375 1450 1
1375 1459 1
1375 1479 1
1375 1494 1
1375 1502 1
1375 1506 1
1375 1523 1
1375 1599 1
1375 1628 1
1375 1661 1
1375 1699 1
1375 1732 1
1375 1745 1
1375 1748 1
1375 1823 1
1375 1828 1
1375 1858 1
1375 1909 1
1375 1996 1
1376 1391 1
1376 1397 1
1376 1444 1
1376 1479 1
1376 1571 1
1376 1620 1
1376 1666 1
1376 1667 1
1376 1721 1
1376 1729 1
1376 1751 1
1376 1800 1
1376 1837 1
1376 1838 1
1376 1871 1
1376 1873 1
1376 1885 1
1376 1891 1
1376 1980 1
1377 1406 1
1377 1510 1
1377 1602 1
1377 1625 1
1377 1682 1
1377 1688 1
1377 1693 1
1377 1807 1
1377 1888 1
1377 1894 1
1377 1904 1
1377 1951 1
1377 1969 1
1377 1989 1
1378 1380 1
1378 1488 1
1378 1686 1
1378 1692 1
1378 1746 1
1378 1752 1
1378 1757 1
1378 1767 1
1378 1785 1
1378 1820 1
1378 1822 1
1378 1849 1
1378 1858 1
1378 1886 1
1378 1911 1
1378 1926 1
1379 1389 1
1379 1397 1
1379 1407 1
1379 1468 1
1379 1511 1
1379 1552 1
1379 1588 1
1379 1689 1
1379 1697 1
1379 1771 1
1379 1786 1
1379 1804 1
1379 1827 1
1379 1984 1
1379 1998 1
1380 1394 1
1380 1421 1
1380 1427 1
1380 1515 1
1380 1531 1
1380 1574 1
1380 1617 1
1380 1695 1
1380 1698 1
1380 1717 1
1380 1748 1
1380 1751 1
1380 1754 1
1380 1830 1
1380 1866 1
1380 1892 1
1380 1893 1
1380 1943 1
1380 1979 1
1380 1983 1
1380 1989 1
1381 1397 1
1381 1441 1
1381 1443 1
1381 1459 1
1381 1606 1
1381 1627 1
1381 1677 1
1381 1751 1
1381 1889 1
1381 1902 1
1381 1914 1
1381 1954 1
1381 2000 1
1382 1623 1
1382 1664 1
1382 1698 1
1382 1701 1
1382 1741 1
1382 1742 1
1382 1776 1
1382 1797 1
1382 1823 1
1382 1874 1
1382 1976 1
1382 1983 1
1383 1389 1
1383 1430 1
1383 1480 1
1383 1517 1
1383 1522 1
1383 1552 1
1383 1591 1
1383 1656 1
1383 1664 1
1383 1688 1
1383 1749 1
1383 1787 1
1383 1860 1
1383 1910 1
1383 1919 1
1383 1930 1
1383 1954 1
1383 1967 1
1383 1998 1
1384 1412 1
1384 1454 1
1384 1463 1
1384 1464 1
1384 1571 1
1384 1575 1
1384 1613 1
1384 1637 1
1384 1677 1
1384 1691 1
1384 1697 1
1384 1708 1
1384 1713 1
1384 1714 1
1384 1735 1
1384 1744 1
1384 1777 1
1384 1820 1
1384 1829 1
1384 1868 1
1384 1870 1
1384 1887 1
1384 1914 1
1384 1930 1
1384 1987 1
1385 1408 1
1385 1409 1
1385 1445 1
1385 1483 1
1385 1488 1
1385 1499 1
1385 1578 1
1385 1587 1
1385 1685 1
1385 1768 1
1385 1846 1
1385 1885 1
1385 1908 1
1385 1953 1
1386 1414 1
1386 1417 1
1386 1450 1
1386 1477 1
1386 1486 1
1386 1498 1
1386 1511 1
1386 1516 1
1386 1543 1
1386 1680 1
1386 1684 1
1386 1770 1
1386 1775 1
1386 1784 1
1386 1794 1
1386 1843 1
1386 1915 1
1386 1974 1
1387 1458 1
1387 1463 1
1387 1478 1
1387 1538 1
1387 1630 1
1387 1645 1
1387 1697 1
1387 1715 1
1387 1779 1
1387 1794 1
1387 1855 1
1387 1951 1
1388 1459 1
1388 1467 1
1388 1472 1
1388 1523 1
1388 1590 1
1388 1591 1
1388 1627 1
1388 1786 1
1388 1828 1
1388 1852 1
1388 1944 1
1388 1957 1
1388 1973 1
1389 1502 1
1389 1539 1
1389 1604 1
1389 1629 1
1389 1866 1
1389 1868 1
1389 1891 1
1389 1898 1
1389 1933 1
1389 1963 1
1390 1421 1
1390 1430 1
1390 1433 1
1390 1434 1
1390 1443 1
1390 1456 1
1390 1510 1
1390 1512 1
1390 1532 1
1390 1540 1
1390 1555 1
1390 1577 1
1390 1603 1
1390 1642 1
1390 1829 1
1390 1849 1
1390 1882 1
1390 1909 1
1390 1912 1
1390 1989 1
1391 1392 1
1391 1400 1
1391 1404 1
1391 1410 1
1391 1531 1
1391 1591 1
1391 1630 1
1391 1636 1
1391 1667 1
1391 1690 1
1391 1710 1
1391 1729 1
1391 1735 1
1391 1749 1
1391 1839 1
1391 1842 1
1391 1935 1
1391 1959 1
1391 1977 1
1392 1423 1
1392 1451 1
1392 1459 1
1392 1559 1
1392 1572 1
1392 1595 1
1392 1690 1
1392 1727 1
1392 1755 1
1392 1861 1
1393 1424 1
1393 1432 1
1393 1513 1
1393 1515 1
1393 1531 1
1393 1603 1
1393 1614 1
1393 1718 1
1393 1774 1
1393 1778 1
1393 1888 1
1393 1916 1
1393 1996 1
1394 1415 1
1394 1455 1
1394 1491 1
1394 1504 1
1394 1541 1
1394 1543 1
1394 1568 1
1394 1616 1
1394 1634 1
1394 1712 1
1394 1769 1
1394 1822 1
1394 1855 1
1394 1857 1
1394 1927 1
1394 1963 1
1394 1997 1
1395 1396 1
1395 1448 1
1395 1460 1
1395 1506 1
1395 1579 1
1395 1589 1
1395 1608 1
1395 1633 1
1395 1642 1
1395 1664 1
1395 1676 1
1395 1710 1
1395 1764 1
1395 1767 1
1395 1817 1
1395 1818 1
1395 1878 1
1395 1926 1
1395 1947 1
1395 1981 1
1395 1990 1
1396 1465 1
1396 1524 1
1396 1569 1
1396 1646 1
1396 1677 1
1396 1747 1
1396 1762 1
1396 1773 1
1396 1793 1
1396 1846 1
1396 1853 1
1396 1875 1
1396 1908 1
1396 1916 1
1396 1944 1
1396 1947 1
1396 1987 1
1396 1990 1
1397 1403 1
1397 1418 1
1397 1509 1
1397 1573 1
1397 1601 1
1397 1635 1
1397 1673 1
1397 1748 1
1397 1750 1
1397 1806 1
1397 1828 1
1397 1897 1
1397 1900 1
1397 1948 1
1398 1420 1
1398 1447 1
1398 1453 1
1398 1462 1
1398 1525 1
1398 1526 1
1398 1585 1
1398 1599 1
1398 1622 1
1398 1770 1
1398 1832 1
1398 1862 1
1398 1880 1
1398 1882 1
1398 1895 1
1398 1960 1
1399 1470 1
1399 1474 1
1399 1520 1
1399 1525 1
1399 1534 1
1399 1633 1
1399 1658 1
1399 1846 1
1400 1484 1
1400 1531 1
1400 1562 1
1400 1564 1
1400 1616 1
1400 1630 1
1400 1704 1
1400 1720 1
1400 1742 1
1400 1770 1
1400 1800 1
1400 1818 1
1400 1838 1
1400 1878 1
1400 1901 1
1401 1475 1
1401 1505 1
1401 1585 1
1401 1591 1
1401 1594 1
1401 1624 1
1401 1802 1
1401 1865 1
1402 1456 1
1402 1508 1
1402 1596 1
1402 1599 1
1402 1645 1
1402 1658 1
1402 1665 1
1402 1687 1
1402 1704 1
1402 1748 1
1402 1837 1
1402 1850 1
1402 1884 1
1402 1913 1
1402 1974 1
1402 1977 1
1402 1999 1
1403 1404 1
1403 1435 1
1403 1448 1
1403 1517 1
1403 1521 1
1403 1673 1
1403 1697 1
1403 1755 1
1403 1798 1
1403 1802 1
1403 1841 1
1403 1861 1
1403 1888 1
1403 1915 1
1403 1954 1
1403 1995 1
1404 1524 1
1404 1557 1
1404 1594 1
1404 1625 1
1404 1636 1
1404 1643 1
1404 1655 1
1404 1673 1
1404 1682 1
1404 1773 1
1404 1822 1
1404 1958 1
1405 1408 1
1405 1425 1
1405 1426 1
1405 1463 1
1405 1644 1
1405 1742 1
1405 1759 1
1405 1777 1
1405 1865 1
1405 1867 1
1405 1877 1
1405 1895 1
1405 1904 1
1405 1934 1
1405 1964 1
1405 1991 1
1406 1439 1
1406 1460 1
1406 1486 1
1406 1490 1
1406 1618 1
1406 1632 1
1406 1657 1
1406 1674 1
1406 1689 1
1406 1691 1
1406 1730 1
1406 1814 1
1406 1848 1
1406 1894 1
1406 1909 1
1406 1913 1
1407 1434 1
1407 1485 1
1407 1495 1
1407 1501 1
1407 1621 1
1407 1652 1
1407 1744 1
1407 1783 1
1407 1821 1
1407 1862 1
1407 1866 1
1407 1872 1
1407 1888 1
1407 1938 1
1408 1469 1
1408 1477 1
1408 1533 1
1408 1547 1
1408 1557 1
1408 1623 1
1408 1629 1
1408 1649 1
1408 1685 1
1408 1728 1
1408 1796 1
1408 1809 1
1408 1820 1
1408 1880 1
1408 1908 1
1408 1943 1
1408 1973 1
1408 1988 1
1409 1488 1
1409 1689 1
1409 1720 1
1409 1724 1
1409 1774 1
1409 1793 1
1409 1802 1
1409 1864 1
1409 1907 1
1409 1942 1
1410 1413 1
1410 1423 1
1410 1434 1
1410 1464 1
1410 1466 1
1410 1609 1
1410 1683 1
1410 1799 1
1410 1816 1
1410 1866 1
1410 1901 1
1410 1928 1
1411 1437 1
1411 1509 1
1411 1549 1
1411 1585 1
1411 1590 1
1411 1595 1
1411 1601 1
1411 1691 1
1411 1783 1
1411 1837 1
1411 1859 1
1411 1904 1
1411 1906 1
1411 1920 1
1411 1922 1
1412 1448 1
1412 1452 1
1412 1458 1
1412 1513 1
1412 1514 1
1412 1536 1
1412 1571 1
1412 1578 1
1412 1619 1
1412 1770 1
1412 1975 1
1412 1980 1
1412 1983 1
1413 1415 1
1413 1483 1
1413 1519 1
1413 1527 1
1413 1551 1
1413 1559 1
1413 1619 1
1413 1667 1
1413 1680 1
1413 1687 1
1413 1714 1
1413 1727 1
1413 1743 1
1413 1862 1
1413 1903 1
1414 1435 1
1414 1441 1
1414 1570 1
1414 1588 1
1414 1632 1
1414 1757 1
1414 1798 1
1414 1881 1
1414 1930 1
1414 1951 1
1415 1656 1
1415 1666 1
1415 1673 1
1415 1705 1
1415 1708 1
1415 1750 1
1415 1757 1
1415 1843 1
1415 1860 1
1415 1894 1
1415 1911 1
1415 1963 1
1415 1976 1
1416 1445 1
1416 1467 1
1416 1518 1
1416 1530 1
1416 1587 1
1416 1599 1
1416 1624 1
1416 1640 1
1416 1653 1
1416 1690 1
1416 1751 1
1416 1752 1
1416 1764 1
1416 1775 1
1416 1805 1
1416 1839 1
1416 1877 1
1416 1896 1
1416 1921 1
1416 1926 1
1416 1930 1
1417 1425 1
1417 1427 1
1417 1465 1
1417 1484 1
1417 1505 1
1417 1533 1
1417 1572 1
1417 1627 1
1417 1675 1
1417 1685 1
1417 1712 1
1417 1735 1
1417 1739 1
1417 1810 1
1417 1822 1
1417 1886 1
1418 1421 1
1418 1450 1
1418 1475 1
1418 1495 1
1418 1565 1
1418 1567 1
1418 1581 1
1418 1585 1
1418 1615 1
1418 1763 1
1418 1796 1
1418 1873 1
1418 1908 1
1418 1961 1
1418 1988 1
1419 1435 1
1419 1453 1
1419 1456 1
1419 1492 1
1419 1556 1
1419 1581 1
1419 1587 1
1419 1599 1
1419 1621 1
1419 1653 1
1419 1661 1
1419 1763 1
1419 1783 1
1419 1790 1
1419 1796 1
1419 1830 1
1419 1849 1
1419 1879 1
1419 1893 1
1419 1955 1
1420 1429 1
1420 1457 1
1420 1503 1
1420 1629 1
1420 1658 1
1420 1796 1
1420 1849 1
1420 1969 1
1421 1458 1
1421 1504 1
1421 1537 1
1421 1574 1
1421 1612 1
1421 1661 1
1421 1791 1
1421 1911 1
1421 1949 1
1421 1957 1
1421 1960 1
1421 1974 1
1421 1994 1
1422 1467 1
1422 1471 1
1422 1482 1
1422 1485 1
1422 1533 1
1422 1639 1
1422 1640 1
1422 1774 1
1422 1875 1
1422 1876 1
1422 1883 1
1422 1955 1
1423 1443 1
1423 1452 1
1423 1497 1
1423 1616 1
1423 1638 1
1423 1666 1
1423 1705 1
1423 1750 1
1423 1759 1
1423 1842 1
1423 1904 1
1423 1924 1
1423 1938 1
1423 1942 1
1423 1945 1
1423 1993 1
1424 1427 1
1424 1472 1
1424 1485 1
1424 1489 1
1424 1526 1
1424 1553 1
1424 1562 1
1424 1563 1
1424 1589 1
1424 1603 1
1424 1619 1
1424 1620 1
1424 1675 1
1424 1701 1
1424 1734 1
1424 1735 1
1424 1782 1
1424 1903 1
1424 1922 1
1425 1458 1
1425 1468 1
1425 1538 1
1425 1543 1
1425 1602 1
1425 1607 1
1425 1688 1
1425 1730 1
1425 1745 1
1425 1790 1
1425 1811 1
1425 1883 1
1426 1429 1
1426 1431 1
1426 1436 1
1426 1506 1
1426 1555 1
1426 1619 1
1426 1622 1
1426 1724 1
1426 1823 1
1426 1943 1
1427 1432 1
1427 1436 1
1427 1443 1
1427 1485 1
1427 1486 1
1427 1493 1
1427 1529 1
1427 1569 1
1427 1609 1
1427 1647 1
1427 1673 1
1427 1676 1
1427 1689 1
1427 1713 1
1427 1718 1
1427 1745 1
1427 1805 1
1427 1812 1
1427 1857 1
1427 1864 1
1427 1885 1
1427 1912 1
1427 1979 1
1427 1982 1
1428 1483 1
1428 1485 1
1428 1541 1
1428 1566 1
1428 1582 1
1428 1610 1
1428 1687 1
1428 1693 1
1428 1694 1
1428 1772 1
1428 1800 1
1428 1807 1
1428 1815 1
1428 1877 1
1428 1891 1
1428 1901 1
1428 1968 1
1428 1985 1
1428 1995 1
1429 1469 1
1429 1491 1
1429 1554 1
1429 1567 1
1429 1591 1
1429 1635 1
1429 1666 1
1429 1714 1
1429 1750 1
1429 1766 1
1429 1779 1
1429 1797 1
1429 1855 1
1429 1869 1
1429 1879 1
1429 1906 1
1429 1944 1
1429 1951 1
1430 1471 1
1430 1494 1
1430 1499 1
1430 1500 1
1430 1568 1
1430 1771 1
1430 1838 1
1430 1884 1
1430 1892 1
1430 1967 1
1431 1451 1
1431 1452 1
1431 1494 1
1431 1520 1
1431 1535 1
1431 1583 1
1431 1631 1
1431 1646 1
1431 1697 1
1431 1716 1
1431 1744 1
1431 1789 1
1431 1837 1
1431 1862 1
1431 1867 1
1431 1871 1
1431 1874 1
1431 1899 1
1431 1915 1
1431 1957 1
1432 1464 1
1432 1509 1
1432 1689 1
1432 1723 1
1432 1739 1
1432 1756 1
1432 1759 1
1432 1859 1
1432 1897 1
1432 1912 1
1432 1929 1
1432 1969 1
1432 1975 1
1433 1443 1
1433 1445 1
1433 1473 1
1433 1526 1
1433 1548 1
1433 1554 1
1433 1556 1
1433 1719 1
1433 1768 1
1433 1924 1
1433 1934 1
1433 1979 1
1433 1983 1
1434 1448 1
1434 1468 1
1434 1487 1
1434 1500 1
1434 1504 1
1434 1551 1
1434 1584 1
1434 1615 1
1434 1696 1
1434 1776 1
1434 1828 1
1434 1833 1
1434 1855 1
1434 1864 1
1434 1915 1
1434 1974 1
1434 1991 1
1435 1457 1
1435 1508 1
1435 1527 1
1435 1644 1
1435 1677 1
1435 1781 1
1435 1809 1
1435 1815 1
1435 1830 1
1435 1859 1
1435 1887 1
1435 1955 1
1435 1988 1
1435 1997 1
1436 1525 1
1436 1552 1
1436 1620 1
1436 1736 1
1436 1780 1
1436 1823 1
1436 1844 1
1436 1873 1
1436 1880 1
1436 1884 1
1436 1892 1
1436 1920 1
1436 1924 1
1437 1443 1
1437 1498 1
1437 1558 1
1437 1562 1
1437 1619 1
1437 1676 1
1437 1739 1
1437 1763 1
1437 1796 1
1437 1814 1
1437 1822 1
1437 1981 1
1438 1483 1
1438 1509 1
1438 1531 1
1438 1629 1
1438 1635 1
1438 1666 1
1438 1683 1
1438 1686 1
1438 1720 1
1438 1750 1
1438 1789 1
1438 1822 1
1438 1830 1
1438 1894 1
1438 1909 1
1439 1444 1
1439 1461 1
1439 1504 1
1439 1551 1
1439 1573 1
1439 1636 1
1439 1771 1
1439 1814 1
1439 1869 1
1439 1891 1
1439 1892 1
1439 1907 1
1439 1930 1
1439 1956 1
1439 1957 1
1440 1555 1
1440 1567 1
1440 1612 1
1440 1693 1
1440 1864 1
1440 1942 1
1440 1944 1
1440 1968 1
1440 1975 1
1441 1463 1
1441 1470 1
1441 1485 1
1441 1576 1
1441 1591 1
1441 1690 1
1441 1727 1
1441 1778 1
1441 1784 1
1441 1789 1
1441 1793 1
1441 1796 1
1441 1811 1
1441 1837 1
1441 1879 1
1441 1909 1
1442 1500 1
1442 1547 1
1442 1676 1
1442 1769 1
1442 1802 1
1442 1819 1
1442 1934 1
1442 1948 1
1442 1973 1
1443 1472 1
1443 1502 1
1443 1512 1
1443 1576 1
1443 1597 1
1443 1731 1
1443 1763 1
1443 1768 1
1443 1804 1
1443 1808 1
1443 1813 1
1443 1860 1
1443 1902 1
1443 1984 1
1444 1445 1
1444 1452 1
1444 1479 1
1444 1523 1
1444 1551 1
1444 1588 1
1444 1614 1
1444 1629 1
1444 1635 1
1444 1670 1
1444 1755 1
1444 1756 1
1444 1807 1
1444 1810 1
1444 1812 1
1444 1815 1
1444 1857 1
1444 1900 1
1444 1982 1
1445 1467 1
1445 1518 1
1445 1553 1
1445 1574 1
1445 1631 1
1445 1663 1
1445 1680 1
1445 1695 1
1445 1724 1
1445 1792 1
1445 1815 1
1445 1879 1
1445 1882 1
1445 1887 1
1445 1933 1
1445 1949 1
1445 1979 1
1446 1487 1
1446 1520 1
1446 1548 1
1446 1566 1
1446 1599 1
1446 1654 1
1446 1692 1
1446 1720 1
1446 1747 1
1446 1862 1
1446 1871 1
1446 1875 1
1446 1932 1
1447 1453 1
1447 1478 1
1447 1562 1
1447 1575 1
1447 1683 1
1447 1690 1
1447 1744 1
1447 1757 1
1447 1774 1
1447 1786 1
1447 1871 1
1447 1978 1
1447 1983 1
1448 1464 1
1448 1555 1
1448 1563 1
1448 1619 1
1448 1666 1
1448 1691 1
1448 1720 1
1448 1757 1
1448 1788 1
1448 1868 1
1448 1871 1
1448 1976 1
1449 1478 1
1449 1489 1
1449 1504 1
1449 1509 1
1449 1518 1
1449 1565 1
1449 1609 1
1449 1645 1
1449 1695 1
1449 1713 1
1449 1888 1
1449 1896 1
1449 1908 1
1449 1918 1
1449 1950 1
1450 1534 1
1450 1649 1
1450 1670 1
1450 1680 1
1450 1690 1
1450 1701 1
1450 1727 1
1450 1757 1
1450 1817 1
1450 1863 1
1450 1866 1
1450 1927 1
1450 1972 1
1451 1464 1
1451 1495 1
1451 1575 1
1451 1591 1
1451 1640 1
1451 1651 1
1451 1685 1
1451 1844 1
1451 1936 1
1451 1940 1
1452 1454 1
1452 1478 1
1452 1520 1
1452 1525 1
1452 1526 1
1452 1575 1
1452 1587 1
1452 1716 1
1452 1776 1
1452 1795 1
1452 1804 1
1452 1807 1
1452 1843 1
1452 1900 1
1452 1937 1
1452 1990 1
1453 1471 1
1453 1499 1
1453 1507 1
1453 1530 1
1453 1568 1
1453 1593 1
1453 1675 1
1453 1769 1
1453 1791 1
1453 1828 1
1453 1834 1
1453 1843 1
1453 1861 1
1453 1876 1
1453 1977 1
1453 1984 1
1454 1469 1
1454 1491 1
1454 1493 1
1454 1516 1
1454 1544 1
1454 1601 1
1454 1672 1
1454 1700 1
1454 1752 1
1454 1821 1
1454 1852 1
1454 1876 1
1454 1898 1
1454 1930 1
1454 1932 1
1455 1481 1
1455 1517 1
1455 1525 1
1455 1613 1
1455 1628 1
1455 1657 1
1455 1664 1
1455 1707 1
1455 1715 1
1455 1759 1
1455 1764 1
1455 1787 1
1455 1799 1
1455 1867 1
1455 1880 1
1455 1911 1
1455 1916 1
1455 1960 1
1455 1978 1
1455 1987 1
1456 1468 1
1456 1549 1
1456 1595 1
1456 1709 1
1456 1837 1
1456 1946 1
1456 1959 1
1456 1960 1
1457 1470 1
1457 1478 1
1457 1498 1
1457 1515 1
1457 1537 1
1457 1557 1
1457 1567 1
1457 1576 1
1457 1607 1
1457 1609 1
1457 1630 1
1457 1713 1
1457 1728 1
1457 1845 1
1457 1896 1
1457 1943 1
1457 1944 1
1457 1971 1
1458 1486 1
1458 1487 1
1458 1508 1
1458 1560 1
1458 1627 1
1458 1678 1
1458 1685 1
1458 1723 1
1458 1726 1
1458 1743 1
1458 1783 1
1458 1834 1
1458 1841 1
1458 1870 1
1458 1881 1
1459 1622 1
1459 1743 1
1459 1760 1
1459 1791 1
1459 1822 1
1459 1849 1
1459 1854 1
1459 1894 1
1459 1955 1
1459 1959 1
1460 1463 1
1460 1476 1
1460 1592 1
1460 1642 1
1460 1682 1
1460 1690 1
1460 1740 1
1460 1777 1
1460 1872 1
1460 1940 1
1460 1952 1
1460 1967 1
1460 1971 1
1461 1478 1
1461 1515 1
1461 1517 1
1461 1547 1
1461 1659 1
1461 1660 1
1461 1694 1
1461 1782 1
1461 1892 1
1461 1945 1
1461 1948 1
1461 1985 1
1462 1484 1
1462 1515 1
1462 1587 1
1462 1594 1
1462 1619 1
1462 1708 1
1462 1746 1
1462 1758 1
1462 1765 1
1462 1778 1
1462 1800 1
1462 1815 1
1462 1880 1
1462 1916 1
1462 1987 1
1462 1995 1
1463 1487 1
1463 1496 1
1463 1557 1
1463 1580 1
1463 1595 1
1463 1622 1
1463 1647 1
1463 1731 1
1463 1736 1
1463 1779 1
1463 1788 1
1463 1875 1
1463 1884 1
1463 1915 1
1463 1942 1
1464 1551 1
1464 1705 1
1464 1768 1
1464 1879 1
1464 1931 1
1464 1948 1
1464 1957 1
1464 1989 1
1465 1544 1
1465 1561 1
1465 1585 1
1465 1604 1
1465 1644 1
1465 1774 1
1465 1800 1
1465 1851 1
1465 1902 1
1465 1950 1
1465 1979 1
1466 1527 1
1466 1532 1
1466 1557 1
1466 1578 1
1466 1606 1
1466 1661 1
1466 1737 1
1466 1774 1
1466 1847 1
1466 1857 1
1466 1931 1
1467 1480 1
1467 1484 1
1467 1558 1
1467 1565 1
1467 1579 1
1467 1594 1
1467 1640 1
1467 1832 1
1467 1884 1
1467 1889 1
1468 1592 1
1468 1598 1
1468 1626 1
1468 1639 1
1468 1696 1
1468 1698 1
1468 1747 1
1468 1826 1
1468 1829 1
1468 1845 1
1468 1922 1
1468 1949 1
1468 1964 1
1468 1989 1
1469 1493 1
1469 1508 1
1469 1515 1
1469 1559 1
1469 1619 1
1469 1626 1
1469 1696 1
1469 1730 1
1469 1802 1
1469 1861 1
1469 1871 1
1469 1883 1
1469 1929 1
1469 1931 1
1469 1959 1
1469 1990 1
1470 1471 1
1470 1563 1
1470 1699 1
1470 1797 1
1470 1861 1
1470 1891 1
1470 1897 1
1470 1957 1
1471 1479 1
1471 1491 1
1471 1513 1
1471 1521 1
1471 1524 1
1471 1544 1
1471 1614 1
1471 1655 1
1471 1702 1
1471 1757 1
1471 1777 1
1471 1829 1
1471 1937 1
1471 1957 1
1471 1963 1
1472 1509 1
1472 1541 1
1472 1551 1
1472 1553 1
1472 1579 1
1472 1646 1
1472 1712 1
1472 1779 1
1472 1803 1
1472 1841 1
1472 1857 1
1472 1894 1
1473 1474 1
1473 1492 1
1473 1538 1
1473 1556 1
1473 1563 1
1473 1587 1
1473 1709 1
1473 1721 1
1473 1857 1
1473 1861 1
1473 1905 1
1473 1947 1
1474 1494 1
1474 1581 1
1474 1620 1
1474 1638 1
1474 1648 1
1474 1662 1
1474 1781 1
1474 1876 1
1474 1965 1
1475 1559 1
1475 1597 1
1475 1598 1
1475 1642 1
1475 1654 1
1475 1705 1
1475 1788 1
1475 1805 1
1475 1862 1
1475 1894 1
1475 1896 1
1476 1600 1
1476 1609 1
1476 1647 1
1476 1650 1
1476 1848 1
1477 1499 1
1477 1506 1
1477 1525 1
1477 1601 1
1477 1644 1
1477 1667 1
1477 1670 1
1477 1754 1
1477 1760 1
1477 1798 1
1477 1799 1
1477 1801 1
1477 1826 1
1477 1839 1
1477 1853 1
1477 1858 1
1477 1927 1
1477 1995 1
1477 1996 1
1478 1530 1
1478 1623 1
1478 1719 1
1478 1742 1
1478 1783 1
1478 1797 1
1478 1837 1
1478 1846 1
1478 1868 1
1478 1874 1
1478 1875 1
1478 1901 1
1478 1919 1
1478 1933 1
1478 1952 1
1478 1956 1
1478 1990 1
1479 1517 1
1479 1518 1
1479 1656 1
1479 1712 1
1479 1722 1
1479 1741 1
1479 1778 1
1479 1830 1
1479 1852 1
1479 1875 1
1479 1876 1
1479 1892 1
1480 1523 1
1480 1534 1
1480 1565 1
1480 1573 1
1480 1597 1
1480 1614 1
1480 1639 1
1480 1665 1
1480 1669 1
1480 1690 1
1480 1701 1
1480 1713 1
1480 1731 1
1480 1740 1
1480 1745 1
1480 1826 1
1480 1855 1
1480 1857 1
1480 1866 1
1480 1914 1
1480 1930 1
1480 1964 1
1481 1482 1
1481 1548 1
1481 1602 1
1481 1620 1
1481 1658 1
1481 1719 1
1481 1765 1
1481 1793 1
1481 1873 1
1481 1902 1
1481 1983 1
1482 1515 1
1482 1533 1
1482 1552 1
1482 1564 1
1482 1642 1
1482 1643 1
1482 1644 1
1482 1674 1
1482 1695 1
1482 1701 1
1482 1743 1
1482 1888 1
1482 1906 1
1482 1927 1
1482 1932 1
1482 1933 1
1482 1967 1
1483 1514 1
1483 1530 1
1483 1622 1
1483 1691 1
1483 1761 1
1483 1818 1
1483 1870 1
1483 1882 1
1483 1885 1
1483 1999 1
1484 1487 1
1484 1632 1
1484 1677 1
1484 1691 1
1484 1745 1
1484 1763 1
1484 1837 1
1484 1865 1
1484 1924 1
1484 1933 1
1484 1953 1
1484 1987 1
1485 1565 1
1485 1568 1
1485 1574 1
1485 1591 1
1485 1627 1
1485 1628 1
1485 1665 1
1485 1780 1
1485 1781 1
1485 1796 1
1485 1804 1
1485 1862 1
1485 1864 1
1485 1931 1
1486 1497 1
1486 1550 1
1486 1593 1
1486 1642 1
1486 1658 1
1486 1685 1
1486 1686 1
1486 1829 1
1486 1844 1
1486 1858 1
1486 1862 1
1486 1926 1
1486 1960 1
1486 1961 1
1486 1972 1
1486 1993 1
1486 1995 1
1487 1576 1
1487 1602 1
1487 1763 1
1487 1779 1
1487 1791 1
1487 1823 1
1487 1866 1
1487 1907 1
1487 1950 1
1487 1961 1
1487 1966 1
1487 1988 1
1487 1999 1
1488 1509 1
1488 1546 1
1488 1594 1
1488 1596 1
1488 1642 1
1488 1667 1
1488 1689 1
1488 1708 1
1488 1723 1
1488 1785 1
1488 1874 1
1488 1891 1
1488 1906 1
1489 1505 1
1489 1512 1
1489 1514 1
1489 1544 1
1489 1563 1
1489 1570 1
1489 1592 1
1489 1608 1
1489 1614 1
1489 1641 1
1489 1667 1
1489 1698 1
1489 1763 1
1489 1811 1
1489 1891 1
1489 1924 1
1489 1934 1
1489 1954 1
1489 1971 1
1490 1541 1
1490 1566 1
1490 1587 1
1490 1628 1
1490 1699 1
1490 1732 1
1490 1806 1
1490 1969 1
1490 1993 1
1491 1623 1
1491 1667 1
1491 1670 1
1491 1673 1
1491 1701 1
1491 1703 1
1491 1892 1
1491 1905 1
1491 1907 1
1491 1942 1
1491 1985 1
1492 1632 1
1492 1638 1
1492 1692 1
1492 1761 1
1492 1765 1
1492 1787 1
1492 1875 1
1492 1937 1
1492 1958 1
1492 1972 1
1492 1976 1
1492 2000 1
1493 1593 1
1493 1602 1
1493 1664 1
1493 1684 1
1493 1917 1
1493 1929 1
1493 1963 1
1494 1514 1
1494 1541 1
1494 1560 1
1494 1564 1
1494 1577 1
1494 1580 1
1494 1622 1
1494 1672 1
1494 1701 1
1494 1732 1
1494 1796 1
1494 1801 1
1494 1803 1
1494 1827 1
1494 1887 1
1494 1900 1
1495 1502 1
1495 1594 1
1495 1621 1
1495 1646 1
1495 1662 1
1495 1677 1
1495 1792 1
1495 1837 1
1495 1849 1
1495 1870 1
1495 1938 1
1495 1957 1
1495 1959 1
1495 1961 1
1496 1584 1
1496 1587 1
1496 1627 1
1496 1692 1
1496 1746 1
1496 1767 1
1496 1776 1
1496 1778 1
1496 1786 1
1496 1810 1
1496 1815 1
1496 1817 1
1496 1883 1
1496 1914 1
1496 1992 1
1497 1502 1
1497 1513 1
1497 1530 1
1497 1535 1
1497 1586 1
1497 1593 1
1497 1594 1
1497 1608 1
1497 1632 1
1497 1646 1
1497 1648 1
1497 1650 1
1497 1742 1
1497 1787 1
1497 1814 1
1497 1822 1
1497 1832 1
1497 1888 1
1497 1953 1
1497 1956 1
1497 1993 1
1498 1549 1
1498 1603 1
1498 1608 1
1498 1659 1
1498 1692 1
1498 1699 1
1498 1723 1
1498 1778 1
1498 1880 1
1499 1533 1
1499 1540 1
1499 1580 1
1499 1584 1
1499 1586 1
1499 1595 1
1499 1650 1
1499 1708 1
1499 1715 1
1499 1720 1
1499 1866 1
1499 1878 1
1499 1917 1
1499 1962 1
1499 1963 1
1499 1973 1
1499 1996 1
1500 1522 1
1500 1555 1
1500 1604 1
1500 1637 1
1500 1676 1
1500 1765 1
1500 1801 1
1500 1826 1
1500 1854 1
1500 1880 1
1500 1910 1
1501 1594 1
1501 1617 1
1501 1642 1
1501 1685 1
1501 1703 1
1501 1712 1
1501 1733 1
1501 1783 1
1501 1800 1
1501 1806 1
1501 1807 1
1501 1836 1
1501 1847 1
1501 1867 1
1501 1929 1
1501 2000 1
1502 1541 1
1502 1546 1
1502 1643 1
1502 1677 1
1502 1683 1
1502 1686 1
1502 1690 1
1502 1713 1
1502 1791 1
1502 1806 1
1502 1881 1
1502 1910 1
1502 1914 1
1503 1665 1
1503 1688 1
1503 1734 1
1503 1814 1
1503 1818 1
1503 1856 1
1503 1890 1
1503 1923 1
1504 1507 1
1504 1538 1
1504 1545 1
1504 1552 1
1504 1567 1
1504 1612 1
1504 1625 1
1504 1633 1
1504 1791 1
1504 1801 1
1504 1858 1
1504 1918 1
1504 1921 1
1504 1930 1
1504 1945 1
1504 1995 1
1505 1516 1
1505 1540 1
1505 1591 1
1505 1593 1
1505 1598 1
1505 1775 1
1505 1780 1
1505 1852 1
1505 1938 1
1505 1945 1
1506 1576 1
1507 1524 1
1507 1539 1
1507 1585 1
1507 1619 1
1507 1632 1
1507 1776 1
1507 1797 1
1507 1827 1
1507 1856 1
1507 1884 1
1507 1917 1
1507 1931 1
1507 1934 1
1508 1567 1
1508 1569 1
1508 1573 1
1508 1728 1
1508 1776 1
1508 1814 1
1508 1865 1
1508 1971 1
1509 1543 1
1509 1548 1
1509 1603 1
1509 1631 1
1509 1664 1
1509 1666 1
1510 1531 1
1510 1547 1
1510 1570 1
1510 1580 1
1510 1655 1
1510 1664 1
1510 1756 1
1510 1802 1
1510 1841 1
1510 1843 1
1510 1848 1
1510 1875 1
1510 1909 1
1510 1987 1
1511 1572 1
1511 1573 1
1511 1634 1
1511 1637 1
1511 1663 1
1511 1719 1
1511 1748 1
1511 1873 1
1511 1914 1
1511 1953 1
1511 1962 1
1511 1984 1
1512 1513 1
1512 1531 1
1512 1544 1
1512 1545 1
1512 1562 1
1512 1640 1
1512 1655 1
1512 1708 1
1512 1723 1
1512 1724 1
1512 1805 1
1512 1863 1
1512 1935 1
1512 1947 1
1512 1965 1
1512 1967 1
1512 1993 1
1513 1560 1
1513 1600 1
1513 1613 1
1513 1680 1
1513 1761 1
1513 1786 1
1513 1839 1
1513 1877 1
1513 1887 1
1513 1929 1
1513 1944 1
1513 1960 1
1513 1988 1
1513 1989 1
1514 1517 1
1514 1543 1
1514 1616 1
1514 1624 1
1514 1644 1
1514 1797 1
1514 1808 1
1514 1829 1
1514 1830 1
1514 1831 1
1514 1892 1
1514 1922 1
1514 1934 1
1514 1937 1
1514 1940 1
1514 1974 1
1514 1993 1
1514 1997 1
1515 1529 1
1515 1537 1
1515 1555 1
1515 1565 1
1515 1568 1
1515 1664 1
1515 1666 1
1515 1797 1
1515 1836 1
1515 1840 1
1515 1844 1
1515 1957 1
1515 1975 1
1515 1979 1
1515 1997 1
1516 1577 1
1516 1578 1
1516 1613 1
1516 1639 1
1516 1643 1
1516 1689 1
1516 1756 1
1516 1781 1
1516 1808 1
1516 1810 1
1516 1816 1
1516 1828 1
1516 1839 1
1516 1840 1
1516 1931 1
1517 1522 1
1517 1542 1
1517 1618 1
1517 1649 1
1517 1664 1
1517 1671 1
1517 1706 1
1517 1737 1
1517 1758 1
1517 1759 1
1517 1844 1
1517 1896 1
1518 1528 1
1518 1589 1
1518 1592 1
1518 1653 1
1518 1718 1
1518 1737 1
1518 1756 1
1518 1770 1
1518 1799 1
1518 1834 1
1518 1919 1
1519 1572 1
1519 1575 1
1519 1579 1
1519 1645 1
1519 1658 1
1519 1689 1
1519 1702 1
1519 1725 1
1519 1730 1
1519 1738 1
1519 1785 1
1519 1793 1
1519 1906 1
1519 1951 1
1519 1995 1
1520 1593 1
1520 1602 1
1520 1667 1
1520 1682 1
1520 1694 1
1520 1752 1
1520 1801 1
1520 1880 1
1521 1544 1
1521 1597 1
1521 1630 1
1521 1747 1
1521 1767 1
1521 1776 1
1521 1862 1
1521 1878 1
1521 1886 1
1521 1915 1
1521 1922 1
1521 1955 1
1521 1971 1
1522 1585 1
1522 1596 1
1522 1599 1
1522 1660 1
1522 1666 1
1522 1667 1
1522 1694 1
1522 1729 1
1522 1798 1
1522 1829 1
1522 1831 1
1522 1855 1
1522 1980 1
1522 2000 1
1523 1524 1
1523 1525 1
1523 1565 1
1523 1571 1
1523 1604 1
1523 1677 1
1523 1743 1
1523 1758 1
1523 1815 1
1523 1854 1
1523 1865 1
1523 1885 1
1523 1922 1
1523 1960 1
1523 1967 1
1524 1580 1
1524 1607 1
1524 1608 1
1524 1725 1
1524 1739 1
1524 1768 1
1524 1811 1
1524 1904 1
1524 1919 1
1524 1966 1
1524 1976 1
1525 1619 1
1525 1630 1
1525 1650 1
1525 1671 1
1525 1675 1
1525 1709 1
1525 1759 1
1525 1786 1
1525 1816 1
1525 1895 1
1525 1908 1
1525 1914 1
1525 1936 1
1525 1945 1
1525 1956 1
1525 1993 1
1526 1567 1
1526 1592 1
1526 1622 1
1526 1647 1
1526 1708 1
1526 1737 1
1526 1738 1
1526 1841 1
1526 1881 1
1526 1891 1
1526 1954 1
1527 1567 1
1527 1586 1
1527 1612 1
1527 1725 1
1527 1827 1
1527 1899 1
1527 1953 1
1527 1955 1
1527 1958 1
1527 1991 1
1528 1691 1
1528 1698 1
1528 1747 1
1528 1777 1
1528 1797 1
1528 1806 1
1528 1867 1
1528 1898 1
1528 1972 1
1528 1977 1
1528 1978 1
1529 1627 1
1529 1735 1
1529 1869 1
1529 1893 1
1529 1905 1
1529 1952 1
1529 1954 1
1529 1961 1
1529 1993 1
1530 1582 1
1530 1625 1
1530 1659 1
1530 1843 1
1530 1888 1
1530 1906 1
1530 1909 1
1530 1920 1
1530 1929 1
1530 1950 1
1530 1963 1
1531 1591 1
1531 1601 1
1531 1612 1
1531 1628 1
1531 1641 1
1531 1689 1
1531 1747 1
1531 1837 1
1531 1858 1
1531 1862 1
1531 1867 1
1531 1918 1
1532 1596 1
1532 1600 1
1532 1607 1
1532 1613 1
1532 1684 1
1532 1685 1
1532 1719 1
1532 1727 1
1532 1728 1
1532 1755 1
1532 1758 1
1532 1801 1
1532 1807 1
1532 1832 1
1532 1897 1
1532 1912 1
1532 1922 1
1532 1987 1
1532 1997 1
1533 1535 1
1533 1591 1
1533 1595 1
1533 1615 1
1533 1707 1
1533 1740 1
1533 1768 1
1533 1775 1
1533 1841 1
1533 1842 1
1534 1594 1
1534 1619 1
1534 1636 1
1534 1639 1
1534 1658 1
1534 1668 1
1534 1695 1
1534 1815 1
1534 1846 1
1534 1967 1
1535 1539 1
1535 1567 1
1535 1585 1
1535 1632 1
1535 1682 1
1535 1703 1
1535 1754 1
1535 1786 1
1535 1909 1
1535 1961 1
1536 1580 1
1536 1584 1
1536 1592 1
1536 1613 1
1536 1620 1
1536 1625 1
1536 1654 1
1536 1684 1
1536 1696 1
1536 1741 1
1536 1750 1
1536 1777 1
1536 1798 1
1536 1859 1
1536 1930 1
1536 1959 1
1537 1546 1
1537 1559 1
1537 1639 1
1537 1689 1
1537 1713 1
1537 1719 1
1537 1776 1
1537 1789 1
1537 1810 1
1537 1818 1
1537 1829 1
1537 1843 1
1537 1848 1
1537 1910 1
1537 1938 1
1537 1968 1
1537 1998 1
1538 1554 1
1538 1618 1
1538 1672 1
1538 1703 1
1538 1704 1
1538 1709 1
1538 1800 1
1538 1806 1
1538 1809 1
1538 1829 1
1538 1869 1
1538 1870 1
1538 1987 1
1538 1999 1
1539 1588 1
1539 1691 1
1539 1702 1
1539 1746 1
1539 1811 1
1539 1842 1
1539 1879 1
1539 1881 1
1539 1894 1
1539 1906 1
1539 1918 1
1539 1931 1
1539 1935 1
1539 1941 1
1540 1623 1
1540 1632 1
1540 1643 1
1540 1679 1
1540 1734 1
1540 1746 1
1540 1778 1
1540 1789 1
1540 1797 1
1540 1811 1
1540 1847 1
1540 1875 1
1540 1890 1
1540 1941 1
1540 1956 1
1541 1555 1
1541 1656 1
1541 1680 1
1541 1755 1
1541 1808 1
1541 1914 1
1541 1943 1
1542 1621 1
1542 1660 1
1542 1680 1
1542 1762 1
1542 1781 1
1542 1789 1
1542 1811 1
1542 1813 1
1542 1836 1
1542 1918 1
1542 1941 1
1542 1961 1
1542 1967 1
1543 1578 1
1543 1583 1
1543 1599 1
1543 1652 1
1543 1702 1
1543 1711 1
1543 1713 1
1543 1731 1
1543 1743 1
1543 1821 1
1543 1882 1
1543 1903 1
1543 1910 1
1543 1953 1
1544 1557 1
1544 1640 1
1544 1660 1
1544 1705 1
1544 1746 1
1544 1756 1
1544 1767 1
1544 1784 1
1544 1950 1
1545 1553 1
1545 1588 1
1545 1602 1
1545 1631 1
1545 1657 1
1545 1687 1
1545 1696 1
1545 1703 1
1545 1747 1
1545 1754 1
1545 1788 1
1545 1798 1
1545 1802 1
1545 1812 1
1545 1916 1
1545 1971 1
1546 1584 1
1546 1644 1
1546 1659 1
1546 1667 1
1546 1671 1
1546 1704 1
1546 1726 1
1546 1792 1
1546 1821 1
1546 1840 1
1546 1858 1
1546 1872 1
1546 1898 1
1546 1925 1
1546 1927 1
1546 1970 1
1546 1990 1
1547 1561 1
1547 1605 1
1547 1703 1
1547 1759 1
1547 1857 1
1547 1883 1
1547 1893 1
1547 1965 1
1547 1974 1
1548 1561 1
1548 1569 1
1548 1594 1
1548 1610 1
1548 1622 1
1548 1625 1
1548 1642 1
1548 1728 1
1548 1732 1
1548 1801 1
1548 1811 1
1548 1813 1
1549 1565 1
1549 1599 1
1549 1647 1
1549 1678 1
1549 1731 1
1549 1790 1
1549 1826 1
1549 1850 1
1549 1899 1
1549 1968 1
1550 1606 1
1550 1631 1
1550 1644 1
1550 1693 1
1550 1795 1
1550 1822 1
1550 1868 1
1550 1880 1
1550 1912 1
1550 1919 1
1550 1932 1
1550 1982 1
1551 1592 1
1551 1711 1
1551 1733 1
1551 1759 1
1551 1785 1
1551 1821 1
1551 1871 1
1551 1873 1
1551 1886 1
1551 1927 1
1551 1969 1
1551 1996 1
1552 1637 1
1552 1686 1
1552 1787 1
1552 1792 1
1552 1795 1
1552 1859 1
1552 1876 1
1552 1937 1
1552 1939 1
1552 1977 1
1553 1609 1
1553 1616 1
1553 1684 1
1553 1710 1
1553 1717 1
1553 1759 1
1553 1832 1
1553 1858 1
1553 1869 1
1553 1908 1
1553 1952 1
1553 1989 1
1553 1998 1
1554 1576 1
1554 1602 1
1554 1687 1
1554 1705 1
1554 1738 1
1554 1790 1
1554 1806 1
1554 1808 1
1554 1949 1
1554 1996 1
1555 1576 1
1555 1591 1
1555 1629 1
1555 1664 1
1555 1707 1
1555 1740 1
1555 1777 1
1555 1796 1
1555 1875 1
1555 1888 1
1555 1904 1
1555 1911 1
1556 1754 1
1556 1786 1
1556 1814 1
1556 1855 1
1556 1930 1
1557 1575 1
1557 1613 1
1557 1624 1
1557 1629 1
1557 1684 1
1557 1736 1
1557 1767 1
1557 1775 1
1557 1845 1
1557 1849 1
1557 1861 1
1557 1918 1
1557 1966 1
1558 1590 1
1558 1725 1
1558 1726 1
1558 1737 1
1558 1774 1
1558 1810 1
1558 1831 1
1558 1841 1
1558 1843 1
1558 1844 1
1558 1872 1
1558 1902 1
1558 1926 1
1559 1566 1
1559 1601 1
1559 1624 1
1559 1685 1
1559 1752 1
1559 1778 1
1559 1890 1
1559 1894 1
1559 1899 1
1559 1940 1
1559 1960 1
1559 1962 1
1559 1983 1
1560 1567 1
1560 1571 1
1560 1655 1
1560 1657 1
1560 1674 1
1560 1688 1
1560 1699 1
1560 1718 1
1560 1741 1
1560 1845 1
1560 1866 1
1560 1872 1
1560 1913 1
1560 1972 1
1561 1576 1
1561 1605 1
1561 1616 1
1561 1700 1
1561 1731 1
1561 1768 1
1561 1799 1
1561 1900 1
1561 1923 1
1561 1960 1
1562 1567 1
1562 1594 1
1562 1631 1
1562 1632 1
1562 1718 1
1562 1730 1
1562 1753 1
1562 1782 1
1562 1797 1
1562 1895 1
1562 1917 1
1562 1956 1
1563 1680 1
1563 1682 1
1563 1748 1
1563 1794 1
1563 1984 1
1564 1601 1
1564 1712 1
1564 1794 1
1564 1795 1
1564 1808 1
1564 1814 1
1564 1832 1
1564 1852 1
1564 1855 1
1564 1871 1
1564 1918 1
1564 1953 1
1564 1980 1
1565 1569 1
1565 1631 1
1565 1634 1
1565 1698 1
1565 1762 1
1565 1802 1
1565 1808 1
1565 1850 1
1565 1852 1
1565 1916 1
1565 1973 1
1566 1609 1
1566 1642 1
1566 1683 1
1566 1720 1
1566 1775 1
1566 1815 1
1566 1879 1
1566 1978 1
1566 1980 1
1567 1607 1
1567 1675 1
1567 1711 1
1567 1719 1
1567 1729 1
1567 1745 1
1567 1812 1
1567 1871 1
1567 1930 1
1567 1982 1
1567 1994 1
1567 2000 1
1568 1569 1
1568 1615 1
1568 1635 1
1568 1662 1
1568 1685 1
1568 1697 1
1568 1705 1
1568 1736 1
1568 1754 1
1568 1777 1
1568 1794 1
1568 1900 1
1568 1918 1
1568 1974 1
1569 1611 1
1569 1615 1
1569 1618 1
1569 1753 1
1569 1761 1
1569 1844 1
1569 1965 1
1569 1982 1
1570 1620 1
1570 1628 1
1570 1631 1
1570 1663 1
1570 1704 1
1570 1719 1
1570 1726 1
1570 1735 1
1570 1742 1
1570 1834 1
1570 1898 1
1570 1917 1
1570 1953 1
1570 1981 1
1570 1982 1
1571 1617 1
1571 1651 1
1571 1652 1
1571 1662 1
1571 1669 1
1571 1689 1
1571 1694 1
1571 1746 1
1571 1776 1
1571 1822 1
1571 1873 1
1571 1888 1
1571 1973 1
1572 1591 1
1572 1615 1
1572 1626 1
1572 1632 1
1572 1869 1
1572 1936 1
1572 1947 1
1572 1986 1
1572 1990 1
1573 1599 1
1573 1613 1
1573 1619 1
1573 1645 1
1573 1675 1
1573 1698 1
1573 1731 1
1573 1749 1
1573 1792 1
1573 1811 1
1573 1832 1
1573 1838 1
1573 1868 1
1573 1901 1
1573 1933 1
1573 1966 1
1574 1637 1
1574 1639 1
1574 1674 1
1574 1702 1
1574 1731 1
1574 1741 1
1574 1791 1
1574 1887 1
1574 1903 1
1574 1921 1
1574 1969 1
1575 1579 1
1575 1599 1
1575 1621 1
1575 1636 1
1575 1651 1
1575 1722 1
1575 1748 1
1575 1775 1
1575 1837 1
1575 1932 1
1575 1961 1
1575 1972 1
1576 1608 1
1576 1611 1
1576 1707 1
1576 1763 1
1576 1805 1
1576 1806 1
1576 1813 1
1576 1816 1
1576 1872 1
1576 1878 1
1576 1956 1
1576 1968 1
1576 1988 1
1577 1580 1
1577 1581 1
1577 1614 1
1577 1626 1
1577 1671 1
1577 1762 1
1577 1775 1
1577 1807 1
1577 1838 1
1577 1870 1
1577 1900 1
1577 1957 1
1577 1963 1
1577 1992 1
1578 1580 1
1578 1591 1
1578 1658 1
1578 1699 1
1578 1711 1
1578 1722 1
1578 1759 1
1578 1790 1
1578 1807 1
1578 1837 1
1578 1870 1
1578 1995 1
1579 1592 1
1579 1632 1
1579 1676 1
1579 1774 1
1579 1778 1
1579 1802 1
1579 1806 1
1579 1901 1
1579 1932 1
1579 1995 1
1580 1653 1
1580 1681 1
1580 1723 1
1580 1844 1
1580 1854 1
1580 1876 1
1580 1883 1
1580 1935 1
1580 1996 1
1581 1591 1
1581 1620 1
1581 1686 1
1581 1723 1
1581 1759 1
1581 1791 1
1581 1831 1
1581 1839 1
1581 1845 1
1581 1852 1
1581 1924 1
1581 1959 1
1582 1676 1
1582 1711 1
1582 1720 1
1582 1748 1
1582 1775 1
1582 1799 1
1582 1828 1
1582 1849 1
1582 1877 1
1582 1925 1
1582 1965 1
1583 1683 1
1583 1695 1
1583 1728 1
1583 1815 1
1583 1865 1
1583 1879 1
1583 1886 1
1583 1955 1
1583 1974 1
1584 1619 1
1584 1684 1
1584 1712 1
1584 1821 1
1584 1836 1
1584 1923 1
1584 1948 1
1584 1969 1
1584 1993 1
1585 1590 1
1585 1751 1
1585 1867 1
1585 1873 1
1585 1896 1
1585 1898 1
1585 1918 1
1585 1933 1
1585 1941 1
1585 2000 1
1586 1647 1
1586 1651 1
1586 1681 1
1586 1688 1
1586 1786 1
1586 1872 1
1586 1975 1
1587 1589 1
1587 1646 1
1587 1662 1
1587 1675 1
1587 1789 1
1587 1821 1
1587 1903 1
1588 1657 1
1588 1772 1
1588 1798 1
1588 1837 1
1588 1847 1
1588 1857 1
1588 1894 1
1588 1923 1
1588 1928 1
1588 1940 1
1588 1992 1
1589 1604 1
1589 1634 1
1589 1653 1
1589 1684 1
1589 1747 1
1589 1765 1
1589 1774 1
1589 1815 1
1589 1879 1
1589 1911 1
1589 1915 1
1589 1973 1
1590 1615 1
1590 1649 1
1590 1762 1
1590 1768 1
1590 1772 1
1590 1781 1
1590 1789 1
1590 1817 1
1590 1840 1
1590 1923 1
1590 1933 1
1591 1597 1
1591 1600 1
1591 1624 1
1591 1652 1
1591 1723 1
1591 1737 1
1591 1785 1
1591 1899 1
1591 1930 1
1591 1962 1
1591 1966 1
1592 1601 1
1592 1665 1
1592 1711 1
1592 1738 1
1592 1848 1
1592 1859 1
1592 1905 1
1592 1937 1
1592 1960 1
1592 1967 1
1592 1987 1
1593 1622 1
1593 1661 1
1593 1750 1
1593 1771 1
1593 1832 1
1593 1869 1
1593 1907 1
1593 1927 1
1593 1942 1
1594 1625 1
1594 1640 1
1594 1741 1
1594 1754 1
1594 1796 1
1594 1806 1
1594 1823 1
1594 1835 1
1594 1907 1
1595 1636 1
1595 1706 1
1595 1799 1
1595 1844 1
1595 1878 1
1595 1902 1
1595 1910 1
1595 1944 1
1595 1945 1
1595 1987 1
1595 1997 1
1596 1635 1
1596 1653 1
1596 1665 1
1596 1684 1
1596 1698 1
1596 1765 1
1596 1767 1
1596 1785 1
1596 1878 1
1596 1895 1
1596 1919 1
1597 1608 1
1597 1627 1
1597 1654 1
1597 1668 1
1597 1719 1
1597 1738 1
1597 1774 1
1597 1803 1
1597 1813 1
1597 1836 1
1597 1837 1
1597 1926 1
1597 1952 1
1598 1613 1
1598 1673 1
1598 1747 1
1598 1791 1
1598 1803 1
1598 1825 1
1598 1856 1
1598 1873 1
1598 1890 1
1598 1912 1
1598 1933 1
1598 1949 1
1598 1969 1
1599 1609 1
1599 1619 1
1599 1627 1
1599 1778 1
1599 1813 1
1599 1891 1
1599 1901 1
1599 1922 1
1599 1974 1
1599 1988 1
1600 1622 1
1600 1648 1
1600 1692 1
1600 1772 1
1600 1789 1
1600 1844 1
1600 1864 1
1600 1912 1
1600 1921 1
1600 1922 1
1600 1980 1
1600 1997 1
1600 1998 1
1601 1611 1
1601 1681 1
1601 1779 1
1601 1787 1
1601 1792 1
1601 1799 1
1601 1840 1
1601 1921 1
1601 1963 1
1601 1964 1
1601 1979 1
1601 1993 1
1602 1625 1
1602 1671 1
1602 1741 1
1602 1769 1
1602 1774 1
1602 1813 1
1602 1854 1
1602 1862 1
1603 1743 1
1603 1754 1
1603 1819 1
1603 1884 1
1603 1898 1
1603 1961 1
1604 1606 1
1604 1641 1
1604 1668 1
1604 1698 1
1604 1817 1
1604 1838 1
1604 1847 1
1604 1923 1
1604 1928 1
1604 1959 1
1605 1673 1
1605 1825 1
1605 1841 1
1605 1867 1
1605 1899 1
1605 1933 1
1605 1943 1
1605 1987 1
1606 1639 1
1606 1659 1
1606 1668 1
1606 1859 1
1606 1913 1
1606 1956 1
1606 1962 1
1606 1991 1
1606 1993 1
1606 1999 1
1607 1667 1
1607 1683 1
1607 1691 1
1607 1743 1
1607 1761 1
1607 1806 1
1607 1808 1
1607 1902 1
1607 1914 1
1607 1921 1
1607 1928 1
1607 1960 1
1608 1664 1
1608 1755 1
1608 1819 1
1608 1846 1
1608 1855 1
1608 1869 1
1608 1939 1
1608 1956 1
1608 1969 1
1608 1986 1
1609 1710 1
1609 1765 1
1609 1775 1
1609 1781 1
1609 1804 1
1609 1852 1
1609 1868 1
1609 1897 1
1609 1906 1
1609 1922 1
1609 1933 1
1609 1988 1
1610 1662 1
1610 1682 1
1610 1817 1
1610 1854 1
1610 1889 1
1610 1930 1
1610 1974 1
1611 1689 1
1611 1727 1
1611 1757 1
1611 1787 1
1611 1827 1
1611 1832 1
1611 1844 1
1611 1874 1
1611 1930 1
1611 1949 1
1612 1683 1
1612 1742 1
1612 1820 1
1612 1847 1
1612 1926 1
1612 1942 1
1612 1944 1
1612 1955 1
1612 1968 1
1612 1978 1
1612 1993 1
1613 1666 1
1613 1670 1
1613 1674 1
1613 1694 1
1613 1710 1
1613 1730 1
1613 1758 1
1613 1763 1
1613 1792 1
1613 1810 1
1613 1842 1
1613 1863 1
1613 1927 1
1613 1959 1
1614 1616 1
1614 1639 1
1614 1678 1
1614 1681 1
1614 1855 1
1614 1936 1
1614 1959 1
1614 1967 1
1615 1645 1
1615 1652 1
1615 1687 1
1615 1724 1
1615 1758 1
1615 1802 1
1615 1804 1
1615 1913 1
1615 1934 1
1615 1945 1
1615 1986 1
1616 1788 1
1616 1795 1
1616 1811 1
1616 1840 1
1617 1619 1
1617 1642 1
1617 1653 1
1617 1746 1
1617 1759 1
1617 1802 1
1617 1909 1
1617 1946 1
1618 1682 1
1618 1734 1
1618 1756 1
1618 1802 1
1618 1804 1
1618 1840 1
1618 1859 1
1618 1972 1
1618 1997 1
1619 1658 1
1619 1682 1
1619 1701 1
1619 1703 1
1619 1802 1
1619 1848 1
1619 1870 1
1619 1898 1
1619 1995 1
1619 1996 1
1620 1646 1
1620 1682 1
1620 1718 1
1620 1755 1
1620 1841 1
1620 1874 1
1620 1881 1
1620 1882 1
1620 1896 1
1621 1638 1
1621 1732 1
1621 1884 1
1621 1942 1
1621 1959 1
1621 1967 1
1621 1992 1
1622 1626 1
1622 1633 1
1622 1674 1
1622 1703 1
1622 1715 1
1622 1729 1
1622 1733 1
1622 1735 1
1622 1776 1
1622 1860 1
1622 1921 1
1622 1935 1
1623 1631 1
1623 1705 1
1623 1712 1
1623 1741 1
1623 1770 1
1623 1841 1
1624 1694 1
1624 1764 1
1624 1809 1
1624 1832 1
1624 1840 1
1624 1880 1
1624 1890 1
1624 1922 1
1625 1661 1
1625 1667 1
1625 1671 1
1625 1695 1
1625 1763 1
1625 1821 1
1625 1861 1
1625 1941 1
1625 1992 1
1626 1648 1
1626 1712 1
1626 1749 1
1626 1770 1
1626 1822 1
1626 1847 1
1626 1855 1
1627 1644 1
1627 1662 1
1627 1687 1
1627 1696 1
1627 1703 1
1627 1706 1
1627 1718 1
1627 1758 1
1627 1765 1
1627 1769 1
1627 1789 1
1627 1796 1
1627 1827 1
1627 1839 1
1627 1871 1
1627 1886 1
1627 1917 1
1627 1923 1
1627 1972 1
1627 1990 1
1628 1638 1
1628 1669 1
1628 1727 1
1628 1946 1
1628 1983 1
1629 1658 1
1629 1752 1
1629 1754 1
1629 1876 1
1629 1879 1
1629 1904 1
1629 1909 1
1629 1912 1
1629 1920 1
1629 2000 1
1630 1682 1
1630 1770 1
1630 1791 1
1630 1803 1
1630 1813 1
1630 1896 1
1630 1907 1
1630 1971 1
1630 1998 1
1631 1698 1
1631 1716 1
1631 1722 1
1631 1733 1
1631 1760 1
1631 1786 1
1631 1808 1
1631 1823 1
1631 1856 1
1631 1892 1
1631 1909 1
1632 1707 1
1632 1830 1
1632 1840 1
1632 1893 1
1632 1912 1
1632 1938 1
1632 1954 1
1632 1964 1
1633 1735 1
1633 1762 1
1633 1763 1
1633 1778 1
1633 1787 1
1633 1866 1
1633 1891 1
1633 1914 1
1633 1922 1
1634 1636 1
1634 1698 1
1634 1716 1
1634 1738 1
1634 1745 1
1634 1782 1
1634 1867 1
1634 1884 1
1634 1956 1
1634 1986 1
1635 1668 1
1635 1747 1
1635 1781 1
1635 1915 1
1635 1926 1
1635 1938 1
1635 1989 1
1635 1995 1
1636 1669 1
1636 1735 1
1636 1786 1
1636 1821 1
1636 1875 1
1636 1902 1
1636 1916 1
1636 1964 1
1636 1996 1
1637 1646 1
1637 1687 1
1637 1733 1
1637 1734 1
1637 1787 1
1637 1869 1
1637 1899 1
1637 1913 1
1637 1984 1
1637 1989 1
1638 1656 1
1638 1665 1
1638 1674 1
1638 1700 1
1638 1710 1
1638 1714 1
1638 1715 1
1638 1746 1
1638 1924 1
1638 1946 1
1638 1974 1
1638 1988 1
1638 1995 1
1639 1643 1
1639 1647 1
1639 1683 1
1639 1833 1
1639 1844 1
1639 1849 1
1639 1878 1
1639 1902 1
1639 1908 1
1639 1931 1
1640 1643 1
1640 1654 1
1640 1683 1
1640 1721 1
1640 1749 1
1640 1880 1
1640 1905 1
1640 1930 1
1640 1980 1
1641 1651 1
1641 1685 1
1641 1715 1
1641 1770 1
1641 1817 1
1641 1831 1
1641 1853 1
1641 1876 1
1641 1879 1
1641 1880 1
1641 1887 1
1641 1936 1
1641 1937 1
1642 1665 1
1642 1667 1
1642 1676 1
1642 1743 1
1642 1804 1
1642 1892 1
1642 1955 1
1642 1979 1
1642 1992 1
1643 1789 1
1643 1790 1
1643 1948 1
1643 1954 1
1643 1962 1
1643 1964 1
1643 1974 1
1644 1656 1
1644 1690 1
1644 1719 1
1644 1723 1
1644 1881 1
1644 1908 1
1644 1944 1
1644 1959 1
1645 1700 1
1645 1789 1
1645 1818 1
1645 1859 1
1645 1883 1
1645 1900 1
1645 1921 1
1645 1927 1
1645 1948 1
1645 1974 1
1646 1735 1
1646 1763 1
1646 1806 1
1646 1879 1
1646 1900 1
1646 1901 1
1646 1929 1
1646 1940 1
1646 1980 1
1647 1666 1
1647 1674 1
1647 1681 1
1647 1725 1
1647 1766 1
1647 1834 1
1647 1869 1
1647 1892 1
1647 1904 1
1647 1924 1
1648 1730 1
1648 1792 1
1648 1803 1
1648 1810 1
1648 1825 1
1648 1826 1
1648 1839 1
1648 1880 1
1648 1926 1
1648 1968 1
1648 1979 1
1649 1777 1
1649 1839 1
1649 1842 1
1649 1851 1
1650 1668 1
1650 1687 1
1650 1691 1
1650 1696 1
1650 1712 1
1650 1754 1
1650 1829 1
1650 1910 1
1650 1982 1
1651 1653 1
1651 1674 1
1651 1737 1
1651 1780 1
1651 1808 1
1651 1811 1
1651 1828 1
1651 1843 1
1651 1921 1
1651 1968 1
1651 1994 1
1652 1695 1
1652 1749 1
1652 1760 1
1652 1763 1
1652 1765 1
1652 1779 1
1652 1813 1
1652 1816 1
1652 1842 1
1652 1861 1
1652 1886 1
1652 1896 1
1652 1899 1
1652 1920 1
1652 1966 1
1652 1974 1
1652 1984 1
1653 1660 1
1653 1676 1
1653 1697 1
1653 1804 1
1653 1811 1
1653 1816 1
1653 1823 1
1653 1968 1
1654 1676 1
1654 1685 1
1654 1694 1
1654 1814 1
1654 1815 1
1654 1857 1
1654 1954 1
1655 1708 1
1655 1746 1
1655 1799 1
1655 1814 1
1655 1913 1
1655 1930 1
1656 1669 1
1656 1670 1
1656 1699 1
1656 1863 1
1656 1885 1
1656 1901 1
1656 1934 1
1656 1937 1
1656 1947 1
1656 1953 1
1656 1960 1
1656 1975 1
1657 1679 1
1657 1685 1
1657 1745 1
1657 1806 1
1657 1835 1
1657 1871 1
1657 1886 1
1657 1933 1
1658 1680 1
1658 1683 1
1658 1693 1
1658 1740 1
1658 1784 1
1658 1801 1
1658 1856 1
1658 1875 1
1658 1943 1
1658 1976 1
1659 1667 1
1659 1694 1
1659 1718 1
1659 1770 1
1659 1937 1
1659 1952 1
1659 1977 1
1659 1983 1
1660 1661 1
1660 1695 1
1660 1712 1
1660 1753 1
1660 1773 1
1660 1833 1
1660 1852 1
1660 1853 1
1660 1876 1
1660 1903 1
1660 1961 1
1660 2000 1
1661 1734 1
1661 1786 1
1661 1804 1
1661 1805 1
1661 1814 1
1661 1909 1
1661 1925 1
1661 1940 1
1661 1958 1
1662 1689 1
1662 1834 1
1662 1877 1
1662 1914 1
1662 1929 1
1662 1962 1
1663 1678 1
1663 1754 1
1663 1796 1
1663 1828 1
1663 1832 1
1663 1869 1
1663 1910 1
1663 1922 1
1663 1939 1
1663 1994 1
1664 1685 1
1664 1761 1
1664 1766 1
1664 1793 1
1664 1826 1
1664 1841 1
1664 1893 1
1664 1915 1
1664 1918 1
1664 1920 1
1664 1942 1
1664 1958 1
1665 1747 1
1665 1829 1
1665 1905 1
1665 1907 1
1665 1920 1
1665 1921 1
1665 1997 1
1666 1688 1
1666 1710 1
1666 1725 1
1666 1726 1
1666 1747 1
1666 1831 1
1666 1836 1
1666 1875 1
1666 1932 1
1666 1967 1
1666 1986 1
1667 1677 1
1667 1684 1
1667 1729 1
1667 1736 1
1667 1776 1
1667 1810 1
1667 1877 1
1667 1884 1
1667 1886 1
1667 1895 1
1667 1903 1
1667 1942 1
1667 1954 1
1667 1975 1
1668 1704 1
1668 1708 1
1668 1804 1
1668 1812 1
1668 1896 1
1668 1941 1
1668 1968 1
1668 1980 1
1668 1985 1
1668 1999 1
1669 1707 1
1669 1721 1
1669 1727 1
1669 1730 1
1669 1732 1
1669 1733 1
1669 1756 1
1669 1762 1
1669 1767 1
1669 1775 1
1669 1850 1
1669 1887 1
1670 1697 1
1670 1698 1
1670 1718 1
1670 1745 1
1670 1837 1
1670 1921 1
1670 1954 1
1670 1956 1
1670 1974 1
1671 1705 1
1671 1750 1
1671 1764 1
1671 1769 1
1671 1782 1
1671 1791 1
1671 1793 1
1671 1813 1
1671 1825 1
1671 1828 1
1671 1861 1
1672 1696 1
1672 1734 1
1672 1759 1
1672 1801 1
1672 1865 1
1672 1877 1
1672 1892 1
1672 1898 1
1672 1952 1
1672 1967 1
1673 1688 1
1673 1696 1
1673 1938 1
1673 1950 1
1674 1721 1
1674 1750 1
1674 1759 1
1674 1763 1
1674 1840 1
1675 1710 1
1675 1715 1
1675 1804 1
1675 1811 1
1675 1818 1
1675 1820 1
1675 1825 1
1675 1840 1
1675 1880 1
1675 1885 1
1676 1688 1
1676 1772 1
1676 1824 1
1676 1847 1
1676 1864 1
1676 1874 1
1676 1913 1
1676 1924 1
1676 1956 1
1676 1969 1
1677 1705 1
1677 1877 1
1677 1896 1
1677 1979 1
1678 1756 1
1678 1824 1
1678 1836 1
1678 1903 1
1678 1913 1
1679 1699 1
1679 1720 1
1679 1730 1
1679 1782 1
1679 1796 1
1679 1804 1
1679 1811 1
1679 1831 1
1679 1839 1
1679 1988 1
1679 1989 1
1680 1711 1
1680 1777 1
1680 1847 1
1680 1981 1
1681 1734 1
1681 1754 1
1681 1771 1
1681 1864 1
1681 1868 1
1681 1882 1
1681 1905 1
1681 1925 1
1682 1746 1
1682 1778 1
1682 1800 1
1682 1804 1
1682 1837 1
1683 1758 1
1683 1804 1
1683 1852 1
1683 1907 1
1683 1941 1
1683 1957 1
1683 1978 1
1684 1702 1
1684 1756 1
1684 1790 1
1684 1826 1
1684 1846 1
1684 1857 1
1684 1934 1
1684 1935 1
1684 1977 1
1684 1979 1
1685 1707 1
1685 1751 1
1685 1781 1
1685 1903 1
1685 1909 1
1685 1924 1
1686 1689 1
1686 1781 1
1686 1783 1
1686 1876 1
1686 1899 1
1686 1931 1
1686 1980 1
1687 1690 1
1687 1729 1
1687 1749 1
1687 1776 1
1687 1788 1
1687 1802 1
1687 1932 1
1687 1982 1
1688 1770 1
1688 1844 1
1688 1886 1
1689 1760 1
1689 1810 1
1689 1825 1
1689 1897 1
1689 1983 1
1690 1693 1
1690 1789 1
1690 1844 1
1690 1851 1
1690 1913 1
1690 1968 1
1690 1971 1
1690 1985 1
1691 1735 1
1691 1741 1
1691 1743 1
1691 1903 1
1691 1915 1
1691 1923 1
1691 1972 1
1692 1694 1
1692 1707 1
1692 1723 1
1692 1792 1
1692 1822 1
1692 1838 1
1692 1907 1
1692 1937 1
1692 1968 1
1692 1972 1
1693 1764 1
1693 1921 1
1693 1960 1
1693 1972 1
1694 1782 1
1694 1814 1
1694 1816 1
1694 1828 1
1694 1863 1
1694 1879 1
1694 1890 1
1694 1894 1
1694 1931 1
1694 1955 1
1694 1972 1
1695 1709 1
1695 1715 1
1695 1727 1
1695 1729 1
1695 1878 1
1695 1922 1
1695 1936 1
1695 1949 1
1695 1956 1
1695 1981 1
1696 1712 1
1696 1755 1
1696 1826 1
1696 1831 1
1697 1699 1
1697 1766 1
1697 1773 1
1697 1818 1
1697 1864 1
1697 1921 1
1697 1923 1
1697 1986 1
1697 1999 1
1698 1723 1
1698 1762 1
1698 1763 1
1698 1767 1
1698 1790 1
1698 1797 1
1698 1839 1
1698 1854 1
1698 1918 1
1699 1714 1
1699 1719 1
1699 1755 1
1699 1827 1
1699 1901 1
1699 1956 1
1699 1961 1
1700 1722 1
1700 1753 1
1700 1759 1
1700 1765 1
1700 1793 1
1700 1801 1
1700 1988 1
1701 1769 1
1701 1794 1
1701 1813 1
1701 1827 1
1701 1844 1
1701 1865 1
1701 1935 1
1702 1743 1
1702 1869 1
1702 1938 1
1702 1975 1
1702 1991 1
1703 1734 1
1703 1813 1
1703 1858 1
1703 1868 1
1703 1886 1
1703 1937 1
1703 1996 1
1704 1751 1
1704 1765 1
1704 1862 1
1705 1736 1
1705 1737 1
1705 1842 1
1705 1843 1
1705 1873 1
1705 1874 1
1705 1901 1
1705 1930 1
1705 1959 1
1705 1977 1
1706 1720 1
1706 1771 1
1706 1779 1
1706 1780 1
1706 1816 1
1706 1817 1
1706 1873 1
1706 1877 1
1706 1903 1
1706 1915 1
1706 1960 1
1706 1992 1
1706 2000 1
1707 1737 1
1707 1770 1
1707 1779 1
1707 1801 1
1707 1878 1
1707 1897 1
1707 1900 1
1707 1920 1
1707 1974 1
1707 1976 1
1707 1979 1
1708 1799 1
1708 1849 1
1709 1726 1
1709 1759 1
1709 1783 1
1709 1834 1
1709 1886 1
1709 1921 1
1709 1965 1
1710 1802 1
1710 1804 1
1710 1856 1
1710 1858 1
1710 1919 1
1711 1735 1
1711 1897 1
1711 1979 1
1712 1740 1
1712 1765 1
1712 1826 1
1712 1916 1
1712 1994 1
1713 1720 1
1713 1742 1
1713 1750 1
1713 1793 1
1713 1794 1
1713 1795 1
1713 1826 1
1713 1929 1
1713 1951 1
1713 1986 1
1714 1747 1
1714 1786 1
1714 1808 1
1714 1848 1
1714 1882 1
1714 1974 1
1714 1984 1
1715 1777 1
1715 1781 1
1715 1806 1
1715 1853 1
1715 1859 1
1715 1909 1
1715 1992 1
1716 1718 1
1716 1729 1
1716 1750 1
1716 1756 1
1716 1772 1
1716 1777 1
1716 1808 1
1716 1836 1
1716 1967 1
1716 1968 1
1716 1970 1
1716 1999 1
1717 1728 1
1717 1732 1
1717 1792 1
1717 1835 1
1717 1859 1
1717 1870 1
1717 1876 1
1717 1895 1
1717 1911 1
1717 1947 1
1717 1967 1
1718 1758 1
1718 1794 1
1718 1843 1
1718 1881 1
1718 1971 1
1719 1728 1
1719 1748 1
1719 1769 1
1719 1780 1
1719 1832 1
1719 1891 1
1719 1909 1
1719 1962 1
1719 1981 1
1719 1995 1
1720 1767 1
1720 1844 1
1721 1736 1
1721 1787 1
1721 1789 1
1721 1795 1
1721 1856 1
1721 1943 1
1722 1748 1
1722 1890 1
1722 1909 1
1722 1910 1
1722 1937 1
1723 1729 1
1723 1730 1
1723 1750 1
1723 1803 1
1723 1819 1
1723 1840 1
1723 1851 1
1723 1889 1
1723 1911 1
1723 1915 1
1723 1931 1
1724 1753 1
1724 1784 1
1724 1795 1
1724 1806 1
1724 1841 1
1724 1862 1
1724 1870 1
1724 1918 1
1724 1930 1
1724 1953 1
1725 1742 1
1725 1774 1
1725 1781 1
1725 1872 1
1725 1890 1
1725 1900 1
1725 1905 1
1725 1967 1
1725 1985 1
1726 1796 1
1726 1798 1
1726 1832 1
1726 1857 1
1726 1882 1
1726 1890 1
1726 1949 1
1726 1964 1
1726 1970 1
1726 1975 1
1727 1730 1
1727 1798 1
1727 1813 1
1727 1866 1
1727 1953 1
1727 1978 1
1728 1753 1
1728 1791 1
1728 1846 1
1728 1923 1
1728 1952 1
1729 1743 1
1729 1826 1
1729 1849 1
1729 1872 1
1729 1892 1
1729 1907 1
1729 1943 1
1729 1966 1
1729 1972 1
1729 1978 1
1730 1844 1
1730 1915 1
1730 1955 1
1731 1737 1
1731 1785 1
1731 1798 1
1731 1854 1
1731 1915 1
1731 1949 1
1731 1953 1
1732 1754 1
1732 1805 1
1732 1894 1
1732 1924 1
1733 1800 1
1733 1849 1
1733 1860 1
1733 1883 1
1733 1945 1
1733 1966 1
1733 1995 1
1733 1996 1
1734 1761 1
1734 1769 1
1734 1783 1
1734 1829 1
1734 1860 1
1734 1861 1
1734 1878 1
1734 1891 1
1734 1993 1
1734 1998 1
1735 1776 1
1735 1786 1
1735 1820 1
1735 1886 1
1735 1898 1
1735 1916 1
1735 1926 1
1735 1927 1
1735 1957 1
1736 1777 1
1736 1798 1
1736 1834 1
1736 1855 1
1736 1988 1
1737 1774 1
1737 1830 1
1737 1907 1
1737 1910 1
1737 1924 1
1737 1940 1
1738 1751 1
1738 1754 1
1738 1762 1
1738 1766 1
1738 1775 1
1738 1835 1
1738 1860 1
1738 1948 1
1739 1757 1
1739 1775 1
1739 1778 1
1739 1818 1
1739 1896 1
1739 1952 1
1740 1743 1
1740 1796 1
1740 1810 1
1740 1815 1
1740 1868 1
1740 1886 1
1740 1908 1
1740 1962 1
1740 1968 1
1741 1775 1
1741 1778 1
1741 1796 1
1741 1801 1
1741 1868 1
1741 1880 1
1741 1925 1
1742 1789 1
1742 1817 1
1742 1893 1
1742 1921 1
1742 1953 1
1742 1963 1
1742 1971 1
1742 1999 1
1743 1769 1
1743 1802 1
1743 1914 1
1743 1944 1
1743 1969 1
1743 1985 1
1744 1768 1
1744 1772 1
1744 1790 1
1744 1806 1
1744 1817 1
1744 1929 1
1744 1947 1
1744 1956 1
1744 1971 1
1744 1997 1
1745 1753 1
1745 1790 1
1745 1794 1
1746 1756 1
1746 1859 1
1746 1879 1
1746 1930 1
1746 1942 1
1746 1965 1
1747 1755 1
1747 1763 1
1747 1790 1
1747 1805 1
1747 1813 1
1747 1886 1
1747 1941 1
1747 1957 1
1747 1981 1
1747 1998 1
1748 1760 1
1748 1778 1
1748 1785 1
1748 1815 1
1748 1980 1
1749 1750 1
1749 1837 1
1749 1851 1
1749 1857 1
1749 1872 1
1749 1917 1
1749 1931 1
1749 1978 1
1749 1991 1
1750 1795 1
1750 1831 1
1750 1909 1
1750 1914 1
1750 1915 1
1750 1954 1
1750 1999 1
1751 1983 1
1751 1984 1
1752 1769 1
1752 1783 1
1752 1818 1
1752 1837 1
1752 1845 1
1752 1878 1
1752 1880 1
1752 1885 1
1752 1940 1
1752 1958 1
1752 1973 1
1753 1796 1
1753 1844 1
1753 1859 1
1753 1930 1
1753 1954 1
1753 1972 1
1753 1999 1
1754 1768 1
1754 1769 1
1754 1776 1
1754 1820 1
1754 1839 1
1754 1844 1
1754 1876 1
1754 1950 1
1754 1970 1
1754 1983 1
1755 1764 1
1755 1770 1
1755 1794 1
1755 1847 1
1755 1895 1
1755 1933 1
1756 1816 1
1756 1939 1
1757 1789 1
1757 1896 1
1757 1916 1
1757 1927 1
1758 1785 1
1758 1807 1
1758 1815 1
1758 1823 1
1758 1826 1
1758 1834 1
1758 1839 1
1758 1852 1
1758 1864 1
1758 1882 1
1758 1929 1
1758 1937 1
1758 1948 1
1758 1984 1
1759 1789 1
1759 1907 1
1759 1948 1
1759 1990 1
1760 1786 1
1760 1804 1
1760 1847 1
1760 1856 1
1760 1895 1
1761 1772 1
1761 1773 1
1761 1785 1
1761 1791 1
1761 1868 1
1761 1902 1
1761 1914 1
1761 1942 1
1761 1995 1
1762 1798 1
1762 1811 1
1762 1843 1
1762 1876 1
1762 1950 1
1762 1982 1
1762 1984 1
1763 1774 1
1763 1781 1
1763 1833 1
1763 1847 1
1763 1896 1
1763 1923 1
1763 1926 1
1763 1935 1
1763 1945 1
1764 1778 1
1764 1818 1
1764 1910 1
1764 1964 1
1764 1999 1
1764 2000 1
1765 1777 1
1765 1875 1
1765 1901 1
1765 1932 1
1765 1948 1
1765 1995 1
1765 2000 1
1766 1818 1
1766 1880 1
1766 1899 1
1766 1958 1
1766 1959 1
1766 1994 1
1767 1800 1
1767 1844 1
1767 1874 1
1767 1914 1
1767 1939 1
1767 1947 1
1767 1973 1
1768 1908 1
1768 1999 1
1769 1953 1
1769 1959 1
1769 1981 1
1770 1778 1
1770 1866 1
1770 1934 1
1770 1979 1
1770 1997 1
1771 1804 1
1771 1847 1
1771 1852 1
1771 1916 1
1771 1925 1
1771 1931 1
1772 1778 1
1772 1790 1
1772 1806 1
1772 1969 1
1772 1970 1
1772 1979 1
1772 1999 1
1773 1790 1
1773 1822 1
1773 1832 1
1773 1837 1
1774 1796 1
1774 1813 1
1774 1858 1
1774 1909 1
1774 1914 1
1774 1930 1
1775 1800 1
1775 1843 1
1775 1853 1
1775 1930 1
1775 1952 1
1775 1967 1
1776 1797 1
1776 1832 1
1776 1848 1
1776 1856 1
1776 1879 1
1776 1905 1
1777 1809 1
1777 1816 1
1777 1864 1
1777 1872 1
1777 1890 1
1777 1907 1
1777 1964 1
1777 1976 1
1778 1795 1
1778 1840 1
1778 1898 1
1778 1923 1
1778 1928 1
1779 1783 1
1779 1916 1
1779 1930 1
1779 1940 1
1779 1981 1
1780 1786 1
1780 1794 1
1780 1831 1
1780 1883 1
1780 1929 1
1780 1959 1
1781 1817 1
1781 1877 1
1781 1883 1
1782 1785 1
1782 1786 1
1782 1800 1
1782 1801 1
1782 1912 1
1782 1930 1
1782 1954 1
1783 1881 1
1783 1899 1
1783 1923 1
1783 1934 1
1783 1962 1
1783 1989 1
1784 1811 1
1784 1828 1
1784 1843 1
1784 1848 1
1784 1865 1
1784 1882 1
1784 1898 1
1784 1939 1
1784 1946 1
1785 1793 1
1785 1823 1
1785 1908 1
1785 1982 1
1786 1860 1
1786 1869 1
1786 1877 1
1786 1896 1
1786 1950 1
1787 1804 1
1787 1841 1
1787 1948 1
1788 1826 1
1788 1842 1
1788 1852 1
1788 1856 1
1788 1895 1
1788 1904 1
1788 1921 1
1788 1948 1
1788 1958 1
1788 1998 1
1789 1956 1
1789 1994 1
1790 1794 1
1790 1806 1
1790 1826 1
1790 1899 1
1790 1904 1
1790 1997 1
1791 1836 1
1791 1846 1
1791 1886 1
1791 1899 1
1791 1942 1
1791 1960 1
1792 1897 1
1792 1921 1
1793 1919 1
1793 1938 1
1793 1941 1
1793 1968 1
1793 1970 1
1793 1997 1
1794 1836 1
1794 1841 1
1794 1843 1
1794 1875 1
1794 1910 1
1794 1923 1
1794 1953 1
1794 1963 1
1794 1979 1
1794 2000 1
1795 1807 1
1795 1870 1
1795 1909 1
1795 1929 1
1796 1853 1
1796 1880 1
1796 1900 1
1796 1923 1
1796 1960 1
1796 1999 1
1797 1816 1
1797 1817 1
1797 1832 1
1797 1842 1
1797 1872 1
1797 1887 1
1797 1890 1
1797 1947 1
1797 1960 1
1798 1807 1
1798 1879 1
1798 1945 1
1798 1947 1
1798 1989 1
1799 1832 1
1799 1837 1
1799 1846 1
1799 1863 1
1799 1867 1
1799 1956 1
1799 1961 1
1799 1980 1
1799 1997 1
1800 1802 1
1800 1844 1
1800 1845 1
1800 1923 1
1801 1805 1
1801 1873 1
1801 1889 1
1801 1906 1
1802 1853 1
1802 1870 1
1802 1897 1
1802 1915 1
1802 1936 1
1802 1948 1
1803 1826 1
1803 1846 1
1803 1856 1
1803 1894 1
1803 1905 1
1803 1919 1
1804 1886 1
1804 1896 1
1804 1917 1
1804 1948 1
1804 1967 1
1805 1826 1
1805 1833 1
1805 1916 1
1805 1921 1
1805 1991 1
1806 1829 1
1806 1922 1
1806 1938 1
1806 1940 1
1806 1985 1
1807 1809 1
1807 1817 1
1807 1836 1
1807 1842 1
1807 1902 1
1807 1982 1
1807 1985 1
1808 1810 1
1808 1916 1
1808 1933 1
1808 1969 1
1808 1992 1
1809 1891 1
1809 1902 1
1809 1917 1
1809 1985 1
1810 1882 1
1810 1932 1
1810 1952 1
1810 1988 1
1810 1997 1
1811 1907 1
1811 1979 1
1812 1830 1
1812 1938 1
1812 1962 1
1813 1942 1
1814 1821 1
1814 1830 1
1814 1846 1
1814 1904 1
1814 1922 1
1814 1935 1
1814 1978 1
1814 1993 1
1814 2000 1
1815 1879 1
1815 1910 1
1815 1911 1
1815 1928 1
1815 1961 1
1815 1968 1
1815 1986 1
1815 1990 1
1816 1825 1
1816 1843 1
1816 1871 1
1816 1895 1
1816 1962 1
1816 1973 1
1817 1862 1
1817 1901 1
1817 1913 1
1817 1928 1
1817 1950 1
1817 1953 1
1817 1954 1
1818 1863 1
1818 1926 1
1818 1931 1
1819 1903 1
1819 1961 1
1820 1822 1
1820 1857 1
1820 1935 1
1820 1944 1
1820 1972 1
1821 1856 1
1821 1871 1
1821 1922 1
1821 1972 1
1822 1851 1
1822 1861 1
1822 1989 1
1823 1824 1
1823 1909 1
1823 1926 1
1824 1904 1
1824 1905 1
1824 1945 1
1824 1951 1
1824 1954 1
1824 1975 1
1824 1999 1
1825 1838 1
1825 1862 1
1825 1868 1
1825 1882 1
1825 1904 1
1826 1843 1
1826 1871 1
1826 1879 1
1826 1918 1
1826 1988 1
1827 1837 1
1827 1847 1
1827 1879 1
1827 1894 1
1827 1906 1
1827 1908 1
1828 1835 1
1828 1893 1
1828 1959 1
1829 1961 1
1829 1976 1
1830 1846 1
1830 1851 1
1830 1924 1
1830 1940 1
1830 1969 1
1831 1836 1
1831 1841 1
1831 1871 1
1831 1941 1
1832 1850 1
1832 1897 1
1832 1921 1
1832 1925 1
1832 1980 1
1833 1896 1
1833 1934 1
1833 1977 1
1833 1978 1
1833 1994 1
1834 1935 1
1834 1994 1
1835 1900 1
1835 1989 1
1835 1992 1
1836 1887 1
1836 1973 1
1837 1852 1
1837 1867 1
1837 1910 1
1837 1918 1
1837 1947 1
1837 1985 1
1838 1878 1
1838 1915 1
1838 1919 1
1838 1939 1
1838 1941 1
1838 1943 1
1839 1903 1
1839 1909 1
1839 1974 1
1839 1993 1
1840 1843 1
1840 1849 1
1840 1938 1
1840 1968 1
1840 1969 1
1840 1973 1
1841 1940 1
1841 1978 1
1842 1889 1
1842 1913 1
1842 1919 1
1843 1896 1
1843 1923 1
1844 1857 1
1844 1861 1
1844 1948 1
1844 1985 1
1845 1848 1
1845 1873 1
1845 1909 1
1845 1928 1
1845 1997 1
1846 1933 1
1846 1960 1
1846 1967 1
1847 1861 1
1847 1941 1
1847 1957 1
1847 1971 1
1848 1951 1
1848 1996 1
1848 2000 1
1849 1898 1
1849 1900 1
1849 1908 1
1849 1941 1
1849 1985 1
1850 1851 1
1850 1884 1
1850 1899 1
1850 1939 1
1851 1965 1
1852 1904 1
1852 1976 1
1853 1855 1
1853 1907 1
1853 1960 1
1854 1910 1
1854 1962 1
1855 1980 1
1856 1879 1
1856 1889 1
1856 1931 1
1856 1938 1
1856 1961 1
1857 1894 1
1857 1963 1
1858 1880 1
1858 1943 1
1858 1987 1
1859 1861 1
1859 1868 1
1859 1888 1
1860 1861 1
1860 1890 1
1860 1902 1
1860 1915 1
1860 1925 1
1861 1910 1
1861 1997 1
1862 1909 1
1862 1910 1
1862 1923 1
1862 1977 1
1862 1988 1
1864 1914 1
1864 1947 1
1864 1972 1
1865 1875 1
1865 1960 1
1866 1874 1
1866 1914 1
1866 1916 1
1866 1955 1
1866 1988 1
1866 1996 1
1866 1999 1
1867 1882 1
1867 1926 1
1867 1973 1
1867 1999 1
1868 1969 1
1869 1891 1
1869 1913 1
1869 1956 1
1869 1976 1
1870 1872 1
1870 1873 1
1870 1890 1
1870 1896 1
1870 1907 1
1871 1921 1
1871 1948 1
1871 1955 1
1871 1978 1
1872 1951 1
1872 1991 1
1873 1903 1
1873 1907 1
1873 1928 1
1873 1936 1
1873 1984 1
1873 1995 1
1874 1909 1
1874 1911 1
1874 1955 1
1874 1978 1
1875 1884 1
1875 1886 1
1875 1909 1
1875 1938 1
1875 1988 1
1875 1997 1
1876 1894 1
1876 1947 1
1876 1981 1
1878 1888 1
1878 1919 1
1878 1985 1
1879 1881 1
1879 1972 1
1879 1978 1
1880 1946 1
1880 1991 1
1881 1882 1
1881 1884 1
1881 1916 1
1881 1936 1
1881 1976 1
1881 1979 1
1882 1912 1
1882 1920 1
1883 1902 1
1883 1940 1
1883 1945 1
1883 1946 1
1883 1949 1
1883 1951 1
1883 1953 1
1883 1978 1
1883 1999 1
1884 1913 1
1884 1937 1
1884 1973 1
1885 1890 1
1885 1896 1
1885 1959 1
1885 1961 1
1886 1893 1
1886 1981 1
1887 1910 1
1887 1912 1
1887 1922 1
1887 1926 1
1887 1936 1
1887 1957 1
1887 1977 1
1888 1905 1
1888 1931 1
1888 1937 1
1888 1958 1
1888 1975 1
1888 1979 1
1889 1967 1
1890 1943 1
1890 2000 1
1891 1899 1
1891 1902 1
1891 1909 1
1892 1946 1
1892 1968 1
1892 1974 1
1893 1932 1
1893 1951 1
1893 1959 1
1894 1928 1
1894 1939 1
1894 1997 1
1895 1904 1
1895 1948 1
1896 1898 1
1896 1910 1
1896 1939 1
1896 1975 1
1896 1986 1
1897 1972 1
1897 1981 1
1898 1948 1
1898 1964 1
1899 1900 1
1899 1984 1
1899 1993 1
1899 2000 1
1900 1905 1
1900 1917 1
1900 1985 1
1900 1991 1
1901 1904 1
1901 1918 1
1901 1953 1
1901 1987 1
1902 1971 1
1902 1984 1
1902 1985 1
1904 1944 1
1905 1917 1
1905 1931 1
1906 1959 1
1907 1938 1
1907 1958 1
1907 1991 1
1908 1978 1
1908 1981 1
1909 1983 1
1910 1993 1
1911 1923 1
1911 1964 1
1912 1976 1
1912 1977 1
1912 1984 1
1913 1984 1
1914 1934 1
1915 1926 1
1915 1931 1
1915 1981 1
1915 1996 1
1916 1922 1
1916 1933 1
1916 1957 1
1916 1963 1
1917 1972 1
1918 1971 1
1918 1977 1
1919 1941 1
1919 1949 1
1919 1956 1
1921 1991 1
1922 1937 1
1922 1947 1
1922 1950 1
1923 1972 1
1923 1995 1
1924 1927 1
1924 1939 1
1924 1968 1
1924 1989 1
1925 1942 1
1926 1942 1
1926 1944 1
1926 1946 1
1928 1932 1
1928 1946 1
1928 2000 1
1930 1944 1
1930 1985 1
1930 1987 1
1930 1999 1
1932 2000 1
1933 1941 1
1933 1997 1
1934 1981 1
1935 1952 1
1935 1988 1
1935 1989 1
1936 1937 1
1936 1991 1
1937 1950 1
1937 1964 1
1939 1954 1
1939 1960 1
1939 1994 1
1940 1945 1
1940 1986 1
1941 1949 1
1942 1950 1
1942 1962 1
1942 1966 1
1942 1984 1
1943 1947 1
1943 1989 1
1943 1995 1
1945 1962 1
1945 1964 1
1945 1995 1
1946 1973 1
1946 1988 1
1947 1966 1
1948 1973 1
1950 1975 1
1953 1999 1
1954 1955 1
1955 1960 1
1955 1972 1
1955 1984 1
1956 1982 1
1956 2000 1
1957 1966 1
1957 1982 1
1957 1995 1
1957 1998 1
1958 1970 1
1958 1990 1
1960 1982 1
1961 1969 1
1962 1995 1
1964 1973 1
1964 1987 1
1965 1966 1
1965 1983 1
1965 1997 1
1965 2000 1
1966 1983 1
1966 1993 1
1967 1978 1
1968 1974 1
1969 1979 1
1969 1985 1
1970 1985 1
1973 1997 1
1973 1998 1
1974 1976 1
1974 1977 1
1974 1985 1
1974 2000 1
1975 1976 1
1975 1996 1
1976 1989 1
1976 1995 1
1980 1993 1
1991 1993 1
1992 1994 1
1993 1995 1
