2000 50230
1 13 1
1 22 1
1 52 1
1 168 1
1 241 1
1 246 1
1 321 1
1 360 1
1 368 1
1 389 1
1 397 1
1 453 1
1 471 1
1 506 1
1 558 1
1 562 1
1 635 1
1 638 1
1 640 1
1 759 1
1 804 1
1 820 1
1 869 1
1 1055 1
1 1060 1
1 1066 1
1 1130 1
1 1205 1
1 1310 1
1 1364 1
1 1372 1
1 1412 1
1 1441 1
1 1511 1
1 1579 1
1 1609 1
1 1641 1
1 1677 1
1 1761 1
1 1790 1
1 1834 1
1 1864 1
1 1900 1
1 1970 1
1 1976 1
2 84 1
2 107 1
2 139 1
2 144 1
2 169 1
2 199 1
2 211 1
2 272 1
2 275 1
2 276 1
2 366 1
2 373 1
2 374 1
2 488 1
2 509 1
2 536 1
2 593 1
2 604 1
2 636 1
2 708 1
2 712 1
2 737 1
2 789 1
2 822 1
2 824 1
2 830 1
2 859 1
2 895 1
2 897 1
2 1022 1
2 1050 1
2 1184 1
2 1263 1
2 1356 1
2 1458 1
2 1472 1
2 1495 1
2 1650 1
2 1692 1
2 1704 1
2 1733 1
2 1735 1
2 1766 1
2 1819 1
2 1845 1
2 1873 1
3 15 1
3 30 1
3 208 1
3 300 1
3 306 1
3 354 1
3 390 1
3 415 1
3 417 1
3 438 1
3 467 1
3 509 1
3 555 1
3 576 1
3 669 1
3 715 1
3 716 1
3 762 1
3 798 1
3 858 1
3 887 1
3 976 1
3 1003 1
3 1011 1
3 1041 1
3 1062 1
3 1063 1
3 1098 1
3 1131 1
3 1202 1
3 1297 1
3 1310 1
3 1395 1
3 1405 1
3 1441 1
3 1470 1
3 1485 1
3 1500 1
3 1524 1
3 1527 1
3 1549 1
3 1571 1
3 1573 1
3 1579 1
3 1616 1
3 1667 1
3 1739 1
3 1882 1
3 1966 1
3 1984 1
4 19 1
4 115 1
4 125 1
4 181 1
4 183 1
4 208 1
4 226 1
4 257 1
4 302 1
4 331 1
4 400 1
4 409 1
4 491 1
4 520 1
4 547 1
4 553 1
4 577 1
4 619 1
4 627 1
4 677 1
4 736 1
4 778 1
4 807 1
4 893 1
4 919 1
4 920 1
4 956 1
4 1048 1
4 1062 1
4 1076 1
4 1192 1
4 1243 1
4 1270 1
4 1272 1
4 1375 1
4 1406 1
4 1512 1
4 1638 1
4 1645 1
4 1693 1
4 1783 1
4 1795 1
4 1995 1
5 43 1
5 177 1
5 190 1
5 248 1
5 298 1
5 320 1
5 355 1
5 379 1
5 399 1
5 419 1
5 452 1
5 453 1
5 544 1
5 556 1
5 567 1
5 609 1
5 625 1
5 641 1
5 752 1
5 773 1
5 780 1
5 810 1
5 884 1
5 885 1
5 967 1
5 976 1
5 1058 1
5 1064 1
5 1079 1
5 1094 1
5 1163 1
5 1291 1
5 1300 1
5 1355 1
5 1502 1
5 1557 1
5 1640 1
5 1687 1
5 1690 1
5 1713 1
5 1715 1
5 1742 1
5 1767 1
5 1838 1
5 1858 1
5 1866 1
5 1884 1
5 1901 1
5 1916 1
5 1971 1
6 39 1
6 128 1
6 161 1
6 163 1
6 189 1
6 228 1
6 234 1
6 246 1
6 300 1
6 373 1
6 386 1
6 390 1
6 423 1
6 451 1
6 491 1
6 530 1
6 574 1
6 594 1
6 620 1
6 639 1
6 660 1
6 669 1
6 677 1
6 679 1
6 741 1
6 790 1
6 861 1
6 882 1
6 947 1
6 961 1
6 964 1
6 990 1
6 993 1
6 1006 1
6 1023 1
6 1049 1
6 1075 1
6 1164 1
6 1208 1
6 1241 1
6 1287 1
6 1297 1
6 1308 1
6 1332 1
6 1432 1
6 1448 1
6 1501 1
6 1536 1
6 1576 1
6 1660 1
6 1708 1
6 1769 1
6 1817 1
6 1821 1
6 1839 1
6 1845 1
6 1852 1
6 1907 1
6 1917 1
6 1938 1
6 1984 1
7 56 1
7 64 1
7 109 1
7 158 1
7 182 1
7 216 1
7 244 1
7 347 1
7 409 1
7 423 1
7 425 1
7 440 1
7 479 1
7 578 1
7 579 1
7 638 1
7 663 1
7 689 1
7 711 1
7 715 1
7 727 1
7 765 1
7 796 1
7 797 1
7 819 1
7 863 1
7 910 1
7 937 1
7 946 1
7 1007 1
7 1015 1
7 1026 1
7 1031 1
7 1039 1
7 1078 1
7 1144 1
7 1176 1
7 1188 1
7 1199 1
7 1233 1
7 1239 1
7 1266 1
7 1309 1
7 1339 1
7 1400 1
7 1404 1
7 1416 1
7 1448 1
7 1482 1
7 1516 1
7 1550 1
7 1694 1
7 1737 1
7 1746 1
7 1747 1
7 1762 1
7 1791 1
7 1875 1
7 1892 1
7 1927 1
7 1929 1
7 1944 1
7 1995 1
8 110 1
8 123 1
8 189 1
8 325 1
8 378 1
8 392 1
8 416 1
8 422 1
8 427 1
8 435 1
8 444 1
8 464 1
8 522 1
8 617 1
8 641 1
8 684 1
8 701 1
8 739 1
8 744 1
8 760 1
8 780 1
8 814 1
8 856 1
8 867 1
8 902 1
8 934 1
8 957 1
8 958 1
8 1080 1
8 1085 1
8 1087 1
8 1135 1
8 1196 1
8 1207 1
8 1209 1
8 1378 1
8 1432 1
8 1456 1
8 1538 1
8 1556 1
8 1574 1
8 1592 1
8 1596 1
8 1650 1
8 1664 1
8 1678 1
8 1683 1
8 1758 1
8 1765 1
8 1811 1
8 1828 1
8 1890 1
8 1941 1
8 1980 1
8 1983 1
8 1992 1
9 18 1
9 43 1
9 45 1
9 56 1
9 70 1
9 81 1
9 160 1
9 169 1
9 267 1
9 270 1
9 299 1
9 304 1
9 314 1
9 401 1
9 404 1
9 413 1
9 440 1
9 468 1
9 474 1
9 489 1
9 512 1
9 517 1
9 521 1
9 572 1
9 660 1
9 713 1
9 814 1
9 829 1
9 835 1
9 848 1
9 855 1
9 972 1
9 1010 1
9 1034 1
9 1169 1
9 1183 1
9 1184 1
9 1195 1
9 1294 1
9 1311 1
9 1447 1
9 1448 1
9 1463 1
9 1489 1
9 1527 1
9 1542 1
9 1629 1
9 1665 1
9 1702 1
9 1705 1
9 1741 1
9 1900 1
9 1982 1
9 1989 1
10 11 1
10 41 1
10 49 1
10 71 1
10 267 1
10 280 1
10 316 1
10 319 1
10 392 1
10 393 1
10 406 1
10 407 1
10 495 1
10 521 1
10 561 1
10 577 1
10 602 1
10 652 1
10 658 1
10 706 1
10 736 1
10 773 1
10 784 1
10 796 1
10 886 1
10 896 1
10 917 1
10 920 1
10 941 1
10 946 1
10 975 1
10 1067 1
10 1075 1
10 1077 1
10 1143 1
10 1206 1
10 1225 1
10 1234 1
10 1236 1
10 1252 1
10 1254 1
10 1278 1
10 1356 1
10 1386 1
10 1387 1
10 1440 1
10 1456 1
10 1466 1
10 1486 1
10 1488 1
10 1574 1
10 1657 1
10 1804 1
10 1836 1
10 1971 1
10 2000 1
11 54 1
11 102 1
11 106 1
11 146 1
11 205 1
11 211 1
11 213 1
11 241 1
11 262 1
11 313 1
11 334 1
11 335 1
11 380 1
11 396 1
11 412 1
11 446 1
11 465 1
11 508 1
11 515 1
11 606 1
11 607 1
11 611 1
11 621 1
11 631 1
11 651 1
11 673 1
11 696 1
11 712 1
11 728 1
11 749 1
11 750 1
11 828 1
11 906 1
11 907 1
11 914 1
11 956 1
11 971 1
11 1185 1
11 1187 1
11 1323 1
11 1367 1
11 1442 1
11 1584 1
11 1680 1
11 1719 1
11 1751 1
11 1791 1
11 1800 1
11 1817 1
11 1950 1
11 1954 1
11 1981 1
11 1996 1
11 2000 1
12 13 1
12 66 1
12 171 1
12 200 1
12 226 1
12 265 1
12 278 1
12 376 1
12 551 1
12 565 1
12 578 1
12 613 1
12 629 1
12 658 1
12 733 1
12 752 1
12 756 1
12 936 1
12 982 1
12 994 1
12 1000 1
12 1027 1
12 1112 1
12 1120 1
12 1121 1
12 1169 1
12 1191 1
12 1198 1
12 1202 1
12 1239 1
12 1256 1
12 1270 1
12 1277 1
12 1300 1
12 1316 1
12 1321 1
12 1405 1
12 1508 1
12 1542 1
12 1600 1
12 1628 1
12 1725 1
12 1733 1
12 1804 1
12 1858 1
13 120 1
13 186 1
13 238 1
13 253 1
13 428 1
13 466 1
13 507 1
13 550 1
13 621 1
13 652 1
13 665 1
13 719 1
13 746 1
13 787 1
13 802 1
13 811 1
13 933 1
13 937 1
13 1004 1
13 1053 1
13 1064 1
13 1073 1
13 1139 1
13 1182 1
13 1200 1
13 1205 1
13 1235 1
13 1288 1
13 1346 1
13 1397 1
13 1430 1
13 1500 1
13 1501 1
13 1509 1
13 1525 1
13 1528 1
13 1631 1
13 1708 1
13 1750 1
13 1799 1
13 1865 1
13 1888 1
13 1927 1
13 1994 1
13 1997 1
14 137 1
14 196 1
14 203 1
14 333 1
14 386 1
14 413 1
14 419 1
14 432 1
14 695 1
14 781 1
14 812 1
14 821 1
14 837 1
14 880 1
14 991 1
14 1021 1
14 1031 1
14 1089 1
14 1111 1
14 1121 1
14 1130 1
14 1144 1
14 1220 1
14 1223 1
14 1240 1
14 1246 1
14 1267 1
14 1368 1
14 1440 1
14 1452 1
14 1470 1
14 1536 1
14 1616 1
14 1637 1
14 1694 1
14 1707 1
14 1731 1
14 1799 1
14 1819 1
14 1869 1
14 1921 1
14 1922 1
14 1935 1
14 1968 1
14 1994 1
15 35 1
15 81 1
15 94 1
15 192 1
15 222 1
15 269 1
15 497 1
15 522 1
15 570 1
15 593 1
15 660 1
15 698 1
15 714 1
15 782 1
15 810 1
15 816 1
15 846 1
15 859 1
15 870 1
15 908 1
15 913 1
15 957 1
15 961 1
15 968 1
15 971 1
15 1008 1
15 1048 1
15 1083 1
15 1084 1
15 1127 1
15 1141 1
15 1155 1
15 1176 1
15 1195 1
15 1247 1
15 1267 1
15 1305 1
15 1314 1
15 1384 1
15 1554 1
15 1588 1
15 1610 1
15 1630 1
15 1639 1
15 1684 1
15 1750 1
15 1752 1
15 1757 1
15 1852 1
15 1874 1
15 1880 1
15 1881 1
15 1883 1
16 19 1
16 34 1
16 44 1
16 77 1
16 120 1
16 150 1
16 177 1
16 189 1
16 199 1
16 244 1
16 416 1
16 472 1
16 538 1
16 580 1
16 618 1
16 635 1
16 636 1
16 726 1
16 812 1
16 819 1
16 843 1
16 868 1
16 884 1
16 887 1
16 913 1
16 967 1
16 980 1
16 1013 1
16 1109 1
16 1329 1
16 1485 1
16 1496 1
16 1563 1
16 1568 1
16 1601 1
16 1611 1
16 1640 1
16 1644 1
16 1673 1
16 1682 1
16 1744 1
16 1822 1
16 1838 1
16 1867 1
16 1884 1
16 1888 1
16 1920 1
16 1933 1
16 1958 1
16 1980 1
17 36 1
17 74 1
17 150 1
17 225 1
17 228 1
17 236 1
17 294 1
17 309 1
17 320 1
17 343 1
17 459 1
17 473 1
17 507 1
17 597 1
17 654 1
17 736 1
17 769 1
17 798 1
17 813 1
17 832 1
17 862 1
17 882 1
17 912 1
17 932 1
17 986 1
17 994 1
17 1062 1
17 1063 1
17 1075 1
17 1077 1
17 1125 1
17 1169 1
17 1200 1
17 1212 1
17 1226 1
17 1240 1
17 1254 1
17 1266 1
17 1313 1
17 1334 1
17 1399 1
17 1440 1
17 1626 1
17 1632 1
17 1652 1
17 1695 1
17 1755 1
17 1804 1
17 1814 1
17 1881 1
17 1915 1
17 1939 1
17 1944 1
17 1952 1
17 1966 1
17 1968 1
17 1970 1
17 1986 1
18 33 1
18 44 1
18 82 1
18 93 1
18 157 1
18 192 1
18 204 1
18 306 1
18 332 1
18 333 1
18 391 1
18 404 1
18 430 1
18 495 1
18 535 1
18 623 1
18 626 1
18 659 1
18 674 1
18 709 1
18 727 1
18 735 1
18 741 1
18 760 1
18 763 1
18 806 1
18 956 1
18 969 1
18 1014 1
18 1115 1
18 1133 1
18 1138 1
18 1162 1
18 1189 1
18 1194 1
18 1221 1
18 1223 1
18 1331 1
18 1342 1
18 1422 1
18 1440 1
18 1503 1
18 1592 1
18 1664 1
18 1755 1
18 1775 1
18 1836 1
18 1951 1
19 213 1
19 223 1
19 319 1
19 332 1
19 341 1
19 380 1
19 459 1
19 502 1
19 616 1
19 648 1
19 725 1
19 764 1
19 771 1
19 796 1
19 859 1
19 888 1
19 890 1
19 893 1
19 919 1
19 969 1
19 977 1
19 1045 1
19 1060 1
19 1083 1
19 1096 1
19 1159 1
19 1166 1
19 1188 1
19 1191 1
19 1240 1
19 1358 1
19 1407 1
19 1422 1
19 1478 1
19 1485 1
19 1506 1
19 1520 1
19 1521 1
19 1543 1
19 1608 1
19 1609 1
19 1612 1
19 1615 1
19 1626 1
19 1636 1
19 1688 1
19 1694 1
19 1728 1
19 1767 1
19 1793 1
19 1899 1
19 1901 1
19 1931 1
19 1999 1
20 77 1
20 112 1
20 150 1
20 210 1
20 360 1
20 401 1
20 419 1
20 474 1
20 488 1
20 519 1
20 601 1
20 618 1
20 622 1
20 661 1
20 668 1
20 693 1
20 727 1
20 769 1
20 784 1
20 807 1
20 822 1
20 869 1
20 882 1
20 908 1
20 920 1
20 946 1
20 988 1
20 997 1
20 1040 1
20 1044 1
20 1065 1
20 1094 1
20 1096 1
20 1101 1
20 1148 1
20 1155 1
20 1173 1
20 1231 1
20 1317 1
20 1340 1
20 1409 1
20 1440 1
20 1449 1
20 1464 1
20 1509 1
20 1544 1
20 1647 1
20 1683 1
20 1703 1
20 1705 1
20 1706 1
20 1741 1
20 1815 1
20 1901 1
20 1920 1
20 1973 1
20 1984 1
21 29 1
21 40 1
21 102 1
21 125 1
21 167 1
21 249 1
21 254 1
21 264 1
21 266 1
21 284 1
21 338 1
21 370 1
21 375 1
21 465 1
21 466 1
21 483 1
21 545 1
21 565 1
21 592 1
21 594 1
21 645 1
21 660 1
21 672 1
21 682 1
21 702 1
21 771 1
21 794 1
21 799 1
21 809 1
21 820 1
21 930 1
21 938 1
21 1008 1
21 1108 1
21 1124 1
21 1154 1
21 1234 1
21 1236 1
21 1312 1
21 1356 1
21 1362 1
21 1388 1
21 1413 1
21 1416 1
21 1509 1
21 1546 1
21 1559 1
21 1564 1
21 1569 1
21 1572 1
21 1588 1
21 1591 1
21 1630 1
21 1737 1
21 1758 1
21 1819 1
21 1855 1
21 1878 1
21 1887 1
21 1900 1
21 1922 1
21 1934 1
21 1936 1
21 1979 1
22 33 1
22 46 1
22 71 1
22 133 1
22 200 1
22 203 1
22 207 1
22 271 1
22 346 1
22 386 1
22 428 1
22 513 1
22 547 1
22 575 1
22 580 1
22 663 1
22 713 1
22 714 1
22 775 1
22 784 1
22 787 1
22 927 1
22 944 1
22 973 1
22 1105 1
22 1171 1
22 1195 1
22 1200 1
22 1263 1
22 1283 1
22 1288 1
22 1332 1
22 1339 1
22 1381 1
22 1425 1
22 1491 1
22 1527 1
22 1562 1
22 1576 1
22 1590 1
22 1630 1
22 1692 1
22 1744 1
22 1866 1
22 1907 1
22 1985 1
23 31 1
23 51 1
23 79 1
23 80 1
23 121 1
23 187 1
23 196 1
23 228 1
23 245 1
23 282 1
23 311 1
23 327 1
23 360 1
23 408 1
23 487 1
23 489 1
23 492 1
23 513 1
23 584 1
23 615 1
23 634 1
23 685 1
23 708 1
23 737 1
23 743 1
23 745 1
23 762 1
23 800 1
23 832 1
23 883 1
23 912 1
23 920 1
23 932 1
23 965 1
23 972 1
23 996 1
23 1001 1
23 1009 1
23 1018 1
23 1040 1
23 1060 1
23 1101 1
23 1131 1
23 1141 1
23 1216 1
23 1218 1
23 1268 1
23 1307 1
23 1382 1
23 1400 1
23 1405 1
23 1406 1
23 1421 1
23 1431 1
23 1454 1
23 1468 1
23 1481 1
23 1641 1
23 1696 1
23 1711 1
23 1750 1
23 1757 1
23 1771 1
23 1863 1
23 1883 1
23 1884 1
23 1897 1
23 1898 1
23 1919 1
23 1993 1
24 96 1
24 102 1
24 205 1
24 220 1
24 229 1
24 386 1
24 461 1
24 475 1
24 476 1
24 481 1
24 482 1
24 506 1
24 566 1
24 610 1
24 665 1
24 681 1
24 708 1
24 725 1
24 801 1
24 827 1
24 849 1
24 887 1
24 921 1
24 928 1
24 941 1
24 1012 1
24 1072 1
24 1076 1
24 1211 1
24 1248 1
24 1265 1
24 1278 1
24 1286 1
24 1339 1
24 1384 1
24 1403 1
24 1471 1
24 1541 1
24 1551 1
24 1570 1
24 1626 1
24 1687 1
24 1735 1
24 1817 1
24 1842 1
24 1899 1
24 1932 1
24 1941 1
24 1972 1
24 1975 1
24 1985 1
25 37 1
25 47 1
25 107 1
25 173 1
25 185 1
25 225 1
25 378 1
25 382 1
25 393 1
25 399 1
25 414 1
25 619 1
25 635 1
25 702 1
25 754 1
25 761 1
25 852 1
25 868 1
25 881 1
25 901 1
25 950 1
25 951 1
25 953 1
25 954 1
25 1013 1
25 1082 1
25 1084 1
25 1095 1
25 1107 1
25 1135 1
25 1289 1
25 1297 1
25 1347 1
25 1392 1
25 1408 1
25 1415 1
25 1515 1
25 1646 1
25 1679 1
25 1685 1
25 1694 1
25 1714 1
25 1760 1
25 1890 1
25 1894 1
25 1975 1
26 48 1
26 54 1
26 99 1
26 129 1
26 151 1
26 274 1
26 328 1
26 368 1
26 393 1
26 450 1
26 492 1
26 544 1
26 614 1
26 621 1
26 622 1
26 678 1
26 685 1
26 689 1
26 739 1
26 742 1
26 768 1
26 781 1
26 812 1
26 925 1
26 938 1
26 1011 1
26 1169 1
26 1250 1
26 1259 1
26 1273 1
26 1354 1
26 1370 1
26 1433 1
26 1457 1
26 1467 1
26 1501 1
26 1568 1
26 1629 1
26 1630 1
26 1635 1
26 1644 1
26 1684 1
26 1687 1
26 1705 1
26 1742 1
26 1750 1
26 1840 1
26 1846 1
26 1867 1
26 1942 1
26 1966 1
27 34 1
27 64 1
27 85 1
27 152 1
27 205 1
27 213 1
27 230 1
27 258 1
27 285 1
27 295 1
27 315 1
27 385 1
27 388 1
27 391 1
27 468 1
27 475 1
27 486 1
27 517 1
27 552 1
27 580 1
27 607 1
27 619 1
27 729 1
27 730 1
27 739 1
27 794 1
27 818 1
27 831 1
27 941 1
27 1004 1
27 1023 1
27 1055 1
27 1077 1
27 1091 1
27 1233 1
27 1307 1
27 1344 1
27 1421 1
27 1484 1
27 1506 1
27 1513 1
27 1535 1
27 1551 1
27 1570 1
27 1576 1
27 1630 1
27 1642 1
27 1654 1
27 1665 1
27 1745 1
27 1746 1
27 1857 1
27 1865 1
27 1878 1
27 1890 1
27 1898 1
27 1900 1
27 1951 1
28 61 1
28 133 1
28 202 1
28 205 1
28 207 1
28 223 1
28 276 1
28 366 1
28 417 1
28 425 1
28 475 1
28 527 1
28 595 1
28 597 1
28 602 1
28 666 1
28 670 1
28 675 1
28 696 1
28 793 1
28 829 1
28 899 1
28 925 1
28 970 1
28 980 1
28 1016 1
28 1037 1
28 1059 1
28 1099 1
28 1227 1
28 1318 1
28 1404 1
28 1440 1
28 1456 1
28 1495 1
28 1602 1
28 1657 1
28 1679 1
28 1689 1
28 1697 1
28 1712 1
28 1812 1
28 1839 1
28 1858 1
28 1922 1
28 1960 1
29 51 1
29 107 1
29 124 1
29 128 1
29 153 1
29 154 1
29 223 1
29 436 1
29 450 1
29 473 1
29 476 1
29 593 1
29 608 1
29 658 1
29 672 1
29 710 1
29 776 1
29 793 1
29 815 1
29 837 1
29 888 1
29 891 1
29 908 1
29 911 1
29 926 1
29 1018 1
29 1051 1
29 1108 1
29 1151 1
29 1173 1
29 1195 1
29 1200 1
29 1320 1
29 1336 1
29 1343 1
29 1375 1
29 1389 1
29 1401 1
29 1430 1
29 1521 1
29 1566 1
29 1567 1
29 1613 1
29 1644 1
29 1649 1
29 1692 1
29 1796 1
29 1836 1
29 1841 1
29 1845 1
29 1846 1
29 1855 1
29 1882 1
29 1892 1
29 1922 1
29 1962 1
29 1981 1
29 1988 1
29 1990 1
29 1991 1
30 94 1
30 133 1
30 154 1
30 171 1
30 352 1
30 356 1
30 399 1
30 409 1
30 435 1
30 437 1
30 449 1
30 499 1
30 529 1
30 564 1
30 568 1
30 696 1
30 744 1
30 866 1
30 881 1
30 935 1
30 954 1
30 956 1
30 979 1
30 1086 1
30 1139 1
30 1336 1
30 1352 1
30 1451 1
30 1482 1
30 1502 1
30 1526 1
30 1546 1
30 1572 1
30 1578 1
30 1642 1
30 1660 1
30 1691 1
30 1716 1
30 1724 1
30 1726 1
30 1797 1
30 1858 1
30 1878 1
30 1930 1
30 1986 1
31 36 1
31 49 1
31 77 1
31 102 1
31 150 1
31 153 1
31 184 1
31 199 1
31 235 1
31 250 1
31 338 1
31 364 1
31 476 1
31 481 1
31 548 1
31 563 1
31 564 1
31 568 1
31 725 1
31 763 1
31 814 1
31 833 1
31 842 1
31 856 1
31 870 1
31 964 1
31 1000 1
31 1051 1
31 1277 1
31 1298 1
31 1317 1
31 1320 1
31 1325 1
31 1330 1
31 1356 1
31 1359 1
31 1368 1
31 1369 1
31 1378 1
31 1392 1
31 1514 1
31 1576 1
31 1788 1
31 1831 1
31 1853 1
31 1858 1
31 1867 1
31 1873 1
31 1883 1
31 1898 1
31 1964 1
32 81 1
32 93 1
32 124 1
32 138 1
32 264 1
32 294 1
32 325 1
32 346 1
32 477 1
32 478 1
32 514 1
32 543 1
32 546 1
32 570 1
32 577 1
32 578 1
32 924 1
32 983 1
32 1025 1
32 1065 1
32 1083 1
32 1114 1
32 1180 1
32 1247 1
32 1277 1
32 1284 1
32 1289 1
32 1347 1
32 1428 1
32 1431 1
32 1453 1
32 1535 1
32 1570 1
32 1581 1
32 1615 1
32 1654 1
32 1714 1
32 1736 1
32 1799 1
32 1878 1
32 1925 1
32 1952 1
32 1970 1
33 73 1
33 134 1
33 196 1
33 203 1
33 208 1
33 236 1
33 267 1
33 433 1
33 478 1
33 497 1
33 531 1
33 571 1
33 602 1
33 635 1
33 638 1
33 662 1
33 732 1
33 825 1
33 898 1
33 906 1
33 939 1
33 1013 1
33 1042 1
33 1075 1
33 1106 1
33 1110 1
33 1159 1
33 1177 1
33 1189 1
33 1193 1
33 1242 1
33 1403 1
33 1410 1
33 1421 1
33 1437 1
33 1459 1
33 1550 1
33 1611 1
33 1642 1
33 1725 1
33 1758 1
33 1813 1
33 1845 1
33 1935 1
33 1967 1
33 1982 1
33 1991 1
34 54 1
34 57 1
34 99 1
34 121 1
34 161 1
34 176 1
34 209 1
34 342 1
34 347 1
34 357 1
34 376 1
34 390 1
34 400 1
34 411 1
34 458 1
34 576 1
34 597 1
34 604 1
34 650 1
34 697 1
34 733 1
34 769 1
34 775 1
34 815 1
34 819 1
34 827 1
34 886 1
34 912 1
34 932 1
34 1040 1
34 1069 1
34 1110 1
34 1128 1
34 1169 1
34 1177 1
34 1261 1
34 1272 1
34 1297 1
34 1397 1
34 1518 1
34 1553 1
34 1573 1
34 1642 1
34 1658 1
34 1751 1
34 1851 1
34 1881 1
34 1952 1
34 1969 1
35 86 1
35 167 1
35 175 1
35 177 1
35 191 1
35 217 1
35 224 1
35 253 1
35 254 1
35 262 1
35 281 1
35 309 1
35 339 1
35 349 1
35 464 1
35 632 1
35 746 1
35 754 1
35 763 1
35 811 1
35 818 1
35 886 1
35 891 1
35 916 1
35 986 1
35 1001 1
35 1016 1
35 1020 1
35 1026 1
35 1029 1
35 1052 1
35 1126 1
35 1182 1
35 1193 1
35 1300 1
35 1373 1
35 1406 1
35 1510 1
35 1564 1
35 1577 1
35 1607 1
35 1674 1
35 1699 1
35 1708 1
35 1739 1
35 1753 1
35 1775 1
35 1785 1
35 1786 1
35 1829 1
35 1856 1
35 1886 1
35 1938 1
35 1996 1
36 170 1
36 172 1
36 182 1
36 186 1
36 192 1
36 195 1
36 241 1
36 291 1
36 344 1
36 357 1
36 363 1
36 445 1
36 446 1
36 464 1
36 538 1
36 564 1
36 608 1
36 624 1
36 689 1
36 701 1
36 751 1
36 761 1
36 804 1
36 894 1
36 1016 1
36 1035 1
36 1078 1
36 1084 1
36 1095 1
36 1142 1
36 1194 1
36 1209 1
36 1230 1
36 1462 1
36 1533 1
36 1586 1
36 1590 1
36 1634 1
36 1655 1
36 1844 1
36 1885 1
36 1936 1
36 1947 1
36 1955 1
36 1972 1
37 46 1
37 88 1
37 98 1
37 102 1
37 153 1
37 154 1
37 209 1
37 211 1
37 226 1
37 270 1
37 276 1
37 280 1
37 306 1
37 317 1
37 365 1
37 389 1
37 493 1
37 494 1
37 506 1
37 595 1
37 617 1
37 661 1
37 706 1
37 762 1
37 940 1
37 950 1
37 960 1
37 1030 1
37 1059 1
37 1083 1
37 1140 1
37 1278 1
37 1287 1
37 1318 1
37 1420 1
37 1447 1
37 1453 1
37 1477 1
37 1540 1
37 1591 1
37 1613 1
37 1628 1
37 1634 1
37 1658 1
37 1670 1
37 1715 1
37 1760 1
37 1764 1
37 1792 1
37 1804 1
37 1808 1
37 1855 1
37 1875 1
37 1892 1
38 45 1
38 84 1
38 115 1
38 230 1
38 239 1
38 246 1
38 248 1
38 291 1
38 314 1
38 362 1
38 405 1
38 431 1
38 449 1
38 452 1
38 479 1
38 481 1
38 549 1
38 616 1
38 625 1
38 640 1
38 643 1
38 669 1
38 687 1
38 715 1
38 720 1
38 722 1
38 797 1
38 943 1
38 945 1
38 1028 1
38 1030 1
38 1042 1
38 1098 1
38 1106 1
38 1118 1
38 1245 1
38 1266 1
38 1418 1
38 1442 1
38 1491 1
38 1533 1
38 1583 1
38 1593 1
38 1598 1
38 1611 1
38 1662 1
38 1666 1
38 1698 1
38 1709 1
38 1760 1
38 1782 1
38 1793 1
38 1867 1
38 1884 1
38 1887 1
39 65 1
39 216 1
39 270 1
39 429 1
39 458 1
39 532 1
39 645 1
39 745 1
39 749 1
39 759 1
39 791 1
39 808 1
39 825 1
39 850 1
39 922 1
39 963 1
39 979 1
39 1032 1
39 1102 1
39 1120 1
39 1132 1
39 1210 1
39 1293 1
39 1327 1
39 1472 1
39 1572 1
39 1621 1
39 1636 1
39 1658 1
39 1683 1
39 1722 1
39 1742 1
39 1787 1
39 1822 1
39 1826 1
39 1869 1
39 1968 1
39 1969 1
40 60 1
40 66 1
40 105 1
40 179 1
40 188 1
40 190 1
40 206 1
40 238 1
40 254 1
40 296 1
40 328 1
40 360 1
40 372 1
40 409 1
40 410 1
40 447 1
40 467 1
40 480 1
40 485 1
40 494 1
40 603 1
40 632 1
40 656 1
40 707 1
40 777 1
40 852 1
40 894 1
40 903 1
40 918 1
40 1007 1
40 1016 1
40 1146 1
40 1148 1
40 1216 1
40 1347 1
40 1377 1
40 1442 1
40 1514 1
40 1556 1
40 1625 1
40 1756 1
40 1874 1
40 1902 1
40 1952 1
40 1993 1
41 86 1
41 235 1
41 258 1
41 303 1
41 313 1
41 334 1
41 363 1
41 403 1
41 415 1
41 489 1
41 492 1
41 507 1
41 508 1
41 539 1
41 572 1
41 609 1
41 645 1
41 662 1
41 702 1
41 756 1
41 763 1
41 769 1
41 786 1
41 873 1
41 885 1
41 899 1
41 923 1
41 949 1
41 977 1
41 1053 1
41 1090 1
41 1144 1
41 1263 1
41 1274 1
41 1301 1
41 1330 1
41 1331 1
41 1355 1
41 1405 1
41 1437 1
41 1460 1
41 1461 1
41 1623 1
41 1699 1
41 1733 1
41 1768 1
41 1771 1
41 1773 1
41 1807 1
41 1815 1
41 1913 1
41 1915 1
41 1945 1
42 95 1
42 128 1
42 140 1
42 168 1
42 198 1
42 251 1
42 279 1
42 293 1
42 325 1
42 343 1
42 402 1
42 456 1
42 473 1
42 497 1
42 536 1
42 549 1
42 639 1
42 660 1
42 725 1
42 763 1
42 875 1
42 1003 1
42 1006 1
42 1024 1
42 1030 1
42 1054 1
42 1213 1
42 1244 1
42 1249 1
42 1257 1
42 1376 1
42 1410 1
42 1432 1
42 1507 1
42 1568 1
42 1581 1
42 1633 1
42 1671 1
42 1693 1
42 1712 1
42 1721 1
42 1730 1
42 1778 1
42 1785 1
42 1805 1
42 1865 1
42 1881 1
42 1906 1
42 1957 1
42 1986 1
42 1993 1
43 88 1
43 89 1
43 91 1
43 140 1
43 181 1
43 256 1
43 285 1
43 297 1
43 306 1
43 350 1
43 362 1
43 391 1
43 406 1
43 479 1
43 506 1
43 529 1
43 562 1
43 756 1
43 774 1
43 795 1
43 830 1
43 867 1
43 877 1
43 939 1
43 948 1
43 956 1
43 957 1
43 993 1
43 1051 1
43 1085 1
43 1099 1
43 1120 1
43 1163 1
43 1229 1
43 1241 1
43 1306 1
43 1385 1
43 1436 1
43 1461 1
43 1496 1
43 1618 1
43 1660 1
43 1678 1
43 1712 1
43 1714 1
43 1754 1
43 1761 1
43 1790 1
43 1893 1
43 1952 1
43 1962 1
44 51 1
44 118 1
44 161 1
44 173 1
44 186 1
44 279 1
44 298 1
44 338 1
44 424 1
44 512 1
44 559 1
44 560 1
44 592 1
44 659 1
44 663 1
44 831 1
44 897 1
44 922 1
44 1021 1
44 1027 1
44 1088 1
44 1142 1
44 1155 1
44 1203 1
44 1232 1
44 1335 1
44 1351 1
44 1413 1
44 1418 1
44 1440 1
44 1475 1
44 1486 1
44 1492 1
44 1494 1
44 1581 1
44 1605 1
44 1612 1
44 1716 1
44 1728 1
44 1738 1
44 1788 1
44 1790 1
44 1792 1
44 1834 1
44 1896 1
45 65 1
45 132 1
45 270 1
45 278 1
45 316 1
45 352 1
45 389 1
45 392 1
45 450 1
45 459 1
45 473 1
45 511 1
45 568 1
45 574 1
45 615 1
45 625 1
45 680 1
45 690 1
45 714 1
45 804 1
45 840 1
45 856 1
45 871 1
45 923 1
45 975 1
45 997 1
45 1029 1
45 1069 1
45 1164 1
45 1197 1
45 1209 1
45 1242 1
45 1309 1
45 1315 1
45 1319 1
45 1405 1
45 1539 1
45 1653 1
45 1704 1
45 1726 1
45 1727 1
45 1783 1
45 1801 1
45 1808 1
45 1877 1
45 1881 1
45 1892 1
45 1895 1
45 1912 1
45 1924 1
45 1954 1
46 63 1
46 133 1
46 192 1
46 297 1
46 304 1
46 376 1
46 431 1
46 435 1
46 440 1
46 444 1
46 446 1
46 447 1
46 453 1
46 632 1
46 673 1
46 692 1
46 734 1
46 761 1
46 826 1
46 833 1
46 937 1
46 999 1
46 1011 1
46 1046 1
46 1100 1
46 1104 1
46 1111 1
46 1158 1
46 1182 1
46 1232 1
46 1264 1
46 1316 1
46 1319 1
46 1371 1
46 1410 1
46 1494 1
46 1522 1
46 1524 1
46 1550 1
46 1589 1
46 1604 1
46 1610 1
46 1626 1
46 1646 1
46 1667 1
46 1680 1
46 1800 1
46 1810 1
46 1817 1
46 1836 1
46 1844 1
46 1873 1
46 1875 1
46 1883 1
46 1893 1
46 1907 1
46 1934 1
47 50 1
47 77 1
47 137 1
47 192 1
47 207 1
47 209 1
47 247 1
47 335 1
47 378 1
47 403 1
47 409 1
47 416 1
47 432 1
47 495 1
47 498 1
47 526 1
47 529 1
47 573 1
47 674 1
47 728 1
47 752 1
47 769 1
47 787 1
47 789 1
47 799 1
47 802 1
47 831 1
47 834 1
47 851 1
47 909 1
47 931 1
47 970 1
47 999 1
47 1016 1
47 1030 1
47 1043 1
47 1064 1
47 1118 1
47 1158 1
47 1177 1
47 1180 1
47 1258 1
47 1271 1
47 1301 1
47 1335 1
47 1399 1
47 1405 1
47 1416 1
47 1482 1
47 1487 1
47 1490 1
47 1494 1
47 1513 1
47 1751 1
47 1769 1
47 1854 1
47 1860 1
47 1904 1
47 1950 1
47 1981 1
47 1998 1
48 61 1
48 98 1
48 165 1
48 173 1
48 280 1
48 293 1
48 361 1
48 377 1
48 469 1
48 470 1
48 471 1
48 503 1
48 510 1
48 514 1
48 515 1
48 520 1
48 567 1
48 625 1
48 626 1
48 746 1
48 765 1
48 818 1
48 829 1
48 930 1
48 950 1
48 979 1
48 1141 1
48 1152 1
48 1164 1
48 1270 1
48 1279 1
48 1374 1
48 1375 1
48 1476 1
48 1563 1
48 1624 1
48 1694 1
48 1711 1
48 1848 1
48 1942 1
48 1999 1
49 75 1
49 207 1
49 225 1
49 247 1
49 384 1
49 416 1
49 460 1
49 500 1
49 528 1
49 583 1
49 599 1
49 608 1
49 644 1
49 645 1
49 670 1
49 856 1
49 882 1
49 937 1
49 941 1
49 986 1
49 990 1
49 1069 1
49 1120 1
49 1151 1
49 1159 1
49 1205 1
49 1226 1
49 1249 1
49 1280 1
49 1329 1
49 1440 1
49 1441 1
49 1445 1
49 1461 1
49 1484 1
49 1497 1
49 1520 1
49 1540 1
49 1574 1
49 1604 1
49 1614 1
49 1696 1
49 1706 1
49 1750 1
49 1760 1
49 1766 1
49 1777 1
49 1783 1
49 1795 1
49 1815 1
49 1841 1
49 1880 1
49 1912 1
50 81 1
50 92 1
50 133 1
50 136 1
50 186 1
50 258 1
50 271 1
50 296 1
50 353 1
50 355 1
50 393 1
50 440 1
50 453 1
50 464 1
50 497 1
50 505 1
50 507 1
50 531 1
50 539 1
50 541 1
50 571 1
50 631 1
50 713 1
50 716 1
50 766 1
50 780 1
50 827 1
50 828 1
50 834 1
50 852 1
50 879 1
50 902 1
50 903 1
50 1036 1
50 1038 1
50 1179 1
50 1188 1
50 1226 1
50 1378 1
50 1444 1
50 1475 1
50 1487 1
50 1497 1
50 1503 1
50 1508 1
50 1578 1
50 1588 1
50 1589 1
50 1629 1
50 1658 1
50 1710 1
50 1785 1
50 1794 1
50 1807 1
50 1848 1
50 1873 1
50 1926 1
50 1970 1
50 1981 1
50 2000 1
51 56 1
51 76 1
51 167 1
51 181 1
51 182 1
51 197 1
51 215 1
51 275 1
51 278 1
51 302 1
51 314 1
51 327 1
51 409 1
51 550 1
51 669 1
51 679 1
51 688 1
51 702 1
51 724 1
51 763 1
51 767 1
51 772 1
51 789 1
51 797 1
51 835 1
51 899 1
51 924 1
51 1057 1
51 1101 1
51 1121 1
51 1140 1
51 1146 1
51 1155 1
51 1209 1
51 1212 1
51 1235 1
51 1251 1
51 1276 1
51 1319 1
51 1337 1
51 1338 1
51 1359 1
51 1406 1
51 1443 1
51 1527 1
51 1598 1
51 1605 1
51 1643 1
51 1672 1
51 1699 1
51 1708 1
51 1729 1
51 1733 1
51 1762 1
51 1810 1
51 1822 1
51 1880 1
51 1913 1
51 1929 1
51 1955 1
51 1964 1
52 171 1
52 205 1
52 212 1
52 223 1
52 226 1
52 296 1
52 304 1
52 317 1
52 319 1
52 378 1
52 384 1
52 409 1
52 420 1
52 481 1
52 524 1
52 525 1
52 552 1
52 569 1
52 629 1
52 641 1
52 693 1
52 734 1
52 787 1
52 803 1
52 814 1
52 839 1
52 883 1
52 942 1
52 997 1
52 1134 1
52 1138 1
52 1203 1
52 1230 1
52 1244 1
52 1249 1
52 1274 1
52 1300 1
52 1352 1
52 1381 1
52 1439 1
52 1456 1
52 1482 1
52 1506 1
52 1601 1
52 1665 1
52 1666 1
52 1681 1
52 1683 1
52 1726 1
52 1748 1
52 1826 1
52 1883 1
52 1888 1
52 1942 1
52 1984 1
53 185 1
53 252 1
53 267 1
53 299 1
53 322 1
53 352 1
53 353 1
53 409 1
53 422 1
53 459 1
53 464 1
53 483 1
53 514 1
53 537 1
53 544 1
53 547 1
53 638 1
53 659 1
53 703 1
53 705 1
53 744 1
53 760 1
53 767 1
53 780 1
53 798 1
53 842 1
53 853 1
53 945 1
53 1107 1
53 1145 1
53 1179 1
53 1207 1
53 1222 1
53 1310 1
53 1317 1
53 1344 1
53 1365 1
53 1371 1
53 1395 1
53 1402 1
53 1414 1
53 1422 1
53 1537 1
53 1557 1
53 1569 1
53 1572 1
53 1632 1
53 1639 1
53 1664 1
53 1676 1
53 1686 1
53 1692 1
53 1696 1
53 1704 1
53 1714 1
53 1757 1
53 1768 1
53 1783 1
53 1855 1
53 1867 1
53 1902 1
53 1917 1
53 1941 1
53 1950 1
53 1956 1
53 1971 1
53 1999 1
54 66 1
54 102 1
54 124 1
54 171 1
54 173 1
54 255 1
54 273 1
54 312 1
54 406 1
54 413 1
54 443 1
54 459 1
54 484 1
54 508 1
54 527 1
54 544 1
54 626 1
54 691 1
54 700 1
54 710 1
54 805 1
54 834 1
54 849 1
54 856 1
54 871 1
54 1003 1
54 1004 1
54 1018 1
54 1030 1
54 1043 1
54 1055 1
54 1077 1
54 1232 1
54 1282 1
54 1292 1
54 1343 1
54 1393 1
54 1409 1
54 1563 1
54 1641 1
54 1646 1
54 1651 1
54 1760 1
54 1779 1
54 1890 1
54 1953 1
54 1975 1
54 1990 1
55 138 1
55 158 1
55 231 1
55 238 1
55 256 1
55 368 1
55 390 1
55 394 1
55 423 1
55 425 1
55 432 1
55 446 1
55 470 1
55 477 1
55 521 1
55 539 1
55 573 1
55 596 1
55 628 1
55 635 1
55 637 1
55 640 1
55 651 1
55 657 1
55 771 1
55 786 1
55 805 1
55 818 1
55 837 1
55 874 1
55 879 1
55 882 1
55 948 1
55 1074 1
55 1077 1
55 1104 1
55 1210 1
55 1335 1
55 1416 1
55 1455 1
55 1456 1
55 1500 1
55 1535 1
55 1546 1
55 1580 1
55 1633 1
55 1732 1
55 1748 1
55 1752 1
55 1764 1
55 1769 1
55 1789 1
55 1793 1
55 1874 1
55 1881 1
55 1889 1
55 1894 1
55 1957 1
55 1976 1
56 126 1
56 142 1
56 193 1
56 200 1
56 245 1
56 254 1
56 279 1
56 418 1
56 428 1
56 445 1
56 524 1
56 547 1
56 554 1
56 570 1
56 613 1
56 757 1
56 760 1
56 781 1
56 832 1
56 864 1
56 898 1
56 1001 1
56 1025 1
56 1098 1
56 1103 1
56 1168 1
56 1175 1
56 1179 1
56 1183 1
56 1190 1
56 1288 1
56 1379 1
56 1469 1
56 1601 1
56 1611 1
56 1627 1
56 1644 1
56 1714 1
56 1716 1
56 1753 1
56 1771 1
56 1777 1
56 1782 1
56 1834 1
56 1848 1
56 1887 1
56 1903 1
56 1928 1
56 1935 1
56 1938 1
56 1943 1
57 200 1
57 256 1
57 282 1
57 359 1
57 372 1
57 374 1
57 435 1
57 485 1
57 504 1
57 530 1
57 569 1
57 575 1
57 638 1
57 642 1
57 661 1
57 859 1
57 869 1
57 877 1
57 883 1
57 916 1
57 941 1
57 1015 1
57 1016 1
57 1024 1
57 1086 1
57 1123 1
57 1133 1
57 1144 1
57 1150 1
57 1185 1
57 1186 1
57 1217 1
57 1240 1
57 1289 1
57 1342 1
57 1353 1
57 1354 1
57 1356 1
57 1364 1
57 1429 1
57 1486 1
57 1501 1
57 1786 1
57 1792 1
57 1795 1
57 1799 1
57 1881 1
57 1924 1
57 1937 1
57 1973 1
58 80 1
58 138 1
58 230 1
58 278 1
58 282 1
58 300 1
58 322 1
58 350 1
58 363 1
58 525 1
58 546 1
58 565 1
58 589 1
58 664 1
58 672 1
58 690 1
58 825 1
58 871 1
58 877 1
58 878 1
58 1052 1
58 1061 1
58 1145 1
58 1152 1
58 1153 1
58 1198 1
58 1337 1
58 1413 1
58 1495 1
58 1590 1
58 1630 1
58 1671 1
58 1735 1
58 1738 1
58 1762 1
58 1772 1
58 1779 1
58 1900 1
58 1942 1
58 1962 1
58 1972 1
58 1988 1
59 87 1
59 110 1
59 116 1
59 142 1
59 238 1
59 279 1
59 342 1
59 394 1
59 398 1
59 407 1
59 411 1
59 423 1
59 428 1
59 458 1
59 462 1
59 473 1
59 508 1
59 584 1
59 635 1
59 721 1
59 728 1
59 729 1
59 746 1
59 754 1
59 770 1
59 817 1
59 831 1
59 846 1
59 864 1
59 896 1
59 899 1
59 980 1
59 981 1
59 1046 1
59 1053 1
59 1081 1
59 1118 1
59 1143 1
59 1275 1
59 1289 1
59 1315 1
59 1334 1
59 1345 1
59 1396 1
59 1424 1
59 1429 1
59 1439 1
59 1530 1
59 1568 1
59 1628 1
59 1679 1
59 1692 1
59 1706 1
59 1723 1
59 1802 1
59 1848 1
59 1877 1
59 1897 1
60 81 1
60 185 1
60 206 1
60 285 1
60 287 1
60 384 1
60 426 1
60 531 1
60 595 1
60 665 1
60 669 1
60 800 1
60 847 1
60 876 1
60 888 1
60 939 1
60 1089 1
60 1195 1
60 1238 1
60 1246 1
60 1253 1
60 1264 1
60 1289 1
60 1330 1
60 1355 1
60 1361 1
60 1389 1
60 1392 1
60 1422 1
60 1445 1
60 1508 1
60 1555 1
60 1581 1
60 1602 1
60 1619 1
60 1658 1
60 1665 1
60 1775 1
60 1812 1
60 1818 1
60 1897 1
60 1919 1
60 1942 1
61 95 1
61 168 1
61 174 1
61 245 1
61 510 1
61 543 1
61 583 1
61 703 1
61 707 1
61 719 1
61 752 1
61 781 1
61 800 1
61 802 1
61 828 1
61 863 1
61 874 1
61 880 1
61 938 1
61 961 1
61 1046 1
61 1103 1
61 1117 1
61 1137 1
61 1179 1
61 1192 1
61 1217 1
61 1260 1
61 1263 1
61 1379 1
61 1384 1
61 1399 1
61 1402 1
61 1470 1
61 1542 1
61 1687 1
61 1735 1
61 1737 1
61 1770 1
61 1810 1
61 1837 1
61 1907 1
61 1955 1
61 1972 1
62 78 1
62 99 1
62 136 1
62 170 1
62 387 1
62 396 1
62 411 1
62 449 1
62 462 1
62 472 1
62 527 1
62 560 1
62 566 1
62 605 1
62 607 1
62 622 1
62 635 1
62 644 1
62 649 1
62 652 1
62 670 1
62 718 1
62 771 1
62 833 1
62 847 1
62 848 1
62 862 1
62 903 1
62 984 1
62 1084 1
62 1091 1
62 1105 1
62 1171 1
62 1196 1
62 1230 1
62 1232 1
62 1237 1
62 1278 1
62 1298 1
62 1310 1
62 1446 1
62 1528 1
62 1575 1
62 1610 1
62 1683 1
62 1751 1
62 1763 1
62 1768 1
62 1773 1
62 1784 1
62 1798 1
62 1863 1
63 67 1
63 70 1
63 76 1
63 230 1
63 243 1
63 249 1
63 263 1
63 293 1
63 294 1
63 301 1
63 320 1
63 343 1
63 396 1
63 424 1
63 529 1
63 543 1
63 560 1
63 576 1
63 689 1
63 732 1
63 743 1
63 769 1
63 866 1
63 868 1
63 880 1
63 884 1
63 892 1
63 895 1
63 973 1
63 1139 1
63 1146 1
63 1164 1
63 1178 1
63 1254 1
63 1326 1
63 1374 1
63 1402 1
63 1405 1
63 1446 1
63 1457 1
63 1504 1
63 1660 1
63 1687 1
63 1690 1
63 1707 1
63 1721 1
63 1726 1
63 1758 1
63 1854 1
63 1907 1
63 1945 1
63 1975 1
64 113 1
64 123 1
64 137 1
64 143 1
64 150 1
64 186 1
64 239 1
64 243 1
64 312 1
64 347 1
64 349 1
64 355 1
64 413 1
64 419 1
64 463 1
64 512 1
64 549 1
64 612 1
64 654 1
64 661 1
64 663 1
64 709 1
64 715 1
64 739 1
64 758 1
64 781 1
64 794 1
64 813 1
64 821 1
64 881 1
64 973 1
64 983 1
64 1011 1
64 1034 1
64 1043 1
64 1117 1
64 1150 1
64 1165 1
64 1172 1
64 1179 1
64 1255 1
64 1264 1
64 1265 1
64 1345 1
64 1347 1
64 1434 1
64 1453 1
64 1486 1
64 1514 1
64 1529 1
64 1533 1
64 1557 1
64 1567 1
64 1617 1
64 1626 1
64 1629 1
64 1687 1
64 1700 1
64 1758 1
64 1795 1
64 1803 1
64 1822 1
64 1828 1
64 1853 1
64 1859 1
64 1923 1
64 1949 1
64 1994 1
64 1997 1
65 73 1
65 89 1
65 129 1
65 181 1
65 199 1
65 236 1
65 294 1
65 309 1
65 332 1
65 346 1
65 369 1
65 427 1
65 473 1
65 506 1
65 522 1
65 534 1
65 559 1
65 571 1
65 586 1
65 597 1
65 601 1
65 650 1
65 675 1
65 734 1
65 758 1
65 816 1
65 820 1
65 831 1
65 874 1
65 891 1
65 912 1
65 986 1
65 1002 1
65 1047 1
65 1049 1
65 1080 1
65 1093 1
65 1168 1
65 1183 1
65 1213 1
65 1294 1
65 1327 1
65 1411 1
65 1471 1
65 1489 1
65 1529 1
65 1576 1
65 1596 1
65 1636 1
65 1657 1
65 1782 1
65 1822 1
65 1831 1
65 1859 1
65 1894 1
65 1899 1
65 1914 1
65 1919 1
65 1969 1
65 1981 1
66 72 1
66 139 1
66 186 1
66 195 1
66 225 1
66 390 1
66 399 1
66 467 1
66 515 1
66 552 1
66 724 1
66 744 1
66 820 1
66 854 1
66 965 1
66 979 1
66 988 1
66 1045 1
66 1155 1
66 1162 1
66 1170 1
66 1198 1
66 1234 1
66 1238 1
66 1243 1
66 1264 1
66 1282 1
66 1299 1
66 1307 1
66 1325 1
66 1364 1
66 1403 1
66 1410 1
66 1418 1
66 1427 1
66 1449 1
66 1697 1
66 1804 1
66 1827 1
66 1843 1
66 1884 1
66 1937 1
66 1954 1
67 109 1
67 115 1
67 353 1
67 376 1
67 381 1
67 392 1
67 399 1
67 401 1
67 415 1
67 455 1
67 490 1
67 506 1
67 538 1
67 545 1
67 559 1
67 572 1
67 590 1
67 685 1
67 689 1
67 690 1
67 700 1
67 713 1
67 779 1
67 874 1
67 875 1
67 945 1
67 1011 1
67 1034 1
67 1100 1
67 1131 1
67 1161 1
67 1192 1
67 1213 1
67 1231 1
67 1232 1
67 1239 1
67 1277 1
67 1279 1
67 1300 1
67 1357 1
67 1411 1
67 1447 1
67 1469 1
67 1531 1
67 1650 1
67 1675 1
67 1715 1
67 1727 1
67 1789 1
67 1824 1
67 1858 1
67 1871 1
67 1918 1
67 1973 1
68 178 1
68 186 1
68 203 1
68 231 1
68 367 1
68 434 1
68 445 1
68 511 1
68 513 1
68 582 1
68 633 1
68 660 1
68 677 1
68 706 1
68 716 1
68 739 1
68 759 1
68 778 1
68 822 1
68 876 1
68 886 1
68 889 1
68 925 1
68 937 1
68 979 1
68 1013 1
68 1130 1
68 1195 1
68 1324 1
68 1333 1
68 1341 1
68 1361 1
68 1367 1
68 1370 1
68 1387 1
68 1443 1
68 1462 1
68 1470 1
68 1554 1
68 1568 1
68 1577 1
68 1604 1
68 1612 1
68 1631 1
68 1633 1
68 1677 1
68 1697 1
68 1721 1
68 1770 1
68 1824 1
68 1903 1
68 1920 1
68 1989 1
69 99 1
69 339 1
69 387 1
69 412 1
69 427 1
69 487 1
69 508 1
69 571 1
69 679 1
69 683 1
69 695 1
69 709 1
69 729 1
69 755 1
69 761 1
69 764 1
69 782 1
69 810 1
69 821 1
69 841 1
69 991 1
69 1014 1
69 1087 1
69 1135 1
69 1159 1
69 1162 1
69 1213 1
69 1238 1
69 1253 1
69 1426 1
69 1514 1
69 1530 1
69 1551 1
69 1610 1
69 1612 1
69 1615 1
69 1639 1
69 1712 1
69 1733 1
69 1750 1
69 1757 1
69 1772 1
69 1779 1
69 1804 1
69 1820 1
69 1865 1
69 1905 1
69 1924 1
69 1928 1
69 1948 1
69 1963 1
69 1971 1
70 122 1
70 159 1
70 175 1
70 199 1
70 272 1
70 285 1
70 294 1
70 331 1
70 357 1
70 365 1
70 382 1
70 410 1
70 412 1
70 475 1
70 582 1
70 727 1
70 845 1
70 886 1
70 897 1
70 914 1
70 924 1
70 943 1
70 977 1
70 1048 1
70 1158 1
70 1220 1
70 1244 1
70 1247 1
70 1285 1
70 1291 1
70 1440 1
70 1474 1
70 1509 1
70 1630 1
70 1676 1
70 1763 1
70 1770 1
70 1797 1
70 1838 1
70 1845 1
70 1864 1
70 1913 1
70 1923 1
70 1987 1
70 1993 1
71 73 1
71 188 1
71 190 1
71 242 1
71 243 1
71 249 1
71 272 1
71 365 1
71 367 1
71 373 1
71 440 1
71 789 1
71 930 1
71 994 1
71 995 1
71 1007 1
71 1053 1
71 1069 1
71 1128 1
71 1212 1
71 1249 1
71 1354 1
71 1360 1
71 1389 1
71 1439 1
71 1557 1
71 1756 1
71 1794 1
71 1821 1
71 1924 1
71 1968 1
72 98 1
72 110 1
72 159 1
72 180 1
72 240 1
72 303 1
72 328 1
72 343 1
72 359 1
72 525 1
72 541 1
72 567 1
72 572 1
72 583 1
72 702 1
72 704 1
72 706 1
72 779 1
72 846 1
72 872 1
72 918 1
72 982 1
72 1017 1
72 1177 1
72 1186 1
72 1240 1
72 1281 1
72 1331 1
72 1374 1
72 1436 1
72 1494 1
72 1592 1
72 1608 1
72 1671 1
72 1687 1
72 1756 1
72 1758 1
72 1782 1
72 1838 1
72 1847 1
72 1860 1
72 1957 1
72 1975 1
72 1995 1
73 117 1
73 269 1
73 311 1
73 313 1
73 342 1
73 371 1
73 375 1
73 402 1
73 446 1
73 512 1
73 561 1
73 621 1
73 652 1
73 671 1
73 673 1
73 685 1
73 686 1
73 699 1
73 702 1
73 780 1
73 855 1
73 878 1
73 890 1
73 891 1
73 908 1
73 935 1
73 1147 1
73 1236 1
73 1248 1
73 1261 1
73 1297 1
73 1312 1
73 1380 1
73 1491 1
73 1505 1
73 1554 1
73 1595 1
73 1607 1
73 1626 1
73 1648 1
73 1660 1
73 1676 1
73 1709 1
73 1716 1
73 1730 1
73 1732 1
73 1821 1
73 1940 1
74 109 1
74 111 1
74 151 1
74 154 1
74 250 1
74 349 1
74 352 1
74 413 1
74 421 1
74 525 1
74 540 1
74 640 1
74 671 1
74 676 1
74 694 1
74 784 1
74 817 1
74 902 1
74 955 1
74 1042 1
74 1052 1
74 1057 1
74 1136 1
74 1151 1
74 1156 1
74 1231 1
74 1245 1
74 1273 1
74 1335 1
74 1340 1
74 1399 1
74 1417 1
74 1469 1
74 1517 1
74 1527 1
74 1547 1
74 1574 1
74 1590 1
74 1598 1
74 1665 1
74 1691 1
74 1710 1
74 1720 1
74 1722 1
74 1787 1
74 1819 1
74 1828 1
74 1894 1
74 1949 1
74 1957 1
74 2000 1
75 110 1
75 132 1
75 203 1
75 234 1
75 253 1
75 338 1
75 397 1
75 483 1
75 495 1
75 520 1
75 526 1
75 564 1
75 675 1
75 724 1
75 822 1
75 914 1
75 1000 1
75 1085 1
75 1154 1
75 1165 1
75 1182 1
75 1210 1
75 1255 1
75 1285 1
75 1368 1
75 1399 1
75 1431 1
75 1472 1
75 1474 1
75 1480 1
75 1529 1
75 1597 1
75 1607 1
75 1630 1
75 1632 1
75 1656 1
75 1667 1
75 1707 1
75 1732 1
75 1756 1
75 1783 1
75 1796 1
75 1815 1
75 1869 1
75 1874 1
75 1880 1
76 121 1
76 160 1
76 233 1
76 333 1
76 334 1
76 348 1
76 358 1
76 360 1
76 375 1
76 500 1
76 521 1
76 526 1
76 528 1
76 537 1
76 692 1
76 721 1
76 745 1
76 755 1
76 824 1
76 912 1
76 976 1
76 984 1
76 1115 1
76 1138 1
76 1141 1
76 1146 1
76 1206 1
76 1229 1
76 1357 1
76 1383 1
76 1493 1
76 1546 1
76 1638 1
76 1657 1
76 1682 1
76 1712 1
76 1730 1
76 1734 1
76 1765 1
76 1796 1
76 1801 1
76 1906 1
76 1962 1
76 1965 1
76 1987 1
76 1991 1
76 1999 1
77 141 1
77 213 1
77 320 1
77 329 1
77 359 1
77 364 1
77 375 1
77 379 1
77 384 1
77 416 1
77 482 1
77 516 1
77 602 1
77 614 1
77 646 1
77 682 1
77 692 1
77 698 1
77 722 1
77 788 1
77 792 1
77 848 1
77 875 1
77 957 1
77 1013 1
77 1082 1
77 1104 1
77 1188 1
77 1202 1
77 1207 1
77 1217 1
77 1224 1
77 1234 1
77 1248 1
77 1385 1
77 1430 1
77 1444 1
77 1493 1
77 1522 1
77 1542 1
77 1591 1
77 1600 1
77 1645 1
77 1703 1
77 1717 1
77 1779 1
77 1805 1
77 1819 1
77 1882 1
77 1890 1
77 1942 1
77 1965 1
78 93 1
78 161 1
78 197 1
78 239 1
78 352 1
78 420 1
78 430 1
78 443 1
78 531 1
78 555 1
78 582 1
78 630 1
78 676 1
78 722 1
78 760 1
78 786 1
78 793 1
78 865 1
78 867 1
78 916 1
78 926 1
78 929 1
78 970 1
78 988 1
78 1040 1
78 1074 1
78 1083 1
78 1106 1
78 1140 1
78 1157 1
78 1186 1
78 1189 1
78 1213 1
78 1221 1
78 1223 1
78 1237 1
78 1262 1
78 1278 1
78 1283 1
78 1378 1
78 1398 1
78 1400 1
78 1436 1
78 1452 1
78 1479 1
78 1489 1
78 1504 1
78 1507 1
78 1529 1
78 1555 1
78 1585 1
78 1595 1
78 1657 1
78 1660 1
78 1694 1
78 1710 1
78 1755 1
78 1812 1
78 1816 1
78 1920 1
78 1979 1
78 1993 1
78 1999 1
79 127 1
79 133 1
79 198 1
79 224 1
79 247 1
79 285 1
79 341 1
79 391 1
79 429 1
79 453 1
79 473 1
79 511 1
79 515 1
79 587 1
79 593 1
79 631 1
79 671 1
79 720 1
79 729 1
79 859 1
79 911 1
79 923 1
79 930 1
79 1004 1
79 1057 1
79 1106 1
79 1114 1
79 1167 1
79 1208 1
79 1222 1
79 1268 1
79 1277 1
79 1279 1
79 1290 1
79 1308 1
79 1385 1
79 1401 1
79 1433 1
79 1569 1
79 1585 1
79 1631 1
79 1645 1
79 1655 1
79 1709 1
79 1765 1
79 1796 1
79 1872 1
79 1906 1
79 1931 1
79 1937 1
80 91 1
80 218 1
80 238 1
80 312 1
80 343 1
80 427 1
80 436 1
80 462 1
80 546 1
80 585 1
80 656 1
80 714 1
80 732 1
80 893 1
80 967 1
80 1048 1
80 1062 1
80 1069 1
80 1095 1
80 1129 1
80 1228 1
80 1269 1
80 1288 1
80 1316 1
80 1420 1
80 1467 1
80 1515 1
80 1534 1
80 1547 1
80 1558 1
80 1648 1
80 1673 1
80 1709 1
80 1744 1
80 1748 1
80 1797 1
80 1910 1
80 1959 1
81 107 1
81 149 1
81 156 1
81 166 1
81 190 1
81 199 1
81 290 1
81 326 1
81 328 1
81 353 1
81 367 1
81 412 1
81 452 1
81 470 1
81 475 1
81 586 1
81 619 1
81 628 1
81 644 1
81 647 1
81 684 1
81 704 1
81 756 1
81 810 1
81 836 1
81 876 1
81 881 1
81 968 1
81 975 1
81 996 1
81 1007 1
81 1058 1
81 1110 1
81 1126 1
81 1144 1
81 1164 1
81 1185 1
81 1234 1
81 1240 1
81 1279 1
81 1287 1
81 1308 1
81 1311 1
81 1392 1
81 1434 1
81 1508 1
81 1621 1
81 1643 1
81 1670 1
81 1680 1
81 1696 1
81 1767 1
81 1774 1
81 1792 1
81 1853 1
81 1862 1
81 1921 1
81 1990 1
82 112 1
82 122 1
82 144 1
82 268 1
82 433 1
82 593 1
82 630 1
82 731 1
82 739 1
82 746 1
82 759 1
82 773 1
82 836 1
82 862 1
82 867 1
82 888 1
82 931 1
82 957 1
82 980 1
82 991 1
82 1006 1
82 1023 1
82 1081 1
82 1143 1
82 1146 1
82 1168 1
82 1181 1
82 1287 1
82 1317 1
82 1327 1
82 1330 1
82 1362 1
82 1432 1
82 1473 1
82 1474 1
82 1485 1
82 1607 1
82 1616 1
82 1678 1
82 1722 1
82 1725 1
82 1755 1
82 1760 1
82 1763 1
82 1771 1
82 1809 1
82 1816 1
82 1876 1
82 1879 1
82 1889 1
82 1899 1
82 1989 1
83 97 1
83 122 1
83 129 1
83 187 1
83 316 1
83 487 1
83 549 1
83 568 1
83 617 1
83 657 1
83 706 1
83 708 1
83 709 1
83 819 1
83 834 1
83 839 1
83 910 1
83 950 1
83 964 1
83 977 1
83 986 1
83 1094 1
83 1110 1
83 1146 1
83 1163 1
83 1179 1
83 1225 1
83 1297 1
83 1305 1
83 1599 1
83 1603 1
83 1676 1
83 1708 1
83 1722 1
83 1733 1
83 1735 1
83 1758 1
83 1788 1
83 1881 1
84 166 1
84 168 1
84 176 1
84 206 1
84 279 1
84 297 1
84 322 1
84 353 1
84 402 1
84 491 1
84 606 1
84 626 1
84 659 1
84 667 1
84 717 1
84 796 1
84 807 1
84 859 1
84 927 1
84 959 1
84 1118 1
84 1124 1
84 1141 1
84 1153 1
84 1176 1
84 1212 1
84 1220 1
84 1239 1
84 1297 1
84 1339 1
84 1346 1
84 1403 1
84 1423 1
84 1428 1
84 1434 1
84 1518 1
84 1525 1
84 1560 1
84 1649 1
84 1701 1
84 1723 1
84 1731 1
84 1789 1
84 1869 1
84 1895 1
84 1956 1
85 184 1
85 202 1
85 209 1
85 215 1
85 244 1
85 335 1
85 362 1
85 415 1
85 471 1
85 556 1
85 575 1
85 650 1
85 817 1
85 921 1
85 939 1
85 950 1
85 974 1
85 993 1
85 1027 1
85 1088 1
85 1110 1
85 1143 1
85 1150 1
85 1160 1
85 1229 1
85 1244 1
85 1315 1
85 1320 1
85 1334 1
85 1353 1
85 1354 1
85 1464 1
85 1507 1
85 1555 1
85 1658 1
85 1713 1
85 1800 1
85 1827 1
85 1853 1
85 1911 1
85 1917 1
85 1952 1
85 1959 1
86 149 1
86 154 1
86 264 1
86 332 1
86 334 1
86 342 1
86 373 1
86 396 1
86 498 1
86 499 1
86 504 1
86 526 1
86 531 1
86 547 1
86 572 1
86 579 1
86 693 1
86 732 1
86 746 1
86 791 1
86 798 1
86 846 1
86 863 1
86 926 1
86 931 1
86 962 1
86 968 1
86 978 1
86 1036 1
86 1154 1
86 1213 1
86 1253 1
86 1287 1
86 1296 1
86 1344 1
86 1476 1
86 1537 1
86 1550 1
86 1572 1
86 1666 1
86 1667 1
86 1669 1
86 1690 1
86 1702 1
86 1745 1
86 1842 1
86 1864 1
86 1907 1
86 1928 1
86 1954 1
86 1994 1
87 174 1
87 410 1
87 438 1
87 471 1
87 682 1
87 922 1
87 935 1
87 982 1
87 1014 1
87 1033 1
87 1043 1
87 1097 1
87 1185 1
87 1223 1
87 1271 1
87 1293 1
87 1294 1
87 1336 1
87 1357 1
87 1370 1
87 1421 1
87 1440 1
87 1546 1
87 1585 1
87 1605 1
87 1626 1
87 1675 1
87 1703 1
87 1803 1
87 1819 1
87 1858 1
87 1863 1
87 1891 1
87 1915 1
87 1921 1
87 1926 1
87 1927 1
87 1930 1
87 1980 1
88 89 1
88 98 1
88 158 1
88 175 1
88 187 1
88 212 1
88 223 1
88 259 1
88 319 1
88 325 1
88 360 1
88 448 1
88 474 1
88 503 1
88 559 1
88 654 1
88 700 1
88 707 1
88 747 1
88 805 1
88 815 1
88 819 1
88 831 1
88 832 1
88 835 1
88 874 1
88 875 1
88 879 1
88 895 1
88 973 1
88 1049 1
88 1117 1
88 1126 1
88 1220 1
88 1239 1
88 1270 1
88 1279 1
88 1322 1
88 1385 1
88 1395 1
88 1404 1
88 1430 1
88 1437 1
88 1483 1
88 1601 1
88 1602 1
88 1608 1
88 1611 1
88 1632 1
88 1764 1
88 1808 1
88 1848 1
88 1908 1
88 1933 1
88 1951 1
88 1957 1
89 105 1
89 107 1
89 137 1
89 301 1
89 354 1
89 358 1
89 421 1
89 427 1
89 470 1
89 496 1
89 528 1
89 559 1
89 620 1
89 671 1
89 702 1
89 720 1
89 801 1
89 834 1
89 934 1
89 942 1
89 970 1
89 1015 1
89 1016 1
89 1069 1
89 1151 1
89 1154 1
89 1196 1
89 1286 1
89 1304 1
89 1337 1
89 1340 1
89 1379 1
89 1460 1
89 1481 1
89 1499 1
89 1543 1
89 1549 1
89 1581 1
89 1613 1
89 1639 1
89 1772 1
89 1776 1
89 1893 1
89 1918 1
90 101 1
90 106 1
90 116 1
90 131 1
90 210 1
90 263 1
90 297 1
90 304 1
90 356 1
90 374 1
90 411 1
90 442 1
90 508 1
90 565 1
90 640 1
90 648 1
90 723 1
90 742 1
90 755 1
90 779 1
90 821 1
90 870 1
90 881 1
90 949 1
90 972 1
90 1004 1
90 1040 1
90 1074 1
90 1129 1
90 1248 1
90 1259 1
90 1354 1
90 1367 1
90 1453 1
90 1553 1
90 1576 1
90 1607 1
90 1758 1
90 1771 1
90 1835 1
90 1839 1
90 1872 1
91 126 1
91 168 1
91 190 1
91 250 1
91 313 1
91 316 1
91 335 1
91 428 1
91 434 1
91 456 1
91 500 1
91 545 1
91 583 1
91 591 1
91 685 1
91 745 1
91 767 1
91 901 1
91 987 1
91 1190 1
91 1201 1
91 1217 1
91 1256 1
91 1325 1
91 1461 1
91 1479 1
91 1516 1
91 1556 1
91 1557 1
91 1589 1
91 1633 1
91 1724 1
91 1815 1
91 1903 1
91 1920 1
91 1930 1
91 1946 1
91 2000 1
92 151 1
92 214 1
92 246 1
92 282 1
92 369 1
92 443 1
92 505 1
92 533 1
92 550 1
92 552 1
92 605 1
92 614 1
92 617 1
92 703 1
92 706 1
92 769 1
92 856 1
92 972 1
92 1040 1
92 1043 1
92 1318 1
92 1327 1
92 1345 1
92 1365 1
92 1502 1
92 1507 1
92 1511 1
92 1525 1
92 1654 1
92 1685 1
92 1695 1
92 1755 1
92 1776 1
92 1807 1
92 1811 1
92 1832 1
92 1885 1
92 1934 1
92 1971 1
92 1974 1
92 1992 1
93 116 1
93 162 1
93 181 1
93 211 1
93 272 1
93 367 1
93 406 1
93 426 1
93 496 1
93 568 1
93 657 1
93 736 1
93 776 1
93 781 1
93 804 1
93 879 1
93 986 1
93 1008 1
93 1033 1
93 1034 1
93 1121 1
93 1163 1
93 1188 1
93 1206 1
93 1219 1
93 1333 1
93 1378 1
93 1382 1
93 1412 1
93 1464 1
93 1527 1
93 1559 1
93 1602 1
93 1711 1
93 1743 1
93 1785 1
93 1862 1
93 1895 1
93 1897 1
93 1945 1
94 153 1
94 171 1
94 216 1
94 236 1
94 246 1
94 271 1
94 319 1
94 398 1
94 446 1
94 508 1
94 521 1
94 564 1
94 580 1
94 648 1
94 661 1
94 683 1
94 741 1
94 862 1
94 886 1
94 925 1
94 949 1
94 952 1
94 980 1
94 989 1
94 1178 1
94 1192 1
94 1195 1
94 1222 1
94 1264 1
94 1275 1
94 1286 1
94 1417 1
94 1421 1
94 1451 1
94 1462 1
94 1517 1
94 1571 1
94 1639 1
94 1652 1
94 1678 1
94 1750 1
94 1798 1
94 1827 1
94 1851 1
94 1871 1
94 1950 1
95 103 1
95 128 1
95 185 1
95 196 1
95 239 1
95 279 1
95 300 1
95 308 1
95 371 1
95 435 1
95 524 1
95 566 1
95 583 1
95 587 1
95 706 1
95 730 1
95 733 1
95 762 1
95 773 1
95 777 1
95 851 1
95 853 1
95 855 1
95 872 1
95 913 1
95 933 1
95 935 1
95 986 1
95 1037 1
95 1074 1
95 1103 1
95 1109 1
95 1115 1
95 1171 1
95 1176 1
95 1178 1
95 1227 1
95 1323 1
95 1360 1
95 1389 1
95 1423 1
95 1438 1
95 1444 1
95 1462 1
95 1486 1
95 1510 1
95 1679 1
95 1762 1
95 1809 1
95 1812 1
95 1861 1
95 1862 1
95 1872 1
95 1874 1
95 1891 1
95 1904 1
95 1949 1
95 1973 1
96 97 1
96 110 1
96 142 1
96 168 1
96 248 1
96 256 1
96 274 1
96 379 1
96 384 1
96 396 1
96 514 1
96 554 1
96 557 1
96 588 1
96 594 1
96 619 1
96 650 1
96 735 1
96 757 1
96 762 1
96 780 1
96 934 1
96 976 1
96 989 1
96 995 1
96 1011 1
96 1033 1
96 1053 1
96 1154 1
96 1155 1
96 1209 1
96 1226 1
96 1266 1
96 1371 1
96 1372 1
96 1375 1
96 1393 1
96 1420 1
96 1495 1
96 1509 1
96 1586 1
96 1656 1
96 1706 1
96 1726 1
96 1748 1
96 1756 1
96 1771 1
96 1793 1
96 1937 1
96 1986 1
97 110 1
97 122 1
97 132 1
97 134 1
97 232 1
97 264 1
97 298 1
97 364 1
97 450 1
97 492 1
97 548 1
97 592 1
97 593 1
97 619 1
97 718 1
97 752 1
97 798 1
97 886 1
97 903 1
97 970 1
97 983 1
97 1007 1
97 1074 1
97 1077 1
97 1079 1
97 1150 1
97 1159 1
97 1219 1
97 1226 1
97 1241 1
97 1276 1
97 1286 1
97 1320 1
97 1339 1
97 1389 1
97 1436 1
97 1491 1
97 1524 1
97 1573 1
97 1601 1
97 1632 1
97 1814 1
97 1835 1
97 1863 1
97 1908 1
97 1909 1
97 1934 1
97 1935 1
97 1973 1
97 1987 1
97 1988 1
98 139 1
98 154 1
98 192 1
98 227 1
98 318 1
98 339 1
98 368 1
98 393 1
98 405 1
98 468 1
98 470 1
98 494 1
98 514 1
98 623 1
98 672 1
98 694 1
98 709 1
98 821 1
98 859 1
98 873 1
98 946 1
98 995 1
98 996 1
98 1054 1
98 1075 1
98 1100 1
98 1181 1
98 1182 1
98 1191 1
98 1223 1
98 1395 1
98 1408 1
98 1485 1
98 1491 1
98 1543 1
98 1661 1
98 1679 1
98 1708 1
98 1743 1
98 1805 1
98 1878 1
98 1924 1
98 1927 1
98 1954 1
99 254 1
99 315 1
99 353 1
99 395 1
99 399 1
99 413 1
99 495 1
99 499 1
99 553 1
99 579 1
99 644 1
99 745 1
99 771 1
99 784 1
99 818 1
99 866 1
99 885 1
99 936 1
99 959 1
99 972 1
99 1106 1
99 1108 1
99 1190 1
99 1248 1
99 1362 1
99 1364 1
99 1371 1
99 1401 1
99 1426 1
99 1442 1
99 1447 1
99 1552 1
99 1574 1
99 1623 1
99 1659 1
99 1665 1
99 1670 1
99 1727 1
99 1758 1
99 1786 1
99 1833 1
99 1866 1
99 1868 1
99 1904 1
99 1944 1
99 1952 1
100 314 1
100 365 1
100 369 1
100 370 1
100 412 1
100 535 1
100 591 1
100 629 1
100 654 1
100 657 1
100 672 1
100 707 1
100 714 1
100 724 1
100 773 1
100 788 1
100 812 1
100 814 1
100 823 1
100 892 1
100 895 1
100 896 1
100 939 1
100 1000 1
100 1032 1
100 1039 1
100 1187 1
100 1246 1
100 1247 1
100 1281 1
100 1327 1
100 1391 1
100 1424 1
100 1482 1
100 1504 1
100 1513 1
100 1622 1
100 1737 1
100 1746 1
100 1759 1
100 1794 1
100 1807 1
100 1811 1
100 1845 1
100 1936 1
100 1946 1
100 1963 1
100 1988 1
100 1998 1
101 211 1
101 221 1
101 277 1
101 349 1
101 391 1
101 394 1
101 511 1
101 605 1
101 610 1
101 733 1
101 746 1
101 809 1
101 856 1
101 865 1
101 972 1
101 981 1
101 1069 1
101 1105 1
101 1117 1
101 1133 1
101 1142 1
101 1195 1
101 1307 1
101 1347 1
101 1389 1
101 1407 1
101 1429 1
101 1435 1
101 1501 1
101 1511 1
101 1518 1
101 1560 1
101 1569 1
101 1571 1
101 1602 1
101 1636 1
101 1642 1
101 1657 1
101 1675 1
101 1676 1
101 1745 1
101 1978 1
102 161 1
102 164 1
102 165 1
102 170 1
102 246 1
102 284 1
102 343 1
102 345 1
102 349 1
102 413 1
102 522 1
102 589 1
102 590 1
102 636 1
102 696 1
102 779 1
102 829 1
102 927 1
102 939 1
102 1027 1
102 1079 1
102 1096 1
102 1172 1
102 1276 1
102 1292 1
102 1301 1
102 1335 1
102 1368 1
102 1521 1
102 1535 1
102 1537 1
102 1541 1
102 1581 1
102 1607 1
102 1608 1
102 1611 1
102 1635 1
102 1700 1
102 1708 1
102 1850 1
102 1860 1
102 1885 1
102 1916 1
102 1927 1
102 1995 1
103 149 1
103 151 1
103 219 1
103 256 1
103 275 1
103 311 1
103 400 1
103 402 1
103 416 1
103 418 1
103 446 1
103 515 1
103 568 1
103 580 1
103 644 1
103 710 1
103 721 1
103 724 1
103 732 1
103 733 1
103 783 1
103 826 1
103 846 1
103 896 1
103 971 1
103 1138 1
103 1145 1
103 1226 1
103 1270 1
103 1277 1
103 1336 1
103 1361 1
103 1378 1
103 1428 1
103 1432 1
103 1452 1
103 1489 1
103 1626 1
103 1653 1
103 1752 1
103 1770 1
103 1932 1
103 1998 1
104 136 1
104 149 1
104 211 1
104 291 1
104 435 1
104 451 1
104 497 1
104 522 1
104 593 1
104 598 1
104 651 1
104 727 1
104 765 1
104 810 1
104 818 1
104 840 1
104 864 1
104 898 1
104 901 1
104 941 1
104 970 1
104 1078 1
104 1093 1
104 1104 1
104 1116 1
104 1153 1
104 1243 1
104 1281 1
104 1290 1
104 1392 1
104 1425 1
104 1543 1
104 1584 1
104 1625 1
104 1642 1
104 1713 1
104 1747 1
104 1772 1
104 1799 1
104 1883 1
104 1975 1
104 1984 1
105 145 1
105 185 1
105 289 1
105 305 1
105 404 1
105 429 1
105 500 1
105 584 1
105 592 1
105 635 1
105 670 1
105 675 1
105 754 1
105 761 1
105 800 1
105 825 1
105 874 1
105 884 1
105 896 1
105 897 1
105 905 1
105 910 1
105 931 1
105 966 1
105 977 1
105 989 1
105 1032 1
105 1065 1
105 1074 1
105 1081 1
105 1089 1
105 1096 1
105 1102 1
105 1131 1
105 1179 1
105 1234 1
105 1248 1
105 1312 1
105 1352 1
105 1354 1
105 1532 1
105 1551 1
105 1565 1
105 1599 1
105 1642 1
105 1800 1
105 1914 1
105 1915 1
106 142 1
106 156 1
106 184 1
106 227 1
106 293 1
106 297 1
106 326 1
106 327 1
106 341 1
106 392 1
106 484 1
106 498 1
106 571 1
106 615 1
106 723 1
106 734 1
106 801 1
106 833 1
106 838 1
106 914 1
106 927 1
106 929 1
106 951 1
106 1079 1
106 1105 1
106 1106 1
106 1131 1
106 1167 1
106 1264 1
106 1267 1
106 1444 1
106 1451 1
106 1626 1
106 1627 1
106 1654 1
106 1669 1
106 1681 1
106 1764 1
106 1799 1
106 1800 1
106 1820 1
106 1930 1
106 1978 1
106 1996 1
107 154 1
107 166 1
107 247 1
107 320 1
107 382 1
107 429 1
107 448 1
107 452 1
107 586 1
107 643 1
107 644 1
107 673 1
107 677 1
107 699 1
107 705 1
107 757 1
107 794 1
107 823 1
107 858 1
107 859 1
107 882 1
107 894 1
107 979 1
107 1066 1
107 1072 1
107 1122 1
107 1131 1
107 1239 1
107 1278 1
107 1324 1
107 1387 1
107 1427 1
107 1431 1
107 1450 1
107 1507 1
107 1527 1
107 1583 1
107 1623 1
107 1627 1
107 1703 1
107 1717 1
107 1874 1
107 1913 1
107 1939 1
107 1985 1
107 1987 1
108 122 1
108 209 1
108 217 1
108 220 1
108 237 1
108 248 1
108 304 1
108 337 1
108 407 1
108 440 1
108 441 1
108 534 1
108 590 1
108 604 1
108 613 1
108 654 1
108 708 1
108 732 1
108 737 1
108 738 1
108 750 1
108 764 1
108 776 1
108 855 1
108 860 1
108 883 1
108 888 1
108 899 1
108 929 1
108 945 1
108 961 1
108 963 1
108 1021 1
108 1029 1
108 1045 1
108 1081 1
108 1090 1
108 1100 1
108 1103 1
108 1190 1
108 1193 1
108 1229 1
108 1230 1
108 1322 1
108 1339 1
108 1342 1
108 1355 1
108 1361 1
108 1378 1
108 1397 1
108 1438 1
108 1480 1
108 1524 1
108 1532 1
108 1546 1
108 1547 1
108 1592 1
108 1596 1
108 1737 1
108 1773 1
108 1779 1
108 1790 1
108 1848 1
108 1944 1
108 1967 1
109 176 1
109 184 1
109 197 1
109 248 1
109 317 1
109 324 1
109 328 1
109 365 1
109 372 1
109 402 1
109 432 1
109 520 1
109 587 1
109 631 1
109 644 1
109 678 1
109 762 1
109 774 1
109 809 1
109 912 1
109 1017 1
109 1038 1
109 1044 1
109 1085 1
109 1087 1
109 1134 1
109 1147 1
109 1200 1
109 1279 1
109 1347 1
109 1354 1
109 1355 1
109 1429 1
109 1436 1
109 1447 1
109 1470 1
109 1510 1
109 1581 1
109 1619 1
109 1720 1
109 1734 1
109 1764 1
109 1803 1
109 1883 1
109 1917 1
110 125 1
110 172 1
110 183 1
110 242 1
110 253 1
110 272 1
110 295 1
110 321 1
110 325 1
110 362 1
110 395 1
110 437 1
110 470 1
110 518 1
110 546 1
110 576 1
110 584 1
110 632 1
110 682 1
110 727 1
110 750 1
110 767 1
110 820 1
110 835 1
110 884 1
110 928 1
110 943 1
110 968 1
110 979 1
110 1018 1
110 1035 1
110 1109 1
110 1119 1
110 1123 1
110 1147 1
110 1154 1
110 1167 1
110 1330 1
110 1337 1
110 1431 1
110 1534 1
110 1536 1
110 1558 1
110 1563 1
110 1617 1
110 1651 1
110 1667 1
110 1736 1
110 1878 1
110 1937 1
110 1967 1
110 1974 1
110 1986 1
111 123 1
111 129 1
111 187 1
111 190 1
111 212 1
111 249 1
111 270 1
111 283 1
111 285 1
111 288 1
111 341 1
111 403 1
111 433 1
111 497 1
111 525 1
111 540 1
111 568 1
111 719 1
111 745 1
111 747 1
111 861 1
111 868 1
111 978 1
111 999 1
111 1033 1
111 1063 1
111 1089 1
111 1178 1
111 1203 1
111 1212 1
111 1257 1
111 1264 1
111 1287 1
111 1288 1
111 1304 1
111 1317 1
111 1332 1
111 1426 1
111 1465 1
111 1480 1
111 1511 1
111 1519 1
111 1552 1
111 1574 1
111 1661 1
111 1665 1
111 1700 1
111 1741 1
111 1768 1
111 1785 1
111 1815 1
111 1818 1
111 1829 1
111 1904 1
111 1907 1
111 1909 1
111 1920 1
111 1922 1
111 1944 1
111 1950 1
111 1961 1
112 242 1
112 264 1
112 395 1
112 442 1
112 471 1
112 479 1
112 490 1
112 544 1
112 580 1
112 603 1
112 608 1
112 628 1
112 702 1
112 750 1
112 846 1
112 900 1
112 906 1
112 972 1
112 1014 1
112 1051 1
112 1096 1
112 1147 1
112 1158 1
112 1269 1
112 1274 1
112 1395 1
112 1471 1
112 1479 1
112 1483 1
112 1496 1
112 1510 1
112 1520 1
112 1565 1
112 1586 1
112 1590 1
112 1656 1
112 1690 1
112 1882 1
112 1906 1
112 1975 1
113 116 1
113 203 1
113 263 1
113 274 1
113 314 1
113 355 1
113 401 1
113 412 1
113 413 1
113 438 1
113 472 1
113 630 1
113 651 1
113 678 1
113 693 1
113 727 1
113 753 1
113 777 1
113 824 1
113 826 1
113 916 1
113 979 1
113 994 1
113 998 1
113 1035 1
113 1075 1
113 1077 1
113 1101 1
113 1149 1
113 1259 1
113 1274 1
113 1293 1
113 1298 1
113 1395 1
113 1470 1
113 1477 1
113 1506 1
113 1550 1
113 1642 1
113 1644 1
113 1677 1
113 1719 1
113 1740 1
113 1765 1
113 1774 1
113 1784 1
113 1791 1
113 1792 1
113 1796 1
113 1810 1
113 1817 1
113 1827 1
113 1896 1
113 1911 1
113 1912 1
113 1929 1
113 1963 1
113 1993 1
114 160 1
114 208 1
114 251 1
114 264 1
114 311 1
114 320 1
114 328 1
114 370 1
114 394 1
114 536 1
114 621 1
114 633 1
114 667 1
114 669 1
114 688 1
114 710 1
114 735 1
114 739 1
114 745 1
114 820 1
114 877 1
114 903 1
114 904 1
114 947 1
114 970 1
114 973 1
114 1000 1
114 1002 1
114 1021 1
114 1051 1
114 1065 1
114 1066 1
114 1086 1
114 1139 1
114 1143 1
114 1144 1
114 1199 1
114 1206 1
114 1212 1
114 1217 1
114 1228 1
114 1248 1
114 1252 1
114 1264 1
114 1281 1
114 1289 1
114 1322 1
114 1400 1
114 1422 1
114 1484 1
114 1526 1
114 1593 1
114 1634 1
114 1642 1
114 1702 1
114 1829 1
114 1847 1
114 1936 1
114 1982 1
115 123 1
115 169 1
115 187 1
115 198 1
115 199 1
115 218 1
115 232 1
115 328 1
115 394 1
115 406 1
115 435 1
115 476 1
115 550 1
115 594 1
115 607 1
115 612 1
115 672 1
115 694 1
115 755 1
115 811 1
115 879 1
115 884 1
115 888 1
115 931 1
115 940 1
115 971 1
115 1024 1
115 1119 1
115 1139 1
115 1168 1
115 1203 1
115 1211 1
115 1248 1
115 1313 1
115 1340 1
115 1366 1
115 1371 1
115 1386 1
115 1391 1
115 1396 1
115 1407 1
115 1437 1
115 1455 1
115 1572 1
115 1595 1
115 1603 1
115 1631 1
115 1635 1
115 1702 1
115 1713 1
115 1766 1
115 1787 1
115 1831 1
115 1843 1
115 1853 1
115 1888 1
115 1965 1
115 1995 1
116 189 1
116 197 1
116 213 1
116 217 1
116 402 1
116 482 1
116 514 1
116 562 1
116 574 1
116 625 1
116 659 1
116 677 1
116 679 1
116 736 1
116 760 1
116 775 1
116 838 1
116 876 1
116 888 1
116 971 1
116 983 1
116 998 1
116 1034 1
116 1146 1
116 1181 1
116 1201 1
116 1214 1
116 1229 1
116 1259 1
116 1287 1
116 1418 1
116 1431 1
116 1441 1
116 1442 1
116 1496 1
116 1543 1
116 1544 1
116 1568 1
116 1595 1
116 1630 1
116 1632 1
116 1722 1
116 1726 1
116 1735 1
116 1761 1
116 1784 1
116 1785 1
116 1898 1
116 1924 1
116 1930 1
116 1934 1
116 1941 1
117 129 1
117 208 1
117 239 1
117 258 1
117 373 1
117 446 1
117 505 1
117 515 1
117 570 1
117 588 1
117 659 1
117 793 1
117 805 1
117 859 1
117 871 1
117 917 1
117 1008 1
117 1084 1
117 1105 1
117 1111 1
117 1116 1
117 1161 1
117 1182 1
117 1190 1
117 1196 1
117 1199 1
117 1290 1
117 1319 1
117 1395 1
117 1422 1
117 1434 1
117 1442 1
117 1471 1
117 1498 1
117 1529 1
117 1539 1
117 1542 1
117 1571 1
117 1573 1
117 1634 1
117 1685 1
117 1769 1
117 1775 1
117 1913 1
117 1920 1
118 147 1
118 177 1
118 210 1
118 249 1
118 251 1
118 276 1
118 293 1
118 340 1
118 532 1
118 560 1
118 593 1
118 680 1
118 696 1
118 766 1
118 784 1
118 832 1
118 899 1
118 901 1
118 923 1
118 974 1
118 978 1
118 1007 1
118 1022 1
118 1028 1
118 1064 1
118 1146 1
118 1195 1
118 1212 1
118 1263 1
118 1300 1
118 1314 1
118 1335 1
118 1371 1
118 1406 1
118 1463 1
118 1596 1
118 1633 1
118 1640 1
118 1695 1
118 1792 1
118 1907 1
119 163 1
119 202 1
119 209 1
119 217 1
119 274 1
119 318 1
119 369 1
119 411 1
119 415 1
119 419 1
119 522 1
119 602 1
119 664 1
119 717 1
119 725 1
119 739 1
119 762 1
119 814 1
119 855 1
119 858 1
119 867 1
119 917 1
119 930 1
119 934 1
119 939 1
119 952 1
119 1081 1
119 1169 1
119 1219 1
119 1263 1
119 1279 1
119 1289 1
119 1413 1
119 1424 1
119 1430 1
119 1452 1
119 1504 1
119 1532 1
119 1649 1
119 1727 1
119 1756 1
119 1769 1
119 1776 1
119 1791 1
119 1801 1
119 1850 1
119 1895 1
119 1954 1
120 210 1
120 254 1
120 291 1
120 295 1
120 409 1
120 444 1
120 445 1
120 461 1
120 469 1
120 481 1
120 482 1
120 493 1
120 494 1
120 510 1
120 519 1
120 546 1
120 572 1
120 613 1
120 729 1
120 772 1
120 846 1
120 862 1
120 892 1
120 999 1
120 1035 1
120 1061 1
120 1091 1
120 1123 1
120 1153 1
120 1261 1
120 1335 1
120 1386 1
120 1395 1
120 1414 1
120 1431 1
120 1441 1
120 1479 1
120 1523 1
120 1533 1
120 1556 1
120 1581 1
120 1589 1
120 1641 1
120 1643 1
120 1750 1
120 1866 1
120 1884 1
120 1887 1
120 1903 1
120 1966 1
121 212 1
121 213 1
121 226 1
121 227 1
121 282 1
121 329 1
121 357 1
121 386 1
121 415 1
121 451 1
121 481 1
121 482 1
121 507 1
121 602 1
121 643 1
121 664 1
121 666 1
121 679 1
121 733 1
121 762 1
121 816 1
121 823 1
121 825 1
121 829 1
121 924 1
121 929 1
121 951 1
121 1029 1
121 1034 1
121 1051 1
121 1069 1
121 1100 1
121 1111 1
121 1121 1
121 1192 1
121 1276 1
121 1291 1
121 1348 1
121 1383 1
121 1388 1
121 1406 1
121 1474 1
121 1486 1
121 1495 1
121 1509 1
121 1512 1
121 1522 1
121 1529 1
121 1539 1
121 1557 1
121 1572 1
121 1630 1
121 1656 1
121 1680 1
121 1699 1
121 1700 1
121 1891 1
121 1916 1
121 1995 1
122 197 1
122 208 1
122 217 1
122 339 1
122 350 1
122 429 1
122 469 1
122 515 1
122 520 1
122 537 1
122 549 1
122 565 1
122 717 1
122 770 1
122 844 1
122 1001 1
122 1039 1
122 1099 1
122 1171 1
122 1178 1
122 1185 1
122 1303 1
122 1322 1
122 1400 1
122 1527 1
122 1553 1
122 1594 1
122 1683 1
122 1706 1
122 1764 1
122 1777 1
122 1926 1
122 1931 1
122 1944 1
123 244 1
123 266 1
123 276 1
123 289 1
123 303 1
123 332 1
123 338 1
123 349 1
123 373 1
123 383 1
123 417 1
123 423 1
123 452 1
123 484 1
123 491 1
123 516 1
123 550 1
123 569 1
123 625 1
123 632 1
123 720 1
123 746 1
123 812 1
123 862 1
123 867 1
123 941 1
123 955 1
123 1005 1
123 1006 1
123 1043 1
123 1091 1
123 1151 1
123 1156 1
123 1184 1
123 1200 1
123 1214 1
123 1255 1
123 1282 1
123 1285 1
123 1287 1
123 1323 1
123 1330 1
123 1358 1
123 1381 1
123 1392 1
123 1434 1
123 1475 1
123 1542 1
123 1568 1
123 1721 1
123 1757 1
123 1795 1
123 1839 1
123 1868 1
123 1906 1
123 1985 1
124 131 1
124 153 1
124 179 1
124 191 1
124 325 1
124 421 1
124 437 1
124 481 1
124 549 1
124 695 1
124 737 1
124 742 1
124 820 1
124 843 1
124 847 1
124 852 1
124 873 1
124 915 1
124 1002 1
124 1011 1
124 1026 1
124 1149 1
124 1179 1
124 1188 1
124 1197 1
124 1264 1
124 1372 1
124 1393 1
124 1423 1
124 1431 1
124 1484 1
124 1554 1
124 1712 1
124 1751 1
124 1832 1
124 1880 1
124 1900 1
125 182 1
125 183 1
125 191 1
125 236 1
125 285 1
125 287 1
125 294 1
125 302 1
125 317 1
125 395 1
125 494 1
125 495 1
125 529 1
125 581 1
125 625 1
125 719 1
125 791 1
125 800 1
125 819 1
125 851 1
125 879 1
125 882 1
125 896 1
125 929 1
125 1008 1
125 1038 1
125 1065 1
125 1135 1
125 1184 1
125 1222 1
125 1289 1
125 1328 1
125 1341 1
125 1398 1
125 1436 1
125 1446 1
125 1448 1
125 1510 1
125 1539 1
125 1549 1
125 1639 1
125 1657 1
125 1715 1
125 1739 1
125 1763 1
125 1812 1
125 1829 1
125 1860 1
125 1878 1
125 1889 1
125 1924 1
126 136 1
126 172 1
126 173 1
126 187 1
126 210 1
126 318 1
126 345 1
126 368 1
126 413 1
126 421 1
126 442 1
126 451 1
126 579 1
126 584 1
126 611 1
126 617 1
126 623 1
126 643 1
126 684 1
126 689 1
126 742 1
126 750 1
126 835 1
126 874 1
126 909 1
126 943 1
126 950 1
126 1059 1
126 1067 1
126 1171 1
126 1193 1
126 1294 1
126 1296 1
126 1362 1
126 1423 1
126 1434 1
126 1463 1
126 1504 1
126 1530 1
126 1606 1
126 1614 1
126 1616 1
126 1653 1
126 1682 1
126 1702 1
126 1755 1
126 1871 1
126 1879 1
126 1897 1
126 1980 1
127 131 1
127 150 1
127 197 1
127 207 1
127 209 1
127 248 1
127 260 1
127 262 1
127 272 1
127 313 1
127 345 1
127 346 1
127 393 1
127 409 1
127 474 1
127 509 1
127 519 1
127 679 1
127 695 1
127 706 1
127 708 1
127 900 1
127 909 1
127 1002 1
127 1048 1
127 1147 1
127 1186 1
127 1224 1
127 1240 1
127 1268 1
127 1291 1
127 1305 1
127 1311 1
127 1344 1
127 1355 1
127 1373 1
127 1519 1
127 1532 1
127 1620 1
127 1692 1
127 1703 1
127 1741 1
127 1761 1
127 1821 1
127 1824 1
127 1858 1
127 1861 1
127 1964 1
127 1994 1
128 139 1
128 240 1
128 317 1
128 319 1
128 323 1
128 352 1
128 389 1
128 412 1
128 415 1
128 595 1
128 638 1
128 651 1
128 679 1
128 698 1
128 798 1
128 801 1
128 802 1
128 832 1
128 887 1
128 894 1
128 1142 1
128 1164 1
128 1209 1
128 1244 1
128 1265 1
128 1300 1
128 1350 1
128 1438 1
128 1558 1
128 1560 1
128 1584 1
128 1699 1
128 1702 1
128 1732 1
128 1735 1
128 1743 1
128 1834 1
128 1864 1
128 1871 1
128 1879 1
128 1896 1
128 1909 1
128 1923 1
128 1971 1
128 1987 1
128 1997 1
129 207 1
129 213 1
129 299 1
129 315 1
129 355 1
129 381 1
129 413 1
129 428 1
129 449 1
129 504 1
129 517 1
129 535 1
129 557 1
129 599 1
129 602 1
129 719 1
129 724 1
129 747 1
129 759 1
129 780 1
129 794 1
129 871 1
129 884 1
129 902 1
129 910 1
129 987 1
129 1018 1
129 1070 1
129 1115 1
129 1125 1
129 1167 1
129 1168 1
129 1186 1
129 1193 1
129 1239 1
129 1257 1
129 1270 1
129 1331 1
129 1370 1
129 1394 1
129 1514 1
129 1594 1
129 1635 1
129 1639 1
129 1799 1
129 1876 1
129 1953 1
129 1978 1
129 1986 1
130 135 1
130 167 1
130 179 1
130 197 1
130 221 1
130 466 1
130 474 1
130 501 1
130 522 1
130 575 1
130 578 1
130 625 1
130 659 1
130 776 1
130 781 1
130 819 1
130 821 1
130 851 1
130 902 1
130 906 1
130 955 1
130 1092 1
130 1200 1
130 1207 1
130 1238 1
130 1276 1
130 1286 1
130 1328 1
130 1390 1
130 1399 1
130 1436 1
130 1478 1
130 1498 1
130 1515 1
130 1517 1
130 1564 1
130 1585 1
130 1725 1
130 1736 1
130 1766 1
130 1802 1
130 1825 1
130 1887 1
130 1962 1
130 1975 1
131 199 1
131 245 1
131 248 1
131 276 1
131 389 1
131 493 1
131 497 1
131 502 1
131 539 1
131 561 1
131 562 1
131 587 1
131 591 1
131 597 1
131 611 1
131 641 1
131 645 1
131 651 1
131 755 1
131 866 1
131 885 1
131 938 1
131 1004 1
131 1204 1
131 1225 1
131 1285 1
131 1306 1
131 1329 1
131 1537 1
131 1547 1
131 1651 1
131 1653 1
131 1687 1
131 1761 1
131 1762 1
131 1839 1
131 1843 1
131 1862 1
131 1890 1
131 1939 1
132 213 1
132 233 1
132 297 1
132 306 1
132 380 1
132 387 1
132 390 1
132 461 1
132 467 1
132 470 1
132 475 1
132 507 1
132 664 1
132 709 1
132 798 1
132 813 1
132 933 1
132 936 1
132 957 1
132 972 1
132 1018 1
132 1057 1
132 1069 1
132 1143 1
132 1157 1
132 1177 1
132 1185 1
132 1208 1
132 1241 1
132 1254 1
132 1299 1
132 1331 1
132 1372 1
132 1471 1
132 1517 1
132 1550 1
132 1570 1
132 1615 1
132 1646 1
132 1681 1
132 1759 1
132 1787 1
132 1798 1
132 1820 1
132 1843 1
132 1846 1
132 1878 1
132 1889 1
132 1903 1
132 1925 1
132 1926 1
133 134 1
133 147 1
133 151 1
133 251 1
133 256 1
133 259 1
133 348 1
133 372 1
133 424 1
133 432 1
133 578 1
133 595 1
133 722 1
133 752 1
133 789 1
133 817 1
133 877 1
133 896 1
133 913 1
133 922 1
133 970 1
133 985 1
133 1018 1
133 1155 1
133 1176 1
133 1186 1
133 1250 1
133 1258 1
133 1417 1
133 1435 1
133 1452 1
133 1469 1
133 1470 1
133 1535 1
133 1565 1
133 1585 1
133 1587 1
133 1603 1
133 1617 1
133 1618 1
133 1635 1
133 1698 1
133 1734 1
133 1813 1
133 1836 1
133 1838 1
133 1845 1
133 1857 1
133 1875 1
133 1897 1
133 1931 1
133 1989 1
134 165 1
134 195 1
134 205 1
134 268 1
134 328 1
134 385 1
134 406 1
134 458 1
134 506 1
134 511 1
134 518 1
134 569 1
134 672 1
134 694 1
134 710 1
134 732 1
134 788 1
134 789 1
134 790 1
134 860 1
134 912 1
134 997 1
134 1003 1
134 1005 1
134 1026 1
134 1118 1
134 1140 1
134 1180 1
134 1187 1
134 1205 1
134 1258 1
134 1329 1
134 1405 1
134 1407 1
134 1458 1
134 1467 1
134 1575 1
134 1656 1
134 1683 1
134 1693 1
134 1702 1
134 1749 1
134 1768 1
134 1796 1
134 1809 1
134 1811 1
134 1818 1
135 148 1
135 163 1
135 187 1
135 252 1
135 260 1
135 305 1
135 348 1
135 382 1
135 414 1
135 516 1
135 563 1
135 615 1
135 624 1
135 631 1
135 636 1
135 643 1
135 651 1
135 677 1
135 846 1
135 876 1
135 896 1
135 957 1
135 1017 1
135 1054 1
135 1181 1
135 1185 1
135 1188 1
135 1214 1
135 1241 1
135 1326 1
135 1458 1
135 1467 1
135 1532 1
135 1534 1
135 1565 1
135 1628 1
135 1642 1
135 1796 1
135 1811 1
135 1862 1
135 1908 1
135 1913 1
135 1950 1
136 199 1
136 220 1
136 247 1
136 262 1
136 286 1
136 337 1
136 560 1
136 807 1
136 823 1
136 828 1
136 866 1
136 945 1
136 952 1
136 956 1
136 990 1
136 1034 1
136 1082 1
136 1148 1
136 1150 1
136 1184 1
136 1237 1
136 1244 1
136 1297 1
136 1302 1
136 1364 1
136 1441 1
136 1550 1
136 1554 1
136 1596 1
136 1651 1
136 1681 1
136 1696 1
136 1712 1
136 1729 1
136 1731 1
136 1876 1
137 249 1
137 334 1
137 395 1
137 396 1
137 547 1
137 641 1
137 661 1
137 675 1
137 751 1
137 766 1
137 767 1
137 776 1
137 793 1
137 822 1
137 851 1
137 897 1
137 971 1
137 1005 1
137 1092 1
137 1097 1
137 1121 1
137 1130 1
137 1174 1
137 1202 1
137 1204 1
137 1300 1
137 1309 1
137 1361 1
137 1385 1
137 1395 1
137 1548 1
137 1618 1
137 1728 1
137 1729 1
137 1760 1
137 1864 1
137 1913 1
138 146 1
138 164 1
138 205 1
138 211 1
138 218 1
138 252 1
138 259 1
138 286 1
138 288 1
138 331 1
138 377 1
138 390 1
138 422 1
138 471 1
138 591 1
138 609 1
138 617 1
138 651 1
138 655 1
138 703 1
138 705 1
138 733 1
138 772 1
138 773 1
138 802 1
138 943 1
138 950 1
138 951 1
138 975 1
138 998 1
138 1287 1
138 1331 1
138 1355 1
138 1374 1
138 1434 1
138 1457 1
138 1505 1
138 1541 1
138 1569 1
138 1626 1
138 1635 1
138 1684 1
138 1694 1
138 1697 1
138 1724 1
138 1748 1
138 1785 1
138 1817 1
138 1851 1
138 1858 1
138 1864 1
138 1866 1
138 1911 1
138 1922 1
138 1978 1
139 165 1
139 170 1
139 186 1
139 276 1
139 323 1
139 500 1
139 578 1
139 593 1
139 614 1
139 629 1
139 709 1
139 753 1
139 792 1
139 871 1
139 876 1
139 897 1
139 919 1
139 954 1
139 1014 1
139 1023 1
139 1103 1
139 1153 1
139 1167 1
139 1182 1
139 1215 1
139 1333 1
139 1366 1
139 1391 1
139 1411 1
139 1457 1
139 1490 1
139 1557 1
139 1620 1
139 1642 1
139 1649 1
139 1661 1
139 1694 1
139 1706 1
139 1772 1
139 1801 1
139 1812 1
139 1845 1
139 1854 1
139 1877 1
139 1911 1
139 1918 1
139 1940 1
139 1978 1
140 141 1
140 203 1
140 251 1
140 259 1
140 263 1
140 275 1
140 315 1
140 515 1
140 545 1
140 629 1
140 656 1
140 661 1
140 669 1
140 674 1
140 730 1
140 738 1
140 787 1
140 863 1
140 897 1
140 913 1
140 994 1
140 1060 1
140 1086 1
140 1097 1
140 1166 1
140 1183 1
140 1194 1
140 1279 1
140 1323 1
140 1350 1
140 1363 1
140 1390 1
140 1412 1
140 1541 1
140 1545 1
140 1564 1
140 1619 1
140 1631 1
140 1720 1
140 1948 1
140 1952 1
140 1953 1
140 1986 1
141 209 1
141 231 1
141 232 1
141 255 1
141 259 1
141 263 1
141 291 1
141 379 1
141 499 1
141 510 1
141 512 1
141 571 1
141 631 1
141 653 1
141 656 1
141 670 1
141 671 1
141 694 1
141 704 1
141 769 1
141 777 1
141 845 1
141 854 1
141 858 1
141 899 1
141 1057 1
141 1141 1
141 1146 1
141 1238 1
141 1278 1
141 1356 1
141 1409 1
141 1508 1
141 1514 1
141 1518 1
141 1615 1
141 1619 1
141 1644 1
141 1674 1
141 1698 1
141 1927 1
141 1949 1
141 1986 1
141 1993 1
142 237 1
142 274 1
142 329 1
142 345 1
142 356 1
142 375 1
142 447 1
142 508 1
142 525 1
142 537 1
142 551 1
142 558 1
142 585 1
142 607 1
142 645 1
142 663 1
142 675 1
142 677 1
142 718 1
142 729 1
142 846 1
142 853 1
142 895 1
142 898 1
142 954 1
142 1034 1
142 1048 1
142 1071 1
142 1169 1
142 1200 1
142 1240 1
142 1275 1
142 1283 1
142 1343 1
142 1364 1
142 1371 1
142 1455 1
142 1608 1
142 1613 1
142 1627 1
142 1712 1
142 1731 1
142 1732 1
142 1755 1
142 1765 1
142 1782 1
142 1785 1
142 1786 1
142 1868 1
142 1911 1
142 1998 1
143 169 1
143 217 1
143 228 1
143 310 1
143 347 1
143 360 1
143 399 1
143 443 1
143 456 1
143 472 1
143 487 1
143 498 1
143 578 1
143 615 1
143 657 1
143 664 1
143 717 1
143 731 1
143 784 1
143 788 1
143 804 1
143 810 1
143 819 1
143 873 1
143 897 1
143 924 1
143 952 1
143 968 1
143 1007 1
143 1009 1
143 1030 1
143 1085 1
143 1103 1
143 1117 1
143 1131 1
143 1147 1
143 1198 1
143 1248 1
143 1252 1
143 1255 1
143 1296 1
143 1299 1
143 1348 1
143 1377 1
143 1386 1
143 1395 1
143 1414 1
143 1501 1
143 1505 1
143 1524 1
143 1620 1
143 1627 1
143 1647 1
143 1865 1
143 1884 1
143 1892 1
143 1906 1
143 1930 1
143 1975 1
144 150 1
144 285 1
144 383 1
144 424 1
144 427 1
144 441 1
144 461 1
144 475 1
144 510 1
144 526 1
144 606 1
144 642 1
144 661 1
144 753 1
144 902 1
144 905 1
144 985 1
144 993 1
144 1033 1
144 1128 1
144 1228 1
144 1303 1
144 1311 1
144 1342 1
144 1372 1
144 1390 1
144 1392 1
144 1420 1
144 1425 1
144 1448 1
144 1489 1
144 1507 1
144 1638 1
144 1665 1
144 1667 1
144 1680 1
144 1719 1
144 1761 1
144 1846 1
144 1852 1
144 1853 1
144 1942 1
144 1969 1
145 221 1
145 291 1
145 292 1
145 320 1
145 413 1
145 456 1
145 477 1
145 562 1
145 568 1
145 580 1
145 584 1
145 682 1
145 707 1
145 722 1
145 739 1
145 747 1
145 751 1
145 765 1
145 776 1
145 789 1
145 806 1
145 832 1
145 892 1
145 935 1
145 1051 1
145 1107 1
145 1189 1
145 1241 1
145 1277 1
145 1300 1
145 1347 1
145 1382 1
145 1395 1
145 1407 1
145 1427 1
145 1476 1
145 1488 1
145 1565 1
145 1595 1
145 1629 1
145 1638 1
145 1683 1
145 1722 1
145 1760 1
145 1817 1
145 1878 1
145 1887 1
145 1953 1
145 1955 1
145 1985 1
146 167 1
146 190 1
146 204 1
146 206 1
146 221 1
146 265 1
146 350 1
146 397 1
146 400 1
146 405 1
146 455 1
146 483 1
146 544 1
146 550 1
146 553 1
146 560 1
146 567 1
146 604 1
146 621 1
146 675 1
146 701 1
146 732 1
146 738 1
146 780 1
146 783 1
146 812 1
146 815 1
146 883 1
146 924 1
146 939 1
146 941 1
146 973 1
146 978 1
146 1083 1
146 1149 1
146 1189 1
146 1194 1
146 1223 1
146 1255 1
146 1278 1
146 1375 1
146 1379 1
146 1391 1
146 1395 1
146 1526 1
146 1592 1
146 1610 1
146 1624 1
146 1702 1
146 1919 1
146 1930 1
146 1951 1
146 1966 1
146 1991 1
147 161 1
147 188 1
147 218 1
147 220 1
147 236 1
147 241 1
147 262 1
147 474 1
147 569 1
147 587 1
147 588 1
147 630 1
147 767 1
147 803 1
147 860 1
147 929 1
147 1002 1
147 1012 1
147 1031 1
147 1054 1
147 1065 1
147 1067 1
147 1081 1
147 1192 1
147 1195 1
147 1211 1
147 1245 1
147 1248 1
147 1483 1
147 1487 1
147 1528 1
147 1531 1
147 1606 1
147 1608 1
147 1609 1
147 1610 1
147 1662 1
147 1680 1
147 1725 1
147 1760 1
147 1761 1
147 1819 1
147 1862 1
147 1863 1
147 1874 1
147 1921 1
147 1970 1
148 178 1
148 185 1
148 220 1
148 230 1
148 259 1
148 337 1
148 347 1
148 348 1
148 617 1
148 684 1
148 766 1
148 767 1
148 774 1
148 829 1
148 855 1
148 871 1
148 927 1
148 1042 1
148 1096 1
148 1111 1
148 1158 1
148 1220 1
148 1249 1
148 1270 1
148 1292 1
148 1350 1
148 1410 1
148 1429 1
148 1448 1
148 1463 1
148 1464 1
148 1494 1
148 1529 1
148 1616 1
148 1642 1
148 1769 1
148 1825 1
148 1855 1
148 1861 1
148 1912 1
148 1924 1
148 1953 1
148 1984 1
148 1988 1
149 183 1
149 190 1
149 202 1
149 282 1
149 289 1
149 330 1
149 340 1
149 365 1
149 465 1
149 468 1
149 488 1
149 693 1
149 781 1
149 803 1
149 893 1
149 918 1
149 950 1
149 983 1
149 1015 1
149 1066 1
149 1094 1
149 1101 1
149 1340 1
149 1376 1
149 1396 1
149 1430 1
149 1504 1
149 1507 1
149 1550 1
149 1558 1
149 1615 1
149 1628 1
149 1659 1
149 1664 1
149 1674 1
149 1675 1
149 1684 1
149 1694 1
149 1733 1
149 1780 1
149 1781 1
149 1811 1
149 1854 1
149 1879 1
149 1891 1
149 1918 1
149 1920 1
150 163 1
150 172 1
150 177 1
150 214 1
150 277 1
150 296 1
150 319 1
150 320 1
150 341 1
150 352 1
150 361 1
150 392 1
150 412 1
150 437 1
150 596 1
150 905 1
150 975 1
150 1048 1
150 1056 1
150 1063 1
150 1085 1
150 1105 1
150 1122 1
150 1125 1
150 1139 1
150 1193 1
150 1202 1
150 1327 1
150 1356 1
150 1412 1
150 1420 1
150 1470 1
150 1513 1
150 1519 1
150 1641 1
150 1680 1
150 1684 1
150 1696 1
150 1699 1
150 1733 1
150 1774 1
150 1779 1
150 1792 1
150 1809 1
150 1902 1
150 1964 1
150 1967 1
151 205 1
151 260 1
151 299 1
151 319 1
151 323 1
151 364 1
151 371 1
151 384 1
151 437 1
151 444 1
151 546 1
151 586 1
151 617 1
151 630 1
151 669 1
151 828 1
151 834 1
151 876 1
151 892 1
151 948 1
151 1004 1
151 1005 1
151 1030 1
151 1078 1
151 1125 1
151 1160 1
151 1216 1
151 1259 1
151 1265 1
151 1351 1
151 1391 1
151 1394 1
151 1473 1
151 1517 1
151 1585 1
151 1590 1
151 1654 1
151 1698 1
151 1755 1
151 1777 1
151 1840 1
151 1860 1
151 1920 1
152 227 1
152 245 1
152 283 1
152 317 1
152 352 1
152 438 1
152 476 1
152 502 1
152 530 1
152 584 1
152 585 1
152 599 1
152 601 1
152 616 1
152 626 1
152 645 1
152 683 1
152 688 1
152 781 1
152 835 1
152 848 1
152 918 1
152 947 1
152 976 1
152 999 1
152 1003 1
152 1091 1
152 1120 1
152 1153 1
152 1164 1
152 1182 1
152 1204 1
152 1263 1
152 1301 1
152 1304 1
152 1328 1
152 1377 1
152 1379 1
152 1407 1
152 1522 1
152 1549 1
152 1631 1
152 1687 1
152 1699 1
152 1739 1
152 1786 1
152 1900 1
152 1922 1
153 191 1
153 198 1
153 199 1
153 215 1
153 219 1
153 243 1
153 301 1
153 346 1
153 370 1
153 376 1
153 522 1
153 544 1
153 649 1
153 771 1
153 779 1
153 852 1
153 882 1
153 967 1
153 968 1
153 1000 1
153 1019 1
153 1029 1
153 1034 1
153 1118 1
153 1132 1
153 1157 1
153 1169 1
153 1170 1
153 1178 1
153 1181 1
153 1183 1
153 1258 1
153 1316 1
153 1341 1
153 1348 1
153 1434 1
153 1447 1
153 1448 1
153 1469 1
153 1497 1
153 1516 1
153 1632 1
153 1638 1
153 1723 1
153 1757 1
153 1776 1
153 1863 1
153 1876 1
153 1881 1
153 1886 1
153 1938 1
154 189 1
154 203 1
154 242 1
154 324 1
154 443 1
154 452 1
154 545 1
154 619 1
154 725 1
154 755 1
154 779 1
154 805 1
154 809 1
154 843 1
154 894 1
154 926 1
154 964 1
154 996 1
154 1012 1
154 1023 1
154 1041 1
154 1044 1
154 1064 1
154 1078 1
154 1185 1
154 1224 1
154 1255 1
154 1285 1
154 1354 1
154 1357 1
154 1394 1
154 1433 1
154 1480 1
154 1515 1
154 1524 1
154 1533 1
154 1548 1
154 1552 1
154 1562 1
154 1630 1
154 1634 1
154 1659 1
154 1661 1
154 1699 1
154 1731 1
154 1745 1
154 1772 1
154 1782 1
154 1845 1
154 1862 1
154 1873 1
154 1880 1
155 177 1
155 260 1
155 317 1
155 325 1
155 329 1
155 342 1
155 347 1
155 421 1
155 513 1
155 571 1
155 582 1
155 608 1
155 636 1
155 707 1
155 709 1
155 738 1
155 751 1
155 855 1
155 865 1
155 889 1
155 904 1
155 949 1
155 974 1
155 979 1
155 993 1
155 1017 1
155 1055 1
155 1150 1
155 1170 1
155 1187 1
155 1205 1
155 1208 1
155 1222 1
155 1223 1
155 1254 1
155 1307 1
155 1321 1
155 1361 1
155 1388 1
155 1408 1
155 1566 1
155 1763 1
155 1797 1
155 1855 1
155 1905 1
155 1938 1
155 1954 1
156 157 1
156 175 1
156 183 1
156 201 1
156 204 1
156 309 1
156 329 1
156 378 1
156 528 1
156 683 1
156 741 1
156 821 1
156 823 1
156 929 1
156 942 1
156 1057 1
156 1094 1
156 1095 1
156 1108 1
156 1113 1
156 1155 1
156 1241 1
156 1254 1
156 1321 1
156 1397 1
156 1459 1
156 1528 1
156 1598 1
156 1603 1
156 1623 1
156 1628 1
156 1676 1
156 1680 1
156 1717 1
156 1748 1
156 1769 1
156 1781 1
156 1831 1
156 1840 1
156 1841 1
156 1849 1
156 1863 1
156 1875 1
156 1879 1
156 1929 1
156 1937 1
157 159 1
157 240 1
157 245 1
157 319 1
157 371 1
157 398 1
157 407 1
157 540 1
157 560 1
157 687 1
157 719 1
157 720 1
157 728 1
157 768 1
157 922 1
157 974 1
157 1016 1
157 1021 1
157 1076 1
157 1149 1
157 1175 1
157 1300 1
157 1371 1
157 1469 1
157 1506 1
157 1508 1
157 1594 1
157 1610 1
157 1714 1
157 1722 1
157 1752 1
157 1835 1
157 1906 1
157 1908 1
157 1954 1
158 175 1
158 236 1
158 250 1
158 287 1
158 300 1
158 312 1
158 316 1
158 456 1
158 522 1
158 563 1
158 642 1
158 814 1
158 868 1
158 985 1
158 1058 1
158 1093 1
158 1099 1
158 1103 1
158 1112 1
158 1155 1
158 1167 1
158 1168 1
158 1179 1
158 1203 1
158 1235 1
158 1286 1
158 1289 1
158 1385 1
158 1410 1
158 1434 1
158 1459 1
158 1571 1
158 1598 1
158 1653 1
158 1670 1
158 1690 1
158 1706 1
158 1734 1
158 1755 1
158 1788 1
158 1794 1
158 1976 1
159 190 1
159 191 1
159 197 1
159 208 1
159 239 1
159 281 1
159 307 1
159 315 1
159 326 1
159 355 1
159 360 1
159 366 1
159 474 1
159 476 1
159 490 1
159 510 1
159 514 1
159 614 1
159 623 1
159 632 1
159 642 1
159 670 1
159 746 1
159 758 1
159 775 1
159 820 1
159 843 1
159 846 1
159 877 1
159 892 1
159 893 1
159 936 1
159 939 1
159 973 1
159 994 1
159 1034 1
159 1062 1
159 1067 1
159 1101 1
159 1148 1
159 1193 1
159 1208 1
159 1248 1
159 1255 1
159 1280 1
159 1283 1
159 1306 1
159 1324 1
159 1339 1
159 1414 1
159 1479 1
159 1556 1
159 1559 1
159 1599 1
159 1622 1
159 1670 1
159 1694 1
159 1753 1
159 1790 1
159 1828 1
159 1958 1
159 1965 1
159 1973 1
160 294 1
160 304 1
160 403 1
160 436 1
160 451 1
160 456 1
160 463 1
160 491 1
160 546 1
160 550 1
160 552 1
160 560 1
160 579 1
160 627 1
160 681 1
160 683 1
160 711 1
160 714 1
160 744 1
160 940 1
160 970 1
160 1027 1
160 1038 1
160 1059 1
160 1133 1
160 1136 1
160 1143 1
160 1238 1
160 1244 1
160 1269 1
160 1274 1
160 1338 1
160 1353 1
160 1536 1
160 1585 1
160 1600 1
160 1616 1
160 1631 1
160 1637 1
160 1694 1
160 1713 1
160 1815 1
160 1837 1
160 1929 1
161 167 1
161 202 1
161 208 1
161 223 1
161 257 1
161 317 1
161 324 1
161 338 1
161 352 1
161 536 1
161 557 1
161 598 1
161 601 1
161 641 1
161 691 1
161 723 1
161 817 1
161 827 1
161 918 1
161 936 1
161 998 1
161 1021 1
161 1098 1
161 1105 1
161 1106 1
161 1237 1
161 1293 1
161 1406 1
161 1437 1
161 1446 1
161 1447 1
161 1486 1
161 1509 1
161 1513 1
161 1600 1
161 1716 1
161 1748 1
161 1765 1
161 1768 1
161 1785 1
161 1815 1
161 1825 1
161 1835 1
161 1845 1
161 1848 1
161 1901 1
161 1930 1
161 1987 1
162 237 1
162 304 1
162 337 1
162 357 1
162 361 1
162 371 1
162 457 1
162 493 1
162 538 1
162 576 1
162 607 1
162 623 1
162 685 1
162 761 1
162 772 1
162 843 1
162 903 1
162 987 1
162 1148 1
162 1178 1
162 1195 1
162 1335 1
162 1373 1
162 1408 1
162 1425 1
162 1502 1
162 1503 1
162 1682 1
162 1690 1
162 1718 1
162 1734 1
162 1741 1
162 1769 1
162 1843 1
162 1914 1
162 1980 1
163 241 1
163 302 1
163 303 1
163 314 1
163 322 1
163 358 1
163 388 1
163 398 1
163 414 1
163 513 1
163 598 1
163 616 1
163 641 1
163 645 1
163 647 1
163 670 1
163 679 1
163 724 1
163 782 1
163 795 1
163 830 1
163 833 1
163 852 1
163 886 1
163 907 1
163 946 1
163 1012 1
163 1070 1
163 1096 1
163 1098 1
163 1108 1
163 1146 1
163 1191 1
163 1216 1
163 1261 1
163 1353 1
163 1476 1
163 1493 1
163 1552 1
163 1562 1
163 1581 1
163 1588 1
163 1621 1
163 1638 1
163 1670 1
163 1774 1
163 1777 1
163 1785 1
163 1827 1
163 1844 1
163 1875 1
163 1965 1
164 168 1
164 175 1
164 244 1
164 249 1
164 287 1
164 355 1
164 412 1
164 504 1
164 554 1
164 643 1
164 675 1
164 682 1
164 693 1
164 700 1
164 712 1
164 717 1
164 795 1
164 835 1
164 918 1
164 982 1
164 1014 1
164 1029 1
164 1161 1
164 1204 1
164 1268 1
164 1287 1
164 1289 1
164 1301 1
164 1335 1
164 1378 1
164 1417 1
164 1431 1
164 1456 1
164 1498 1
164 1519 1
164 1588 1
164 1609 1
164 1614 1
164 1657 1
164 1683 1
164 1707 1
164 1729 1
164 1759 1
164 1760 1
164 1778 1
164 1900 1
164 1927 1
164 1930 1
164 1942 1
164 1950 1
165 166 1
165 215 1
165 237 1
165 254 1
165 260 1
165 275 1
165 324 1
165 397 1
165 402 1
165 457 1
165 468 1
165 498 1
165 500 1
165 510 1
165 579 1
165 607 1
165 704 1
165 723 1
165 752 1
165 782 1
165 787 1
165 816 1
165 908 1
165 932 1
165 1060 1
165 1089 1
165 1090 1
165 1134 1
165 1157 1
165 1230 1
165 1256 1
165 1291 1
165 1343 1
165 1373 1
165 1525 1
165 1560 1
165 1623 1
165 1634 1
165 1655 1
165 1661 1
165 1727 1
165 1788 1
165 1949 1
165 1970 1
166 203 1
166 211 1
166 239 1
166 258 1
166 294 1
166 300 1
166 395 1
166 419 1
166 500 1
166 517 1
166 543 1
166 583 1
166 599 1
166 659 1
166 680 1
166 762 1
166 829 1
166 924 1
166 1013 1
166 1063 1
166 1134 1
166 1209 1
166 1244 1
166 1248 1
166 1250 1
166 1281 1
166 1304 1
166 1363 1
166 1366 1
166 1395 1
166 1416 1
166 1543 1
166 1561 1
166 1582 1
166 1615 1
166 1754 1
166 1776 1
166 1836 1
166 1863 1
166 1887 1
166 1920 1
167 205 1
167 263 1
167 267 1
167 321 1
167 426 1
167 435 1
167 524 1
167 527 1
167 538 1
167 571 1
167 583 1
167 587 1
167 701 1
167 774 1
167 792 1
167 809 1
167 834 1
167 921 1
167 965 1
167 999 1
167 1023 1
167 1037 1
167 1092 1
167 1111 1
167 1129 1
167 1134 1
167 1147 1
167 1171 1
167 1207 1
167 1218 1
167 1237 1
167 1330 1
167 1354 1
167 1372 1
167 1380 1
167 1401 1
167 1481 1
167 1547 1
167 1604 1
167 1624 1
167 1632 1
167 1635 1
167 1643 1
167 1684 1
167 1723 1
167 1746 1
167 1768 1
167 1791 1
167 1882 1
167 1883 1
167 1900 1
167 1920 1
168 209 1
168 299 1
168 323 1
168 354 1
168 362 1
168 400 1
168 410 1
168 421 1
168 477 1
168 506 1
168 521 1
168 578 1
168 579 1
168 641 1
168 647 1
168 649 1
168 653 1
168 711 1
168 721 1
168 790 1
168 799 1
168 907 1
168 932 1
168 969 1
168 1043 1
168 1121 1
168 1226 1
168 1253 1
168 1284 1
168 1299 1
168 1318 1
168 1369 1
168 1381 1
168 1415 1
168 1445 1
168 1452 1
168 1499 1
168 1533 1
168 1538 1
168 1852 1
168 1862 1
168 1878 1
168 1917 1
168 1932 1
168 1986 1
168 1992 1
169 201 1
169 216 1
169 242 1
169 272 1
169 305 1
169 324 1
169 364 1
169 409 1
169 411 1
169 412 1
169 422 1
169 454 1
169 462 1
169 484 1
169 548 1
169 658 1
169 667 1
169 713 1
169 722 1
169 753 1
169 790 1
169 835 1
169 862 1
169 922 1
169 949 1
169 1109 1
169 1151 1
169 1184 1
169 1222 1
169 1332 1
169 1348 1
169 1412 1
169 1445 1
169 1450 1
169 1454 1
169 1521 1
169 1564 1
169 1577 1
169 1578 1
169 1615 1
169 1636 1
169 1644 1
169 1663 1
169 1670 1
169 1693 1
169 1763 1
169 1791 1
169 1814 1
169 1870 1
169 1964 1
169 1992 1
170 176 1
170 196 1
170 200 1
170 216 1
170 227 1
170 233 1
170 270 1
170 293 1
170 339 1
170 355 1
170 491 1
170 508 1
170 533 1
170 575 1
170 630 1
170 732 1
170 733 1
170 777 1
170 792 1
170 816 1
170 830 1
170 849 1
170 883 1
170 885 1
170 940 1
170 970 1
170 981 1
170 1024 1
170 1059 1
170 1250 1
170 1278 1
170 1629 1
170 1749 1
170 1769 1
170 1771 1
170 1834 1
170 1894 1
170 1907 1
170 1910 1
170 1913 1
171 238 1
171 257 1
171 358 1
171 498 1
171 509 1
171 545 1
171 562 1
171 588 1
171 607 1
171 614 1
171 650 1
171 672 1
171 760 1
171 798 1
171 808 1
171 813 1
171 818 1
171 820 1
171 867 1
171 875 1
171 939 1
171 984 1
171 1071 1
171 1086 1
171 1182 1
171 1276 1
171 1308 1
171 1327 1
171 1389 1
171 1408 1
171 1490 1
171 1548 1
171 1863 1
171 1963 1
171 1990 1
172 217 1
172 252 1
172 288 1
172 295 1
172 318 1
172 326 1
172 356 1
172 363 1
172 411 1
172 428 1
172 434 1
172 533 1
172 645 1
172 658 1
172 716 1
172 748 1
172 760 1
172 806 1
172 818 1
172 844 1
172 850 1
172 854 1
172 860 1
172 873 1
172 914 1
172 969 1
172 984 1
172 1099 1
172 1135 1
172 1154 1
172 1184 1
172 1224 1
172 1285 1
172 1289 1
172 1297 1
172 1302 1
172 1333 1
172 1450 1
172 1471 1
172 1486 1
172 1526 1
172 1568 1
172 1590 1
172 1606 1
172 1639 1
172 1675 1
172 1677 1
172 1682 1
172 1734 1
172 1762 1
172 1779 1
172 1829 1
172 1854 1
172 1857 1
172 1874 1
172 1889 1
172 1926 1
172 1943 1
172 1972 1
173 289 1
173 290 1
173 304 1
173 335 1
173 348 1
173 362 1
173 390 1
173 438 1
173 481 1
173 619 1
173 655 1
173 675 1
173 826 1
173 931 1
173 937 1
173 973 1
173 1024 1
173 1049 1
173 1073 1
173 1150 1
173 1167 1
173 1204 1
173 1207 1
173 1234 1
173 1281 1
173 1289 1
173 1300 1
173 1310 1
173 1317 1
173 1390 1
173 1405 1
173 1498 1
173 1546 1
173 1571 1
173 1579 1
173 1582 1
173 1584 1
173 1624 1
173 1653 1
173 1720 1
173 1734 1
173 1885 1
173 1894 1
173 1978 1
174 181 1
174 198 1
174 225 1
174 270 1
174 280 1
174 295 1
174 417 1
174 458 1
174 469 1
174 477 1
174 495 1
174 521 1
174 528 1
174 595 1
174 629 1
174 657 1
174 727 1
174 743 1
174 850 1
174 853 1
174 893 1
174 974 1
174 1022 1
174 1128 1
174 1146 1
174 1167 1
174 1186 1
174 1238 1
174 1242 1
174 1342 1
174 1365 1
174 1370 1
174 1385 1
174 1386 1
174 1453 1
174 1670 1
174 1702 1
174 1728 1
174 1730 1
174 1760 1
174 1799 1
174 1800 1
174 1842 1
174 1884 1
174 1893 1
174 1973 1
175 184 1
175 194 1
175 211 1
175 264 1
175 347 1
175 508 1
175 518 1
175 558 1
175 576 1
175 603 1
175 749 1
175 751 1
175 764 1
175 866 1
175 871 1
175 921 1
175 922 1
175 925 1
175 959 1
175 978 1
175 981 1
175 1048 1
175 1088 1
175 1093 1
175 1143 1
175 1157 1
175 1168 1
175 1178 1
175 1241 1
175 1256 1
175 1262 1
175 1312 1
175 1391 1
175 1412 1
175 1483 1
175 1485 1
175 1540 1
175 1545 1
175 1586 1
175 1606 1
175 1708 1
175 1723 1
175 1818 1
175 1870 1
175 1972 1
176 251 1
176 261 1
176 316 1
176 350 1
176 503 1
176 559 1
176 586 1
176 620 1
176 624 1
176 699 1
176 799 1
176 830 1
176 846 1
176 852 1
176 902 1
176 953 1
176 955 1
176 998 1
176 1062 1
176 1069 1
176 1081 1
176 1179 1
176 1180 1
176 1197 1
176 1201 1
176 1251 1
176 1258 1
176 1265 1
176 1292 1
176 1307 1
176 1381 1
176 1430 1
176 1466 1
176 1504 1
176 1542 1
176 1576 1
176 1580 1
176 1636 1
176 1655 1
176 1663 1
176 1668 1
176 1719 1
176 1772 1
176 1811 1
176 1819 1
176 1844 1
176 1859 1
176 1865 1
176 1931 1
177 213 1
177 217 1
177 246 1
177 269 1
177 318 1
177 331 1
177 434 1
177 480 1
177 493 1
177 499 1
177 525 1
177 640 1
177 666 1
177 681 1
177 690 1
177 723 1
177 818 1
177 830 1
177 831 1
177 923 1
177 985 1
177 987 1
177 1067 1
177 1087 1
177 1095 1
177 1107 1
177 1145 1
177 1178 1
177 1217 1
177 1229 1
177 1322 1
177 1374 1
177 1445 1
177 1459 1
177 1507 1
177 1512 1
177 1560 1
177 1665 1
177 1714 1
177 1722 1
177 1868 1
177 1872 1
177 1891 1
177 1932 1
177 1974 1
177 1987 1
178 179 1
178 201 1
178 222 1
178 282 1
178 310 1
178 317 1
178 384 1
178 394 1
178 405 1
178 416 1
178 430 1
178 460 1
178 498 1
178 541 1
178 598 1
178 612 1
178 635 1
178 707 1
178 792 1
178 801 1
178 803 1
178 819 1
178 855 1
178 1057 1
178 1068 1
178 1082 1
178 1149 1
178 1198 1
178 1385 1
178 1389 1
178 1428 1
178 1432 1
178 1444 1
178 1558 1
178 1590 1
178 1606 1
178 1610 1
178 1613 1
178 1636 1
178 1740 1
178 1863 1
178 1914 1
178 1958 1
178 1988 1
179 247 1
179 330 1
179 424 1
179 482 1
179 507 1
179 537 1
179 668 1
179 683 1
179 714 1
179 820 1
179 847 1
179 1138 1
179 1141 1
179 1160 1
179 1197 1
179 1286 1
179 1308 1
179 1313 1
179 1329 1
179 1343 1
179 1345 1
179 1401 1
179 1420 1
179 1433 1
179 1436 1
179 1450 1
179 1484 1
179 1537 1
179 1567 1
179 1683 1
179 1699 1
179 1726 1
179 1738 1
179 1857 1
179 1869 1
179 1893 1
179 1905 1
180 199 1
180 226 1
180 278 1
180 296 1
180 298 1
180 304 1
180 312 1
180 340 1
180 437 1
180 477 1
180 569 1
180 592 1
180 646 1
180 659 1
180 676 1
180 680 1
180 718 1
180 770 1
180 806 1
180 895 1
180 930 1
180 967 1
180 989 1
180 994 1
180 1013 1
180 1084 1
180 1115 1
180 1169 1
180 1232 1
180 1275 1
180 1296 1
180 1330 1
180 1363 1
180 1378 1
180 1532 1
180 1536 1
180 1545 1
180 1614 1
180 1616 1
180 1640 1
180 1643 1
180 1651 1
180 1661 1
180 1709 1
180 1712 1
180 1746 1
180 1764 1
180 1777 1
180 1783 1
180 1787 1
180 1792 1
180 1820 1
180 1824 1
180 1843 1
180 1862 1
180 1986 1
181 187 1
181 189 1
181 315 1
181 338 1
181 525 1
181 547 1
181 551 1
181 587 1
181 596 1
181 655 1
181 680 1
181 699 1
181 768 1
181 893 1
181 946 1
181 1004 1
181 1010 1
181 1026 1
181 1160 1
181 1198 1
181 1219 1
181 1234 1
181 1266 1
181 1274 1
181 1291 1
181 1327 1
181 1342 1
181 1358 1
181 1361 1
181 1470 1
181 1627 1
181 1650 1
181 1684 1
181 1698 1
181 1701 1
181 1702 1
181 1752 1
181 1859 1
181 1917 1
181 1933 1
181 1968 1
181 1993 1
182 191 1
182 209 1
182 214 1
182 228 1
182 306 1
182 339 1
182 385 1
182 387 1
182 428 1
182 507 1
182 532 1
182 533 1
182 620 1
182 622 1
182 656 1
182 721 1
182 861 1
182 966 1
182 991 1
182 1012 1
182 1032 1
182 1041 1
182 1051 1
182 1052 1
182 1110 1
182 1149 1
182 1169 1
182 1175 1
182 1180 1
182 1220 1
182 1241 1
182 1250 1
182 1304 1
182 1321 1
182 1374 1
182 1379 1
182 1404 1
182 1443 1
182 1474 1
182 1476 1
182 1511 1
182 1536 1
182 1619 1
182 1636 1
182 1777 1
182 1803 1
182 1814 1
182 1908 1
182 1938 1
182 1973 1
182 1990 1
183 186 1
183 188 1
183 247 1
183 322 1
183 684 1
183 790 1
183 817 1
183 837 1
183 918 1
183 932 1
183 943 1
183 1046 1
183 1109 1
183 1158 1
183 1172 1
183 1183 1
183 1239 1
183 1303 1
183 1340 1
183 1372 1
183 1436 1
183 1452 1
183 1535 1
183 1621 1
183 1718 1
183 1745 1
183 1800 1
183 1809 1
183 1813 1
183 1823 1
183 1857 1
183 1920 1
183 1922 1
183 1963 1
184 232 1
184 321 1
184 356 1
184 369 1
184 403 1
184 412 1
184 445 1
184 456 1
184 468 1
184 584 1
184 592 1
184 680 1
184 681 1
184 735 1
184 748 1
184 764 1
184 822 1
184 836 1
184 840 1
184 918 1
184 1039 1
184 1133 1
184 1151 1
184 1228 1
184 1233 1
184 1318 1
184 1340 1
184 1424 1
184 1514 1
184 1589 1
184 1616 1
184 1630 1
184 1652 1
184 1668 1
184 1674 1
184 1724 1
184 1897 1
184 1905 1
184 1910 1
184 1956 1
185 262 1
185 281 1
185 296 1
185 323 1
185 415 1
185 441 1
185 447 1
185 451 1
185 456 1
185 472 1
185 577 1
185 585 1
185 610 1
185 637 1
185 659 1
185 750 1
185 786 1
185 791 1
185 800 1
185 865 1
185 976 1
185 1017 1
185 1084 1
185 1085 1
185 1122 1
185 1148 1
185 1151 1
185 1157 1
185 1192 1
185 1199 1
185 1223 1
185 1268 1
185 1367 1
185 1376 1
185 1427 1
185 1473 1
185 1516 1
185 1562 1
185 1600 1
185 1619 1
185 1671 1
185 1679 1
185 1890 1
185 1900 1
185 1901 1
185 1906 1
185 1907 1
185 1908 1
185 1909 1
185 1913 1
185 1914 1
185 1915 1
185 1919 1
185 2000 1
186 212 1
186 312 1
186 459 1
186 497 1
186 550 1
186 559 1
186 606 1
186 614 1
186 619 1
186 638 1
186 721 1
186 752 1
186 760 1
186 910 1
186 920 1
186 925 1
186 952 1
186 956 1
186 988 1
186 1049 1
186 1073 1
186 1085 1
186 1094 1
186 1110 1
186 1112 1
186 1196 1
186 1249 1
186 1317 1
186 1350 1
186 1381 1
186 1437 1
186 1519 1
186 1543 1
186 1709 1
186 1798 1
186 1836 1
186 1909 1
186 1914 1
186 1939 1
186 1940 1
186 1982 1
186 1989 1
187 232 1
187 255 1
187 435 1
187 492 1
187 504 1
187 519 1
187 531 1
187 543 1
187 587 1
187 671 1
187 807 1
187 831 1
187 858 1
187 986 1
187 1009 1
187 1057 1
187 1075 1
187 1222 1
187 1253 1
187 1347 1
187 1363 1
187 1452 1
187 1455 1
187 1477 1
187 1503 1
187 1546 1
187 1651 1
187 1658 1
187 1659 1
187 1739 1
187 1765 1
187 1793 1
187 1794 1
187 1882 1
187 1884 1
187 1950 1
187 1965 1
187 1969 1
187 1999 1
188 325 1
188 351 1
188 377 1
188 397 1
188 436 1
188 457 1
188 463 1
188 472 1
188 491 1
188 518 1
188 577 1
188 583 1
188 632 1
188 683 1
188 723 1
188 765 1
188 771 1
188 845 1
188 857 1
188 913 1
188 1000 1
188 1030 1
188 1117 1
188 1181 1
188 1187 1
188 1196 1
188 1340 1
188 1359 1
188 1362 1
188 1376 1
188 1407 1
188 1463 1
188 1717 1
188 1743 1
188 1745 1
188 1769 1
188 1771 1
188 1793 1
188 1829 1
188 1858 1
188 1960 1
189 212 1
189 227 1
189 233 1
189 248 1
189 315 1
189 322 1
189 342 1
189 378 1
189 411 1
189 441 1
189 448 1
189 564 1
189 611 1
189 616 1
189 636 1
189 657 1
189 686 1
189 796 1
189 815 1
189 845 1
189 879 1
189 923 1
189 927 1
189 929 1
189 939 1
189 994 1
189 1013 1
189 1025 1
189 1080 1
189 1110 1
189 1175 1
189 1184 1
189 1243 1
189 1293 1
189 1327 1
189 1336 1
189 1368 1
189 1399 1
189 1413 1
189 1438 1
189 1479 1
189 1529 1
189 1588 1
189 1599 1
189 1654 1
189 1733 1
189 1737 1
189 1763 1
189 1779 1
189 1851 1
190 256 1
190 264 1
190 267 1
190 295 1
190 335 1
190 344 1
190 578 1
190 597 1
190 667 1
190 675 1
190 702 1
190 725 1
190 754 1
190 756 1
190 845 1
190 866 1
190 1065 1
190 1119 1
190 1207 1
190 1219 1
190 1226 1
190 1238 1
190 1266 1
190 1268 1
190 1273 1
190 1290 1
190 1307 1
190 1318 1
190 1332 1
190 1366 1
190 1368 1
190 1489 1
190 1551 1
190 1566 1
190 1574 1
190 1623 1
190 1678 1
190 1835 1
190 1905 1
190 1938 1
190 1960 1
190 1993 1
191 216 1
191 284 1
191 287 1
191 301 1
191 482 1
191 529 1
191 593 1
191 631 1
191 648 1
191 668 1
191 731 1
191 797 1
191 862 1
191 1256 1
191 1263 1
191 1333 1
191 1415 1
191 1432 1
191 1475 1
191 1510 1
191 1591 1
191 1596 1
191 1610 1
191 1663 1
191 1673 1
191 1682 1
191 1689 1
191 1707 1
191 1723 1
191 1730 1
191 1761 1
191 1788 1
191 1796 1
191 1867 1
191 1950 1
191 1966 1
192 215 1
192 268 1
192 284 1
192 337 1
192 401 1
192 413 1
192 432 1
192 451 1
192 459 1
192 526 1
192 567 1
192 608 1
192 764 1
192 804 1
192 813 1
192 838 1
192 858 1
192 881 1
192 949 1
192 1027 1
192 1094 1
192 1098 1
192 1152 1
192 1164 1
192 1226 1
192 1241 1
192 1244 1
192 1273 1
192 1289 1
192 1310 1
192 1341 1
192 1351 1
192 1360 1
192 1371 1
192 1410 1
192 1468 1
192 1492 1
192 1514 1
192 1558 1
192 1576 1
192 1581 1
192 1587 1
192 1628 1
192 1656 1
192 1740 1
192 1753 1
192 1867 1
192 1877 1
192 1893 1
192 1948 1
192 1969 1
193 227 1
193 239 1
193 277 1
193 294 1
193 324 1
193 337 1
193 348 1
193 375 1
193 385 1
193 395 1
193 419 1
193 433 1
193 455 1
193 544 1
193 574 1
193 577 1
193 598 1
193 601 1
193 657 1
193 675 1
193 681 1
193 767 1
193 770 1
193 800 1
193 807 1
193 821 1
193 845 1
193 874 1
193 893 1
193 961 1
193 1075 1
193 1185 1
193 1217 1
193 1275 1
193 1303 1
193 1375 1
193 1437 1
193 1538 1
193 1543 1
193 1655 1
193 1698 1
193 1718 1
193 1778 1
193 1788 1
193 1841 1
193 1865 1
193 1895 1
193 1962 1
193 1963 1
193 1979 1
194 204 1
194 246 1
194 378 1
194 471 1
194 498 1
194 500 1
194 593 1
194 709 1
194 864 1
194 900 1
194 903 1
194 952 1
194 977 1
194 1008 1
194 1047 1
194 1053 1
194 1082 1
194 1137 1
194 1211 1
194 1226 1
194 1232 1
194 1370 1
194 1400 1
194 1422 1
194 1493 1
194 1508 1
194 1535 1
194 1547 1
194 1618 1
194 1626 1
194 1646 1
194 1689 1
194 1693 1
194 1694 1
194 1766 1
194 1779 1
194 1835 1
194 1885 1
194 1886 1
194 1898 1
194 1956 1
194 1979 1
195 198 1
195 230 1
195 245 1
195 289 1
195 311 1
195 328 1
195 337 1
195 345 1
195 367 1
195 392 1
195 394 1
195 413 1
195 469 1
195 494 1
195 500 1
195 563 1
195 570 1
195 580 1
195 618 1
195 624 1
195 632 1
195 653 1
195 745 1
195 792 1
195 825 1
195 827 1
195 855 1
195 880 1
195 957 1
195 978 1
195 1092 1
195 1093 1
195 1283 1
195 1284 1
195 1288 1
195 1334 1
195 1415 1
195 1419 1
195 1465 1
195 1531 1
195 1586 1
195 1594 1
195 1596 1
195 1621 1
195 1695 1
195 1706 1
195 1722 1
195 1752 1
195 1892 1
195 1918 1
195 1951 1
196 235 1
196 335 1
196 352 1
196 422 1
196 461 1
196 480 1
196 487 1
196 532 1
196 599 1
196 603 1
196 639 1
196 646 1
196 662 1
196 695 1
196 717 1
196 721 1
196 765 1
196 807 1
196 862 1
196 867 1
196 892 1
196 895 1
196 959 1
196 975 1
196 1046 1
196 1059 1
196 1118 1
196 1133 1
196 1231 1
196 1253 1
196 1414 1
196 1432 1
196 1439 1
196 1469 1
196 1517 1
196 1522 1
196 1532 1
196 1575 1
196 1592 1
196 1713 1
196 1722 1
196 1809 1
196 1822 1
196 1830 1
196 1861 1
196 1877 1
196 1987 1
197 206 1
197 229 1
197 235 1
197 364 1
197 386 1
197 410 1
197 524 1
197 598 1
197 601 1
197 672 1
197 682 1
197 684 1
197 698 1
197 704 1
197 712 1
197 724 1
197 755 1
197 779 1
197 896 1
197 906 1
197 1012 1
197 1034 1
197 1038 1
197 1047 1
197 1107 1
197 1114 1
197 1122 1
197 1123 1
197 1128 1
197 1140 1
197 1157 1
197 1211 1
197 1234 1
197 1296 1
197 1306 1
197 1334 1
197 1405 1
197 1448 1
197 1468 1
197 1615 1
197 1638 1
197 1700 1
197 1753 1
197 1758 1
197 1788 1
197 1791 1
197 1793 1
197 1795 1
197 1801 1
197 1841 1
197 1873 1
197 1885 1
197 1981 1
197 1992 1
198 211 1
198 246 1
198 311 1
198 356 1
198 425 1
198 488 1
198 504 1
198 507 1
198 538 1
198 541 1
198 562 1
198 578 1
198 607 1
198 648 1
198 676 1
198 757 1
198 775 1
198 785 1
198 793 1
198 801 1
198 843 1
198 1071 1
198 1084 1
198 1094 1
198 1301 1
198 1343 1
198 1384 1
198 1395 1
198 1426 1
198 1429 1
198 1520 1
198 1564 1
198 1634 1
198 1650 1
198 1666 1
198 1746 1
198 1753 1
198 1771 1
198 1782 1
198 1896 1
198 1897 1
198 1943 1
198 1977 1
198 1996 1
199 260 1
199 273 1
199 283 1
199 320 1
199 423 1
199 461 1
199 514 1
199 538 1
199 616 1
199 631 1
199 664 1
199 771 1
199 826 1
199 982 1
199 1024 1
199 1026 1
199 1039 1
199 1047 1
199 1129 1
199 1174 1
199 1182 1
199 1235 1
199 1245 1
199 1286 1
199 1325 1
199 1421 1
199 1428 1
199 1477 1
199 1483 1
199 1547 1
199 1610 1
199 1619 1
199 1637 1
199 1648 1
199 1735 1
199 1753 1
199 1777 1
199 1923 1
199 1955 1
199 1967 1
200 203 1
200 205 1
200 357 1
200 367 1
200 426 1
200 584 1
200 587 1
200 627 1
200 662 1
200 721 1
200 740 1
200 781 1
200 789 1
200 827 1
200 863 1
200 924 1
200 975 1
200 977 1
200 1026 1
200 1073 1
200 1143 1
200 1170 1
200 1180 1
200 1201 1
200 1215 1
200 1220 1
200 1237 1
200 1260 1
200 1312 1
200 1363 1
200 1441 1
200 1600 1
200 1615 1
200 1632 1
200 1672 1
200 1717 1
200 1722 1
200 1730 1
200 1777 1
200 1793 1
200 1827 1
200 1860 1
200 1906 1
200 1933 1
200 1998 1
201 202 1
201 228 1
201 234 1
201 268 1
201 271 1
201 345 1
201 381 1
201 436 1
201 498 1
201 533 1
201 551 1
201 617 1
201 624 1
201 721 1
201 738 1
201 782 1
201 811 1
201 815 1
201 825 1
201 827 1
201 863 1
201 874 1
201 923 1
201 986 1
201 1017 1
201 1077 1
201 1099 1
201 1113 1
201 1125 1
201 1190 1
201 1225 1
201 1257 1
201 1299 1
201 1342 1
201 1375 1
201 1382 1
201 1410 1
201 1427 1
201 1461 1
201 1507 1
201 1550 1
201 1563 1
201 1587 1
201 1611 1
201 1664 1
201 1671 1
201 1754 1
201 1813 1
201 1868 1
201 1953 1
201 1963 1
202 240 1
202 279 1
202 383 1
202 407 1
202 451 1
202 610 1
202 624 1
202 628 1
202 634 1
202 667 1
202 670 1
202 673 1
202 755 1
202 762 1
202 799 1
202 830 1
202 843 1
202 851 1
202 875 1
202 1006 1
202 1043 1
202 1047 1
202 1066 1
202 1188 1
202 1205 1
202 1247 1
202 1260 1
202 1273 1
202 1374 1
202 1411 1
202 1412 1
202 1454 1
202 1532 1
202 1564 1
202 1643 1
202 1680 1
202 1709 1
202 1748 1
202 1773 1
202 1822 1
202 1873 1
202 1925 1
202 1941 1
202 1953 1
203 223 1
203 397 1
203 427 1
203 435 1
203 655 1
203 670 1
203 755 1
203 766 1
203 784 1
203 862 1
203 896 1
203 909 1
203 924 1
203 941 1
203 952 1
203 962 1
203 1027 1
203 1031 1
203 1061 1
203 1207 1
203 1242 1
203 1330 1
203 1357 1
203 1359 1
203 1370 1
203 1385 1
203 1431 1
203 1529 1
203 1581 1
203 1586 1
203 1592 1
203 1616 1
203 1621 1
203 1624 1
203 1632 1
203 1693 1
203 1756 1
203 1758 1
203 1765 1
203 1776 1
203 1811 1
203 1837 1
203 1860 1
203 1972 1
203 1975 1
203 1992 1
204 230 1
204 340 1
204 385 1
204 422 1
204 428 1
204 562 1
204 614 1
204 690 1
204 693 1
204 745 1
204 746 1
204 874 1
204 917 1
204 956 1
204 988 1
204 1014 1
204 1211 1
204 1277 1
204 1342 1
204 1364 1
204 1389 1
204 1443 1
204 1451 1
204 1461 1
204 1470 1
204 1472 1
204 1476 1
204 1509 1
204 1535 1
204 1560 1
204 1633 1
204 1651 1
204 1654 1
204 1714 1
204 1746 1
204 1808 1
204 1839 1
204 1853 1
204 1865 1
204 1905 1
204 1911 1
204 1919 1
204 1983 1
204 1996 1
205 213 1
205 230 1
205 244 1
205 257 1
205 269 1
205 273 1
205 341 1
205 355 1
205 429 1
205 518 1
205 548 1
205 564 1
205 566 1
205 632 1
205 684 1
205 718 1
205 733 1
205 778 1
205 836 1
205 873 1
205 947 1
205 973 1
205 976 1
205 982 1
205 990 1
205 1003 1
205 1015 1
205 1091 1
205 1101 1
205 1190 1
205 1212 1
205 1217 1
205 1287 1
205 1300 1
205 1451 1
205 1476 1
205 1587 1
205 1606 1
205 1609 1
205 1612 1
205 1616 1
205 1854 1
205 1878 1
205 1899 1
205 1915 1
205 1927 1
205 1967 1
206 211 1
206 227 1
206 236 1
206 306 1
206 388 1
206 432 1
206 437 1
206 451 1
206 487 1
206 562 1
206 725 1
206 802 1
206 819 1
206 836 1
206 841 1
206 906 1
206 907 1
206 934 1
206 945 1
206 1004 1
206 1053 1
206 1093 1
206 1094 1
206 1119 1
206 1147 1
206 1175 1
206 1233 1
206 1274 1
206 1310 1
206 1326 1
206 1352 1
206 1363 1
206 1393 1
206 1410 1
206 1416 1
206 1435 1
206 1444 1
206 1532 1
206 1591 1
206 1592 1
206 1620 1
206 1627 1
206 1662 1
206 1677 1
206 1693 1
206 1748 1
206 1839 1
206 1929 1
207 215 1
207 237 1
207 243 1
207 300 1
207 306 1
207 324 1
207 468 1
207 477 1
207 495 1
207 517 1
207 521 1
207 523 1
207 526 1
207 602 1
207 681 1
207 714 1
207 743 1
207 876 1
207 969 1
207 1060 1
207 1071 1
207 1143 1
207 1161 1
207 1224 1
207 1273 1
207 1315 1
207 1398 1
207 1424 1
207 1499 1
207 1503 1
207 1525 1
207 1544 1
207 1626 1
207 1723 1
207 1781 1
207 1790 1
207 1795 1
207 1898 1
207 1906 1
207 1936 1
207 1937 1
207 1968 1
207 1972 1
207 1983 1
207 1989 1
208 268 1
208 274 1
208 282 1
208 373 1
208 381 1
208 386 1
208 414 1
208 465 1
208 580 1
208 678 1
208 732 1
208 780 1
208 793 1
208 795 1
208 854 1
208 877 1
208 922 1
208 958 1
208 1019 1
208 1125 1
208 1322 1
208 1379 1
208 1408 1
208 1425 1
208 1438 1
208 1464 1
208 1536 1
208 1548 1
208 1577 1
208 1578 1
208 1723 1
208 1735 1
208 1800 1
208 1998 1
209 211 1
209 215 1
209 234 1
209 327 1
209 360 1
209 381 1
209 389 1
209 410 1
209 450 1
209 462 1
209 531 1
209 539 1
209 545 1
209 552 1
209 557 1
209 595 1
209 622 1
209 638 1
209 683 1
209 715 1
209 769 1
209 1012 1
209 1028 1
209 1029 1
209 1038 1
209 1088 1
209 1095 1
209 1210 1
209 1245 1
209 1378 1
209 1394 1
209 1434 1
209 1462 1
209 1467 1
209 1513 1
209 1522 1
209 1531 1
209 1729 1
209 1867 1
209 1926 1
210 414 1
210 498 1
210 528 1
210 652 1
210 671 1
210 716 1
210 726 1
210 791 1
210 807 1
210 911 1
210 970 1
210 1022 1
210 1036 1
210 1132 1
210 1133 1
210 1214 1
210 1215 1
210 1283 1
210 1306 1
210 1340 1
210 1360 1
210 1378 1
210 1388 1
210 1418 1
210 1424 1
210 1475 1
210 1486 1
210 1499 1
210 1509 1
210 1543 1
210 1569 1
210 1575 1
210 1647 1
210 1659 1
210 1679 1
210 1690 1
210 1929 1
210 1980 1
211 267 1
211 343 1
211 345 1
211 449 1
211 466 1
211 578 1
211 616 1
211 629 1
211 697 1
211 701 1
211 716 1
211 722 1
211 735 1
211 736 1
211 789 1
211 798 1
211 866 1
211 874 1
211 957 1
211 1011 1
211 1061 1
211 1185 1
211 1279 1
211 1340 1
211 1363 1
211 1372 1
211 1411 1
211 1609 1
211 1613 1
211 1636 1
211 1646 1
211 1701 1
211 1732 1
211 1747 1
211 1801 1
211 1855 1
212 254 1
212 269 1
212 291 1
212 353 1
212 376 1
212 415 1
212 431 1
212 506 1
212 522 1
212 568 1
212 574 1
212 619 1
212 713 1
212 725 1
212 754 1
212 765 1
212 772 1
212 812 1
212 855 1
212 864 1
212 882 1
212 1027 1
212 1030 1
212 1043 1
212 1044 1
212 1085 1
212 1098 1
212 1111 1
212 1115 1
212 1139 1
212 1230 1
212 1260 1
212 1283 1
212 1332 1
212 1357 1
212 1435 1
212 1443 1
212 1450 1
212 1465 1
212 1485 1
212 1502 1
212 1542 1
212 1570 1
212 1641 1
212 1642 1
212 1682 1
212 1707 1
212 1711 1
212 1730 1
212 1735 1
212 1747 1
212 1771 1
212 1776 1
212 1807 1
212 1838 1
212 1905 1
212 1977 1
213 245 1
213 337 1
213 343 1
213 364 1
213 371 1
213 392 1
213 395 1
213 424 1
213 437 1
213 465 1
213 621 1
213 758 1
213 784 1
213 816 1
213 851 1
213 899 1
213 944 1
213 1191 1
213 1229 1
213 1270 1
213 1277 1
213 1342 1
213 1349 1
213 1393 1
213 1472 1
213 1546 1
213 1616 1
213 1622 1
213 1626 1
213 1666 1
213 1674 1
213 1693 1
213 1713 1
213 1726 1
213 1755 1
213 1759 1
213 1895 1
213 1930 1
213 1940 1
213 1941 1
214 262 1
214 313 1
214 371 1
214 378 1
214 419 1
214 435 1
214 441 1
214 465 1
214 477 1
214 480 1
214 558 1
214 627 1
214 628 1
214 646 1
214 737 1
214 808 1
214 824 1
214 839 1
214 848 1
214 946 1
214 1002 1
214 1026 1
214 1140 1
214 1158 1
214 1185 1
214 1237 1
214 1269 1
214 1273 1
214 1307 1
214 1335 1
214 1372 1
214 1518 1
214 1629 1
214 1635 1
214 1729 1
214 1780 1
214 1802 1
214 1811 1
214 1822 1
214 1831 1
214 1849 1
214 1860 1
214 1885 1
214 1934 1
214 1982 1
215 259 1
215 381 1
215 444 1
215 448 1
215 458 1
215 464 1
215 480 1
215 482 1
215 494 1
215 571 1
215 591 1
215 628 1
215 669 1
215 688 1
215 690 1
215 708 1
215 757 1
215 787 1
215 796 1
215 842 1
215 876 1
215 892 1
215 948 1
215 971 1
215 994 1
215 1070 1
215 1079 1
215 1094 1
215 1117 1
215 1144 1
215 1159 1
215 1245 1
215 1268 1
215 1300 1
215 1307 1
215 1328 1
215 1374 1
215 1399 1
215 1410 1
215 1418 1
215 1457 1
215 1477 1
215 1522 1
215 1553 1
215 1575 1
215 1609 1
215 1664 1
215 1681 1
215 1711 1
215 1792 1
215 1849 1
215 1852 1
215 1876 1
215 1895 1
215 1961 1
215 1999 1
216 249 1
216 250 1
216 316 1
216 320 1
216 361 1
216 365 1
216 383 1
216 402 1
216 404 1
216 406 1
216 438 1
216 439 1
216 554 1
216 563 1
216 600 1
216 603 1
216 656 1
216 785 1
216 790 1
216 849 1
216 909 1
216 911 1
216 966 1
216 967 1
216 975 1
216 994 1
216 998 1
216 1013 1
216 1019 1
216 1085 1
216 1152 1
216 1195 1
216 1211 1
216 1235 1
216 1256 1
216 1272 1
216 1303 1
216 1337 1
216 1366 1
216 1378 1
216 1387 1
216 1442 1
216 1456 1
216 1475 1
216 1509 1
216 1553 1
216 1581 1
216 1610 1
216 1638 1
216 1662 1
216 1730 1
216 1789 1
216 1795 1
216 1837 1
216 1843 1
216 1867 1
216 1877 1
216 1902 1
216 1919 1
216 1973 1
217 225 1
217 238 1
217 248 1
217 259 1
217 275 1
217 321 1
217 376 1
217 410 1
217 450 1
217 511 1
217 707 1
217 709 1
217 717 1
217 785 1
217 863 1
217 891 1
217 897 1
217 936 1
217 1026 1
217 1165 1
217 1206 1
217 1237 1
217 1301 1
217 1321 1
217 1332 1
217 1361 1
217 1432 1
217 1503 1
217 1507 1
217 1631 1
217 1846 1
217 1849 1
217 1857 1
217 1863 1
217 1894 1
217 1918 1
217 1956 1
217 1958 1
217 1970 1
218 303 1
218 368 1
218 433 1
218 462 1
218 475 1
218 505 1
218 519 1
218 522 1
218 557 1
218 577 1
218 598 1
218 600 1
218 639 1
218 748 1
218 751 1
218 760 1
218 804 1
218 820 1
218 843 1
218 845 1
218 918 1
218 922 1
218 962 1
218 1019 1
218 1103 1
218 1198 1
218 1208 1
218 1229 1
218 1306 1
218 1382 1
218 1400 1
218 1427 1
218 1508 1
218 1599 1
218 1622 1
218 1730 1
218 1747 1
218 1813 1
218 1819 1
218 1837 1
218 1854 1
218 1868 1
218 1926 1
218 1962 1
219 227 1
219 234 1
219 249 1
219 359 1
219 381 1
219 389 1
219 539 1
219 543 1
219 599 1
219 633 1
219 655 1
219 668 1
219 798 1
219 822 1
219 1056 1
219 1058 1
219 1118 1
219 1169 1
219 1191 1
219 1197 1
219 1261 1
219 1334 1
219 1362 1
219 1366 1
219 1430 1
219 1434 1
219 1481 1
219 1482 1
219 1513 1
219 1595 1
219 1619 1
219 1624 1
219 1723 1
219 1770 1
219 1787 1
219 1801 1
219 1894 1
219 1904 1
219 1928 1
219 1982 1
220 298 1
220 362 1
220 413 1
220 415 1
220 431 1
220 437 1
220 442 1
220 467 1
220 486 1
220 495 1
220 553 1
220 575 1
220 631 1
220 649 1
220 676 1
220 723 1
220 788 1
220 795 1
220 812 1
220 845 1
220 957 1
220 974 1
220 1014 1
220 1015 1
220 1218 1
220 1223 1
220 1250 1
220 1288 1
220 1341 1
220 1369 1
220 1437 1
220 1445 1
220 1446 1
220 1519 1
220 1576 1
220 1585 1
220 1642 1
220 1652 1
220 1665 1
220 1682 1
220 1799 1
220 1803 1
220 1924 1
220 1968 1
220 1970 1
220 1990 1
221 224 1
221 244 1
221 298 1
221 330 1
221 455 1
221 494 1
221 520 1
221 532 1
221 554 1
221 556 1
221 575 1
221 599 1
221 603 1
221 644 1
221 658 1
221 715 1
221 781 1
221 790 1
221 799 1
221 804 1
221 888 1
221 899 1
221 924 1
221 945 1
221 1013 1
221 1076 1
221 1109 1
221 1112 1
221 1170 1
221 1264 1
221 1272 1
221 1327 1
221 1331 1
221 1357 1
221 1363 1
221 1383 1
221 1445 1
221 1467 1
221 1510 1
221 1515 1
221 1527 1
221 1600 1
221 1616 1
221 1689 1
221 1719 1
221 1763 1
221 1861 1
221 1914 1
221 1918 1
221 1967 1
221 1989 1
222 284 1
222 310 1
222 402 1
222 440 1
222 457 1
222 548 1
222 708 1
222 735 1
222 882 1
222 952 1
222 1016 1
222 1029 1
222 1099 1
222 1127 1
222 1130 1
222 1132 1
222 1148 1
222 1154 1
222 1199 1
222 1200 1
222 1202 1
222 1343 1
222 1347 1
222 1355 1
222 1385 1
222 1401 1
222 1452 1
222 1465 1
222 1471 1
222 1482 1
222 1546 1
222 1575 1
222 1619 1
222 1650 1
222 1795 1
222 1820 1
223 257 1
223 277 1
223 278 1
223 280 1
223 312 1
223 335 1
223 353 1
223 368 1
223 373 1
223 399 1
223 407 1
223 432 1
223 486 1
223 512 1
223 540 1
223 597 1
223 600 1
223 610 1
223 717 1
223 738 1
223 771 1
223 776 1
223 810 1
223 819 1
223 828 1
223 882 1
223 889 1
223 903 1
223 908 1
223 920 1
223 980 1
223 981 1
223 995 1
223 1082 1
223 1183 1
223 1193 1
223 1231 1
223 1252 1
223 1321 1
223 1342 1
223 1363 1
223 1389 1
223 1390 1
223 1418 1
223 1465 1
223 1469 1
223 1535 1
223 1540 1
223 1674 1
223 1686 1
223 1705 1
223 1751 1
223 1789 1
223 1825 1
223 1841 1
223 1987 1
223 1989 1
224 253 1
224 300 1
224 307 1
224 321 1
224 331 1
224 350 1
224 370 1
224 404 1
224 406 1
224 426 1
224 434 1
224 521 1
224 546 1
224 616 1
224 716 1
224 743 1
224 783 1
224 792 1
224 829 1
224 842 1
224 850 1
224 979 1
224 1034 1
224 1041 1
224 1211 1
224 1236 1
224 1284 1
224 1290 1
224 1389 1
224 1439 1
224 1473 1
224 1480 1
224 1528 1
224 1555 1
224 1591 1
224 1595 1
224 1646 1
224 1712 1
224 1735 1
224 1750 1
224 1791 1
224 1824 1
224 1840 1
224 1860 1
224 1886 1
224 1914 1
224 1972 1
225 283 1
225 443 1
225 476 1
225 525 1
225 541 1
225 564 1
225 588 1
225 655 1
225 666 1
225 675 1
225 682 1
225 694 1
225 724 1
225 781 1
225 786 1
225 793 1
225 800 1
225 883 1
225 902 1
225 957 1
225 987 1
225 1009 1
225 1060 1
225 1114 1
225 1282 1
225 1334 1
225 1437 1
225 1447 1
225 1470 1
225 1473 1
225 1482 1
225 1530 1
225 1632 1
225 1737 1
225 1748 1
225 1799 1
225 1846 1
225 1888 1
225 1942 1
225 1990 1
226 231 1
226 301 1
226 304 1
226 307 1
226 309 1
226 318 1
226 328 1
226 346 1
226 356 1
226 376 1
226 445 1
226 584 1
226 641 1
226 642 1
226 650 1
226 690 1
226 728 1
226 759 1
226 761 1
226 762 1
226 974 1
226 1016 1
226 1086 1
226 1097 1
226 1105 1
226 1305 1
226 1319 1
226 1352 1
226 1395 1
226 1434 1
226 1443 1
226 1486 1
226 1488 1
226 1534 1
226 1570 1
226 1599 1
226 1611 1
226 1617 1
226 1657 1
226 1752 1
226 1805 1
226 1844 1
226 1882 1
226 1906 1
226 1907 1
226 1924 1
227 252 1
227 277 1
227 344 1
227 363 1
227 399 1
227 442 1
227 472 1
227 522 1
227 633 1
227 634 1
227 713 1
227 780 1
227 784 1
227 821 1
227 871 1
227 881 1
227 1050 1
227 1096 1
227 1182 1
227 1198 1
227 1307 1
227 1308 1
227 1386 1
227 1461 1
227 1535 1
227 1549 1
227 1590 1
227 1622 1
227 1692 1
227 1818 1
227 1828 1
227 1851 1
227 1908 1
227 1947 1
228 246 1
228 286 1
228 334 1
228 356 1
228 385 1
228 462 1
228 497 1
228 528 1
228 530 1
228 557 1
228 627 1
228 720 1
228 740 1
228 759 1
228 788 1
228 792 1
228 841 1
228 960 1
228 1001 1
228 1032 1
228 1058 1
228 1080 1
228 1124 1
228 1156 1
228 1162 1
228 1179 1
228 1225 1
228 1227 1
228 1246 1
228 1267 1
228 1296 1
228 1317 1
228 1320 1
228 1339 1
228 1439 1
228 1462 1
228 1525 1
228 1640 1
228 1720 1
228 1751 1
228 1760 1
228 1951 1
228 1959 1
228 1992 1
229 249 1
229 318 1
229 381 1
229 385 1
229 442 1
229 454 1
229 459 1
229 518 1
229 522 1
229 599 1
229 622 1
229 656 1
229 702 1
229 709 1
229 718 1
229 816 1
229 887 1
229 990 1
229 1031 1
229 1034 1
229 1054 1
229 1056 1
229 1119 1
229 1120 1
229 1128 1
229 1161 1
229 1202 1
229 1285 1
229 1434 1
229 1441 1
229 1447 1
229 1449 1
229 1526 1
229 1528 1
229 1535 1
229 1585 1
229 1641 1
229 1689 1
229 1737 1
229 1842 1
229 1893 1
229 1899 1
229 1910 1
229 1952 1
230 299 1
230 323 1
230 349 1
230 383 1
230 552 1
230 554 1
230 664 1
230 666 1
230 692 1
230 815 1
230 847 1
230 893 1
230 1042 1
230 1080 1
230 1378 1
230 1454 1
230 1457 1
230 1463 1
230 1527 1
230 1627 1
230 1653 1
230 1697 1
230 1705 1
230 1775 1
230 1800 1
230 1858 1
230 1907 1
230 1968 1
231 234 1
231 235 1
231 333 1
231 362 1
231 448 1
231 536 1
231 577 1
231 579 1
231 664 1
231 666 1
231 674 1
231 706 1
231 723 1
231 936 1
231 980 1
231 990 1
231 1010 1
231 1084 1
231 1087 1
231 1139 1
231 1170 1
231 1208 1
231 1253 1
231 1259 1
231 1282 1
231 1336 1
231 1410 1
231 1479 1
231 1561 1
231 1681 1
231 1702 1
231 1745 1
231 1889 1
231 1951 1
231 1974 1
231 1985 1
232 285 1
232 335 1
232 342 1
232 345 1
232 464 1
232 558 1
232 611 1
232 750 1
232 752 1
232 790 1
232 798 1
232 879 1
232 886 1
232 909 1
232 940 1
232 947 1
232 999 1
232 1022 1
232 1039 1
232 1115 1
232 1147 1
232 1200 1
232 1201 1
232 1243 1
232 1293 1
232 1324 1
232 1349 1
232 1413 1
232 1458 1
232 1470 1
232 1472 1
232 1483 1
232 1484 1
232 1508 1
232 1555 1
232 1579 1
232 1585 1
232 1636 1
232 1670 1
232 1676 1
232 1696 1
232 1755 1
232 1770 1
232 1787 1
232 1804 1
232 1939 1
232 1943 1
232 1977 1
232 1978 1
233 280 1
233 314 1
233 315 1
233 393 1
233 494 1
233 501 1
233 546 1
233 614 1
233 631 1
233 633 1
233 652 1
233 662 1
233 671 1
233 784 1
233 867 1
233 921 1
233 939 1
233 948 1
233 978 1
233 983 1
233 1045 1
233 1051 1
233 1070 1
233 1088 1
233 1112 1
233 1170 1
233 1180 1
233 1208 1
233 1234 1
233 1275 1
233 1295 1
233 1308 1
233 1401 1
233 1449 1
233 1461 1
233 1601 1
233 1607 1
233 1670 1
233 1674 1
233 1686 1
233 1704 1
233 1711 1
233 1739 1
233 1781 1
233 1798 1
233 1815 1
233 1828 1
233 1865 1
233 1889 1
234 266 1
234 277 1
234 351 1
234 363 1
234 394 1
234 396 1
234 456 1
234 506 1
234 551 1
234 567 1
234 617 1
234 623 1
234 632 1
234 645 1
234 721 1
234 730 1
234 766 1
234 845 1
234 863 1
234 885 1
234 887 1
234 1014 1
234 1023 1
234 1046 1
234 1058 1
234 1116 1
234 1130 1
234 1146 1
234 1161 1
234 1166 1
234 1196 1
234 1371 1
234 1389 1
234 1453 1
234 1546 1
234 1597 1
234 1602 1
234 1646 1
234 1752 1
234 1768 1
234 1850 1
234 1864 1
234 1957 1
234 1998 1
235 329 1
235 418 1
235 442 1
235 493 1
235 501 1
235 526 1
235 560 1
235 720 1
235 733 1
235 748 1
235 765 1
235 779 1
235 798 1
235 909 1
235 937 1
235 974 1
235 1022 1
235 1054 1
235 1059 1
235 1107 1
235 1113 1
235 1117 1
235 1253 1
235 1291 1
235 1312 1
235 1499 1
235 1563 1
235 1571 1
235 1654 1
235 1802 1
235 1806 1
235 1811 1
235 1939 1
235 1949 1
236 262 1
236 263 1
236 286 1
236 329 1
236 365 1
236 394 1
236 406 1
236 475 1
236 500 1
236 517 1
236 571 1
236 582 1
236 645 1
236 648 1
236 724 1
236 778 1
236 865 1
236 874 1
236 890 1
236 893 1
236 920 1
236 944 1
236 972 1
236 1008 1
236 1012 1
236 1079 1
236 1117 1
236 1130 1
236 1141 1
236 1158 1
236 1241 1
236 1272 1
236 1287 1
236 1298 1
236 1303 1
236 1312 1
236 1401 1
236 1403 1
236 1498 1
236 1583 1
236 1627 1
236 1663 1
236 1741 1
236 1764 1
236 1787 1
236 1816 1
236 1833 1
236 1858 1
236 1865 1
236 1884 1
236 1911 1
236 1921 1
236 1930 1
236 1931 1
237 283 1
237 358 1
237 367 1
237 380 1
237 453 1
237 660 1
237 685 1
237 727 1
237 784 1
237 802 1
237 1067 1
237 1113 1
237 1167 1
237 1184 1
237 1187 1
237 1188 1
237 1213 1
237 1221 1
237 1228 1
237 1243 1
237 1258 1
237 1333 1
237 1351 1
237 1367 1
237 1436 1
237 1445 1
237 1502 1
237 1557 1
237 1571 1
237 1575 1
237 1594 1
237 1611 1
237 1618 1
237 1766 1
237 1789 1
237 1848 1
237 1889 1
237 1895 1
237 1981 1
237 1986 1
238 282 1
238 348 1
238 398 1
238 471 1
238 522 1
238 557 1
238 566 1
238 639 1
238 654 1
238 677 1
238 702 1
238 756 1
238 765 1
238 809 1
238 849 1
238 886 1
238 897 1
238 899 1
238 953 1
238 956 1
238 981 1
238 997 1
238 999 1
238 1008 1
238 1013 1
238 1020 1
238 1036 1
238 1082 1
238 1119 1
238 1241 1
238 1323 1
238 1327 1
238 1361 1
238 1375 1
238 1405 1
238 1406 1
238 1413 1
238 1436 1
238 1477 1
238 1590 1
238 1619 1
238 1663 1
238 1683 1
238 1736 1
238 1738 1
238 1740 1
238 1873 1
238 1877 1
238 1937 1
238 1964 1
238 1968 1
238 1993 1
239 276 1
239 300 1
239 305 1
239 313 1
239 325 1
239 367 1
239 377 1
239 407 1
239 439 1
239 495 1
239 539 1
239 566 1
239 625 1
239 681 1
239 691 1
239 693 1
239 727 1
239 833 1
239 919 1
239 936 1
239 958 1
239 983 1
239 987 1
239 1015 1
239 1034 1
239 1127 1
239 1156 1
239 1202 1
239 1262 1
239 1271 1
239 1325 1
239 1406 1
239 1583 1
239 1589 1
239 1632 1
239 1635 1
239 1689 1
239 1745 1
239 1796 1
239 1813 1
239 1883 1
239 1903 1
239 1936 1
239 1937 1
239 1948 1
239 1985 1
239 1988 1
239 2000 1
240 246 1
240 314 1
240 322 1
240 363 1
240 368 1
240 383 1
240 465 1
240 476 1
240 534 1
240 565 1
240 585 1
240 617 1
240 720 1
240 749 1
240 768 1
240 771 1
240 800 1
240 806 1
240 900 1
240 919 1
240 931 1
240 1006 1
240 1019 1
240 1026 1
240 1073 1
240 1199 1
240 1229 1
240 1258 1
240 1259 1
240 1269 1
240 1272 1
240 1333 1
240 1352 1
240 1437 1
240 1443 1
240 1448 1
240 1490 1
240 1500 1
240 1510 1
240 1530 1
240 1550 1
240 1637 1
240 1649 1
240 1661 1
240 1689 1
240 1705 1
240 1708 1
240 1717 1
240 1770 1
240 1779 1
240 1792 1
240 1827 1
240 1946 1
240 1983 1
241 265 1
241 328 1
241 335 1
241 364 1
241 389 1
241 418 1
241 458 1
241 499 1
241 563 1
241 578 1
241 717 1
241 776 1
241 886 1
241 930 1
241 948 1
241 978 1
241 1016 1
241 1253 1
241 1306 1
241 1324 1
241 1356 1
241 1412 1
241 1518 1
241 1575 1
241 1611 1
241 1667 1
241 1683 1
241 1764 1
241 1825 1
241 1839 1
241 1920 1
241 1932 1
241 1957 1
241 1977 1
242 391 1
242 430 1
242 461 1
242 511 1
242 518 1
242 720 1
242 731 1
242 794 1
242 840 1
242 904 1
242 973 1
242 1027 1
242 1077 1
242 1114 1
242 1147 1
242 1198 1
242 1229 1
242 1232 1
242 1234 1
242 1386 1
242 1393 1
242 1419 1
242 1521 1
242 1628 1
242 1664 1
242 1665 1
242 1668 1
242 1686 1
242 1698 1
242 1707 1
242 1795 1
242 1931 1
242 1948 1
243 260 1
243 410 1
243 479 1
243 539 1
243 578 1
243 679 1
243 701 1
243 763 1
243 798 1
243 853 1
243 931 1
243 1004 1
243 1025 1
243 1035 1
243 1095 1
243 1151 1
243 1174 1
243 1192 1
243 1223 1
243 1271 1
243 1282 1
243 1288 1
243 1315 1
243 1316 1
243 1330 1
243 1336 1
243 1359 1
243 1360 1
243 1385 1
243 1398 1
243 1411 1
243 1423 1
243 1475 1
243 1484 1
243 1545 1
243 1570 1
243 1605 1
243 1668 1
243 1738 1
243 1763 1
243 1773 1
243 1793 1
243 1802 1
243 1955 1
243 1995 1
244 283 1
244 345 1
244 354 1
244 379 1
244 401 1
244 426 1
244 431 1
244 452 1
244 461 1
244 489 1
244 516 1
244 518 1
244 538 1
244 584 1
244 594 1
244 603 1
244 606 1
244 662 1
244 714 1
244 739 1
244 785 1
244 816 1
244 853 1
244 878 1
244 884 1
244 947 1
244 997 1
244 1008 1
244 1012 1
244 1014 1
244 1044 1
244 1045 1
244 1054 1
244 1087 1
244 1204 1
244 1207 1
244 1212 1
244 1215 1
244 1269 1
244 1271 1
244 1400 1
244 1437 1
244 1482 1
244 1527 1
244 1541 1
244 1547 1
244 1627 1
244 1719 1
244 1760 1
244 1767 1
244 1771 1
244 1780 1
244 1837 1
244 1925 1
244 1926 1
244 1948 1
244 1962 1
245 273 1
245 382 1
245 441 1
245 472 1
245 503 1
245 725 1
245 758 1
245 827 1
245 942 1
245 952 1
245 1020 1
245 1037 1
245 1057 1
245 1096 1
245 1132 1
245 1149 1
245 1163 1
245 1182 1
245 1195 1
245 1211 1
245 1264 1
245 1289 1
245 1335 1
245 1338 1
245 1339 1
245 1415 1
245 1441 1
245 1461 1
245 1487 1
245 1491 1
245 1494 1
245 1538 1
245 1583 1
245 1603 1
245 1615 1
245 1631 1
245 1632 1
245 1660 1
245 1718 1
245 1739 1
245 1751 1
245 1768 1
245 1800 1
245 1872 1
246 320 1
246 409 1
246 411 1
246 426 1
246 439 1
246 454 1
246 478 1
246 484 1
246 493 1
246 557 1
246 629 1
246 682 1
246 710 1
246 773 1
246 788 1
246 886 1
246 889 1
246 920 1
246 1025 1
246 1041 1
246 1043 1
246 1096 1
246 1136 1
246 1142 1
246 1182 1
246 1205 1
246 1259 1
246 1290 1
246 1336 1
246 1362 1
246 1456 1
246 1476 1
246 1495 1
246 1506 1
246 1532 1
246 1577 1
246 1627 1
246 1678 1
246 1718 1
246 1723 1
246 1771 1
246 1822 1
246 1824 1
246 1842 1
246 1868 1
246 1920 1
246 1956 1
246 1959 1
247 306 1
247 335 1
247 434 1
247 452 1
247 453 1
247 469 1
247 478 1
247 479 1
247 644 1
247 701 1
247 720 1
247 747 1
247 814 1
247 826 1
247 864 1
247 915 1
247 926 1
247 942 1
247 1028 1
247 1070 1
247 1108 1
247 1132 1
247 1251 1
247 1290 1
247 1306 1
247 1350 1
247 1381 1
247 1405 1
247 1432 1
247 1441 1
247 1445 1
247 1491 1
247 1622 1
247 1694 1
247 1771 1
247 1781 1
247 1820 1
247 1831 1
247 1925 1
247 1944 1
247 1946 1
248 260 1
248 273 1
248 287 1
248 307 1
248 333 1
248 388 1
248 427 1
248 445 1
248 596 1
248 670 1
248 736 1
248 763 1
248 788 1
248 804 1
248 865 1
248 910 1
248 941 1
248 1085 1
248 1191 1
248 1195 1
248 1204 1
248 1246 1
248 1286 1
248 1309 1
248 1374 1
248 1494 1
248 1568 1
248 1605 1
248 1636 1
248 1679 1
248 1713 1
248 1722 1
248 1857 1
249 294 1
249 316 1
249 367 1
249 372 1
249 480 1
249 508 1
249 572 1
249 577 1
249 595 1
249 681 1
249 713 1
249 750 1
249 768 1
249 789 1
249 814 1
249 818 1
249 1001 1
249 1019 1
249 1041 1
249 1150 1
249 1277 1
249 1293 1
249 1301 1
249 1368 1
249 1382 1
249 1384 1
249 1445 1
249 1492 1
249 1537 1
249 1600 1
249 1613 1
249 1631 1
249 1871 1
249 1912 1
249 1979 1
250 259 1
250 269 1
250 278 1
250 297 1
250 321 1
250 399 1
250 400 1
250 533 1
250 623 1
250 718 1
250 749 1
250 761 1
250 763 1
250 812 1
250 830 1
250 915 1
250 916 1
250 1017 1
250 1026 1
250 1032 1
250 1051 1
250 1113 1
250 1147 1
250 1184 1
250 1203 1
250 1210 1
250 1298 1
250 1304 1
250 1322 1
250 1326 1
250 1359 1
250 1364 1
250 1400 1
250 1404 1
250 1445 1
250 1473 1
250 1550 1
250 1568 1
250 1577 1
250 1584 1
250 1608 1
250 1618 1
250 1657 1
250 1666 1
250 1748 1
250 1792 1
250 1816 1
250 1820 1
250 1830 1
250 1885 1
250 1905 1
250 1956 1
251 350 1
251 454 1
251 496 1
251 502 1
251 507 1
251 556 1
251 617 1
251 665 1
251 772 1
251 781 1
251 811 1
251 812 1
251 865 1
251 927 1
251 929 1
251 955 1
251 1022 1
251 1031 1
251 1047 1
251 1070 1
251 1071 1
251 1099 1
251 1116 1
251 1168 1
251 1221 1
251 1230 1
251 1272 1
251 1302 1
251 1427 1
251 1515 1
251 1540 1
251 1676 1
251 1708 1
251 1803 1
251 1827 1
251 1841 1
251 1859 1
251 1968 1
252 299 1
252 321 1
252 360 1
252 371 1
252 395 1
252 509 1
252 593 1
252 697 1
252 704 1
252 825 1
252 859 1
252 971 1
252 1053 1
252 1090 1
252 1137 1
252 1141 1
252 1233 1
252 1248 1
252 1253 1
252 1282 1
252 1341 1
252 1356 1
252 1372 1
252 1506 1
252 1522 1
252 1579 1
252 1591 1
252 1633 1
252 1663 1
252 1685 1
252 1771 1
252 1784 1
252 1807 1
252 1882 1
252 1892 1
252 1897 1
253 295 1
253 340 1
253 357 1
253 465 1
253 490 1
253 499 1
253 504 1
253 508 1
253 531 1
253 561 1
253 635 1
253 642 1
253 648 1
253 676 1
253 708 1
253 763 1
253 833 1
253 887 1
253 925 1
253 986 1
253 988 1
253 1068 1
253 1119 1
253 1159 1
253 1203 1
253 1211 1
253 1218 1
253 1244 1
253 1245 1
253 1254 1
253 1269 1
253 1290 1
253 1328 1
253 1409 1
253 1410 1
253 1429 1
253 1456 1
253 1509 1
253 1515 1
253 1522 1
253 1551 1
253 1554 1
253 1647 1
253 1678 1
253 1708 1
253 1777 1
253 1838 1
253 1850 1
253 1889 1
253 1940 1
253 1955 1
254 256 1
254 277 1
254 299 1
254 313 1
254 351 1
254 393 1
254 417 1
254 435 1
254 455 1
254 466 1
254 529 1
254 534 1
254 578 1
254 594 1
254 633 1
254 635 1
254 724 1
254 773 1
254 774 1
254 788 1
254 797 1
254 817 1
254 836 1
254 860 1
254 877 1
254 995 1
254 1025 1
254 1036 1
254 1037 1
254 1119 1
254 1148 1
254 1191 1
254 1212 1
254 1225 1
254 1268 1
254 1322 1
254 1343 1
254 1363 1
254 1399 1
254 1402 1
254 1450 1
254 1464 1
254 1477 1
254 1490 1
254 1505 1
254 1526 1
254 1602 1
254 1603 1
254 1644 1
254 1679 1
254 1696 1
254 1725 1
254 1778 1
254 1801 1
254 1863 1
254 1928 1
255 265 1
255 311 1
255 332 1
255 343 1
255 359 1
255 385 1
255 432 1
255 450 1
255 464 1
255 494 1
255 622 1
255 654 1
255 668 1
255 685 1
255 733 1
255 857 1
255 896 1
255 927 1
255 947 1
255 1014 1
255 1051 1
255 1057 1
255 1071 1
255 1098 1
255 1194 1
255 1213 1
255 1233 1
255 1239 1
255 1254 1
255 1329 1
255 1331 1
255 1350 1
255 1352 1
255 1378 1
255 1572 1
255 1668 1
255 1709 1
255 1801 1
255 1825 1
255 1836 1
255 1898 1
255 1957 1
256 331 1
256 453 1
256 474 1
256 491 1
256 599 1
256 620 1
256 682 1
256 746 1
256 801 1
256 882 1
256 946 1
256 953 1
256 962 1
256 996 1
256 1007 1
256 1009 1
256 1091 1
256 1119 1
256 1146 1
256 1248 1
256 1275 1
256 1280 1
256 1293 1
256 1295 1
256 1307 1
256 1329 1
256 1371 1
256 1374 1
256 1414 1
256 1474 1
256 1493 1
256 1529 1
256 1586 1
256 1681 1
256 1734 1
256 1752 1
256 1802 1
256 1830 1
256 1939 1
256 1989 1
257 279 1
257 287 1
257 316 1
257 340 1
257 342 1
257 346 1
257 359 1
257 400 1
257 436 1
257 562 1
257 649 1
257 693 1
257 699 1
257 708 1
257 745 1
257 798 1
257 805 1
257 943 1
257 944 1
257 1001 1
257 1013 1
257 1088 1
257 1096 1
257 1105 1
257 1110 1
257 1279 1
257 1295 1
257 1299 1
257 1308 1
257 1334 1
257 1341 1
257 1371 1
257 1412 1
257 1420 1
257 1460 1
257 1463 1
257 1493 1
257 1538 1
257 1603 1
257 1688 1
257 1716 1
257 1764 1
257 1796 1
257 1887 1
257 1949 1
257 1969 1
258 276 1
258 302 1
258 364 1
258 373 1
258 377 1
258 390 1
258 406 1
258 477 1
258 513 1
258 619 1
258 646 1
258 663 1
258 764 1
258 784 1
258 854 1
258 858 1
258 869 1
258 870 1
258 1092 1
258 1160 1
258 1172 1
258 1189 1
258 1196 1
258 1275 1
258 1323 1
258 1391 1
258 1449 1
258 1456 1
258 1497 1
258 1504 1
258 1529 1
258 1602 1
258 1633 1
258 1680 1
258 1709 1
258 1716 1
258 1773 1
258 1808 1
258 1856 1
258 1900 1
258 1919 1
258 1939 1
259 265 1
259 279 1
259 333 1
259 346 1
259 385 1
259 396 1
259 407 1
259 479 1
259 501 1
259 519 1
259 580 1
259 593 1
259 598 1
259 607 1
259 632 1
259 642 1
259 729 1
259 742 1
259 765 1
259 834 1
259 847 1
259 898 1
259 917 1
259 943 1
259 958 1
259 967 1
259 986 1
259 998 1
259 1061 1
259 1074 1
259 1089 1
259 1090 1
259 1155 1
259 1223 1
259 1235 1
259 1243 1
259 1314 1
259 1458 1
259 1460 1
259 1530 1
259 1562 1
259 1628 1
259 1673 1
259 1687 1
259 1752 1
259 1797 1
259 1815 1
259 1895 1
259 1938 1
259 1952 1
259 1983 1
259 1984 1
260 293 1
260 294 1
260 454 1
260 458 1
260 483 1
260 546 1
260 625 1
260 646 1
260 706 1
260 729 1
260 874 1
260 876 1
260 925 1
260 943 1
260 955 1
260 976 1
260 1011 1
260 1062 1
260 1081 1
260 1089 1
260 1114 1
260 1133 1
260 1140 1
260 1145 1
260 1160 1
260 1161 1
260 1192 1
260 1227 1
260 1241 1
260 1263 1
260 1289 1
260 1299 1
260 1334 1
260 1341 1
260 1355 1
260 1368 1
260 1384 1
260 1400 1
260 1459 1
260 1507 1
260 1626 1
260 1689 1
260 1786 1
260 1806 1
260 1866 1
260 1904 1
260 1918 1
260 1923 1
260 1942 1
260 1959 1
260 1983 1
260 1992 1
261 476 1
261 549 1
261 606 1
261 647 1
261 657 1
261 680 1
261 683 1
261 786 1
261 946 1
261 996 1
261 1031 1
261 1162 1
261 1199 1
261 1247 1
261 1300 1
261 1304 1
261 1337 1
261 1457 1
261 1458 1
261 1463 1
261 1502 1
261 1617 1
261 1658 1
261 1776 1
261 1793 1
261 1806 1
261 1855 1
261 1902 1
261 1915 1
261 1950 1
261 1980 1
261 1983 1
262 333 1
262 344 1
262 375 1
262 416 1
262 464 1
262 525 1
262 532 1
262 536 1
262 547 1
262 601 1
262 614 1
262 627 1
262 649 1
262 677 1
262 686 1
262 760 1
262 904 1
262 949 1
262 1019 1
262 1030 1
262 1056 1
262 1063 1
262 1071 1
262 1122 1
262 1150 1
262 1151 1
262 1158 1
262 1160 1
262 1208 1
262 1282 1
262 1307 1
262 1311 1
262 1350 1
262 1368 1
262 1398 1
262 1400 1
262 1412 1
262 1471 1
262 1529 1
262 1656 1
262 1799 1
262 1808 1
262 1832 1
262 1874 1
262 1973 1
262 1991 1
262 1996 1
263 273 1
263 397 1
263 443 1
263 449 1
263 472 1
263 491 1
263 539 1
263 581 1
263 645 1
263 683 1
263 709 1
263 721 1
263 726 1
263 772 1
263 850 1
263 851 1
263 901 1
263 960 1
263 978 1
263 1007 1
263 1013 1
263 1029 1
263 1037 1
263 1148 1
263 1249 1
263 1256 1
263 1268 1
263 1306 1
263 1307 1
263 1342 1
263 1402 1
263 1442 1
263 1449 1
263 1457 1
263 1508 1
263 1509 1
263 1537 1
263 1540 1
263 1597 1
263 1611 1
263 1661 1
263 1668 1
263 1702 1
263 1714 1
263 1724 1
263 1738 1
263 1740 1
263 1751 1
263 1821 1
263 1834 1
263 1835 1
263 1854 1
263 1888 1
263 1893 1
263 1897 1
263 1899 1
263 1911 1
263 1912 1
263 1923 1
263 1924 1
263 1928 1
263 1933 1
264 294 1
264 342 1
264 451 1
264 530 1
264 555 1
264 577 1
264 622 1
264 723 1
264 728 1
264 758 1
264 778 1
264 867 1
264 889 1
264 960 1
264 1005 1
264 1021 1
264 1029 1
264 1057 1
264 1075 1
264 1137 1
264 1148 1
264 1152 1
264 1165 1
264 1183 1
264 1202 1
264 1205 1
264 1210 1
264 1305 1
264 1306 1
264 1328 1
264 1428 1
264 1607 1
264 1648 1
264 1658 1
264 1710 1
264 1722 1
264 1734 1
264 1806 1
264 1813 1
264 1830 1
264 1882 1
264 1889 1
264 1891 1
265 296 1
265 335 1
265 349 1
265 353 1
265 382 1
265 431 1
265 490 1
265 523 1
265 538 1
265 573 1
265 610 1
265 731 1
265 759 1
265 797 1
265 812 1
265 875 1
265 938 1
265 958 1
265 985 1
265 1009 1
265 1073 1
265 1113 1
265 1129 1
265 1167 1
265 1176 1
265 1185 1
265 1214 1
265 1251 1
265 1326 1
265 1327 1
265 1361 1
265 1377 1
265 1390 1
265 1468 1
265 1498 1
265 1524 1
265 1544 1
265 1549 1
265 1567 1
265 1581 1
265 1652 1
265 1655 1
265 1763 1
265 1764 1
265 1878 1
265 1916 1
265 1923 1
265 1927 1
265 1931 1
265 1932 1
265 1941 1
266 327 1
266 381 1
266 397 1
266 487 1
266 573 1
266 627 1
266 666 1
266 873 1
266 907 1
266 922 1
266 953 1
266 954 1
266 964 1
266 977 1
266 1010 1
266 1095 1
266 1111 1
266 1238 1
266 1241 1
266 1275 1
266 1289 1
266 1354 1
266 1361 1
266 1491 1
266 1500 1
266 1510 1
266 1536 1
266 1544 1
266 1569 1
266 1639 1
266 1721 1
266 1729 1
266 1750 1
266 1785 1
266 1868 1
266 1869 1
266 1874 1
266 1897 1
266 1944 1
266 1957 1
266 1994 1
267 271 1
267 438 1
267 457 1
267 494 1
267 552 1
267 574 1
267 604 1
267 605 1
267 627 1
267 667 1
267 730 1
267 731 1
267 784 1
267 828 1
267 961 1
267 971 1
267 1105 1
267 1149 1
267 1151 1
267 1268 1
267 1271 1
267 1411 1
267 1414 1
267 1440 1
267 1485 1
267 1539 1
267 1567 1
267 1572 1
267 1580 1
267 1648 1
267 1658 1
267 1697 1
267 1855 1
267 1896 1
267 1921 1
267 1933 1
267 1936 1
267 1961 1
267 1963 1
268 287 1
268 312 1
268 336 1
268 473 1
268 476 1
268 496 1
268 538 1
268 551 1
268 563 1
268 577 1
268 595 1
268 718 1
268 919 1
268 970 1
268 1065 1
268 1079 1
268 1105 1
268 1235 1
268 1283 1
268 1357 1
268 1373 1
268 1427 1
268 1459 1
268 1499 1
268 1554 1
268 1566 1
268 1585 1
268 1604 1
268 1626 1
268 1669 1
268 1693 1
268 1698 1
268 1728 1
268 1798 1
268 1821 1
268 1879 1
268 1888 1
268 1890 1
268 1904 1
268 1935 1
268 1943 1
268 1979 1
269 313 1
269 427 1
269 428 1
269 440 1
269 447 1
269 474 1
269 489 1
269 514 1
269 515 1
269 566 1
269 579 1
269 586 1
269 598 1
269 653 1
269 655 1
269 656 1
269 664 1
269 676 1
269 717 1
269 765 1
269 814 1
269 858 1
269 908 1
269 909 1
269 910 1
269 963 1
269 985 1
269 990 1
269 998 1
269 1039 1
269 1065 1
269 1071 1
269 1148 1
269 1175 1
269 1200 1
269 1220 1
269 1242 1
269 1353 1
269 1387 1
269 1430 1
269 1446 1
269 1451 1
269 1514 1
269 1532 1
269 1562 1
269 1563 1
269 1668 1
269 1677 1
269 1704 1
269 1710 1
269 1828 1
269 1831 1
269 1878 1
269 1927 1
269 1945 1
269 1965 1
270 293 1
270 330 1
270 337 1
270 371 1
270 568 1
270 593 1
270 606 1
270 666 1
270 681 1
270 823 1
270 831 1
270 979 1
270 1026 1
270 1035 1
270 1054 1
270 1059 1
270 1090 1
270 1093 1
270 1127 1
270 1129 1
270 1139 1
270 1201 1
270 1207 1
270 1240 1
270 1294 1
270 1397 1
270 1398 1
270 1421 1
270 1441 1
270 1461 1
270 1470 1
270 1610 1
270 1671 1
270 1677 1
270 1718 1
270 1822 1
270 1828 1
270 1861 1
270 1877 1
270 1907 1
270 1937 1
270 1938 1
270 1986 1
271 297 1
271 314 1
271 316 1
271 568 1
271 711 1
271 717 1
271 767 1
271 779 1
271 808 1
271 859 1
271 860 1
271 930 1
271 1037 1
271 1040 1
271 1055 1
271 1073 1
271 1198 1
271 1201 1
271 1274 1
271 1282 1
271 1297 1
271 1300 1
271 1408 1
271 1453 1
271 1475 1
271 1496 1
271 1568 1
271 1582 1
271 1586 1
271 1696 1
271 1724 1
271 1781 1
271 1806 1
271 1864 1
271 1907 1
271 1922 1
271 1946 1
271 1957 1
271 1982 1
271 1992 1
272 276 1
272 297 1
272 310 1
272 321 1
272 324 1
272 345 1
272 413 1
272 447 1
272 448 1
272 550 1
272 575 1
272 592 1
272 699 1
272 722 1
272 724 1
272 748 1
272 797 1
272 816 1
272 871 1
272 932 1
272 1022 1
272 1058 1
272 1123 1
272 1126 1
272 1134 1
272 1232 1
272 1287 1
272 1291 1
272 1302 1
272 1327 1
272 1367 1
272 1453 1
272 1465 1
272 1499 1
272 1616 1
272 1628 1
272 1629 1
272 1658 1
272 1738 1
272 1773 1
272 1780 1
272 1781 1
272 1788 1
272 1823 1
272 1870 1
272 1876 1
272 1918 1
273 318 1
273 331 1
273 363 1
273 394 1
273 411 1
273 442 1
273 447 1
273 478 1
273 481 1
273 575 1
273 608 1
273 697 1
273 721 1
273 764 1
273 798 1
273 846 1
273 854 1
273 896 1
273 914 1
273 1010 1
273 1049 1
273 1050 1
273 1060 1
273 1113 1
273 1132 1
273 1266 1
273 1342 1
273 1493 1
273 1497 1
273 1505 1
273 1675 1
273 1700 1
273 1748 1
273 1761 1
273 1766 1
273 1802 1
273 1916 1
273 1933 1
273 1947 1
273 1955 1
273 1990 1
274 290 1
274 314 1
274 339 1
274 376 1
274 401 1
274 412 1
274 463 1
274 508 1
274 545 1
274 637 1
274 642 1
274 709 1
274 714 1
274 727 1
274 744 1
274 835 1
274 869 1
274 874 1
274 889 1
274 923 1
274 990 1
274 995 1
274 1024 1
274 1026 1
274 1053 1
274 1054 1
274 1110 1
274 1112 1
274 1126 1
274 1319 1
274 1348 1
274 1366 1
274 1382 1
274 1384 1
274 1394 1
274 1442 1
274 1457 1
274 1472 1
274 1494 1
274 1503 1
274 1531 1
274 1558 1
274 1738 1
274 1761 1
274 1763 1
274 1795 1
274 1855 1
274 1864 1
274 1869 1
274 1900 1
274 1917 1
274 1921 1
274 1995 1
275 278 1
275 301 1
275 315 1
275 382 1
275 432 1
275 454 1
275 487 1
275 496 1
275 506 1
275 519 1
275 530 1
275 560 1
275 608 1
275 678 1
275 682 1
275 716 1
275 718 1
275 725 1
275 790 1
275 803 1
275 808 1
275 836 1
275 861 1
275 920 1
275 982 1
275 1022 1
275 1078 1
275 1103 1
275 1218 1
275 1257 1
275 1265 1
275 1295 1
275 1328 1
275 1341 1
275 1348 1
275 1354 1
275 1373 1
275 1402 1
275 1444 1
275 1452 1
275 1562 1
275 1583 1
275 1609 1
275 1617 1
275 1661 1
275 1670 1
275 1783 1
275 1806 1
275 1839 1
275 1896 1
275 1923 1
275 1972 1
276 313 1
276 317 1
276 375 1
276 477 1
276 573 1
276 579 1
276 582 1
276 588 1
276 612 1
276 613 1
276 617 1
276 649 1
276 671 1
276 704 1
276 713 1
276 746 1
276 777 1
276 840 1
276 859 1
276 959 1
276 967 1
276 981 1
276 1002 1
276 1022 1
276 1029 1
276 1077 1
276 1097 1
276 1101 1
276 1104 1
276 1126 1
276 1255 1
276 1257 1
276 1279 1
276 1344 1
276 1416 1
276 1451 1
276 1454 1
276 1491 1
276 1527 1
276 1538 1
276 1560 1
276 1649 1
276 1769 1
276 1784 1
276 1835 1
276 1897 1
276 1916 1
276 1950 1
277 305 1
277 318 1
277 324 1
277 343 1
277 361 1
277 409 1
277 471 1
277 504 1
277 505 1
277 527 1
277 573 1
277 585 1
277 587 1
277 608 1
277 664 1
277 666 1
277 725 1
277 770 1
277 856 1
277 946 1
277 947 1
277 1028 1
277 1170 1
277 1240 1
277 1310 1
277 1337 1
277 1416 1
277 1425 1
277 1471 1
277 1473 1
277 1524 1
277 1579 1
277 1597 1
277 1707 1
277 1748 1
277 1764 1
277 1788 1
277 1793 1
277 1835 1
277 1910 1
277 1918 1
277 1933 1
277 1942 1
278 326 1
278 345 1
278 428 1
278 508 1
278 518 1
278 527 1
278 646 1
278 647 1
278 670 1
278 684 1
278 687 1
278 720 1
278 730 1
278 748 1
278 775 1
278 814 1
278 930 1
278 1003 1
278 1007 1
278 1008 1
278 1104 1
278 1112 1
278 1188 1
278 1245 1
278 1253 1
278 1309 1
278 1317 1
278 1383 1
278 1399 1
278 1404 1
278 1411 1
278 1470 1
278 1598 1
278 1610 1
278 1619 1
278 1661 1
278 1687 1
278 1690 1
278 1710 1
278 1729 1
278 1769 1
278 1770 1
278 1798 1
278 1814 1
278 1818 1
278 1837 1
278 1929 1
278 1994 1
279 378 1
279 391 1
279 402 1
279 429 1
279 551 1
279 559 1
279 576 1
279 700 1
279 724 1
279 769 1
279 812 1
279 814 1
279 868 1
279 892 1
279 914 1
279 1035 1
279 1094 1
279 1106 1
279 1148 1
279 1152 1
279 1272 1
279 1275 1
279 1323 1
279 1409 1
279 1443 1
279 1451 1
279 1498 1
279 1521 1
279 1523 1
279 1557 1
279 1577 1
279 1581 1
279 1590 1
279 1627 1
279 1631 1
279 1645 1
279 1701 1
279 1730 1
279 1776 1
279 1816 1
279 1864 1
279 1890 1
279 1940 1
279 1941 1
279 1944 1
279 1948 1
279 1953 1
279 1972 1
280 298 1
280 302 1
280 305 1
280 377 1
280 431 1
280 439 1
280 472 1
280 475 1
280 527 1
280 554 1
280 583 1
280 584 1
280 621 1
280 631 1
280 805 1
280 845 1
280 867 1
280 868 1
280 932 1
280 947 1
280 957 1
280 999 1
280 1049 1
280 1084 1
280 1176 1
280 1196 1
280 1215 1
280 1247 1
280 1313 1
280 1321 1
280 1327 1
280 1338 1
280 1372 1
280 1434 1
280 1452 1
280 1540 1
280 1591 1
280 1594 1
280 1658 1
280 1686 1
280 1696 1
280 1704 1
280 1720 1
280 1726 1
280 1752 1
280 1793 1
280 1851 1
280 1899 1
280 1936 1
280 1966 1
281 336 1
281 342 1
281 390 1
281 410 1
281 656 1
281 704 1
281 719 1
281 731 1
281 772 1
281 822 1
281 911 1
281 940 1
281 952 1
281 977 1
281 1145 1
281 1154 1
281 1210 1
281 1243 1
281 1352 1
281 1386 1
281 1416 1
281 1419 1
281 1458 1
281 1518 1
281 1536 1
281 1553 1
281 1590 1
281 1607 1
281 1634 1
281 1642 1
281 1667 1
281 1721 1
281 1738 1
281 1752 1
281 1771 1
281 1891 1
281 1947 1
282 362 1
282 415 1
282 489 1
282 495 1
282 521 1
282 524 1
282 539 1
282 558 1
282 585 1
282 596 1
282 610 1
282 649 1
282 664 1
282 749 1
282 854 1
282 888 1
282 896 1
282 953 1
282 985 1
282 987 1
282 991 1
282 993 1
282 996 1
282 1016 1
282 1044 1
282 1065 1
282 1100 1
282 1109 1
282 1124 1
282 1125 1
282 1165 1
282 1332 1
282 1371 1
282 1396 1
282 1397 1
282 1458 1
282 1521 1
282 1523 1
282 1538 1
282 1609 1
282 1610 1
282 1643 1
282 1666 1
282 1805 1
282 1960 1
282 1990 1
283 305 1
283 471 1
283 545 1
283 602 1
283 633 1
283 706 1
283 762 1
283 774 1
283 869 1
283 897 1
283 956 1
283 1000 1
283 1022 1
283 1115 1
283 1133 1
283 1150 1
283 1158 1
283 1163 1
283 1165 1
283 1174 1
283 1207 1
283 1257 1
283 1288 1
283 1362 1
283 1372 1
283 1386 1
283 1411 1
283 1421 1
283 1424 1
283 1438 1
283 1442 1
283 1609 1
283 1635 1
283 1750 1
283 1786 1
283 1874 1
283 1879 1
283 1885 1
283 1927 1
283 1972 1
284 285 1
284 367 1
284 383 1
284 409 1
284 483 1
284 573 1
284 599 1
284 642 1
284 855 1
284 908 1
284 947 1
284 961 1
284 980 1
284 1007 1
284 1048 1
284 1079 1
284 1115 1
284 1126 1
284 1133 1
284 1259 1
284 1272 1
284 1353 1
284 1380 1
284 1395 1
284 1442 1
284 1447 1
284 1532 1
284 1614 1
284 1627 1
284 1631 1
284 1665 1
284 1728 1
284 1837 1
284 1842 1
284 1846 1
284 1847 1
284 1864 1
284 1920 1
284 1957 1
285 307 1
285 314 1
285 346 1
285 424 1
285 476 1
285 541 1
285 544 1
285 572 1
285 600 1
285 601 1
285 702 1
285 754 1
285 759 1
285 760 1
285 844 1
285 986 1
285 1071 1
285 1076 1
285 1170 1
285 1172 1
285 1191 1
285 1227 1
285 1240 1
285 1260 1
285 1385 1
285 1422 1
285 1486 1
285 1567 1
285 1570 1
285 1640 1
285 1729 1
285 1776 1
285 1880 1
285 1890 1
285 1895 1
285 1901 1
285 1935 1
286 314 1
286 319 1
286 388 1
286 397 1
286 492 1
286 582 1
286 623 1
286 651 1
286 714 1
286 759 1
286 760 1
286 778 1
286 823 1
286 847 1
286 876 1
286 975 1
286 999 1
286 1044 1
286 1091 1
286 1105 1
286 1146 1
286 1191 1
286 1233 1
286 1289 1
286 1352 1
286 1362 1
286 1391 1
286 1428 1
286 1549 1
286 1577 1
286 1761 1
286 1768 1
286 1808 1
286 1985 1
286 1987 1
286 1993 1
287 295 1
287 305 1
287 339 1
287 352 1
287 382 1
287 407 1
287 443 1
287 485 1
287 491 1
287 510 1
287 514 1
287 521 1
287 535 1
287 560 1
287 609 1
287 612 1
287 634 1
287 638 1
287 639 1
287 709 1
287 714 1
287 785 1
287 836 1
287 849 1
287 866 1
287 881 1
287 889 1
287 929 1
287 1017 1
287 1031 1
287 1033 1
287 1050 1
287 1115 1
287 1139 1
287 1221 1
287 1296 1
287 1310 1
287 1324 1
287 1359 1
287 1452 1
287 1453 1
287 1532 1
287 1533 1
287 1535 1
287 1563 1
287 1605 1
287 1609 1
287 1626 1
287 1726 1
287 1730 1
287 1831 1
287 1865 1
287 1918 1
287 1958 1
287 1959 1
288 325 1
288 354 1
288 382 1
288 444 1
288 464 1
288 465 1
288 564 1
288 623 1
288 663 1
288 667 1
288 685 1
288 830 1
288 908 1
288 953 1
288 1002 1
288 1141 1
288 1172 1
288 1203 1
288 1227 1
288 1244 1
288 1266 1
288 1305 1
288 1344 1
288 1345 1
288 1420 1
288 1443 1
288 1475 1
288 1501 1
288 1573 1
288 1610 1
288 1639 1
288 1658 1
288 1747 1
288 1756 1
288 1841 1
288 1848 1
288 1936 1
288 1938 1
288 1999 1
289 294 1
289 338 1
289 477 1
289 549 1
289 575 1
289 661 1
289 678 1
289 697 1
289 740 1
289 808 1
289 809 1
289 905 1
289 909 1
289 921 1
289 1011 1
289 1066 1
289 1122 1
289 1148 1
289 1152 1
289 1178 1
289 1186 1
289 1198 1
289 1199 1
289 1261 1
289 1270 1
289 1272 1
289 1280 1
289 1285 1
289 1325 1
289 1366 1
289 1373 1
289 1451 1
289 1495 1
289 1555 1
289 1565 1
289 1626 1
289 1644 1
289 1646 1
289 1686 1
289 1693 1
289 1694 1
289 1713 1
289 1750 1
289 1757 1
289 1766 1
289 1784 1
289 1828 1
289 1837 1
289 1842 1
289 1886 1
289 1890 1
289 1988 1
290 346 1
290 448 1
290 450 1
290 529 1
290 545 1
290 584 1
290 637 1
290 762 1
290 771 1
290 786 1
290 813 1
290 846 1
290 899 1
290 911 1
290 921 1
290 997 1
290 1002 1
290 1009 1
290 1057 1
290 1112 1
290 1149 1
290 1155 1
290 1168 1
290 1315 1
290 1389 1
290 1415 1
290 1449 1
290 1473 1
290 1481 1
290 1500 1
290 1502 1
290 1537 1
290 1552 1
290 1563 1
290 1584 1
290 1707 1
290 1864 1
290 1874 1
290 1934 1
291 334 1
291 348 1
291 362 1
291 377 1
291 393 1
291 478 1
291 497 1
291 551 1
291 590 1
291 722 1
291 746 1
291 747 1
291 769 1
291 797 1
291 814 1
291 850 1
291 991 1
291 992 1
291 1040 1
291 1183 1
291 1203 1
291 1250 1
291 1274 1
291 1309 1
291 1312 1
291 1317 1
291 1379 1
291 1382 1
291 1399 1
291 1420 1
291 1471 1
291 1539 1
291 1540 1
291 1548 1
291 1557 1
291 1589 1
291 1623 1
291 1669 1
291 1709 1
291 1797 1
291 1806 1
291 1825 1
291 1838 1
291 1921 1
292 358 1
292 368 1
292 393 1
292 466 1
292 507 1
292 527 1
292 624 1
292 627 1
292 662 1
292 672 1
292 706 1
292 749 1
292 753 1
292 784 1
292 801 1
292 820 1
292 828 1
292 939 1
292 945 1
292 956 1
292 968 1
292 997 1
292 1013 1
292 1184 1
292 1192 1
292 1205 1
292 1264 1
292 1278 1
292 1282 1
292 1327 1
292 1465 1
292 1491 1
292 1547 1
292 1635 1
292 1657 1
292 1702 1
292 1757 1
292 1764 1
292 1824 1
292 1838 1
292 1867 1
292 1944 1
292 1946 1
292 1962 1
293 296 1
293 329 1
293 336 1
293 379 1
293 397 1
293 399 1
293 408 1
293 434 1
293 470 1
293 557 1
293 621 1
293 701 1
293 767 1
293 859 1
293 901 1
293 1019 1
293 1022 1
293 1029 1
293 1050 1
293 1083 1
293 1109 1
293 1125 1
293 1182 1
293 1231 1
293 1257 1
293 1343 1
293 1359 1
293 1558 1
293 1563 1
293 1590 1
293 1595 1
293 1618 1
293 1661 1
293 1673 1
293 1684 1
293 1789 1
293 1890 1
293 1896 1
293 1949 1
293 1964 1
294 401 1
294 437 1
294 438 1
294 477 1
294 487 1
294 548 1
294 599 1
294 600 1
294 625 1
294 665 1
294 743 1
294 783 1
294 811 1
294 954 1
294 958 1
294 960 1
294 966 1
294 1044 1
294 1048 1
294 1056 1
294 1069 1
294 1120 1
294 1147 1
294 1269 1
294 1275 1
294 1294 1
294 1346 1
294 1394 1
294 1407 1
294 1441 1
294 1464 1
294 1506 1
294 1508 1
294 1509 1
294 1612 1
294 1616 1
294 1633 1
294 1651 1
294 1708 1
294 1803 1
294 1835 1
294 1843 1
294 1852 1
294 1872 1
294 1888 1
295 351 1
295 352 1
295 393 1
295 405 1
295 440 1
295 463 1
295 464 1
295 521 1
295 533 1
295 542 1
295 580 1
295 586 1
295 617 1
295 666 1
295 709 1
295 785 1
295 795 1
295 806 1
295 840 1
295 843 1
295 847 1
295 937 1
295 943 1
295 981 1
295 986 1
295 992 1
295 993 1
295 996 1
295 1168 1
295 1179 1
295 1206 1
295 1264 1
295 1417 1
295 1461 1
295 1501 1
295 1509 1
295 1514 1
295 1540 1
295 1596 1
295 1626 1
295 1744 1
295 1775 1
295 1807 1
295 1842 1
295 1855 1
295 1860 1
295 1866 1
295 1886 1
295 1892 1
295 1944 1
295 1986 1
296 312 1
296 436 1
296 468 1
296 513 1
296 538 1
296 559 1
296 596 1
296 598 1
296 617 1
296 664 1
296 686 1
296 717 1
296 734 1
296 741 1
296 749 1
296 848 1
296 872 1
296 895 1
296 900 1
296 933 1
296 959 1
296 975 1
296 986 1
296 1048 1
296 1094 1
296 1124 1
296 1164 1
296 1166 1
296 1187 1
296 1197 1
296 1239 1
296 1241 1
296 1254 1
296 1261 1
296 1331 1
296 1347 1
296 1473 1
296 1491 1
296 1526 1
296 1530 1
296 1576 1
296 1628 1
296 1633 1
296 1710 1
296 1755 1
296 1764 1
296 1767 1
296 1783 1
296 1796 1
296 1823 1
297 339 1
297 374 1
297 441 1
297 442 1
297 445 1
297 574 1
297 648 1
297 671 1
297 694 1
297 735 1
297 739 1
297 743 1
297 762 1
297 810 1
297 823 1
297 879 1
297 894 1
297 918 1
297 921 1
297 997 1
297 1024 1
297 1031 1
297 1080 1
297 1100 1
297 1123 1
297 1234 1
297 1279 1
297 1318 1
297 1322 1
297 1332 1
297 1333 1
297 1356 1
297 1361 1
297 1435 1
297 1453 1
297 1515 1
297 1529 1
297 1817 1
297 1827 1
297 1937 1
297 1966 1
298 303 1
298 346 1
298 447 1
298 545 1
298 555 1
298 580 1
298 614 1
298 647 1
298 774 1
298 806 1
298 807 1
298 820 1
298 860 1
298 871 1
298 905 1
298 917 1
298 947 1
298 989 1
298 1028 1
298 1150 1
298 1249 1
298 1292 1
298 1326 1
298 1328 1
298 1392 1
298 1405 1
298 1407 1
298 1489 1
298 1670 1
298 1674 1
298 1705 1
298 1818 1
298 1840 1
298 1867 1
298 1878 1
298 1934 1
298 1938 1
298 1957 1
298 1963 1
298 1977 1
299 392 1
299 394 1
299 416 1
299 437 1
299 592 1
299 613 1
299 628 1
299 638 1
299 657 1
299 794 1
299 803 1
299 824 1
299 828 1
299 911 1
299 939 1
299 945 1
299 1033 1
299 1123 1
299 1136 1
299 1143 1
299 1177 1
299 1194 1
299 1232 1
299 1327 1
299 1346 1
299 1414 1
299 1420 1
299 1460 1
299 1464 1
299 1471 1
299 1512 1
299 1539 1
299 1540 1
299 1542 1
299 1576 1
299 1630 1
299 1688 1
299 1692 1
299 1710 1
299 1761 1
299 1769 1
299 1809 1
299 1823 1
299 1885 1
299 1925 1
299 1992 1
300 401 1
300 507 1
300 599 1
300 636 1
300 751 1
300 809 1
300 866 1
300 892 1
300 906 1
300 943 1
300 945 1
300 969 1
300 1031 1
300 1033 1
300 1053 1
300 1109 1
300 1169 1
300 1258 1
300 1261 1
300 1268 1
300 1297 1
300 1311 1
300 1314 1
300 1353 1
300 1374 1
300 1376 1
300 1379 1
300 1396 1
300 1525 1
300 1535 1
300 1564 1
300 1569 1
300 1612 1
300 1636 1
300 1771 1
300 1801 1
300 1835 1
300 1851 1
300 1878 1
300 1882 1
300 1934 1
300 1940 1
300 1969 1
300 1996 1
301 306 1
301 344 1
301 350 1
301 360 1
301 429 1
301 481 1
301 561 1
301 617 1
301 645 1
301 670 1
301 714 1
301 808 1
301 828 1
301 838 1
301 898 1
301 1006 1
301 1015 1
301 1028 1
301 1041 1
301 1062 1
301 1065 1
301 1118 1
301 1128 1
301 1132 1
301 1200 1
301 1215 1
301 1302 1
301 1306 1
301 1330 1
301 1362 1
301 1376 1
301 1397 1
301 1483 1
301 1545 1
301 1550 1
301 1558 1
301 1676 1
301 1714 1
301 1726 1
301 1733 1
301 1754 1
301 1758 1
301 1835 1
301 1858 1
301 1890 1
301 1898 1
301 1938 1
301 1966 1
301 1969 1
302 313 1
302 325 1
302 355 1
302 377 1
302 404 1
302 445 1
302 457 1
302 486 1
302 650 1
302 657 1
302 721 1
302 764 1
302 782 1
302 826 1
302 831 1
302 855 1
302 881 1
302 883 1
302 938 1
302 946 1
302 1050 1
302 1063 1
302 1199 1
302 1205 1
302 1293 1
302 1308 1
302 1359 1
302 1367 1
302 1371 1
302 1484 1
302 1513 1
302 1515 1
302 1527 1
302 1538 1
302 1588 1
302 1595 1
302 1601 1
302 1603 1
302 1648 1
302 1687 1
302 1694 1
302 1713 1
302 1719 1
302 1735 1
302 1791 1
302 1818 1
302 1840 1
302 1901 1
302 1944 1
303 309 1
303 405 1
303 436 1
303 487 1
303 524 1
303 565 1
303 601 1
303 623 1
303 692 1
303 788 1
303 805 1
303 829 1
303 858 1
303 864 1
303 905 1
303 939 1
303 946 1
303 947 1
303 1021 1
303 1090 1
303 1106 1
303 1152 1
303 1193 1
303 1228 1
303 1285 1
303 1320 1
303 1374 1
303 1379 1
303 1435 1
303 1438 1
303 1490 1
303 1522 1
303 1575 1
303 1642 1
303 1664 1
303 1792 1
303 1819 1
303 1838 1
303 1855 1
303 1992 1
304 345 1
304 423 1
304 463 1
304 465 1
304 526 1
304 556 1
304 582 1
304 584 1
304 656 1
304 716 1
304 740 1
304 847 1
304 911 1
304 929 1
304 931 1
304 958 1
304 969 1
304 1019 1
304 1039 1
304 1063 1
304 1083 1
304 1139 1
304 1252 1
304 1325 1
304 1365 1
304 1370 1
304 1387 1
304 1447 1
304 1449 1
304 1485 1
304 1565 1
304 1596 1
304 1610 1
304 1611 1
304 1697 1
304 1704 1
304 1765 1
304 1781 1
304 1804 1
304 1809 1
304 1894 1
305 315 1
305 316 1
305 348 1
305 386 1
305 428 1
305 457 1
305 459 1
305 475 1
305 478 1
305 525 1
305 537 1
305 568 1
305 588 1
305 605 1
305 634 1
305 731 1
305 740 1
305 743 1
305 771 1
305 842 1
305 882 1
305 913 1
305 917 1
305 938 1
305 964 1
305 983 1
305 1026 1
305 1087 1
305 1127 1
305 1177 1
305 1202 1
305 1239 1
305 1263 1
305 1289 1
305 1323 1
305 1354 1
305 1378 1
305 1387 1
305 1506 1
305 1540 1
305 1579 1
305 1688 1
305 1730 1
305 1750 1
305 1757 1
305 1772 1
305 1822 1
305 1842 1
305 1852 1
305 1881 1
305 1907 1
305 1935 1
305 1963 1
305 1972 1
305 1976 1
305 1990 1
306 320 1
306 402 1
306 406 1
306 419 1
306 519 1
306 527 1
306 533 1
306 542 1
306 575 1
306 620 1
306 645 1
306 709 1
306 852 1
306 874 1
306 891 1
306 994 1
306 1017 1
306 1047 1
306 1089 1
306 1098 1
306 1169 1
306 1192 1
306 1216 1
306 1265 1
306 1323 1
306 1502 1
306 1518 1
306 1519 1
306 1603 1
306 1617 1
306 1632 1
306 1638 1
306 1668 1
306 1732 1
306 1842 1
306 1959 1
306 1963 1
307 321 1
307 324 1
307 425 1
307 527 1
307 579 1
307 606 1
307 653 1
307 683 1
307 770 1
307 771 1
307 831 1
307 835 1
307 872 1
307 896 1
307 918 1
307 930 1
307 950 1
307 1129 1
307 1149 1
307 1201 1
307 1236 1
307 1241 1
307 1252 1
307 1268 1
307 1454 1
307 1475 1
307 1482 1
307 1503 1
307 1571 1
307 1589 1
307 1611 1
307 1628 1
307 1629 1
307 1690 1
307 1776 1
307 1814 1
307 1825 1
307 1837 1
307 1886 1
307 1908 1
307 1926 1
307 1936 1
307 1937 1
308 373 1
308 419 1
308 431 1
308 471 1
308 512 1
308 545 1
308 562 1
308 596 1
308 609 1
308 640 1
308 920 1
308 948 1
308 971 1
308 982 1
308 1030 1
308 1119 1
308 1133 1
308 1225 1
308 1237 1
308 1265 1
308 1328 1
308 1348 1
308 1461 1
308 1528 1
308 1549 1
308 1555 1
308 1699 1
308 1702 1
308 1734 1
308 1760 1
308 1762 1
308 1786 1
308 1798 1
308 1873 1
308 1887 1
308 1889 1
308 1917 1
308 1959 1
308 1986 1
309 312 1
309 370 1
309 438 1
309 587 1
309 610 1
309 684 1
309 721 1
309 829 1
309 882 1
309 929 1
309 1025 1
309 1078 1
309 1089 1
309 1096 1
309 1110 1
309 1117 1
309 1153 1
309 1164 1
309 1237 1
309 1285 1
309 1298 1
309 1324 1
309 1355 1
309 1451 1
309 1486 1
309 1532 1
309 1555 1
309 1688 1
309 1724 1
309 1727 1
309 1741 1
309 1860 1
309 1932 1
309 1968 1
310 328 1
310 345 1
310 380 1
310 389 1
310 412 1
310 450 1
310 452 1
310 574 1
310 599 1
310 627 1
310 688 1
310 722 1
310 774 1
310 848 1
310 863 1
310 892 1
310 920 1
310 949 1
310 954 1
310 955 1
310 964 1
310 988 1
310 1009 1
310 1072 1
310 1084 1
310 1115 1
310 1148 1
310 1173 1
310 1195 1
310 1295 1
310 1311 1
310 1455 1
310 1527 1
310 1557 1
310 1591 1
310 1697 1
310 1708 1
310 1717 1
310 1730 1
310 1732 1
310 1753 1
310 1755 1
310 1758 1
310 1806 1
310 1894 1
310 1903 1
310 1945 1
310 1987 1
311 319 1
311 327 1
311 476 1
311 535 1
311 782 1
311 793 1
311 794 1
311 798 1
311 800 1
311 816 1
311 839 1
311 906 1
311 949 1
311 954 1
311 963 1
311 985 1
311 1042 1
311 1107 1
311 1167 1
311 1291 1
311 1352 1
311 1386 1
311 1426 1
311 1497 1
311 1504 1
311 1513 1
311 1641 1
311 1652 1
311 1698 1
311 1758 1
311 1761 1
311 1793 1
311 1829 1
311 1847 1
311 1874 1
312 322 1
312 371 1
312 466 1
312 530 1
312 666 1
312 674 1
312 725 1
312 772 1
312 798 1
312 837 1
312 871 1
312 888 1
312 928 1
312 937 1
312 998 1
312 999 1
312 1008 1
312 1053 1
312 1087 1
312 1154 1
312 1191 1
312 1285 1
312 1320 1
312 1328 1
312 1349 1
312 1386 1
312 1431 1
312 1462 1
312 1500 1
312 1522 1
312 1659 1
312 1671 1
312 1757 1
312 1787 1
312 1844 1
312 1845 1
312 1887 1
312 1952 1
312 1970 1
312 1975 1
313 400 1
313 402 1
313 534 1
313 573 1
313 622 1
313 657 1
313 710 1
313 779 1
313 785 1
313 913 1
313 1035 1
313 1065 1
313 1170 1
313 1175 1
313 1191 1
313 1254 1
313 1262 1
313 1304 1
313 1372 1
313 1375 1
313 1419 1
313 1445 1
313 1494 1
313 1503 1
313 1551 1
313 1565 1
313 1596 1
313 1598 1
313 1600 1
313 1657 1
313 1688 1
313 1792 1
313 1913 1
313 1931 1
313 1952 1
313 1960 1
313 1996 1
314 375 1
314 434 1
314 524 1
314 537 1
314 556 1
314 631 1
314 664 1
314 673 1
314 688 1
314 745 1
314 749 1
314 834 1
314 876 1
314 894 1
314 943 1
314 1036 1
314 1087 1
314 1111 1
314 1171 1
314 1177 1
314 1178 1
314 1191 1
314 1235 1
314 1241 1
314 1265 1
314 1282 1
314 1319 1
314 1349 1
314 1352 1
314 1362 1
314 1380 1
314 1383 1
314 1404 1
314 1442 1
314 1452 1
314 1554 1
314 1569 1
314 1678 1
314 1715 1
314 1868 1
314 1870 1
314 1909 1
315 334 1
315 351 1
315 376 1
315 377 1
315 419 1
315 576 1
315 636 1
315 715 1
315 761 1
315 779 1
315 781 1
315 792 1
315 816 1
315 823 1
315 844 1
315 850 1
315 876 1
315 885 1
315 889 1
315 937 1
315 956 1
315 1007 1
315 1080 1
315 1091 1
315 1282 1
315 1432 1
315 1461 1
315 1471 1
315 1493 1
315 1499 1
315 1523 1
315 1539 1
315 1670 1
315 1688 1
315 1691 1
315 1834 1
315 1854 1
315 1997 1
316 337 1
316 351 1
316 359 1
316 381 1
316 479 1
316 481 1
316 511 1
316 530 1
316 536 1
316 544 1
316 574 1
316 579 1
316 584 1
316 799 1
316 882 1
316 891 1
316 902 1
316 912 1
316 920 1
316 934 1
316 1022 1
316 1047 1
316 1065 1
316 1068 1
316 1121 1
316 1142 1
316 1161 1
316 1180 1
316 1222 1
316 1231 1
316 1235 1
316 1342 1
316 1372 1
316 1425 1
316 1437 1
316 1529 1
316 1532 1
316 1585 1
316 1600 1
316 1629 1
316 1729 1
316 1754 1
316 1819 1
316 1889 1
316 1937 1
316 1971 1
317 419 1
317 436 1
317 456 1
317 482 1
317 491 1
317 507 1
317 579 1
317 646 1
317 805 1
317 883 1
317 920 1
317 1028 1
317 1089 1
317 1110 1
317 1124 1
317 1219 1
317 1300 1
317 1374 1
317 1431 1
317 1457 1
317 1505 1
317 1556 1
317 1709 1
317 1836 1
317 1940 1
317 1968 1
317 1977 1
318 337 1
318 372 1
318 410 1
318 425 1
318 547 1
318 683 1
318 720 1
318 722 1
318 787 1
318 879 1
318 949 1
318 960 1
318 1024 1
318 1046 1
318 1048 1
318 1085 1
318 1086 1
318 1141 1
318 1231 1
318 1261 1
318 1421 1
318 1446 1
318 1453 1
318 1458 1
318 1546 1
318 1597 1
318 1705 1
318 1801 1
318 1875 1
318 1885 1
318 1947 1
318 1977 1
319 324 1
319 381 1
319 395 1
319 455 1
319 464 1
319 492 1
319 495 1
319 507 1
319 520 1
319 532 1
319 577 1
319 598 1
319 677 1
319 685 1
319 781 1
319 789 1
319 876 1
319 899 1
319 905 1
319 939 1
319 1013 1
319 1049 1
319 1078 1
319 1102 1
319 1130 1
319 1166 1
319 1206 1
319 1233 1
319 1261 1
319 1295 1
319 1303 1
319 1334 1
319 1335 1
319 1369 1
319 1373 1
319 1414 1
319 1416 1
319 1426 1
319 1509 1
319 1656 1
319 1690 1
319 1706 1
319 1736 1
319 1786 1
319 1801 1
319 1820 1
319 1859 1
319 1890 1
319 1945 1
319 1965 1
319 1994 1
320 404 1
320 497 1
320 526 1
320 587 1
320 685 1
320 771 1
320 773 1
320 779 1
320 792 1
320 816 1
320 899 1
320 922 1
320 995 1
320 1018 1
320 1021 1
320 1109 1
320 1165 1
320 1176 1
320 1207 1
320 1338 1
320 1371 1
320 1449 1
320 1528 1
320 1548 1
320 1613 1
320 1688 1
320 1777 1
320 1797 1
320 1869 1
320 1891 1
321 375 1
321 491 1
321 503 1
321 563 1
321 580 1
321 634 1
321 657 1
321 673 1
321 676 1
321 737 1
321 766 1
321 794 1
321 909 1
321 921 1
321 964 1
321 1020 1
321 1135 1
321 1215 1
321 1231 1
321 1330 1
321 1373 1
321 1398 1
321 1437 1
321 1450 1
321 1486 1
321 1505 1
321 1506 1
321 1563 1
321 1568 1
321 1578 1
321 1586 1
321 1742 1
321 1780 1
321 1781 1
321 1804 1
321 1839 1
321 1844 1
321 1861 1
321 1881 1
321 1901 1
321 1936 1
322 353 1
322 427 1
322 457 1
322 479 1
322 500 1
322 562 1
322 615 1
322 657 1
322 771 1
322 781 1
322 820 1
322 832 1
322 833 1
322 851 1
322 934 1
322 937 1
322 944 1
322 1046 1
322 1078 1
322 1079 1
322 1108 1
322 1140 1
322 1198 1
322 1238 1
322 1331 1
322 1351 1
322 1392 1
322 1394 1
322 1474 1
322 1484 1
322 1510 1
322 1547 1
322 1608 1
322 1633 1
322 1648 1
322 1654 1
322 1666 1
322 1678 1
322 1701 1
322 1715 1
322 1756 1
322 1778 1
322 1782 1
322 1820 1
322 1847 1
322 1921 1
322 1951 1
323 385 1
323 399 1
323 437 1
323 447 1
323 482 1
323 486 1
323 501 1
323 564 1
323 569 1
323 632 1
323 660 1
323 680 1
323 744 1
323 845 1
323 861 1
323 892 1
323 921 1
323 980 1
323 1003 1
323 1112 1
323 1129 1
323 1136 1
323 1191 1
323 1274 1
323 1284 1
323 1326 1
323 1368 1
323 1390 1
323 1392 1
323 1450 1
323 1471 1
323 1476 1
323 1482 1
323 1524 1
323 1533 1
323 1575 1
323 1583 1
323 1595 1
323 1665 1
323 1668 1
323 1682 1
323 1694 1
323 1700 1
323 1895 1
323 1941 1
323 1943 1
323 1968 1
324 336 1
324 362 1
324 472 1
324 503 1
324 552 1
324 657 1
324 754 1
324 764 1
324 788 1
324 790 1
324 806 1
324 912 1
324 987 1
324 1026 1
324 1046 1
324 1056 1
324 1073 1
324 1109 1
324 1215 1
324 1230 1
324 1267 1
324 1346 1
324 1408 1
324 1477 1
324 1505 1
324 1535 1
324 1537 1
324 1558 1
324 1612 1
324 1619 1
324 1668 1
324 1737 1
324 1848 1
324 1939 1
325 335 1
325 371 1
325 383 1
325 467 1
325 484 1
325 485 1
325 506 1
325 552 1
325 596 1
325 631 1
325 683 1
325 791 1
325 838 1
325 909 1
325 961 1
325 995 1
325 1045 1
325 1084 1
325 1091 1
325 1140 1
325 1205 1
325 1239 1
325 1255 1
325 1295 1
325 1310 1
325 1430 1
325 1434 1
325 1517 1
325 1575 1
325 1647 1
325 1703 1
325 1741 1
325 1761 1
325 1864 1
325 1890 1
325 1895 1
325 1940 1
325 1961 1
326 391 1
326 408 1
326 425 1
326 457 1
326 595 1
326 618 1
326 636 1
326 754 1
326 775 1
326 800 1
326 873 1
326 910 1
326 919 1
326 930 1
326 943 1
326 945 1
326 980 1
326 1088 1
326 1102 1
326 1122 1
326 1125 1
326 1131 1
326 1153 1
326 1159 1
326 1318 1
326 1328 1
326 1448 1
326 1542 1
326 1649 1
326 1676 1
326 1685 1
326 1695 1
326 1764 1
326 1769 1
326 1793 1
326 1796 1
326 1818 1
326 1896 1
326 1908 1
326 1934 1
326 1938 1
327 330 1
327 346 1
327 350 1
327 376 1
327 399 1
327 421 1
327 452 1
327 459 1
327 490 1
327 521 1
327 552 1
327 575 1
327 584 1
327 615 1
327 630 1
327 644 1
327 676 1
327 704 1
327 776 1
327 854 1
327 916 1
327 967 1
327 977 1
327 1025 1
327 1063 1
327 1071 1
327 1220 1
327 1381 1
327 1411 1
327 1461 1
327 1498 1
327 1526 1
327 1536 1
327 1571 1
327 1576 1
327 1665 1
327 1720 1
327 1725 1
327 1796 1
327 1807 1
327 1823 1
327 1836 1
327 1913 1
327 1924 1
327 1943 1
327 1963 1
328 337 1
328 346 1
328 347 1
328 437 1
328 443 1
328 460 1
328 475 1
328 488 1
328 525 1
328 544 1
328 694 1
328 702 1
328 769 1
328 770 1
328 792 1
328 793 1
328 986 1
328 1024 1
328 1058 1
328 1208 1
328 1219 1
328 1223 1
328 1242 1
328 1270 1
328 1355 1
328 1379 1
328 1386 1
328 1503 1
328 1609 1
328 1611 1
328 1662 1
328 1711 1
328 1731 1
328 1750 1
328 1759 1
328 1769 1
328 1982 1
329 341 1
329 363 1
329 380 1
329 383 1
329 404 1
329 518 1
329 530 1
329 536 1
329 593 1
329 690 1
329 765 1
329 773 1
329 779 1
329 789 1
329 793 1
329 956 1
329 993 1
329 1032 1
329 1134 1
329 1138 1
329 1152 1
329 1169 1
329 1196 1
329 1206 1
329 1223 1
329 1247 1
329 1254 1
329 1266 1
329 1273 1
329 1367 1
329 1390 1
329 1467 1
329 1569 1
329 1652 1
329 1692 1
329 1703 1
329 1713 1
329 1729 1
329 1748 1
329 1884 1
329 1948 1
329 1955 1
330 393 1
330 410 1
330 425 1
330 437 1
330 441 1
330 478 1
330 487 1
330 499 1
330 514 1
330 533 1
330 544 1
330 572 1
330 623 1
330 724 1
330 796 1
330 802 1
330 821 1
330 834 1
330 865 1
330 879 1
330 890 1
330 1009 1
330 1060 1
330 1129 1
330 1183 1
330 1185 1
330 1236 1
330 1267 1
330 1345 1
330 1346 1
330 1387 1
330 1449 1
330 1463 1
330 1514 1
330 1568 1
330 1604 1
330 1653 1
330 1656 1
330 1659 1
330 1809 1
330 1934 1
331 337 1
331 454 1
331 503 1
331 506 1
331 527 1
331 528 1
331 550 1
331 567 1
331 602 1
331 603 1
331 663 1
331 711 1
331 791 1
331 854 1
331 961 1
331 1027 1
331 1029 1
331 1095 1
331 1104 1
331 1113 1
331 1130 1
331 1223 1
331 1259 1
331 1306 1
331 1370 1
331 1375 1
331 1377 1
331 1384 1
331 1424 1
331 1527 1
331 1531 1
331 1569 1
331 1606 1
331 1626 1
331 1675 1
331 1679 1
331 1792 1
331 1813 1
331 1874 1
331 1974 1
332 390 1
332 418 1
332 422 1
332 424 1
332 510 1
332 525 1
332 532 1
332 542 1
332 658 1
332 665 1
332 751 1
332 797 1
332 856 1
332 933 1
332 957 1
332 994 1
332 1146 1
332 1173 1
332 1204 1
332 1344 1
332 1354 1
332 1362 1
332 1379 1
332 1394 1
332 1446 1
332 1454 1
332 1456 1
332 1503 1
332 1528 1
332 1553 1
332 1554 1
332 1575 1
332 1581 1
332 1583 1
332 1600 1
332 1608 1
332 1617 1
332 1678 1
332 1744 1
332 1776 1
332 1834 1
332 1847 1
332 1898 1
332 1901 1
332 1964 1
332 1980 1
333 350 1
333 375 1
333 381 1
333 401 1
333 485 1
333 509 1
333 533 1
333 542 1
333 584 1
333 594 1
333 701 1
333 792 1
333 852 1
333 898 1
333 969 1
333 1089 1
333 1168 1
333 1205 1
333 1212 1
333 1243 1
333 1254 1
333 1382 1
333 1452 1
333 1453 1
333 1458 1
333 1473 1
333 1491 1
333 1560 1
333 1572 1
333 1609 1
333 1653 1
333 1710 1
333 1754 1
333 1777 1
333 1780 1
333 1819 1
334 376 1
334 422 1
334 444 1
334 472 1
334 523 1
334 540 1
334 560 1
334 565 1
334 667 1
334 734 1
334 763 1
334 767 1
334 776 1
334 795 1
334 844 1
334 846 1
334 937 1
334 973 1
334 981 1
334 1010 1
334 1086 1
334 1087 1
334 1157 1
334 1198 1
334 1209 1
334 1212 1
334 1312 1
334 1335 1
334 1364 1
334 1372 1
334 1404 1
334 1481 1
334 1605 1
334 1624 1
334 1671 1
334 1707 1
334 1784 1
334 1812 1
334 1836 1
334 1862 1
334 1872 1
334 1875 1
334 1926 1
334 1982 1
334 1989 1
335 368 1
335 381 1
335 501 1
335 617 1
335 626 1
335 696 1
335 797 1
335 817 1
335 863 1
335 886 1
335 1021 1
335 1059 1
335 1124 1
335 1162 1
335 1231 1
335 1246 1
335 1248 1
335 1257 1
335 1260 1
335 1298 1
335 1317 1
335 1322 1
335 1325 1
335 1341 1
335 1554 1
335 1559 1
335 1693 1
335 1709 1
335 1737 1
335 1754 1
335 1815 1
335 1827 1
335 1877 1
335 1981 1
335 1989 1
336 346 1
336 347 1
336 490 1
336 499 1
336 507 1
336 699 1
336 722 1
336 738 1
336 761 1
336 785 1
336 839 1
336 948 1
336 969 1
336 975 1
336 1006 1
336 1036 1
336 1044 1
336 1092 1
336 1126 1
336 1137 1
336 1184 1
336 1207 1
336 1228 1
336 1271 1
336 1364 1
336 1426 1
336 1539 1
336 1548 1
336 1559 1
336 1606 1
336 1645 1
336 1691 1
336 1731 1
336 1834 1
336 1843 1
336 1967 1
337 392 1
337 412 1
337 417 1
337 421 1
337 436 1
337 470 1
337 570 1
337 580 1
337 623 1
337 640 1
337 750 1
337 755 1
337 875 1
337 885 1
337 907 1
337 916 1
337 946 1
337 1005 1
337 1033 1
337 1041 1
337 1052 1
337 1073 1
337 1082 1
337 1162 1
337 1184 1
337 1195 1
337 1243 1
337 1251 1
337 1256 1
337 1272 1
337 1286 1
337 1336 1
337 1382 1
337 1397 1
337 1407 1
337 1412 1
337 1444 1
337 1484 1
337 1486 1
337 1510 1
337 1555 1
337 1910 1
337 1915 1
337 1936 1
337 1962 1
337 1973 1
338 339 1
338 390 1
338 508 1
338 516 1
338 529 1
338 546 1
338 567 1
338 575 1
338 578 1
338 641 1
338 682 1
338 730 1
338 735 1
338 777 1
338 843 1
338 882 1
338 951 1
338 966 1
338 1012 1
338 1014 1
338 1035 1
338 1126 1
338 1153 1
338 1259 1
338 1303 1
338 1473 1
338 1480 1
338 1501 1
338 1524 1
338 1575 1
338 1664 1
338 1682 1
338 1697 1
338 1712 1
338 1716 1
338 1765 1
338 1775 1
338 1782 1
338 1816 1
338 1861 1
338 1897 1
338 1911 1
338 1924 1
338 1965 1
339 390 1
339 405 1
339 457 1
339 508 1
339 572 1
339 631 1
339 696 1
339 749 1
339 768 1
339 785 1
339 830 1
339 891 1
339 943 1
339 1005 1
339 1012 1
339 1043 1
339 1099 1
339 1115 1
339 1237 1
339 1304 1
339 1312 1
339 1354 1
339 1372 1
339 1415 1
339 1474 1
339 1498 1
339 1519 1
339 1525 1
339 1545 1
339 1653 1
339 1658 1
339 1745 1
339 1897 1
339 1939 1
340 399 1
340 400 1
340 453 1
340 459 1
340 482 1
340 486 1
340 581 1
340 588 1
340 613 1
340 622 1
340 739 1
340 757 1
340 767 1
340 791 1
340 853 1
340 987 1
340 1040 1
340 1044 1
340 1126 1
340 1142 1
340 1183 1
340 1189 1
340 1230 1
340 1281 1
340 1282 1
340 1292 1
340 1355 1
340 1385 1
340 1395 1
340 1452 1
340 1499 1
340 1516 1
340 1559 1
340 1576 1
340 1633 1
340 1671 1
340 1705 1
340 1736 1
340 1756 1
340 1857 1
340 1866 1
340 1962 1
340 1967 1
340 1992 1
341 437 1
341 473 1
341 529 1
341 539 1
341 547 1
341 579 1
341 582 1
341 597 1
341 604 1
341 659 1
341 684 1
341 688 1
341 793 1
341 818 1
341 837 1
341 839 1
341 933 1
341 935 1
341 936 1
341 1041 1
341 1068 1
341 1116 1
341 1142 1
341 1147 1
341 1170 1
341 1177 1
341 1236 1
341 1241 1
341 1256 1
341 1292 1
341 1313 1
341 1344 1
341 1353 1
341 1360 1
341 1388 1
341 1476 1
341 1534 1
341 1568 1
341 1618 1
341 1661 1
341 1690 1
341 1694 1
341 1731 1
341 1866 1
341 1895 1
341 1904 1
341 1905 1
341 1949 1
342 345 1
342 348 1
342 450 1
342 485 1
342 490 1
342 658 1
342 699 1
342 704 1
342 706 1
342 715 1
342 738 1
342 779 1
342 919 1
342 927 1
342 941 1
342 943 1
342 965 1
342 970 1
342 973 1
342 1000 1
342 1044 1
342 1111 1
342 1156 1
342 1169 1
342 1181 1
342 1337 1
342 1433 1
342 1461 1
342 1486 1
342 1502 1
342 1508 1
342 1617 1
342 1630 1
342 1674 1
342 1719 1
342 1793 1
342 1848 1
342 1878 1
342 1945 1
342 1954 1
342 1956 1
343 443 1
343 487 1
343 576 1
343 675 1
343 709 1
343 823 1
343 893 1
343 913 1
343 952 1
343 983 1
343 1023 1
343 1027 1
343 1177 1
343 1208 1
343 1210 1
343 1216 1
343 1245 1
343 1276 1
343 1355 1
343 1492 1
343 1538 1
343 1666 1
343 1680 1
343 1782 1
343 1849 1
343 1854 1
343 1864 1
343 1868 1
343 1872 1
343 1893 1
343 1954 1
343 1989 1
343 1994 1
344 350 1
344 362 1
344 392 1
344 418 1
344 440 1
344 491 1
344 509 1
344 543 1
344 644 1
344 700 1
344 702 1
344 731 1
344 748 1
344 764 1
344 821 1
344 990 1
344 1029 1
344 1050 1
344 1055 1
344 1226 1
344 1254 1
344 1266 1
344 1279 1
344 1286 1
344 1294 1
344 1313 1
344 1383 1
344 1406 1
344 1443 1
344 1483 1
344 1491 1
344 1504 1
344 1509 1
344 1522 1
344 1545 1
344 1569 1
344 1668 1
344 1696 1
344 1719 1
344 1750 1
344 1830 1
344 1842 1
344 1877 1
344 1941 1
344 1972 1
344 1987 1
345 362 1
345 371 1
345 420 1
345 422 1
345 467 1
345 482 1
345 505 1
345 564 1
345 571 1
345 591 1
345 614 1
345 626 1
345 634 1
345 828 1
345 1049 1
345 1056 1
345 1163 1
345 1173 1
345 1201 1
345 1254 1
345 1355 1
345 1434 1
345 1452 1
345 1484 1
345 1523 1
345 1560 1
345 1564 1
345 1588 1
345 1620 1
345 1649 1
345 1663 1
345 1716 1
345 1829 1
345 1841 1
345 1848 1
345 1932 1
345 1969 1
345 1992 1
346 386 1
346 413 1
346 435 1
346 476 1
346 520 1
346 555 1
346 585 1
346 591 1
346 622 1
346 672 1
346 690 1
346 711 1
346 724 1
346 766 1
346 882 1
346 934 1
346 982 1
346 1010 1
346 1014 1
346 1018 1
346 1074 1
346 1098 1
346 1131 1
346 1137 1
346 1140 1
346 1171 1
346 1210 1
346 1234 1
346 1255 1
346 1314 1
346 1339 1
346 1402 1
346 1440 1
346 1448 1
346 1480 1
346 1522 1
346 1709 1
346 1712 1
346 1722 1
346 1735 1
346 1742 1
346 1748 1
346 1795 1
346 1926 1
346 1944 1
347 399 1
347 400 1
347 515 1
347 552 1
347 563 1
347 589 1
347 603 1
347 619 1
347 777 1
347 798 1
347 800 1
347 807 1
347 812 1
347 851 1
347 893 1
347 996 1
347 1046 1
347 1082 1
347 1084 1
347 1096 1
347 1153 1
347 1157 1
347 1169 1
347 1207 1
347 1208 1
347 1274 1
347 1282 1
347 1348 1
347 1438 1
347 1448 1
347 1511 1
347 1569 1
347 1671 1
347 1736 1
347 1791 1
347 1793 1
347 1802 1
347 1826 1
347 1954 1
348 365 1
348 533 1
348 560 1
348 587 1
348 601 1
348 607 1
348 635 1
348 642 1
348 662 1
348 676 1
348 797 1
348 804 1
348 860 1
348 886 1
348 908 1
348 918 1
348 949 1
348 970 1
348 1023 1
348 1036 1
348 1080 1
348 1098 1
348 1116 1
348 1148 1
348 1172 1
348 1175 1
348 1206 1
348 1256 1
348 1327 1
348 1358 1
348 1448 1
348 1464 1
348 1507 1
348 1525 1
348 1533 1
348 1550 1
348 1576 1
348 1615 1
348 1695 1
348 1776 1
348 1889 1
348 1924 1
348 1968 1
348 1982 1
349 525 1
349 535 1
349 543 1
349 616 1
349 658 1
349 723 1
349 725 1
349 780 1
349 786 1
349 802 1
349 846 1
349 912 1
349 1024 1
349 1057 1
349 1094 1
349 1099 1
349 1408 1
349 1436 1
349 1443 1
349 1469 1
349 1501 1
349 1507 1
349 1508 1
349 1537 1
349 1593 1
349 1755 1
349 1774 1
349 1780 1
349 1792 1
349 1802 1
349 1814 1
349 1939 1
349 1974 1
349 1990 1
350 361 1
350 429 1
350 441 1
350 647 1
350 659 1
350 735 1
350 803 1
350 814 1
350 861 1
350 1038 1
350 1071 1
350 1079 1
350 1103 1
350 1116 1
350 1124 1
350 1165 1
350 1261 1
350 1318 1
350 1331 1
350 1349 1
350 1367 1
350 1436 1
350 1544 1
350 1558 1
350 1559 1
350 1571 1
350 1644 1
350 1659 1
350 1677 1
350 1702 1
350 1704 1
350 1773 1
350 1818 1
350 1843 1
350 1858 1
350 1937 1
350 1960 1
350 1976 1
351 369 1
351 370 1
351 448 1
351 452 1
351 488 1
351 619 1
351 634 1
351 700 1
351 712 1
351 810 1
351 847 1
351 851 1
351 858 1
351 868 1
351 901 1
351 942 1
351 947 1
351 1018 1
351 1051 1
351 1082 1
351 1105 1
351 1124 1
351 1161 1
351 1210 1
351 1225 1
351 1279 1
351 1295 1
351 1341 1
351 1382 1
351 1505 1
351 1534 1
351 1547 1
351 1566 1
351 1591 1
351 1627 1
351 1635 1
351 1650 1
351 1662 1
351 1788 1
351 1819 1
351 1841 1
351 1845 1
351 1877 1
351 1904 1
351 1906 1
351 1963 1
352 485 1
352 595 1
352 609 1
352 685 1
352 715 1
352 731 1
352 775 1
352 803 1
352 809 1
352 815 1
352 834 1
352 921 1
352 1026 1
352 1077 1
352 1214 1
352 1236 1
352 1242 1
352 1255 1
352 1314 1
352 1357 1
352 1370 1
352 1381 1
352 1417 1
352 1437 1
352 1500 1
352 1523 1
352 1528 1
352 1586 1
352 1643 1
352 1648 1
352 1667 1
352 1690 1
352 1712 1
352 1822 1
352 1824 1
352 1828 1
352 1841 1
352 1857 1
352 1859 1
352 1903 1
352 1909 1
352 1914 1
352 1957 1
352 1989 1
353 416 1
353 425 1
353 499 1
353 571 1
353 587 1
353 617 1
353 633 1
353 650 1
353 692 1
353 779 1
353 816 1
353 819 1
353 875 1
353 983 1
353 1005 1
353 1023 1
353 1053 1
353 1080 1
353 1136 1
353 1153 1
353 1220 1
353 1244 1
353 1253 1
353 1312 1
353 1338 1
353 1363 1
353 1379 1
353 1498 1
353 1506 1
353 1570 1
353 1603 1
353 1633 1
353 1650 1
353 1691 1
353 1709 1
353 1722 1
353 1773 1
353 1853 1
353 1875 1
353 1951 1
353 1987 1
354 480 1
354 611 1
354 619 1
354 676 1
354 710 1
354 755 1
354 782 1
354 829 1
354 843 1
354 895 1
354 901 1
354 943 1
354 1067 1
354 1147 1
354 1153 1
354 1163 1
354 1165 1
354 1173 1
354 1289 1
354 1354 1
354 1407 1
354 1432 1
354 1459 1
354 1574 1
354 1582 1
354 1608 1
354 1699 1
354 1731 1
354 1844 1
354 1845 1
354 1855 1
354 1950 1
354 1973 1
354 1997 1
355 389 1
355 413 1
355 487 1
355 499 1
355 503 1
355 511 1
355 526 1
355 553 1
355 572 1
355 609 1
355 617 1
355 865 1
355 872 1
355 902 1
355 909 1
355 946 1
355 1053 1
355 1106 1
355 1131 1
355 1188 1
355 1202 1
355 1342 1
355 1401 1
355 1416 1
355 1423 1
355 1449 1
355 1526 1
355 1531 1
355 1567 1
355 1569 1
355 1573 1
355 1650 1
355 1745 1
355 1795 1
355 1803 1
355 1819 1
355 1901 1
355 1957 1
356 359 1
356 439 1
356 454 1
356 623 1
356 651 1
356 737 1
356 740 1
356 751 1
356 779 1
356 898 1
356 970 1
356 1017 1
356 1112 1
356 1125 1
356 1129 1
356 1230 1
356 1257 1
356 1284 1
356 1288 1
356 1330 1
356 1352 1
356 1365 1
356 1375 1
356 1407 1
356 1429 1
356 1483 1
356 1522 1
356 1578 1
356 1604 1
356 1621 1
356 1625 1
356 1689 1
356 1722 1
356 1723 1
356 1728 1
356 1779 1
356 1805 1
356 1821 1
356 1824 1
356 1867 1
356 1868 1
356 1873 1
356 1887 1
356 1977 1
356 1986 1
357 363 1
357 381 1
357 405 1
357 441 1
357 449 1
357 546 1
357 556 1
357 592 1
357 609 1
357 675 1
357 680 1
357 749 1
357 782 1
357 792 1
357 817 1
357 920 1
357 940 1
357 1008 1
357 1013 1
357 1017 1
357 1029 1
357 1072 1
357 1084 1
357 1155 1
357 1252 1
357 1262 1
357 1321 1
357 1369 1
357 1379 1
357 1519 1
357 1767 1
357 1911 1
357 1961 1
357 1963 1
358 380 1
358 417 1
358 435 1
358 452 1
358 507 1
358 557 1
358 570 1
358 622 1
358 629 1
358 645 1
358 714 1
358 749 1
358 776 1
358 833 1
358 914 1
358 967 1
358 1045 1
358 1109 1
358 1137 1
358 1148 1
358 1156 1
358 1157 1
358 1204 1
358 1288 1
358 1317 1
358 1463 1
358 1473 1
358 1490 1
358 1508 1
358 1573 1
358 1585 1
358 1589 1
358 1668 1
358 1684 1
358 1691 1
358 1712 1
358 1804 1
358 1863 1
358 1918 1
358 1945 1
358 1968 1
358 1974 1
358 1988 1
358 1990 1
359 380 1
359 388 1
359 392 1
359 400 1
359 490 1
359 594 1
359 608 1
359 729 1
359 897 1
359 905 1
359 986 1
359 1005 1
359 1201 1
359 1280 1
359 1350 1
359 1363 1
359 1451 1
359 1537 1
359 1569 1
359 1603 1
359 1656 1
359 1672 1
359 1685 1
359 1686 1
359 1829 1
359 1903 1
359 1982 1
360 391 1
360 404 1
360 408 1
360 465 1
360 479 1
360 536 1
360 578 1
360 590 1
360 593 1
360 610 1
360 628 1
360 658 1
360 660 1
360 734 1
360 739 1
360 752 1
360 862 1
360 871 1
360 889 1
360 918 1
360 947 1
360 973 1
360 1078 1
360 1106 1
360 1134 1
360 1155 1
360 1157 1
360 1228 1
360 1258 1
360 1330 1
360 1351 1
360 1369 1
360 1471 1
360 1480 1
360 1544 1
360 1803 1
360 1814 1
360 1821 1
360 1860 1
360 1893 1
360 1941 1
360 1951 1
360 1959 1
361 450 1
361 490 1
361 496 1
361 510 1
361 524 1
361 527 1
361 564 1
361 628 1
361 631 1
361 644 1
361 658 1
361 699 1
361 710 1
361 718 1
361 809 1
361 815 1
361 818 1
361 828 1
361 844 1
361 853 1
361 888 1
361 907 1
361 916 1
361 1080 1
361 1088 1
361 1092 1
361 1125 1
361 1131 1
361 1191 1
361 1192 1
361 1267 1
361 1313 1
361 1324 1
361 1336 1
361 1419 1
361 1521 1
361 1529 1
361 1545 1
361 1562 1
361 1567 1
361 1606 1
361 1662 1
361 1692 1
361 1694 1
361 1706 1
361 1709 1
361 1727 1
361 1743 1
361 1839 1
361 1844 1
361 1883 1
361 1906 1
361 1925 1
361 1978 1
362 376 1
362 396 1
362 401 1
362 449 1
362 496 1
362 522 1
362 762 1
362 837 1
362 845 1
362 857 1
362 937 1
362 1011 1
362 1037 1
362 1043 1
362 1052 1
362 1132 1
362 1145 1
362 1183 1
362 1197 1
362 1246 1
362 1281 1
362 1381 1
362 1419 1
362 1445 1
362 1552 1
362 1625 1
362 1640 1
362 1740 1
362 1746 1
362 1805 1
362 1835 1
362 1895 1
362 1901 1
362 1929 1
363 383 1
363 385 1
363 400 1
363 434 1
363 440 1
363 447 1
363 471 1
363 567 1
363 610 1
363 718 1
363 763 1
363 813 1
363 818 1
363 849 1
363 942 1
363 946 1
363 948 1
363 1013 1
363 1077 1
363 1096 1
363 1118 1
363 1233 1
363 1236 1
363 1251 1
363 1320 1
363 1332 1
363 1382 1
363 1386 1
363 1418 1
363 1437 1
363 1474 1
363 1532 1
363 1536 1
363 1541 1
363 1596 1
363 1624 1
363 1690 1
363 1738 1
363 1906 1
363 1910 1
364 385 1
364 393 1
364 397 1
364 414 1
364 415 1
364 422 1
364 453 1
364 463 1
364 480 1
364 531 1
364 565 1
364 600 1
364 630 1
364 652 1
364 673 1
364 721 1
364 797 1
364 880 1
364 884 1
364 926 1
364 931 1
364 964 1
364 1038 1
364 1097 1
364 1154 1
364 1220 1
364 1224 1
364 1265 1
364 1299 1
364 1368 1
364 1515 1
364 1550 1
364 1705 1
364 1771 1
364 1839 1
364 1856 1
364 1941 1
365 444 1
365 449 1
365 509 1
365 565 1
365 626 1
365 667 1
365 675 1
365 708 1
365 767 1
365 803 1
365 882 1
365 943 1
365 986 1
365 1146 1
365 1199 1
365 1260 1
365 1284 1
365 1288 1
365 1293 1
365 1553 1
365 1564 1
365 1614 1
365 1663 1
365 1673 1
365 1820 1
365 1827 1
365 1850 1
365 1883 1
365 1911 1
365 1915 1
365 1950 1
365 1956 1
366 377 1
366 397 1
366 398 1
366 456 1
366 478 1
366 486 1
366 492 1
366 500 1
366 608 1
366 637 1
366 678 1
366 697 1
366 722 1
366 738 1
366 853 1
366 876 1
366 898 1
366 903 1
366 921 1
366 986 1
366 1000 1
366 1011 1
366 1049 1
366 1058 1
366 1059 1
366 1111 1
366 1221 1
366 1253 1
366 1254 1
366 1462 1
366 1541 1
366 1544 1
366 1584 1
366 1593 1
366 1595 1
366 1707 1
366 1763 1
366 1815 1
366 1837 1
366 1857 1
366 1863 1
366 1878 1
366 1940 1
366 1945 1
366 1975 1
367 429 1
367 438 1
367 458 1
367 486 1
367 487 1
367 492 1
367 502 1
367 544 1
367 551 1
367 584 1
367 624 1
367 661 1
367 665 1
367 672 1
367 704 1
367 763 1
367 781 1
367 820 1
367 845 1
367 847 1
367 880 1
367 962 1
367 1017 1
367 1056 1
367 1095 1
367 1098 1
367 1124 1
367 1136 1
367 1157 1
367 1158 1
367 1208 1
367 1230 1
367 1234 1
367 1284 1
367 1299 1
367 1308 1
367 1371 1
367 1397 1
367 1474 1
367 1509 1
367 1540 1
367 1747 1
367 1815 1
367 1906 1
367 1950 1
368 437 1
368 451 1
368 501 1
368 542 1
368 558 1
368 632 1
368 644 1
368 682 1
368 687 1
368 764 1
368 776 1
368 803 1
368 920 1
368 945 1
368 963 1
368 982 1
368 1001 1
368 1003 1
368 1039 1
368 1056 1
368 1071 1
368 1085 1
368 1158 1
368 1160 1
368 1186 1
368 1212 1
368 1272 1
368 1338 1
368 1343 1
368 1356 1
368 1367 1
368 1411 1
368 1434 1
368 1457 1
368 1477 1
368 1487 1
368 1555 1
368 1576 1
368 1634 1
368 1654 1
368 1692 1
368 1734 1
368 1757 1
368 1759 1
368 1764 1
368 1775 1
368 1791 1
368 1890 1
368 1896 1
368 1925 1
368 1977 1
368 1996 1
369 421 1
369 444 1
369 463 1
369 491 1
369 509 1
369 541 1
369 551 1
369 607 1
369 651 1
369 658 1
369 670 1
369 671 1
369 728 1
369 757 1
369 811 1
369 821 1
369 832 1
369 897 1
369 924 1
369 1028 1
369 1038 1
369 1077 1
369 1143 1
369 1158 1
369 1238 1
369 1419 1
369 1502 1
369 1534 1
369 1574 1
369 1634 1
369 1738 1
369 1751 1
369 1773 1
369 1938 1
369 1943 1
369 1954 1
369 1958 1
369 1988 1
370 388 1
370 452 1
370 459 1
370 541 1
370 551 1
370 571 1
370 586 1
370 634 1
370 635 1
370 681 1
370 847 1
370 884 1
370 900 1
370 927 1
370 1002 1
370 1040 1
370 1096 1
370 1211 1
370 1220 1
370 1241 1
370 1301 1
370 1376 1
370 1385 1
370 1440 1
370 1492 1
370 1505 1
370 1512 1
370 1541 1
370 1634 1
370 1668 1
370 1680 1
370 1736 1
370 1737 1
370 1758 1
370 1762 1
370 1786 1
370 1798 1
370 1837 1
370 1871 1
370 1910 1
370 1924 1
371 410 1
371 526 1
371 544 1
371 560 1
371 563 1
371 573 1
371 637 1
371 654 1
371 660 1
371 664 1
371 706 1
371 754 1
371 765 1
371 804 1
371 850 1
371 883 1
371 899 1
371 959 1
371 1003 1
371 1029 1
371 1141 1
371 1158 1
371 1176 1
371 1213 1
371 1235 1
371 1248 1
371 1271 1
371 1366 1
371 1391 1
371 1402 1
371 1467 1
371 1558 1
371 1559 1
371 1582 1
371 1679 1
371 1708 1
371 1727 1
371 1754 1
371 1771 1
371 1788 1
371 1897 1
371 1953 1
372 427 1
372 490 1
372 555 1
372 632 1
372 648 1
372 656 1
372 658 1
372 689 1
372 721 1
372 754 1
372 758 1
372 784 1
372 803 1
372 949 1
372 1142 1
372 1273 1
372 1330 1
372 1339 1
372 1368 1
372 1386 1
372 1409 1
372 1444 1
372 1468 1
372 1491 1
372 1543 1
372 1544 1
372 1554 1
372 1567 1
372 1622 1
372 1677 1
372 1721 1
372 1783 1
372 1926 1
372 1960 1
372 1988 1
373 398 1
373 468 1
373 483 1
373 522 1
373 540 1
373 546 1
373 597 1
373 619 1
373 756 1
373 765 1
373 800 1
373 802 1
373 830 1
373 900 1
373 932 1
373 937 1
373 1084 1
373 1090 1
373 1111 1
373 1148 1
373 1159 1
373 1167 1
373 1180 1
373 1182 1
373 1198 1
373 1229 1
373 1237 1
373 1257 1
373 1260 1
373 1283 1
373 1367 1
373 1456 1
373 1533 1
373 1566 1
373 1614 1
373 1675 1
373 1700 1
373 1723 1
373 1878 1
373 1901 1
374 405 1
374 482 1
374 598 1
374 608 1
374 627 1
374 670 1
374 731 1
374 733 1
374 790 1
374 791 1
374 898 1
374 921 1
374 996 1
374 1010 1
374 1016 1
374 1017 1
374 1110 1
374 1149 1
374 1161 1
374 1195 1
374 1251 1
374 1258 1
374 1269 1
374 1292 1
374 1316 1
374 1339 1
374 1343 1
374 1373 1
374 1422 1
374 1591 1
374 1789 1
374 1803 1
374 1893 1
374 1916 1
374 1921 1
375 387 1
375 392 1
375 396 1
375 398 1
375 403 1
375 417 1
375 421 1
375 454 1
375 499 1
375 534 1
375 561 1
375 594 1
375 623 1
375 626 1
375 680 1
375 819 1
375 879 1
375 947 1
375 977 1
375 1016 1
375 1018 1
375 1086 1
375 1097 1
375 1179 1
375 1274 1
375 1315 1
375 1332 1
375 1349 1
375 1408 1
375 1499 1
375 1535 1
375 1541 1
375 1584 1
375 1703 1
375 1768 1
375 1872 1
375 1925 1
375 1945 1
376 425 1
376 506 1
376 517 1
376 538 1
376 572 1
376 670 1
376 671 1
376 720 1
376 932 1
376 936 1
376 976 1
376 1043 1
376 1045 1
376 1106 1
376 1152 1
376 1155 1
376 1340 1
376 1351 1
376 1359 1
376 1375 1
376 1415 1
376 1485 1
376 1486 1
376 1497 1
376 1575 1
376 1587 1
376 1711 1
376 1719 1
376 1726 1
376 1795 1
376 1799 1
376 1849 1
376 1923 1
376 1928 1
376 1969 1
376 1970 1
377 444 1
377 445 1
377 476 1
377 481 1
377 524 1
377 539 1
377 601 1
377 632 1
377 653 1
377 717 1
377 731 1
377 768 1
377 829 1
377 886 1
377 940 1
377 1038 1
377 1112 1
377 1170 1
377 1173 1
377 1182 1
377 1282 1
377 1309 1
377 1341 1
377 1401 1
377 1410 1
377 1420 1
377 1430 1
377 1449 1
377 1517 1
377 1534 1
377 1537 1
377 1550 1
377 1575 1
377 1626 1
377 1750 1
377 1784 1
377 1801 1
377 1815 1
377 1819 1
377 1855 1
377 1861 1
377 1936 1
377 1957 1
378 379 1
378 414 1
378 458 1
378 493 1
378 537 1
378 552 1
378 627 1
378 636 1
378 750 1
378 759 1
378 760 1
378 802 1
378 814 1
378 871 1
378 995 1
378 999 1
378 1061 1
378 1158 1
378 1183 1
378 1189 1
378 1204 1
378 1254 1
378 1263 1
378 1287 1
378 1309 1
378 1326 1
378 1386 1
378 1399 1
378 1479 1
378 1521 1
378 1560 1
378 1566 1
378 1665 1
378 1686 1
378 1711 1
378 1718 1
378 1793 1
378 1873 1
378 1938 1
378 1971 1
379 409 1
379 462 1
379 500 1
379 522 1
379 603 1
379 646 1
379 649 1
379 734 1
379 761 1
379 794 1
379 811 1
379 885 1
379 988 1
379 1004 1
379 1021 1
379 1044 1
379 1070 1
379 1095 1
379 1257 1
379 1332 1
379 1342 1
379 1420 1
379 1439 1
379 1496 1
379 1505 1
379 1533 1
379 1544 1
379 1597 1
379 1602 1
379 1629 1
379 1649 1
379 1824 1
379 1858 1
379 1884 1
379 1892 1
379 1982 1
380 405 1
380 412 1
380 534 1
380 545 1
380 554 1
380 617 1
380 672 1
380 712 1
380 867 1
380 880 1
380 909 1
380 956 1
380 983 1
380 993 1
380 1045 1
380 1062 1
380 1087 1
380 1122 1
380 1151 1
380 1181 1
380 1232 1
380 1272 1
380 1354 1
380 1379 1
380 1467 1
380 1516 1
380 1555 1
380 1563 1
380 1569 1
380 1576 1
380 1582 1
380 1610 1
380 1655 1
380 1720 1
380 1737 1
380 1745 1
380 1766 1
380 1839 1
380 1882 1
380 1883 1
381 430 1
381 524 1
381 528 1
381 559 1
381 625 1
381 678 1
381 689 1
381 741 1
381 803 1
381 805 1
381 848 1
381 885 1
381 959 1
381 1052 1
381 1066 1
381 1081 1
381 1127 1
381 1187 1
381 1201 1
381 1229 1
381 1280 1
381 1435 1
381 1519 1
381 1598 1
381 1599 1
381 1613 1
381 1632 1
381 1704 1
381 1726 1
381 1727 1
381 1744 1
381 1766 1
381 1837 1
381 1843 1
381 1913 1
381 1942 1
382 400 1
382 435 1
382 440 1
382 455 1
382 532 1
382 570 1
382 616 1
382 704 1
382 726 1
382 779 1
382 817 1
382 823 1
382 852 1
382 968 1
382 1020 1
382 1058 1
382 1064 1
382 1074 1
382 1102 1
382 1114 1
382 1121 1
382 1186 1
382 1230 1
382 1248 1
382 1260 1
382 1333 1
382 1403 1
382 1425 1
382 1500 1
382 1526 1
382 1587 1
382 1605 1
382 1635 1
382 1648 1
382 1688 1
382 1724 1
382 1790 1
382 1802 1
382 1827 1
382 1828 1
382 1851 1
382 1918 1
382 1940 1
382 1993 1
383 454 1
383 500 1
383 504 1
383 505 1
383 533 1
383 574 1
383 590 1
383 667 1
383 706 1
383 779 1
383 785 1
383 804 1
383 877 1
383 940 1
383 967 1
383 1006 1
383 1105 1
383 1186 1
383 1197 1
383 1220 1
383 1240 1
383 1254 1
383 1307 1
383 1394 1
383 1396 1
383 1406 1
383 1412 1
383 1482 1
383 1589 1
383 1617 1
383 1630 1
383 1666 1
383 1718 1
383 1722 1
383 1771 1
383 1802 1
383 1809 1
383 1886 1
383 1898 1
383 1902 1
383 1924 1
383 1982 1
384 404 1
384 418 1
384 486 1
384 495 1
384 505 1
384 508 1
384 560 1
384 565 1
384 597 1
384 609 1
384 622 1
384 655 1
384 722 1
384 741 1
384 753 1
384 805 1
384 895 1
384 947 1
384 988 1
384 1058 1
384 1061 1
384 1096 1
384 1245 1
384 1255 1
384 1264 1
384 1345 1
384 1378 1
384 1413 1
384 1471 1
384 1477 1
384 1480 1
384 1491 1
384 1519 1
384 1546 1
384 1584 1
384 1659 1
384 1684 1
384 1715 1
384 1718 1
384 1734 1
384 1790 1
384 1801 1
384 1805 1
384 1904 1
384 1944 1
384 1956 1
384 1973 1
384 1976 1
385 393 1
385 420 1
385 437 1
385 483 1
385 525 1
385 591 1
385 682 1
385 764 1
385 765 1
385 774 1
385 916 1
385 973 1
385 1075 1
385 1111 1
385 1143 1
385 1159 1
385 1203 1
385 1210 1
385 1219 1
385 1286 1
385 1297 1
385 1316 1
385 1321 1
385 1323 1
385 1344 1
385 1443 1
385 1444 1
385 1451 1
385 1595 1
385 1671 1
385 1732 1
385 1751 1
385 1756 1
385 1773 1
385 1800 1
385 1819 1
385 1929 1
385 1966 1
385 1977 1
385 1998 1
386 397 1
386 425 1
386 433 1
386 511 1
386 589 1
386 617 1
386 705 1
386 736 1
386 822 1
386 830 1
386 831 1
386 867 1
386 958 1
386 1009 1
386 1108 1
386 1118 1
386 1166 1
386 1168 1
386 1169 1
386 1217 1
386 1250 1
386 1284 1
386 1335 1
386 1338 1
386 1357 1
386 1363 1
386 1390 1
386 1408 1
386 1462 1
386 1486 1
386 1550 1
386 1597 1
386 1601 1
386 1646 1
386 1771 1
386 1776 1
386 1790 1
386 1842 1
386 1903 1
386 1920 1
386 1980 1
387 419 1
387 431 1
387 452 1
387 458 1
387 475 1
387 532 1
387 583 1
387 604 1
387 614 1
387 635 1
387 685 1
387 796 1
387 844 1
387 858 1
387 869 1
387 881 1
387 937 1
387 938 1
387 972 1
387 1072 1
387 1100 1
387 1181 1
387 1209 1
387 1223 1
387 1242 1
387 1250 1
387 1293 1
387 1326 1
387 1335 1
387 1438 1
387 1538 1
387 1609 1
387 1644 1
387 1687 1
387 1803 1
387 1823 1
387 1851 1
387 1886 1
387 1931 1
387 1967 1
387 1978 1
388 395 1
388 415 1
388 444 1
388 562 1
388 570 1
388 605 1
388 660 1
388 714 1
388 744 1
388 812 1
388 869 1
388 895 1
388 920 1
388 987 1
388 998 1
388 1072 1
388 1200 1
388 1223 1
388 1269 1
388 1297 1
388 1312 1
388 1313 1
388 1367 1
388 1370 1
388 1517 1
388 1631 1
388 1637 1
388 1666 1
388 1674 1
388 1723 1
388 1735 1
388 1763 1
388 1800 1
388 1819 1
388 1856 1
388 1900 1
388 1928 1
388 1945 1
388 1978 1
389 397 1
389 433 1
389 469 1
389 483 1
389 509 1
389 513 1
389 523 1
389 584 1
389 632 1
389 635 1
389 644 1
389 731 1
389 764 1
389 836 1
389 871 1
389 1080 1
389 1105 1
389 1115 1
389 1142 1
389 1174 1
389 1188 1
389 1199 1
389 1205 1
389 1226 1
389 1341 1
389 1347 1
389 1379 1
389 1394 1
389 1398 1
389 1519 1
389 1521 1
389 1582 1
389 1608 1
389 1654 1
389 1666 1
389 1673 1
389 1744 1
389 1983 1
390 535 1
390 597 1
390 622 1
390 656 1
390 661 1
390 670 1
390 682 1
390 689 1
390 741 1
390 778 1
390 789 1
390 851 1
390 964 1
390 1023 1
390 1061 1
390 1065 1
390 1113 1
390 1250 1
390 1260 1
390 1264 1
390 1293 1
390 1333 1
390 1344 1
390 1382 1
390 1439 1
390 1452 1
390 1555 1
390 1609 1
390 1747 1
390 1754 1
390 1797 1
390 1841 1
390 1851 1
390 1856 1
390 1929 1
390 1947 1
390 1954 1
390 1968 1
391 393 1
391 600 1
391 622 1
391 635 1
391 636 1
391 679 1
391 698 1
391 751 1
391 830 1
391 849 1
391 875 1
391 891 1
391 1013 1
391 1038 1
391 1096 1
391 1100 1
391 1166 1
391 1172 1
391 1236 1
391 1311 1
391 1317 1
391 1397 1
391 1473 1
391 1487 1
391 1538 1
391 1674 1
391 1755 1
391 1774 1
391 1789 1
391 1801 1
391 1816 1
391 1943 1
392 396 1
392 410 1
392 476 1
392 505 1
392 612 1
392 630 1
392 707 1
392 732 1
392 791 1
392 852 1
392 911 1
392 918 1
392 960 1
392 1049 1
392 1122 1
392 1140 1
392 1158 1
392 1180 1
392 1214 1
392 1231 1
392 1272 1
392 1298 1
392 1334 1
392 1379 1
392 1458 1
392 1470 1
392 1491 1
392 1604 1
392 1629 1
392 1657 1
392 1703 1
392 1761 1
392 1777 1
392 1839 1
392 1903 1
392 1953 1
392 1991 1
393 402 1
393 475 1
393 481 1
393 532 1
393 563 1
393 565 1
393 675 1
393 697 1
393 709 1
393 740 1
393 818 1
393 821 1
393 853 1
393 868 1
393 933 1
393 1039 1
393 1068 1
393 1098 1
393 1252 1
393 1272 1
393 1327 1
393 1356 1
393 1364 1
393 1365 1
393 1375 1
393 1514 1
393 1566 1
393 1655 1
393 1684 1
393 1759 1
393 1830 1
393 1856 1
393 1862 1
393 1900 1
393 1949 1
393 1975 1
394 408 1
394 492 1
394 537 1
394 589 1
394 609 1
394 632 1
394 662 1
394 759 1
394 799 1
394 821 1
394 850 1
394 917 1
394 966 1
394 970 1
394 1068 1
394 1076 1
394 1087 1
394 1101 1
394 1123 1
394 1129 1
394 1179 1
394 1224 1
394 1277 1
394 1304 1
394 1331 1
394 1341 1
394 1342 1
394 1348 1
394 1408 1
394 1424 1
394 1446 1
394 1486 1
394 1532 1
394 1552 1
394 1576 1
394 1580 1
394 1582 1
394 1603 1
394 1609 1
394 1619 1
394 1672 1
394 1716 1
394 1782 1
394 1798 1
394 1802 1
394 1845 1
394 1970 1
395 410 1
395 418 1
395 476 1
395 543 1
395 573 1
395 667 1
395 674 1
395 795 1
395 834 1
395 874 1
395 986 1
395 987 1
395 1042 1
395 1087 1
395 1170 1
395 1188 1
395 1325 1
395 1378 1
395 1390 1
395 1392 1
395 1398 1
395 1489 1
395 1534 1
395 1572 1
395 1600 1
395 1642 1
395 1665 1
395 1711 1
395 1714 1
395 1749 1
395 1798 1
395 1844 1
395 1881 1
395 1885 1
395 1893 1
395 1908 1
396 418 1
396 451 1
396 471 1
396 503 1
396 505 1
396 530 1
396 697 1
396 735 1
396 749 1
396 766 1
396 779 1
396 832 1
396 856 1
396 880 1
396 892 1
396 960 1
396 976 1
396 1002 1
396 1019 1
396 1023 1
396 1081 1
396 1086 1
396 1122 1
396 1208 1
396 1240 1
396 1259 1
396 1266 1
396 1378 1
396 1412 1
396 1437 1
396 1503 1
396 1542 1
396 1598 1
396 1658 1
396 1698 1
396 1734 1
396 1777 1
396 1795 1
396 1809 1
396 1867 1
396 1988 1
396 1989 1
396 1991 1
397 444 1
397 468 1
397 502 1
397 527 1
397 671 1
397 752 1
397 768 1
397 780 1
397 841 1
397 894 1
397 931 1
397 939 1
397 954 1
397 960 1
397 967 1
397 1012 1
397 1031 1
397 1043 1
397 1084 1
397 1098 1
397 1114 1
397 1125 1
397 1297 1
397 1316 1
397 1332 1
397 1382 1
397 1463 1
397 1603 1
397 1605 1
397 1670 1
397 1676 1
397 1678 1
397 1699 1
397 1714 1
397 1753 1
397 1770 1
397 1856 1
397 1861 1
397 1940 1
397 1950 1
397 1981 1
398 411 1
398 446 1
398 452 1
398 482 1
398 528 1
398 544 1
398 719 1
398 730 1
398 772 1
398 899 1
398 918 1
398 946 1
398 1016 1
398 1025 1
398 1040 1
398 1239 1
398 1258 1
398 1330 1
398 1379 1
398 1404 1
398 1407 1
398 1412 1
398 1596 1
398 1686 1
398 1752 1
398 1772 1
398 1826 1
398 1830 1
398 1848 1
398 1858 1
398 1908 1
398 1919 1
398 1964 1
398 1994 1
399 414 1
399 553 1
399 564 1
399 588 1
399 592 1
399 663 1
399 686 1
399 694 1
399 710 1
399 757 1
399 781 1
399 879 1
399 888 1
399 894 1
399 933 1
399 1016 1
399 1052 1
399 1062 1
399 1068 1
399 1075 1
399 1149 1
399 1166 1
399 1179 1
399 1201 1
399 1235 1
399 1243 1
399 1256 1
399 1285 1
399 1337 1
399 1361 1
399 1388 1
399 1436 1
399 1443 1
399 1448 1
399 1506 1
399 1520 1
399 1529 1
399 1558 1
399 1563 1
399 1599 1
399 1655 1
399 1657 1
399 1668 1
399 1671 1
399 1742 1
399 1753 1
399 1776 1
399 1820 1
399 1856 1
399 1906 1
399 1948 1
399 1981 1
399 1998 1
400 422 1
400 447 1
400 451 1
400 459 1
400 546 1
400 551 1
400 553 1
400 634 1
400 669 1
400 670 1
400 674 1
400 701 1
400 719 1
400 739 1
400 864 1
400 887 1
400 897 1
400 918 1
400 919 1
400 939 1
400 963 1
400 1206 1
400 1277 1
400 1308 1
400 1356 1
400 1457 1
400 1463 1
400 1487 1
400 1536 1
400 1556 1
400 1588 1
400 1596 1
400 1627 1
400 1668 1
400 1715 1
400 1716 1
400 1718 1
400 1739 1
400 1819 1
400 1824 1
400 1830 1
400 1852 1
400 1868 1
400 1940 1
400 1945 1
400 1960 1
400 1963 1
400 1995 1
401 445 1
401 496 1
401 525 1
401 564 1
401 578 1
401 584 1
401 643 1
401 660 1
401 697 1
401 717 1
401 725 1
401 729 1
401 743 1
401 747 1
401 786 1
401 797 1
401 800 1
401 816 1
401 863 1
401 931 1
401 1078 1
401 1185 1
401 1192 1
401 1275 1
401 1286 1
401 1344 1
401 1483 1
401 1497 1
401 1512 1
401 1532 1
401 1547 1
401 1560 1
401 1584 1
401 1597 1
401 1604 1
401 1624 1
401 1746 1
401 1815 1
401 1827 1
401 1857 1
401 1890 1
401 1924 1
401 1931 1
401 1963 1
401 1978 1
401 1990 1
402 486 1
402 581 1
402 587 1
402 654 1
402 694 1
402 748 1
402 936 1
402 958 1
402 976 1
402 1020 1
402 1090 1
402 1172 1
402 1216 1
402 1281 1
402 1338 1
402 1419 1
402 1425 1
402 1467 1
402 1479 1
402 1652 1
402 1679 1
402 1712 1
402 1781 1
402 1811 1
402 1838 1
402 1857 1
402 1875 1
402 1890 1
402 1903 1
402 1912 1
402 1959 1
402 1970 1
402 1972 1
403 421 1
403 423 1
403 561 1
403 575 1
403 624 1
403 635 1
403 652 1
403 723 1
403 775 1
403 797 1
403 826 1
403 892 1
403 899 1
403 966 1
403 1008 1
403 1025 1
403 1069 1
403 1141 1
403 1212 1
403 1247 1
403 1270 1
403 1313 1
403 1320 1
403 1344 1
403 1484 1
403 1496 1
403 1503 1
403 1514 1
403 1612 1
403 1710 1
403 1733 1
403 1783 1
403 1882 1
403 1959 1
403 1961 1
403 1998 1
404 421 1
404 481 1
404 504 1
404 520 1
404 528 1
404 583 1
404 586 1
404 602 1
404 613 1
404 623 1
404 639 1
404 648 1
404 721 1
404 803 1
404 805 1
404 818 1
404 858 1
404 862 1
404 903 1
404 918 1
404 1010 1
404 1051 1
404 1077 1
404 1119 1
404 1136 1
404 1233 1
404 1243 1
404 1259 1
404 1324 1
404 1328 1
404 1417 1
404 1509 1
404 1511 1
404 1561 1
404 1584 1
404 1596 1
404 1602 1
404 1710 1
404 1786 1
404 1830 1
404 1870 1
404 1893 1
404 1896 1
405 411 1
405 453 1
405 461 1
405 573 1
405 636 1
405 684 1
405 692 1
405 730 1
405 732 1
405 757 1
405 760 1
405 779 1
405 821 1
405 906 1
405 927 1
405 951 1
405 1059 1
405 1220 1
405 1300 1
405 1374 1
405 1436 1
405 1478 1
405 1513 1
405 1515 1
405 1528 1
405 1579 1
405 1583 1
405 1606 1
405 1644 1
405 1692 1
405 1814 1
405 1843 1
405 1866 1
405 1905 1
405 1922 1
405 1942 1
405 1943 1
405 1950 1
406 411 1
406 430 1
406 442 1
406 483 1
406 642 1
406 685 1
406 691 1
406 734 1
406 735 1
406 846 1
406 884 1
406 941 1
406 957 1
406 1046 1
406 1066 1
406 1114 1
406 1124 1
406 1147 1
406 1154 1
406 1182 1
406 1193 1
406 1197 1
406 1391 1
406 1406 1
406 1475 1
406 1488 1
406 1528 1
406 1532 1
406 1541 1
406 1589 1
406 1598 1
406 1632 1
406 1683 1
406 1695 1
406 1857 1
406 1922 1
406 1932 1
406 1976 1
406 1995 1
407 436 1
407 441 1
407 453 1
407 504 1
407 527 1
407 562 1
407 581 1
407 769 1
407 772 1
407 822 1
407 865 1
407 879 1
407 996 1
407 1056 1
407 1071 1
407 1184 1
407 1222 1
407 1245 1
407 1289 1
407 1325 1
407 1382 1
407 1434 1
407 1462 1
407 1490 1
407 1558 1
407 1562 1
407 1637 1
407 1659 1
407 1719 1
407 1780 1
407 1823 1
407 1844 1
407 1928 1
407 1930 1
408 416 1
408 478 1
408 517 1
408 526 1
408 544 1
408 550 1
408 746 1
408 782 1
408 784 1
408 826 1
408 850 1
408 950 1
408 964 1
408 976 1
408 992 1
408 1008 1
408 1017 1
408 1019 1
408 1050 1
408 1105 1
408 1110 1
408 1125 1
408 1165 1
408 1182 1
408 1217 1
408 1219 1
408 1252 1
408 1264 1
408 1329 1
408 1384 1
408 1435 1
408 1480 1
408 1482 1
408 1489 1
408 1507 1
408 1521 1
408 1532 1
408 1543 1
408 1563 1
408 1781 1
408 1795 1
408 1831 1
408 1892 1
408 1900 1
408 1907 1
408 1940 1
408 1947 1
408 1977 1
409 475 1
409 535 1
409 543 1
409 573 1
409 651 1
409 747 1
409 757 1
409 777 1
409 872 1
409 909 1
409 963 1
409 1016 1
409 1021 1
409 1022 1
409 1089 1
409 1130 1
409 1143 1
409 1150 1
409 1155 1
409 1250 1
409 1263 1
409 1277 1
409 1279 1
409 1306 1
409 1320 1
409 1357 1
409 1441 1
409 1505 1
409 1532 1
409 1559 1
409 1611 1
409 1612 1
409 1619 1
409 1644 1
409 1674 1
409 1706 1
409 1724 1
409 1729 1
409 1730 1
409 1743 1
409 1846 1
409 1868 1
409 1961 1
409 1973 1
410 415 1
410 431 1
410 460 1
410 480 1
410 512 1
410 553 1
410 605 1
410 661 1
410 705 1
410 758 1
410 810 1
410 818 1
410 851 1
410 859 1
410 880 1
410 901 1
410 902 1
410 940 1
410 996 1
410 1058 1
410 1064 1
410 1141 1
410 1184 1
410 1223 1
410 1230 1
410 1234 1
410 1324 1
410 1361 1
410 1384 1
410 1387 1
410 1492 1
410 1499 1
410 1541 1
410 1543 1
410 1544 1
410 1558 1
410 1624 1
410 1628 1
410 1629 1
410 1638 1
410 1679 1
410 1723 1
410 1817 1
410 1832 1
410 1852 1
410 1869 1
410 1899 1
410 1911 1
411 458 1
411 494 1
411 580 1
411 618 1
411 722 1
411 726 1
411 747 1
411 845 1
411 846 1
411 871 1
411 890 1
411 915 1
411 918 1
411 947 1
411 960 1
411 978 1
411 1023 1
411 1250 1
411 1261 1
411 1265 1
411 1355 1
411 1426 1
411 1500 1
411 1555 1
411 1558 1
411 1617 1
411 1619 1
411 1646 1
411 1716 1
411 1747 1
411 1793 1
411 1854 1
411 1890 1
411 1922 1
411 1974 1
412 454 1
412 495 1
412 547 1
412 551 1
412 553 1
412 615 1
412 752 1
412 802 1
412 827 1
412 855 1
412 928 1
412 955 1
412 964 1
412 1071 1
412 1080 1
412 1135 1
412 1166 1
412 1269 1
412 1297 1
412 1308 1
412 1337 1
412 1409 1
412 1465 1
412 1522 1
412 1552 1
412 1566 1
412 1579 1
412 1580 1
412 1585 1
412 1617 1
412 1656 1
412 1665 1
412 1672 1
412 1677 1
412 1760 1
412 1848 1
412 1853 1
412 1860 1
412 1869 1
412 1954 1
412 1976 1
413 429 1
413 570 1
413 583 1
413 614 1
413 635 1
413 643 1
413 660 1
413 811 1
413 812 1
413 818 1
413 864 1
413 949 1
413 959 1
413 980 1
413 1006 1
413 1027 1
413 1088 1
413 1113 1
413 1120 1
413 1125 1
413 1179 1
413 1191 1
413 1220 1
413 1324 1
413 1353 1
413 1366 1
413 1453 1
413 1476 1
413 1498 1
413 1553 1
413 1555 1
413 1559 1
413 1657 1
413 1721 1
413 1777 1
413 1810 1
413 1874 1
413 1879 1
414 433 1
414 494 1
414 507 1
414 536 1
414 621 1
414 635 1
414 751 1
414 804 1
414 836 1
414 893 1
414 911 1
414 919 1
414 945 1
414 1115 1
414 1117 1
414 1157 1
414 1168 1
414 1169 1
414 1180 1
414 1280 1
414 1284 1
414 1509 1
414 1569 1
414 1580 1
414 1630 1
414 1648 1
414 1656 1
414 1663 1
414 1714 1
414 1716 1
414 1761 1
414 1801 1
414 1847 1
414 1852 1
414 1857 1
414 1956 1
415 426 1
415 578 1
415 610 1
415 626 1
415 631 1
415 728 1
415 772 1
415 778 1
415 802 1
415 863 1
415 882 1
415 937 1
415 1062 1
415 1067 1
415 1070 1
415 1085 1
415 1100 1
415 1103 1
415 1146 1
415 1319 1
415 1323 1
415 1328 1
415 1350 1
415 1478 1
415 1519 1
415 1622 1
415 1676 1
415 1805 1
415 1862 1
415 1868 1
415 1873 1
415 1891 1
415 1949 1
415 1982 1
416 435 1
416 439 1
416 464 1
416 520 1
416 522 1
416 612 1
416 618 1
416 687 1
416 700 1
416 740 1
416 745 1
416 756 1
416 787 1
416 908 1
416 910 1
416 930 1
416 968 1
416 1204 1
416 1212 1
416 1228 1
416 1244 1
416 1272 1
416 1422 1
416 1481 1
416 1507 1
416 1511 1
416 1526 1
416 1532 1
416 1655 1
416 1679 1
416 1708 1
416 1831 1
416 1857 1
416 1909 1
416 1969 1
416 1971 1
417 492 1
417 577 1
417 595 1
417 670 1
417 790 1
417 814 1
417 825 1
417 845 1
417 901 1
417 953 1
417 1030 1
417 1041 1
417 1063 1
417 1078 1
417 1118 1
417 1265 1
417 1289 1
417 1435 1
417 1454 1
417 1476 1
417 1484 1
417 1532 1
417 1565 1
417 1581 1
417 1585 1
417 1589 1
417 1692 1
417 1735 1
417 1738 1
417 1809 1
417 1892 1
417 1904 1
417 1947 1
417 1953 1
418 420 1
418 467 1
418 478 1
418 482 1
418 496 1
418 527 1
418 555 1
418 574 1
418 625 1
418 645 1
418 699 1
418 714 1
418 744 1
418 755 1
418 774 1
418 815 1
418 859 1
418 898 1
418 924 1
418 1018 1
418 1074 1
418 1137 1
418 1207 1
418 1259 1
418 1315 1
418 1320 1
418 1359 1
418 1410 1
418 1501 1
418 1503 1
418 1513 1
418 1601 1
418 1630 1
418 1674 1
418 1686 1
418 1718 1
418 1738 1
418 1757 1
418 1843 1
418 1878 1
418 1913 1
418 1919 1
418 1932 1
419 432 1
419 441 1
419 488 1
419 497 1
419 504 1
419 511 1
419 568 1
419 617 1
419 690 1
419 724 1
419 761 1
419 868 1
419 976 1
419 1096 1
419 1111 1
419 1112 1
419 1224 1
419 1278 1
419 1339 1
419 1402 1
419 1444 1
419 1490 1
419 1579 1
419 1584 1
419 1588 1
419 1590 1
419 1645 1
419 1772 1
419 1787 1
419 1792 1
419 1833 1
419 1900 1
420 421 1
420 429 1
420 446 1
420 490 1
420 593 1
420 613 1
420 635 1
420 687 1
420 720 1
420 740 1
420 758 1
420 762 1
420 866 1
420 899 1
420 982 1
420 1004 1
420 1058 1
420 1138 1
420 1144 1
420 1167 1
420 1249 1
420 1272 1
420 1304 1
420 1328 1
420 1421 1
420 1439 1
420 1474 1
420 1480 1
420 1513 1
420 1606 1
420 1639 1
420 1688 1
420 1698 1
420 1699 1
420 1706 1
420 1729 1
420 1746 1
420 1763 1
420 1812 1
420 1895 1
420 1958 1
421 426 1
421 458 1
421 518 1
421 530 1
421 550 1
421 647 1
421 651 1
421 729 1
421 749 1
421 752 1
421 823 1
421 831 1
421 837 1
421 847 1
421 851 1
421 856 1
421 864 1
421 950 1
421 980 1
421 987 1
421 1024 1
421 1030 1
421 1067 1
421 1179 1
421 1193 1
421 1300 1
421 1340 1
421 1376 1
421 1405 1
421 1506 1
421 1527 1
421 1530 1
421 1531 1
421 1567 1
421 1569 1
421 1649 1
421 1690 1
421 1696 1
421 1737 1
421 1745 1
421 1748 1
421 1755 1
421 1854 1
421 1902 1
421 1947 1
422 496 1
422 511 1
422 613 1
422 796 1
422 809 1
422 917 1
422 920 1
422 1082 1
422 1155 1
422 1162 1
422 1165 1
422 1258 1
422 1275 1
422 1290 1
422 1306 1
422 1309 1
422 1361 1
422 1390 1
422 1412 1
422 1446 1
422 1453 1
422 1456 1
422 1499 1
422 1516 1
422 1581 1
422 1637 1
422 1690 1
422 1704 1
422 1711 1
422 1729 1
422 1789 1
422 1797 1
422 1820 1
422 1827 1
422 1883 1
422 1884 1
422 1905 1
422 1931 1
422 1962 1
422 1972 1
423 435 1
423 438 1
423 594 1
423 606 1
423 636 1
423 643 1
423 672 1
423 698 1
423 742 1
423 849 1
423 853 1
423 885 1
423 901 1
423 914 1
423 978 1
423 1046 1
423 1076 1
423 1088 1
423 1106 1
423 1203 1
423 1294 1
423 1314 1
423 1399 1
423 1424 1
423 1438 1
423 1478 1
423 1548 1
423 1554 1
423 1576 1
423 1625 1
423 1652 1
423 1674 1
423 1691 1
423 1698 1
423 1703 1
423 1863 1
423 1893 1
423 1976 1
424 430 1
424 443 1
424 591 1
424 625 1
424 656 1
424 672 1
424 743 1
424 790 1
424 888 1
424 928 1
424 947 1
424 949 1
424 957 1
424 1062 1
424 1094 1
424 1095 1
424 1145 1
424 1205 1
424 1227 1
424 1249 1
424 1260 1
424 1284 1
424 1384 1
424 1391 1
424 1408 1
424 1476 1
424 1496 1
424 1518 1
424 1528 1
424 1532 1
424 1618 1
424 1668 1
424 1771 1
424 1849 1
424 1921 1
424 1964 1
425 469 1
425 504 1
425 542 1
425 661 1
425 718 1
425 752 1
425 816 1
425 834 1
425 843 1
425 902 1
425 903 1
425 909 1
425 1028 1
425 1066 1
425 1095 1
425 1114 1
425 1118 1
425 1207 1
425 1307 1
425 1346 1
425 1417 1
425 1438 1
425 1496 1
425 1539 1
425 1640 1
425 1643 1
425 1747 1
425 1765 1
425 1800 1
425 1833 1
425 1878 1
425 1962 1
425 1980 1
425 1992 1
426 450 1
426 491 1
426 496 1
426 533 1
426 606 1
426 610 1
426 665 1
426 698 1
426 735 1
426 747 1
426 757 1
426 782 1
426 835 1
426 872 1
426 905 1
426 942 1
426 945 1
426 957 1
426 1115 1
426 1147 1
426 1173 1
426 1194 1
426 1196 1
426 1219 1
426 1255 1
426 1274 1
426 1361 1
426 1371 1
426 1420 1
426 1425 1
426 1493 1
426 1501 1
426 1552 1
426 1555 1
426 1574 1
426 1634 1
426 1667 1
426 1669 1
426 1686 1
426 1754 1
426 1762 1
426 1784 1
426 1794 1
426 1808 1
426 1965 1
427 461 1
427 474 1
427 478 1
427 493 1
427 551 1
427 609 1
427 634 1
427 712 1
427 742 1
427 749 1
427 787 1
427 814 1
427 836 1
427 870 1
427 937 1
427 954 1
427 999 1
427 1030 1
427 1081 1
427 1097 1
427 1257 1
427 1258 1
427 1307 1
427 1367 1
427 1397 1
427 1399 1
427 1424 1
427 1445 1
427 1464 1
427 1477 1
427 1498 1
427 1503 1
427 1504 1
427 1535 1
427 1611 1
427 1612 1
427 1667 1
427 1670 1
427 1750 1
427 1753 1
427 1785 1
427 1811 1
427 1881 1
427 1896 1
427 1899 1
428 468 1
428 483 1
428 540 1
428 589 1
428 723 1
428 794 1
428 858 1
428 897 1
428 944 1
428 946 1
428 979 1
428 1010 1
428 1043 1
428 1096 1
428 1109 1
428 1261 1
428 1313 1
428 1330 1
428 1358 1
428 1382 1
428 1420 1
428 1426 1
428 1454 1
428 1457 1
428 1511 1
428 1526 1
428 1556 1
428 1589 1
428 1604 1
428 1608 1
428 1866 1
428 1911 1
428 1947 1
429 467 1
429 474 1
429 502 1
429 514 1
429 673 1
429 709 1
429 723 1
429 724 1
429 840 1
429 865 1
429 875 1
429 934 1
429 960 1
429 1029 1
429 1033 1
429 1088 1
429 1101 1
429 1122 1
429 1140 1
429 1216 1
429 1287 1
429 1288 1
429 1302 1
429 1354 1
429 1434 1
429 1461 1
429 1464 1
429 1503 1
429 1560 1
429 1570 1
429 1593 1
429 1596 1
429 1673 1
429 1713 1
429 1787 1
429 1815 1
429 1902 1
429 1909 1
429 1933 1
429 1968 1
430 432 1
430 440 1
430 507 1
430 527 1
430 539 1
430 607 1
430 726 1
430 731 1
430 735 1
430 748 1
430 757 1
430 798 1
430 845 1
430 886 1
430 907 1
430 921 1
430 929 1
430 1006 1
430 1058 1
430 1072 1
430 1131 1
430 1317 1
430 1342 1
430 1406 1
430 1498 1
430 1526 1
430 1551 1
430 1567 1
430 1620 1
430 1685 1
430 1775 1
430 1841 1
430 1848 1
430 1904 1
430 1969 1
430 1974 1
431 447 1
431 548 1
431 553 1
431 572 1
431 574 1
431 604 1
431 639 1
431 681 1
431 691 1
431 893 1
431 919 1
431 928 1
431 970 1
431 1020 1
431 1035 1
431 1039 1
431 1136 1
431 1171 1
431 1204 1
431 1209 1
431 1269 1
431 1313 1
431 1325 1
431 1346 1
431 1371 1
431 1394 1
431 1429 1
431 1551 1
431 1563 1
431 1585 1
431 1600 1
431 1693 1
431 1765 1
431 1827 1
431 1916 1
432 480 1
432 531 1
432 579 1
432 619 1
432 627 1
432 632 1
432 646 1
432 691 1
432 699 1
432 725 1
432 739 1
432 755 1
432 762 1
432 835 1
432 852 1
432 876 1
432 941 1
432 973 1
432 1033 1
432 1111 1
432 1119 1
432 1318 1
432 1319 1
432 1324 1
432 1329 1
432 1392 1
432 1393 1
432 1490 1
432 1493 1
432 1515 1
432 1558 1
432 1571 1
432 1598 1
432 1627 1
432 1645 1
432 1648 1
432 1748 1
432 1783 1
432 1797 1
432 1807 1
432 1849 1
432 1867 1
432 1886 1
432 1890 1
432 1931 1
432 1941 1
432 1948 1
432 1966 1
432 1976 1
433 472 1
433 545 1
433 618 1
433 644 1
433 649 1
433 700 1
433 708 1
433 743 1
433 745 1
433 796 1
433 933 1
433 936 1
433 937 1
433 1011 1
433 1060 1
433 1164 1
433 1304 1
433 1348 1
433 1472 1
433 1535 1
433 1573 1
433 1583 1
433 1586 1
433 1607 1
433 1618 1
433 1659 1
433 1661 1
433 1716 1
433 1888 1
433 1918 1
433 1957 1
433 1992 1
434 457 1
434 495 1
434 499 1
434 540 1
434 555 1
434 666 1
434 675 1
434 777 1
434 843 1
434 917 1
434 925 1
434 1014 1
434 1036 1
434 1071 1
434 1119 1
434 1120 1
434 1213 1
434 1223 1
434 1242 1
434 1262 1
434 1271 1
434 1285 1
434 1370 1
434 1405 1
434 1426 1
434 1450 1
434 1468 1
434 1532 1
434 1600 1
434 1608 1
434 1680 1
434 1760 1
434 1807 1
434 1819 1
434 1901 1
434 1903 1
434 1925 1
434 1936 1
434 1938 1
434 1945 1
434 1991 1
434 1999 1
435 457 1
435 463 1
435 488 1
435 539 1
435 557 1
435 609 1
435 612 1
435 638 1
435 665 1
435 678 1
435 695 1
435 724 1
435 805 1
435 841 1
435 887 1
435 918 1
435 961 1
435 962 1
435 989 1
435 1019 1
435 1120 1
435 1189 1
435 1205 1
435 1218 1
435 1263 1
435 1270 1
435 1279 1
435 1319 1
435 1421 1
435 1502 1
435 1506 1
435 1526 1
435 1530 1
435 1536 1
435 1554 1
435 1563 1
435 1579 1
435 1592 1
435 1641 1
435 1642 1
435 1723 1
435 1781 1
435 1786 1
435 1803 1
435 1838 1
435 1903 1
435 1942 1
436 439 1
436 467 1
436 520 1
436 534 1
436 611 1
436 660 1
436 691 1
436 739 1
436 795 1
436 1051 1
436 1055 1
436 1107 1
436 1108 1
436 1119 1
436 1185 1
436 1250 1
436 1275 1
436 1282 1
436 1302 1
436 1384 1
436 1444 1
436 1461 1
436 1554 1
436 1596 1
436 1773 1
436 1781 1
436 1830 1
436 1858 1
437 455 1
437 479 1
437 480 1
437 517 1
437 634 1
437 695 1
437 701 1
437 743 1
437 761 1
437 802 1
437 819 1
437 830 1
437 848 1
437 856 1
437 879 1
437 885 1
437 918 1
437 935 1
437 1033 1
437 1068 1
437 1132 1
437 1162 1
437 1207 1
437 1291 1
437 1331 1
437 1370 1
437 1381 1
437 1458 1
437 1561 1
437 1636 1
437 1679 1
437 1712 1
437 1764 1
437 1866 1
437 1993 1
438 460 1
438 478 1
438 521 1
438 538 1
438 540 1
438 614 1
438 626 1
438 661 1
438 676 1
438 694 1
438 748 1
438 765 1
438 801 1
438 802 1
438 814 1
438 825 1
438 834 1
438 869 1
438 904 1
438 914 1
438 960 1
438 963 1
438 1023 1
438 1044 1
438 1085 1
438 1138 1
438 1155 1
438 1191 1
438 1221 1
438 1244 1
438 1298 1
438 1381 1
438 1414 1
438 1432 1
438 1486 1
438 1496 1
438 1523 1
438 1579 1
438 1620 1
438 1651 1
438 1697 1
438 1702 1
438 1785 1
438 1886 1
439 449 1
439 451 1
439 472 1
439 496 1
439 542 1
439 544 1
439 612 1
439 614 1
439 677 1
439 722 1
439 747 1
439 765 1
439 772 1
439 783 1
439 817 1
439 831 1
439 847 1
439 919 1
439 925 1
439 948 1
439 981 1
439 1013 1
439 1019 1
439 1079 1
439 1114 1
439 1117 1
439 1119 1
439 1225 1
439 1284 1
439 1347 1
439 1382 1
439 1437 1
439 1495 1
439 1542 1
439 1586 1
439 1591 1
439 1789 1
439 1796 1
439 1799 1
439 1848 1
439 1960 1
439 1977 1
440 460 1
440 508 1
440 558 1
440 668 1
440 698 1
440 752 1
440 795 1
440 828 1
440 867 1
440 888 1
440 891 1
440 969 1
440 1028 1
440 1068 1
440 1142 1
440 1154 1
440 1198 1
440 1208 1
440 1214 1
440 1236 1
440 1266 1
440 1342 1
440 1446 1
440 1515 1
440 1635 1
440 1637 1
440 1641 1
440 1702 1
440 1779 1
440 1863 1
440 1957 1
441 496 1
441 499 1
441 512 1
441 760 1
441 793 1
441 968 1
441 1024 1
441 1028 1
441 1077 1
441 1149 1
441 1196 1
441 1248 1
441 1257 1
441 1299 1
441 1377 1
441 1396 1
441 1474 1
441 1490 1
441 1508 1
441 1523 1
441 1549 1
441 1780 1
441 1789 1
441 1843 1
441 1849 1
441 1960 1
441 1975 1
442 492 1
442 514 1
442 541 1
442 567 1
442 643 1
442 671 1
442 675 1
442 691 1
442 733 1
442 748 1
442 788 1
442 821 1
442 823 1
442 858 1
442 869 1
442 893 1
442 1081 1
442 1157 1
442 1183 1
442 1194 1
442 1212 1
442 1290 1
442 1311 1
442 1360 1
442 1421 1
442 1423 1
442 1471 1
442 1514 1
442 1542 1
442 1566 1
442 1584 1
442 1633 1
442 1712 1
442 1714 1
442 1738 1
442 1767 1
442 1769 1
442 1807 1
442 1849 1
442 1980 1
442 1982 1
442 1990 1
442 1999 1
443 468 1
443 497 1
443 516 1
443 525 1
443 600 1
443 668 1
443 726 1
443 732 1
443 746 1
443 802 1
443 812 1
443 881 1
443 915 1
443 977 1
443 982 1
443 995 1
443 1014 1
443 1108 1
443 1118 1
443 1137 1
443 1171 1
443 1175 1
443 1181 1
443 1320 1
443 1346 1
443 1397 1
443 1416 1
443 1466 1
443 1519 1
443 1544 1
443 1627 1
443 1642 1
443 1660 1
443 1737 1
443 1738 1
443 1740 1
443 1845 1
443 1951 1
443 1972 1
443 1975 1
443 1982 1
444 483 1
444 486 1
444 561 1
444 658 1
444 666 1
444 688 1
444 694 1
444 706 1
444 824 1
444 832 1
444 876 1
444 994 1
444 1071 1
444 1089 1
444 1171 1
444 1174 1
444 1207 1
444 1229 1
444 1275 1
444 1323 1
444 1384 1
444 1458 1
444 1535 1
444 1557 1
444 1582 1
444 1599 1
444 1608 1
444 1714 1
444 1761 1
444 1763 1
444 1776 1
444 1882 1
444 1927 1
444 1931 1
444 1967 1
444 1990 1
445 564 1
445 621 1
445 648 1
445 704 1
445 766 1
445 788 1
445 861 1
445 881 1
445 910 1
445 938 1
445 939 1
445 999 1
445 1065 1
445 1099 1
445 1238 1
445 1242 1
445 1336 1
445 1347 1
445 1411 1
445 1421 1
445 1424 1
445 1433 1
445 1470 1
445 1488 1
445 1526 1
445 1577 1
445 1655 1
445 1683 1
445 1698 1
445 1711 1
445 1730 1
445 1739 1
445 1873 1
445 1874 1
445 1888 1
445 1910 1
445 1985 1
446 461 1
446 506 1
446 517 1
446 518 1
446 549 1
446 575 1
446 648 1
446 651 1
446 665 1
446 712 1
446 744 1
446 759 1
446 760 1
446 793 1
446 794 1
446 848 1
446 903 1
446 956 1
446 1021 1
446 1041 1
446 1047 1
446 1065 1
446 1191 1
446 1251 1
446 1257 1
446 1370 1
446 1436 1
446 1655 1
446 1658 1
446 1746 1
446 1786 1
446 1796 1
446 1883 1
446 1919 1
446 1928 1
446 1946 1
447 492 1
447 560 1
447 588 1
447 619 1
447 648 1
447 655 1
447 673 1
447 674 1
447 781 1
447 892 1
447 955 1
447 1044 1
447 1059 1
447 1162 1
447 1245 1
447 1250 1
447 1315 1
447 1387 1
447 1391 1
447 1457 1
447 1539 1
447 1634 1
447 1661 1
447 1688 1
447 1717 1
447 1744 1
447 1806 1
447 1885 1
447 1935 1
447 1950 1
447 1955 1
447 1963 1
447 1975 1
447 1991 1
448 464 1
448 496 1
448 507 1
448 608 1
448 612 1
448 626 1
448 742 1
448 785 1
448 828 1
448 858 1
448 934 1
448 951 1
448 1007 1
448 1030 1
448 1073 1
448 1090 1
448 1160 1
448 1164 1
448 1201 1
448 1260 1
448 1276 1
448 1327 1
448 1335 1
448 1340 1
448 1353 1
448 1387 1
448 1423 1
448 1453 1
448 1481 1
448 1485 1
448 1545 1
448 1585 1
448 1615 1
448 1622 1
448 1734 1
448 1767 1
448 1800 1
448 1814 1
448 1825 1
448 1830 1
448 1905 1
448 1970 1
448 1994 1
449 453 1
449 501 1
449 518 1
449 560 1
449 580 1
449 616 1
449 733 1
449 734 1
449 757 1
449 786 1
449 790 1
449 799 1
449 807 1
449 939 1
449 976 1
449 991 1
449 1022 1
449 1061 1
449 1095 1
449 1099 1
449 1126 1
449 1155 1
449 1156 1
449 1185 1
449 1208 1
449 1343 1
449 1384 1
449 1446 1
449 1491 1
449 1526 1
449 1545 1
449 1604 1
449 1646 1
449 1651 1
449 1699 1
449 1711 1
449 1742 1
449 1750 1
449 1784 1
449 1789 1
449 1792 1
449 1877 1
449 1882 1
449 1896 1
449 1908 1
449 1913 1
449 1935 1
449 1949 1
449 1951 1
449 1957 1
449 1962 1
449 1973 1
450 460 1
450 476 1
450 510 1
450 516 1
450 545 1
450 566 1
450 674 1
450 766 1
450 771 1
450 783 1
450 786 1
450 846 1
450 863 1
450 1028 1
450 1033 1
450 1058 1
450 1132 1
450 1167 1
450 1229 1
450 1356 1
450 1359 1
450 1409 1
450 1411 1
450 1424 1
450 1475 1
450 1546 1
450 1591 1
450 1662 1
450 1677 1
450 1708 1
450 1799 1
450 1920 1
450 1924 1
450 1949 1
450 1989 1
451 471 1
451 507 1
451 559 1
451 574 1
451 604 1
451 833 1
451 948 1
451 960 1
451 994 1
451 1019 1
451 1039 1
451 1067 1
451 1161 1
451 1181 1
451 1186 1
451 1191 1
451 1291 1
451 1318 1
451 1368 1
451 1477 1
451 1492 1
451 1530 1
451 1558 1
451 1593 1
451 1643 1
451 1720 1
451 1730 1
451 1750 1
451 1825 1
451 1959 1
452 507 1
452 532 1
452 567 1
452 617 1
452 627 1
452 645 1
452 677 1
452 685 1
452 729 1
452 740 1
452 746 1
452 811 1
452 820 1
452 931 1
452 1098 1
452 1109 1
452 1122 1
452 1124 1
452 1130 1
452 1203 1
452 1250 1
452 1274 1
452 1332 1
452 1354 1
452 1362 1
452 1456 1
452 1469 1
452 1528 1
452 1616 1
452 1622 1
452 1647 1
452 1674 1
452 1700 1
452 1752 1
452 1759 1
452 1883 1
452 1890 1
452 1899 1
452 1953 1
453 490 1
453 497 1
453 499 1
453 530 1
453 562 1
453 708 1
453 714 1
453 715 1
453 736 1
453 788 1
453 792 1
453 800 1
453 805 1
453 921 1
453 977 1
453 1018 1
453 1083 1
453 1084 1
453 1095 1
453 1145 1
453 1154 1
453 1162 1
453 1217 1
453 1292 1
453 1344 1
453 1373 1
453 1772 1
453 1811 1
453 1820 1
453 1843 1
453 1892 1
453 1913 1
453 1993 1
454 508 1
454 518 1
454 562 1
454 609 1
454 668 1
454 699 1
454 724 1
454 853 1
454 939 1
454 971 1
454 1025 1
454 1055 1
454 1094 1
454 1132 1
454 1148 1
454 1163 1
454 1181 1
454 1241 1
454 1419 1
454 1422 1
454 1490 1
454 1531 1
454 1544 1
454 1601 1
454 1617 1
454 1623 1
454 1727 1
454 1861 1
454 1896 1
455 525 1
455 572 1
455 603 1
455 792 1
455 793 1
455 807 1
455 817 1
455 844 1
455 857 1
455 985 1
455 999 1
455 1080 1
455 1102 1
455 1123 1
455 1133 1
455 1182 1
455 1187 1
455 1217 1
455 1233 1
455 1256 1
455 1299 1
455 1303 1
455 1305 1
455 1344 1
455 1356 1
455 1410 1
455 1422 1
455 1470 1
455 1490 1
455 1499 1
455 1520 1
455 1554 1
455 1649 1
455 1653 1
455 1665 1
455 1673 1
455 1689 1
455 1722 1
455 1729 1
455 1755 1
455 1765 1
455 1768 1
455 1779 1
455 1791 1
455 1810 1
455 1854 1
455 1946 1
455 1955 1
455 1967 1
456 499 1
456 507 1
456 512 1
456 515 1
456 546 1
456 586 1
456 608 1
456 639 1
456 659 1
456 696 1
456 707 1
456 724 1
456 770 1
456 802 1
456 830 1
456 880 1
456 896 1
456 925 1
456 1006 1
456 1065 1
456 1129 1
456 1142 1
456 1193 1
456 1240 1
456 1258 1
456 1297 1
456 1320 1
456 1336 1
456 1373 1
456 1461 1
456 1518 1
456 1549 1
456 1582 1
456 1637 1
456 1684 1
456 1707 1
456 1757 1
456 1791 1
456 1858 1
456 1862 1
456 1886 1
457 493 1
457 507 1
457 622 1
457 648 1
457 692 1
457 772 1
457 787 1
457 872 1
457 889 1
457 897 1
457 915 1
457 979 1
457 1038 1
457 1074 1
457 1138 1
457 1293 1
457 1300 1
457 1318 1
457 1451 1
457 1460 1
457 1465 1
457 1518 1
457 1520 1
457 1537 1
457 1542 1
457 1546 1
457 1563 1
457 1591 1
457 1597 1
457 1688 1
457 1720 1
457 1726 1
457 1761 1
457 1791 1
457 1799 1
457 1842 1
458 459 1
458 632 1
458 690 1
458 700 1
458 706 1
458 723 1
458 800 1
458 804 1
458 810 1
458 891 1
458 935 1
458 1002 1
458 1013 1
458 1099 1
458 1105 1
458 1120 1
458 1157 1
458 1233 1
458 1282 1
458 1310 1
458 1332 1
458 1352 1
458 1494 1
458 1581 1
458 1582 1
458 1587 1
458 1589 1
458 1665 1
458 1688 1
458 1730 1
458 1755 1
458 1776 1
458 1784 1
458 1878 1
458 1905 1
458 1935 1
458 1936 1
458 1953 1
458 1961 1
459 510 1
459 516 1
459 551 1
459 578 1
459 604 1
459 781 1
459 782 1
459 821 1
459 836 1
459 877 1
459 978 1
459 1019 1
459 1092 1
459 1113 1
459 1172 1
459 1229 1
459 1266 1
459 1278 1
459 1282 1
459 1285 1
459 1312 1
459 1314 1
459 1324 1
459 1344 1
459 1373 1
459 1438 1
459 1445 1
459 1461 1
459 1469 1
459 1486 1
459 1534 1
459 1604 1
459 1609 1
459 1669 1
459 1724 1
459 1758 1
459 1783 1
459 1786 1
459 1804 1
459 1853 1
459 1871 1
459 1900 1
459 1927 1
459 1936 1
459 1939 1
459 2000 1
460 584 1
460 591 1
460 595 1
460 622 1
460 645 1
460 663 1
460 673 1
460 713 1
460 738 1
460 739 1
460 831 1
460 933 1
460 950 1
460 953 1
460 1164 1
460 1165 1
460 1185 1
460 1221 1
460 1252 1
460 1287 1
460 1304 1
460 1316 1
460 1367 1
460 1406 1
460 1419 1
460 1536 1
460 1550 1
460 1566 1
460 1627 1
460 1642 1
460 1677 1
460 1721 1
460 1752 1
460 1809 1
460 1846 1
460 1862 1
460 1909 1
460 1937 1
460 1940 1
460 1963 1
460 1985 1
461 466 1
461 530 1
461 555 1
461 584 1
461 585 1
461 609 1
461 657 1
461 787 1
461 951 1
461 956 1
461 985 1
461 1046 1
461 1095 1
461 1109 1
461 1156 1
461 1183 1
461 1224 1
461 1226 1
461 1265 1
461 1378 1
461 1436 1
461 1444 1
461 1450 1
461 1488 1
461 1497 1
461 1502 1
461 1567 1
461 1586 1
461 1589 1
461 1597 1
461 1608 1
461 1640 1
461 1772 1
461 1825 1
461 1832 1
461 1858 1
461 1946 1
462 527 1
462 580 1
462 594 1
462 597 1
462 623 1
462 674 1
462 750 1
462 890 1
462 1036 1
462 1065 1
462 1067 1
462 1100 1
462 1168 1
462 1228 1
462 1248 1
462 1279 1
462 1364 1
462 1413 1
462 1415 1
462 1505 1
462 1513 1
462 1695 1
462 1707 1
462 1726 1
462 1741 1
462 1825 1
462 1855 1
462 1856 1
462 1878 1
462 1932 1
462 1991 1
463 467 1
463 563 1
463 607 1
463 626 1
463 644 1
463 650 1
463 742 1
463 748 1
463 757 1
463 787 1
463 808 1
463 827 1
463 854 1
463 878 1
463 958 1
463 993 1
463 1020 1
463 1058 1
463 1060 1
463 1070 1
463 1072 1
463 1094 1
463 1107 1
463 1134 1
463 1151 1
463 1271 1
463 1305 1
463 1332 1
463 1374 1
463 1395 1
463 1398 1
463 1440 1
463 1456 1
463 1459 1
463 1487 1
463 1502 1
463 1644 1
463 1658 1
463 1678 1
463 1695 1
463 1779 1
463 1784 1
463 1789 1
463 1887 1
463 1910 1
463 1964 1
463 1989 1
464 505 1
464 512 1
464 518 1
464 614 1
464 704 1
464 721 1
464 735 1
464 746 1
464 755 1
464 788 1
464 806 1
464 849 1
464 888 1
464 907 1
464 948 1
464 959 1
464 984 1
464 1001 1
464 1015 1
464 1038 1
464 1086 1
464 1242 1
464 1252 1
464 1307 1
464 1330 1
464 1364 1
464 1410 1
464 1424 1
464 1486 1
464 1517 1
464 1535 1
464 1592 1
464 1647 1
464 1663 1
464 1705 1
464 1760 1
464 1778 1
464 1835 1
464 1911 1
464 1914 1
464 1933 1
464 1955 1
464 1961 1
465 470 1
465 499 1
465 505 1
465 515 1
465 525 1
465 544 1
465 563 1
465 592 1
465 659 1
465 690 1
465 760 1
465 837 1
465 891 1
465 990 1
465 1041 1
465 1059 1
465 1076 1
465 1221 1
465 1299 1
465 1384 1
465 1459 1
465 1494 1
465 1501 1
465 1527 1
465 1561 1
465 1569 1
465 1599 1
465 1610 1
465 1675 1
465 1684 1
465 1729 1
465 1731 1
465 1762 1
465 1769 1
465 1781 1
465 1810 1
465 1830 1
465 1867 1
466 471 1
466 518 1
466 551 1
466 567 1
466 603 1
466 611 1
466 632 1
466 662 1
466 685 1
466 714 1
466 731 1
466 735 1
466 765 1
466 793 1
466 822 1
466 845 1
466 884 1
466 886 1
466 888 1
466 1011 1
466 1071 1
466 1152 1
466 1185 1
466 1214 1
466 1337 1
466 1353 1
466 1432 1
466 1440 1
466 1455 1
466 1464 1
466 1505 1
466 1519 1
466 1533 1
466 1583 1
466 1592 1
466 1605 1
466 1612 1
466 1684 1
466 1730 1
466 1735 1
466 1767 1
466 1778 1
466 1814 1
466 1893 1
466 1972 1
467 534 1
467 619 1
467 749 1
467 772 1
467 804 1
467 856 1
467 919 1
467 934 1
467 954 1
467 1031 1
467 1322 1
467 1331 1
467 1356 1
467 1486 1
467 1490 1
467 1575 1
467 1610 1
467 1683 1
467 1698 1
467 1789 1
467 1798 1
467 1821 1
467 1826 1
467 1844 1
467 1861 1
467 1975 1
468 579 1
468 654 1
468 705 1
468 784 1
468 787 1
468 831 1
468 892 1
468 903 1
468 934 1
468 959 1
468 985 1
468 1087 1
468 1111 1
468 1177 1
468 1353 1
468 1385 1
468 1490 1
468 1492 1
468 1528 1
468 1614 1
468 1627 1
468 1789 1
468 1806 1
468 1881 1
468 1894 1
468 1929 1
469 498 1
469 508 1
469 551 1
469 596 1
469 601 1
469 618 1
469 685 1
469 690 1
469 697 1
469 722 1
469 737 1
469 740 1
469 780 1
469 800 1
469 811 1
469 813 1
469 819 1
469 875 1
469 908 1
469 922 1
469 963 1
469 977 1
469 1046 1
469 1071 1
469 1102 1
469 1103 1
469 1107 1
469 1168 1
469 1181 1
469 1202 1
469 1207 1
469 1245 1
469 1263 1
469 1271 1
469 1287 1
469 1376 1
469 1378 1
469 1384 1
469 1396 1
469 1402 1
469 1458 1
469 1496 1
469 1556 1
469 1644 1
469 1660 1
469 1708 1
469 1718 1
469 1719 1
469 1811 1
469 1843 1
469 1966 1
469 1981 1
470 542 1
470 567 1
470 637 1
470 639 1
470 700 1
470 732 1
470 862 1
470 872 1
470 882 1
470 899 1
470 901 1
470 947 1
470 1068 1
470 1069 1
470 1093 1
470 1120 1
470 1259 1
470 1260 1
470 1274 1
470 1354 1
470 1380 1
470 1386 1
470 1442 1
470 1443 1
470 1461 1
470 1462 1
470 1471 1
470 1485 1
470 1569 1
470 1720 1
470 1771 1
470 1792 1
470 1817 1
470 1840 1
470 1881 1
470 1926 1
471 479 1
471 486 1
471 531 1
471 545 1
471 572 1
471 625 1
471 639 1
471 671 1
471 688 1
471 692 1
471 754 1
471 805 1
471 861 1
471 888 1
471 966 1
471 971 1
471 989 1
471 1052 1
471 1109 1
471 1158 1
471 1201 1
471 1262 1
471 1265 1
471 1301 1
471 1319 1
471 1409 1
471 1421 1
471 1436 1
471 1465 1
471 1516 1
471 1583 1
471 1692 1
471 1733 1
471 1786 1
471 1795 1
471 1805 1
471 1843 1
471 1893 1
471 1993 1
472 485 1
472 583 1
472 592 1
472 594 1
472 621 1
472 651 1
472 671 1
472 729 1
472 771 1
472 804 1
472 810 1
472 855 1
472 860 1
472 886 1
472 920 1
472 926 1
472 985 1
472 1068 1
472 1082 1
472 1126 1
472 1176 1
472 1219 1
472 1273 1
472 1403 1
472 1427 1
472 1537 1
472 1556 1
472 1587 1
472 1726 1
472 1729 1
472 1745 1
472 1781 1
472 1792 1
472 1846 1
472 1879 1
472 1880 1
472 1932 1
472 1938 1
472 1966 1
472 1984 1
473 515 1
473 600 1
473 743 1
473 755 1
473 770 1
473 865 1
473 878 1
473 907 1
473 959 1
473 962 1
473 1029 1
473 1031 1
473 1043 1
473 1078 1
473 1090 1
473 1123 1
473 1170 1
473 1217 1
473 1309 1
473 1400 1
473 1428 1
473 1583 1
473 1608 1
473 1610 1
473 1621 1
473 1676 1
473 1678 1
473 1704 1
473 1735 1
473 1755 1
473 1773 1
473 1783 1
473 1785 1
473 1801 1
473 1807 1
473 1837 1
473 1923 1
473 1940 1
473 1951 1
473 1956 1
473 1981 1
473 1996 1
474 482 1
474 487 1
474 527 1
474 537 1
474 656 1
474 737 1
474 764 1
474 776 1
474 869 1
474 906 1
474 950 1
474 958 1
474 969 1
474 1044 1
474 1058 1
474 1072 1
474 1079 1
474 1108 1
474 1126 1
474 1139 1
474 1163 1
474 1172 1
474 1179 1
474 1213 1
474 1309 1
474 1342 1
474 1356 1
474 1359 1
474 1425 1
474 1426 1
474 1492 1
474 1515 1
474 1527 1
474 1539 1
474 1575 1
474 1589 1
474 1606 1
474 1650 1
474 1662 1
474 1704 1
474 1727 1
474 1851 1
474 1857 1
474 1929 1
474 1951 1
474 1991 1
475 490 1
475 494 1
475 571 1
475 587 1
475 592 1
475 598 1
475 608 1
475 718 1
475 727 1
475 789 1
475 805 1
475 814 1
475 825 1
475 1118 1
475 1129 1
475 1157 1
475 1159 1
475 1192 1
475 1194 1
475 1199 1
475 1294 1
475 1321 1
475 1431 1
475 1449 1
475 1483 1
475 1608 1
475 1626 1
475 1694 1
475 1735 1
475 1772 1
475 1785 1
475 1843 1
475 1852 1
475 1863 1
475 1922 1
475 1932 1
475 1954 1
475 1976 1
476 518 1
476 586 1
476 620 1
476 667 1
476 679 1
476 725 1
476 732 1
476 746 1
476 754 1
476 789 1
476 810 1
476 860 1
476 912 1
476 1008 1
476 1082 1
476 1135 1
476 1147 1
476 1151 1
476 1250 1
476 1258 1
476 1304 1
476 1307 1
476 1391 1
476 1405 1
476 1406 1
476 1445 1
476 1496 1
476 1503 1
476 1532 1
476 1651 1
476 1657 1
476 1720 1
476 1726 1
476 1743 1
476 1878 1
476 1949 1
477 489 1
477 582 1
477 593 1
477 674 1
477 690 1
477 707 1
477 708 1
477 721 1
477 882 1
477 891 1
477 962 1
477 1023 1
477 1058 1
477 1075 1
477 1109 1
477 1133 1
477 1146 1
477 1212 1
477 1230 1
477 1257 1
477 1358 1
477 1399 1
477 1479 1
477 1562 1
477 1594 1
477 1617 1
477 1684 1
477 1696 1
477 1862 1
477 1880 1
477 1888 1
477 1967 1
477 1968 1
478 492 1
478 643 1
478 673 1
478 696 1
478 726 1
478 749 1
478 775 1
478 803 1
478 820 1
478 840 1
478 885 1
478 1062 1
478 1133 1
478 1206 1
478 1227 1
478 1345 1
478 1401 1
478 1423 1
478 1429 1
478 1475 1
478 1485 1
478 1500 1
478 1512 1
478 1569 1
478 1605 1
478 1621 1
478 1636 1
478 1647 1
478 1698 1
478 1742 1
478 1826 1
478 1852 1
478 1883 1
478 1935 1
478 1966 1
478 1992 1
479 503 1
479 578 1
479 633 1
479 659 1
479 663 1
479 664 1
479 693 1
479 706 1
479 759 1
479 773 1
479 811 1
479 821 1
479 946 1
479 1010 1
479 1023 1
479 1115 1
479 1116 1
479 1146 1
479 1159 1
479 1242 1
479 1287 1
479 1344 1
479 1357 1
479 1534 1
479 1603 1
479 1638 1
479 1658 1
479 1692 1
479 1738 1
479 1783 1
479 1826 1
479 1833 1
479 1859 1
479 1861 1
479 1923 1
479 1943 1
480 531 1
480 540 1
480 574 1
480 591 1
480 614 1
480 651 1
480 659 1
480 671 1
480 690 1
480 691 1
480 705 1
480 707 1
480 719 1
480 742 1
480 850 1
480 871 1
480 879 1
480 888 1
480 898 1
480 911 1
480 970 1
480 1019 1
480 1022 1
480 1053 1
480 1057 1
480 1059 1
480 1061 1
480 1063 1
480 1228 1
480 1231 1
480 1267 1
480 1309 1
480 1340 1
480 1356 1
480 1359 1
480 1376 1
480 1403 1
480 1412 1
480 1474 1
480 1545 1
480 1547 1
480 1604 1
480 1623 1
480 1750 1
480 1766 1
480 1776 1
480 1832 1
480 1921 1
480 1928 1
480 1937 1
480 1970 1
481 485 1
481 550 1
481 611 1
481 634 1
481 668 1
481 713 1
481 716 1
481 774 1
481 781 1
481 928 1
481 932 1
481 952 1
481 953 1
481 991 1
481 1000 1
481 1066 1
481 1086 1
481 1168 1
481 1191 1
481 1193 1
481 1233 1
481 1304 1
481 1321 1
481 1337 1
481 1387 1
481 1431 1
481 1452 1
481 1495 1
481 1575 1
481 1576 1
481 1680 1
481 1772 1
481 1872 1
481 1874 1
481 1917 1
481 1934 1
481 1939 1
481 1993 1
482 497 1
482 583 1
482 611 1
482 696 1
482 708 1
482 729 1
482 734 1
482 769 1
482 870 1
482 900 1
482 910 1
482 1080 1
482 1083 1
482 1103 1
482 1125 1
482 1150 1
482 1157 1
482 1190 1
482 1207 1
482 1239 1
482 1317 1
482 1331 1
482 1392 1
482 1439 1
482 1464 1
482 1477 1
482 1483 1
482 1540 1
482 1589 1
482 1617 1
482 1647 1
482 1662 1
482 1715 1
482 1806 1
482 1887 1
482 1945 1
483 488 1
483 531 1
483 553 1
483 658 1
483 789 1
483 836 1
483 856 1
483 875 1
483 1005 1
483 1020 1
483 1051 1
483 1052 1
483 1184 1
483 1240 1
483 1255 1
483 1257 1
483 1263 1
483 1272 1
483 1281 1
483 1400 1
483 1405 1
483 1438 1
483 1463 1
483 1511 1
483 1599 1
483 1601 1
483 1622 1
483 1644 1
483 1689 1
483 1709 1
483 1725 1
483 1759 1
483 1768 1
483 1781 1
483 1874 1
483 1909 1
483 1939 1
483 1946 1
483 1956 1
483 1992 1
484 530 1
484 542 1
484 548 1
484 624 1
484 633 1
484 703 1
484 725 1
484 755 1
484 781 1
484 816 1
484 873 1
484 942 1
484 958 1
484 977 1
484 994 1
484 1036 1
484 1057 1
484 1082 1
484 1089 1
484 1099 1
484 1135 1
484 1359 1
484 1417 1
484 1491 1
484 1540 1
484 1574 1
484 1587 1
484 1617 1
484 1661 1
484 1760 1
484 1816 1
484 1977 1
484 1986 1
485 515 1
485 565 1
485 602 1
485 612 1
485 624 1
485 712 1
485 716 1
485 752 1
485 766 1
485 776 1
485 891 1
485 900 1
485 908 1
485 974 1
485 1049 1
485 1055 1
485 1080 1
485 1091 1
485 1093 1
485 1115 1
485 1120 1
485 1121 1
485 1130 1
485 1133 1
485 1160 1
485 1181 1
485 1192 1
485 1212 1
485 1287 1
485 1303 1
485 1343 1
485 1420 1
485 1445 1
485 1448 1
485 1620 1
485 1659 1
485 1661 1
485 1699 1
485 1703 1
485 1821 1
485 1887 1
485 1914 1
485 1961 1
485 1997 1
486 520 1
486 526 1
486 555 1
486 630 1
486 648 1
486 696 1
486 721 1
486 764 1
486 838 1
486 871 1
486 931 1
486 950 1
486 998 1
486 1003 1
486 1030 1
486 1050 1
486 1083 1
486 1088 1
486 1144 1
486 1146 1
486 1159 1
486 1257 1
486 1258 1
486 1259 1
486 1281 1
486 1318 1
486 1382 1
486 1388 1
486 1400 1
486 1404 1
486 1405 1
486 1406 1
486 1446 1
486 1513 1
486 1532 1
486 1635 1
486 1646 1
486 1650 1
486 1884 1
487 627 1
487 647 1
487 664 1
487 822 1
487 825 1
487 845 1
487 852 1
487 858 1
487 956 1
487 967 1
487 1010 1
487 1054 1
487 1092 1
487 1117 1
487 1231 1
487 1250 1
487 1285 1
487 1310 1
487 1321 1
487 1326 1
487 1332 1
487 1366 1
487 1464 1
487 1478 1
487 1488 1
487 1545 1
487 1546 1
487 1559 1
487 1663 1
487 1681 1
487 1691 1
487 1702 1
487 1721 1
487 1740 1
487 1750 1
487 1866 1
487 1867 1
487 1895 1
487 1940 1
488 528 1
488 561 1
488 617 1
488 672 1
488 691 1
488 701 1
488 750 1
488 801 1
488 835 1
488 859 1
488 863 1
488 981 1
488 995 1
488 1000 1
488 1075 1
488 1090 1
488 1121 1
488 1160 1
488 1164 1
488 1185 1
488 1186 1
488 1191 1
488 1204 1
488 1205 1
488 1235 1
488 1310 1
488 1364 1
488 1391 1
488 1425 1
488 1488 1
488 1567 1
488 1684 1
488 1705 1
488 1706 1
488 1719 1
488 1721 1
488 1752 1
488 1803 1
488 1820 1
488 1859 1
488 1946 1
489 500 1
489 664 1
489 670 1
489 681 1
489 790 1
489 850 1
489 893 1
489 951 1
489 976 1
489 1065 1
489 1071 1
489 1214 1
489 1248 1
489 1331 1
489 1365 1
489 1374 1
489 1444 1
489 1500 1
489 1505 1
489 1528 1
489 1580 1
489 1610 1
489 1626 1
489 1627 1
489 1639 1
489 1703 1
489 1762 1
489 1872 1
489 1885 1
489 1899 1
489 1956 1
489 1982 1
490 574 1
490 636 1
490 661 1
490 703 1
490 765 1
490 804 1
490 826 1
490 827 1
490 860 1
490 923 1
490 981 1
490 1019 1
490 1022 1
490 1079 1
490 1166 1
490 1204 1
490 1209 1
490 1251 1
490 1262 1
490 1293 1
490 1294 1
490 1300 1
490 1311 1
490 1330 1
490 1332 1
490 1424 1
490 1446 1
490 1451 1
490 1476 1
490 1499 1
490 1537 1
490 1589 1
490 1614 1
490 1672 1
490 1703 1
490 1712 1
490 1835 1
490 1874 1
490 1889 1
490 1896 1
490 1908 1
490 1940 1
490 1964 1
490 1973 1
491 531 1
491 536 1
491 552 1
491 692 1
491 726 1
491 740 1
491 816 1
491 818 1
491 839 1
491 874 1
491 901 1
491 915 1
491 919 1
491 929 1
491 939 1
491 965 1
491 983 1
491 994 1
491 1009 1
491 1049 1
491 1094 1
491 1099 1
491 1139 1
491 1158 1
491 1248 1
491 1258 1
491 1325 1
491 1405 1
491 1448 1
491 1479 1
491 1496 1
491 1578 1
491 1598 1
491 1603 1
491 1680 1
491 1702 1
491 1767 1
491 1789 1
491 1799 1
491 1849 1
491 1862 1
491 1900 1
491 1904 1
492 532 1
492 560 1
492 597 1
492 636 1
492 706 1
492 730 1
492 731 1
492 838 1
492 953 1
492 999 1
492 1081 1
492 1095 1
492 1146 1
492 1212 1
492 1225 1
492 1228 1
492 1233 1
492 1293 1
492 1362 1
492 1446 1
492 1455 1
492 1514 1
492 1519 1
492 1614 1
492 1720 1
492 1725 1
492 1763 1
492 1773 1
492 1800 1
492 1822 1
492 1855 1
492 1960 1
492 1976 1
492 1987 1
493 537 1
493 594 1
493 654 1
493 709 1
493 771 1
493 779 1
493 798 1
493 826 1
493 850 1
493 894 1
493 905 1
493 947 1
493 958 1
493 988 1
493 1006 1
493 1011 1
493 1040 1
493 1053 1
493 1061 1
493 1075 1
493 1117 1
493 1124 1
493 1197 1
493 1248 1
493 1255 1
493 1288 1
493 1293 1
493 1372 1
493 1542 1
493 1631 1
493 1654 1
493 1666 1
493 1812 1
493 1898 1
493 1906 1
493 1956 1
493 1965 1
493 1981 1
494 552 1
494 591 1
494 632 1
494 758 1
494 866 1
494 877 1
494 891 1
494 909 1
494 928 1
494 1020 1
494 1032 1
494 1033 1
494 1092 1
494 1196 1
494 1269 1
494 1403 1
494 1435 1
494 1474 1
494 1546 1
494 1658 1
494 1682 1
494 1744 1
494 1762 1
494 1838 1
494 1886 1
494 1887 1
494 1897 1
494 1905 1
494 1909 1
494 1915 1
494 1961 1
495 501 1
495 513 1
495 594 1
495 609 1
495 628 1
495 639 1
495 669 1
495 670 1
495 709 1
495 726 1
495 735 1
495 741 1
495 764 1
495 837 1
495 838 1
495 847 1
495 869 1
495 875 1
495 887 1
495 916 1
495 945 1
495 966 1
495 1026 1
495 1083 1
495 1119 1
495 1152 1
495 1161 1
495 1208 1
495 1229 1
495 1306 1
495 1371 1
495 1403 1
495 1482 1
495 1499 1
495 1511 1
495 1563 1
495 1678 1
495 1687 1
495 1697 1
495 1709 1
495 1712 1
495 1821 1
495 1864 1
495 1879 1
495 1902 1
495 1916 1
495 1921 1
495 1986 1
496 519 1
496 564 1
496 580 1
496 696 1
496 735 1
496 763 1
496 786 1
496 832 1
496 958 1
496 961 1
496 988 1
496 1024 1
496 1031 1
496 1034 1
496 1068 1
496 1115 1
496 1117 1
496 1120 1
496 1126 1
496 1155 1
496 1160 1
496 1185 1
496 1335 1
496 1365 1
496 1406 1
496 1538 1
496 1542 1
496 1591 1
496 1597 1
496 1616 1
496 1635 1
496 1648 1
496 1659 1
496 1671 1
496 1680 1
496 1688 1
496 1707 1
496 1734 1
496 1761 1
496 1785 1
496 1818 1
496 1834 1
496 1876 1
496 1913 1
496 1938 1
496 1949 1
496 1979 1
497 512 1
497 520 1
497 552 1
497 559 1
497 587 1
497 670 1
497 675 1
497 703 1
497 750 1
497 844 1
497 889 1
497 932 1
497 944 1
497 961 1
497 981 1
497 1010 1
497 1017 1
497 1052 1
497 1069 1
497 1076 1
497 1130 1
497 1144 1
497 1175 1
497 1216 1
497 1262 1
497 1278 1
497 1339 1
497 1405 1
497 1435 1
497 1504 1
497 1516 1
497 1542 1
497 1587 1
497 1618 1
497 1699 1
497 1788 1
497 1819 1
497 1881 1
497 1882 1
497 1889 1
497 1915 1
497 1998 1
498 618 1
498 643 1
498 672 1
498 674 1
498 746 1
498 756 1
498 801 1
498 804 1
498 806 1
498 819 1
498 866 1
498 948 1
498 955 1
498 970 1
498 971 1
498 1020 1
498 1055 1
498 1063 1
498 1117 1
498 1124 1
498 1150 1
498 1155 1
498 1231 1
498 1320 1
498 1323 1
498 1347 1
498 1383 1
498 1429 1
498 1465 1
498 1488 1
498 1549 1
498 1660 1
498 1689 1
498 1772 1
498 1805 1
498 1807 1
498 1830 1
498 1865 1
498 1873 1
498 1928 1
498 1984 1
499 542 1
499 590 1
499 613 1
499 667 1
499 670 1
499 699 1
499 704 1
499 783 1
499 854 1
499 1128 1
499 1325 1
499 1401 1
499 1455 1
499 1594 1
499 1600 1
499 1708 1
499 1713 1
499 1722 1
499 1726 1
499 1753 1
499 1921 1
499 1926 1
499 1989 1
500 517 1
500 563 1
500 573 1
500 574 1
500 614 1
500 683 1
500 750 1
500 787 1
500 800 1
500 835 1
500 858 1
500 871 1
500 889 1
500 925 1
500 932 1
500 934 1
500 999 1
500 1093 1
500 1153 1
500 1156 1
500 1196 1
500 1224 1
500 1229 1
500 1231 1
500 1234 1
500 1269 1
500 1308 1
500 1505 1
500 1531 1
500 1541 1
500 1565 1
500 1688 1
500 1693 1
500 1706 1
500 1841 1
500 1845 1
500 1849 1
500 1917 1
500 1940 1
500 1985 1
501 502 1
501 523 1
501 527 1
501 631 1
501 680 1
501 690 1
501 708 1
501 750 1
501 798 1
501 830 1
501 837 1
501 851 1
501 932 1
501 1034 1
501 1084 1
501 1146 1
501 1181 1
501 1218 1
501 1243 1
501 1264 1
501 1287 1
501 1302 1
501 1365 1
501 1486 1
501 1506 1
501 1641 1
501 1775 1
501 1810 1
501 1889 1
501 1890 1
501 1970 1
502 523 1
502 534 1
502 595 1
502 607 1
502 640 1
502 670 1
502 684 1
502 710 1
502 722 1
502 742 1
502 881 1
502 888 1
502 939 1
502 1020 1
502 1130 1
502 1144 1
502 1154 1
502 1165 1
502 1166 1
502 1185 1
502 1188 1
502 1190 1
502 1209 1
502 1212 1
502 1228 1
502 1244 1
502 1257 1
502 1271 1
502 1350 1
502 1383 1
502 1390 1
502 1460 1
502 1503 1
502 1543 1
502 1596 1
502 1628 1
502 1650 1
502 1734 1
502 1764 1
502 1803 1
502 1819 1
502 1882 1
502 1888 1
502 1914 1
502 1951 1
502 1988 1
503 520 1
503 524 1
503 636 1
503 695 1
503 759 1
503 771 1
503 772 1
503 797 1
503 992 1
503 1044 1
503 1068 1
503 1071 1
503 1076 1
503 1108 1
503 1196 1
503 1213 1
503 1250 1
503 1251 1
503 1304 1
503 1330 1
503 1334 1
503 1360 1
503 1440 1
503 1502 1
503 1549 1
503 1653 1
503 1658 1
503 1768 1
503 1812 1
503 1858 1
503 1861 1
503 1908 1
503 1936 1
503 1954 1
503 1975 1
504 532 1
504 538 1
504 557 1
504 584 1
504 640 1
504 650 1
504 661 1
504 677 1
504 750 1
504 763 1
504 770 1
504 801 1
504 835 1
504 847 1
504 849 1
504 896 1
504 897 1
504 905 1
504 918 1
504 922 1
504 982 1
504 1023 1
504 1062 1
504 1085 1
504 1109 1
504 1138 1
504 1196 1
504 1282 1
504 1317 1
504 1343 1
504 1357 1
504 1361 1
504 1436 1
504 1487 1
504 1569 1
504 1688 1
504 1750 1
504 1767 1
504 1777 1
504 1822 1
504 1941 1
505 508 1
505 511 1
505 516 1
505 520 1
505 583 1
505 596 1
505 644 1
505 685 1
505 704 1
505 758 1
505 766 1
505 814 1
505 834 1
505 837 1
505 870 1
505 910 1
505 979 1
505 1109 1
505 1141 1
505 1162 1
505 1224 1
505 1317 1
505 1438 1
505 1464 1
505 1525 1
505 1534 1
505 1555 1
505 1589 1
505 1621 1
505 1657 1
505 1685 1
505 1716 1
505 1723 1
505 1751 1
505 1798 1
505 1882 1
505 1995 1
506 541 1
506 595 1
506 652 1
506 654 1
506 778 1
506 862 1
506 878 1
506 914 1
506 917 1
506 938 1
506 942 1
506 990 1
506 1007 1
506 1078 1
506 1095 1
506 1137 1
506 1251 1
506 1464 1
506 1486 1
506 1547 1
506 1619 1
506 1631 1
506 1633 1
506 1644 1
506 1708 1
506 1766 1
506 1857 1
506 1899 1
507 516 1
507 520 1
507 521 1
507 580 1
507 611 1
507 614 1
507 634 1
507 666 1
507 724 1
507 728 1
507 748 1
507 761 1
507 776 1
507 815 1
507 868 1
507 903 1
507 948 1
507 1008 1
507 1009 1
507 1043 1
507 1175 1
507 1247 1
507 1267 1
507 1278 1
507 1332 1
507 1338 1
507 1342 1
507 1352 1
507 1374 1
507 1410 1
507 1437 1
507 1463 1
507 1468 1
507 1469 1
507 1597 1
507 1609 1
507 1733 1
507 1745 1
507 1791 1
507 1797 1
507 1841 1
507 1870 1
507 1926 1
507 1932 1
508 543 1
508 602 1
508 687 1
508 707 1
508 711 1
508 723 1
508 724 1
508 773 1
508 803 1
508 828 1
508 969 1
508 975 1
508 978 1
508 1015 1
508 1087 1
508 1140 1
508 1206 1
508 1306 1
508 1332 1
508 1368 1
508 1678 1
508 1682 1
508 1693 1
508 1712 1
508 1749 1
508 1779 1
508 1847 1
508 1870 1
508 1872 1
508 1900 1
508 1934 1
508 1943 1
509 599 1
509 649 1
509 666 1
509 722 1
509 723 1
509 730 1
509 779 1
509 794 1
509 795 1
509 818 1
509 865 1
509 896 1
509 1010 1
509 1157 1
509 1199 1
509 1236 1
509 1267 1
509 1274 1
509 1322 1
509 1330 1
509 1353 1
509 1422 1
509 1427 1
509 1454 1
509 1507 1
509 1622 1
509 1627 1
509 1664 1
509 1727 1
509 1759 1
509 1796 1
509 1852 1
510 520 1
510 619 1
510 633 1
510 678 1
510 679 1
510 720 1
510 753 1
510 784 1
510 817 1
510 824 1
510 892 1
510 918 1
510 1005 1
510 1054 1
510 1059 1
510 1100 1
510 1140 1
510 1160 1
510 1192 1
510 1245 1
510 1276 1
510 1279 1
510 1368 1
510 1395 1
510 1442 1
510 1455 1
510 1467 1
510 1575 1
510 1583 1
510 1649 1
510 1667 1
510 1679 1
510 1712 1
510 1892 1
510 1893 1
510 1973 1
511 533 1
511 543 1
511 573 1
511 690 1
511 745 1
511 753 1
511 821 1
511 833 1
511 924 1
511 932 1
511 1012 1
511 1063 1
511 1076 1
511 1106 1
511 1143 1
511 1165 1
511 1293 1
511 1434 1
511 1436 1
511 1437 1
511 1442 1
511 1470 1
511 1542 1
511 1569 1
511 1590 1
511 1600 1
511 1622 1
511 1630 1
511 1658 1
511 1666 1
511 1671 1
511 1696 1
511 1726 1
511 1750 1
511 1755 1
511 1796 1
511 1821 1
511 1836 1
511 1839 1
511 1863 1
511 1886 1
511 1894 1
511 1930 1
511 1960 1
511 1964 1
511 1975 1
512 517 1
512 589 1
512 627 1
512 687 1
512 713 1
512 737 1
512 775 1
512 781 1
512 785 1
512 805 1
512 813 1
512 865 1
512 905 1
512 917 1
512 926 1
512 971 1
512 999 1
512 1049 1
512 1065 1
512 1105 1
512 1150 1
512 1193 1
512 1231 1
512 1261 1
512 1280 1
512 1283 1
512 1392 1
512 1474 1
512 1511 1
512 1571 1
512 1576 1
512 1713 1
512 1726 1
512 1797 1
512 1867 1
512 1907 1
512 1930 1
512 1962 1
513 538 1
513 557 1
513 614 1
513 619 1
513 652 1
513 772 1
513 834 1
513 879 1
513 912 1
513 973 1
513 990 1
513 1025 1
513 1043 1
513 1119 1
513 1148 1
513 1301 1
513 1336 1
513 1426 1
513 1430 1
513 1444 1
513 1545 1
513 1551 1
513 1582 1
513 1694 1
513 1781 1
513 1814 1
513 1898 1
513 1909 1
513 1911 1
513 1914 1
513 1933 1
513 1946 1
514 555 1
514 598 1
514 601 1
514 862 1
514 912 1
514 915 1
514 954 1
514 1080 1
514 1097 1
514 1135 1
514 1160 1
514 1237 1
514 1250 1
514 1326 1
514 1378 1
514 1386 1
514 1519 1
514 1566 1
514 1586 1
514 1621 1
514 1662 1
514 1667 1
514 1668 1
514 1680 1
514 1682 1
514 1694 1
514 1718 1
514 1780 1
514 1818 1
514 1838 1
514 1899 1
514 1945 1
514 1955 1
514 1975 1
515 546 1
515 626 1
515 644 1
515 744 1
515 789 1
515 803 1
515 819 1
515 845 1
515 865 1
515 871 1
515 875 1
515 928 1
515 978 1
515 1027 1
515 1050 1
515 1100 1
515 1123 1
515 1200 1
515 1217 1
515 1252 1
515 1253 1
515 1256 1
515 1306 1
515 1370 1
515 1384 1
515 1476 1
515 1497 1
515 1542 1
515 1598 1
515 1668 1
515 1669 1
515 1730 1
515 1797 1
515 1811 1
515 1834 1
515 1908 1
515 1979 1
516 578 1
516 662 1
516 719 1
516 735 1
516 844 1
516 846 1
516 860 1
516 946 1
516 953 1
516 961 1
516 962 1
516 1017 1
516 1021 1
516 1093 1
516 1134 1
516 1178 1
516 1211 1
516 1217 1
516 1312 1
516 1314 1
516 1354 1
516 1392 1
516 1406 1
516 1440 1
516 1492 1
516 1535 1
516 1551 1
516 1619 1
516 1625 1
516 1691 1
516 1743 1
516 1748 1
516 1750 1
516 1755 1
516 1772 1
516 1833 1
516 1892 1
516 1894 1
516 1953 1
517 547 1
517 552 1
517 593 1
517 608 1
517 622 1
517 686 1
517 729 1
517 746 1
517 898 1
517 939 1
517 942 1
517 1031 1
517 1038 1
517 1039 1
517 1083 1
517 1088 1
517 1132 1
517 1153 1
517 1239 1
517 1280 1
517 1347 1
517 1420 1
517 1427 1
517 1531 1
517 1637 1
517 1667 1
517 1671 1
517 1768 1
517 1796 1
517 1838 1
517 1850 1
517 1854 1
517 1867 1
517 1870 1
517 1986 1
518 548 1
518 599 1
518 603 1
518 720 1
518 760 1
518 833 1
518 850 1
518 866 1
518 956 1
518 960 1
518 1017 1
518 1082 1
518 1139 1
518 1147 1
518 1154 1
518 1275 1
518 1337 1
518 1382 1
518 1459 1
518 1509 1
518 1577 1
518 1585 1
518 1690 1
518 1692 1
518 1763 1
518 1828 1
518 1881 1
518 1923 1
518 1976 1
518 1991 1
519 559 1
519 603 1
519 607 1
519 611 1
519 668 1
519 673 1
519 700 1
519 754 1
519 779 1
519 796 1
519 813 1
519 817 1
519 882 1
519 904 1
519 926 1
519 960 1
519 997 1
519 1041 1
519 1121 1
519 1140 1
519 1235 1
519 1256 1
519 1359 1
519 1366 1
519 1367 1
519 1376 1
519 1387 1
519 1438 1
519 1444 1
519 1492 1
519 1533 1
519 1547 1
519 1558 1
519 1631 1
519 1662 1
519 1682 1
519 1737 1
519 1775 1
519 1780 1
519 1895 1
519 1942 1
519 1943 1
520 522 1
520 555 1
520 681 1
520 695 1
520 721 1
520 722 1
520 845 1
520 877 1
520 968 1
520 982 1
520 1015 1
520 1046 1
520 1094 1
520 1102 1
520 1169 1
520 1195 1
520 1205 1
520 1226 1
520 1242 1
520 1257 1
520 1272 1
520 1275 1
520 1299 1
520 1309 1
520 1341 1
520 1406 1
520 1434 1
520 1458 1
520 1475 1
520 1530 1
520 1576 1
520 1602 1
520 1612 1
520 1695 1
520 1725 1
520 1733 1
520 1737 1
520 1810 1
520 1850 1
520 1868 1
520 1901 1
520 1921 1
520 1981 1
521 531 1
521 538 1
521 560 1
521 578 1
521 581 1
521 623 1
521 631 1
521 642 1
521 671 1
521 781 1
521 807 1
521 822 1
521 858 1
521 884 1
521 955 1
521 1011 1
521 1076 1
521 1208 1
521 1242 1
521 1243 1
521 1256 1
521 1290 1
521 1300 1
521 1327 1
521 1391 1
521 1430 1
521 1449 1
521 1460 1
521 1482 1
521 1495 1
521 1532 1
521 1613 1
521 1615 1
521 1619 1
521 1635 1
521 1802 1
521 1817 1
521 1822 1
521 1965 1
521 1988 1
522 553 1
522 559 1
522 565 1
522 587 1
522 650 1
522 681 1
522 692 1
522 707 1
522 738 1
522 744 1
522 797 1
522 803 1
522 851 1
522 865 1
522 868 1
522 891 1
522 897 1
522 950 1
522 982 1
522 992 1
522 1067 1
522 1097 1
522 1108 1
522 1154 1
522 1197 1
522 1209 1
522 1283 1
522 1312 1
522 1342 1
522 1404 1
522 1416 1
522 1471 1
522 1494 1
522 1501 1
522 1533 1
522 1535 1
522 1539 1
522 1642 1
522 1651 1
522 1689 1
522 1800 1
522 1807 1
522 1833 1
522 1844 1
522 1864 1
522 1907 1
522 1911 1
522 1964 1
523 533 1
523 547 1
523 588 1
523 597 1
523 645 1
523 665 1
523 838 1
523 904 1
523 971 1
523 988 1
523 1014 1
523 1027 1
523 1046 1
523 1068 1
523 1122 1
523 1178 1
523 1213 1
523 1230 1
523 1346 1
523 1359 1
523 1412 1
523 1562 1
523 1564 1
523 1625 1
523 1633 1
523 1686 1
523 1716 1
523 1717 1
523 1724 1
523 1750 1
523 1754 1
523 1759 1
523 1792 1
523 1800 1
523 1806 1
523 1822 1
523 1836 1
523 1882 1
523 1945 1
524 555 1
524 557 1
524 567 1
524 571 1
524 641 1
524 670 1
524 710 1
524 746 1
524 763 1
524 823 1
524 951 1
524 988 1
524 1134 1
524 1275 1
524 1294 1
524 1328 1
524 1426 1
524 1438 1
524 1463 1
524 1523 1
524 1565 1
524 1616 1
524 1626 1
524 1630 1
524 1691 1
524 1695 1
524 1703 1
524 1705 1
524 1742 1
524 1755 1
524 1765 1
524 1805 1
524 1852 1
524 1872 1
524 1912 1
524 1915 1
524 1929 1
524 1936 1
525 540 1
525 541 1
525 571 1
525 611 1
525 632 1
525 671 1
525 703 1
525 705 1
525 721 1
525 772 1
525 798 1
525 843 1
525 866 1
525 943 1
525 952 1
525 990 1
525 992 1
525 1060 1
525 1088 1
525 1099 1
525 1130 1
525 1155 1
525 1192 1
525 1216 1
525 1246 1
525 1279 1
525 1294 1
525 1355 1
525 1372 1
525 1388 1
525 1440 1
525 1457 1
525 1476 1
525 1580 1
525 1593 1
525 1658 1
525 1711 1
525 1718 1
525 1725 1
525 1733 1
525 1756 1
525 1785 1
525 1933 1
525 1977 1
526 543 1
526 578 1
526 579 1
526 595 1
526 606 1
526 612 1
526 704 1
526 800 1
526 868 1
526 871 1
526 985 1
526 1000 1
526 1025 1
526 1041 1
526 1063 1
526 1099 1
526 1123 1
526 1159 1
526 1252 1
526 1265 1
526 1273 1
526 1387 1
526 1405 1
526 1406 1
526 1443 1
526 1485 1
526 1547 1
526 1607 1
526 1646 1
526 1660 1
526 1670 1
526 1760 1
526 1810 1
526 1824 1
526 1858 1
526 1980 1
526 1991 1
526 1998 1
527 550 1
527 586 1
527 665 1
527 690 1
527 738 1
527 775 1
527 812 1
527 844 1
527 877 1
527 885 1
527 894 1
527 902 1
527 997 1
527 1009 1
527 1050 1
527 1155 1
527 1170 1
527 1189 1
527 1193 1
527 1269 1
527 1367 1
527 1370 1
527 1400 1
527 1403 1
527 1529 1
527 1539 1
527 1611 1
527 1650 1
527 1890 1
527 1901 1
527 1908 1
527 1974 1
528 547 1
528 603 1
528 642 1
528 688 1
528 725 1
528 768 1
528 836 1
528 862 1
528 1015 1
528 1033 1
528 1051 1
528 1125 1
528 1211 1
528 1264 1
528 1308 1
528 1326 1
528 1370 1
528 1382 1
528 1396 1
528 1431 1
528 1450 1
528 1488 1
528 1543 1
528 1551 1
528 1565 1
528 1625 1
528 1775 1
528 1843 1
528 1860 1
528 1863 1
528 1933 1
528 1953 1
528 1983 1
529 566 1
529 609 1
529 628 1
529 662 1
529 747 1
529 830 1
529 859 1
529 867 1
529 1044 1
529 1112 1
529 1200 1
529 1212 1
529 1261 1
529 1361 1
529 1390 1
529 1399 1
529 1427 1
529 1434 1
529 1435 1
529 1478 1
529 1548 1
529 1553 1
529 1598 1
529 1606 1
529 1673 1
529 1676 1
529 1719 1
529 1762 1
529 1783 1
529 1846 1
530 582 1
530 590 1
530 624 1
530 632 1
530 660 1
530 661 1
530 666 1
530 667 1
530 682 1
530 694 1
530 696 1
530 740 1
530 793 1
530 809 1
530 827 1
530 880 1
530 885 1
530 891 1
530 905 1
530 915 1
530 976 1
530 1215 1
530 1227 1
530 1260 1
530 1261 1
530 1331 1
530 1359 1
530 1403 1
530 1414 1
530 1472 1
530 1491 1
530 1528 1
530 1553 1
530 1594 1
530 1618 1
530 1636 1
530 1657 1
530 1728 1
530 1770 1
530 1829 1
530 1840 1
530 1871 1
530 1909 1
530 1913 1
530 1918 1
530 1951 1
531 544 1
531 564 1
531 567 1
531 592 1
531 604 1
531 671 1
531 677 1
531 726 1
531 757 1
531 876 1
531 888 1
531 930 1
531 972 1
531 1022 1
531 1026 1
531 1085 1
531 1123 1
531 1325 1
531 1335 1
531 1339 1
531 1381 1
531 1411 1
531 1412 1
531 1433 1
531 1438 1
531 1462 1
531 1474 1
531 1478 1
531 1482 1
531 1555 1
531 1634 1
531 1678 1
531 1723 1
531 1751 1
531 1794 1
531 1879 1
531 1899 1
531 1967 1
531 1978 1
532 557 1
532 567 1
532 622 1
532 772 1
532 832 1
532 895 1
532 901 1
532 985 1
532 997 1
532 1089 1
532 1092 1
532 1154 1
532 1162 1
532 1174 1
532 1218 1
532 1281 1
532 1284 1
532 1305 1
532 1364 1
532 1393 1
532 1419 1
532 1438 1
532 1453 1
532 1563 1
532 1626 1
532 1706 1
532 1739 1
532 1742 1
532 1766 1
532 1811 1
532 1828 1
532 1901 1
532 1912 1
532 1940 1
532 1941 1
532 1968 1
533 698 1
533 713 1
533 729 1
533 747 1
533 773 1
533 809 1
533 815 1
533 821 1
533 823 1
533 875 1
533 1017 1
533 1031 1
533 1039 1
533 1057 1
533 1202 1
533 1306 1
533 1318 1
533 1351 1
533 1430 1
533 1468 1
533 1489 1
533 1611 1
533 1621 1
533 1660 1
533 1786 1
533 1845 1
533 1887 1
533 1910 1
534 554 1
534 624 1
534 645 1
534 652 1
534 676 1
534 678 1
534 717 1
534 778 1
534 828 1
534 833 1
534 906 1
534 911 1
534 958 1
534 1011 1
534 1040 1
534 1049 1
534 1085 1
534 1148 1
534 1196 1
534 1200 1
534 1216 1
534 1217 1
534 1238 1
534 1307 1
534 1311 1
534 1352 1
534 1378 1
534 1382 1
534 1383 1
534 1413 1
534 1538 1
534 1542 1
534 1543 1
534 1743 1
534 1935 1
534 1963 1
534 1966 1
534 1970 1
534 1975 1
535 567 1
535 572 1
535 580 1
535 584 1
535 585 1
535 833 1
535 917 1
535 958 1
535 976 1
535 977 1
535 990 1
535 1000 1
535 1020 1
535 1063 1
535 1064 1
535 1125 1
535 1150 1
535 1180 1
535 1200 1
535 1212 1
535 1252 1
535 1285 1
535 1301 1
535 1322 1
535 1382 1
535 1393 1
535 1395 1
535 1436 1
535 1480 1
535 1603 1
535 1748 1
535 1778 1
535 1836 1
535 1857 1
535 1888 1
535 1898 1
535 1924 1
535 1941 1
535 1947 1
535 1990 1
536 560 1
536 563 1
536 615 1
536 627 1
536 790 1
536 808 1
536 865 1
536 886 1
536 1007 1
536 1030 1
536 1038 1
536 1069 1
536 1080 1
536 1125 1
536 1155 1
536 1165 1
536 1200 1
536 1207 1
536 1209 1
536 1294 1
536 1305 1
536 1323 1
536 1399 1
536 1405 1
536 1464 1
536 1477 1
536 1515 1
536 1572 1
536 1634 1
536 1669 1
536 1732 1
536 1784 1
536 1900 1
536 1925 1
537 657 1
537 702 1
537 752 1
537 799 1
537 821 1
537 846 1
537 910 1
537 915 1
537 933 1
537 969 1
537 1073 1
537 1159 1
537 1253 1
537 1278 1
537 1280 1
537 1366 1
537 1369 1
537 1410 1
537 1479 1
537 1507 1
537 1613 1
537 1634 1
537 1669 1
537 1728 1
537 1743 1
537 1788 1
537 1798 1
537 1826 1
537 1841 1
537 1895 1
537 1908 1
537 1910 1
537 1928 1
537 1974 1
537 1976 1
538 540 1
538 545 1
538 555 1
538 582 1
538 681 1
538 691 1
538 784 1
538 816 1
538 846 1
538 918 1
538 946 1
538 975 1
538 1004 1
538 1026 1
538 1030 1
538 1108 1
538 1215 1
538 1455 1
538 1479 1
538 1505 1
538 1554 1
538 1597 1
538 1616 1
538 1633 1
538 1639 1
538 1701 1
538 1733 1
538 1739 1
538 1770 1
538 1824 1
538 1851 1
538 1860 1
539 549 1
539 641 1
539 651 1
539 669 1
539 716 1
539 750 1
539 803 1
539 836 1
539 850 1
539 860 1
539 909 1
539 915 1
539 1008 1
539 1033 1
539 1054 1
539 1074 1
539 1084 1
539 1091 1
539 1101 1
539 1116 1
539 1173 1
539 1288 1
539 1295 1
539 1324 1
539 1384 1
539 1449 1
539 1456 1
539 1526 1
539 1586 1
539 1685 1
539 1768 1
539 1771 1
539 1807 1
539 1808 1
539 1822 1
539 1823 1
539 1895 1
539 1905 1
539 1967 1
539 1970 1
539 1972 1
540 619 1
540 706 1
540 838 1
540 844 1
540 899 1
540 958 1
540 978 1
540 1035 1
540 1049 1
540 1064 1
540 1089 1
540 1120 1
540 1127 1
540 1128 1
540 1231 1
540 1343 1
540 1354 1
540 1389 1
540 1445 1
540 1475 1
540 1483 1
540 1504 1
540 1543 1
540 1555 1
540 1567 1
540 1573 1
540 1607 1
540 1627 1
540 1702 1
540 1714 1
540 1743 1
540 1817 1
540 1926 1
540 1956 1
540 1972 1
540 1987 1
541 556 1
541 562 1
541 594 1
541 607 1
541 621 1
541 684 1
541 729 1
541 738 1
541 808 1
541 860 1
541 865 1
541 919 1
541 938 1
541 960 1
541 995 1
541 1004 1
541 1017 1
541 1078 1
541 1091 1
541 1122 1
541 1147 1
541 1152 1
541 1213 1
541 1325 1
541 1423 1
541 1445 1
541 1485 1
541 1504 1
541 1530 1
541 1533 1
541 1555 1
541 1559 1
541 1586 1
541 1590 1
541 1609 1
541 1660 1
541 1703 1
541 1711 1
541 1722 1
541 1786 1
541 1802 1
541 1812 1
541 1837 1
541 1855 1
541 1901 1
541 1905 1
541 1935 1
541 1980 1
541 2000 1
542 550 1
542 568 1
542 636 1
542 673 1
542 699 1
542 749 1
542 852 1
542 929 1
542 946 1
542 956 1
542 985 1
542 1013 1
542 1017 1
542 1025 1
542 1093 1
542 1142 1
542 1195 1
542 1265 1
542 1268 1
542 1284 1
542 1373 1
542 1385 1
542 1434 1
542 1536 1
542 1613 1
542 1638 1
542 1702 1
542 1822 1
542 1884 1
542 1909 1
542 1958 1
542 1970 1
543 565 1
543 574 1
543 673 1
543 674 1
543 696 1
543 717 1
543 735 1
543 761 1
543 824 1
543 869 1
543 903 1
543 942 1
543 1094 1
543 1179 1
543 1191 1
543 1300 1
543 1301 1
543 1332 1
543 1338 1
543 1383 1
543 1406 1
543 1409 1
543 1531 1
543 1538 1
543 1545 1
543 1584 1
543 1663 1
543 1699 1
543 1703 1
543 1748 1
543 1783 1
543 1800 1
543 1825 1
543 1828 1
543 1853 1
543 1858 1
543 1871 1
543 1880 1
543 1937 1
543 1944 1
544 616 1
544 656 1
544 772 1
544 843 1
544 873 1
544 886 1
544 990 1
544 1017 1
544 1046 1
544 1090 1
544 1094 1
544 1106 1
544 1110 1
544 1141 1
544 1173 1
544 1183 1
544 1193 1
544 1210 1
544 1216 1
544 1217 1
544 1244 1
544 1261 1
544 1305 1
544 1444 1
544 1544 1
544 1556 1
544 1630 1
544 1675 1
544 1722 1
544 1747 1
544 1771 1
544 1775 1
544 1881 1
544 1901 1
544 1904 1
544 1957 1
544 1974 1
545 564 1
545 567 1
545 598 1
545 605 1
545 622 1
545 656 1
545 775 1
545 854 1
545 855 1
545 872 1
545 894 1
545 919 1
545 926 1
545 928 1
545 929 1
545 961 1
545 988 1
545 1027 1
545 1040 1
545 1105 1
545 1109 1
545 1246 1
545 1279 1
545 1323 1
545 1361 1
545 1448 1
545 1573 1
545 1590 1
545 1730 1
545 1747 1
545 1755 1
545 1940 1
545 1951 1
545 1960 1
545 1968 1
546 553 1
546 560 1
546 569 1
546 572 1
546 575 1
546 586 1
546 631 1
546 671 1
546 712 1
546 734 1
546 773 1
546 774 1
546 803 1
546 923 1
546 944 1
546 1001 1
546 1045 1
546 1112 1
546 1130 1
546 1165 1
546 1181 1
546 1185 1
546 1192 1
546 1239 1
546 1300 1
546 1303 1
546 1369 1
546 1413 1
546 1416 1
546 1417 1
546 1503 1
546 1554 1
546 1617 1
546 1652 1
546 1656 1
546 1718 1
546 1756 1
546 1799 1
546 1846 1
546 1895 1
546 1958 1
547 589 1
547 606 1
547 658 1
547 714 1
547 771 1
547 778 1
547 817 1
547 854 1
547 906 1
547 937 1
547 1025 1
547 1071 1
547 1074 1
547 1076 1
547 1113 1
547 1118 1
547 1162 1
547 1253 1
547 1278 1
547 1352 1
547 1379 1
547 1410 1
547 1418 1
547 1437 1
547 1495 1
547 1516 1
547 1548 1
547 1682 1
547 1731 1
547 1818 1
547 1935 1
547 1991 1
548 586 1
548 603 1
548 606 1
548 658 1
548 698 1
548 700 1
548 776 1
548 783 1
548 787 1
548 880 1
548 897 1
548 898 1
548 903 1
548 1138 1
548 1245 1
548 1253 1
548 1290 1
548 1340 1
548 1367 1
548 1380 1
548 1388 1
548 1423 1
548 1492 1
548 1505 1
548 1658 1
548 1747 1
548 1781 1
548 1795 1
548 1798 1
548 1808 1
548 1854 1
548 1867 1
548 1900 1
548 1916 1
548 1920 1
548 1967 1
549 564 1
549 670 1
549 745 1
549 768 1
549 787 1
549 791 1
549 801 1
549 860 1
549 953 1
549 980 1
549 1110 1
549 1135 1
549 1195 1
549 1201 1
549 1249 1
549 1286 1
549 1295 1
549 1321 1
549 1330 1
549 1438 1
549 1444 1
549 1460 1
549 1488 1
549 1533 1
549 1602 1
549 1613 1
549 1650 1
549 1667 1
549 1717 1
549 1727 1
549 1753 1
549 1795 1
549 1962 1
549 1987 1
550 565 1
550 587 1
550 653 1
550 693 1
550 780 1
550 797 1
550 842 1
550 843 1
550 850 1
550 875 1
550 882 1
550 891 1
550 893 1
550 904 1
550 959 1
550 969 1
550 1057 1
550 1115 1
550 1140 1
550 1162 1
550 1183 1
550 1203 1
550 1337 1
550 1347 1
550 1456 1
550 1551 1
550 1600 1
550 1686 1
550 1699 1
550 1748 1
550 1767 1
550 1809 1
550 1874 1
550 1881 1
550 1882 1
550 1935 1
550 1936 1
550 1954 1
551 575 1
551 587 1
551 686 1
551 699 1
551 732 1
551 819 1
551 845 1
551 887 1
551 937 1
551 1001 1
551 1040 1
551 1052 1
551 1099 1
551 1113 1
551 1274 1
551 1286 1
551 1348 1
551 1426 1
551 1431 1
551 1511 1
551 1559 1
551 1568 1
551 1607 1
551 1628 1
551 1718 1
551 1798 1
551 1901 1
551 1905 1
551 1906 1
551 1917 1
551 1921 1
551 1958 1
551 1963 1
551 1975 1
552 556 1
552 598 1
552 634 1
552 704 1
552 773 1
552 812 1
552 813 1
552 835 1
552 850 1
552 858 1
552 894 1
552 914 1
552 923 1
552 973 1
552 1009 1
552 1038 1
552 1052 1
552 1081 1
552 1097 1
552 1102 1
552 1132 1
552 1147 1
552 1167 1
552 1184 1
552 1330 1
552 1343 1
552 1384 1
552 1433 1
552 1487 1
552 1502 1
552 1554 1
552 1604 1
552 1644 1
552 1658 1
552 1666 1
552 1831 1
552 1959 1
553 589 1
553 638 1
553 644 1
553 649 1
553 656 1
553 679 1
553 683 1
553 691 1
553 722 1
553 723 1
553 798 1
553 831 1
553 844 1
553 863 1
553 883 1
553 888 1
553 898 1
553 977 1
553 995 1
553 1079 1
553 1084 1
553 1123 1
553 1203 1
553 1217 1
553 1304 1
553 1360 1
553 1379 1
553 1524 1
553 1595 1
553 1618 1
553 1647 1
553 1797 1
553 1843 1
553 1866 1
553 1869 1
553 1879 1
553 1892 1
553 1933 1
553 1973 1
553 1999 1
554 586 1
554 798 1
554 807 1
554 816 1
554 821 1
554 892 1
554 961 1
554 997 1
554 1004 1
554 1080 1
554 1081 1
554 1094 1
554 1097 1
554 1124 1
554 1271 1
554 1335 1
554 1351 1
554 1356 1
554 1360 1
554 1382 1
554 1433 1
554 1466 1
554 1483 1
554 1533 1
554 1534 1
554 1535 1
554 1545 1
554 1598 1
554 1600 1
554 1615 1
554 1636 1
554 1682 1
554 1701 1
554 1717 1
554 1730 1
554 1741 1
554 1780 1
554 1839 1
554 1845 1
554 1975 1
554 1989 1
554 1991 1
555 600 1
555 628 1
555 648 1
555 661 1
555 719 1
555 813 1
555 884 1
555 888 1
555 947 1
555 948 1
555 971 1
555 1011 1
555 1019 1
555 1028 1
555 1073 1
555 1077 1
555 1180 1
555 1256 1
555 1312 1
555 1386 1
555 1388 1
555 1413 1
555 1528 1
555 1535 1
555 1560 1
555 1585 1
555 1614 1
555 1644 1
555 1651 1
555 1658 1
555 1671 1
555 1698 1
555 1702 1
555 1720 1
555 1735 1
555 1745 1
555 1750 1
555 1761 1
555 1772 1
555 1773 1
555 1780 1
555 1787 1
555 1804 1
555 1810 1
555 1875 1
556 637 1
556 645 1
556 680 1
556 693 1
556 839 1
556 899 1
556 1029 1
556 1060 1
556 1108 1
556 1168 1
556 1213 1
556 1248 1
556 1256 1
556 1289 1
556 1294 1
556 1320 1
556 1341 1
556 1356 1
556 1376 1
556 1412 1
556 1447 1
556 1510 1
556 1525 1
556 1566 1
556 1607 1
556 1701 1
556 1758 1
556 1784 1
556 1927 1
556 1938 1
556 1971 1
557 609 1
557 619 1
557 620 1
557 636 1
557 661 1
557 740 1
557 757 1
557 771 1
557 786 1
557 835 1
557 851 1
557 870 1
557 915 1
557 926 1
557 988 1
557 1038 1
557 1097 1
557 1179 1
557 1281 1
557 1344 1
557 1362 1
557 1381 1
557 1424 1
557 1441 1
557 1481 1
557 1493 1
557 1505 1
557 1576 1
557 1586 1
557 1587 1
557 1640 1
557 1655 1
557 1691 1
557 1736 1
557 1836 1
557 1853 1
557 1872 1
557 1901 1
557 1919 1
557 1934 1
557 1943 1
557 1959 1
557 2000 1
558 633 1
558 741 1
558 856 1
558 872 1
558 895 1
558 925 1
558 930 1
558 994 1
558 1002 1
558 1095 1
558 1108 1
558 1140 1
558 1263 1
558 1271 1
558 1293 1
558 1303 1
558 1323 1
558 1410 1
558 1531 1
558 1689 1
558 1722 1
558 1788 1
558 1872 1
558 1887 1
558 1944 1
559 561 1
559 573 1
559 580 1
559 643 1
559 708 1
559 736 1
559 752 1
559 769 1
559 888 1
559 892 1
559 909 1
559 930 1
559 945 1
559 953 1
559 1015 1
559 1021 1
559 1053 1
559 1098 1
559 1102 1
559 1121 1
559 1209 1
559 1218 1
559 1232 1
559 1252 1
559 1272 1
559 1339 1
559 1432 1
559 1434 1
559 1440 1
559 1445 1
559 1451 1
559 1484 1
559 1499 1
559 1521 1
559 1578 1
559 1590 1
559 1602 1
559 1668 1
559 1718 1
559 1727 1
559 1737 1
559 1783 1
559 1791 1
559 1803 1
559 1828 1
559 1906 1
559 1940 1
559 1964 1
560 641 1
560 674 1
560 760 1
560 831 1
560 865 1
560 905 1
560 998 1
560 1043 1
560 1045 1
560 1119 1
560 1130 1
560 1156 1
560 1159 1
560 1176 1
560 1222 1
560 1234 1
560 1264 1
560 1304 1
560 1308 1
560 1312 1
560 1314 1
560 1360 1
560 1388 1
560 1425 1
560 1443 1
560 1465 1
560 1495 1
560 1528 1
560 1565 1
560 1582 1
560 1583 1
560 1597 1
560 1668 1
560 1776 1
560 1786 1
560 1792 1
560 1859 1
560 1874 1
560 1942 1
560 1954 1
560 1991 1
561 627 1
561 720 1
561 741 1
561 772 1
561 800 1
561 816 1
561 828 1
561 873 1
561 883 1
561 915 1
561 917 1
561 930 1
561 953 1
561 1013 1
561 1055 1
561 1084 1
561 1101 1
561 1104 1
561 1108 1
561 1182 1
561 1213 1
561 1271 1
561 1312 1
561 1377 1
561 1519 1
561 1526 1
561 1551 1
561 1641 1
561 1658 1
561 1715 1
561 1732 1
561 1799 1
561 1901 1
561 1910 1
561 1921 1
561 1978 1
562 608 1
562 734 1
562 774 1
562 806 1
562 810 1
562 857 1
562 860 1
562 878 1
562 899 1
562 944 1
562 962 1
562 970 1
562 1020 1
562 1049 1
562 1069 1
562 1091 1
562 1131 1
562 1174 1
562 1210 1
562 1257 1
562 1278 1
562 1294 1
562 1305 1
562 1337 1
562 1341 1
562 1360 1
562 1374 1
562 1436 1
562 1443 1
562 1474 1
562 1549 1
562 1587 1
562 1652 1
562 1679 1
562 1707 1
562 1747 1
562 1791 1
562 1826 1
562 1828 1
562 1878 1
563 639 1
563 645 1
563 669 1
563 689 1
563 730 1
563 753 1
563 789 1
563 857 1
563 860 1
563 906 1
563 911 1
563 933 1
563 947 1
563 994 1
563 1031 1
563 1033 1
563 1061 1
563 1169 1
563 1181 1
563 1186 1
563 1315 1
563 1344 1
563 1470 1
563 1479 1
563 1536 1
563 1540 1
563 1612 1
563 1615 1
563 1626 1
563 1628 1
563 1639 1
563 1685 1
563 1742 1
563 1754 1
563 1822 1
563 1826 1
563 1832 1
563 1844 1
563 1889 1
563 1893 1
563 1988 1
564 649 1
564 799 1
564 800 1
564 855 1
564 895 1
564 1048 1
564 1091 1
564 1095 1
564 1145 1
564 1252 1
564 1287 1
564 1391 1
564 1445 1
564 1581 1
564 1600 1
564 1668 1
564 1711 1
564 1748 1
564 1804 1
564 1808 1
564 1932 1
564 1937 1
564 1956 1
565 610 1
565 749 1
565 794 1
565 819 1
565 890 1
565 897 1
565 949 1
565 1105 1
565 1196 1
565 1350 1
565 1390 1
565 1466 1
565 1469 1
565 1470 1
565 1501 1
565 1517 1
565 1575 1
565 1590 1
565 1598 1
565 1654 1
565 1725 1
565 1782 1
565 1784 1
565 1828 1
565 1842 1
565 1861 1
565 1864 1
565 1910 1
565 1925 1
565 1931 1
565 1950 1
565 1979 1
566 580 1
566 603 1
566 684 1
566 709 1
566 723 1
566 738 1
566 763 1
566 769 1
566 799 1
566 857 1
566 948 1
566 976 1
566 1032 1
566 1189 1
566 1266 1
566 1294 1
566 1352 1
566 1424 1
566 1462 1
566 1548 1
566 1612 1
566 1769 1
566 1790 1
566 1806 1
566 1843 1
566 1862 1
566 1871 1
566 1891 1
566 1910 1
566 1951 1
566 1991 1
567 570 1
567 901 1
567 947 1
567 982 1
567 988 1
567 994 1
567 1029 1
567 1058 1
567 1078 1
567 1085 1
567 1120 1
567 1150 1
567 1198 1
567 1207 1
567 1329 1
567 1381 1
567 1458 1
567 1489 1
567 1498 1
567 1502 1
567 1521 1
567 1528 1
567 1541 1
567 1547 1
567 1552 1
567 1554 1
567 1567 1
567 1594 1
567 1722 1
567 1755 1
567 1788 1
567 1798 1
567 1803 1
567 1841 1
567 1909 1
567 1989 1
568 704 1
568 751 1
568 843 1
568 874 1
568 926 1
568 931 1
568 1046 1
568 1068 1
568 1088 1
568 1137 1
568 1194 1
568 1248 1
568 1295 1
568 1299 1
568 1358 1
568 1386 1
568 1390 1
568 1409 1
568 1514 1
568 1558 1
568 1739 1
568 1789 1
568 1819 1
568 1830 1
568 1847 1
568 1850 1
568 1872 1
568 1916 1
569 587 1
569 627 1
569 667 1
569 735 1
569 758 1
569 848 1
569 876 1
569 877 1
569 923 1
569 936 1
569 940 1
569 1011 1
569 1025 1
569 1080 1
569 1100 1
569 1104 1
569 1142 1
569 1145 1
569 1203 1
569 1238 1
569 1247 1
569 1276 1
569 1288 1
569 1380 1
569 1381 1
569 1446 1
569 1468 1
569 1505 1
569 1531 1
569 1542 1
569 1547 1
569 1594 1
569 1717 1
569 1723 1
569 1737 1
569 1751 1
569 1846 1
569 1872 1
569 1898 1
569 1949 1
570 580 1
570 610 1
570 655 1
570 673 1
570 697 1
570 745 1
570 794 1
570 853 1
570 875 1
570 932 1
570 1010 1
570 1058 1
570 1066 1
570 1084 1
570 1115 1
570 1238 1
570 1260 1
570 1274 1
570 1292 1
570 1320 1
570 1322 1
570 1337 1
570 1494 1
570 1522 1
570 1566 1
570 1592 1
570 1600 1
570 1623 1
570 1644 1
570 1791 1
570 1835 1
570 1840 1
570 1850 1
570 1877 1
570 1982 1
571 614 1
571 662 1
571 681 1
571 708 1
571 755 1
571 804 1
571 837 1
571 970 1
571 982 1
571 997 1
571 1014 1
571 1017 1
571 1021 1
571 1082 1
571 1115 1
571 1227 1
571 1238 1
571 1278 1
571 1313 1
571 1325 1
571 1373 1
571 1425 1
571 1480 1
571 1579 1
571 1627 1
571 1691 1
571 1805 1
571 1901 1
571 1951 1
571 1957 1
571 1970 1
572 586 1
572 587 1
572 591 1
572 603 1
572 715 1
572 722 1
572 727 1
572 740 1
572 789 1
572 816 1
572 899 1
572 916 1
572 925 1
572 955 1
572 956 1
572 964 1
572 974 1
572 975 1
572 988 1
572 1098 1
572 1157 1
572 1171 1
572 1203 1
572 1265 1
572 1275 1
572 1278 1
572 1287 1
572 1302 1
572 1320 1
572 1384 1
572 1439 1
572 1479 1
572 1498 1
572 1505 1
572 1541 1
572 1555 1
572 1618 1
572 1626 1
572 1652 1
572 1660 1
572 1679 1
572 1734 1
572 1757 1
572 1786 1
572 1830 1
572 1834 1
572 1920 1
572 1948 1
573 576 1
573 681 1
573 717 1
573 757 1
573 865 1
573 877 1
573 920 1
573 937 1
573 945 1
573 951 1
573 1039 1
573 1052 1
573 1092 1
573 1201 1
573 1250 1
573 1283 1
573 1339 1
573 1350 1
573 1362 1
573 1401 1
573 1425 1
573 1448 1
573 1479 1
573 1481 1
573 1486 1
573 1493 1
573 1567 1
573 1630 1
573 1657 1
573 1689 1
573 1692 1
573 1725 1
573 1762 1
573 1819 1
573 1840 1
573 1843 1
573 1853 1
573 1869 1
573 1928 1
573 1978 1
573 1980 1
573 1985 1
574 644 1
574 739 1
574 777 1
574 807 1
574 816 1
574 849 1
574 979 1
574 983 1
574 989 1
574 1110 1
574 1128 1
574 1167 1
574 1253 1
574 1278 1
574 1283 1
574 1288 1
574 1318 1
574 1325 1
574 1444 1
574 1448 1
574 1483 1
574 1495 1
574 1562 1
574 1571 1
574 1611 1
574 1623 1
574 1635 1
574 1645 1
574 1654 1
574 1666 1
574 1747 1
574 1760 1
574 1827 1
574 1926 1
574 1970 1
574 1973 1
574 1979 1
575 586 1
575 598 1
575 625 1
575 631 1
575 730 1
575 866 1
575 880 1
575 889 1
575 920 1
575 927 1
575 939 1
575 979 1
575 996 1
575 1046 1
575 1131 1
575 1132 1
575 1143 1
575 1179 1
575 1239 1
575 1295 1
575 1298 1
575 1371 1
575 1406 1
575 1433 1
575 1507 1
575 1510 1
575 1532 1
575 1694 1
575 1767 1
575 1813 1
575 1833 1
575 1872 1
575 1885 1
575 1951 1
576 580 1
576 607 1
576 627 1
576 636 1
576 675 1
576 711 1
576 727 1
576 736 1
576 766 1
576 774 1
576 921 1
576 942 1
576 1032 1
576 1053 1
576 1085 1
576 1176 1
576 1179 1
576 1215 1
576 1253 1
576 1296 1
576 1300 1
576 1391 1
576 1396 1
576 1535 1
576 1600 1
576 1761 1
576 1785 1
576 1917 1
576 1954 1
576 1962 1
577 582 1
577 798 1
577 852 1
577 875 1
577 946 1
577 966 1
577 973 1
577 1031 1
577 1067 1
577 1084 1
577 1129 1
577 1161 1
577 1162 1
577 1203 1
577 1231 1
577 1236 1
577 1334 1
577 1342 1
577 1346 1
577 1389 1
577 1395 1
577 1410 1
577 1412 1
577 1437 1
577 1461 1
577 1476 1
577 1618 1
577 1684 1
577 1737 1
577 1751 1
577 1753 1
577 1913 1
578 586 1
578 596 1
578 609 1
578 702 1
578 729 1
578 822 1
578 875 1
578 878 1
578 960 1
578 990 1
578 1049 1
578 1092 1
578 1133 1
578 1152 1
578 1182 1
578 1253 1
578 1258 1
578 1324 1
578 1418 1
578 1426 1
578 1439 1
578 1456 1
578 1459 1
578 1490 1
578 1530 1
578 1539 1
578 1547 1
578 1585 1
578 1586 1
578 1588 1
578 1610 1
578 1635 1
578 1681 1
578 1707 1
578 1726 1
578 1754 1
578 1786 1
578 1825 1
578 1845 1
578 1940 1
578 1962 1
578 1996 1
579 586 1
579 598 1
579 711 1
579 725 1
579 750 1
579 757 1
579 759 1
579 780 1
579 831 1
579 860 1
579 934 1
579 944 1
579 968 1
579 1061 1
579 1087 1
579 1226 1
579 1228 1
579 1245 1
579 1346 1
579 1352 1
579 1374 1
579 1497 1
579 1554 1
579 1561 1
579 1617 1
579 1619 1
579 1680 1
579 1693 1
579 1721 1
579 1727 1
579 1794 1
579 1802 1
579 1824 1
579 1833 1
579 1887 1
579 1919 1
579 1927 1
580 599 1
580 659 1
580 665 1
580 728 1
580 750 1
580 782 1
580 900 1
580 930 1
580 1020 1
580 1155 1
580 1184 1
580 1204 1
580 1253 1
580 1263 1
580 1320 1
580 1350 1
580 1386 1
580 1392 1
580 1448 1
580 1464 1
580 1576 1
580 1654 1
580 1693 1
580 1730 1
580 1798 1
580 1864 1
580 1872 1
580 1874 1
580 1936 1
580 1977 1
581 598 1
581 648 1
581 667 1
581 752 1
581 771 1
581 898 1
581 927 1
581 940 1
581 1004 1
581 1073 1
581 1094 1
581 1227 1
581 1237 1
581 1247 1
581 1267 1
581 1326 1
581 1367 1
581 1449 1
581 1493 1
581 1500 1
581 1534 1
581 1558 1
581 1600 1
581 1626 1
581 1661 1
581 1699 1
581 1720 1
581 1758 1
581 1765 1
581 1770 1
581 1795 1
581 1842 1
581 1847 1
581 1862 1
581 1863 1
581 1994 1
582 592 1
582 649 1
582 754 1
582 762 1
582 775 1
582 903 1
582 978 1
582 981 1
582 1002 1
582 1033 1
582 1114 1
582 1203 1
582 1251 1
582 1252 1
582 1264 1
582 1275 1
582 1310 1
582 1311 1
582 1317 1
582 1415 1
582 1509 1
582 1531 1
582 1544 1
582 1653 1
582 1704 1
582 1716 1
582 1729 1
582 1766 1
582 1823 1
582 1861 1
582 1896 1
582 1902 1
582 1929 1
582 1961 1
582 1962 1
583 619 1
583 647 1
583 674 1
583 694 1
583 704 1
583 730 1
583 804 1
583 835 1
583 847 1
583 855 1
583 859 1
583 887 1
583 932 1
583 982 1
583 997 1
583 1059 1
583 1102 1
583 1110 1
583 1126 1
583 1199 1
583 1354 1
583 1370 1
583 1371 1
583 1389 1
583 1391 1
583 1419 1
583 1423 1
583 1451 1
583 1456 1
583 1462 1
583 1497 1
583 1609 1
583 1690 1
583 1702 1
583 1706 1
583 1746 1
583 1774 1
583 1825 1
583 1989 1
584 614 1
584 636 1
584 653 1
584 710 1
584 761 1
584 878 1
584 1003 1
584 1014 1
584 1024 1
584 1082 1
584 1096 1
584 1117 1
584 1122 1
584 1378 1
584 1426 1
584 1429 1
584 1502 1
584 1513 1
584 1533 1
584 1539 1
584 1560 1
584 1598 1
584 1603 1
584 1680 1
584 1682 1
584 1691 1
584 1841 1
584 1925 1
584 1970 1
585 586 1
585 593 1
585 601 1
585 613 1
585 630 1
585 641 1
585 642 1
585 655 1
585 666 1
585 677 1
585 816 1
585 838 1
585 841 1
585 893 1
585 937 1
585 1039 1
585 1237 1
585 1260 1
585 1407 1
585 1422 1
585 1428 1
585 1466 1
585 1473 1
585 1489 1
585 1509 1
585 1543 1
585 1553 1
585 1617 1
585 1684 1
585 1723 1
585 1757 1
585 1768 1
585 1837 1
585 1913 1
585 1918 1
586 674 1
586 764 1
586 771 1
586 859 1
586 900 1
586 902 1
586 922 1
586 947 1
586 971 1
586 1019 1
586 1077 1
586 1129 1
586 1204 1
586 1281 1
586 1334 1
586 1369 1
586 1392 1
586 1412 1
586 1450 1
586 1468 1
586 1496 1
586 1501 1
586 1559 1
586 1562 1
586 1583 1
586 1618 1
586 1652 1
586 1905 1
586 1928 1
587 632 1
587 668 1
587 689 1
587 749 1
587 926 1
587 927 1
587 943 1
587 981 1
587 996 1
587 1027 1
587 1048 1
587 1069 1
587 1105 1
587 1268 1
587 1325 1
587 1329 1
587 1364 1
587 1384 1
587 1391 1
587 1409 1
587 1419 1
587 1460 1
587 1478 1
587 1492 1
587 1619 1
587 1641 1
587 1706 1
587 1731 1
587 1775 1
587 1834 1
587 1866 1
587 1982 1
588 604 1
588 628 1
588 635 1
588 636 1
588 673 1
588 698 1
588 699 1
588 739 1
588 814 1
588 845 1
588 873 1
588 895 1
588 965 1
588 1117 1
588 1147 1
588 1148 1
588 1288 1
588 1299 1
588 1360 1
588 1368 1
588 1378 1
588 1461 1
588 1517 1
588 1550 1
588 1649 1
588 1650 1
588 1660 1
588 1703 1
588 1804 1
588 1850 1
588 1856 1
588 1891 1
588 1958 1
589 608 1
589 680 1
589 725 1
589 731 1
589 732 1
589 747 1
589 763 1
589 766 1
589 781 1
589 789 1
589 812 1
589 838 1
589 911 1
589 912 1
589 928 1
589 986 1
589 1018 1
589 1052 1
589 1094 1
589 1107 1
589 1124 1
589 1151 1
589 1166 1
589 1217 1
589 1224 1
589 1264 1
589 1268 1
589 1273 1
589 1279 1
589 1353 1
589 1363 1
589 1377 1
589 1418 1
589 1468 1
589 1494 1
589 1610 1
589 1669 1
589 1689 1
589 1698 1
589 1812 1
589 1815 1
589 1874 1
589 1876 1
589 1936 1
590 714 1
590 727 1
590 752 1
590 853 1
590 856 1
590 914 1
590 920 1
590 938 1
590 1102 1
590 1132 1
590 1159 1
590 1226 1
590 1239 1
590 1272 1
590 1303 1
590 1314 1
590 1358 1
590 1532 1
590 1535 1
590 1591 1
590 1643 1
590 1782 1
590 1802 1
590 1852 1
590 1875 1
590 1906 1
590 1962 1
590 1965 1
590 1986 1
590 1992 1
591 629 1
591 638 1
591 763 1
591 764 1
591 787 1
591 856 1
591 857 1
591 939 1
591 941 1
591 957 1
591 989 1
591 998 1
591 1093 1
591 1186 1
591 1215 1
591 1252 1
591 1264 1
591 1363 1
591 1417 1
591 1428 1
591 1457 1
591 1459 1
591 1511 1
591 1583 1
591 1597 1
591 1618 1
591 1676 1
591 1693 1
591 1852 1
591 1958 1
591 1968 1
592 627 1
592 671 1
592 732 1
592 831 1
592 886 1
592 976 1
592 986 1
592 1125 1
592 1127 1
592 1243 1
592 1280 1
592 1355 1
592 1436 1
592 1443 1
592 1489 1
592 1496 1
592 1497 1
592 1593 1
592 1594 1
592 1603 1
592 1628 1
592 1696 1
592 1697 1
592 1700 1
592 1719 1
592 1722 1
592 1747 1
592 1822 1
592 1856 1
592 1895 1
592 1921 1
592 1928 1
592 1954 1
592 1957 1
592 1966 1
593 617 1
593 624 1
593 719 1
593 723 1
593 750 1
593 821 1
593 954 1
593 974 1
593 993 1
593 997 1
593 1121 1
593 1165 1
593 1170 1
593 1225 1
593 1239 1
593 1271 1
593 1301 1
593 1304 1
593 1317 1
593 1318 1
593 1412 1
593 1417 1
593 1442 1
593 1518 1
593 1534 1
593 1618 1
593 1689 1
593 1795 1
593 1822 1
593 1908 1
593 1947 1
594 659 1
594 669 1
594 687 1
594 769 1
594 781 1
594 809 1
594 829 1
594 917 1
594 921 1
594 935 1
594 940 1
594 943 1
594 955 1
594 1006 1
594 1029 1
594 1053 1
594 1087 1
594 1101 1
594 1108 1
594 1152 1
594 1217 1
594 1242 1
594 1303 1
594 1311 1
594 1345 1
594 1360 1
594 1364 1
594 1459 1
594 1472 1
594 1477 1
594 1483 1
594 1512 1
594 1539 1
594 1566 1
594 1600 1
594 1678 1
594 1680 1
594 1690 1
594 1706 1
594 1835 1
594 1898 1
594 1899 1
594 1910 1
594 1997 1
595 709 1
595 775 1
595 980 1
595 1046 1
595 1070 1
595 1120 1
595 1128 1
595 1133 1
595 1150 1
595 1195 1
595 1255 1
595 1262 1
595 1263 1
595 1266 1
595 1322 1
595 1326 1
595 1351 1
595 1475 1
595 1573 1
595 1577 1
595 1602 1
595 1603 1
595 1615 1
595 1638 1
595 1686 1
595 1776 1
595 1834 1
595 1860 1
595 1929 1
596 602 1
596 619 1
596 678 1
596 741 1
596 780 1
596 811 1
596 874 1
596 937 1
596 973 1
596 1067 1
596 1107 1
596 1143 1
596 1159 1
596 1166 1
596 1176 1
596 1234 1
596 1250 1
596 1351 1
596 1356 1
596 1383 1
596 1396 1
596 1439 1
596 1520 1
596 1583 1
596 1598 1
596 1670 1
596 1679 1
596 1814 1
596 1826 1
596 1848 1
596 1897 1
596 1936 1
596 1948 1
597 791 1
597 797 1
597 819 1
597 840 1
597 984 1
597 1003 1
597 1126 1
597 1167 1
597 1209 1
597 1257 1
597 1269 1
597 1293 1
597 1304 1
597 1308 1
597 1407 1
597 1481 1
597 1501 1
597 1507 1
597 1589 1
597 1704 1
597 1711 1
597 1745 1
597 1759 1
597 1780 1
597 1831 1
597 1920 1
598 672 1
598 722 1
598 732 1
598 739 1
598 740 1
598 741 1
598 790 1
598 794 1
598 873 1
598 887 1
598 888 1
598 902 1
598 938 1
598 977 1
598 1046 1
598 1081 1
598 1091 1
598 1116 1
598 1151 1
598 1155 1
598 1161 1
598 1247 1
598 1276 1
598 1324 1
598 1327 1
598 1328 1
598 1341 1
598 1365 1
598 1383 1
598 1420 1
598 1445 1
598 1467 1
598 1548 1
598 1604 1
598 1626 1
598 1658 1
598 1738 1
598 1835 1
598 1879 1
598 1932 1
598 1982 1
599 676 1
599 690 1
599 752 1
599 799 1
599 823 1
599 827 1
599 847 1
599 899 1
599 1030 1
599 1042 1
599 1107 1
599 1130 1
599 1168 1
599 1179 1
599 1189 1
599 1201 1
599 1233 1
599 1251 1
599 1256 1
599 1333 1
599 1343 1
599 1456 1
599 1573 1
599 1598 1
599 1612 1
599 1674 1
599 1680 1
599 1705 1
599 1738 1
599 1739 1
599 1740 1
599 1753 1
599 1754 1
599 1779 1
599 1840 1
599 1865 1
599 1903 1
599 1914 1
599 1960 1
599 1983 1
599 1990 1
600 739 1
600 790 1
600 827 1
600 839 1
600 886 1
600 914 1
600 955 1
600 967 1
600 1071 1
600 1124 1
600 1190 1
600 1264 1
600 1277 1
600 1286 1
600 1330 1
600 1375 1
600 1397 1
600 1430 1
600 1478 1
600 1501 1
600 1555 1
600 1647 1
600 1749 1
600 1828 1
600 1885 1
600 1963 1
600 1977 1
600 1978 1
600 1999 1
601 604 1
601 611 1
601 645 1
601 675 1
601 696 1
601 719 1
601 759 1
601 763 1
601 775 1
601 800 1
601 824 1
601 837 1
601 874 1
601 914 1
601 963 1
601 974 1
601 975 1
601 990 1
601 1016 1
601 1041 1
601 1143 1
601 1150 1
601 1167 1
601 1309 1
601 1315 1
601 1426 1
601 1436 1
601 1455 1
601 1480 1
601 1515 1
601 1537 1
601 1554 1
601 1595 1
601 1693 1
601 1697 1
601 1722 1
601 1729 1
601 1758 1
601 1844 1
601 1943 1
601 1944 1
602 671 1
602 695 1
602 726 1
602 741 1
602 784 1
602 798 1
602 799 1
602 824 1
602 878 1
602 902 1
602 983 1
602 991 1
602 1046 1
602 1048 1
602 1049 1
602 1057 1
602 1113 1
602 1245 1
602 1327 1
602 1335 1
602 1481 1
602 1486 1
602 1492 1
602 1510 1
602 1584 1
602 1598 1
602 1610 1
602 1611 1
602 1624 1
602 1634 1
602 1690 1
602 1704 1
602 1778 1
602 1809 1
602 1810 1
602 1836 1
602 1856 1
602 1969 1
602 1999 1
603 623 1
603 682 1
603 699 1
603 797 1
603 848 1
603 923 1
603 951 1
603 959 1
603 985 1
603 1006 1
603 1075 1
603 1120 1
603 1160 1
603 1178 1
603 1237 1
603 1242 1
603 1263 1
603 1281 1
603 1315 1
603 1317 1
603 1327 1
603 1377 1
603 1381 1
603 1581 1
603 1668 1
603 1677 1
603 1697 1
603 1715 1
603 1743 1
603 1744 1
603 1782 1
603 1800 1
603 1837 1
603 1848 1
603 1859 1
603 1933 1
603 1939 1
603 1965 1
603 1989 1
604 608 1
604 637 1
604 674 1
604 688 1
604 690 1
604 715 1
604 733 1
604 771 1
604 798 1
604 810 1
604 842 1
604 883 1
604 894 1
604 906 1
604 933 1
604 1002 1
604 1011 1
604 1077 1
604 1212 1
604 1368 1
604 1422 1
604 1583 1
604 1612 1
604 1681 1
604 1685 1
604 1688 1
604 1725 1
604 1795 1
604 1810 1
604 1838 1
604 1893 1
604 1952 1
604 1988 1
605 606 1
605 608 1
605 663 1
605 779 1
605 821 1
605 822 1
605 836 1
605 859 1
605 885 1
605 909 1
605 937 1
605 950 1
605 980 1
605 1030 1
605 1067 1
605 1143 1
605 1174 1
605 1234 1
605 1257 1
605 1258 1
605 1398 1
605 1453 1
605 1488 1
605 1536 1
605 1537 1
605 1732 1
605 1740 1
605 1774 1
605 1791 1
605 1829 1
605 1954 1
605 1957 1
605 1978 1
605 1992 1
605 1993 1
606 688 1
606 699 1
606 812 1
606 837 1
606 874 1
606 910 1
606 957 1
606 1038 1
606 1063 1
606 1079 1
606 1090 1
606 1114 1
606 1139 1
606 1144 1
606 1154 1
606 1168 1
606 1312 1
606 1393 1
606 1554 1
606 1558 1
606 1582 1
606 1586 1
606 1609 1
606 1627 1
606 1640 1
606 1692 1
606 1694 1
606 1751 1
606 1789 1
606 1805 1
606 1819 1
606 1896 1
606 1975 1
607 645 1
607 686 1
607 729 1
607 797 1
607 808 1
607 843 1
607 854 1
607 890 1
607 898 1
607 904 1
607 925 1
607 938 1
607 961 1
607 1004 1
607 1032 1
607 1122 1
607 1131 1
607 1149 1
607 1160 1
607 1187 1
607 1253 1
607 1257 1
607 1317 1
607 1319 1
607 1346 1
607 1353 1
607 1380 1
607 1407 1
607 1459 1
607 1479 1
607 1490 1
607 1529 1
607 1628 1
607 1651 1
607 1681 1
607 1743 1
607 1769 1
607 1803 1
607 1815 1
607 1829 1
607 1835 1
607 1920 1
607 1940 1
608 633 1
608 672 1
608 674 1
608 688 1
608 712 1
608 743 1
608 839 1
608 902 1
608 926 1
608 955 1
608 974 1
608 983 1
608 1112 1
608 1120 1
608 1127 1
608 1182 1
608 1190 1
608 1237 1
608 1250 1
608 1255 1
608 1315 1
608 1330 1
608 1348 1
608 1362 1
608 1364 1
608 1386 1
608 1387 1
608 1397 1
608 1485 1
608 1667 1
608 1684 1
608 1737 1
608 1760 1
608 1801 1
608 1831 1
608 1834 1
608 1884 1
608 1912 1
608 1989 1
608 1990 1
609 610 1
609 627 1
609 634 1
609 724 1
609 755 1
609 783 1
609 787 1
609 820 1
609 824 1
609 825 1
609 881 1
609 1035 1
609 1040 1
609 1048 1
609 1070 1
609 1096 1
609 1146 1
609 1195 1
609 1246 1
609 1266 1
609 1312 1
609 1360 1
609 1365 1
609 1392 1
609 1407 1
609 1497 1
609 1505 1
609 1507 1
609 1556 1
609 1567 1
609 1684 1
609 1691 1
609 1800 1
609 1873 1
609 1968 1
609 1977 1
610 681 1
610 731 1
610 740 1
610 798 1
610 827 1
610 828 1
610 868 1
610 912 1
610 951 1
610 984 1
610 1014 1
610 1023 1
610 1042 1
610 1063 1
610 1089 1
610 1127 1
610 1130 1
610 1137 1
610 1219 1
610 1248 1
610 1251 1
610 1263 1
610 1274 1
610 1308 1
610 1360 1
610 1411 1
610 1438 1
610 1483 1
610 1567 1
610 1581 1
610 1583 1
610 1624 1
610 1645 1
610 1697 1
610 1727 1
610 1742 1
610 1763 1
610 1831 1
610 1942 1
610 1981 1
611 682 1
611 705 1
611 717 1
611 737 1
611 744 1
611 759 1
611 785 1
611 904 1
611 938 1
611 1000 1
611 1006 1
611 1018 1
611 1063 1
611 1072 1
611 1074 1
611 1138 1
611 1200 1
611 1224 1
611 1257 1
611 1268 1
611 1297 1
611 1328 1
611 1349 1
611 1367 1
611 1391 1
611 1395 1
611 1406 1
611 1426 1
611 1427 1
611 1487 1
611 1565 1
611 1603 1
611 1631 1
611 1634 1
611 1636 1
611 1673 1
611 1733 1
611 1741 1
611 1777 1
611 1778 1
611 1837 1
611 1838 1
611 1841 1
611 1861 1
611 1882 1
611 1948 1
612 631 1
612 684 1
612 710 1
612 787 1
612 803 1
612 814 1
612 907 1
612 1039 1
612 1067 1
612 1080 1
612 1142 1
612 1145 1
612 1303 1
612 1324 1
612 1328 1
612 1349 1
612 1464 1
612 1543 1
612 1565 1
612 1651 1
612 1670 1
612 1679 1
612 1684 1
612 1705 1
612 1723 1
612 1753 1
612 1792 1
612 1829 1
612 1837 1
612 1876 1
612 1904 1
612 1936 1
613 628 1
613 686 1
613 693 1
613 729 1
613 756 1
613 758 1
613 908 1
613 953 1
613 1015 1
613 1038 1
613 1039 1
613 1040 1
613 1049 1
613 1078 1
613 1099 1
613 1150 1
613 1192 1
613 1209 1
613 1219 1
613 1348 1
613 1351 1
613 1358 1
613 1383 1
613 1396 1
613 1406 1
613 1620 1
613 1622 1
613 1671 1
613 1711 1
613 1719 1
613 1750 1
613 1772 1
613 1797 1
613 1805 1
613 1893 1
613 1901 1
613 1910 1
613 1948 1
614 691 1
614 709 1
614 720 1
614 819 1
614 847 1
614 854 1
614 878 1
614 898 1
614 986 1
614 1014 1
614 1037 1
614 1056 1
614 1088 1
614 1105 1
614 1152 1
614 1172 1
614 1238 1
614 1314 1
614 1320 1
614 1328 1
614 1341 1
614 1365 1
614 1407 1
614 1412 1
614 1423 1
614 1439 1
614 1458 1
614 1466 1
614 1473 1
614 1499 1
614 1606 1
614 1616 1
614 1651 1
614 1685 1
614 1765 1
614 1821 1
614 1894 1
614 1923 1
614 1939 1
614 1942 1
614 1964 1
614 1966 1
614 1994 1
615 664 1
615 687 1
615 703 1
615 732 1
615 735 1
615 757 1
615 764 1
615 799 1
615 819 1
615 849 1
615 883 1
615 884 1
615 920 1
615 944 1
615 955 1
615 995 1
615 1008 1
615 1086 1
615 1105 1
615 1123 1
615 1147 1
615 1148 1
615 1324 1
615 1325 1
615 1398 1
615 1403 1
615 1408 1
615 1423 1
615 1450 1
615 1460 1
615 1467 1
615 1512 1
615 1536 1
615 1584 1
615 1652 1
615 1692 1
615 1728 1
615 1737 1
615 1763 1
615 1820 1
615 1879 1
615 1897 1
615 1927 1
615 1943 1
615 1971 1
616 640 1
616 667 1
616 744 1
616 762 1
616 880 1
616 899 1
616 967 1
616 1015 1
616 1035 1
616 1054 1
616 1099 1
616 1159 1
616 1233 1
616 1342 1
616 1375 1
616 1388 1
616 1395 1
616 1414 1
616 1418 1
616 1429 1
616 1438 1
616 1507 1
616 1542 1
616 1552 1
616 1600 1
616 1632 1
616 1647 1
616 1723 1
616 1792 1
616 1807 1
616 1862 1
616 1864 1
616 1869 1
616 1958 1
616 1999 1
617 619 1
617 661 1
617 730 1
617 773 1
617 803 1
617 804 1
617 820 1
617 849 1
617 864 1
617 873 1
617 904 1
617 912 1
617 921 1
617 983 1
617 1123 1
617 1130 1
617 1174 1
617 1203 1
617 1229 1
617 1232 1
617 1293 1
617 1356 1
617 1406 1
617 1425 1
617 1454 1
617 1464 1
617 1560 1
617 1567 1
617 1593 1
617 1601 1
617 1643 1
617 1644 1
617 1838 1
617 1862 1
617 1869 1
617 1903 1
617 1928 1
617 1959 1
618 624 1
618 625 1
618 662 1
618 677 1
618 681 1
618 706 1
618 758 1
618 765 1
618 766 1
618 774 1
618 916 1
618 939 1
618 940 1
618 970 1
618 1066 1
618 1125 1
618 1195 1
618 1254 1
618 1257 1
618 1311 1
618 1319 1
618 1346 1
618 1360 1
618 1491 1
618 1527 1
618 1575 1
618 1621 1
618 1637 1
618 1715 1
618 1742 1
618 1775 1
618 1819 1
618 1835 1
618 1894 1
618 1935 1
618 1986 1
619 624 1
619 663 1
619 665 1
619 822 1
619 832 1
619 872 1
619 890 1
619 901 1
619 921 1
619 936 1
619 937 1
619 983 1
619 992 1
619 1044 1
619 1054 1
619 1060 1
619 1108 1
619 1249 1
619 1346 1
619 1349 1
619 1377 1
619 1463 1
619 1494 1
619 1549 1
619 1565 1
619 1582 1
619 1656 1
619 1683 1
619 1707 1
619 1737 1
619 1742 1
619 1764 1
619 1793 1
619 1810 1
619 1841 1
619 1859 1
619 1935 1
620 638 1
620 682 1
620 719 1
620 724 1
620 796 1
620 799 1
620 813 1
620 824 1
620 840 1
620 843 1
620 873 1
620 991 1
620 993 1
620 1022 1
620 1037 1
620 1048 1
620 1081 1
620 1094 1
620 1132 1
620 1136 1
620 1145 1
620 1171 1
620 1188 1
620 1205 1
620 1232 1
620 1265 1
620 1373 1
620 1398 1
620 1467 1
620 1488 1
620 1511 1
620 1542 1
620 1678 1
620 1723 1
620 1760 1
620 1771 1
620 1790 1
620 1817 1
620 1848 1
620 1865 1
620 1881 1
620 1901 1
620 1923 1
620 1936 1
620 1956 1
620 1975 1
621 720 1
621 730 1
621 851 1
621 883 1
621 918 1
621 1019 1
621 1055 1
621 1116 1
621 1123 1
621 1132 1
621 1139 1
621 1154 1
621 1204 1
621 1273 1
621 1315 1
621 1328 1
621 1482 1
621 1510 1
621 1543 1
621 1601 1
621 1639 1
621 1645 1
621 1669 1
621 1784 1
621 1815 1
621 1837 1
621 1839 1
621 1910 1
621 1938 1
621 1947 1
621 1948 1
622 637 1
622 643 1
622 664 1
622 668 1
622 690 1
622 697 1
622 795 1
622 903 1
622 928 1
622 957 1
622 987 1
622 994 1
622 1012 1
622 1130 1
622 1146 1
622 1162 1
622 1188 1
622 1193 1
622 1207 1
622 1375 1
622 1475 1
622 1514 1
622 1629 1
622 1641 1
622 1713 1
622 1744 1
622 1747 1
622 1779 1
622 1809 1
622 1878 1
622 1879 1
622 1886 1
622 1903 1
622 1959 1
623 624 1
623 648 1
623 653 1
623 663 1
623 684 1
623 784 1
623 823 1
623 904 1
623 995 1
623 1001 1
623 1079 1
623 1166 1
623 1176 1
623 1214 1
623 1271 1
623 1337 1
623 1339 1
623 1379 1
623 1397 1
623 1399 1
623 1410 1
623 1449 1
623 1461 1
623 1507 1
623 1508 1
623 1536 1
623 1542 1
623 1616 1
623 1646 1
623 1652 1
623 1717 1
623 1734 1
623 1785 1
623 1791 1
623 1863 1
623 1933 1
623 1946 1
623 1949 1
623 1974 1
623 1998 1
624 634 1
624 693 1
624 706 1
624 716 1
624 724 1
624 795 1
624 796 1
624 807 1
624 850 1
624 909 1
624 940 1
624 943 1
624 1002 1
624 1068 1
624 1203 1
624 1215 1
624 1218 1
624 1241 1
624 1256 1
624 1291 1
624 1326 1
624 1350 1
624 1359 1
624 1448 1
624 1468 1
624 1480 1
624 1565 1
624 1593 1
624 1642 1
624 1680 1
624 1746 1
624 1812 1
624 1817 1
624 1868 1
624 1961 1
624 1979 1
624 1989 1
624 1999 1
625 664 1
625 737 1
625 752 1
625 791 1
625 857 1
625 908 1
625 920 1
625 1079 1
625 1183 1
625 1367 1
625 1387 1
625 1449 1
625 1456 1
625 1511 1
625 1536 1
625 1591 1
625 1617 1
625 1619 1
625 1625 1
625 1706 1
625 1731 1
625 1742 1
625 1756 1
625 1815 1
625 1997 1
626 672 1
626 755 1
626 759 1
626 852 1
626 896 1
626 929 1
626 1091 1
626 1099 1
626 1125 1
626 1132 1
626 1157 1
626 1178 1
626 1191 1
626 1234 1
626 1235 1
626 1249 1
626 1251 1
626 1286 1
626 1320 1
626 1378 1
626 1411 1
626 1427 1
626 1493 1
626 1567 1
626 1619 1
626 1657 1
626 1736 1
626 1856 1
626 1857 1
626 1867 1
626 1927 1
626 1964 1
626 1994 1
627 664 1
627 732 1
627 776 1
627 779 1
627 828 1
627 866 1
627 919 1
627 955 1
627 1079 1
627 1110 1
627 1179 1
627 1206 1
627 1348 1
627 1359 1
627 1396 1
627 1446 1
627 1526 1
627 1627 1
627 1661 1
627 1681 1
627 1738 1
627 1817 1
627 1842 1
627 1922 1
627 1940 1
627 1987 1
628 629 1
628 679 1
628 706 1
628 803 1
628 856 1
628 960 1
628 982 1
628 991 1
628 1026 1
628 1029 1
628 1053 1
628 1084 1
628 1115 1
628 1162 1
628 1170 1
628 1196 1
628 1199 1
628 1233 1
628 1240 1
628 1245 1
628 1269 1
628 1354 1
628 1379 1
628 1429 1
628 1439 1
628 1440 1
628 1450 1
628 1495 1
628 1589 1
628 1597 1
628 1616 1
628 1646 1
628 1698 1
628 1702 1
628 1768 1
628 1798 1
628 1844 1
628 1892 1
629 653 1
629 719 1
629 724 1
629 730 1
629 814 1
629 864 1
629 886 1
629 923 1
629 999 1
629 1043 1
629 1117 1
629 1153 1
629 1158 1
629 1237 1
629 1259 1
629 1322 1
629 1390 1
629 1416 1
629 1429 1
629 1489 1
629 1492 1
629 1518 1
629 1544 1
629 1571 1
629 1623 1
629 1644 1
629 1680 1
629 1718 1
629 1731 1
629 1765 1
629 1776 1
629 1849 1
629 1972 1
630 637 1
630 665 1
630 675 1
630 716 1
630 729 1
630 816 1
630 842 1
630 855 1
630 998 1
630 1004 1
630 1078 1
630 1097 1
630 1183 1
630 1189 1
630 1272 1
630 1276 1
630 1354 1
630 1372 1
630 1378 1
630 1403 1
630 1458 1
630 1516 1
630 1535 1
630 1541 1
630 1599 1
630 1656 1
630 1736 1
630 1765 1
630 1815 1
630 1860 1
630 1959 1
630 1961 1
631 639 1
631 651 1
631 709 1
631 747 1
631 766 1
631 767 1
631 769 1
631 798 1
631 823 1
631 839 1
631 879 1
631 918 1
631 934 1
631 978 1
631 1001 1
631 1038 1
631 1040 1
631 1090 1
631 1175 1
631 1188 1
631 1250 1
631 1272 1
631 1319 1
631 1324 1
631 1333 1
631 1371 1
631 1378 1
631 1430 1
631 1444 1
631 1518 1
631 1673 1
631 1741 1
631 1742 1
631 1755 1
631 1771 1
631 1863 1
631 1888 1
632 682 1
632 698 1
632 744 1
632 772 1
632 933 1
632 1007 1
632 1157 1
632 1160 1
632 1187 1
632 1192 1
632 1226 1
632 1280 1
632 1281 1
632 1341 1
632 1348 1
632 1396 1
632 1413 1
632 1427 1
632 1437 1
632 1440 1
632 1482 1
632 1610 1
632 1681 1
632 1682 1
632 1827 1
632 1847 1
632 1851 1
632 1860 1
632 1874 1
632 1891 1
632 1956 1
632 1969 1
633 690 1
633 725 1
633 803 1
633 808 1
633 938 1
633 942 1
633 964 1
633 1029 1
633 1063 1
633 1076 1
633 1079 1
633 1108 1
633 1119 1
633 1201 1
633 1227 1
633 1230 1
633 1263 1
633 1299 1
633 1307 1
633 1330 1
633 1341 1
633 1433 1
633 1474 1
633 1514 1
633 1516 1
633 1545 1
633 1562 1
633 1589 1
633 1716 1
633 1796 1
633 1882 1
633 1890 1
633 1910 1
633 1911 1
633 1914 1
633 1957 1
633 1960 1
633 1968 1
634 643 1
634 648 1
634 675 1
634 706 1
634 715 1
634 722 1
634 800 1
634 830 1
634 834 1
634 931 1
634 944 1
634 980 1
634 1032 1
634 1078 1
634 1082 1
634 1098 1
634 1099 1
634 1104 1
634 1122 1
634 1142 1
634 1167 1
634 1180 1
634 1211 1
634 1248 1
634 1260 1
634 1328 1
634 1336 1
634 1489 1
634 1500 1
634 1530 1
634 1557 1
634 1583 1
634 1722 1
634 1745 1
634 1841 1
634 1854 1
634 1891 1
634 1905 1
634 1953 1
634 1957 1
635 650 1
635 657 1
635 684 1
635 711 1
635 718 1
635 722 1
635 771 1
635 782 1
635 786 1
635 817 1
635 825 1
635 831 1
635 842 1
635 854 1
635 861 1
635 929 1
635 933 1
635 936 1
635 960 1
635 1132 1
635 1211 1
635 1226 1
635 1241 1
635 1256 1
635 1292 1
635 1337 1
635 1350 1
635 1377 1
635 1378 1
635 1455 1
635 1498 1
635 1502 1
635 1538 1
635 1622 1
635 1676 1
635 1695 1
635 1721 1
635 1819 1
635 1893 1
635 1930 1
635 1964 1
636 658 1
636 691 1
636 698 1
636 716 1
636 748 1
636 832 1
636 865 1
636 907 1
636 945 1
636 1005 1
636 1191 1
636 1192 1
636 1218 1
636 1272 1
636 1275 1
636 1280 1
636 1366 1
636 1425 1
636 1546 1
636 1556 1
636 1592 1
636 1615 1
636 1635 1
636 1670 1
636 1712 1
636 1726 1
636 1776 1
636 1835 1
636 1910 1
637 684 1
637 686 1
637 769 1
637 820 1
637 891 1
637 1063 1
637 1076 1
637 1077 1
637 1157 1
637 1176 1
637 1232 1
637 1268 1
637 1367 1
637 1451 1
637 1487 1
637 1519 1
637 1534 1
637 1551 1
637 1595 1
637 1656 1
637 1682 1
637 1743 1
637 1761 1
637 1825 1
637 1837 1
637 1891 1
637 1908 1
637 1944 1
637 1966 1
637 1975 1
637 1998 1
638 651 1
638 658 1
638 667 1
638 709 1
638 732 1
638 733 1
638 735 1
638 764 1
638 872 1
638 906 1
638 918 1
638 946 1
638 957 1
638 992 1
638 1016 1
638 1025 1
638 1157 1
638 1190 1
638 1239 1
638 1275 1
638 1277 1
638 1283 1
638 1303 1
638 1371 1
638 1383 1
638 1431 1
638 1444 1
638 1826 1
638 1925 1
639 688 1
639 759 1
639 863 1
639 878 1
639 975 1
639 1013 1
639 1100 1
639 1203 1
639 1226 1
639 1228 1
639 1231 1
639 1429 1
639 1466 1
639 1601 1
639 1687 1
639 1718 1
639 1754 1
639 1806 1
639 1809 1
639 1811 1
639 1883 1
639 1899 1
639 1916 1
639 1931 1
639 1938 1
639 1966 1
640 656 1
640 709 1
640 713 1
640 742 1
640 744 1
640 828 1
640 857 1
640 868 1
640 880 1
640 883 1
640 885 1
640 909 1
640 936 1
640 943 1
640 978 1
640 1004 1
640 1026 1
640 1050 1
640 1088 1
640 1105 1
640 1120 1
640 1173 1
640 1264 1
640 1265 1
640 1280 1
640 1433 1
640 1446 1
640 1477 1
640 1639 1
640 1774 1
640 1835 1
640 1846 1
640 1865 1
640 1971 1
641 659 1
641 773 1
641 840 1
641 894 1
641 898 1
641 914 1
641 949 1
641 994 1
641 1008 1
641 1013 1
641 1087 1
641 1163 1
641 1164 1
641 1172 1
641 1292 1
641 1314 1
641 1386 1
641 1402 1
641 1403 1
641 1486 1
641 1511 1
641 1513 1
641 1591 1
641 1640 1
641 1642 1
641 1654 1
641 1665 1
641 1742 1
641 1795 1
641 1828 1
641 1853 1
641 1961 1
642 655 1
642 677 1
642 687 1
642 727 1
642 773 1
642 799 1
642 849 1
642 889 1
642 894 1
642 982 1
642 995 1
642 1051 1
642 1091 1
642 1103 1
642 1160 1
642 1182 1
642 1196 1
642 1205 1
642 1207 1
642 1235 1
642 1250 1
642 1274 1
642 1316 1
642 1424 1
642 1469 1
642 1501 1
642 1523 1
642 1540 1
642 1561 1
642 1572 1
642 1589 1
642 1628 1
642 1668 1
642 1700 1
642 1715 1
642 1731 1
642 1754 1
642 1776 1
642 1795 1
642 1818 1
642 1835 1
642 1841 1
642 1961 1
643 656 1
643 893 1
643 933 1
643 943 1
643 954 1
643 1028 1
643 1060 1
643 1115 1
643 1192 1
643 1197 1
643 1201 1
643 1204 1
643 1205 1
643 1300 1
643 1310 1
643 1327 1
643 1545 1
643 1551 1
643 1599 1
643 1613 1
643 1643 1
643 1669 1
643 1731 1
643 1866 1
643 1954 1
643 1955 1
644 660 1
644 698 1
644 735 1
644 753 1
644 818 1
644 829 1
644 876 1
644 911 1
644 913 1
644 1152 1
644 1161 1
644 1208 1
644 1247 1
644 1266 1
644 1273 1
644 1327 1
644 1420 1
644 1491 1
644 1511 1
644 1540 1
644 1545 1
644 1643 1
644 1646 1
644 1676 1
644 1704 1
644 1792 1
644 1806 1
644 1942 1
644 1990 1
644 1995 1
645 647 1
645 690 1
645 708 1
645 727 1
645 818 1
645 840 1
645 889 1
645 935 1
645 984 1
645 1015 1
645 1097 1
645 1103 1
645 1257 1
645 1336 1
645 1438 1
645 1486 1
645 1570 1
645 1586 1
645 1594 1
645 1611 1
645 1616 1
645 1635 1
645 1686 1
645 1693 1
645 1699 1
645 1866 1
645 1905 1
645 1966 1
645 1985 1
646 684 1
646 760 1
646 805 1
646 913 1
646 921 1
646 948 1
646 1035 1
646 1069 1
646 1071 1
646 1091 1
646 1138 1
646 1178 1
646 1200 1
646 1207 1
646 1218 1
646 1220 1
646 1246 1
646 1271 1
646 1307 1
646 1412 1
646 1416 1
646 1439 1
646 1486 1
646 1501 1
646 1528 1
646 1598 1
646 1647 1
646 1682 1
646 1736 1
646 1757 1
646 1767 1
646 1802 1
646 1811 1
646 1815 1
646 1850 1
646 1965 1
646 1992 1
647 669 1
647 688 1
647 743 1
647 767 1
647 768 1
647 769 1
647 780 1
647 820 1
647 988 1
647 998 1
647 1035 1
647 1063 1
647 1099 1
647 1114 1
647 1144 1
647 1195 1
647 1209 1
647 1238 1
647 1316 1
647 1341 1
647 1382 1
647 1385 1
647 1462 1
647 1608 1
647 1613 1
647 1704 1
647 1720 1
647 1821 1
647 1868 1
647 1880 1
647 1891 1
647 1990 1
648 692 1
648 697 1
648 703 1
648 713 1
648 718 1
648 744 1
648 849 1
648 932 1
648 989 1
648 1173 1
648 1291 1
648 1330 1
648 1347 1
648 1361 1
648 1378 1
648 1382 1
648 1398 1
648 1406 1
648 1442 1
648 1450 1
648 1489 1
648 1509 1
648 1569 1
648 1578 1
648 1585 1
648 1595 1
648 1647 1
648 1648 1
648 1670 1
648 1784 1
648 1791 1
648 1792 1
648 1836 1
648 1871 1
648 1899 1
648 1968 1
648 1972 1
648 1994 1
649 723 1
649 756 1
649 765 1
649 768 1
649 849 1
649 891 1
649 951 1
649 961 1
649 1049 1
649 1165 1
649 1285 1
649 1336 1
649 1354 1
649 1385 1
649 1442 1
649 1474 1
649 1600 1
649 1670 1
649 1693 1
649 1742 1
649 1750 1
649 1757 1
649 1760 1
649 1779 1
649 1786 1
649 1791 1
649 1830 1
649 1864 1
649 1885 1
649 1906 1
649 1949 1
650 705 1
650 788 1
650 854 1
650 955 1
650 1077 1
650 1130 1
650 1144 1
650 1148 1
650 1165 1
650 1171 1
650 1174 1
650 1179 1
650 1192 1
650 1210 1
650 1234 1
650 1285 1
650 1301 1
650 1343 1
650 1363 1
650 1418 1
650 1487 1
650 1504 1
650 1539 1
650 1553 1
650 1605 1
650 1616 1
650 1659 1
650 1662 1
650 1716 1
650 1727 1
650 1729 1
650 1820 1
650 1854 1
650 1862 1
650 1971 1
650 1990 1
651 668 1
651 683 1
651 737 1
651 754 1
651 797 1
651 800 1
651 819 1
651 829 1
651 921 1
651 923 1
651 957 1
651 986 1
651 1001 1
651 1008 1
651 1064 1
651 1116 1
651 1140 1
651 1229 1
651 1251 1
651 1298 1
651 1307 1
651 1337 1
651 1360 1
651 1365 1
651 1367 1
651 1403 1
651 1431 1
651 1459 1
651 1500 1
651 1552 1
651 1570 1
651 1579 1
651 1628 1
651 1684 1
651 1745 1
651 1799 1
651 1841 1
651 1887 1
651 1898 1
651 1961 1
652 656 1
652 660 1
652 676 1
652 761 1
652 794 1
652 834 1
652 840 1
652 850 1
652 873 1
652 903 1
652 935 1
652 947 1
652 952 1
652 986 1
652 1087 1
652 1090 1
652 1092 1
652 1106 1
652 1107 1
652 1138 1
652 1242 1
652 1332 1
652 1345 1
652 1348 1
652 1360 1
652 1427 1
652 1433 1
652 1444 1
652 1446 1
652 1453 1
652 1460 1
652 1517 1
652 1530 1
652 1763 1
652 1807 1
652 1830 1
652 1851 1
652 1861 1
652 1901 1
652 1926 1
653 660 1
653 670 1
653 675 1
653 726 1
653 736 1
653 744 1
653 761 1
653 802 1
653 828 1
653 833 1
653 874 1
653 875 1
653 882 1
653 926 1
653 932 1
653 938 1
653 943 1
653 951 1
653 965 1
653 1006 1
653 1013 1
653 1048 1
653 1058 1
653 1074 1
653 1193 1
653 1199 1
653 1263 1
653 1295 1
653 1343 1
653 1409 1
653 1440 1
653 1444 1
653 1446 1
653 1488 1
653 1520 1
653 1542 1
653 1556 1
653 1574 1
653 1673 1
653 1687 1
653 1790 1
653 1931 1
653 1985 1
654 659 1
654 672 1
654 693 1
654 769 1
654 780 1
654 805 1
654 855 1
654 871 1
654 886 1
654 926 1
654 1035 1
654 1105 1
654 1149 1
654 1165 1
654 1204 1
654 1236 1
654 1260 1
654 1296 1
654 1315 1
654 1382 1
654 1392 1
654 1443 1
654 1450 1
654 1452 1
654 1529 1
654 1587 1
654 1609 1
654 1677 1
654 1696 1
654 1708 1
654 1723 1
654 1748 1
654 1800 1
654 1881 1
654 1950 1
654 1973 1
655 681 1
655 716 1
655 834 1
655 851 1
655 924 1
655 936 1
655 960 1
655 996 1
655 999 1
655 1001 1
655 1048 1
655 1093 1
655 1164 1
655 1216 1
655 1268 1
655 1311 1
655 1463 1
655 1511 1
655 1544 1
655 1717 1
655 1733 1
655 1734 1
655 1761 1
655 1770 1
655 1773 1
655 1822 1
655 1845 1
655 1849 1
655 1869 1
655 1911 1
656 767 1
656 833 1
656 841 1
656 910 1
656 948 1
656 949 1
656 988 1
656 1019 1
656 1024 1
656 1032 1
656 1118 1
656 1151 1
656 1284 1
656 1363 1
656 1388 1
656 1479 1
656 1493 1
656 1545 1
656 1617 1
656 1629 1
656 1763 1
656 1787 1
656 1814 1
656 1826 1
656 1913 1
656 1939 1
657 687 1
657 688 1
657 748 1
657 818 1
657 829 1
657 877 1
657 965 1
657 968 1
657 972 1
657 1032 1
657 1096 1
657 1109 1
657 1110 1
657 1135 1
657 1199 1
657 1231 1
657 1253 1
657 1269 1
657 1345 1
657 1346 1
657 1366 1
657 1427 1
657 1430 1
657 1442 1
657 1472 1
657 1529 1
657 1572 1
657 1601 1
657 1673 1
657 1697 1
657 1785 1
657 1833 1
657 1914 1
657 1994 1
658 745 1
658 777 1
658 810 1
658 818 1
658 826 1
658 938 1
658 977 1
658 995 1
658 1051 1
658 1069 1
658 1143 1
658 1146 1
658 1149 1
658 1184 1
658 1239 1
658 1288 1
658 1304 1
658 1351 1
658 1381 1
658 1393 1
658 1422 1
658 1441 1
658 1543 1
658 1616 1
658 1621 1
658 1628 1
658 1811 1
658 1823 1
658 1824 1
658 1827 1
658 1842 1
658 1853 1
658 1883 1
658 1900 1
659 763 1
659 865 1
659 881 1
659 952 1
659 957 1
659 1031 1
659 1071 1
659 1074 1
659 1115 1
659 1132 1
659 1141 1
659 1194 1
659 1292 1
659 1331 1
659 1485 1
659 1489 1
659 1514 1
659 1550 1
659 1651 1
659 1691 1
659 1696 1
659 1702 1
659 1741 1
659 1801 1
659 1845 1
659 1864 1
659 1870 1
659 1878 1
659 1898 1
659 1910 1
659 1985 1
659 1995 1
660 741 1
660 743 1
660 788 1
660 827 1
660 871 1
660 927 1
660 935 1
660 966 1
660 993 1
660 1073 1
660 1264 1
660 1356 1
660 1372 1
660 1381 1
660 1393 1
660 1415 1
660 1444 1
660 1589 1
660 1593 1
660 1627 1
660 1694 1
660 1743 1
660 1752 1
660 1764 1
660 1773 1
660 1793 1
660 1797 1
660 1799 1
660 1837 1
660 1849 1
660 1885 1
660 1982 1
660 1987 1
660 1999 1
661 684 1
661 687 1
661 694 1
661 709 1
661 717 1
661 734 1
661 737 1
661 741 1
661 790 1
661 864 1
661 866 1
661 898 1
661 913 1
661 917 1
661 966 1
661 1055 1
661 1056 1
661 1095 1
661 1105 1
661 1130 1
661 1132 1
661 1270 1
661 1276 1
661 1344 1
661 1378 1
661 1460 1
661 1519 1
661 1609 1
661 1738 1
661 1817 1
661 1839 1
661 1986 1
662 668 1
662 699 1
662 736 1
662 738 1
662 755 1
662 828 1
662 870 1
662 882 1
662 907 1
662 915 1
662 918 1
662 930 1
662 932 1
662 974 1
662 1040 1
662 1098 1
662 1130 1
662 1182 1
662 1195 1
662 1256 1
662 1260 1
662 1338 1
662 1344 1
662 1359 1
662 1392 1
662 1408 1
662 1424 1
662 1513 1
662 1627 1
662 1639 1
662 1653 1
662 1754 1
662 1768 1
662 1783 1
662 1849 1
662 1914 1
662 1958 1
663 728 1
663 772 1
663 807 1
663 811 1
663 826 1
663 882 1
663 899 1
663 957 1
663 958 1
663 988 1
663 1023 1
663 1054 1
663 1131 1
663 1147 1
663 1149 1
663 1194 1
663 1224 1
663 1228 1
663 1237 1
663 1253 1
663 1266 1
663 1271 1
663 1392 1
663 1408 1
663 1426 1
663 1518 1
663 1525 1
663 1527 1
663 1545 1
663 1611 1
663 1736 1
663 1757 1
663 1825 1
663 1873 1
663 1876 1
663 1889 1
663 1915 1
663 1933 1
663 1939 1
663 1940 1
663 1958 1
664 673 1
664 678 1
664 784 1
664 786 1
664 794 1
664 840 1
664 849 1
664 876 1
664 904 1
664 906 1
664 928 1
664 947 1
664 959 1
664 969 1
664 998 1
664 1008 1
664 1177 1
664 1194 1
664 1198 1
664 1212 1
664 1307 1
664 1348 1
664 1378 1
664 1386 1
664 1393 1
664 1398 1
664 1490 1
664 1549 1
664 1579 1
664 1698 1
664 1700 1
664 1744 1
664 1779 1
664 1793 1
664 1820 1
664 1877 1
664 1895 1
664 1911 1
664 1988 1
665 685 1
665 714 1
665 805 1
665 851 1
665 913 1
665 928 1
665 959 1
665 971 1
665 1012 1
665 1022 1
665 1026 1
665 1035 1
665 1047 1
665 1150 1
665 1159 1
665 1173 1
665 1225 1
665 1294 1
665 1390 1
665 1407 1
665 1424 1
665 1437 1
665 1454 1
665 1498 1
665 1552 1
665 1584 1
665 1614 1
665 1698 1
665 1733 1
665 1748 1
665 1812 1
665 1817 1
665 1823 1
665 1863 1
665 1887 1
665 1914 1
665 1944 1
665 1970 1
665 1982 1
665 1994 1
666 675 1
666 815 1
666 877 1
666 936 1
666 1042 1
666 1054 1
666 1209 1
666 1243 1
666 1290 1
666 1295 1
666 1376 1
666 1407 1
666 1431 1
666 1470 1
666 1511 1
666 1554 1
666 1560 1
666 1590 1
666 1709 1
666 1774 1
666 1917 1
667 676 1
667 738 1
667 758 1
667 788 1
667 795 1
667 1044 1
667 1061 1
667 1066 1
667 1112 1
667 1118 1
667 1184 1
667 1206 1
667 1224 1
667 1398 1
667 1405 1
667 1435 1
667 1487 1
667 1553 1
667 1614 1
667 1719 1
667 1720 1
667 1727 1
667 1783 1
667 1870 1
667 1907 1
667 1991 1
668 721 1
668 794 1
668 797 1
668 850 1
668 882 1
668 914 1
668 933 1
668 941 1
668 944 1
668 1036 1
668 1064 1
668 1071 1
668 1078 1
668 1095 1
668 1150 1
668 1163 1
668 1185 1
668 1206 1
668 1207 1
668 1211 1
668 1220 1
668 1223 1
668 1229 1
668 1297 1
668 1320 1
668 1357 1
668 1362 1
668 1377 1
668 1386 1
668 1389 1
668 1478 1
668 1493 1
668 1585 1
668 1607 1
668 1807 1
668 1854 1
668 1856 1
668 1879 1
668 1895 1
668 1947 1
668 1966 1
669 700 1
669 727 1
669 750 1
669 758 1
669 760 1
669 794 1
669 819 1
669 823 1
669 850 1
669 892 1
669 904 1
669 916 1
669 934 1
669 1009 1
669 1066 1
669 1082 1
669 1188 1
669 1222 1
669 1245 1
669 1287 1
669 1296 1
669 1298 1
669 1336 1
669 1337 1
669 1435 1
669 1482 1
669 1512 1
669 1577 1
669 1616 1
669 1669 1
669 1709 1
669 1792 1
669 1816 1
669 1851 1
669 1918 1
669 1932 1
669 1935 1
670 756 1
670 796 1
670 868 1
670 883 1
670 912 1
670 924 1
670 951 1
670 954 1
670 980 1
670 984 1
670 1077 1
670 1088 1
670 1175 1
670 1300 1
670 1307 1
670 1319 1
670 1345 1
670 1383 1
670 1428 1
670 1447 1
670 1639 1
670 1643 1
670 1677 1
670 1715 1
670 1729 1
670 1809 1
670 1873 1
670 1895 1
670 1933 1
671 701 1
671 709 1
671 839 1
671 876 1
671 943 1
671 998 1
671 1014 1
671 1034 1
671 1052 1
671 1082 1
671 1134 1
671 1145 1
671 1151 1
671 1160 1
671 1171 1
671 1179 1
671 1357 1
671 1429 1
671 1438 1
671 1504 1
671 1617 1
671 1645 1
671 1688 1
671 1703 1
671 1766 1
671 1791 1
671 1800 1
671 1889 1
671 1936 1
672 673 1
672 728 1
672 805 1
672 806 1
672 815 1
672 823 1
672 829 1
672 923 1
672 946 1
672 953 1
672 988 1
672 1022 1
672 1053 1
672 1092 1
672 1102 1
672 1113 1
672 1154 1
672 1281 1
672 1303 1
672 1308 1
672 1313 1
672 1375 1
672 1399 1
672 1402 1
672 1705 1
672 1814 1
672 1829 1
672 1933 1
672 1976 1
673 697 1
673 726 1
673 748 1
673 817 1
673 830 1
673 1026 1
673 1089 1
673 1097 1
673 1099 1
673 1100 1
673 1178 1
673 1194 1
673 1225 1
673 1227 1
673 1240 1
673 1245 1
673 1269 1
673 1275 1
673 1282 1
673 1296 1
673 1387 1
673 1409 1
673 1424 1
673 1441 1
673 1489 1
673 1508 1
673 1517 1
673 1527 1
673 1555 1
673 1570 1
673 1579 1
673 1607 1
673 1617 1
673 1621 1
673 1628 1
673 1659 1
673 1695 1
673 1834 1
673 1843 1
673 1882 1
673 1949 1
674 700 1
674 750 1
674 789 1
674 807 1
674 831 1
674 867 1
674 880 1
674 890 1
674 905 1
674 909 1
674 910 1
674 1085 1
674 1098 1
674 1124 1
674 1147 1
674 1253 1
674 1373 1
674 1419 1
674 1441 1
674 1500 1
674 1530 1
674 1568 1
674 1574 1
674 1586 1
674 1594 1
674 1613 1
674 1665 1
674 1691 1
674 1775 1
674 1843 1
674 1845 1
675 682 1
675 790 1
675 801 1
675 826 1
675 849 1
675 877 1
675 1010 1
675 1015 1
675 1026 1
675 1027 1
675 1046 1
675 1052 1
675 1090 1
675 1099 1
675 1112 1
675 1193 1
675 1221 1
675 1304 1
675 1310 1
675 1346 1
675 1355 1
675 1359 1
675 1391 1
675 1439 1
675 1510 1
675 1522 1
675 1528 1
675 1536 1
675 1606 1
675 1681 1
675 1688 1
675 1694 1
675 1714 1
675 1762 1
675 1781 1
675 1832 1
675 1914 1
675 1925 1
675 1936 1
675 1978 1
675 1995 1
675 1997 1
676 697 1
676 745 1
676 753 1
676 805 1
676 823 1
676 981 1
676 1000 1
676 1020 1
676 1075 1
676 1110 1
676 1122 1
676 1143 1
676 1156 1
676 1183 1
676 1201 1
676 1225 1
676 1262 1
676 1398 1
676 1425 1
676 1503 1
676 1535 1
676 1546 1
676 1561 1
676 1563 1
676 1601 1
676 1609 1
676 1622 1
676 1683 1
676 1713 1
676 1725 1
676 1778 1
676 1803 1
676 1804 1
676 1870 1
676 1874 1
676 1904 1
676 1929 1
676 1938 1
676 1965 1
676 1993 1
677 694 1
677 757 1
677 783 1
677 798 1
677 819 1
677 826 1
677 914 1
677 917 1
677 919 1
677 927 1
677 933 1
677 958 1
677 1098 1
677 1112 1
677 1249 1
677 1293 1
677 1305 1
677 1320 1
677 1325 1
677 1367 1
677 1406 1
677 1432 1
677 1453 1
677 1463 1
677 1489 1
677 1528 1
677 1564 1
677 1583 1
677 1617 1
677 1633 1
677 1689 1
677 1766 1
677 1773 1
677 1777 1
677 1811 1
677 1836 1
677 1859 1
677 1873 1
677 1939 1
677 1974 1
677 1982 1
678 708 1
678 728 1
678 736 1
678 783 1
678 851 1
678 917 1
678 923 1
678 1012 1
678 1102 1
678 1142 1
678 1209 1
678 1228 1
678 1239 1
678 1251 1
678 1351 1
678 1399 1
678 1403 1
678 1429 1
678 1438 1
678 1521 1
678 1529 1
678 1550 1
678 1560 1
678 1593 1
678 1696 1
678 1811 1
678 1841 1
678 1863 1
678 1900 1
678 1963 1
678 1992 1
679 698 1
679 825 1
679 833 1
679 841 1
679 853 1
679 939 1
679 971 1
679 974 1
679 1088 1
679 1135 1
679 1192 1
679 1245 1
679 1255 1
679 1271 1
679 1289 1
679 1301 1
679 1303 1
679 1335 1
679 1338 1
679 1400 1
679 1421 1
679 1432 1
679 1436 1
679 1462 1
679 1472 1
679 1588 1
679 1594 1
679 1622 1
679 1647 1
679 1689 1
679 1696 1
679 1697 1
679 1702 1
679 1826 1
679 1859 1
679 1911 1
679 1997 1
680 695 1
680 735 1
680 737 1
680 754 1
680 843 1
680 889 1
680 908 1
680 918 1
680 1047 1
680 1063 1
680 1124 1
680 1143 1
680 1149 1
680 1187 1
680 1205 1
680 1242 1
680 1275 1
680 1279 1
680 1300 1
680 1312 1
680 1413 1
680 1415 1
680 1467 1
680 1479 1
680 1489 1
680 1499 1
680 1521 1
680 1524 1
680 1572 1
680 1702 1
680 1753 1
680 1758 1
680 1761 1
680 1766 1
680 1773 1
680 1776 1
680 1787 1
680 1801 1
680 1859 1
680 1885 1
680 1995 1
681 685 1
681 716 1
681 766 1
681 780 1
681 926 1
681 953 1
681 1087 1
681 1101 1
681 1112 1
681 1116 1
681 1214 1
681 1244 1
681 1273 1
681 1312 1
681 1384 1
681 1427 1
681 1434 1
681 1441 1
681 1445 1
681 1459 1
681 1473 1
681 1476 1
681 1484 1
681 1561 1
681 1598 1
681 1606 1
681 1676 1
681 1715 1
681 1740 1
681 1753 1
681 1772 1
681 1826 1
681 1850 1
681 1978 1
682 836 1
682 871 1
682 889 1
682 962 1
682 994 1
682 1084 1
682 1149 1
682 1169 1
682 1218 1
682 1227 1
682 1323 1
682 1351 1
682 1448 1
682 1526 1
682 1531 1
682 1602 1
682 1618 1
682 1629 1
682 1660 1
682 1869 1
682 1885 1
682 1887 1
682 1890 1
682 1900 1
682 1935 1
682 1936 1
682 1973 1
683 708 1
683 715 1
683 718 1
683 728 1
683 737 1
683 775 1
683 817 1
683 821 1
683 822 1
683 851 1
683 878 1
683 968 1
683 984 1
683 1096 1
683 1130 1
683 1218 1
683 1240 1
683 1282 1
683 1298 1
683 1342 1
683 1382 1
683 1402 1
683 1468 1
683 1478 1
683 1526 1
683 1758 1
683 1789 1
683 1826 1
683 1837 1
683 1844 1
683 1851 1
683 1867 1
683 1873 1
683 1879 1
683 1893 1
683 1962 1
684 719 1
684 735 1
684 868 1
684 874 1
684 963 1
684 1012 1
684 1033 1
684 1228 1
684 1241 1
684 1244 1
684 1247 1
684 1266 1
684 1269 1
684 1290 1
684 1354 1
684 1489 1
684 1515 1
684 1561 1
684 1566 1
684 1567 1
684 1593 1
684 1605 1
684 1619 1
684 1723 1
684 1759 1
684 1771 1
684 1794 1
684 1807 1
684 1855 1
684 1892 1
684 1913 1
684 1935 1
685 758 1
685 759 1
685 831 1
685 860 1
685 888 1
685 938 1
685 950 1
685 963 1
685 996 1
685 1000 1
685 1025 1
685 1083 1
685 1092 1
685 1127 1
685 1263 1
685 1281 1
685 1410 1
685 1414 1
685 1461 1
685 1488 1
685 1497 1
685 1544 1
685 1585 1
685 1655 1
685 1719 1
685 1722 1
685 1753 1
685 1766 1
685 1829 1
685 1880 1
685 1883 1
685 1926 1
685 1973 1
686 691 1
686 707 1
686 709 1
686 735 1
686 752 1
686 856 1
686 893 1
686 908 1
686 936 1
686 946 1
686 967 1
686 979 1
686 1017 1
686 1132 1
686 1141 1
686 1232 1
686 1267 1
686 1302 1
686 1312 1
686 1425 1
686 1457 1
686 1465 1
686 1493 1
686 1527 1
686 1531 1
686 1543 1
686 1546 1
686 1566 1
686 1649 1
686 1719 1
686 1727 1
686 1785 1
686 1805 1
686 1871 1
686 1908 1
686 1925 1
686 1947 1
687 704 1
687 795 1
687 876 1
687 959 1
687 995 1
687 1024 1
687 1092 1
687 1097 1
687 1197 1
687 1228 1
687 1308 1
687 1376 1
687 1453 1
687 1503 1
687 1540 1
687 1543 1
687 1563 1
687 1652 1
687 1680 1
687 1727 1
687 1729 1
687 1795 1
687 1883 1
687 1907 1
687 1986 1
687 1997 1
688 690 1
688 822 1
688 845 1
688 872 1
688 883 1
688 1037 1
688 1085 1
688 1164 1
688 1245 1
688 1257 1
688 1259 1
688 1274 1
688 1300 1
688 1327 1
688 1329 1
688 1411 1
688 1437 1
688 1442 1
688 1459 1
688 1489 1
688 1634 1
688 1653 1
688 1682 1
688 1684 1
688 1775 1
688 1778 1
688 1804 1
688 1807 1
688 1844 1
688 1894 1
688 1914 1
688 1917 1
688 1955 1
688 1959 1
688 1987 1
688 1990 1
688 1995 1
689 733 1
689 743 1
689 900 1
689 939 1
689 992 1
689 1033 1
689 1118 1
689 1202 1
689 1278 1
689 1299 1
689 1438 1
689 1507 1
689 1546 1
689 1622 1
689 1641 1
689 1665 1
689 1670 1
689 1750 1
689 1752 1
689 1756 1
689 1774 1
689 1783 1
689 1883 1
690 731 1
690 771 1
690 848 1
690 868 1
690 870 1
690 908 1
690 918 1
690 1000 1
690 1042 1
690 1045 1
690 1094 1
690 1200 1
690 1251 1
690 1270 1
690 1288 1
690 1394 1
690 1396 1
690 1408 1
690 1424 1
690 1425 1
690 1427 1
690 1536 1
690 1715 1
690 1740 1
690 1755 1
690 1861 1
690 1884 1
690 1925 1
690 1940 1
690 1956 1
690 1982 1
691 742 1
691 777 1
691 920 1
691 931 1
691 1019 1
691 1034 1
691 1043 1
691 1053 1
691 1055 1
691 1071 1
691 1078 1
691 1089 1
691 1167 1
691 1290 1
691 1311 1
691 1313 1
691 1337 1
691 1362 1
691 1390 1
691 1416 1
691 1447 1
691 1449 1
691 1454 1
691 1457 1
691 1571 1
691 1608 1
691 1619 1
691 1657 1
691 1690 1
691 1758 1
691 1822 1
691 1857 1
691 1913 1
692 720 1
692 801 1
692 839 1
692 860 1
692 1012 1
692 1105 1
692 1154 1
692 1198 1
692 1201 1
692 1217 1
692 1319 1
692 1328 1
692 1389 1
692 1396 1
692 1438 1
692 1459 1
692 1470 1
692 1478 1
692 1513 1
692 1717 1
692 1746 1
692 1752 1
692 1757 1
692 1785 1
692 1889 1
692 1900 1
692 1951 1
692 1961 1
693 837 1
693 921 1
693 977 1
693 1040 1
693 1058 1
693 1079 1
693 1080 1
693 1084 1
693 1121 1
693 1133 1
693 1144 1
693 1155 1
693 1185 1
693 1193 1
693 1225 1
693 1255 1
693 1277 1
693 1322 1
693 1333 1
693 1338 1
693 1363 1
693 1391 1
693 1398 1
693 1400 1
693 1429 1
693 1479 1
693 1522 1
693 1580 1
693 1581 1
693 1686 1
693 1751 1
693 1774 1
693 1797 1
693 1809 1
693 1866 1
693 1869 1
693 1878 1
693 1880 1
693 1906 1
693 1980 1
693 1992 1
694 704 1
694 841 1
694 844 1
694 880 1
694 885 1
694 897 1
694 901 1
694 1005 1
694 1032 1
694 1050 1
694 1132 1
694 1139 1
694 1163 1
694 1166 1
694 1282 1
694 1325 1
694 1380 1
694 1425 1
694 1429 1
694 1491 1
694 1509 1
694 1526 1
694 1621 1
694 1649 1
694 1667 1
694 1669 1
694 1756 1
694 1819 1
694 1830 1
694 1964 1
694 1967 1
694 1971 1
695 698 1
695 747 1
695 845 1
695 849 1
695 856 1
695 949 1
695 957 1
695 971 1
695 1034 1
695 1078 1
695 1093 1
695 1112 1
695 1162 1
695 1249 1
695 1258 1
695 1316 1
695 1370 1
695 1385 1
695 1393 1
695 1480 1
695 1512 1
695 1519 1
695 1533 1
695 1561 1
695 1605 1
695 1638 1
695 1713 1
695 1751 1
695 1802 1
695 1868 1
695 1889 1
695 1892 1
695 1905 1
695 1957 1
695 1970 1
695 1979 1
695 1980 1
695 1986 1
696 728 1
696 966 1
696 1063 1
696 1160 1
696 1161 1
696 1426 1
696 1431 1
696 1517 1
696 1558 1
696 1596 1
696 1624 1
696 1649 1
696 1690 1
696 1724 1
696 1814 1
696 1850 1
696 1877 1
696 1961 1
696 1977 1
696 1981 1
697 728 1
697 768 1
697 831 1
697 880 1
697 948 1
697 954 1
697 981 1
697 1070 1
697 1176 1
697 1251 1
697 1274 1
697 1313 1
697 1358 1
697 1378 1
697 1407 1
697 1420 1
697 1421 1
697 1451 1
697 1477 1
697 1529 1
697 1592 1
697 1603 1
697 1629 1
697 1663 1
697 1668 1
697 1672 1
697 1700 1
697 1742 1
697 1756 1
697 1765 1
697 1767 1
697 1791 1
697 1793 1
697 1824 1
697 1857 1
697 1877 1
697 1879 1
698 749 1
698 775 1
698 826 1
698 874 1
698 884 1
698 959 1
698 986 1
698 1024 1
698 1042 1
698 1101 1
698 1114 1
698 1126 1
698 1156 1
698 1171 1
698 1223 1
698 1242 1
698 1302 1
698 1375 1
698 1387 1
698 1399 1
698 1401 1
698 1472 1
698 1667 1
698 1730 1
698 1767 1
698 1797 1
698 1826 1
698 1842 1
698 1874 1
698 1876 1
698 1887 1
698 1909 1
698 1917 1
698 1918 1
698 1947 1
699 739 1
699 746 1
699 827 1
699 866 1
699 1014 1
699 1042 1
699 1065 1
699 1143 1
699 1263 1
699 1266 1
699 1385 1
699 1420 1
699 1422 1
699 1438 1
699 1456 1
699 1465 1
699 1514 1
699 1534 1
699 1596 1
699 1729 1
699 1751 1
699 1756 1
699 1781 1
699 1804 1
699 1871 1
699 1886 1
699 1895 1
699 1918 1
699 1923 1
699 1960 1
699 1974 1
700 710 1
700 724 1
700 727 1
700 754 1
700 855 1
700 930 1
700 1046 1
700 1061 1
700 1120 1
700 1208 1
700 1252 1
700 1265 1
700 1275 1
700 1300 1
700 1307 1
700 1333 1
700 1373 1
700 1414 1
700 1420 1
700 1474 1
700 1483 1
700 1573 1
700 1741 1
700 1808 1
700 1820 1
700 1834 1
700 1865 1
700 1925 1
700 1950 1
700 1956 1
701 777 1
701 882 1
701 948 1
701 980 1
701 982 1
701 1014 1
701 1018 1
701 1055 1
701 1109 1
701 1138 1
701 1164 1
701 1165 1
701 1191 1
701 1235 1
701 1248 1
701 1300 1
701 1369 1
701 1395 1
701 1397 1
701 1425 1
701 1605 1
701 1663 1
701 1687 1
701 1724 1
701 1750 1
701 1769 1
701 1787 1
701 1788 1
701 1822 1
701 1852 1
701 1854 1
701 1887 1
701 1898 1
701 1900 1
701 1975 1
701 1997 1
702 708 1
702 755 1
702 826 1
702 854 1
702 864 1
702 950 1
702 1001 1
702 1003 1
702 1013 1
702 1093 1
702 1099 1
702 1107 1
702 1186 1
702 1214 1
702 1233 1
702 1259 1
702 1262 1
702 1311 1
702 1338 1
702 1385 1
702 1572 1
702 1587 1
702 1681 1
702 1851 1
702 1961 1
703 742 1
703 751 1
703 764 1
703 769 1
703 869 1
703 926 1
703 936 1
703 944 1
703 981 1
703 983 1
703 987 1
703 1041 1
703 1066 1
703 1128 1
703 1133 1
703 1152 1
703 1169 1
703 1177 1
703 1219 1
703 1229 1
703 1268 1
703 1324 1
703 1347 1
703 1361 1
703 1366 1
703 1414 1
703 1431 1
703 1504 1
703 1507 1
703 1518 1
703 1594 1
703 1596 1
703 1600 1
703 1681 1
703 1754 1
703 1775 1
703 1791 1
703 1832 1
703 1841 1
703 1883 1
703 1931 1
703 1990 1
704 736 1
704 791 1
704 829 1
704 873 1
704 944 1
704 966 1
704 986 1
704 1022 1
704 1035 1
704 1040 1
704 1049 1
704 1199 1
704 1207 1
704 1232 1
704 1239 1
704 1255 1
704 1264 1
704 1367 1
704 1413 1
704 1467 1
704 1616 1
704 1701 1
704 1716 1
704 1730 1
704 1796 1
704 1802 1
704 1804 1
704 1868 1
704 1950 1
704 1997 1
704 1999 1
705 734 1
705 753 1
705 775 1
705 794 1
705 813 1
705 881 1
705 884 1
705 898 1
705 919 1
705 936 1
705 978 1
705 993 1
705 1201 1
705 1267 1
705 1325 1
705 1339 1
705 1494 1
705 1548 1
705 1608 1
705 1630 1
705 1687 1
705 1915 1
705 1953 1
706 835 1
706 846 1
706 935 1
706 940 1
706 964 1
706 969 1
706 1007 1
706 1124 1
706 1207 1
706 1212 1
706 1272 1
706 1289 1
706 1297 1
706 1312 1
706 1357 1
706 1392 1
706 1395 1
706 1435 1
706 1445 1
706 1489 1
706 1558 1
706 1562 1
706 1626 1
706 1629 1
706 1659 1
706 1740 1
706 1790 1
706 1832 1
707 747 1
707 763 1
707 788 1
707 795 1
707 824 1
707 844 1
707 875 1
707 876 1
707 881 1
707 900 1
707 947 1
707 1064 1
707 1072 1
707 1079 1
707 1142 1
707 1149 1
707 1163 1
707 1180 1
707 1192 1
707 1194 1
707 1267 1
707 1301 1
707 1411 1
707 1466 1
707 1476 1
707 1578 1
707 1750 1
707 1817 1
707 1845 1
707 1882 1
707 1946 1
707 1984 1
708 709 1
708 710 1
708 734 1
708 739 1
708 825 1
708 840 1
708 869 1
708 944 1
708 964 1
708 997 1
708 1032 1
708 1107 1
708 1231 1
708 1329 1
708 1338 1
708 1406 1
708 1414 1
708 1609 1
708 1613 1
708 1620 1
708 1625 1
708 1653 1
708 1660 1
708 1702 1
708 1721 1
708 1757 1
708 1764 1
708 1790 1
708 1835 1
708 1942 1
708 1963 1
709 722 1
709 781 1
709 809 1
709 870 1
709 882 1
709 940 1
709 952 1
709 1083 1
709 1172 1
709 1176 1
709 1317 1
709 1383 1
709 1432 1
709 1481 1
709 1507 1
709 1597 1
709 1685 1
709 1739 1
709 1752 1
709 1958 1
710 751 1
710 754 1
710 765 1
710 797 1
710 886 1
710 957 1
710 980 1
710 1017 1
710 1070 1
710 1123 1
710 1132 1
710 1137 1
710 1144 1
710 1207 1
710 1208 1
710 1215 1
710 1251 1
710 1299 1
710 1372 1
710 1408 1
710 1413 1
710 1426 1
710 1453 1
710 1539 1
710 1628 1
710 1651 1
710 1653 1
710 1689 1
710 1702 1
710 1723 1
710 1780 1
710 1807 1
710 1819 1
710 1893 1
710 1925 1
710 1942 1
710 1980 1
710 1990 1
711 726 1
711 819 1
711 902 1
711 972 1
711 997 1
711 1036 1
711 1050 1
711 1061 1
711 1081 1
711 1150 1
711 1163 1
711 1176 1
711 1186 1
711 1205 1
711 1231 1
711 1294 1
711 1326 1
711 1366 1
711 1370 1
711 1400 1
711 1403 1
711 1424 1
711 1429 1
711 1480 1
711 1583 1
711 1733 1
711 1761 1
711 1789 1
711 1881 1
711 1918 1
711 1948 1
712 765 1
712 778 1
712 978 1
712 1015 1
712 1017 1
712 1036 1
712 1085 1
712 1098 1
712 1108 1
712 1129 1
712 1148 1
712 1151 1
712 1254 1
712 1309 1
712 1317 1
712 1365 1
712 1450 1
712 1459 1
712 1516 1
712 1555 1
712 1584 1
712 1602 1
712 1690 1
712 1699 1
712 1717 1
712 1730 1
712 1800 1
712 1809 1
712 1824 1
712 1878 1
712 1879 1
712 1890 1
712 1893 1
712 1987 1
712 1996 1
713 747 1
713 795 1
713 916 1
713 920 1
713 1069 1
713 1192 1
713 1240 1
713 1259 1
713 1320 1
713 1343 1
713 1346 1
713 1366 1
713 1474 1
713 1602 1
713 1657 1
713 1689 1
713 1724 1
713 1759 1
713 1862 1
713 1915 1
713 1916 1
713 1937 1
714 800 1
714 865 1
714 927 1
714 931 1
714 943 1
714 972 1
714 1120 1
714 1176 1
714 1311 1
714 1346 1
714 1349 1
714 1366 1
714 1401 1
714 1416 1
714 1687 1
714 1717 1
714 1769 1
714 1813 1
714 1821 1
714 1896 1
714 1965 1
714 1987 1
714 2000 1
715 726 1
715 763 1
715 770 1
715 848 1
715 874 1
715 941 1
715 960 1
715 1058 1
715 1177 1
715 1340 1
715 1342 1
715 1362 1
715 1402 1
715 1458 1
715 1469 1
715 1482 1
715 1572 1
715 1727 1
715 1730 1
715 1861 1
715 1886 1
715 1945 1
715 1953 1
716 763 1
716 767 1
716 784 1
716 822 1
716 902 1
716 903 1
716 1008 1
716 1010 1
716 1053 1
716 1072 1
716 1083 1
716 1104 1
716 1167 1
716 1224 1
716 1309 1
716 1310 1
716 1338 1
716 1380 1
716 1499 1
716 1517 1
716 1523 1
716 1533 1
716 1583 1
716 1591 1
716 1640 1
716 1679 1
716 1701 1
716 1708 1
716 1863 1
716 1877 1
716 1886 1
716 1911 1
716 1934 1
716 1950 1
716 1964 1
717 724 1
717 756 1
717 796 1
717 823 1
717 846 1
717 867 1
717 902 1
717 1113 1
717 1190 1
717 1200 1
717 1211 1
717 1238 1
717 1241 1
717 1333 1
717 1344 1
717 1434 1
717 1473 1
717 1479 1
717 1500 1
717 1548 1
717 1557 1
717 1590 1
717 1604 1
717 1704 1
717 1763 1
717 1793 1
717 1817 1
717 1839 1
717 1891 1
717 1936 1
717 1968 1
717 1997 1
718 746 1
718 796 1
718 829 1
718 836 1
718 868 1
718 876 1
718 892 1
718 899 1
718 1152 1
718 1171 1
718 1182 1
718 1191 1
718 1215 1
718 1312 1
718 1347 1
718 1349 1
718 1407 1
718 1425 1
718 1426 1
718 1466 1
718 1473 1
718 1488 1
718 1564 1
718 1568 1
718 1601 1
718 1728 1
718 1767 1
718 1781 1
718 1826 1
718 1961 1
718 1968 1
718 1978 1
718 1982 1
719 727 1
719 737 1
719 749 1
719 758 1
719 761 1
719 762 1
719 774 1
719 796 1
719 800 1
719 815 1
719 826 1
719 845 1
719 962 1
719 1056 1
719 1078 1
719 1080 1
719 1116 1
719 1137 1
719 1169 1
719 1173 1
719 1242 1
719 1297 1
719 1305 1
719 1306 1
719 1315 1
719 1323 1
719 1324 1
719 1368 1
719 1381 1
719 1446 1
719 1448 1
719 1484 1
719 1567 1
719 1568 1
719 1607 1
719 1624 1
719 1631 1
719 1636 1
719 1724 1
719 1742 1
719 1771 1
719 1783 1
719 1784 1
719 1803 1
719 1819 1
719 1826 1
719 1830 1
719 1920 1
719 1924 1
719 1925 1
720 737 1
720 786 1
720 794 1
720 796 1
720 800 1
720 809 1
720 838 1
720 871 1
720 943 1
720 974 1
720 1024 1
720 1054 1
720 1069 1
720 1164 1
720 1189 1
720 1199 1
720 1221 1
720 1253 1
720 1284 1
720 1285 1
720 1313 1
720 1315 1
720 1403 1
720 1434 1
720 1510 1
720 1514 1
720 1526 1
720 1534 1
720 1569 1
720 1635 1
720 1843 1
720 1845 1
720 1848 1
720 1937 1
720 1940 1
721 835 1
721 895 1
721 1013 1
721 1018 1
721 1039 1
721 1070 1
721 1107 1
721 1140 1
721 1150 1
721 1179 1
721 1223 1
721 1243 1
721 1274 1
721 1328 1
721 1368 1
721 1411 1
721 1470 1
721 1489 1
721 1499 1
721 1556 1
721 1567 1
721 1639 1
721 1644 1
721 1670 1
721 1743 1
721 1754 1
721 1971 1
722 746 1
722 798 1
722 813 1
722 863 1
722 871 1
722 936 1
722 938 1
722 966 1
722 991 1
722 1089 1
722 1097 1
722 1099 1
722 1118 1
722 1141 1
722 1193 1
722 1215 1
722 1224 1
722 1284 1
722 1304 1
722 1343 1
722 1368 1
722 1378 1
722 1394 1
722 1506 1
722 1508 1
722 1526 1
722 1537 1
722 1573 1
722 1633 1
722 1644 1
722 1683 1
722 1697 1
722 1717 1
722 1765 1
722 1822 1
722 1962 1
723 745 1
723 856 1
723 863 1
723 902 1
723 924 1
723 938 1
723 999 1
723 1009 1
723 1109 1
723 1120 1
723 1126 1
723 1136 1
723 1147 1
723 1175 1
723 1214 1
723 1257 1
723 1259 1
723 1267 1
723 1273 1
723 1328 1
723 1409 1
723 1481 1
723 1484 1
723 1519 1
723 1607 1
723 1621 1
723 1659 1
723 1726 1
723 1757 1
723 1770 1
723 1777 1
723 1841 1
723 1847 1
723 1851 1
723 1856 1
723 1930 1
723 1976 1
724 841 1
724 880 1
724 888 1
724 900 1
724 919 1
724 921 1
724 922 1
724 933 1
724 947 1
724 963 1
724 964 1
724 980 1
724 1005 1
724 1009 1
724 1025 1
724 1044 1
724 1048 1
724 1066 1
724 1162 1
724 1233 1
724 1247 1
724 1342 1
724 1360 1
724 1381 1
724 1386 1
724 1420 1
724 1468 1
724 1485 1
724 1533 1
724 1633 1
724 1739 1
724 1824 1
724 1859 1
724 1946 1
725 753 1
725 762 1
725 809 1
725 869 1
725 886 1
725 925 1
725 948 1
725 1000 1
725 1026 1
725 1095 1
725 1127 1
725 1137 1
725 1154 1
725 1156 1
725 1263 1
725 1295 1
725 1320 1
725 1344 1
725 1456 1
725 1459 1
725 1462 1
725 1509 1
725 1535 1
725 1542 1
725 1547 1
725 1631 1
725 1681 1
725 1725 1
725 1824 1
725 1825 1
725 1870 1
725 1880 1
725 1885 1
725 1943 1
726 766 1
726 824 1
726 849 1
726 916 1
726 1063 1
726 1065 1
726 1131 1
726 1167 1
726 1178 1
726 1190 1
726 1225 1
726 1253 1
726 1270 1
726 1292 1
726 1306 1
726 1314 1
726 1379 1
726 1455 1
726 1458 1
726 1468 1
726 1482 1
726 1490 1
726 1642 1
726 1679 1
726 1742 1
726 1792 1
726 1806 1
726 1809 1
726 1891 1
726 1903 1
726 1931 1
726 1942 1
726 1949 1
727 839 1
727 857 1
727 878 1
727 907 1
727 992 1
727 1047 1
727 1101 1
727 1114 1
727 1136 1
727 1147 1
727 1333 1
727 1375 1
727 1391 1
727 1397 1
727 1459 1
727 1478 1
727 1566 1
727 1578 1
727 1580 1
727 1589 1
727 1610 1
727 1640 1
727 1732 1
727 1748 1
727 1776 1
727 1777 1
727 1840 1
727 1856 1
727 1934 1
727 1989 1
728 822 1
728 837 1
728 884 1
728 937 1
728 984 1
728 1012 1
728 1037 1
728 1086 1
728 1131 1
728 1134 1
728 1313 1
728 1326 1
728 1336 1
728 1345 1
728 1386 1
728 1396 1
728 1399 1
728 1449 1
728 1651 1
728 1699 1
728 1708 1
728 1736 1
728 1820 1
728 1935 1
728 1970 1
729 747 1
729 837 1
729 876 1
729 899 1
729 957 1
729 1028 1
729 1041 1
729 1087 1
729 1099 1
729 1106 1
729 1123 1
729 1226 1
729 1251 1
729 1270 1
729 1278 1
729 1371 1
729 1404 1
729 1412 1
729 1505 1
729 1563 1
729 1568 1
729 1636 1
729 1650 1
729 1680 1
729 1718 1
729 1733 1
729 1740 1
729 1765 1
729 1820 1
729 1958 1
729 1969 1
729 1981 1
729 1997 1
730 820 1
730 915 1
730 921 1
730 941 1
730 959 1
730 972 1
730 983 1
730 1059 1
730 1082 1
730 1133 1
730 1180 1
730 1187 1
730 1228 1
730 1232 1
730 1234 1
730 1307 1
730 1371 1
730 1394 1
730 1435 1
730 1506 1
730 1606 1
730 1637 1
730 1664 1
730 1697 1
730 1735 1
730 1783 1
730 1837 1
730 1858 1
730 1889 1
730 1903 1
730 1929 1
730 1942 1
731 879 1
731 970 1
731 1041 1
731 1069 1
731 1074 1
731 1089 1
731 1100 1
731 1106 1
731 1198 1
731 1260 1
731 1277 1
731 1367 1
731 1405 1
731 1419 1
731 1425 1
731 1454 1
731 1499 1
731 1599 1
731 1613 1
731 1623 1
731 1690 1
731 1709 1
731 1727 1
731 1732 1
731 1781 1
731 1785 1
731 1810 1
731 1855 1
731 1887 1
731 1963 1
731 1989 1
732 801 1
732 802 1
732 817 1
732 839 1
732 841 1
732 1059 1
732 1096 1
732 1100 1
732 1102 1
732 1107 1
732 1289 1
732 1305 1
732 1374 1
732 1378 1
732 1473 1
732 1518 1
732 1562 1
732 1646 1
732 1720 1
732 1732 1
732 1769 1
732 1776 1
732 1782 1
732 1831 1
732 1895 1
732 1897 1
732 1928 1
732 1957 1
732 1968 1
732 1970 1
733 738 1
733 748 1
733 749 1
733 882 1
733 929 1
733 975 1
733 1005 1
733 1027 1
733 1089 1
733 1163 1
733 1220 1
733 1275 1
733 1315 1
733 1334 1
733 1386 1
733 1413 1
733 1565 1
733 1592 1
733 1639 1
733 1690 1
733 1751 1
733 1793 1
733 1824 1
733 1851 1
733 1884 1
733 1942 1
733 1945 1
733 1997 1
734 818 1
734 875 1
734 906 1
734 932 1
734 954 1
734 990 1
734 1004 1
734 1108 1
734 1114 1
734 1159 1
734 1172 1
734 1200 1
734 1213 1
734 1375 1
734 1512 1
734 1519 1
734 1523 1
734 1552 1
734 1570 1
734 1573 1
734 1586 1
734 1652 1
734 1680 1
734 1692 1
734 1876 1
734 1931 1
734 1999 1
735 746 1
735 803 1
735 846 1
735 938 1
735 946 1
735 950 1
735 952 1
735 977 1
735 1021 1
735 1059 1
735 1060 1
735 1063 1
735 1143 1
735 1242 1
735 1259 1
735 1263 1
735 1294 1
735 1358 1
735 1466 1
735 1508 1
735 1560 1
735 1681 1
735 1711 1
735 1766 1
735 1775 1
735 1897 1
735 1943 1
735 1970 1
735 1983 1
736 765 1
736 894 1
736 939 1
736 952 1
736 1024 1
736 1105 1
736 1187 1
736 1218 1
736 1221 1
736 1304 1
736 1313 1
736 1509 1
736 1656 1
736 1713 1
736 1855 1
736 1976 1
737 789 1
737 822 1
737 867 1
737 884 1
737 915 1
737 932 1
737 965 1
737 1007 1
737 1049 1
737 1062 1
737 1101 1
737 1448 1
737 1529 1
737 1541 1
737 1570 1
737 1607 1
737 1632 1
737 1634 1
737 1655 1
737 1676 1
737 1697 1
737 1712 1
737 1778 1
737 1866 1
737 1907 1
737 1963 1
738 769 1
738 776 1
738 1068 1
738 1070 1
738 1148 1
738 1184 1
738 1240 1
738 1263 1
738 1326 1
738 1393 1
738 1409 1
738 1422 1
738 1475 1
738 1609 1
738 1659 1
738 1668 1
738 1675 1
738 1685 1
738 1731 1
738 1781 1
738 1914 1
738 1967 1
738 1981 1
739 781 1
739 839 1
739 862 1
739 908 1
739 941 1
739 989 1
739 1046 1
739 1068 1
739 1094 1
739 1100 1
739 1120 1
739 1227 1
739 1274 1
739 1289 1
739 1350 1
739 1386 1
739 1399 1
739 1491 1
739 1658 1
739 1666 1
739 1709 1
739 1728 1
739 1744 1
739 1775 1
739 1776 1
739 1815 1
739 1903 1
739 1906 1
739 1913 1
739 1915 1
739 1917 1
739 1923 1
739 1936 1
739 1956 1
739 1973 1
739 1999 1
740 823 1
740 866 1
740 914 1
740 933 1
740 956 1
740 1110 1
740 1112 1
740 1192 1
740 1277 1
740 1333 1
740 1371 1
740 1408 1
740 1425 1
740 1464 1
740 1471 1
740 1482 1
740 1572 1
740 1590 1
740 1591 1
740 1603 1
740 1626 1
740 1637 1
740 1742 1
740 1745 1
740 1774 1
740 1829 1
740 1867 1
740 1931 1
740 1949 1
740 1966 1
741 783 1
741 814 1
741 830 1
741 855 1
741 1090 1
741 1111 1
741 1125 1
741 1145 1
741 1156 1
741 1188 1
741 1193 1
741 1211 1
741 1236 1
741 1285 1
741 1314 1
741 1395 1
741 1444 1
741 1456 1
741 1463 1
741 1496 1
741 1571 1
741 1576 1
741 1578 1
741 1694 1
741 1695 1
741 1724 1
741 1763 1
741 1793 1
741 1817 1
741 1979 1
741 1981 1
742 752 1
742 771 1
742 776 1
742 810 1
742 816 1
742 844 1
742 868 1
742 899 1
742 906 1
742 962 1
742 1106 1
742 1124 1
742 1148 1
742 1156 1
742 1245 1
742 1263 1
742 1292 1
742 1319 1
742 1411 1
742 1423 1
742 1497 1
742 1514 1
742 1529 1
742 1553 1
742 1612 1
742 1647 1
742 1673 1
742 1676 1
742 1689 1
742 1690 1
742 1753 1
742 1772 1
742 1819 1
742 1823 1
742 1828 1
742 1839 1
742 1869 1
742 1880 1
743 874 1
743 900 1
743 931 1
743 1147 1
743 1153 1
743 1166 1
743 1170 1
743 1183 1
743 1313 1
743 1328 1
743 1442 1
743 1477 1
743 1649 1
743 1658 1
743 1688 1
743 1717 1
743 1857 1
743 1897 1
743 1936 1
743 1941 1
744 784 1
744 971 1
744 973 1
744 979 1
744 1088 1
744 1090 1
744 1100 1
744 1117 1
744 1163 1
744 1229 1
744 1320 1
744 1396 1
744 1399 1
744 1400 1
744 1413 1
744 1424 1
744 1449 1
744 1618 1
744 1632 1
744 1647 1
744 1667 1
744 1679 1
744 1728 1
744 1778 1
744 1783 1
744 1784 1
744 1831 1
744 1852 1
744 1878 1
744 1953 1
744 1959 1
744 1976 1
744 1997 1
745 756 1
745 761 1
745 805 1
745 863 1
745 888 1
745 913 1
745 939 1
745 967 1
745 1015 1
745 1106 1
745 1166 1
745 1267 1
745 1312 1
745 1330 1
745 1396 1
745 1428 1
745 1465 1
745 1497 1
745 1507 1
745 1565 1
745 1584 1
745 1717 1
745 1778 1
745 1801 1
745 1832 1
745 1857 1
746 759 1
746 777 1
746 860 1
746 884 1
746 918 1
746 952 1
746 963 1
746 1000 1
746 1033 1
746 1035 1
746 1069 1
746 1101 1
746 1185 1
746 1296 1
746 1309 1
746 1329 1
746 1378 1
746 1385 1
746 1403 1
746 1436 1
746 1466 1
746 1470 1
746 1492 1
746 1505 1
746 1543 1
746 1566 1
746 1587 1
746 1601 1
746 1611 1
746 1632 1
746 1676 1
746 1681 1
746 1729 1
746 1734 1
746 1743 1
746 1749 1
746 1802 1
746 1804 1
746 1834 1
746 1848 1
746 1880 1
746 1907 1
746 1984 1
747 755 1
747 778 1
747 855 1
747 956 1
747 978 1
747 992 1
747 1004 1
747 1044 1
747 1057 1
747 1076 1
747 1178 1
747 1291 1
747 1333 1
747 1375 1
747 1402 1
747 1437 1
747 1551 1
747 1631 1
747 1644 1
747 1666 1
747 1792 1
747 1823 1
747 1834 1
747 1853 1
747 1913 1
747 1974 1
748 751 1
748 770 1
748 773 1
748 780 1
748 784 1
748 806 1
748 929 1
748 936 1
748 969 1
748 974 1
748 1014 1
748 1041 1
748 1090 1
748 1139 1
748 1156 1
748 1165 1
748 1184 1
748 1196 1
748 1210 1
748 1229 1
748 1269 1
748 1357 1
748 1495 1
748 1566 1
748 1569 1
748 1684 1
748 1696 1
748 1709 1
748 1804 1
748 1850 1
748 1884 1
748 1890 1
748 1930 1
748 1941 1
748 1954 1
748 1971 1
748 1990 1
749 823 1
749 886 1
749 908 1
749 928 1
749 970 1
749 975 1
749 982 1
749 1074 1
749 1124 1
749 1131 1
749 1161 1
749 1180 1
749 1226 1
749 1230 1
749 1307 1
749 1311 1
749 1346 1
749 1440 1
749 1470 1
749 1505 1
749 1520 1
749 1666 1
749 1693 1
749 1695 1
749 1928 1
749 1985 1
750 755 1
750 782 1
750 795 1
750 875 1
750 918 1
750 935 1
750 967 1
750 1008 1
750 1014 1
750 1040 1
750 1059 1
750 1108 1
750 1152 1
750 1165 1
750 1173 1
750 1254 1
750 1265 1
750 1321 1
750 1338 1
750 1440 1
750 1489 1
750 1563 1
750 1671 1
750 1725 1
750 1728 1
750 1740 1
750 1850 1
750 1877 1
750 1972 1
750 1986 1
751 783 1
751 793 1
751 795 1
751 843 1
751 848 1
751 901 1
751 944 1
751 1010 1
751 1028 1
751 1055 1
751 1070 1
751 1174 1
751 1186 1
751 1194 1
751 1234 1
751 1246 1
751 1268 1
751 1283 1
751 1338 1
751 1397 1
751 1412 1
751 1498 1
751 1525 1
751 1544 1
751 1546 1
751 1560 1
751 1617 1
751 1748 1
751 1780 1
751 1849 1
751 1868 1
751 1952 1
752 768 1
752 812 1
752 818 1
752 847 1
752 956 1
752 1119 1
752 1132 1
752 1140 1
752 1143 1
752 1199 1
752 1234 1
752 1263 1
752 1325 1
752 1352 1
752 1415 1
752 1543 1
752 1615 1
752 1627 1
752 1629 1
752 1635 1
752 1697 1
752 1732 1
752 1920 1
752 1936 1
752 1951 1
752 1980 1
753 767 1
753 824 1
753 844 1
753 870 1
753 919 1
753 947 1
753 975 1
753 1010 1
753 1062 1
753 1072 1
753 1077 1
753 1145 1
753 1165 1
753 1233 1
753 1323 1
753 1334 1
753 1355 1
753 1456 1
753 1611 1
753 1614 1
753 1646 1
753 1786 1
753 1790 1
754 785 1
754 834 1
754 866 1
754 901 1
754 938 1
754 962 1
754 986 1
754 995 1
754 1004 1
754 1011 1
754 1100 1
754 1156 1
754 1285 1
754 1294 1
754 1431 1
754 1444 1
754 1467 1
754 1501 1
754 1564 1
754 1610 1
754 1705 1
754 1946 1
755 763 1
755 935 1
755 1049 1
755 1054 1
755 1191 1
755 1199 1
755 1254 1
755 1355 1
755 1390 1
755 1433 1
755 1437 1
755 1460 1
755 1619 1
755 1627 1
755 1675 1
755 1705 1
755 1712 1
755 1716 1
755 1733 1
755 1746 1
755 1778 1
755 1787 1
756 778 1
756 803 1
756 948 1
756 951 1
756 957 1
756 964 1
756 1015 1
756 1023 1
756 1035 1
756 1128 1
756 1139 1
756 1170 1
756 1173 1
756 1183 1
756 1239 1
756 1359 1
756 1407 1
756 1414 1
756 1452 1
756 1469 1
756 1479 1
756 1483 1
756 1502 1
756 1535 1
756 1584 1
756 1647 1
756 1657 1
756 1728 1
756 1795 1
756 1801 1
756 1809 1
756 1841 1
756 1928 1
756 1976 1
757 775 1
757 795 1
757 827 1
757 873 1
757 886 1
757 910 1
757 945 1
757 950 1
757 976 1
757 980 1
757 1019 1
757 1069 1
757 1110 1
757 1112 1
757 1218 1
757 1219 1
757 1221 1
757 1300 1
757 1303 1
757 1316 1
757 1324 1
757 1391 1
757 1403 1
757 1417 1
757 1429 1
757 1483 1
757 1613 1
757 1733 1
757 1747 1
757 1760 1
757 1819 1
757 1829 1
757 1904 1
757 1943 1
757 1966 1
757 1984 1
758 778 1
758 799 1
758 804 1
758 835 1
758 837 1
758 883 1
758 926 1
758 951 1
758 998 1
758 1115 1
758 1140 1
758 1193 1
758 1220 1
758 1227 1
758 1387 1
758 1400 1
758 1425 1
758 1439 1
758 1448 1
758 1449 1
758 1488 1
758 1529 1
758 1557 1
758 1570 1
758 1575 1
758 1603 1
758 1634 1
758 1645 1
758 1666 1
758 1692 1
758 1703 1
758 1732 1
758 1761 1
758 1837 1
758 1869 1
758 1882 1
758 1892 1
758 1967 1
758 1968 1
758 1973 1
758 1994 1
759 797 1
759 856 1
759 877 1
759 942 1
759 1002 1
759 1090 1
759 1102 1
759 1123 1
759 1136 1
759 1145 1
759 1176 1
759 1213 1
759 1234 1
759 1235 1
759 1305 1
759 1313 1
759 1334 1
759 1359 1
759 1367 1
759 1392 1
759 1427 1
759 1460 1
759 1509 1
759 1522 1
759 1525 1
759 1579 1
759 1608 1
759 1614 1
759 1619 1
759 1620 1
759 1689 1
759 1777 1
760 776 1
760 796 1
760 860 1
760 918 1
760 926 1
760 986 1
760 1009 1
760 1050 1
760 1060 1
760 1071 1
760 1148 1
760 1153 1
760 1156 1
760 1244 1
760 1246 1
760 1261 1
760 1303 1
760 1318 1
760 1402 1
760 1415 1
760 1440 1
760 1441 1
760 1478 1
760 1682 1
760 1711 1
760 1753 1
760 1791 1
760 1832 1
760 1865 1
760 1910 1
760 1956 1
760 1990 1
760 1992 1
761 833 1
761 862 1
761 894 1
761 918 1
761 958 1
761 1030 1
761 1037 1
761 1052 1
761 1074 1
761 1085 1
761 1116 1
761 1122 1
761 1132 1
761 1144 1
761 1202 1
761 1207 1
761 1221 1
761 1332 1
761 1360 1
761 1373 1
761 1411 1
761 1440 1
761 1448 1
761 1450 1
761 1451 1
761 1475 1
761 1478 1
761 1507 1
761 1509 1
761 1582 1
761 1684 1
761 1686 1
761 1813 1
761 1962 1
761 1976 1
761 1992 1
762 766 1
762 989 1
762 1023 1
762 1024 1
762 1028 1
762 1054 1
762 1095 1
762 1160 1
762 1165 1
762 1210 1
762 1223 1
762 1245 1
762 1340 1
762 1441 1
762 1469 1
762 1499 1
762 1514 1
762 1532 1
762 1553 1
762 1559 1
762 1724 1
762 1735 1
762 1744 1
762 1752 1
762 1779 1
762 1817 1
762 1821 1
762 1868 1
762 1891 1
762 1904 1
762 1969 1
763 780 1
763 789 1
763 819 1
763 836 1
763 874 1
763 923 1
763 994 1
763 1028 1
763 1047 1
763 1063 1
763 1131 1
763 1156 1
763 1158 1
763 1178 1
763 1206 1
763 1207 1
763 1247 1
763 1275 1
763 1277 1
763 1337 1
763 1392 1
763 1454 1
763 1516 1
763 1550 1
763 1630 1
763 1646 1
763 1672 1
763 1685 1
763 1702 1
763 1733 1
763 1801 1
763 1878 1
763 1904 1
764 834 1
764 931 1
764 956 1
764 968 1
764 969 1
764 997 1
764 1010 1
764 1062 1
764 1066 1
764 1078 1
764 1106 1
764 1135 1
764 1181 1
764 1215 1
764 1236 1
764 1376 1
764 1379 1
764 1477 1
764 1488 1
764 1523 1
764 1528 1
764 1529 1
764 1532 1
764 1585 1
764 1650 1
764 1660 1
764 1715 1
764 1716 1
764 1718 1
764 1723 1
764 1748 1
764 1759 1
764 1760 1
764 1838 1
764 1841 1
764 1963 1
765 774 1
765 790 1
765 842 1
765 845 1
765 917 1
765 994 1
765 1011 1
765 1037 1
765 1046 1
765 1070 1
765 1077 1
765 1110 1
765 1114 1
765 1214 1
765 1222 1
765 1301 1
765 1367 1
765 1426 1
765 1427 1
765 1591 1
765 1647 1
765 1656 1
765 1729 1
765 1809 1
765 1831 1
765 1847 1
765 1852 1
765 1855 1
765 1879 1
765 1915 1
765 1941 1
765 1984 1
765 1986 1
765 1987 1
765 2000 1
766 823 1
766 902 1
766 922 1
766 945 1
766 1042 1
766 1069 1
766 1076 1
766 1082 1
766 1087 1
766 1114 1
766 1159 1
766 1164 1
766 1176 1
766 1225 1
766 1230 1
766 1245 1
766 1263 1
766 1291 1
766 1296 1
766 1310 1
766 1319 1
766 1460 1
766 1528 1
766 1602 1
766 1710 1
766 1717 1
766 1732 1
766 1766 1
766 1808 1
766 1951 1
766 1984 1
767 799 1
767 944 1
767 946 1
767 961 1
767 976 1
767 978 1
767 1019 1
767 1031 1
767 1052 1
767 1066 1
767 1080 1
767 1083 1
767 1104 1
767 1112 1
767 1178 1
767 1204 1
767 1217 1
767 1260 1
767 1299 1
767 1345 1
767 1349 1
767 1381 1
767 1385 1
767 1441 1
767 1452 1
767 1472 1
767 1592 1
767 1648 1
767 1685 1
767 1688 1
767 1742 1
767 1838 1
767 1922 1
767 1933 1
767 1998 1
767 2000 1
768 905 1
768 932 1
768 934 1
768 965 1
768 1010 1
768 1041 1
768 1047 1
768 1058 1
768 1064 1
768 1121 1
768 1126 1
768 1160 1
768 1211 1
768 1222 1
768 1286 1
768 1311 1
768 1347 1
768 1362 1
768 1365 1
768 1418 1
768 1462 1
768 1529 1
768 1550 1
768 1551 1
768 1580 1
768 1603 1
768 1655 1
768 1662 1
768 1710 1
768 1750 1
768 1767 1
768 1771 1
768 1781 1
768 1800 1
768 1803 1
768 1812 1
768 1825 1
768 1831 1
768 1837 1
768 1861 1
769 804 1
769 872 1
769 888 1
769 895 1
769 953 1
769 977 1
769 1141 1
769 1164 1
769 1175 1
769 1181 1
769 1185 1
769 1198 1
769 1199 1
769 1215 1
769 1497 1
769 1567 1
769 1570 1
769 1573 1
769 1584 1
769 1678 1
769 1690 1
769 1739 1
769 1797 1
770 844 1
770 872 1
770 875 1
770 893 1
770 1022 1
770 1026 1
770 1030 1
770 1047 1
770 1059 1
770 1100 1
770 1111 1
770 1141 1
770 1399 1
770 1416 1
770 1476 1
770 1555 1
770 1566 1
770 1572 1
770 1580 1
770 1609 1
770 1623 1
770 1640 1
770 1672 1
770 1695 1
770 1822 1
770 1889 1
770 1909 1
770 1928 1
771 814 1
771 844 1
771 853 1
771 859 1
771 960 1
771 1015 1
771 1159 1
771 1185 1
771 1216 1
771 1327 1
771 1337 1
771 1346 1
771 1392 1
771 1415 1
771 1533 1
771 1567 1
771 1605 1
771 1657 1
771 1771 1
771 1809 1
771 1853 1
771 1860 1
771 1920 1
771 1934 1
771 1941 1
771 1975 1
771 1983 1
771 1988 1
772 792 1
772 812 1
772 877 1
772 927 1
772 928 1
772 937 1
772 952 1
772 961 1
772 983 1
772 985 1
772 1018 1
772 1045 1
772 1127 1
772 1141 1
772 1171 1
772 1306 1
772 1328 1
772 1332 1
772 1355 1
772 1410 1
772 1424 1
772 1444 1
772 1448 1
772 1475 1
772 1509 1
772 1527 1
772 1553 1
772 1595 1
772 1679 1
772 1682 1
772 1714 1
772 1715 1
772 1738 1
772 1780 1
772 1834 1
772 1862 1
772 1867 1
772 1959 1
772 1992 1
773 806 1
773 819 1
773 838 1
773 895 1
773 927 1
773 947 1
773 961 1
773 1060 1
773 1090 1
773 1182 1
773 1188 1
773 1209 1
773 1223 1
773 1340 1
773 1377 1
773 1379 1
773 1403 1
773 1428 1
773 1469 1
773 1476 1
773 1577 1
773 1630 1
773 1715 1
773 1748 1
773 1786 1
773 1805 1
773 1836 1
773 1860 1
773 1862 1
773 1909 1
773 1913 1
773 1948 1
773 1992 1
774 869 1
774 883 1
774 902 1
774 909 1
774 922 1
774 958 1
774 959 1
774 1023 1
774 1069 1
774 1111 1
774 1156 1
774 1175 1
774 1180 1
774 1246 1
774 1270 1
774 1277 1
774 1315 1
774 1319 1
774 1370 1
774 1381 1
774 1412 1
774 1470 1
774 1516 1
774 1518 1
774 1547 1
774 1622 1
774 1645 1
774 1683 1
774 1730 1
774 1733 1
774 1800 1
774 1823 1
774 1851 1
774 1894 1
774 1920 1
774 1980 1
775 779 1
775 789 1
775 819 1
775 943 1
775 944 1
775 948 1
775 980 1
775 1011 1
775 1058 1
775 1101 1
775 1160 1
775 1221 1
775 1223 1
775 1258 1
775 1271 1
775 1278 1
775 1293 1
775 1331 1
775 1354 1
775 1358 1
775 1410 1
775 1424 1
775 1523 1
775 1557 1
775 1609 1
775 1615 1
775 1748 1
775 1799 1
775 1864 1
776 782 1
776 796 1
776 810 1
776 811 1
776 842 1
776 844 1
776 973 1
776 998 1
776 1055 1
776 1118 1
776 1194 1
776 1196 1
776 1238 1
776 1252 1
776 1259 1
776 1271 1
776 1274 1
776 1292 1
776 1407 1
776 1432 1
776 1450 1
776 1460 1
776 1491 1
776 1566 1
776 1615 1
776 1630 1
776 1664 1
776 1668 1
776 1693 1
776 1700 1
776 1707 1
776 1744 1
776 1752 1
776 1794 1
776 1806 1
776 1841 1
776 1854 1
776 1962 1
776 1981 1
777 781 1
777 810 1
777 832 1
777 872 1
777 900 1
777 924 1
777 927 1
777 943 1
777 1020 1
777 1057 1
777 1069 1
777 1072 1
777 1126 1
777 1180 1
777 1196 1
777 1206 1
777 1254 1
777 1256 1
777 1290 1
777 1319 1
777 1430 1
777 1440 1
777 1443 1
777 1467 1
777 1519 1
777 1535 1
777 1545 1
777 1561 1
777 1568 1
777 1620 1
777 1722 1
777 1737 1
777 1752 1
777 1781 1
777 1817 1
777 1850 1
777 1852 1
777 1856 1
777 1861 1
777 1876 1
777 1932 1
777 1967 1
777 1999 1
778 785 1
778 882 1
778 930 1
778 954 1
778 976 1
778 1011 1
778 1023 1
778 1074 1
778 1085 1
778 1143 1
778 1339 1
778 1364 1
778 1376 1
778 1386 1
778 1408 1
778 1414 1
778 1445 1
778 1540 1
778 1600 1
778 1636 1
778 1706 1
778 1766 1
778 1911 1
778 1926 1
778 1993 1
779 828 1
779 837 1
779 854 1
779 863 1
779 883 1
779 914 1
779 961 1
779 1008 1
779 1052 1
779 1074 1
779 1094 1
779 1153 1
779 1192 1
779 1223 1
779 1226 1
779 1262 1
779 1300 1
779 1317 1
779 1325 1
779 1405 1
779 1415 1
779 1441 1
779 1445 1
779 1495 1
779 1508 1
779 1528 1
779 1549 1
779 1599 1
779 1616 1
779 1645 1
779 1663 1
779 1732 1
779 1757 1
779 1838 1
779 1901 1
779 1966 1
779 1978 1
780 837 1
780 886 1
780 907 1
780 920 1
780 970 1
780 990 1
780 1004 1
780 1023 1
780 1041 1
780 1099 1
780 1173 1
780 1312 1
780 1324 1
780 1385 1
780 1388 1
780 1407 1
780 1409 1
780 1455 1
780 1538 1
780 1561 1
780 1650 1
780 1718 1
780 1740 1
780 1759 1
780 1798 1
780 1803 1
780 1843 1
780 1964 1
780 1980 1
781 844 1
781 890 1
781 907 1
781 973 1
781 985 1
781 1010 1
781 1089 1
781 1160 1
781 1180 1
781 1184 1
781 1225 1
781 1284 1
781 1334 1
781 1364 1
781 1377 1
781 1455 1
781 1481 1
781 1491 1
781 1532 1
781 1539 1
781 1545 1
781 1574 1
781 1629 1
781 1654 1
781 1715 1
781 1723 1
781 1733 1
781 1743 1
781 1763 1
781 1784 1
781 1840 1
781 1875 1
781 1906 1
781 1919 1
781 1943 1
781 1969 1
781 1973 1
781 1993 1
782 783 1
782 823 1
782 928 1
782 936 1
782 969 1
782 982 1
782 1065 1
782 1112 1
782 1223 1
782 1301 1
782 1328 1
782 1350 1
782 1352 1
782 1421 1
782 1491 1
782 1503 1
782 1532 1
782 1540 1
782 1627 1
782 1660 1
782 1873 1
782 1882 1
782 1903 1
782 1906 1
782 1918 1
782 1965 1
783 851 1
783 886 1
783 916 1
783 930 1
783 934 1
783 976 1
783 1057 1
783 1133 1
783 1181 1
783 1191 1
783 1208 1
783 1249 1
783 1348 1
783 1411 1
783 1486 1
783 1496 1
783 1587 1
783 1647 1
783 1715 1
783 1839 1
783 1881 1
783 1889 1
783 1923 1
783 1998 1
784 859 1
784 917 1
784 933 1
784 999 1
784 1003 1
784 1016 1
784 1017 1
784 1081 1
784 1155 1
784 1160 1
784 1162 1
784 1166 1
784 1327 1
784 1413 1
784 1416 1
784 1420 1
784 1500 1
784 1551 1
784 1581 1
784 1591 1
784 1611 1
784 1612 1
784 1663 1
784 1671 1
784 1677 1
784 1708 1
784 1737 1
784 1741 1
784 1770 1
784 1812 1
784 1851 1
784 1862 1
784 1893 1
784 1941 1
784 1960 1
784 1987 1
784 1990 1
785 798 1
785 802 1
785 893 1
785 946 1
785 955 1
785 1035 1
785 1036 1
785 1118 1
785 1121 1
785 1202 1
785 1220 1
785 1239 1
785 1281 1
785 1300 1
785 1342 1
785 1397 1
785 1411 1
785 1428 1
785 1451 1
785 1474 1
785 1486 1
785 1634 1
785 1654 1
785 1677 1
785 1754 1
785 1839 1
785 1867 1
785 1894 1
785 1934 1
785 1973 1
785 1991 1
785 1998 1
786 817 1
786 893 1
786 909 1
786 939 1
786 959 1
786 983 1
786 1009 1
786 1042 1
786 1078 1
786 1141 1
786 1217 1
786 1310 1
786 1346 1
786 1364 1
786 1430 1
786 1554 1
786 1663 1
786 1730 1
786 1744 1
786 1775 1
786 1818 1
786 1868 1
786 1895 1
786 1919 1
786 1946 1
786 1959 1
786 1980 1
787 850 1
787 892 1
787 932 1
787 934 1
787 1061 1
787 1080 1
787 1093 1
787 1139 1
787 1152 1
787 1154 1
787 1166 1
787 1391 1
787 1412 1
787 1442 1
787 1449 1
787 1493 1
787 1536 1
787 1601 1
787 1617 1
787 1652 1
787 1660 1
787 1677 1
787 1801 1
787 1810 1
787 1869 1
787 1883 1
787 1912 1
787 1921 1
788 794 1
788 833 1
788 834 1
788 859 1
788 960 1
788 976 1
788 1018 1
788 1026 1
788 1060 1
788 1066 1
788 1094 1
788 1231 1
788 1266 1
788 1288 1
788 1291 1
788 1351 1
788 1774 1
788 1819 1
788 1855 1
788 1886 1
788 1912 1
788 1924 1
788 1945 1
788 1961 1
788 1970 1
789 800 1
789 859 1
789 874 1
789 909 1
789 937 1
789 944 1
789 945 1
789 955 1
789 1034 1
789 1144 1
789 1184 1
789 1287 1
789 1316 1
789 1325 1
789 1374 1
789 1409 1
789 1422 1
789 1461 1
789 1543 1
789 1555 1
789 1556 1
789 1572 1
789 1582 1
789 1614 1
789 1622 1
789 1704 1
789 1777 1
789 1793 1
789 1803 1
789 1836 1
789 1906 1
789 1961 1
790 816 1
790 846 1
790 853 1
790 871 1
790 889 1
790 985 1
790 1075 1
790 1076 1
790 1131 1
790 1154 1
790 1165 1
790 1223 1
790 1245 1
790 1284 1
790 1332 1
790 1367 1
790 1391 1
790 1418 1
790 1421 1
790 1447 1
790 1448 1
790 1494 1
790 1540 1
790 1560 1
790 1779 1
790 1802 1
790 1844 1
790 1866 1
790 1936 1
790 1937 1
790 1974 1
791 809 1
791 816 1
791 819 1
791 839 1
791 846 1
791 890 1
791 912 1
791 934 1
791 975 1
791 998 1
791 1012 1
791 1039 1
791 1072 1
791 1082 1
791 1103 1
791 1134 1
791 1183 1
791 1189 1
791 1282 1
791 1349 1
791 1386 1
791 1442 1
791 1505 1
791 1525 1
791 1555 1
791 1572 1
791 1649 1
791 1651 1
791 1730 1
791 1785 1
791 1841 1
791 1869 1
791 1945 1
791 1993 1
791 1994 1
792 802 1
792 818 1
792 954 1
792 1012 1
792 1026 1
792 1125 1
792 1149 1
792 1216 1
792 1271 1
792 1356 1
792 1417 1
792 1519 1
792 1520 1
792 1538 1
792 1691 1
792 1739 1
792 1758 1
792 1794 1
792 1819 1
792 1827 1
792 1836 1
792 1865 1
792 1913 1
792 1953 1
793 850 1
793 915 1
793 974 1
793 1053 1
793 1083 1
793 1153 1
793 1220 1
793 1224 1
793 1356 1
793 1440 1
793 1482 1
793 1555 1
793 1608 1
793 1623 1
793 1684 1
793 1700 1
793 1750 1
793 1765 1
793 1771 1
793 1775 1
793 1796 1
793 1818 1
793 1875 1
793 1889 1
793 1903 1
794 926 1
794 935 1
794 1028 1
794 1032 1
794 1176 1
794 1218 1
794 1227 1
794 1321 1
794 1334 1
794 1340 1
794 1376 1
794 1452 1
794 1456 1
794 1523 1
794 1573 1
794 1632 1
794 1686 1
794 1723 1
794 1810 1
794 1817 1
794 1850 1
794 1851 1
794 1896 1
795 820 1
795 830 1
795 940 1
795 950 1
795 1044 1
795 1221 1
795 1364 1
795 1367 1
795 1375 1
795 1386 1
795 1442 1
795 1519 1
795 1592 1
795 1625 1
795 1744 1
795 1793 1
795 1876 1
795 1912 1
795 1942 1
796 925 1
796 933 1
796 975 1
796 995 1
796 1007 1
796 1023 1
796 1103 1
796 1108 1
796 1129 1
796 1169 1
796 1230 1
796 1286 1
796 1308 1
796 1324 1
796 1330 1
796 1357 1
796 1358 1
796 1369 1
796 1406 1
796 1437 1
796 1553 1
796 1621 1
796 1656 1
796 1661 1
796 1696 1
796 1711 1
796 1765 1
796 1792 1
796 1941 1
796 1959 1
796 1976 1
797 813 1
797 827 1
797 855 1
797 889 1
797 898 1
797 987 1
797 991 1
797 1007 1
797 1012 1
797 1030 1
797 1031 1
797 1105 1
797 1136 1
797 1171 1
797 1269 1
797 1317 1
797 1377 1
797 1463 1
797 1513 1
797 1514 1
797 1535 1
797 1569 1
797 1572 1
797 1607 1
797 1630 1
797 1675 1
797 1719 1
797 1756 1
797 1820 1
797 1880 1
797 1980 1
798 816 1
798 866 1
798 946 1
798 1073 1
798 1113 1
798 1181 1
798 1200 1
798 1307 1
798 1320 1
798 1356 1
798 1388 1
798 1415 1
798 1499 1
798 1582 1
798 1600 1
798 1777 1
798 1847 1
798 1855 1
798 1857 1
798 1876 1
798 1884 1
798 1898 1
798 1922 1
798 1939 1
798 1953 1
799 846 1
799 852 1
799 900 1
799 951 1
799 979 1
799 1000 1
799 1046 1
799 1105 1
799 1107 1
799 1116 1
799 1159 1
799 1173 1
799 1222 1
799 1245 1
799 1255 1
799 1328 1
799 1395 1
799 1475 1
799 1607 1
799 1639 1
799 1727 1
799 1742 1
799 1743 1
799 1764 1
799 1784 1
799 1899 1
799 1904 1
799 1924 1
799 1973 1
800 809 1
800 860 1
800 875 1
800 890 1
800 909 1
800 967 1
800 975 1
800 994 1
800 1027 1
800 1068 1
800 1097 1
800 1190 1
800 1221 1
800 1230 1
800 1246 1
800 1248 1
800 1273 1
800 1425 1
800 1435 1
800 1469 1
800 1505 1
800 1529 1
800 1559 1
800 1641 1
800 1729 1
800 1759 1
800 1861 1
800 1866 1
800 1873 1
800 1945 1
801 804 1
801 835 1
801 853 1
801 889 1
801 912 1
801 1032 1
801 1079 1
801 1087 1
801 1091 1
801 1116 1
801 1186 1
801 1255 1
801 1260 1
801 1269 1
801 1333 1
801 1379 1
801 1407 1
801 1434 1
801 1534 1
801 1552 1
801 1567 1
801 1618 1
801 1646 1
801 1711 1
801 1719 1
801 1720 1
801 1767 1
801 1843 1
801 1852 1
801 1877 1
801 1904 1
801 1906 1
801 1965 1
801 1976 1
801 1984 1
801 1990 1
802 810 1
802 831 1
802 932 1
802 1018 1
802 1040 1
802 1107 1
802 1348 1
802 1365 1
802 1397 1
802 1515 1
802 1590 1
802 1619 1
802 1637 1
802 1648 1
802 1670 1
802 1671 1
802 1681 1
802 1685 1
802 1763 1
802 1773 1
802 1819 1
802 1823 1
802 1851 1
802 1854 1
802 1858 1
802 1865 1
802 1930 1
802 1963 1
803 859 1
803 891 1
803 895 1
803 906 1
803 926 1
803 936 1
803 942 1
803 947 1
803 1001 1
803 1012 1
803 1057 1
803 1126 1
803 1161 1
803 1241 1
803 1297 1
803 1422 1
803 1423 1
803 1471 1
803 1473 1
803 1529 1
803 1595 1
803 1629 1
803 1649 1
803 1657 1
803 1727 1
803 1827 1
803 1849 1
803 1881 1
803 1916 1
803 1935 1
803 1938 1
803 1966 1
803 1973 1
804 847 1
804 848 1
804 882 1
804 885 1
804 897 1
804 910 1
804 924 1
804 963 1
804 1036 1
804 1108 1
804 1141 1
804 1156 1
804 1159 1
804 1197 1
804 1198 1
804 1216 1
804 1275 1
804 1277 1
804 1344 1
804 1368 1
804 1387 1
804 1490 1
804 1503 1
804 1509 1
804 1614 1
804 1658 1
804 1684 1
804 1694 1
804 1729 1
804 1768 1
804 1785 1
804 1812 1
804 1845 1
804 1857 1
804 1912 1
804 1948 1
804 1966 1
805 812 1
805 831 1
805 834 1
805 865 1
805 868 1
805 881 1
805 992 1
805 1087 1
805 1115 1
805 1165 1
805 1186 1
805 1233 1
805 1266 1
805 1329 1
805 1418 1
805 1476 1
805 1491 1
805 1518 1
805 1539 1
805 1588 1
805 1691 1
805 1731 1
805 1739 1
805 1746 1
805 1819 1
805 1948 1
805 1973 1
806 814 1
806 864 1
806 912 1
806 928 1
806 946 1
806 1092 1
806 1140 1
806 1165 1
806 1170 1
806 1241 1
806 1245 1
806 1309 1
806 1329 1
806 1370 1
806 1417 1
806 1512 1
806 1636 1
806 1639 1
806 1694 1
806 1784 1
806 1816 1
806 1828 1
806 1898 1
806 1906 1
807 852 1
807 896 1
807 899 1
807 902 1
807 917 1
807 994 1
807 1008 1
807 1009 1
807 1061 1
807 1119 1
807 1193 1
807 1205 1
807 1244 1
807 1265 1
807 1285 1
807 1321 1
807 1325 1
807 1365 1
807 1370 1
807 1379 1
807 1407 1
807 1470 1
807 1516 1
807 1582 1
807 1617 1
807 1690 1
807 1716 1
807 1779 1
807 1781 1
807 1784 1
807 1799 1
807 1800 1
807 1880 1
807 1894 1
807 1923 1
807 1972 1
807 1974 1
808 858 1
808 928 1
808 1059 1
808 1061 1
808 1104 1
808 1187 1
808 1210 1
808 1329 1
808 1379 1
808 1413 1
808 1419 1
808 1548 1
808 1642 1
808 1728 1
808 1784 1
808 1823 1
808 1845 1
808 1889 1
808 1959 1
809 814 1
809 835 1
809 858 1
809 934 1
809 941 1
809 954 1
809 976 1
809 982 1
809 1015 1
809 1035 1
809 1055 1
809 1057 1
809 1058 1
809 1063 1
809 1099 1
809 1111 1
809 1139 1
809 1236 1
809 1442 1
809 1514 1
809 1558 1
809 1586 1
809 1615 1
809 1662 1
809 1752 1
809 1782 1
809 1807 1
809 1810 1
809 1955 1
809 1965 1
809 1993 1
809 2000 1
810 852 1
810 882 1
810 887 1
810 928 1
810 958 1
810 979 1
810 994 1
810 999 1
810 1091 1
810 1126 1
810 1132 1
810 1133 1
810 1138 1
810 1147 1
810 1197 1
810 1290 1
810 1339 1
810 1353 1
810 1368 1
810 1415 1
810 1438 1
810 1443 1
810 1446 1
810 1517 1
810 1528 1
810 1536 1
810 1620 1
810 1669 1
810 1678 1
810 1792 1
810 1810 1
810 1915 1
810 1942 1
810 1953 1
810 1973 1
810 1979 1
810 1989 1
811 858 1
811 869 1
811 881 1
811 1011 1
811 1112 1
811 1123 1
811 1141 1
811 1168 1
811 1278 1
811 1332 1
811 1364 1
811 1368 1
811 1543 1
811 1583 1
811 1674 1
811 1677 1
811 1690 1
811 1700 1
811 1709 1
811 1712 1
811 1832 1
811 1842 1
811 1865 1
811 1894 1
811 1902 1
811 1911 1
811 1959 1
811 1998 1
812 839 1
812 886 1
812 963 1
812 1012 1
812 1036 1
812 1203 1
812 1205 1
812 1240 1
812 1267 1
812 1293 1
812 1298 1
812 1311 1
812 1364 1
812 1390 1
812 1491 1
812 1535 1
812 1607 1
812 1641 1
812 1645 1
812 1659 1
812 1686 1
812 1748 1
812 1785 1
812 1801 1
812 1810 1
812 1818 1
812 1843 1
812 1859 1
812 1900 1
812 1910 1
812 1920 1
812 1949 1
812 1957 1
812 1958 1
812 1985 1
812 1987 1
813 842 1
813 883 1
813 1001 1
813 1015 1
813 1058 1
813 1102 1
813 1120 1
813 1136 1
813 1176 1
813 1212 1
813 1219 1
813 1221 1
813 1229 1
813 1246 1
813 1320 1
813 1410 1
813 1448 1
813 1467 1
813 1502 1
813 1518 1
813 1591 1
813 1595 1
813 1617 1
813 1627 1
813 1686 1
813 1692 1
813 1743 1
813 1791 1
813 1794 1
813 1857 1
813 1878 1
813 1882 1
813 1883 1
813 1908 1
813 1958 1
813 1984 1
813 1999 1
814 852 1
814 892 1
814 900 1
814 906 1
814 925 1
814 954 1
814 1042 1
814 1062 1
814 1094 1
814 1124 1
814 1145 1
814 1157 1
814 1185 1
814 1206 1
814 1212 1
814 1243 1
814 1340 1
814 1418 1
814 1522 1
814 1532 1
814 1634 1
814 1656 1
814 1669 1
814 1692 1
814 1730 1
814 1764 1
814 1789 1
814 1849 1
814 1867 1
814 1878 1
814 1880 1
814 1965 1
814 1969 1
815 825 1
815 848 1
815 887 1
815 923 1
815 984 1
815 1018 1
815 1114 1
815 1143 1
815 1220 1
815 1232 1
815 1273 1
815 1384 1
815 1509 1
815 1515 1
815 1546 1
815 1674 1
815 1713 1
815 1739 1
815 1794 1
815 1836 1
815 1851 1
815 1863 1
815 1920 1
815 1960 1
816 821 1
816 826 1
816 856 1
816 888 1
816 911 1
816 920 1
816 929 1
816 930 1
816 992 1
816 999 1
816 1015 1
816 1032 1
816 1037 1
816 1049 1
816 1145 1
816 1156 1
816 1220 1
816 1225 1
816 1227 1
816 1263 1
816 1358 1
816 1359 1
816 1376 1
816 1388 1
816 1406 1
816 1408 1
816 1456 1
816 1476 1
816 1504 1
816 1542 1
816 1557 1
816 1665 1
816 1674 1
816 1706 1
816 1778 1
816 1811 1
816 1949 1
816 1983 1
816 1998 1
817 830 1
817 885 1
817 891 1
817 938 1
817 975 1
817 986 1
817 1023 1
817 1106 1
817 1110 1
817 1215 1
817 1229 1
817 1346 1
817 1382 1
817 1388 1
817 1394 1
817 1401 1
817 1409 1
817 1440 1
817 1450 1
817 1538 1
817 1603 1
817 1609 1
817 1690 1
817 1696 1
817 1779 1
817 1803 1
817 1817 1
817 1858 1
817 1901 1
817 1998 1
818 861 1
818 969 1
818 1026 1
818 1049 1
818 1061 1
818 1070 1
818 1088 1
818 1115 1
818 1165 1
818 1171 1
818 1405 1
818 1406 1
818 1449 1
818 1464 1
818 1501 1
818 1508 1
818 1607 1
818 1651 1
818 1716 1
818 1720 1
818 1731 1
818 1767 1
818 1803 1
818 1804 1
818 1839 1
818 1889 1
818 1931 1
818 1949 1
818 1962 1
818 1968 1
818 1972 1
818 1987 1
819 834 1
819 907 1
819 986 1
819 993 1
819 995 1
819 1092 1
819 1221 1
819 1222 1
819 1247 1
819 1254 1
819 1307 1
819 1308 1
819 1373 1
819 1389 1
819 1473 1
819 1483 1
819 1549 1
819 1570 1
819 1614 1
819 1664 1
819 1680 1
819 1727 1
819 1770 1
819 1855 1
819 1859 1
819 1862 1
819 1866 1
819 1957 1
820 859 1
820 872 1
820 911 1
820 1025 1
820 1060 1
820 1092 1
820 1117 1
820 1142 1
820 1256 1
820 1323 1
820 1353 1
820 1391 1
820 1472 1
820 1513 1
820 1529 1
820 1616 1
820 1625 1
820 1634 1
820 1644 1
820 1732 1
820 1809 1
820 1818 1
820 1837 1
820 1857 1
820 1860 1
820 1878 1
820 1913 1
820 1959 1
821 844 1
821 944 1
821 960 1
821 993 1
821 1009 1
821 1101 1
821 1149 1
821 1190 1
821 1191 1
821 1193 1
821 1270 1
821 1391 1
821 1475 1
821 1581 1
821 1586 1
821 1595 1
821 1605 1
821 1707 1
821 1721 1
821 1723 1
821 1766 1
821 1771 1
821 1783 1
821 1827 1
821 1843 1
821 1848 1
821 1875 1
821 1910 1
821 1965 1
822 875 1
822 986 1
822 990 1
822 1041 1
822 1072 1
822 1116 1
822 1158 1
822 1167 1
822 1181 1
822 1221 1
822 1266 1
822 1311 1
822 1327 1
822 1466 1
822 1591 1
822 1601 1
822 1648 1
822 1702 1
822 1790 1
822 1825 1
822 1889 1
823 848 1
823 860 1
823 972 1
823 999 1
823 1065 1
823 1071 1
823 1086 1
823 1266 1
823 1428 1
823 1432 1
823 1439 1
823 1477 1
823 1540 1
823 1591 1
823 1738 1
823 1758 1
823 1761 1
823 1787 1
823 1841 1
823 1936 1
823 1938 1
823 1948 1
823 1962 1
823 1973 1
823 1987 1
823 1991 1
824 871 1
824 895 1
824 942 1
824 1045 1
824 1135 1
824 1141 1
824 1180 1
824 1225 1
824 1241 1
824 1262 1
824 1263 1
824 1265 1
824 1266 1
824 1298 1
824 1376 1
824 1494 1
824 1603 1
824 1642 1
824 1701 1
824 1721 1
824 1745 1
824 1773 1
824 1895 1
824 1903 1
824 1934 1
824 1944 1
824 2000 1
825 842 1
825 914 1
825 924 1
825 945 1
825 984 1
825 990 1
825 1074 1
825 1078 1
825 1113 1
825 1168 1
825 1177 1
825 1300 1
825 1353 1
825 1401 1
825 1417 1
825 1438 1
825 1494 1
825 1616 1
825 1675 1
825 1777 1
825 1825 1
825 1896 1
825 1900 1
825 1944 1
825 1957 1
825 1959 1
825 1966 1
825 1999 1
826 833 1
826 857 1
826 1025 1
826 1035 1
826 1148 1
826 1155 1
826 1178 1
826 1262 1
826 1329 1
826 1393 1
826 1475 1
826 1490 1
826 1511 1
826 1525 1
826 1563 1
826 1620 1
826 1625 1
826 1668 1
826 1743 1
826 1813 1
826 1851 1
826 1883 1
826 1974 1
827 832 1
827 877 1
827 1003 1
827 1089 1
827 1119 1
827 1320 1
827 1352 1
827 1418 1
827 1494 1
827 1549 1
827 1615 1
827 1671 1
827 1722 1
827 1734 1
827 1747 1
827 1749 1
827 1757 1
827 1834 1
827 1847 1
827 1939 1
827 1980 1
828 889 1
828 895 1
828 896 1
828 928 1
828 991 1
828 1033 1
828 1036 1
828 1205 1
828 1234 1
828 1254 1
828 1289 1
828 1390 1
828 1434 1
828 1436 1
828 1461 1
828 1520 1
828 1565 1
828 1670 1
828 1705 1
828 1725 1
828 1727 1
828 1742 1
828 1766 1
828 1792 1
828 1802 1
828 1845 1
828 1876 1
828 1905 1
828 1917 1
828 1934 1
828 1953 1
828 1972 1
829 900 1
829 940 1
829 965 1
829 977 1
829 1001 1
829 1023 1
829 1027 1
829 1030 1
829 1041 1
829 1049 1
829 1072 1
829 1093 1
829 1141 1
829 1150 1
829 1160 1
829 1176 1
829 1211 1
829 1231 1
829 1281 1
829 1308 1
829 1316 1
829 1352 1
829 1354 1
829 1396 1
829 1475 1
829 1506 1
829 1514 1
829 1517 1
829 1533 1
829 1536 1
829 1590 1
829 1662 1
829 1707 1
829 1711 1
829 1764 1
829 1769 1
829 1777 1
829 1811 1
829 1818 1
829 1832 1
829 1845 1
829 1852 1
829 1888 1
830 847 1
830 891 1
830 895 1
830 972 1
830 1005 1
830 1045 1
830 1064 1
830 1266 1
830 1272 1
830 1301 1
830 1311 1
830 1353 1
830 1361 1
830 1393 1
830 1411 1
830 1477 1
830 1516 1
830 1531 1
830 1593 1
830 1625 1
830 1743 1
830 1803 1
830 1882 1
831 868 1
831 901 1
831 928 1
831 955 1
831 993 1
831 1155 1
831 1160 1
831 1208 1
831 1240 1
831 1255 1
831 1339 1
831 1382 1
831 1475 1
831 1494 1
831 1520 1
831 1530 1
831 1531 1
831 1566 1
831 1606 1
831 1647 1
831 1670 1
831 1676 1
831 1681 1
831 1691 1
831 1720 1
831 1735 1
831 1783 1
831 1790 1
831 1804 1
831 1819 1
831 1854 1
831 1947 1
832 854 1
832 869 1
832 887 1
832 926 1
832 930 1
832 988 1
832 1006 1
832 1076 1
832 1084 1
832 1166 1
832 1186 1
832 1187 1
832 1263 1
832 1334 1
832 1346 1
832 1359 1
832 1409 1
832 1491 1
832 1498 1
832 1557 1
832 1559 1
832 1648 1
832 1662 1
832 1720 1
832 1722 1
832 1747 1
832 1765 1
832 1770 1
832 1812 1
832 1885 1
832 1890 1
832 1933 1
832 1975 1
832 1976 1
833 910 1
833 933 1
833 948 1
833 980 1
833 1056 1
833 1098 1
833 1114 1
833 1244 1
833 1303 1
833 1309 1
833 1329 1
833 1497 1
833 1583 1
833 1603 1
833 1625 1
833 1660 1
833 1710 1
833 1711 1
833 1720 1
833 1745 1
833 1795 1
833 1843 1
833 1888 1
833 1897 1
833 1910 1
833 1938 1
834 880 1
834 904 1
834 996 1
834 1068 1
834 1104 1
834 1118 1
834 1120 1
834 1192 1
834 1316 1
834 1324 1
834 1413 1
834 1523 1
834 1534 1
834 1554 1
834 1619 1
834 1645 1
834 1651 1
834 1653 1
834 1670 1
834 1725 1
834 1781 1
834 1800 1
834 1848 1
834 1872 1
835 842 1
835 944 1
835 958 1
835 962 1
835 1127 1
835 1134 1
835 1137 1
835 1213 1
835 1268 1
835 1344 1
835 1347 1
835 1349 1
835 1377 1
835 1396 1
835 1466 1
835 1471 1
835 1482 1
835 1487 1
835 1490 1
835 1525 1
835 1607 1
835 1609 1
835 1704 1
835 1721 1
835 1778 1
835 1795 1
835 1814 1
835 1815 1
835 1883 1
835 1887 1
835 1910 1
835 1927 1
835 1935 1
835 1978 1
836 853 1
836 924 1
836 972 1
836 1055 1
836 1172 1
836 1178 1
836 1222 1
836 1233 1
836 1271 1
836 1345 1
836 1353 1
836 1410 1
836 1464 1
836 1597 1
836 1636 1
836 1680 1
836 1710 1
836 1722 1
836 1747 1
836 1774 1
836 1843 1
836 1848 1
836 1861 1
836 1928 1
836 1942 1
836 1944 1
836 1951 1
836 1952 1
837 842 1
837 861 1
837 884 1
837 894 1
837 926 1
837 940 1
837 959 1
837 994 1
837 1015 1
837 1039 1
837 1049 1
837 1094 1
837 1148 1
837 1157 1
837 1224 1
837 1236 1
837 1240 1
837 1289 1
837 1315 1
837 1336 1
837 1370 1
837 1453 1
837 1557 1
837 1582 1
837 1588 1
837 1615 1
837 1617 1
837 1638 1
837 1651 1
837 1697 1
837 1712 1
837 1756 1
837 1854 1
837 1929 1
837 1949 1
837 1958 1
837 1986 1
837 1990 1
838 867 1
838 992 1
838 993 1
838 1010 1
838 1037 1
838 1076 1
838 1103 1
838 1110 1
838 1119 1
838 1178 1
838 1194 1
838 1222 1
838 1288 1
838 1327 1
838 1337 1
838 1381 1
838 1498 1
838 1529 1
838 1610 1
838 1677 1
838 1691 1
838 1799 1
838 1855 1
838 1901 1
838 1912 1
838 1929 1
838 1950 1
838 1979 1
839 954 1
839 956 1
839 1018 1
839 1021 1
839 1038 1
839 1045 1
839 1083 1
839 1093 1
839 1169 1
839 1197 1
839 1231 1
839 1233 1
839 1278 1
839 1289 1
839 1297 1
839 1355 1
839 1417 1
839 1425 1
839 1485 1
839 1534 1
839 1553 1
839 1583 1
839 1632 1
839 1733 1
839 1779 1
839 1804 1
839 1835 1
839 1856 1
839 1883 1
839 1893 1
839 1906 1
839 1909 1
839 1929 1
839 1995 1
840 868 1
840 872 1
840 928 1
840 938 1
840 944 1
840 970 1
840 981 1
840 1015 1
840 1037 1
840 1065 1
840 1080 1
840 1090 1
840 1099 1
840 1206 1
840 1232 1
840 1283 1
840 1304 1
840 1343 1
840 1363 1
840 1382 1
840 1386 1
840 1404 1
840 1437 1
840 1443 1
840 1471 1
840 1521 1
840 1666 1
840 1781 1
840 1830 1
840 1831 1
840 1857 1
840 1881 1
840 1916 1
840 1920 1
840 1954 1
841 860 1
841 913 1
841 923 1
841 930 1
841 1019 1
841 1021 1
841 1029 1
841 1070 1
841 1119 1
841 1207 1
841 1213 1
841 1276 1
841 1289 1
841 1296 1
841 1415 1
841 1451 1
841 1477 1
841 1485 1
841 1534 1
841 1548 1
841 1631 1
841 1646 1
841 1726 1
841 1788 1
841 1830 1
841 1836 1
841 1952 1
842 898 1
842 900 1
842 954 1
842 990 1
842 1095 1
842 1098 1
842 1105 1
842 1139 1
842 1179 1
842 1180 1
842 1208 1
842 1268 1
842 1314 1
842 1332 1
842 1386 1
842 1397 1
842 1437 1
842 1499 1
842 1500 1
842 1517 1
842 1524 1
842 1542 1
842 1560 1
842 1565 1
842 1568 1
842 1572 1
842 1622 1
842 1676 1
842 1787 1
842 1884 1
842 1903 1
842 1925 1
843 895 1
843 919 1
843 940 1
843 984 1
843 987 1
843 988 1
843 1247 1
843 1277 1
843 1335 1
843 1349 1
843 1361 1
843 1402 1
843 1451 1
843 1469 1
843 1505 1
843 1595 1
843 1631 1
843 1721 1
843 1881 1
843 1888 1
843 1932 1
843 1942 1
844 850 1
844 939 1
844 955 1
844 976 1
844 984 1
844 1008 1
844 1012 1
844 1085 1
844 1116 1
844 1139 1
844 1157 1
844 1162 1
844 1306 1
844 1332 1
844 1341 1
844 1357 1
844 1391 1
844 1406 1
844 1449 1
844 1466 1
844 1537 1
844 1632 1
844 1724 1
844 1773 1
844 1830 1
844 1925 1
844 1973 1
844 1978 1
845 895 1
845 941 1
845 956 1
845 1034 1
845 1168 1
845 1178 1
845 1188 1
845 1191 1
845 1235 1
845 1245 1
845 1268 1
845 1288 1
845 1350 1
845 1379 1
845 1390 1
845 1565 1
845 1588 1
845 1701 1
845 1787 1
845 1811 1
845 1848 1
845 1866 1
845 1910 1
845 1965 1
845 1987 1
846 863 1
846 989 1
846 990 1
846 1018 1
846 1091 1
846 1162 1
846 1243 1
846 1256 1
846 1278 1
846 1304 1
846 1515 1
846 1533 1
846 1611 1
846 1649 1
846 1821 1
846 1851 1
847 984 1
847 1016 1
847 1074 1
847 1079 1
847 1121 1
847 1168 1
847 1170 1
847 1234 1
847 1260 1
847 1326 1
847 1341 1
847 1358 1
847 1398 1
847 1427 1
847 1453 1
847 1531 1
847 1568 1
847 1638 1
847 1653 1
847 1723 1
847 1725 1
847 1735 1
847 1764 1
847 1836 1
848 869 1
848 896 1
848 914 1
848 1073 1
848 1148 1
848 1210 1
848 1237 1
848 1254 1
848 1269 1
848 1312 1
848 1318 1
848 1432 1
848 1493 1
848 1506 1
848 1581 1
848 1664 1
848 1739 1
848 1772 1
848 1796 1
848 1816 1
848 1848 1
848 1942 1
849 887 1
849 974 1
849 1020 1
849 1142 1
849 1150 1
849 1160 1
849 1161 1
849 1189 1
849 1205 1
849 1247 1
849 1278 1
849 1329 1
849 1344 1
849 1346 1
849 1363 1
849 1381 1
849 1406 1
849 1431 1
849 1454 1
849 1496 1
849 1500 1
849 1502 1
849 1621 1
849 1673 1
849 1683 1
849 1685 1
849 1687 1
849 1708 1
849 1791 1
849 1815 1
849 1824 1
849 1844 1
849 1913 1
849 1914 1
849 1967 1
849 1988 1
850 857 1
850 908 1
850 949 1
850 993 1
850 997 1
850 1059 1
850 1141 1
850 1172 1
850 1289 1
850 1320 1
850 1346 1
850 1450 1
850 1475 1
850 1488 1
850 1555 1
850 1586 1
850 1589 1
850 1647 1
850 1700 1
850 1765 1
850 1766 1
850 1807 1
850 1816 1
850 1824 1
850 1864 1
850 1907 1
850 1916 1
850 1937 1
850 1967 1
850 1978 1
850 1985 1
851 858 1
851 884 1
851 933 1
851 958 1
851 981 1
851 1045 1
851 1109 1
851 1136 1
851 1140 1
851 1162 1
851 1163 1
851 1175 1
851 1181 1
851 1261 1
851 1301 1
851 1338 1
851 1345 1
851 1490 1
851 1557 1
851 1614 1
851 1637 1
851 1661 1
851 1676 1
851 1770 1
851 1840 1
852 874 1
852 902 1
852 920 1
852 1019 1
852 1088 1
852 1089 1
852 1193 1
852 1218 1
852 1229 1
852 1237 1
852 1313 1
852 1314 1
852 1395 1
852 1399 1
852 1422 1
852 1462 1
852 1472 1
852 1541 1
852 1544 1
852 1672 1
852 1692 1
852 1706 1
852 1720 1
852 1741 1
852 1754 1
852 1789 1
852 1804 1
852 1855 1
852 1866 1
852 1871 1
852 1918 1
852 1921 1
852 1935 1
852 1999 1
853 865 1
853 869 1
853 1001 1
853 1053 1
853 1152 1
853 1157 1
853 1179 1
853 1201 1
853 1264 1
853 1280 1
853 1382 1
853 1418 1
853 1476 1
853 1490 1
853 1542 1
853 1594 1
853 1615 1
853 1646 1
853 1665 1
853 1687 1
853 1706 1
853 1714 1
853 1717 1
853 1778 1
853 1839 1
853 1899 1
853 1950 1
853 1956 1
853 1972 1
854 905 1
854 952 1
854 987 1
854 1012 1
854 1054 1
854 1143 1
854 1189 1
854 1219 1
854 1221 1
854 1248 1
854 1249 1
854 1298 1
854 1339 1
854 1353 1
854 1573 1
854 1615 1
854 1644 1
854 1649 1
854 1713 1
854 1751 1
854 1806 1
854 1888 1
854 1889 1
854 1944 1
855 907 1
855 946 1
855 975 1
855 1006 1
855 1018 1
855 1068 1
855 1116 1
855 1132 1
855 1178 1
855 1212 1
855 1223 1
855 1224 1
855 1239 1
855 1242 1
855 1244 1
855 1246 1
855 1265 1
855 1270 1
855 1318 1
855 1451 1
855 1562 1
855 1580 1
855 1648 1
855 1804 1
855 1835 1
855 1845 1
855 1879 1
855 1908 1
855 1923 1
855 1944 1
856 885 1
856 947 1
856 1025 1
856 1038 1
856 1130 1
856 1157 1
856 1161 1
856 1197 1
856 1246 1
856 1267 1
856 1287 1
856 1342 1
856 1420 1
856 1464 1
856 1470 1
856 1518 1
856 1524 1
856 1588 1
856 1592 1
856 1598 1
856 1629 1
856 1759 1
856 1804 1
856 1855 1
856 1938 1
856 1978 1
856 1991 1
857 888 1
857 974 1
857 977 1
857 1139 1
857 1170 1
857 1172 1
857 1192 1
857 1212 1
857 1249 1
857 1291 1
857 1327 1
857 1433 1
857 1436 1
857 1483 1
857 1560 1
857 1564 1
857 1566 1
857 1623 1
857 1626 1
857 1647 1
857 1667 1
857 1674 1
857 1713 1
857 1717 1
857 1727 1
857 1885 1
857 1896 1
858 1145 1
858 1196 1
858 1210 1
858 1221 1
858 1239 1
858 1268 1
858 1289 1
858 1290 1
858 1315 1
858 1339 1
858 1379 1
858 1396 1
858 1454 1
858 1476 1
858 1478 1
858 1557 1
858 1616 1
858 1648 1
858 1676 1
858 1790 1
858 1804 1
858 1869 1
858 1881 1
858 1939 1
859 893 1
859 899 1
859 908 1
859 938 1
859 1021 1
859 1082 1
859 1087 1
859 1135 1
859 1142 1
859 1159 1
859 1166 1
859 1250 1
859 1255 1
859 1280 1
859 1310 1
859 1385 1
859 1399 1
859 1403 1
859 1445 1
859 1503 1
859 1542 1
859 1564 1
859 1599 1
859 1630 1
859 1639 1
859 1652 1
859 1747 1
859 1757 1
859 1884 1
859 1925 1
859 1940 1
859 1950 1
859 1965 1
859 1967 1
859 1983 1
860 862 1
860 885 1
860 899 1
860 913 1
860 914 1
860 925 1
860 926 1
860 930 1
860 942 1
860 996 1
860 1019 1
860 1032 1
860 1033 1
860 1042 1
860 1050 1
860 1056 1
860 1165 1
860 1187 1
860 1196 1
860 1206 1
860 1222 1
860 1245 1
860 1305 1
860 1343 1
860 1392 1
860 1419 1
860 1460 1
860 1473 1
860 1524 1
860 1556 1
860 1560 1
860 1573 1
860 1581 1
860 1594 1
860 1596 1
860 1599 1
860 1632 1
860 1648 1
860 1679 1
860 1713 1
860 1726 1
860 1763 1
860 1764 1
860 1810 1
860 1816 1
860 1822 1
860 1823 1
860 1852 1
860 1902 1
860 1971 1
860 1976 1
861 941 1
861 945 1
861 954 1
861 963 1
861 1002 1
861 1089 1
861 1158 1
861 1174 1
861 1198 1
861 1285 1
861 1286 1
861 1297 1
861 1305 1
861 1329 1
861 1358 1
861 1367 1
861 1374 1
861 1392 1
861 1406 1
861 1411 1
861 1439 1
861 1482 1
861 1506 1
861 1519 1
861 1545 1
861 1643 1
861 1741 1
861 1776 1
862 877 1
862 970 1
862 1029 1
862 1226 1
862 1240 1
862 1256 1
862 1283 1
862 1346 1
862 1392 1
862 1408 1
862 1417 1
862 1426 1
862 1484 1
862 1485 1
862 1521 1
862 1537 1
862 1606 1
862 1643 1
862 1718 1
862 1772 1
862 1784 1
862 1814 1
862 1831 1
862 1849 1
862 1913 1
862 1925 1
863 870 1
863 874 1
863 914 1
863 966 1
863 980 1
863 1037 1
863 1063 1
863 1114 1
863 1202 1
863 1380 1
863 1428 1
863 1430 1
863 1431 1
863 1445 1
863 1497 1
863 1516 1
863 1547 1
863 1711 1
863 1728 1
863 1765 1
863 1791 1
863 1797 1
863 1806 1
863 1849 1
863 1865 1
863 1876 1
863 1918 1
863 1941 1
863 1953 1
864 883 1
864 895 1
864 900 1
864 934 1
864 947 1
864 1050 1
864 1056 1
864 1098 1
864 1122 1
864 1171 1
864 1185 1
864 1214 1
864 1267 1
864 1270 1
864 1309 1
864 1322 1
864 1339 1
864 1343 1
864 1451 1
864 1464 1
864 1493 1
864 1525 1
864 1545 1
864 1564 1
864 1577 1
864 1599 1
864 1661 1
864 1884 1
864 1935 1
864 1999 1
865 903 1
865 924 1
865 941 1
865 957 1
865 974 1
865 1005 1
865 1058 1
865 1103 1
865 1125 1
865 1138 1
865 1179 1
865 1220 1
865 1257 1
865 1304 1
865 1316 1
865 1322 1
865 1364 1
865 1408 1
865 1436 1
865 1461 1
865 1493 1
865 1513 1
865 1524 1
865 1592 1
865 1595 1
865 1603 1
865 1606 1
865 1701 1
865 1703 1
865 1843 1
865 1845 1
865 1865 1
865 1874 1
865 1889 1
865 1894 1
865 1895 1
865 1931 1
865 1968 1
866 886 1
866 975 1
866 982 1
866 1015 1
866 1065 1
866 1072 1
866 1136 1
866 1177 1
866 1249 1
866 1299 1
866 1331 1
866 1374 1
866 1407 1
866 1443 1
866 1605 1
866 1651 1
866 1675 1
866 1692 1
866 1736 1
866 1784 1
866 1785 1
866 1929 1
866 1965 1
866 1987 1
866 1994 1
867 913 1
867 1010 1
867 1021 1
867 1091 1
867 1114 1
867 1118 1
867 1161 1
867 1177 1
867 1216 1
867 1324 1
867 1340 1
867 1403 1
867 1404 1
867 1470 1
867 1595 1
867 1696 1
867 1726 1
867 1784 1
867 1880 1
867 1886 1
867 1892 1
867 1915 1
867 1923 1
867 1946 1
868 891 1
868 932 1
868 972 1
868 995 1
868 1076 1
868 1130 1
868 1222 1
868 1240 1
868 1252 1
868 1260 1
868 1291 1
868 1304 1
868 1457 1
868 1652 1
868 1668 1
868 1681 1
868 1696 1
868 1719 1
868 1788 1
868 1803 1
868 1806 1
868 1869 1
868 1872 1
868 1910 1
868 1952 1
868 1987 1
869 878 1
869 906 1
869 944 1
869 947 1
869 967 1
869 982 1
869 985 1
869 1016 1
869 1019 1
869 1154 1
869 1191 1
869 1199 1
869 1201 1
869 1241 1
869 1284 1
869 1303 1
869 1441 1
869 1592 1
869 1655 1
869 1656 1
869 1703 1
869 1752 1
869 1807 1
869 1824 1
869 1878 1
869 1882 1
869 1887 1
869 1898 1
869 1902 1
869 1936 1
869 1939 1
869 1971 1
869 1990 1
870 882 1
870 902 1
870 913 1
870 915 1
870 960 1
870 1050 1
870 1082 1
870 1085 1
870 1126 1
870 1131 1
870 1172 1
870 1188 1
870 1279 1
870 1300 1
870 1426 1
870 1477 1
870 1479 1
870 1494 1
870 1516 1
870 1581 1
870 1615 1
870 1746 1
870 1753 1
870 1761 1
870 1768 1
870 1803 1
870 1842 1
870 1852 1
870 1900 1
870 1901 1
870 1915 1
870 1972 1
870 1995 1
871 881 1
871 889 1
871 902 1
871 938 1
871 992 1
871 1010 1
871 1012 1
871 1095 1
871 1149 1
871 1160 1
871 1197 1
871 1214 1
871 1285 1
871 1310 1
871 1412 1
871 1451 1
871 1478 1
871 1549 1
871 1786 1
871 1821 1
871 1824 1
871 1844 1
871 1884 1
871 1903 1
871 1931 1
871 1963 1
871 2000 1
872 879 1
872 916 1
872 938 1
872 969 1
872 971 1
872 992 1
872 1009 1
872 1038 1
872 1165 1
872 1180 1
872 1189 1
872 1222 1
872 1244 1
872 1276 1
872 1337 1
872 1400 1
872 1430 1
872 1509 1
872 1528 1
872 1604 1
872 1848 1
872 1860 1
872 1898 1
872 1987 1
873 887 1
873 928 1
873 975 1
873 1094 1
873 1102 1
873 1105 1
873 1138 1
873 1148 1
873 1150 1
873 1237 1
873 1238 1
873 1245 1
873 1247 1
873 1286 1
873 1317 1
873 1350 1
873 1351 1
873 1367 1
873 1413 1
873 1428 1
873 1463 1
873 1470 1
873 1551 1
873 1578 1
873 1704 1
873 1741 1
873 1786 1
873 1820 1
873 1839 1
873 1867 1
874 877 1
874 939 1
874 951 1
874 992 1
874 1031 1
874 1053 1
874 1077 1
874 1139 1
874 1182 1
874 1200 1
874 1244 1
874 1355 1
874 1360 1
874 1365 1
874 1420 1
874 1436 1
874 1480 1
874 1551 1
874 1569 1
874 1605 1
874 1642 1
874 1650 1
874 1785 1
874 1807 1
874 1854 1
874 1909 1
874 1920 1
874 1926 1
874 1966 1
875 933 1
875 1048 1
875 1084 1
875 1095 1
875 1116 1
875 1199 1
875 1289 1
875 1317 1
875 1347 1
875 1377 1
875 1439 1
875 1455 1
875 1480 1
875 1486 1
875 1490 1
875 1493 1
875 1499 1
875 1539 1
875 1596 1
875 1653 1
875 1680 1
875 1702 1
875 1746 1
875 1771 1
875 1787 1
875 1831 1
875 1863 1
875 1938 1
875 1959 1
875 1975 1
876 895 1
876 961 1
876 1007 1
876 1016 1
876 1032 1
876 1077 1
876 1126 1
876 1273 1
876 1278 1
876 1284 1
876 1324 1
876 1406 1
876 1417 1
876 1564 1
876 1577 1
876 1607 1
876 1655 1
876 1656 1
876 1664 1
876 1705 1
876 1720 1
876 1765 1
876 1781 1
876 1785 1
876 1797 1
876 1874 1
877 905 1
877 1008 1
877 1010 1
877 1016 1
877 1046 1
877 1060 1
877 1064 1
877 1096 1
877 1126 1
877 1235 1
877 1257 1
877 1276 1
877 1349 1
877 1370 1
877 1374 1
877 1414 1
877 1447 1
877 1460 1
877 1583 1
877 1584 1
877 1623 1
877 1701 1
877 1721 1
877 1723 1
877 1919 1
877 1920 1
877 1962 1
878 890 1
878 893 1
878 898 1
878 925 1
878 931 1
878 998 1
878 1024 1
878 1105 1
878 1141 1
878 1252 1
878 1255 1
878 1293 1
878 1329 1
878 1333 1
878 1413 1
878 1439 1
878 1451 1
878 1456 1
878 1458 1
878 1472 1
878 1489 1
878 1497 1
878 1530 1
878 1662 1
878 1678 1
878 1700 1
878 1744 1
878 1785 1
878 1822 1
878 1824 1
878 1826 1
878 1831 1
878 1922 1
878 1965 1
878 1977 1
878 1982 1
879 1004 1
879 1148 1
879 1192 1
879 1201 1
879 1321 1
879 1323 1
879 1355 1
879 1462 1
879 1481 1
879 1493 1
879 1533 1
879 1577 1
879 1584 1
879 1620 1
879 1640 1
879 1742 1
879 1748 1
879 1890 1
879 1994 1
880 882 1
880 907 1
880 1008 1
880 1009 1
880 1072 1
880 1075 1
880 1095 1
880 1105 1
880 1131 1
880 1241 1
880 1259 1
880 1302 1
880 1312 1
880 1363 1
880 1369 1
880 1399 1
880 1416 1
880 1599 1
880 1706 1
880 1742 1
880 1745 1
880 1805 1
880 1820 1
880 1876 1
880 1884 1
880 1888 1
880 1891 1
880 1893 1
880 1976 1
880 1982 1
881 959 1
881 968 1
881 1020 1
881 1056 1
881 1058 1
881 1060 1
881 1176 1
881 1214 1
881 1216 1
881 1239 1
881 1264 1
881 1275 1
881 1286 1
881 1305 1
881 1337 1
881 1340 1
881 1347 1
881 1396 1
881 1662 1
881 1669 1
881 1700 1
881 1762 1
881 1786 1
881 1797 1
881 1823 1
881 1826 1
881 1836 1
881 1845 1
881 1968 1
882 942 1
882 952 1
882 1021 1
882 1033 1
882 1052 1
882 1083 1
882 1108 1
882 1140 1
882 1142 1
882 1152 1
882 1173 1
882 1180 1
882 1198 1
882 1243 1
882 1253 1
882 1307 1
882 1333 1
882 1369 1
882 1376 1
882 1410 1
882 1423 1
882 1454 1
882 1598 1
882 1599 1
882 1718 1
882 1744 1
882 1772 1
882 1778 1
882 1874 1
882 1881 1
883 959 1
883 1015 1
883 1017 1
883 1023 1
883 1026 1
883 1095 1
883 1119 1
883 1134 1
883 1141 1
883 1211 1
883 1234 1
883 1263 1
883 1295 1
883 1483 1
883 1577 1
883 1625 1
883 1648 1
883 1687 1
883 1788 1
883 1812 1
883 1915 1
883 1932 1
883 1933 1
883 1948 1
884 898 1
884 928 1
884 938 1
884 957 1
884 1036 1
884 1185 1
884 1222 1
884 1278 1
884 1357 1
884 1424 1
884 1504 1
884 1616 1
884 1652 1
884 1679 1
884 1698 1
884 1742 1
884 1743 1
884 1760 1
884 1781 1
884 1844 1
884 1847 1
884 1868 1
884 1885 1
884 1906 1
884 1961 1
885 894 1
885 939 1
885 957 1
885 989 1
885 1119 1
885 1186 1
885 1268 1
885 1303 1
885 1304 1
885 1310 1
885 1347 1
885 1382 1
885 1394 1
885 1436 1
885 1460 1
885 1481 1
885 1482 1
885 1614 1
885 1617 1
885 1664 1
885 1760 1
885 1780 1
885 1809 1
885 1861 1
885 1884 1
885 1954 1
885 1957 1
886 935 1
886 1191 1
886 1421 1
886 1462 1
886 1473 1
886 1560 1
886 1564 1
886 1618 1
886 1643 1
886 1650 1
886 1654 1
886 1717 1
886 1720 1
886 1812 1
886 1847 1
886 1909 1
886 1927 1
886 1972 1
886 1986 1
886 1991 1
886 2000 1
887 951 1
887 964 1
887 969 1
887 971 1
887 1021 1
887 1135 1
887 1138 1
887 1147 1
887 1149 1
887 1161 1
887 1190 1
887 1241 1
887 1308 1
887 1350 1
887 1374 1
887 1443 1
887 1451 1
887 1453 1
887 1493 1
887 1511 1
887 1513 1
887 1597 1
887 1610 1
887 1615 1
887 1649 1
887 1686 1
887 1746 1
887 1765 1
887 1890 1
887 1952 1
887 1978 1
888 957 1
888 986 1
888 1023 1
888 1064 1
888 1089 1
888 1140 1
888 1162 1
888 1183 1
888 1204 1
888 1218 1
888 1243 1
888 1318 1
888 1360 1
888 1366 1
888 1369 1
888 1437 1
888 1520 1
888 1544 1
888 1577 1
888 1601 1
888 1604 1
888 1610 1
888 1644 1
888 1672 1
888 1705 1
888 1787 1
888 1901 1
888 1965 1
888 1985 1
889 1014 1
889 1022 1
889 1040 1
889 1069 1
889 1158 1
889 1164 1
889 1184 1
889 1190 1
889 1243 1
889 1344 1
889 1364 1
889 1432 1
889 1438 1
889 1450 1
889 1509 1
889 1513 1
889 1558 1
889 1605 1
889 1613 1
889 1647 1
889 1700 1
889 1737 1
889 1743 1
889 1841 1
889 1853 1
889 1866 1
889 1874 1
889 1888 1
889 1938 1
889 1939 1
889 1943 1
889 1982 1
890 916 1
890 935 1
890 959 1
890 973 1
890 1037 1
890 1155 1
890 1242 1
890 1264 1
890 1291 1
890 1319 1
890 1326 1
890 1335 1
890 1413 1
890 1424 1
890 1428 1
890 1477 1
890 1502 1
890 1565 1
890 1583 1
890 1607 1
890 1627 1
890 1714 1
890 1796 1
890 1807 1
890 1821 1
890 1822 1
890 1838 1
890 1945 1
890 1949 1
890 1953 1
890 1982 1
890 1987 1
891 903 1
891 958 1
891 1037 1
891 1050 1
891 1115 1
891 1224 1
891 1231 1
891 1262 1
891 1288 1
891 1329 1
891 1339 1
891 1412 1
891 1437 1
891 1461 1
891 1493 1
891 1508 1
891 1576 1
891 1578 1
891 1612 1
891 1616 1
891 1621 1
891 1646 1
891 1650 1
891 1657 1
891 1664 1
891 1685 1
891 1703 1
891 1733 1
891 1791 1
891 1808 1
891 1871 1
891 1922 1
892 945 1
892 986 1
892 1028 1
892 1104 1
892 1143 1
892 1184 1
892 1191 1
892 1192 1
892 1320 1
892 1325 1
892 1449 1
892 1464 1
892 1481 1
892 1516 1
892 1517 1
892 1643 1
892 1685 1
892 1718 1
892 1733 1
892 1752 1
892 1901 1
892 1950 1
892 1954 1
893 895 1
893 899 1
893 954 1
893 955 1
893 1050 1
893 1057 1
893 1156 1
893 1198 1
893 1234 1
893 1259 1
893 1282 1
893 1306 1
893 1317 1
893 1325 1
893 1373 1
893 1402 1
893 1442 1
893 1475 1
893 1490 1
893 1532 1
893 1573 1
893 1623 1
893 1658 1
893 1663 1
893 1704 1
893 1711 1
893 1754 1
893 1759 1
893 1779 1
893 1859 1
893 1867 1
893 1916 1
893 1930 1
893 1954 1
893 1969 1
894 1050 1
894 1066 1
894 1095 1
894 1180 1
894 1192 1
894 1229 1
894 1357 1
894 1431 1
894 1460 1
894 1478 1
894 1486 1
894 1531 1
894 1545 1
894 1592 1
894 1641 1
894 1651 1
894 1736 1
894 1856 1
894 1967 1
894 1981 1
895 925 1
895 926 1
895 928 1
895 974 1
895 975 1
895 983 1
895 1011 1
895 1044 1
895 1079 1
895 1157 1
895 1261 1
895 1322 1
895 1346 1
895 1363 1
895 1379 1
895 1380 1
895 1453 1
895 1455 1
895 1464 1
895 1513 1
895 1526 1
895 1562 1
895 1624 1
895 1625 1
895 1639 1
895 1644 1
895 1825 1
895 1835 1
895 1855 1
895 1857 1
895 1859 1
895 1861 1
895 1951 1
895 1973 1
895 1979 1
896 908 1
896 926 1
896 936 1
896 972 1
896 1015 1
896 1035 1
896 1040 1
896 1056 1
896 1309 1
896 1320 1
896 1385 1
896 1389 1
896 1491 1
896 1563 1
896 1586 1
896 1600 1
896 1684 1
896 1700 1
896 1711 1
896 1730 1
896 1731 1
896 1746 1
896 1748 1
896 1844 1
896 1855 1
896 1877 1
896 1881 1
896 1888 1
896 1942 1
897 927 1
897 965 1
897 967 1
897 1019 1
897 1090 1
897 1108 1
897 1121 1
897 1173 1
897 1248 1
897 1261 1
897 1282 1
897 1296 1
897 1382 1
897 1392 1
897 1472 1
897 1616 1
897 1647 1
897 1680 1
897 1715 1
897 1758 1
897 1779 1
897 1824 1
897 1898 1
897 1903 1
897 1922 1
897 1939 1
897 1959 1
898 1011 1
898 1104 1
898 1144 1
898 1166 1
898 1192 1
898 1234 1
898 1275 1
898 1285 1
898 1304 1
898 1387 1
898 1404 1
898 1452 1
898 1492 1
898 1542 1
898 1553 1
898 1619 1
898 1660 1
898 1661 1
898 1673 1
898 1710 1
898 1835 1
898 1851 1
898 1871 1
898 1894 1
898 1898 1
898 1918 1
898 1919 1
898 1992 1
898 1995 1
899 929 1
899 994 1
899 1033 1
899 1056 1
899 1089 1
899 1188 1
899 1219 1
899 1224 1
899 1236 1
899 1262 1
899 1284 1
899 1344 1
899 1353 1
899 1386 1
899 1434 1
899 1451 1
899 1514 1
899 1550 1
899 1603 1
899 1719 1
899 1724 1
899 1801 1
899 1839 1
899 1881 1
899 1935 1
899 1938 1
899 1941 1
899 1955 1
900 1009 1
900 1031 1
900 1055 1
900 1072 1
900 1082 1
900 1115 1
900 1119 1
900 1147 1
900 1200 1
900 1211 1
900 1214 1
900 1245 1
900 1247 1
900 1261 1
900 1295 1
900 1311 1
900 1350 1
900 1373 1
900 1378 1
900 1380 1
900 1443 1
900 1479 1
900 1522 1
900 1643 1
900 1661 1
900 1728 1
900 1754 1
900 1759 1
900 1817 1
900 1899 1
900 1901 1
900 1903 1
900 1935 1
900 1953 1
900 1956 1
900 1963 1
901 922 1
901 942 1
901 972 1
901 1022 1
901 1028 1
901 1043 1
901 1052 1
901 1053 1
901 1100 1
901 1139 1
901 1157 1
901 1207 1
901 1219 1
901 1251 1
901 1254 1
901 1275 1
901 1309 1
901 1333 1
901 1367 1
901 1394 1
901 1423 1
901 1453 1
901 1483 1
901 1551 1
901 1643 1
901 1693 1
901 1711 1
901 1788 1
901 1803 1
901 1817 1
901 1868 1
901 1870 1
901 1945 1
902 912 1
902 950 1
902 961 1
902 984 1
902 1018 1
902 1057 1
902 1066 1
902 1188 1
902 1232 1
902 1313 1
902 1322 1
902 1370 1
902 1371 1
902 1501 1
902 1534 1
902 1553 1
902 1577 1
902 1634 1
902 1641 1
902 1669 1
902 1698 1
902 1774 1
902 1780 1
902 1838 1
902 1848 1
902 1857 1
902 1875 1
903 923 1
903 986 1
903 1018 1
903 1051 1
903 1077 1
903 1128 1
903 1216 1
903 1261 1
903 1268 1
903 1273 1
903 1300 1
903 1315 1
903 1343 1
903 1407 1
903 1416 1
903 1444 1
903 1448 1
903 1453 1
903 1475 1
903 1503 1
903 1613 1
903 1629 1
903 1700 1
903 1712 1
903 1720 1
903 1775 1
903 1801 1
903 1843 1
903 1898 1
903 1901 1
903 1928 1
903 1934 1
903 1938 1
903 1970 1
903 1983 1
903 1994 1
904 918 1
904 925 1
904 985 1
904 1000 1
904 1018 1
904 1028 1
904 1036 1
904 1046 1
904 1093 1
904 1137 1
904 1200 1
904 1233 1
904 1251 1
904 1255 1
904 1313 1
904 1319 1
904 1382 1
904 1405 1
904 1460 1
904 1486 1
904 1533 1
904 1568 1
904 1597 1
904 1603 1
904 1688 1
904 1732 1
904 1757 1
904 1760 1
904 1794 1
904 1804 1
904 1827 1
904 1848 1
904 1867 1
904 1895 1
904 1909 1
904 1922 1
904 1962 1
905 938 1
905 1009 1
905 1078 1
905 1108 1
905 1163 1
905 1167 1
905 1169 1
905 1253 1
905 1312 1
905 1323 1
905 1337 1
905 1374 1
905 1474 1
905 1555 1
905 1594 1
905 1642 1
905 1654 1
905 1655 1
905 1768 1
905 1808 1
905 1830 1
905 1870 1
905 1885 1
905 1928 1
905 1980 1
906 915 1
906 998 1
906 1024 1
906 1032 1
906 1050 1
906 1095 1
906 1179 1
906 1189 1
906 1218 1
906 1277 1
906 1303 1
906 1311 1
906 1432 1
906 1451 1
906 1490 1
906 1512 1
906 1556 1
906 1617 1
906 1634 1
906 1644 1
906 1726 1
906 1768 1
906 1781 1
906 1884 1
906 1897 1
906 1915 1
906 1962 1
907 952 1
907 1008 1
907 1014 1
907 1083 1
907 1104 1
907 1116 1
907 1187 1
907 1237 1
907 1257 1
907 1382 1
907 1388 1
907 1445 1
907 1465 1
907 1549 1
907 1598 1
907 1599 1
907 1635 1
907 1636 1
907 1639 1
907 1673 1
907 1701 1
907 1826 1
907 1858 1
907 1968 1
907 1989 1
908 917 1
908 980 1
908 1080 1
908 1094 1
908 1114 1
908 1222 1
908 1238 1
908 1244 1
908 1261 1
908 1270 1
908 1331 1
908 1343 1
908 1494 1
908 1497 1
908 1508 1
908 1511 1
908 1558 1
908 1646 1
908 1690 1
908 1759 1
908 1760 1
908 1773 1
908 1823 1
908 1827 1
908 1842 1
908 1979 1
908 1995 1
909 924 1
909 956 1
909 960 1
909 964 1
909 1002 1
909 1013 1
909 1147 1
909 1220 1
909 1301 1
909 1405 1
909 1428 1
909 1431 1
909 1488 1
909 1532 1
909 1633 1
909 1637 1
909 1714 1
909 1782 1
909 1803 1
909 1812 1
909 1834 1
909 1866 1
909 1901 1
909 1905 1
909 1940 1
909 1941 1
910 923 1
910 940 1
910 967 1
910 988 1
910 1052 1
910 1226 1
910 1294 1
910 1319 1
910 1322 1
910 1352 1
910 1418 1
910 1443 1
910 1530 1
910 1554 1
910 1559 1
910 1583 1
910 1630 1
910 1641 1
910 1653 1
910 1764 1
910 1820 1
910 1888 1
910 1958 1
911 992 1
911 1010 1
911 1020 1
911 1023 1
911 1028 1
911 1071 1
911 1089 1
911 1097 1
911 1157 1
911 1208 1
911 1285 1
911 1298 1
911 1328 1
911 1429 1
911 1470 1
911 1510 1
911 1601 1
911 1615 1
911 1667 1
911 1683 1
911 1707 1
911 1720 1
911 1811 1
911 1829 1
911 1833 1
911 1893 1
911 1939 1
911 1941 1
911 1987 1
911 1997 1
912 917 1
912 950 1
912 952 1
912 968 1
912 986 1
912 1024 1
912 1093 1
912 1101 1
912 1153 1
912 1177 1
912 1226 1
912 1335 1
912 1356 1
912 1360 1
912 1371 1
912 1445 1
912 1478 1
912 1487 1
912 1649 1
912 1693 1
912 1724 1
912 1737 1
912 1794 1
912 1814 1
912 1815 1
912 1896 1
912 1905 1
913 914 1
913 1080 1
913 1086 1
913 1183 1
913 1208 1
913 1239 1
913 1258 1
913 1271 1
913 1302 1
913 1315 1
913 1330 1
913 1353 1
913 1465 1
913 1479 1
913 1509 1
913 1588 1
913 1621 1
913 1636 1
913 1670 1
913 1778 1
913 1782 1
913 1831 1
913 1832 1
913 1881 1
913 1903 1
913 1952 1
913 1967 1
914 1001 1
914 1029 1
914 1050 1
914 1071 1
914 1073 1
914 1133 1
914 1150 1
914 1153 1
914 1189 1
914 1190 1
914 1205 1
914 1214 1
914 1339 1
914 1399 1
914 1405 1
914 1452 1
914 1589 1
914 1600 1
914 1624 1
914 1628 1
914 1647 1
914 1684 1
914 1705 1
914 1727 1
914 1735 1
914 1740 1
914 1810 1
914 1901 1
914 1952 1
914 1965 1
914 1981 1
914 1992 1
915 920 1
915 929 1
915 933 1
915 945 1
915 1008 1
915 1047 1
915 1123 1
915 1204 1
915 1222 1
915 1362 1
915 1377 1
915 1414 1
915 1419 1
915 1545 1
915 1578 1
915 1615 1
915 1633 1
915 1744 1
915 1782 1
915 1783 1
915 1798 1
915 1838 1
915 1881 1
915 1887 1
915 1902 1
915 1903 1
915 1925 1
916 917 1
916 940 1
916 993 1
916 1024 1
916 1036 1
916 1057 1
916 1080 1
916 1091 1
916 1117 1
916 1142 1
916 1158 1
916 1185 1
916 1201 1
916 1204 1
916 1332 1
916 1413 1
916 1414 1
916 1461 1
916 1523 1
916 1563 1
916 1574 1
916 1575 1
916 1584 1
916 1606 1
916 1734 1
916 1814 1
916 1858 1
916 1937 1
916 1950 1
916 1962 1
917 978 1
917 1030 1
917 1033 1
917 1053 1
917 1065 1
917 1135 1
917 1162 1
917 1171 1
917 1230 1
917 1254 1
917 1279 1
917 1292 1
917 1295 1
917 1356 1
917 1358 1
917 1396 1
917 1412 1
917 1630 1
917 1636 1
917 1678 1
917 1690 1
917 1710 1
917 1758 1
917 1798 1
917 1919 1
917 1982 1
917 1997 1
918 929 1
918 967 1
918 977 1
918 1016 1
918 1064 1
918 1126 1
918 1208 1
918 1224 1
918 1274 1
918 1291 1
918 1313 1
918 1320 1
918 1379 1
918 1401 1
918 1517 1
918 1546 1
918 1559 1
918 1570 1
918 1598 1
918 1615 1
918 1652 1
918 1655 1
918 1710 1
918 1750 1
918 1784 1
918 1804 1
918 1812 1
918 1907 1
918 1969 1
919 922 1
919 986 1
919 987 1
919 996 1
919 1088 1
919 1200 1
919 1202 1
919 1207 1
919 1211 1
919 1212 1
919 1230 1
919 1235 1
919 1272 1
919 1287 1
919 1301 1
919 1307 1
919 1360 1
919 1383 1
919 1421 1
919 1481 1
919 1507 1
919 1582 1
919 1598 1
919 1649 1
919 1650 1
919 1774 1
919 1908 1
920 1182 1
920 1271 1
920 1292 1
920 1327 1
920 1337 1
920 1346 1
920 1352 1
920 1405 1
920 1429 1
920 1445 1
920 1459 1
920 1470 1
920 1523 1
920 1574 1
920 1581 1
920 1591 1
920 1611 1
920 1637 1
920 1663 1
920 1702 1
920 1733 1
920 1784 1
920 1820 1
920 1821 1
920 1831 1
920 1832 1
920 1834 1
920 1866 1
920 1868 1
920 1879 1
920 1946 1
920 1947 1
921 936 1
921 977 1
921 1083 1
921 1126 1
921 1149 1
921 1168 1
921 1202 1
921 1267 1
921 1376 1
921 1450 1
921 1474 1
921 1477 1
921 1481 1
921 1515 1
921 1564 1
921 1600 1
921 1621 1
921 1635 1
921 1650 1
921 1660 1
921 1674 1
921 1677 1
921 1734 1
921 1761 1
921 1831 1
921 1851 1
921 1901 1
921 1971 1
922 930 1
922 968 1
922 1087 1
922 1094 1
922 1100 1
922 1108 1
922 1168 1
922 1170 1
922 1207 1
922 1256 1
922 1266 1
922 1341 1
922 1465 1
922 1470 1
922 1483 1
922 1506 1
922 1512 1
922 1549 1
922 1554 1
922 1557 1
922 1581 1
922 1697 1
922 1736 1
922 1849 1
922 1869 1
922 1894 1
922 1924 1
922 1942 1
922 1972 1
923 941 1
923 954 1
923 959 1
923 1135 1
923 1155 1
923 1194 1
923 1197 1
923 1210 1
923 1316 1
923 1358 1
923 1408 1
923 1422 1
923 1437 1
923 1490 1
923 1543 1
923 1560 1
923 1620 1
923 1627 1
923 1631 1
923 1633 1
923 1655 1
923 1674 1
923 1737 1
923 1829 1
923 1844 1
923 1867 1
923 1878 1
923 1923 1
923 1955 1
923 1975 1
924 925 1
924 980 1
924 1054 1
924 1237 1
924 1276 1
924 1293 1
924 1403 1
924 1422 1
924 1431 1
924 1432 1
924 1437 1
924 1438 1
924 1452 1
924 1529 1
924 1599 1
924 1672 1
924 1714 1
924 1733 1
924 1834 1
924 1865 1
924 1878 1
924 1879 1
924 1908 1
924 1958 1
925 966 1
925 989 1
925 997 1
925 1298 1
925 1333 1
925 1342 1
925 1383 1
925 1402 1
925 1426 1
925 1447 1
925 1542 1
925 1565 1
925 1573 1
925 1681 1
925 1695 1
925 1774 1
925 1802 1
925 1844 1
925 1850 1
925 1874 1
925 1892 1
925 1906 1
925 1942 1
925 1963 1
926 959 1
926 965 1
926 1208 1
926 1237 1
926 1362 1
926 1424 1
926 1480 1
926 1518 1
926 1557 1
926 1562 1
926 1631 1
926 1647 1
926 1712 1
926 1739 1
926 1835 1
926 1847 1
926 1942 1
926 1949 1
927 945 1
927 1095 1
927 1104 1
927 1152 1
927 1181 1
927 1219 1
927 1262 1
927 1321 1
927 1392 1
927 1405 1
927 1419 1
927 1436 1
927 1470 1
927 1488 1
927 1491 1
927 1569 1
927 1578 1
927 1586 1
927 1634 1
927 1704 1
927 1730 1
927 1799 1
927 1853 1
927 1906 1
928 937 1
928 1008 1
928 1009 1
928 1010 1
928 1036 1
928 1068 1
928 1073 1
928 1085 1
928 1136 1
928 1165 1
928 1275 1
928 1322 1
928 1338 1
928 1358 1
928 1371 1
928 1402 1
928 1410 1
928 1414 1
928 1419 1
928 1425 1
928 1506 1
928 1510 1
928 1526 1
928 1573 1
928 1637 1
928 1690 1
928 1699 1
928 1749 1
928 1767 1
928 1778 1
928 1783 1
928 1794 1
928 1814 1
928 1826 1
928 1830 1
928 1961 1
928 1974 1
929 936 1
929 952 1
929 959 1
929 962 1
929 967 1
929 1082 1
929 1124 1
929 1145 1
929 1184 1
929 1193 1
929 1216 1
929 1237 1
929 1246 1
929 1377 1
929 1383 1
929 1410 1
929 1476 1
929 1517 1
929 1523 1
929 1566 1
929 1632 1
929 1647 1
929 1706 1
929 1778 1
929 1791 1
929 1819 1
929 1862 1
929 1908 1
929 1970 1
929 1983 1
930 951 1
930 1028 1
930 1074 1
930 1112 1
930 1165 1
930 1200 1
930 1248 1
930 1250 1
930 1256 1
930 1273 1
930 1287 1
930 1338 1
930 1365 1
930 1388 1
930 1528 1
930 1552 1
930 1683 1
930 1692 1
930 1734 1
930 1757 1
930 1780 1
930 1805 1
930 1809 1
930 1925 1
931 998 1
931 1094 1
931 1101 1
931 1127 1
931 1130 1
931 1148 1
931 1180 1
931 1268 1
931 1309 1
931 1313 1
931 1343 1
931 1347 1
931 1452 1
931 1454 1
931 1508 1
931 1575 1
931 1615 1
931 1646 1
931 1738 1
931 1850 1
931 1870 1
931 1913 1
931 1969 1
932 974 1
932 990 1
932 992 1
932 1001 1
932 1002 1
932 1016 1
932 1057 1
932 1090 1
932 1148 1
932 1150 1
932 1190 1
932 1215 1
932 1224 1
932 1360 1
932 1363 1
932 1403 1
932 1440 1
932 1505 1
932 1529 1
932 1536 1
932 1547 1
932 1654 1
932 1823 1
932 1861 1
932 1874 1
933 938 1
933 1012 1
933 1025 1
933 1036 1
933 1109 1
933 1245 1
933 1268 1
933 1306 1
933 1310 1
933 1370 1
933 1380 1
933 1424 1
933 1462 1
933 1576 1
933 1595 1
933 1658 1
933 1690 1
933 1727 1
933 1771 1
933 1787 1
933 1795 1
933 1800 1
933 1863 1
933 1930 1
933 1970 1
933 1975 1
933 1977 1
933 1998 1
934 960 1
934 966 1
934 1074 1
934 1163 1
934 1189 1
934 1217 1
934 1235 1
934 1243 1
934 1260 1
934 1270 1
934 1357 1
934 1380 1
934 1500 1
934 1518 1
934 1545 1
934 1558 1
934 1574 1
934 1604 1
934 1656 1
934 1658 1
934 1663 1
934 1703 1
934 1794 1
934 1853 1
934 1886 1
934 1892 1
934 1893 1
934 1898 1
935 958 1
935 1014 1
935 1022 1
935 1049 1
935 1057 1
935 1067 1
935 1107 1
935 1128 1
935 1163 1
935 1274 1
935 1310 1
935 1311 1
935 1421 1
935 1443 1
935 1473 1
935 1484 1
935 1549 1
935 1565 1
935 1580 1
935 1622 1
935 1697 1
935 1794 1
935 1817 1
935 1866 1
935 1920 1
935 1929 1
935 1943 1
935 1991 1
936 1034 1
936 1107 1
936 1131 1
936 1259 1
936 1286 1
936 1389 1
936 1413 1
936 1431 1
936 1473 1
936 1491 1
936 1510 1
936 1551 1
936 1676 1
936 1679 1
936 1697 1
936 1710 1
936 1718 1
936 1724 1
936 1727 1
936 1736 1
936 1749 1
936 1771 1
936 1790 1
936 1840 1
936 1845 1
936 1932 1
936 1935 1
936 1954 1
936 1964 1
936 1986 1
937 985 1
937 995 1
937 1030 1
937 1072 1
937 1088 1
937 1139 1
937 1143 1
937 1185 1
937 1269 1
937 1336 1
937 1403 1
937 1424 1
937 1433 1
937 1578 1
937 1586 1
937 1613 1
937 1677 1
937 1688 1
937 1786 1
937 1819 1
937 1874 1
937 1909 1
937 1930 1
937 1955 1
937 1993 1
937 1994 1
938 964 1
938 983 1
938 996 1
938 1040 1
938 1082 1
938 1169 1
938 1235 1
938 1240 1
938 1255 1
938 1266 1
938 1305 1
938 1432 1
938 1504 1
938 1551 1
938 1592 1
938 1645 1
938 1665 1
938 1737 1
938 1783 1
938 1824 1
938 1832 1
938 1909 1
939 941 1
939 952 1
939 956 1
939 1016 1
939 1021 1
939 1092 1
939 1117 1
939 1123 1
939 1125 1
939 1291 1
939 1308 1
939 1453 1
939 1472 1
939 1473 1
939 1608 1
939 1685 1
939 1687 1
939 1704 1
939 1777 1
939 1836 1
939 1865 1
939 1902 1
939 1961 1
939 1973 1
940 941 1
940 1016 1
940 1029 1
940 1051 1
940 1055 1
940 1136 1
940 1162 1
940 1167 1
940 1274 1
940 1289 1
940 1305 1
940 1307 1
940 1324 1
940 1359 1
940 1409 1
940 1436 1
940 1469 1
940 1546 1
940 1668 1
940 1706 1
940 1721 1
940 1746 1
940 1769 1
940 1802 1
940 1848 1
940 1962 1
941 1127 1
941 1178 1
941 1284 1
941 1367 1
941 1417 1
941 1467 1
941 1517 1
941 1552 1
941 1572 1
941 1588 1
941 1602 1
941 1625 1
941 1692 1
941 1794 1
941 1812 1
942 989 1
942 1024 1
942 1044 1
942 1061 1
942 1137 1
942 1252 1
942 1254 1
942 1267 1
942 1297 1
942 1365 1
942 1387 1
942 1411 1
942 1415 1
942 1462 1
942 1466 1
942 1506 1
942 1655 1
942 1676 1
942 1812 1
942 1830 1
942 1839 1
942 1861 1
942 1911 1
942 1951 1
942 1991 1
943 956 1
943 977 1
943 1011 1
943 1018 1
943 1059 1
943 1115 1
943 1141 1
943 1207 1
943 1268 1
943 1320 1
943 1367 1
943 1372 1
943 1400 1
943 1488 1
943 1520 1
943 1533 1
943 1538 1
943 1539 1
943 1628 1
943 1665 1
943 1712 1
943 1746 1
943 1752 1
943 1785 1
943 1786 1
943 1820 1
943 1869 1
943 1884 1
943 1951 1
944 957 1
944 989 1
944 1012 1
944 1069 1
944 1104 1
944 1133 1
944 1160 1
944 1164 1
944 1181 1
944 1205 1
944 1265 1
944 1329 1
944 1408 1
944 1459 1
944 1575 1
944 1581 1
944 1621 1
944 1631 1
944 1672 1
944 1705 1
944 1718 1
944 1747 1
944 1767 1
944 1770 1
944 1797 1
944 1823 1
944 1844 1
944 1848 1
944 1906 1
944 1968 1
945 984 1
945 1017 1
945 1040 1
945 1061 1
945 1068 1
945 1069 1
945 1074 1
945 1080 1
945 1093 1
945 1115 1
945 1145 1
945 1331 1
945 1356 1
945 1398 1
945 1407 1
945 1429 1
945 1494 1
945 1523 1
945 1545 1
945 1615 1
945 1634 1
945 1704 1
945 1726 1
945 1738 1
945 1743 1
945 1847 1
945 1903 1
945 1904 1
945 1939 1
945 1941 1
945 1967 1
945 1970 1
946 963 1
946 967 1
946 986 1
946 994 1
946 1002 1
946 1056 1
946 1059 1
946 1108 1
946 1198 1
946 1212 1
946 1288 1
946 1350 1
946 1434 1
946 1497 1
946 1500 1
946 1529 1
946 1582 1
946 1590 1
946 1634 1
946 1689 1
946 1813 1
946 1822 1
946 1886 1
946 1935 1
946 1962 1
946 1967 1
946 1993 1
947 949 1
947 1017 1
947 1242 1
947 1291 1
947 1364 1
947 1384 1
947 1491 1
947 1531 1
947 1555 1
947 1577 1
947 1612 1
947 1665 1
947 1672 1
947 1773 1
947 1776 1
947 1785 1
947 1902 1
947 1931 1
947 1950 1
947 1967 1
947 1985 1
948 1000 1
948 1039 1
948 1094 1
948 1115 1
948 1177 1
948 1210 1
948 1241 1
948 1343 1
948 1346 1
948 1357 1
948 1452 1
948 1502 1
948 1627 1
948 1650 1
948 1709 1
948 1765 1
948 1847 1
948 1987 1
949 987 1
949 1005 1
949 1044 1
949 1055 1
949 1091 1
949 1120 1
949 1161 1
949 1164 1
949 1201 1
949 1204 1
949 1229 1
949 1277 1
949 1406 1
949 1431 1
949 1446 1
949 1496 1
949 1569 1
949 1570 1
949 1577 1
949 1626 1
949 1693 1
949 1800 1
949 1874 1
949 1905 1
949 1914 1
950 1005 1
950 1033 1
950 1117 1
950 1204 1
950 1226 1
950 1310 1
950 1450 1
950 1508 1
950 1552 1
950 1556 1
950 1572 1
950 1594 1
950 1633 1
950 1644 1
950 1670 1
950 1679 1
950 1749 1
950 1750 1
950 1773 1
950 1796 1
950 1806 1
950 1864 1
950 1960 1
950 1971 1
950 1986 1
951 991 1
951 1003 1
951 1093 1
951 1115 1
951 1126 1
951 1130 1
951 1139 1
951 1166 1
951 1191 1
951 1226 1
951 1234 1
951 1245 1
951 1322 1
951 1412 1
951 1447 1
951 1454 1
951 1510 1
951 1534 1
951 1580 1
951 1651 1
951 1679 1
951 1772 1
951 1822 1
951 1828 1
951 1912 1
951 1927 1
952 962 1
952 973 1
952 1065 1
952 1096 1
952 1170 1
952 1192 1
952 1258 1
952 1261 1
952 1283 1
952 1334 1
952 1343 1
952 1492 1
952 1508 1
952 1605 1
952 1647 1
952 1702 1
952 1769 1
952 1801 1
952 1805 1
952 1826 1
952 1828 1
952 1859 1
952 1886 1
952 1959 1
952 1961 1
952 1988 1
952 1995 1
953 962 1
953 970 1
953 1042 1
953 1141 1
953 1175 1
953 1229 1
953 1232 1
953 1251 1
953 1276 1
953 1282 1
953 1332 1
953 1339 1
953 1379 1
953 1395 1
953 1398 1
953 1490 1
953 1501 1
953 1546 1
953 1580 1
953 1594 1
953 1694 1
953 1806 1
953 1822 1
953 1855 1
953 1904 1
953 1951 1
953 1969 1
954 955 1
954 1000 1
954 1035 1
954 1051 1
954 1056 1
954 1058 1
954 1064 1
954 1146 1
954 1160 1
954 1213 1
954 1215 1
954 1339 1
954 1359 1
954 1370 1
954 1424 1
954 1436 1
954 1477 1
954 1487 1
954 1540 1
954 1548 1
954 1583 1
954 1612 1
954 1632 1
954 1649 1
954 1656 1
954 1666 1
954 1689 1
954 1766 1
954 1837 1
954 1942 1
955 961 1
955 964 1
955 1028 1
955 1054 1
955 1079 1
955 1238 1
955 1318 1
955 1369 1
955 1452 1
955 1509 1
955 1517 1
955 1526 1
955 1534 1
955 1535 1
955 1544 1
955 1552 1
955 1586 1
955 1607 1
955 1614 1
955 1708 1
955 1727 1
955 1801 1
955 1812 1
955 1850 1
955 1854 1
955 1879 1
955 1883 1
956 990 1
956 1084 1
956 1086 1
956 1238 1
956 1308 1
956 1408 1
956 1409 1
956 1482 1
956 1519 1
956 1608 1
956 1687 1
956 1732 1
956 1783 1
956 1801 1
956 1826 1
956 1841 1
956 1927 1
956 1957 1
957 974 1
957 1039 1
957 1108 1
957 1133 1
957 1210 1
957 1211 1
957 1219 1
957 1447 1
957 1534 1
957 1568 1
957 1621 1
957 1661 1
957 1681 1
957 1714 1
957 1776 1
957 1836 1
957 1844 1
957 1907 1
957 1926 1
957 1970 1
958 1043 1
958 1077 1
958 1084 1
958 1121 1
958 1139 1
958 1163 1
958 1170 1
958 1224 1
958 1226 1
958 1272 1
958 1288 1
958 1320 1
958 1322 1
958 1333 1
958 1350 1
958 1447 1
958 1466 1
958 1484 1
958 1487 1
958 1497 1
958 1542 1
958 1557 1
958 1559 1
958 1623 1
958 1642 1
958 1681 1
958 1692 1
958 1704 1
958 1751 1
958 1837 1
958 1852 1
958 1864 1
958 1888 1
958 1903 1
958 1931 1
958 1959 1
958 1967 1
959 999 1
959 1004 1
959 1013 1
959 1085 1
959 1114 1
959 1124 1
959 1194 1
959 1205 1
959 1287 1
959 1490 1
959 1500 1
959 1606 1
959 1662 1
959 1668 1
959 1682 1
959 1716 1
959 1745 1
959 1759 1
959 1762 1
959 1769 1
959 1781 1
959 1795 1
959 1811 1
959 1839 1
959 1881 1
959 1885 1
959 1907 1
959 1919 1
959 1951 1
959 1972 1
959 1995 1
960 1020 1
960 1056 1
960 1092 1
960 1161 1
960 1223 1
960 1253 1
960 1277 1
960 1285 1
960 1306 1
960 1310 1
960 1350 1
960 1354 1
960 1377 1
960 1422 1
960 1433 1
960 1554 1
960 1605 1
960 1659 1
960 1667 1
960 1679 1
960 1748 1
960 1803 1
960 1827 1
960 1834 1
960 1933 1
961 974 1
961 1020 1
961 1228 1
961 1260 1
961 1265 1
961 1379 1
961 1411 1
961 1446 1
961 1529 1
961 1575 1
961 1582 1
961 1590 1
961 1613 1
961 1632 1
961 1653 1
961 1668 1
961 1677 1
961 1729 1
961 1810 1
961 1813 1
961 1953 1
961 1967 1
962 1013 1
962 1067 1
962 1073 1
962 1078 1
962 1092 1
962 1126 1
962 1134 1
962 1161 1
962 1203 1
962 1240 1
962 1243 1
962 1280 1
962 1343 1
962 1352 1
962 1470 1
962 1478 1
962 1535 1
962 1544 1
962 1587 1
962 1650 1
962 1677 1
962 1700 1
962 1735 1
962 1826 1
962 1841 1
962 1845 1
962 1925 1
962 1938 1
962 1944 1
962 1972 1
963 1028 1
963 1083 1
963 1150 1
963 1157 1
963 1191 1
963 1194 1
963 1199 1
963 1237 1
963 1238 1
963 1267 1
963 1284 1
963 1317 1
963 1386 1
963 1408 1
963 1425 1
963 1456 1
963 1470 1
963 1554 1
963 1561 1
963 1588 1
963 1602 1
963 1603 1
963 1609 1
963 1610 1
963 1639 1
963 1646 1
963 1656 1
963 1692 1
963 1736 1
963 1754 1
963 1766 1
963 1776 1
963 1789 1
963 1795 1
963 1811 1
963 1832 1
963 1983 1
963 1988 1
964 981 1
964 1080 1
964 1091 1
964 1136 1
964 1147 1
964 1187 1
964 1235 1
964 1239 1
964 1389 1
964 1413 1
964 1432 1
964 1434 1
964 1438 1
964 1439 1
964 1447 1
964 1467 1
964 1468 1
964 1475 1
964 1570 1
964 1582 1
964 1659 1
964 1712 1
964 1713 1
964 1774 1
964 1805 1
964 1807 1
964 1815 1
964 1876 1
964 1877 1
964 1960 1
964 1965 1
965 981 1
965 997 1
965 1020 1
965 1083 1
965 1093 1
965 1176 1
965 1401 1
965 1517 1
965 1525 1
965 1594 1
965 1607 1
965 1756 1
965 1763 1
965 1780 1
965 1786 1
965 1801 1
965 1914 1
965 1977 1
966 995 1
966 1014 1
966 1071 1
966 1090 1
966 1145 1
966 1147 1
966 1153 1
966 1160 1
966 1193 1
966 1225 1
966 1293 1
966 1350 1
966 1365 1
966 1372 1
966 1400 1
966 1444 1
966 1456 1
966 1486 1
966 1488 1
966 1495 1
966 1642 1
966 1665 1
966 1699 1
966 1732 1
966 1735 1
966 1741 1
966 1772 1
966 1798 1
966 1818 1
966 1846 1
966 1860 1
966 1906 1
966 1918 1
967 1023 1
967 1037 1
967 1062 1
967 1082 1
967 1099 1
967 1114 1
967 1188 1
967 1331 1
967 1370 1
967 1453 1
967 1479 1
967 1510 1
967 1535 1
967 1576 1
967 1671 1
967 1690 1
967 1791 1
967 1834 1
967 1836 1
967 1900 1
967 1932 1
967 1962 1
967 1974 1
968 983 1
968 1014 1
968 1021 1
968 1070 1
968 1084 1
968 1122 1
968 1130 1
968 1254 1
968 1287 1
968 1297 1
968 1381 1
968 1397 1
968 1656 1
968 1669 1
968 1680 1
968 1684 1
968 1691 1
968 1722 1
968 1747 1
968 1761 1
968 1783 1
968 1847 1
968 1986 1
968 1993 1
969 988 1
969 992 1
969 1128 1
969 1149 1
969 1162 1
969 1182 1
969 1214 1
969 1231 1
969 1236 1
969 1256 1
969 1294 1
969 1309 1
969 1316 1
969 1325 1
969 1333 1
969 1406 1
969 1426 1
969 1458 1
969 1472 1
969 1480 1
969 1482 1
969 1483 1
969 1524 1
969 1576 1
969 1637 1
969 1640 1
969 1690 1
969 1692 1
969 1700 1
969 1825 1
969 1835 1
969 1838 1
969 1865 1
969 1931 1
969 1967 1
969 1991 1
970 1012 1
970 1017 1
970 1074 1
970 1089 1
970 1108 1
970 1179 1
970 1248 1
970 1253 1
970 1300 1
970 1322 1
970 1323 1
970 1361 1
970 1381 1
970 1412 1
970 1420 1
970 1436 1
970 1625 1
970 1633 1
970 1696 1
970 1708 1
970 1792 1
970 1896 1
970 1899 1
970 1920 1
970 1922 1
970 1928 1
970 1955 1
970 1975 1
971 1069 1
971 1077 1
971 1112 1
971 1128 1
971 1130 1
971 1132 1
971 1168 1
971 1179 1
971 1185 1
971 1222 1
971 1292 1
971 1312 1
971 1369 1
971 1442 1
971 1534 1
971 1556 1
971 1590 1
971 1603 1
971 1690 1
971 1743 1
971 1788 1
971 1811 1
971 1815 1
971 1827 1
971 1842 1
971 1854 1
971 1918 1
972 988 1
972 994 1
972 1017 1
972 1053 1
972 1153 1
972 1266 1
972 1402 1
972 1445 1
972 1461 1
972 1601 1
972 1712 1
972 1764 1
972 1831 1
972 1907 1
972 1946 1
972 1978 1
973 1009 1
973 1027 1
973 1082 1
973 1108 1
973 1327 1
973 1353 1
973 1441 1
973 1456 1
973 1488 1
973 1574 1
973 1591 1
973 1644 1
973 1789 1
973 1801 1
973 1970 1
973 1982 1
974 1014 1
974 1028 1
974 1045 1
974 1088 1
974 1118 1
974 1160 1
974 1183 1
974 1195 1
974 1209 1
974 1217 1
974 1220 1
974 1222 1
974 1337 1
974 1338 1
974 1361 1
974 1371 1
974 1387 1
974 1388 1
974 1489 1
974 1623 1
974 1703 1
974 1715 1
974 1744 1
974 1757 1
974 1812 1
974 1848 1
974 1856 1
974 1958 1
974 1970 1
975 990 1
975 1020 1
975 1068 1
975 1072 1
975 1131 1
975 1211 1
975 1213 1
975 1256 1
975 1261 1
975 1443 1
975 1468 1
975 1479 1
975 1497 1
975 1498 1
975 1532 1
975 1556 1
975 1679 1
975 1694 1
975 1717 1
975 1821 1
975 1836 1
975 1893 1
975 1928 1
975 1994 1
976 1050 1
976 1164 1
976 1195 1
976 1262 1
976 1271 1
976 1373 1
976 1389 1
976 1471 1
976 1575 1
976 1616 1
976 1626 1
976 1630 1
976 1643 1
976 1727 1
976 1811 1
976 1921 1
976 1947 1
977 989 1
977 1052 1
977 1106 1
977 1117 1
977 1146 1
977 1149 1
977 1196 1
977 1205 1
977 1230 1
977 1245 1
977 1247 1
977 1251 1
977 1299 1
977 1302 1
977 1393 1
977 1449 1
977 1471 1
977 1492 1
977 1499 1
977 1500 1
977 1514 1
977 1533 1
977 1541 1
977 1549 1
977 1627 1
977 1674 1
977 1752 1
977 1846 1
977 1892 1
977 1895 1
977 1919 1
977 1930 1
977 1956 1
978 1003 1
978 1117 1
978 1138 1
978 1146 1
978 1163 1
978 1169 1
978 1193 1
978 1249 1
978 1251 1
978 1340 1
978 1343 1
978 1440 1
978 1460 1
978 1568 1
978 1599 1
978 1601 1
978 1652 1
978 1729 1
978 1734 1
978 1757 1
978 1760 1
978 1841 1
978 1855 1
978 1875 1
978 1908 1
978 1936 1
978 1963 1
978 1969 1
978 1979 1
978 1999 1
979 1025 1
979 1034 1
979 1042 1
979 1103 1
979 1110 1
979 1148 1
979 1282 1
979 1307 1
979 1313 1
979 1341 1
979 1352 1
979 1413 1
979 1425 1
979 1428 1
979 1448 1
979 1502 1
979 1514 1
979 1562 1
979 1580 1
979 1613 1
979 1665 1
979 1679 1
979 1726 1
979 1789 1
979 1791 1
979 1821 1
979 1823 1
979 1837 1
979 1852 1
979 1911 1
979 1917 1
979 1972 1
979 1973 1
980 1032 1
980 1048 1
980 1076 1
980 1136 1
980 1144 1
980 1147 1
980 1194 1
980 1227 1
980 1247 1
980 1261 1
980 1294 1
980 1302 1
980 1303 1
980 1329 1
980 1365 1
980 1426 1
980 1474 1
980 1481 1
980 1515 1
980 1615 1
980 1627 1
980 1636 1
980 1673 1
980 1679 1
980 1684 1
980 1777 1
981 1012 1
981 1021 1
981 1028 1
981 1054 1
981 1080 1
981 1201 1
981 1209 1
981 1228 1
981 1254 1
981 1294 1
981 1317 1
981 1323 1
981 1325 1
981 1350 1
981 1373 1
981 1432 1
981 1546 1
981 1574 1
981 1681 1
981 1712 1
981 1736 1
981 1806 1
981 1824 1
981 1843 1
981 1925 1
981 1946 1
981 1970 1
981 1983 1
981 1997 1
982 1078 1
982 1098 1
982 1119 1
982 1125 1
982 1129 1
982 1132 1
982 1157 1
982 1207 1
982 1261 1
982 1312 1
982 1314 1
982 1319 1
982 1347 1
982 1396 1
982 1481 1
982 1491 1
982 1497 1
982 1540 1
982 1588 1
982 1636 1
982 1638 1
982 1731 1
982 1737 1
982 1760 1
982 1770 1
982 1804 1
982 1809 1
982 1844 1
982 1847 1
982 1893 1
982 1909 1
982 1953 1
982 1999 1
983 990 1
983 1073 1
983 1076 1
983 1089 1
983 1102 1
983 1104 1
983 1318 1
983 1322 1
983 1428 1
983 1435 1
983 1501 1
983 1525 1
983 1586 1
983 1595 1
983 1596 1
983 1659 1
983 1825 1
983 1858 1
983 1911 1
983 1989 1
984 991 1
984 1035 1
984 1120 1
984 1325 1
984 1368 1
984 1384 1
984 1415 1
984 1429 1
984 1494 1
984 1546 1
984 1547 1
984 1609 1
984 1625 1
984 1721 1
984 1772 1
984 1792 1
984 1965 1
984 1981 1
985 1018 1
985 1049 1
985 1063 1
985 1104 1
985 1114 1
985 1120 1
985 1138 1
985 1161 1
985 1183 1
985 1184 1
985 1239 1
985 1252 1
985 1253 1
985 1287 1
985 1302 1
985 1324 1
985 1472 1
985 1490 1
985 1653 1
985 1678 1
985 1735 1
985 1784 1
985 1901 1
985 1968 1
986 1011 1
986 1047 1
986 1071 1
986 1074 1
986 1102 1
986 1104 1
986 1114 1
986 1136 1
986 1154 1
986 1175 1
986 1229 1
986 1270 1
986 1292 1
986 1375 1
986 1403 1
986 1432 1
986 1437 1
986 1541 1
986 1652 1
986 1698 1
986 1699 1
986 1707 1
986 1749 1
986 1785 1
986 1849 1
986 1857 1
986 1887 1
986 1935 1
986 1956 1
986 1978 1
986 1981 1
987 994 1
987 1020 1
987 1090 1
987 1091 1
987 1117 1
987 1141 1
987 1225 1
987 1230 1
987 1264 1
987 1269 1
987 1284 1
987 1308 1
987 1414 1
987 1459 1
987 1482 1
987 1532 1
987 1578 1
987 1622 1
987 1649 1
987 1665 1
987 1675 1
987 1686 1
987 1697 1
987 1700 1
987 1706 1
987 1720 1
987 1848 1
987 1853 1
987 1910 1
987 1969 1
987 1973 1
988 1008 1
988 1061 1
988 1065 1
988 1067 1
988 1163 1
988 1172 1
988 1200 1
988 1237 1
988 1271 1
988 1303 1
988 1304 1
988 1305 1
988 1375 1
988 1381 1
988 1401 1
988 1426 1
988 1525 1
988 1526 1
988 1535 1
988 1634 1
988 1646 1
988 1716 1
988 1810 1
988 1818 1
988 1844 1
988 1992 1
989 1061 1
989 1199 1
989 1202 1
989 1246 1
989 1291 1
989 1324 1
989 1327 1
989 1428 1
989 1467 1
989 1551 1
989 1583 1
989 1616 1
989 1621 1
989 1624 1
989 1690 1
989 1740 1
989 1742 1
989 1753 1
989 1769 1
989 1793 1
989 1831 1
989 1862 1
989 1879 1
989 1890 1
989 1901 1
989 1913 1
989 1915 1
989 1935 1
989 1939 1
989 1943 1
989 1992 1
990 994 1
990 1008 1
990 1081 1
990 1088 1
990 1091 1
990 1107 1
990 1228 1
990 1235 1
990 1264 1
990 1276 1
990 1287 1
990 1313 1
990 1427 1
990 1445 1
990 1576 1
990 1665 1
990 1686 1
990 1715 1
990 1720 1
990 1721 1
990 1729 1
990 1749 1
990 1755 1
990 1874 1
990 1883 1
990 1898 1
990 1904 1
990 1920 1
990 1944 1
990 1954 1
990 1978 1
991 993 1
991 1066 1
991 1091 1
991 1143 1
991 1172 1
991 1253 1
991 1282 1
991 1301 1
991 1312 1
991 1351 1
991 1405 1
991 1410 1
991 1415 1
991 1452 1
991 1503 1
991 1562 1
991 1595 1
991 1643 1
991 1660 1
991 1695 1
991 1699 1
991 1722 1
991 1739 1
991 1789 1
991 1805 1
991 1908 1
991 1980 1
991 1987 1
992 1032 1
992 1036 1
992 1128 1
992 1164 1
992 1179 1
992 1256 1
992 1278 1
992 1292 1
992 1313 1
992 1359 1
992 1374 1
992 1387 1
992 1394 1
992 1489 1
992 1495 1
992 1533 1
992 1603 1
992 1616 1
992 1669 1
992 1705 1
992 1767 1
992 1771 1
992 1781 1
992 1795 1
992 1797 1
992 1812 1
992 1833 1
992 1849 1
992 1916 1
992 1932 1
992 1952 1
992 1966 1
992 1981 1
993 1080 1
993 1120 1
993 1167 1
993 1235 1
993 1260 1
993 1369 1
993 1387 1
993 1441 1
993 1523 1
993 1542 1
993 1584 1
993 1642 1
993 1681 1
993 1766 1
993 1777 1
993 1781 1
993 1797 1
993 1875 1
993 1891 1
993 1899 1
993 1990 1
994 1107 1
994 1115 1
994 1128 1
994 1174 1
994 1227 1
994 1260 1
994 1284 1
994 1330 1
994 1357 1
994 1367 1
994 1525 1
994 1528 1
994 1536 1
994 1546 1
994 1651 1
994 1671 1
994 1674 1
994 1685 1
994 1692 1
994 1693 1
994 1739 1
994 1772 1
994 1796 1
994 1891 1
994 1892 1
994 1914 1
994 1934 1
994 1952 1
994 1979 1
995 1018 1
995 1036 1
995 1042 1
995 1085 1
995 1092 1
995 1103 1
995 1125 1
995 1218 1
995 1222 1
995 1364 1
995 1416 1
995 1496 1
995 1659 1
995 1684 1
995 1696 1
995 1829 1
995 1873 1
995 1966 1
996 1055 1
996 1075 1
996 1130 1
996 1185 1
996 1232 1
996 1336 1
996 1404 1
996 1479 1
996 1544 1
996 1584 1
996 1662 1
996 1744 1
996 1826 1
996 1839 1
996 1918 1
996 1924 1
996 1930 1
996 1940 1
996 1986 1
997 1003 1
997 1010 1
997 1065 1
997 1135 1
997 1242 1
997 1305 1
997 1418 1
997 1426 1
997 1446 1
997 1447 1
997 1477 1
997 1487 1
997 1539 1
997 1560 1
997 1566 1
997 1568 1
997 1593 1
997 1665 1
997 1704 1
997 1721 1
997 1761 1
997 1766 1
997 1767 1
997 1849 1
997 1854 1
997 1889 1
997 1948 1
997 1977 1
998 1018 1
998 1040 1
998 1069 1
998 1283 1
998 1304 1
998 1344 1
998 1435 1
998 1471 1
998 1494 1
998 1504 1
998 1566 1
998 1583 1
998 1593 1
998 1646 1
998 1728 1
998 1792 1
998 1825 1
998 1848 1
998 1893 1
998 1942 1
998 1960 1
999 1050 1
999 1076 1
999 1119 1
999 1127 1
999 1135 1
999 1140 1
999 1153 1
999 1160 1
999 1224 1
999 1226 1
999 1273 1
999 1284 1
999 1340 1
999 1457 1
999 1461 1
999 1517 1
999 1520 1
999 1553 1
999 1593 1
999 1651 1
999 1669 1
999 1670 1
999 1726 1
999 1739 1
999 1744 1
999 1746 1
999 1780 1
999 1823 1
999 1829 1
999 1863 1
999 1864 1
999 1908 1
1000 1083 1
1000 1163 1
1000 1175 1
1000 1201 1
1000 1333 1
1000 1433 1
1000 1469 1
1000 1492 1
1000 1504 1
1000 1542 1
1000 1564 1
1000 1584 1
1000 1595 1
1000 1619 1
1000 1622 1
1000 1636 1
1000 1712 1
1000 1716 1
1000 1726 1
1000 1818 1
1000 1822 1
1000 1878 1
1000 1902 1
1001 1040 1
1001 1047 1
1001 1064 1
1001 1086 1
1001 1249 1
1001 1391 1
1001 1404 1
1001 1438 1
1001 1481 1
1001 1484 1
1001 1554 1
1001 1575 1
1001 1576 1
1001 1597 1
1001 1607 1
1001 1626 1
1001 1629 1
1001 1691 1
1001 1713 1
1001 1807 1
1001 1832 1
1001 1852 1
1001 1853 1
1001 1858 1
1001 1864 1
1001 1934 1
1001 1948 1
1001 1995 1
1002 1011 1
1002 1022 1
1002 1109 1
1002 1225 1
1002 1238 1
1002 1317 1
1002 1343 1
1002 1356 1
1002 1415 1
1002 1421 1
1002 1469 1
1002 1523 1
1002 1628 1
1002 1728 1
1002 1866 1
1002 1912 1
1003 1035 1
1003 1048 1
1003 1061 1
1003 1065 1
1003 1078 1
1003 1138 1
1003 1196 1
1003 1245 1
1003 1273 1
1003 1341 1
1003 1457 1
1003 1522 1
1003 1542 1
1003 1575 1
1003 1606 1
1003 1611 1
1003 1624 1
1003 1644 1
1003 1689 1
1003 1712 1
1003 1829 1
1003 1923 1
1003 1949 1
1004 1026 1
1004 1043 1
1004 1115 1
1004 1130 1
1004 1192 1
1004 1215 1
1004 1273 1
1004 1277 1
1004 1322 1
1004 1395 1
1004 1416 1
1004 1435 1
1004 1458 1
1004 1468 1
1004 1494 1
1004 1537 1
1004 1538 1
1004 1539 1
1004 1601 1
1004 1626 1
1004 1627 1
1004 1694 1
1004 1703 1
1004 1711 1
1004 1763 1
1004 1775 1
1004 1819 1
1004 1893 1
1004 1902 1
1004 1922 1
1005 1009 1
1005 1015 1
1005 1018 1
1005 1021 1
1005 1022 1
1005 1052 1
1005 1118 1
1005 1144 1
1005 1161 1
1005 1197 1
1005 1362 1
1005 1394 1
1005 1400 1
1005 1453 1
1005 1466 1
1005 1486 1
1005 1522 1
1005 1548 1
1005 1585 1
1005 1704 1
1005 1764 1
1005 1817 1
1005 1827 1
1005 1829 1
1005 1836 1
1005 1850 1
1005 1875 1
1005 1882 1
1005 1919 1
1005 1930 1
1006 1077 1
1006 1124 1
1006 1148 1
1006 1202 1
1006 1219 1
1006 1251 1
1006 1281 1
1006 1342 1
1006 1379 1
1006 1393 1
1006 1413 1
1006 1441 1
1006 1508 1
1006 1510 1
1006 1544 1
1006 1646 1
1006 1670 1
1006 1671 1
1006 1754 1
1006 1789 1
1006 1797 1
1006 1806 1
1006 1921 1
1006 1927 1
1006 1957 1
1007 1032 1
1007 1038 1
1007 1077 1
1007 1120 1
1007 1124 1
1007 1135 1
1007 1137 1
1007 1150 1
1007 1153 1
1007 1176 1
1007 1252 1
1007 1312 1
1007 1338 1
1007 1380 1
1007 1397 1
1007 1433 1
1007 1455 1
1007 1482 1
1007 1497 1
1007 1498 1
1007 1595 1
1007 1617 1
1007 1620 1
1007 1629 1
1007 1630 1
1007 1768 1
1007 1802 1
1007 1814 1
1007 1824 1
1007 1860 1
1007 1879 1
1007 1913 1
1008 1071 1
1008 1074 1
1008 1112 1
1008 1126 1
1008 1146 1
1008 1201 1
1008 1217 1
1008 1219 1
1008 1227 1
1008 1239 1
1008 1240 1
1008 1289 1
1008 1296 1
1008 1310 1
1008 1419 1
1008 1421 1
1008 1501 1
1008 1559 1
1008 1601 1
1008 1748 1
1008 1838 1
1008 1848 1
1008 1893 1
1008 1952 1
1008 1987 1
1009 1039 1
1009 1076 1
1009 1104 1
1009 1234 1
1009 1244 1
1009 1305 1
1009 1329 1
1009 1350 1
1009 1355 1
1009 1390 1
1009 1465 1
1009 1515 1
1009 1596 1
1009 1611 1
1009 1644 1
1009 1654 1
1009 1680 1
1009 1694 1
1009 1704 1
1009 1740 1
1009 1762 1
1009 1799 1
1009 1809 1
1009 1824 1
1009 1857 1
1009 1872 1
1009 1886 1
1009 1889 1
1009 1936 1
1009 1971 1
1010 1039 1
1010 1051 1
1010 1080 1
1010 1133 1
1010 1148 1
1010 1169 1
1010 1207 1
1010 1218 1
1010 1233 1
1010 1240 1
1010 1254 1
1010 1304 1
1010 1323 1
1010 1444 1
1010 1466 1
1010 1482 1
1010 1501 1
1010 1519 1
1010 1521 1
1010 1579 1
1010 1586 1
1010 1632 1
1010 1653 1
1010 1655 1
1010 1665 1
1010 1666 1
1010 1744 1
1010 1765 1
1010 1930 1
1010 1987 1
1011 1034 1
1011 1102 1
1011 1143 1
1011 1176 1
1011 1274 1
1011 1277 1
1011 1286 1
1011 1318 1
1011 1572 1
1011 1574 1
1011 1599 1
1011 1639 1
1011 1728 1
1011 1749 1
1011 1763 1
1011 1858 1
1011 1963 1
1011 1973 1
1012 1020 1
1012 1089 1
1012 1142 1
1012 1144 1
1012 1147 1
1012 1164 1
1012 1299 1
1012 1302 1
1012 1320 1
1012 1332 1
1012 1344 1
1012 1370 1
1012 1400 1
1012 1424 1
1012 1441 1
1012 1471 1
1012 1507 1
1012 1519 1
1012 1613 1
1012 1645 1
1012 1655 1
1012 1656 1
1012 1685 1
1012 1735 1
1012 1822 1
1012 1871 1
1012 1911 1
1012 1951 1
1012 1961 1
1012 1981 1
1013 1094 1
1013 1098 1
1013 1110 1
1013 1181 1
1013 1190 1
1013 1243 1
1013 1264 1
1013 1326 1
1013 1413 1
1013 1449 1
1013 1450 1
1013 1481 1
1013 1488 1
1013 1547 1
1013 1555 1
1013 1579 1
1013 1590 1
1013 1599 1
1013 1630 1
1013 1646 1
1013 1696 1
1013 1764 1
1013 1773 1
1013 1803 1
1013 1871 1
1013 1942 1
1013 1956 1
1013 1969 1
1013 1971 1
1013 1983 1
1014 1033 1
1014 1050 1
1014 1074 1
1014 1078 1
1014 1096 1
1014 1097 1
1014 1099 1
1014 1234 1
1014 1302 1
1014 1333 1
1014 1361 1
1014 1420 1
1014 1479 1
1014 1483 1
1014 1499 1
1014 1525 1
1014 1593 1
1014 1643 1
1014 1762 1
1014 1802 1
1014 1833 1
1014 1910 1
1014 1975 1
1014 1978 1
1015 1086 1
1015 1141 1
1015 1178 1
1015 1210 1
1015 1262 1
1015 1382 1
1015 1407 1
1015 1419 1
1015 1425 1
1015 1426 1
1015 1477 1
1015 1499 1
1015 1514 1
1015 1516 1
1015 1536 1
1015 1552 1
1015 1600 1
1015 1606 1
1015 1632 1
1015 1652 1
1015 1677 1
1015 1685 1
1015 1691 1
1015 1703 1
1015 1789 1
1015 1846 1
1015 1895 1
1015 1970 1
1016 1047 1
1016 1103 1
1016 1186 1
1016 1213 1
1016 1292 1
1016 1388 1
1016 1390 1
1016 1401 1
1016 1409 1
1016 1474 1
1016 1508 1
1016 1625 1
1016 1639 1
1016 1672 1
1016 1695 1
1016 1708 1
1016 1744 1
1016 1779 1
1016 1836 1
1016 1876 1
1016 1950 1
1017 1131 1
1017 1154 1
1017 1172 1
1017 1196 1
1017 1244 1
1017 1330 1
1017 1357 1
1017 1389 1
1017 1459 1
1017 1532 1
1017 1657 1
1017 1726 1
1017 1895 1
1017 1904 1
1017 1987 1
1018 1061 1
1018 1074 1
1018 1085 1
1018 1102 1
1018 1140 1
1018 1167 1
1018 1181 1
1018 1199 1
1018 1264 1
1018 1316 1
1018 1377 1
1018 1381 1
1018 1401 1
1018 1436 1
1018 1459 1
1018 1709 1
1018 1725 1
1018 1802 1
1018 1870 1
1018 1918 1
1019 1051 1
1019 1071 1
1019 1095 1
1019 1112 1
1019 1127 1
1019 1149 1
1019 1181 1
1019 1203 1
1019 1216 1
1019 1262 1
1019 1268 1
1019 1282 1
1019 1427 1
1019 1449 1
1019 1459 1
1019 1591 1
1019 1619 1
1019 1653 1
1019 1662 1
1019 1711 1
1019 1805 1
1019 1836 1
1019 1906 1
1019 1909 1
1019 1935 1
1019 1947 1
1019 1974 1
1020 1021 1
1020 1044 1
1020 1087 1
1020 1129 1
1020 1273 1
1020 1314 1
1020 1361 1
1020 1481 1
1020 1500 1
1020 1524 1
1020 1633 1
1020 1646 1
1020 1652 1
1020 1722 1
1020 1742 1
1020 1788 1
1020 1800 1
1020 1811 1
1020 1815 1
1020 1823 1
1020 1829 1
1020 1887 1
1020 1966 1
1020 1968 1
1021 1030 1
1021 1070 1
1021 1102 1
1021 1251 1
1021 1315 1
1021 1319 1
1021 1366 1
1021 1386 1
1021 1491 1
1021 1608 1
1021 1749 1
1021 1766 1
1021 1778 1
1021 1842 1
1021 1948 1
1022 1078 1
1022 1179 1
1022 1189 1
1022 1196 1
1022 1205 1
1022 1213 1
1022 1218 1
1022 1244 1
1022 1265 1
1022 1292 1
1022 1311 1
1022 1344 1
1022 1359 1
1022 1399 1
1022 1440 1
1022 1443 1
1022 1497 1
1022 1548 1
1022 1589 1
1022 1619 1
1022 1753 1
1022 1760 1
1022 1812 1
1022 1834 1
1022 1838 1
1022 1919 1
1022 1972 1
1022 1973 1
1023 1038 1
1023 1092 1
1023 1097 1
1023 1126 1
1023 1144 1
1023 1234 1
1023 1328 1
1023 1329 1
1023 1397 1
1023 1431 1
1023 1521 1
1023 1527 1
1023 1640 1
1023 1704 1
1023 1727 1
1023 1801 1
1023 1855 1
1023 1979 1
1023 1987 1
1023 1996 1
1024 1122 1
1024 1262 1
1024 1287 1
1024 1360 1
1024 1361 1
1024 1431 1
1024 1445 1
1024 1478 1
1024 1483 1
1024 1533 1
1024 1539 1
1024 1565 1
1024 1637 1
1024 1727 1
1024 1777 1
1024 1806 1
1024 1827 1
1024 1934 1
1025 1083 1
1025 1100 1
1025 1102 1
1025 1137 1
1025 1168 1
1025 1187 1
1025 1188 1
1025 1250 1
1025 1352 1
1025 1356 1
1025 1397 1
1025 1425 1
1025 1455 1
1025 1523 1
1025 1551 1
1025 1587 1
1025 1740 1
1025 1761 1
1025 1779 1
1025 1806 1
1025 1881 1
1026 1103 1
1026 1141 1
1026 1143 1
1026 1195 1
1026 1202 1
1026 1259 1
1026 1359 1
1026 1416 1
1026 1448 1
1026 1488 1
1026 1492 1
1026 1500 1
1026 1549 1
1026 1660 1
1026 1742 1
1026 1783 1
1026 1838 1
1026 1862 1
1026 1883 1
1026 1893 1
1026 1939 1
1026 1974 1
1027 1029 1
1027 1055 1
1027 1106 1
1027 1276 1
1027 1302 1
1027 1377 1
1027 1397 1
1027 1403 1
1027 1604 1
1027 1737 1
1027 1750 1
1027 1776 1
1027 1958 1
1027 1968 1
1028 1095 1
1028 1096 1
1028 1148 1
1028 1153 1
1028 1156 1
1028 1208 1
1028 1244 1
1028 1247 1
1028 1294 1
1028 1347 1
1028 1367 1
1028 1375 1
1028 1434 1
1028 1458 1
1028 1529 1
1028 1557 1
1028 1644 1
1028 1680 1
1028 1687 1
1028 1690 1
1028 1704 1
1028 1768 1
1028 1820 1
1028 1866 1
1028 1867 1
1028 1882 1
1028 1893 1
1028 1914 1
1028 1970 1
1028 1976 1
1028 1996 1
1029 1046 1
1029 1135 1
1029 1142 1
1029 1144 1
1029 1199 1
1029 1285 1
1029 1290 1
1029 1354 1
1029 1591 1
1029 1622 1
1029 1641 1
1029 1721 1
1029 1730 1
1029 1737 1
1029 1757 1
1029 1867 1
1029 1907 1
1029 1909 1
1030 1062 1
1030 1109 1
1030 1147 1
1030 1151 1
1030 1252 1
1030 1265 1
1030 1314 1
1030 1366 1
1030 1383 1
1030 1397 1
1030 1420 1
1030 1428 1
1030 1615 1
1030 1647 1
1030 1694 1
1030 1696 1
1030 1773 1
1030 1779 1
1030 1881 1
1030 1882 1
1030 1931 1
1030 1932 1
1030 1973 1
1030 1993 1
1031 1054 1
1031 1084 1
1031 1181 1
1031 1206 1
1031 1236 1
1031 1255 1
1031 1324 1
1031 1367 1
1031 1373 1
1031 1438 1
1031 1486 1
1031 1560 1
1031 1582 1
1031 1616 1
1031 1618 1
1031 1662 1
1031 1686 1
1031 1701 1
1031 1706 1
1031 1813 1
1031 1824 1
1031 1854 1
1031 1885 1
1031 1894 1
1031 1953 1
1031 1954 1
1032 1115 1
1032 1130 1
1032 1147 1
1032 1165 1
1032 1171 1
1032 1269 1
1032 1301 1
1032 1321 1
1032 1323 1
1032 1351 1
1032 1424 1
1032 1457 1
1032 1485 1
1032 1727 1
1032 1761 1
1032 1827 1
1032 1877 1
1032 1901 1
1032 1963 1
1032 1965 1
1032 1977 1
1033 1034 1
1033 1067 1
1033 1075 1
1033 1138 1
1033 1170 1
1033 1182 1
1033 1219 1
1033 1228 1
1033 1318 1
1033 1343 1
1033 1350 1
1033 1378 1
1033 1385 1
1033 1388 1
1033 1404 1
1033 1504 1
1033 1508 1
1033 1552 1
1033 1564 1
1033 1579 1
1033 1678 1
1033 1717 1
1033 1800 1
1033 1801 1
1033 1820 1
1033 1901 1
1033 1936 1
1033 1937 1
1033 1996 1
1034 1043 1
1034 1112 1
1034 1122 1
1034 1130 1
1034 1190 1
1034 1227 1
1034 1267 1
1034 1299 1
1034 1322 1
1034 1351 1
1034 1402 1
1034 1408 1
1034 1451 1
1034 1627 1
1034 1656 1
1034 1723 1
1034 1724 1
1034 1749 1
1034 1797 1
1034 1864 1
1034 1983 1
1035 1085 1
1035 1097 1
1035 1153 1
1035 1164 1
1035 1201 1
1035 1273 1
1035 1287 1
1035 1312 1
1035 1360 1
1035 1399 1
1035 1412 1
1035 1456 1
1035 1469 1
1035 1490 1
1035 1495 1
1035 1512 1
1035 1569 1
1035 1601 1
1035 1611 1
1035 1613 1
1035 1627 1
1035 1658 1
1035 1746 1
1035 1885 1
1035 1904 1
1035 1962 1
1035 1986 1
1035 1989 1
1036 1137 1
1036 1145 1
1036 1158 1
1036 1180 1
1036 1287 1
1036 1299 1
1036 1322 1
1036 1330 1
1036 1331 1
1036 1357 1
1036 1364 1
1036 1384 1
1036 1423 1
1036 1451 1
1036 1489 1
1036 1546 1
1036 1547 1
1036 1637 1
1036 1678 1
1036 1806 1
1036 1826 1
1036 1840 1
1036 1846 1
1036 1860 1
1036 1870 1
1036 1916 1
1036 1936 1
1036 1995 1
1037 1079 1
1037 1153 1
1037 1162 1
1037 1194 1
1037 1211 1
1037 1219 1
1037 1295 1
1037 1300 1
1037 1305 1
1037 1330 1
1037 1338 1
1037 1449 1
1037 1466 1
1037 1486 1
1037 1500 1
1037 1503 1
1037 1560 1
1037 1587 1
1037 1600 1
1037 1727 1
1037 1761 1
1037 1844 1
1037 1854 1
1037 1921 1
1037 1988 1
1037 1989 1
1038 1102 1
1038 1132 1
1038 1230 1
1038 1278 1
1038 1331 1
1038 1358 1
1038 1381 1
1038 1411 1
1038 1440 1
1038 1470 1
1038 1494 1
1038 1514 1
1038 1537 1
1038 1569 1
1038 1584 1
1038 1623 1
1038 1667 1
1038 1874 1
1039 1083 1
1039 1102 1
1039 1116 1
1039 1170 1
1039 1270 1
1039 1315 1
1039 1342 1
1039 1364 1
1039 1409 1
1039 1510 1
1039 1536 1
1039 1561 1
1039 1614 1
1039 1620 1
1039 1654 1
1039 1665 1
1039 1667 1
1039 1838 1
1039 1864 1
1039 1882 1
1039 1957 1
1039 1976 1
1039 1982 1
1040 1049 1
1040 1101 1
1040 1124 1
1040 1242 1
1040 1254 1
1040 1280 1
1040 1284 1
1040 1321 1
1040 1349 1
1040 1352 1
1040 1369 1
1040 1386 1
1040 1388 1
1040 1432 1
1040 1455 1
1040 1524 1
1040 1529 1
1040 1531 1
1040 1628 1
1040 1709 1
1040 1752 1
1040 1782 1
1040 1812 1
1040 1847 1
1040 1876 1
1040 1901 1
1040 1944 1
1041 1086 1
1041 1110 1
1041 1112 1
1041 1175 1
1041 1192 1
1041 1247 1
1041 1274 1
1041 1295 1
1041 1556 1
1041 1633 1
1041 1664 1
1041 1684 1
1041 1771 1
1041 1810 1
1041 1853 1
1041 1858 1
1042 1233 1
1042 1261 1
1042 1272 1
1042 1294 1
1042 1316 1
1042 1331 1
1042 1333 1
1042 1502 1
1042 1554 1
1042 1559 1
1042 1601 1
1042 1716 1
1042 1730 1
1042 1744 1
1042 1754 1
1042 1767 1
1042 1787 1
1042 1821 1
1042 1874 1
1042 1880 1
1042 1924 1
1042 1933 1
1042 1967 1
1042 1988 1
1042 1995 1
1043 1052 1
1043 1060 1
1043 1101 1
1043 1161 1
1043 1165 1
1043 1188 1
1043 1213 1
1043 1236 1
1043 1350 1
1043 1382 1
1043 1395 1
1043 1462 1
1043 1489 1
1043 1583 1
1043 1596 1
1043 1629 1
1043 1680 1
1043 1735 1
1043 1759 1
1043 1840 1
1043 1936 1
1043 1956 1
1044 1053 1
1044 1184 1
1044 1191 1
1044 1282 1
1044 1323 1
1044 1330 1
1044 1334 1
1044 1388 1
1044 1390 1
1044 1417 1
1044 1440 1
1044 1450 1
1044 1488 1
1044 1522 1
1044 1536 1
1044 1563 1
1044 1590 1
1044 1680 1
1044 1684 1
1044 1685 1
1044 1789 1
1044 1804 1
1044 1805 1
1044 1856 1
1044 1991 1
1045 1239 1
1045 1272 1
1045 1279 1
1045 1282 1
1045 1284 1
1045 1297 1
1045 1342 1
1045 1345 1
1045 1378 1
1045 1500 1
1045 1603 1
1045 1622 1
1045 1675 1
1045 1732 1
1045 1758 1
1045 1826 1
1045 1905 1
1045 1965 1
1045 1980 1
1045 1992 1
1046 1052 1
1046 1053 1
1046 1135 1
1046 1172 1
1046 1173 1
1046 1348 1
1046 1413 1
1046 1421 1
1046 1481 1
1046 1571 1
1046 1593 1
1046 1595 1
1046 1622 1
1046 1661 1
1046 1677 1
1046 1766 1
1046 1842 1
1046 1845 1
1046 1859 1
1047 1067 1
1047 1146 1
1047 1217 1
1047 1225 1
1047 1270 1
1047 1297 1
1047 1299 1
1047 1310 1
1047 1311 1
1047 1341 1
1047 1415 1
1047 1494 1
1047 1497 1
1047 1610 1
1047 1702 1
1047 1758 1
1047 1760 1
1047 1820 1
1047 1875 1
1047 1963 1
1047 1982 1
1048 1050 1
1048 1107 1
1048 1132 1
1048 1186 1
1048 1197 1
1048 1204 1
1048 1239 1
1048 1263 1
1048 1267 1
1048 1306 1
1048 1321 1
1048 1380 1
1048 1582 1
1048 1612 1
1048 1713 1
1048 1826 1
1048 1879 1
1048 1880 1
1048 1882 1
1048 1891 1
1048 1929 1
1048 1943 1
1048 1969 1
1048 1990 1
1049 1069 1
1049 1084 1
1049 1093 1
1049 1222 1
1049 1231 1
1049 1316 1
1049 1426 1
1049 1582 1
1049 1627 1
1049 1669 1
1049 1670 1
1049 1744 1
1049 1811 1
1049 1825 1
1049 1929 1
1049 1967 1
1049 1995 1
1050 1200 1
1050 1255 1
1050 1300 1
1050 1442 1
1050 1470 1
1050 1541 1
1050 1578 1
1050 1626 1
1050 1662 1
1050 1692 1
1050 1725 1
1050 1746 1
1050 1846 1
1050 1900 1
1050 1915 1
1050 1967 1
1050 1982 1
1050 1996 1
1051 1055 1
1051 1082 1
1051 1085 1
1051 1192 1
1051 1209 1
1051 1227 1
1051 1270 1
1051 1277 1
1051 1368 1
1051 1394 1
1051 1399 1
1051 1467 1
1051 1526 1
1051 1596 1
1051 1630 1
1051 1670 1
1051 1675 1
1051 1677 1
1051 1756 1
1051 1805 1
1051 1811 1
1052 1101 1
1052 1120 1
1052 1179 1
1052 1229 1
1052 1306 1
1052 1314 1
1052 1334 1
1052 1374 1
1052 1422 1
1052 1496 1
1052 1532 1
1052 1597 1
1052 1609 1
1052 1616 1
1052 1659 1
1052 1767 1
1052 1862 1
1052 1872 1
1052 1894 1
1052 1897 1
1052 1911 1
1052 1941 1
1052 1945 1
1052 1962 1
1053 1064 1
1053 1081 1
1053 1134 1
1053 1204 1
1053 1233 1
1053 1254 1
1053 1282 1
1053 1295 1
1053 1303 1
1053 1336 1
1053 1420 1
1053 1478 1
1053 1507 1
1053 1521 1
1053 1561 1
1053 1593 1
1053 1732 1
1053 1742 1
1053 1798 1
1053 1832 1
1053 1870 1
1053 1906 1
1053 1961 1
1053 1964 1
1053 1973 1
1054 1058 1
1054 1059 1
1054 1105 1
1054 1195 1
1054 1199 1
1054 1254 1
1054 1267 1
1054 1364 1
1054 1393 1
1054 1431 1
1054 1435 1
1054 1488 1
1054 1551 1
1054 1610 1
1054 1625 1
1054 1707 1
1054 1743 1
1054 1766 1
1054 1788 1
1054 1812 1
1054 1841 1
1054 1894 1
1054 1897 1
1055 1130 1
1055 1138 1
1055 1219 1
1055 1290 1
1055 1346 1
1055 1350 1
1055 1366 1
1055 1393 1
1055 1425 1
1055 1468 1
1055 1575 1
1055 1588 1
1055 1608 1
1055 1720 1
1055 1741 1
1055 1757 1
1055 1807 1
1055 1817 1
1055 1826 1
1055 1893 1
1055 1905 1
1055 1907 1
1055 1911 1
1055 1934 1
1055 1948 1
1055 1998 1
1056 1170 1
1056 1180 1
1056 1212 1
1056 1214 1
1056 1309 1
1056 1353 1
1056 1390 1
1056 1392 1
1056 1397 1
1056 1400 1
1056 1586 1
1056 1597 1
1056 1667 1
1056 1696 1
1056 1720 1
1056 1756 1
1056 1783 1
1056 1934 1
1057 1121 1
1057 1143 1
1057 1172 1
1057 1174 1
1057 1180 1
1057 1258 1
1057 1341 1
1057 1352 1
1057 1355 1
1057 1367 1
1057 1371 1
1057 1464 1
1057 1482 1
1057 1485 1
1057 1487 1
1057 1488 1
1057 1540 1
1057 1561 1
1057 1663 1
1057 1671 1
1057 1718 1
1057 1725 1
1057 1728 1
1057 1738 1
1057 1763 1
1057 1769 1
1057 1777 1
1057 1780 1
1057 1883 1
1058 1071 1
1058 1102 1
1058 1190 1
1058 1191 1
1058 1224 1
1058 1371 1
1058 1378 1
1058 1409 1
1058 1422 1
1058 1436 1
1058 1474 1
1058 1481 1
1058 1495 1
1058 1500 1
1058 1531 1
1058 1550 1
1058 1650 1
1058 1667 1
1058 1669 1
1058 1679 1
1058 1932 1
1058 1974 1
1058 1992 1
1059 1107 1
1059 1112 1
1059 1246 1
1059 1321 1
1059 1337 1
1059 1376 1
1059 1390 1
1059 1414 1
1059 1446 1
1059 1473 1
1059 1487 1
1059 1522 1
1059 1545 1
1059 1595 1
1059 1686 1
1059 1765 1
1059 1888 1
1060 1070 1
1060 1081 1
1060 1109 1
1060 1176 1
1060 1178 1
1060 1335 1
1060 1346 1
1060 1373 1
1060 1393 1
1060 1484 1
1060 1491 1
1060 1502 1
1060 1514 1
1060 1525 1
1060 1527 1
1060 1529 1
1060 1563 1
1060 1594 1
1060 1670 1
1060 1711 1
1060 1747 1
1060 1894 1
1060 1914 1
1060 1928 1
1060 1932 1
1060 1965 1
1060 1996 1
1060 1997 1
1061 1096 1
1061 1098 1
1061 1196 1
1061 1212 1
1061 1285 1
1061 1322 1
1061 1387 1
1061 1460 1
1061 1480 1
1061 1495 1
1061 1503 1
1061 1512 1
1061 1547 1
1061 1583 1
1061 1608 1
1061 1612 1
1061 1636 1
1061 1756 1
1061 1820 1
1061 1838 1
1061 1862 1
1061 1865 1
1061 1926 1
1061 1967 1
1061 1975 1
1062 1127 1
1062 1136 1
1062 1165 1
1062 1192 1
1062 1223 1
1062 1263 1
1062 1292 1
1062 1316 1
1062 1347 1
1062 1419 1
1062 1460 1
1062 1478 1
1062 1508 1
1062 1542 1
1062 1549 1
1062 1551 1
1062 1604 1
1062 1697 1
1062 1718 1
1062 1757 1
1062 1852 1
1062 1868 1
1062 1889 1
1062 1947 1
1062 1953 1
1062 1988 1
1063 1131 1
1063 1151 1
1063 1189 1
1063 1220 1
1063 1289 1
1063 1317 1
1063 1369 1
1063 1377 1
1063 1446 1
1063 1509 1
1063 1518 1
1063 1527 1
1063 1557 1
1063 1636 1
1063 1659 1
1063 1715 1
1063 1717 1
1063 1733 1
1063 1750 1
1063 1822 1
1063 1849 1
1063 1910 1
1063 1913 1
1063 1940 1
1064 1182 1
1064 1187 1
1064 1244 1
1064 1300 1
1064 1324 1
1064 1329 1
1064 1331 1
1064 1352 1
1064 1356 1
1064 1448 1
1064 1710 1
1064 1736 1
1064 1755 1
1064 1835 1
1064 1840 1
1064 1858 1
1064 1860 1
1064 1887 1
1064 1938 1
1064 1962 1
1064 1972 1
1065 1079 1
1065 1114 1
1065 1120 1
1065 1121 1
1065 1126 1
1065 1148 1
1065 1164 1
1065 1195 1
1065 1282 1
1065 1284 1
1065 1321 1
1065 1371 1
1065 1426 1
1065 1442 1
1065 1454 1
1065 1538 1
1065 1545 1
1065 1547 1
1065 1623 1
1065 1638 1
1065 1770 1
1065 1778 1
1065 1863 1
1065 1892 1
1065 1915 1
1065 1926 1
1065 1961 1
1065 1982 1
1065 1985 1
1066 1086 1
1066 1099 1
1066 1117 1
1066 1131 1
1066 1162 1
1066 1225 1
1066 1243 1
1066 1302 1
1066 1341 1
1066 1351 1
1066 1358 1
1066 1360 1
1066 1381 1
1066 1432 1
1066 1530 1
1066 1600 1
1066 1642 1
1066 1650 1
1066 1729 1
1066 1733 1
1066 1742 1
1066 1752 1
1066 1778 1
1066 1810 1
1066 1813 1
1066 1816 1
1066 1853 1
1066 1900 1
1066 1923 1
1066 1955 1
1066 1969 1
1066 1971 1
1067 1079 1
1067 1082 1
1067 1201 1
1067 1212 1
1067 1273 1
1067 1282 1
1067 1365 1
1067 1414 1
1067 1426 1
1067 1471 1
1067 1526 1
1067 1580 1
1067 1667 1
1067 1675 1
1067 1696 1
1067 1699 1
1067 1713 1
1067 1761 1
1067 1814 1
1067 1915 1
1067 1936 1
1067 1937 1
1067 1991 1
1068 1071 1
1068 1109 1
1068 1120 1
1068 1197 1
1068 1221 1
1068 1229 1
1068 1233 1
1068 1332 1
1068 1371 1
1068 1378 1
1068 1410 1
1068 1429 1
1068 1469 1
1068 1540 1
1068 1660 1
1068 1673 1
1068 1725 1
1068 1771 1
1068 1785 1
1068 1895 1
1068 1931 1
1068 1939 1
1069 1100 1
1069 1104 1
1069 1126 1
1069 1172 1
1069 1211 1
1069 1226 1
1069 1257 1
1069 1313 1
1069 1319 1
1069 1329 1
1069 1405 1
1069 1419 1
1069 1473 1
1069 1516 1
1069 1517 1
1069 1565 1
1069 1567 1
1069 1613 1
1069 1614 1
1069 1622 1
1069 1650 1
1069 1669 1
1069 1710 1
1069 1745 1
1069 1761 1
1069 1926 1
1069 1931 1
1069 1951 1
1069 1979 1
1069 1986 1
1070 1076 1
1070 1096 1
1070 1154 1
1070 1183 1
1070 1203 1
1070 1370 1
1070 1385 1
1070 1418 1
1070 1448 1
1070 1513 1
1070 1537 1
1070 1547 1
1070 1583 1
1070 1599 1
1070 1611 1
1070 1683 1
1070 1757 1
1070 1789 1
1070 1818 1
1070 1893 1
1070 1902 1
1070 1971 1
1070 1973 1
1071 1101 1
1071 1105 1
1071 1119 1
1071 1140 1
1071 1284 1
1071 1289 1
1071 1293 1
1071 1376 1
1071 1458 1
1071 1466 1
1071 1471 1
1071 1482 1
1071 1498 1
1071 1521 1
1071 1574 1
1071 1709 1
1071 1753 1
1071 1758 1
1071 1762 1
1071 1783 1
1071 1793 1
1071 1905 1
1071 1909 1
1071 1914 1
1071 1932 1
1071 1967 1
1071 1972 1
1071 1999 1
1072 1084 1
1072 1146 1
1072 1301 1
1072 1321 1
1072 1336 1
1072 1425 1
1072 1468 1
1072 1531 1
1072 1556 1
1072 1569 1
1072 1585 1
1072 1592 1
1072 1594 1
1072 1763 1
1072 1856 1
1072 1872 1
1072 1931 1
1072 1932 1
1072 1984 1
1073 1082 1
1073 1090 1
1073 1258 1
1073 1309 1
1073 1315 1
1073 1345 1
1073 1398 1
1073 1421 1
1073 1422 1
1073 1438 1
1073 1456 1
1073 1470 1
1073 1565 1
1073 1582 1
1073 1680 1
1073 1690 1
1073 1723 1
1073 1832 1
1073 1876 1
1073 1902 1
1073 1912 1
1073 1917 1
1073 1958 1
1074 1078 1
1074 1147 1
1074 1171 1
1074 1201 1
1074 1246 1
1074 1248 1
1074 1268 1
1074 1373 1
1074 1402 1
1074 1407 1
1074 1448 1
1074 1491 1
1074 1497 1
1074 1510 1
1074 1524 1
1074 1525 1
1074 1552 1
1074 1576 1
1074 1689 1
1074 1924 1
1074 1984 1
1074 1992 1
1075 1082 1
1075 1083 1
1075 1163 1
1075 1208 1
1075 1371 1
1075 1432 1
1075 1490 1
1075 1609 1
1075 1611 1
1075 1672 1
1075 1881 1
1075 1885 1
1075 1914 1
1075 1940 1
1075 1967 1
1075 1977 1
1075 1990 1
1076 1103 1
1076 1163 1
1076 1169 1
1076 1227 1
1076 1260 1
1076 1399 1
1076 1458 1
1076 1467 1
1076 1489 1
1076 1507 1
1076 1553 1
1076 1596 1
1076 1673 1
1076 1703 1
1076 1742 1
1076 1797 1
1076 1858 1
1076 1914 1
1076 1924 1
1077 1150 1
1077 1156 1
1077 1179 1
1077 1263 1
1077 1301 1
1077 1336 1
1077 1386 1
1077 1413 1
1077 1430 1
1077 1543 1
1077 1547 1
1077 1560 1
1077 1588 1
1077 1608 1
1077 1613 1
1077 1682 1
1077 1752 1
1077 1764 1
1077 1866 1
1077 1924 1
1077 1963 1
1077 1964 1
1077 1967 1
1077 1980 1
1077 1981 1
1077 1984 1
1078 1116 1
1078 1136 1
1078 1174 1
1078 1194 1
1078 1203 1
1078 1379 1
1078 1398 1
1078 1402 1
1078 1427 1
1078 1451 1
1078 1486 1
1078 1563 1
1078 1601 1
1078 1602 1
1078 1638 1
1078 1682 1
1078 1875 1
1078 1950 1
1078 1963 1
1078 1976 1
1079 1177 1
1079 1221 1
1079 1233 1
1079 1246 1
1079 1379 1
1079 1429 1
1079 1507 1
1079 1565 1
1079 1645 1
1079 1655 1
1079 1663 1
1079 1738 1
1079 1806 1
1079 1824 1
1079 1836 1
1079 1849 1
1079 1872 1
1079 1887 1
1079 1940 1
1079 1985 1
1080 1200 1
1080 1235 1
1080 1395 1
1080 1418 1
1080 1459 1
1080 1485 1
1080 1500 1
1080 1509 1
1080 1547 1
1080 1569 1
1080 1575 1
1080 1582 1
1080 1617 1
1080 1640 1
1080 1641 1
1080 1661 1
1080 1749 1
1080 1763 1
1080 1814 1
1080 1977 1
1080 1993 1
1081 1083 1
1081 1087 1
1081 1160 1
1081 1168 1
1081 1212 1
1081 1217 1
1081 1224 1
1081 1251 1
1081 1327 1
1081 1353 1
1081 1356 1
1081 1361 1
1081 1449 1
1081 1458 1
1081 1459 1
1081 1460 1
1081 1498 1
1081 1516 1
1081 1532 1
1081 1545 1
1081 1553 1
1081 1557 1
1081 1597 1
1081 1621 1
1081 1644 1
1081 1717 1
1081 1746 1
1081 1842 1
1081 1932 1
1082 1100 1
1082 1147 1
1082 1271 1
1082 1305 1
1082 1360 1
1082 1372 1
1082 1420 1
1082 1500 1
1082 1585 1
1082 1668 1
1082 1717 1
1082 1802 1
1082 1930 1
1082 1993 1
1083 1154 1
1083 1254 1
1083 1333 1
1083 1354 1
1083 1357 1
1083 1452 1
1083 1552 1
1083 1555 1
1083 1588 1
1083 1664 1
1083 1805 1
1083 1913 1
1083 1922 1
1084 1100 1
1084 1122 1
1084 1125 1
1084 1143 1
1084 1200 1
1084 1206 1
1084 1237 1
1084 1251 1
1084 1318 1
1084 1320 1
1084 1323 1
1084 1333 1
1084 1340 1
1084 1343 1
1084 1349 1
1084 1370 1
1084 1447 1
1084 1460 1
1084 1484 1
1084 1504 1
1084 1554 1
1084 1574 1
1084 1587 1
1084 1616 1
1084 1683 1
1084 1722 1
1084 1729 1
1084 1748 1
1084 1796 1
1084 1862 1
1084 1913 1
1085 1109 1
1085 1136 1
1085 1157 1
1085 1169 1
1085 1176 1
1085 1196 1
1085 1220 1
1085 1258 1
1085 1324 1
1085 1372 1
1085 1382 1
1085 1446 1
1085 1449 1
1085 1459 1
1085 1509 1
1085 1613 1
1085 1619 1
1085 1621 1
1085 1720 1
1085 1781 1
1085 1802 1
1085 1842 1
1085 1853 1
1085 1866 1
1085 1936 1
1085 1942 1
1085 1961 1
1085 1969 1
1086 1092 1
1086 1112 1
1086 1148 1
1086 1200 1
1086 1207 1
1086 1208 1
1086 1233 1
1086 1368 1
1086 1398 1
1086 1444 1
1086 1479 1
1086 1489 1
1086 1552 1
1086 1668 1
1086 1671 1
1086 1705 1
1086 1707 1
1086 1715 1
1086 1783 1
1086 1800 1
1086 1847 1
1086 1888 1
1086 1890 1
1086 1894 1
1086 1925 1
1087 1235 1
1087 1243 1
1087 1286 1
1087 1305 1
1087 1324 1
1087 1359 1
1087 1420 1
1087 1495 1
1087 1516 1
1087 1567 1
1087 1576 1
1087 1648 1
1087 1723 1
1087 1789 1
1087 1791 1
1087 1806 1
1087 1825 1
1087 1890 1
1087 1893 1
1087 1950 1
1087 1996 1
1088 1144 1
1088 1150 1
1088 1178 1
1088 1181 1
1088 1254 1
1088 1292 1
1088 1334 1
1088 1364 1
1088 1412 1
1088 1482 1
1088 1535 1
1088 1541 1
1088 1574 1
1088 1597 1
1088 1681 1
1088 1682 1
1088 1702 1
1088 1708 1
1088 1729 1
1088 1760 1
1088 1856 1
1088 1889 1
1088 1924 1
1088 1926 1
1088 1946 1
1089 1110 1
1089 1173 1
1089 1206 1
1089 1262 1
1089 1309 1
1089 1315 1
1089 1340 1
1089 1343 1
1089 1427 1
1089 1435 1
1089 1461 1
1089 1483 1
1089 1649 1
1089 1680 1
1089 1682 1
1089 1689 1
1089 1706 1
1089 1740 1
1089 1760 1
1089 1763 1
1089 1776 1
1089 1782 1
1089 1791 1
1089 1869 1
1089 1908 1
1089 1910 1
1089 1986 1
1090 1091 1
1090 1101 1
1090 1155 1
1090 1168 1
1090 1399 1
1090 1410 1
1090 1427 1
1090 1479 1
1090 1497 1
1090 1582 1
1090 1721 1
1090 1739 1
1090 1744 1
1090 1796 1
1090 1811 1
1090 1876 1
1090 1937 1
1090 1963 1
1090 1994 1
1091 1128 1
1091 1180 1
1091 1243 1
1091 1290 1
1091 1311 1
1091 1361 1
1091 1486 1
1091 1526 1
1091 1554 1
1091 1599 1
1091 1673 1
1091 1697 1
1091 1706 1
1091 1711 1
1091 1740 1
1091 1749 1
1091 1780 1
1091 1814 1
1091 1871 1
1091 1889 1
1091 1902 1
1091 1906 1
1091 1917 1
1091 1985 1
1092 1107 1
1092 1128 1
1092 1147 1
1092 1156 1
1092 1205 1
1092 1223 1
1092 1238 1
1092 1252 1
1092 1333 1
1092 1377 1
1092 1401 1
1092 1418 1
1092 1421 1
1092 1522 1
1092 1581 1
1092 1592 1
1092 1678 1
1092 1698 1
1092 1820 1
1092 1881 1
1092 1923 1
1092 1998 1
1093 1100 1
1093 1105 1
1093 1128 1
1093 1175 1
1093 1210 1
1093 1221 1
1093 1282 1
1093 1354 1
1093 1363 1
1093 1408 1
1093 1449 1
1093 1490 1
1093 1496 1
1093 1514 1
1093 1571 1
1093 1611 1
1093 1673 1
1093 1732 1
1093 1783 1
1093 1823 1
1093 1894 1
1093 1925 1
1093 1957 1
1094 1099 1
1094 1178 1
1094 1187 1
1094 1197 1
1094 1220 1
1094 1296 1
1094 1323 1
1094 1366 1
1094 1378 1
1094 1453 1
1094 1593 1
1094 1595 1
1094 1738 1
1094 1741 1
1094 1792 1
1094 1859 1
1094 1884 1
1094 1944 1
1094 1990 1
1095 1155 1
1095 1188 1
1095 1269 1
1095 1290 1
1095 1310 1
1095 1352 1
1095 1404 1
1095 1422 1
1095 1450 1
1095 1531 1
1095 1591 1
1095 1635 1
1095 1646 1
1095 1798 1
1095 1818 1
1095 1825 1
1095 1959 1
1096 1210 1
1096 1234 1
1096 1238 1
1096 1252 1
1096 1368 1
1096 1529 1
1096 1576 1
1096 1610 1
1096 1673 1
1096 1711 1
1096 1715 1
1096 1718 1
1096 1722 1
1096 1924 1
1096 1939 1
1096 1989 1
1097 1154 1
1097 1196 1
1097 1199 1
1097 1224 1
1097 1239 1
1097 1276 1
1097 1278 1
1097 1343 1
1097 1346 1
1097 1407 1
1097 1464 1
1097 1466 1
1097 1570 1
1097 1577 1
1097 1630 1
1097 1699 1
1097 1736 1
1097 1759 1
1097 1775 1
1097 1805 1
1097 1851 1
1097 1907 1
1097 1957 1
1097 1962 1
1097 1974 1
1097 1989 1
1098 1118 1
1098 1147 1
1098 1148 1
1098 1156 1
1098 1173 1
1098 1339 1
1098 1349 1
1098 1365 1
1098 1374 1
1098 1509 1
1098 1532 1
1098 1540 1
1098 1631 1
1098 1722 1
1098 1773 1
1098 1840 1
1098 1856 1
1098 1862 1
1098 1865 1
1098 1939 1
1099 1121 1
1099 1138 1
1099 1140 1
1099 1155 1
1099 1169 1
1099 1170 1
1099 1173 1
1099 1188 1
1099 1273 1
1099 1309 1
1099 1346 1
1099 1422 1
1099 1438 1
1099 1477 1
1099 1684 1
1099 1734 1
1099 1850 1
1099 1861 1
1099 1916 1
1099 1918 1
1099 1927 1
1099 1950 1
1099 1969 1
1100 1107 1
1100 1148 1
1100 1224 1
1100 1226 1
1100 1262 1
1100 1335 1
1100 1340 1
1100 1387 1
1100 1391 1
1100 1464 1
1100 1476 1
1100 1560 1
1100 1567 1
1100 1580 1
1100 1627 1
1100 1631 1
1100 1636 1
1100 1646 1
1100 1656 1
1100 1675 1
1100 1682 1
1100 1687 1
1100 1739 1
1100 1785 1
1100 1862 1
1100 1866 1
1101 1118 1
1101 1254 1
1101 1323 1
1101 1370 1
1101 1383 1
1101 1456 1
1101 1468 1
1101 1522 1
1101 1602 1
1101 1688 1
1101 1709 1
1101 1726 1
1101 1729 1
1101 1765 1
1101 1781 1
1101 1783 1
1101 1835 1
1101 1881 1
1101 1914 1
1101 1921 1
1101 1950 1
1101 1951 1
1102 1165 1
1102 1202 1
1102 1341 1
1102 1407 1
1102 1417 1
1102 1489 1
1102 1529 1
1102 1532 1
1102 1554 1
1102 1570 1
1102 1583 1
1102 1600 1
1102 1718 1
1102 1720 1
1102 1784 1
1102 1807 1
1102 1851 1
1102 1950 1
1102 1976 1
1102 1986 1
1103 1171 1
1103 1180 1
1103 1194 1
1103 1254 1
1103 1288 1
1103 1291 1
1103 1371 1
1103 1408 1
1103 1441 1
1103 1459 1
1103 1514 1
1103 1520 1
1103 1536 1
1103 1558 1
1103 1596 1
1103 1620 1
1103 1737 1
1103 1739 1
1103 1933 1
1103 1952 1
1104 1137 1
1104 1153 1
1104 1216 1
1104 1279 1
1104 1362 1
1104 1368 1
1104 1399 1
1104 1404 1
1104 1467 1
1104 1498 1
1104 1519 1
1104 1552 1
1104 1694 1
1104 1718 1
1104 1726 1
1104 1814 1
1104 1898 1
1104 1952 1
1105 1155 1
1105 1230 1
1105 1236 1
1105 1271 1
1105 1317 1
1105 1328 1
1105 1388 1
1105 1478 1
1105 1500 1
1105 1532 1
1105 1539 1
1105 1605 1
1105 1680 1
1105 1733 1
1105 1742 1
1105 1756 1
1105 1773 1
1105 1794 1
1105 1935 1
1105 1996 1
1106 1108 1
1106 1118 1
1106 1153 1
1106 1172 1
1106 1206 1
1106 1213 1
1106 1247 1
1106 1278 1
1106 1329 1
1106 1348 1
1106 1353 1
1106 1428 1
1106 1430 1
1106 1483 1
1106 1484 1
1106 1511 1
1106 1520 1
1106 1592 1
1106 1704 1
1106 1722 1
1106 1727 1
1106 1897 1
1106 1901 1
1106 1902 1
1106 1952 1
1106 1994 1
1107 1114 1
1107 1183 1
1107 1235 1
1107 1377 1
1107 1393 1
1107 1431 1
1107 1441 1
1107 1455 1
1107 1610 1
1107 1666 1
1107 1727 1
1107 1747 1
1107 1762 1
1107 1806 1
1107 1813 1
1107 1816 1
1107 1891 1
1107 1905 1
1107 1914 1
1107 1998 1
1108 1163 1
1108 1200 1
1108 1216 1
1108 1356 1
1108 1466 1
1108 1507 1
1108 1563 1
1108 1566 1
1108 1665 1
1108 1734 1
1108 1749 1
1108 1758 1
1108 1784 1
1108 1832 1
1109 1123 1
1109 1191 1
1109 1227 1
1109 1365 1
1109 1402 1
1109 1415 1
1109 1458 1
1109 1508 1
1109 1531 1
1109 1600 1
1109 1626 1
1109 1669 1
1109 1744 1
1109 1749 1
1109 1824 1
1109 1841 1
1109 1845 1
1109 1871 1
1109 1876 1
1109 1956 1
1110 1163 1
1110 1164 1
1110 1179 1
1110 1189 1
1110 1217 1
1110 1233 1
1110 1305 1
1110 1351 1
1110 1428 1
1110 1454 1
1110 1461 1
1110 1542 1
1110 1563 1
1110 1589 1
1110 1612 1
1110 1687 1
1110 1842 1
1110 1853 1
1110 1860 1
1110 1890 1
1110 1912 1
1110 1992 1
1111 1177 1
1111 1189 1
1111 1240 1
1111 1277 1
1111 1490 1
1111 1531 1
1111 1555 1
1111 1562 1
1111 1686 1
1111 1718 1
1111 1722 1
1111 1738 1
1111 1751 1
1111 1805 1
1111 1845 1
1111 1870 1
1111 1883 1
1111 1894 1
1111 1927 1
1111 1929 1
1112 1362 1
1112 1482 1
1112 1547 1
1112 1607 1
1112 1652 1
1112 1712 1
1112 1853 1
1112 1897 1
1112 1948 1
1113 1186 1
1113 1191 1
1113 1221 1
1113 1232 1
1113 1238 1
1113 1317 1
1113 1334 1
1113 1410 1
1113 1449 1
1113 1474 1
1113 1499 1
1113 1517 1
1113 1523 1
1113 1527 1
1113 1540 1
1113 1659 1
1113 1669 1
1113 1670 1
1113 1691 1
1113 1731 1
1113 1812 1
1113 1893 1
1113 1964 1
1113 1991 1
1114 1251 1
1114 1365 1
1114 1397 1
1114 1401 1
1114 1422 1
1114 1499 1
1114 1520 1
1114 1568 1
1114 1637 1
1114 1712 1
1114 1742 1
1114 1744 1
1114 1802 1
1114 1842 1
1114 1862 1
1114 1867 1
1114 1913 1
1114 1978 1
1115 1181 1
1115 1189 1
1115 1278 1
1115 1384 1
1115 1429 1
1115 1435 1
1115 1487 1
1115 1524 1
1115 1584 1
1115 1636 1
1115 1725 1
1115 1728 1
1115 1750 1
1115 1764 1
1115 1766 1
1115 1854 1
1115 1898 1
1116 1174 1
1116 1195 1
1116 1219 1
1116 1227 1
1116 1260 1
1116 1280 1
1116 1292 1
1116 1383 1
1116 1389 1
1116 1444 1
1116 1502 1
1116 1516 1
1116 1552 1
1116 1599 1
1116 1693 1
1116 1695 1
1116 1845 1
1116 1861 1
1116 1884 1
1116 1915 1
1116 1972 1
1116 1980 1
1117 1204 1
1117 1230 1
1117 1303 1
1117 1340 1
1117 1354 1
1117 1363 1
1117 1379 1
1117 1444 1
1117 1476 1
1117 1527 1
1117 1601 1
1117 1622 1
1117 1649 1
1117 1671 1
1117 1684 1
1117 1742 1
1117 1754 1
1117 1770 1
1117 1783 1
1117 1799 1
1117 1818 1
1117 1820 1
1117 1828 1
1117 1833 1
1117 1840 1
1117 1847 1
1117 1848 1
1117 1900 1
1117 1917 1
1117 1921 1
1117 1962 1
1117 1975 1
1118 1181 1
1118 1208 1
1118 1210 1
1118 1254 1
1118 1315 1
1118 1344 1
1118 1383 1
1118 1386 1
1118 1453 1
1118 1526 1
1118 1585 1
1118 1590 1
1118 1591 1
1118 1636 1
1118 1638 1
1118 1683 1
1118 1693 1
1118 1699 1
1118 1731 1
1118 1768 1
1118 1794 1
1118 1828 1
1118 1867 1
1118 1912 1
1118 1926 1
1118 1989 1
1118 1990 1
1119 1150 1
1119 1237 1
1119 1270 1
1119 1313 1
1119 1375 1
1119 1392 1
1119 1393 1
1119 1396 1
1119 1420 1
1119 1431 1
1119 1439 1
1119 1468 1
1119 1512 1
1119 1526 1
1119 1529 1
1119 1536 1
1119 1546 1
1119 1576 1
1119 1648 1
1119 1697 1
1119 1724 1
1119 1754 1
1119 1765 1
1119 1786 1
1119 1800 1
1119 1815 1
1119 1875 1
1119 1918 1
1120 1122 1
1120 1127 1
1120 1129 1
1120 1222 1
1120 1232 1
1120 1316 1
1120 1348 1
1120 1356 1
1120 1363 1
1120 1406 1
1120 1411 1
1120 1413 1
1120 1480 1
1120 1499 1
1120 1501 1
1120 1508 1
1120 1753 1
1120 1926 1
1121 1259 1
1121 1262 1
1121 1265 1
1121 1269 1
1121 1274 1
1121 1319 1
1121 1346 1
1121 1436 1
1121 1472 1
1121 1479 1
1121 1498 1
1121 1643 1
1121 1667 1
1121 1694 1
1121 1743 1
1121 1748 1
1121 1756 1
1121 1764 1
1121 1795 1
1121 1861 1
1121 1937 1
1121 1956 1
1121 1986 1
1121 1993 1
1122 1165 1
1122 1222 1
1122 1329 1
1122 1335 1
1122 1345 1
1122 1372 1
1122 1407 1
1122 1430 1
1122 1457 1
1122 1494 1
1122 1603 1
1122 1662 1
1122 1677 1
1122 1725 1
1122 1820 1
1122 1854 1
1122 1879 1
1122 1914 1
1122 1962 1
1123 1127 1
1123 1192 1
1123 1195 1
1123 1212 1
1123 1217 1
1123 1289 1
1123 1366 1
1123 1600 1
1123 1613 1
1123 1679 1
1123 1693 1
1123 1710 1
1123 1713 1
1123 1715 1
1123 1719 1
1123 1729 1
1123 1745 1
1123 1793 1
1123 1835 1
1123 1865 1
1123 1882 1
1123 1883 1
1123 1927 1
1123 1935 1
1123 1947 1
1123 1948 1
1123 1989 1
1124 1170 1
1124 1233 1
1124 1265 1
1124 1324 1
1124 1359 1
1124 1382 1
1124 1448 1
1124 1462 1
1124 1491 1
1124 1513 1
1124 1697 1
1124 1728 1
1124 1735 1
1124 1743 1
1124 1787 1
1124 1932 1
1124 1947 1
1124 1974 1
1125 1178 1
1125 1204 1
1125 1252 1
1125 1307 1
1125 1354 1
1125 1355 1
1125 1358 1
1125 1378 1
1125 1384 1
1125 1414 1
1125 1430 1
1125 1475 1
1125 1512 1
1125 1524 1
1125 1639 1
1125 1870 1
1126 1151 1
1126 1181 1
1126 1206 1
1126 1258 1
1126 1304 1
1126 1355 1
1126 1373 1
1126 1415 1
1126 1446 1
1126 1447 1
1126 1449 1
1126 1476 1
1126 1518 1
1126 1553 1
1126 1556 1
1126 1566 1
1126 1575 1
1126 1617 1
1126 1619 1
1126 1716 1
1126 1757 1
1126 1762 1
1126 1819 1
1126 1838 1
1126 1886 1
1126 1894 1
1126 1929 1
1126 1945 1
1126 1973 1
1126 1975 1
1127 1158 1
1127 1182 1
1127 1190 1
1127 1252 1
1127 1276 1
1127 1278 1
1127 1285 1
1127 1433 1
1127 1463 1
1127 1467 1
1127 1538 1
1127 1551 1
1127 1598 1
1127 1696 1
1127 1720 1
1127 1787 1
1127 1793 1
1127 1835 1
1127 1874 1
1127 1937 1
1127 1946 1
1127 1963 1
1128 1173 1
1128 1187 1
1128 1264 1
1128 1334 1
1128 1386 1
1128 1387 1
1128 1418 1
1128 1442 1
1128 1481 1
1128 1542 1
1128 1595 1
1128 1623 1
1128 1649 1
1128 1670 1
1128 1671 1
1128 1703 1
1128 1736 1
1128 1738 1
1128 1741 1
1128 1757 1
1128 1772 1
1128 1837 1
1128 1901 1
1128 1926 1
1128 1988 1
1129 1137 1
1129 1204 1
1129 1243 1
1129 1292 1
1129 1296 1
1129 1403 1
1129 1485 1
1129 1523 1
1129 1535 1
1129 1626 1
1129 1718 1
1129 1763 1
1129 1776 1
1129 1855 1
1129 1873 1
1129 1880 1
1129 1914 1
1130 1175 1
1130 1196 1
1130 1238 1
1130 1244 1
1130 1248 1
1130 1256 1
1130 1266 1
1130 1336 1
1130 1352 1
1130 1363 1
1130 1376 1
1130 1381 1
1130 1382 1
1130 1466 1
1130 1469 1
1130 1524 1
1130 1525 1
1130 1534 1
1130 1600 1
1130 1613 1
1130 1629 1
1130 1633 1
1130 1715 1
1130 1753 1
1130 1763 1
1130 1835 1
1130 1880 1
1130 1941 1
1130 1953 1
1131 1188 1
1131 1398 1
1131 1402 1
1131 1462 1
1131 1481 1
1131 1529 1
1131 1706 1
1131 1712 1
1131 1723 1
1131 1768 1
1131 1937 1
1131 1943 1
1131 1945 1
1131 1948 1
1131 1958 1
1132 1173 1
1132 1188 1
1132 1269 1
1132 1291 1
1132 1300 1
1132 1310 1
1132 1367 1
1132 1402 1
1132 1411 1
1132 1435 1
1132 1437 1
1132 1453 1
1132 1454 1
1132 1492 1
1132 1558 1
1132 1600 1
1132 1616 1
1132 1719 1
1132 1807 1
1132 1858 1
1132 1888 1
1132 1945 1
1133 1164 1
1133 1200 1
1133 1204 1
1133 1308 1
1133 1351 1
1133 1355 1
1133 1367 1
1133 1383 1
1133 1418 1
1133 1435 1
1133 1456 1
1133 1511 1
1133 1545 1
1133 1590 1
1133 1763 1
1133 1769 1
1133 1798 1
1133 1879 1
1133 1911 1
1133 1923 1
1133 1952 1
1133 1972 1
1134 1200 1
1134 1322 1
1134 1479 1
1134 1556 1
1134 1565 1
1134 1615 1
1134 1617 1
1134 1622 1
1134 1700 1
1134 1777 1
1134 1784 1
1134 1820 1
1134 1823 1
1134 1847 1
1134 1888 1
1134 1923 1
1134 1961 1
1134 1999 1
1135 1142 1
1135 1234 1
1135 1300 1
1135 1417 1
1135 1441 1
1135 1468 1
1135 1525 1
1135 1578 1
1135 1591 1
1135 1719 1
1135 1740 1
1135 1748 1
1135 1821 1
1135 1928 1
1135 1935 1
1135 1938 1
1135 1990 1
1136 1172 1
1136 1179 1
1136 1231 1
1136 1265 1
1136 1272 1
1136 1308 1
1136 1479 1
1136 1577 1
1136 1862 1
1136 1887 1
1136 1888 1
1136 1899 1
1136 1910 1
1136 1925 1
1136 1927 1
1137 1200 1
1137 1204 1
1137 1226 1
1137 1239 1
1137 1311 1
1137 1327 1
1137 1336 1
1137 1403 1
1137 1440 1
1137 1500 1
1137 1522 1
1137 1562 1
1137 1589 1
1137 1591 1
1137 1599 1
1137 1622 1
1137 1642 1
1137 1717 1
1137 1764 1
1137 1903 1
1137 1937 1
1137 1992 1
1138 1144 1
1138 1258 1
1138 1321 1
1138 1370 1
1138 1521 1
1138 1559 1
1138 1560 1
1138 1563 1
1138 1568 1
1138 1612 1
1138 1638 1
1138 1648 1
1138 1684 1
1138 1720 1
1138 1745 1
1138 1790 1
1138 1792 1
1138 1793 1
1138 1806 1
1138 1954 1
1138 1976 1
1138 1981 1
1139 1287 1
1139 1296 1
1139 1346 1
1139 1504 1
1139 1526 1
1139 1573 1
1139 1577 1
1139 1579 1
1139 1603 1
1139 1652 1
1139 1675 1
1139 1710 1
1139 1730 1
1139 1777 1
1139 1823 1
1139 1830 1
1139 1850 1
1139 1951 1
1140 1146 1
1140 1150 1
1140 1163 1
1140 1184 1
1140 1212 1
1140 1232 1
1140 1282 1
1140 1401 1
1140 1489 1
1140 1535 1
1140 1558 1
1140 1578 1
1140 1625 1
1140 1627 1
1140 1711 1
1140 1754 1
1140 1755 1
1140 1780 1
1140 1808 1
1140 1816 1
1140 1826 1
1140 1828 1
1140 1829 1
1140 1832 1
1140 1855 1
1140 1954 1
1140 1975 1
1140 1987 1
1141 1163 1
1141 1188 1
1141 1208 1
1141 1289 1
1141 1313 1
1141 1337 1
1141 1350 1
1141 1410 1
1141 1414 1
1141 1477 1
1141 1479 1
1141 1587 1
1141 1624 1
1141 1630 1
1141 1654 1
1141 1671 1
1141 1679 1
1141 1753 1
1141 1779 1
1141 1788 1
1141 1799 1
1141 1817 1
1141 1841 1
1141 1866 1
1141 1938 1
1141 1944 1
1141 1961 1
1142 1148 1
1142 1205 1
1142 1208 1
1142 1289 1
1142 1340 1
1142 1382 1
1142 1401 1
1142 1428 1
1142 1463 1
1142 1496 1
1142 1529 1
1142 1542 1
1142 1590 1
1142 1628 1
1142 1630 1
1142 1663 1
1142 1679 1
1142 1771 1
1142 1787 1
1142 1812 1
1142 1817 1
1142 1967 1
1143 1268 1
1143 1300 1
1143 1310 1
1143 1311 1
1143 1373 1
1143 1389 1
1143 1490 1
1143 1493 1
1143 1619 1
1143 1626 1
1143 1651 1
1143 1681 1
1143 1762 1
1143 1780 1
1143 1839 1
1143 1845 1
1144 1207 1
1144 1232 1
1144 1345 1
1144 1487 1
1144 1491 1
1144 1617 1
1144 1618 1
1144 1642 1
1144 1690 1
1144 1753 1
1144 1819 1
1144 1839 1
1144 1840 1
1144 1848 1
1144 1888 1
1144 1931 1
1144 1952 1
1144 1977 1
1145 1154 1
1145 1210 1
1145 1230 1
1145 1248 1
1145 1300 1
1145 1306 1
1145 1308 1
1145 1326 1
1145 1373 1
1145 1432 1
1145 1437 1
1145 1441 1
1145 1484 1
1145 1486 1
1145 1505 1
1145 1581 1
1145 1590 1
1145 1602 1
1145 1654 1
1145 1675 1
1145 1683 1
1145 1694 1
1145 1705 1
1145 1785 1
1145 1789 1
1145 1843 1
1145 1869 1
1145 1892 1
1145 1925 1
1146 1149 1
1146 1205 1
1146 1211 1
1146 1216 1
1146 1252 1
1146 1350 1
1146 1428 1
1146 1491 1
1146 1506 1
1146 1544 1
1146 1620 1
1146 1625 1
1146 1628 1
1146 1678 1
1146 1752 1
1146 1784 1
1146 1840 1
1146 1860 1
1146 1888 1
1146 1898 1
1146 1954 1
1146 1955 1
1146 1974 1
1146 1992 1
1147 1150 1
1147 1270 1
1147 1272 1
1147 1415 1
1147 1420 1
1147 1452 1
1147 1500 1
1147 1538 1
1147 1576 1
1147 1594 1
1147 1632 1
1147 1728 1
1147 1735 1
1147 1755 1
1147 1766 1
1147 1779 1
1147 1785 1
1147 1794 1
1147 1864 1
1147 1908 1
1147 1928 1
1147 1980 1
1148 1180 1
1148 1189 1
1148 1193 1
1148 1230 1
1148 1256 1
1148 1343 1
1148 1441 1
1148 1490 1
1148 1539 1
1148 1578 1
1148 1621 1
1148 1624 1
1148 1663 1
1148 1674 1
1148 1691 1
1148 1774 1
1148 1846 1
1148 1875 1
1148 1921 1
1148 1976 1
1149 1272 1
1149 1304 1
1149 1311 1
1149 1361 1
1149 1431 1
1149 1454 1
1149 1469 1
1149 1479 1
1149 1487 1
1149 1535 1
1149 1722 1
1149 1774 1
1149 1787 1
1149 1816 1
1149 1830 1
1149 1863 1
1149 1884 1
1149 1915 1
1149 1941 1
1149 1999 1
1150 1169 1
1150 1174 1
1150 1207 1
1150 1211 1
1150 1232 1
1150 1250 1
1150 1309 1
1150 1324 1
1150 1412 1
1150 1437 1
1150 1591 1
1150 1707 1
1150 1882 1
1150 1889 1
1150 1899 1
1150 1954 1
1150 1969 1
1150 1975 1
1150 1988 1
1151 1215 1
1151 1222 1
1151 1308 1
1151 1327 1
1151 1330 1
1151 1332 1
1151 1385 1
1151 1387 1
1151 1390 1
1151 1427 1
1151 1429 1
1151 1449 1
1151 1456 1
1151 1515 1
1151 1541 1
1151 1554 1
1151 1608 1
1151 1621 1
1151 1622 1
1151 1664 1
1151 1668 1
1151 1670 1
1151 1671 1
1151 1726 1
1151 1773 1
1151 1851 1
1151 1930 1
1151 1952 1
1151 1953 1
1152 1180 1
1152 1282 1
1152 1285 1
1152 1326 1
1152 1363 1
1152 1375 1
1152 1404 1
1152 1478 1
1152 1503 1
1152 1507 1
1152 1543 1
1152 1566 1
1152 1575 1
1152 1599 1
1152 1618 1
1152 1694 1
1152 1717 1
1152 1731 1
1152 1783 1
1152 1846 1
1152 1851 1
1152 1864 1
1152 1880 1
1152 1906 1
1152 1914 1
1152 1927 1
1152 1976 1
1152 1993 1
1153 1256 1
1153 1274 1
1153 1282 1
1153 1359 1
1153 1428 1
1153 1490 1
1153 1683 1
1153 1724 1
1153 1780 1
1153 1815 1
1153 1834 1
1153 1901 1
1153 1990 1
1154 1170 1
1154 1194 1
1154 1225 1
1154 1261 1
1154 1298 1
1154 1314 1
1154 1322 1
1154 1356 1
1154 1417 1
1154 1434 1
1154 1445 1
1154 1471 1
1154 1487 1
1154 1497 1
1154 1500 1
1154 1502 1
1154 1529 1
1154 1565 1
1154 1576 1
1154 1666 1
1154 1683 1
1154 1792 1
1154 1803 1
1154 1805 1
1154 1862 1
1154 1907 1
1154 1933 1
1154 1981 1
1155 1234 1
1155 1246 1
1155 1419 1
1155 1532 1
1155 1587 1
1155 1632 1
1155 1638 1
1155 1676 1
1155 1726 1
1155 1750 1
1155 1751 1
1155 1755 1
1155 1766 1
1155 1834 1
1155 1842 1
1155 1877 1
1155 1928 1
1155 1994 1
1156 1212 1
1156 1216 1
1156 1257 1
1156 1293 1
1156 1302 1
1156 1406 1
1156 1435 1
1156 1457 1
1156 1498 1
1156 1534 1
1156 1551 1
1156 1589 1
1156 1730 1
1156 1736 1
1156 1817 1
1156 1820 1
1156 1851 1
1156 1856 1
1156 1881 1
1156 1949 1
1156 1966 1
1156 1977 1
1157 1179 1
1157 1180 1
1157 1306 1
1157 1319 1
1157 1346 1
1157 1362 1
1157 1388 1
1157 1436 1
1157 1676 1
1157 1719 1
1157 1723 1
1157 1754 1
1157 1794 1
1157 1822 1
1157 1918 1
1158 1170 1
1158 1205 1
1158 1228 1
1158 1236 1
1158 1364 1
1158 1403 1
1158 1419 1
1158 1457 1
1158 1478 1
1158 1487 1
1158 1492 1
1158 1497 1
1158 1534 1
1158 1540 1
1158 1584 1
1158 1605 1
1158 1630 1
1158 1635 1
1158 1694 1
1158 1837 1
1158 1845 1
1158 1856 1
1158 1875 1
1158 1931 1
1158 1966 1
1159 1220 1
1159 1298 1
1159 1304 1
1159 1392 1
1159 1444 1
1159 1556 1
1159 1581 1
1159 1588 1
1159 1624 1
1159 1632 1
1159 1708 1
1159 1738 1
1159 1837 1
1159 1854 1
1159 1888 1
1159 1894 1
1159 1910 1
1159 1984 1
1159 1999 1
1160 1161 1
1160 1193 1
1160 1236 1
1160 1241 1
1160 1250 1
1160 1286 1
1160 1290 1
1160 1334 1
1160 1363 1
1160 1384 1
1160 1390 1
1160 1430 1
1160 1504 1
1160 1517 1
1160 1600 1
1160 1638 1
1160 1660 1
1160 1696 1
1160 1711 1
1160 1791 1
1160 1811 1
1160 1820 1
1160 1856 1
1160 1903 1
1160 1915 1
1160 1939 1
1160 1988 1
1161 1220 1
1161 1314 1
1161 1316 1
1161 1339 1
1161 1359 1
1161 1369 1
1161 1383 1
1161 1391 1
1161 1398 1
1161 1413 1
1161 1459 1
1161 1479 1
1161 1506 1
1161 1516 1
1161 1529 1
1161 1551 1
1161 1721 1
1161 1754 1
1161 1760 1
1161 1818 1
1161 1828 1
1161 1849 1
1161 1863 1
1161 1896 1
1161 1976 1
1162 1170 1
1162 1311 1
1162 1384 1
1162 1385 1
1162 1395 1
1162 1428 1
1162 1489 1
1162 1497 1
1162 1531 1
1162 1562 1
1162 1609 1
1162 1618 1
1162 1647 1
1162 1708 1
1162 1711 1
1162 1716 1
1162 1792 1
1162 1826 1
1162 1853 1
1162 1869 1
1162 1950 1
1163 1171 1
1163 1197 1
1163 1263 1
1163 1274 1
1163 1394 1
1163 1478 1
1163 1482 1
1163 1507 1
1163 1518 1
1163 1536 1
1163 1620 1
1163 1673 1
1163 1737 1
1163 1764 1
1163 1775 1
1163 1825 1
1163 1829 1
1163 1868 1
1163 1878 1
1163 1903 1
1163 1965 1
1163 1972 1
1164 1189 1
1164 1237 1
1164 1263 1
1164 1358 1
1164 1362 1
1164 1384 1
1164 1427 1
1164 1531 1
1164 1583 1
1164 1647 1
1164 1658 1
1164 1664 1
1164 1689 1
1164 1765 1
1164 1822 1
1164 1889 1
1164 1903 1
1164 1928 1
1164 1949 1
1164 1964 1
1165 1187 1
1165 1198 1
1165 1272 1
1165 1295 1
1165 1359 1
1165 1362 1
1165 1385 1
1165 1401 1
1165 1491 1
1165 1531 1
1165 1532 1
1165 1631 1
1165 1687 1
1165 1749 1
1165 1755 1
1165 1766 1
1165 1817 1
1165 1825 1
1165 1892 1
1165 1918 1
1166 1200 1
1166 1223 1
1166 1227 1
1166 1261 1
1166 1299 1
1166 1367 1
1166 1400 1
1166 1413 1
1166 1508 1
1166 1556 1
1166 1567 1
1166 1603 1
1166 1650 1
1166 1663 1
1166 1744 1
1166 1820 1
1166 1837 1
1166 1838 1
1166 1860 1
1166 1942 1
1166 1943 1
1166 1963 1
1166 1965 1
1166 1999 1
1167 1171 1
1167 1176 1
1167 1201 1
1167 1265 1
1167 1311 1
1167 1317 1
1167 1327 1
1167 1335 1
1167 1345 1
1167 1369 1
1167 1383 1
1167 1415 1
1167 1431 1
1167 1466 1
1167 1510 1
1167 1513 1
1167 1532 1
1167 1593 1
1167 1757 1
1167 1784 1
1167 1844 1
1167 1942 1
1167 1949 1
1167 1966 1
1168 1227 1
1168 1240 1
1168 1288 1
1168 1296 1
1168 1361 1
1168 1389 1
1168 1418 1
1168 1425 1
1168 1433 1
1168 1606 1
1168 1673 1
1168 1709 1
1168 1750 1
1168 1755 1
1168 1797 1
1168 1804 1
1168 1876 1
1168 1905 1
1168 1920 1
1168 1977 1
1169 1187 1
1169 1191 1
1169 1205 1
1169 1219 1
1169 1226 1
1169 1228 1
1169 1234 1
1169 1323 1
1169 1328 1
1169 1338 1
1169 1350 1
1169 1378 1
1169 1397 1
1169 1398 1
1169 1446 1
1169 1526 1
1169 1549 1
1169 1640 1
1169 1773 1
1169 1786 1
1169 1804 1
1169 1806 1
1169 1849 1
1169 1869 1
1169 1927 1
1169 1955 1
1169 1968 1
1170 1194 1
1170 1215 1
1170 1403 1
1170 1430 1
1170 1431 1
1170 1468 1
1170 1524 1
1170 1625 1
1170 1666 1
1170 1675 1
1170 1677 1
1170 1696 1
1170 1713 1
1170 1776 1
1170 1783 1
1171 1231 1
1171 1249 1
1171 1273 1
1171 1304 1
1171 1319 1
1171 1324 1
1171 1410 1
1171 1475 1
1171 1512 1
1171 1520 1
1171 1623 1
1171 1640 1
1171 1756 1
1171 1828 1
1171 1847 1
1171 1852 1
1171 1866 1
1171 1893 1
1171 1909 1
1171 1945 1
1171 1965 1
1171 1979 1
1171 1994 1
1172 1176 1
1172 1237 1
1172 1309 1
1172 1445 1
1172 1467 1
1172 1554 1
1172 1571 1
1172 1586 1
1172 1640 1
1172 1664 1
1172 1693 1
1172 1796 1
1172 1865 1
1172 1904 1
1172 1979 1
1172 1982 1
1173 1174 1
1173 1186 1
1173 1233 1
1173 1272 1
1173 1278 1
1173 1359 1
1173 1381 1
1173 1490 1
1173 1526 1
1173 1595 1
1173 1596 1
1173 1714 1
1173 1747 1
1173 1781 1
1173 1804 1
1173 1805 1
1173 1837 1
1173 1855 1
1173 1882 1
1173 1964 1
1173 1997 1
1174 1188 1
1174 1197 1
1174 1230 1
1174 1274 1
1174 1290 1
1174 1291 1
1174 1296 1
1174 1302 1
1174 1306 1
1174 1400 1
1174 1510 1
1174 1519 1
1174 1564 1
1174 1579 1
1174 1605 1
1174 1633 1
1174 1645 1
1174 1675 1
1174 1727 1
1174 1795 1
1174 1796 1
1174 1847 1
1174 1874 1
1174 1908 1
1174 1984 1
1175 1180 1
1175 1226 1
1175 1288 1
1175 1352 1
1175 1354 1
1175 1366 1
1175 1428 1
1175 1434 1
1175 1448 1
1175 1484 1
1175 1541 1
1175 1595 1
1175 1654 1
1175 1693 1
1175 1707 1
1175 1728 1
1175 1749 1
1175 1809 1
1175 1856 1
1175 1878 1
1175 1917 1
1175 1938 1
1175 1973 1
1175 1975 1
1176 1208 1
1176 1401 1
1176 1424 1
1176 1425 1
1176 1437 1
1176 1451 1
1176 1452 1
1176 1583 1
1176 1591 1
1176 1595 1
1176 1608 1
1176 1667 1
1176 1716 1
1176 1717 1
1176 1723 1
1176 1775 1
1176 1781 1
1176 1895 1
1176 1896 1
1176 1905 1
1176 1940 1
1176 1997 1
1176 1998 1
1177 1211 1
1177 1252 1
1177 1253 1
1177 1258 1
1177 1271 1
1177 1278 1
1177 1288 1
1177 1448 1
1177 1463 1
1177 1469 1
1177 1479 1
1177 1497 1
1177 1547 1
1177 1563 1
1177 1566 1
1177 1601 1
1177 1613 1
1177 1618 1
1177 1633 1
1177 1636 1
1177 1650 1
1177 1790 1
1177 1819 1
1177 1863 1
1177 1890 1
1177 1909 1
1178 1230 1
1178 1292 1
1178 1329 1
1178 1346 1
1178 1371 1
1178 1373 1
1178 1384 1
1178 1407 1
1178 1429 1
1178 1498 1
1178 1537 1
1178 1577 1
1178 1606 1
1178 1675 1
1178 1733 1
1178 1756 1
1178 1850 1
1178 1898 1
1178 1946 1
1179 1275 1
1179 1339 1
1179 1380 1
1179 1508 1
1179 1573 1
1179 1673 1
1179 1688 1
1179 1702 1
1179 1754 1
1179 1871 1
1179 1886 1
1179 1905 1
1179 1957 1
1179 1978 1
1179 1996 1
1180 1234 1
1180 1282 1
1180 1341 1
1180 1423 1
1180 1490 1
1180 1557 1
1180 1580 1
1180 1648 1
1180 1669 1
1180 1681 1
1180 1754 1
1180 1771 1
1180 1849 1
1180 1868 1
1180 1917 1
1180 1942 1
1180 1979 1
1181 1226 1
1181 1305 1
1181 1324 1
1181 1352 1
1181 1449 1
1181 1452 1
1181 1490 1
1181 1502 1
1181 1505 1
1181 1556 1
1181 1565 1
1181 1613 1
1181 1620 1
1181 1622 1
1181 1626 1
1181 1634 1
1181 1676 1
1181 1725 1
1181 1727 1
1181 1732 1
1181 1738 1
1181 1786 1
1181 1841 1
1181 1849 1
1181 1884 1
1181 1890 1
1181 1950 1
1182 1196 1
1182 1248 1
1182 1254 1
1182 1259 1
1182 1321 1
1182 1322 1
1182 1358 1
1182 1376 1
1182 1458 1
1182 1470 1
1182 1570 1
1182 1604 1
1182 1845 1
1182 1938 1
1182 1953 1
1182 1979 1
1183 1292 1
1183 1351 1
1183 1468 1
1183 1558 1
1183 1607 1
1183 1646 1
1183 1796 1
1183 1807 1
1183 1847 1
1183 1865 1
1183 1910 1
1183 1988 1
1184 1301 1
1184 1400 1
1184 1558 1
1184 1586 1
1184 1662 1
1184 1681 1
1184 1710 1
1184 1714 1
1184 1723 1
1184 1793 1
1184 1823 1
1184 1829 1
1184 1863 1
1184 1869 1
1184 1911 1
1185 1206 1
1185 1207 1
1185 1217 1
1185 1258 1
1185 1387 1
1185 1389 1
1185 1460 1
1185 1498 1
1185 1507 1
1185 1511 1
1185 1535 1
1185 1549 1
1185 1597 1
1185 1622 1
1185 1638 1
1185 1669 1
1185 1695 1
1185 1735 1
1185 1788 1
1185 1803 1
1186 1205 1
1186 1328 1
1186 1339 1
1186 1364 1
1186 1385 1
1186 1399 1
1186 1449 1
1186 1533 1
1186 1577 1
1186 1726 1
1186 1767 1
1186 1791 1
1186 1844 1
1186 1848 1
1186 1982 1
1187 1319 1
1187 1417 1
1187 1463 1
1187 1521 1
1187 1524 1
1187 1532 1
1187 1557 1
1187 1576 1
1187 1577 1
1187 1690 1
1187 1719 1
1187 1772 1
1187 1817 1
1187 1989 1
1188 1232 1
1188 1299 1
1188 1329 1
1188 1378 1
1188 1380 1
1188 1405 1
1188 1406 1
1188 1472 1
1188 1615 1
1188 1667 1
1188 1777 1
1188 1836 1
1188 1851 1
1188 1907 1
1188 1957 1
1188 1972 1
1188 1995 1
1189 1289 1
1189 1319 1
1189 1334 1
1189 1337 1
1189 1364 1
1189 1367 1
1189 1370 1
1189 1387 1
1189 1399 1
1189 1428 1
1189 1437 1
1189 1441 1
1189 1701 1
1189 1721 1
1189 1808 1
1189 1842 1
1189 1872 1
1189 1890 1
1189 1982 1
1190 1211 1
1190 1224 1
1190 1232 1
1190 1273 1
1190 1340 1
1190 1351 1
1190 1418 1
1190 1422 1
1190 1425 1
1190 1445 1
1190 1500 1
1190 1510 1
1190 1539 1
1190 1559 1
1190 1609 1
1190 1634 1
1190 1651 1
1190 1769 1
1190 1796 1
1190 1828 1
1190 1847 1
1190 1851 1
1190 1906 1
1191 1245 1
1191 1269 1
1191 1281 1
1191 1306 1
1191 1326 1
1191 1338 1
1191 1392 1
1191 1406 1
1191 1419 1
1191 1498 1
1191 1499 1
1191 1515 1
1191 1532 1
1191 1694 1
1191 1754 1
1191 1767 1
1191 1790 1
1191 1798 1
1191 1820 1
1191 1875 1
1191 1889 1
1191 1898 1
1191 1919 1
1191 1972 1
1191 1999 1
1192 1226 1
1192 1302 1
1192 1325 1
1192 1382 1
1192 1421 1
1192 1509 1
1192 1685 1
1192 1752 1
1192 1803 1
1192 1824 1
1192 1852 1
1192 1872 1
1192 1877 1
1192 1917 1
1192 1949 1
1192 1965 1
1193 1198 1
1193 1202 1
1193 1214 1
1193 1231 1
1193 1362 1
1193 1391 1
1193 1393 1
1193 1436 1
1193 1488 1
1193 1548 1
1193 1566 1
1193 1575 1
1193 1609 1
1193 1639 1
1193 1665 1
1193 1680 1
1193 1736 1
1193 1768 1
1193 1775 1
1193 1817 1
1193 1826 1
1193 1962 1
1193 1982 1
1194 1209 1
1194 1243 1
1194 1288 1
1194 1381 1
1194 1399 1
1194 1421 1
1194 1460 1
1194 1483 1
1194 1491 1
1194 1552 1
1194 1568 1
1194 1569 1
1194 1579 1
1194 1671 1
1194 1687 1
1194 1706 1
1194 1946 1
1194 1957 1
1195 1214 1
1195 1267 1
1195 1328 1
1195 1346 1
1195 1381 1
1195 1423 1
1195 1458 1
1195 1465 1
1195 1510 1
1195 1581 1
1195 1586 1
1195 1587 1
1195 1621 1
1195 1663 1
1195 1678 1
1195 1685 1
1195 1720 1
1195 1757 1
1195 1789 1
1195 1855 1
1195 1867 1
1195 1939 1
1195 1965 1
1196 1255 1
1196 1396 1
1196 1463 1
1196 1548 1
1196 1561 1
1196 1625 1
1196 1675 1
1196 1680 1
1196 1752 1
1196 1820 1
1196 1850 1
1196 1862 1
1196 1941 1
1196 1942 1
1196 1966 1
1196 1997 1
1197 1259 1
1197 1276 1
1197 1345 1
1197 1397 1
1197 1429 1
1197 1469 1
1197 1502 1
1197 1547 1
1197 1552 1
1197 1572 1
1197 1685 1
1197 1769 1
1197 1770 1
1197 1826 1
1197 1886 1
1197 1891 1
1197 1893 1
1197 1926 1
1197 1939 1
1198 1293 1
1198 1341 1
1198 1381 1
1198 1417 1
1198 1499 1
1198 1537 1
1198 1588 1
1198 1612 1
1198 1615 1
1198 1646 1
1198 1650 1
1198 1675 1
1198 1710 1
1198 1750 1
1198 1783 1
1198 1827 1
1198 1841 1
1198 1869 1
1198 1890 1
1198 1923 1
1199 1223 1
1199 1272 1
1199 1287 1
1199 1318 1
1199 1399 1
1199 1409 1
1199 1474 1
1199 1485 1
1199 1492 1
1199 1519 1
1199 1537 1
1199 1551 1
1199 1599 1
1199 1602 1
1199 1644 1
1199 1723 1
1199 1751 1
1199 1798 1
1199 1835 1
1199 1866 1
1199 1883 1
1199 1903 1
1199 1930 1
1200 1292 1
1200 1304 1
1200 1316 1
1200 1345 1
1200 1346 1
1200 1359 1
1200 1366 1
1200 1374 1
1200 1405 1
1200 1472 1
1200 1506 1
1200 1525 1
1200 1596 1
1200 1626 1
1200 1635 1
1200 1699 1
1200 1736 1
1200 1738 1
1200 1797 1
1200 1831 1
1200 1908 1
1200 1992 1
1201 1230 1
1201 1236 1
1201 1294 1
1201 1306 1
1201 1357 1
1201 1370 1
1201 1387 1
1201 1411 1
1201 1434 1
1201 1489 1
1201 1546 1
1201 1558 1
1201 1562 1
1201 1691 1
1201 1766 1
1201 1779 1
1201 1795 1
1201 1976 1
1201 1992 1
1202 1245 1
1202 1262 1
1202 1306 1
1202 1325 1
1202 1332 1
1202 1351 1
1202 1358 1
1202 1369 1
1202 1411 1
1202 1464 1
1202 1701 1
1202 1830 1
1202 1831 1
1202 1853 1
1202 1855 1
1202 1859 1
1202 1861 1
1202 1941 1
1203 1251 1
1203 1293 1
1203 1319 1
1203 1449 1
1203 1464 1
1203 1507 1
1203 1520 1
1203 1664 1
1203 1746 1
1203 1759 1
1203 1868 1
1203 1889 1
1203 1949 1
1203 1992 1
1204 1210 1
1204 1220 1
1204 1276 1
1204 1351 1
1204 1368 1
1204 1411 1
1204 1453 1
1204 1470 1
1204 1505 1
1204 1624 1
1204 1670 1
1204 1735 1
1204 1815 1
1204 1831 1
1204 1839 1
1204 1883 1
1204 1910 1
1204 1957 1
1205 1281 1
1205 1324 1
1205 1326 1
1205 1343 1
1205 1377 1
1205 1428 1
1205 1492 1
1205 1531 1
1205 1580 1
1205 1610 1
1205 1677 1
1205 1718 1
1205 1747 1
1205 1754 1
1205 1775 1
1205 1779 1
1205 1839 1
1205 1861 1
1205 1874 1
1205 1923 1
1206 1251 1
1206 1252 1
1206 1362 1
1206 1373 1
1206 1433 1
1206 1438 1
1206 1540 1
1206 1554 1
1206 1555 1
1206 1563 1
1206 1581 1
1206 1618 1
1206 1633 1
1206 1666 1
1206 1686 1
1206 1708 1
1206 1712 1
1206 1803 1
1206 1902 1
1206 1941 1
1206 1981 1
1207 1210 1
1207 1294 1
1207 1466 1
1207 1518 1
1207 1594 1
1207 1602 1
1207 1611 1
1207 1628 1
1207 1688 1
1207 1769 1
1207 1774 1
1207 1776 1
1207 1834 1
1207 1852 1
1207 1856 1
1207 1927 1
1207 1930 1
1207 1986 1
1208 1268 1
1208 1274 1
1208 1284 1
1208 1305 1
1208 1352 1
1208 1411 1
1208 1429 1
1208 1491 1
1208 1561 1
1208 1570 1
1208 1583 1
1208 1598 1
1208 1663 1
1208 1681 1
1208 1806 1
1208 1857 1
1208 1913 1
1208 1948 1
1209 1223 1
1209 1254 1
1209 1257 1
1209 1263 1
1209 1287 1
1209 1294 1
1209 1318 1
1209 1380 1
1209 1381 1
1209 1406 1
1209 1453 1
1209 1559 1
1209 1589 1
1209 1593 1
1209 1617 1
1209 1625 1
1209 1642 1
1209 1663 1
1209 1707 1
1209 1736 1
1209 1737 1
1209 1816 1
1209 1818 1
1209 1829 1
1209 1841 1
1209 1842 1
1209 1897 1
1209 1959 1
1209 1964 1
1209 1980 1
1210 1253 1
1210 1324 1
1210 1354 1
1210 1468 1
1210 1500 1
1210 1581 1
1210 1726 1
1210 1755 1
1210 1805 1
1210 1808 1
1210 1862 1
1210 1868 1
1210 1875 1
1210 1909 1
1210 1916 1
1210 1917 1
1211 1341 1
1211 1353 1
1211 1483 1
1211 1498 1
1211 1533 1
1211 1562 1
1211 1585 1
1211 1592 1
1211 1779 1
1211 1792 1
1211 1885 1
1211 1893 1
1211 1953 1
1211 1988 1
1212 1214 1
1212 1224 1
1212 1275 1
1212 1276 1
1212 1277 1
1212 1314 1
1212 1333 1
1212 1343 1
1212 1345 1
1212 1404 1
1212 1463 1
1212 1491 1
1212 1505 1
1212 1522 1
1212 1570 1
1212 1582 1
1212 1614 1
1212 1638 1
1212 1689 1
1212 1710 1
1212 1749 1
1212 1831 1
1212 1844 1
1212 1848 1
1212 1918 1
1212 1942 1
1212 1966 1
1213 1301 1
1213 1350 1
1213 1367 1
1213 1404 1
1213 1437 1
1213 1443 1
1213 1455 1
1213 1474 1
1213 1556 1
1213 1570 1
1213 1654 1
1213 1796 1
1213 1806 1
1213 1808 1
1213 1911 1
1213 1925 1
1214 1229 1
1214 1438 1
1214 1449 1
1214 1452 1
1214 1457 1
1214 1478 1
1214 1494 1
1214 1583 1
1214 1628 1
1214 1644 1
1214 1645 1
1214 1651 1
1214 1743 1
1214 1818 1
1214 1842 1
1214 1851 1
1214 1860 1
1214 1940 1
1214 1949 1
1214 1978 1
1215 1269 1
1215 1306 1
1215 1307 1
1215 1312 1
1215 1347 1
1215 1376 1
1215 1394 1
1215 1408 1
1215 1436 1
1215 1627 1
1215 1628 1
1215 1639 1
1215 1718 1
1215 1773 1
1215 1780 1
1215 1794 1
1215 1795 1
1215 1814 1
1215 1819 1
1215 1845 1
1215 1847 1
1215 1863 1
1215 1962 1
1216 1237 1
1216 1260 1
1216 1313 1
1216 1323 1
1216 1336 1
1216 1545 1
1216 1561 1
1216 1574 1
1216 1593 1
1216 1656 1
1216 1657 1
1216 1698 1
1216 1719 1
1216 1733 1
1216 1833 1
1216 1857 1
1216 1922 1
1216 1941 1
1216 1962 1
1216 1969 1
1217 1238 1
1217 1286 1
1217 1299 1
1217 1356 1
1217 1371 1
1217 1418 1
1217 1462 1
1217 1579 1
1217 1589 1
1217 1615 1
1217 1632 1
1217 1649 1
1217 1715 1
1217 1754 1
1217 1773 1
1217 1782 1
1217 1793 1
1217 1798 1
1217 1809 1
1217 1872 1
1217 1884 1
1217 1936 1
1217 1977 1
1217 1982 1
1217 1983 1
1217 1994 1
1217 1995 1
1218 1256 1
1218 1342 1
1218 1358 1
1218 1371 1
1218 1430 1
1218 1498 1
1218 1618 1
1218 1622 1
1218 1633 1
1218 1709 1
1218 1827 1
1218 1842 1
1218 1851 1
1218 1855 1
1218 1877 1
1218 1878 1
1218 1984 1
1218 1993 1
1219 1263 1
1219 1277 1
1219 1286 1
1219 1294 1
1219 1295 1
1219 1316 1
1219 1395 1
1219 1397 1
1219 1409 1
1219 1424 1
1219 1487 1
1219 1508 1
1219 1541 1
1219 1561 1
1219 1578 1
1219 1648 1
1219 1718 1
1219 1808 1
1219 1853 1
1219 1867 1
1219 1980 1
1220 1251 1
1220 1286 1
1220 1422 1
1220 1467 1
1220 1532 1
1220 1559 1
1220 1579 1
1220 1641 1
1220 1661 1
1220 1832 1
1220 1877 1
1220 1904 1
1220 1922 1
1221 1223 1
1221 1311 1
1221 1334 1
1221 1335 1
1221 1403 1
1221 1413 1
1221 1450 1
1221 1466 1
1221 1561 1
1221 1588 1
1221 1601 1
1221 1680 1
1221 1689 1
1221 1791 1
1221 1792 1
1221 1816 1
1221 1833 1
1221 1834 1
1221 1850 1
1221 1868 1
1221 1879 1
1222 1230 1
1222 1250 1
1222 1322 1
1222 1412 1
1222 1451 1
1222 1499 1
1222 1620 1
1222 1650 1
1222 1660 1
1222 1664 1
1222 1692 1
1222 1702 1
1222 1724 1
1222 1809 1
1222 1813 1
1222 1815 1
1222 1856 1
1222 1863 1
1222 1968 1
1223 1238 1
1223 1277 1
1223 1368 1
1223 1419 1
1223 1434 1
1223 1479 1
1223 1483 1
1223 1505 1
1223 1512 1
1223 1553 1
1223 1642 1
1223 1643 1
1223 1672 1
1223 1727 1
1223 1747 1
1223 1788 1
1223 1795 1
1223 1816 1
1223 1856 1
1223 1867 1
1223 1899 1
1223 1912 1
1223 1970 1
1223 1983 1
1224 1243 1
1224 1294 1
1224 1479 1
1224 1497 1
1224 1531 1
1224 1543 1
1224 1586 1
1224 1591 1
1224 1642 1
1224 1721 1
1224 1779 1
1224 1841 1
1224 1848 1
1224 1851 1
1224 1871 1
1224 1885 1
1224 1916 1
1225 1239 1
1225 1263 1
1225 1286 1
1225 1359 1
1225 1377 1
1225 1474 1
1225 1493 1
1225 1504 1
1225 1516 1
1225 1521 1
1225 1522 1
1225 1544 1
1225 1564 1
1225 1571 1
1225 1612 1
1225 1615 1
1225 1650 1
1225 1664 1
1225 1669 1
1225 1689 1
1225 1854 1
1225 1959 1
1226 1278 1
1226 1307 1
1226 1333 1
1226 1351 1
1226 1400 1
1226 1485 1
1226 1494 1
1226 1501 1
1226 1543 1
1226 1550 1
1226 1583 1
1226 1615 1
1226 1625 1
1226 1787 1
1226 1807 1
1226 1813 1
1226 1816 1
1226 1819 1
1226 1821 1
1226 1908 1
1226 1916 1
1227 1303 1
1227 1356 1
1227 1363 1
1227 1401 1
1227 1444 1
1227 1472 1
1227 1531 1
1227 1562 1
1227 1632 1
1227 1635 1
1227 1792 1
1227 1993 1
1228 1263 1
1228 1273 1
1228 1284 1
1228 1288 1
1228 1298 1
1228 1338 1
1228 1357 1
1228 1397 1
1228 1511 1
1228 1547 1
1228 1559 1
1228 1588 1
1228 1596 1
1228 1605 1
1228 1693 1
1228 1783 1
1228 1837 1
1228 1889 1
1228 1938 1
1228 1939 1
1228 1974 1
1229 1283 1
1229 1410 1
1229 1517 1
1229 1622 1
1229 1643 1
1229 1781 1
1229 1864 1
1229 1940 1
1230 1231 1
1230 1243 1
1230 1264 1
1230 1418 1
1230 1493 1
1230 1511 1
1230 1632 1
1230 1648 1
1230 1677 1
1230 1690 1
1230 1701 1
1230 1727 1
1230 1729 1
1230 1787 1
1230 1852 1
1230 1874 1
1230 1888 1
1230 1901 1
1230 1926 1
1230 1981 1
1230 1994 1
1231 1286 1
1231 1316 1
1231 1325 1
1231 1357 1
1231 1368 1
1231 1369 1
1231 1454 1
1231 1459 1
1231 1472 1
1231 1482 1
1231 1506 1
1231 1539 1
1231 1578 1
1231 1648 1
1231 1666 1
1231 1749 1
1231 1755 1
1231 1782 1
1231 1948 1
1232 1238 1
1232 1249 1
1232 1275 1
1232 1316 1
1232 1353 1
1232 1380 1
1232 1486 1
1232 1501 1
1232 1508 1
1232 1529 1
1232 1540 1
1232 1594 1
1232 1595 1
1232 1606 1
1232 1634 1
1232 1681 1
1232 1712 1
1232 1721 1
1232 1761 1
1232 1776 1
1232 1806 1
1232 1879 1
1232 1975 1
1233 1293 1
1233 1324 1
1233 1399 1
1233 1452 1
1233 1584 1
1233 1601 1
1233 1603 1
1233 1610 1
1233 1639 1
1233 1720 1
1233 1774 1
1233 1910 1
1233 1922 1
1234 1298 1
1234 1318 1
1234 1324 1
1234 1361 1
1234 1373 1
1234 1383 1
1234 1415 1
1234 1432 1
1234 1444 1
1234 1461 1
1234 1465 1
1234 1534 1
1234 1553 1
1234 1570 1
1234 1580 1
1234 1590 1
1234 1619 1
1234 1633 1
1234 1648 1
1234 1668 1
1234 1698 1
1234 1721 1
1234 1741 1
1234 1810 1
1234 1815 1
1234 1921 1
1234 1931 1
1234 1936 1
1234 1994 1
1235 1245 1
1235 1278 1
1235 1286 1
1235 1300 1
1235 1377 1
1235 1413 1
1235 1433 1
1235 1475 1
1235 1494 1
1235 1554 1
1235 1555 1
1235 1581 1
1235 1630 1
1235 1733 1
1235 1750 1
1235 1829 1
1235 1849 1
1235 1856 1
1235 1892 1
1235 1895 1
1235 1904 1
1235 1936 1
1235 1960 1
1235 1993 1
1235 1998 1
1236 1244 1
1236 1423 1
1236 1457 1
1236 1588 1
1236 1591 1
1236 1611 1
1236 1615 1
1236 1623 1
1236 1695 1
1236 1700 1
1236 1720 1
1236 1724 1
1236 1751 1
1236 1803 1
1236 1845 1
1236 1879 1
1236 1983 1
1237 1320 1
1237 1326 1
1237 1497 1
1237 1498 1
1237 1563 1
1237 1572 1
1237 1606 1
1237 1608 1
1237 1624 1
1237 1708 1
1237 1772 1
1237 1794 1
1237 1967 1
1237 1968 1
1237 1991 1
1238 1266 1
1238 1273 1
1238 1285 1
1238 1288 1
1238 1315 1
1238 1335 1
1238 1444 1
1238 1532 1
1238 1576 1
1238 1609 1
1238 1620 1
1238 1703 1
1238 1734 1
1238 1771 1
1238 1846 1
1238 1910 1
1238 1924 1
1238 1926 1
1238 1937 1
1238 1985 1
1238 1994 1
1239 1310 1
1239 1393 1
1239 1394 1
1239 1416 1
1239 1643 1
1239 1675 1
1239 1722 1
1239 1747 1
1239 1757 1
1239 1826 1
1239 1835 1
1239 1926 1
1239 1987 1
1240 1255 1
1240 1273 1
1240 1326 1
1240 1330 1
1240 1342 1
1240 1429 1
1240 1477 1
1240 1507 1
1240 1525 1
1240 1527 1
1240 1569 1
1240 1639 1
1240 1649 1
1240 1686 1
1240 1688 1
1240 1731 1
1240 1799 1
1240 1916 1
1240 1939 1
1241 1278 1
1241 1315 1
1241 1373 1
1241 1408 1
1241 1455 1
1241 1487 1
1241 1555 1
1241 1578 1
1241 1595 1
1241 1609 1
1241 1768 1
1241 1863 1
1241 1868 1
1241 1874 1
1241 1893 1
1241 1904 1
1242 1263 1
1242 1269 1
1242 1324 1
1242 1493 1
1242 1537 1
1242 1577 1
1242 1592 1
1242 1619 1
1242 1650 1
1242 1665 1
1242 1687 1
1242 1745 1
1242 1777 1
1242 1824 1
1242 1897 1
1242 1928 1
1242 1939 1
1243 1273 1
1243 1333 1
1243 1367 1
1243 1373 1
1243 1422 1
1243 1428 1
1243 1438 1
1243 1506 1
1243 1535 1
1243 1648 1
1243 1706 1
1243 1716 1
1243 1718 1
1243 1790 1
1243 1821 1
1243 1898 1
1243 1902 1
1243 1933 1
1243 1966 1
1243 1984 1
1243 1989 1
1243 1991 1
1244 1348 1
1244 1357 1
1244 1440 1
1244 1451 1
1244 1458 1
1244 1507 1
1244 1532 1
1244 1541 1
1244 1568 1
1244 1607 1
1244 1608 1
1244 1621 1
1244 1671 1
1244 1682 1
1244 1773 1
1244 1794 1
1244 1814 1
1244 1819 1
1244 1845 1
1244 1907 1
1244 1934 1
1244 1945 1
1245 1300 1
1245 1316 1
1245 1322 1
1245 1340 1
1245 1452 1
1245 1454 1
1245 1567 1
1245 1715 1
1245 1736 1
1245 1745 1
1245 1747 1
1245 1785 1
1245 1801 1
1245 1872 1
1245 1925 1
1245 1955 1
1245 1961 1
1245 1985 1
1246 1368 1
1246 1373 1
1246 1394 1
1246 1402 1
1246 1445 1
1246 1493 1
1246 1537 1
1246 1549 1
1246 1675 1
1246 1687 1
1246 1742 1
1246 1762 1
1246 1773 1
1246 1848 1
1246 1869 1
1246 1898 1
1247 1266 1
1247 1295 1
1247 1308 1
1247 1445 1
1247 1452 1
1247 1476 1
1247 1493 1
1247 1515 1
1247 1527 1
1247 1554 1
1247 1627 1
1247 1707 1
1247 1710 1
1247 1716 1
1247 1744 1
1247 1747 1
1247 1757 1
1247 1835 1
1247 1839 1
1247 1882 1
1247 1902 1
1247 1925 1
1247 1983 1
1248 1251 1
1248 1300 1
1248 1319 1
1248 1427 1
1248 1455 1
1248 1465 1
1248 1481 1
1248 1531 1
1248 1536 1
1248 1665 1
1248 1671 1
1248 1724 1
1248 1735 1
1248 1781 1
1248 1861 1
1248 1935 1
1248 1964 1
1249 1333 1
1249 1476 1
1249 1479 1
1249 1497 1
1249 1500 1
1249 1521 1
1249 1574 1
1249 1577 1
1249 1652 1
1249 1676 1
1249 1742 1
1249 1759 1
1249 1775 1
1249 1796 1
1249 1838 1
1249 1905 1
1249 1912 1
1249 1915 1
1249 1917 1
1249 1928 1
1250 1252 1
1250 1263 1
1250 1324 1
1250 1357 1
1250 1453 1
1250 1473 1
1250 1571 1
1250 1637 1
1250 1703 1
1250 1769 1
1250 1778 1
1250 1800 1
1250 1809 1
1250 1853 1
1250 1855 1
1250 1915 1
1250 1917 1
1251 1261 1
1251 1285 1
1251 1311 1
1251 1323 1
1251 1431 1
1251 1470 1
1251 1518 1
1251 1589 1
1251 1675 1
1251 1701 1
1251 1765 1
1251 1792 1
1251 1809 1
1251 1859 1
1251 1922 1
1251 1932 1
1251 1954 1
1251 1991 1
1252 1324 1
1252 1334 1
1252 1454 1
1252 1480 1
1252 1552 1
1252 1635 1
1252 1662 1
1252 1666 1
1252 1777 1
1252 1840 1
1252 1972 1
1252 1980 1
1253 1380 1
1253 1394 1
1253 1412 1
1253 1470 1
1253 1484 1
1253 1551 1
1253 1566 1
1253 1582 1
1253 1648 1
1253 1806 1
1253 1823 1
1253 1828 1
1253 1945 1
1254 1323 1
1254 1346 1
1254 1424 1
1254 1499 1
1254 1516 1
1254 1605 1
1254 1612 1
1254 1618 1
1254 1620 1
1254 1714 1
1254 1746 1
1254 1773 1
1254 1786 1
1254 1796 1
1254 1799 1
1254 1836 1
1254 1876 1
1254 1879 1
1254 1905 1
1254 1915 1
1254 1922 1
1254 1967 1
1255 1290 1
1255 1318 1
1255 1348 1
1255 1435 1
1255 1503 1
1255 1538 1
1255 1544 1
1255 1613 1
1255 1719 1
1255 1753 1
1255 1754 1
1255 1818 1
1255 1846 1
1255 1894 1
1255 1908 1
1255 1982 1
1256 1363 1
1256 1443 1
1256 1495 1
1256 1532 1
1256 1571 1
1256 1580 1
1256 1608 1
1256 1629 1
1256 1654 1
1256 1678 1
1256 1693 1
1256 1714 1
1256 1716 1
1256 1720 1
1256 1777 1
1256 1806 1
1256 1909 1
1256 1911 1
1256 1932 1
1256 1992 1
1257 1258 1
1257 1298 1
1257 1308 1
1257 1315 1
1257 1382 1
1257 1397 1
1257 1421 1
1257 1488 1
1257 1496 1
1257 1499 1
1257 1529 1
1257 1567 1
1257 1579 1
1257 1592 1
1257 1593 1
1257 1662 1
1257 1707 1
1257 1720 1
1257 1746 1
1257 1791 1
1257 1929 1
1257 1931 1
1257 1963 1
1257 1988 1
1258 1276 1
1258 1330 1
1258 1332 1
1258 1374 1
1258 1389 1
1258 1404 1
1258 1406 1
1258 1459 1
1258 1487 1
1258 1494 1
1258 1506 1
1258 1578 1
1258 1632 1
1258 1808 1
1258 1811 1
1258 1885 1
1258 1889 1
1258 1896 1
1258 1912 1
1258 1995 1
1259 1272 1
1259 1277 1
1259 1313 1
1259 1316 1
1259 1460 1
1259 1468 1
1259 1488 1
1259 1495 1
1259 1497 1
1259 1498 1
1259 1504 1
1259 1600 1
1259 1652 1
1259 1683 1
1259 1730 1
1259 1805 1
1259 1896 1
1259 1898 1
1259 1906 1
1259 1913 1
1259 1925 1
1259 1953 1
1260 1279 1
1260 1350 1
1260 1381 1
1260 1382 1
1260 1430 1
1260 1461 1
1260 1570 1
1260 1599 1
1260 1632 1
1260 1668 1
1260 1671 1
1260 1674 1
1260 1676 1
1260 1745 1
1260 1762 1
1260 1770 1
1260 1786 1
1260 1793 1
1260 1846 1
1260 1863 1
1260 1864 1
1260 1951 1
1260 1976 1
1260 1983 1
1260 1990 1
1261 1373 1
1261 1382 1
1261 1416 1
1261 1523 1
1261 1532 1
1261 1540 1
1261 1561 1
1261 1600 1
1261 1641 1
1261 1728 1
1261 1755 1
1261 1831 1
1261 1866 1
1261 1873 1
1261 1891 1
1261 1906 1
1261 1908 1
1261 1957 1
1262 1301 1
1262 1399 1
1262 1619 1
1262 1630 1
1262 1639 1
1262 1660 1
1262 1695 1
1262 1774 1
1262 1781 1
1262 1839 1
1262 1874 1
1262 1910 1
1262 1916 1
1262 1948 1
1262 1950 1
1262 1993 1
1263 1278 1
1263 1347 1
1263 1356 1
1263 1395 1
1263 1522 1
1263 1536 1
1263 1591 1
1263 1593 1
1263 1618 1
1263 1936 1
1263 1992 1
1264 1331 1
1264 1389 1
1264 1402 1
1264 1464 1
1264 1482 1
1264 1497 1
1264 1666 1
1264 1668 1
1264 1710 1
1264 1756 1
1264 1757 1
1264 1784 1
1264 1791 1
1264 1805 1
1264 1840 1
1264 1869 1
1264 1901 1
1264 1990 1
1265 1327 1
1265 1351 1
1265 1464 1
1265 1548 1
1265 1615 1
1265 1636 1
1265 1717 1
1265 1914 1
1265 1950 1
1265 1959 1
1265 1987 1
1266 1373 1
1266 1428 1
1266 1455 1
1266 1457 1
1266 1618 1
1266 1621 1
1266 1672 1
1266 1675 1
1266 1714 1
1266 1719 1
1266 1721 1
1266 1735 1
1266 1770 1
1266 1811 1
1266 1913 1
1266 1921 1
1266 1981 1
1267 1367 1
1267 1374 1
1267 1396 1
1267 1459 1
1267 1488 1
1267 1550 1
1267 1563 1
1267 1587 1
1267 1600 1
1267 1607 1
1267 1625 1
1267 1654 1
1267 1699 1
1267 1713 1
1267 1746 1
1267 1751 1
1267 1848 1
1267 1856 1
1267 1888 1
1267 1932 1
1267 1960 1
1268 1281 1
1268 1403 1
1268 1491 1
1268 1512 1
1268 1527 1
1268 1548 1
1268 1552 1
1268 1557 1
1268 1601 1
1268 1617 1
1268 1628 1
1268 1629 1
1268 1665 1
1268 1769 1
1268 1812 1
1268 1829 1
1268 1935 1
1268 1948 1
1268 1978 1
1269 1329 1
1269 1333 1
1269 1386 1
1269 1424 1
1269 1461 1
1269 1553 1
1269 1627 1
1269 1815 1
1269 1822 1
1269 1833 1
1269 1852 1
1269 1944 1
1269 1945 1
1269 1958 1
1269 1974 1
1270 1367 1
1270 1370 1
1270 1526 1
1270 1605 1
1270 1669 1
1270 1686 1
1270 1715 1
1270 1739 1
1270 1770 1
1270 1771 1
1270 1773 1
1270 1801 1
1270 1886 1
1271 1422 1
1271 1464 1
1271 1482 1
1271 1484 1
1271 1511 1
1271 1516 1
1271 1556 1
1271 1578 1
1271 1669 1
1271 1670 1
1271 1683 1
1271 1693 1
1271 1720 1
1271 1738 1
1271 1796 1
1271 1830 1
1271 1846 1
1271 1898 1
1271 1935 1
1271 1970 1
1271 1976 1
1272 1315 1
1272 1383 1
1272 1417 1
1272 1473 1
1272 1531 1
1272 1538 1
1272 1668 1
1272 1763 1
1272 1780 1
1272 1783 1
1272 1848 1
1272 1924 1
1272 1935 1
1272 1969 1
1273 1302 1
1273 1310 1
1273 1312 1
1273 1336 1
1273 1353 1
1273 1359 1
1273 1398 1
1273 1437 1
1273 1448 1
1273 1498 1
1273 1500 1
1273 1566 1
1273 1580 1
1273 1597 1
1273 1629 1
1273 1665 1
1273 1880 1
1273 1912 1
1273 1954 1
1273 1966 1
1274 1380 1
1274 1389 1
1274 1442 1
1274 1443 1
1274 1444 1
1274 1534 1
1274 1559 1
1274 1564 1
1274 1709 1
1274 1740 1
1274 1782 1
1274 1795 1
1274 1801 1
1274 1851 1
1274 1867 1
1274 1874 1
1274 1941 1
1274 1966 1
1274 1973 1
1274 1975 1
1275 1299 1
1275 1364 1
1275 1375 1
1275 1396 1
1275 1440 1
1275 1483 1
1275 1514 1
1275 1537 1
1275 1544 1
1275 1599 1
1275 1621 1
1275 1630 1
1275 1632 1
1275 1633 1
1275 1685 1
1275 1715 1
1275 1729 1
1275 1746 1
1275 1754 1
1275 1767 1
1275 1774 1
1275 1861 1
1275 1897 1
1276 1283 1
1276 1320 1
1276 1347 1
1276 1389 1
1276 1480 1
1276 1508 1
1276 1566 1
1276 1575 1
1276 1600 1
1276 1632 1
1276 1637 1
1276 1753 1
1276 1767 1
1276 1778 1
1276 1905 1
1276 1936 1
1276 1987 1
1277 1299 1
1277 1314 1
1277 1330 1
1277 1333 1
1277 1388 1
1277 1400 1
1277 1405 1
1277 1451 1
1277 1483 1
1277 1514 1
1277 1555 1
1277 1591 1
1277 1673 1
1277 1744 1
1277 1759 1
1277 1773 1
1277 1846 1
1277 1894 1
1277 1927 1
1277 1963 1
1277 1971 1
1278 1284 1
1278 1301 1
1278 1304 1
1278 1347 1
1278 1359 1
1278 1379 1
1278 1433 1
1278 1473 1
1278 1488 1
1278 1524 1
1278 1571 1
1278 1573 1
1278 1629 1
1278 1670 1
1278 1763 1
1278 1806 1
1278 1824 1
1278 1958 1
1279 1318 1
1279 1377 1
1279 1397 1
1279 1508 1
1279 1533 1
1279 1601 1
1279 1623 1
1279 1669 1
1279 1686 1
1279 1690 1
1279 1827 1
1279 1870 1
1279 1981 1
1279 1987 1
1280 1281 1
1280 1328 1
1280 1404 1
1280 1449 1
1280 1461 1
1280 1538 1
1280 1602 1
1280 1641 1
1280 1645 1
1280 1648 1
1280 1661 1
1280 1690 1
1280 1714 1
1280 1814 1
1280 1820 1
1280 1822 1
1280 1825 1
1280 1862 1
1280 1937 1
1280 1940 1
1280 1944 1
1280 1952 1
1280 1967 1
1281 1313 1
1281 1372 1
1281 1421 1
1281 1426 1
1281 1458 1
1281 1473 1
1281 1480 1
1281 1534 1
1281 1559 1
1281 1638 1
1281 1700 1
1281 1706 1
1281 1718 1
1281 1765 1
1281 1795 1
1281 1809 1
1281 1841 1
1281 1867 1
1281 1897 1
1281 1926 1
1281 1933 1
1281 1959 1
1281 1960 1
1282 1287 1
1282 1294 1
1282 1322 1
1282 1366 1
1282 1507 1
1282 1536 1
1282 1568 1
1282 1571 1
1282 1591 1
1282 1608 1
1282 1655 1
1282 1677 1
1282 1734 1
1282 1800 1
1282 1836 1
1282 1893 1
1282 1962 1
1282 1994 1
1283 1335 1
1283 1467 1
1283 1480 1
1283 1528 1
1283 1567 1
1283 1575 1
1283 1628 1
1283 1674 1
1283 1702 1
1283 1725 1
1283 1726 1
1283 1769 1
1283 1802 1
1283 1812 1
1283 1847 1
1283 1971 1
1284 1407 1
1284 1434 1
1284 1505 1
1284 1506 1
1284 1532 1
1284 1553 1
1284 1568 1
1284 1631 1
1284 1637 1
1284 1722 1
1284 1730 1
1284 1858 1
1284 1869 1
1284 1909 1
1284 1938 1
1284 1949 1
1284 1993 1
1285 1346 1
1285 1503 1
1285 1508 1
1285 1570 1
1285 1621 1
1285 1646 1
1285 1671 1
1285 1682 1
1285 1689 1
1285 1715 1
1285 1736 1
1285 1749 1
1285 1817 1
1285 1826 1
1285 1845 1
1285 1877 1
1285 1980 1
1285 1998 1
1286 1301 1
1286 1333 1
1286 1334 1
1286 1373 1
1286 1406 1
1286 1415 1
1286 1416 1
1286 1418 1
1286 1434 1
1286 1513 1
1286 1549 1
1286 1580 1
1286 1598 1
1286 1610 1
1286 1636 1
1286 1641 1
1286 1642 1
1286 1648 1
1286 1705 1
1286 1868 1
1286 1917 1
1286 1984 1
1286 1986 1
1287 1296 1
1287 1308 1
1287 1403 1
1287 1438 1
1287 1468 1
1287 1513 1
1287 1529 1
1287 1572 1
1287 1602 1
1287 1606 1
1287 1654 1
1287 1663 1
1287 1687 1
1287 1736 1
1287 1744 1
1287 1804 1
1287 1835 1
1287 1924 1
1287 1925 1
1287 1961 1
1287 1963 1
1287 1981 1
1288 1299 1
1288 1307 1
1288 1329 1
1288 1352 1
1288 1356 1
1288 1379 1
1288 1453 1
1288 1469 1
1288 1500 1
1288 1512 1
1288 1542 1
1288 1560 1
1288 1619 1
1288 1755 1
1288 1784 1
1288 1883 1
1288 1920 1
1288 1969 1
1289 1294 1
1289 1333 1
1289 1367 1
1289 1401 1
1289 1490 1
1289 1550 1
1289 1603 1
1289 1661 1
1289 1722 1
1289 1732 1
1289 1735 1
1289 1777 1
1289 1818 1
1289 1836 1
1289 1875 1
1289 1876 1
1289 1898 1
1289 1944 1
1289 1963 1
1289 1992 1
1290 1297 1
1290 1321 1
1290 1387 1
1290 1398 1
1290 1449 1
1290 1458 1
1290 1472 1
1290 1475 1
1290 1553 1
1290 1555 1
1290 1564 1
1290 1571 1
1290 1574 1
1290 1589 1
1290 1625 1
1290 1670 1
1290 1702 1
1290 1910 1
1290 1930 1
1290 1934 1
1290 1935 1
1290 1951 1
1291 1368 1
1291 1413 1
1291 1418 1
1291 1457 1
1291 1478 1
1291 1595 1
1291 1643 1
1291 1658 1
1291 1660 1
1291 1726 1
1291 1763 1
1291 1794 1
1291 1823 1
1291 1858 1
1291 1939 1
1291 1959 1
1291 1964 1
1291 1990 1
1291 1997 1
1292 1448 1
1292 1491 1
1292 1515 1
1292 1538 1
1292 1670 1
1292 1701 1
1292 1717 1
1292 1760 1
1292 1765 1
1292 1780 1
1292 1813 1
1292 1844 1
1292 1845 1
1292 1846 1
1292 1858 1
1292 1915 1
1292 1944 1
1292 1962 1
1292 1966 1
1292 1990 1
1293 1328 1
1293 1365 1
1293 1406 1
1293 1425 1
1293 1462 1
1293 1476 1
1293 1512 1
1293 1526 1
1293 1537 1
1293 1610 1
1293 1619 1
1293 1638 1
1293 1642 1
1293 1656 1
1293 1659 1
1293 1706 1
1293 1754 1
1293 1923 1
1293 1925 1
1293 1953 1
1294 1301 1
1294 1303 1
1294 1349 1
1294 1354 1
1294 1355 1
1294 1373 1
1294 1403 1
1294 1503 1
1294 1505 1
1294 1539 1
1294 1580 1
1294 1594 1
1294 1604 1
1294 1631 1
1294 1733 1
1294 1772 1
1294 1782 1
1294 1801 1
1294 1849 1
1294 1930 1
1294 1991 1
1295 1303 1
1295 1373 1
1295 1430 1
1295 1498 1
1295 1523 1
1295 1530 1
1295 1543 1
1295 1561 1
1295 1580 1
1295 1666 1
1295 1676 1
1295 1691 1
1295 1694 1
1295 1796 1
1295 1807 1
1295 1828 1
1295 1833 1
1295 1847 1
1295 1858 1
1295 1879 1
1295 1932 1
1295 1933 1
1295 1943 1
1296 1383 1
1296 1400 1
1296 1554 1
1296 1682 1
1296 1689 1
1296 1795 1
1296 1822 1
1296 1840 1
1296 1860 1
1296 1875 1
1296 1905 1
1296 1937 1
1296 1963 1
1296 1978 1
1296 1991 1
1296 1998 1
1297 1307 1
1297 1327 1
1297 1382 1
1297 1398 1
1297 1432 1
1297 1450 1
1297 1451 1
1297 1621 1
1297 1649 1
1297 1652 1
1297 1671 1
1297 1696 1
1297 1708 1
1297 1723 1
1297 1726 1
1297 1752 1
1297 1837 1
1297 1900 1
1297 1937 1
1297 1947 1
1297 2000 1
1298 1380 1
1298 1390 1
1298 1433 1
1298 1448 1
1298 1518 1
1298 1519 1
1298 1555 1
1298 1583 1
1298 1600 1
1298 1621 1
1298 1634 1
1298 1682 1
1298 1705 1
1298 1751 1
1298 1782 1
1298 1814 1
1298 1838 1
1298 1844 1
1298 1896 1
1298 1925 1
1299 1323 1
1299 1371 1
1299 1377 1
1299 1422 1
1299 1424 1
1299 1511 1
1299 1603 1
1299 1667 1
1299 1731 1
1299 1771 1
1299 1821 1
1299 1868 1
1299 1976 1
1299 1980 1
1300 1304 1
1300 1338 1
1300 1346 1
1300 1392 1
1300 1444 1
1300 1472 1
1300 1594 1
1300 1608 1
1300 1612 1
1300 1716 1
1300 1752 1
1300 1762 1
1300 1793 1
1300 1821 1
1300 1841 1
1300 1963 1
1300 1965 1
1301 1322 1
1301 1372 1
1301 1473 1
1301 1481 1
1301 1521 1
1301 1522 1
1301 1545 1
1301 1554 1
1301 1555 1
1301 1607 1
1301 1615 1
1301 1641 1
1301 1701 1
1301 1704 1
1301 1759 1
1301 1777 1
1301 1800 1
1301 1822 1
1301 1833 1
1301 1854 1
1301 1863 1
1301 1864 1
1301 1950 1
1301 1983 1
1302 1433 1
1302 1441 1
1302 1525 1
1302 1536 1
1302 1543 1
1302 1610 1
1302 1636 1
1302 1642 1
1302 1749 1
1302 1808 1
1302 1831 1
1302 1843 1
1302 1908 1
1302 1909 1
1302 1915 1
1302 1928 1
1302 1952 1
1303 1307 1
1303 1328 1
1303 1329 1
1303 1355 1
1303 1415 1
1303 1445 1
1303 1525 1
1303 1592 1
1303 1669 1
1303 1679 1
1303 1699 1
1303 1724 1
1303 1793 1
1303 1801 1
1303 1812 1
1303 1846 1
1303 1868 1
1303 1945 1
1303 1947 1
1303 1977 1
1304 1341 1
1304 1344 1
1304 1366 1
1304 1389 1
1304 1411 1
1304 1480 1
1304 1486 1
1304 1539 1
1304 1631 1
1304 1641 1
1304 1898 1
1304 1999 1
1305 1353 1
1305 1368 1
1305 1381 1
1305 1400 1
1305 1461 1
1305 1505 1
1305 1517 1
1305 1556 1
1305 1559 1
1305 1574 1
1305 1579 1
1305 1600 1
1305 1641 1
1305 1686 1
1305 1712 1
1305 1814 1
1305 1817 1
1305 1846 1
1305 1855 1
1305 1901 1
1305 1934 1
1305 1950 1
1305 1954 1
1305 1972 1
1306 1318 1
1306 1358 1
1306 1426 1
1306 1442 1
1306 1464 1
1306 1575 1
1306 1614 1
1306 1660 1
1306 1749 1
1306 1791 1
1306 1814 1
1306 1882 1
1306 1890 1
1307 1364 1
1307 1452 1
1307 1459 1
1307 1466 1
1307 1485 1
1307 1518 1
1307 1524 1
1307 1548 1
1307 1642 1
1307 1677 1
1307 1744 1
1307 1758 1
1307 1934 1
1307 1954 1
1307 1970 1
1308 1318 1
1308 1374 1
1308 1551 1
1308 1588 1
1308 1655 1
1308 1713 1
1308 1739 1
1308 1831 1
1308 1838 1
1308 1945 1
1308 1966 1
1309 1332 1
1309 1457 1
1309 1631 1
1309 1644 1
1309 1647 1
1309 1668 1
1309 1679 1
1309 1820 1
1309 1860 1
1309 1902 1
1309 1937 1
1309 1951 1
1310 1479 1
1310 1558 1
1310 1607 1
1310 1651 1
1310 1658 1
1310 1720 1
1310 1758 1
1310 1777 1
1310 1819 1
1310 1838 1
1310 1899 1
1310 1920 1
1310 1927 1
1310 1941 1
1311 1341 1
1311 1381 1
1311 1444 1
1311 1556 1
1311 1610 1
1311 1612 1
1311 1615 1
1311 1646 1
1311 1705 1
1311 1713 1
1311 1733 1
1311 1745 1
1311 1789 1
1311 1795 1
1311 1847 1
1311 1879 1
1311 1902 1
1312 1347 1
1312 1405 1
1312 1507 1
1312 1512 1
1312 1529 1
1312 1566 1
1312 1607 1
1312 1637 1
1312 1647 1
1312 1755 1
1312 1953 1
1313 1333 1
1313 1338 1
1313 1354 1
1313 1401 1
1313 1431 1
1313 1469 1
1313 1496 1
1313 1518 1
1313 1521 1
1313 1525 1
1313 1539 1
1313 1567 1
1313 1584 1
1313 1664 1
1313 1673 1
1313 1725 1
1313 1729 1
1313 1737 1
1313 1835 1
1313 1875 1
1313 1883 1
1313 1949 1
1314 1428 1
1314 1449 1
1314 1503 1
1314 1508 1
1314 1516 1
1314 1613 1
1314 1742 1
1314 1748 1
1314 1851 1
1314 1883 1
1314 1889 1
1314 1915 1
1314 1934 1
1314 1937 1
1314 1942 1
1315 1355 1
1315 1412 1
1315 1456 1
1315 1621 1
1315 1668 1
1315 1718 1
1315 1768 1
1315 1770 1
1315 1796 1
1315 1826 1
1315 1876 1
1315 1887 1
1315 1889 1
1315 1920 1
1315 1945 1
1315 1987 1
1315 1989 1
1315 1991 1
1316 1331 1
1316 1464 1
1316 1486 1
1316 1487 1
1316 1503 1
1316 1537 1
1316 1554 1
1316 1587 1
1316 1593 1
1316 1664 1
1316 1692 1
1316 1705 1
1316 1745 1
1316 1800 1
1316 1888 1
1316 1889 1
1316 1897 1
1316 1899 1
1316 1998 1
1317 1412 1
1317 1550 1
1317 1603 1
1317 1704 1
1317 1768 1
1317 1773 1
1317 1834 1
1317 1879 1
1317 1884 1
1317 1890 1
1317 1953 1
1317 1989 1
1318 1354 1
1318 1357 1
1318 1386 1
1318 1415 1
1318 1423 1
1318 1468 1
1318 1474 1
1318 1531 1
1318 1542 1
1318 1618 1
1318 1742 1
1318 1795 1
1318 1814 1
1318 1840 1
1318 1959 1
1318 1984 1
1319 1341 1
1319 1522 1
1319 1552 1
1319 1644 1
1319 1646 1
1319 1657 1
1319 1662 1
1319 1732 1
1319 1763 1
1319 1838 1
1319 1894 1
1319 1920 1
1319 2000 1
1320 1339 1
1320 1375 1
1320 1385 1
1320 1402 1
1320 1454 1
1320 1460 1
1320 1544 1
1320 1578 1
1320 1674 1
1320 1681 1
1320 1692 1
1320 1697 1
1320 1718 1
1320 1740 1
1320 1796 1
1320 1804 1
1320 1884 1
1320 1932 1
1320 1946 1
1320 1950 1
1320 1989 1
1320 2000 1
1321 1371 1
1321 1406 1
1321 1421 1
1321 1439 1
1321 1479 1
1321 1538 1
1321 1653 1
1321 1664 1
1321 1717 1
1321 1729 1
1321 1752 1
1321 1885 1
1321 1891 1
1321 1932 1
1321 1942 1
1322 1394 1
1322 1404 1
1322 1411 1
1322 1457 1
1322 1466 1
1322 1493 1
1322 1511 1
1322 1528 1
1322 1535 1
1322 1565 1
1322 1612 1
1322 1626 1
1322 1680 1
1322 1718 1
1322 1743 1
1322 1744 1
1322 1834 1
1322 1843 1
1322 1876 1
1322 1897 1
1322 1903 1
1322 1960 1
1322 1965 1
1322 1993 1
1323 1355 1
1323 1421 1
1323 1438 1
1323 1485 1
1323 1535 1
1323 1539 1
1323 1637 1
1323 1655 1
1323 1698 1
1323 1740 1
1323 1743 1
1323 1783 1
1323 1794 1
1323 1845 1
1323 1873 1
1323 1968 1
1323 1986 1
1324 1326 1
1324 1350 1
1324 1383 1
1324 1401 1
1324 1411 1
1324 1415 1
1324 1426 1
1324 1428 1
1324 1462 1
1324 1467 1
1324 1485 1
1324 1506 1
1324 1596 1
1324 1712 1
1324 1739 1
1324 1764 1
1324 1786 1
1324 1898 1
1324 1914 1
1324 1929 1
1324 1957 1
1325 1372 1
1325 1389 1
1325 1394 1
1325 1397 1
1325 1429 1
1325 1500 1
1325 1552 1
1325 1573 1
1325 1678 1
1325 1701 1
1325 1740 1
1325 1741 1
1325 1827 1
1325 1840 1
1325 1852 1
1325 1870 1
1325 1893 1
1325 1898 1
1325 1995 1
1326 1334 1
1326 1374 1
1326 1417 1
1326 1418 1
1326 1420 1
1326 1499 1
1326 1511 1
1326 1518 1
1326 1563 1
1326 1564 1
1326 1569 1
1326 1583 1
1326 1642 1
1326 1667 1
1326 1710 1
1326 1738 1
1326 1782 1
1326 1792 1
1326 1836 1
1326 1901 1
1326 1904 1
1327 1355 1
1327 1399 1
1327 1482 1
1327 1513 1
1327 1515 1
1327 1589 1
1327 1598 1
1327 1604 1
1327 1643 1
1327 1644 1
1327 1651 1
1327 1703 1
1327 1872 1
1327 1921 1
1327 1938 1
1327 1965 1
1327 1975 1
1327 1993 1
1327 1994 1
1328 1388 1
1328 1626 1
1328 1819 1
1328 1821 1
1328 1841 1
1328 1898 1
1328 1978 1
1328 1993 1
1329 1491 1
1329 1586 1
1329 1604 1
1329 1669 1
1329 1682 1
1329 1689 1
1329 1793 1
1329 1800 1
1329 1807 1
1329 1838 1
1329 1842 1
1329 1893 1
1329 1947 1
1330 1414 1
1330 1420 1
1330 1464 1
1330 1479 1
1330 1501 1
1330 1515 1
1330 1562 1
1330 1564 1
1330 1676 1
1330 1678 1
1330 1790 1
1330 1894 1
1330 1912 1
1330 1913 1
1331 1349 1
1331 1361 1
1331 1399 1
1331 1400 1
1331 1414 1
1331 1434 1
1331 1437 1
1331 1466 1
1331 1480 1
1331 1506 1
1331 1510 1
1331 1527 1
1331 1578 1
1331 1587 1
1331 1642 1
1331 1766 1
1331 1772 1
1331 1786 1
1331 1870 1
1331 1872 1
1331 1910 1
1331 1970 1
1331 1973 1
1332 1336 1
1332 1379 1
1332 1449 1
1332 1481 1
1332 1482 1
1332 1514 1
1332 1522 1
1332 1591 1
1332 1606 1
1332 1609 1
1332 1616 1
1332 1648 1
1332 1661 1
1332 1675 1
1332 1681 1
1332 1772 1
1332 1833 1
1332 1846 1
1332 1897 1
1332 1907 1
1332 1918 1
1332 1929 1
1333 1348 1
1333 1353 1
1333 1391 1
1333 1462 1
1333 1468 1
1333 1505 1
1333 1534 1
1333 1639 1
1333 1739 1
1333 1754 1
1333 1805 1
1333 1875 1
1333 1885 1
1333 1913 1
1333 1916 1
1333 1978 1
1333 1982 1
1333 1999 1
1334 1373 1
1334 1385 1
1334 1464 1
1334 1611 1
1334 1635 1
1334 1671 1
1334 1824 1
1334 1848 1
1335 1340 1
1335 1363 1
1335 1367 1
1335 1376 1
1335 1482 1
1335 1525 1
1335 1666 1
1335 1698 1
1335 1846 1
1335 1898 1
1335 1906 1
1335 1941 1
1335 1957 1
1336 1374 1
1336 1386 1
1336 1412 1
1336 1447 1
1336 1502 1
1336 1538 1
1336 1562 1
1336 1631 1
1336 1646 1
1336 1664 1
1336 1666 1
1336 1689 1
1336 1755 1
1336 1824 1
1336 1933 1
1337 1390 1
1337 1438 1
1337 1506 1
1337 1532 1
1337 1565 1
1337 1696 1
1337 1722 1
1337 1797 1
1337 1800 1
1337 1808 1
1337 1833 1
1337 1995 1
1338 1361 1
1338 1378 1
1338 1414 1
1338 1546 1
1338 1585 1
1338 1704 1
1338 1720 1
1338 1723 1
1338 1788 1
1338 1841 1
1338 1908 1
1338 1967 1
1338 1970 1
1339 1409 1
1339 1433 1
1339 1490 1
1339 1512 1
1339 1584 1
1339 1585 1
1339 1591 1
1339 1594 1
1339 1650 1
1339 1724 1
1339 1757 1
1339 1839 1
1339 1915 1
1339 1930 1
1339 1981 1
1340 1351 1
1340 1382 1
1340 1387 1
1340 1506 1
1340 1558 1
1340 1606 1
1340 1655 1
1340 1658 1
1340 1687 1
1340 1721 1
1340 1803 1
1340 1823 1
1340 1849 1
1341 1440 1
1341 1453 1
1341 1483 1
1341 1513 1
1341 1530 1
1341 1542 1
1341 1575 1
1341 1585 1
1341 1626 1
1341 1663 1
1341 1767 1
1341 1812 1
1341 1830 1
1341 1857 1
1341 1875 1
1341 1899 1
1341 1910 1
1342 1359 1
1342 1396 1
1342 1439 1
1342 1472 1
1342 1490 1
1342 1502 1
1342 1523 1
1342 1527 1
1342 1550 1
1342 1572 1
1342 1583 1
1342 1659 1
1342 1704 1
1342 1724 1
1342 1744 1
1342 1753 1
1342 1778 1
1342 1780 1
1342 1796 1
1342 1840 1
1342 1864 1
1342 1952 1
1343 1431 1
1343 1441 1
1343 1450 1
1343 1507 1
1343 1545 1
1343 1621 1
1343 1641 1
1343 1648 1
1343 1703 1
1343 1706 1
1343 1739 1
1343 1747 1
1343 1784 1
1343 1788 1
1343 1805 1
1343 1829 1
1343 1950 1
1343 1953 1
1344 1346 1
1344 1465 1
1344 1479 1
1344 1554 1
1344 1607 1
1344 1616 1
1344 1648 1
1344 1665 1
1344 1722 1
1344 1724 1
1344 1773 1
1344 1781 1
1344 1796 1
1344 1843 1
1344 1853 1
1344 1929 1
1344 1969 1
1345 1356 1
1345 1360 1
1345 1371 1
1345 1377 1
1345 1398 1
1345 1416 1
1345 1546 1
1345 1601 1
1345 1736 1
1345 1943 1
1345 1975 1
1345 1995 1
1346 1408 1
1346 1443 1
1346 1488 1
1346 1550 1
1346 1551 1
1346 1583 1
1346 1599 1
1346 1621 1
1346 1633 1
1346 1683 1
1346 1702 1
1346 1712 1
1346 1723 1
1346 1725 1
1346 1809 1
1346 1832 1
1346 1924 1
1347 1418 1
1347 1480 1
1347 1493 1
1347 1683 1
1347 1693 1
1347 1759 1
1347 1775 1
1347 1847 1
1347 1859 1
1347 1868 1
1347 1874 1
1347 1999 1
1348 1361 1
1348 1367 1
1348 1406 1
1348 1413 1
1348 1419 1
1348 1480 1
1348 1495 1
1348 1564 1
1348 1616 1
1348 1627 1
1348 1676 1
1348 1704 1
1348 1733 1
1348 1804 1
1348 1817 1
1348 1861 1
1348 1963 1
1348 1995 1
1349 1359 1
1349 1366 1
1349 1367 1
1349 1405 1
1349 1411 1
1349 1428 1
1349 1429 1
1349 1495 1
1349 1498 1
1349 1518 1
1349 1547 1
1349 1559 1
1349 1563 1
1349 1583 1
1349 1609 1
1349 1612 1
1349 1616 1
1349 1641 1
1349 1710 1
1349 1730 1
1349 1764 1
1349 1799 1
1349 1837 1
1349 1846 1
1349 1887 1
1349 1903 1
1349 1938 1
1349 1947 1
1349 1952 1
1349 1954 1
1349 1983 1
1350 1445 1
1350 1513 1
1350 1531 1
1350 1570 1
1350 1581 1
1350 1593 1
1350 1596 1
1350 1600 1
1350 1735 1
1350 1769 1
1350 1850 1
1350 1856 1
1350 1861 1
1350 1877 1
1351 1370 1
1351 1456 1
1351 1548 1
1351 1591 1
1351 1594 1
1351 1616 1
1351 1676 1
1351 1722 1
1351 1756 1
1351 1884 1
1351 1955 1
1351 1982 1
1352 1407 1
1352 1451 1
1352 1562 1
1352 1611 1
1352 1742 1
1352 1793 1
1352 1832 1
1352 1849 1
1353 1364 1
1353 1372 1
1353 1386 1
1353 1392 1
1353 1406 1
1353 1461 1
1353 1498 1
1353 1531 1
1353 1541 1
1353 1594 1
1353 1614 1
1353 1669 1
1353 1685 1
1353 1687 1
1353 1728 1
1353 1730 1
1353 1737 1
1353 1807 1
1353 1846 1
1353 1907 1
1353 1953 1
1353 1972 1
1353 1992 1
1354 1358 1
1354 1386 1
1354 1482 1
1354 1525 1
1354 1546 1
1354 1555 1
1354 1557 1
1354 1561 1
1354 1653 1
1354 1679 1
1354 1705 1
1354 1759 1
1354 1773 1
1354 1799 1
1354 1944 1
1355 1387 1
1355 1460 1
1355 1481 1
1355 1518 1
1355 1568 1
1355 1592 1
1355 1617 1
1355 1648 1
1355 1675 1
1355 1714 1
1355 1745 1
1355 1785 1
1355 1793 1
1355 1864 1
1355 1875 1
1355 1909 1
1355 1944 1
1355 1952 1
1355 1974 1
1355 1985 1
1356 1365 1
1356 1390 1
1356 1540 1
1356 1597 1
1356 1685 1
1356 1792 1
1356 1880 1
1356 1914 1
1356 1920 1
1356 1947 1
1356 1961 1
1357 1488 1
1357 1536 1
1357 1540 1
1357 1556 1
1357 1559 1
1357 1663 1
1357 1745 1
1357 1812 1
1357 1866 1
1357 1948 1
1357 1963 1
1357 1965 1
1358 1359 1
1358 1418 1
1358 1443 1
1358 1454 1
1358 1457 1
1358 1490 1
1358 1554 1
1358 1580 1
1358 1584 1
1358 1605 1
1358 1622 1
1358 1664 1
1358 1725 1
1358 1798 1
1359 1518 1
1359 1528 1
1359 1629 1
1359 1681 1
1359 1683 1
1359 1775 1
1359 1804 1
1359 1938 1
1359 1972 1
1360 1447 1
1360 1473 1
1360 1498 1
1360 1504 1
1360 1511 1
1360 1631 1
1360 1720 1
1360 1810 1
1360 1837 1
1360 1877 1
1360 1883 1
1360 1913 1
1361 1370 1
1361 1373 1
1361 1385 1
1361 1422 1
1361 1475 1
1361 1493 1
1361 1623 1
1361 1631 1
1361 1664 1
1361 1665 1
1361 1684 1
1361 1711 1
1361 1739 1
1361 1811 1
1361 1819 1
1361 1867 1
1361 1897 1
1361 1930 1
1361 1935 1
1362 1382 1
1362 1469 1
1362 1486 1
1362 1648 1
1362 1690 1
1362 1695 1
1362 1728 1
1362 1736 1
1362 1772 1
1362 1836 1
1362 1846 1
1362 1968 1
1362 1987 1
1362 1991 1
1363 1381 1
1363 1416 1
1363 1479 1
1363 1548 1
1363 1557 1
1363 1986 1
1363 1996 1
1364 1374 1
1364 1407 1
1364 1471 1
1364 1496 1
1364 1541 1
1364 1558 1
1364 1607 1
1364 1611 1
1364 1620 1
1364 1625 1
1364 1659 1
1364 1680 1
1364 1778 1
1364 1783 1
1364 1855 1
1364 1862 1
1364 1890 1
1364 1994 1
1365 1385 1
1365 1412 1
1365 1561 1
1365 1619 1
1365 1734 1
1365 1742 1
1365 1781 1
1365 1813 1
1365 1846 1
1365 1851 1
1365 1993 1
1366 1450 1
1366 1468 1
1366 1569 1
1366 1573 1
1366 1692 1
1366 1709 1
1366 1785 1
1366 1796 1
1366 1807 1
1366 1808 1
1366 1816 1
1366 1869 1
1366 1928 1
1367 1664 1
1367 1683 1
1367 1710 1
1367 1718 1
1367 1721 1
1367 1762 1
1368 1380 1
1368 1394 1
1368 1399 1
1368 1426 1
1368 1528 1
1368 1560 1
1368 1574 1
1368 1653 1
1368 1665 1
1368 1697 1
1368 1702 1
1368 1756 1
1368 1777 1
1368 1783 1
1368 1856 1
1368 1869 1
1368 1916 1
1368 1919 1
1368 1972 1
1368 1993 1
1369 1396 1
1369 1509 1
1369 1561 1
1369 1594 1
1369 1679 1
1369 1682 1
1369 1769 1
1369 1776 1
1369 1921 1
1369 1924 1
1369 1981 1
1369 1982 1
1370 1400 1
1370 1405 1
1370 1473 1
1370 1501 1
1370 1543 1
1370 1594 1
1370 1634 1
1370 1665 1
1370 1677 1
1370 1800 1
1370 1805 1
1370 1829 1
1370 1890 1
1370 1892 1
1370 1907 1
1370 1946 1
1371 1373 1
1371 1434 1
1371 1467 1
1371 1483 1
1371 1517 1
1371 1544 1
1371 1582 1
1371 1596 1
1371 1619 1
1371 1621 1
1371 1660 1
1371 1671 1
1371 1677 1
1371 1733 1
1371 1746 1
1371 1852 1
1371 1921 1
1371 1957 1
1371 2000 1
1372 1449 1
1372 1464 1
1372 1506 1
1372 1531 1
1372 1557 1
1372 1567 1
1372 1595 1
1372 1629 1
1372 1675 1
1372 1690 1
1372 1693 1
1372 1701 1
1372 1715 1
1372 1779 1
1372 1848 1
1372 1874 1
1372 1884 1
1372 1899 1
1372 1922 1
1373 1397 1
1373 1463 1
1373 1522 1
1373 1547 1
1373 1663 1
1373 1758 1
1373 1775 1
1373 1798 1
1373 1806 1
1373 1827 1
1373 1833 1
1373 1837 1
1373 1900 1
1373 1924 1
1374 1406 1
1374 1421 1
1374 1446 1
1374 1465 1
1374 1543 1
1374 1655 1
1374 1663 1
1374 1684 1
1374 1754 1
1374 1829 1
1374 1865 1
1374 1941 1
1375 1381 1
1375 1385 1
1375 1456 1
1375 1543 1
1375 1611 1
1375 1625 1
1375 1777 1
1375 1780 1
1375 1781 1
1375 1807 1
1375 1873 1
1375 1881 1
1376 1458 1
1376 1465 1
1376 1533 1
1376 1545 1
1376 1563 1
1376 1565 1
1376 1594 1
1376 1647 1
1376 1717 1
1376 1788 1
1376 1887 1
1376 1905 1
1376 1922 1
1376 1942 1
1377 1381 1
1377 1409 1
1377 1447 1
1377 1532 1
1377 1553 1
1377 1568 1
1377 1661 1
1377 1675 1
1377 1703 1
1377 1786 1
1377 1804 1
1377 1821 1
1377 1880 1
1377 1897 1
1377 1913 1
1377 1915 1
1377 1943 1
1377 1988 1
1377 1995 1
1378 1401 1
1378 1581 1
1378 1629 1
1378 1669 1
1378 1752 1
1378 1803 1
1378 1818 1
1378 1847 1
1378 1896 1
1378 1991 1
1379 1480 1
1379 1489 1
1379 1562 1
1379 1597 1
1379 1640 1
1379 1666 1
1379 1672 1
1379 1726 1
1379 1811 1
1379 1829 1
1379 1839 1
1379 1899 1
1379 1933 1
1380 1406 1
1380 1572 1
1380 1601 1
1380 1609 1
1380 1660 1
1380 1675 1
1380 1688 1
1380 1707 1
1380 1709 1
1380 1737 1
1380 1745 1
1380 1759 1
1380 1779 1
1380 1793 1
1380 1865 1
1380 1904 1
1380 1939 1
1380 1957 1
1380 1979 1
1380 1992 1
1381 1413 1
1381 1477 1
1381 1524 1
1381 1589 1
1381 1594 1
1381 1632 1
1381 1717 1
1381 1742 1
1381 1788 1
1381 1792 1
1381 1803 1
1381 1829 1
1381 1839 1
1381 1936 1
1381 1976 1
1382 1429 1
1382 1435 1
1382 1513 1
1382 1525 1
1382 1536 1
1382 1552 1
1382 1558 1
1382 1646 1
1382 1654 1
1382 1681 1
1382 1706 1
1382 1713 1
1382 1736 1
1382 1748 1
1382 1779 1
1382 1782 1
1382 1830 1
1382 1882 1
1382 1913 1
1382 1972 1
1382 1996 1
1383 1413 1
1383 1458 1
1383 1469 1
1383 1536 1
1383 1586 1
1383 1639 1
1383 1710 1
1383 1811 1
1383 1835 1
1383 1857 1
1383 1901 1
1383 1954 1
1383 1976 1
1383 1990 1
1384 1409 1
1384 1439 1
1384 1444 1
1384 1471 1
1384 1500 1
1384 1822 1
1384 1853 1
1384 1871 1
1384 1890 1
1384 1895 1
1384 1907 1
1384 1927 1
1384 1940 1
1385 1399 1
1385 1499 1
1385 1520 1
1385 1565 1
1385 1571 1
1385 1621 1
1385 1715 1
1385 1751 1
1385 1791 1
1385 1875 1
1385 1896 1
1385 1897 1
1385 1911 1
1386 1464 1
1386 1535 1
1386 1546 1
1386 1610 1
1386 1634 1
1386 1647 1
1386 1676 1
1386 1678 1
1386 1776 1
1386 1789 1
1386 1834 1
1386 1874 1
1386 1903 1
1386 1907 1
1386 1932 1
1386 1943 1
1386 1971 1
1387 1398 1
1387 1522 1
1387 1543 1
1387 1609 1
1387 1638 1
1387 1667 1
1387 1719 1
1387 1809 1
1387 1948 1
1387 1995 1
1388 1395 1
1388 1457 1
1388 1537 1
1388 1542 1
1388 1603 1
1388 1723 1
1388 1725 1
1388 1743 1
1388 1760 1
1388 1764 1
1388 1792 1
1388 1828 1
1388 1903 1
1388 1916 1
1388 1963 1
1388 1976 1
1388 1989 1
1388 1994 1
1388 2000 1
1389 1433 1
1389 1561 1
1389 1575 1
1389 1595 1
1389 1628 1
1389 1630 1
1389 1662 1
1389 1710 1
1389 1743 1
1389 1751 1
1389 1789 1
1389 1831 1
1389 1867 1
1389 1954 1
1389 1959 1
1389 1975 1
1389 1978 1
1390 1392 1
1390 1406 1
1390 1420 1
1390 1456 1
1390 1532 1
1390 1551 1
1390 1555 1
1390 1593 1
1390 1776 1
1390 1821 1
1390 1828 1
1390 1877 1
1390 1901 1
1390 1907 1
1390 1927 1
1390 1998 1
1391 1426 1
1391 1482 1
1391 1497 1
1391 1509 1
1391 1546 1
1391 1548 1
1391 1630 1
1391 1649 1
1391 1659 1
1391 1735 1
1391 1749 1
1391 1943 1
1391 1958 1
1391 1992 1
1391 1997 1
1391 2000 1
1392 1398 1
1392 1423 1
1392 1424 1
1392 1490 1
1392 1517 1
1392 1523 1
1392 1527 1
1392 1529 1
1392 1554 1
1392 1604 1
1392 1681 1
1392 1682 1
1392 1702 1
1392 1708 1
1392 1720 1
1392 1735 1
1392 1750 1
1392 1806 1
1392 1836 1
1392 1907 1
1392 1987 1
1392 1993 1
1393 1434 1
1393 1474 1
1393 1520 1
1393 1534 1
1393 1544 1
1393 1615 1
1393 1617 1
1393 1648 1
1393 1686 1
1393 1756 1
1393 1759 1
1393 1776 1
1393 1974 1
1393 1980 1
1394 1414 1
1394 1450 1
1394 1512 1
1394 1595 1
1394 1616 1
1394 1628 1
1394 1659 1
1394 1689 1
1394 1732 1
1394 1802 1
1394 1813 1
1394 1885 1
1394 1915 1
1395 1399 1
1395 1409 1
1395 1491 1
1395 1584 1
1395 1599 1
1395 1694 1
1395 1715 1
1395 1734 1
1395 1751 1
1395 1755 1
1395 1764 1
1395 1778 1
1395 1817 1
1395 1853 1
1395 1855 1
1395 1872 1
1395 1905 1
1395 1940 1
1395 1952 1
1395 1961 1
1395 1978 1
1395 1986 1
1396 1607 1
1396 1640 1
1396 1723 1
1396 1728 1
1396 1765 1
1396 1881 1
1397 1411 1
1397 1455 1
1397 1473 1
1397 1497 1
1397 1517 1
1397 1590 1
1397 1606 1
1397 1619 1
1397 1650 1
1397 1734 1
1397 1744 1
1397 1813 1
1397 1830 1
1397 1841 1
1397 1849 1
1397 1855 1
1398 1446 1
1398 1496 1
1398 1498 1
1398 1513 1
1398 1559 1
1398 1597 1
1398 1605 1
1398 1655 1
1398 1671 1
1398 1673 1
1398 1697 1
1398 1703 1
1398 1758 1
1398 1870 1
1398 1969 1
1399 1427 1
1399 1494 1
1399 1510 1
1399 1577 1
1399 1634 1
1399 1735 1
1399 1746 1
1399 1811 1
1399 1862 1
1399 1878 1
1399 1994 1
1400 1471 1
1400 1478 1
1400 1479 1
1400 1524 1
1400 1610 1
1400 1633 1
1400 1643 1
1400 1658 1
1400 1671 1
1400 1683 1
1400 1704 1
1400 1752 1
1400 1849 1
1400 1856 1
1400 1864 1
1400 1882 1
1400 1915 1
1400 1965 1
1401 1424 1
1401 1485 1
1401 1849 1
1401 1850 1
1401 1905 1
1401 1909 1
1401 1921 1
1401 1954 1
1401 1964 1
1402 1420 1
1402 1483 1
1402 1518 1
1402 1603 1
1402 1626 1
1402 1633 1
1402 1634 1
1402 1655 1
1402 1696 1
1402 1729 1
1402 1734 1
1402 1757 1
1402 1787 1
1402 1851 1
1402 1897 1
1403 1519 1
1403 1649 1
1403 1655 1
1403 1664 1
1403 1692 1
1403 1709 1
1403 1845 1
1403 1868 1
1403 1887 1
1403 1896 1
1403 1920 1
1403 1979 1
1404 1445 1
1404 1506 1
1404 1515 1
1404 1523 1
1404 1543 1
1404 1547 1
1404 1650 1
1404 1814 1
1404 1824 1
1404 1868 1
1404 1910 1
1405 1412 1
1405 1428 1
1405 1506 1
1405 1508 1
1405 1542 1
1405 1543 1
1405 1561 1
1405 1603 1
1405 1642 1
1405 1647 1
1405 1717 1
1405 1720 1
1405 1750 1
1405 1821 1
1405 1854 1
1405 1874 1
1405 1905 1
1405 1986 1
1406 1415 1
1406 1422 1
1406 1433 1
1406 1444 1
1406 1455 1
1406 1480 1
1406 1526 1
1406 1543 1
1406 1581 1
1406 1604 1
1406 1618 1
1406 1629 1
1406 1697 1
1406 1753 1
1406 1785 1
1406 1824 1
1406 1829 1
1406 1862 1
1406 1946 1
1406 1953 1
1406 1978 1
1407 1422 1
1407 1439 1
1407 1470 1
1407 1486 1
1407 1524 1
1407 1588 1
1407 1615 1
1407 1737 1
1407 1808 1
1407 1823 1
1407 1824 1
1407 1946 1
1408 1434 1
1408 1440 1
1408 1461 1
1408 1480 1
1408 1554 1
1408 1790 1
1408 1794 1
1408 1797 1
1408 1798 1
1408 1857 1
1408 1991 1
1409 1528 1
1409 1573 1
1409 1609 1
1409 1613 1
1409 1641 1
1409 1738 1
1409 1827 1
1409 1951 1
1409 1979 1
1410 1432 1
1410 1439 1
1410 1525 1
1410 1596 1
1410 1629 1
1410 1671 1
1410 1692 1
1410 1708 1
1410 1792 1
1410 1841 1
1410 1922 1
1411 1423 1
1411 1489 1
1411 1494 1
1411 1507 1
1411 1510 1
1411 1541 1
1411 1587 1
1411 1649 1
1411 1653 1
1411 1710 1
1411 1746 1
1411 1772 1
1411 1785 1
1411 1805 1
1411 1823 1
1411 1832 1
1411 1865 1
1411 1902 1
1411 1975 1
1412 1444 1
1412 1446 1
1412 1449 1
1412 1471 1
1412 1490 1
1412 1503 1
1412 1518 1
1412 1563 1
1412 1580 1
1412 1585 1
1412 1587 1
1412 1614 1
1412 1616 1
1412 1628 1
1412 1634 1
1412 1664 1
1412 1681 1
1412 1768 1
1412 1785 1
1412 1789 1
1412 1879 1
1412 1984 1
1412 1986 1
1413 1467 1
1413 1528 1
1413 1529 1
1413 1565 1
1413 1582 1
1413 1603 1
1413 1609 1
1413 1629 1
1413 1640 1
1413 1673 1
1413 1679 1
1413 1782 1
1413 1786 1
1413 1961 1
1414 1450 1
1414 1469 1
1414 1489 1
1414 1515 1
1414 1576 1
1414 1579 1
1414 1592 1
1414 1629 1
1414 1724 1
1414 1805 1
1414 1835 1
1414 1842 1
1414 1849 1
1414 1912 1
1414 1952 1
1414 1961 1
1414 1963 1
1415 1484 1
1415 1511 1
1415 1542 1
1415 1581 1
1415 1621 1
1415 1646 1
1415 1713 1
1415 1791 1
1415 1792 1
1415 1797 1
1415 1842 1
1415 1882 1
1415 1883 1
1415 1947 1
1415 1967 1
1415 1971 1
1415 1981 1
1416 1429 1
1416 1443 1
1416 1537 1
1416 1541 1
1416 1582 1
1416 1633 1
1416 1654 1
1416 1706 1
1416 1731 1
1416 1748 1
1416 1751 1
1416 1806 1
1416 1809 1
1416 1854 1
1416 1888 1
1416 1948 1
1416 1949 1
1416 1978 1
1417 1502 1
1417 1505 1
1417 1529 1
1417 1537 1
1417 1549 1
1417 1568 1
1417 1582 1
1417 1627 1
1417 1631 1
1417 1692 1
1417 1711 1
1417 1831 1
1417 1845 1
1417 1852 1
1417 1869 1
1417 1879 1
1417 1906 1
1417 1975 1
1418 1441 1
1418 1443 1
1418 1504 1
1418 1554 1
1418 1574 1
1418 1608 1
1418 1611 1
1418 1643 1
1418 1663 1
1418 1723 1
1418 1763 1
1418 1818 1
1418 1831 1
1418 1832 1
1418 1835 1
1418 1849 1
1418 1858 1
1418 1860 1
1418 1893 1
1418 1963 1
1419 1446 1
1419 1447 1
1419 1579 1
1419 1580 1
1419 1659 1
1419 1724 1
1419 1771 1
1419 1792 1
1419 1809 1
1419 1834 1
1419 1837 1
1419 1867 1
1419 1888 1
1419 1911 1
1419 1967 1
1419 1985 1
1420 1432 1
1420 1457 1
1420 1507 1
1420 1539 1
1420 1555 1
1420 1634 1
1420 1636 1
1420 1659 1
1420 1660 1
1420 1666 1
1420 1718 1
1420 1739 1
1420 1765 1
1420 1846 1
1420 1951 1
1420 1966 1
1420 1986 1
1420 1989 1
1421 1486 1
1421 1585 1
1421 1591 1
1421 1616 1
1421 1630 1
1421 1672 1
1421 1694 1
1421 1706 1
1421 1718 1
1421 1758 1
1421 1777 1
1421 1782 1
1421 1785 1
1421 1887 1
1421 1894 1
1422 1506 1
1422 1548 1
1422 1582 1
1422 1590 1
1422 1628 1
1422 1648 1
1422 1650 1
1422 1693 1
1422 1830 1
1422 1861 1
1422 1893 1
1422 1954 1
1423 1447 1
1423 1479 1
1423 1519 1
1423 1555 1
1423 1642 1
1423 1687 1
1423 1813 1
1423 1818 1
1423 1864 1
1423 1881 1
1423 1884 1
1423 1990 1
1423 1996 1
1424 1457 1
1424 1479 1
1424 1517 1
1424 1549 1
1424 1605 1
1424 1626 1
1424 1667 1
1424 1705 1
1424 1727 1
1424 1767 1
1424 1827 1
1424 1909 1
1424 1944 1
1424 1951 1
1425 1433 1
1425 1463 1
1425 1501 1
1425 1537 1
1425 1610 1
1425 1821 1
1425 1844 1
1425 1876 1
1425 1940 1
1426 1430 1
1426 1444 1
1426 1590 1
1426 1638 1
1426 1663 1
1426 1698 1
1426 1749 1
1426 1808 1
1426 1814 1
1426 1861 1
1426 1888 1
1426 1942 1
1427 1460 1
1427 1469 1
1427 1473 1
1427 1484 1
1427 1499 1
1427 1502 1
1427 1538 1
1427 1578 1
1427 1588 1
1427 1590 1
1427 1623 1
1427 1636 1
1427 1652 1
1427 1658 1
1427 1668 1
1427 1719 1
1427 1780 1
1427 1794 1
1427 1802 1
1427 1859 1
1427 1933 1
1427 1972 1
1427 1998 1
1428 1495 1
1428 1509 1
1428 1588 1
1428 1650 1
1428 1658 1
1428 1844 1
1428 1851 1
1428 1947 1
1429 1435 1
1429 1437 1
1429 1545 1
1429 1683 1
1429 1687 1
1429 1813 1
1429 1843 1
1429 1886 1
1429 1908 1
1429 1967 1
1430 1457 1
1430 1465 1
1430 1505 1
1430 1522 1
1430 1568 1
1430 1589 1
1430 1619 1
1430 1712 1
1430 1748 1
1430 1784 1
1430 1802 1
1430 1856 1
1430 1916 1
1430 1922 1
1430 1938 1
1430 1961 1
1430 1973 1
1430 1990 1
1431 1485 1
1431 1501 1
1431 1569 1
1431 1571 1
1431 1580 1
1431 1608 1
1431 1686 1
1431 1695 1
1431 1697 1
1431 1710 1
1431 1759 1
1431 1772 1
1431 1842 1
1431 1922 1
1431 1932 1
1431 1935 1
1431 1950 1
1432 1434 1
1432 1440 1
1432 1520 1
1432 1537 1
1432 1564 1
1432 1610 1
1432 1622 1
1432 1623 1
1432 1654 1
1432 1670 1
1432 1680 1
1432 1681 1
1432 1690 1
1432 1701 1
1432 1863 1
1432 1919 1
1432 1989 1
1433 1469 1
1433 1521 1
1433 1553 1
1433 1586 1
1433 1619 1
1433 1668 1
1433 1701 1
1433 1749 1
1433 1808 1
1433 1821 1
1433 1864 1
1433 1933 1
1433 1962 1
1433 1966 1
1433 1984 1
1433 1998 1
1434 1461 1
1434 1484 1
1434 1544 1
1434 1547 1
1434 1561 1
1434 1642 1
1434 1669 1
1434 1709 1
1434 1805 1
1434 1820 1
1434 1846 1
1434 1872 1
1434 1893 1
1434 1907 1
1434 1908 1
1434 1988 1
1435 1449 1
1435 1457 1
1435 1459 1
1435 1473 1
1435 1496 1
1435 1557 1
1435 1560 1
1435 1571 1
1435 1592 1
1435 1621 1
1435 1626 1
1435 1627 1
1435 1632 1
1435 1653 1
1435 1660 1
1435 1661 1
1435 1704 1
1435 1709 1
1435 1735 1
1435 1741 1
1435 1842 1
1435 1858 1
1435 1862 1
1435 1874 1
1435 1879 1
1435 1888 1
1435 1905 1
1435 1917 1
1435 1923 1
1435 1964 1
1436 1458 1
1436 1528 1
1436 1529 1
1436 1604 1
1436 1615 1
1436 1616 1
1436 1666 1
1436 1684 1
1436 1704 1
1436 1777 1
1436 1796 1
1436 1799 1
1436 1805 1
1436 1808 1
1436 1825 1
1436 1845 1
1436 1926 1
1436 1939 1
1436 1943 1
1436 1979 1
1436 2000 1
1437 1457 1
1437 1462 1
1437 1609 1
1437 1617 1
1437 1670 1
1437 1674 1
1437 1734 1
1437 1767 1
1437 1828 1
1437 1891 1
1437 1896 1
1438 1445 1
1438 1542 1
1438 1665 1
1438 1695 1
1438 1710 1
1438 1798 1
1438 1804 1
1438 1805 1
1438 1883 1
1439 1462 1
1439 1491 1
1439 1497 1
1439 1541 1
1439 1605 1
1439 1644 1
1439 1670 1
1439 1684 1
1439 1709 1
1439 1719 1
1439 1735 1
1439 1754 1
1439 1874 1
1439 1934 1
1439 1948 1
1439 1955 1
1440 1461 1
1440 1473 1
1440 1665 1
1440 1690 1
1440 1766 1
1440 1771 1
1440 1882 1
1440 1886 1
1440 1943 1
1440 1963 1
1440 1976 1
1441 1557 1
1441 1582 1
1441 1610 1
1441 1688 1
1441 1697 1
1441 1702 1
1441 1780 1
1441 1859 1
1441 1884 1
1441 1957 1
1442 1480 1
1442 1582 1
1442 1697 1
1442 1712 1
1442 1764 1
1442 1789 1
1442 1857 1
1442 1884 1
1442 1911 1
1442 1972 1
1442 1975 1
1443 1462 1
1443 1464 1
1443 1468 1
1443 1615 1
1443 1660 1
1443 1743 1
1443 1768 1
1443 1811 1
1443 1817 1
1443 1845 1
1443 1963 1
1443 1976 1
1444 1487 1
1444 1530 1
1444 1549 1
1444 1668 1
1444 1696 1
1444 1792 1
1444 1883 1
1444 1897 1
1444 1946 1
1444 1994 1
1445 1487 1
1445 1493 1
1445 1589 1
1445 1599 1
1445 1644 1
1445 1717 1
1445 1734 1
1445 1768 1
1445 1811 1
1445 1856 1
1445 1950 1
1445 1951 1
1445 1952 1
1446 1455 1
1446 1462 1
1446 1508 1
1446 1578 1
1446 1587 1
1446 1592 1
1446 1601 1
1446 1770 1
1446 1793 1
1446 1804 1
1446 1806 1
1446 1832 1
1446 1864 1
1446 1912 1
1446 1917 1
1446 1956 1
1447 1537 1
1447 1593 1
1447 1618 1
1447 1641 1
1447 1674 1
1447 1682 1
1447 1739 1
1447 1744 1
1447 1748 1
1447 1761 1
1447 1888 1
1447 1922 1
1447 1992 1
1447 1996 1
1448 1462 1
1448 1463 1
1448 1476 1
1448 1518 1
1448 1578 1
1448 1638 1
1448 1646 1
1448 1650 1
1448 1667 1
1448 1696 1
1448 1699 1
1448 1720 1
1448 1795 1
1448 1811 1
1448 1848 1
1448 1883 1
1448 1911 1
1448 1942 1
1449 1533 1
1449 1551 1
1449 1602 1
1449 1608 1
1449 1747 1
1449 1772 1
1449 1776 1
1449 1811 1
1449 1886 1
1449 1914 1
1449 1916 1
1449 1953 1
1450 1496 1
1450 1546 1
1450 1558 1
1450 1571 1
1450 1579 1
1450 1611 1
1450 1637 1
1450 1691 1
1450 1709 1
1450 1727 1
1450 1728 1
1450 1815 1
1450 1881 1
1450 1883 1
1450 1932 1
1450 1953 1
1451 1459 1
1451 1461 1
1451 1521 1
1451 1522 1
1451 1600 1
1451 1604 1
1451 1670 1
1451 1730 1
1451 1752 1
1451 1773 1
1451 1794 1
1451 1803 1
1451 1819 1
1451 1826 1
1451 1877 1
1451 1906 1
1451 1930 1
1452 1535 1
1452 1576 1
1452 1614 1
1452 1677 1
1452 1852 1
1452 1858 1
1452 1901 1
1452 1986 1
1453 1468 1
1453 1541 1
1453 1583 1
1453 1674 1
1453 1713 1
1453 1755 1
1453 1784 1
1453 1824 1
1453 1847 1
1453 1864 1
1453 1888 1
1453 1901 1
1453 1912 1
1453 1937 1
1454 1457 1
1454 1467 1
1454 1519 1
1454 1588 1
1454 1693 1
1454 1704 1
1454 1782 1
1454 1802 1
1454 1997 1
1455 1473 1
1455 1515 1
1455 1528 1
1455 1535 1
1455 1559 1
1455 1568 1
1455 1588 1
1455 1594 1
1455 1764 1
1455 1812 1
1455 1853 1
1455 1908 1
1455 1943 1
1455 1950 1
1455 1961 1
1455 1993 1
1455 1995 1
1456 1498 1
1456 1519 1
1456 1598 1
1456 1690 1
1456 1707 1
1456 1711 1
1456 1743 1
1456 1757 1
1456 1787 1
1456 1788 1
1456 1807 1
1456 1819 1
1456 1952 1
1456 1967 1
1457 1465 1
1457 1466 1
1457 1475 1
1457 1483 1
1457 1503 1
1457 1576 1
1457 1609 1
1457 1629 1
1457 1635 1
1457 1668 1
1457 1708 1
1457 1804 1
1457 1853 1
1457 1893 1
1457 1916 1
1457 1935 1
1458 1480 1
1458 1487 1
1458 1517 1
1458 1523 1
1458 1534 1
1458 1551 1
1458 1572 1
1458 1592 1
1458 1621 1
1458 1678 1
1458 1698 1
1458 1716 1
1458 1733 1
1458 1760 1
1458 1892 1
1458 1915 1
1458 1929 1
1458 1940 1
1458 1996 1
1459 1497 1
1459 1530 1
1459 1579 1
1459 1611 1
1459 1798 1
1459 1856 1
1459 1872 1
1459 1910 1
1459 1939 1
1459 1955 1
1460 1557 1
1460 1588 1
1460 1591 1
1460 1679 1
1460 1688 1
1460 1722 1
1460 1733 1
1460 1746 1
1460 1767 1
1460 1887 1
1460 1936 1
1460 1948 1
1461 1564 1
1461 1598 1
1461 1697 1
1461 1713 1
1461 1753 1
1461 1848 1
1461 1887 1
1461 1893 1
1461 1930 1
1461 1957 1
1461 1997 1
1461 1999 1
1462 1481 1
1462 1552 1
1462 1585 1
1462 1590 1
1462 1620 1
1462 1625 1
1462 1662 1
1462 1815 1
1462 1836 1
1462 1907 1
1463 1506 1
1463 1563 1
1463 1580 1
1463 1595 1
1463 1596 1
1463 1599 1
1463 1617 1
1463 1702 1
1463 1754 1
1463 1840 1
1463 1854 1
1463 1855 1
1463 1891 1
1463 1936 1
1463 1958 1
1463 1989 1
1463 1994 1
1464 1534 1
1464 1644 1
1464 1686 1
1464 1747 1
1464 1785 1
1464 1803 1
1464 1814 1
1464 1927 1
1464 1960 1
1464 1971 1
1465 1516 1
1465 1544 1
1465 1571 1
1465 1616 1
1465 1748 1
1465 1757 1
1465 1799 1
1465 1814 1
1465 1823 1
1465 1846 1
1465 1894 1
1465 1953 1
1465 1965 1
1466 1516 1
1466 1520 1
1466 1585 1
1466 1632 1
1466 1757 1
1466 1919 1
1466 1956 1
1466 1973 1
1467 1507 1
1467 1543 1
1467 1549 1
1467 1603 1
1467 1660 1
1467 1709 1
1467 1722 1
1467 1749 1
1467 1791 1
1467 1797 1
1467 1802 1
1467 1958 1
1467 1964 1
1467 1991 1
1468 1504 1
1468 1561 1
1468 1632 1
1468 1664 1
1468 1747 1
1468 1861 1
1468 1955 1
1468 1963 1
1469 1566 1
1469 1597 1
1469 1630 1
1469 1680 1
1469 1725 1
1469 1748 1
1469 1779 1
1469 1837 1
1469 1867 1
1469 1927 1
1469 1959 1
1470 1491 1
1470 1509 1
1470 1541 1
1470 1595 1
1470 1651 1
1470 1696 1
1470 1699 1
1470 1704 1
1470 1791 1
1470 1885 1
1470 1897 1
1470 1960 1
1470 1998 1
1471 1530 1
1471 1555 1
1471 1562 1
1471 1572 1
1471 1613 1
1471 1629 1
1471 1658 1
1471 1666 1
1471 1685 1
1471 1686 1
1471 1711 1
1471 1737 1
1471 1788 1
1471 1804 1
1471 1816 1
1471 1869 1
1471 1881 1
1471 1896 1
1471 1950 1
1471 1964 1
1472 1511 1
1472 1514 1
1472 1543 1
1472 1555 1
1472 1580 1
1472 1591 1
1472 1601 1
1472 1626 1
1472 1641 1
1472 1667 1
1472 1705 1
1472 1792 1
1472 1981 1
1473 1515 1
1473 1583 1
1473 1594 1
1473 1690 1
1473 1707 1
1473 1742 1
1473 1820 1
1473 1901 1
1473 1920 1
1474 1655 1
1474 1664 1
1474 1693 1
1474 1759 1
1474 1779 1
1474 1902 1
1474 1907 1
1474 1941 1
1475 1532 1
1475 1686 1
1475 1707 1
1475 1724 1
1475 1759 1
1475 1764 1
1475 1881 1
1475 1892 1
1475 1998 1
1476 1482 1
1476 1535 1
1476 1560 1
1476 1574 1
1476 1591 1
1476 1754 1
1476 1821 1
1476 1829 1
1476 1871 1
1476 1887 1
1476 1900 1
1476 1906 1
1476 1948 1
1476 1953 1
1476 1961 1
1476 1964 1
1476 1972 1
1476 1987 1
1476 1995 1
1477 1493 1
1477 1495 1
1477 1540 1
1477 1553 1
1477 1564 1
1477 1568 1
1477 1624 1
1477 1627 1
1477 1706 1
1477 1725 1
1477 1796 1
1477 1859 1
1477 1904 1
1477 1932 1
1477 1943 1
1477 1990 1
1478 1544 1
1478 1607 1
1478 1668 1
1478 1679 1
1478 1714 1
1478 1717 1
1478 1758 1
1478 1780 1
1478 1836 1
1478 1893 1
1478 1929 1
1478 1994 1
1479 1495 1
1479 1509 1
1479 1535 1
1479 1570 1
1479 1666 1
1479 1725 1
1479 1761 1
1479 1809 1
1479 1817 1
1479 1886 1
1479 1925 1
1479 1934 1
1479 1940 1
1480 1506 1
1480 1509 1
1480 1536 1
1480 1548 1
1480 1581 1
1480 1652 1
1480 1690 1
1480 1692 1
1480 1695 1
1480 1773 1
1480 1809 1
1480 1943 1
1480 1949 1
1480 1976 1
1480 1978 1
1481 1501 1
1481 1541 1
1481 1544 1
1481 1591 1
1481 1622 1
1481 1718 1
1481 1854 1
1481 1885 1
1481 1902 1
1481 1904 1
1481 1936 1
1481 1972 1
1481 1993 1
1481 1998 1
1482 1513 1
1482 1592 1
1482 1638 1
1482 1663 1
1482 1665 1
1482 1672 1
1482 1765 1
1482 1799 1
1482 1876 1
1482 1910 1
1482 1947 1
1483 1489 1
1483 1491 1
1483 1552 1
1483 1637 1
1483 1646 1
1483 1675 1
1483 1682 1
1483 1714 1
1483 1746 1
1483 1760 1
1483 1790 1
1483 1880 1
1483 2000 1
1484 1563 1
1484 1568 1
1484 1608 1
1484 1611 1
1484 1617 1
1484 1849 1
1484 1851 1
1484 1925 1
1485 1504 1
1485 1505 1
1485 1617 1
1485 1714 1
1485 1809 1
1485 1858 1
1485 1866 1
1485 1870 1
1485 1886 1
1485 1930 1
1485 1940 1
1485 1994 1
1485 1995 1
1486 1518 1
1486 1552 1
1486 1561 1
1486 1584 1
1486 1678 1
1486 1712 1
1486 1719 1
1486 1774 1
1486 1782 1
1486 1875 1
1486 1900 1
1486 1947 1
1487 1497 1
1487 1589 1
1487 1764 1
1487 1786 1
1487 1816 1
1487 1900 1
1487 1930 1
1488 1495 1
1488 1516 1
1488 1519 1
1488 1531 1
1488 1560 1
1488 1683 1
1488 1718 1
1488 1743 1
1488 1773 1
1488 1794 1
1488 1799 1
1488 1947 1
1488 1981 1
1489 1509 1
1489 1511 1
1489 1534 1
1489 1537 1
1489 1623 1
1489 1692 1
1489 1778 1
1489 1863 1
1489 1871 1
1489 1961 1
1490 1576 1
1490 1588 1
1490 1627 1
1490 1642 1
1490 1644 1
1490 1722 1
1490 1997 1
1491 1516 1
1491 1556 1
1491 1566 1
1491 1592 1
1491 1640 1
1491 1689 1
1491 1699 1
1491 1705 1
1491 1716 1
1491 1729 1
1491 1771 1
1491 1796 1
1491 1803 1
1491 1822 1
1491 1881 1
1491 1886 1
1491 1914 1
1492 1632 1
1492 1683 1
1492 1693 1
1492 1789 1
1492 1853 1
1492 1861 1
1492 1877 1
1493 1524 1
1493 1535 1
1493 1585 1
1493 1631 1
1493 1690 1
1493 1788 1
1493 1800 1
1493 1802 1
1493 1810 1
1493 1851 1
1493 1861 1
1493 1924 1
1493 1936 1
1493 1946 1
1493 1960 1
1494 1517 1
1494 1555 1
1494 1576 1
1494 1601 1
1494 1617 1
1494 1630 1
1494 1635 1
1494 1686 1
1494 1700 1
1494 1731 1
1494 1739 1
1494 1786 1
1494 1823 1
1494 1893 1
1494 1958 1
1495 1500 1
1495 1516 1
1495 1542 1
1495 1595 1
1495 1623 1
1495 1632 1
1495 1690 1
1495 1708 1
1495 1736 1
1495 1776 1
1495 1804 1
1495 1858 1
1495 1880 1
1495 1885 1
1495 1934 1
1495 1965 1
1495 1997 1
1495 1998 1
1496 1522 1
1496 1567 1
1496 1599 1
1496 1661 1
1496 1705 1
1496 1725 1
1496 1734 1
1496 1743 1
1496 1794 1
1496 1798 1
1496 1802 1
1496 1812 1
1496 1843 1
1496 1936 1
1496 1955 1
1496 1965 1
1497 1508 1
1497 1520 1
1497 1577 1
1497 1734 1
1497 1878 1
1497 1898 1
1497 1917 1
1497 1928 1
1497 1941 1
1497 1960 1
1497 1993 1
1497 1994 1
1498 1507 1
1498 1551 1
1498 1553 1
1498 1589 1
1498 1688 1
1498 1748 1
1498 1878 1
1499 1514 1
1499 1529 1
1499 1587 1
1499 1588 1
1499 1638 1
1499 1748 1
1499 1779 1
1499 1797 1
1499 1801 1
1499 1821 1
1499 1964 1
1499 1990 1
1500 1545 1
1500 1558 1
1500 1576 1
1500 1592 1
1500 1598 1
1500 1660 1
1500 1700 1
1500 1754 1
1500 1757 1
1500 1762 1
1500 1768 1
1500 1812 1
1500 1828 1
1500 1884 1
1500 1885 1
1500 1891 1
1500 1911 1
1500 1935 1
1500 1963 1
1500 1989 1
1501 1513 1
1501 1553 1
1501 1601 1
1501 1666 1
1501 1682 1
1501 1689 1
1501 1697 1
1501 1759 1
1501 1780 1
1501 1798 1
1501 1843 1
1501 1845 1
1501 1915 1
1501 1981 1
1502 1555 1
1502 1590 1
1502 1599 1
1502 1609 1
1502 1629 1
1502 1649 1
1502 1697 1
1502 1759 1
1502 1773 1
1502 1847 1
1502 1999 1
1503 1504 1
1503 1505 1
1503 1526 1
1503 1572 1
1503 1580 1
1503 1615 1
1503 1618 1
1503 1636 1
1503 1679 1
1503 1690 1
1503 1718 1
1503 1745 1
1503 1826 1
1503 1887 1
1503 1961 1
1503 1994 1
1504 1531 1
1504 1680 1
1504 1720 1
1504 1797 1
1504 1893 1
1504 1899 1
1504 1969 1
1504 1977 1
1505 1602 1
1505 1628 1
1505 1654 1
1505 1660 1
1505 1665 1
1505 1721 1
1505 1730 1
1505 1742 1
1505 1783 1
1505 1790 1
1505 1823 1
1505 1834 1
1505 1852 1
1505 1898 1
1505 1909 1
1505 1983 1
1506 1521 1
1506 1538 1
1506 1557 1
1506 1576 1
1506 1640 1
1506 1672 1
1506 1727 1
1506 1804 1
1506 1841 1
1506 1878 1
1506 1889 1
1506 1903 1
1506 1926 1
1506 1970 1
1507 1553 1
1507 1588 1
1507 1646 1
1507 1682 1
1507 1782 1
1507 1789 1
1507 1790 1
1507 1818 1
1507 1829 1
1507 1832 1
1507 1918 1
1507 1921 1
1507 1985 1
1507 1988 1
1507 1999 1
1508 1524 1
1508 1569 1
1508 1592 1
1508 1602 1
1508 1672 1
1508 1726 1
1508 1733 1
1508 1755 1
1508 1917 1
1508 1964 1
1509 1531 1
1509 1585 1
1509 1639 1
1509 1694 1
1509 1695 1
1509 1751 1
1509 1771 1
1509 1969 1
1510 1514 1
1510 1546 1
1510 1549 1
1510 1558 1
1510 1569 1
1510 1588 1
1510 1642 1
1510 1721 1
1510 1745 1
1510 1934 1
1510 1984 1
1511 1525 1
1511 1546 1
1511 1550 1
1511 1693 1
1511 1757 1
1511 1786 1
1511 1820 1
1511 1831 1
1511 1849 1
1511 1893 1
1511 1921 1
1511 1938 1
1511 1954 1
1511 1976 1
1511 1994 1
1512 1541 1
1512 1588 1
1512 1601 1
1512 1636 1
1512 1643 1
1512 1696 1
1512 1702 1
1512 1835 1
1512 1839 1
1512 1853 1
1512 1855 1
1512 1884 1
1512 1934 1
1512 1989 1
1513 1517 1
1513 1537 1
1513 1566 1
1513 1577 1
1513 1591 1
1513 1606 1
1513 1661 1
1513 1735 1
1513 1751 1
1513 1771 1
1513 1845 1
1513 1847 1
1513 1848 1
1513 1880 1
1513 1883 1
1513 1918 1
1513 1926 1
1513 1956 1
1514 1516 1
1514 1574 1
1514 1642 1
1514 1703 1
1514 1885 1
1514 1889 1
1514 1897 1
1514 1958 1
1515 1547 1
1515 1559 1
1515 1566 1
1515 1627 1
1515 1668 1
1515 1693 1
1515 1695 1
1515 1812 1
1515 1941 1
1516 1553 1
1516 1616 1
1516 1656 1
1516 1699 1
1516 1728 1
1516 1829 1
1516 1892 1
1516 1906 1
1516 1983 1
1517 1548 1
1517 1608 1
1517 1656 1
1517 1665 1
1517 1703 1
1517 1751 1
1517 1787 1
1517 1815 1
1517 1852 1
1517 1877 1
1517 1953 1
1518 1564 1
1518 1637 1
1518 1653 1
1518 1699 1
1518 1716 1
1518 1755 1
1518 1877 1
1518 1898 1
1518 1902 1
1519 1620 1
1519 1652 1
1519 1666 1
1519 1669 1
1519 1700 1
1519 1780 1
1519 1814 1
1519 1845 1
1519 1859 1
1519 1993 1
1520 1677 1
1520 1704 1
1520 1727 1
1520 1795 1
1520 1808 1
1520 1810 1
1520 1867 1
1520 1886 1
1520 1955 1
1521 1522 1
1521 1527 1
1521 1534 1
1521 1632 1
1521 1634 1
1521 1648 1
1521 1649 1
1521 1782 1
1521 1805 1
1521 1966 1
1521 1976 1
1522 1550 1
1522 1689 1
1522 1749 1
1522 1826 1
1522 1835 1
1522 1849 1
1522 1853 1
1522 1864 1
1523 1570 1
1523 1734 1
1523 1740 1
1523 1753 1
1523 1754 1
1523 1784 1
1523 1795 1
1523 1815 1
1523 1842 1
1523 1848 1
1523 1870 1
1524 1549 1
1524 1554 1
1524 1574 1
1524 1613 1
1524 1623 1
1524 1654 1
1524 1684 1
1524 1775 1
1524 1803 1
1524 1816 1
1524 1843 1
1524 1866 1
1524 1971 1
1525 1536 1
1525 1545 1
1525 1587 1
1525 1618 1
1525 1641 1
1525 1685 1
1525 1748 1
1525 1765 1
1525 1769 1
1525 1771 1
1525 1780 1
1525 1826 1
1525 1830 1
1525 1889 1
1526 1561 1
1526 1573 1
1526 1641 1
1526 1643 1
1526 1674 1
1526 1694 1
1526 1719 1
1526 1734 1
1526 1741 1
1526 1771 1
1526 1784 1
1526 1811 1
1526 1818 1
1526 1835 1
1526 1854 1
1526 1855 1
1526 1885 1
1526 1896 1
1526 1926 1
1526 1982 1
1527 1531 1
1527 1584 1
1527 1609 1
1527 1767 1
1527 1789 1
1527 1790 1
1527 1812 1
1527 1814 1
1527 1848 1
1527 1871 1
1527 1884 1
1527 1894 1
1527 1897 1
1528 1558 1
1528 1559 1
1528 1579 1
1528 1580 1
1528 1637 1
1528 1662 1
1528 1691 1
1528 1709 1
1528 1716 1
1528 1862 1
1528 1917 1
1528 1930 1
1528 2000 1
1529 1549 1
1529 1583 1
1529 1588 1
1529 1625 1
1529 1632 1
1529 1649 1
1529 1899 1
1529 1922 1
1529 1930 1
1529 1955 1
1530 1538 1
1530 1571 1
1530 1605 1
1530 1740 1
1530 1747 1
1530 1779 1
1530 1810 1
1530 1847 1
1530 1850 1
1530 1888 1
1531 1563 1
1531 1572 1
1531 1590 1
1531 1611 1
1531 1613 1
1531 1622 1
1531 1632 1
1531 1742 1
1531 1783 1
1531 1795 1
1531 1931 1
1531 1948 1
1531 1977 1
1532 1594 1
1532 1620 1
1532 1677 1
1532 1726 1
1532 1736 1
1532 1739 1
1532 1826 1
1532 1907 1
1532 1920 1
1532 1926 1
1532 1931 1
1532 1940 1
1532 1973 1
1532 1986 1
1532 1999 1
1533 1563 1
1533 1649 1
1533 1727 1
1533 1728 1
1533 1737 1
1533 1749 1
1533 1753 1
1533 1755 1
1533 1789 1
1533 1794 1
1533 1848 1
1533 1967 1
1533 1978 1
1533 1992 1
1533 2000 1
1534 1587 1
1534 1589 1
1534 1609 1
1534 1656 1
1534 1698 1
1534 1752 1
1534 1778 1
1534 1790 1
1534 1806 1
1534 1847 1
1534 1928 1
1535 1572 1
1535 1580 1
1535 1585 1
1535 1630 1
1535 1635 1
1535 1657 1
1535 1730 1
1535 1771 1
1535 1842 1
1535 1857 1
1536 1599 1
1536 1631 1
1536 1646 1
1536 1687 1
1536 1692 1
1536 1753 1
1536 1760 1
1536 1774 1
1536 1852 1
1536 1882 1
1536 1900 1
1536 1991 1
1537 1546 1
1537 1577 1
1537 1615 1
1537 1637 1
1537 1652 1
1537 1687 1
1537 1695 1
1537 1711 1
1537 1724 1
1537 1732 1
1537 1733 1
1537 1768 1
1537 1811 1
1537 1907 1
1537 1908 1
1537 1925 1
1537 1943 1
1537 1986 1
1538 1569 1
1538 1585 1
1538 1587 1
1538 1601 1
1538 1674 1
1538 1688 1
1538 1736 1
1538 1785 1
1538 1803 1
1538 1821 1
1538 1891 1
1538 1976 1
1538 1983 1
1539 1542 1
1539 1587 1
1539 1589 1
1539 1594 1
1539 1598 1
1539 1657 1
1539 1735 1
1539 1779 1
1539 1804 1
1539 1823 1
1539 1834 1
1539 1893 1
1539 1945 1
1539 1953 1
1540 1595 1
1540 1621 1
1540 1665 1
1540 1749 1
1540 1772 1
1540 1778 1
1540 1787 1
1540 1792 1
1540 1848 1
1540 1882 1
1540 1925 1
1541 1554 1
1541 1716 1
1541 1717 1
1541 1718 1
1541 1729 1
1541 1754 1
1541 1762 1
1541 1824 1
1541 1865 1
1541 1921 1
1541 1952 1
1541 1983 1
1542 1555 1
1542 1556 1
1542 1592 1
1542 1619 1
1542 1625 1
1542 1648 1
1542 1670 1
1542 1766 1
1542 1831 1
1542 1846 1
1542 1862 1
1542 1889 1
1542 1911 1
1543 1544 1
1543 1566 1
1543 1578 1
1543 1597 1
1543 1699 1
1543 1761 1
1543 1776 1
1543 1789 1
1543 1841 1
1543 1849 1
1543 1887 1
1543 1898 1
1543 1941 1
1543 1988 1
1544 1610 1
1544 1659 1
1544 1695 1
1544 1717 1
1544 1771 1
1544 1773 1
1544 1814 1
1544 1825 1
1544 1975 1
1545 1562 1
1545 1564 1
1545 1590 1
1545 1666 1
1545 1720 1
1545 1732 1
1545 1788 1
1545 1814 1
1545 1944 1
1545 1965 1
1545 1967 1
1545 1996 1
1545 1999 1
1546 1567 1
1546 1574 1
1546 1604 1
1546 1630 1
1546 1650 1
1546 1686 1
1546 1946 1
1546 1966 1
1547 1555 1
1547 1596 1
1547 1684 1
1547 1719 1
1547 1725 1
1547 1740 1
1547 1781 1
1547 1787 1
1547 1796 1
1547 1940 1
1547 1978 1
1548 1633 1
1548 1659 1
1548 1710 1
1548 1739 1
1548 1775 1
1548 1781 1
1548 1798 1
1548 1906 1
1548 1947 1
1548 1963 1
1548 1968 1
1548 1999 1
1548 2000 1
1549 1591 1
1549 1592 1
1549 1712 1
1549 1765 1
1549 1801 1
1549 1856 1
1549 1967 1
1550 1573 1
1550 1586 1
1550 1600 1
1550 1602 1
1550 1676 1
1550 1695 1
1550 1752 1
1550 1810 1
1550 1914 1
1550 1921 1
1550 1923 1
1551 1600 1
1551 1607 1
1551 1643 1
1551 1762 1
1551 1843 1
1551 1892 1
1551 1961 1
1551 1970 1
1552 1603 1
1552 1651 1
1552 1654 1
1552 1689 1
1552 1705 1
1552 1755 1
1552 1761 1
1552 1854 1
1552 1973 1
1552 1986 1
1552 1997 1
1553 1560 1
1553 1604 1
1553 1622 1
1553 1632 1
1553 1633 1
1553 1679 1
1553 1714 1
1553 1747 1
1553 1753 1
1553 1759 1
1553 1791 1
1553 1837 1
1553 1925 1
1553 1961 1
1554 1672 1
1554 1748 1
1554 1769 1
1554 1786 1
1554 1793 1
1554 1810 1
1554 1920 1
1555 1590 1
1555 1613 1
1555 1621 1
1555 1664 1
1555 1684 1
1555 1692 1
1555 1704 1
1555 1746 1
1555 1749 1
1555 1785 1
1555 1883 1
1555 1917 1
1555 1945 1
1555 1961 1
1555 1993 1
1555 1995 1
1556 1570 1
1556 1578 1
1556 1583 1
1556 1638 1
1556 1670 1
1556 1680 1
1556 1745 1
1556 1783 1
1556 1837 1
1556 1936 1
1557 1567 1
1557 1600 1
1557 1685 1
1557 1717 1
1557 1748 1
1557 1884 1
1557 1913 1
1558 1560 1
1558 1568 1
1558 1569 1
1558 1637 1
1558 1644 1
1558 1647 1
1558 1648 1
1558 1703 1
1558 1805 1
1558 1843 1
1558 1848 1
1558 1921 1
1558 1998 1
1559 1574 1
1559 1601 1
1559 1643 1
1559 1750 1
1559 1755 1
1559 1778 1
1559 1824 1
1559 1953 1
1559 1969 1
1559 1992 1
1559 1996 1
1559 1997 1
1560 1570 1
1560 1588 1
1560 1616 1
1560 1664 1
1560 1691 1
1560 1769 1
1560 1832 1
1560 1873 1
1560 1880 1
1560 1961 1
1560 1962 1
1561 1565 1
1561 1581 1
1561 1683 1
1561 1843 1
1561 1870 1
1561 1880 1
1561 1882 1
1561 1886 1
1561 1889 1
1561 1919 1
1561 1932 1
1561 1985 1
1561 1995 1
1562 1597 1
1562 1637 1
1562 1752 1
1562 1773 1
1562 1774 1
1562 1804 1
1562 1805 1
1562 1902 1
1563 1566 1
1563 1785 1
1563 1808 1
1563 1898 1
1563 1997 1
1564 1583 1
1564 1630 1
1564 1665 1
1564 1668 1
1564 1677 1
1564 1707 1
1564 1854 1
1564 1897 1
1564 1924 1
1564 1927 1
1564 1970 1
1564 1982 1
1565 1699 1
1565 1706 1
1565 1785 1
1565 1834 1
1565 1850 1
1565 1923 1
1565 1939 1
1566 1568 1
1566 1586 1
1566 1677 1
1566 1774 1
1566 1811 1
1566 1826 1
1566 1881 1
1566 1926 1
1566 1934 1
1567 1591 1
1567 1690 1
1567 1730 1
1567 1903 1
1567 1937 1
1567 1967 1
1567 1998 1
1568 1638 1
1568 1716 1
1568 1724 1
1568 1741 1
1568 1761 1
1568 1779 1
1568 1826 1
1568 1840 1
1568 1870 1
1568 1893 1
1569 1594 1
1569 1663 1
1569 1743 1
1569 1805 1
1569 1807 1
1569 1817 1
1569 1829 1
1569 1884 1
1569 1912 1
1569 1919 1
1569 1953 1
1569 1987 1
1570 1571 1
1570 1675 1
1570 1679 1
1570 1735 1
1570 1740 1
1570 1753 1
1570 1764 1
1570 1872 1
1570 1886 1
1570 1907 1
1570 1954 1
1571 1636 1
1571 1650 1
1571 1720 1
1571 1730 1
1571 1815 1
1571 1822 1
1571 1861 1
1571 1936 1
1571 1939 1
1571 1967 1
1571 1968 1
1571 1971 1
1572 1701 1
1572 1735 1
1572 1742 1
1572 1766 1
1572 1783 1
1572 1810 1
1572 1855 1
1572 1857 1
1573 1583 1
1573 1609 1
1573 1719 1
1573 1736 1
1573 1737 1
1573 1808 1
1573 1847 1
1573 1863 1
1573 1864 1
1573 1866 1
1573 1882 1
1573 1889 1
1573 1916 1
1573 1997 1
1574 1587 1
1574 1608 1
1574 1623 1
1574 1650 1
1574 1687 1
1574 1695 1
1574 1852 1
1574 1876 1
1574 1899 1
1574 1999 1
1575 1638 1
1575 1680 1
1575 1715 1
1575 1736 1
1575 1742 1
1575 1783 1
1575 1850 1
1575 1861 1
1575 1969 1
1575 1990 1
1576 1579 1
1576 1659 1
1576 1750 1
1576 1773 1
1576 1793 1
1576 1804 1
1576 1816 1
1576 1829 1
1576 1889 1
1576 1928 1
1577 1586 1
1577 1593 1
1577 1607 1
1577 1712 1
1577 1755 1
1577 1815 1
1577 1816 1
1577 1885 1
1577 1919 1
1578 1609 1
1578 1622 1
1578 1665 1
1578 1671 1
1578 1674 1
1578 1737 1
1578 1763 1
1578 1795 1
1578 1809 1
1578 1833 1
1578 1861 1
1578 1869 1
1578 1988 1
1579 1630 1
1579 1631 1
1579 1640 1
1579 1672 1
1579 1683 1
1579 1686 1
1579 1704 1
1579 1707 1
1579 1727 1
1579 1807 1
1579 1815 1
1579 1861 1
1579 1864 1
1580 1623 1
1580 1633 1
1580 1655 1
1580 1790 1
1580 1866 1
1580 1871 1
1580 1880 1
1580 1888 1
1580 1970 1
1581 1644 1
1581 1659 1
1581 1682 1
1581 1686 1
1581 1687 1
1581 1761 1
1581 1791 1
1581 1796 1
1581 1810 1
1581 1820 1
1581 1876 1
1581 1946 1
1581 1963 1
1582 1588 1
1582 1614 1
1582 1630 1
1582 1662 1
1582 1683 1
1582 1704 1
1582 1707 1
1582 1729 1
1582 1746 1
1582 1765 1
1582 1797 1
1582 1822 1
1582 1827 1
1582 1882 1
1582 1885 1
1582 1973 1
1582 1978 1
1583 1624 1
1583 1652 1
1583 1695 1
1583 1717 1
1583 1801 1
1583 1820 1
1583 1924 1
1583 1927 1
1583 1938 1
1583 1990 1
1584 1616 1
1584 1726 1
1584 1750 1
1584 1772 1
1584 1773 1
1584 1817 1
1584 1876 1
1584 1885 1
1584 1894 1
1584 1916 1
1584 1950 1
1584 1988 1
1585 1631 1
1585 1684 1
1585 1706 1
1585 1714 1
1585 1750 1
1585 1825 1
1585 1849 1
1585 1881 1
1585 1892 1
1585 1913 1
1585 1930 1
1585 1940 1
1585 1947 1
1585 1959 1
1585 1991 1
1586 1590 1
1586 1627 1
1586 1792 1
1586 1828 1
1586 1831 1
1586 1833 1
1586 1834 1
1586 1851 1
1586 1871 1
1586 1938 1
1586 1946 1
1587 1599 1
1587 1658 1
1587 1674 1
1587 1714 1
1587 1724 1
1587 1747 1
1587 1779 1
1587 1823 1
1587 1855 1
1587 1949 1
1587 1953 1
1587 1983 1
1588 1591 1
1588 1677 1
1588 1727 1
1588 1733 1
1588 1746 1
1588 1748 1
1588 1804 1
1588 1811 1
1588 1858 1
1588 1933 1
1588 1967 1
1589 1598 1
1589 1622 1
1589 1776 1
1589 1780 1
1589 1833 1
1589 1905 1
1589 1944 1
1589 1957 1
1590 1600 1
1590 1604 1
1590 1658 1
1590 1659 1
1590 1668 1
1590 1707 1
1590 1743 1
1590 1762 1
1590 1770 1
1590 1778 1
1590 1779 1
1590 1855 1
1590 1888 1
1590 1903 1
1590 1925 1
1591 1614 1
1591 1631 1
1591 1704 1
1591 1756 1
1591 1760 1
1591 1776 1
1591 1782 1
1591 1852 1
1591 1978 1
1592 1710 1
1592 1721 1
1592 1750 1
1592 1781 1
1592 1791 1
1592 1811 1
1592 1876 1
1592 1902 1
1592 1926 1
1592 1949 1
1592 1987 1
1593 1594 1
1593 1614 1
1593 1814 1
1593 1862 1
1593 1883 1
1593 1914 1
1593 1935 1
1593 1980 1
1594 1597 1
1594 1642 1
1594 1652 1
1594 1660 1
1594 1663 1
1594 1723 1
1594 1840 1
1594 1874 1
1594 1884 1
1594 1898 1
1594 1938 1
1594 1939 1
1594 1978 1
1595 1618 1
1595 1621 1
1595 1684 1
1595 1693 1
1595 1808 1
1595 1889 1
1595 1902 1
1595 1932 1
1595 1935 1
1595 1983 1
1595 2000 1
1596 1597 1
1596 1703 1
1596 1730 1
1596 1748 1
1596 1805 1
1596 1832 1
1596 1955 1
1596 1967 1
1596 1977 1
1596 1986 1
1597 1643 1
1597 1665 1
1597 1709 1
1597 1724 1
1597 1757 1
1597 1809 1
1597 1822 1
1597 1888 1
1598 1605 1
1598 1794 1
1598 1817 1
1598 1882 1
1598 1954 1
1598 1980 1
1599 1671 1
1599 1690 1
1599 1750 1
1599 1837 1
1599 1868 1
1599 1869 1
1599 1912 1
1599 1968 1
1600 1689 1
1600 1765 1
1601 1747 1
1601 1753 1
1601 1847 1
1601 1855 1
1601 1861 1
1601 1876 1
1601 1910 1
1601 1935 1
1601 1942 1
1601 1950 1
1601 1984 1
1602 1610 1
1602 1620 1
1602 1634 1
1602 1647 1
1602 1698 1
1602 1758 1
1602 1790 1
1602 1795 1
1602 1849 1
1602 1948 1
1602 1996 1
1603 1619 1
1603 1636 1
1603 1650 1
1603 1663 1
1603 1675 1
1603 1688 1
1603 1749 1
1603 1801 1
1603 1947 1
1604 1605 1
1604 1608 1
1604 1618 1
1604 1702 1
1604 1713 1
1604 1774 1
1604 1782 1
1604 1819 1
1604 1824 1
1604 1880 1
1604 1948 1
1604 1953 1
1604 1955 1
1604 1989 1
1604 1999 1
1605 1643 1
1605 1688 1
1605 1698 1
1605 1809 1
1605 1815 1
1605 1825 1
1605 1853 1
1605 1922 1
1605 1932 1
1605 1959 1
1606 1651 1
1606 1691 1
1606 1708 1
1606 1728 1
1606 1807 1
1606 1866 1
1606 1901 1
1606 1904 1
1606 1938 1
1606 1957 1
1606 1980 1
1606 1988 1
1607 1608 1
1607 1638 1
1607 1785 1
1607 1902 1
1607 1924 1
1607 1961 1
1607 1962 1
1607 1967 1
1607 1989 1
1607 1996 1
1608 1649 1
1608 1684 1
1608 1777 1
1608 1821 1
1608 1847 1
1608 1857 1
1608 1981 1
1609 1686 1
1609 1717 1
1609 1785 1
1609 1838 1
1609 1875 1
1609 1927 1
1609 1980 1
1610 1763 1
1610 1802 1
1610 1819 1
1610 1821 1
1610 1865 1
1610 1927 1
1610 1943 1
1610 1969 1
1611 1627 1
1611 1638 1
1611 1641 1
1611 1711 1
1611 1716 1
1611 1726 1
1611 1734 1
1611 1738 1
1611 1825 1
1611 1849 1
1611 1851 1
1611 1976 1
1611 1991 1
1612 1646 1
1612 1742 1
1612 1763 1
1612 1765 1
1612 1802 1
1612 1814 1
1612 1850 1
1612 1870 1
1613 1627 1
1613 1636 1
1613 1638 1
1613 1661 1
1613 1685 1
1613 1691 1
1613 1695 1
1613 1739 1
1613 1922 1
1613 1964 1
1614 1667 1
1614 1673 1
1614 1674 1
1614 1679 1
1614 1755 1
1614 1763 1
1614 1847 1
1614 1869 1
1614 1896 1
1614 1901 1
1614 1931 1
1614 1947 1
1615 1629 1
1615 1659 1
1615 1670 1
1615 1730 1
1615 1818 1
1615 1873 1
1615 1898 1
1615 1916 1
1615 1939 1
1615 1964 1
1615 1992 1
1616 1716 1
1616 1721 1
1616 1751 1
1616 1776 1
1616 1824 1
1616 1872 1
1616 1962 1
1616 1991 1
1617 1668 1
1617 1754 1
1617 1765 1
1617 1793 1
1617 1795 1
1617 1816 1
1617 1833 1
1617 1996 1
1618 1624 1
1618 1629 1
1618 1786 1
1618 1829 1
1618 1844 1
1618 1966 1
1618 1982 1
1618 1998 1
1619 1629 1
1619 1637 1
1619 1688 1
1619 1726 1
1619 1741 1
1619 1786 1
1619 1788 1
1619 1794 1
1619 1809 1
1619 1863 1
1619 1883 1
1620 1646 1
1620 1700 1
1620 1764 1
1620 1800 1
1620 1859 1
1620 1871 1
1620 1957 1
1620 1990 1
1620 1992 1
1621 1652 1
1621 1969 1
1622 1626 1
1622 1634 1
1622 1658 1
1622 1660 1
1622 1662 1
1622 1690 1
1622 1716 1
1622 1738 1
1622 1800 1
1622 1892 1
1622 1920 1
1622 1927 1
1622 1939 1
1622 1968 1
1623 1653 1
1623 1678 1
1623 1792 1
1623 1809 1
1623 1862 1
1623 1892 1
1623 1957 1
1623 1985 1
1623 1997 1
1624 1635 1
1624 1674 1
1624 1756 1
1624 1778 1
1624 1829 1
1624 1864 1
1624 1934 1
1624 1951 1
1624 1955 1
1624 1958 1
1624 1976 1
1624 1990 1
1625 1663 1
1625 1673 1
1625 1689 1
1625 1692 1
1625 1748 1
1625 1791 1
1625 1800 1
1625 1868 1
1625 1898 1
1625 1916 1
1626 1635 1
1626 1668 1
1626 1670 1
1626 1703 1
1626 1713 1
1626 1718 1
1626 1834 1
1626 1847 1
1626 1867 1
1626 1896 1
1626 1897 1
1626 1898 1
1626 1906 1
1626 1911 1
1626 1919 1
1626 1949 1
1627 1712 1
1627 1750 1
1627 1816 1
1627 1832 1
1627 1877 1
1627 1882 1
1627 1948 1
1627 1979 1
1628 1638 1
1628 1788 1
1628 1865 1
1629 1630 1
1629 1708 1
1629 1721 1
1629 1753 1
1629 1783 1
1629 1800 1
1629 1929 1
1630 1702 1
1630 1747 1
1630 1762 1
1630 1825 1
1630 1855 1
1630 1972 1
1630 1993 1
1631 1657 1
1631 1659 1
1631 1671 1
1631 1761 1
1631 1782 1
1631 1790 1
1631 1805 1
1631 1875 1
1632 1635 1
1632 1706 1
1632 1737 1
1632 1743 1
1632 1746 1
1632 1818 1
1632 1819 1
1632 1823 1
1632 1836 1
1632 1900 1
1632 1936 1
1632 1992 1
1633 1686 1
1633 1698 1
1633 1745 1
1633 1777 1
1633 1902 1
1633 1928 1
1634 1742 1
1634 1750 1
1634 1781 1
1634 1817 1
1634 1830 1
1634 1894 1
1634 1921 1
1634 1967 1
1635 1728 1
1635 1762 1
1635 1816 1
1635 1849 1
1635 1879 1
1635 1914 1
1635 1940 1
1636 1670 1
1636 1781 1
1636 1800 1
1636 1851 1
1636 1881 1
1637 1671 1
1637 1736 1
1637 1752 1
1637 1834 1
1637 1886 1
1637 1905 1
1637 1925 1
1637 1935 1
1637 1960 1
1638 1708 1
1638 1742 1
1638 1774 1
1638 1793 1
1638 1817 1
1638 1831 1
1638 1990 1
1639 1745 1
1639 1844 1
1639 1883 1
1639 1942 1
1639 1962 1
1639 1986 1
1639 1991 1
1640 1647 1
1640 1650 1
1640 1674 1
1640 1693 1
1640 1741 1
1640 1770 1
1640 1819 1
1640 1825 1
1640 1833 1
1640 1905 1
1640 1921 1
1640 1969 1
1640 1972 1
1641 1644 1
1641 1656 1
1641 1668 1
1641 1714 1
1641 1745 1
1641 1781 1
1641 1851 1
1642 1718 1
1642 1755 1
1642 1783 1
1642 1848 1
1642 1852 1
1642 1854 1
1642 1872 1
1642 1905 1
1642 1957 1
1642 1979 1
1642 1991 1
1643 1741 1
1643 1893 1
1643 1894 1
1643 1913 1
1643 1928 1
1643 1983 1
1644 1648 1
1644 1662 1
1644 1683 1
1644 1725 1
1644 1783 1
1644 1788 1
1644 1872 1
1644 1911 1
1644 1918 1
1644 1973 1
1645 1647 1
1645 1660 1
1645 1665 1
1645 1705 1
1645 1737 1
1645 1837 1
1645 1850 1
1645 1854 1
1645 1891 1
1645 1943 1
1645 1982 1
1645 1992 1
1646 1709 1
1646 1741 1
1646 1838 1
1646 1850 1
1646 1891 1
1646 1907 1
1646 1926 1
1646 1966 1
1646 1970 1
1647 1661 1
1647 1744 1
1647 1788 1
1647 1869 1
1648 1679 1
1648 1763 1
1648 1773 1
1648 1851 1
1648 1860 1
1648 1864 1
1648 1920 1
1648 1965 1
1649 1700 1
1649 1707 1
1649 1717 1
1650 1677 1
1650 1712 1
1650 1824 1
1650 1881 1
1650 1889 1
1650 1908 1
1650 1943 1
1650 1952 1
1651 1664 1
1651 1680 1
1651 1696 1
1651 1717 1
1651 1724 1
1651 1775 1
1651 1778 1
1651 1807 1
1651 1828 1
1651 1888 1
1652 1689 1
1652 1755 1
1652 1777 1
1652 1856 1
1652 1936 1
1652 1962 1
1652 1988 1
1653 1668 1
1653 1710 1
1653 1771 1
1653 1775 1
1653 1802 1
1653 1874 1
1653 1889 1
1654 1722 1
1654 1765 1
1654 1867 1
1654 1895 1
1654 1931 1
1654 1936 1
1654 1982 1
1655 1760 1
1655 1774 1
1655 1842 1
1655 1846 1
1655 1920 1
1655 1951 1
1656 1699 1
1656 1721 1
1656 1755 1
1656 1817 1
1656 1845 1
1656 1892 1
1656 1994 1
1657 1748 1
1657 1809 1
1657 1867 1
1657 1897 1
1657 1967 1
1657 1998 1
1658 1716 1
1658 1735 1
1658 1742 1
1658 1766 1
1658 1778 1
1658 1802 1
1658 1862 1
1658 1877 1
1658 1884 1
1658 1907 1
1658 1919 1
1658 1950 1
1658 1988 1
1659 1663 1
1659 1676 1
1659 1686 1
1659 1698 1
1659 1736 1
1659 1772 1
1659 1840 1
1659 1926 1
1659 1932 1
1659 1950 1
1659 1959 1
1659 1979 1
1659 1994 1
1660 1696 1
1660 1720 1
1660 1752 1
1660 1789 1
1660 1822 1
1660 1825 1
1660 1848 1
1660 1890 1
1660 1892 1
1660 1894 1
1660 1940 1
1660 1962 1
1660 1995 1
1660 1999 1
1661 1699 1
1661 1700 1
1661 1703 1
1661 1787 1
1661 1817 1
1661 1850 1
1661 1865 1
1661 1905 1
1662 1675 1
1662 1693 1
1662 1770 1
1662 1779 1
1662 1896 1
1663 1711 1
1663 1739 1
1663 1778 1
1663 1825 1
1663 1839 1
1663 1942 1
1664 1727 1
1664 1753 1
1664 1808 1
1664 1899 1
1665 1729 1
1665 1750 1
1665 1776 1
1665 1809 1
1665 1852 1
1665 1899 1
1666 1725 1
1666 1736 1
1666 1756 1
1666 1773 1
1666 1804 1
1666 1863 1
1666 1922 1
1666 1926 1
1667 1734 1
1667 1739 1
1667 1756 1
1667 1759 1
1667 1771 1
1667 1809 1
1667 1896 1
1667 1919 1
1667 1936 1
1667 1993 1
1667 1999 1
1668 1787 1
1668 1806 1
1668 1832 1
1668 1873 1
1668 1917 1
1669 1670 1
1669 1843 1
1669 1891 1
1669 1951 1
1669 1985 1
1670 1692 1
1670 1757 1
1670 1761 1
1670 1780 1
1670 1861 1
1670 1871 1
1670 1919 1
1670 1988 1
1670 1993 1
1670 1999 1
1671 1680 1
1671 1706 1
1671 1727 1
1671 1759 1
1671 1780 1
1671 1858 1
1671 1917 1
1671 1922 1
1671 1983 1
1672 1714 1
1672 1779 1
1672 1859 1
1672 1971 1
1673 1674 1
1673 1713 1
1673 1741 1
1673 1773 1
1673 1778 1
1673 1784 1
1673 1857 1
1673 1862 1
1673 1904 1
1673 1939 1
1674 1709 1
1674 1727 1
1674 1857 1
1674 1899 1
1674 1908 1
1675 1713 1
1675 1716 1
1675 1824 1
1675 1854 1
1675 1907 1
1675 1908 1
1675 1928 1
1675 1964 1
1675 1997 1
1676 1705 1
1676 1739 1
1676 1858 1
1676 1861 1
1676 1864 1
1676 1978 1
1676 1991 1
1677 1700 1
1677 1713 1
1677 1820 1
1677 1839 1
1677 1841 1
1678 1691 1
1678 1696 1
1678 1729 1
1678 1732 1
1678 1734 1
1678 1843 1
1678 1867 1
1678 1938 1
1678 1983 1
1679 1723 1
1679 1728 1
1679 1787 1
1679 1798 1
1679 1799 1
1679 1834 1
1679 1845 1
1679 1907 1
1679 1926 1
1679 1928 1
1679 1940 1
1679 1971 1
1680 1695 1
1680 1729 1
1680 1854 1
1680 1873 1
1680 1882 1
1680 1902 1
1680 1910 1
1680 1978 1
1680 1980 1
1680 1987 1
1681 1686 1
1681 1766 1
1681 1790 1
1681 1802 1
1681 1894 1
1681 1910 1
1681 1914 1
1681 1966 1
1681 1972 1
1682 1693 1
1682 1731 1
1682 1759 1
1682 1804 1
1682 1890 1
1682 1908 1
1682 1963 1
1683 1715 1
1683 1718 1
1683 1736 1
1683 1806 1
1683 1811 1
1683 1840 1
1683 1848 1
1683 1959 1
1683 1985 1
1683 1994 1
1684 1710 1
1684 1729 1
1684 1775 1
1684 1776 1
1684 1821 1
1684 1872 1
1684 1976 1
1684 1982 1
1684 1985 1
1685 1718 1
1685 1735 1
1685 1752 1
1685 1894 1
1685 1927 1
1685 1974 1
1686 1698 1
1686 1750 1
1686 1777 1
1686 1832 1
1686 1886 1
1686 1905 1
1686 1928 1
1686 1968 1
1687 1700 1
1687 1703 1
1687 1877 1
1687 1935 1
1687 1938 1
1687 1980 1
1687 1983 1
1688 1752 1
1688 1753 1
1688 1773 1
1688 1775 1
1688 1874 1
1688 1924 1
1688 1939 1
1689 1825 1
1689 1833 1
1689 1834 1
1689 1840 1
1689 1867 1
1689 1870 1
1689 1878 1
1689 1964 1
1690 1824 1
1690 1946 1
1691 1722 1
1691 1740 1
1691 1751 1
1691 1793 1
1691 1857 1
1691 1877 1
1691 1897 1
1691 1950 1
1691 1995 1
1692 1747 1
1692 1774 1
1692 1810 1
1692 1843 1
1692 1852 1
1692 1872 1
1692 1881 1
1692 1902 1
1692 1976 1
1693 1770 1
1693 1786 1
1693 1791 1
1693 1898 1
1693 1934 1
1693 1943 1
1693 1950 1
1693 1955 1
1694 1706 1
1694 1714 1
1694 1733 1
1694 1761 1
1694 1791 1
1694 1829 1
1694 1832 1
1694 1894 1
1694 1910 1
1695 1698 1
1695 1704 1
1695 1709 1
1695 1729 1
1695 1743 1
1695 1801 1
1695 1824 1
1695 1890 1
1695 1903 1
1695 1918 1
1695 1964 1
1695 1965 1
1695 1992 1
1696 1714 1
1696 1718 1
1696 1751 1
1696 1802 1
1696 1900 1
1697 1705 1
1697 1732 1
1697 1763 1
1697 1856 1
1697 1895 1
1698 1719 1
1698 1769 1
1698 1794 1
1698 1842 1
1698 1899 1
1698 1995 1
1699 1719 1
1699 1722 1
1699 1804 1
1699 1805 1
1699 1853 1
1699 1923 1
1699 1936 1
1699 1946 1
1699 2000 1
1700 1701 1
1700 1766 1
1700 1768 1
1700 1776 1
1700 1815 1
1701 1759 1
1701 1772 1
1701 1900 1
1701 1987 1
1701 1995 1
1702 1735 1
1702 1743 1
1702 1767 1
1702 1798 1
1702 1804 1
1702 1875 1
1702 1888 1
1702 1922 1
1702 1951 1
1702 1966 1
1703 1769 1
1703 1782 1
1703 1797 1
1703 1849 1
1703 1860 1
1703 1876 1
1703 1877 1
1703 1939 1
1703 1973 1
1703 1994 1
1704 1857 1
1704 1900 1
1704 1918 1
1704 1935 1
1704 1969 1
1704 1973 1
1704 1979 1
1705 1709 1
1705 1739 1
1705 1780 1
1705 1949 1
1705 1980 1
1706 1727 1
1706 1804 1
1706 1810 1
1706 1859 1
1706 1890 1
1706 1975 1
1706 1986 1
1707 1749 1
1707 1785 1
1707 1803 1
1707 1809 1
1707 1826 1
1707 1837 1
1707 1845 1
1707 1876 1
1707 1878 1
1707 1906 1
1707 1915 1
1707 1940 1
1707 1954 1
1707 1964 1
1707 1993 1
1708 1710 1
1708 1750 1
1708 1826 1
1708 1914 1
1708 1925 1
1708 1926 1
1708 1965 1
1708 1971 1
1709 1718 1
1709 1737 1
1709 1750 1
1709 1803 1
1709 1811 1
1709 1824 1
1709 1829 1
1709 1899 1
1709 1920 1
1709 1938 1
1709 1951 1
1709 1965 1
1709 1971 1
1709 1978 1
1710 1724 1
1710 1789 1
1710 1830 1
1711 1733 1
1711 1744 1
1711 1785 1
1711 1976 1
1712 1790 1
1712 1870 1
1712 1960 1
1712 1969 1
1712 2000 1
1713 1776 1
1713 1849 1
1713 1928 1
1713 1986 1
1713 1988 1
1713 1995 1
1714 1751 1
1714 1762 1
1714 1799 1
1714 1843 1
1714 1857 1
1714 1948 1
1714 1973 1
1715 1731 1
1715 1781 1
1715 1815 1
1715 1817 1
1715 1869 1
1715 1932 1
1715 1956 1
1715 1981 1
1715 1992 1
1716 1726 1
1716 1733 1
1716 1769 1
1716 1812 1
1716 1864 1
1716 1867 1
1716 1894 1
1716 1928 1
1716 1929 1
1716 1947 1
1716 1983 1
1716 1989 1
1717 1780 1
1717 1790 1
1717 1795 1
1717 1855 1
1717 1878 1
1717 1933 1
1717 1955 1
1717 1977 1
1717 1980 1
1718 1760 1
1718 1762 1
1718 1802 1
1718 1810 1
1718 1875 1
1718 1877 1
1718 1977 1
1719 1738 1
1719 1926 1
1719 1962 1
1719 1964 1
1719 1966 1
1720 1724 1
1720 1745 1
1720 1761 1
1720 1831 1
1720 1834 1
1720 1927 1
1720 1978 1
1720 1989 1
1721 1829 1
1721 1880 1
1721 1912 1
1721 1996 1
1722 1769 1
1722 1795 1
1722 1848 1
1722 1861 1
1722 1913 1
1722 1949 1
1723 1730 1
1723 1842 1
1723 1862 1
1723 1869 1
1723 1903 1
1723 1904 1
1723 1935 1
1723 1943 1
1723 1991 1
1723 1992 1
1724 1744 1
1724 1746 1
1724 1763 1
1724 1764 1
1724 1819 1
1724 1854 1
1724 1887 1
1724 1943 1
1724 1956 1
1724 1966 1
1724 1984 1
1725 1768 1
1725 1807 1
1725 1833 1
1725 1916 1
1725 1919 1
1726 1734 1
1726 1775 1
1726 1804 1
1726 1810 1
1726 1823 1
1726 1931 1
1726 1939 1
1726 1944 1
1726 1967 1
1727 1762 1
1727 1828 1
1727 1836 1
1727 1848 1
1727 1886 1
1727 1941 1
1727 1972 1
1728 1780 1
1728 1795 1
1728 1855 1
1728 1965 1
1729 1752 1
1729 1800 1
1729 1835 1
1729 1836 1
1729 1877 1
1729 1885 1
1729 1912 1
1729 1917 1
1729 1929 1
1729 1939 1
1729 1964 1
1730 1797 1
1730 1821 1
1730 1869 1
1730 1946 1
1730 1979 1
1731 1779 1
1732 1740 1
1732 1807 1
1732 1825 1
1732 1861 1
1732 1927 1
1732 1995 1
1733 1736 1
1733 1802 1
1733 1900 1
1733 1917 1
1733 1973 1
1734 1747 1
1734 1787 1
1734 1799 1
1734 1803 1
1734 1868 1
1734 1945 1
1735 1757 1
1735 1783 1
1735 1816 1
1735 1821 1
1735 1846 1
1735 1862 1
1735 1907 1
1735 1925 1
1735 1947 1
1735 1979 1
1736 1739 1
1736 1846 1
1736 1857 1
1736 1884 1
1736 1890 1
1736 1993 1
1737 1747 1
1737 1831 1
1737 1867 1
1737 1883 1
1737 1915 1
1737 1977 1
1738 1864 1
1738 1980 1
1739 1790 1
1739 1809 1
1739 1816 1
1739 1846 1
1739 1899 1
1739 1915 1
1739 1944 1
1739 1995 1
1740 1748 1
1740 1749 1
1740 1770 1
1740 1785 1
1740 1800 1
1740 1808 1
1740 1860 1
1740 1925 1
1740 1947 1
1740 1958 1
1740 1967 1
1741 1760 1
1741 1777 1
1741 1844 1
1741 1875 1
1741 1916 1
1741 1929 1
1741 1994 1
1742 1748 1
1742 1754 1
1742 1793 1
1742 1817 1
1742 1911 1
1742 1939 1
1742 1944 1
1742 1948 1
1742 1955 1
1742 1987 1
1743 1796 1
1743 1816 1
1743 1835 1
1743 1918 1
1743 1960 1
1743 1963 1
1743 1993 1
1744 1763 1
1744 1774 1
1744 1791 1
1744 1843 1
1744 1895 1
1745 1787 1
1745 1788 1
1745 1801 1
1745 1918 1
1745 1920 1
1745 1931 1
1745 1946 1
1745 1999 1
1746 1790 1
1746 1839 1
1746 1863 1
1746 1892 1
1746 1897 1
1746 1943 1
1746 1965 1
1747 1863 1
1747 1964 1
1748 1818 1
1748 1866 1
1748 1891 1
1748 1892 1
1748 1910 1
1748 1912 1
1748 1920 1
1748 1943 1
1749 1814 1
1749 1840 1
1749 1867 1
1749 1900 1
1749 1935 1
1750 1826 1
1750 1835 1
1750 1849 1
1750 1936 1
1750 1955 1
1750 1964 1
1751 1788 1
1751 1877 1
1751 1885 1
1751 1942 1
1751 1945 1
1752 1757 1
1752 1790 1
1752 1791 1
1752 1804 1
1752 1823 1
1752 1840 1
1752 1899 1
1752 1920 1
1752 1959 1
1752 1962 1
1752 1964 1
1752 1979 1
1752 1980 1
1753 1757 1
1753 1758 1
1753 1810 1
1753 1818 1
1753 1830 1
1753 1860 1
1753 1923 1
1754 1768 1
1754 1880 1
1754 1938 1
1754 1942 1
1754 1946 1
1755 1774 1
1755 1787 1
1755 1885 1
1755 1891 1
1755 1898 1
1755 1922 1
1755 1982 1
1756 1760 1
1756 1773 1
1756 1916 1
1756 1931 1
1756 1961 1
1756 1992 1
1757 1758 1
1757 1817 1
1757 1861 1
1757 1968 1
1757 1989 1
1758 1822 1
1758 1835 1
1758 1898 1
1758 1998 1
1759 1852 1
1759 1983 1
1759 1994 1
1760 1786 1
1760 1801 1
1760 1824 1
1760 1921 1
1760 1969 1
1761 1785 1
1761 1840 1
1761 1850 1
1761 1863 1
1761 1881 1
1761 1937 1
1762 1769 1
1762 1980 1
1762 1984 1
1762 1988 1
1763 1776 1
1763 1781 1
1763 1813 1
1763 1857 1
1763 1868 1
1763 1907 1
1763 1920 1
1763 1937 1
1763 1942 1
1763 1958 1
1763 1976 1
1763 1996 1
1764 1789 1
1764 1899 1
1765 1814 1
1765 1874 1
1765 1943 1
1765 1944 1
1765 1999 1
1766 1772 1
1766 1781 1
1766 1824 1
1766 1872 1
1766 1904 1
1766 1954 1
1767 1795 1
1767 1842 1
1767 1885 1
1767 1910 1
1768 1776 1
1768 1819 1
1768 1836 1
1768 1844 1
1768 1849 1
1768 1853 1
1768 1920 1
1769 1809 1
1769 1831 1
1769 1860 1
1769 1872 1
1769 1889 1
1769 1942 1
1769 1965 1
1770 1777 1
1770 1784 1
1770 1867 1
1770 1870 1
1770 1885 1
1770 1982 1
1770 1985 1
1771 1791 1
1771 1796 1
1771 1810 1
1771 1816 1
1771 1843 1
1771 1882 1
1771 1935 1
1771 1970 1
1772 1795 1
1772 1871 1
1772 1891 1
1773 1796 1
1773 1810 1
1773 1841 1
1773 1850 1
1773 1864 1
1773 1866 1
1773 1890 1
1773 1929 1
1773 1938 1
1773 1979 1
1774 1801 1
1774 1811 1
1774 1858 1
1774 1909 1
1774 1961 1
1774 1984 1
1775 1821 1
1775 1868 1
1775 1928 1
1775 1942 1
1775 1955 1
1775 1965 1
1775 1987 1
1776 1802 1
1776 1805 1
1776 1826 1
1776 1871 1
1776 1967 1
1777 1778 1
1777 1785 1
1777 1799 1
1777 1811 1
1777 1858 1
1777 1888 1
1777 1896 1
1778 1811 1
1778 1860 1
1778 1905 1
1778 1920 1
1778 1951 1
1779 1788 1
1779 1822 1
1779 1850 1
1779 1872 1
1779 1899 1
1780 1871 1
1780 1898 1
1781 1852 1
1781 1900 1
1781 1989 1
1781 1998 1
1782 1813 1
1782 1875 1
1782 1947 1
1783 1794 1
1783 1871 1
1783 1920 1
1783 1972 1
1784 1809 1
1784 1989 1
1785 1795 1
1785 1824 1
1785 1903 1
1785 1932 1
1786 1803 1
1786 1823 1
1786 1872 1
1786 1906 1
1786 1964 1
1786 1973 1
1787 1852 1
1787 1918 1
1788 1832 1
1788 1866 1
1788 1930 1
1788 1952 1
1789 1806 1
1789 1907 1
1789 1912 1
1789 1934 1
1790 1822 1
1790 1891 1
1790 1935 1
1790 1950 1
1790 1965 1
1790 1997 1
1791 1806 1
1791 1812 1
1791 1825 1
1791 1829 1
1791 1834 1
1791 1836 1
1791 1957 1
1791 1965 1
1791 1985 1
1792 1813 1
1792 1831 1
1792 1860 1
1792 1880 1
1792 1918 1
1792 1920 1
1793 1834 1
1793 1835 1
1793 1845 1
1793 1902 1
1793 1920 1
1793 1981 1
1794 1818 1
1794 1835 1
1794 1927 1
1794 1947 1
1794 1983 1
1794 1998 1
1795 1804 1
1795 1829 1
1795 1838 1
1795 1846 1
1795 1959 1
1795 1981 1
1796 1801 1
1796 1812 1
1796 1876 1
1796 1889 1
1796 1892 1
1796 1929 1
1796 1948 1
1796 1952 1
1797 1806 1
1797 1853 1
1797 1871 1
1797 1884 1
1797 1890 1
1797 1932 1
1797 1960 1
1797 1984 1
1798 1835 1
1798 1845 1
1798 1857 1
1798 1870 1
1798 1890 1
1798 1962 1
1798 1974 1
1798 1976 1
1798 1982 1
1798 1996 1
1799 1818 1
1799 1821 1
1799 1844 1
1799 1946 1
1800 1832 1
1800 1870 1
1800 1881 1
1800 1895 1
1800 1967 1
1800 1977 1
1801 1819 1
1801 1877 1
1801 1894 1
1801 1928 1
1801 1937 1
1802 1843 1
1802 1854 1
1802 1872 1
1802 1893 1
1802 1914 1
1802 1960 1
1802 1973 1
1803 1843 1
1803 1853 1
1803 1901 1
1803 1945 1
1803 1951 1
1804 1833 1
1804 1999 1
1805 1858 1
1805 1888 1
1805 1931 1
1805 1947 1
1806 1817 1
1806 1887 1
1806 1901 1
1806 1917 1
1806 1968 1
1807 1841 1
1807 1955 1
1807 1987 1
1808 1823 1
1808 1884 1
1808 1951 1
1809 1811 1
1809 1906 1
1809 1910 1
1809 1942 1
1809 1967 1
1810 1812 1
1810 1827 1
1810 1904 1
1810 1923 1
1810 1965 1
1811 1822 1
1811 1873 1
1811 1881 1
1812 1840 1
1813 1819 1
1813 1959 1
1814 1845 1
1814 1925 1
1814 1994 1
1815 1865 1
1815 1881 1
1815 1887 1
1815 1974 1
1816 1853 1
1816 1865 1
1816 1899 1
1816 1908 1
1816 1926 1
1816 1988 1
1817 1823 1
1817 1870 1
1817 1901 1
1817 1918 1
1817 1959 1
1818 1880 1
1818 1937 1
1818 1947 1
1819 1847 1
1819 1859 1
1819 1909 1
1819 1927 1
1820 1882 1
1820 1949 1
1821 1829 1
1821 1958 1
1821 1965 1
1822 1853 1
1822 1912 1
1822 1942 1
1823 1886 1
1823 1913 1
1823 1989 1
1823 1993 1
1824 1859 1
1824 1900 1
1824 1912 1
1824 1916 1
1824 1966 1
1824 1973 1
1825 1851 1
1825 1859 1
1825 1894 1
1825 1899 1
1825 1953 1
1825 1954 1
1825 1986 1
1826 1837 1
1826 1895 1
1826 1911 1
1827 1862 1
1827 1944 1
1827 1948 1
1827 1954 1
1828 1849 1
1828 1856 1
1828 1871 1
1828 1892 1
1828 1948 1
1828 1973 1
1829 1844 1
1829 1956 1
1829 1988 1
1829 1999 1
1830 1831 1
1830 1833 1
1830 1838 1
1830 1841 1
1830 1856 1
1830 1867 1
1830 1890 1
1830 1897 1
1831 1890 1
1831 1908 1
1831 1961 1
1832 1833 1
1832 1838 1
1832 1889 1
1832 1931 1
1832 1938 1
1832 1947 1
1833 1836 1
1833 1873 1
1833 1993 1
1834 1853 1
1834 1881 1
1834 1901 1
1834 1930 1
1834 1933 1
1834 1971 1
1834 1972 1
1835 1940 1
1836 1851 1
1836 1926 1
1836 1927 1
1836 1945 1
1836 1956 1
1837 1847 1
1837 1854 1
1837 1857 1
1837 1864 1
1837 1893 1
1837 1935 1
1837 1941 1
1837 1978 1
1838 1866 1
1839 1862 1
1839 1925 1
1839 1938 1
1839 1976 1
1839 1981 1
1839 1988 1
1840 1851 1
1840 1875 1
1840 1920 1
1841 1843 1
1841 1852 1
1841 1899 1
1841 1981 1
1841 1989 1
1841 1997 1
1842 1856 1
1842 1860 1
1842 1907 1
1842 1923 1
1842 1932 1
1842 1952 1
1842 1963 1
1842 1971 1
1843 1881 1
1843 1984 1
1844 1886 1
1844 1893 1
1844 1908 1
1844 1916 1
1844 1942 1
1844 1967 1
1844 1990 1
1845 1904 1
1845 1909 1
1845 1939 1
1845 1963 1
1845 1996 1
1846 1853 1
1846 1882 1
1846 1907 1
1846 1933 1
1846 1945 1
1846 1988 1
1847 1884 1
1847 1885 1
1847 1918 1
1847 1956 1
1847 1957 1
1847 1969 1
1847 1988 1
1848 1941 1
1848 1978 1
1848 1980 1
1848 1988 1
1849 1987 1
1850 1894 1
1850 1913 1
1850 1996 1
1851 1867 1
1851 1915 1
1851 1959 1
1851 1977 1
1852 1854 1
1852 1859 1
1852 1874 1
1852 1951 1
1853 1904 1
1853 1911 1
1853 1931 1
1853 1960 1
1853 1988 1
1854 1944 1
1855 1860 1
1855 1933 1
1855 1950 1
1855 1963 1
1855 1980 1
1856 1873 1
1856 1897 1
1856 1903 1
1856 1989 1
1857 1882 1
1857 1904 1
1857 1912 1
1857 1979 1
1858 1895 1
1858 1912 1
1858 1935 1
1858 1961 1
1858 1967 1
1859 1891 1
1859 1944 1
1860 1955 1
1860 1969 1
1861 1886 1
1861 1901 1
1862 1897 1
1862 1940 1
1862 1999 1
1863 1910 1
1863 1937 1
1863 1963 1
1863 1975 1
1864 1870 1
1864 1886 1
1864 1888 1
1865 1908 1
1865 1923 1
1865 1932 1
1865 1936 1
1865 1989 1
1866 1891 1
1866 1943 1
1866 1945 1
1866 1983 1
1866 1984 1
1867 1888 1
1867 1921 1
1867 1955 1
1867 1960 1
1867 1963 1
1868 1873 1
1868 1880 1
1869 1878 1
1869 1901 1
1869 1967 1
1869 1973 1
1869 1985 1
1869 1987 1
1870 1877 1
1870 1905 1
1870 1913 1
1870 1917 1
1870 1965 1
1870 1974 1
1871 1937 1
1871 1946 1
1871 1949 1
1871 1970 1
1872 1937 1
1873 1916 1
1873 1984 1
1873 1994 1
1874 1911 1
1874 1912 1
1874 1926 1
1874 1938 1
1874 1972 1
1875 1989 1
1876 1995 1
1877 1895 1
1877 1899 1
1877 1980 1
1878 1912 1
1878 1913 1
1878 1948 1
1878 1957 1
1879 1985 1
1879 1995 1
1880 1892 1
1880 1964 1
1880 1967 1
1880 1997 1
1881 1884 1
1881 1902 1
1881 1912 1
1881 1951 1
1882 1897 1
1882 1940 1
1882 1943 1
1882 1988 1
1883 1956 1
1883 1986 1
1884 1914 1
1884 1925 1
1884 1926 1
1884 1930 1
1884 1955 1
1884 1963 1
1884 1973 1
1884 1984 1
1885 1915 1
1885 1930 1
1885 1945 1
1886 1936 1
1886 1941 1
1886 1965 1
1886 1973 1
1886 1983 1
1887 1914 1
1887 1958 1
1887 1966 1
1887 1988 1
1887 2000 1
1888 1899 1
1889 1894 1
1889 1925 1
1889 1929 1
1889 1987 1
1889 1991 1
1890 1991 1
1891 1896 1
1891 1950 1
1892 1927 1
1893 1920 1
1893 1950 1
1893 1993 1
1894 1925 1
1894 1941 1
1894 1944 1
1894 1959 1
1894 1963 1
1894 1983 1
1895 1929 1
1895 1946 1
1895 1956 1
1896 1917 1
1896 1933 1
1896 1946 1
1896 1958 1
1897 1949 1
1897 1982 1
1898 1906 1
1898 1935 1
1898 1961 1
1898 1980 1
1898 1982 1
1898 1987 1
1899 1941 1
1899 1961 1
1899 1962 1
1900 1916 1
1900 1955 1
1900 1956 1
1900 1967 1
1900 1969 1
1902 1971 1
1902 1973 1
1903 1933 1
1903 1997 1
1904 1911 1
1904 1925 1
1904 1943 1
1904 1958 1
1904 1990 1
1905 1946 1
1905 1978 1
1906 1922 1
1906 1930 1
1906 1977 1
1906 1991 1
1907 1911 1
1907 1947 1
1907 1977 1
1907 1989 1
1908 1920 1
1908 1947 1
1908 1949 1
1908 1985 1
1909 1914 1
1909 1919 1
1909 1923 1
1910 1911 1
1910 1984 1
1911 1961 1
1912 1918 1
1912 1933 1
1912 1935 1
1912 1954 1
1912 1966 1
1912 1969 1
1912 1970 1
1912 1995 1
1913 1925 1
1914 1950 1
1914 1952 1
1915 1931 1
1915 1977 1
1917 1946 1
1918 1926 1
1918 1945 1
1918 1960 1
1919 1969 1
1919 1993 1
1920 1981 1
1920 1998 1
1922 1932 1
1923 1979 1
1924 1986 1
1925 1936 1
1925 1940 1
1927 1929 1
1927 1944 1
1928 1939 1
1928 1949 1
1928 1991 1
1929 1978 1
1930 1979 1
1930 1995 1
1931 1974 1
1932 1936 1
1932 1991 1
1933 1950 1
1933 1955 1
1933 1982 1
1934 1983 1
1935 1960 1
1935 1983 1
1936 1977 1
1936 1996 1
1937 1949 1
1938 1944 1
1938 1956 1
1940 1961 1
1941 1954 1
1941 1978 1
1941 2000 1
1942 1991 1
1945 1946 1
1947 2000 1
1948 1957 1
1948 1981 1
1949 1980 1
1949 1999 1
1951 1957 1
1951 1987 1
1951 2000 1
1952 1961 1
1952 1969 1
1953 1961 1
1954 1967 1
1954 1989 1
1954 1991 1
1955 1963 1
1955 1966 1
1955 1982 1
1955 1989 1
1956 1979 1
1956 1989 1
1956 1995 1
1957 1972 1
1958 1974 1
1962 1986 1
1964 1968 1
1964 1986 1
1965 1993 1
1967 1986 1
1968 1969 1
1970 1991 1
1971 1987 1
1973 1991 1
1975 1978 1
1975 1983 1
1978 1991 1
1985 1986 1
1996 1998 1
