2000 49879
1 23 1
1 59 1
1 118 1
1 204 1
1 236 1
1 244 1
1 265 1
1 393 1
1 472 1
1 522 1
1 534 1
1 591 1
1 681 1
1 690 1
1 764 1
1 918 1
1 962 1
1 971 1
1 1110 1
1 1148 1
1 1215 1
1 1227 1
1 1247 1
1 1271 1
1 1346 1
1 1404 1
1 1421 1
1 1462 1
1 1476 1
1 1530 1
1 1600 1
1 1683 1
1 1700 1
1 1717 1
1 1775 1
1 1791 1
1 1929 1
1 1930 1
2 5 1
2 13 1
2 44 1
2 76 1
2 131 1
2 161 1
2 168 1
2 210 1
2 250 1
2 282 1
2 307 1
2 332 1
2 352 1
2 381 1
2 460 1
2 472 1
2 529 1
2 578 1
2 590 1
2 609 1
2 641 1
2 828 1
2 929 1
2 1035 1
2 1036 1
2 1065 1
2 1246 1
2 1358 1
2 1371 1
2 1436 1
2 1446 1
2 1510 1
2 1521 1
2 1582 1
2 1746 1
2 1751 1
2 1761 1
2 1788 1
2 1850 1
2 1926 1
3 30 1
3 77 1
3 80 1
3 127 1
3 156 1
3 168 1
3 198 1
3 257 1
3 283 1
3 341 1
3 353 1
3 372 1
3 433 1
3 600 1
3 770 1
3 786 1
3 796 1
3 804 1
3 823 1
3 832 1
3 852 1
3 870 1
3 878 1
3 900 1
3 955 1
3 977 1
3 1027 1
3 1036 1
3 1110 1
3 1157 1
3 1180 1
3 1184 1
3 1215 1
3 1290 1
3 1295 1
3 1297 1
3 1376 1
3 1409 1
3 1479 1
3 1511 1
3 1568 1
3 1579 1
3 1594 1
3 1664 1
3 1703 1
3 1704 1
3 1761 1
3 1804 1
3 1844 1
3 1898 1
3 1947 1
4 20 1
4 47 1
4 49 1
4 129 1
4 169 1
4 191 1
4 210 1
4 288 1
4 292 1
4 310 1
4 345 1
4 432 1
4 456 1
4 535 1
4 559 1
4 582 1
4 585 1
4 601 1
4 640 1
4 672 1
4 687 1
4 699 1
4 758 1
4 759 1
4 774 1
4 795 1
4 875 1
4 879 1
4 899 1
4 905 1
4 1018 1
4 1047 1
4 1053 1
4 1067 1
4 1127 1
4 1129 1
4 1155 1
4 1163 1
4 1179 1
4 1348 1
4 1361 1
4 1366 1
4 1441 1
4 1478 1
4 1480 1
4 1521 1
4 1525 1
4 1530 1
4 1569 1
4 1651 1
4 1652 1
4 1667 1
4 1682 1
4 1715 1
4 1765 1
4 1796 1
4 1820 1
4 1937 1
4 1940 1
4 1974 1
5 16 1
5 84 1
5 252 1
5 260 1
5 337 1
5 340 1
5 416 1
5 551 1
5 634 1
5 687 1
5 697 1
5 729 1
5 732 1
5 767 1
5 849 1
5 859 1
5 927 1
5 948 1
5 976 1
5 987 1
5 997 1
5 1008 1
5 1027 1
5 1143 1
5 1160 1
5 1178 1
5 1328 1
5 1329 1
5 1364 1
5 1392 1
5 1457 1
5 1545 1
5 1557 1
5 1596 1
5 1603 1
5 1618 1
5 1683 1
5 1740 1
5 1744 1
5 1751 1
5 1793 1
5 1794 1
5 1798 1
5 1852 1
5 1942 1
5 1993 1
5 1995 1
6 16 1
6 113 1
6 118 1
6 146 1
6 186 1
6 243 1
6 315 1
6 328 1
6 431 1
6 555 1
6 594 1
6 677 1
6 690 1
6 742 1
6 828 1
6 868 1
6 887 1
6 935 1
6 1175 1
6 1205 1
6 1299 1
6 1350 1
6 1370 1
6 1415 1
6 1521 1
6 1572 1
6 1639 1
6 1665 1
6 1835 1
6 1836 1
6 1842 1
6 1884 1
6 1889 1
6 1896 1
6 1908 1
6 1999 1
7 41 1
7 45 1
7 128 1
7 143 1
7 169 1
7 173 1
7 206 1
7 257 1
7 301 1
7 316 1
7 333 1
7 430 1
7 449 1
7 462 1
7 493 1
7 591 1
7 632 1
7 794 1
7 851 1
7 854 1
7 957 1
7 972 1
7 973 1
7 1086 1
7 1110 1
7 1242 1
7 1248 1
7 1327 1
7 1429 1
7 1458 1
7 1468 1
7 1508 1
7 1520 1
7 1564 1
7 1565 1
7 1566 1
7 1578 1
7 1597 1
7 1623 1
7 1632 1
7 1649 1
7 1732 1
7 1759 1
7 1770 1
7 1851 1
7 1870 1
7 1873 1
7 1910 1
7 1931 1
7 1939 1
7 1958 1
7 1976 1
8 11 1
8 88 1
8 91 1
8 98 1
8 145 1
8 148 1
8 194 1
8 256 1
8 279 1
8 294 1
8 350 1
8 394 1
8 475 1
8 517 1
8 552 1
8 579 1
8 614 1
8 706 1
8 821 1
8 921 1
8 973 1
8 975 1
8 985 1
8 991 1
8 1010 1
8 1106 1
8 1149 1
8 1205 1
8 1231 1
8 1260 1
8 1274 1
8 1280 1
8 1423 1
8 1432 1
8 1564 1
8 1611 1
8 1669 1
8 1671 1
8 1675 1
8 1685 1
8 1723 1
8 1749 1
8 1777 1
8 1889 1
8 1956 1
8 1986 1
9 69 1
9 88 1
9 217 1
9 242 1
9 256 1
9 258 1
9 269 1
9 278 1
9 279 1
9 306 1
9 313 1
9 328 1
9 348 1
9 511 1
9 529 1
9 532 1
9 558 1
9 586 1
9 616 1
9 663 1
9 686 1
9 728 1
9 729 1
9 750 1
9 753 1
9 782 1
9 796 1
9 800 1
9 845 1
9 854 1
9 872 1
9 936 1
9 1139 1
9 1140 1
9 1221 1
9 1226 1
9 1274 1
9 1390 1
9 1406 1
9 1419 1
9 1522 1
9 1555 1
9 1572 1
9 1629 1
9 1648 1
9 1701 1
9 1715 1
9 1758 1
9 1824 1
9 1898 1
9 1917 1
9 1938 1
10 57 1
10 94 1
10 97 1
10 104 1
10 295 1
10 388 1
10 415 1
10 436 1
10 438 1
10 488 1
10 506 1
10 516 1
10 528 1
10 630 1
10 684 1
10 709 1
10 808 1
10 836 1
10 908 1
10 959 1
10 965 1
10 979 1
10 988 1
10 1049 1
10 1140 1
10 1152 1
10 1209 1
10 1215 1
10 1250 1
10 1301 1
10 1316 1
10 1364 1
10 1381 1
10 1435 1
10 1438 1
10 1513 1
10 1516 1
10 1532 1
10 1563 1
10 1571 1
10 1632 1
10 1703 1
10 1729 1
10 1736 1
10 1749 1
10 1806 1
10 1875 1
10 1917 1
10 1935 1
10 1943 1
11 25 1
11 28 1
11 54 1
11 305 1
11 330 1
11 427 1
11 485 1
11 553 1
11 626 1
11 650 1
11 669 1
11 687 1
11 713 1
11 738 1
11 743 1
11 776 1
11 809 1
11 850 1
11 869 1
11 915 1
11 941 1
11 1006 1
11 1014 1
11 1027 1
11 1028 1
11 1097 1
11 1115 1
11 1121 1
11 1134 1
11 1172 1
11 1252 1
11 1264 1
11 1273 1
11 1281 1
11 1325 1
11 1358 1
11 1371 1
11 1386 1
11 1437 1
11 1462 1
11 1491 1
11 1497 1
11 1519 1
11 1561 1
11 1600 1
11 1646 1
11 1673 1
11 1677 1
11 1825 1
11 1856 1
11 1874 1
11 1901 1
11 1926 1
11 1951 1
11 1966 1
12 29 1
12 77 1
12 111 1
12 128 1
12 167 1
12 190 1
12 210 1
12 213 1
12 293 1
12 406 1
12 420 1
12 426 1
12 437 1
12 451 1
12 502 1
12 510 1
12 534 1
12 650 1
12 765 1
12 861 1
12 862 1
12 935 1
12 1025 1
12 1153 1
12 1258 1
12 1279 1
12 1306 1
12 1358 1
12 1414 1
12 1532 1
12 1545 1
12 1639 1
12 1688 1
12 1699 1
12 1771 1
12 1805 1
12 1820 1
12 1823 1
12 1828 1
12 1899 1
12 1926 1
13 28 1
13 46 1
13 74 1
13 154 1
13 236 1
13 237 1
13 317 1
13 326 1
13 364 1
13 391 1
13 587 1
13 602 1
13 623 1
13 627 1
13 679 1
13 709 1
13 776 1
13 821 1
13 835 1
13 837 1
13 855 1
13 889 1
13 956 1
13 1018 1
13 1040 1
13 1053 1
13 1075 1
13 1144 1
13 1186 1
13 1230 1
13 1240 1
13 1272 1
13 1289 1
13 1329 1
13 1387 1
13 1395 1
13 1403 1
13 1420 1
13 1427 1
13 1496 1
13 1609 1
13 1645 1
13 1673 1
13 1699 1
13 1771 1
13 1801 1
13 1854 1
13 1893 1
13 1904 1
14 121 1
14 132 1
14 161 1
14 197 1
14 220 1
14 231 1
14 331 1
14 415 1
14 420 1
14 461 1
14 478 1
14 530 1
14 606 1
14 651 1
14 689 1
14 854 1
14 880 1
14 996 1
14 1009 1
14 1027 1
14 1037 1
14 1102 1
14 1119 1
14 1126 1
14 1168 1
14 1172 1
14 1173 1
14 1196 1
14 1244 1
14 1277 1
14 1353 1
14 1363 1
14 1373 1
14 1446 1
14 1462 1
14 1486 1
14 1521 1
14 1542 1
14 1572 1
14 1597 1
14 1610 1
14 1676 1
14 1686 1
14 1787 1
14 1793 1
14 1804 1
14 1874 1
14 1886 1
14 1970 1
14 1978 1
15 24 1
15 131 1
15 141 1
15 152 1
15 206 1
15 238 1
15 401 1
15 425 1
15 441 1
15 454 1
15 478 1
15 564 1
15 576 1
15 689 1
15 755 1
15 759 1
15 790 1
15 795 1
15 865 1
15 877 1
15 950 1
15 954 1
15 955 1
15 1016 1
15 1044 1
15 1045 1
15 1084 1
15 1089 1
15 1126 1
15 1141 1
15 1159 1
15 1164 1
15 1225 1
15 1328 1
15 1341 1
15 1356 1
15 1360 1
15 1422 1
15 1451 1
15 1499 1
15 1528 1
15 1567 1
15 1585 1
15 1647 1
15 1697 1
15 1700 1
15 1706 1
15 1838 1
15 1852 1
15 1853 1
15 1892 1
15 1942 1
15 1988 1
15 1995 1
16 37 1
16 70 1
16 93 1
16 143 1
16 144 1
16 171 1
16 195 1
16 287 1
16 322 1
16 355 1
16 450 1
16 503 1
16 514 1
16 523 1
16 622 1
16 623 1
16 641 1
16 659 1
16 661 1
16 872 1
16 911 1
16 924 1
16 933 1
16 1076 1
16 1140 1
16 1175 1
16 1183 1
16 1189 1
16 1195 1
16 1218 1
16 1238 1
16 1265 1
16 1324 1
16 1332 1
16 1380 1
16 1421 1
16 1431 1
16 1449 1
16 1475 1
16 1486 1
16 1493 1
16 1557 1
16 1574 1
16 1645 1
16 1713 1
16 1824 1
16 1874 1
16 1893 1
16 1902 1
16 1958 1
17 58 1
17 122 1
17 151 1
17 160 1
17 164 1
17 200 1
17 282 1
17 289 1
17 331 1
17 400 1
17 402 1
17 427 1
17 501 1
17 567 1
17 589 1
17 639 1
17 645 1
17 702 1
17 715 1
17 732 1
17 743 1
17 860 1
17 862 1
17 993 1
17 994 1
17 1006 1
17 1013 1
17 1042 1
17 1056 1
17 1146 1
17 1159 1
17 1320 1
17 1385 1
17 1423 1
17 1440 1
17 1458 1
17 1543 1
17 1574 1
17 1587 1
17 1599 1
17 1611 1
17 1627 1
17 1632 1
17 1685 1
17 1731 1
17 1861 1
17 1867 1
17 1890 1
17 1933 1
17 1940 1
17 1955 1
17 1993 1
18 118 1
18 144 1
18 145 1
18 257 1
18 265 1
18 272 1
18 277 1
18 285 1
18 303 1
18 353 1
18 355 1
18 554 1
18 558 1
18 596 1
18 715 1
18 720 1
18 793 1
18 808 1
18 813 1
18 816 1
18 857 1
18 866 1
18 873 1
18 931 1
18 965 1
18 993 1
18 1017 1
18 1112 1
18 1196 1
18 1226 1
18 1240 1
18 1296 1
18 1303 1
18 1313 1
18 1344 1
18 1350 1
18 1476 1
18 1575 1
18 1672 1
18 1770 1
18 1787 1
18 1807 1
18 1857 1
18 1899 1
18 1908 1
18 1930 1
18 1949 1
18 1978 1
18 1979 1
19 30 1
19 76 1
19 84 1
19 111 1
19 133 1
19 166 1
19 169 1
19 223 1
19 283 1
19 481 1
19 557 1
19 571 1
19 704 1
19 730 1
19 834 1
19 848 1
19 870 1
19 895 1
19 905 1
19 906 1
19 930 1
19 1070 1
19 1089 1
19 1158 1
19 1194 1
19 1231 1
19 1232 1
19 1269 1
19 1349 1
19 1380 1
19 1592 1
19 1620 1
19 1677 1
19 1747 1
19 1792 1
19 1794 1
19 1805 1
19 1819 1
19 1828 1
19 1890 1
19 1969 1
19 1996 1
20 35 1
20 38 1
20 107 1
20 115 1
20 167 1
20 180 1
20 195 1
20 232 1
20 233 1
20 288 1
20 342 1
20 385 1
20 416 1
20 450 1
20 475 1
20 483 1
20 494 1
20 503 1
20 514 1
20 525 1
20 587 1
20 590 1
20 628 1
20 671 1
20 691 1
20 693 1
20 733 1
20 749 1
20 751 1
20 755 1
20 777 1
20 780 1
20 788 1
20 799 1
20 859 1
20 877 1
20 929 1
20 1049 1
20 1058 1
20 1113 1
20 1205 1
20 1280 1
20 1296 1
20 1303 1
20 1334 1
20 1347 1
20 1425 1
20 1473 1
20 1522 1
20 1561 1
20 1593 1
20 1602 1
20 1626 1
20 1663 1
20 1721 1
20 1731 1
20 1734 1
20 1781 1
20 1784 1
20 1901 1
20 1916 1
20 1980 1
21 33 1
21 53 1
21 57 1
21 71 1
21 92 1
21 120 1
21 151 1
21 160 1
21 233 1
21 252 1
21 306 1
21 376 1
21 414 1
21 462 1
21 489 1
21 516 1
21 532 1
21 617 1
21 653 1
21 688 1
21 856 1
21 934 1
21 997 1
21 1164 1
21 1235 1
21 1280 1
21 1387 1
21 1549 1
21 1636 1
21 1653 1
21 1663 1
21 1726 1
21 1762 1
21 1859 1
21 1937 1
21 1950 1
21 1981 1
22 81 1
22 97 1
22 101 1
22 165 1
22 168 1
22 206 1
22 217 1
22 257 1
22 263 1
22 348 1
22 410 1
22 417 1
22 424 1
22 465 1
22 519 1
22 521 1
22 528 1
22 555 1
22 569 1
22 574 1
22 591 1
22 723 1
22 726 1
22 733 1
22 773 1
22 799 1
22 856 1
22 878 1
22 940 1
22 941 1
22 1028 1
22 1035 1
22 1070 1
22 1198 1
22 1254 1
22 1270 1
22 1353 1
22 1397 1
22 1480 1
22 1491 1
22 1508 1
22 1526 1
22 1580 1
22 1592 1
22 1604 1
22 1636 1
22 1713 1
22 1719 1
22 1789 1
22 1850 1
22 1868 1
22 1873 1
22 1971 1
22 1973 1
22 1981 1
23 88 1
23 146 1
23 174 1
23 190 1
23 355 1
23 414 1
23 470 1
23 473 1
23 540 1
23 583 1
23 896 1
23 903 1
23 931 1
23 977 1
23 989 1
23 1014 1
23 1066 1
23 1268 1
23 1285 1
23 1332 1
23 1433 1
23 1469 1
23 1533 1
23 1548 1
23 1572 1
23 1579 1
23 1637 1
23 1728 1
23 1867 1
23 1874 1
23 1889 1
23 1912 1
23 1960 1
23 1976 1
24 42 1
24 45 1
24 166 1
24 206 1
24 263 1
24 270 1
24 326 1
24 351 1
24 380 1
24 414 1
24 531 1
24 535 1
24 544 1
24 549 1
24 564 1
24 626 1
24 646 1
24 673 1
24 691 1
24 702 1
24 716 1
24 796 1
24 871 1
24 889 1
24 956 1
24 1006 1
24 1037 1
24 1039 1
24 1057 1
24 1062 1
24 1104 1
24 1113 1
24 1118 1
24 1193 1
24 1254 1
24 1269 1
24 1284 1
24 1517 1
24 1525 1
24 1535 1
24 1636 1
24 1642 1
24 1647 1
24 1716 1
24 1740 1
24 1781 1
24 1839 1
24 1854 1
24 1888 1
24 1899 1
24 1901 1
24 1939 1
25 79 1
25 149 1
25 176 1
25 181 1
25 210 1
25 240 1
25 263 1
25 298 1
25 333 1
25 339 1
25 378 1
25 402 1
25 485 1
25 490 1
25 519 1
25 578 1
25 631 1
25 685 1
25 741 1
25 747 1
25 767 1
25 780 1
25 817 1
25 926 1
25 931 1
25 1026 1
25 1030 1
25 1083 1
25 1087 1
25 1099 1
25 1101 1
25 1116 1
25 1153 1
25 1210 1
25 1238 1
25 1325 1
25 1336 1
25 1352 1
25 1357 1
25 1422 1
25 1586 1
25 1592 1
25 1598 1
25 1680 1
25 1704 1
25 1724 1
25 1744 1
25 1772 1
25 1812 1
25 1871 1
25 1878 1
25 1890 1
26 96 1
26 120 1
26 128 1
26 133 1
26 177 1
26 184 1
26 244 1
26 442 1
26 469 1
26 471 1
26 491 1
26 500 1
26 526 1
26 545 1
26 547 1
26 566 1
26 572 1
26 586 1
26 620 1
26 648 1
26 659 1
26 660 1
26 696 1
26 698 1
26 714 1
26 735 1
26 788 1
26 877 1
26 933 1
26 979 1
26 1032 1
26 1048 1
26 1055 1
26 1079 1
26 1092 1
26 1121 1
26 1342 1
26 1379 1
26 1451 1
26 1471 1
26 1552 1
26 1557 1
26 1576 1
26 1583 1
26 1593 1
26 1646 1
26 1659 1
26 1691 1
26 1763 1
26 1774 1
26 1883 1
26 1942 1
26 1988 1
26 1989 1
27 41 1
27 55 1
27 71 1
27 93 1
27 119 1
27 128 1
27 148 1
27 164 1
27 244 1
27 273 1
27 305 1
27 358 1
27 442 1
27 469 1
27 533 1
27 561 1
27 647 1
27 686 1
27 690 1
27 719 1
27 721 1
27 730 1
27 746 1
27 764 1
27 772 1
27 798 1
27 808 1
27 820 1
27 911 1
27 919 1
27 1060 1
27 1080 1
27 1096 1
27 1190 1
27 1192 1
27 1233 1
27 1245 1
27 1284 1
27 1294 1
27 1299 1
27 1323 1
27 1331 1
27 1387 1
27 1406 1
27 1417 1
27 1450 1
27 1452 1
27 1454 1
27 1537 1
27 1538 1
27 1544 1
27 1550 1
27 1552 1
27 1617 1
27 1625 1
27 1667 1
27 1762 1
27 1768 1
27 1782 1
27 1798 1
27 1948 1
28 29 1
28 69 1
28 82 1
28 90 1
28 109 1
28 139 1
28 149 1
28 188 1
28 400 1
28 412 1
28 503 1
28 514 1
28 562 1
28 622 1
28 639 1
28 663 1
28 738 1
28 818 1
28 825 1
28 952 1
28 1000 1
28 1044 1
28 1267 1
28 1275 1
28 1276 1
28 1305 1
28 1531 1
28 1543 1
28 1603 1
28 1609 1
28 1710 1
28 1720 1
28 1746 1
28 1748 1
28 1763 1
28 1765 1
28 1785 1
28 1815 1
28 1852 1
28 1855 1
28 1869 1
28 1887 1
28 1899 1
28 1917 1
28 1973 1
29 41 1
29 76 1
29 90 1
29 123 1
29 158 1
29 193 1
29 213 1
29 307 1
29 315 1
29 383 1
29 420 1
29 424 1
29 528 1
29 563 1
29 579 1
29 594 1
29 596 1
29 602 1
29 671 1
29 685 1
29 796 1
29 856 1
29 893 1
29 906 1
29 946 1
29 1014 1
29 1019 1
29 1020 1
29 1062 1
29 1066 1
29 1071 1
29 1098 1
29 1110 1
29 1159 1
29 1237 1
29 1276 1
29 1301 1
29 1319 1
29 1335 1
29 1390 1
29 1403 1
29 1425 1
29 1434 1
29 1450 1
29 1570 1
29 1580 1
29 1596 1
29 1648 1
29 1654 1
29 1722 1
29 1786 1
29 1824 1
29 1850 1
29 1852 1
29 1955 1
29 1972 1
29 1990 1
30 37 1
30 47 1
30 61 1
30 112 1
30 155 1
30 210 1
30 212 1
30 223 1
30 245 1
30 292 1
30 350 1
30 372 1
30 401 1
30 410 1
30 414 1
30 426 1
30 582 1
30 598 1
30 652 1
30 698 1
30 718 1
30 727 1
30 805 1
30 888 1
30 916 1
30 918 1
30 940 1
30 1019 1
30 1055 1
30 1092 1
30 1105 1
30 1152 1
30 1288 1
30 1347 1
30 1390 1
30 1398 1
30 1420 1
30 1444 1
30 1508 1
30 1509 1
30 1563 1
30 1659 1
30 1666 1
30 1725 1
30 1737 1
30 1767 1
30 1855 1
30 1893 1
30 1899 1
30 1918 1
30 1930 1
30 1931 1
31 73 1
31 102 1
31 122 1
31 124 1
31 132 1
31 211 1
31 249 1
31 267 1
31 333 1
31 376 1
31 412 1
31 424 1
31 463 1
31 577 1
31 579 1
31 599 1
31 635 1
31 639 1
31 694 1
31 781 1
31 789 1
31 831 1
31 869 1
31 949 1
31 1018 1
31 1022 1
31 1135 1
31 1144 1
31 1349 1
31 1360 1
31 1369 1
31 1379 1
31 1408 1
31 1410 1
31 1422 1
31 1430 1
31 1520 1
31 1620 1
31 1639 1
31 1657 1
31 1662 1
31 1760 1
31 1763 1
31 1772 1
31 1799 1
31 1847 1
31 1905 1
31 1912 1
31 1926 1
32 99 1
32 155 1
32 226 1
32 286 1
32 339 1
32 364 1
32 377 1
32 406 1
32 425 1
32 519 1
32 520 1
32 579 1
32 580 1
32 584 1
32 590 1
32 721 1
32 732 1
32 821 1
32 832 1
32 923 1
32 932 1
32 942 1
32 954 1
32 1024 1
32 1043 1
32 1052 1
32 1084 1
32 1091 1
32 1206 1
32 1230 1
32 1256 1
32 1276 1
32 1326 1
32 1365 1
32 1399 1
32 1426 1
32 1447 1
32 1578 1
32 1597 1
32 1772 1
32 1775 1
32 1941 1
32 1946 1
32 1969 1
33 40 1
33 158 1
33 181 1
33 301 1
33 312 1
33 315 1
33 362 1
33 382 1
33 594 1
33 661 1
33 697 1
33 756 1
33 782 1
33 909 1
33 915 1
33 948 1
33 949 1
33 987 1
33 1035 1
33 1118 1
33 1130 1
33 1271 1
33 1324 1
33 1564 1
33 1606 1
33 1625 1
33 1632 1
33 1654 1
33 1656 1
33 1720 1
33 1753 1
33 1755 1
33 1797 1
33 1879 1
33 1918 1
33 1923 1
34 98 1
34 111 1
34 132 1
34 206 1
34 278 1
34 301 1
34 378 1
34 412 1
34 472 1
34 481 1
34 697 1
34 730 1
34 761 1
34 803 1
34 822 1
34 858 1
34 871 1
34 883 1
34 929 1
34 992 1
34 1108 1
34 1161 1
34 1186 1
34 1225 1
34 1257 1
34 1266 1
34 1273 1
34 1274 1
34 1339 1
34 1418 1
34 1422 1
34 1489 1
34 1509 1
34 1561 1
34 1597 1
34 1604 1
34 1617 1
34 1659 1
34 1773 1
34 1877 1
34 1939 1
34 1945 1
34 1972 1
34 1997 1
35 50 1
35 52 1
35 195 1
35 199 1
35 215 1
35 224 1
35 228 1
35 239 1
35 264 1
35 282 1
35 288 1
35 339 1
35 510 1
35 538 1
35 542 1
35 548 1
35 627 1
35 633 1
35 655 1
35 656 1
35 711 1
35 732 1
35 733 1
35 768 1
35 796 1
35 814 1
35 856 1
35 883 1
35 912 1
35 969 1
35 979 1
35 1008 1
35 1015 1
35 1031 1
35 1085 1
35 1169 1
35 1176 1
35 1190 1
35 1217 1
35 1261 1
35 1312 1
35 1324 1
35 1414 1
35 1431 1
35 1434 1
35 1456 1
35 1485 1
35 1492 1
35 1616 1
35 1662 1
35 1838 1
35 1944 1
35 1995 1
36 45 1
36 54 1
36 82 1
36 273 1
36 283 1
36 301 1
36 303 1
36 351 1
36 357 1
36 423 1
36 426 1
36 463 1
36 473 1
36 482 1
36 540 1
36 556 1
36 561 1
36 690 1
36 872 1
36 875 1
36 894 1
36 911 1
36 936 1
36 938 1
36 992 1
36 1013 1
36 1017 1
36 1020 1
36 1025 1
36 1147 1
36 1156 1
36 1184 1
36 1201 1
36 1331 1
36 1360 1
36 1395 1
36 1402 1
36 1446 1
36 1506 1
36 1553 1
36 1799 1
36 1847 1
36 1870 1
36 1891 1
36 1920 1
36 1955 1
36 1974 1
36 1994 1
37 56 1
37 75 1
37 83 1
37 113 1
37 114 1
37 183 1
37 264 1
37 273 1
37 341 1
37 412 1
37 433 1
37 486 1
37 496 1
37 501 1
37 637 1
37 649 1
37 660 1
37 680 1
37 733 1
37 738 1
37 913 1
37 940 1
37 986 1
37 1015 1
37 1054 1
37 1107 1
37 1160 1
37 1170 1
37 1178 1
37 1224 1
37 1240 1
37 1260 1
37 1279 1
37 1290 1
37 1302 1
37 1304 1
37 1317 1
37 1358 1
37 1384 1
37 1425 1
37 1440 1
37 1490 1
37 1500 1
37 1517 1
37 1551 1
37 1576 1
37 1597 1
37 1602 1
37 1650 1
37 1723 1
37 1733 1
37 1831 1
37 1857 1
37 1863 1
37 1875 1
37 1905 1
37 1908 1
37 1994 1
38 123 1
38 174 1
38 212 1
38 218 1
38 227 1
38 258 1
38 263 1
38 276 1
38 337 1
38 345 1
38 372 1
38 419 1
38 428 1
38 437 1
38 529 1
38 532 1
38 546 1
38 578 1
38 581 1
38 597 1
38 624 1
38 662 1
38 776 1
38 897 1
38 912 1
38 941 1
38 1018 1
38 1060 1
38 1082 1
38 1124 1
38 1153 1
38 1161 1
38 1169 1
38 1209 1
38 1373 1
38 1401 1
38 1418 1
38 1431 1
38 1458 1
38 1472 1
38 1478 1
38 1504 1
38 1601 1
38 1621 1
38 1646 1
38 1663 1
38 1703 1
38 1709 1
38 1715 1
38 1727 1
38 1731 1
38 1733 1
38 1776 1
38 1830 1
38 1847 1
38 1928 1
38 1939 1
38 1956 1
38 1963 1
39 46 1
39 65 1
39 74 1
39 142 1
39 195 1
39 235 1
39 391 1
39 429 1
39 431 1
39 489 1
39 498 1
39 511 1
39 742 1
39 783 1
39 891 1
39 897 1
39 916 1
39 932 1
39 958 1
39 976 1
39 1044 1
39 1111 1
39 1116 1
39 1117 1
39 1120 1
39 1183 1
39 1204 1
39 1227 1
39 1228 1
39 1241 1
39 1290 1
39 1360 1
39 1794 1
39 1852 1
39 1887 1
39 1896 1
39 1897 1
39 1926 1
39 1961 1
39 1980 1
39 1989 1
40 43 1
40 79 1
40 109 1
40 149 1
40 154 1
40 156 1
40 250 1
40 278 1
40 323 1
40 406 1
40 432 1
40 477 1
40 497 1
40 525 1
40 603 1
40 694 1
40 728 1
40 797 1
40 829 1
40 906 1
40 928 1
40 990 1
40 1061 1
40 1163 1
40 1164 1
40 1194 1
40 1234 1
40 1239 1
40 1326 1
40 1341 1
40 1361 1
40 1440 1
40 1492 1
40 1499 1
40 1503 1
40 1531 1
40 1550 1
40 1551 1
40 1649 1
40 1691 1
40 1752 1
40 1779 1
40 1787 1
40 1794 1
40 1832 1
40 1888 1
40 1940 1
40 1964 1
41 87 1
41 227 1
41 287 1
41 336 1
41 380 1
41 398 1
41 417 1
41 420 1
41 491 1
41 557 1
41 595 1
41 614 1
41 629 1
41 750 1
41 761 1
41 764 1
41 770 1
41 772 1
41 817 1
41 873 1
41 996 1
41 1000 1
41 1051 1
41 1079 1
41 1091 1
41 1136 1
41 1164 1
41 1209 1
41 1219 1
41 1279 1
41 1328 1
41 1337 1
41 1340 1
41 1366 1
41 1423 1
41 1427 1
41 1438 1
41 1485 1
41 1604 1
41 1684 1
41 1711 1
41 1780 1
41 1799 1
41 1841 1
41 1859 1
41 1876 1
41 1885 1
42 53 1
42 143 1
42 184 1
42 200 1
42 214 1
42 278 1
42 289 1
42 325 1
42 376 1
42 416 1
42 419 1
42 444 1
42 465 1
42 510 1
42 511 1
42 516 1
42 523 1
42 632 1
42 673 1
42 694 1
42 911 1
42 936 1
42 958 1
42 993 1
42 1005 1
42 1084 1
42 1158 1
42 1170 1
42 1184 1
42 1245 1
42 1259 1
42 1278 1
42 1289 1
42 1338 1
42 1390 1
42 1402 1
42 1422 1
42 1425 1
42 1456 1
42 1458 1
42 1504 1
42 1542 1
42 1564 1
42 1646 1
42 1685 1
42 1748 1
42 1767 1
42 1774 1
42 1784 1
42 1831 1
42 1887 1
42 1896 1
42 1920 1
42 1962 1
42 1971 1
43 116 1
43 189 1
43 209 1
43 215 1
43 289 1
43 321 1
43 367 1
43 375 1
43 435 1
43 466 1
43 467 1
43 479 1
43 512 1
43 553 1
43 586 1
43 604 1
43 668 1
43 691 1
43 791 1
43 819 1
43 839 1
43 855 1
43 899 1
43 947 1
43 969 1
43 979 1
43 985 1
43 1024 1
43 1106 1
43 1117 1
43 1140 1
43 1230 1
43 1270 1
43 1287 1
43 1364 1
43 1452 1
43 1457 1
43 1471 1
43 1483 1
43 1508 1
43 1520 1
43 1572 1
43 1596 1
43 1600 1
43 1659 1
43 1670 1
43 1685 1
43 1808 1
43 1816 1
43 1825 1
43 1870 1
43 1923 1
43 1948 1
43 1976 1
44 66 1
44 86 1
44 103 1
44 145 1
44 199 1
44 204 1
44 235 1
44 236 1
44 271 1
44 282 1
44 310 1
44 353 1
44 360 1
44 385 1
44 390 1
44 399 1
44 420 1
44 451 1
44 461 1
44 493 1
44 495 1
44 496 1
44 515 1
44 624 1
44 671 1
44 674 1
44 732 1
44 735 1
44 744 1
44 765 1
44 779 1
44 797 1
44 852 1
44 881 1
44 994 1
44 1043 1
44 1052 1
44 1091 1
44 1254 1
44 1274 1
44 1304 1
44 1318 1
44 1454 1
44 1462 1
44 1641 1
44 1645 1
44 1652 1
44 1686 1
44 1690 1
44 1697 1
44 1717 1
44 1728 1
44 1812 1
44 1939 1
44 1990 1
45 72 1
45 74 1
45 87 1
45 158 1
45 184 1
45 250 1
45 306 1
45 463 1
45 517 1
45 530 1
45 564 1
45 582 1
45 610 1
45 629 1
45 697 1
45 701 1
45 770 1
45 833 1
45 896 1
45 939 1
45 1222 1
45 1400 1
45 1432 1
45 1723 1
45 1734 1
45 1748 1
45 1751 1
45 1787 1
45 1836 1
45 1938 1
45 1948 1
45 1962 1
46 80 1
46 87 1
46 117 1
46 134 1
46 182 1
46 188 1
46 238 1
46 251 1
46 297 1
46 361 1
46 433 1
46 510 1
46 514 1
46 549 1
46 572 1
46 595 1
46 597 1
46 619 1
46 622 1
46 686 1
46 734 1
46 737 1
46 787 1
46 791 1
46 847 1
46 859 1
46 875 1
46 924 1
46 976 1
46 978 1
46 985 1
46 997 1
46 1040 1
46 1118 1
46 1131 1
46 1144 1
46 1258 1
46 1337 1
46 1355 1
46 1356 1
46 1366 1
46 1381 1
46 1394 1
46 1490 1
46 1531 1
46 1534 1
46 1539 1
46 1582 1
46 1597 1
46 1601 1
46 1611 1
46 1620 1
46 1633 1
46 1692 1
46 1700 1
46 1720 1
46 1739 1
46 1812 1
46 1903 1
46 1905 1
46 1992 1
47 64 1
47 133 1
47 162 1
47 172 1
47 174 1
47 203 1
47 253 1
47 329 1
47 332 1
47 365 1
47 391 1
47 399 1
47 428 1
47 442 1
47 465 1
47 468 1
47 473 1
47 506 1
47 507 1
47 579 1
47 603 1
47 629 1
47 672 1
47 675 1
47 772 1
47 773 1
47 889 1
47 974 1
47 1007 1
47 1032 1
47 1034 1
47 1105 1
47 1170 1
47 1177 1
47 1183 1
47 1211 1
47 1212 1
47 1300 1
47 1348 1
47 1411 1
47 1494 1
47 1527 1
47 1572 1
47 1587 1
47 1637 1
47 1669 1
47 1745 1
47 1915 1
47 1949 1
47 1958 1
48 69 1
48 78 1
48 147 1
48 177 1
48 221 1
48 268 1
48 292 1
48 349 1
48 443 1
48 494 1
48 504 1
48 682 1
48 695 1
48 732 1
48 747 1
48 821 1
48 841 1
48 844 1
48 847 1
48 938 1
48 960 1
48 963 1
48 990 1
48 1035 1
48 1046 1
48 1190 1
48 1259 1
48 1315 1
48 1523 1
48 1529 1
48 1585 1
48 1614 1
48 1623 1
48 1639 1
48 1710 1
48 1752 1
48 1769 1
48 1771 1
48 1813 1
48 1873 1
48 1880 1
48 1939 1
48 1947 1
49 80 1
49 114 1
49 217 1
49 257 1
49 338 1
49 439 1
49 454 1
49 463 1
49 507 1
49 553 1
49 573 1
49 594 1
49 617 1
49 623 1
49 717 1
49 773 1
49 933 1
49 1008 1
49 1014 1
49 1027 1
49 1132 1
49 1181 1
49 1190 1
49 1239 1
49 1247 1
49 1251 1
49 1256 1
49 1299 1
49 1358 1
49 1392 1
49 1399 1
49 1496 1
49 1587 1
49 1591 1
49 1604 1
49 1692 1
49 1763 1
49 1802 1
49 1858 1
49 1859 1
49 1924 1
49 1925 1
49 1926 1
49 1966 1
50 108 1
50 120 1
50 143 1
50 186 1
50 192 1
50 216 1
50 284 1
50 305 1
50 312 1
50 324 1
50 405 1
50 420 1
50 458 1
50 466 1
50 507 1
50 513 1
50 534 1
50 553 1
50 569 1
50 578 1
50 600 1
50 717 1
50 758 1
50 799 1
50 821 1
50 828 1
50 942 1
50 1047 1
50 1051 1
50 1068 1
50 1202 1
50 1282 1
50 1286 1
50 1327 1
50 1328 1
50 1330 1
50 1356 1
50 1373 1
50 1409 1
50 1417 1
50 1420 1
50 1451 1
50 1469 1
50 1473 1
50 1527 1
50 1576 1
50 1595 1
50 1647 1
50 1668 1
50 1675 1
50 1692 1
50 1780 1
50 1842 1
50 1975 1
51 84 1
51 114 1
51 194 1
51 258 1
51 282 1
51 310 1
51 354 1
51 366 1
51 372 1
51 379 1
51 466 1
51 537 1
51 614 1
51 620 1
51 666 1
51 673 1
51 690 1
51 729 1
51 861 1
51 878 1
51 965 1
51 1005 1
51 1009 1
51 1015 1
51 1020 1
51 1036 1
51 1049 1
51 1098 1
51 1128 1
51 1135 1
51 1147 1
51 1163 1
51 1183 1
51 1233 1
51 1287 1
51 1292 1
51 1315 1
51 1334 1
51 1415 1
51 1425 1
51 1437 1
51 1571 1
51 1594 1
51 1772 1
51 1839 1
51 1874 1
51 1972 1
51 1988 1
52 60 1
52 72 1
52 117 1
52 203 1
52 210 1
52 249 1
52 253 1
52 325 1
52 329 1
52 356 1
52 406 1
52 429 1
52 435 1
52 499 1
52 530 1
52 625 1
52 631 1
52 642 1
52 672 1
52 725 1
52 767 1
52 773 1
52 783 1
52 917 1
52 989 1
52 996 1
52 1026 1
52 1060 1
52 1079 1
52 1125 1
52 1149 1
52 1276 1
52 1315 1
52 1319 1
52 1454 1
52 1494 1
52 1541 1
52 1576 1
52 1595 1
52 1735 1
52 1753 1
52 1770 1
52 1805 1
52 1825 1
52 1850 1
52 1877 1
52 1927 1
52 1998 1
53 64 1
53 73 1
53 143 1
53 213 1
53 418 1
53 434 1
53 570 1
53 738 1
53 801 1
53 853 1
53 944 1
53 978 1
53 989 1
53 1125 1
53 1133 1
53 1144 1
53 1156 1
53 1173 1
53 1200 1
53 1254 1
53 1263 1
53 1321 1
53 1338 1
53 1357 1
53 1364 1
53 1412 1
53 1480 1
53 1504 1
53 1507 1
53 1520 1
53 1522 1
53 1538 1
53 1579 1
53 1587 1
53 1641 1
53 1692 1
53 1721 1
53 1736 1
53 1768 1
53 1780 1
53 1827 1
53 1912 1
53 1931 1
53 1935 1
54 71 1
54 91 1
54 94 1
54 119 1
54 144 1
54 172 1
54 266 1
54 293 1
54 352 1
54 375 1
54 388 1
54 405 1
54 416 1
54 431 1
54 531 1
54 538 1
54 616 1
54 653 1
54 705 1
54 715 1
54 732 1
54 765 1
54 789 1
54 796 1
54 802 1
54 846 1
54 925 1
54 938 1
54 971 1
54 989 1
54 1032 1
54 1111 1
54 1125 1
54 1168 1
54 1216 1
54 1231 1
54 1244 1
54 1249 1
54 1268 1
54 1285 1
54 1314 1
54 1327 1
54 1454 1
54 1462 1
54 1491 1
54 1574 1
54 1648 1
54 1663 1
54 1859 1
54 1887 1
54 1903 1
54 1912 1
54 1960 1
54 1984 1
54 1994 1
55 203 1
55 215 1
55 279 1
55 295 1
55 331 1
55 333 1
55 351 1
55 376 1
55 401 1
55 414 1
55 431 1
55 468 1
55 564 1
55 649 1
55 686 1
55 774 1
55 777 1
55 829 1
55 837 1
55 899 1
55 911 1
55 939 1
55 944 1
55 978 1
55 988 1
55 1003 1
55 1112 1
55 1117 1
55 1146 1
55 1149 1
55 1176 1
55 1185 1
55 1192 1
55 1224 1
55 1247 1
55 1278 1
55 1435 1
55 1444 1
55 1546 1
55 1555 1
55 1598 1
55 1673 1
55 1706 1
55 1717 1
55 1781 1
55 1782 1
55 1791 1
55 1811 1
55 1877 1
55 1931 1
55 1980 1
56 141 1
56 147 1
56 193 1
56 238 1
56 279 1
56 300 1
56 319 1
56 414 1
56 467 1
56 480 1
56 510 1
56 572 1
56 882 1
56 935 1
56 941 1
56 950 1
56 1002 1
56 1013 1
56 1102 1
56 1126 1
56 1138 1
56 1218 1
56 1224 1
56 1244 1
56 1250 1
56 1252 1
56 1267 1
56 1294 1
56 1311 1
56 1382 1
56 1563 1
56 1573 1
56 1593 1
56 1643 1
56 1654 1
56 1730 1
56 1740 1
56 1753 1
56 1786 1
56 1836 1
56 1951 1
56 1956 1
56 1987 1
57 219 1
57 243 1
57 263 1
57 265 1
57 274 1
57 321 1
57 340 1
57 455 1
57 472 1
57 500 1
57 527 1
57 554 1
57 620 1
57 703 1
57 748 1
57 749 1
57 788 1
57 831 1
57 861 1
57 893 1
57 938 1
57 974 1
57 1003 1
57 1064 1
57 1065 1
57 1088 1
57 1133 1
57 1141 1
57 1313 1
57 1323 1
57 1411 1
57 1443 1
57 1531 1
57 1541 1
57 1598 1
57 1623 1
57 1633 1
57 1645 1
57 1703 1
57 1752 1
57 1783 1
57 1819 1
57 1844 1
57 1903 1
57 1924 1
57 1938 1
57 1979 1
57 1998 1
58 94 1
58 126 1
58 141 1
58 310 1
58 376 1
58 398 1
58 406 1
58 442 1
58 462 1
58 475 1
58 489 1
58 521 1
58 526 1
58 537 1
58 551 1
58 557 1
58 608 1
58 627 1
58 751 1
58 793 1
58 875 1
58 890 1
58 909 1
58 979 1
58 1087 1
58 1135 1
58 1217 1
58 1244 1
58 1249 1
58 1277 1
58 1321 1
58 1451 1
58 1476 1
58 1529 1
58 1531 1
58 1577 1
58 1622 1
58 1662 1
58 1734 1
58 1754 1
58 1790 1
58 1828 1
58 1862 1
58 1881 1
58 1893 1
58 1938 1
58 1996 1
59 62 1
59 89 1
59 110 1
59 113 1
59 134 1
59 237 1
59 368 1
59 401 1
59 420 1
59 423 1
59 425 1
59 441 1
59 464 1
59 473 1
59 480 1
59 487 1
59 497 1
59 564 1
59 591 1
59 645 1
59 919 1
59 958 1
59 981 1
59 993 1
59 1051 1
59 1062 1
59 1099 1
59 1103 1
59 1157 1
59 1251 1
59 1280 1
59 1499 1
59 1520 1
59 1586 1
59 1602 1
59 1608 1
59 1683 1
59 1743 1
59 1751 1
59 1764 1
59 1775 1
59 1784 1
59 1831 1
59 1887 1
59 1918 1
59 1970 1
59 1978 1
60 103 1
60 106 1
60 116 1
60 177 1
60 182 1
60 238 1
60 254 1
60 289 1
60 290 1
60 320 1
60 350 1
60 352 1
60 369 1
60 388 1
60 467 1
60 512 1
60 516 1
60 575 1
60 684 1
60 761 1
60 768 1
60 821 1
60 833 1
60 851 1
60 852 1
60 856 1
60 937 1
60 997 1
60 1016 1
60 1019 1
60 1076 1
60 1154 1
60 1306 1
60 1342 1
60 1410 1
60 1417 1
60 1435 1
60 1441 1
60 1446 1
60 1537 1
60 1571 1
60 1588 1
60 1622 1
60 1634 1
60 1680 1
60 1704 1
60 1768 1
60 1779 1
60 1887 1
60 1916 1
60 1930 1
61 170 1
61 221 1
61 222 1
61 256 1
61 282 1
61 288 1
61 289 1
61 330 1
61 356 1
61 368 1
61 693 1
61 915 1
61 924 1
61 976 1
61 1019 1
61 1057 1
61 1224 1
61 1225 1
61 1246 1
61 1258 1
61 1302 1
61 1309 1
61 1331 1
61 1412 1
61 1420 1
61 1424 1
61 1440 1
61 1484 1
61 1567 1
61 1654 1
61 1716 1
61 1718 1
61 1733 1
61 1760 1
61 1836 1
61 1849 1
61 1851 1
61 1903 1
61 1919 1
61 1920 1
61 1955 1
62 95 1
62 144 1
62 155 1
62 159 1
62 362 1
62 383 1
62 413 1
62 432 1
62 587 1
62 593 1
62 644 1
62 711 1
62 754 1
62 853 1
62 949 1
62 993 1
62 1056 1
62 1102 1
62 1186 1
62 1189 1
62 1193 1
62 1270 1
62 1299 1
62 1397 1
62 1453 1
62 1468 1
62 1498 1
62 1518 1
62 1563 1
62 1573 1
62 1575 1
62 1576 1
62 1639 1
62 1679 1
62 1693 1
62 1793 1
62 1801 1
62 1849 1
62 1900 1
62 1904 1
62 1927 1
63 134 1
63 167 1
63 273 1
63 276 1
63 309 1
63 366 1
63 437 1
63 491 1
63 532 1
63 536 1
63 567 1
63 573 1
63 604 1
63 611 1
63 819 1
63 840 1
63 942 1
63 982 1
63 1093 1
63 1108 1
63 1140 1
63 1145 1
63 1176 1
63 1183 1
63 1205 1
63 1274 1
63 1293 1
63 1303 1
63 1315 1
63 1316 1
63 1454 1
63 1488 1
63 1495 1
63 1538 1
63 1559 1
63 1587 1
63 1653 1
63 1681 1
63 1782 1
63 1836 1
63 1864 1
63 1877 1
63 1879 1
63 1900 1
63 1976 1
63 1999 1
64 153 1
64 245 1
64 279 1
64 316 1
64 395 1
64 415 1
64 424 1
64 454 1
64 459 1
64 489 1
64 531 1
64 533 1
64 627 1
64 631 1
64 641 1
64 644 1
64 668 1
64 691 1
64 696 1
64 699 1
64 718 1
64 735 1
64 793 1
64 807 1
64 859 1
64 870 1
64 910 1
64 944 1
64 982 1
64 987 1
64 1151 1
64 1192 1
64 1212 1
64 1227 1
64 1235 1
64 1270 1
64 1365 1
64 1376 1
64 1414 1
64 1473 1
64 1476 1
64 1495 1
64 1498 1
64 1573 1
64 1579 1
64 1606 1
64 1652 1
64 1653 1
64 1696 1
64 1707 1
64 1781 1
64 1802 1
64 1886 1
64 1895 1
64 1936 1
64 1959 1
65 90 1
65 136 1
65 221 1
65 246 1
65 253 1
65 256 1
65 266 1
65 274 1
65 304 1
65 306 1
65 365 1
65 404 1
65 427 1
65 447 1
65 477 1
65 480 1
65 483 1
65 488 1
65 500 1
65 542 1
65 556 1
65 570 1
65 613 1
65 625 1
65 638 1
65 689 1
65 697 1
65 745 1
65 777 1
65 794 1
65 847 1
65 858 1
65 895 1
65 958 1
65 967 1
65 983 1
65 1013 1
65 1039 1
65 1076 1
65 1092 1
65 1119 1
65 1127 1
65 1147 1
65 1155 1
65 1199 1
65 1240 1
65 1296 1
65 1309 1
65 1313 1
65 1443 1
65 1470 1
65 1544 1
65 1546 1
65 1556 1
65 1558 1
65 1574 1
65 1611 1
65 1683 1
65 1723 1
65 1729 1
65 1736 1
65 1741 1
65 1752 1
65 1757 1
65 1795 1
65 1898 1
65 1970 1
65 1984 1
65 1989 1
66 93 1
66 179 1
66 272 1
66 353 1
66 387 1
66 389 1
66 403 1
66 423 1
66 434 1
66 485 1
66 514 1
66 531 1
66 534 1
66 552 1
66 559 1
66 590 1
66 657 1
66 770 1
66 826 1
66 911 1
66 993 1
66 1101 1
66 1106 1
66 1113 1
66 1207 1
66 1282 1
66 1356 1
66 1369 1
66 1418 1
66 1446 1
66 1502 1
66 1532 1
66 1567 1
66 1577 1
66 1594 1
66 1600 1
66 1643 1
66 1677 1
66 1730 1
66 1751 1
66 1762 1
66 1765 1
66 1789 1
66 1838 1
66 1906 1
66 1914 1
66 1930 1
66 1949 1
66 1973 1
66 1977 1
66 1983 1
67 79 1
67 110 1
67 111 1
67 137 1
67 173 1
67 263 1
67 295 1
67 342 1
67 441 1
67 455 1
67 538 1
67 543 1
67 569 1
67 572 1
67 583 1
67 592 1
67 664 1
67 717 1
67 732 1
67 737 1
67 804 1
67 912 1
67 940 1
67 945 1
67 989 1
67 1033 1
67 1051 1
67 1110 1
67 1163 1
67 1233 1
67 1271 1
67 1276 1
67 1316 1
67 1317 1
67 1321 1
67 1338 1
67 1367 1
67 1406 1
67 1407 1
67 1493 1
67 1501 1
67 1532 1
67 1538 1
67 1540 1
67 1552 1
67 1570 1
67 1662 1
67 1773 1
67 1868 1
67 1897 1
67 1916 1
67 1923 1
67 1945 1
67 1980 1
68 154 1
68 162 1
68 270 1
68 297 1
68 314 1
68 321 1
68 350 1
68 434 1
68 460 1
68 466 1
68 542 1
68 575 1
68 580 1
68 599 1
68 618 1
68 681 1
68 786 1
68 812 1
68 832 1
68 896 1
68 1051 1
68 1096 1
68 1102 1
68 1156 1
68 1163 1
68 1219 1
68 1226 1
68 1255 1
68 1259 1
68 1287 1
68 1297 1
68 1310 1
68 1358 1
68 1361 1
68 1364 1
68 1369 1
68 1404 1
68 1501 1
68 1513 1
68 1583 1
68 1643 1
68 1665 1
68 1692 1
68 1695 1
68 1715 1
68 1734 1
68 1756 1
68 1760 1
68 1843 1
68 1902 1
68 1933 1
68 1937 1
68 1938 1
68 1960 1
69 110 1
69 126 1
69 128 1
69 155 1
69 217 1
69 253 1
69 315 1
69 330 1
69 353 1
69 362 1
69 368 1
69 392 1
69 426 1
69 488 1
69 528 1
69 530 1
69 546 1
69 557 1
69 731 1
69 732 1
69 748 1
69 749 1
69 762 1
69 774 1
69 775 1
69 858 1
69 892 1
69 920 1
69 975 1
69 1029 1
69 1080 1
69 1146 1
69 1160 1
69 1181 1
69 1183 1
69 1186 1
69 1279 1
69 1304 1
69 1314 1
69 1482 1
69 1502 1
69 1513 1
69 1525 1
69 1532 1
69 1632 1
69 1674 1
69 1687 1
69 1722 1
69 1738 1
69 1769 1
69 1793 1
69 1851 1
69 1885 1
69 1897 1
69 1923 1
69 1998 1
70 85 1
70 94 1
70 231 1
70 366 1
70 400 1
70 408 1
70 440 1
70 451 1
70 455 1
70 539 1
70 582 1
70 606 1
70 649 1
70 676 1
70 738 1
70 840 1
70 879 1
70 912 1
70 918 1
70 1024 1
70 1061 1
70 1084 1
70 1151 1
70 1200 1
70 1205 1
70 1255 1
70 1265 1
70 1283 1
70 1317 1
70 1352 1
70 1393 1
70 1440 1
70 1451 1
70 1528 1
70 1529 1
70 1540 1
70 1608 1
70 1623 1
70 1645 1
70 1671 1
70 1731 1
70 1755 1
70 1813 1
70 1899 1
70 1911 1
71 76 1
71 295 1
71 319 1
71 384 1
71 394 1
71 437 1
71 484 1
71 500 1
71 552 1
71 554 1
71 578 1
71 583 1
71 600 1
71 602 1
71 616 1
71 790 1
71 838 1
71 866 1
71 881 1
71 950 1
71 1220 1
71 1260 1
71 1265 1
71 1266 1
71 1363 1
71 1390 1
71 1406 1
71 1430 1
71 1442 1
71 1456 1
71 1464 1
71 1578 1
71 1615 1
71 1723 1
71 1724 1
71 1770 1
71 1784 1
71 1925 1
72 258 1
72 325 1
72 347 1
72 371 1
72 407 1
72 465 1
72 483 1
72 516 1
72 553 1
72 587 1
72 648 1
72 656 1
72 664 1
72 770 1
72 774 1
72 779 1
72 824 1
72 835 1
72 856 1
72 866 1
72 892 1
72 920 1
72 923 1
72 1075 1
72 1270 1
72 1284 1
72 1318 1
72 1404 1
72 1424 1
72 1431 1
72 1496 1
72 1563 1
72 1566 1
72 1576 1
72 1578 1
72 1592 1
72 1597 1
72 1645 1
72 1651 1
72 1668 1
72 1688 1
72 1691 1
72 1717 1
72 1790 1
72 1793 1
72 1837 1
72 1852 1
72 1874 1
72 1901 1
72 1919 1
72 1937 1
72 1938 1
73 169 1
73 232 1
73 293 1
73 297 1
73 331 1
73 382 1
73 410 1
73 438 1
73 482 1
73 487 1
73 535 1
73 579 1
73 604 1
73 612 1
73 621 1
73 629 1
73 697 1
73 702 1
73 736 1
73 738 1
73 779 1
73 854 1
73 871 1
73 874 1
73 920 1
73 927 1
73 957 1
73 972 1
73 1129 1
73 1185 1
73 1277 1
73 1286 1
73 1293 1
73 1332 1
73 1348 1
73 1392 1
73 1418 1
73 1442 1
73 1488 1
73 1514 1
73 1529 1
73 1554 1
73 1630 1
73 1656 1
73 1686 1
73 1726 1
73 1732 1
73 1733 1
73 1737 1
73 1781 1
73 1801 1
73 1814 1
73 1847 1
73 1902 1
73 1909 1
73 1928 1
73 1944 1
73 1969 1
73 1978 1
73 1991 1
73 1996 1
73 2000 1
74 76 1
74 109 1
74 118 1
74 136 1
74 230 1
74 264 1
74 372 1
74 376 1
74 377 1
74 483 1
74 496 1
74 517 1
74 604 1
74 648 1
74 804 1
74 849 1
74 879 1
74 913 1
74 957 1
74 980 1
74 1026 1
74 1029 1
74 1125 1
74 1204 1
74 1248 1
74 1283 1
74 1403 1
74 1453 1
74 1457 1
74 1493 1
74 1507 1
74 1516 1
74 1524 1
74 1526 1
74 1532 1
74 1556 1
74 1593 1
74 1615 1
74 1624 1
74 1660 1
74 1677 1
74 1686 1
74 1691 1
74 1809 1
74 1833 1
74 1891 1
74 1933 1
74 1977 1
75 79 1
75 124 1
75 310 1
75 327 1
75 330 1
75 339 1
75 385 1
75 404 1
75 448 1
75 457 1
75 614 1
75 633 1
75 657 1
75 726 1
75 782 1
75 792 1
75 794 1
75 854 1
75 914 1
75 994 1
75 1018 1
75 1050 1
75 1086 1
75 1149 1
75 1154 1
75 1182 1
75 1213 1
75 1253 1
75 1354 1
75 1442 1
75 1501 1
75 1551 1
75 1572 1
75 1645 1
75 1711 1
75 1714 1
75 1744 1
75 1778 1
75 1849 1
75 1852 1
75 1853 1
75 1884 1
75 1914 1
75 1949 1
75 1970 1
75 1997 1
76 81 1
76 218 1
76 263 1
76 279 1
76 289 1
76 302 1
76 308 1
76 324 1
76 355 1
76 371 1
76 373 1
76 404 1
76 430 1
76 465 1
76 473 1
76 478 1
76 529 1
76 534 1
76 567 1
76 583 1
76 701 1
76 724 1
76 799 1
76 833 1
76 982 1
76 1009 1
76 1121 1
76 1215 1
76 1216 1
76 1246 1
76 1272 1
76 1306 1
76 1319 1
76 1445 1
76 1447 1
76 1454 1
76 1469 1
76 1512 1
76 1527 1
76 1529 1
76 1594 1
76 1596 1
76 1603 1
76 1623 1
76 1650 1
76 1684 1
76 1724 1
76 1736 1
76 1746 1
76 1755 1
76 1769 1
76 1776 1
76 1784 1
76 1793 1
76 1825 1
76 1848 1
76 1901 1
77 115 1
77 144 1
77 172 1
77 214 1
77 217 1
77 278 1
77 345 1
77 378 1
77 426 1
77 454 1
77 496 1
77 517 1
77 557 1
77 574 1
77 578 1
77 617 1
77 631 1
77 642 1
77 763 1
77 768 1
77 771 1
77 774 1
77 841 1
77 878 1
77 958 1
77 966 1
77 1081 1
77 1091 1
77 1136 1
77 1139 1
77 1154 1
77 1206 1
77 1257 1
77 1357 1
77 1404 1
77 1427 1
77 1442 1
77 1481 1
77 1499 1
77 1516 1
77 1517 1
77 1522 1
77 1580 1
77 1619 1
77 1674 1
77 1681 1
77 1692 1
77 1847 1
77 1879 1
77 1884 1
77 1917 1
77 1938 1
77 1988 1
78 84 1
78 127 1
78 263 1
78 273 1
78 277 1
78 294 1
78 343 1
78 354 1
78 387 1
78 487 1
78 489 1
78 576 1
78 607 1
78 626 1
78 669 1
78 676 1
78 804 1
78 902 1
78 920 1
78 941 1
78 961 1
78 1007 1
78 1063 1
78 1123 1
78 1149 1
78 1172 1
78 1214 1
78 1222 1
78 1240 1
78 1402 1
78 1423 1
78 1439 1
78 1518 1
78 1533 1
78 1566 1
78 1621 1
78 1659 1
78 1670 1
78 1748 1
78 1804 1
78 1856 1
78 1867 1
78 1911 1
78 1940 1
78 1950 1
78 1957 1
78 1979 1
79 85 1
79 98 1
79 151 1
79 168 1
79 228 1
79 235 1
79 249 1
79 280 1
79 294 1
79 330 1
79 333 1
79 344 1
79 356 1
79 381 1
79 443 1
79 455 1
79 505 1
79 509 1
79 524 1
79 579 1
79 652 1
79 666 1
79 671 1
79 678 1
79 760 1
79 814 1
79 817 1
79 829 1
79 832 1
79 859 1
79 880 1
79 890 1
79 912 1
79 934 1
79 959 1
79 991 1
79 1049 1
79 1058 1
79 1066 1
79 1096 1
79 1111 1
79 1141 1
79 1152 1
79 1258 1
79 1281 1
79 1316 1
79 1447 1
79 1453 1
79 1501 1
79 1532 1
79 1571 1
79 1620 1
79 1694 1
79 1701 1
79 1715 1
79 1743 1
79 1759 1
79 1763 1
80 87 1
80 101 1
80 120 1
80 180 1
80 234 1
80 247 1
80 277 1
80 284 1
80 294 1
80 352 1
80 361 1
80 388 1
80 433 1
80 434 1
80 505 1
80 579 1
80 633 1
80 683 1
80 686 1
80 693 1
80 733 1
80 823 1
80 931 1
80 934 1
80 952 1
80 969 1
80 1056 1
80 1116 1
80 1306 1
80 1314 1
80 1318 1
80 1346 1
80 1358 1
80 1360 1
80 1453 1
80 1463 1
80 1682 1
80 1710 1
80 1748 1
80 1749 1
80 1784 1
80 1785 1
80 1803 1
80 1919 1
80 1937 1
80 1980 1
80 1986 1
80 1987 1
81 134 1
81 159 1
81 394 1
81 433 1
81 521 1
81 524 1
81 582 1
81 617 1
81 622 1
81 657 1
81 660 1
81 758 1
81 825 1
81 857 1
81 869 1
81 894 1
81 909 1
81 942 1
81 968 1
81 983 1
81 1005 1
81 1025 1
81 1096 1
81 1246 1
81 1270 1
81 1274 1
81 1303 1
81 1361 1
81 1388 1
81 1391 1
81 1397 1
81 1408 1
81 1432 1
81 1457 1
81 1498 1
81 1499 1
81 1645 1
81 1697 1
81 1794 1
81 1829 1
81 1836 1
81 1838 1
81 1915 1
81 1953 1
81 1991 1
82 152 1
82 200 1
82 356 1
82 403 1
82 405 1
82 408 1
82 435 1
82 500 1
82 624 1
82 651 1
82 653 1
82 796 1
82 802 1
82 850 1
82 900 1
82 915 1
82 918 1
82 935 1
82 969 1
82 1013 1
82 1132 1
82 1142 1
82 1171 1
82 1189 1
82 1253 1
82 1283 1
82 1298 1
82 1371 1
82 1452 1
82 1458 1
82 1490 1
82 1505 1
82 1572 1
82 1598 1
82 1621 1
82 1633 1
82 1645 1
82 1647 1
82 1788 1
82 1915 1
82 1923 1
82 1933 1
82 1955 1
83 112 1
83 120 1
83 121 1
83 164 1
83 176 1
83 187 1
83 193 1
83 242 1
83 296 1
83 317 1
83 324 1
83 413 1
83 456 1
83 487 1
83 512 1
83 595 1
83 671 1
83 709 1
83 752 1
83 860 1
83 862 1
83 877 1
83 879 1
83 890 1
83 939 1
83 967 1
83 1014 1
83 1050 1
83 1083 1
83 1182 1
83 1204 1
83 1282 1
83 1304 1
83 1320 1
83 1345 1
83 1354 1
83 1395 1
83 1525 1
83 1599 1
83 1643 1
83 1709 1
83 1739 1
83 1819 1
83 1834 1
83 1863 1
83 1869 1
83 1940 1
83 1972 1
84 94 1
84 114 1
84 149 1
84 166 1
84 202 1
84 235 1
84 267 1
84 276 1
84 294 1
84 309 1
84 322 1
84 371 1
84 403 1
84 424 1
84 426 1
84 427 1
84 450 1
84 603 1
84 621 1
84 750 1
84 818 1
84 819 1
84 822 1
84 893 1
84 984 1
84 1010 1
84 1256 1
84 1304 1
84 1373 1
84 1393 1
84 1416 1
84 1452 1
84 1550 1
84 1598 1
84 1620 1
84 1630 1
84 1676 1
84 1726 1
84 1742 1
84 1849 1
84 1858 1
84 1880 1
84 1882 1
84 1902 1
84 1910 1
84 1999 1
85 88 1
85 133 1
85 137 1
85 163 1
85 199 1
85 254 1
85 336 1
85 406 1
85 419 1
85 447 1
85 468 1
85 514 1
85 523 1
85 533 1
85 600 1
85 676 1
85 732 1
85 756 1
85 781 1
85 795 1
85 922 1
85 979 1
85 985 1
85 1038 1
85 1071 1
85 1090 1
85 1110 1
85 1114 1
85 1158 1
85 1202 1
85 1213 1
85 1237 1
85 1303 1
85 1416 1
85 1509 1
85 1542 1
85 1557 1
85 1568 1
85 1617 1
85 1673 1
85 1677 1
85 1728 1
85 1762 1
85 1792 1
85 1828 1
85 1916 1
85 1927 1
85 1932 1
85 1996 1
86 201 1
86 240 1
86 346 1
86 401 1
86 417 1
86 420 1
86 463 1
86 510 1
86 611 1
86 679 1
86 720 1
86 756 1
86 763 1
86 767 1
86 791 1
86 814 1
86 823 1
86 913 1
86 924 1
86 976 1
86 1063 1
86 1104 1
86 1124 1
86 1126 1
86 1131 1
86 1201 1
86 1218 1
86 1221 1
86 1323 1
86 1364 1
86 1459 1
86 1548 1
86 1549 1
86 1594 1
86 1655 1
86 1658 1
86 1669 1
86 1705 1
86 1789 1
86 1817 1
86 1824 1
86 1859 1
86 1883 1
87 98 1
87 136 1
87 181 1
87 189 1
87 208 1
87 237 1
87 247 1
87 266 1
87 344 1
87 417 1
87 450 1
87 499 1
87 546 1
87 552 1
87 593 1
87 606 1
87 609 1
87 651 1
87 671 1
87 689 1
87 700 1
87 707 1
87 720 1
87 742 1
87 777 1
87 792 1
87 851 1
87 862 1
87 1026 1
87 1040 1
87 1042 1
87 1057 1
87 1166 1
87 1236 1
87 1300 1
87 1306 1
87 1366 1
87 1371 1
87 1372 1
87 1381 1
87 1405 1
87 1451 1
87 1457 1
87 1502 1
87 1562 1
87 1671 1
87 1673 1
87 1686 1
87 1699 1
87 1735 1
87 1740 1
87 1795 1
87 1804 1
87 1835 1
87 1876 1
87 1894 1
87 1955 1
88 106 1
88 127 1
88 279 1
88 300 1
88 349 1
88 396 1
88 399 1
88 461 1
88 475 1
88 524 1
88 537 1
88 571 1
88 597 1
88 633 1
88 636 1
88 769 1
88 819 1
88 837 1
88 885 1
88 889 1
88 891 1
88 903 1
88 956 1
88 999 1
88 1011 1
88 1014 1
88 1088 1
88 1089 1
88 1090 1
88 1274 1
88 1289 1
88 1332 1
88 1384 1
88 1456 1
88 1502 1
88 1505 1
88 1545 1
88 1654 1
88 1669 1
88 1708 1
88 1763 1
88 1790 1
88 1829 1
88 1996 1
89 105 1
89 289 1
89 295 1
89 336 1
89 365 1
89 482 1
89 563 1
89 590 1
89 619 1
89 633 1
89 638 1
89 671 1
89 712 1
89 723 1
89 787 1
89 822 1
89 854 1
89 927 1
89 1048 1
89 1050 1
89 1082 1
89 1083 1
89 1121 1
89 1140 1
89 1255 1
89 1317 1
89 1333 1
89 1402 1
89 1407 1
89 1411 1
89 1487 1
89 1553 1
89 1630 1
89 1690 1
89 1721 1
89 1737 1
89 1752 1
89 1757 1
89 1758 1
89 1768 1
89 1807 1
89 1866 1
89 1873 1
89 1881 1
89 1924 1
89 1994 1
90 99 1
90 103 1
90 191 1
90 198 1
90 244 1
90 345 1
90 393 1
90 438 1
90 481 1
90 485 1
90 599 1
90 619 1
90 649 1
90 653 1
90 694 1
90 842 1
90 847 1
90 1001 1
90 1035 1
90 1037 1
90 1066 1
90 1113 1
90 1126 1
90 1204 1
90 1208 1
90 1221 1
90 1284 1
90 1290 1
90 1297 1
90 1344 1
90 1409 1
90 1414 1
90 1437 1
90 1508 1
90 1509 1
90 1534 1
90 1554 1
90 1615 1
90 1639 1
90 1663 1
90 1683 1
90 1707 1
90 1715 1
90 1717 1
90 1755 1
90 1761 1
90 1769 1
90 1883 1
90 1891 1
90 1980 1
91 102 1
91 185 1
91 193 1
91 206 1
91 242 1
91 252 1
91 287 1
91 445 1
91 464 1
91 473 1
91 506 1
91 557 1
91 563 1
91 656 1
91 657 1
91 678 1
91 719 1
91 768 1
91 780 1
91 825 1
91 826 1
91 835 1
91 876 1
91 877 1
91 920 1
91 921 1
91 936 1
91 971 1
91 1071 1
91 1158 1
91 1196 1
91 1301 1
91 1339 1
91 1378 1
91 1389 1
91 1398 1
91 1596 1
91 1628 1
91 1640 1
91 1644 1
91 1693 1
91 1722 1
91 1734 1
91 1777 1
91 1815 1
91 1832 1
91 1875 1
91 1888 1
91 1892 1
91 1899 1
91 1915 1
91 1989 1
92 169 1
92 191 1
92 215 1
92 234 1
92 247 1
92 270 1
92 309 1
92 485 1
92 527 1
92 606 1
92 622 1
92 651 1
92 682 1
92 756 1
92 827 1
92 863 1
92 897 1
92 917 1
92 927 1
92 1050 1
92 1075 1
92 1132 1
92 1180 1
92 1209 1
92 1316 1
92 1364 1
92 1416 1
92 1430 1
92 1495 1
92 1512 1
92 1533 1
92 1538 1
92 1583 1
92 1630 1
92 1641 1
92 1666 1
92 1712 1
92 1722 1
92 1744 1
92 1751 1
92 1796 1
92 1812 1
92 1843 1
93 105 1
93 118 1
93 135 1
93 154 1
93 166 1
93 268 1
93 299 1
93 399 1
93 402 1
93 447 1
93 460 1
93 473 1
93 474 1
93 497 1
93 506 1
93 555 1
93 566 1
93 597 1
93 602 1
93 609 1
93 619 1
93 725 1
93 752 1
93 771 1
93 772 1
93 795 1
93 800 1
93 819 1
93 844 1
93 870 1
93 875 1
93 885 1
93 919 1
93 987 1
93 1012 1
93 1101 1
93 1245 1
93 1264 1
93 1274 1
93 1313 1
93 1385 1
93 1455 1
93 1482 1
93 1493 1
93 1531 1
93 1542 1
93 1546 1
93 1556 1
93 1650 1
93 1665 1
93 1802 1
93 1827 1
93 1832 1
93 1842 1
93 1917 1
93 1923 1
93 1934 1
93 1970 1
94 111 1
94 179 1
94 243 1
94 281 1
94 305 1
94 319 1
94 332 1
94 432 1
94 439 1
94 504 1
94 513 1
94 577 1
94 622 1
94 640 1
94 642 1
94 661 1
94 743 1
94 798 1
94 801 1
94 869 1
94 899 1
94 1098 1
94 1104 1
94 1115 1
94 1144 1
94 1146 1
94 1233 1
94 1241 1
94 1252 1
94 1311 1
94 1314 1
94 1320 1
94 1373 1
94 1433 1
94 1461 1
94 1469 1
94 1471 1
94 1509 1
94 1516 1
94 1531 1
94 1609 1
94 1673 1
94 1716 1
94 1739 1
94 1748 1
94 1764 1
94 1788 1
94 1793 1
94 1797 1
94 1813 1
94 1945 1
94 1950 1
94 1960 1
94 1966 1
94 1973 1
95 176 1
95 187 1
95 194 1
95 293 1
95 326 1
95 337 1
95 348 1
95 423 1
95 429 1
95 430 1
95 639 1
95 653 1
95 679 1
95 701 1
95 785 1
95 800 1
95 918 1
95 919 1
95 936 1
95 985 1
95 1007 1
95 1031 1
95 1055 1
95 1142 1
95 1182 1
95 1217 1
95 1231 1
95 1242 1
95 1306 1
95 1382 1
95 1394 1
95 1445 1
95 1469 1
95 1539 1
95 1548 1
95 1555 1
95 1676 1
95 1758 1
95 1761 1
95 1800 1
95 1817 1
95 1834 1
95 1880 1
95 1965 1
96 325 1
96 418 1
96 420 1
96 457 1
96 527 1
96 634 1
96 648 1
96 672 1
96 682 1
96 862 1
96 913 1
96 917 1
96 924 1
96 943 1
96 956 1
96 1000 1
96 1017 1
96 1099 1
96 1168 1
96 1194 1
96 1204 1
96 1281 1
96 1290 1
96 1296 1
96 1324 1
96 1340 1
96 1379 1
96 1419 1
96 1431 1
96 1447 1
96 1519 1
96 1569 1
96 1574 1
96 1618 1
96 1655 1
96 1666 1
96 1714 1
96 1716 1
96 1745 1
96 1796 1
96 1822 1
96 1857 1
96 1881 1
96 1979 1
97 139 1
97 149 1
97 252 1
97 281 1
97 314 1
97 415 1
97 452 1
97 483 1
97 619 1
97 672 1
97 720 1
97 797 1
97 907 1
97 1019 1
97 1113 1
97 1139 1
97 1141 1
97 1189 1
97 1193 1
97 1358 1
97 1410 1
97 1492 1
97 1565 1
97 1595 1
97 1660 1
97 1670 1
97 1671 1
97 1679 1
97 1683 1
97 1714 1
97 1735 1
97 1746 1
97 1806 1
97 1840 1
97 1874 1
97 1917 1
97 1939 1
98 107 1
98 195 1
98 211 1
98 309 1
98 346 1
98 446 1
98 457 1
98 515 1
98 518 1
98 521 1
98 543 1
98 589 1
98 642 1
98 645 1
98 668 1
98 670 1
98 783 1
98 911 1
98 913 1
98 940 1
98 955 1
98 958 1
98 977 1
98 1035 1
98 1046 1
98 1058 1
98 1105 1
98 1158 1
98 1180 1
98 1200 1
98 1210 1
98 1233 1
98 1236 1
98 1277 1
98 1323 1
98 1357 1
98 1363 1
98 1367 1
98 1369 1
98 1489 1
98 1527 1
98 1570 1
98 1577 1
98 1585 1
98 1651 1
98 1659 1
98 1677 1
98 1757 1
98 1767 1
98 1853 1
98 1907 1
98 1942 1
98 1946 1
98 1973 1
99 181 1
99 183 1
99 198 1
99 201 1
99 203 1
99 212 1
99 220 1
99 233 1
99 251 1
99 280 1
99 298 1
99 322 1
99 326 1
99 471 1
99 485 1
99 585 1
99 687 1
99 741 1
99 852 1
99 950 1
99 977 1
99 1079 1
99 1134 1
99 1145 1
99 1161 1
99 1246 1
99 1249 1
99 1267 1
99 1304 1
99 1327 1
99 1388 1
99 1437 1
99 1483 1
99 1499 1
99 1517 1
99 1574 1
99 1612 1
99 1658 1
99 1668 1
99 1670 1
99 1693 1
99 1752 1
99 1757 1
99 1843 1
99 1913 1
99 1920 1
99 1940 1
99 1969 1
100 260 1
100 268 1
100 309 1
100 397 1
100 398 1
100 441 1
100 479 1
100 501 1
100 509 1
100 534 1
100 546 1
100 566 1
100 714 1
100 747 1
100 837 1
100 863 1
100 898 1
100 1057 1
100 1104 1
100 1114 1
100 1147 1
100 1184 1
100 1202 1
100 1245 1
100 1281 1
100 1319 1
100 1361 1
100 1385 1
100 1394 1
100 1488 1
100 1571 1
100 1585 1
100 1596 1
100 1598 1
100 1637 1
100 1686 1
100 1688 1
100 1724 1
100 1732 1
100 1805 1
100 1828 1
100 1918 1
100 1923 1
100 1953 1
100 1964 1
101 182 1
101 229 1
101 353 1
101 399 1
101 449 1
101 494 1
101 497 1
101 505 1
101 506 1
101 549 1
101 666 1
101 684 1
101 689 1
101 736 1
101 753 1
101 817 1
101 871 1
101 950 1
101 1009 1
101 1017 1
101 1046 1
101 1058 1
101 1079 1
101 1108 1
101 1115 1
101 1212 1
101 1226 1
101 1252 1
101 1302 1
101 1359 1
101 1360 1
101 1368 1
101 1411 1
101 1415 1
101 1421 1
101 1470 1
101 1477 1
101 1504 1
101 1531 1
101 1536 1
101 1558 1
101 1663 1
101 1672 1
101 1700 1
101 1723 1
101 1790 1
101 1998 1
102 198 1
102 205 1
102 207 1
102 239 1
102 241 1
102 267 1
102 283 1
102 299 1
102 308 1
102 356 1
102 374 1
102 432 1
102 479 1
102 581 1
102 637 1
102 703 1
102 705 1
102 717 1
102 755 1
102 770 1
102 831 1
102 855 1
102 967 1
102 972 1
102 999 1
102 1015 1
102 1048 1
102 1065 1
102 1081 1
102 1203 1
102 1211 1
102 1243 1
102 1244 1
102 1347 1
102 1374 1
102 1438 1
102 1493 1
102 1527 1
102 1554 1
102 1649 1
102 1658 1
102 1663 1
102 1692 1
102 1752 1
102 1768 1
102 1811 1
102 1830 1
102 1979 1
103 280 1
103 311 1
103 423 1
103 449 1
103 462 1
103 554 1
103 625 1
103 642 1
103 708 1
103 715 1
103 753 1
103 780 1
103 792 1
103 805 1
103 806 1
103 809 1
103 864 1
103 907 1
103 912 1
103 956 1
103 986 1
103 992 1
103 998 1
103 1047 1
103 1052 1
103 1066 1
103 1184 1
103 1207 1
103 1303 1
103 1326 1
103 1383 1
103 1399 1
103 1430 1
103 1487 1
103 1488 1
103 1524 1
103 1597 1
103 1604 1
103 1695 1
103 1742 1
103 1754 1
103 1801 1
103 1849 1
103 1872 1
103 1937 1
103 1957 1
103 1975 1
104 110 1
104 144 1
104 156 1
104 201 1
104 237 1
104 259 1
104 339 1
104 399 1
104 404 1
104 417 1
104 476 1
104 569 1
104 630 1
104 719 1
104 761 1
104 774 1
104 884 1
104 901 1
104 938 1
104 944 1
104 968 1
104 979 1
104 986 1
104 1136 1
104 1152 1
104 1208 1
104 1252 1
104 1297 1
104 1346 1
104 1356 1
104 1372 1
104 1384 1
104 1388 1
104 1425 1
104 1440 1
104 1446 1
104 1491 1
104 1584 1
104 1585 1
104 1588 1
104 1594 1
104 1598 1
104 1619 1
104 1634 1
104 1645 1
104 1655 1
104 1660 1
104 1678 1
104 1722 1
104 1834 1
104 1860 1
104 1865 1
104 1920 1
104 1928 1
104 1931 1
105 129 1
105 187 1
105 216 1
105 329 1
105 351 1
105 353 1
105 367 1
105 410 1
105 425 1
105 469 1
105 555 1
105 571 1
105 704 1
105 736 1
105 830 1
105 893 1
105 905 1
105 958 1
105 983 1
105 1049 1
105 1051 1
105 1101 1
105 1149 1
105 1179 1
105 1197 1
105 1208 1
105 1253 1
105 1293 1
105 1357 1
105 1401 1
105 1580 1
105 1581 1
105 1629 1
105 1784 1
105 1801 1
105 1854 1
105 1865 1
105 1952 1
105 1990 1
105 1993 1
106 122 1
106 227 1
106 235 1
106 239 1
106 259 1
106 288 1
106 312 1
106 343 1
106 346 1
106 355 1
106 452 1
106 507 1
106 571 1
106 678 1
106 747 1
106 834 1
106 835 1
106 853 1
106 897 1
106 1050 1
106 1064 1
106 1144 1
106 1319 1
106 1323 1
106 1327 1
106 1346 1
106 1384 1
106 1390 1
106 1448 1
106 1535 1
106 1593 1
106 1624 1
106 1704 1
106 1724 1
106 1735 1
106 1742 1
106 1752 1
106 1805 1
106 1851 1
106 1888 1
106 1889 1
106 1901 1
106 1964 1
106 1981 1
107 238 1
107 259 1
107 260 1
107 370 1
107 373 1
107 442 1
107 477 1
107 572 1
107 618 1
107 621 1
107 678 1
107 752 1
107 759 1
107 871 1
107 937 1
107 938 1
107 999 1
107 1010 1
107 1054 1
107 1079 1
107 1150 1
107 1165 1
107 1168 1
107 1173 1
107 1194 1
107 1210 1
107 1311 1
107 1603 1
107 1654 1
107 1665 1
107 1701 1
107 1710 1
107 1713 1
107 1749 1
107 1756 1
107 1826 1
107 1885 1
107 1965 1
107 1980 1
108 137 1
108 149 1
108 294 1
108 328 1
108 353 1
108 364 1
108 382 1
108 392 1
108 420 1
108 441 1
108 459 1
108 473 1
108 484 1
108 510 1
108 563 1
108 568 1
108 685 1
108 721 1
108 764 1
108 864 1
108 980 1
108 1002 1
108 1022 1
108 1048 1
108 1072 1
108 1076 1
108 1130 1
108 1157 1
108 1229 1
108 1231 1
108 1286 1
108 1287 1
108 1321 1
108 1331 1
108 1355 1
108 1481 1
108 1493 1
108 1541 1
108 1607 1
108 1703 1
108 1719 1
108 1756 1
108 1769 1
108 1836 1
108 1856 1
108 1884 1
108 1899 1
108 1905 1
108 1908 1
108 1941 1
108 1943 1
108 1959 1
109 186 1
109 220 1
109 228 1
109 261 1
109 335 1
109 430 1
109 458 1
109 488 1
109 535 1
109 555 1
109 573 1
109 592 1
109 636 1
109 650 1
109 698 1
109 712 1
109 845 1
109 860 1
109 932 1
109 952 1
109 980 1
109 1002 1
109 1010 1
109 1030 1
109 1059 1
109 1152 1
109 1195 1
109 1203 1
109 1278 1
109 1295 1
109 1320 1
109 1358 1
109 1369 1
109 1381 1
109 1440 1
109 1503 1
109 1509 1
109 1581 1
109 1612 1
109 1617 1
109 1629 1
109 1666 1
109 1779 1
109 1881 1
109 1895 1
109 1914 1
109 1926 1
109 1947 1
109 1955 1
109 1968 1
110 148 1
110 189 1
110 239 1
110 248 1
110 345 1
110 376 1
110 418 1
110 448 1
110 496 1
110 530 1
110 583 1
110 599 1
110 621 1
110 684 1
110 714 1
110 758 1
110 828 1
110 868 1
110 871 1
110 880 1
110 889 1
110 962 1
110 1006 1
110 1068 1
110 1078 1
110 1087 1
110 1219 1
110 1250 1
110 1263 1
110 1277 1
110 1278 1
110 1279 1
110 1327 1
110 1335 1
110 1390 1
110 1547 1
110 1565 1
110 1573 1
110 1603 1
110 1616 1
110 1734 1
110 1753 1
110 1756 1
110 1788 1
110 1832 1
110 1880 1
110 1895 1
110 1899 1
110 1900 1
110 1925 1
110 1962 1
110 1979 1
111 168 1
111 184 1
111 207 1
111 216 1
111 312 1
111 332 1
111 357 1
111 447 1
111 494 1
111 508 1
111 534 1
111 549 1
111 553 1
111 589 1
111 624 1
111 635 1
111 664 1
111 668 1
111 682 1
111 695 1
111 798 1
111 825 1
111 987 1
111 1000 1
111 1003 1
111 1011 1
111 1024 1
111 1054 1
111 1109 1
111 1137 1
111 1197 1
111 1244 1
111 1256 1
111 1265 1
111 1266 1
111 1321 1
111 1349 1
111 1364 1
111 1375 1
111 1401 1
111 1415 1
111 1467 1
111 1543 1
111 1545 1
111 1563 1
111 1571 1
111 1613 1
111 1636 1
111 1646 1
111 1652 1
111 1668 1
111 1713 1
111 1718 1
111 1761 1
111 1791 1
111 1801 1
111 1875 1
111 1935 1
111 1936 1
112 174 1
112 176 1
112 197 1
112 264 1
112 267 1
112 366 1
112 395 1
112 459 1
112 580 1
112 681 1
112 752 1
112 753 1
112 898 1
112 904 1
112 962 1
112 983 1
112 988 1
112 992 1
112 1025 1
112 1067 1
112 1124 1
112 1314 1
112 1383 1
112 1420 1
112 1435 1
112 1460 1
112 1463 1
112 1563 1
112 1636 1
112 1704 1
112 1768 1
112 1769 1
112 1789 1
112 1860 1
112 1948 1
112 1950 1
112 1982 1
113 125 1
113 177 1
113 194 1
113 204 1
113 212 1
113 225 1
113 323 1
113 377 1
113 401 1
113 408 1
113 469 1
113 498 1
113 526 1
113 548 1
113 555 1
113 566 1
113 576 1
113 585 1
113 624 1
113 704 1
113 705 1
113 740 1
113 866 1
113 896 1
113 938 1
113 944 1
113 960 1
113 1140 1
113 1145 1
113 1170 1
113 1181 1
113 1189 1
113 1269 1
113 1295 1
113 1376 1
113 1429 1
113 1507 1
113 1574 1
113 1626 1
113 1663 1
113 1676 1
113 1698 1
113 1700 1
113 1778 1
113 1786 1
113 1812 1
113 1841 1
114 117 1
114 260 1
114 299 1
114 323 1
114 352 1
114 355 1
114 381 1
114 484 1
114 489 1
114 552 1
114 554 1
114 642 1
114 664 1
114 702 1
114 717 1
114 806 1
114 862 1
114 919 1
114 1070 1
114 1101 1
114 1122 1
114 1186 1
114 1254 1
114 1275 1
114 1286 1
114 1298 1
114 1315 1
114 1338 1
114 1405 1
114 1418 1
114 1491 1
114 1618 1
114 1652 1
114 1735 1
114 1736 1
114 1740 1
114 1749 1
114 1750 1
114 1803 1
114 1814 1
114 1835 1
114 1839 1
114 1972 1
114 1977 1
114 1999 1
115 131 1
115 140 1
115 232 1
115 380 1
115 398 1
115 462 1
115 487 1
115 547 1
115 557 1
115 565 1
115 596 1
115 632 1
115 671 1
115 673 1
115 703 1
115 718 1
115 722 1
115 866 1
115 1029 1
115 1136 1
115 1146 1
115 1195 1
115 1220 1
115 1259 1
115 1305 1
115 1365 1
115 1393 1
115 1400 1
115 1416 1
115 1434 1
115 1476 1
115 1496 1
115 1497 1
115 1570 1
115 1586 1
115 1763 1
115 1838 1
115 1867 1
115 1891 1
115 1996 1
116 120 1
116 128 1
116 160 1
116 162 1
116 285 1
116 334 1
116 366 1
116 503 1
116 558 1
116 581 1
116 696 1
116 699 1
116 726 1
116 749 1
116 771 1
116 828 1
116 869 1
116 884 1
116 887 1
116 924 1
116 982 1
116 1060 1
116 1082 1
116 1137 1
116 1140 1
116 1245 1
116 1325 1
116 1341 1
116 1384 1
116 1409 1
116 1482 1
116 1596 1
116 1603 1
116 1648 1
116 1675 1
116 1701 1
116 1735 1
116 1844 1
116 1845 1
116 1862 1
116 1870 1
116 1946 1
116 1980 1
116 1992 1
117 152 1
117 224 1
117 345 1
117 359 1
117 371 1
117 423 1
117 431 1
117 456 1
117 470 1
117 491 1
117 504 1
117 525 1
117 579 1
117 615 1
117 622 1
117 646 1
117 683 1
117 709 1
117 720 1
117 934 1
117 1085 1
117 1103 1
117 1132 1
117 1138 1
117 1154 1
117 1285 1
117 1307 1
117 1364 1
117 1379 1
117 1382 1
117 1396 1
117 1409 1
117 1425 1
117 1448 1
117 1560 1
117 1581 1
117 1637 1
117 1642 1
117 1738 1
117 1748 1
117 1754 1
117 1775 1
117 1835 1
117 1881 1
117 1949 1
117 1953 1
118 217 1
118 249 1
118 284 1
118 289 1
118 293 1
118 295 1
118 359 1
118 370 1
118 383 1
118 413 1
118 427 1
118 559 1
118 570 1
118 632 1
118 690 1
118 713 1
118 758 1
118 821 1
118 836 1
118 906 1
118 944 1
118 986 1
118 988 1
118 1008 1
118 1026 1
118 1031 1
118 1074 1
118 1150 1
118 1284 1
118 1311 1
118 1330 1
118 1437 1
118 1464 1
118 1533 1
118 1581 1
118 1626 1
118 1705 1
118 1766 1
118 1877 1
118 1882 1
119 305 1
119 308 1
119 371 1
119 417 1
119 589 1
119 696 1
119 709 1
119 750 1
119 772 1
119 778 1
119 808 1
119 813 1
119 835 1
119 848 1
119 979 1
119 1050 1
119 1093 1
119 1115 1
119 1146 1
119 1163 1
119 1169 1
119 1206 1
119 1246 1
119 1283 1
119 1386 1
119 1391 1
119 1396 1
119 1401 1
119 1517 1
119 1527 1
119 1591 1
119 1676 1
119 1683 1
119 1742 1
119 1749 1
119 1811 1
119 1841 1
119 1865 1
119 1915 1
119 1917 1
119 1965 1
119 1996 1
120 144 1
120 196 1
120 210 1
120 397 1
120 400 1
120 405 1
120 483 1
120 491 1
120 529 1
120 547 1
120 554 1
120 647 1
120 653 1
120 727 1
120 837 1
120 859 1
120 880 1
120 913 1
120 926 1
120 985 1
120 1019 1
120 1026 1
120 1050 1
120 1065 1
120 1081 1
120 1109 1
120 1187 1
120 1212 1
120 1215 1
120 1222 1
120 1273 1
120 1349 1
120 1368 1
120 1540 1
120 1667 1
120 1766 1
120 1783 1
120 1790 1
121 127 1
121 140 1
121 221 1
121 247 1
121 250 1
121 335 1
121 341 1
121 347 1
121 358 1
121 365 1
121 410 1
121 420 1
121 421 1
121 500 1
121 503 1
121 553 1
121 566 1
121 609 1
121 648 1
121 674 1
121 771 1
121 788 1
121 790 1
121 828 1
121 829 1
121 834 1
121 871 1
121 894 1
121 895 1
121 912 1
121 992 1
121 1005 1
121 1041 1
121 1051 1
121 1072 1
121 1100 1
121 1102 1
121 1252 1
121 1275 1
121 1348 1
121 1424 1
121 1452 1
121 1458 1
121 1510 1
121 1584 1
121 1601 1
121 1632 1
121 1685 1
121 1708 1
121 1741 1
121 1750 1
121 1890 1
121 1891 1
121 1904 1
121 1966 1
122 154 1
122 227 1
122 344 1
122 397 1
122 484 1
122 513 1
122 565 1
122 577 1
122 599 1
122 635 1
122 643 1
122 706 1
122 713 1
122 737 1
122 746 1
122 812 1
122 838 1
122 845 1
122 863 1
122 938 1
122 953 1
122 1058 1
122 1077 1
122 1120 1
122 1178 1
122 1237 1
122 1281 1
122 1283 1
122 1343 1
122 1354 1
122 1363 1
122 1368 1
122 1525 1
122 1613 1
122 1622 1
122 1777 1
122 1815 1
122 1856 1
122 1863 1
122 1888 1
122 1905 1
122 1918 1
123 133 1
123 195 1
123 220 1
123 227 1
123 254 1
123 267 1
123 370 1
123 399 1
123 416 1
123 427 1
123 431 1
123 451 1
123 513 1
123 552 1
123 561 1
123 619 1
123 744 1
123 757 1
123 806 1
123 851 1
123 873 1
123 913 1
123 943 1
123 1017 1
123 1064 1
123 1099 1
123 1172 1
123 1254 1
123 1267 1
123 1305 1
123 1313 1
123 1319 1
123 1352 1
123 1355 1
123 1359 1
123 1401 1
123 1414 1
123 1523 1
123 1597 1
123 1716 1
123 1721 1
123 1751 1
123 1784 1
123 1800 1
123 1822 1
123 1898 1
123 1910 1
124 166 1
124 167 1
124 246 1
124 286 1
124 294 1
124 319 1
124 339 1
124 408 1
124 452 1
124 542 1
124 584 1
124 586 1
124 609 1
124 630 1
124 651 1
124 661 1
124 670 1
124 671 1
124 732 1
124 735 1
124 853 1
124 912 1
124 935 1
124 945 1
124 1043 1
124 1077 1
124 1094 1
124 1123 1
124 1147 1
124 1214 1
124 1216 1
124 1253 1
124 1318 1
124 1390 1
124 1503 1
124 1550 1
124 1571 1
124 1573 1
124 1626 1
124 1694 1
124 1698 1
124 1708 1
124 1738 1
124 1765 1
124 1818 1
124 1834 1
124 1860 1
124 1872 1
124 1891 1
124 1931 1
124 1936 1
124 1939 1
124 1942 1
125 194 1
125 260 1
125 304 1
125 378 1
125 379 1
125 548 1
125 608 1
125 638 1
125 714 1
125 754 1
125 831 1
125 925 1
125 938 1
125 940 1
125 958 1
125 969 1
125 981 1
125 984 1
125 1009 1
125 1050 1
125 1061 1
125 1074 1
125 1123 1
125 1189 1
125 1201 1
125 1248 1
125 1272 1
125 1321 1
125 1357 1
125 1366 1
125 1559 1
125 1570 1
125 1594 1
125 1616 1
125 1617 1
125 1653 1
125 1696 1
125 1746 1
125 1898 1
125 1929 1
125 1940 1
125 1977 1
126 165 1
126 203 1
126 300 1
126 318 1
126 393 1
126 423 1
126 473 1
126 493 1
126 519 1
126 537 1
126 642 1
126 710 1
126 743 1
126 799 1
126 859 1
126 911 1
126 1045 1
126 1068 1
126 1069 1
126 1072 1
126 1079 1
126 1193 1
126 1393 1
126 1426 1
126 1444 1
126 1518 1
126 1541 1
126 1588 1
126 1595 1
126 1666 1
126 1696 1
126 1706 1
126 1723 1
126 1861 1
126 1870 1
126 1901 1
126 1904 1
126 1919 1
126 1958 1
127 205 1
127 254 1
127 261 1
127 276 1
127 295 1
127 390 1
127 396 1
127 498 1
127 532 1
127 534 1
127 538 1
127 641 1
127 642 1
127 739 1
127 780 1
127 830 1
127 856 1
127 859 1
127 1034 1
127 1051 1
127 1100 1
127 1116 1
127 1134 1
127 1139 1
127 1153 1
127 1179 1
127 1224 1
127 1282 1
127 1311 1
127 1328 1
127 1337 1
127 1380 1
127 1422 1
127 1424 1
127 1517 1
127 1582 1
127 1586 1
127 1607 1
127 1619 1
127 1629 1
127 1673 1
127 1689 1
127 1735 1
127 1737 1
127 1804 1
127 1898 1
127 1914 1
127 1918 1
127 1956 1
127 1958 1
127 1963 1
127 1992 1
128 140 1
128 220 1
128 225 1
128 286 1
128 331 1
128 381 1
128 382 1
128 417 1
128 418 1
128 487 1
128 510 1
128 520 1
128 545 1
128 778 1
128 804 1
128 814 1
128 821 1
128 824 1
128 837 1
128 897 1
128 920 1
128 1003 1
128 1051 1
128 1166 1
128 1178 1
128 1191 1
128 1197 1
128 1213 1
128 1265 1
128 1309 1
128 1439 1
128 1485 1
128 1490 1
128 1497 1
128 1526 1
128 1568 1
128 1604 1
128 1641 1
128 1655 1
128 1666 1
128 1795 1
128 1871 1
128 1891 1
128 1913 1
129 140 1
129 141 1
129 191 1
129 201 1
129 254 1
129 267 1
129 286 1
129 343 1
129 346 1
129 429 1
129 435 1
129 441 1
129 571 1
129 588 1
129 653 1
129 672 1
129 762 1
129 765 1
129 867 1
129 940 1
129 978 1
129 979 1
129 982 1
129 991 1
129 1021 1
129 1089 1
129 1091 1
129 1094 1
129 1097 1
129 1126 1
129 1141 1
129 1160 1
129 1253 1
129 1273 1
129 1406 1
129 1433 1
129 1470 1
129 1474 1
129 1556 1
129 1579 1
129 1584 1
129 1678 1
129 1739 1
129 1744 1
129 1935 1
130 160 1
130 218 1
130 248 1
130 374 1
130 378 1
130 477 1
130 498 1
130 510 1
130 573 1
130 613 1
130 641 1
130 664 1
130 743 1
130 763 1
130 764 1
130 786 1
130 805 1
130 811 1
130 842 1
130 848 1
130 885 1
130 898 1
130 943 1
130 949 1
130 951 1
130 972 1
130 975 1
130 983 1
130 1035 1
130 1042 1
130 1053 1
130 1099 1
130 1232 1
130 1244 1
130 1287 1
130 1296 1
130 1297 1
130 1374 1
130 1382 1
130 1434 1
130 1440 1
130 1521 1
130 1572 1
130 1590 1
130 1661 1
130 1696 1
130 1698 1
130 1738 1
130 1739 1
130 1749 1
130 1768 1
130 1790 1
130 1846 1
130 1880 1
130 1894 1
130 1901 1
130 1921 1
130 1929 1
130 1950 1
130 1986 1
131 164 1
131 167 1
131 206 1
131 219 1
131 226 1
131 306 1
131 361 1
131 395 1
131 433 1
131 537 1
131 562 1
131 722 1
131 730 1
131 750 1
131 814 1
131 833 1
131 851 1
131 876 1
131 915 1
131 918 1
131 966 1
131 1234 1
131 1243 1
131 1389 1
131 1395 1
131 1410 1
131 1565 1
131 1588 1
131 1589 1
131 1604 1
131 1608 1
131 1610 1
131 1628 1
131 1716 1
131 1724 1
131 1759 1
131 1779 1
131 1785 1
131 1871 1
131 1906 1
131 1915 1
132 141 1
132 195 1
132 225 1
132 332 1
132 358 1
132 379 1
132 397 1
132 415 1
132 431 1
132 478 1
132 571 1
132 572 1
132 585 1
132 670 1
132 715 1
132 773 1
132 792 1
132 831 1
132 876 1
132 929 1
132 993 1
132 1001 1
132 1016 1
132 1043 1
132 1045 1
132 1090 1
132 1095 1
132 1241 1
132 1266 1
132 1285 1
132 1315 1
132 1342 1
132 1390 1
132 1514 1
132 1566 1
132 1574 1
132 1668 1
132 1717 1
132 1752 1
132 1779 1
132 1789 1
132 1795 1
132 1811 1
132 1814 1
132 1815 1
132 1869 1
132 1890 1
132 1993 1
133 141 1
133 270 1
133 345 1
133 365 1
133 371 1
133 388 1
133 418 1
133 421 1
133 516 1
133 570 1
133 588 1
133 634 1
133 658 1
133 665 1
133 666 1
133 713 1
133 718 1
133 724 1
133 754 1
133 775 1
133 922 1
133 1018 1
133 1038 1
133 1040 1
133 1100 1
133 1179 1
133 1285 1
133 1306 1
133 1315 1
133 1375 1
133 1445 1
133 1488 1
133 1502 1
133 1588 1
133 1595 1
133 1610 1
133 1719 1
133 1737 1
133 1750 1
133 1821 1
133 1921 1
133 1968 1
133 1973 1
134 161 1
134 171 1
134 204 1
134 233 1
134 277 1
134 327 1
134 379 1
134 444 1
134 453 1
134 471 1
134 523 1
134 532 1
134 542 1
134 545 1
134 598 1
134 663 1
134 686 1
134 790 1
134 805 1
134 845 1
134 856 1
134 868 1
134 924 1
134 943 1
134 962 1
134 1017 1
134 1142 1
134 1163 1
134 1224 1
134 1257 1
134 1296 1
134 1301 1
134 1383 1
134 1406 1
134 1509 1
134 1522 1
134 1531 1
134 1533 1
134 1574 1
134 1598 1
134 1690 1
134 1700 1
134 1730 1
134 1740 1
134 1742 1
134 1803 1
134 1814 1
134 1834 1
134 1889 1
134 1908 1
134 1909 1
134 1915 1
134 1951 1
134 1993 1
135 181 1
135 186 1
135 204 1
135 226 1
135 267 1
135 303 1
135 354 1
135 408 1
135 447 1
135 461 1
135 467 1
135 476 1
135 479 1
135 528 1
135 583 1
135 661 1
135 684 1
135 724 1
135 728 1
135 745 1
135 767 1
135 781 1
135 793 1
135 807 1
135 867 1
135 955 1
135 989 1
135 1040 1
135 1052 1
135 1069 1
135 1077 1
135 1085 1
135 1112 1
135 1206 1
135 1213 1
135 1282 1
135 1292 1
135 1297 1
135 1386 1
135 1450 1
135 1509 1
135 1577 1
135 1590 1
135 1660 1
135 1665 1
135 1685 1
135 1700 1
135 1857 1
135 1858 1
135 1869 1
135 1900 1
135 1936 1
135 1953 1
135 1962 1
136 174 1
136 179 1
136 189 1
136 213 1
136 234 1
136 257 1
136 275 1
136 293 1
136 325 1
136 329 1
136 360 1
136 372 1
136 506 1
136 512 1
136 569 1
136 591 1
136 612 1
136 634 1
136 688 1
136 690 1
136 697 1
136 727 1
136 807 1
136 874 1
136 908 1
136 1002 1
136 1079 1
136 1173 1
136 1183 1
136 1240 1
136 1254 1
136 1271 1
136 1304 1
136 1401 1
136 1469 1
136 1480 1
136 1524 1
136 1533 1
136 1538 1
136 1565 1
136 1583 1
136 1612 1
136 1638 1
136 1688 1
136 1724 1
136 1725 1
136 1942 1
136 1962 1
136 1968 1
136 1979 1
136 1995 1
137 181 1
137 190 1
137 278 1
137 291 1
137 379 1
137 385 1
137 433 1
137 447 1
137 489 1
137 637 1
137 677 1
137 701 1
137 712 1
137 727 1
137 773 1
137 777 1
137 795 1
137 807 1
137 813 1
137 829 1
137 943 1
137 948 1
137 956 1
137 1000 1
137 1041 1
137 1076 1
137 1124 1
137 1207 1
137 1210 1
137 1256 1
137 1402 1
137 1438 1
137 1479 1
137 1525 1
137 1569 1
137 1620 1
137 1627 1
137 1764 1
137 1773 1
137 1827 1
137 1904 1
137 1922 1
137 1936 1
138 192 1
138 227 1
138 266 1
138 280 1
138 318 1
138 319 1
138 481 1
138 594 1
138 605 1
138 633 1
138 646 1
138 709 1
138 811 1
138 848 1
138 874 1
138 897 1
138 920 1
138 934 1
138 971 1
138 982 1
138 994 1
138 1000 1
138 1063 1
138 1091 1
138 1147 1
138 1159 1
138 1215 1
138 1234 1
138 1282 1
138 1357 1
138 1420 1
138 1447 1
138 1469 1
138 1482 1
138 1535 1
138 1632 1
138 1679 1
138 1699 1
138 1719 1
138 1754 1
138 1795 1
138 1799 1
138 1845 1
138 1858 1
138 1913 1
138 1949 1
138 1982 1
139 171 1
139 192 1
139 217 1
139 337 1
139 372 1
139 396 1
139 397 1
139 447 1
139 493 1
139 516 1
139 524 1
139 527 1
139 562 1
139 593 1
139 764 1
139 812 1
139 851 1
139 865 1
139 867 1
139 991 1
139 1049 1
139 1066 1
139 1124 1
139 1149 1
139 1155 1
139 1434 1
139 1488 1
139 1522 1
139 1523 1
139 1535 1
139 1551 1
139 1577 1
139 1592 1
139 1675 1
139 1678 1
139 1714 1
139 1722 1
139 1732 1
139 1733 1
139 1741 1
139 1742 1
139 1773 1
139 1824 1
139 1858 1
139 1874 1
139 1876 1
139 1891 1
139 1901 1
139 1916 1
139 1950 1
139 1953 1
139 1954 1
140 236 1
140 246 1
140 262 1
140 271 1
140 358 1
140 413 1
140 436 1
140 448 1
140 457 1
140 554 1
140 618 1
140 629 1
140 658 1
140 673 1
140 711 1
140 782 1
140 846 1
140 869 1
140 916 1
140 998 1
140 1057 1
140 1140 1
140 1147 1
140 1191 1
140 1206 1
140 1296 1
140 1304 1
140 1343 1
140 1353 1
140 1365 1
140 1418 1
140 1424 1
140 1432 1
140 1494 1
140 1537 1
140 1565 1
140 1604 1
140 1645 1
140 1657 1
140 1694 1
140 1717 1
140 1793 1
140 1794 1
140 1795 1
140 1815 1
140 1963 1
140 1977 1
141 317 1
141 337 1
141 381 1
141 427 1
141 430 1
141 436 1
141 440 1
141 473 1
141 477 1
141 479 1
141 520 1
141 533 1
141 596 1
141 598 1
141 609 1
141 631 1
141 722 1
141 814 1
141 819 1
141 838 1
141 867 1
141 876 1
141 886 1
141 924 1
141 980 1
141 1054 1
141 1088 1
141 1165 1
141 1181 1
141 1228 1
141 1232 1
141 1267 1
141 1304 1
141 1347 1
141 1413 1
141 1416 1
141 1435 1
141 1450 1
141 1479 1
141 1530 1
141 1611 1
141 1618 1
141 1747 1
141 1766 1
141 1794 1
141 1825 1
141 1830 1
141 1874 1
141 1887 1
141 1900 1
141 1928 1
141 1996 1
142 234 1
142 254 1
142 291 1
142 305 1
142 331 1
142 349 1
142 355 1
142 358 1
142 410 1
142 419 1
142 437 1
142 481 1
142 507 1
142 532 1
142 537 1
142 577 1
142 629 1
142 634 1
142 643 1
142 662 1
142 726 1
142 798 1
142 834 1
142 897 1
142 903 1
142 913 1
142 952 1
142 1007 1
142 1015 1
142 1092 1
142 1115 1
142 1187 1
142 1195 1
142 1246 1
142 1328 1
142 1392 1
142 1413 1
142 1424 1
142 1443 1
142 1452 1
142 1499 1
142 1547 1
142 1599 1
142 1681 1
142 1698 1
142 1704 1
142 1716 1
142 1753 1
142 1807 1
142 1817 1
142 1905 1
142 1912 1
142 1916 1
142 1946 1
142 1972 1
142 1993 1
143 159 1
143 167 1
143 176 1
143 208 1
143 246 1
143 254 1
143 381 1
143 442 1
143 463 1
143 549 1
143 618 1
143 620 1
143 774 1
143 892 1
143 904 1
143 908 1
143 926 1
143 988 1
143 990 1
143 1083 1
143 1167 1
143 1174 1
143 1207 1
143 1220 1
143 1258 1
143 1428 1
143 1507 1
143 1524 1
143 1614 1
143 1689 1
143 1693 1
143 1711 1
143 1792 1
143 1811 1
143 1916 1
143 1954 1
143 1966 1
144 158 1
144 160 1
144 275 1
144 337 1
144 354 1
144 357 1
144 373 1
144 374 1
144 393 1
144 397 1
144 413 1
144 486 1
144 536 1
144 597 1
144 611 1
144 708 1
144 781 1
144 803 1
144 888 1
144 937 1
144 948 1
144 979 1
144 1066 1
144 1096 1
144 1112 1
144 1118 1
144 1124 1
144 1161 1
144 1202 1
144 1257 1
144 1270 1
144 1284 1
144 1351 1
144 1397 1
144 1409 1
144 1414 1
144 1432 1
144 1529 1
144 1566 1
144 1576 1
144 1581 1
144 1591 1
144 1636 1
144 1645 1
144 1677 1
144 1688 1
144 1774 1
144 1785 1
144 1814 1
144 1816 1
144 1924 1
144 1930 1
144 1949 1
144 1973 1
145 150 1
145 305 1
145 333 1
145 334 1
145 389 1
145 466 1
145 573 1
145 575 1
145 594 1
145 603 1
145 618 1
145 634 1
145 691 1
145 697 1
145 709 1
145 722 1
145 744 1
145 756 1
145 793 1
145 802 1
145 840 1
145 851 1
145 911 1
145 1022 1
145 1052 1
145 1073 1
145 1110 1
145 1206 1
145 1213 1
145 1224 1
145 1245 1
145 1247 1
145 1253 1
145 1286 1
145 1308 1
145 1325 1
145 1346 1
145 1354 1
145 1394 1
145 1406 1
145 1426 1
145 1464 1
145 1479 1
145 1530 1
145 1659 1
145 1684 1
145 1713 1
145 1800 1
145 1816 1
145 1896 1
145 1936 1
146 303 1
146 306 1
146 328 1
146 334 1
146 391 1
146 419 1
146 428 1
146 502 1
146 543 1
146 586 1
146 624 1
146 627 1
146 663 1
146 732 1
146 776 1
146 836 1
146 849 1
146 863 1
146 872 1
146 1014 1
146 1050 1
146 1099 1
146 1175 1
146 1312 1
146 1323 1
146 1335 1
146 1381 1
146 1410 1
146 1579 1
146 1653 1
146 1685 1
146 1695 1
146 1697 1
146 1856 1
146 1922 1
146 1946 1
147 154 1
147 161 1
147 245 1
147 284 1
147 303 1
147 354 1
147 409 1
147 445 1
147 526 1
147 556 1
147 594 1
147 663 1
147 681 1
147 717 1
147 736 1
147 738 1
147 772 1
147 797 1
147 858 1
147 933 1
147 987 1
147 1067 1
147 1129 1
147 1151 1
147 1199 1
147 1269 1
147 1332 1
147 1343 1
147 1353 1
147 1382 1
147 1421 1
147 1437 1
147 1475 1
147 1618 1
147 1646 1
147 1695 1
147 1731 1
147 1769 1
147 1800 1
147 1810 1
147 1824 1
147 1856 1
147 1860 1
147 1934 1
147 1981 1
148 161 1
148 258 1
148 276 1
148 310 1
148 351 1
148 407 1
148 500 1
148 523 1
148 538 1
148 568 1
148 620 1
148 779 1
148 952 1
148 977 1
148 1092 1
148 1123 1
148 1131 1
148 1134 1
148 1154 1
148 1163 1
148 1178 1
148 1183 1
148 1207 1
148 1209 1
148 1304 1
148 1343 1
148 1374 1
148 1376 1
148 1416 1
148 1483 1
148 1524 1
148 1612 1
148 1708 1
148 1834 1
148 1886 1
148 1990 1
149 286 1
149 297 1
149 324 1
149 367 1
149 440 1
149 478 1
149 605 1
149 648 1
149 661 1
149 663 1
149 714 1
149 734 1
149 737 1
149 750 1
149 823 1
149 863 1
149 864 1
149 867 1
149 878 1
149 912 1
149 949 1
149 974 1
149 1091 1
149 1102 1
149 1204 1
149 1209 1
149 1253 1
149 1283 1
149 1306 1
149 1358 1
149 1360 1
149 1407 1
149 1426 1
149 1431 1
149 1439 1
149 1460 1
149 1524 1
149 1593 1
149 1635 1
149 1655 1
149 1709 1
149 1746 1
149 1755 1
149 1783 1
149 1789 1
149 1888 1
149 1915 1
149 1923 1
149 1947 1
150 212 1
150 268 1
150 294 1
150 310 1
150 346 1
150 462 1
150 524 1
150 537 1
150 541 1
150 692 1
150 736 1
150 742 1
150 757 1
150 796 1
150 819 1
150 828 1
150 859 1
150 897 1
150 899 1
150 901 1
150 905 1
150 942 1
150 1006 1
150 1021 1
150 1046 1
150 1081 1
150 1157 1
150 1165 1
150 1246 1
150 1373 1
150 1478 1
150 1537 1
150 1539 1
150 1574 1
150 1576 1
150 1619 1
150 1663 1
150 1682 1
150 1794 1
150 1798 1
150 1845 1
150 1873 1
150 1874 1
150 1945 1
150 1974 1
150 1995 1
151 220 1
151 225 1
151 228 1
151 229 1
151 233 1
151 259 1
151 286 1
151 287 1
151 316 1
151 469 1
151 612 1
151 656 1
151 778 1
151 785 1
151 795 1
151 828 1
151 835 1
151 904 1
151 974 1
151 978 1
151 1020 1
151 1089 1
151 1109 1
151 1191 1
151 1241 1
151 1262 1
151 1323 1
151 1392 1
151 1421 1
151 1433 1
151 1443 1
151 1520 1
151 1556 1
151 1623 1
151 1678 1
151 1682 1
151 1695 1
151 1703 1
151 1717 1
151 1771 1
151 1882 1
151 1929 1
151 1993 1
152 159 1
152 192 1
152 255 1
152 286 1
152 371 1
152 420 1
152 430 1
152 431 1
152 508 1
152 550 1
152 555 1
152 570 1
152 606 1
152 625 1
152 646 1
152 647 1
152 736 1
152 833 1
152 836 1
152 891 1
152 896 1
152 944 1
152 964 1
152 968 1
152 1156 1
152 1185 1
152 1224 1
152 1278 1
152 1313 1
152 1328 1
152 1433 1
152 1480 1
152 1495 1
152 1561 1
152 1638 1
152 1729 1
152 1784 1
152 1807 1
152 1854 1
152 1918 1
152 1951 1
153 194 1
153 198 1
153 253 1
153 263 1
153 270 1
153 283 1
153 304 1
153 314 1
153 356 1
153 385 1
153 556 1
153 594 1
153 610 1
153 617 1
153 628 1
153 687 1
153 703 1
153 708 1
153 769 1
153 771 1
153 817 1
153 844 1
153 847 1
153 860 1
153 883 1
153 906 1
153 954 1
153 980 1
153 1093 1
153 1131 1
153 1151 1
153 1154 1
153 1162 1
153 1168 1
153 1194 1
153 1295 1
153 1445 1
153 1466 1
153 1467 1
153 1600 1
153 1617 1
153 1622 1
153 1664 1
153 1687 1
153 1739 1
153 1874 1
153 1887 1
153 1908 1
153 1919 1
153 1932 1
153 1939 1
153 1942 1
154 173 1
154 240 1
154 242 1
154 381 1
154 447 1
154 458 1
154 462 1
154 500 1
154 509 1
154 536 1
154 597 1
154 608 1
154 657 1
154 696 1
154 727 1
154 841 1
154 891 1
154 893 1
154 921 1
154 975 1
154 1012 1
154 1065 1
154 1269 1
154 1316 1
154 1325 1
154 1409 1
154 1433 1
154 1487 1
154 1491 1
154 1494 1
154 1524 1
154 1535 1
154 1551 1
154 1573 1
154 1661 1
154 1716 1
154 1841 1
154 1852 1
154 1874 1
154 1893 1
154 1910 1
154 1915 1
154 1952 1
155 219 1
155 257 1
155 258 1
155 272 1
155 361 1
155 459 1
155 500 1
155 540 1
155 570 1
155 605 1
155 613 1
155 632 1
155 643 1
155 715 1
155 727 1
155 781 1
155 792 1
155 804 1
155 832 1
155 835 1
155 850 1
155 858 1
155 891 1
155 923 1
155 975 1
155 1010 1
155 1016 1
155 1034 1
155 1055 1
155 1072 1
155 1080 1
155 1084 1
155 1097 1
155 1110 1
155 1140 1
155 1154 1
155 1159 1
155 1189 1
155 1244 1
155 1265 1
155 1350 1
155 1416 1
155 1426 1
155 1435 1
155 1473 1
155 1480 1
155 1509 1
155 1543 1
155 1574 1
155 1589 1
155 1598 1
155 1661 1
155 1689 1
155 1699 1
155 1746 1
155 1757 1
155 1768 1
155 1773 1
155 1875 1
155 1899 1
155 1953 1
156 176 1
156 206 1
156 210 1
156 305 1
156 355 1
156 403 1
156 430 1
156 431 1
156 436 1
156 450 1
156 459 1
156 617 1
156 620 1
156 696 1
156 735 1
156 740 1
156 824 1
156 839 1
156 941 1
156 997 1
156 1083 1
156 1095 1
156 1106 1
156 1123 1
156 1154 1
156 1169 1
156 1193 1
156 1214 1
156 1215 1
156 1218 1
156 1235 1
156 1239 1
156 1258 1
156 1389 1
156 1396 1
156 1407 1
156 1411 1
156 1451 1
156 1529 1
156 1575 1
156 1577 1
156 1677 1
156 1733 1
156 1797 1
156 1846 1
156 1921 1
156 1981 1
157 175 1
157 213 1
157 227 1
157 239 1
157 242 1
157 257 1
157 313 1
157 411 1
157 509 1
157 519 1
157 555 1
157 561 1
157 660 1
157 673 1
157 681 1
157 713 1
157 715 1
157 738 1
157 751 1
157 756 1
157 768 1
157 783 1
157 856 1
157 887 1
157 974 1
157 1087 1
157 1103 1
157 1109 1
157 1136 1
157 1165 1
157 1168 1
157 1186 1
157 1191 1
157 1219 1
157 1237 1
157 1327 1
157 1363 1
157 1378 1
157 1406 1
157 1418 1
157 1483 1
157 1526 1
157 1630 1
157 1640 1
157 1646 1
157 1698 1
157 1702 1
157 1716 1
157 1842 1
157 1853 1
157 1976 1
158 285 1
158 349 1
158 363 1
158 408 1
158 435 1
158 439 1
158 458 1
158 530 1
158 775 1
158 781 1
158 936 1
158 987 1
158 995 1
158 1013 1
158 1019 1
158 1039 1
158 1041 1
158 1059 1
158 1064 1
158 1066 1
158 1094 1
158 1222 1
158 1318 1
158 1427 1
158 1452 1
158 1561 1
158 1581 1
158 1590 1
158 1646 1
158 1662 1
158 1871 1
158 1912 1
158 1920 1
158 1922 1
159 260 1
159 373 1
159 375 1
159 473 1
159 510 1
159 530 1
159 604 1
159 627 1
159 630 1
159 639 1
159 664 1
159 696 1
159 697 1
159 875 1
159 889 1
159 904 1
159 1052 1
159 1082 1
159 1101 1
159 1102 1
159 1131 1
159 1138 1
159 1154 1
159 1206 1
159 1220 1
159 1246 1
159 1257 1
159 1298 1
159 1303 1
159 1314 1
159 1315 1
159 1330 1
159 1344 1
159 1550 1
159 1614 1
159 1618 1
159 1646 1
159 1665 1
159 1706 1
159 1707 1
159 1717 1
159 1727 1
159 1728 1
159 1813 1
159 1824 1
159 1879 1
159 1898 1
159 1904 1
159 1935 1
160 163 1
160 183 1
160 220 1
160 264 1
160 300 1
160 319 1
160 321 1
160 348 1
160 398 1
160 413 1
160 520 1
160 601 1
160 624 1
160 630 1
160 670 1
160 694 1
160 723 1
160 795 1
160 796 1
160 803 1
160 816 1
160 845 1
160 866 1
160 955 1
160 961 1
160 972 1
160 999 1
160 1046 1
160 1047 1
160 1059 1
160 1149 1
160 1155 1
160 1179 1
160 1220 1
160 1281 1
160 1349 1
160 1356 1
160 1474 1
160 1535 1
160 1562 1
160 1570 1
160 1594 1
160 1597 1
160 1689 1
160 1717 1
160 1759 1
160 1785 1
160 1855 1
160 1935 1
161 304 1
161 335 1
161 346 1
161 365 1
161 385 1
161 406 1
161 510 1
161 640 1
161 674 1
161 703 1
161 721 1
161 757 1
161 784 1
161 790 1
161 791 1
161 794 1
161 860 1
161 917 1
161 944 1
161 1003 1
161 1026 1
161 1113 1
161 1167 1
161 1213 1
161 1243 1
161 1274 1
161 1278 1
161 1286 1
161 1299 1
161 1309 1
161 1324 1
161 1358 1
161 1442 1
161 1477 1
161 1503 1
161 1533 1
161 1543 1
161 1568 1
161 1653 1
161 1693 1
161 1706 1
161 1708 1
161 1763 1
161 1867 1
161 1914 1
161 1950 1
161 1962 1
161 1974 1
161 1979 1
162 189 1
162 229 1
162 301 1
162 334 1
162 370 1
162 372 1
162 487 1
162 501 1
162 531 1
162 536 1
162 549 1
162 553 1
162 669 1
162 695 1
162 758 1
162 842 1
162 873 1
162 919 1
162 929 1
162 961 1
162 998 1
162 1001 1
162 1079 1
162 1101 1
162 1125 1
162 1149 1
162 1220 1
162 1236 1
162 1243 1
162 1249 1
162 1353 1
162 1367 1
162 1374 1
162 1433 1
162 1521 1
162 1563 1
162 1609 1
162 1611 1
162 1725 1
162 1737 1
162 1814 1
162 1824 1
162 1826 1
162 1846 1
162 1848 1
162 1909 1
162 1915 1
162 1971 1
163 189 1
163 199 1
163 241 1
163 281 1
163 282 1
163 310 1
163 319 1
163 383 1
163 412 1
163 595 1
163 604 1
163 629 1
163 653 1
163 665 1
163 709 1
163 765 1
163 873 1
163 887 1
163 991 1
163 1014 1
163 1020 1
163 1056 1
163 1074 1
163 1099 1
163 1114 1
163 1141 1
163 1151 1
163 1186 1
163 1191 1
163 1196 1
163 1233 1
163 1246 1
163 1252 1
163 1280 1
163 1284 1
163 1385 1
163 1392 1
163 1405 1
163 1523 1
163 1565 1
163 1663 1
163 1666 1
163 1677 1
163 1869 1
163 1887 1
163 1950 1
164 349 1
164 351 1
164 357 1
164 374 1
164 450 1
164 497 1
164 515 1
164 555 1
164 582 1
164 583 1
164 611 1
164 638 1
164 650 1
164 706 1
164 769 1
164 789 1
164 810 1
164 820 1
164 861 1
164 886 1
164 971 1
164 1017 1
164 1134 1
164 1170 1
164 1207 1
164 1252 1
164 1253 1
164 1327 1
164 1407 1
164 1456 1
164 1465 1
164 1572 1
164 1580 1
164 1597 1
164 1638 1
164 1641 1
164 1654 1
164 1760 1
164 1769 1
164 1792 1
164 1828 1
164 1841 1
164 1870 1
164 1912 1
164 1956 1
164 1965 1
164 1988 1
165 183 1
165 211 1
165 212 1
165 241 1
165 321 1
165 384 1
165 394 1
165 432 1
165 526 1
165 623 1
165 669 1
165 708 1
165 771 1
165 780 1
165 909 1
165 953 1
165 957 1
165 985 1
165 1000 1
165 1001 1
165 1033 1
165 1040 1
165 1043 1
165 1112 1
165 1115 1
165 1130 1
165 1142 1
165 1148 1
165 1154 1
165 1284 1
165 1337 1
165 1422 1
165 1473 1
165 1513 1
165 1529 1
165 1588 1
165 1624 1
165 1653 1
165 1661 1
165 1748 1
165 1757 1
165 1899 1
165 1907 1
165 1923 1
165 1929 1
165 1982 1
166 253 1
166 258 1
166 281 1
166 436 1
166 469 1
166 590 1
166 685 1
166 735 1
166 845 1
166 877 1
166 921 1
166 979 1
166 994 1
166 1011 1
166 1012 1
166 1154 1
166 1174 1
166 1344 1
166 1458 1
166 1466 1
166 1567 1
166 1646 1
166 1685 1
166 1746 1
166 1778 1
166 1892 1
166 1913 1
167 169 1
167 187 1
167 193 1
167 219 1
167 231 1
167 328 1
167 357 1
167 366 1
167 402 1
167 410 1
167 500 1
167 666 1
167 667 1
167 678 1
167 809 1
167 810 1
167 880 1
167 935 1
167 940 1
167 952 1
167 1009 1
167 1054 1
167 1134 1
167 1140 1
167 1172 1
167 1225 1
167 1271 1
167 1302 1
167 1315 1
167 1335 1
167 1416 1
167 1426 1
167 1528 1
167 1533 1
167 1566 1
167 1580 1
167 1630 1
167 1647 1
167 1722 1
167 1861 1
167 1872 1
167 1874 1
167 1938 1
167 1998 1
168 291 1
168 309 1
168 332 1
168 341 1
168 377 1
168 411 1
168 478 1
168 484 1
168 508 1
168 523 1
168 533 1
168 615 1
168 727 1
168 752 1
168 852 1
168 887 1
168 971 1
168 1027 1
168 1072 1
168 1089 1
168 1135 1
168 1138 1
168 1241 1
168 1251 1
168 1264 1
168 1265 1
168 1283 1
168 1312 1
168 1331 1
168 1391 1
168 1449 1
168 1478 1
168 1495 1
168 1536 1
168 1567 1
168 1748 1
168 1772 1
168 1781 1
168 1917 1
168 1946 1
169 316 1
169 362 1
169 366 1
169 505 1
169 530 1
169 535 1
169 564 1
169 569 1
169 597 1
169 651 1
169 660 1
169 713 1
169 746 1
169 752 1
169 782 1
169 786 1
169 803 1
169 816 1
169 886 1
169 926 1
169 1017 1
169 1103 1
169 1124 1
169 1303 1
169 1304 1
169 1328 1
169 1341 1
169 1355 1
169 1375 1
169 1382 1
169 1451 1
169 1478 1
169 1510 1
169 1543 1
169 1599 1
169 1630 1
169 1643 1
169 1654 1
169 1673 1
169 1681 1
169 1719 1
169 1769 1
169 1794 1
169 1810 1
169 1879 1
169 1994 1
169 1996 1
170 184 1
170 198 1
170 248 1
170 293 1
170 317 1
170 353 1
170 378 1
170 418 1
170 436 1
170 520 1
170 523 1
170 554 1
170 582 1
170 623 1
170 637 1
170 646 1
170 662 1
170 707 1
170 732 1
170 793 1
170 802 1
170 821 1
170 884 1
170 888 1
170 922 1
170 952 1
170 977 1
170 1014 1
170 1035 1
170 1056 1
170 1084 1
170 1121 1
170 1175 1
170 1247 1
170 1364 1
170 1392 1
170 1423 1
170 1445 1
170 1470 1
170 1547 1
170 1596 1
170 1604 1
170 1616 1
170 1636 1
170 1648 1
170 1753 1
170 1784 1
170 1822 1
170 1921 1
171 206 1
171 215 1
171 295 1
171 338 1
171 357 1
171 369 1
171 383 1
171 404 1
171 459 1
171 466 1
171 469 1
171 479 1
171 484 1
171 485 1
171 531 1
171 537 1
171 605 1
171 646 1
171 660 1
171 690 1
171 831 1
171 982 1
171 1048 1
171 1128 1
171 1172 1
171 1224 1
171 1243 1
171 1321 1
171 1372 1
171 1428 1
171 1468 1
171 1522 1
171 1565 1
171 1635 1
171 1637 1
171 1639 1
171 1685 1
171 1728 1
171 1747 1
171 1765 1
171 1795 1
171 1830 1
171 1840 1
171 1919 1
171 1930 1
171 1944 1
171 1946 1
171 1978 1
172 179 1
172 222 1
172 266 1
172 271 1
172 410 1
172 428 1
172 626 1
172 656 1
172 658 1
172 699 1
172 706 1
172 765 1
172 782 1
172 828 1
172 1077 1
172 1091 1
172 1169 1
172 1201 1
172 1217 1
172 1262 1
172 1280 1
172 1363 1
172 1403 1
172 1429 1
172 1457 1
172 1471 1
172 1500 1
172 1567 1
172 1587 1
172 1612 1
172 1627 1
172 1695 1
172 1714 1
172 1832 1
172 1833 1
172 1846 1
172 1901 1
172 1913 1
172 1978 1
173 226 1
173 227 1
173 255 1
173 289 1
173 308 1
173 428 1
173 445 1
173 480 1
173 492 1
173 514 1
173 559 1
173 561 1
173 584 1
173 616 1
173 633 1
173 647 1
173 656 1
173 707 1
173 735 1
173 801 1
173 920 1
173 965 1
173 982 1
173 1037 1
173 1047 1
173 1075 1
173 1135 1
173 1153 1
173 1156 1
173 1226 1
173 1233 1
173 1323 1
173 1391 1
173 1449 1
173 1451 1
173 1498 1
173 1559 1
173 1563 1
173 1601 1
173 1607 1
173 1612 1
173 1704 1
173 1712 1
173 1778 1
173 1895 1
173 1898 1
173 1903 1
173 1916 1
173 1998 1
174 250 1
174 365 1
174 469 1
174 481 1
174 493 1
174 503 1
174 551 1
174 587 1
174 606 1
174 607 1
174 623 1
174 802 1
174 804 1
174 846 1
174 898 1
174 907 1
174 908 1
174 973 1
174 981 1
174 1036 1
174 1038 1
174 1050 1
174 1073 1
174 1104 1
174 1160 1
174 1185 1
174 1272 1
174 1295 1
174 1314 1
174 1374 1
174 1427 1
174 1456 1
174 1467 1
174 1493 1
174 1560 1
174 1643 1
174 1685 1
174 1727 1
174 1746 1
174 1786 1
174 1788 1
174 1815 1
174 1885 1
174 1892 1
174 1998 1
175 179 1
175 265 1
175 356 1
175 424 1
175 511 1
175 538 1
175 558 1
175 628 1
175 646 1
175 722 1
175 746 1
175 771 1
175 780 1
175 822 1
175 934 1
175 966 1
175 995 1
175 997 1
175 1002 1
175 1024 1
175 1032 1
175 1082 1
175 1087 1
175 1120 1
175 1143 1
175 1164 1
175 1171 1
175 1267 1
175 1297 1
175 1309 1
175 1362 1
175 1388 1
175 1451 1
175 1470 1
175 1487 1
175 1490 1
175 1532 1
175 1575 1
175 1605 1
175 1610 1
175 1636 1
175 1661 1
175 1686 1
175 1728 1
175 1806 1
175 1929 1
175 1930 1
175 1937 1
176 203 1
176 319 1
176 338 1
176 342 1
176 350 1
176 358 1
176 529 1
176 636 1
176 758 1
176 851 1
176 905 1
176 915 1
176 1038 1
176 1087 1
176 1272 1
176 1274 1
176 1301 1
176 1335 1
176 1392 1
176 1514 1
176 1553 1
176 1562 1
176 1636 1
176 1640 1
176 1655 1
176 1683 1
176 1746 1
176 1767 1
176 1787 1
176 1826 1
176 1861 1
176 1887 1
176 1914 1
176 1924 1
177 188 1
177 200 1
177 205 1
177 229 1
177 232 1
177 256 1
177 388 1
177 448 1
177 449 1
177 481 1
177 487 1
177 508 1
177 596 1
177 614 1
177 668 1
177 692 1
177 708 1
177 797 1
177 970 1
177 984 1
177 990 1
177 1032 1
177 1057 1
177 1071 1
177 1079 1
177 1135 1
177 1186 1
177 1352 1
177 1388 1
177 1437 1
177 1519 1
177 1577 1
177 1586 1
177 1625 1
177 1670 1
177 1780 1
177 1824 1
177 1831 1
177 1883 1
177 1998 1
178 218 1
178 360 1
178 417 1
178 423 1
178 436 1
178 450 1
178 481 1
178 532 1
178 614 1
178 628 1
178 699 1
178 703 1
178 718 1
178 731 1
178 738 1
178 864 1
178 930 1
178 981 1
178 1038 1
178 1077 1
178 1167 1
178 1169 1
178 1181 1
178 1198 1
178 1253 1
178 1276 1
178 1329 1
178 1349 1
178 1439 1
178 1478 1
178 1487 1
178 1558 1
178 1562 1
178 1581 1
178 1583 1
178 1640 1
178 1658 1
178 1738 1
178 1755 1
178 1801 1
178 1847 1
178 1873 1
178 1969 1
179 218 1
179 320 1
179 376 1
179 624 1
179 687 1
179 765 1
179 806 1
179 823 1
179 885 1
179 913 1
179 995 1
179 1081 1
179 1120 1
179 1125 1
179 1136 1
179 1139 1
179 1157 1
179 1171 1
179 1182 1
179 1183 1
179 1197 1
179 1214 1
179 1248 1
179 1299 1
179 1376 1
179 1540 1
179 1586 1
179 1597 1
179 1599 1
179 1643 1
179 1718 1
179 1724 1
179 1766 1
179 1774 1
179 1783 1
179 1838 1
179 1876 1
179 1897 1
179 1904 1
179 1986 1
180 196 1
180 206 1
180 311 1
180 448 1
180 454 1
180 532 1
180 543 1
180 574 1
180 596 1
180 667 1
180 670 1
180 709 1
180 728 1
180 738 1
180 739 1
180 744 1
180 763 1
180 787 1
180 804 1
180 974 1
180 1081 1
180 1086 1
180 1100 1
180 1144 1
180 1194 1
180 1201 1
180 1266 1
180 1296 1
180 1338 1
180 1403 1
180 1529 1
180 1554 1
180 1575 1
180 1608 1
180 1621 1
180 1642 1
180 1658 1
180 1693 1
180 1722 1
180 1738 1
180 1822 1
180 1938 1
180 1990 1
181 231 1
181 232 1
181 373 1
181 390 1
181 426 1
181 450 1
181 481 1
181 502 1
181 522 1
181 533 1
181 543 1
181 550 1
181 700 1
181 722 1
181 743 1
181 820 1
181 876 1
181 890 1
181 966 1
181 992 1
181 995 1
181 1008 1
181 1049 1
181 1072 1
181 1076 1
181 1097 1
181 1141 1
181 1177 1
181 1220 1
181 1282 1
181 1303 1
181 1346 1
181 1468 1
181 1496 1
181 1580 1
181 1608 1
181 1689 1
181 1692 1
181 1700 1
181 1705 1
181 1791 1
181 1853 1
181 1912 1
181 1914 1
181 1936 1
182 194 1
182 384 1
182 393 1
182 400 1
182 421 1
182 447 1
182 524 1
182 528 1
182 532 1
182 547 1
182 589 1
182 617 1
182 624 1
182 708 1
182 778 1
182 793 1
182 902 1
182 905 1
182 925 1
182 930 1
182 952 1
182 1013 1
182 1025 1
182 1056 1
182 1062 1
182 1137 1
182 1179 1
182 1188 1
182 1242 1
182 1331 1
182 1358 1
182 1360 1
182 1429 1
182 1432 1
182 1453 1
182 1524 1
182 1642 1
182 1651 1
182 1696 1
182 1774 1
182 1789 1
182 1795 1
182 1803 1
182 1819 1
182 1841 1
182 1850 1
182 1862 1
182 1900 1
182 1920 1
182 1932 1
182 1949 1
182 1983 1
182 1999 1
183 186 1
183 191 1
183 249 1
183 251 1
183 290 1
183 336 1
183 346 1
183 352 1
183 367 1
183 394 1
183 630 1
183 651 1
183 661 1
183 736 1
183 778 1
183 821 1
183 863 1
183 892 1
183 898 1
183 970 1
183 1014 1
183 1085 1
183 1122 1
183 1245 1
183 1290 1
183 1293 1
183 1301 1
183 1317 1
183 1333 1
183 1422 1
183 1433 1
183 1451 1
183 1454 1
183 1477 1
183 1489 1
183 1554 1
183 1555 1
183 1561 1
183 1622 1
183 1727 1
183 1758 1
183 1812 1
183 1830 1
183 1843 1
183 1890 1
183 1898 1
183 1909 1
183 1923 1
183 1966 1
183 1970 1
183 1990 1
183 1998 1
183 1999 1
184 248 1
184 383 1
184 422 1
184 474 1
184 543 1
184 544 1
184 546 1
184 660 1
184 664 1
184 690 1
184 764 1
184 817 1
184 834 1
184 854 1
184 920 1
184 923 1
184 961 1
184 996 1
184 1078 1
184 1122 1
184 1214 1
184 1220 1
184 1322 1
184 1323 1
184 1345 1
184 1409 1
184 1432 1
184 1448 1
184 1465 1
184 1509 1
184 1701 1
184 1706 1
184 1769 1
184 1770 1
184 1962 1
185 212 1
185 342 1
185 346 1
185 358 1
185 367 1
185 371 1
185 416 1
185 421 1
185 494 1
185 520 1
185 549 1
185 730 1
185 758 1
185 783 1
185 921 1
185 1100 1
185 1119 1
185 1131 1
185 1187 1
185 1235 1
185 1244 1
185 1253 1
185 1256 1
185 1268 1
185 1342 1
185 1344 1
185 1357 1
185 1475 1
185 1565 1
185 1568 1
185 1668 1
185 1695 1
185 1722 1
185 1774 1
185 1821 1
185 1853 1
185 1950 1
185 1958 1
185 1959 1
185 1960 1
185 1972 1
186 418 1
186 434 1
186 468 1
186 520 1
186 584 1
186 605 1
186 646 1
186 664 1
186 737 1
186 761 1
186 768 1
186 785 1
186 789 1
186 876 1
186 986 1
186 1000 1
186 1020 1
186 1024 1
186 1087 1
186 1092 1
186 1165 1
186 1167 1
186 1191 1
186 1198 1
186 1199 1
186 1212 1
186 1233 1
186 1245 1
186 1282 1
186 1301 1
186 1305 1
186 1358 1
186 1375 1
186 1393 1
186 1428 1
186 1444 1
186 1446 1
186 1448 1
186 1520 1
186 1583 1
186 1598 1
186 1607 1
186 1670 1
186 1673 1
186 1678 1
186 1705 1
186 1728 1
186 1750 1
186 1778 1
186 1779 1
186 1780 1
186 1834 1
186 1906 1
186 1968 1
187 266 1
187 341 1
187 385 1
187 431 1
187 481 1
187 555 1
187 580 1
187 639 1
187 673 1
187 781 1
187 930 1
187 940 1
187 944 1
187 1037 1
187 1079 1
187 1089 1
187 1128 1
187 1154 1
187 1252 1
187 1347 1
187 1513 1
187 1529 1
187 1537 1
187 1545 1
187 1569 1
187 1611 1
187 1612 1
187 1622 1
187 1647 1
187 1695 1
187 1758 1
187 1764 1
187 1795 1
187 1916 1
187 1953 1
187 1961 1
188 255 1
188 293 1
188 305 1
188 308 1
188 362 1
188 395 1
188 424 1
188 449 1
188 554 1
188 567 1
188 625 1
188 714 1
188 734 1
188 767 1
188 770 1
188 789 1
188 812 1
188 834 1
188 905 1
188 931 1
188 950 1
188 959 1
188 1005 1
188 1079 1
188 1120 1
188 1126 1
188 1156 1
188 1396 1
188 1413 1
188 1457 1
188 1467 1
188 1485 1
188 1557 1
188 1566 1
188 1605 1
188 1637 1
188 1681 1
188 1810 1
188 1833 1
188 1861 1
188 1985 1
189 213 1
189 239 1
189 287 1
189 301 1
189 363 1
189 377 1
189 388 1
189 442 1
189 482 1
189 518 1
189 561 1
189 726 1
189 789 1
189 799 1
189 810 1
189 822 1
189 1189 1
189 1315 1
189 1333 1
189 1395 1
189 1437 1
189 1463 1
189 1517 1
189 1553 1
189 1568 1
189 1635 1
189 1673 1
189 1765 1
189 1827 1
189 1843 1
189 1857 1
189 1924 1
189 1963 1
190 202 1
190 205 1
190 209 1
190 254 1
190 277 1
190 285 1
190 297 1
190 315 1
190 339 1
190 404 1
190 411 1
190 419 1
190 464 1
190 475 1
190 575 1
190 602 1
190 616 1
190 617 1
190 622 1
190 623 1
190 642 1
190 759 1
190 881 1
190 914 1
190 920 1
190 954 1
190 960 1
190 963 1
190 973 1
190 1014 1
190 1069 1
190 1106 1
190 1121 1
190 1231 1
190 1288 1
190 1335 1
190 1412 1
190 1554 1
190 1575 1
190 1827 1
190 1832 1
190 1894 1
190 1967 1
191 194 1
191 268 1
191 271 1
191 286 1
191 349 1
191 453 1
191 538 1
191 606 1
191 615 1
191 622 1
191 705 1
191 759 1
191 790 1
191 804 1
191 853 1
191 929 1
191 931 1
191 996 1
191 1007 1
191 1011 1
191 1021 1
191 1199 1
191 1216 1
191 1283 1
191 1290 1
191 1343 1
191 1396 1
191 1440 1
191 1522 1
191 1741 1
191 1758 1
191 1808 1
191 1852 1
191 1943 1
191 1946 1
192 324 1
192 447 1
192 485 1
192 505 1
192 545 1
192 546 1
192 585 1
192 678 1
192 697 1
192 699 1
192 707 1
192 742 1
192 764 1
192 812 1
192 817 1
192 830 1
192 881 1
192 968 1
192 1060 1
192 1140 1
192 1148 1
192 1172 1
192 1182 1
192 1273 1
192 1301 1
192 1356 1
192 1368 1
192 1376 1
192 1506 1
192 1573 1
192 1618 1
192 1788 1
193 205 1
193 298 1
193 320 1
193 348 1
193 358 1
193 386 1
193 472 1
193 500 1
193 526 1
193 536 1
193 634 1
193 719 1
193 748 1
193 935 1
193 1023 1
193 1084 1
193 1086 1
193 1144 1
193 1147 1
193 1355 1
193 1501 1
193 1518 1
193 1552 1
193 1554 1
193 1568 1
193 1642 1
193 1663 1
193 1693 1
193 1701 1
193 1777 1
193 1820 1
193 1840 1
193 1900 1
193 1940 1
194 224 1
194 234 1
194 282 1
194 291 1
194 389 1
194 401 1
194 467 1
194 488 1
194 516 1
194 546 1
194 608 1
194 679 1
194 696 1
194 737 1
194 812 1
194 818 1
194 820 1
194 849 1
194 886 1
194 894 1
194 918 1
194 934 1
194 948 1
194 1119 1
194 1122 1
194 1179 1
194 1201 1
194 1411 1
194 1425 1
194 1432 1
194 1443 1
194 1445 1
194 1476 1
194 1478 1
194 1480 1
194 1500 1
194 1590 1
194 1613 1
194 1658 1
194 1702 1
194 1846 1
194 1865 1
194 1925 1
194 1952 1
194 1979 1
194 1998 1
195 233 1
195 236 1
195 306 1
195 333 1
195 373 1
195 386 1
195 466 1
195 477 1
195 508 1
195 550 1
195 646 1
195 676 1
195 689 1
195 721 1
195 726 1
195 919 1
195 929 1
195 960 1
195 980 1
195 1007 1
195 1017 1
195 1063 1
195 1093 1
195 1104 1
195 1134 1
195 1152 1
195 1207 1
195 1273 1
195 1316 1
195 1320 1
195 1333 1
195 1347 1
195 1349 1
195 1438 1
195 1440 1
195 1495 1
195 1692 1
195 1737 1
195 1774 1
195 1806 1
195 1835 1
195 1836 1
195 1839 1
195 1897 1
195 1915 1
195 1932 1
195 1979 1
195 1993 1
196 228 1
196 252 1
196 281 1
196 345 1
196 361 1
196 397 1
196 454 1
196 479 1
196 561 1
196 590 1
196 654 1
196 677 1
196 692 1
196 728 1
196 749 1
196 848 1
196 855 1
196 872 1
196 900 1
196 965 1
196 1210 1
196 1258 1
196 1293 1
196 1300 1
196 1356 1
196 1393 1
196 1401 1
196 1418 1
196 1436 1
196 1449 1
196 1474 1
196 1490 1
196 1492 1
196 1510 1
196 1518 1
196 1627 1
196 1711 1
196 1737 1
196 1738 1
196 1752 1
196 1872 1
196 1937 1
196 1954 1
196 1972 1
196 1988 1
197 274 1
197 376 1
197 394 1
197 418 1
197 419 1
197 469 1
197 498 1
197 534 1
197 583 1
197 587 1
197 621 1
197 634 1
197 676 1
197 735 1
197 865 1
197 956 1
197 963 1
197 993 1
197 1025 1
197 1125 1
197 1164 1
197 1191 1
197 1218 1
197 1223 1
197 1255 1
197 1287 1
197 1302 1
197 1362 1
197 1381 1
197 1495 1
197 1522 1
197 1552 1
197 1626 1
197 1642 1
197 1690 1
197 1710 1
197 1729 1
197 1734 1
197 1777 1
197 1836 1
197 1886 1
197 1937 1
197 1940 1
197 1991 1
198 201 1
198 218 1
198 246 1
198 265 1
198 348 1
198 361 1
198 387 1
198 521 1
198 523 1
198 565 1
198 569 1
198 579 1
198 590 1
198 591 1
198 597 1
198 598 1
198 754 1
198 761 1
198 762 1
198 856 1
198 858 1
198 861 1
198 865 1
198 916 1
198 994 1
198 1011 1
198 1013 1
198 1019 1
198 1116 1
198 1118 1
198 1188 1
198 1224 1
198 1226 1
198 1238 1
198 1249 1
198 1256 1
198 1293 1
198 1359 1
198 1366 1
198 1375 1
198 1409 1
198 1470 1
198 1476 1
198 1523 1
198 1542 1
198 1650 1
198 1754 1
198 1809 1
198 1899 1
198 1913 1
198 1981 1
198 1996 1
199 201 1
199 213 1
199 249 1
199 325 1
199 536 1
199 551 1
199 702 1
199 730 1
199 751 1
199 806 1
199 830 1
199 871 1
199 907 1
199 913 1
199 956 1
199 1023 1
199 1035 1
199 1089 1
199 1123 1
199 1284 1
199 1406 1
199 1424 1
199 1433 1
199 1477 1
199 1513 1
199 1625 1
199 1649 1
199 1660 1
199 1665 1
199 1686 1
199 1709 1
199 1714 1
199 1719 1
199 1771 1
199 1778 1
199 1836 1
199 1943 1
200 251 1
200 276 1
200 394 1
200 417 1
200 430 1
200 431 1
200 441 1
200 460 1
200 463 1
200 537 1
200 544 1
200 560 1
200 666 1
200 672 1
200 678 1
200 774 1
200 845 1
200 892 1
200 896 1
200 992 1
200 998 1
200 1004 1
200 1063 1
200 1136 1
200 1165 1
200 1190 1
200 1215 1
200 1274 1
200 1341 1
200 1364 1
200 1379 1
200 1436 1
200 1455 1
200 1535 1
200 1583 1
200 1590 1
200 1608 1
200 1629 1
200 1632 1
200 1675 1
200 1682 1
200 1715 1
200 1716 1
200 1719 1
200 1738 1
200 1762 1
200 1803 1
200 1892 1
200 1928 1
200 1984 1
201 260 1
201 263 1
201 322 1
201 337 1
201 394 1
201 452 1
201 455 1
201 458 1
201 464 1
201 557 1
201 700 1
201 721 1
201 733 1
201 800 1
201 822 1
201 854 1
201 876 1
201 946 1
201 995 1
201 1046 1
201 1078 1
201 1145 1
201 1147 1
201 1167 1
201 1177 1
201 1178 1
201 1225 1
201 1260 1
201 1286 1
201 1287 1
201 1314 1
201 1325 1
201 1335 1
201 1372 1
201 1424 1
201 1438 1
201 1518 1
201 1639 1
201 1727 1
201 1731 1
201 1750 1
201 1755 1
201 1877 1
201 1913 1
201 1921 1
201 1981 1
202 210 1
202 285 1
202 375 1
202 407 1
202 439 1
202 498 1
202 534 1
202 548 1
202 568 1
202 599 1
202 600 1
202 626 1
202 706 1
202 794 1
202 879 1
202 920 1
202 968 1
202 1042 1
202 1045 1
202 1097 1
202 1103 1
202 1121 1
202 1135 1
202 1168 1
202 1187 1
202 1221 1
202 1251 1
202 1282 1
202 1290 1
202 1326 1
202 1344 1
202 1364 1
202 1384 1
202 1436 1
202 1473 1
202 1478 1
202 1490 1
202 1528 1
202 1532 1
202 1557 1
202 1594 1
202 1792 1
202 1802 1
202 1814 1
202 1840 1
202 1872 1
202 1885 1
202 1901 1
202 1932 1
203 281 1
203 327 1
203 334 1
203 378 1
203 381 1
203 409 1
203 443 1
203 497 1
203 500 1
203 521 1
203 528 1
203 533 1
203 540 1
203 548 1
203 558 1
203 565 1
203 666 1
203 671 1
203 676 1
203 691 1
203 705 1
203 824 1
203 859 1
203 871 1
203 894 1
203 994 1
203 1009 1
203 1077 1
203 1133 1
203 1142 1
203 1146 1
203 1171 1
203 1232 1
203 1244 1
203 1256 1
203 1277 1
203 1284 1
203 1339 1
203 1427 1
203 1465 1
203 1486 1
203 1503 1
203 1556 1
203 1577 1
203 1591 1
203 1593 1
203 1637 1
203 1665 1
203 1688 1
203 1710 1
203 1718 1
203 1744 1
203 1830 1
203 1835 1
203 1889 1
203 1944 1
204 238 1
204 274 1
204 306 1
204 356 1
204 375 1
204 420 1
204 442 1
204 493 1
204 551 1
204 647 1
204 699 1
204 729 1
204 856 1
204 871 1
204 948 1
204 976 1
204 1007 1
204 1133 1
204 1349 1
204 1377 1
204 1414 1
204 1521 1
204 1534 1
204 1605 1
204 1609 1
204 1659 1
204 1694 1
204 1711 1
204 1778 1
204 1804 1
204 1921 1
204 1965 1
204 1986 1
205 246 1
205 260 1
205 366 1
205 390 1
205 393 1
205 444 1
205 480 1
205 523 1
205 529 1
205 604 1
205 618 1
205 787 1
205 833 1
205 970 1
205 1018 1
205 1063 1
205 1121 1
205 1189 1
205 1326 1
205 1391 1
205 1467 1
205 1491 1
205 1574 1
205 1581 1
205 1613 1
205 1673 1
205 1678 1
205 1831 1
205 1902 1
205 1907 1
205 1960 1
205 1982 1
206 226 1
206 271 1
206 287 1
206 289 1
206 358 1
206 371 1
206 394 1
206 410 1
206 502 1
206 526 1
206 612 1
206 676 1
206 759 1
206 776 1
206 862 1
206 902 1
206 910 1
206 921 1
206 971 1
206 986 1
206 1017 1
206 1065 1
206 1078 1
206 1093 1
206 1099 1
206 1100 1
206 1101 1
206 1292 1
206 1302 1
206 1314 1
206 1351 1
206 1385 1
206 1386 1
206 1403 1
206 1428 1
206 1433 1
206 1531 1
206 1587 1
206 1616 1
206 1682 1
206 1703 1
206 1747 1
206 1768 1
206 1773 1
206 1807 1
206 1853 1
206 1873 1
206 1879 1
206 1995 1
207 322 1
207 347 1
207 351 1
207 356 1
207 375 1
207 415 1
207 465 1
207 470 1
207 493 1
207 513 1
207 516 1
207 542 1
207 573 1
207 589 1
207 623 1
207 804 1
207 923 1
207 945 1
207 1023 1
207 1099 1
207 1102 1
207 1142 1
207 1191 1
207 1262 1
207 1288 1
207 1462 1
207 1508 1
207 1554 1
207 1610 1
207 1651 1
207 1697 1
207 1742 1
207 1759 1
207 1797 1
207 1838 1
207 1865 1
207 1910 1
207 1930 1
207 1956 1
207 1960 1
207 1967 1
208 209 1
208 221 1
208 268 1
208 280 1
208 287 1
208 369 1
208 382 1
208 412 1
208 456 1
208 525 1
208 538 1
208 547 1
208 552 1
208 570 1
208 572 1
208 579 1
208 588 1
208 624 1
208 713 1
208 727 1
208 816 1
208 829 1
208 865 1
208 888 1
208 897 1
208 937 1
208 940 1
208 1013 1
208 1084 1
208 1097 1
208 1139 1
208 1227 1
208 1311 1
208 1341 1
208 1378 1
208 1445 1
208 1452 1
208 1462 1
208 1533 1
208 1547 1
208 1570 1
208 1581 1
208 1646 1
208 1651 1
208 1655 1
208 1675 1
208 1676 1
208 1685 1
208 1706 1
208 1714 1
208 1797 1
208 1837 1
208 1856 1
208 1910 1
208 1915 1
208 1995 1
209 225 1
209 249 1
209 283 1
209 334 1
209 335 1
209 339 1
209 359 1
209 384 1
209 432 1
209 496 1
209 638 1
209 707 1
209 708 1
209 765 1
209 792 1
209 802 1
209 864 1
209 873 1
209 910 1
209 943 1
209 948 1
209 955 1
209 956 1
209 989 1
209 1001 1
209 1032 1
209 1048 1
209 1061 1
209 1077 1
209 1102 1
209 1195 1
209 1230 1
209 1251 1
209 1285 1
209 1319 1
209 1340 1
209 1362 1
209 1385 1
209 1401 1
209 1432 1
209 1440 1
209 1496 1
209 1499 1
209 1621 1
209 1655 1
209 1780 1
209 1861 1
209 1896 1
209 1971 1
209 1984 1
210 215 1
210 227 1
210 262 1
210 355 1
210 397 1
210 598 1
210 621 1
210 760 1
210 826 1
210 836 1
210 873 1
210 875 1
210 879 1
210 908 1
210 936 1
210 950 1
210 964 1
210 983 1
210 1037 1
210 1053 1
210 1132 1
210 1142 1
210 1198 1
210 1244 1
210 1258 1
210 1278 1
210 1410 1
210 1419 1
210 1446 1
210 1457 1
210 1527 1
210 1536 1
210 1553 1
210 1728 1
210 1752 1
210 1769 1
210 1799 1
210 1822 1
210 1895 1
211 218 1
211 290 1
211 342 1
211 382 1
211 466 1
211 500 1
211 501 1
211 510 1
211 613 1
211 616 1
211 623 1
211 648 1
211 702 1
211 754 1
211 793 1
211 798 1
211 804 1
211 831 1
211 856 1
211 906 1
211 923 1
211 930 1
211 958 1
211 1023 1
211 1040 1
211 1087 1
211 1119 1
211 1184 1
211 1194 1
211 1248 1
211 1277 1
211 1288 1
211 1359 1
211 1433 1
211 1435 1
211 1463 1
211 1539 1
211 1591 1
211 1601 1
211 1707 1
211 1723 1
211 1758 1
211 1833 1
211 1834 1
211 1855 1
211 1876 1
211 1881 1
211 1883 1
212 231 1
212 347 1
212 382 1
212 432 1
212 489 1
212 572 1
212 610 1
212 628 1
212 747 1
212 843 1
212 850 1
212 987 1
212 1015 1
212 1055 1
212 1176 1
212 1185 1
212 1278 1
212 1414 1
212 1453 1
212 1478 1
212 1535 1
212 1542 1
212 1600 1
212 1677 1
212 1751 1
212 1755 1
212 1810 1
212 1823 1
212 1832 1
212 1834 1
212 1918 1
212 1925 1
212 1950 1
212 1955 1
212 1959 1
212 1986 1
212 1989 1
212 1993 1
213 253 1
213 259 1
213 361 1
213 400 1
213 496 1
213 524 1
213 541 1
213 543 1
213 560 1
213 612 1
213 678 1
213 711 1
213 727 1
213 775 1
213 793 1
213 865 1
213 921 1
213 1061 1
213 1093 1
213 1127 1
213 1164 1
213 1174 1
213 1211 1
213 1230 1
213 1231 1
213 1243 1
213 1252 1
213 1306 1
213 1429 1
213 1484 1
213 1496 1
213 1505 1
213 1579 1
213 1731 1
213 1760 1
213 1794 1
213 1907 1
213 1916 1
213 1970 1
213 1974 1
214 218 1
214 304 1
214 333 1
214 379 1
214 420 1
214 422 1
214 434 1
214 503 1
214 564 1
214 658 1
214 674 1
214 718 1
214 771 1
214 773 1
214 815 1
214 819 1
214 850 1
214 866 1
214 871 1
214 974 1
214 981 1
214 1017 1
214 1049 1
214 1083 1
214 1084 1
214 1102 1
214 1190 1
214 1207 1
214 1230 1
214 1282 1
214 1292 1
214 1328 1
214 1350 1
214 1392 1
214 1436 1
214 1474 1
214 1502 1
214 1526 1
214 1658 1
214 1696 1
214 1708 1
214 1724 1
214 1825 1
214 1858 1
214 1886 1
214 1911 1
214 1920 1
214 1939 1
214 1969 1
214 1985 1
215 278 1
215 373 1
215 402 1
215 421 1
215 472 1
215 534 1
215 569 1
215 666 1
215 772 1
215 782 1
215 787 1
215 797 1
215 811 1
215 906 1
215 1019 1
215 1031 1
215 1054 1
215 1076 1
215 1106 1
215 1148 1
215 1150 1
215 1228 1
215 1236 1
215 1240 1
215 1275 1
215 1296 1
215 1301 1
215 1308 1
215 1387 1
215 1392 1
215 1517 1
215 1518 1
215 1583 1
215 1686 1
215 1724 1
215 1769 1
215 1795 1
215 1823 1
215 1911 1
215 1996 1
216 230 1
216 249 1
216 318 1
216 341 1
216 375 1
216 378 1
216 382 1
216 433 1
216 527 1
216 573 1
216 649 1
216 651 1
216 697 1
216 735 1
216 806 1
216 859 1
216 861 1
216 871 1
216 888 1
216 905 1
216 908 1
216 963 1
216 1040 1
216 1182 1
216 1191 1
216 1238 1
216 1242 1
216 1258 1
216 1270 1
216 1343 1
216 1344 1
216 1367 1
216 1476 1
216 1639 1
216 1718 1
216 1813 1
216 1847 1
216 1859 1
216 1877 1
216 1907 1
216 1936 1
216 1949 1
216 1969 1
216 1983 1
217 235 1
217 261 1
217 285 1
217 297 1
217 309 1
217 340 1
217 342 1
217 363 1
217 365 1
217 368 1
217 483 1
217 521 1
217 588 1
217 590 1
217 608 1
217 678 1
217 717 1
217 784 1
217 829 1
217 851 1
217 930 1
217 1103 1
217 1125 1
217 1206 1
217 1210 1
217 1212 1
217 1227 1
217 1236 1
217 1285 1
217 1454 1
217 1541 1
217 1592 1
217 1626 1
217 1674 1
217 1741 1
217 1757 1
217 1771 1
217 1899 1
217 1905 1
217 1960 1
218 229 1
218 230 1
218 238 1
218 262 1
218 269 1
218 278 1
218 334 1
218 388 1
218 393 1
218 444 1
218 446 1
218 453 1
218 497 1
218 550 1
218 562 1
218 572 1
218 635 1
218 915 1
218 920 1
218 1028 1
218 1054 1
218 1065 1
218 1105 1
218 1116 1
218 1144 1
218 1181 1
218 1185 1
218 1250 1
218 1256 1
218 1262 1
218 1272 1
218 1309 1
218 1344 1
218 1419 1
218 1457 1
218 1533 1
218 1548 1
218 1629 1
218 1692 1
218 1713 1
218 1729 1
218 1735 1
218 1806 1
218 1879 1
218 1898 1
218 1970 1
219 250 1
219 280 1
219 304 1
219 373 1
219 419 1
219 451 1
219 483 1
219 534 1
219 544 1
219 578 1
219 672 1
219 693 1
219 747 1
219 795 1
219 825 1
219 894 1
219 909 1
219 926 1
219 1025 1
219 1027 1
219 1048 1
219 1056 1
219 1080 1
219 1102 1
219 1222 1
219 1238 1
219 1247 1
219 1253 1
219 1268 1
219 1274 1
219 1283 1
219 1312 1
219 1325 1
219 1331 1
219 1361 1
219 1373 1
219 1375 1
219 1414 1
219 1450 1
219 1461 1
219 1517 1
219 1535 1
219 1593 1
219 1599 1
219 1614 1
219 1629 1
219 1633 1
219 1644 1
219 1721 1
219 1725 1
219 1919 1
219 1930 1
219 1989 1
219 1992 1
220 242 1
220 251 1
220 310 1
220 433 1
220 521 1
220 596 1
220 729 1
220 790 1
220 850 1
220 910 1
220 932 1
220 942 1
220 973 1
220 1072 1
220 1123 1
220 1129 1
220 1212 1
220 1219 1
220 1245 1
220 1297 1
220 1305 1
220 1346 1
220 1381 1
220 1402 1
220 1424 1
220 1433 1
220 1461 1
220 1515 1
220 1545 1
220 1569 1
220 1585 1
220 1598 1
220 1621 1
220 1653 1
220 1659 1
220 1680 1
220 1716 1
220 1759 1
220 1839 1
220 1851 1
220 1871 1
220 1887 1
220 1921 1
220 1929 1
220 1954 1
220 1987 1
221 231 1
221 247 1
221 260 1
221 292 1
221 313 1
221 425 1
221 440 1
221 491 1
221 512 1
221 661 1
221 687 1
221 696 1
221 729 1
221 737 1
221 841 1
221 898 1
221 948 1
221 952 1
221 983 1
221 1023 1
221 1091 1
221 1103 1
221 1124 1
221 1156 1
221 1194 1
221 1240 1
221 1267 1
221 1360 1
221 1401 1
221 1437 1
221 1526 1
221 1552 1
221 1704 1
221 1745 1
221 1797 1
221 1815 1
221 1894 1
221 1940 1
221 1941 1
221 1960 1
221 1974 1
221 1982 1
222 223 1
222 233 1
222 338 1
222 392 1
222 440 1
222 494 1
222 498 1
222 502 1
222 684 1
222 732 1
222 733 1
222 764 1
222 816 1
222 898 1
222 924 1
222 949 1
222 958 1
222 1053 1
222 1057 1
222 1187 1
222 1208 1
222 1225 1
222 1295 1
222 1298 1
222 1341 1
222 1388 1
222 1412 1
222 1446 1
222 1477 1
222 1524 1
222 1527 1
222 1544 1
222 1556 1
222 1585 1
222 1772 1
222 1773 1
222 1788 1
222 1815 1
223 244 1
223 265 1
223 282 1
223 299 1
223 402 1
223 467 1
223 513 1
223 533 1
223 534 1
223 542 1
223 610 1
223 665 1
223 777 1
223 854 1
223 879 1
223 881 1
223 941 1
223 942 1
223 1026 1
223 1032 1
223 1054 1
223 1140 1
223 1174 1
223 1251 1
223 1354 1
223 1367 1
223 1381 1
223 1385 1
223 1430 1
223 1501 1
223 1507 1
223 1520 1
223 1530 1
223 1578 1
223 1605 1
223 1661 1
223 1678 1
223 1711 1
223 1779 1
223 1791 1
223 1842 1
223 1848 1
223 1900 1
223 1930 1
223 1983 1
224 248 1
224 270 1
224 363 1
224 366 1
224 376 1
224 443 1
224 465 1
224 501 1
224 509 1
224 542 1
224 547 1
224 637 1
224 697 1
224 707 1
224 711 1
224 870 1
224 910 1
224 941 1
224 973 1
224 975 1
224 995 1
224 1035 1
224 1082 1
224 1133 1
224 1172 1
224 1185 1
224 1197 1
224 1219 1
224 1271 1
224 1286 1
224 1312 1
224 1357 1
224 1408 1
224 1419 1
224 1437 1
224 1452 1
224 1505 1
224 1545 1
224 1547 1
224 1565 1
224 1575 1
224 1607 1
224 1611 1
224 1621 1
224 1733 1
224 1797 1
224 1815 1
224 1835 1
224 1879 1
224 1914 1
224 1921 1
224 1948 1
224 1960 1
225 254 1
225 348 1
225 503 1
225 504 1
225 649 1
225 665 1
225 691 1
225 700 1
225 710 1
225 771 1
225 873 1
225 933 1
225 996 1
225 1012 1
225 1023 1
225 1054 1
225 1061 1
225 1252 1
225 1268 1
225 1378 1
225 1422 1
225 1493 1
225 1522 1
225 1566 1
225 1600 1
225 1700 1
225 1739 1
225 1791 1
225 1811 1
225 1895 1
225 1928 1
225 1938 1
225 1972 1
226 228 1
226 240 1
226 261 1
226 295 1
226 329 1
226 349 1
226 361 1
226 408 1
226 481 1
226 565 1
226 568 1
226 643 1
226 646 1
226 765 1
226 794 1
226 825 1
226 846 1
226 864 1
226 928 1
226 930 1
226 950 1
226 979 1
226 983 1
226 986 1
226 1087 1
226 1095 1
226 1101 1
226 1106 1
226 1109 1
226 1126 1
226 1153 1
226 1283 1
226 1288 1
226 1291 1
226 1303 1
226 1420 1
226 1456 1
226 1505 1
226 1555 1
226 1672 1
226 1705 1
226 1707 1
226 1718 1
226 1810 1
226 1825 1
226 1852 1
226 1890 1
226 1904 1
226 1977 1
227 262 1
227 288 1
227 347 1
227 353 1
227 375 1
227 398 1
227 442 1
227 446 1
227 456 1
227 462 1
227 466 1
227 480 1
227 518 1
227 556 1
227 592 1
227 626 1
227 677 1
227 795 1
227 818 1
227 847 1
227 883 1
227 1014 1
227 1028 1
227 1036 1
227 1066 1
227 1104 1
227 1113 1
227 1298 1
227 1302 1
227 1304 1
227 1307 1
227 1333 1
227 1340 1
227 1354 1
227 1419 1
227 1423 1
227 1450 1
227 1459 1
227 1472 1
227 1510 1
227 1551 1
227 1572 1
227 1695 1
227 1743 1
227 1780 1
227 1784 1
227 1839 1
227 1862 1
227 1923 1
227 1975 1
227 1987 1
228 240 1
228 249 1
228 322 1
228 323 1
228 391 1
228 393 1
228 439 1
228 480 1
228 505 1
228 560 1
228 588 1
228 610 1
228 628 1
228 655 1
228 674 1
228 724 1
228 754 1
228 782 1
228 814 1
228 835 1
228 836 1
228 858 1
228 972 1
228 977 1
228 998 1
228 1029 1
228 1046 1
228 1052 1
228 1068 1
228 1106 1
228 1112 1
228 1122 1
228 1148 1
228 1151 1
228 1219 1
228 1235 1
228 1342 1
228 1360 1
228 1421 1
228 1442 1
228 1459 1
228 1500 1
228 1506 1
228 1524 1
228 1555 1
228 1577 1
228 1588 1
228 1600 1
228 1622 1
228 1707 1
228 1712 1
228 1732 1
228 1734 1
228 1746 1
228 1818 1
228 1851 1
228 1865 1
228 1924 1
228 1927 1
229 242 1
229 282 1
229 410 1
229 460 1
229 525 1
229 571 1
229 592 1
229 593 1
229 611 1
229 676 1
229 712 1
229 726 1
229 750 1
229 803 1
229 857 1
229 884 1
229 920 1
229 931 1
229 956 1
229 967 1
229 1004 1
229 1050 1
229 1145 1
229 1171 1
229 1222 1
229 1243 1
229 1281 1
229 1301 1
229 1359 1
229 1378 1
229 1430 1
229 1432 1
229 1434 1
229 1469 1
229 1498 1
229 1503 1
229 1530 1
229 1551 1
229 1560 1
229 1580 1
229 1639 1
229 1648 1
229 1680 1
229 1753 1
229 1754 1
229 1791 1
229 1795 1
229 1816 1
229 1871 1
229 1879 1
229 1925 1
230 247 1
230 280 1
230 292 1
230 320 1
230 341 1
230 377 1
230 394 1
230 427 1
230 444 1
230 468 1
230 470 1
230 516 1
230 535 1
230 550 1
230 558 1
230 707 1
230 728 1
230 786 1
230 888 1
230 893 1
230 895 1
230 952 1
230 997 1
230 1001 1
230 1065 1
230 1134 1
230 1149 1
230 1161 1
230 1182 1
230 1216 1
230 1366 1
230 1390 1
230 1469 1
230 1484 1
230 1493 1
230 1509 1
230 1566 1
230 1567 1
230 1589 1
230 1644 1
230 1648 1
230 1695 1
230 1775 1
230 1806 1
230 1814 1
230 1829 1
230 1849 1
230 1911 1
230 1996 1
231 237 1
231 295 1
231 307 1
231 459 1
231 487 1
231 561 1
231 611 1
231 651 1
231 711 1
231 723 1
231 725 1
231 728 1
231 800 1
231 847 1
231 909 1
231 910 1
231 918 1
231 983 1
231 995 1
231 1082 1
231 1234 1
231 1255 1
231 1269 1
231 1272 1
231 1287 1
231 1384 1
231 1421 1
231 1498 1
231 1520 1
231 1523 1
231 1551 1
231 1593 1
231 1631 1
231 1667 1
231 1769 1
231 1782 1
231 1804 1
231 1815 1
231 1816 1
231 1833 1
231 1874 1
231 1881 1
231 1940 1
231 1941 1
231 1968 1
231 1980 1
231 1999 1
232 305 1
232 374 1
232 426 1
232 452 1
232 497 1
232 538 1
232 566 1
232 616 1
232 722 1
232 788 1
232 792 1
232 969 1
232 1104 1
232 1154 1
232 1170 1
232 1178 1
232 1215 1
232 1274 1
232 1290 1
232 1292 1
232 1360 1
232 1389 1
232 1444 1
232 1492 1
232 1520 1
232 1562 1
232 1574 1
232 1577 1
232 1620 1
232 1645 1
232 1694 1
232 1714 1
232 1763 1
232 1817 1
232 1877 1
232 1900 1
232 1934 1
232 1981 1
232 1987 1
233 249 1
233 353 1
233 421 1
233 455 1
233 530 1
233 537 1
233 556 1
233 579 1
233 587 1
233 610 1
233 659 1
233 677 1
233 702 1
233 795 1
233 851 1
233 856 1
233 948 1
233 955 1
233 963 1
233 968 1
233 969 1
233 1023 1
233 1173 1
233 1204 1
233 1311 1
233 1321 1
233 1339 1
233 1525 1
233 1583 1
233 1617 1
233 1675 1
233 1789 1
233 1865 1
233 1872 1
233 1886 1
233 1939 1
233 1959 1
234 236 1
234 306 1
234 335 1
234 423 1
234 459 1
234 488 1
234 501 1
234 536 1
234 563 1
234 589 1
234 591 1
234 654 1
234 687 1
234 699 1
234 728 1
234 742 1
234 744 1
234 747 1
234 749 1
234 752 1
234 835 1
234 836 1
234 1080 1
234 1084 1
234 1143 1
234 1225 1
234 1296 1
234 1318 1
234 1341 1
234 1430 1
234 1523 1
234 1535 1
234 1576 1
234 1673 1
234 1682 1
234 1693 1
234 1698 1
234 1729 1
234 1859 1
234 1921 1
235 268 1
235 278 1
235 372 1
235 493 1
235 504 1
235 555 1
235 559 1
235 560 1
235 565 1
235 578 1
235 589 1
235 618 1
235 698 1
235 734 1
235 741 1
235 794 1
235 911 1
235 922 1
235 1040 1
235 1056 1
235 1077 1
235 1170 1
235 1182 1
235 1204 1
235 1216 1
235 1258 1
235 1295 1
235 1320 1
235 1328 1
235 1333 1
235 1335 1
235 1336 1
235 1344 1
235 1369 1
235 1513 1
235 1559 1
235 1715 1
235 1717 1
235 1719 1
235 1773 1
235 1775 1
235 1800 1
235 1806 1
235 1822 1
235 1863 1
235 1900 1
235 1923 1
235 1961 1
235 1995 1
235 1996 1
236 268 1
236 283 1
236 315 1
236 335 1
236 360 1
236 465 1
236 545 1
236 595 1
236 625 1
236 684 1
236 752 1
236 762 1
236 802 1
236 849 1
236 862 1
236 865 1
236 910 1
236 911 1
236 954 1
236 981 1
236 999 1
236 1066 1
236 1160 1
236 1170 1
236 1207 1
236 1220 1
236 1312 1
236 1344 1
236 1367 1
236 1420 1
236 1441 1
236 1526 1
236 1561 1
236 1596 1
236 1614 1
236 1615 1
236 1691 1
236 1750 1
236 1815 1
236 1816 1
236 1882 1
236 1907 1
236 1940 1
236 1966 1
236 1969 1
236 1977 1
237 286 1
237 543 1
237 552 1
237 553 1
237 557 1
237 598 1
237 608 1
237 674 1
237 702 1
237 810 1
237 813 1
237 888 1
237 901 1
237 904 1
237 909 1
237 1012 1
237 1014 1
237 1019 1
237 1025 1
237 1079 1
237 1100 1
237 1130 1
237 1269 1
237 1275 1
237 1318 1
237 1392 1
237 1436 1
237 1480 1
237 1499 1
237 1603 1
237 1660 1
237 1663 1
237 1684 1
237 1696 1
237 1706 1
237 1727 1
237 1760 1
237 1762 1
237 1819 1
237 1866 1
237 1886 1
237 1905 1
237 1927 1
237 1933 1
237 1953 1
238 250 1
238 262 1
238 360 1
238 363 1
238 383 1
238 468 1
238 487 1
238 526 1
238 553 1
238 559 1
238 712 1
238 787 1
238 822 1
238 903 1
238 926 1
238 955 1
238 977 1
238 1017 1
238 1069 1
238 1143 1
238 1173 1
238 1190 1
238 1288 1
238 1319 1
238 1320 1
238 1344 1
238 1359 1
238 1398 1
238 1439 1
238 1499 1
238 1519 1
238 1568 1
238 1732 1
238 1847 1
238 1905 1
238 1994 1
239 283 1
239 297 1
239 305 1
239 316 1
239 366 1
239 393 1
239 552 1
239 667 1
239 713 1
239 749 1
239 787 1
239 833 1
239 851 1
239 864 1
239 871 1
239 886 1
239 902 1
239 905 1
239 931 1
239 974 1
239 1058 1
239 1078 1
239 1106 1
239 1121 1
239 1145 1
239 1197 1
239 1217 1
239 1244 1
239 1275 1
239 1284 1
239 1289 1
239 1329 1
239 1374 1
239 1466 1
239 1480 1
239 1482 1
239 1566 1
239 1568 1
239 1571 1
239 1590 1
239 1606 1
239 1626 1
239 1694 1
239 1703 1
239 1740 1
239 1774 1
239 1818 1
239 1917 1
240 281 1
240 282 1
240 353 1
240 366 1
240 428 1
240 451 1
240 466 1
240 495 1
240 505 1
240 537 1
240 567 1
240 598 1
240 672 1
240 698 1
240 714 1
240 783 1
240 819 1
240 836 1
240 880 1
240 902 1
240 956 1
240 1028 1
240 1069 1
240 1138 1
240 1146 1
240 1163 1
240 1178 1
240 1202 1
240 1204 1
240 1253 1
240 1258 1
240 1298 1
240 1318 1
240 1370 1
240 1448 1
240 1468 1
240 1469 1
240 1498 1
240 1517 1
240 1536 1
240 1538 1
240 1594 1
240 1608 1
240 1615 1
240 1625 1
240 1629 1
240 1646 1
240 1663 1
240 1705 1
240 1726 1
240 1738 1
240 1748 1
240 1769 1
240 1777 1
240 1828 1
240 1837 1
240 1842 1
240 1887 1
240 1907 1
240 1942 1
240 1950 1
240 1981 1
241 374 1
241 382 1
241 399 1
241 405 1
241 473 1
241 524 1
241 534 1
241 548 1
241 584 1
241 601 1
241 635 1
241 816 1
241 847 1
241 852 1
241 901 1
241 906 1
241 914 1
241 928 1
241 994 1
241 1053 1
241 1126 1
241 1137 1
241 1183 1
241 1199 1
241 1221 1
241 1257 1
241 1259 1
241 1336 1
241 1344 1
241 1354 1
241 1427 1
241 1434 1
241 1435 1
241 1477 1
241 1552 1
241 1592 1
241 1597 1
241 1598 1
241 1652 1
241 1660 1
241 1814 1
241 1815 1
241 1880 1
241 1903 1
241 1919 1
241 1998 1
242 253 1
242 300 1
242 438 1
242 461 1
242 512 1
242 513 1
242 522 1
242 528 1
242 587 1
242 629 1
242 661 1
242 860 1
242 880 1
242 881 1
242 882 1
242 986 1
242 1033 1
242 1055 1
242 1167 1
242 1216 1
242 1226 1
242 1277 1
242 1397 1
242 1481 1
242 1484 1
242 1543 1
242 1560 1
242 1580 1
242 1593 1
242 1693 1
242 1706 1
242 1721 1
242 1788 1
242 1986 1
242 1997 1
243 263 1
243 264 1
243 279 1
243 285 1
243 291 1
243 310 1
243 346 1
243 387 1
243 458 1
243 517 1
243 539 1
243 554 1
243 599 1
243 626 1
243 627 1
243 702 1
243 788 1
243 855 1
243 856 1
243 924 1
243 933 1
243 937 1
243 1066 1
243 1090 1
243 1221 1
243 1241 1
243 1295 1
243 1375 1
243 1397 1
243 1421 1
243 1565 1
243 1637 1
243 1671 1
243 1768 1
243 1788 1
243 1815 1
243 1830 1
243 1872 1
243 1878 1
243 1890 1
243 1898 1
243 1912 1
243 1916 1
243 1937 1
244 334 1
244 409 1
244 527 1
244 540 1
244 630 1
244 631 1
244 632 1
244 672 1
244 761 1
244 762 1
244 919 1
244 1003 1
244 1018 1
244 1084 1
244 1105 1
244 1148 1
244 1225 1
244 1314 1
244 1321 1
244 1381 1
244 1471 1
244 1496 1
244 1546 1
244 1577 1
244 1635 1
244 1676 1
244 1742 1
244 1759 1
244 1804 1
244 1819 1
244 1827 1
244 1879 1
244 1931 1
245 256 1
245 329 1
245 344 1
245 507 1
245 526 1
245 553 1
245 575 1
245 599 1
245 805 1
245 817 1
245 864 1
245 874 1
245 900 1
245 904 1
245 917 1
245 934 1
245 957 1
245 979 1
245 1041 1
245 1051 1
245 1059 1
245 1085 1
245 1240 1
245 1257 1
245 1271 1
245 1434 1
245 1455 1
245 1459 1
245 1546 1
245 1587 1
245 1730 1
245 1777 1
245 1791 1
245 1796 1
245 1801 1
245 1826 1
245 1848 1
245 1851 1
245 1954 1
245 1975 1
246 307 1
246 314 1
246 434 1
246 450 1
246 507 1
246 510 1
246 526 1
246 535 1
246 543 1
246 544 1
246 703 1
246 806 1
246 811 1
246 821 1
246 874 1
246 878 1
246 917 1
246 1027 1
246 1068 1
246 1075 1
246 1092 1
246 1121 1
246 1143 1
246 1161 1
246 1168 1
246 1185 1
246 1217 1
246 1354 1
246 1422 1
246 1435 1
246 1520 1
246 1652 1
246 1899 1
246 1904 1
247 322 1
247 444 1
247 478 1
247 489 1
247 624 1
247 631 1
247 645 1
247 669 1
247 702 1
247 758 1
247 775 1
247 812 1
247 834 1
247 911 1
247 966 1
247 1017 1
247 1077 1
247 1092 1
247 1099 1
247 1141 1
247 1178 1
247 1204 1
247 1298 1
247 1318 1
247 1467 1
247 1525 1
247 1529 1
247 1591 1
247 1608 1
247 1702 1
247 1744 1
247 1751 1
247 1905 1
247 1921 1
248 253 1
248 257 1
248 303 1
248 305 1
248 317 1
248 397 1
248 428 1
248 536 1
248 552 1
248 557 1
248 572 1
248 588 1
248 649 1
248 721 1
248 727 1
248 752 1
248 754 1
248 892 1
248 956 1
248 983 1
248 1037 1
248 1076 1
248 1105 1
248 1133 1
248 1143 1
248 1173 1
248 1187 1
248 1277 1
248 1298 1
248 1437 1
248 1478 1
248 1511 1
248 1524 1
248 1590 1
248 1658 1
248 1671 1
248 1724 1
248 1731 1
248 1834 1
248 1841 1
248 1964 1
248 1969 1
248 1970 1
249 275 1
249 289 1
249 318 1
249 392 1
249 479 1
249 510 1
249 519 1
249 541 1
249 566 1
249 607 1
249 609 1
249 613 1
249 617 1
249 692 1
249 716 1
249 735 1
249 738 1
249 770 1
249 867 1
249 873 1
249 955 1
249 957 1
249 992 1
249 1037 1
249 1152 1
249 1335 1
249 1351 1
249 1373 1
249 1392 1
249 1425 1
249 1428 1
249 1433 1
249 1524 1
249 1544 1
249 1563 1
249 1655 1
249 1682 1
249 1688 1
249 1787 1
249 1814 1
249 1839 1
249 1857 1
249 1950 1
249 1980 1
249 1997 1
250 349 1
250 357 1
250 425 1
250 438 1
250 501 1
250 600 1
250 629 1
250 683 1
250 702 1
250 731 1
250 796 1
250 810 1
250 816 1
250 863 1
250 957 1
250 996 1
250 1003 1
250 1058 1
250 1062 1
250 1065 1
250 1076 1
250 1228 1
250 1256 1
250 1265 1
250 1303 1
250 1361 1
250 1363 1
250 1365 1
250 1433 1
250 1454 1
250 1457 1
250 1459 1
250 1472 1
250 1522 1
250 1559 1
250 1581 1
250 1604 1
250 1622 1
250 1639 1
250 1672 1
250 1822 1
250 1856 1
250 1879 1
250 1883 1
250 1937 1
250 1942 1
250 1974 1
250 1976 1
251 295 1
251 311 1
251 400 1
251 425 1
251 426 1
251 446 1
251 475 1
251 501 1
251 604 1
251 620 1
251 649 1
251 671 1
251 684 1
251 733 1
251 755 1
251 805 1
251 858 1
251 864 1
251 881 1
251 887 1
251 907 1
251 910 1
251 913 1
251 973 1
251 1018 1
251 1063 1
251 1074 1
251 1111 1
251 1180 1
251 1205 1
251 1206 1
251 1220 1
251 1242 1
251 1248 1
251 1337 1
251 1374 1
251 1450 1
251 1485 1
251 1554 1
251 1581 1
251 1657 1
251 1680 1
251 1716 1
251 1741 1
251 1753 1
251 1763 1
251 1804 1
251 1885 1
251 1901 1
251 1943 1
252 272 1
252 314 1
252 369 1
252 393 1
252 472 1
252 552 1
252 574 1
252 616 1
252 630 1
252 649 1
252 653 1
252 745 1
252 768 1
252 775 1
252 818 1
252 877 1
252 985 1
252 999 1
252 1002 1
252 1084 1
252 1153 1
252 1154 1
252 1166 1
252 1209 1
252 1259 1
252 1271 1
252 1300 1
252 1325 1
252 1364 1
252 1371 1
252 1414 1
252 1459 1
252 1498 1
252 1558 1
252 1574 1
252 1594 1
252 1732 1
252 1817 1
252 1906 1
252 1917 1
252 1966 1
252 1976 1
253 276 1
253 469 1
253 523 1
253 755 1
253 766 1
253 914 1
253 918 1
253 923 1
253 926 1
253 936 1
253 937 1
253 947 1
253 1032 1
253 1127 1
253 1144 1
253 1148 1
253 1150 1
253 1166 1
253 1194 1
253 1213 1
253 1265 1
253 1334 1
253 1356 1
253 1379 1
253 1427 1
253 1457 1
253 1537 1
253 1563 1
253 1568 1
253 1608 1
253 1610 1
253 1681 1
253 1697 1
253 1708 1
253 1723 1
253 1786 1
253 1845 1
253 1966 1
253 1971 1
253 1998 1
254 304 1
254 306 1
254 315 1
254 386 1
254 413 1
254 442 1
254 490 1
254 532 1
254 540 1
254 541 1
254 687 1
254 749 1
254 831 1
254 863 1
254 871 1
254 888 1
254 929 1
254 949 1
254 954 1
254 976 1
254 999 1
254 1043 1
254 1084 1
254 1103 1
254 1138 1
254 1214 1
254 1248 1
254 1252 1
254 1266 1
254 1313 1
254 1407 1
254 1416 1
254 1428 1
254 1449 1
254 1467 1
254 1484 1
254 1512 1
254 1535 1
254 1582 1
254 1756 1
254 1890 1
254 1951 1
254 1961 1
255 258 1
255 323 1
255 336 1
255 364 1
255 398 1
255 438 1
255 440 1
255 482 1
255 484 1
255 504 1
255 544 1
255 564 1
255 668 1
255 671 1
255 704 1
255 943 1
255 948 1
255 992 1
255 1007 1
255 1008 1
255 1026 1
255 1122 1
255 1132 1
255 1176 1
255 1211 1
255 1223 1
255 1361 1
255 1377 1
255 1466 1
255 1473 1
255 1477 1
255 1511 1
255 1538 1
255 1641 1
255 1653 1
255 1695 1
255 1703 1
255 1747 1
255 1833 1
255 1922 1
255 1927 1
256 295 1
256 297 1
256 333 1
256 338 1
256 430 1
256 465 1
256 466 1
256 488 1
256 566 1
256 588 1
256 592 1
256 647 1
256 708 1
256 724 1
256 769 1
256 868 1
256 884 1
256 885 1
256 886 1
256 966 1
256 1028 1
256 1042 1
256 1061 1
256 1129 1
256 1152 1
256 1172 1
256 1193 1
256 1204 1
256 1217 1
256 1311 1
256 1398 1
256 1420 1
256 1436 1
256 1499 1
256 1503 1
256 1506 1
256 1560 1
256 1610 1
256 1697 1
256 1704 1
256 1754 1
256 1790 1
256 1830 1
256 1853 1
256 1923 1
256 1981 1
256 1984 1
257 276 1
257 307 1
257 339 1
257 690 1
257 706 1
257 728 1
257 737 1
257 755 1
257 764 1
257 838 1
257 863 1
257 893 1
257 985 1
257 990 1
257 1074 1
257 1082 1
257 1100 1
257 1173 1
257 1210 1
257 1264 1
257 1266 1
257 1318 1
257 1336 1
257 1349 1
257 1399 1
257 1414 1
257 1434 1
257 1519 1
257 1568 1
257 1583 1
257 1609 1
257 1622 1
257 1631 1
257 1634 1
257 1639 1
257 1640 1
257 1728 1
257 1747 1
257 1770 1
257 1796 1
257 1842 1
257 1858 1
257 1956 1
258 299 1
258 326 1
258 331 1
258 391 1
258 400 1
258 401 1
258 420 1
258 480 1
258 523 1
258 539 1
258 551 1
258 554 1
258 580 1
258 630 1
258 644 1
258 793 1
258 859 1
258 865 1
258 1062 1
258 1070 1
258 1086 1
258 1094 1
258 1103 1
258 1207 1
258 1244 1
258 1252 1
258 1254 1
258 1319 1
258 1350 1
258 1378 1
258 1392 1
258 1424 1
258 1456 1
258 1458 1
258 1480 1
258 1569 1
258 1611 1
258 1687 1
258 1731 1
258 1820 1
258 1880 1
258 1887 1
258 1896 1
258 1914 1
258 1969 1
259 271 1
259 272 1
259 323 1
259 337 1
259 353 1
259 356 1
259 358 1
259 372 1
259 378 1
259 524 1
259 529 1
259 537 1
259 599 1
259 651 1
259 655 1
259 714 1
259 784 1
259 790 1
259 834 1
259 841 1
259 984 1
259 996 1
259 1040 1
259 1097 1
259 1109 1
259 1261 1
259 1354 1
259 1372 1
259 1404 1
259 1531 1
259 1569 1
259 1660 1
259 1730 1
259 1791 1
259 1842 1
259 1860 1
259 1868 1
259 1970 1
259 1978 1
260 263 1
260 305 1
260 393 1
260 395 1
260 424 1
260 471 1
260 482 1
260 578 1
260 638 1
260 671 1
260 687 1
260 702 1
260 731 1
260 847 1
260 870 1
260 892 1
260 895 1
260 935 1
260 959 1
260 1041 1
260 1081 1
260 1083 1
260 1136 1
260 1192 1
260 1315 1
260 1316 1
260 1322 1
260 1330 1
260 1481 1
260 1498 1
260 1504 1
260 1528 1
260 1558 1
260 1586 1
260 1587 1
260 1665 1
260 1671 1
260 1688 1
260 1695 1
260 1767 1
260 1885 1
260 1913 1
261 291 1
261 293 1
261 302 1
261 362 1
261 416 1
261 431 1
261 454 1
261 463 1
261 516 1
261 545 1
261 546 1
261 567 1
261 583 1
261 585 1
261 591 1
261 656 1
261 708 1
261 716 1
261 727 1
261 737 1
261 744 1
261 833 1
261 928 1
261 941 1
261 943 1
261 1036 1
261 1086 1
261 1091 1
261 1094 1
261 1107 1
261 1129 1
261 1136 1
261 1160 1
261 1192 1
261 1275 1
261 1296 1
261 1351 1
261 1366 1
261 1392 1
261 1496 1
261 1510 1
261 1517 1
261 1519 1
261 1593 1
261 1625 1
261 1626 1
261 1658 1
261 1703 1
261 1709 1
261 1800 1
261 1881 1
261 1900 1
262 319 1
262 446 1
262 555 1
262 558 1
262 571 1
262 615 1
262 646 1
262 662 1
262 755 1
262 767 1
262 772 1
262 801 1
262 840 1
262 886 1
262 968 1
262 1034 1
262 1063 1
262 1104 1
262 1114 1
262 1165 1
262 1203 1
262 1219 1
262 1260 1
262 1261 1
262 1264 1
262 1339 1
262 1355 1
262 1425 1
262 1451 1
262 1524 1
262 1594 1
262 1673 1
262 1682 1
262 1797 1
262 1824 1
262 1904 1
262 1905 1
262 1934 1
262 1971 1
263 383 1
263 389 1
263 404 1
263 406 1
263 407 1
263 411 1
263 414 1
263 435 1
263 488 1
263 513 1
263 534 1
263 593 1
263 618 1
263 692 1
263 713 1
263 864 1
263 870 1
263 881 1
263 898 1
263 939 1
263 972 1
263 1031 1
263 1055 1
263 1110 1
263 1169 1
263 1179 1
263 1213 1
263 1220 1
263 1251 1
263 1312 1
263 1343 1
263 1374 1
263 1479 1
263 1501 1
263 1613 1
263 1623 1
263 1651 1
263 1654 1
263 1704 1
263 1789 1
263 1832 1
263 1846 1
263 1876 1
263 1934 1
263 1954 1
263 1987 1
264 351 1
264 368 1
264 440 1
264 455 1
264 499 1
264 528 1
264 586 1
264 611 1
264 684 1
264 750 1
264 819 1
264 829 1
264 835 1
264 867 1
264 875 1
264 925 1
264 928 1
264 964 1
264 1025 1
264 1058 1
264 1066 1
264 1098 1
264 1159 1
264 1185 1
264 1217 1
264 1223 1
264 1237 1
264 1247 1
264 1328 1
264 1352 1
264 1367 1
264 1433 1
264 1465 1
264 1510 1
264 1725 1
264 1819 1
264 1847 1
264 1854 1
264 1978 1
264 1982 1
264 1995 1
265 312 1
265 326 1
265 369 1
265 376 1
265 378 1
265 387 1
265 404 1
265 413 1
265 477 1
265 524 1
265 571 1
265 654 1
265 685 1
265 710 1
265 742 1
265 751 1
265 772 1
265 785 1
265 907 1
265 912 1
265 913 1
265 951 1
265 1005 1
265 1123 1
265 1152 1
265 1212 1
265 1223 1
265 1301 1
265 1327 1
265 1355 1
265 1420 1
265 1426 1
265 1427 1
265 1434 1
265 1481 1
265 1568 1
265 1594 1
265 1672 1
265 1700 1
265 1705 1
265 1718 1
265 1738 1
265 1798 1
265 1813 1
265 1838 1
265 1859 1
265 1878 1
265 1886 1
266 398 1
266 495 1
266 531 1
266 534 1
266 535 1
266 551 1
266 632 1
266 649 1
266 667 1
266 695 1
266 724 1
266 733 1
266 770 1
266 771 1
266 856 1
266 877 1
266 891 1
266 914 1
266 926 1
266 982 1
266 990 1
266 999 1
266 1103 1
266 1109 1
266 1120 1
266 1147 1
266 1181 1
266 1186 1
266 1220 1
266 1231 1
266 1315 1
266 1362 1
266 1377 1
266 1493 1
266 1517 1
266 1542 1
266 1550 1
266 1612 1
266 1645 1
266 1647 1
266 1694 1
266 1738 1
266 1757 1
266 1766 1
266 1833 1
266 1853 1
266 1918 1
266 1972 1
266 1982 1
267 274 1
267 279 1
267 324 1
267 366 1
267 371 1
267 397 1
267 427 1
267 432 1
267 520 1
267 523 1
267 526 1
267 530 1
267 542 1
267 708 1
267 724 1
267 742 1
267 747 1
267 752 1
267 771 1
267 891 1
267 901 1
267 1005 1
267 1060 1
267 1094 1
267 1118 1
267 1146 1
267 1151 1
267 1155 1
267 1161 1
267 1185 1
267 1186 1
267 1227 1
267 1236 1
267 1269 1
267 1301 1
267 1397 1
267 1432 1
267 1539 1
267 1613 1
267 1723 1
267 1745 1
267 1778 1
267 1811 1
267 1833 1
267 1847 1
267 1984 1
268 297 1
268 328 1
268 347 1
268 449 1
268 476 1
268 517 1
268 526 1
268 597 1
268 664 1
268 683 1
268 689 1
268 736 1
268 764 1
268 769 1
268 805 1
268 888 1
268 898 1
268 923 1
268 925 1
268 1010 1
268 1030 1
268 1042 1
268 1103 1
268 1132 1
268 1146 1
268 1150 1
268 1165 1
268 1169 1
268 1214 1
268 1235 1
268 1261 1
268 1279 1
268 1304 1
268 1329 1
268 1352 1
268 1365 1
268 1378 1
268 1391 1
268 1394 1
268 1408 1
268 1481 1
268 1482 1
268 1489 1
268 1515 1
268 1584 1
268 1724 1
268 1780 1
268 1788 1
268 1793 1
268 1846 1
268 1913 1
268 1962 1
268 1982 1
268 1994 1
269 279 1
269 291 1
269 339 1
269 346 1
269 379 1
269 401 1
269 440 1
269 447 1
269 471 1
269 472 1
269 476 1
269 495 1
269 609 1
269 630 1
269 639 1
269 648 1
269 687 1
269 738 1
269 845 1
269 902 1
269 914 1
269 964 1
269 982 1
269 1033 1
269 1100 1
269 1116 1
269 1189 1
269 1200 1
269 1253 1
269 1258 1
269 1288 1
269 1343 1
269 1369 1
269 1375 1
269 1376 1
269 1386 1
269 1404 1
269 1407 1
269 1495 1
269 1537 1
269 1575 1
269 1586 1
269 1663 1
269 1679 1
269 1706 1
269 1769 1
269 1788 1
269 1793 1
269 1832 1
269 1843 1
269 1909 1
269 1934 1
269 1976 1
270 273 1
270 330 1
270 333 1
270 358 1
270 364 1
270 380 1
270 525 1
270 536 1
270 538 1
270 544 1
270 545 1
270 560 1
270 669 1
270 756 1
270 761 1
270 827 1
270 844 1
270 866 1
270 920 1
270 950 1
270 953 1
270 1067 1
270 1100 1
270 1125 1
270 1208 1
270 1261 1
270 1279 1
270 1288 1
270 1361 1
270 1522 1
270 1605 1
270 1616 1
270 1620 1
270 1665 1
270 1710 1
270 1740 1
270 1777 1
270 1847 1
270 1927 1
270 1947 1
271 276 1
271 339 1
271 346 1
271 351 1
271 378 1
271 382 1
271 427 1
271 531 1
271 664 1
271 742 1
271 836 1
271 888 1
271 901 1
271 928 1
271 970 1
271 972 1
271 1146 1
271 1148 1
271 1173 1
271 1178 1
271 1214 1
271 1272 1
271 1307 1
271 1337 1
271 1364 1
271 1377 1
271 1480 1
271 1543 1
271 1580 1
271 1603 1
271 1614 1
271 1647 1
271 1673 1
271 1716 1
271 1750 1
271 1765 1
271 1785 1
271 1852 1
271 1881 1
271 1882 1
271 1886 1
271 1972 1
271 1980 1
272 341 1
272 356 1
272 380 1
272 385 1
272 394 1
272 395 1
272 438 1
272 470 1
272 517 1
272 521 1
272 530 1
272 567 1
272 616 1
272 651 1
272 676 1
272 697 1
272 704 1
272 740 1
272 754 1
272 757 1
272 769 1
272 796 1
272 821 1
272 847 1
272 899 1
272 940 1
272 1043 1
272 1119 1
272 1147 1
272 1264 1
272 1293 1
272 1367 1
272 1370 1
272 1372 1
272 1437 1
272 1447 1
272 1511 1
272 1543 1
272 1544 1
272 1572 1
272 1588 1
272 1593 1
272 1603 1
272 1657 1
272 1868 1
272 1905 1
272 1915 1
272 1952 1
272 1954 1
272 2000 1
273 322 1
273 334 1
273 375 1
273 407 1
273 624 1
273 634 1
273 671 1
273 690 1
273 754 1
273 765 1
273 769 1
273 779 1
273 846 1
273 848 1
273 882 1
273 900 1
273 996 1
273 997 1
273 1005 1
273 1093 1
273 1121 1
273 1157 1
273 1299 1
273 1304 1
273 1317 1
273 1334 1
273 1421 1
273 1468 1
273 1476 1
273 1707 1
273 1723 1
273 1732 1
273 1778 1
273 1803 1
273 1877 1
273 1882 1
273 1903 1
273 1916 1
273 1924 1
273 1946 1
274 284 1
274 356 1
274 365 1
274 397 1
274 403 1
274 436 1
274 492 1
274 494 1
274 520 1
274 529 1
274 575 1
274 577 1
274 604 1
274 628 1
274 667 1
274 700 1
274 774 1
274 893 1
274 1010 1
274 1035 1
274 1077 1
274 1131 1
274 1147 1
274 1207 1
274 1218 1
274 1253 1
274 1358 1
274 1420 1
274 1495 1
274 1524 1
274 1562 1
274 1565 1
274 1583 1
274 1608 1
274 1651 1
274 1656 1
274 1694 1
274 1828 1
274 1843 1
274 1876 1
274 1940 1
274 1948 1
274 1962 1
275 310 1
275 420 1
275 476 1
275 485 1
275 551 1
275 573 1
275 657 1
275 823 1
275 910 1
275 921 1
275 978 1
275 979 1
275 1001 1
275 1025 1
275 1028 1
275 1078 1
275 1080 1
275 1149 1
275 1163 1
275 1221 1
275 1253 1
275 1276 1
275 1323 1
275 1339 1
275 1358 1
275 1396 1
275 1587 1
275 1595 1
275 1762 1
275 1767 1
275 1831 1
275 1868 1
275 1882 1
275 1898 1
275 1937 1
275 1962 1
275 1969 1
275 1981 1
276 318 1
276 519 1
276 551 1
276 572 1
276 639 1
276 650 1
276 675 1
276 764 1
276 780 1
276 813 1
276 862 1
276 886 1
276 929 1
276 938 1
276 947 1
276 1017 1
276 1033 1
276 1112 1
276 1125 1
276 1140 1
276 1261 1
276 1376 1
276 1404 1
276 1405 1
276 1437 1
276 1523 1
276 1531 1
276 1547 1
276 1561 1
276 1598 1
276 1645 1
276 1706 1
276 1757 1
276 1770 1
276 1779 1
276 1782 1
276 1800 1
276 1805 1
276 1846 1
276 1852 1
276 1929 1
277 411 1
277 419 1
277 538 1
277 543 1
277 551 1
277 580 1
277 647 1
277 648 1
277 701 1
277 717 1
277 718 1
277 773 1
277 777 1
277 789 1
277 803 1
277 919 1
277 1017 1
277 1024 1
277 1044 1
277 1183 1
277 1272 1
277 1277 1
277 1288 1
277 1327 1
277 1332 1
277 1359 1
277 1375 1
277 1395 1
277 1398 1
277 1440 1
277 1448 1
277 1455 1
277 1539 1
277 1556 1
277 1564 1
277 1586 1
277 1603 1
277 1637 1
277 1694 1
277 1773 1
277 1802 1
277 1827 1
277 1833 1
277 1847 1
277 1908 1
277 1973 1
277 1988 1
278 301 1
278 324 1
278 347 1
278 396 1
278 489 1
278 491 1
278 579 1
278 633 1
278 685 1
278 693 1
278 717 1
278 727 1
278 739 1
278 749 1
278 804 1
278 813 1
278 827 1
278 835 1
278 903 1
278 1099 1
278 1113 1
278 1162 1
278 1164 1
278 1183 1
278 1210 1
278 1220 1
278 1265 1
278 1305 1
278 1319 1
278 1349 1
278 1405 1
278 1541 1
278 1588 1
278 1662 1
278 1678 1
278 1781 1
278 1836 1
278 1859 1
278 1903 1
278 1921 1
279 280 1
279 299 1
279 314 1
279 331 1
279 398 1
279 455 1
279 545 1
279 614 1
279 640 1
279 693 1
279 711 1
279 714 1
279 719 1
279 745 1
279 747 1
279 773 1
279 803 1
279 819 1
279 850 1
279 889 1
279 902 1
279 963 1
279 1013 1
279 1019 1
279 1033 1
279 1054 1
279 1113 1
279 1164 1
279 1180 1
279 1396 1
279 1419 1
279 1497 1
279 1503 1
279 1524 1
279 1537 1
279 1667 1
279 1770 1
279 1796 1
279 1847 1
279 1876 1
279 1947 1
279 1982 1
280 291 1
280 296 1
280 325 1
280 371 1
280 372 1
280 403 1
280 493 1
280 587 1
280 614 1
280 658 1
280 745 1
280 766 1
280 771 1
280 782 1
280 791 1
280 828 1
280 882 1
280 887 1
280 916 1
280 936 1
280 1103 1
280 1112 1
280 1183 1
280 1200 1
280 1255 1
280 1296 1
280 1328 1
280 1373 1
280 1446 1
280 1474 1
280 1493 1
280 1497 1
280 1509 1
280 1556 1
280 1568 1
280 1805 1
280 1826 1
280 1874 1
280 1942 1
280 1961 1
281 438 1
281 498 1
281 583 1
281 655 1
281 777 1
281 951 1
281 984 1
281 1055 1
281 1089 1
281 1112 1
281 1124 1
281 1165 1
281 1222 1
281 1249 1
281 1252 1
281 1287 1
281 1300 1
281 1304 1
281 1331 1
281 1352 1
281 1414 1
281 1428 1
281 1525 1
281 1539 1
281 1590 1
281 1596 1
281 1637 1
281 1735 1
281 1766 1
281 1973 1
281 1979 1
282 285 1
282 358 1
282 395 1
282 447 1
282 463 1
282 493 1
282 503 1
282 523 1
282 613 1
282 658 1
282 750 1
282 786 1
282 825 1
282 991 1
282 1006 1
282 1071 1
282 1087 1
282 1091 1
282 1101 1
282 1128 1
282 1138 1
282 1149 1
282 1151 1
282 1205 1
282 1290 1
282 1317 1
282 1379 1
282 1394 1
282 1404 1
282 1414 1
282 1478 1
282 1516 1
282 1533 1
282 1572 1
282 1593 1
282 1756 1
282 1816 1
282 1880 1
283 384 1
283 396 1
283 430 1
283 501 1
283 578 1
283 604 1
283 645 1
283 655 1
283 691 1
283 728 1
283 782 1
283 838 1
283 841 1
283 907 1
283 909 1
283 921 1
283 952 1
283 966 1
283 1044 1
283 1100 1
283 1124 1
283 1126 1
283 1145 1
283 1211 1
283 1219 1
283 1233 1
283 1365 1
283 1454 1
283 1492 1
283 1605 1
283 1691 1
283 1698 1
283 1727 1
283 1755 1
283 1840 1
283 1842 1
283 1866 1
284 324 1
284 342 1
284 350 1
284 428 1
284 440 1
284 449 1
284 451 1
284 493 1
284 501 1
284 513 1
284 559 1
284 572 1
284 578 1
284 647 1
284 708 1
284 740 1
284 819 1
284 821 1
284 875 1
284 890 1
284 895 1
284 903 1
284 955 1
284 962 1
284 963 1
284 974 1
284 1115 1
284 1123 1
284 1297 1
284 1301 1
284 1304 1
284 1347 1
284 1364 1
284 1390 1
284 1414 1
284 1492 1
284 1517 1
284 1572 1
284 1599 1
284 1602 1
284 1615 1
284 1616 1
284 1640 1
284 1747 1
284 1782 1
284 1786 1
284 1884 1
284 1905 1
284 1954 1
284 1995 1
285 306 1
285 308 1
285 314 1
285 316 1
285 364 1
285 445 1
285 450 1
285 553 1
285 592 1
285 608 1
285 621 1
285 657 1
285 720 1
285 731 1
285 758 1
285 791 1
285 820 1
285 907 1
285 971 1
285 1026 1
285 1059 1
285 1082 1
285 1105 1
285 1122 1
285 1178 1
285 1212 1
285 1222 1
285 1238 1
285 1282 1
285 1296 1
285 1304 1
285 1334 1
285 1381 1
285 1382 1
285 1419 1
285 1560 1
285 1563 1
285 1674 1
285 1720 1
285 1727 1
285 1728 1
285 1788 1
285 1798 1
285 1868 1
285 1899 1
286 292 1
286 299 1
286 342 1
286 368 1
286 370 1
286 421 1
286 429 1
286 508 1
286 627 1
286 695 1
286 701 1
286 747 1
286 774 1
286 805 1
286 841 1
286 909 1
286 927 1
286 1014 1
286 1028 1
286 1052 1
286 1149 1
286 1152 1
286 1181 1
286 1205 1
286 1213 1
286 1253 1
286 1300 1
286 1315 1
286 1403 1
286 1416 1
286 1437 1
286 1447 1
286 1458 1
286 1563 1
286 1672 1
286 1698 1
286 1771 1
286 1806 1
286 1884 1
286 1947 1
286 1959 1
286 1980 1
287 296 1
287 324 1
287 343 1
287 475 1
287 481 1
287 540 1
287 556 1
287 577 1
287 659 1
287 661 1
287 751 1
287 798 1
287 799 1
287 863 1
287 899 1
287 918 1
287 984 1
287 995 1
287 1005 1
287 1081 1
287 1176 1
287 1181 1
287 1189 1
287 1284 1
287 1427 1
287 1430 1
287 1465 1
287 1471 1
287 1484 1
287 1509 1
287 1515 1
287 1539 1
287 1583 1
287 1648 1
287 1651 1
287 1689 1
287 1713 1
287 1731 1
287 1851 1
287 1879 1
287 1921 1
287 1938 1
287 1950 1
288 289 1
288 301 1
288 319 1
288 324 1
288 361 1
288 442 1
288 448 1
288 470 1
288 472 1
288 484 1
288 519 1
288 542 1
288 553 1
288 611 1
288 737 1
288 754 1
288 785 1
288 824 1
288 895 1
288 900 1
288 936 1
288 985 1
288 991 1
288 996 1
288 1064 1
288 1151 1
288 1235 1
288 1277 1
288 1329 1
288 1429 1
288 1459 1
288 1479 1
288 1501 1
288 1508 1
288 1541 1
288 1543 1
288 1584 1
288 1668 1
288 1674 1
288 1691 1
288 1743 1
288 1829 1
288 1896 1
288 1955 1
288 1980 1
288 1981 1
289 314 1
289 315 1
289 319 1
289 346 1
289 349 1
289 373 1
289 391 1
289 444 1
289 447 1
289 471 1
289 518 1
289 523 1
289 570 1
289 592 1
289 601 1
289 638 1
289 652 1
289 671 1
289 678 1
289 684 1
289 708 1
289 743 1
289 820 1
289 832 1
289 849 1
289 850 1
289 892 1
289 945 1
289 1028 1
289 1044 1
289 1175 1
289 1203 1
289 1222 1
289 1229 1
289 1238 1
289 1268 1
289 1283 1
289 1284 1
289 1304 1
289 1464 1
289 1472 1
289 1505 1
289 1554 1
289 1565 1
289 1652 1
289 1653 1
289 1663 1
289 1703 1
289 1718 1
289 1740 1
289 1797 1
289 1815 1
289 1852 1
289 1888 1
289 1928 1
289 1933 1
289 1995 1
290 295 1
290 430 1
290 488 1
290 509 1
290 529 1
290 578 1
290 667 1
290 679 1
290 712 1
290 742 1
290 842 1
290 861 1
290 885 1
290 886 1
290 910 1
290 925 1
290 961 1
290 1044 1
290 1077 1
290 1136 1
290 1209 1
290 1293 1
290 1319 1
290 1356 1
290 1375 1
290 1422 1
290 1555 1
290 1600 1
290 1619 1
290 1624 1
290 1638 1
290 1729 1
290 1792 1
290 1809 1
290 1837 1
290 1858 1
290 1921 1
290 1950 1
290 1985 1
291 342 1
291 354 1
291 412 1
291 420 1
291 632 1
291 704 1
291 854 1
291 885 1
291 990 1
291 1048 1
291 1050 1
291 1104 1
291 1232 1
291 1245 1
291 1264 1
291 1308 1
291 1332 1
291 1416 1
291 1462 1
291 1496 1
291 1519 1
291 1577 1
291 1595 1
291 1609 1
291 1640 1
291 1647 1
291 1708 1
291 1824 1
291 1874 1
291 1875 1
291 1933 1
291 1964 1
291 1966 1
291 1975 1
291 1981 1
292 329 1
292 345 1
292 347 1
292 473 1
292 499 1
292 633 1
292 755 1
292 765 1
292 796 1
292 946 1
292 948 1
292 1004 1
292 1034 1
292 1136 1
292 1190 1
292 1365 1
292 1372 1
292 1375 1
292 1523 1
292 1569 1
292 1674 1
292 1748 1
292 1763 1
292 1768 1
292 1811 1
292 1825 1
292 1836 1
292 1877 1
292 1957 1
293 367 1
293 402 1
293 407 1
293 414 1
293 423 1
293 452 1
293 538 1
293 567 1
293 594 1
293 604 1
293 616 1
293 661 1
293 662 1
293 672 1
293 690 1
293 692 1
293 720 1
293 750 1
293 774 1
293 779 1
293 812 1
293 863 1
293 883 1
293 891 1
293 896 1
293 923 1
293 931 1
293 940 1
293 958 1
293 960 1
293 970 1
293 977 1
293 992 1
293 1008 1
293 1088 1
293 1158 1
293 1200 1
293 1300 1
293 1318 1
293 1343 1
293 1378 1
293 1401 1
293 1415 1
293 1425 1
293 1600 1
293 1649 1
293 1687 1
293 1700 1
293 1714 1
293 1741 1
293 1839 1
293 1859 1
293 1918 1
293 1989 1
294 319 1
294 327 1
294 500 1
294 513 1
294 561 1
294 589 1
294 610 1
294 651 1
294 673 1
294 710 1
294 739 1
294 754 1
294 756 1
294 795 1
294 797 1
294 852 1
294 896 1
294 898 1
294 932 1
294 1011 1
294 1183 1
294 1229 1
294 1306 1
294 1355 1
294 1369 1
294 1391 1
294 1408 1
294 1413 1
294 1444 1
294 1493 1
294 1586 1
294 1614 1
294 1650 1
294 1693 1
294 1704 1
294 1724 1
294 1742 1
294 1785 1
294 1809 1
294 1898 1
294 1960 1
294 1991 1
295 347 1
295 410 1
295 427 1
295 449 1
295 471 1
295 524 1
295 597 1
295 614 1
295 616 1
295 630 1
295 691 1
295 716 1
295 882 1
295 884 1
295 927 1
295 1097 1
295 1104 1
295 1116 1
295 1122 1
295 1145 1
295 1186 1
295 1190 1
295 1219 1
295 1297 1
295 1373 1
295 1440 1
295 1475 1
295 1517 1
295 1560 1
295 1597 1
295 1598 1
295 1605 1
295 1626 1
295 1629 1
295 1650 1
295 1715 1
295 1938 1
295 1964 1
295 1983 1
296 308 1
296 320 1
296 355 1
296 360 1
296 381 1
296 403 1
296 447 1
296 461 1
296 467 1
296 514 1
296 595 1
296 777 1
296 783 1
296 830 1
296 908 1
296 994 1
296 1086 1
296 1132 1
296 1157 1
296 1161 1
296 1181 1
296 1221 1
296 1306 1
296 1318 1
296 1417 1
296 1444 1
296 1482 1
296 1503 1
296 1514 1
296 1565 1
296 1628 1
296 1807 1
296 1840 1
296 1875 1
296 1880 1
297 315 1
297 317 1
297 368 1
297 374 1
297 380 1
297 423 1
297 441 1
297 457 1
297 462 1
297 506 1
297 507 1
297 600 1
297 631 1
297 639 1
297 705 1
297 733 1
297 764 1
297 781 1
297 791 1
297 900 1
297 1096 1
297 1109 1
297 1177 1
297 1190 1
297 1229 1
297 1261 1
297 1263 1
297 1269 1
297 1340 1
297 1346 1
297 1514 1
297 1543 1
297 1561 1
297 1590 1
297 1678 1
297 1726 1
297 1843 1
297 1877 1
297 1928 1
297 1932 1
297 1937 1
297 1950 1
298 326 1
298 346 1
298 357 1
298 452 1
298 472 1
298 541 1
298 548 1
298 552 1
298 563 1
298 585 1
298 604 1
298 642 1
298 645 1
298 780 1
298 781 1
298 790 1
298 906 1
298 936 1
298 979 1
298 984 1
298 999 1
298 1018 1
298 1073 1
298 1145 1
298 1200 1
298 1236 1
298 1273 1
298 1298 1
298 1305 1
298 1350 1
298 1354 1
298 1391 1
298 1415 1
298 1447 1
298 1458 1
298 1462 1
298 1520 1
298 1546 1
298 1603 1
298 1608 1
298 1634 1
298 1745 1
298 1755 1
298 1777 1
298 1808 1
298 1816 1
298 1830 1
298 1833 1
298 1867 1
299 352 1
299 372 1
299 396 1
299 424 1
299 475 1
299 478 1
299 509 1
299 523 1
299 577 1
299 642 1
299 692 1
299 700 1
299 744 1
299 745 1
299 799 1
299 837 1
299 840 1
299 883 1
299 925 1
299 931 1
299 932 1
299 933 1
299 1027 1
299 1033 1
299 1077 1
299 1148 1
299 1269 1
299 1300 1
299 1310 1
299 1397 1
299 1458 1
299 1519 1
299 1537 1
299 1552 1
299 1677 1
299 1681 1
299 1702 1
299 1800 1
299 1842 1
299 1880 1
299 1897 1
299 1935 1
299 1945 1
299 1960 1
299 1997 1
300 353 1
300 429 1
300 452 1
300 465 1
300 537 1
300 552 1
300 588 1
300 708 1
300 737 1
300 782 1
300 895 1
300 1073 1
300 1078 1
300 1104 1
300 1170 1
300 1174 1
300 1194 1
300 1252 1
300 1253 1
300 1309 1
300 1321 1
300 1359 1
300 1427 1
300 1505 1
300 1510 1
300 1554 1
300 1561 1
300 1585 1
300 1656 1
300 1740 1
300 1756 1
300 1849 1
300 1877 1
300 1982 1
301 335 1
301 383 1
301 423 1
301 440 1
301 490 1
301 537 1
301 552 1
301 580 1
301 586 1
301 630 1
301 637 1
301 690 1
301 705 1
301 707 1
301 723 1
301 870 1
301 872 1
301 913 1
301 965 1
301 974 1
301 1018 1
301 1019 1
301 1043 1
301 1085 1
301 1096 1
301 1121 1
301 1160 1
301 1238 1
301 1322 1
301 1401 1
301 1444 1
301 1454 1
301 1540 1
301 1574 1
301 1597 1
301 1615 1
301 1686 1
301 1707 1
301 1710 1
301 1740 1
301 1788 1
301 1813 1
301 1816 1
301 1878 1
301 1928 1
301 1950 1
301 1959 1
302 310 1
302 353 1
302 354 1
302 380 1
302 416 1
302 455 1
302 480 1
302 488 1
302 496 1
302 560 1
302 591 1
302 596 1
302 624 1
302 669 1
302 675 1
302 785 1
302 802 1
302 820 1
302 876 1
302 890 1
302 907 1
302 909 1
302 926 1
302 999 1
302 1062 1
302 1072 1
302 1074 1
302 1123 1
302 1133 1
302 1135 1
302 1137 1
302 1155 1
302 1160 1
302 1190 1
302 1328 1
302 1338 1
302 1390 1
302 1451 1
302 1464 1
302 1477 1
302 1495 1
302 1529 1
302 1562 1
302 1584 1
302 1686 1
302 1697 1
302 1724 1
302 1750 1
302 1763 1
302 1785 1
302 1794 1
302 1798 1
302 1844 1
302 1847 1
302 1872 1
302 1880 1
302 1885 1
302 1894 1
302 1920 1
302 1942 1
303 313 1
303 386 1
303 440 1
303 442 1
303 522 1
303 528 1
303 610 1
303 639 1
303 671 1
303 760 1
303 801 1
303 818 1
303 828 1
303 852 1
303 889 1
303 1008 1
303 1057 1
303 1072 1
303 1215 1
303 1226 1
303 1240 1
303 1244 1
303 1251 1
303 1340 1
303 1583 1
303 1683 1
303 1709 1
303 1755 1
303 1824 1
303 1831 1
303 1895 1
303 1896 1
303 1903 1
303 1950 1
303 1973 1
304 320 1
304 456 1
304 548 1
304 592 1
304 654 1
304 717 1
304 732 1
304 755 1
304 796 1
304 801 1
304 825 1
304 826 1
304 832 1
304 876 1
304 1030 1
304 1036 1
304 1040 1
304 1069 1
304 1188 1
304 1209 1
304 1237 1
304 1306 1
304 1321 1
304 1348 1
304 1406 1
304 1418 1
304 1440 1
304 1464 1
304 1500 1
304 1515 1
304 1552 1
304 1564 1
304 1614 1
304 1664 1
304 1669 1
304 1670 1
304 1699 1
304 1757 1
304 1867 1
304 1906 1
304 1951 1
305 341 1
305 388 1
305 455 1
305 494 1
305 605 1
305 710 1
305 712 1
305 805 1
305 817 1
305 840 1
305 842 1
305 856 1
305 901 1
305 993 1
305 996 1
305 1003 1
305 1007 1
305 1124 1
305 1223 1
305 1244 1
305 1250 1
305 1264 1
305 1283 1
305 1286 1
305 1310 1
305 1351 1
305 1372 1
305 1383 1
305 1392 1
305 1407 1
305 1483 1
305 1485 1
305 1498 1
305 1513 1
305 1571 1
305 1667 1
305 1709 1
305 1777 1
305 1798 1
305 1846 1
305 1887 1
305 1932 1
305 1965 1
305 1998 1
306 353 1
306 468 1
306 510 1
306 572 1
306 578 1
306 580 1
306 581 1
306 617 1
306 657 1
306 684 1
306 703 1
306 714 1
306 905 1
306 1035 1
306 1080 1
306 1114 1
306 1126 1
306 1127 1
306 1160 1
306 1251 1
306 1289 1
306 1291 1
306 1305 1
306 1314 1
306 1349 1
306 1361 1
306 1429 1
306 1451 1
306 1452 1
306 1524 1
306 1672 1
306 1691 1
306 1745 1
306 1854 1
306 1861 1
306 1887 1
306 1897 1
306 1902 1
306 1924 1
307 314 1
307 324 1
307 406 1
307 417 1
307 424 1
307 470 1
307 474 1
307 528 1
307 572 1
307 590 1
307 592 1
307 599 1
307 645 1
307 718 1
307 751 1
307 775 1
307 992 1
307 1001 1
307 1010 1
307 1030 1
307 1035 1
307 1038 1
307 1101 1
307 1107 1
307 1112 1
307 1159 1
307 1240 1
307 1317 1
307 1388 1
307 1402 1
307 1416 1
307 1422 1
307 1425 1
307 1441 1
307 1488 1
307 1504 1
307 1555 1
307 1573 1
307 1582 1
307 1585 1
307 1676 1
307 1714 1
307 1742 1
307 1753 1
307 1890 1
307 1984 1
307 2000 1
308 360 1
308 509 1
308 620 1
308 668 1
308 688 1
308 726 1
308 785 1
308 824 1
308 857 1
308 877 1
308 968 1
308 1070 1
308 1121 1
308 1151 1
308 1161 1
308 1213 1
308 1243 1
308 1251 1
308 1402 1
308 1414 1
308 1452 1
308 1541 1
308 1551 1
308 1583 1
308 1620 1
308 1642 1
308 1715 1
308 1770 1
308 1840 1
308 1924 1
308 1936 1
308 1964 1
309 320 1
309 426 1
309 428 1
309 429 1
309 434 1
309 534 1
309 548 1
309 656 1
309 713 1
309 789 1
309 833 1
309 838 1
309 916 1
309 1056 1
309 1096 1
309 1151 1
309 1169 1
309 1314 1
309 1317 1
309 1375 1
309 1380 1
309 1403 1
309 1443 1
309 1464 1
309 1521 1
309 1523 1
309 1545 1
309 1579 1
309 1591 1
309 1597 1
309 1619 1
309 1625 1
309 1710 1
309 1778 1
309 1934 1
309 1995 1
310 325 1
310 337 1
310 451 1
310 454 1
310 478 1
310 602 1
310 622 1
310 664 1
310 691 1
310 696 1
310 760 1
310 777 1
310 784 1
310 857 1
310 859 1
310 986 1
310 998 1
310 1006 1
310 1053 1
310 1087 1
310 1088 1
310 1090 1
310 1145 1
310 1166 1
310 1183 1
310 1239 1
310 1268 1
310 1343 1
310 1399 1
310 1487 1
310 1495 1
310 1515 1
310 1542 1
310 1557 1
310 1615 1
310 1718 1
310 1784 1
310 1823 1
310 1835 1
310 1844 1
310 1864 1
310 1882 1
310 1917 1
310 1963 1
310 1964 1
311 388 1
311 413 1
311 436 1
311 462 1
311 518 1
311 520 1
311 545 1
311 550 1
311 569 1
311 574 1
311 668 1
311 767 1
311 788 1
311 880 1
311 927 1
311 928 1
311 941 1
311 951 1
311 992 1
311 993 1
311 1065 1
311 1111 1
311 1126 1
311 1169 1
311 1210 1
311 1214 1
311 1259 1
311 1273 1
311 1294 1
311 1299 1
311 1377 1
311 1378 1
311 1382 1
311 1396 1
311 1443 1
311 1476 1
311 1541 1
311 1542 1
311 1545 1
311 1569 1
311 1575 1
311 1590 1
311 1605 1
311 1608 1
311 1621 1
311 1663 1
311 1777 1
311 1785 1
311 1819 1
311 1955 1
312 314 1
312 382 1
312 464 1
312 487 1
312 489 1
312 493 1
312 496 1
312 605 1
312 622 1
312 635 1
312 668 1
312 732 1
312 845 1
312 891 1
312 920 1
312 980 1
312 1014 1
312 1020 1
312 1026 1
312 1076 1
312 1200 1
312 1207 1
312 1235 1
312 1246 1
312 1348 1
312 1426 1
312 1459 1
312 1476 1
312 1514 1
312 1538 1
312 1580 1
312 1705 1
312 1742 1
312 1757 1
312 1758 1
312 1774 1
312 1776 1
312 1951 1
313 320 1
313 333 1
313 438 1
313 465 1
313 534 1
313 600 1
313 613 1
313 631 1
313 658 1
313 683 1
313 848 1
313 931 1
313 992 1
313 1005 1
313 1025 1
313 1083 1
313 1127 1
313 1139 1
313 1174 1
313 1184 1
313 1204 1
313 1229 1
313 1242 1
313 1286 1
313 1328 1
313 1415 1
313 1426 1
313 1476 1
313 1605 1
313 1618 1
313 1630 1
313 1637 1
313 1651 1
313 1660 1
313 1690 1
313 1718 1
313 1763 1
313 1775 1
313 1834 1
313 1987 1
314 316 1
314 321 1
314 390 1
314 407 1
314 418 1
314 453 1
314 520 1
314 541 1
314 560 1
314 562 1
314 566 1
314 572 1
314 583 1
314 604 1
314 665 1
314 689 1
314 706 1
314 714 1
314 735 1
314 773 1
314 799 1
314 874 1
314 875 1
314 898 1
314 923 1
314 988 1
314 998 1
314 1047 1
314 1065 1
314 1115 1
314 1136 1
314 1168 1
314 1192 1
314 1216 1
314 1256 1
314 1318 1
314 1335 1
314 1344 1
314 1396 1
314 1448 1
314 1453 1
314 1517 1
314 1554 1
314 1600 1
314 1610 1
314 1628 1
314 1704 1
314 1772 1
314 1787 1
314 1793 1
314 1817 1
314 1856 1
314 1887 1
314 1946 1
314 1988 1
314 1995 1
315 412 1
315 457 1
315 469 1
315 494 1
315 514 1
315 537 1
315 558 1
315 566 1
315 633 1
315 651 1
315 658 1
315 718 1
315 719 1
315 731 1
315 747 1
315 750 1
315 767 1
315 790 1
315 801 1
315 852 1
315 861 1
315 873 1
315 911 1
315 919 1
315 936 1
315 1070 1
315 1109 1
315 1112 1
315 1167 1
315 1182 1
315 1260 1
315 1305 1
315 1312 1
315 1319 1
315 1436 1
315 1452 1
315 1470 1
315 1544 1
315 1554 1
315 1568 1
315 1654 1
315 1713 1
315 1725 1
315 1732 1
315 1783 1
315 1786 1
315 1793 1
315 1803 1
315 1841 1
315 1868 1
315 1871 1
315 1884 1
315 1954 1
316 337 1
316 367 1
316 516 1
316 555 1
316 559 1
316 590 1
316 624 1
316 648 1
316 739 1
316 815 1
316 856 1
316 857 1
316 861 1
316 1080 1
316 1176 1
316 1190 1
316 1264 1
316 1303 1
316 1421 1
316 1449 1
316 1570 1
316 1578 1
316 1595 1
316 1608 1
316 1655 1
316 1657 1
316 1712 1
316 1786 1
316 1975 1
316 1976 1
316 1988 1
317 372 1
317 419 1
317 559 1
317 600 1
317 676 1
317 681 1
317 692 1
317 723 1
317 796 1
317 892 1
317 939 1
317 955 1
317 972 1
317 985 1
317 1021 1
317 1033 1
317 1038 1
317 1039 1
317 1066 1
317 1075 1
317 1209 1
317 1330 1
317 1475 1
317 1485 1
317 1528 1
317 1581 1
317 1585 1
317 1627 1
317 1748 1
317 1750 1
317 1831 1
317 1906 1
317 1954 1
317 1959 1
317 1964 1
318 322 1
318 410 1
318 422 1
318 501 1
318 561 1
318 633 1
318 656 1
318 742 1
318 781 1
318 789 1
318 823 1
318 852 1
318 865 1
318 900 1
318 905 1
318 931 1
318 969 1
318 1035 1
318 1069 1
318 1129 1
318 1175 1
318 1216 1
318 1279 1
318 1319 1
318 1357 1
318 1365 1
318 1380 1
318 1391 1
318 1488 1
318 1570 1
318 1651 1
318 1656 1
318 1672 1
318 1676 1
318 1725 1
318 1749 1
318 1784 1
318 1791 1
318 1831 1
318 1833 1
318 1884 1
318 1889 1
318 1928 1
318 1992 1
319 416 1
319 450 1
319 454 1
319 577 1
319 632 1
319 712 1
319 716 1
319 818 1
319 856 1
319 880 1
319 909 1
319 946 1
319 999 1
319 1000 1
319 1071 1
319 1076 1
319 1087 1
319 1096 1
319 1113 1
319 1126 1
319 1205 1
319 1238 1
319 1271 1
319 1354 1
319 1371 1
319 1382 1
319 1416 1
319 1464 1
319 1522 1
319 1672 1
319 1736 1
319 1850 1
319 1959 1
319 1984 1
320 363 1
320 386 1
320 452 1
320 520 1
320 548 1
320 558 1
320 620 1
320 651 1
320 697 1
320 765 1
320 828 1
320 909 1
320 951 1
320 964 1
320 992 1
320 1021 1
320 1044 1
320 1058 1
320 1064 1
320 1077 1
320 1094 1
320 1101 1
320 1114 1
320 1197 1
320 1221 1
320 1256 1
320 1283 1
320 1294 1
320 1333 1
320 1339 1
320 1354 1
320 1359 1
320 1374 1
320 1400 1
320 1413 1
320 1558 1
320 1617 1
320 1644 1
320 1678 1
320 1734 1
320 1843 1
320 1853 1
320 1867 1
320 1872 1
320 1879 1
320 1896 1
320 1920 1
320 1945 1
321 327 1
321 369 1
321 371 1
321 491 1
321 617 1
321 716 1
321 725 1
321 766 1
321 826 1
321 860 1
321 906 1
321 957 1
321 978 1
321 1036 1
321 1051 1
321 1100 1
321 1158 1
321 1250 1
321 1405 1
321 1515 1
321 1632 1
321 1644 1
321 1649 1
321 1667 1
321 1713 1
321 1782 1
321 1892 1
321 1894 1
321 1951 1
322 360 1
322 396 1
322 458 1
322 476 1
322 511 1
322 523 1
322 527 1
322 613 1
322 615 1
322 643 1
322 682 1
322 751 1
322 759 1
322 787 1
322 819 1
322 827 1
322 904 1
322 998 1
322 1037 1
322 1113 1
322 1151 1
322 1153 1
322 1200 1
322 1204 1
322 1210 1
322 1215 1
322 1218 1
322 1236 1
322 1277 1
322 1369 1
322 1370 1
322 1394 1
322 1398 1
322 1472 1
322 1596 1
322 1627 1
322 1755 1
322 1763 1
322 1825 1
322 1852 1
322 1878 1
322 1896 1
322 1898 1
322 1929 1
322 1931 1
322 1935 1
322 1953 1
322 1969 1
322 1972 1
323 326 1
323 345 1
323 351 1
323 354 1
323 517 1
323 533 1
323 540 1
323 567 1
323 624 1
323 658 1
323 666 1
323 707 1
323 803 1
323 977 1
323 985 1
323 1005 1
323 1026 1
323 1136 1
323 1139 1
323 1195 1
323 1219 1
323 1330 1
323 1377 1
323 1403 1
323 1409 1
323 1424 1
323 1431 1
323 1459 1
323 1501 1
323 1510 1
323 1560 1
323 1623 1
323 1682 1
323 1718 1
323 1806 1
323 1840 1
323 1862 1
323 1880 1
323 1916 1
323 1936 1
323 1963 1
324 342 1
324 348 1
324 436 1
324 465 1
324 487 1
324 505 1
324 566 1
324 568 1
324 585 1
324 606 1
324 609 1
324 611 1
324 894 1
324 1061 1
324 1118 1
324 1121 1
324 1133 1
324 1155 1
324 1175 1
324 1200 1
324 1332 1
324 1412 1
324 1472 1
324 1553 1
324 1573 1
324 1639 1
324 1673 1
324 1714 1
324 1768 1
324 1807 1
324 1823 1
324 1870 1
324 1871 1
324 1898 1
324 1909 1
324 1918 1
324 1992 1
325 363 1
325 425 1
325 447 1
325 510 1
325 518 1
325 520 1
325 561 1
325 601 1
325 622 1
325 624 1
325 661 1
325 663 1
325 743 1
325 797 1
325 824 1
325 832 1
325 893 1
325 1140 1
325 1238 1
325 1342 1
325 1360 1
325 1377 1
325 1380 1
325 1383 1
325 1400 1
325 1401 1
325 1492 1
325 1598 1
325 1621 1
325 1650 1
325 1689 1
325 1704 1
325 1787 1
325 1811 1
325 1826 1
325 1827 1
325 1858 1
326 353 1
326 410 1
326 427 1
326 460 1
326 461 1
326 473 1
326 498 1
326 568 1
326 595 1
326 596 1
326 613 1
326 636 1
326 658 1
326 662 1
326 668 1
326 687 1
326 748 1
326 816 1
326 841 1
326 980 1
326 1013 1
326 1022 1
326 1057 1
326 1081 1
326 1105 1
326 1155 1
326 1157 1
326 1168 1
326 1215 1
326 1261 1
326 1350 1
326 1362 1
326 1367 1
326 1385 1
326 1464 1
326 1526 1
326 1554 1
326 1560 1
326 1599 1
326 1650 1
326 1686 1
326 1694 1
326 1736 1
326 1737 1
326 1765 1
326 1769 1
326 1792 1
326 1806 1
326 1854 1
326 1890 1
326 1935 1
326 1968 1
327 338 1
327 347 1
327 502 1
327 574 1
327 593 1
327 646 1
327 680 1
327 696 1
327 716 1
327 754 1
327 782 1
327 805 1
327 905 1
327 946 1
327 1002 1
327 1089 1
327 1120 1
327 1161 1
327 1237 1
327 1281 1
327 1335 1
327 1381 1
327 1424 1
327 1524 1
327 1531 1
327 1558 1
327 1672 1
327 1680 1
327 1718 1
327 1739 1
327 1752 1
327 1792 1
327 1915 1
327 1952 1
327 1968 1
327 1978 1
328 399 1
328 482 1
328 514 1
328 530 1
328 546 1
328 556 1
328 581 1
328 592 1
328 648 1
328 691 1
328 693 1
328 703 1
328 834 1
328 876 1
328 979 1
328 990 1
328 1028 1
328 1048 1
328 1080 1
328 1106 1
328 1112 1
328 1120 1
328 1162 1
328 1269 1
328 1303 1
328 1335 1
328 1358 1
328 1363 1
328 1377 1
328 1379 1
328 1418 1
328 1523 1
328 1577 1
328 1585 1
328 1640 1
328 1680 1
328 1720 1
328 1763 1
328 1769 1
328 1814 1
328 1884 1
328 1908 1
328 1949 1
328 1952 1
328 1957 1
328 1979 1
328 1992 1
329 509 1
329 513 1
329 516 1
329 547 1
329 549 1
329 604 1
329 620 1
329 636 1
329 645 1
329 648 1
329 674 1
329 688 1
329 717 1
329 721 1
329 752 1
329 793 1
329 948 1
329 1069 1
329 1113 1
329 1166 1
329 1187 1
329 1224 1
329 1287 1
329 1327 1
329 1337 1
329 1348 1
329 1405 1
329 1412 1
329 1413 1
329 1476 1
329 1482 1
329 1494 1
329 1510 1
329 1547 1
329 1606 1
329 1616 1
329 1685 1
329 1747 1
329 1789 1
329 1807 1
329 1918 1
329 1962 1
330 340 1
330 347 1
330 448 1
330 471 1
330 535 1
330 655 1
330 657 1
330 674 1
330 723 1
330 799 1
330 809 1
330 813 1
330 816 1
330 825 1
330 850 1
330 860 1
330 937 1
330 976 1
330 1036 1
330 1048 1
330 1058 1
330 1105 1
330 1171 1
330 1221 1
330 1234 1
330 1258 1
330 1337 1
330 1342 1
330 1354 1
330 1409 1
330 1418 1
330 1507 1
330 1619 1
330 1696 1
330 1744 1
330 1749 1
330 1764 1
330 1819 1
330 1877 1
330 1922 1
330 1936 1
330 1948 1
330 1970 1
331 334 1
331 374 1
331 383 1
331 410 1
331 460 1
331 473 1
331 525 1
331 536 1
331 552 1
331 554 1
331 561 1
331 637 1
331 668 1
331 690 1
331 698 1
331 736 1
331 742 1
331 781 1
331 818 1
331 868 1
331 877 1
331 937 1
331 963 1
331 1025 1
331 1044 1
331 1079 1
331 1092 1
331 1096 1
331 1116 1
331 1126 1
331 1129 1
331 1135 1
331 1203 1
331 1246 1
331 1251 1
331 1271 1
331 1399 1
331 1497 1
331 1523 1
331 1529 1
331 1549 1
331 1554 1
331 1597 1
331 1695 1
331 1746 1
331 1803 1
331 1826 1
331 1858 1
331 1870 1
331 1959 1
331 1984 1
332 543 1
332 547 1
332 567 1
332 619 1
332 622 1
332 661 1
332 676 1
332 696 1
332 821 1
332 873 1
332 883 1
332 900 1
332 938 1
332 1003 1
332 1050 1
332 1102 1
332 1144 1
332 1154 1
332 1200 1
332 1301 1
332 1309 1
332 1334 1
332 1430 1
332 1443 1
332 1467 1
332 1484 1
332 1506 1
332 1567 1
332 1572 1
332 1584 1
332 1606 1
332 1611 1
332 1625 1
332 1686 1
332 1739 1
332 1746 1
332 1761 1
332 1810 1
332 1824 1
332 1860 1
332 1880 1
332 1911 1
332 1921 1
332 1982 1
333 337 1
333 360 1
333 408 1
333 449 1
333 524 1
333 539 1
333 549 1
333 574 1
333 633 1
333 685 1
333 690 1
333 705 1
333 709 1
333 734 1
333 738 1
333 741 1
333 747 1
333 886 1
333 1012 1
333 1013 1
333 1051 1
333 1294 1
333 1310 1
333 1321 1
333 1344 1
333 1351 1
333 1355 1
333 1375 1
333 1392 1
333 1394 1
333 1506 1
333 1519 1
333 1527 1
333 1559 1
333 1740 1
333 1822 1
333 1848 1
333 1859 1
333 1949 1
334 345 1
334 353 1
334 388 1
334 399 1
334 447 1
334 542 1
334 568 1
334 598 1
334 619 1
334 643 1
334 654 1
334 798 1
334 876 1
334 926 1
334 927 1
334 932 1
334 939 1
334 945 1
334 985 1
334 1036 1
334 1037 1
334 1056 1
334 1061 1
334 1109 1
334 1125 1
334 1164 1
334 1172 1
334 1179 1
334 1185 1
334 1231 1
334 1288 1
334 1295 1
334 1306 1
334 1334 1
334 1361 1
334 1428 1
334 1449 1
334 1468 1
334 1492 1
334 1501 1
334 1534 1
334 1541 1
334 1607 1
334 1614 1
334 1649 1
334 1693 1
334 1771 1
334 1779 1
334 1812 1
334 1818 1
334 1839 1
334 1881 1
334 1964 1
334 1985 1
334 1988 1
335 354 1
335 376 1
335 383 1
335 406 1
335 422 1
335 445 1
335 462 1
335 466 1
335 497 1
335 521 1
335 530 1
335 545 1
335 566 1
335 593 1
335 597 1
335 661 1
335 702 1
335 715 1
335 745 1
335 758 1
335 814 1
335 902 1
335 940 1
335 974 1
335 982 1
335 1099 1
335 1192 1
335 1227 1
335 1251 1
335 1380 1
335 1409 1
335 1423 1
335 1513 1
335 1558 1
335 1617 1
335 1660 1
335 1669 1
335 1822 1
335 1854 1
335 1869 1
335 1888 1
335 1904 1
335 1913 1
335 1965 1
335 2000 1
336 349 1
336 367 1
336 433 1
336 541 1
336 580 1
336 584 1
336 589 1
336 598 1
336 652 1
336 667 1
336 698 1
336 715 1
336 741 1
336 875 1
336 879 1
336 932 1
336 933 1
336 950 1
336 982 1
336 1016 1
336 1078 1
336 1101 1
336 1122 1
336 1162 1
336 1246 1
336 1387 1
336 1406 1
336 1433 1
336 1478 1
336 1538 1
336 1571 1
336 1576 1
336 1601 1
336 1657 1
336 1691 1
336 1706 1
336 1707 1
336 1739 1
336 1767 1
336 1802 1
336 1809 1
336 1841 1
336 1869 1
336 1890 1
336 1905 1
336 1957 1
336 1978 1
337 521 1
337 556 1
337 593 1
337 599 1
337 605 1
337 611 1
337 634 1
337 640 1
337 664 1
337 794 1
337 882 1
337 945 1
337 1007 1
337 1016 1
337 1058 1
337 1088 1
337 1089 1
337 1105 1
337 1151 1
337 1196 1
337 1228 1
337 1250 1
337 1311 1
337 1314 1
337 1363 1
337 1369 1
337 1383 1
337 1457 1
337 1488 1
337 1534 1
337 1543 1
337 1545 1
337 1572 1
337 1583 1
337 1584 1
337 1604 1
337 1645 1
337 1653 1
337 1661 1
337 1675 1
337 1678 1
337 1688 1
337 1691 1
337 1702 1
337 1719 1
337 1720 1
337 1761 1
337 1821 1
337 1892 1
337 1896 1
337 1928 1
338 391 1
338 423 1
338 451 1
338 460 1
338 472 1
338 481 1
338 629 1
338 634 1
338 641 1
338 710 1
338 880 1
338 926 1
338 954 1
338 996 1
338 1131 1
338 1151 1
338 1163 1
338 1198 1
338 1235 1
338 1279 1
338 1330 1
338 1339 1
338 1419 1
338 1435 1
338 1451 1
338 1499 1
338 1512 1
338 1536 1
338 1537 1
338 1542 1
338 1615 1
338 1617 1
338 1630 1
338 1642 1
338 1676 1
338 1767 1
338 1828 1
338 1889 1
338 1893 1
338 1947 1
339 426 1
339 455 1
339 510 1
339 565 1
339 613 1
339 627 1
339 663 1
339 682 1
339 730 1
339 767 1
339 806 1
339 810 1
339 818 1
339 892 1
339 937 1
339 939 1
339 944 1
339 977 1
339 1058 1
339 1079 1
339 1093 1
339 1105 1
339 1171 1
339 1196 1
339 1241 1
339 1258 1
339 1285 1
339 1306 1
339 1321 1
339 1389 1
339 1415 1
339 1431 1
339 1432 1
339 1473 1
339 1474 1
339 1535 1
339 1539 1
339 1691 1
339 1701 1
339 1714 1
339 1728 1
339 1760 1
339 1878 1
339 1900 1
339 1917 1
339 1985 1
339 1989 1
340 359 1
340 368 1
340 398 1
340 447 1
340 476 1
340 558 1
340 655 1
340 728 1
340 765 1
340 773 1
340 855 1
340 930 1
340 1021 1
340 1027 1
340 1086 1
340 1090 1
340 1197 1
340 1235 1
340 1252 1
340 1349 1
340 1374 1
340 1398 1
340 1429 1
340 1462 1
340 1475 1
340 1531 1
340 1655 1
340 1658 1
340 1660 1
340 1691 1
340 1720 1
340 1725 1
340 1767 1
340 1776 1
340 1832 1
340 1850 1
340 1866 1
340 1871 1
340 1900 1
341 411 1
341 419 1
341 425 1
341 450 1
341 532 1
341 630 1
341 775 1
341 780 1
341 830 1
341 882 1
341 915 1
341 932 1
341 953 1
341 1044 1
341 1061 1
341 1062 1
341 1076 1
341 1103 1
341 1110 1
341 1228 1
341 1340 1
341 1362 1
341 1372 1
341 1391 1
341 1408 1
341 1429 1
341 1444 1
341 1495 1
341 1514 1
341 1528 1
341 1574 1
341 1620 1
341 1648 1
341 1792 1
341 1907 1
341 1929 1
342 403 1
342 430 1
342 457 1
342 465 1
342 490 1
342 514 1
342 536 1
342 583 1
342 613 1
342 708 1
342 713 1
342 743 1
342 746 1
342 769 1
342 785 1
342 793 1
342 916 1
342 941 1
342 943 1
342 952 1
342 968 1
342 971 1
342 977 1
342 986 1
342 998 1
342 1036 1
342 1082 1
342 1109 1
342 1194 1
342 1197 1
342 1201 1
342 1250 1
342 1271 1
342 1303 1
342 1413 1
342 1485 1
342 1487 1
342 1519 1
342 1536 1
342 1585 1
342 1638 1
342 1693 1
342 1714 1
342 1801 1
342 1859 1
342 1867 1
342 1891 1
342 1954 1
342 1962 1
342 1998 1
343 425 1
343 454 1
343 479 1
343 487 1
343 503 1
343 506 1
343 577 1
343 644 1
343 649 1
343 652 1
343 688 1
343 717 1
343 744 1
343 758 1
343 785 1
343 826 1
343 839 1
343 845 1
343 865 1
343 1024 1
343 1051 1
343 1083 1
343 1098 1
343 1135 1
343 1186 1
343 1193 1
343 1264 1
343 1265 1
343 1266 1
343 1480 1
343 1520 1
343 1574 1
343 1576 1
343 1590 1
343 1600 1
343 1645 1
343 1654 1
343 1876 1
343 1878 1
343 1906 1
343 1982 1
344 497 1
344 516 1
344 518 1
344 597 1
344 623 1
344 625 1
344 632 1
344 663 1
344 676 1
344 715 1
344 829 1
344 850 1
344 851 1
344 884 1
344 1016 1
344 1086 1
344 1093 1
344 1106 1
344 1126 1
344 1145 1
344 1280 1
344 1295 1
344 1300 1
344 1311 1
344 1334 1
344 1374 1
344 1413 1
344 1432 1
344 1461 1
344 1462 1
344 1542 1
344 1569 1
344 1584 1
344 1605 1
344 1723 1
344 1766 1
344 1788 1
344 1798 1
344 1802 1
344 1816 1
344 1822 1
344 1825 1
344 1826 1
344 1867 1
344 1874 1
344 1880 1
344 1901 1
344 1956 1
344 1972 1
344 1981 1
344 1986 1
345 370 1
345 376 1
345 414 1
345 434 1
345 447 1
345 459 1
345 505 1
345 547 1
345 554 1
345 639 1
345 708 1
345 726 1
345 797 1
345 841 1
345 892 1
345 897 1
345 928 1
345 956 1
345 968 1
345 1001 1
345 1022 1
345 1095 1
345 1103 1
345 1108 1
345 1123 1
345 1147 1
345 1173 1
345 1180 1
345 1268 1
345 1389 1
345 1523 1
345 1524 1
345 1588 1
345 1652 1
345 1717 1
345 1902 1
345 1926 1
345 1961 1
346 358 1
346 376 1
346 406 1
346 527 1
346 580 1
346 651 1
346 692 1
346 711 1
346 721 1
346 747 1
346 776 1
346 873 1
346 886 1
346 954 1
346 959 1
346 981 1
346 1048 1
346 1095 1
346 1103 1
346 1142 1
346 1232 1
346 1400 1
346 1421 1
346 1422 1
346 1549 1
346 1555 1
346 1557 1
346 1580 1
346 1640 1
346 1722 1
346 1797 1
346 1813 1
346 1912 1
346 1932 1
346 1969 1
346 1978 1
346 1979 1
347 389 1
347 395 1
347 437 1
347 452 1
347 507 1
347 619 1
347 627 1
347 686 1
347 732 1
347 739 1
347 744 1
347 836 1
347 845 1
347 874 1
347 901 1
347 946 1
347 971 1
347 1135 1
347 1169 1
347 1181 1
347 1189 1
347 1228 1
347 1263 1
347 1340 1
347 1365 1
347 1425 1
347 1435 1
347 1446 1
347 1448 1
347 1457 1
347 1517 1
347 1533 1
347 1556 1
347 1570 1
347 1682 1
347 1694 1
347 1733 1
347 1750 1
347 1816 1
347 1819 1
347 1828 1
347 1852 1
347 1859 1
347 1879 1
347 1886 1
347 1894 1
347 1895 1
348 355 1
348 377 1
348 386 1
348 406 1
348 408 1
348 409 1
348 410 1
348 567 1
348 588 1
348 600 1
348 633 1
348 642 1
348 662 1
348 697 1
348 732 1
348 741 1
348 766 1
348 836 1
348 838 1
348 867 1
348 1007 1
348 1026 1
348 1047 1
348 1058 1
348 1109 1
348 1168 1
348 1258 1
348 1268 1
348 1299 1
348 1300 1
348 1302 1
348 1383 1
348 1410 1
348 1411 1
348 1461 1
348 1493 1
348 1531 1
348 1626 1
348 1837 1
348 1865 1
348 1871 1
348 1942 1
348 1997 1
349 364 1
349 377 1
349 638 1
349 643 1
349 650 1
349 660 1
349 675 1
349 697 1
349 743 1
349 761 1
349 823 1
349 853 1
349 899 1
349 1003 1
349 1009 1
349 1103 1
349 1143 1
349 1193 1
349 1244 1
349 1307 1
349 1358 1
349 1378 1
349 1392 1
349 1540 1
349 1789 1
349 1798 1
349 1814 1
349 1885 1
349 1965 1
350 368 1
350 394 1
350 417 1
350 456 1
350 575 1
350 578 1
350 669 1
350 708 1
350 710 1
350 755 1
350 768 1
350 859 1
350 865 1
350 899 1
350 947 1
350 1014 1
350 1017 1
350 1056 1
350 1069 1
350 1164 1
350 1179 1
350 1206 1
350 1270 1
350 1285 1
350 1294 1
350 1353 1
350 1407 1
350 1594 1
350 1612 1
350 1694 1
350 1699 1
350 1812 1
350 1853 1
350 1915 1
351 407 1
351 411 1
351 459 1
351 497 1
351 505 1
351 546 1
351 549 1
351 567 1
351 601 1
351 634 1
351 667 1
351 677 1
351 678 1
351 698 1
351 787 1
351 794 1
351 813 1
351 817 1
351 827 1
351 865 1
351 874 1
351 876 1
351 905 1
351 978 1
351 1167 1
351 1175 1
351 1303 1
351 1364 1
351 1393 1
351 1437 1
351 1454 1
351 1534 1
351 1546 1
351 1586 1
351 1646 1
351 1664 1
351 1670 1
351 1691 1
351 1715 1
351 1812 1
351 1934 1
352 372 1
352 387 1
352 431 1
352 476 1
352 495 1
352 562 1
352 656 1
352 717 1
352 838 1
352 900 1
352 927 1
352 965 1
352 1012 1
352 1167 1
352 1169 1
352 1177 1
352 1221 1
352 1252 1
352 1299 1
352 1300 1
352 1396 1
352 1435 1
352 1448 1
352 1454 1
352 1479 1
352 1513 1
352 1526 1
352 1544 1
352 1590 1
352 1630 1
352 1635 1
352 1642 1
352 1654 1
352 1661 1
352 1679 1
352 1705 1
352 1708 1
352 1884 1
352 1953 1
352 1979 1
353 415 1
353 474 1
353 488 1
353 518 1
353 549 1
353 566 1
353 600 1
353 663 1
353 717 1
353 727 1
353 767 1
353 773 1
353 797 1
353 832 1
353 833 1
353 835 1
353 857 1
353 861 1
353 909 1
353 975 1
353 1027 1
353 1063 1
353 1073 1
353 1076 1
353 1093 1
353 1127 1
353 1134 1
353 1151 1
353 1198 1
353 1215 1
353 1303 1
353 1383 1
353 1431 1
353 1468 1
353 1480 1
353 1559 1
353 1600 1
353 1626 1
353 1627 1
353 1819 1
353 1824 1
353 1908 1
353 1971 1
353 1978 1
353 1993 1
354 358 1
354 388 1
354 408 1
354 455 1
354 547 1
354 551 1
354 594 1
354 601 1
354 647 1
354 708 1
354 768 1
354 807 1
354 839 1
354 878 1
354 905 1
354 919 1
354 928 1
354 930 1
354 960 1
354 989 1
354 1045 1
354 1059 1
354 1073 1
354 1081 1
354 1150 1
354 1157 1
354 1174 1
354 1220 1
354 1266 1
354 1300 1
354 1399 1
354 1431 1
354 1476 1
354 1478 1
354 1494 1
354 1570 1
354 1599 1
354 1610 1
354 1659 1
354 1695 1
354 1697 1
354 1709 1
354 1740 1
354 1742 1
354 1756 1
354 1760 1
354 1775 1
354 1920 1
354 1924 1
354 1936 1
354 1982 1
354 1996 1
355 356 1
355 388 1
355 419 1
355 488 1
355 490 1
355 544 1
355 565 1
355 594 1
355 617 1
355 732 1
355 856 1
355 871 1
355 939 1
355 955 1
355 965 1
355 1200 1
355 1207 1
355 1298 1
355 1299 1
355 1359 1
355 1401 1
355 1404 1
355 1429 1
355 1465 1
355 1509 1
355 1583 1
355 1594 1
355 1617 1
355 1636 1
355 1705 1
355 1765 1
355 1795 1
355 1798 1
355 1817 1
355 1818 1
355 1867 1
355 1875 1
355 1897 1
355 1912 1
355 1913 1
355 1934 1
355 1972 1
355 1997 1
356 405 1
356 449 1
356 642 1
356 685 1
356 707 1
356 713 1
356 737 1
356 761 1
356 781 1
356 970 1
356 974 1
356 1045 1
356 1094 1
356 1104 1
356 1113 1
356 1120 1
356 1123 1
356 1160 1
356 1164 1
356 1181 1
356 1191 1
356 1205 1
356 1351 1
356 1384 1
356 1398 1
356 1459 1
356 1490 1
356 1723 1
356 1729 1
356 1809 1
356 1820 1
356 1825 1
356 1828 1
356 1838 1
356 1919 1
356 1924 1
356 1940 1
356 1966 1
356 1968 1
356 1983 1
357 386 1
357 471 1
357 514 1
357 519 1
357 533 1
357 560 1
357 587 1
357 621 1
357 624 1
357 646 1
357 660 1
357 673 1
357 689 1
357 703 1
357 718 1
357 723 1
357 726 1
357 734 1
357 847 1
357 900 1
357 937 1
357 1027 1
357 1047 1
357 1061 1
357 1081 1
357 1103 1
357 1106 1
357 1130 1
357 1138 1
357 1140 1
357 1174 1
357 1244 1
357 1350 1
357 1392 1
357 1416 1
357 1455 1
357 1474 1
357 1494 1
357 1495 1
357 1514 1
357 1529 1
357 1534 1
357 1580 1
357 1596 1
357 1647 1
357 1682 1
357 1698 1
357 1705 1
357 1711 1
357 1734 1
357 1781 1
357 1819 1
357 1846 1
357 1861 1
357 1898 1
357 1915 1
357 1927 1
357 1929 1
358 422 1
358 425 1
358 600 1
358 643 1
358 702 1
358 714 1
358 773 1
358 776 1
358 782 1
358 869 1
358 910 1
358 960 1
358 995 1
358 1008 1
358 1058 1
358 1089 1
358 1102 1
358 1107 1
358 1122 1
358 1125 1
358 1132 1
358 1222 1
358 1308 1
358 1379 1
358 1382 1
358 1412 1
358 1427 1
358 1429 1
358 1437 1
358 1485 1
358 1519 1
358 1534 1
358 1568 1
358 1693 1
358 1723 1
358 1725 1
358 1773 1
358 1852 1
358 1874 1
358 1970 1
359 362 1
359 481 1
359 507 1
359 522 1
359 534 1
359 559 1
359 576 1
359 590 1
359 603 1
359 709 1
359 723 1
359 737 1
359 745 1
359 851 1
359 895 1
359 949 1
359 994 1
359 1008 1
359 1078 1
359 1165 1
359 1190 1
359 1238 1
359 1280 1
359 1386 1
359 1416 1
359 1433 1
359 1443 1
359 1496 1
359 1522 1
359 1601 1
359 1651 1
359 1658 1
359 1674 1
359 1683 1
359 1706 1
359 1722 1
359 1748 1
359 1793 1
359 1799 1
359 1816 1
359 1833 1
359 1857 1
359 1874 1
359 1916 1
359 1991 1
359 1999 1
360 387 1
360 396 1
360 424 1
360 466 1
360 471 1
360 507 1
360 522 1
360 534 1
360 560 1
360 583 1
360 611 1
360 628 1
360 654 1
360 712 1
360 715 1
360 721 1
360 744 1
360 793 1
360 813 1
360 832 1
360 843 1
360 970 1
360 1063 1
360 1072 1
360 1132 1
360 1154 1
360 1202 1
360 1220 1
360 1228 1
360 1267 1
360 1350 1
360 1424 1
360 1434 1
360 1468 1
360 1477 1
360 1502 1
360 1563 1
360 1601 1
360 1618 1
360 1638 1
360 1761 1
360 1812 1
360 1917 1
360 1941 1
360 1946 1
360 1995 1
360 1999 1
361 364 1
361 379 1
361 384 1
361 406 1
361 407 1
361 462 1
361 497 1
361 539 1
361 568 1
361 578 1
361 595 1
361 630 1
361 658 1
361 736 1
361 763 1
361 806 1
361 944 1
361 969 1
361 999 1
361 1119 1
361 1174 1
361 1252 1
361 1255 1
361 1290 1
361 1330 1
361 1370 1
361 1373 1
361 1386 1
361 1409 1
361 1428 1
361 1595 1
361 1626 1
361 1631 1
361 1634 1
361 1645 1
361 1664 1
361 1694 1
361 1741 1
361 1751 1
361 1758 1
361 1780 1
361 1814 1
361 1846 1
361 1897 1
361 1989 1
362 380 1
362 513 1
362 571 1
362 572 1
362 610 1
362 630 1
362 641 1
362 647 1
362 712 1
362 724 1
362 777 1
362 805 1
362 828 1
362 885 1
362 938 1
362 941 1
362 963 1
362 981 1
362 1117 1
362 1139 1
362 1184 1
362 1233 1
362 1303 1
362 1345 1
362 1350 1
362 1361 1
362 1428 1
362 1433 1
362 1520 1
362 1532 1
362 1648 1
362 1788 1
362 1854 1
362 1857 1
362 1873 1
362 1933 1
362 1961 1
362 1988 1
363 406 1
363 423 1
363 437 1
363 440 1
363 444 1
363 468 1
363 471 1
363 541 1
363 574 1
363 587 1
363 606 1
363 619 1
363 627 1
363 693 1
363 743 1
363 764 1
363 786 1
363 814 1
363 837 1
363 838 1
363 890 1
363 1018 1
363 1031 1
363 1047 1
363 1101 1
363 1118 1
363 1125 1
363 1138 1
363 1142 1
363 1164 1
363 1186 1
363 1238 1
363 1252 1
363 1262 1
363 1293 1
363 1305 1
363 1319 1
363 1355 1
363 1374 1
363 1484 1
363 1517 1
363 1520 1
363 1589 1
363 1682 1
363 1702 1
363 1713 1
363 1841 1
363 1846 1
363 1881 1
363 1886 1
363 1896 1
363 1951 1
363 1968 1
363 1980 1
364 505 1
364 634 1
364 667 1
364 688 1
364 790 1
364 812 1
364 843 1
364 852 1
364 898 1
364 924 1
364 995 1
364 1033 1
364 1050 1
364 1122 1
364 1133 1
364 1149 1
364 1169 1
364 1209 1
364 1257 1
364 1359 1
364 1362 1
364 1400 1
364 1402 1
364 1413 1
364 1418 1
364 1470 1
364 1647 1
364 1658 1
364 1693 1
364 1703 1
364 1725 1
364 1759 1
364 1781 1
364 1798 1
364 1929 1
364 1983 1
365 386 1
365 416 1
365 478 1
365 503 1
365 522 1
365 577 1
365 590 1
365 654 1
365 670 1
365 676 1
365 682 1
365 711 1
365 742 1
365 807 1
365 837 1
365 924 1
365 940 1
365 958 1
365 990 1
365 1027 1
365 1109 1
365 1119 1
365 1195 1
365 1229 1
365 1241 1
365 1284 1
365 1289 1
365 1332 1
365 1369 1
365 1426 1
365 1475 1
365 1496 1
365 1503 1
365 1552 1
365 1573 1
365 1633 1
365 1697 1
365 1728 1
365 1734 1
365 1773 1
365 1814 1
365 1846 1
365 1938 1
365 1988 1
366 402 1
366 415 1
366 453 1
366 501 1
366 632 1
366 638 1
366 692 1
366 710 1
366 767 1
366 793 1
366 815 1
366 873 1
366 890 1
366 925 1
366 948 1
366 953 1
366 981 1
366 986 1
366 1008 1
366 1129 1
366 1163 1
366 1191 1
366 1226 1
366 1274 1
366 1279 1
366 1285 1
366 1333 1
366 1357 1
366 1384 1
366 1475 1
366 1506 1
366 1509 1
366 1591 1
366 1623 1
366 1643 1
366 1682 1
366 1753 1
366 1879 1
366 1897 1
366 1922 1
366 1975 1
366 1988 1
367 370 1
367 379 1
367 420 1
367 483 1
367 505 1
367 513 1
367 527 1
367 625 1
367 642 1
367 644 1
367 681 1
367 728 1
367 816 1
367 872 1
367 935 1
367 984 1
367 988 1
367 1022 1
367 1081 1
367 1094 1
367 1100 1
367 1127 1
367 1135 1
367 1157 1
367 1196 1
367 1197 1
367 1231 1
367 1238 1
367 1260 1
367 1402 1
367 1423 1
367 1467 1
367 1541 1
367 1608 1
367 1646 1
367 1656 1
367 1677 1
367 1686 1
367 1700 1
367 1703 1
367 1777 1
367 1790 1
367 1988 1
368 391 1
368 399 1
368 433 1
368 467 1
368 624 1
368 640 1
368 650 1
368 705 1
368 715 1
368 721 1
368 774 1
368 811 1
368 865 1
368 887 1
368 888 1
368 893 1
368 979 1
368 1019 1
368 1042 1
368 1048 1
368 1092 1
368 1108 1
368 1174 1
368 1177 1
368 1179 1
368 1197 1
368 1241 1
368 1245 1
368 1284 1
368 1352 1
368 1362 1
368 1415 1
368 1453 1
368 1485 1
368 1504 1
368 1610 1
368 1739 1
368 1823 1
368 1857 1
368 1862 1
368 1925 1
368 1944 1
369 389 1
369 408 1
369 432 1
369 502 1
369 526 1
369 529 1
369 530 1
369 566 1
369 587 1
369 588 1
369 619 1
369 627 1
369 688 1
369 731 1
369 756 1
369 761 1
369 864 1
369 883 1
369 931 1
369 1074 1
369 1075 1
369 1153 1
369 1183 1
369 1200 1
369 1262 1
369 1266 1
369 1275 1
369 1283 1
369 1456 1
369 1465 1
369 1493 1
369 1546 1
369 1552 1
369 1560 1
369 1593 1
369 1635 1
369 1690 1
369 1804 1
369 1819 1
369 1837 1
369 1938 1
370 387 1
370 413 1
370 424 1
370 464 1
370 507 1
370 526 1
370 534 1
370 583 1
370 597 1
370 617 1
370 622 1
370 629 1
370 648 1
370 661 1
370 669 1
370 713 1
370 761 1
370 846 1
370 863 1
370 870 1
370 998 1
370 1024 1
370 1200 1
370 1226 1
370 1302 1
370 1359 1
370 1417 1
370 1486 1
370 1576 1
370 1579 1
370 1611 1
370 1632 1
370 1665 1
370 1694 1
370 1717 1
370 1731 1
370 1746 1
370 1757 1
370 1778 1
370 1848 1
371 444 1
371 462 1
371 638 1
371 704 1
371 731 1
371 740 1
371 867 1
371 872 1
371 904 1
371 909 1
371 936 1
371 950 1
371 1037 1
371 1079 1
371 1086 1
371 1097 1
371 1126 1
371 1173 1
371 1180 1
371 1282 1
371 1330 1
371 1331 1
371 1371 1
371 1429 1
371 1430 1
371 1474 1
371 1484 1
371 1489 1
371 1495 1
371 1507 1
371 1528 1
371 1593 1
371 1666 1
371 1832 1
371 1833 1
371 1891 1
371 1898 1
371 1928 1
371 1999 1
372 417 1
372 418 1
372 452 1
372 469 1
372 500 1
372 585 1
372 632 1
372 689 1
372 727 1
372 733 1
372 745 1
372 768 1
372 794 1
372 844 1
372 852 1
372 905 1
372 925 1
372 939 1
372 943 1
372 958 1
372 1028 1
372 1065 1
372 1123 1
372 1163 1
372 1197 1
372 1223 1
372 1226 1
372 1234 1
372 1273 1
372 1296 1
372 1438 1
372 1507 1
372 1520 1
372 1532 1
372 1541 1
372 1604 1
372 1614 1
372 1651 1
372 1674 1
372 1762 1
372 1823 1
372 1855 1
372 1860 1
372 1967 1
372 1985 1
373 399 1
373 431 1
373 447 1
373 476 1
373 559 1
373 569 1
373 573 1
373 576 1
373 589 1
373 606 1
373 615 1
373 617 1
373 658 1
373 668 1
373 677 1
373 679 1
373 702 1
373 715 1
373 733 1
373 740 1
373 936 1
373 963 1
373 1108 1
373 1166 1
373 1211 1
373 1263 1
373 1274 1
373 1596 1
373 1644 1
373 1699 1
373 1757 1
373 1829 1
373 1880 1
373 1895 1
374 425 1
374 438 1
374 439 1
374 590 1
374 607 1
374 638 1
374 652 1
374 656 1
374 672 1
374 709 1
374 743 1
374 768 1
374 862 1
374 873 1
374 878 1
374 931 1
374 953 1
374 959 1
374 1182 1
374 1256 1
374 1327 1
374 1376 1
374 1440 1
374 1447 1
374 1468 1
374 1626 1
374 1638 1
374 1670 1
374 1734 1
374 1761 1
374 1767 1
374 1788 1
374 1868 1
374 1879 1
374 1893 1
374 1904 1
374 1967 1
374 1976 1
375 416 1
375 424 1
375 434 1
375 470 1
375 476 1
375 545 1
375 570 1
375 613 1
375 643 1
375 645 1
375 662 1
375 745 1
375 773 1
375 864 1
375 872 1
375 947 1
375 956 1
375 982 1
375 1005 1
375 1058 1
375 1067 1
375 1203 1
375 1246 1
375 1254 1
375 1262 1
375 1274 1
375 1291 1
375 1317 1
375 1330 1
375 1341 1
375 1406 1
375 1432 1
375 1475 1
375 1493 1
375 1645 1
375 1654 1
375 1709 1
375 1721 1
375 1831 1
375 1878 1
375 1886 1
375 1951 1
375 1965 1
376 398 1
376 467 1
376 492 1
376 561 1
376 597 1
376 631 1
376 646 1
376 664 1
376 688 1
376 718 1
376 742 1
376 796 1
376 850 1
376 858 1
376 865 1
376 967 1
376 990 1
376 994 1
376 1007 1
376 1255 1
376 1280 1
376 1304 1
376 1346 1
376 1374 1
376 1415 1
376 1474 1
376 1520 1
376 1580 1
376 1601 1
376 1626 1
376 1651 1
376 1664 1
376 1679 1
376 1699 1
376 1707 1
376 1767 1
376 1815 1
376 1825 1
376 1896 1
376 1902 1
376 1968 1
376 1970 1
376 1971 1
377 378 1
377 388 1
377 394 1
377 460 1
377 531 1
377 540 1
377 697 1
377 721 1
377 763 1
377 772 1
377 856 1
377 884 1
377 949 1
377 955 1
377 1001 1
377 1014 1
377 1080 1
377 1121 1
377 1164 1
377 1172 1
377 1274 1
377 1275 1
377 1312 1
377 1357 1
377 1428 1
377 1445 1
377 1537 1
377 1566 1
377 1580 1
377 1606 1
377 1679 1
377 1680 1
377 1683 1
377 1786 1
377 1808 1
377 1822 1
377 1917 1
377 1919 1
377 1937 1
378 421 1
378 427 1
378 500 1
378 503 1
378 509 1
378 607 1
378 650 1
378 685 1
378 807 1
378 821 1
378 828 1
378 833 1
378 839 1
378 857 1
378 888 1
378 892 1
378 990 1
378 1035 1
378 1050 1
378 1073 1
378 1087 1
378 1089 1
378 1093 1
378 1131 1
378 1146 1
378 1167 1
378 1228 1
378 1230 1
378 1234 1
378 1254 1
378 1366 1
378 1388 1
378 1392 1
378 1506 1
378 1519 1
378 1523 1
378 1544 1
378 1619 1
378 1634 1
378 1687 1
378 1729 1
378 1732 1
378 1736 1
378 1757 1
378 1814 1
378 1840 1
378 1849 1
378 1902 1
379 425 1
379 436 1
379 482 1
379 520 1
379 565 1
379 573 1
379 601 1
379 623 1
379 647 1
379 664 1
379 744 1
379 819 1
379 851 1
379 894 1
379 930 1
379 942 1
379 954 1
379 962 1
379 1043 1
379 1047 1
379 1081 1
379 1123 1
379 1134 1
379 1162 1
379 1178 1
379 1212 1
379 1235 1
379 1283 1
379 1301 1
379 1309 1
379 1354 1
379 1383 1
379 1458 1
379 1469 1
379 1494 1
379 1523 1
379 1567 1
379 1572 1
379 1599 1
379 1605 1
379 1608 1
379 1635 1
379 1639 1
379 1642 1
379 1660 1
379 1685 1
379 1708 1
379 1709 1
379 1712 1
379 1744 1
379 1758 1
379 1792 1
379 1797 1
379 1940 1
379 1985 1
380 408 1
380 539 1
380 589 1
380 615 1
380 660 1
380 688 1
380 695 1
380 792 1
380 795 1
380 848 1
380 929 1
380 966 1
380 1029 1
380 1034 1
380 1042 1
380 1048 1
380 1059 1
380 1109 1
380 1179 1
380 1220 1
380 1318 1
380 1340 1
380 1352 1
380 1355 1
380 1381 1
380 1420 1
380 1456 1
380 1473 1
380 1509 1
380 1526 1
380 1653 1
380 1702 1
380 1892 1
380 1912 1
380 1939 1
380 1964 1
381 398 1
381 584 1
381 601 1
381 607 1
381 613 1
381 746 1
381 763 1
381 766 1
381 768 1
381 842 1
381 913 1
381 918 1
381 938 1
381 1008 1
381 1074 1
381 1085 1
381 1121 1
381 1170 1
381 1375 1
381 1401 1
381 1424 1
381 1438 1
381 1441 1
381 1444 1
381 1643 1
381 1677 1
381 1769 1
381 1835 1
381 1855 1
381 1917 1
381 1934 1
381 1945 1
381 1990 1
381 1992 1
382 396 1
382 445 1
382 514 1
382 549 1
382 558 1
382 563 1
382 578 1
382 600 1
382 609 1
382 693 1
382 720 1
382 723 1
382 788 1
382 838 1
382 852 1
382 858 1
382 973 1
382 994 1
382 1050 1
382 1056 1
382 1057 1
382 1089 1
382 1154 1
382 1179 1
382 1188 1
382 1200 1
382 1228 1
382 1239 1
382 1260 1
382 1266 1
382 1351 1
382 1440 1
382 1490 1
382 1531 1
382 1626 1
382 1640 1
382 1675 1
382 1713 1
382 1731 1
382 1840 1
382 1869 1
382 1909 1
382 1970 1
382 1971 1
383 392 1
383 427 1
383 447 1
383 461 1
383 468 1
383 578 1
383 628 1
383 648 1
383 654 1
383 670 1
383 684 1
383 762 1
383 769 1
383 784 1
383 790 1
383 804 1
383 834 1
383 875 1
383 950 1
383 965 1
383 985 1
383 1098 1
383 1187 1
383 1208 1
383 1287 1
383 1312 1
383 1314 1
383 1473 1
383 1514 1
383 1525 1
383 1543 1
383 1626 1
383 1661 1
383 1678 1
383 1835 1
383 1839 1
383 1850 1
383 1869 1
383 1976 1
383 1992 1
384 685 1
384 730 1
384 755 1
384 786 1
384 787 1
384 927 1
384 1052 1
384 1122 1
384 1189 1
384 1315 1
384 1408 1
384 1419 1
384 1426 1
384 1439 1
384 1456 1
384 1460 1
384 1547 1
384 1612 1
384 1616 1
384 1719 1
384 1737 1
384 1789 1
384 1983 1
384 1991 1
385 545 1
385 626 1
385 704 1
385 719 1
385 737 1
385 821 1
385 881 1
385 891 1
385 923 1
385 926 1
385 957 1
385 996 1
385 1032 1
385 1175 1
385 1187 1
385 1219 1
385 1243 1
385 1282 1
385 1309 1
385 1380 1
385 1431 1
385 1437 1
385 1468 1
385 1502 1
385 1605 1
385 1610 1
385 1670 1
385 1681 1
385 1771 1
385 1821 1
385 1842 1
385 1847 1
385 1853 1
386 431 1
386 443 1
386 457 1
386 458 1
386 459 1
386 481 1
386 511 1
386 537 1
386 562 1
386 607 1
386 809 1
386 838 1
386 921 1
386 968 1
386 1008 1
386 1013 1
386 1021 1
386 1045 1
386 1078 1
386 1222 1
386 1381 1
386 1449 1
386 1491 1
386 1527 1
386 1604 1
386 1652 1
386 1653 1
386 1688 1
386 1742 1
386 1752 1
386 1770 1
386 1789 1
386 1809 1
386 1828 1
386 1870 1
386 1879 1
386 1903 1
386 1949 1
386 1969 1
386 1971 1
387 389 1
387 406 1
387 461 1
387 474 1
387 591 1
387 629 1
387 640 1
387 645 1
387 701 1
387 828 1
387 880 1
387 898 1
387 925 1
387 937 1
387 981 1
387 982 1
387 985 1
387 1040 1
387 1061 1
387 1097 1
387 1113 1
387 1222 1
387 1301 1
387 1325 1
387 1357 1
387 1417 1
387 1424 1
387 1569 1
387 1583 1
387 1756 1
387 1833 1
387 1836 1
387 1845 1
387 1854 1
387 1940 1
387 1951 1
387 1957 1
387 1960 1
387 1993 1
388 438 1
388 451 1
388 491 1
388 507 1
388 535 1
388 581 1
388 620 1
388 648 1
388 664 1
388 770 1
388 811 1
388 862 1
388 895 1
388 930 1
388 936 1
388 998 1
388 1045 1
388 1103 1
388 1196 1
388 1311 1
388 1343 1
388 1383 1
388 1562 1
388 1592 1
388 1620 1
388 1624 1
388 1632 1
388 1642 1
388 1658 1
388 1692 1
388 1769 1
388 1802 1
388 1851 1
388 1911 1
389 397 1
389 419 1
389 424 1
389 425 1
389 443 1
389 444 1
389 463 1
389 494 1
389 558 1
389 658 1
389 683 1
389 727 1
389 745 1
389 789 1
389 849 1
389 874 1
389 974 1
389 990 1
389 1038 1
389 1055 1
389 1065 1
389 1096 1
389 1099 1
389 1152 1
389 1176 1
389 1179 1
389 1188 1
389 1220 1
389 1264 1
389 1277 1
389 1319 1
389 1363 1
389 1426 1
389 1481 1
389 1508 1
389 1520 1
389 1584 1
389 1638 1
389 1683 1
389 1701 1
389 1703 1
389 1716 1
389 1719 1
389 1836 1
389 1895 1
389 1924 1
389 1996 1
390 430 1
390 490 1
390 516 1
390 544 1
390 628 1
390 631 1
390 643 1
390 658 1
390 679 1
390 729 1
390 733 1
390 776 1
390 846 1
390 894 1
390 935 1
390 977 1
390 1040 1
390 1045 1
390 1093 1
390 1110 1
390 1134 1
390 1138 1
390 1176 1
390 1263 1
390 1266 1
390 1295 1
390 1316 1
390 1354 1
390 1398 1
390 1441 1
390 1446 1
390 1460 1
390 1470 1
390 1532 1
390 1607 1
390 1680 1
390 1702 1
390 1728 1
390 1832 1
391 399 1
391 418 1
391 442 1
391 522 1
391 528 1
391 546 1
391 565 1
391 569 1
391 579 1
391 585 1
391 588 1
391 613 1
391 643 1
391 657 1
391 659 1
391 661 1
391 698 1
391 711 1
391 713 1
391 784 1
391 860 1
391 878 1
391 965 1
391 1039 1
391 1084 1
391 1098 1
391 1159 1
391 1173 1
391 1258 1
391 1283 1
391 1305 1
391 1307 1
391 1330 1
391 1341 1
391 1361 1
391 1432 1
391 1550 1
391 1631 1
391 1641 1
391 1703 1
391 1723 1
391 1732 1
391 1759 1
391 1808 1
391 1916 1
391 1922 1
392 426 1
392 487 1
392 506 1
392 555 1
392 574 1
392 600 1
392 611 1
392 616 1
392 619 1
392 647 1
392 658 1
392 716 1
392 809 1
392 836 1
392 1018 1
392 1037 1
392 1044 1
392 1103 1
392 1110 1
392 1162 1
392 1194 1
392 1280 1
392 1323 1
392 1374 1
392 1419 1
392 1509 1
392 1541 1
392 1548 1
392 1553 1
392 1663 1
392 1678 1
392 1749 1
392 1784 1
392 1804 1
392 1862 1
392 1872 1
392 1887 1
392 1912 1
392 1949 1
392 1956 1
392 1972 1
392 1983 1
393 532 1
393 585 1
393 602 1
393 643 1
393 657 1
393 673 1
393 745 1
393 783 1
393 811 1
393 822 1
393 833 1
393 890 1
393 895 1
393 923 1
393 931 1
393 939 1
393 1043 1
393 1106 1
393 1126 1
393 1177 1
393 1194 1
393 1200 1
393 1220 1
393 1227 1
393 1247 1
393 1285 1
393 1287 1
393 1319 1
393 1436 1
393 1454 1
393 1478 1
393 1487 1
393 1550 1
393 1601 1
393 1656 1
393 1716 1
393 1752 1
393 1794 1
393 1797 1
393 1802 1
393 1859 1
394 421 1
394 487 1
394 493 1
394 582 1
394 625 1
394 642 1
394 651 1
394 722 1
394 768 1
394 817 1
394 838 1
394 912 1
394 914 1
394 917 1
394 919 1
394 932 1
394 945 1
394 1010 1
394 1053 1
394 1076 1
394 1106 1
394 1160 1
394 1164 1
394 1192 1
394 1219 1
394 1256 1
394 1357 1
394 1372 1
394 1401 1
394 1541 1
394 1550 1
394 1680 1
394 1686 1
394 1745 1
394 1779 1
394 1799 1
394 1827 1
394 1834 1
394 1855 1
394 1867 1
394 1924 1
394 1949 1
395 405 1
395 447 1
395 470 1
395 504 1
395 515 1
395 533 1
395 570 1
395 593 1
395 654 1
395 698 1
395 706 1
395 758 1
395 817 1
395 902 1
395 932 1
395 941 1
395 972 1
395 1133 1
395 1152 1
395 1178 1
395 1195 1
395 1248 1
395 1276 1
395 1328 1
395 1338 1
395 1367 1
395 1440 1
395 1464 1
395 1503 1
395 1566 1
395 1616 1
395 1628 1
395 1680 1
395 1707 1
395 1783 1
395 1799 1
395 1802 1
395 1829 1
395 1892 1
395 1910 1
396 430 1
396 442 1
396 500 1
396 546 1
396 598 1
396 643 1
396 657 1
396 665 1
396 691 1
396 778 1
396 791 1
396 848 1
396 887 1
396 908 1
396 962 1
396 992 1
396 1010 1
396 1019 1
396 1047 1
396 1087 1
396 1109 1
396 1161 1
396 1202 1
396 1274 1
396 1302 1
396 1376 1
396 1428 1
396 1467 1
396 1493 1
396 1551 1
396 1607 1
396 1619 1
396 1636 1
396 1677 1
396 1678 1
396 1730 1
396 1829 1
396 1837 1
396 1878 1
396 1912 1
396 1926 1
396 1937 1
396 1978 1
396 1983 1
397 419 1
397 430 1
397 459 1
397 485 1
397 524 1
397 545 1
397 661 1
397 667 1
397 695 1
397 750 1
397 805 1
397 826 1
397 875 1
397 938 1
397 986 1
397 1014 1
397 1057 1
397 1165 1
397 1166 1
397 1266 1
397 1363 1
397 1372 1
397 1378 1
397 1555 1
397 1657 1
397 1661 1
397 1668 1
397 1716 1
397 1771 1
397 1820 1
397 1869 1
397 1983 1
398 429 1
398 447 1
398 473 1
398 496 1
398 513 1
398 569 1
398 670 1
398 674 1
398 679 1
398 785 1
398 813 1
398 850 1
398 887 1
398 896 1
398 911 1
398 918 1
398 1013 1
398 1045 1
398 1063 1
398 1161 1
398 1163 1
398 1206 1
398 1248 1
398 1506 1
398 1589 1
398 1620 1
398 1656 1
398 1667 1
398 1689 1
398 1718 1
398 1722 1
398 1814 1
398 1821 1
398 1844 1
398 1873 1
398 1891 1
398 1944 1
398 1945 1
398 1968 1
398 1990 1
399 488 1
399 506 1
399 558 1
399 595 1
399 631 1
399 733 1
399 796 1
399 814 1
399 849 1
399 888 1
399 903 1
399 949 1
399 990 1
399 1069 1
399 1081 1
399 1115 1
399 1150 1
399 1193 1
399 1211 1
399 1301 1
399 1332 1
399 1380 1
399 1425 1
399 1458 1
399 1478 1
399 1490 1
399 1529 1
399 1547 1
399 1561 1
399 1604 1
399 1646 1
399 1683 1
399 1709 1
399 1757 1
399 1847 1
399 1879 1
399 1906 1
399 1935 1
400 495 1
400 513 1
400 527 1
400 537 1
400 553 1
400 567 1
400 631 1
400 698 1
400 700 1
400 749 1
400 774 1
400 778 1
400 781 1
400 804 1
400 807 1
400 942 1
400 977 1
400 1015 1
400 1131 1
400 1135 1
400 1207 1
400 1230 1
400 1281 1
400 1313 1
400 1347 1
400 1422 1
400 1464 1
400 1514 1
400 1536 1
400 1566 1
400 1604 1
400 1638 1
400 1677 1
400 1690 1
400 1840 1
400 1843 1
400 1894 1
400 1925 1
400 1983 1
401 487 1
401 504 1
401 574 1
401 577 1
401 636 1
401 716 1
401 756 1
401 762 1
401 779 1
401 812 1
401 834 1
401 840 1
401 843 1
401 918 1
401 928 1
401 936 1
401 966 1
401 1007 1
401 1044 1
401 1068 1
401 1183 1
401 1285 1
401 1288 1
401 1335 1
401 1360 1
401 1433 1
401 1497 1
401 1557 1
401 1590 1
401 1600 1
401 1620 1
401 1653 1
401 1657 1
401 1725 1
401 1728 1
401 1746 1
401 1766 1
401 1813 1
401 1845 1
401 1849 1
401 1899 1
401 1918 1
401 1919 1
401 1948 1
401 1949 1
401 1951 1
401 1994 1
401 2000 1
402 423 1
402 498 1
402 525 1
402 558 1
402 632 1
402 761 1
402 795 1
402 845 1
402 858 1
402 876 1
402 952 1
402 969 1
402 1204 1
402 1225 1
402 1319 1
402 1474 1
402 1547 1
402 1589 1
402 1607 1
402 1668 1
402 1684 1
402 1690 1
402 1745 1
402 1798 1
402 1817 1
402 1860 1
402 1889 1
402 1926 1
402 1927 1
403 427 1
403 443 1
403 465 1
403 479 1
403 492 1
403 580 1
403 593 1
403 606 1
403 609 1
403 647 1
403 686 1
403 723 1
403 763 1
403 863 1
403 879 1
403 885 1
403 907 1
403 988 1
403 997 1
403 1003 1
403 1062 1
403 1145 1
403 1161 1
403 1211 1
403 1244 1
403 1309 1
403 1364 1
403 1369 1
403 1414 1
403 1478 1
403 1500 1
403 1517 1
403 1617 1
403 1693 1
403 1832 1
403 1883 1
403 1914 1
403 1958 1
403 1983 1
403 1997 1
404 405 1
404 441 1
404 457 1
404 462 1
404 513 1
404 520 1
404 605 1
404 630 1
404 660 1
404 778 1
404 827 1
404 860 1
404 878 1
404 892 1
404 960 1
404 1024 1
404 1029 1
404 1042 1
404 1067 1
404 1088 1
404 1089 1
404 1259 1
404 1274 1
404 1321 1
404 1360 1
404 1407 1
404 1429 1
404 1431 1
404 1487 1
404 1514 1
404 1622 1
404 1635 1
404 1711 1
404 1748 1
404 1793 1
404 1797 1
404 1830 1
404 1877 1
404 1939 1
404 1941 1
404 1943 1
404 1960 1
404 1983 1
405 513 1
405 515 1
405 588 1
405 609 1
405 643 1
405 664 1
405 717 1
405 919 1
405 1005 1
405 1027 1
405 1050 1
405 1085 1
405 1171 1
405 1191 1
405 1213 1
405 1216 1
405 1237 1
405 1256 1
405 1257 1
405 1311 1
405 1328 1
405 1358 1
405 1429 1
405 1430 1
405 1502 1
405 1517 1
405 1602 1
405 1618 1
405 1625 1
405 1644 1
405 1717 1
405 1852 1
405 1923 1
405 1957 1
406 476 1
406 522 1
406 527 1
406 561 1
406 568 1
406 583 1
406 606 1
406 614 1
406 661 1
406 714 1
406 729 1
406 744 1
406 787 1
406 807 1
406 819 1
406 838 1
406 892 1
406 933 1
406 989 1
406 1049 1
406 1081 1
406 1088 1
406 1120 1
406 1187 1
406 1225 1
406 1250 1
406 1386 1
406 1390 1
406 1412 1
406 1505 1
406 1596 1
406 1708 1
406 1725 1
406 1798 1
406 1814 1
406 1850 1
406 1854 1
406 1871 1
406 1965 1
406 2000 1
407 418 1
407 428 1
407 448 1
407 498 1
407 508 1
407 520 1
407 557 1
407 613 1
407 751 1
407 785 1
407 834 1
407 904 1
407 917 1
407 948 1
407 963 1
407 1021 1
407 1053 1
407 1074 1
407 1128 1
407 1202 1
407 1231 1
407 1251 1
407 1252 1
407 1281 1
407 1296 1
407 1304 1
407 1318 1
407 1427 1
407 1482 1
407 1535 1
407 1552 1
407 1559 1
407 1590 1
407 1602 1
407 1704 1
407 1759 1
407 1790 1
407 1858 1
407 1895 1
407 1950 1
408 469 1
408 478 1
408 479 1
408 489 1
408 490 1
408 492 1
408 498 1
408 532 1
408 541 1
408 614 1
408 694 1
408 789 1
408 908 1
408 982 1
408 987 1
408 999 1
408 1093 1
408 1117 1
408 1167 1
408 1170 1
408 1194 1
408 1220 1
408 1257 1
408 1336 1
408 1349 1
408 1354 1
408 1380 1
408 1381 1
408 1464 1
408 1511 1
408 1529 1
408 1575 1
408 1626 1
408 1634 1
408 1670 1
408 1693 1
408 1704 1
408 1710 1
408 1847 1
408 1850 1
408 1958 1
408 1989 1
409 460 1
409 477 1
409 594 1
409 660 1
409 689 1
409 729 1
409 824 1
409 845 1
409 867 1
409 902 1
409 972 1
409 975 1
409 1040 1
409 1112 1
409 1115 1
409 1124 1
409 1162 1
409 1231 1
409 1262 1
409 1291 1
409 1321 1
409 1362 1
409 1413 1
409 1420 1
409 1432 1
409 1546 1
409 1561 1
409 1594 1
409 1616 1
409 1719 1
409 1767 1
409 1769 1
409 1900 1
409 1905 1
409 1909 1
409 1921 1
409 1937 1
409 1943 1
409 1969 1
410 465 1
410 516 1
410 547 1
410 549 1
410 568 1
410 572 1
410 607 1
410 700 1
410 729 1
410 758 1
410 778 1
410 799 1
410 896 1
410 903 1
410 952 1
410 1014 1
410 1041 1
410 1067 1
410 1074 1
410 1129 1
410 1142 1
410 1157 1
410 1191 1
410 1212 1
410 1214 1
410 1216 1
410 1308 1
410 1312 1
410 1324 1
410 1347 1
410 1494 1
410 1624 1
410 1694 1
410 1702 1
410 1833 1
410 1881 1
411 486 1
411 541 1
411 556 1
411 628 1
411 683 1
411 691 1
411 709 1
411 734 1
411 745 1
411 768 1
411 783 1
411 789 1
411 806 1
411 817 1
411 828 1
411 923 1
411 1011 1
411 1067 1
411 1090 1
411 1108 1
411 1195 1
411 1196 1
411 1212 1
411 1215 1
411 1247 1
411 1272 1
411 1323 1
411 1354 1
411 1358 1
411 1389 1
411 1448 1
411 1479 1
411 1484 1
411 1518 1
411 1548 1
411 1567 1
411 1648 1
411 1652 1
411 1729 1
411 1736 1
411 1803 1
411 1845 1
411 1944 1
411 1947 1
411 1953 1
411 1961 1
411 1978 1
412 432 1
412 513 1
412 554 1
412 558 1
412 615 1
412 620 1
412 656 1
412 670 1
412 741 1
412 773 1
412 786 1
412 809 1
412 837 1
412 997 1
412 1029 1
412 1150 1
412 1154 1
412 1180 1
412 1238 1
412 1261 1
412 1270 1
412 1291 1
412 1294 1
412 1320 1
412 1438 1
412 1451 1
412 1454 1
412 1463 1
412 1476 1
412 1489 1
412 1504 1
412 1505 1
412 1518 1
412 1539 1
412 1540 1
412 1546 1
412 1617 1
412 1627 1
412 1698 1
412 1812 1
412 1831 1
412 1869 1
412 1986 1
413 501 1
413 526 1
413 559 1
413 681 1
413 758 1
413 800 1
413 895 1
413 927 1
413 970 1
413 1047 1
413 1073 1
413 1082 1
413 1166 1
413 1260 1
413 1271 1
413 1294 1
413 1330 1
413 1358 1
413 1381 1
413 1426 1
413 1436 1
413 1478 1
413 1594 1
413 1619 1
413 1623 1
413 1629 1
413 1643 1
413 1646 1
413 1689 1
413 1799 1
413 1834 1
413 1866 1
413 1874 1
413 1880 1
413 1917 1
413 1977 1
414 447 1
414 449 1
414 556 1
414 578 1
414 606 1
414 631 1
414 660 1
414 667 1
414 713 1
414 726 1
414 754 1
414 803 1
414 883 1
414 899 1
414 935 1
414 944 1
414 978 1
414 1024 1
414 1032 1
414 1034 1
414 1057 1
414 1098 1
414 1104 1
414 1129 1
414 1213 1
414 1216 1
414 1296 1
414 1345 1
414 1353 1
414 1366 1
414 1407 1
414 1486 1
414 1574 1
414 1585 1
414 1620 1
414 1630 1
414 1636 1
414 1662 1
414 1663 1
414 1681 1
414 1694 1
414 1698 1
414 1703 1
414 1777 1
414 1790 1
414 1874 1
414 1943 1
414 1998 1
415 437 1
415 456 1
415 475 1
415 491 1
415 567 1
415 669 1
415 709 1
415 761 1
415 776 1
415 904 1
415 908 1
415 909 1
415 940 1
415 987 1
415 1000 1
415 1040 1
415 1089 1
415 1128 1
415 1152 1
415 1159 1
415 1165 1
415 1288 1
415 1310 1
415 1318 1
415 1323 1
415 1326 1
415 1445 1
415 1451 1
415 1593 1
415 1595 1
415 1662 1
415 1691 1
415 1718 1
415 1743 1
415 1750 1
415 1751 1
415 1760 1
415 1794 1
415 1812 1
415 1816 1
415 1835 1
415 1906 1
415 1962 1
416 423 1
416 425 1
416 649 1
416 663 1
416 717 1
416 734 1
416 804 1
416 805 1
416 861 1
416 867 1
416 942 1
416 965 1
416 966 1
416 1045 1
416 1095 1
416 1230 1
416 1338 1
416 1404 1
416 1434 1
416 1470 1
416 1563 1
416 1574 1
416 1627 1
416 1721 1
416 1925 1
416 1951 1
416 1956 1
416 1967 1
416 1971 1
416 1987 1
417 454 1
417 461 1
417 510 1
417 576 1
417 601 1
417 642 1
417 653 1
417 710 1
417 791 1
417 843 1
417 870 1
417 886 1
417 898 1
417 917 1
417 1082 1
417 1108 1
417 1118 1
417 1219 1
417 1223 1
417 1225 1
417 1245 1
417 1273 1
417 1294 1
417 1302 1
417 1320 1
417 1366 1
417 1414 1
417 1561 1
417 1567 1
417 1593 1
417 1632 1
417 1636 1
417 1691 1
417 1697 1
417 1706 1
417 1727 1
417 1733 1
417 1789 1
417 1793 1
417 1825 1
417 1850 1
417 1889 1
417 1930 1
417 1974 1
418 419 1
418 450 1
418 466 1
418 474 1
418 486 1
418 513 1
418 543 1
418 684 1
418 690 1
418 697 1
418 739 1
418 746 1
418 763 1
418 781 1
418 821 1
418 840 1
418 844 1
418 900 1
418 907 1
418 916 1
418 967 1
418 1003 1
418 1046 1
418 1098 1
418 1126 1
418 1171 1
418 1209 1
418 1215 1
418 1232 1
418 1276 1
418 1285 1
418 1304 1
418 1404 1
418 1424 1
418 1482 1
418 1529 1
418 1534 1
418 1586 1
418 1637 1
418 1670 1
418 1712 1
418 1715 1
418 1728 1
418 1781 1
418 1820 1
418 1841 1
418 1844 1
418 1866 1
418 1888 1
418 1897 1
418 1918 1
418 1940 1
418 1950 1
418 1975 1
418 2000 1
419 487 1
419 535 1
419 557 1
419 699 1
419 707 1
419 750 1
419 769 1
419 793 1
419 799 1
419 804 1
419 811 1
419 828 1
419 864 1
419 875 1
419 876 1
419 899 1
419 917 1
419 1023 1
419 1025 1
419 1038 1
419 1192 1
419 1279 1
419 1304 1
419 1334 1
419 1335 1
419 1443 1
419 1446 1
419 1531 1
419 1534 1
419 1568 1
419 1571 1
419 1762 1
419 1763 1
419 1766 1
419 1894 1
419 1925 1
419 1998 1
420 460 1
420 527 1
420 636 1
420 655 1
420 745 1
420 772 1
420 792 1
420 862 1
420 912 1
420 999 1
420 1030 1
420 1062 1
420 1076 1
420 1103 1
420 1128 1
420 1167 1
420 1196 1
420 1217 1
420 1223 1
420 1238 1
420 1276 1
420 1301 1
420 1463 1
420 1477 1
420 1487 1
420 1500 1
420 1590 1
420 1605 1
420 1615 1
420 1630 1
420 1718 1
420 1738 1
420 1760 1
420 1794 1
420 1816 1
420 1857 1
420 1900 1
420 1913 1
420 1926 1
421 502 1
421 520 1
421 535 1
421 573 1
421 593 1
421 656 1
421 677 1
421 686 1
421 735 1
421 767 1
421 783 1
421 828 1
421 833 1
421 873 1
421 884 1
421 943 1
421 957 1
421 960 1
421 977 1
421 1020 1
421 1045 1
421 1102 1
421 1236 1
421 1247 1
421 1253 1
421 1260 1
421 1279 1
421 1309 1
421 1311 1
421 1328 1
421 1470 1
421 1484 1
421 1525 1
421 1562 1
421 1588 1
421 1643 1
421 1659 1
421 1676 1
421 1713 1
421 1724 1
421 1856 1
421 1894 1
421 1933 1
421 1941 1
421 1983 1
422 441 1
422 455 1
422 499 1
422 507 1
422 533 1
422 577 1
422 580 1
422 585 1
422 586 1
422 645 1
422 656 1
422 665 1
422 708 1
422 784 1
422 794 1
422 803 1
422 882 1
422 884 1
422 898 1
422 938 1
422 943 1
422 961 1
422 997 1
422 1032 1
422 1091 1
422 1101 1
422 1245 1
422 1246 1
422 1264 1
422 1271 1
422 1306 1
422 1428 1
422 1474 1
422 1497 1
422 1609 1
422 1635 1
422 1639 1
422 1649 1
422 1751 1
422 1780 1
422 1794 1
422 1810 1
422 1811 1
422 1831 1
422 1849 1
423 457 1
423 482 1
423 498 1
423 535 1
423 537 1
423 597 1
423 719 1
423 728 1
423 743 1
423 808 1
423 896 1
423 919 1
423 1018 1
423 1022 1
423 1148 1
423 1249 1
423 1309 1
423 1318 1
423 1337 1
423 1371 1
423 1398 1
423 1475 1
423 1512 1
423 1573 1
423 1581 1
423 1600 1
423 1624 1
423 1631 1
423 1714 1
423 1720 1
423 1752 1
423 1761 1
423 1765 1
423 1794 1
423 1827 1
424 455 1
424 528 1
424 558 1
424 594 1
424 614 1
424 701 1
424 749 1
424 878 1
424 921 1
424 943 1
424 993 1
424 1157 1
424 1178 1
424 1209 1
424 1294 1
424 1301 1
424 1339 1
424 1386 1
424 1438 1
424 1464 1
424 1506 1
424 1529 1
424 1612 1
424 1662 1
424 1665 1
424 1684 1
424 1769 1
424 1779 1
424 1831 1
424 1911 1
424 1917 1
424 1938 1
424 1993 1
425 430 1
425 463 1
425 472 1
425 495 1
425 521 1
425 530 1
425 595 1
425 647 1
425 687 1
425 884 1
425 920 1
425 935 1
425 961 1
425 962 1
425 1099 1
425 1159 1
425 1163 1
425 1201 1
425 1207 1
425 1209 1
425 1395 1
425 1478 1
425 1498 1
425 1538 1
425 1549 1
425 1607 1
425 1615 1
425 1634 1
425 1639 1
425 1650 1
425 1724 1
425 1758 1
425 1827 1
425 1875 1
425 1878 1
425 1881 1
425 1883 1
425 1890 1
426 433 1
426 505 1
426 514 1
426 531 1
426 573 1
426 635 1
426 655 1
426 686 1
426 869 1
426 881 1
426 911 1
426 944 1
426 973 1
426 1015 1
426 1017 1
426 1022 1
426 1046 1
426 1047 1
426 1097 1
426 1287 1
426 1294 1
426 1315 1
426 1327 1
426 1466 1
426 1513 1
426 1514 1
426 1517 1
426 1551 1
426 1619 1
426 1663 1
426 1666 1
426 1774 1
426 1791 1
426 1820 1
426 1928 1
426 1987 1
427 434 1
427 452 1
427 473 1
427 698 1
427 710 1
427 804 1
427 837 1
427 853 1
427 872 1
427 876 1
427 896 1
427 913 1
427 1022 1
427 1096 1
427 1109 1
427 1178 1
427 1248 1
427 1301 1
427 1314 1
427 1326 1
427 1418 1
427 1512 1
427 1516 1
427 1586 1
427 1595 1
427 1617 1
427 1619 1
427 1674 1
427 1680 1
427 1728 1
427 1738 1
427 1831 1
427 1840 1
427 1849 1
427 1853 1
427 1920 1
428 557 1
428 671 1
428 707 1
428 749 1
428 758 1
428 839 1
428 873 1
428 926 1
428 933 1
428 955 1
428 957 1
428 958 1
428 993 1
428 1072 1
428 1100 1
428 1182 1
428 1208 1
428 1211 1
428 1318 1
428 1389 1
428 1416 1
428 1449 1
428 1521 1
428 1557 1
428 1662 1
428 1743 1
428 1768 1
428 1810 1
428 1994 1
428 1995 1
429 460 1
429 477 1
429 599 1
429 617 1
429 683 1
429 874 1
429 898 1
429 919 1
429 927 1
429 939 1
429 948 1
429 968 1
429 1027 1
429 1033 1
429 1068 1
429 1127 1
429 1136 1
429 1248 1
429 1253 1
429 1257 1
429 1310 1
429 1315 1
429 1343 1
429 1356 1
429 1427 1
429 1428 1
429 1502 1
429 1510 1
429 1547 1
429 1598 1
429 1691 1
429 1732 1
429 1737 1
429 1746 1
429 1749 1
429 1810 1
429 1815 1
429 1825 1
429 1832 1
429 1948 1
429 1969 1
429 1972 1
429 1993 1
430 436 1
430 449 1
430 454 1
430 528 1
430 541 1
430 542 1
430 568 1
430 572 1
430 595 1
430 596 1
430 634 1
430 648 1
430 659 1
430 673 1
430 678 1
430 748 1
430 790 1
430 822 1
430 895 1
430 914 1
430 1038 1
430 1050 1
430 1058 1
430 1073 1
430 1089 1
430 1121 1
430 1188 1
430 1246 1
430 1288 1
430 1311 1
430 1328 1
430 1423 1
430 1469 1
430 1558 1
430 1570 1
430 1571 1
430 1732 1
430 1789 1
430 1798 1
430 1998 1
431 434 1
431 464 1
431 535 1
431 542 1
431 550 1
431 590 1
431 670 1
431 676 1
431 708 1
431 712 1
431 852 1
431 871 1
431 912 1
431 921 1
431 965 1
431 967 1
431 1006 1
431 1018 1
431 1128 1
431 1181 1
431 1205 1
431 1320 1
431 1344 1
431 1471 1
431 1509 1
431 1596 1
431 1609 1
431 1638 1
431 1659 1
431 1709 1
431 1759 1
431 1761 1
431 1814 1
431 1820 1
431 1939 1
432 485 1
432 542 1
432 614 1
432 624 1
432 650 1
432 693 1
432 735 1
432 749 1
432 774 1
432 807 1
432 900 1
432 943 1
432 1047 1
432 1052 1
432 1095 1
432 1099 1
432 1121 1
432 1193 1
432 1210 1
432 1266 1
432 1311 1
432 1357 1
432 1409 1
432 1470 1
432 1500 1
432 1525 1
432 1667 1
432 1734 1
432 1802 1
432 1842 1
432 1856 1
432 1905 1
432 1974 1
433 437 1
433 439 1
433 474 1
433 504 1
433 613 1
433 702 1
433 835 1
433 895 1
433 928 1
433 991 1
433 1006 1
433 1028 1
433 1032 1
433 1094 1
433 1112 1
433 1128 1
433 1184 1
433 1367 1
433 1439 1
433 1453 1
433 1467 1
433 1575 1
433 1591 1
433 1627 1
433 1669 1
433 1683 1
433 1684 1
433 1738 1
433 1748 1
433 1865 1
433 1941 1
433 1946 1
433 1983 1
434 469 1
434 564 1
434 582 1
434 693 1
434 716 1
434 835 1
434 877 1
434 909 1
434 944 1
434 965 1
434 977 1
434 988 1
434 1008 1
434 1050 1
434 1091 1
434 1092 1
434 1168 1
434 1174 1
434 1278 1
434 1372 1
434 1488 1
434 1502 1
434 1575 1
434 1679 1
434 1737 1
434 1747 1
434 1760 1
434 1792 1
434 1833 1
434 1849 1
434 1882 1
434 1963 1
435 459 1
435 549 1
435 617 1
435 621 1
435 639 1
435 644 1
435 764 1
435 773 1
435 811 1
435 868 1
435 885 1
435 946 1
435 975 1
435 993 1
435 1028 1
435 1036 1
435 1039 1
435 1092 1
435 1215 1
435 1220 1
435 1256 1
435 1263 1
435 1303 1
435 1347 1
435 1352 1
435 1413 1
435 1470 1
435 1570 1
435 1575 1
435 1650 1
435 1704 1
435 1742 1
435 1833 1
436 506 1
436 513 1
436 520 1
436 613 1
436 630 1
436 798 1
436 832 1
436 851 1
436 886 1
436 1026 1
436 1107 1
436 1110 1
436 1118 1
436 1171 1
436 1233 1
436 1242 1
436 1283 1
436 1357 1
436 1374 1
436 1405 1
436 1450 1
436 1466 1
436 1557 1
436 1560 1
436 1640 1
436 1750 1
436 1771 1
436 1790 1
436 1834 1
436 1939 1
436 1967 1
437 439 1
437 446 1
437 503 1
437 521 1
437 663 1
437 694 1
437 695 1
437 735 1
437 778 1
437 853 1
437 867 1
437 897 1
437 911 1
437 919 1
437 934 1
437 936 1
437 984 1
437 988 1
437 1017 1
437 1023 1
437 1024 1
437 1029 1
437 1046 1
437 1081 1
437 1095 1
437 1111 1
437 1134 1
437 1138 1
437 1163 1
437 1200 1
437 1211 1
437 1300 1
437 1318 1
437 1344 1
437 1345 1
437 1359 1
437 1381 1
437 1436 1
437 1550 1
437 1638 1
437 1647 1
437 1654 1
437 1657 1
437 1707 1
437 1743 1
437 1768 1
437 1789 1
437 1793 1
437 1810 1
437 1824 1
437 1872 1
437 1889 1
437 1891 1
437 1973 1
437 1976 1
438 458 1
438 600 1
438 609 1
438 612 1
438 646 1
438 656 1
438 697 1
438 734 1
438 784 1
438 826 1
438 829 1
438 849 1
438 965 1
438 1030 1
438 1038 1
438 1106 1
438 1124 1
438 1137 1
438 1156 1
438 1188 1
438 1207 1
438 1216 1
438 1221 1
438 1310 1
438 1336 1
438 1337 1
438 1352 1
438 1414 1
438 1469 1
438 1606 1
438 1616 1
438 1668 1
438 1713 1
438 1726 1
438 1811 1
438 1817 1
438 1831 1
438 1846 1
439 453 1
439 481 1
439 483 1
439 495 1
439 583 1
439 596 1
439 611 1
439 635 1
439 731 1
439 734 1
439 774 1
439 799 1
439 870 1
439 904 1
439 917 1
439 943 1
439 968 1
439 1030 1
439 1040 1
439 1042 1
439 1094 1
439 1111 1
439 1113 1
439 1123 1
439 1161 1
439 1164 1
439 1288 1
439 1337 1
439 1356 1
439 1366 1
439 1412 1
439 1450 1
439 1455 1
439 1493 1
439 1529 1
439 1533 1
439 1537 1
439 1588 1
439 1675 1
439 1685 1
439 1693 1
439 1743 1
439 1753 1
439 1757 1
439 1764 1
439 1853 1
439 1932 1
439 1987 1
439 1989 1
440 449 1
440 478 1
440 522 1
440 600 1
440 683 1
440 792 1
440 827 1
440 836 1
440 854 1
440 957 1
440 1048 1
440 1064 1
440 1065 1
440 1072 1
440 1073 1
440 1106 1
440 1110 1
440 1124 1
440 1149 1
440 1150 1
440 1160 1
440 1181 1
440 1258 1
440 1259 1
440 1323 1
440 1402 1
440 1460 1
440 1478 1
440 1522 1
440 1543 1
440 1627 1
440 1643 1
440 1664 1
440 1729 1
440 1746 1
440 1755 1
440 1817 1
440 1818 1
440 1828 1
440 1836 1
440 1851 1
440 1926 1
440 1992 1
441 483 1
441 517 1
441 572 1
441 599 1
441 678 1
441 696 1
441 720 1
441 727 1
441 763 1
441 780 1
441 972 1
441 1000 1
441 1057 1
441 1142 1
441 1201 1
441 1246 1
441 1307 1
441 1342 1
441 1344 1
441 1373 1
441 1477 1
441 1523 1
441 1543 1
441 1593 1
441 1618 1
441 1632 1
441 1644 1
441 1655 1
441 1683 1
441 1727 1
441 1728 1
441 1730 1
441 1743 1
441 1749 1
441 1830 1
441 1836 1
441 1850 1
441 1851 1
441 1865 1
441 1896 1
441 1902 1
441 1913 1
441 1957 1
442 458 1
442 498 1
442 531 1
442 539 1
442 558 1
442 570 1
442 617 1
442 627 1
442 645 1
442 687 1
442 695 1
442 711 1
442 789 1
442 821 1
442 903 1
442 947 1
442 1024 1
442 1069 1
442 1073 1
442 1108 1
442 1129 1
442 1147 1
442 1184 1
442 1220 1
442 1256 1
442 1349 1
442 1366 1
442 1389 1
442 1440 1
442 1457 1
442 1539 1
442 1632 1
442 1694 1
442 1697 1
442 1732 1
442 1807 1
442 1840 1
442 1843 1
442 1928 1
442 1941 1
442 1966 1
443 462 1
443 516 1
443 517 1
443 546 1
443 553 1
443 563 1
443 595 1
443 606 1
443 608 1
443 643 1
443 688 1
443 768 1
443 776 1
443 791 1
443 805 1
443 944 1
443 992 1
443 1000 1
443 1039 1
443 1165 1
443 1184 1
443 1222 1
443 1238 1
443 1248 1
443 1261 1
443 1313 1
443 1328 1
443 1350 1
443 1351 1
443 1406 1
443 1443 1
443 1481 1
443 1486 1
443 1565 1
443 1580 1
443 1855 1
443 1984 1
444 537 1
444 543 1
444 593 1
444 638 1
444 751 1
444 842 1
444 888 1
444 997 1
444 1082 1
444 1199 1
444 1274 1
444 1313 1
444 1319 1
444 1532 1
444 1555 1
444 1607 1
444 1698 1
444 1734 1
444 1901 1
444 1915 1
445 517 1
445 613 1
445 661 1
445 669 1
445 673 1
445 691 1
445 719 1
445 729 1
445 750 1
445 802 1
445 821 1
445 854 1
445 878 1
445 941 1
445 1017 1
445 1079 1
445 1094 1
445 1129 1
445 1176 1
445 1182 1
445 1287 1
445 1332 1
445 1355 1
445 1413 1
445 1427 1
445 1461 1
445 1503 1
445 1550 1
445 1561 1
445 1596 1
445 1652 1
445 1823 1
445 1840 1
445 1883 1
445 1884 1
445 1894 1
446 475 1
446 528 1
446 544 1
446 575 1
446 671 1
446 696 1
446 776 1
446 784 1
446 792 1
446 865 1
446 944 1
446 1022 1
446 1093 1
446 1101 1
446 1135 1
446 1232 1
446 1237 1
446 1241 1
446 1251 1
446 1277 1
446 1328 1
446 1398 1
446 1413 1
446 1453 1
446 1495 1
446 1548 1
446 1579 1
446 1661 1
446 1696 1
446 1813 1
446 1982 1
447 452 1
447 455 1
447 457 1
447 494 1
447 592 1
447 730 1
447 743 1
447 752 1
447 819 1
447 820 1
447 868 1
447 912 1
447 940 1
447 1031 1
447 1054 1
447 1221 1
447 1243 1
447 1244 1
447 1268 1
447 1307 1
447 1362 1
447 1450 1
447 1455 1
447 1477 1
447 1592 1
447 1673 1
447 1691 1
447 1692 1
447 1898 1
447 1946 1
447 1949 1
447 1964 1
448 467 1
448 517 1
448 605 1
448 606 1
448 642 1
448 660 1
448 666 1
448 673 1
448 726 1
448 753 1
448 761 1
448 786 1
448 794 1
448 796 1
448 810 1
448 834 1
448 921 1
448 1103 1
448 1154 1
448 1186 1
448 1209 1
448 1221 1
448 1223 1
448 1236 1
448 1262 1
448 1289 1
448 1319 1
448 1406 1
448 1442 1
448 1599 1
448 1605 1
448 1623 1
448 1692 1
448 1708 1
448 1758 1
448 1811 1
448 1823 1
448 1860 1
448 1890 1
448 1891 1
448 1909 1
448 1968 1
448 1998 1
449 493 1
449 571 1
449 585 1
449 596 1
449 660 1
449 719 1
449 757 1
449 791 1
449 807 1
449 830 1
449 849 1
449 922 1
449 986 1
449 1000 1
449 1002 1
449 1004 1
449 1010 1
449 1063 1
449 1151 1
449 1205 1
449 1276 1
449 1284 1
449 1375 1
449 1380 1
449 1410 1
449 1443 1
449 1468 1
449 1540 1
449 1566 1
449 1571 1
449 1602 1
449 1646 1
449 1827 1
449 1850 1
449 1911 1
450 491 1
450 601 1
450 654 1
450 673 1
450 682 1
450 719 1
450 760 1
450 816 1
450 821 1
450 872 1
450 877 1
450 917 1
450 924 1
450 1041 1
450 1060 1
450 1070 1
450 1109 1
450 1142 1
450 1188 1
450 1225 1
450 1232 1
450 1292 1
450 1296 1
450 1318 1
450 1338 1
450 1347 1
450 1357 1
450 1413 1
450 1442 1
450 1443 1
450 1444 1
450 1450 1
450 1468 1
450 1471 1
450 1523 1
450 1553 1
450 1601 1
450 1692 1
450 1709 1
450 1788 1
450 1793 1
450 1829 1
450 1834 1
450 1837 1
450 1853 1
450 1855 1
450 1971 1
451 491 1
451 500 1
451 504 1
451 572 1
451 584 1
451 657 1
451 669 1
451 696 1
451 783 1
451 795 1
451 847 1
451 978 1
451 996 1
451 1015 1
451 1036 1
451 1110 1
451 1144 1
451 1182 1
451 1198 1
451 1203 1
451 1226 1
451 1257 1
451 1372 1
451 1448 1
451 1474 1
451 1500 1
451 1539 1
451 1566 1
451 1601 1
451 1644 1
451 1693 1
451 1746 1
451 1759 1
451 1809 1
451 1814 1
451 1857 1
451 1869 1
451 1888 1
451 1895 1
452 550 1
452 570 1
452 578 1
452 594 1
452 617 1
452 645 1
452 784 1
452 786 1
452 802 1
452 838 1
452 872 1
452 877 1
452 881 1
452 986 1
452 999 1
452 1016 1
452 1056 1
452 1254 1
452 1269 1
452 1294 1
452 1377 1
452 1386 1
452 1442 1
452 1471 1
452 1534 1
452 1587 1
452 1592 1
452 1639 1
452 1673 1
452 1704 1
452 1716 1
452 1819 1
452 1862 1
452 1878 1
452 1958 1
452 1981 1
452 1985 1
452 1989 1
453 518 1
453 568 1
453 692 1
453 707 1
453 740 1
453 751 1
453 766 1
453 768 1
453 953 1
453 969 1
453 973 1
453 990 1
453 998 1
453 1066 1
453 1069 1
453 1077 1
453 1083 1
453 1122 1
453 1215 1
453 1225 1
453 1289 1
453 1340 1
453 1352 1
453 1388 1
453 1394 1
453 1442 1
453 1444 1
453 1493 1
453 1547 1
453 1591 1
453 1607 1
453 1679 1
453 1686 1
453 1689 1
453 1856 1
453 1868 1
453 1959 1
453 1979 1
454 513 1
454 536 1
454 559 1
454 660 1
454 691 1
454 758 1
454 832 1
454 867 1
454 876 1
454 936 1
454 939 1
454 942 1
454 949 1
454 995 1
454 1110 1
454 1245 1
454 1258 1
454 1267 1
454 1276 1
454 1357 1
454 1418 1
454 1472 1
454 1559 1
454 1705 1
454 1720 1
454 1939 1
455 509 1
455 511 1
455 530 1
455 546 1
455 611 1
455 635 1
455 675 1
455 698 1
455 758 1
455 773 1
455 791 1
455 796 1
455 882 1
455 883 1
455 901 1
455 954 1
455 956 1
455 971 1
455 985 1
455 1015 1
455 1135 1
455 1179 1
455 1223 1
455 1271 1
455 1295 1
455 1338 1
455 1422 1
455 1456 1
455 1504 1
455 1512 1
455 1516 1
455 1529 1
455 1588 1
455 1603 1
455 1635 1
455 1671 1
455 1680 1
455 1698 1
455 1702 1
455 1705 1
455 1718 1
455 1824 1
455 1864 1
455 1925 1
455 1962 1
455 1989 1
456 457 1
456 489 1
456 522 1
456 533 1
456 569 1
456 572 1
456 579 1
456 585 1
456 587 1
456 606 1
456 632 1
456 652 1
456 700 1
456 836 1
456 848 1
456 882 1
456 883 1
456 885 1
456 904 1
456 963 1
456 964 1
456 1006 1
456 1110 1
456 1135 1
456 1150 1
456 1151 1
456 1184 1
456 1227 1
456 1265 1
456 1332 1
456 1365 1
456 1561 1
456 1604 1
456 1654 1
456 1695 1
456 1727 1
456 1770 1
456 1936 1
456 1978 1
456 1987 1
457 469 1
457 472 1
457 496 1
457 511 1
457 563 1
457 573 1
457 576 1
457 580 1
457 672 1
457 730 1
457 832 1
457 900 1
457 941 1
457 949 1
457 1024 1
457 1040 1
457 1106 1
457 1112 1
457 1154 1
457 1156 1
457 1288 1
457 1333 1
457 1422 1
457 1423 1
457 1426 1
457 1431 1
457 1460 1
457 1500 1
457 1546 1
457 1616 1
457 1647 1
457 1652 1
457 1655 1
457 1704 1
457 1715 1
457 1768 1
457 1799 1
457 1812 1
457 1819 1
457 1881 1
457 1974 1
457 1984 1
457 1995 1
458 474 1
458 476 1
458 503 1
458 532 1
458 572 1
458 609 1
458 625 1
458 660 1
458 686 1
458 778 1
458 884 1
458 886 1
458 916 1
458 952 1
458 1007 1
458 1009 1
458 1077 1
458 1113 1
458 1221 1
458 1292 1
458 1305 1
458 1341 1
458 1437 1
458 1451 1
458 1568 1
458 1616 1
458 1635 1
458 1658 1
458 1670 1
458 1701 1
458 1728 1
458 1731 1
458 1871 1
458 1959 1
459 468 1
459 511 1
459 521 1
459 608 1
459 625 1
459 627 1
459 649 1
459 661 1
459 742 1
459 808 1
459 903 1
459 921 1
459 1012 1
459 1056 1
459 1264 1
459 1266 1
459 1351 1
459 1358 1
459 1388 1
459 1456 1
459 1464 1
459 1466 1
459 1522 1
459 1602 1
459 1607 1
459 1688 1
459 1703 1
459 1709 1
459 1775 1
459 1794 1
459 1870 1
459 1916 1
459 1962 1
459 1990 1
460 493 1
460 502 1
460 552 1
460 617 1
460 621 1
460 640 1
460 692 1
460 753 1
460 765 1
460 781 1
460 789 1
460 810 1
460 828 1
460 863 1
460 892 1
460 946 1
460 1009 1
460 1034 1
460 1039 1
460 1113 1
460 1355 1
460 1369 1
460 1374 1
460 1377 1
460 1397 1
460 1419 1
460 1431 1
460 1543 1
460 1561 1
460 1573 1
460 1580 1
460 1616 1
460 1645 1
460 1715 1
460 1773 1
460 1827 1
460 1868 1
460 1875 1
460 1876 1
460 1934 1
460 1965 1
461 495 1
461 549 1
461 566 1
461 583 1
461 651 1
461 719 1
461 733 1
461 865 1
461 910 1
461 917 1
461 933 1
461 951 1
461 991 1
461 994 1
461 1044 1
461 1115 1
461 1175 1
461 1193 1
461 1234 1
461 1248 1
461 1253 1
461 1320 1
461 1367 1
461 1416 1
461 1476 1
461 1555 1
461 1598 1
461 1638 1
461 1675 1
461 1729 1
461 1787 1
461 1811 1
462 467 1
462 469 1
462 485 1
462 527 1
462 544 1
462 581 1
462 615 1
462 618 1
462 622 1
462 682 1
462 713 1
462 750 1
462 776 1
462 827 1
462 877 1
462 879 1
462 918 1
462 938 1
462 1038 1
462 1143 1
462 1159 1
462 1218 1
462 1273 1
462 1291 1
462 1316 1
462 1342 1
462 1355 1
462 1423 1
462 1437 1
462 1600 1
462 1662 1
462 1681 1
462 1800 1
462 1842 1
462 1865 1
462 1912 1
462 1946 1
463 547 1
463 579 1
463 610 1
463 640 1
463 646 1
463 653 1
463 654 1
463 692 1
463 747 1
463 778 1
463 798 1
463 813 1
463 871 1
463 889 1
463 920 1
463 1012 1
463 1102 1
463 1104 1
463 1131 1
463 1180 1
463 1211 1
463 1289 1
463 1306 1
463 1331 1
463 1338 1
463 1355 1
463 1368 1
463 1384 1
463 1409 1
463 1431 1
463 1446 1
463 1522 1
463 1533 1
463 1542 1
463 1578 1
463 1600 1
463 1628 1
463 1636 1
463 1643 1
463 1648 1
463 1749 1
463 1810 1
463 1852 1
463 1877 1
463 1899 1
463 1929 1
464 528 1
464 529 1
464 625 1
464 644 1
464 694 1
464 701 1
464 750 1
464 820 1
464 844 1
464 904 1
464 1019 1
464 1083 1
464 1090 1
464 1110 1
464 1187 1
464 1243 1
464 1255 1
464 1263 1
464 1268 1
464 1316 1
464 1332 1
464 1364 1
464 1370 1
464 1371 1
464 1383 1
464 1433 1
464 1535 1
464 1580 1
464 1708 1
464 1755 1
464 1789 1
464 1807 1
464 1831 1
464 1866 1
464 1888 1
464 1956 1
465 521 1
465 615 1
465 635 1
465 786 1
465 1060 1
465 1095 1
465 1108 1
465 1164 1
465 1308 1
465 1353 1
465 1508 1
465 1541 1
465 1588 1
465 1674 1
465 1710 1
465 1722 1
465 1756 1
465 1790 1
465 1884 1
465 1902 1
465 1903 1
465 1938 1
465 1940 1
465 1954 1
466 514 1
466 528 1
466 582 1
466 759 1
466 765 1
466 772 1
466 785 1
466 813 1
466 878 1
466 879 1
466 920 1
466 922 1
466 991 1
466 1019 1
466 1060 1
466 1125 1
466 1132 1
466 1171 1
466 1232 1
466 1301 1
466 1325 1
466 1358 1
466 1427 1
466 1430 1
466 1434 1
466 1446 1
466 1476 1
466 1495 1
466 1527 1
466 1598 1
466 1627 1
466 1748 1
466 1751 1
466 1767 1
466 1862 1
466 1889 1
466 1893 1
466 1907 1
466 1924 1
467 500 1
467 515 1
467 528 1
467 562 1
467 812 1
467 903 1
467 916 1
467 1030 1
467 1061 1
467 1077 1
467 1080 1
467 1124 1
467 1146 1
467 1212 1
467 1256 1
467 1297 1
467 1321 1
467 1433 1
467 1546 1
467 1550 1
467 1570 1
467 1636 1
467 1677 1
467 1714 1
467 1754 1
467 1864 1
467 1910 1
468 476 1
468 561 1
468 591 1
468 608 1
468 625 1
468 628 1
468 678 1
468 689 1
468 772 1
468 848 1
468 892 1
468 913 1
468 923 1
468 950 1
468 1036 1
468 1116 1
468 1170 1
468 1231 1
468 1267 1
468 1276 1
468 1345 1
468 1353 1
468 1424 1
468 1440 1
468 1478 1
468 1490 1
468 1507 1
468 1568 1
468 1583 1
468 1648 1
468 1767 1
468 1835 1
468 1901 1
468 1968 1
469 482 1
469 484 1
469 495 1
469 503 1
469 509 1
469 542 1
469 595 1
469 636 1
469 647 1
469 678 1
469 762 1
469 769 1
469 828 1
469 949 1
469 973 1
469 1044 1
469 1056 1
469 1124 1
469 1136 1
469 1155 1
469 1227 1
469 1293 1
469 1302 1
469 1315 1
469 1406 1
469 1455 1
469 1529 1
469 1555 1
469 1565 1
469 1656 1
469 1715 1
469 1762 1
469 1862 1
469 1883 1
469 1937 1
469 1954 1
469 1970 1
470 498 1
470 545 1
470 598 1
470 600 1
470 652 1
470 690 1
470 772 1
470 800 1
470 815 1
470 858 1
470 910 1
470 938 1
470 974 1
470 987 1
470 1026 1
470 1112 1
470 1133 1
470 1194 1
470 1247 1
470 1255 1
470 1334 1
470 1386 1
470 1389 1
470 1397 1
470 1588 1
470 1609 1
470 1624 1
470 1703 1
470 1741 1
470 1745 1
470 1749 1
470 1762 1
470 1798 1
470 1863 1
470 1896 1
470 1917 1
470 1963 1
471 492 1
471 502 1
471 639 1
471 652 1
471 674 1
471 680 1
471 707 1
471 748 1
471 804 1
471 823 1
471 826 1
471 848 1
471 877 1
471 917 1
471 931 1
471 996 1
471 1023 1
471 1039 1
471 1056 1
471 1065 1
471 1075 1
471 1111 1
471 1123 1
471 1133 1
471 1179 1
471 1183 1
471 1191 1
471 1195 1
471 1242 1
471 1266 1
471 1328 1
471 1417 1
471 1448 1
471 1457 1
471 1482 1
471 1511 1
471 1560 1
471 1564 1
471 1579 1
471 1590 1
471 1602 1
471 1678 1
471 1686 1
471 1689 1
471 1801 1
471 1812 1
471 1989 1
471 1997 1
472 481 1
472 486 1
472 511 1
472 521 1
472 537 1
472 541 1
472 558 1
472 560 1
472 580 1
472 597 1
472 635 1
472 639 1
472 699 1
472 733 1
472 757 1
472 819 1
472 849 1
472 856 1
472 859 1
472 1085 1
472 1095 1
472 1115 1
472 1155 1
472 1173 1
472 1310 1
472 1367 1
472 1381 1
472 1463 1
472 1576 1
472 1580 1
472 1603 1
472 1640 1
472 1711 1
472 1717 1
472 1719 1
472 1758 1
472 1778 1
472 1834 1
472 1922 1
472 1980 1
473 510 1
473 550 1
473 552 1
473 570 1
473 647 1
473 659 1
473 668 1
473 704 1
473 717 1
473 727 1
473 745 1
473 746 1
473 769 1
473 989 1
473 1013 1
473 1024 1
473 1075 1
473 1081 1
473 1099 1
473 1178 1
473 1199 1
473 1235 1
473 1240 1
473 1287 1
473 1423 1
473 1432 1
473 1442 1
473 1456 1
473 1529 1
473 1577 1
473 1578 1
473 1604 1
473 1609 1
473 1612 1
473 1644 1
473 1668 1
473 1685 1
473 1863 1
473 1871 1
473 1924 1
473 1988 1
474 507 1
474 660 1
474 706 1
474 714 1
474 722 1
474 773 1
474 776 1
474 784 1
474 801 1
474 849 1
474 895 1
474 920 1
474 947 1
474 960 1
474 981 1
474 993 1
474 1031 1
474 1055 1
474 1142 1
474 1185 1
474 1210 1
474 1298 1
474 1341 1
474 1346 1
474 1352 1
474 1563 1
474 1576 1
474 1590 1
474 1610 1
474 1760 1
474 1791 1
474 1803 1
474 1813 1
474 1857 1
474 1864 1
474 1867 1
474 1871 1
474 1972 1
474 2000 1
475 560 1
475 667 1
475 688 1
475 696 1
475 724 1
475 810 1
475 825 1
475 910 1
475 999 1
475 1016 1
475 1057 1
475 1086 1
475 1169 1
475 1172 1
475 1196 1
475 1200 1
475 1244 1
475 1274 1
475 1347 1
475 1414 1
475 1430 1
475 1435 1
475 1480 1
475 1482 1
475 1522 1
475 1591 1
475 1647 1
475 1669 1
475 1683 1
475 1769 1
475 1907 1
476 500 1
476 520 1
476 529 1
476 541 1
476 569 1
476 571 1
476 572 1
476 639 1
476 716 1
476 734 1
476 753 1
476 756 1
476 802 1
476 805 1
476 965 1
476 987 1
476 990 1
476 1078 1
476 1185 1
476 1198 1
476 1266 1
476 1302 1
476 1396 1
476 1401 1
476 1413 1
476 1444 1
476 1448 1
476 1476 1
476 1540 1
476 1571 1
476 1585 1
476 1655 1
476 1665 1
476 1672 1
476 1684 1
476 1691 1
476 1744 1
476 1764 1
476 1780 1
476 1781 1
476 1805 1
476 1825 1
476 1897 1
476 1924 1
476 1933 1
476 1959 1
477 513 1
477 525 1
477 582 1
477 588 1
477 609 1
477 618 1
477 730 1
477 766 1
477 784 1
477 787 1
477 833 1
477 880 1
477 911 1
477 946 1
477 965 1
477 988 1
477 1040 1
477 1116 1
477 1175 1
477 1230 1
477 1239 1
477 1240 1
477 1278 1
477 1288 1
477 1295 1
477 1304 1
477 1408 1
477 1425 1
477 1441 1
477 1470 1
477 1474 1
477 1515 1
477 1527 1
477 1533 1
477 1602 1
477 1668 1
477 1807 1
477 1837 1
477 1891 1
477 1899 1
477 1903 1
478 483 1
478 517 1
478 524 1
478 614 1
478 630 1
478 653 1
478 718 1
478 747 1
478 834 1
478 945 1
478 1064 1
478 1098 1
478 1139 1
478 1150 1
478 1155 1
478 1159 1
478 1188 1
478 1397 1
478 1422 1
478 1455 1
478 1464 1
478 1499 1
478 1595 1
478 1670 1
478 1678 1
478 1705 1
478 1741 1
478 1834 1
478 1855 1
478 1878 1
478 1908 1
478 1910 1
478 1920 1
478 1937 1
478 1974 1
479 599 1
479 606 1
479 679 1
479 768 1
479 774 1
479 805 1
479 806 1
479 816 1
479 821 1
479 847 1
479 867 1
479 942 1
479 980 1
479 1012 1
479 1016 1
479 1072 1
479 1083 1
479 1098 1
479 1099 1
479 1113 1
479 1207 1
479 1226 1
479 1238 1
479 1259 1
479 1277 1
479 1282 1
479 1300 1
479 1347 1
479 1472 1
479 1533 1
479 1599 1
479 1616 1
479 1697 1
479 1722 1
479 1726 1
479 1730 1
479 1735 1
479 1781 1
479 1788 1
479 1790 1
479 1805 1
479 1844 1
479 1859 1
479 1880 1
479 1934 1
479 1943 1
479 1980 1
479 1991 1
480 492 1
480 506 1
480 579 1
480 604 1
480 605 1
480 743 1
480 766 1
480 792 1
480 834 1
480 887 1
480 955 1
480 960 1
480 961 1
480 976 1
480 1098 1
480 1148 1
480 1162 1
480 1217 1
480 1236 1
480 1310 1
480 1355 1
480 1395 1
480 1427 1
480 1464 1
480 1588 1
480 1613 1
480 1639 1
480 1649 1
480 1655 1
480 1693 1
480 1694 1
480 1718 1
480 1740 1
480 1751 1
480 1768 1
480 1770 1
480 1776 1
480 1852 1
480 1886 1
480 1903 1
480 1921 1
480 1950 1
480 1963 1
480 1985 1
481 508 1
481 527 1
481 563 1
481 585 1
481 630 1
481 648 1
481 709 1
481 771 1
481 792 1
481 955 1
481 1002 1
481 1008 1
481 1057 1
481 1069 1
481 1083 1
481 1191 1
481 1193 1
481 1248 1
481 1277 1
481 1347 1
481 1407 1
481 1461 1
481 1498 1
481 1540 1
481 1589 1
481 1687 1
481 1732 1
481 1748 1
481 1812 1
481 1836 1
481 1847 1
481 1910 1
481 1954 1
482 497 1
482 547 1
482 572 1
482 593 1
482 610 1
482 640 1
482 687 1
482 690 1
482 739 1
482 741 1
482 786 1
482 808 1
482 816 1
482 884 1
482 901 1
482 982 1
482 1027 1
482 1029 1
482 1038 1
482 1093 1
482 1187 1
482 1194 1
482 1203 1
482 1305 1
482 1307 1
482 1355 1
482 1388 1
482 1413 1
482 1429 1
482 1433 1
482 1458 1
482 1473 1
482 1515 1
482 1555 1
482 1584 1
482 1626 1
482 1662 1
482 1699 1
482 1823 1
482 1826 1
482 1831 1
482 1885 1
482 1898 1
482 1908 1
482 1972 1
483 523 1
483 609 1
483 670 1
483 680 1
483 742 1
483 759 1
483 827 1
483 858 1
483 936 1
483 962 1
483 1007 1
483 1053 1
483 1073 1
483 1082 1
483 1098 1
483 1112 1
483 1224 1
483 1305 1
483 1316 1
483 1319 1
483 1328 1
483 1458 1
483 1470 1
483 1492 1
483 1526 1
483 1604 1
483 1823 1
483 1828 1
483 1844 1
483 1883 1
483 1903 1
483 1959 1
483 1991 1
484 552 1
484 559 1
484 615 1
484 652 1
484 691 1
484 704 1
484 790 1
484 889 1
484 907 1
484 931 1
484 964 1
484 969 1
484 989 1
484 1020 1
484 1023 1
484 1047 1
484 1072 1
484 1076 1
484 1079 1
484 1117 1
484 1139 1
484 1148 1
484 1201 1
484 1214 1
484 1257 1
484 1393 1
484 1474 1
484 1510 1
484 1562 1
484 1582 1
484 1589 1
484 1616 1
484 1645 1
484 1698 1
484 1710 1
484 1713 1
484 1737 1
484 1787 1
484 1881 1
484 1915 1
485 565 1
485 613 1
485 626 1
485 646 1
485 684 1
485 696 1
485 746 1
485 790 1
485 819 1
485 873 1
485 931 1
485 1022 1
485 1115 1
485 1186 1
485 1220 1
485 1258 1
485 1280 1
485 1324 1
485 1332 1
485 1342 1
485 1345 1
485 1357 1
485 1401 1
485 1457 1
485 1539 1
485 1558 1
485 1584 1
485 1588 1
485 1594 1
485 1754 1
485 1760 1
485 1833 1
485 1837 1
485 1872 1
485 1932 1
485 1972 1
486 564 1
486 643 1
486 657 1
486 664 1
486 680 1
486 787 1
486 807 1
486 838 1
486 911 1
486 949 1
486 1034 1
486 1046 1
486 1319 1
486 1332 1
486 1335 1
486 1354 1
486 1361 1
486 1394 1
486 1409 1
486 1432 1
486 1434 1
486 1446 1
486 1461 1
486 1540 1
486 1545 1
486 1552 1
486 1582 1
486 1589 1
486 1670 1
486 1716 1
486 1725 1
486 1774 1
486 1777 1
486 1817 1
486 1820 1
486 1827 1
486 1854 1
486 1891 1
486 1931 1
486 1937 1
487 518 1
487 542 1
487 646 1
487 672 1
487 719 1
487 738 1
487 821 1
487 848 1
487 856 1
487 861 1
487 942 1
487 1021 1
487 1097 1
487 1132 1
487 1186 1
487 1193 1
487 1209 1
487 1229 1
487 1278 1
487 1345 1
487 1395 1
487 1506 1
487 1693 1
487 1743 1
487 1750 1
487 1774 1
487 1817 1
487 1896 1
487 1903 1
487 1912 1
487 1923 1
487 1994 1
488 502 1
488 554 1
488 629 1
488 650 1
488 704 1
488 749 1
488 761 1
488 820 1
488 866 1
488 869 1
488 925 1
488 943 1
488 956 1
488 971 1
488 1030 1
488 1054 1
488 1083 1
488 1096 1
488 1113 1
488 1193 1
488 1282 1
488 1285 1
488 1305 1
488 1315 1
488 1317 1
488 1327 1
488 1358 1
488 1473 1
488 1492 1
488 1534 1
488 1564 1
488 1623 1
488 1627 1
488 1638 1
488 1738 1
488 1742 1
488 1771 1
488 1839 1
488 1854 1
488 1862 1
488 1902 1
488 1960 1
489 534 1
489 536 1
489 571 1
489 629 1
489 644 1
489 671 1
489 693 1
489 700 1
489 740 1
489 834 1
489 845 1
489 870 1
489 884 1
489 901 1
489 1010 1
489 1041 1
489 1044 1
489 1086 1
489 1106 1
489 1187 1
489 1207 1
489 1220 1
489 1255 1
489 1273 1
489 1281 1
489 1348 1
489 1363 1
489 1372 1
489 1492 1
489 1540 1
489 1658 1
489 1696 1
489 1803 1
489 1920 1
489 1966 1
490 507 1
490 527 1
490 531 1
490 597 1
490 665 1
490 735 1
490 754 1
490 762 1
490 782 1
490 793 1
490 925 1
490 929 1
490 947 1
490 966 1
490 969 1
490 1028 1
490 1052 1
490 1074 1
490 1148 1
490 1154 1
490 1158 1
490 1175 1
490 1207 1
490 1208 1
490 1244 1
490 1365 1
490 1420 1
490 1440 1
490 1490 1
490 1510 1
490 1532 1
490 1553 1
490 1594 1
490 1626 1
490 1631 1
490 1642 1
490 1683 1
490 1733 1
490 1756 1
490 1766 1
490 1923 1
490 1933 1
491 557 1
491 576 1
491 582 1
491 641 1
491 668 1
491 784 1
491 836 1
491 838 1
491 876 1
491 920 1
491 937 1
491 964 1
491 975 1
491 1051 1
491 1079 1
491 1095 1
491 1100 1
491 1118 1
491 1172 1
491 1286 1
491 1300 1
491 1322 1
491 1326 1
491 1338 1
491 1356 1
491 1394 1
491 1444 1
491 1457 1
491 1478 1
491 1481 1
491 1496 1
491 1540 1
491 1680 1
491 1778 1
491 1794 1
491 1819 1
491 1820 1
491 1842 1
491 1846 1
491 1852 1
491 1867 1
491 1899 1
491 1905 1
491 2000 1
492 503 1
492 524 1
492 586 1
492 621 1
492 682 1
492 747 1
492 818 1
492 822 1
492 854 1
492 879 1
492 982 1
492 986 1
492 1002 1
492 1013 1
492 1041 1
492 1048 1
492 1070 1
492 1106 1
492 1171 1
492 1174 1
492 1210 1
492 1228 1
492 1281 1
492 1284 1
492 1286 1
492 1392 1
492 1496 1
492 1534 1
492 1571 1
492 1599 1
492 1670 1
492 1711 1
492 1719 1
492 1742 1
492 1755 1
492 1786 1
492 1887 1
492 1981 1
493 565 1
493 585 1
493 621 1
493 632 1
493 650 1
493 675 1
493 694 1
493 710 1
493 816 1
493 842 1
493 849 1
493 852 1
493 895 1
493 917 1
493 938 1
493 982 1
493 1070 1
493 1079 1
493 1095 1
493 1114 1
493 1119 1
493 1188 1
493 1218 1
493 1228 1
493 1246 1
493 1287 1
493 1309 1
493 1323 1
493 1328 1
493 1336 1
493 1351 1
493 1366 1
493 1392 1
493 1423 1
493 1462 1
493 1536 1
493 1596 1
493 1624 1
493 1647 1
493 1698 1
493 1699 1
493 1707 1
493 1708 1
493 1715 1
493 1776 1
493 1784 1
493 1807 1
493 1863 1
493 1946 1
493 1992 1
494 535 1
494 582 1
494 589 1
494 633 1
494 644 1
494 678 1
494 709 1
494 725 1
494 729 1
494 751 1
494 758 1
494 778 1
494 798 1
494 823 1
494 848 1
494 851 1
494 858 1
494 871 1
494 941 1
494 988 1
494 1049 1
494 1081 1
494 1136 1
494 1143 1
494 1149 1
494 1171 1
494 1239 1
494 1305 1
494 1348 1
494 1354 1
494 1406 1
494 1416 1
494 1419 1
494 1457 1
494 1480 1
494 1542 1
494 1564 1
494 1719 1
494 1720 1
494 1731 1
494 1743 1
494 1773 1
494 1836 1
494 1926 1
495 505 1
495 568 1
495 576 1
495 605 1
495 641 1
495 644 1
495 655 1
495 720 1
495 791 1
495 842 1
495 899 1
495 964 1
495 994 1
495 1005 1
495 1013 1
495 1029 1
495 1066 1
495 1101 1
495 1126 1
495 1136 1
495 1205 1
495 1206 1
495 1221 1
495 1243 1
495 1280 1
495 1287 1
495 1304 1
495 1366 1
495 1368 1
495 1438 1
495 1444 1
495 1478 1
495 1536 1
495 1573 1
495 1636 1
495 1912 1
495 1926 1
495 1953 1
495 1961 1
496 651 1
496 679 1
496 741 1
496 760 1
496 778 1
496 830 1
496 847 1
496 937 1
496 1019 1
496 1108 1
496 1131 1
496 1239 1
496 1241 1
496 1347 1
496 1460 1
496 1504 1
496 1527 1
496 1538 1
496 1614 1
496 1616 1
496 1795 1
496 1801 1
496 1821 1
496 1854 1
496 1864 1
496 1963 1
496 1982 1
497 511 1
497 514 1
497 615 1
497 725 1
497 859 1
497 881 1
497 927 1
497 941 1
497 958 1
497 965 1
497 1007 1
497 1031 1
497 1066 1
497 1114 1
497 1192 1
497 1229 1
497 1230 1
497 1321 1
497 1322 1
497 1393 1
497 1400 1
497 1401 1
497 1407 1
497 1413 1
497 1523 1
497 1617 1
497 1624 1
497 1663 1
497 1709 1
497 1747 1
497 1784 1
497 1785 1
497 1829 1
497 1910 1
497 1945 1
497 1990 1
498 579 1
498 585 1
498 600 1
498 650 1
498 653 1
498 655 1
498 737 1
498 776 1
498 792 1
498 833 1
498 874 1
498 949 1
498 992 1
498 1008 1
498 1033 1
498 1042 1
498 1069 1
498 1144 1
498 1161 1
498 1180 1
498 1216 1
498 1228 1
498 1268 1
498 1283 1
498 1309 1
498 1322 1
498 1344 1
498 1367 1
498 1369 1
498 1393 1
498 1398 1
498 1417 1
498 1440 1
498 1444 1
498 1469 1
498 1532 1
498 1545 1
498 1566 1
498 1680 1
498 1767 1
498 1782 1
498 1803 1
498 1850 1
498 1932 1
498 1969 1
498 2000 1
499 578 1
499 627 1
499 634 1
499 640 1
499 688 1
499 761 1
499 857 1
499 889 1
499 905 1
499 963 1
499 971 1
499 1048 1
499 1209 1
499 1269 1
499 1337 1
499 1465 1
499 1471 1
499 1539 1
499 1703 1
499 1758 1
499 1786 1
499 1864 1
499 1869 1
499 1880 1
499 1888 1
499 1926 1
499 1930 1
499 1990 1
500 520 1
500 582 1
500 614 1
500 616 1
500 659 1
500 750 1
500 775 1
500 820 1
500 827 1
500 841 1
500 888 1
500 897 1
500 912 1
500 1020 1
500 1068 1
500 1075 1
500 1091 1
500 1154 1
500 1164 1
500 1204 1
500 1209 1
500 1241 1
500 1275 1
500 1323 1
500 1378 1
500 1435 1
500 1567 1
500 1593 1
500 1716 1
500 1726 1
500 1742 1
500 1823 1
500 1846 1
500 1847 1
500 1916 1
500 1951 1
500 1997 1
501 513 1
501 514 1
501 603 1
501 604 1
501 608 1
501 699 1
501 709 1
501 787 1
501 823 1
501 846 1
501 907 1
501 922 1
501 927 1
501 965 1
501 995 1
501 1023 1
501 1041 1
501 1073 1
501 1119 1
501 1222 1
501 1225 1
501 1338 1
501 1434 1
501 1450 1
501 1532 1
501 1537 1
501 1547 1
501 1605 1
501 1618 1
501 1621 1
501 1691 1
501 1693 1
501 1698 1
501 1736 1
501 1739 1
501 1757 1
501 1773 1
501 1807 1
501 1823 1
501 1862 1
501 1864 1
501 1873 1
501 1879 1
501 1896 1
501 1897 1
501 1937 1
501 1954 1
502 526 1
502 536 1
502 596 1
502 598 1
502 641 1
502 717 1
502 742 1
502 791 1
502 847 1
502 872 1
502 916 1
502 931 1
502 1009 1
502 1058 1
502 1062 1
502 1115 1
502 1152 1
502 1171 1
502 1253 1
502 1318 1
502 1387 1
502 1393 1
502 1414 1
502 1516 1
502 1525 1
502 1526 1
502 1528 1
502 1536 1
502 1571 1
502 1653 1
502 1673 1
502 1696 1
502 1715 1
502 1739 1
502 1765 1
502 1774 1
502 1780 1
502 1808 1
502 1831 1
502 1899 1
502 1906 1
502 1933 1
502 1986 1
503 504 1
503 533 1
503 563 1
503 567 1
503 608 1
503 624 1
503 653 1
503 666 1
503 730 1
503 735 1
503 764 1
503 767 1
503 866 1
503 870 1
503 871 1
503 930 1
503 979 1
503 1017 1
503 1114 1
503 1134 1
503 1187 1
503 1196 1
503 1315 1
503 1351 1
503 1406 1
503 1411 1
503 1444 1
503 1502 1
503 1558 1
503 1582 1
503 1627 1
503 1699 1
503 1715 1
503 1777 1
503 1843 1
503 1882 1
503 1892 1
504 522 1
504 533 1
504 558 1
504 577 1
504 586 1
504 658 1
504 678 1
504 703 1
504 746 1
504 863 1
504 941 1
504 958 1
504 982 1
504 1015 1
504 1135 1
504 1191 1
504 1224 1
504 1249 1
504 1267 1
504 1297 1
504 1303 1
504 1354 1
504 1363 1
504 1366 1
504 1380 1
504 1395 1
504 1441 1
504 1452 1
504 1508 1
504 1565 1
504 1602 1
504 1739 1
504 1812 1
504 1853 1
504 1900 1
504 1938 1
504 1952 1
504 1996 1
504 1998 1
505 518 1
505 672 1
505 693 1
505 725 1
505 748 1
505 776 1
505 794 1
505 851 1
505 898 1
505 916 1
505 952 1
505 1000 1
505 1032 1
505 1052 1
505 1082 1
505 1097 1
505 1147 1
505 1182 1
505 1328 1
505 1363 1
505 1366 1
505 1457 1
505 1460 1
505 1513 1
505 1515 1
505 1577 1
505 1609 1
505 1630 1
505 1646 1
505 1693 1
505 1711 1
505 1755 1
505 1904 1
505 1940 1
505 1949 1
506 526 1
506 541 1
506 578 1
506 651 1
506 778 1
506 859 1
506 898 1
506 916 1
506 950 1
506 977 1
506 1031 1
506 1067 1
506 1116 1
506 1164 1
506 1177 1
506 1347 1
506 1416 1
506 1482 1
506 1537 1
506 1538 1
506 1716 1
506 1757 1
506 1767 1
506 1776 1
506 1823 1
506 1835 1
506 1845 1
506 1859 1
506 1896 1
506 1991 1
507 518 1
507 631 1
507 659 1
507 675 1
507 798 1
507 824 1
507 884 1
507 895 1
507 937 1
507 1076 1
507 1094 1
507 1118 1
507 1133 1
507 1149 1
507 1166 1
507 1216 1
507 1257 1
507 1278 1
507 1316 1
507 1368 1
507 1380 1
507 1418 1
507 1423 1
507 1431 1
507 1474 1
507 1476 1
507 1479 1
507 1485 1
507 1540 1
507 1590 1
507 1683 1
507 1711 1
507 1712 1
507 1901 1
508 528 1
508 561 1
508 653 1
508 664 1
508 673 1
508 710 1
508 715 1
508 748 1
508 767 1
508 855 1
508 896 1
508 924 1
508 925 1
508 953 1
508 1029 1
508 1040 1
508 1100 1
508 1124 1
508 1201 1
508 1221 1
508 1241 1
508 1245 1
508 1247 1
508 1272 1
508 1297 1
508 1336 1
508 1371 1
508 1402 1
508 1407 1
508 1430 1
508 1574 1
508 1588 1
508 1611 1
508 1648 1
508 1649 1
508 1660 1
508 1664 1
508 1747 1
508 1780 1
508 1796 1
508 1806 1
508 1880 1
508 1897 1
508 1905 1
508 1942 1
508 1943 1
508 1967 1
509 519 1
509 551 1
509 798 1
509 822 1
509 827 1
509 870 1
509 884 1
509 970 1
509 1006 1
509 1093 1
509 1124 1
509 1149 1
509 1232 1
509 1243 1
509 1277 1
509 1421 1
509 1445 1
509 1461 1
509 1473 1
509 1493 1
509 1495 1
509 1523 1
509 1562 1
509 1598 1
509 1688 1
509 1694 1
509 1697 1
509 1705 1
509 1708 1
509 1722 1
509 1800 1
509 1835 1
509 1959 1
509 1976 1
510 553 1
510 605 1
510 609 1
510 692 1
510 708 1
510 711 1
510 772 1
510 852 1
510 949 1
510 964 1
510 975 1
510 1194 1
510 1219 1
510 1232 1
510 1256 1
510 1259 1
510 1355 1
510 1360 1
510 1383 1
510 1472 1
510 1528 1
510 1545 1
510 1564 1
510 1571 1
510 1585 1
510 1598 1
510 1694 1
510 1704 1
510 1711 1
510 1720 1
510 1746 1
510 1787 1
510 1794 1
510 1796 1
510 1874 1
510 1879 1
510 1911 1
511 528 1
511 539 1
511 554 1
511 731 1
511 771 1
511 807 1
511 892 1
511 897 1
511 916 1
511 1042 1
511 1052 1
511 1063 1
511 1065 1
511 1206 1
511 1232 1
511 1263 1
511 1306 1
511 1354 1
511 1403 1
511 1472 1
511 1494 1
511 1513 1
511 1532 1
511 1577 1
511 1621 1
511 1651 1
511 1694 1
511 1728 1
511 1770 1
511 1801 1
511 1821 1
511 1869 1
511 1915 1
511 1954 1
511 1961 1
511 1970 1
512 526 1
512 527 1
512 581 1
512 685 1
512 705 1
512 734 1
512 790 1
512 907 1
512 927 1
512 1030 1
512 1094 1
512 1146 1
512 1180 1
512 1212 1
512 1228 1
512 1242 1
512 1266 1
512 1284 1
512 1286 1
512 1289 1
512 1292 1
512 1314 1
512 1350 1
512 1357 1
512 1366 1
512 1399 1
512 1418 1
512 1427 1
512 1454 1
512 1478 1
512 1491 1
512 1497 1
512 1506 1
512 1513 1
512 1519 1
512 1529 1
512 1599 1
512 1684 1
512 1711 1
512 1713 1
512 1721 1
512 1787 1
512 1844 1
512 1862 1
512 1868 1
512 1893 1
513 584 1
513 674 1
513 790 1
513 833 1
513 875 1
513 913 1
513 948 1
513 1062 1
513 1098 1
513 1139 1
513 1146 1
513 1192 1
513 1212 1
513 1213 1
513 1221 1
513 1274 1
513 1333 1
513 1390 1
513 1412 1
513 1441 1
513 1507 1
513 1663 1
513 1689 1
513 1725 1
513 1775 1
513 1822 1
513 1894 1
513 1921 1
513 1928 1
513 1932 1
514 517 1
514 542 1
514 598 1
514 621 1
514 657 1
514 668 1
514 693 1
514 780 1
514 781 1
514 782 1
514 799 1
514 868 1
514 877 1
514 909 1
514 923 1
514 927 1
514 960 1
514 976 1
514 990 1
514 1047 1
514 1061 1
514 1070 1
514 1088 1
514 1141 1
514 1146 1
514 1156 1
514 1224 1
514 1287 1
514 1469 1
514 1497 1
514 1544 1
514 1572 1
514 1669 1
514 1674 1
514 1675 1
514 1736 1
514 1776 1
514 1830 1
514 1838 1
514 1958 1
515 542 1
515 641 1
515 650 1
515 669 1
515 693 1
515 726 1
515 786 1
515 803 1
515 893 1
515 932 1
515 977 1
515 994 1
515 1090 1
515 1097 1
515 1119 1
515 1172 1
515 1181 1
515 1195 1
515 1287 1
515 1450 1
515 1510 1
515 1566 1
515 1578 1
515 1647 1
515 1683 1
515 1749 1
515 1791 1
515 1808 1
515 1928 1
515 1944 1
515 1979 1
515 1993 1
516 518 1
516 567 1
516 608 1
516 614 1
516 625 1
516 742 1
516 818 1
516 862 1
516 956 1
516 1122 1
516 1132 1
516 1264 1
516 1309 1
516 1369 1
516 1507 1
516 1596 1
516 1603 1
516 1627 1
516 1646 1
516 1659 1
516 1671 1
516 1699 1
516 1737 1
516 1761 1
516 1834 1
516 1887 1
516 1892 1
516 1922 1
516 1933 1
516 1948 1
516 1951 1
516 2000 1
517 563 1
517 630 1
517 699 1
517 761 1
517 778 1
517 873 1
517 876 1
517 883 1
517 936 1
517 964 1
517 970 1
517 971 1
517 1048 1
517 1063 1
517 1076 1
517 1085 1
517 1095 1
517 1238 1
517 1271 1
517 1276 1
517 1315 1
517 1338 1
517 1430 1
517 1504 1
517 1526 1
517 1547 1
517 1570 1
517 1590 1
517 1621 1
517 1633 1
517 1647 1
517 1766 1
517 1790 1
517 1792 1
517 1817 1
517 1870 1
517 1909 1
517 1975 1
517 1994 1
518 536 1
518 568 1
518 570 1
518 593 1
518 749 1
518 769 1
518 775 1
518 802 1
518 858 1
518 879 1
518 936 1
518 953 1
518 1018 1
518 1045 1
518 1089 1
518 1130 1
518 1146 1
518 1178 1
518 1253 1
518 1254 1
518 1268 1
518 1281 1
518 1328 1
518 1334 1
518 1345 1
518 1388 1
518 1403 1
518 1513 1
518 1553 1
518 1646 1
518 1827 1
518 1863 1
518 1868 1
518 1871 1
518 1879 1
518 1954 1
518 1971 1
518 1994 1
519 558 1
519 561 1
519 564 1
519 580 1
519 631 1
519 699 1
519 730 1
519 780 1
519 829 1
519 941 1
519 976 1
519 1034 1
519 1057 1
519 1148 1
519 1172 1
519 1178 1
519 1183 1
519 1206 1
519 1298 1
519 1345 1
519 1401 1
519 1433 1
519 1505 1
519 1557 1
519 1577 1
519 1590 1
519 1653 1
519 1699 1
519 1731 1
519 1739 1
519 1799 1
519 1816 1
519 1909 1
519 1937 1
520 569 1
520 628 1
520 689 1
520 766 1
520 804 1
520 814 1
520 837 1
520 848 1
520 934 1
520 993 1
520 1033 1
520 1034 1
520 1051 1
520 1056 1
520 1135 1
520 1145 1
520 1206 1
520 1221 1
520 1224 1
520 1262 1
520 1390 1
520 1462 1
520 1463 1
520 1489 1
520 1577 1
520 1604 1
520 1639 1
520 1665 1
520 1666 1
520 1686 1
520 1700 1
520 1756 1
520 1801 1
520 1817 1
520 1843 1
520 1876 1
520 1886 1
520 1911 1
521 523 1
521 628 1
521 629 1
521 633 1
521 783 1
521 876 1
521 897 1
521 920 1
521 933 1
521 1160 1
521 1236 1
521 1243 1
521 1252 1
521 1319 1
521 1354 1
521 1418 1
521 1419 1
521 1473 1
521 1512 1
521 1517 1
521 1520 1
521 1524 1
521 1530 1
521 1577 1
521 1583 1
521 1646 1
521 1658 1
521 1700 1
521 1786 1
521 1827 1
521 1847 1
521 1898 1
521 1917 1
521 1943 1
521 1945 1
522 526 1
522 541 1
522 563 1
522 593 1
522 664 1
522 671 1
522 684 1
522 705 1
522 715 1
522 742 1
522 751 1
522 792 1
522 820 1
522 882 1
522 885 1
522 903 1
522 974 1
522 1018 1
522 1130 1
522 1193 1
522 1199 1
522 1247 1
522 1316 1
522 1318 1
522 1348 1
522 1354 1
522 1399 1
522 1504 1
522 1530 1
522 1566 1
522 1581 1
522 1597 1
522 1662 1
522 1718 1
522 1746 1
522 1814 1
522 1903 1
523 567 1
523 606 1
523 702 1
523 723 1
523 771 1
523 799 1
523 806 1
523 818 1
523 824 1
523 826 1
523 838 1
523 922 1
523 928 1
523 965 1
523 1018 1
523 1070 1
523 1076 1
523 1079 1
523 1109 1
523 1174 1
523 1176 1
523 1214 1
523 1254 1
523 1289 1
523 1304 1
523 1360 1
523 1371 1
523 1461 1
523 1486 1
523 1514 1
523 1521 1
523 1570 1
523 1573 1
523 1616 1
523 1670 1
523 1753 1
523 1758 1
523 1880 1
523 1915 1
524 671 1
524 677 1
524 689 1
524 738 1
524 739 1
524 742 1
524 857 1
524 881 1
524 940 1
524 971 1
524 978 1
524 981 1
524 1062 1
524 1127 1
524 1156 1
524 1191 1
524 1213 1
524 1240 1
524 1359 1
524 1386 1
524 1411 1
524 1480 1
524 1544 1
524 1625 1
524 1674 1
524 1778 1
524 1782 1
524 1811 1
524 1833 1
524 1850 1
524 1874 1
524 1967 1
524 1972 1
524 1973 1
525 539 1
525 547 1
525 606 1
525 649 1
525 662 1
525 684 1
525 720 1
525 721 1
525 736 1
525 811 1
525 825 1
525 842 1
525 850 1
525 856 1
525 879 1
525 886 1
525 920 1
525 925 1
525 936 1
525 990 1
525 995 1
525 1049 1
525 1050 1
525 1051 1
525 1054 1
525 1084 1
525 1164 1
525 1201 1
525 1204 1
525 1223 1
525 1326 1
525 1541 1
525 1556 1
525 1643 1
525 1684 1
525 1695 1
525 1697 1
525 1703 1
525 1731 1
525 1737 1
525 1738 1
525 1749 1
525 1844 1
525 1845 1
525 1917 1
525 1950 1
525 1976 1
526 562 1
526 582 1
526 586 1
526 614 1
526 652 1
526 740 1
526 820 1
526 828 1
526 858 1
526 908 1
526 918 1
526 1041 1
526 1042 1
526 1062 1
526 1100 1
526 1122 1
526 1144 1
526 1160 1
526 1162 1
526 1171 1
526 1266 1
526 1329 1
526 1351 1
526 1355 1
526 1362 1
526 1440 1
526 1470 1
526 1476 1
526 1517 1
526 1558 1
526 1582 1
526 1601 1
526 1603 1
526 1672 1
526 1808 1
526 1813 1
526 1832 1
526 1844 1
526 1927 1
526 1930 1
527 531 1
527 635 1
527 710 1
527 743 1
527 795 1
527 827 1
527 859 1
527 865 1
527 902 1
527 923 1
527 960 1
527 970 1
527 989 1
527 992 1
527 1066 1
527 1077 1
527 1119 1
527 1164 1
527 1171 1
527 1200 1
527 1207 1
527 1258 1
527 1314 1
527 1347 1
527 1389 1
527 1403 1
527 1440 1
527 1501 1
527 1540 1
527 1620 1
527 1691 1
527 1693 1
527 1733 1
527 1754 1
527 1795 1
527 1914 1
527 1937 1
528 622 1
528 702 1
528 748 1
528 809 1
528 902 1
528 976 1
528 1001 1
528 1005 1
528 1162 1
528 1163 1
528 1177 1
528 1288 1
528 1294 1
528 1329 1
528 1436 1
528 1453 1
528 1589 1
528 1629 1
528 1661 1
528 1683 1
528 1759 1
528 1770 1
528 1778 1
528 1906 1
528 1996 1
529 555 1
529 581 1
529 635 1
529 639 1
529 712 1
529 733 1
529 781 1
529 833 1
529 873 1
529 911 1
529 958 1
529 990 1
529 1023 1
529 1074 1
529 1077 1
529 1090 1
529 1100 1
529 1126 1
529 1128 1
529 1163 1
529 1194 1
529 1232 1
529 1334 1
529 1350 1
529 1405 1
529 1488 1
529 1515 1
529 1529 1
529 1578 1
529 1628 1
529 1657 1
529 1659 1
529 1670 1
529 1686 1
529 1703 1
529 1735 1
529 1794 1
529 1815 1
530 558 1
530 601 1
530 662 1
530 681 1
530 721 1
530 725 1
530 754 1
530 776 1
530 830 1
530 866 1
530 876 1
530 947 1
530 969 1
530 1004 1
530 1070 1
530 1077 1
530 1083 1
530 1131 1
530 1154 1
530 1183 1
530 1247 1
530 1251 1
530 1291 1
530 1331 1
530 1342 1
530 1355 1
530 1478 1
530 1495 1
530 1504 1
530 1512 1
530 1555 1
530 1628 1
530 1682 1
530 1688 1
530 1693 1
530 1755 1
530 1796 1
530 1834 1
530 1855 1
530 1884 1
530 1999 1
531 572 1
531 632 1
531 656 1
531 673 1
531 710 1
531 720 1
531 773 1
531 777 1
531 811 1
531 829 1
531 852 1
531 867 1
531 891 1
531 904 1
531 910 1
531 957 1
531 966 1
531 1034 1
531 1041 1
531 1042 1
531 1140 1
531 1237 1
531 1243 1
531 1276 1
531 1278 1
531 1283 1
531 1332 1
531 1366 1
531 1372 1
531 1511 1
531 1522 1
531 1526 1
531 1543 1
531 1570 1
531 1595 1
531 1611 1
531 1641 1
531 1675 1
531 1718 1
531 1737 1
531 1823 1
531 1872 1
531 1920 1
531 1968 1
531 1990 1
532 542 1
532 598 1
532 624 1
532 629 1
532 633 1
532 658 1
532 699 1
532 814 1
532 885 1
532 895 1
532 914 1
532 919 1
532 925 1
532 993 1
532 1012 1
532 1065 1
532 1077 1
532 1186 1
532 1331 1
532 1400 1
532 1466 1
532 1470 1
532 1495 1
532 1564 1
532 1594 1
532 1620 1
532 1630 1
532 1641 1
532 1646 1
532 1681 1
532 1750 1
532 1798 1
532 1803 1
532 1861 1
532 1870 1
532 1950 1
533 644 1
533 663 1
533 667 1
533 708 1
533 734 1
533 739 1
533 796 1
533 801 1
533 803 1
533 854 1
533 873 1
533 978 1
533 986 1
533 1020 1
533 1075 1
533 1204 1
533 1241 1
533 1324 1
533 1369 1
533 1381 1
533 1538 1
533 1545 1
533 1585 1
533 1619 1
533 1621 1
533 1630 1
533 1636 1
533 1728 1
533 1767 1
533 1812 1
533 1859 1
533 1866 1
533 1909 1
533 1970 1
534 545 1
534 592 1
534 599 1
534 688 1
534 696 1
534 724 1
534 741 1
534 813 1
534 817 1
534 824 1
534 826 1
534 952 1
534 1024 1
534 1064 1
534 1163 1
534 1169 1
534 1176 1
534 1189 1
534 1193 1
534 1204 1
534 1305 1
534 1323 1
534 1370 1
534 1418 1
534 1465 1
534 1587 1
534 1704 1
534 1706 1
534 1737 1
534 1794 1
534 1805 1
534 1910 1
534 1952 1
534 1955 1
535 540 1
535 605 1
535 677 1
535 703 1
535 716 1
535 778 1
535 797 1
535 896 1
535 931 1
535 932 1
535 948 1
535 950 1
535 985 1
535 990 1
535 1010 1
535 1020 1
535 1037 1
535 1075 1
535 1092 1
535 1123 1
535 1133 1
535 1136 1
535 1207 1
535 1222 1
535 1225 1
535 1231 1
535 1303 1
535 1477 1
535 1524 1
535 1540 1
535 1541 1
535 1644 1
535 1736 1
535 1741 1
535 1764 1
535 1834 1
535 1835 1
535 1874 1
535 1895 1
535 1925 1
535 1997 1
536 548 1
536 571 1
536 575 1
536 595 1
536 745 1
536 757 1
536 795 1
536 823 1
536 834 1
536 894 1
536 898 1
536 932 1
536 959 1
536 985 1
536 986 1
536 1046 1
536 1047 1
536 1125 1
536 1145 1
536 1218 1
536 1232 1
536 1319 1
536 1334 1
536 1357 1
536 1373 1
536 1436 1
536 1451 1
536 1516 1
536 1571 1
536 1642 1
536 1660 1
536 1664 1
536 1713 1
536 1894 1
536 1957 1
536 1973 1
537 585 1
537 609 1
537 625 1
537 666 1
537 737 1
537 888 1
537 941 1
537 1026 1
537 1106 1
537 1117 1
537 1134 1
537 1299 1
537 1329 1
537 1340 1
537 1363 1
537 1364 1
537 1381 1
537 1405 1
537 1443 1
537 1451 1
537 1567 1
537 1642 1
537 1696 1
537 1726 1
537 1776 1
537 1826 1
537 1868 1
537 1886 1
538 552 1
538 617 1
538 641 1
538 645 1
538 662 1
538 714 1
538 716 1
538 717 1
538 737 1
538 763 1
538 815 1
538 863 1
538 905 1
538 930 1
538 1012 1
538 1070 1
538 1077 1
538 1157 1
538 1174 1
538 1188 1
538 1229 1
538 1278 1
538 1297 1
538 1388 1
538 1444 1
538 1496 1
538 1515 1
538 1542 1
538 1553 1
538 1601 1
538 1624 1
538 1635 1
538 1679 1
538 1706 1
538 1716 1
538 1735 1
538 1739 1
538 1772 1
538 1854 1
538 1887 1
538 1913 1
538 1921 1
538 1977 1
538 1989 1
539 593 1
539 647 1
539 702 1
539 761 1
539 829 1
539 861 1
539 879 1
539 922 1
539 934 1
539 960 1
539 977 1
539 982 1
539 1005 1
539 1035 1
539 1040 1
539 1044 1
539 1073 1
539 1139 1
539 1148 1
539 1232 1
539 1286 1
539 1372 1
539 1378 1
539 1405 1
539 1415 1
539 1487 1
539 1502 1
539 1539 1
539 1558 1
539 1569 1
539 1591 1
539 1637 1
539 1663 1
539 1698 1
539 1699 1
539 1712 1
539 1747 1
539 1759 1
539 1773 1
539 1778 1
539 1840 1
539 1845 1
539 1914 1
539 1971 1
539 1992 1
540 599 1
540 635 1
540 744 1
540 861 1
540 870 1
540 890 1
540 902 1
540 926 1
540 953 1
540 957 1
540 1071 1
540 1102 1
540 1182 1
540 1224 1
540 1265 1
540 1283 1
540 1331 1
540 1371 1
540 1377 1
540 1410 1
540 1501 1
540 1543 1
540 1613 1
540 1668 1
540 1673 1
540 1702 1
540 1710 1
540 1760 1
540 1766 1
540 1782 1
540 1789 1
540 1800 1
540 1909 1
540 1988 1
541 542 1
541 555 1
541 562 1
541 579 1
541 602 1
541 607 1
541 615 1
541 628 1
541 722 1
541 758 1
541 880 1
541 963 1
541 1019 1
541 1098 1
541 1106 1
541 1158 1
541 1197 1
541 1283 1
541 1315 1
541 1344 1
541 1462 1
541 1515 1
541 1520 1
541 1524 1
541 1559 1
541 1572 1
541 1627 1
541 1648 1
541 1679 1
541 1701 1
541 1732 1
541 1735 1
541 1747 1
541 1796 1
541 1806 1
541 1865 1
541 1918 1
541 1924 1
541 1943 1
542 590 1
542 603 1
542 632 1
542 650 1
542 654 1
542 656 1
542 660 1
542 679 1
542 704 1
542 763 1
542 824 1
542 849 1
542 990 1
542 999 1
542 1043 1
542 1089 1
542 1102 1
542 1145 1
542 1146 1
542 1173 1
542 1220 1
542 1221 1
542 1223 1
542 1281 1
542 1324 1
542 1405 1
542 1457 1
542 1560 1
542 1567 1
542 1580 1
542 1653 1
542 1693 1
542 1756 1
542 1770 1
542 1921 1
542 1928 1
542 1981 1
543 575 1
543 727 1
543 733 1
543 747 1
543 757 1
543 774 1
543 777 1
543 827 1
543 859 1
543 1004 1
543 1043 1
543 1127 1
543 1149 1
543 1161 1
543 1225 1
543 1260 1
543 1270 1
543 1297 1
543 1311 1
543 1322 1
543 1326 1
543 1351 1
543 1413 1
543 1449 1
543 1461 1
543 1494 1
543 1502 1
543 1531 1
543 1556 1
543 1583 1
543 1653 1
543 1699 1
543 1717 1
543 1804 1
543 1840 1
544 552 1
544 554 1
544 625 1
544 673 1
544 720 1
544 805 1
544 843 1
544 890 1
544 985 1
544 1044 1
544 1054 1
544 1055 1
544 1064 1
544 1067 1
544 1074 1
544 1078 1
544 1119 1
544 1138 1
544 1154 1
544 1214 1
544 1257 1
544 1266 1
544 1286 1
544 1306 1
544 1369 1
544 1442 1
544 1541 1
544 1662 1
544 1673 1
544 1784 1
544 1799 1
544 1832 1
544 1892 1
544 1897 1
544 1950 1
544 1998 1
545 581 1
545 642 1
545 646 1
545 699 1
545 796 1
545 851 1
545 855 1
545 884 1
545 916 1
545 922 1
545 933 1
545 947 1
545 963 1
545 1043 1
545 1051 1
545 1140 1
545 1203 1
545 1218 1
545 1230 1
545 1239 1
545 1325 1
545 1370 1
545 1396 1
545 1399 1
545 1426 1
545 1451 1
545 1459 1
545 1468 1
545 1469 1
545 1533 1
545 1588 1
545 1602 1
545 1622 1
545 1657 1
545 1660 1
545 1698 1
545 1713 1
545 1746 1
545 1783 1
545 1792 1
545 1820 1
545 1984 1
546 559 1
546 590 1
546 620 1
546 712 1
546 728 1
546 769 1
546 776 1
546 882 1
546 938 1
546 1012 1
546 1027 1
546 1113 1
546 1131 1
546 1134 1
546 1157 1
546 1201 1
546 1297 1
546 1304 1
546 1407 1
546 1428 1
546 1447 1
546 1479 1
546 1481 1
546 1584 1
546 1588 1
546 1599 1
546 1645 1
546 1659 1
546 1726 1
546 1843 1
546 1930 1
547 644 1
547 675 1
547 682 1
547 732 1
547 743 1
547 745 1
547 765 1
547 785 1
547 810 1
547 868 1
547 914 1
547 933 1
547 992 1
547 995 1
547 997 1
547 1037 1
547 1140 1
547 1185 1
547 1230 1
547 1240 1
547 1265 1
547 1306 1
547 1314 1
547 1326 1
547 1333 1
547 1424 1
547 1429 1
547 1449 1
547 1482 1
547 1483 1
547 1524 1
547 1542 1
547 1575 1
547 1584 1
547 1599 1
547 1673 1
547 1761 1
547 1802 1
547 1844 1
547 1873 1
547 1875 1
547 1896 1
547 1955 1
547 1987 1
547 1993 1
548 551 1
548 568 1
548 577 1
548 601 1
548 660 1
548 668 1
548 730 1
548 805 1
548 821 1
548 845 1
548 849 1
548 894 1
548 912 1
548 914 1
548 923 1
548 980 1
548 1271 1
548 1382 1
548 1404 1
548 1485 1
548 1542 1
548 1612 1
548 1613 1
548 1665 1
548 1669 1
548 1705 1
548 1799 1
548 1827 1
548 1842 1
548 1886 1
548 1900 1
548 1927 1
548 1985 1
549 630 1
549 638 1
549 727 1
549 780 1
549 825 1
549 941 1
549 967 1
549 985 1
549 990 1
549 1042 1
549 1120 1
549 1164 1
549 1255 1
549 1278 1
549 1286 1
549 1323 1
549 1347 1
549 1504 1
549 1531 1
549 1616 1
549 1627 1
549 1639 1
549 1703 1
549 1774 1
549 1843 1
549 1866 1
549 1875 1
549 1931 1
549 1955 1
549 1959 1
550 599 1
550 735 1
550 771 1
550 881 1
550 888 1
550 910 1
550 931 1
550 958 1
550 980 1
550 1046 1
550 1089 1
550 1120 1
550 1132 1
550 1148 1
550 1161 1
550 1222 1
550 1223 1
550 1245 1
550 1267 1
550 1366 1
550 1433 1
550 1454 1
550 1465 1
550 1467 1
550 1480 1
550 1527 1
550 1736 1
550 1741 1
550 1767 1
550 1769 1
550 1803 1
550 1831 1
550 1835 1
550 1893 1
550 1912 1
550 1958 1
550 1978 1
551 581 1
551 585 1
551 622 1
551 662 1
551 697 1
551 710 1
551 729 1
551 735 1
551 737 1
551 740 1
551 747 1
551 759 1
551 819 1
551 845 1
551 880 1
551 885 1
551 920 1
551 945 1
551 962 1
551 992 1
551 1001 1
551 1026 1
551 1062 1
551 1073 1
551 1103 1
551 1195 1
551 1233 1
551 1247 1
551 1280 1
551 1309 1
551 1389 1
551 1402 1
551 1425 1
551 1461 1
551 1471 1
551 1508 1
551 1574 1
551 1577 1
551 1582 1
551 1627 1
551 1638 1
551 1641 1
551 1786 1
551 1798 1
551 1813 1
551 1830 1
551 1836 1
551 1845 1
551 1874 1
551 1904 1
551 1988 1
551 1992 1
552 578 1
552 579 1
552 656 1
552 700 1
552 782 1
552 878 1
552 884 1
552 890 1
552 958 1
552 959 1
552 1008 1
552 1031 1
552 1225 1
552 1226 1
552 1259 1
552 1315 1
552 1346 1
552 1398 1
552 1436 1
552 1478 1
552 1559 1
552 1577 1
552 1594 1
552 1633 1
552 1645 1
552 1668 1
552 1677 1
552 1680 1
552 1774 1
552 1806 1
552 1831 1
552 1851 1
552 1878 1
552 1921 1
553 572 1
553 606 1
553 699 1
553 764 1
553 801 1
553 823 1
553 831 1
553 856 1
553 892 1
553 950 1
553 1012 1
553 1052 1
553 1400 1
553 1421 1
553 1605 1
553 1620 1
553 1664 1
553 1736 1
553 1790 1
553 1801 1
553 1813 1
553 1850 1
553 1873 1
553 1875 1
553 1957 1
553 1963 1
554 567 1
554 606 1
554 641 1
554 697 1
554 709 1
554 759 1
554 763 1
554 768 1
554 777 1
554 816 1
554 843 1
554 854 1
554 870 1
554 1022 1
554 1036 1
554 1059 1
554 1064 1
554 1119 1
554 1171 1
554 1186 1
554 1296 1
554 1382 1
554 1405 1
554 1436 1
554 1439 1
554 1478 1
554 1594 1
554 1604 1
554 1635 1
554 1673 1
554 1684 1
554 1698 1
554 1748 1
554 1789 1
554 1802 1
554 1867 1
554 1898 1
554 1902 1
554 1928 1
555 564 1
555 572 1
555 659 1
555 665 1
555 680 1
555 772 1
555 783 1
555 808 1
555 849 1
555 894 1
555 959 1
555 961 1
555 1123 1
555 1152 1
555 1173 1
555 1268 1
555 1309 1
555 1337 1
555 1378 1
555 1402 1
555 1447 1
555 1467 1
555 1489 1
555 1534 1
555 1567 1
555 1639 1
555 1660 1
555 1695 1
555 1732 1
555 1742 1
555 1793 1
555 1808 1
555 1832 1
555 1908 1
555 1969 1
556 579 1
556 666 1
556 699 1
556 755 1
556 773 1
556 776 1
556 806 1
556 824 1
556 855 1
556 872 1
556 887 1
556 952 1
556 996 1
556 1124 1
556 1134 1
556 1231 1
556 1249 1
556 1317 1
556 1322 1
556 1375 1
556 1513 1
556 1588 1
556 1670 1
556 1676 1
556 1731 1
556 1736 1
556 1765 1
556 1767 1
556 1772 1
556 1922 1
556 1938 1
556 1948 1
556 1975 1
557 573 1
557 658 1
557 712 1
557 736 1
557 766 1
557 831 1
557 863 1
557 885 1
557 896 1
557 942 1
557 971 1
557 1110 1
557 1212 1
557 1289 1
557 1328 1
557 1358 1
557 1407 1
557 1416 1
557 1421 1
557 1443 1
557 1483 1
557 1628 1
557 1643 1
557 1644 1
557 1661 1
557 1665 1
557 1721 1
557 1762 1
557 1797 1
557 1821 1
557 1934 1
557 1967 1
558 559 1
558 581 1
558 595 1
558 615 1
558 631 1
558 640 1
558 702 1
558 760 1
558 769 1
558 775 1
558 916 1
558 980 1
558 986 1
558 1023 1
558 1035 1
558 1112 1
558 1145 1
558 1225 1
558 1235 1
558 1236 1
558 1242 1
558 1288 1
558 1403 1
558 1482 1
558 1522 1
558 1529 1
558 1557 1
558 1621 1
558 1679 1
558 1820 1
558 1844 1
558 1854 1
558 1883 1
558 1978 1
559 610 1
559 623 1
559 677 1
559 682 1
559 695 1
559 718 1
559 728 1
559 770 1
559 815 1
559 871 1
559 874 1
559 884 1
559 923 1
559 968 1
559 994 1
559 996 1
559 998 1
559 1046 1
559 1089 1
559 1165 1
559 1191 1
559 1399 1
559 1445 1
559 1547 1
559 1623 1
559 1645 1
559 1652 1
559 1656 1
559 1686 1
559 1721 1
559 1732 1
559 1736 1
559 1756 1
559 1761 1
559 1765 1
559 1816 1
559 1839 1
559 1875 1
559 1997 1
560 618 1
560 742 1
560 753 1
560 771 1
560 869 1
560 928 1
560 956 1
560 963 1
560 1031 1
560 1039 1
560 1070 1
560 1201 1
560 1275 1
560 1335 1
560 1396 1
560 1401 1
560 1469 1
560 1518 1
560 1557 1
560 1592 1
560 1608 1
560 1648 1
560 1663 1
560 1689 1
560 1741 1
560 1756 1
560 1785 1
560 1786 1
560 1836 1
560 1840 1
560 1881 1
560 1926 1
560 1950 1
560 1965 1
560 1969 1
560 1985 1
561 579 1
561 706 1
561 792 1
561 801 1
561 833 1
561 836 1
561 846 1
561 859 1
561 873 1
561 971 1
561 1056 1
561 1131 1
561 1202 1
561 1212 1
561 1250 1
561 1368 1
561 1376 1
561 1535 1
561 1653 1
561 1669 1
561 1767 1
561 1772 1
561 1806 1
561 1818 1
561 1875 1
561 1948 1
561 1982 1
562 685 1
562 694 1
562 793 1
562 858 1
562 911 1
562 955 1
562 1071 1
562 1150 1
562 1155 1
562 1162 1
562 1171 1
562 1178 1
562 1214 1
562 1235 1
562 1248 1
562 1323 1
562 1348 1
562 1349 1
562 1390 1
562 1418 1
562 1426 1
562 1428 1
562 1433 1
562 1613 1
562 1620 1
562 1679 1
562 1715 1
562 1752 1
562 1820 1
562 1923 1
563 624 1
563 765 1
563 865 1
563 893 1
563 917 1
563 1123 1
563 1254 1
563 1294 1
563 1353 1
563 1369 1
563 1378 1
563 1410 1
563 1434 1
563 1455 1
563 1504 1
563 1514 1
563 1526 1
563 1545 1
563 1547 1
563 1577 1
563 1579 1
563 1595 1
563 1622 1
563 1680 1
563 1697 1
563 1714 1
563 1754 1
563 1769 1
563 1824 1
563 1853 1
563 1919 1
563 1927 1
563 1936 1
563 2000 1
564 640 1
564 759 1
564 823 1
564 865 1
564 898 1
564 1073 1
564 1075 1
564 1107 1
564 1193 1
564 1227 1
564 1298 1
564 1316 1
564 1367 1
564 1399 1
564 1491 1
564 1550 1
564 1593 1
564 1655 1
564 1666 1
564 1701 1
564 1733 1
564 1777 1
564 1814 1
564 1900 1
564 1927 1
564 1980 1
565 594 1
565 603 1
565 619 1
565 631 1
565 657 1
565 677 1
565 691 1
565 726 1
565 752 1
565 764 1
565 773 1
565 835 1
565 853 1
565 854 1
565 1014 1
565 1025 1
565 1171 1
565 1198 1
565 1221 1
565 1227 1
565 1320 1
565 1391 1
565 1398 1
565 1416 1
565 1464 1
565 1477 1
565 1560 1
565 1594 1
565 1603 1
565 1607 1
565 1661 1
565 1700 1
565 1743 1
565 1746 1
565 1781 1
565 1799 1
565 1880 1
565 1925 1
566 705 1
566 725 1
566 758 1
566 770 1
566 855 1
566 868 1
566 961 1
566 968 1
566 1001 1
566 1056 1
566 1060 1
566 1111 1
566 1145 1
566 1220 1
566 1249 1
566 1357 1
566 1361 1
566 1385 1
566 1399 1
566 1426 1
566 1465 1
566 1480 1
566 1489 1
566 1593 1
566 1653 1
566 1658 1
566 1753 1
566 1759 1
566 1772 1
566 1775 1
566 1781 1
566 1869 1
566 1871 1
566 1907 1
566 1959 1
566 1976 1
567 574 1
567 637 1
567 644 1
567 682 1
567 692 1
567 698 1
567 715 1
567 724 1
567 732 1
567 733 1
567 770 1
567 838 1
567 844 1
567 855 1
567 862 1
567 892 1
567 994 1
567 1026 1
567 1133 1
567 1145 1
567 1213 1
567 1256 1
567 1323 1
567 1358 1
567 1454 1
567 1462 1
567 1556 1
567 1609 1
567 1620 1
567 1632 1
567 1662 1
567 1668 1
567 1778 1
567 1813 1
567 1881 1
567 1896 1
567 1933 1
568 602 1
568 618 1
568 731 1
568 849 1
568 869 1
568 894 1
568 913 1
568 951 1
568 1018 1
568 1136 1
568 1174 1
568 1246 1
568 1278 1
568 1294 1
568 1377 1
568 1459 1
568 1515 1
568 1549 1
568 1561 1
568 1638 1
568 1685 1
568 1687 1
568 1705 1
568 1766 1
568 1771 1
568 1789 1
568 1809 1
568 1813 1
568 1945 1
569 599 1
569 617 1
569 629 1
569 666 1
569 810 1
569 875 1
569 942 1
569 989 1
569 1005 1
569 1030 1
569 1036 1
569 1080 1
569 1138 1
569 1146 1
569 1196 1
569 1264 1
569 1296 1
569 1299 1
569 1452 1
569 1471 1
569 1489 1
569 1506 1
569 1679 1
569 1691 1
569 1722 1
569 1730 1
569 1781 1
569 1800 1
569 1854 1
569 1884 1
569 1889 1
569 1926 1
569 1935 1
569 1936 1
569 1970 1
569 1989 1
570 576 1
570 684 1
570 699 1
570 800 1
570 808 1
570 879 1
570 1116 1
570 1178 1
570 1180 1
570 1195 1
570 1233 1
570 1356 1
570 1419 1
570 1420 1
570 1480 1
570 1509 1
570 1560 1
570 1591 1
570 1628 1
570 1721 1
570 1732 1
570 1932 1
571 590 1
571 591 1
571 601 1
571 644 1
571 694 1
571 721 1
571 793 1
571 794 1
571 797 1
571 806 1
571 888 1
571 991 1
571 1070 1
571 1077 1
571 1114 1
571 1130 1
571 1148 1
571 1206 1
571 1274 1
571 1329 1
571 1369 1
571 1394 1
571 1396 1
571 1437 1
571 1459 1
571 1472 1
571 1508 1
571 1555 1
571 1556 1
571 1588 1
571 1604 1
571 1715 1
571 1734 1
571 1826 1
571 1843 1
571 1917 1
571 1964 1
572 669 1
572 676 1
572 714 1
572 725 1
572 741 1
572 782 1
572 812 1
572 935 1
572 951 1
572 959 1
572 971 1
572 991 1
572 1047 1
572 1086 1
572 1217 1
572 1233 1
572 1237 1
572 1273 1
572 1460 1
572 1473 1
572 1475 1
572 1550 1
572 1653 1
572 1899 1
572 1912 1
572 1943 1
572 1983 1
572 1994 1
573 581 1
573 618 1
573 697 1
573 785 1
573 847 1
573 885 1
573 958 1
573 961 1
573 998 1
573 1005 1
573 1103 1
573 1120 1
573 1178 1
573 1216 1
573 1234 1
573 1253 1
573 1298 1
573 1351 1
573 1353 1
573 1462 1
573 1526 1
573 1537 1
573 1559 1
573 1600 1
573 1671 1
573 1727 1
573 1737 1
573 1758 1
573 1846 1
573 1861 1
573 1872 1
573 1935 1
573 1989 1
574 577 1
574 631 1
574 633 1
574 667 1
574 728 1
574 741 1
574 924 1
574 925 1
574 928 1
574 987 1
574 1104 1
574 1115 1
574 1147 1
574 1182 1
574 1201 1
574 1293 1
574 1328 1
574 1342 1
574 1416 1
574 1453 1
574 1480 1
574 1500 1
574 1504 1
574 1553 1
574 1557 1
574 1644 1
574 1689 1
574 1750 1
574 1851 1
574 1873 1
574 1947 1
575 599 1
575 657 1
575 682 1
575 734 1
575 881 1
575 945 1
575 996 1
575 1070 1
575 1125 1
575 1146 1
575 1163 1
575 1181 1
575 1269 1
575 1358 1
575 1373 1
575 1383 1
575 1428 1
575 1446 1
575 1503 1
575 1504 1
575 1563 1
575 1579 1
575 1692 1
575 1705 1
575 1781 1
575 1808 1
575 1848 1
575 1850 1
575 1925 1
575 1932 1
575 1935 1
575 1948 1
575 1966 1
575 1994 1
576 620 1
576 655 1
576 821 1
576 837 1
576 940 1
576 1048 1
576 1330 1
576 1400 1
576 1411 1
576 1477 1
576 1558 1
576 1640 1
576 1646 1
576 1854 1
576 1888 1
576 1942 1
576 1989 1
577 724 1
577 805 1
577 892 1
577 907 1
577 965 1
577 973 1
577 1076 1
577 1102 1
577 1158 1
577 1286 1
577 1379 1
577 1426 1
577 1438 1
577 1592 1
577 1611 1
577 1634 1
577 1708 1
577 1748 1
577 1777 1
577 1971 1
577 1990 1
578 584 1
578 616 1
578 656 1
578 675 1
578 757 1
578 763 1
578 778 1
578 791 1
578 811 1
578 827 1
578 910 1
578 935 1
578 961 1
578 997 1
578 1006 1
578 1007 1
578 1034 1
578 1044 1
578 1068 1
578 1113 1
578 1142 1
578 1201 1
578 1250 1
578 1297 1
578 1327 1
578 1350 1
578 1370 1
578 1436 1
578 1515 1
578 1563 1
578 1607 1
578 1631 1
578 1705 1
578 1856 1
578 1899 1
578 1910 1
578 1926 1
578 1968 1
579 612 1
579 620 1
579 749 1
579 753 1
579 816 1
579 818 1
579 834 1
579 848 1
579 898 1
579 916 1
579 932 1
579 1000 1
579 1027 1
579 1028 1
579 1131 1
579 1138 1
579 1237 1
579 1257 1
579 1268 1
579 1286 1
579 1295 1
579 1308 1
579 1369 1
579 1379 1
579 1407 1
579 1446 1
579 1472 1
579 1487 1
579 1502 1
579 1535 1
579 1562 1
579 1577 1
579 1691 1
579 1750 1
579 1857 1
579 1870 1
579 1898 1
579 1932 1
579 1940 1
579 1967 1
579 1975 1
580 589 1
580 591 1
580 609 1
580 662 1
580 721 1
580 730 1
580 808 1
580 891 1
580 923 1
580 958 1
580 959 1
580 1021 1
580 1040 1
580 1196 1
580 1215 1
580 1230 1
580 1234 1
580 1260 1
580 1318 1
580 1324 1
580 1359 1
580 1408 1
580 1423 1
580 1436 1
580 1468 1
580 1571 1
580 1573 1
580 1618 1
580 1696 1
580 1754 1
580 1781 1
580 1817 1
580 1855 1
580 1880 1
580 1891 1
580 1947 1
580 1981 1
581 598 1
581 658 1
581 709 1
581 743 1
581 747 1
581 778 1
581 782 1
581 791 1
581 825 1
581 856 1
581 887 1
581 893 1
581 911 1
581 931 1
581 1049 1
581 1159 1
581 1162 1
581 1169 1
581 1205 1
581 1218 1
581 1237 1
581 1251 1
581 1296 1
581 1300 1
581 1313 1
581 1382 1
581 1465 1
581 1484 1
581 1509 1
581 1581 1
581 1636 1
581 1694 1
581 1736 1
581 1826 1
581 1866 1
581 1937 1
581 1956 1
581 1983 1
581 1997 1
582 623 1
582 649 1
582 666 1
582 674 1
582 696 1
582 719 1
582 747 1
582 793 1
582 796 1
582 852 1
582 971 1
582 990 1
582 1033 1
582 1133 1
582 1135 1
582 1198 1
582 1217 1
582 1221 1
582 1257 1
582 1299 1
582 1306 1
582 1312 1
582 1338 1
582 1342 1
582 1345 1
582 1362 1
582 1454 1
582 1467 1
582 1499 1
582 1528 1
582 1545 1
582 1547 1
582 1554 1
582 1695 1
582 1721 1
582 1792 1
582 1816 1
582 1899 1
582 1915 1
582 1958 1
582 1980 1
582 1986 1
582 1997 1
583 621 1
583 656 1
583 674 1
583 680 1
583 766 1
583 793 1
583 822 1
583 930 1
583 961 1
583 985 1
583 987 1
583 1072 1
583 1074 1
583 1075 1
583 1155 1
583 1234 1
583 1260 1
583 1261 1
583 1296 1
583 1313 1
583 1316 1
583 1362 1
583 1418 1
583 1453 1
583 1484 1
583 1493 1
583 1502 1
583 1535 1
583 1543 1
583 1560 1
583 1576 1
583 1602 1
583 1633 1
583 1710 1
583 1807 1
583 1830 1
583 1851 1
583 1875 1
583 1896 1
583 1913 1
583 1940 1
583 1958 1
584 622 1
584 814 1
584 875 1
584 889 1
584 910 1
584 975 1
584 994 1
584 1008 1
584 1031 1
584 1120 1
584 1149 1
584 1168 1
584 1212 1
584 1258 1
584 1282 1
584 1305 1
584 1311 1
584 1334 1
584 1340 1
584 1357 1
584 1359 1
584 1375 1
584 1533 1
584 1585 1
584 1588 1
584 1609 1
584 1674 1
584 1709 1
584 1735 1
584 1788 1
584 1909 1
585 599 1
585 707 1
585 710 1
585 723 1
585 732 1
585 782 1
585 812 1
585 873 1
585 908 1
585 917 1
585 939 1
585 991 1
585 1011 1
585 1065 1
585 1068 1
585 1080 1
585 1089 1
585 1114 1
585 1118 1
585 1146 1
585 1182 1
585 1192 1
585 1217 1
585 1218 1
585 1223 1
585 1243 1
585 1262 1
585 1267 1
585 1302 1
585 1324 1
585 1398 1
585 1402 1
585 1447 1
585 1500 1
585 1532 1
585 1548 1
585 1636 1
585 1775 1
585 1832 1
585 1856 1
585 1866 1
585 1881 1
585 1924 1
585 1994 1
586 643 1
586 671 1
586 675 1
586 813 1
586 828 1
586 836 1
586 916 1
586 924 1
586 945 1
586 951 1
586 1025 1
586 1074 1
586 1128 1
586 1140 1
586 1178 1
586 1350 1
586 1376 1
586 1424 1
586 1463 1
586 1502 1
586 1541 1
586 1629 1
586 1635 1
586 1656 1
586 1682 1
586 1825 1
586 1886 1
586 1991 1
586 1992 1
587 665 1
587 755 1
587 875 1
587 877 1
587 915 1
587 943 1
587 944 1
587 971 1
587 989 1
587 1049 1
587 1076 1
587 1088 1
587 1109 1
587 1126 1
587 1217 1
587 1351 1
587 1420 1
587 1423 1
587 1478 1
587 1504 1
587 1524 1
587 1543 1
587 1569 1
587 1648 1
587 1663 1
587 1667 1
587 1734 1
587 1741 1
587 1748 1
587 1787 1
587 1825 1
587 1841 1
587 1883 1
587 1911 1
588 608 1
588 628 1
588 670 1
588 719 1
588 721 1
588 778 1
588 781 1
588 819 1
588 850 1
588 979 1
588 1015 1
588 1121 1
588 1150 1
588 1215 1
588 1251 1
588 1293 1
588 1308 1
588 1389 1
588 1405 1
588 1455 1
588 1463 1
588 1507 1
588 1525 1
588 1630 1
588 1675 1
588 1678 1
588 1761 1
588 1858 1
588 1892 1
589 618 1
589 659 1
589 682 1
589 701 1
589 719 1
589 733 1
589 740 1
589 804 1
589 812 1
589 850 1
589 878 1
589 890 1
589 919 1
589 1114 1
589 1187 1
589 1202 1
589 1286 1
589 1298 1
589 1310 1
589 1346 1
589 1349 1
589 1354 1
589 1359 1
589 1364 1
589 1393 1
589 1394 1
589 1396 1
589 1418 1
589 1423 1
589 1426 1
589 1561 1
589 1690 1
589 1795 1
589 1819 1
589 1909 1
589 1963 1
589 1986 1
590 629 1
590 672 1
590 692 1
590 805 1
590 895 1
590 912 1
590 1107 1
590 1124 1
590 1182 1
590 1243 1
590 1279 1
590 1312 1
590 1343 1
590 1356 1
590 1435 1
590 1467 1
590 1477 1
590 1510 1
590 1512 1
590 1520 1
590 1561 1
590 1588 1
590 1669 1
590 1688 1
590 1742 1
590 1769 1
590 1794 1
590 1819 1
590 1840 1
590 1874 1
590 1886 1
590 1891 1
590 1935 1
590 1944 1
590 1979 1
591 638 1
591 716 1
591 720 1
591 778 1
591 807 1
591 838 1
591 879 1
591 915 1
591 916 1
591 917 1
591 930 1
591 946 1
591 1032 1
591 1127 1
591 1174 1
591 1187 1
591 1196 1
591 1230 1
591 1266 1
591 1273 1
591 1280 1
591 1283 1
591 1309 1
591 1325 1
591 1361 1
591 1437 1
591 1451 1
591 1493 1
591 1556 1
591 1638 1
591 1665 1
591 1683 1
591 1739 1
591 1758 1
591 1799 1
591 1800 1
591 1812 1
591 1827 1
591 1864 1
591 1983 1
591 1988 1
592 605 1
592 652 1
592 684 1
592 738 1
592 816 1
592 828 1
592 1022 1
592 1032 1
592 1079 1
592 1235 1
592 1264 1
592 1334 1
592 1387 1
592 1397 1
592 1414 1
592 1467 1
592 1477 1
592 1586 1
592 1594 1
592 1673 1
592 1767 1
592 1782 1
592 1815 1
592 1897 1
592 1934 1
592 1938 1
592 1952 1
593 665 1
593 706 1
593 796 1
593 817 1
593 897 1
593 916 1
593 926 1
593 937 1
593 963 1
593 982 1
593 1008 1
593 1027 1
593 1048 1
593 1049 1
593 1052 1
593 1057 1
593 1080 1
593 1112 1
593 1258 1
593 1385 1
593 1392 1
593 1405 1
593 1423 1
593 1456 1
593 1516 1
593 1603 1
593 1641 1
593 1646 1
593 1665 1
593 1680 1
593 1718 1
593 1749 1
593 1760 1
593 1841 1
593 1846 1
593 1872 1
594 622 1
594 652 1
594 663 1
594 696 1
594 722 1
594 796 1
594 813 1
594 837 1
594 852 1
594 878 1
594 941 1
594 954 1
594 1067 1
594 1121 1
594 1164 1
594 1195 1
594 1239 1
594 1348 1
594 1357 1
594 1416 1
594 1510 1
594 1533 1
594 1543 1
594 1578 1
594 1658 1
594 1675 1
594 1732 1
594 1746 1
594 1771 1
594 1799 1
594 1837 1
594 1893 1
594 1960 1
595 666 1
595 708 1
595 712 1
595 741 1
595 754 1
595 777 1
595 787 1
595 821 1
595 841 1
595 877 1
595 879 1
595 901 1
595 943 1
595 970 1
595 1025 1
595 1080 1
595 1102 1
595 1121 1
595 1213 1
595 1287 1
595 1300 1
595 1301 1
595 1338 1
595 1347 1
595 1354 1
595 1360 1
595 1371 1
595 1390 1
595 1469 1
595 1487 1
595 1517 1
595 1695 1
595 1701 1
595 1757 1
595 1767 1
595 1938 1
595 1941 1
595 1955 1
596 618 1
596 624 1
596 626 1
596 649 1
596 665 1
596 681 1
596 721 1
596 886 1
596 897 1
596 910 1
596 962 1
596 987 1
596 1011 1
596 1070 1
596 1072 1
596 1073 1
596 1076 1
596 1081 1
596 1098 1
596 1166 1
596 1246 1
596 1261 1
596 1283 1
596 1400 1
596 1419 1
596 1482 1
596 1580 1
596 1610 1
596 1656 1
596 1752 1
596 1773 1
596 1790 1
596 1836 1
596 1850 1
596 1899 1
596 1909 1
597 671 1
597 737 1
597 741 1
597 754 1
597 778 1
597 790 1
597 819 1
597 839 1
597 864 1
597 868 1
597 949 1
597 950 1
597 967 1
597 1059 1
597 1087 1
597 1132 1
597 1171 1
597 1178 1
597 1179 1
597 1204 1
597 1226 1
597 1262 1
597 1301 1
597 1307 1
597 1310 1
597 1372 1
597 1614 1
597 1687 1
597 1712 1
597 1724 1
597 1733 1
597 1757 1
597 1811 1
597 1831 1
597 1878 1
597 1933 1
597 1986 1
597 1994 1
598 606 1
598 618 1
598 637 1
598 649 1
598 727 1
598 794 1
598 848 1
598 997 1
598 1035 1
598 1049 1
598 1078 1
598 1189 1
598 1205 1
598 1224 1
598 1263 1
598 1376 1
598 1428 1
598 1475 1
598 1525 1
598 1556 1
598 1618 1
598 1636 1
598 1648 1
598 1725 1
598 1799 1
598 1808 1
598 1969 1
599 608 1
599 631 1
599 701 1
599 749 1
599 751 1
599 777 1
599 778 1
599 927 1
599 951 1
599 1097 1
599 1137 1
599 1145 1
599 1159 1
599 1160 1
599 1193 1
599 1238 1
599 1300 1
599 1349 1
599 1378 1
599 1388 1
599 1476 1
599 1526 1
599 1548 1
599 1557 1
599 1718 1
599 1786 1
599 1819 1
599 1896 1
599 1905 1
599 1908 1
599 1918 1
599 1919 1
599 1940 1
599 1973 1
600 601 1
600 608 1
600 656 1
600 759 1
600 766 1
600 786 1
600 861 1
600 959 1
600 999 1
600 1022 1
600 1027 1
600 1071 1
600 1075 1
600 1088 1
600 1093 1
600 1244 1
600 1365 1
600 1401 1
600 1458 1
600 1536 1
600 1574 1
600 1656 1
600 1664 1
600 1676 1
600 1713 1
600 1730 1
600 1733 1
600 1735 1
600 1781 1
600 1800 1
600 1951 1
601 605 1
601 664 1
601 686 1
601 744 1
601 824 1
601 829 1
601 841 1
601 911 1
601 943 1
601 953 1
601 957 1
601 1066 1
601 1086 1
601 1110 1
601 1127 1
601 1223 1
601 1237 1
601 1264 1
601 1332 1
601 1482 1
601 1563 1
601 1753 1
601 1758 1
601 1759 1
601 1788 1
601 1909 1
601 1935 1
601 1966 1
602 698 1
602 724 1
602 759 1
602 760 1
602 932 1
602 941 1
602 956 1
602 966 1
602 973 1
602 1009 1
602 1025 1
602 1038 1
602 1053 1
602 1082 1
602 1096 1
602 1102 1
602 1125 1
602 1140 1
602 1193 1
602 1200 1
602 1248 1
602 1285 1
602 1314 1
602 1315 1
602 1436 1
602 1437 1
602 1501 1
602 1581 1
602 1586 1
602 1618 1
602 1650 1
602 1730 1
602 1767 1
602 1769 1
602 1793 1
602 1801 1
602 1810 1
602 1857 1
602 1951 1
602 1954 1
602 1985 1
603 614 1
603 678 1
603 679 1
603 713 1
603 714 1
603 775 1
603 818 1
603 893 1
603 916 1
603 958 1
603 995 1
603 1033 1
603 1053 1
603 1074 1
603 1126 1
603 1153 1
603 1164 1
603 1183 1
603 1300 1
603 1324 1
603 1336 1
603 1403 1
603 1442 1
603 1469 1
603 1483 1
603 1719 1
603 1776 1
603 1865 1
603 1870 1
603 1889 1
603 1925 1
603 1958 1
603 1968 1
604 725 1
604 782 1
604 862 1
604 914 1
604 950 1
604 987 1
604 1021 1
604 1024 1
604 1093 1
604 1098 1
604 1186 1
604 1205 1
604 1266 1
604 1274 1
604 1333 1
604 1345 1
604 1365 1
604 1501 1
604 1532 1
604 1582 1
604 1612 1
604 1638 1
604 1651 1
604 1696 1
604 1762 1
604 1788 1
604 1829 1
604 1864 1
604 1865 1
604 1868 1
604 1885 1
604 1926 1
604 1988 1
604 1997 1
605 754 1
605 882 1
605 938 1
605 996 1
605 1019 1
605 1034 1
605 1052 1
605 1189 1
605 1191 1
605 1214 1
605 1275 1
605 1421 1
605 1473 1
605 1495 1
605 1519 1
605 1532 1
605 1567 1
605 1571 1
605 1645 1
605 1701 1
605 1716 1
605 1748 1
605 1863 1
605 1894 1
605 1919 1
605 1988 1
606 665 1
606 685 1
606 713 1
606 770 1
606 836 1
606 872 1
606 940 1
606 1006 1
606 1101 1
606 1117 1
606 1155 1
606 1194 1
606 1305 1
606 1329 1
606 1356 1
606 1437 1
606 1518 1
606 1548 1
606 1556 1
606 1560 1
606 1701 1
606 1712 1
606 1726 1
606 1825 1
606 1838 1
606 1955 1
606 1957 1
606 1982 1
606 1998 1
607 640 1
607 650 1
607 666 1
607 676 1
607 805 1
607 833 1
607 873 1
607 925 1
607 952 1
607 958 1
607 1032 1
607 1037 1
607 1039 1
607 1041 1
607 1096 1
607 1148 1
607 1191 1
607 1195 1
607 1240 1
607 1310 1
607 1317 1
607 1386 1
607 1399 1
607 1453 1
607 1476 1
607 1519 1
607 1534 1
607 1551 1
607 1602 1
607 1678 1
607 1752 1
607 1817 1
607 1990 1
608 620 1
608 667 1
608 718 1
608 787 1
608 789 1
608 801 1
608 832 1
608 839 1
608 864 1
608 1002 1
608 1032 1
608 1097 1
608 1145 1
608 1170 1
608 1175 1
608 1184 1
608 1187 1
608 1295 1
608 1387 1
608 1418 1
608 1441 1
608 1478 1
608 1495 1
608 1530 1
608 1603 1
608 1608 1
608 1662 1
608 1675 1
608 1704 1
608 1787 1
608 1892 1
608 1902 1
608 1990 1
609 702 1
609 717 1
609 755 1
609 767 1
609 883 1
609 890 1
609 919 1
609 927 1
609 928 1
609 986 1
609 1072 1
609 1135 1
609 1225 1
609 1277 1
609 1392 1
609 1418 1
609 1442 1
609 1450 1
609 1505 1
609 1547 1
609 1624 1
609 1641 1
609 1666 1
609 1678 1
609 1719 1
609 1763 1
609 1819 1
609 1897 1
609 1919 1
609 1923 1
609 1981 1
610 686 1
610 691 1
610 715 1
610 739 1
610 863 1
610 883 1
610 951 1
610 963 1
610 1062 1
610 1096 1
610 1110 1
610 1198 1
610 1202 1
610 1283 1
610 1285 1
610 1379 1
610 1399 1
610 1447 1
610 1479 1
610 1480 1
610 1487 1
610 1527 1
610 1591 1
610 1641 1
610 1818 1
610 1820 1
610 1940 1
610 1952 1
611 673 1
611 704 1
611 725 1
611 764 1
611 811 1
611 837 1
611 881 1
611 897 1
611 899 1
611 1068 1
611 1171 1
611 1193 1
611 1204 1
611 1234 1
611 1252 1
611 1274 1
611 1277 1
611 1408 1
611 1440 1
611 1446 1
611 1452 1
611 1547 1
611 1581 1
611 1590 1
611 1607 1
611 1657 1
611 1665 1
611 1724 1
611 1789 1
611 1820 1
611 1841 1
611 1854 1
611 1861 1
611 1908 1
611 1930 1
612 614 1
612 617 1
612 627 1
612 646 1
612 804 1
612 811 1
612 843 1
612 878 1
612 883 1
612 914 1
612 925 1
612 937 1
612 944 1
612 953 1
612 1038 1
612 1049 1
612 1053 1
612 1068 1
612 1070 1
612 1132 1
612 1147 1
612 1183 1
612 1197 1
612 1210 1
612 1295 1
612 1309 1
612 1314 1
612 1339 1
612 1362 1
612 1406 1
612 1419 1
612 1432 1
612 1501 1
612 1511 1
612 1536 1
612 1560 1
612 1607 1
612 1629 1
612 1694 1
612 1699 1
612 1749 1
612 1774 1
612 1939 1
612 1941 1
612 1949 1
613 618 1
613 673 1
613 714 1
613 750 1
613 753 1
613 760 1
613 776 1
613 780 1
613 785 1
613 864 1
613 874 1
613 889 1
613 895 1
613 896 1
613 959 1
613 1004 1
613 1005 1
613 1016 1
613 1110 1
613 1136 1
613 1211 1
613 1242 1
613 1251 1
613 1254 1
613 1339 1
613 1358 1
613 1359 1
613 1366 1
613 1385 1
613 1425 1
613 1437 1
613 1489 1
613 1591 1
613 1638 1
613 1660 1
613 1679 1
613 1709 1
613 1726 1
613 1785 1
613 1812 1
613 1878 1
613 1880 1
613 1995 1
614 654 1
614 713 1
614 738 1
614 749 1
614 809 1
614 867 1
614 879 1
614 934 1
614 1033 1
614 1041 1
614 1143 1
614 1155 1
614 1274 1
614 1280 1
614 1284 1
614 1314 1
614 1385 1
614 1420 1
614 1459 1
614 1474 1
614 1507 1
614 1516 1
614 1601 1
614 1620 1
614 1632 1
614 1636 1
614 1645 1
614 1698 1
614 1712 1
614 1759 1
614 1823 1
614 1825 1
614 1856 1
614 1932 1
614 1958 1
614 1965 1
615 628 1
615 630 1
615 689 1
615 738 1
615 741 1
615 752 1
615 773 1
615 847 1
615 860 1
615 900 1
615 911 1
615 937 1
615 949 1
615 964 1
615 993 1
615 997 1
615 1062 1
615 1071 1
615 1096 1
615 1101 1
615 1157 1
615 1318 1
615 1348 1
615 1368 1
615 1373 1
615 1419 1
615 1425 1
615 1434 1
615 1461 1
615 1470 1
615 1555 1
615 1570 1
615 1601 1
615 1636 1
615 1663 1
615 1672 1
615 1697 1
615 1699 1
615 1753 1
615 1754 1
615 1777 1
615 1783 1
615 1819 1
615 1868 1
615 1870 1
615 1917 1
616 637 1
616 789 1
616 819 1
616 842 1
616 845 1
616 849 1
616 870 1
616 875 1
616 931 1
616 939 1
616 1003 1
616 1058 1
616 1082 1
616 1104 1
616 1118 1
616 1145 1
616 1258 1
616 1269 1
616 1293 1
616 1296 1
616 1357 1
616 1394 1
616 1395 1
616 1404 1
616 1443 1
616 1466 1
616 1512 1
616 1550 1
616 1563 1
616 1594 1
616 1612 1
616 1619 1
616 1659 1
616 1680 1
616 1699 1
616 1717 1
616 1729 1
616 1738 1
616 1746 1
616 1780 1
616 1886 1
616 1907 1
616 1912 1
616 1969 1
616 1978 1
617 654 1
617 745 1
617 775 1
617 876 1
617 969 1
617 1039 1
617 1053 1
617 1070 1
617 1197 1
617 1226 1
617 1240 1
617 1248 1
617 1262 1
617 1284 1
617 1324 1
617 1331 1
617 1342 1
617 1384 1
617 1427 1
617 1451 1
617 1504 1
617 1506 1
617 1697 1
617 1705 1
617 1815 1
617 1821 1
617 1825 1
617 1837 1
617 1878 1
617 1949 1
617 1993 1
618 634 1
618 700 1
618 807 1
618 889 1
618 991 1
618 1001 1
618 1030 1
618 1117 1
618 1169 1
618 1185 1
618 1194 1
618 1195 1
618 1232 1
618 1324 1
618 1497 1
618 1505 1
618 1519 1
618 1720 1
618 1814 1
618 1818 1
618 1828 1
618 1930 1
618 1986 1
619 670 1
619 728 1
619 737 1
619 744 1
619 759 1
619 779 1
619 787 1
619 791 1
619 825 1
619 855 1
619 896 1
619 914 1
619 918 1
619 994 1
619 1004 1
619 1049 1
619 1063 1
619 1161 1
619 1256 1
619 1265 1
619 1287 1
619 1321 1
619 1352 1
619 1358 1
619 1380 1
619 1437 1
619 1516 1
619 1519 1
619 1572 1
619 1634 1
619 1711 1
619 1717 1
619 1736 1
619 1766 1
619 1840 1
619 1843 1
619 1851 1
620 640 1
620 652 1
620 729 1
620 740 1
620 848 1
620 849 1
620 901 1
620 955 1
620 996 1
620 1012 1
620 1017 1
620 1031 1
620 1119 1
620 1141 1
620 1189 1
620 1212 1
620 1292 1
620 1308 1
620 1333 1
620 1337 1
620 1390 1
620 1404 1
620 1428 1
620 1457 1
620 1479 1
620 1504 1
620 1526 1
620 1588 1
620 1621 1
620 1640 1
620 1732 1
620 1751 1
620 1823 1
620 1887 1
620 1907 1
621 627 1
621 651 1
621 697 1
621 728 1
621 783 1
621 829 1
621 842 1
621 874 1
621 880 1
621 888 1
621 913 1
621 967 1
621 987 1
621 997 1
621 1109 1
621 1186 1
621 1202 1
621 1244 1
621 1361 1
621 1383 1
621 1569 1
621 1647 1
621 1694 1
621 1755 1
621 1794 1
621 1815 1
621 1816 1
621 1829 1
621 1837 1
621 1908 1
621 1957 1
622 634 1
622 680 1
622 692 1
622 697 1
622 699 1
622 736 1
622 748 1
622 758 1
622 773 1
622 813 1
622 845 1
622 885 1
622 910 1
622 934 1
622 952 1
622 1042 1
622 1062 1
622 1117 1
622 1131 1
622 1190 1
622 1269 1
622 1360 1
622 1409 1
622 1471 1
622 1479 1
622 1527 1
622 1532 1
622 1533 1
622 1630 1
622 1696 1
622 1815 1
622 1873 1
622 1878 1
622 1898 1
623 642 1
623 668 1
623 705 1
623 730 1
623 738 1
623 748 1
623 755 1
623 798 1
623 833 1
623 908 1
623 909 1
623 938 1
623 946 1
623 967 1
623 986 1
623 1003 1
623 1014 1
623 1022 1
623 1097 1
623 1114 1
623 1124 1
623 1162 1
623 1243 1
623 1295 1
623 1313 1
623 1335 1
623 1341 1
623 1342 1
623 1352 1
623 1367 1
623 1398 1
623 1402 1
623 1432 1
623 1460 1
623 1526 1
623 1536 1
623 1695 1
623 1795 1
623 1823 1
623 1826 1
623 1846 1
623 1958 1
623 1998 1
624 681 1
624 694 1
624 695 1
624 703 1
624 708 1
624 723 1
624 729 1
624 746 1
624 757 1
624 778 1
624 786 1
624 806 1
624 877 1
624 1073 1
624 1092 1
624 1138 1
624 1159 1
624 1178 1
624 1235 1
624 1268 1
624 1294 1
624 1323 1
624 1369 1
624 1379 1
624 1404 1
624 1413 1
624 1435 1
624 1502 1
624 1546 1
624 1580 1
624 1616 1
624 1628 1
624 1759 1
624 1778 1
624 1794 1
624 1861 1
624 1876 1
624 1891 1
624 1957 1
625 661 1
625 708 1
625 750 1
625 771 1
625 786 1
625 814 1
625 869 1
625 910 1
625 963 1
625 1081 1
625 1124 1
625 1128 1
625 1192 1
625 1365 1
625 1492 1
625 1538 1
625 1616 1
625 1648 1
625 1650 1
625 1659 1
625 1660 1
625 1747 1
625 1756 1
625 1788 1
625 1862 1
625 1922 1
625 1951 1
626 629 1
626 649 1
626 658 1
626 708 1
626 710 1
626 839 1
626 949 1
626 968 1
626 1085 1
626 1094 1
626 1146 1
626 1180 1
626 1205 1
626 1246 1
626 1250 1
626 1303 1
626 1308 1
626 1361 1
626 1366 1
626 1454 1
626 1493 1
626 1507 1
626 1579 1
626 1596 1
626 1623 1
626 1676 1
626 1716 1
626 1756 1
626 1843 1
626 1977 1
626 1997 1
627 628 1
627 665 1
627 678 1
627 716 1
627 724 1
627 739 1
627 803 1
627 815 1
627 841 1
627 1041 1
627 1123 1
627 1162 1
627 1185 1
627 1212 1
627 1352 1
627 1430 1
627 1436 1
627 1460 1
627 1479 1
627 1496 1
627 1524 1
627 1554 1
627 1631 1
627 1633 1
627 1685 1
627 1781 1
627 1786 1
627 1803 1
627 1864 1
628 703 1
628 724 1
628 739 1
628 759 1
628 862 1
628 962 1
628 1028 1
628 1082 1
628 1101 1
628 1123 1
628 1128 1
628 1243 1
628 1248 1
628 1258 1
628 1326 1
628 1464 1
628 1549 1
628 1557 1
628 1762 1
628 1841 1
628 1876 1
628 1880 1
629 636 1
629 741 1
629 779 1
629 788 1
629 792 1
629 793 1
629 801 1
629 997 1
629 1043 1
629 1059 1
629 1111 1
629 1175 1
629 1196 1
629 1246 1
629 1276 1
629 1301 1
629 1495 1
629 1497 1
629 1539 1
629 1573 1
629 1612 1
629 1645 1
629 1676 1
629 1811 1
629 1893 1
629 1898 1
629 1910 1
630 639 1
630 640 1
630 746 1
630 769 1
630 797 1
630 878 1
630 1070 1
630 1148 1
630 1203 1
630 1212 1
630 1260 1
630 1280 1
630 1333 1
630 1472 1
630 1474 1
630 1507 1
630 1533 1
630 1574 1
630 1740 1
630 1763 1
630 1882 1
630 1902 1
630 1940 1
630 1942 1
630 1985 1
631 632 1
631 635 1
631 688 1
631 701 1
631 744 1
631 761 1
631 781 1
631 799 1
631 866 1
631 898 1
631 942 1
631 985 1
631 1001 1
631 1058 1
631 1080 1
631 1135 1
631 1211 1
631 1221 1
631 1284 1
631 1332 1
631 1359 1
631 1374 1
631 1389 1
631 1397 1
631 1451 1
631 1452 1
631 1519 1
631 1550 1
631 1586 1
631 1682 1
631 1706 1
631 1753 1
631 1758 1
631 1765 1
631 1767 1
631 1782 1
631 1833 1
631 1888 1
631 1940 1
631 1968 1
631 1997 1
632 680 1
632 731 1
632 846 1
632 847 1
632 854 1
632 855 1
632 876 1
632 882 1
632 962 1
632 996 1
632 1013 1
632 1115 1
632 1170 1
632 1209 1
632 1223 1
632 1242 1
632 1258 1
632 1276 1
632 1330 1
632 1457 1
632 1496 1
632 1515 1
632 1545 1
632 1567 1
632 1640 1
632 1680 1
632 1686 1
632 1908 1
632 1919 1
632 1936 1
632 1986 1
633 650 1
633 672 1
633 701 1
633 715 1
633 752 1
633 786 1
633 975 1
633 1041 1
633 1077 1
633 1093 1
633 1120 1
633 1158 1
633 1183 1
633 1211 1
633 1216 1
633 1299 1
633 1328 1
633 1355 1
633 1358 1
633 1368 1
633 1428 1
633 1465 1
633 1563 1
633 1676 1
633 1742 1
633 1889 1
633 1895 1
633 1970 1
634 677 1
634 708 1
634 806 1
634 816 1
634 826 1
634 866 1
634 925 1
634 933 1
634 936 1
634 944 1
634 1019 1
634 1022 1
634 1045 1
634 1145 1
634 1149 1
634 1163 1
634 1296 1
634 1351 1
634 1353 1
634 1400 1
634 1492 1
634 1519 1
634 1551 1
634 1579 1
634 1687 1
634 1708 1
634 1750 1
634 1769 1
634 1831 1
634 1851 1
634 1867 1
634 1989 1
635 645 1
635 695 1
635 743 1
635 820 1
635 857 1
635 910 1
635 976 1
635 1002 1
635 1009 1
635 1065 1
635 1113 1
635 1126 1
635 1220 1
635 1266 1
635 1395 1
635 1437 1
635 1475 1
635 1514 1
635 1554 1
635 1559 1
635 1631 1
635 1682 1
635 1683 1
635 1688 1
635 1689 1
635 1710 1
635 1847 1
635 1865 1
635 1926 1
636 638 1
636 758 1
636 770 1
636 783 1
636 822 1
636 859 1
636 955 1
636 1035 1
636 1048 1
636 1068 1
636 1078 1
636 1101 1
636 1185 1
636 1229 1
636 1239 1
636 1309 1
636 1444 1
636 1529 1
636 1623 1
636 1702 1
636 1718 1
636 1740 1
636 1745 1
636 1772 1
636 1813 1
636 1829 1
636 1902 1
636 1909 1
636 1929 1
636 1957 1
636 1962 1
637 664 1
637 711 1
637 753 1
637 882 1
637 892 1
637 904 1
637 917 1
637 952 1
637 965 1
637 1020 1
637 1052 1
637 1076 1
637 1079 1
637 1128 1
637 1163 1
637 1228 1
637 1229 1
637 1305 1
637 1336 1
637 1356 1
637 1429 1
637 1495 1
637 1627 1
637 1633 1
637 1673 1
637 1674 1
637 1683 1
637 1728 1
637 1730 1
637 1826 1
637 1830 1
637 1858 1
637 1912 1
638 670 1
638 675 1
638 681 1
638 732 1
638 746 1
638 747 1
638 784 1
638 928 1
638 931 1
638 976 1
638 1001 1
638 1014 1
638 1045 1
638 1047 1
638 1100 1
638 1133 1
638 1231 1
638 1241 1
638 1306 1
638 1325 1
638 1350 1
638 1357 1
638 1358 1
638 1362 1
638 1371 1
638 1391 1
638 1393 1
638 1476 1
638 1582 1
638 1663 1
638 1713 1
638 1740 1
638 1765 1
638 1821 1
638 1844 1
638 1865 1
638 1872 1
638 1895 1
638 1936 1
638 1938 1
639 661 1
639 675 1
639 682 1
639 760 1
639 783 1
639 838 1
639 883 1
639 891 1
639 929 1
639 1017 1
639 1026 1
639 1041 1
639 1230 1
639 1238 1
639 1257 1
639 1271 1
639 1353 1
639 1380 1
639 1381 1
639 1391 1
639 1462 1
639 1477 1
639 1488 1
639 1551 1
639 1576 1
639 1597 1
639 1615 1
639 1635 1
639 1680 1
639 1694 1
639 1807 1
639 1839 1
639 1859 1
639 1868 1
639 1877 1
639 1913 1
640 667 1
640 699 1
640 713 1
640 781 1
640 799 1
640 822 1
640 919 1
640 979 1
640 1041 1
640 1108 1
640 1136 1
640 1180 1
640 1189 1
640 1316 1
640 1428 1
640 1467 1
640 1524 1
640 1647 1
640 1655 1
640 1705 1
640 1720 1
640 1817 1
640 1860 1
640 1904 1
640 1917 1
640 1956 1
640 1998 1
641 646 1
641 686 1
641 696 1
641 734 1
641 787 1
641 803 1
641 807 1
641 825 1
641 924 1
641 926 1
641 951 1
641 1048 1
641 1058 1
641 1083 1
641 1230 1
641 1240 1
641 1266 1
641 1300 1
641 1311 1
641 1350 1
641 1354 1
641 1416 1
641 1496 1
641 1515 1
641 1556 1
641 1602 1
641 1645 1
641 1697 1
641 1789 1
641 1792 1
641 1828 1
641 1829 1
641 1855 1
641 1884 1
641 1947 1
641 1980 1
642 681 1
642 775 1
642 857 1
642 1002 1
642 1088 1
642 1096 1
642 1132 1
642 1167 1
642 1192 1
642 1288 1
642 1307 1
642 1332 1
642 1411 1
642 1421 1
642 1454 1
642 1455 1
642 1465 1
642 1472 1
642 1561 1
642 1617 1
642 1637 1
642 1639 1
642 1694 1
642 1746 1
642 1759 1
642 1777 1
642 1780 1
642 1918 1
642 1939 1
642 1995 1
643 686 1
643 700 1
643 769 1
643 792 1
643 824 1
643 844 1
643 847 1
643 896 1
643 900 1
643 999 1
643 1019 1
643 1021 1
643 1059 1
643 1107 1
643 1239 1
643 1247 1
643 1258 1
643 1275 1
643 1592 1
643 1602 1
643 1653 1
643 1659 1
643 1698 1
643 1803 1
643 1918 1
643 1924 1
644 680 1
644 871 1
644 911 1
644 1086 1
644 1157 1
644 1183 1
644 1201 1
644 1211 1
644 1474 1
644 1477 1
644 1546 1
644 1562 1
644 1581 1
644 1598 1
644 1623 1
644 1631 1
644 1658 1
644 1659 1
644 1751 1
644 1805 1
644 1831 1
644 1860 1
644 1886 1
644 1960 1
644 1980 1
645 648 1
645 722 1
645 752 1
645 799 1
645 869 1
645 904 1
645 941 1
645 972 1
645 1006 1
645 1018 1
645 1024 1
645 1091 1
645 1097 1
645 1125 1
645 1140 1
645 1244 1
645 1251 1
645 1297 1
645 1313 1
645 1361 1
645 1397 1
645 1409 1
645 1419 1
645 1491 1
645 1508 1
645 1635 1
645 1695 1
645 1701 1
645 1725 1
645 1872 1
645 1886 1
645 1954 1
645 1993 1
646 724 1
646 739 1
646 741 1
646 774 1
646 791 1
646 808 1
646 857 1
646 916 1
646 932 1
646 970 1
646 1017 1
646 1103 1
646 1114 1
646 1172 1
646 1214 1
646 1305 1
646 1377 1
646 1395 1
646 1408 1
646 1410 1
646 1447 1
646 1499 1
646 1542 1
646 1586 1
646 1592 1
646 1639 1
646 1645 1
646 1676 1
646 1719 1
646 1765 1
646 1771 1
646 1807 1
646 1845 1
646 1853 1
646 1889 1
646 1936 1
646 1958 1
647 669 1
647 695 1
647 697 1
647 732 1
647 743 1
647 782 1
647 871 1
647 915 1
647 926 1
647 1020 1
647 1070 1
647 1103 1
647 1125 1
647 1141 1
647 1180 1
647 1231 1
647 1251 1
647 1299 1
647 1375 1
647 1410 1
647 1440 1
647 1481 1
647 1486 1
647 1530 1
647 1540 1
647 1620 1
647 1722 1
647 1749 1
647 1817 1
647 1836 1
647 1971 1
647 1975 1
648 685 1
648 718 1
648 765 1
648 814 1
648 823 1
648 850 1
648 882 1
648 888 1
648 895 1
648 917 1
648 982 1
648 999 1
648 1070 1
648 1077 1
648 1156 1
648 1183 1
648 1188 1
648 1207 1
648 1220 1
648 1280 1
648 1284 1
648 1329 1
648 1360 1
648 1540 1
648 1564 1
648 1641 1
648 1743 1
648 1759 1
648 1782 1
648 1803 1
648 1820 1
648 1903 1
648 1927 1
648 1991 1
649 673 1
649 710 1
649 772 1
649 778 1
649 812 1
649 956 1
649 964 1
649 990 1
649 1019 1
649 1034 1
649 1100 1
649 1104 1
649 1251 1
649 1319 1
649 1352 1
649 1477 1
649 1513 1
649 1523 1
649 1597 1
649 1609 1
649 1688 1
649 1699 1
649 1719 1
649 1728 1
649 1801 1
649 1820 1
649 1832 1
649 1902 1
649 1911 1
649 1921 1
649 1924 1
649 1933 1
650 686 1
650 702 1
650 766 1
650 825 1
650 865 1
650 906 1
650 915 1
650 941 1
650 985 1
650 989 1
650 1009 1
650 1017 1
650 1136 1
650 1157 1
650 1176 1
650 1180 1
650 1268 1
650 1299 1
650 1376 1
650 1392 1
650 1401 1
650 1420 1
650 1443 1
650 1458 1
650 1460 1
650 1553 1
650 1573 1
650 1613 1
650 1627 1
650 1667 1
650 1754 1
650 1767 1
650 1768 1
650 1771 1
650 1814 1
650 1855 1
650 1864 1
650 1865 1
650 1918 1
650 1955 1
650 1962 1
650 1972 1
650 1994 1
651 764 1
651 767 1
651 772 1
651 778 1
651 791 1
651 824 1
651 834 1
651 874 1
651 906 1
651 994 1
651 1033 1
651 1059 1
651 1062 1
651 1075 1
651 1149 1
651 1203 1
651 1238 1
651 1254 1
651 1266 1
651 1309 1
651 1315 1
651 1357 1
651 1401 1
651 1491 1
651 1496 1
651 1500 1
651 1601 1
651 1605 1
651 1609 1
651 1613 1
651 1779 1
651 1817 1
651 1818 1
651 1869 1
651 1905 1
651 1922 1
652 654 1
652 676 1
652 710 1
652 714 1
652 729 1
652 784 1
652 791 1
652 804 1
652 838 1
652 844 1
652 882 1
652 939 1
652 1035 1
652 1046 1
652 1048 1
652 1090 1
652 1091 1
652 1106 1
652 1115 1
652 1119 1
652 1194 1
652 1293 1
652 1296 1
652 1324 1
652 1330 1
652 1335 1
652 1370 1
652 1389 1
652 1473 1
652 1474 1
652 1544 1
652 1589 1
652 1672 1
652 1695 1
652 1731 1
652 1738 1
652 1747 1
652 1792 1
652 1817 1
652 1841 1
652 1948 1
652 1964 1
652 1984 1
653 698 1
653 754 1
653 771 1
653 773 1
653 778 1
653 805 1
653 819 1
653 837 1
653 867 1
653 889 1
653 892 1
653 926 1
653 956 1
653 966 1
653 1003 1
653 1046 1
653 1082 1
653 1096 1
653 1104 1
653 1198 1
653 1266 1
653 1285 1
653 1317 1
653 1342 1
653 1354 1
653 1393 1
653 1477 1
653 1564 1
653 1573 1
653 1579 1
653 1682 1
653 1701 1
653 1786 1
653 1819 1
653 1837 1
653 1953 1
653 1960 1
654 688 1
654 713 1
654 741 1
654 752 1
654 797 1
654 815 1
654 836 1
654 864 1
654 934 1
654 937 1
654 962 1
654 1147 1
654 1163 1
654 1176 1
654 1182 1
654 1244 1
654 1305 1
654 1342 1
654 1417 1
654 1446 1
654 1447 1
654 1472 1
654 1496 1
654 1604 1
654 1628 1
654 1642 1
654 1645 1
654 1711 1
654 1768 1
654 1789 1
654 1796 1
654 1848 1
654 1901 1
654 1913 1
654 1921 1
654 1952 1
655 656 1
655 659 1
655 697 1
655 784 1
655 799 1
655 824 1
655 850 1
655 885 1
655 894 1
655 897 1
655 915 1
655 916 1
655 998 1
655 1018 1
655 1043 1
655 1050 1
655 1058 1
655 1079 1
655 1096 1
655 1115 1
655 1128 1
655 1237 1
655 1334 1
655 1341 1
655 1402 1
655 1489 1
655 1610 1
655 1670 1
655 1699 1
655 1702 1
655 1773 1
655 1806 1
655 1810 1
655 1981 1
656 658 1
656 729 1
656 824 1
656 874 1
656 966 1
656 991 1
656 999 1
656 1028 1
656 1042 1
656 1044 1
656 1209 1
656 1304 1
656 1372 1
656 1376 1
656 1378 1
656 1398 1
656 1424 1
656 1491 1
656 1562 1
656 1589 1
656 1592 1
656 1611 1
656 1619 1
656 1674 1
656 1690 1
656 1697 1
656 1708 1
656 1765 1
656 1795 1
656 1815 1
656 1832 1
656 1872 1
656 1954 1
656 1957 1
656 1980 1
657 667 1
657 713 1
657 812 1
657 820 1
657 849 1
657 856 1
657 864 1
657 865 1
657 870 1
657 988 1
657 990 1
657 1003 1
657 1024 1
657 1063 1
657 1092 1
657 1127 1
657 1153 1
657 1177 1
657 1187 1
657 1202 1
657 1263 1
657 1300 1
657 1340 1
657 1365 1
657 1370 1
657 1458 1
657 1483 1
657 1522 1
657 1546 1
657 1577 1
657 1742 1
657 1745 1
657 1881 1
657 1897 1
657 1957 1
658 667 1
658 693 1
658 725 1
658 809 1
658 833 1
658 1079 1
658 1263 1
658 1307 1
658 1317 1
658 1395 1
658 1475 1
658 1519 1
658 1789 1
658 1808 1
658 1813 1
658 1822 1
658 1823 1
658 1849 1
658 1903 1
658 1908 1
658 1986 1
659 791 1
659 816 1
659 837 1
659 945 1
659 1055 1
659 1110 1
659 1148 1
659 1158 1
659 1178 1
659 1193 1
659 1214 1
659 1224 1
659 1227 1
659 1395 1
659 1430 1
659 1464 1
659 1532 1
659 1595 1
659 1627 1
659 1630 1
659 1634 1
659 1673 1
659 1759 1
659 1782 1
659 1792 1
659 1806 1
659 1933 1
659 1959 1
660 664 1
660 667 1
660 669 1
660 674 1
660 703 1
660 729 1
660 841 1
660 891 1
660 958 1
660 975 1
660 1004 1
660 1057 1
660 1066 1
660 1089 1
660 1095 1
660 1217 1
660 1249 1
660 1257 1
660 1265 1
660 1348 1
660 1410 1
660 1493 1
660 1636 1
660 1717 1
660 1729 1
660 1812 1
660 1846 1
660 1850 1
660 1874 1
660 1886 1
660 1924 1
660 1980 1
661 666 1
661 705 1
661 707 1
661 713 1
661 788 1
661 806 1
661 844 1
661 855 1
661 857 1
661 910 1
661 1008 1
661 1040 1
661 1043 1
661 1072 1
661 1087 1
661 1090 1
661 1125 1
661 1144 1
661 1157 1
661 1199 1
661 1232 1
661 1261 1
661 1267 1
661 1286 1
661 1315 1
661 1344 1
661 1364 1
661 1384 1
661 1413 1
661 1421 1
661 1463 1
661 1538 1
661 1582 1
661 1585 1
661 1644 1
661 1653 1
661 1848 1
661 1894 1
661 1901 1
661 1910 1
661 1919 1
662 670 1
662 700 1
662 715 1
662 811 1
662 832 1
662 836 1
662 868 1
662 919 1
662 1016 1
662 1021 1
662 1027 1
662 1032 1
662 1076 1
662 1143 1
662 1162 1
662 1272 1
662 1314 1
662 1322 1
662 1334 1
662 1337 1
662 1352 1
662 1493 1
662 1494 1
662 1517 1
662 1577 1
662 1638 1
662 1730 1
662 1732 1
662 1801 1
662 1829 1
662 1842 1
662 1849 1
662 1867 1
662 1907 1
662 1909 1
662 1941 1
663 745 1
663 1051 1
663 1114 1
663 1289 1
663 1315 1
663 1367 1
663 1404 1
663 1510 1
663 1546 1
663 1574 1
663 1593 1
663 1634 1
663 1680 1
663 1693 1
663 1829 1
663 1839 1
663 1840 1
663 1849 1
663 1864 1
663 1882 1
663 1900 1
663 1907 1
663 1962 1
664 687 1
664 694 1
664 770 1
664 773 1
664 864 1
664 979 1
664 1045 1
664 1125 1
664 1137 1
664 1167 1
664 1183 1
664 1198 1
664 1223 1
664 1275 1
664 1408 1
664 1437 1
664 1474 1
664 1487 1
664 1492 1
664 1565 1
664 1578 1
664 1591 1
664 1638 1
664 1652 1
664 1661 1
664 1674 1
664 1714 1
664 1728 1
664 1738 1
664 1747 1
664 1929 1
664 1950 1
664 1951 1
664 1982 1
664 1988 1
665 743 1
665 767 1
665 794 1
665 798 1
665 888 1
665 961 1
665 978 1
665 1062 1
665 1091 1
665 1107 1
665 1153 1
665 1214 1
665 1228 1
665 1273 1
665 1283 1
665 1287 1
665 1294 1
665 1305 1
665 1320 1
665 1328 1
665 1354 1
665 1404 1
665 1439 1
665 1498 1
665 1516 1
665 1593 1
665 1601 1
665 1638 1
665 1641 1
665 1672 1
665 1697 1
665 1707 1
665 1713 1
665 1737 1
665 1759 1
665 1775 1
665 1781 1
665 1973 1
666 705 1
666 751 1
666 801 1
666 814 1
666 852 1
666 864 1
666 880 1
666 1019 1
666 1058 1
666 1075 1
666 1102 1
666 1157 1
666 1324 1
666 1367 1
666 1372 1
666 1396 1
666 1438 1
666 1453 1
666 1462 1
666 1498 1
666 1526 1
666 1539 1
666 1548 1
666 1555 1
666 1628 1
666 1654 1
666 1735 1
666 1751 1
666 1794 1
666 1828 1
666 1831 1
666 1846 1
666 1941 1
666 1944 1
667 686 1
667 708 1
667 738 1
667 759 1
667 768 1
667 845 1
667 915 1
667 949 1
667 960 1
667 964 1
667 965 1
667 989 1
667 1002 1
667 1032 1
667 1120 1
667 1149 1
667 1252 1
667 1260 1
667 1303 1
667 1337 1
667 1338 1
667 1356 1
667 1373 1
667 1374 1
667 1463 1
667 1478 1
667 1492 1
667 1542 1
667 1560 1
667 1633 1
667 1648 1
667 1649 1
667 1669 1
667 1774 1
667 1825 1
667 1835 1
667 1861 1
667 1868 1
667 1905 1
667 1943 1
667 1952 1
667 1978 1
667 1986 1
667 1988 1
668 688 1
668 731 1
668 733 1
668 757 1
668 759 1
668 886 1
668 892 1
668 928 1
668 937 1
668 942 1
668 1026 1
668 1057 1
668 1105 1
668 1171 1
668 1180 1
668 1326 1
668 1390 1
668 1417 1
668 1640 1
668 1710 1
668 1874 1
668 1954 1
668 1971 1
668 1999 1
669 681 1
669 703 1
669 798 1
669 841 1
669 852 1
669 933 1
669 1007 1
669 1093 1
669 1160 1
669 1241 1
669 1293 1
669 1333 1
669 1335 1
669 1358 1
669 1451 1
669 1468 1
669 1549 1
669 1731 1
669 1754 1
669 1854 1
669 1905 1
669 1953 1
669 1983 1
669 1991 1
670 674 1
670 686 1
670 691 1
670 729 1
670 776 1
670 806 1
670 807 1
670 864 1
670 916 1
670 921 1
670 993 1
670 1073 1
670 1096 1
670 1139 1
670 1142 1
670 1143 1
670 1155 1
670 1211 1
670 1253 1
670 1288 1
670 1308 1
670 1311 1
670 1367 1
670 1442 1
670 1521 1
670 1527 1
670 1534 1
670 1542 1
670 1611 1
670 1613 1
670 1627 1
670 1648 1
670 1661 1
670 1689 1
670 1695 1
670 1701 1
670 1730 1
670 1870 1
670 1889 1
670 1891 1
670 1940 1
671 700 1
671 765 1
671 781 1
671 786 1
671 844 1
671 870 1
671 871 1
671 899 1
671 913 1
671 921 1
671 936 1
671 942 1
671 972 1
671 973 1
671 1023 1
671 1099 1
671 1109 1
671 1214 1
671 1217 1
671 1318 1
671 1351 1
671 1432 1
671 1455 1
671 1487 1
671 1511 1
671 1538 1
671 1575 1
671 1617 1
671 1620 1
671 1742 1
671 1786 1
671 1799 1
671 1833 1
671 1886 1
671 1898 1
671 1912 1
671 1962 1
671 1963 1
672 720 1
672 723 1
672 746 1
672 751 1
672 779 1
672 825 1
672 891 1
672 944 1
672 949 1
672 980 1
672 993 1
672 1011 1
672 1018 1
672 1029 1
672 1047 1
672 1075 1
672 1157 1
672 1159 1
672 1255 1
672 1557 1
672 1611 1
672 1672 1
672 1769 1
672 1815 1
672 1823 1
672 1835 1
672 1917 1
672 1942 1
672 1954 1
672 1972 1
673 700 1
673 712 1
673 769 1
673 789 1
673 866 1
673 991 1
673 1011 1
673 1029 1
673 1089 1
673 1294 1
673 1356 1
673 1359 1
673 1410 1
673 1471 1
673 1492 1
673 1577 1
673 1598 1
673 1626 1
673 1653 1
673 1717 1
673 1733 1
673 1815 1
673 1838 1
673 1857 1
673 1864 1
673 1942 1
673 1961 1
673 1966 1
674 681 1
674 688 1
674 690 1
674 700 1
674 785 1
674 796 1
674 818 1
674 836 1
674 865 1
674 867 1
674 883 1
674 889 1
674 923 1
674 943 1
674 967 1
674 1217 1
674 1229 1
674 1232 1
674 1289 1
674 1325 1
674 1330 1
674 1372 1
674 1378 1
674 1397 1
674 1446 1
674 1475 1
674 1503 1
674 1583 1
674 1588 1
674 1600 1
674 1678 1
674 1701 1
674 1766 1
674 1807 1
674 1816 1
674 1832 1
674 1840 1
674 1927 1
674 1933 1
675 741 1
675 767 1
675 799 1
675 871 1
675 887 1
675 916 1
675 919 1
675 929 1
675 973 1
675 994 1
675 1043 1
675 1085 1
675 1119 1
675 1157 1
675 1185 1
675 1193 1
675 1244 1
675 1247 1
675 1305 1
675 1414 1
675 1429 1
675 1431 1
675 1478 1
675 1520 1
675 1588 1
675 1654 1
675 1718 1
675 1740 1
675 1793 1
675 1809 1
675 1813 1
675 1819 1
675 1919 1
675 1964 1
675 1966 1
675 1982 1
676 728 1
676 748 1
676 787 1
676 860 1
676 934 1
676 935 1
676 952 1
676 965 1
676 977 1
676 998 1
676 1090 1
676 1160 1
676 1171 1
676 1209 1
676 1365 1
676 1503 1
676 1538 1
676 1539 1
676 1598 1
676 1628 1
676 1689 1
676 1721 1
676 1762 1
676 1878 1
676 1926 1
676 1944 1
676 1953 1
677 740 1
677 765 1
677 792 1
677 794 1
677 799 1
677 819 1
677 880 1
677 894 1
677 910 1
677 936 1
677 955 1
677 957 1
677 978 1
677 993 1
677 1069 1
677 1082 1
677 1141 1
677 1187 1
677 1196 1
677 1258 1
677 1350 1
677 1379 1
677 1431 1
677 1463 1
677 1477 1
677 1525 1
677 1530 1
677 1532 1
677 1620 1
677 1643 1
677 1645 1
677 1674 1
677 1704 1
677 1726 1
677 1813 1
677 1874 1
677 1893 1
677 1898 1
677 1928 1
677 1966 1
677 1994 1
677 1997 1
678 718 1
678 747 1
678 753 1
678 859 1
678 872 1
678 883 1
678 885 1
678 900 1
678 908 1
678 922 1
678 944 1
678 965 1
678 968 1
678 1009 1
678 1024 1
678 1068 1
678 1135 1
678 1166 1
678 1180 1
678 1223 1
678 1378 1
678 1420 1
678 1472 1
678 1486 1
678 1531 1
678 1565 1
678 1623 1
678 1628 1
678 1808 1
678 1825 1
678 1902 1
678 1919 1
678 1958 1
678 1983 1
679 698 1
679 755 1
679 815 1
679 832 1
679 847 1
679 863 1
679 953 1
679 984 1
679 1074 1
679 1109 1
679 1121 1
679 1187 1
679 1193 1
679 1223 1
679 1299 1
679 1312 1
679 1313 1
679 1463 1
679 1512 1
679 1523 1
679 1539 1
679 1550 1
679 1580 1
679 1589 1
679 1671 1
679 1699 1
679 1709 1
679 1726 1
679 1737 1
679 1746 1
679 1774 1
679 1968 1
679 1969 1
679 1989 1
680 890 1
680 906 1
680 943 1
680 973 1
680 992 1
680 1045 1
680 1049 1
680 1059 1
680 1141 1
680 1165 1
680 1166 1
680 1184 1
680 1218 1
680 1505 1
680 1586 1
680 1638 1
680 1652 1
680 1659 1
680 1710 1
680 1763 1
680 1792 1
680 1858 1
680 1871 1
680 1898 1
680 1907 1
680 1923 1
680 1924 1
681 709 1
681 886 1
681 897 1
681 907 1
681 916 1
681 978 1
681 1038 1
681 1129 1
681 1130 1
681 1159 1
681 1188 1
681 1263 1
681 1267 1
681 1295 1
681 1308 1
681 1395 1
681 1397 1
681 1446 1
681 1515 1
681 1552 1
681 1641 1
681 1650 1
681 1661 1
681 1667 1
681 1671 1
681 1711 1
681 1714 1
681 1755 1
681 1795 1
681 1797 1
681 1855 1
681 1874 1
681 1897 1
681 1942 1
681 1986 1
682 726 1
682 773 1
682 829 1
682 842 1
682 858 1
682 871 1
682 924 1
682 952 1
682 955 1
682 981 1
682 984 1
682 989 1
682 1091 1
682 1098 1
682 1132 1
682 1148 1
682 1185 1
682 1212 1
682 1295 1
682 1327 1
682 1328 1
682 1369 1
682 1500 1
682 1552 1
682 1581 1
682 1582 1
682 1611 1
682 1613 1
682 1628 1
682 1743 1
682 1770 1
682 1773 1
682 1809 1
682 1826 1
682 1827 1
682 1878 1
683 699 1
683 722 1
683 751 1
683 793 1
683 867 1
683 1011 1
683 1045 1
683 1163 1
683 1215 1
683 1287 1
683 1298 1
683 1349 1
683 1428 1
683 1460 1
683 1465 1
683 1522 1
683 1546 1
683 1564 1
683 1640 1
683 1682 1
683 1684 1
683 1688 1
683 1729 1
683 1778 1
683 1874 1
683 1893 1
683 1914 1
683 1918 1
683 1950 1
683 1967 1
683 1982 1
684 692 1
684 697 1
684 703 1
684 723 1
684 850 1
684 882 1
684 893 1
684 951 1
684 991 1
684 998 1
684 1064 1
684 1157 1
684 1235 1
684 1278 1
684 1431 1
684 1486 1
684 1503 1
684 1556 1
684 1601 1
684 1606 1
684 1676 1
684 1698 1
684 1714 1
684 1780 1
684 1909 1
684 1911 1
685 690 1
685 801 1
685 813 1
685 829 1
685 894 1
685 907 1
685 935 1
685 1016 1
685 1030 1
685 1111 1
685 1190 1
685 1224 1
685 1313 1
685 1328 1
685 1385 1
685 1437 1
685 1452 1
685 1534 1
685 1637 1
685 1709 1
685 1847 1
685 1848 1
685 1853 1
685 1934 1
685 1990 1
686 716 1
686 770 1
686 872 1
686 894 1
686 950 1
686 990 1
686 1002 1
686 1086 1
686 1092 1
686 1093 1
686 1178 1
686 1205 1
686 1213 1
686 1279 1
686 1298 1
686 1314 1
686 1336 1
686 1391 1
686 1407 1
686 1421 1
686 1431 1
686 1442 1
686 1445 1
686 1458 1
686 1473 1
686 1540 1
686 1548 1
686 1550 1
686 1555 1
686 1561 1
686 1565 1
686 1588 1
686 1616 1
686 1807 1
686 1880 1
686 1892 1
686 1906 1
686 1980 1
686 1989 1
687 731 1
687 861 1
687 886 1
687 896 1
687 914 1
687 924 1
687 943 1
687 1006 1
687 1007 1
687 1018 1
687 1104 1
687 1131 1
687 1189 1
687 1272 1
687 1277 1
687 1309 1
687 1355 1
687 1374 1
687 1383 1
687 1459 1
687 1473 1
687 1531 1
687 1588 1
687 1604 1
687 1634 1
687 1654 1
687 1660 1
687 1675 1
687 1701 1
687 1762 1
687 1779 1
687 1861 1
687 1916 1
687 1921 1
687 1932 1
687 1956 1
687 1984 1
688 699 1
688 704 1
688 721 1
688 751 1
688 784 1
688 789 1
688 839 1
688 843 1
688 855 1
688 860 1
688 918 1
688 940 1
688 965 1
688 1156 1
688 1184 1
688 1215 1
688 1274 1
688 1377 1
688 1389 1
688 1403 1
688 1541 1
688 1849 1
688 1858 1
688 1949 1
689 698 1
689 738 1
689 911 1
689 1031 1
689 1080 1
689 1081 1
689 1100 1
689 1116 1
689 1192 1
689 1230 1
689 1262 1
689 1265 1
689 1308 1
689 1334 1
689 1388 1
689 1401 1
689 1416 1
689 1423 1
689 1476 1
689 1499 1
689 1504 1
689 1571 1
689 1602 1
689 1631 1
689 1647 1
689 1729 1
689 1737 1
689 1755 1
689 1771 1
689 1772 1
689 1774 1
689 1941 1
689 1943 1
690 713 1
690 769 1
690 838 1
690 840 1
690 855 1
690 876 1
690 893 1
690 928 1
690 938 1
690 940 1
690 1045 1
690 1134 1
690 1137 1
690 1142 1
690 1195 1
690 1229 1
690 1299 1
690 1345 1
690 1425 1
690 1457 1
690 1514 1
690 1538 1
690 1589 1
690 1628 1
690 1632 1
690 1664 1
690 1691 1
690 1757 1
690 1796 1
690 1848 1
690 1853 1
690 1856 1
690 1872 1
690 1901 1
690 1920 1
690 1938 1
691 701 1
691 731 1
691 866 1
691 900 1
691 943 1
691 968 1
691 970 1
691 1029 1
691 1059 1
691 1148 1
691 1236 1
691 1270 1
691 1296 1
691 1361 1
691 1382 1
691 1557 1
691 1562 1
691 1657 1
691 1690 1
691 1709 1
691 1718 1
691 1736 1
691 1794 1
691 1824 1
691 1840 1
691 1907 1
691 1933 1
691 1934 1
692 704 1
692 740 1
692 760 1
692 781 1
692 784 1
692 800 1
692 856 1
692 864 1
692 900 1
692 913 1
692 964 1
692 981 1
692 1002 1
692 1045 1
692 1103 1
692 1170 1
692 1173 1
692 1195 1
692 1218 1
692 1317 1
692 1328 1
692 1352 1
692 1424 1
692 1439 1
692 1457 1
692 1464 1
692 1469 1
692 1589 1
692 1685 1
692 1689 1
692 1768 1
692 1912 1
692 1955 1
692 1964 1
692 1997 1
693 736 1
693 747 1
693 776 1
693 785 1
693 790 1
693 828 1
693 832 1
693 869 1
693 898 1
693 901 1
693 916 1
693 945 1
693 949 1
693 1016 1
693 1055 1
693 1110 1
693 1114 1
693 1149 1
693 1159 1
693 1167 1
693 1202 1
693 1264 1
693 1306 1
693 1340 1
693 1344 1
693 1437 1
693 1568 1
693 1585 1
693 1646 1
693 1680 1
693 1681 1
693 1710 1
693 1722 1
693 1744 1
693 1781 1
693 1793 1
693 1801 1
693 1862 1
693 1864 1
693 1907 1
693 1921 1
694 704 1
694 710 1
694 720 1
694 725 1
694 774 1
694 802 1
694 819 1
694 844 1
694 897 1
694 903 1
694 910 1
694 996 1
694 1042 1
694 1203 1
694 1294 1
694 1304 1
694 1316 1
694 1324 1
694 1374 1
694 1427 1
694 1506 1
694 1611 1
694 1615 1
694 1660 1
694 1674 1
694 1704 1
694 1756 1
694 1760 1
694 1810 1
694 1875 1
694 1968 1
695 739 1
695 804 1
695 832 1
695 841 1
695 847 1
695 873 1
695 911 1
695 963 1
695 992 1
695 1036 1
695 1066 1
695 1072 1
695 1114 1
695 1134 1
695 1179 1
695 1255 1
695 1325 1
695 1408 1
695 1431 1
695 1526 1
695 1588 1
695 1616 1
695 1623 1
695 1666 1
695 1724 1
695 1733 1
695 1750 1
695 1836 1
695 1849 1
695 1912 1
695 1920 1
695 1951 1
695 1956 1
695 1978 1
696 702 1
696 724 1
696 826 1
696 869 1
696 870 1
696 907 1
696 953 1
696 966 1
696 983 1
696 1027 1
696 1053 1
696 1061 1
696 1128 1
696 1208 1
696 1269 1
696 1275 1
696 1307 1
696 1308 1
696 1371 1
696 1417 1
696 1456 1
696 1493 1
696 1605 1
696 1607 1
696 1679 1
696 1972 1
697 757 1
697 775 1
697 821 1
697 880 1
697 884 1
697 895 1
697 902 1
697 958 1
697 976 1
697 988 1
697 1022 1
697 1050 1
697 1083 1
697 1126 1
697 1141 1
697 1149 1
697 1161 1
697 1211 1
697 1246 1
697 1262 1
697 1285 1
697 1303 1
697 1306 1
697 1467 1
697 1479 1
697 1529 1
697 1536 1
697 1603 1
697 1654 1
697 1655 1
697 1659 1
697 1715 1
697 1720 1
697 1729 1
697 1828 1
697 1837 1
697 1848 1
697 1939 1
697 1960 1
698 707 1
698 769 1
698 853 1
698 857 1
698 873 1
698 945 1
698 1012 1
698 1050 1
698 1096 1
698 1101 1
698 1125 1
698 1152 1
698 1213 1
698 1262 1
698 1302 1
698 1315 1
698 1364 1
698 1380 1
698 1443 1
698 1466 1
698 1475 1
698 1505 1
698 1528 1
698 1642 1
698 1658 1
698 1687 1
698 1720 1
698 1731 1
698 1764 1
698 1820 1
698 1923 1
698 1927 1
698 1937 1
699 714 1
699 789 1
699 857 1
699 864 1
699 872 1
699 923 1
699 1057 1
699 1119 1
699 1144 1
699 1156 1
699 1238 1
699 1288 1
699 1303 1
699 1310 1
699 1380 1
699 1382 1
699 1397 1
699 1437 1
699 1443 1
699 1506 1
699 1522 1
699 1558 1
699 1560 1
699 1564 1
699 1588 1
699 1635 1
699 1758 1
699 1835 1
699 1843 1
699 1864 1
700 739 1
700 850 1
700 889 1
700 896 1
700 918 1
700 971 1
700 1072 1
700 1082 1
700 1100 1
700 1162 1
700 1181 1
700 1186 1
700 1219 1
700 1223 1
700 1280 1
700 1304 1
700 1346 1
700 1383 1
700 1423 1
700 1480 1
700 1522 1
700 1592 1
700 1668 1
700 1737 1
700 1895 1
700 1918 1
700 1943 1
700 1986 1
700 1987 1
700 1989 1
701 728 1
701 734 1
701 780 1
701 796 1
701 814 1
701 816 1
701 965 1
701 973 1
701 992 1
701 1009 1
701 1019 1
701 1026 1
701 1057 1
701 1115 1
701 1178 1
701 1328 1
701 1376 1
701 1383 1
701 1547 1
701 1583 1
701 1590 1
701 1636 1
701 1651 1
701 1672 1
701 1797 1
701 1808 1
701 1837 1
701 1896 1
701 1945 1
701 1998 1
702 730 1
702 861 1
702 876 1
702 879 1
702 886 1
702 890 1
702 928 1
702 977 1
702 1006 1
702 1121 1
702 1162 1
702 1186 1
702 1190 1
702 1211 1
702 1266 1
702 1408 1
702 1476 1
702 1488 1
702 1500 1
702 1639 1
702 1705 1
702 1721 1
702 1761 1
702 1871 1
702 1900 1
702 1906 1
702 1924 1
702 1947 1
702 1967 1
703 720 1
703 759 1
703 776 1
703 819 1
703 873 1
703 908 1
703 939 1
703 953 1
703 956 1
703 1022 1
703 1056 1
703 1159 1
703 1185 1
703 1191 1
703 1205 1
703 1233 1
703 1278 1
703 1323 1
703 1336 1
703 1341 1
703 1415 1
703 1424 1
703 1461 1
703 1479 1
703 1508 1
703 1569 1
703 1641 1
703 1739 1
703 1743 1
703 1826 1
703 1867 1
703 1877 1
703 1902 1
703 1932 1
703 1944 1
703 1952 1
704 738 1
704 788 1
704 901 1
704 967 1
704 991 1
704 1002 1
704 1047 1
704 1069 1
704 1119 1
704 1167 1
704 1203 1
704 1226 1
704 1264 1
704 1282 1
704 1353 1
704 1381 1
704 1395 1
704 1407 1
704 1456 1
704 1458 1
704 1488 1
704 1520 1
704 1527 1
704 1557 1
704 1558 1
704 1657 1
704 1768 1
704 1811 1
704 1847 1
704 1951 1
704 1955 1
704 1975 1
704 1988 1
704 1993 1
705 725 1
705 735 1
705 801 1
705 810 1
705 829 1
705 884 1
705 927 1
705 981 1
705 1042 1
705 1087 1
705 1142 1
705 1152 1
705 1167 1
705 1176 1
705 1206 1
705 1255 1
705 1265 1
705 1267 1
705 1343 1
705 1409 1
705 1466 1
705 1509 1
705 1511 1
705 1521 1
705 1542 1
705 1549 1
705 1562 1
705 1582 1
705 1593 1
705 1639 1
705 1867 1
705 1923 1
705 1960 1
705 1969 1
706 757 1
706 952 1
706 1104 1
706 1117 1
706 1164 1
706 1225 1
706 1239 1
706 1371 1
706 1500 1
706 1555 1
706 1568 1
706 1619 1
706 1692 1
706 1727 1
706 1728 1
706 1752 1
706 1777 1
706 1819 1
706 1822 1
706 1842 1
706 1886 1
706 1887 1
706 1974 1
706 1983 1
707 835 1
707 839 1
707 850 1
707 1009 1
707 1022 1
707 1107 1
707 1134 1
707 1139 1
707 1209 1
707 1220 1
707 1226 1
707 1232 1
707 1246 1
707 1274 1
707 1307 1
707 1348 1
707 1371 1
707 1381 1
707 1442 1
707 1460 1
707 1478 1
707 1514 1
707 1530 1
707 1566 1
707 1583 1
707 1605 1
707 1616 1
707 1673 1
707 1695 1
707 1740 1
707 1753 1
707 1757 1
707 1764 1
707 1783 1
707 1786 1
707 1805 1
707 1824 1
707 1866 1
707 1890 1
707 1969 1
708 710 1
708 818 1
708 833 1
708 885 1
708 1068 1
708 1108 1
708 1140 1
708 1188 1
708 1223 1
708 1226 1
708 1263 1
708 1355 1
708 1394 1
708 1422 1
708 1427 1
708 1434 1
708 1483 1
708 1585 1
708 1596 1
708 1617 1
708 1687 1
708 1750 1
708 1782 1
708 1877 1
708 1926 1
708 1957 1
708 1971 1
709 711 1
709 712 1
709 760 1
709 831 1
709 944 1
709 954 1
709 985 1
709 994 1
709 1064 1
709 1127 1
709 1148 1
709 1328 1
709 1333 1
709 1396 1
709 1531 1
709 1567 1
709 1682 1
709 1752 1
709 1810 1
709 1987 1
710 743 1
710 784 1
710 790 1
710 819 1
710 876 1
710 899 1
710 936 1
710 969 1
710 1139 1
710 1191 1
710 1228 1
710 1321 1
710 1377 1
710 1397 1
710 1534 1
710 1538 1
710 1549 1
710 1553 1
710 1565 1
710 1607 1
710 1712 1
710 1738 1
710 1739 1
710 1827 1
710 1846 1
710 1978 1
711 756 1
711 765 1
711 779 1
711 804 1
711 812 1
711 834 1
711 893 1
711 931 1
711 1087 1
711 1161 1
711 1167 1
711 1202 1
711 1333 1
711 1338 1
711 1373 1
711 1440 1
711 1469 1
711 1475 1
711 1511 1
711 1519 1
711 1565 1
711 1575 1
711 1586 1
711 1633 1
711 1637 1
711 1650 1
711 1656 1
711 1674 1
711 1731 1
711 1733 1
711 1798 1
711 1861 1
711 1957 1
712 745 1
712 864 1
712 985 1
712 986 1
712 1010 1
712 1013 1
712 1090 1
712 1125 1
712 1168 1
712 1219 1
712 1228 1
712 1229 1
712 1250 1
712 1255 1
712 1283 1
712 1396 1
712 1439 1
712 1490 1
712 1509 1
712 1514 1
712 1546 1
712 1607 1
712 1630 1
712 1736 1
712 1763 1
712 1772 1
712 1875 1
712 1933 1
712 1954 1
713 770 1
713 861 1
713 862 1
713 898 1
713 925 1
713 983 1
713 1023 1
713 1106 1
713 1192 1
713 1222 1
713 1227 1
713 1235 1
713 1239 1
713 1247 1
713 1250 1
713 1291 1
713 1303 1
713 1321 1
713 1330 1
713 1352 1
713 1387 1
713 1432 1
713 1474 1
713 1493 1
713 1509 1
713 1551 1
713 1701 1
713 1776 1
713 1841 1
713 1880 1
713 1899 1
713 1902 1
713 1952 1
714 731 1
714 791 1
714 807 1
714 815 1
714 901 1
714 935 1
714 1047 1
714 1053 1
714 1098 1
714 1250 1
714 1282 1
714 1294 1
714 1314 1
714 1352 1
714 1417 1
714 1467 1
714 1563 1
714 1578 1
714 1647 1
714 1754 1
714 1792 1
714 1815 1
714 1835 1
714 1837 1
714 1843 1
715 772 1
715 789 1
715 842 1
715 847 1
715 868 1
715 888 1
715 960 1
715 1023 1
715 1073 1
715 1128 1
715 1132 1
715 1140 1
715 1199 1
715 1300 1
715 1379 1
715 1390 1
715 1436 1
715 1467 1
715 1476 1
715 1482 1
715 1483 1
715 1504 1
715 1721 1
715 1752 1
715 1870 1
715 1880 1
715 1935 1
715 1984 1
716 814 1
716 824 1
716 833 1
716 858 1
716 928 1
716 968 1
716 989 1
716 1009 1
716 1096 1
716 1138 1
716 1161 1
716 1171 1
716 1239 1
716 1357 1
716 1363 1
716 1364 1
716 1402 1
716 1418 1
716 1509 1
716 1529 1
716 1577 1
716 1634 1
716 1665 1
716 1687 1
716 1739 1
716 1750 1
716 1762 1
716 1790 1
716 1802 1
716 1857 1
716 1965 1
716 1995 1
717 767 1
717 772 1
717 777 1
717 798 1
717 824 1
717 833 1
717 873 1
717 928 1
717 939 1
717 1092 1
717 1138 1
717 1170 1
717 1250 1
717 1270 1
717 1363 1
717 1371 1
717 1377 1
717 1410 1
717 1432 1
717 1467 1
717 1510 1
717 1541 1
717 1613 1
717 1652 1
717 1674 1
717 1690 1
717 1697 1
717 1735 1
717 1815 1
717 1833 1
717 1860 1
717 1862 1
717 1878 1
717 1900 1
718 728 1
718 825 1
718 832 1
718 861 1
718 880 1
718 915 1
718 1024 1
718 1109 1
718 1128 1
718 1129 1
718 1182 1
718 1206 1
718 1210 1
718 1316 1
718 1381 1
718 1435 1
718 1511 1
718 1521 1
718 1578 1
718 1579 1
718 1634 1
718 1645 1
718 1652 1
718 1660 1
718 1665 1
718 1772 1
718 1810 1
718 1932 1
718 1941 1
719 800 1
719 803 1
719 871 1
719 875 1
719 877 1
719 921 1
719 923 1
719 970 1
719 1025 1
719 1052 1
719 1079 1
719 1124 1
719 1135 1
719 1149 1
719 1187 1
719 1294 1
719 1354 1
719 1377 1
719 1483 1
719 1488 1
719 1499 1
719 1605 1
719 1689 1
720 723 1
720 878 1
720 897 1
720 899 1
720 920 1
720 955 1
720 969 1
720 971 1
720 1005 1
720 1013 1
720 1015 1
720 1017 1
720 1031 1
720 1062 1
720 1075 1
720 1092 1
720 1102 1
720 1112 1
720 1119 1
720 1127 1
720 1319 1
720 1328 1
720 1415 1
720 1454 1
720 1519 1
720 1521 1
720 1531 1
720 1532 1
720 1546 1
720 1561 1
720 1562 1
720 1600 1
720 1661 1
720 1662 1
720 1677 1
720 1723 1
720 1724 1
720 1742 1
720 1765 1
720 1837 1
720 1841 1
720 1851 1
720 1989 1
720 1997 1
721 724 1
721 764 1
721 801 1
721 862 1
721 941 1
721 971 1
721 993 1
721 995 1
721 1005 1
721 1021 1
721 1114 1
721 1146 1
721 1170 1
721 1195 1
721 1211 1
721 1223 1
721 1274 1
721 1285 1
721 1310 1
721 1320 1
721 1370 1
721 1383 1
721 1394 1
721 1422 1
721 1436 1
721 1476 1
721 1524 1
721 1527 1
721 1556 1
721 1685 1
721 1728 1
721 1751 1
721 1825 1
721 1835 1
721 1843 1
721 1857 1
721 1965 1
721 1984 1
722 736 1
722 746 1
722 844 1
722 868 1
722 919 1
722 1003 1
722 1013 1
722 1023 1
722 1044 1
722 1066 1
722 1105 1
722 1136 1
722 1145 1
722 1146 1
722 1165 1
722 1190 1
722 1220 1
722 1224 1
722 1278 1
722 1284 1
722 1300 1
722 1355 1
722 1420 1
722 1574 1
722 1592 1
722 1595 1
722 1618 1
722 1679 1
722 1749 1
722 1780 1
722 1801 1
722 1824 1
722 1884 1
722 1941 1
722 1992 1
723 785 1
723 793 1
723 900 1
723 928 1
723 929 1
723 934 1
723 958 1
723 1024 1
723 1049 1
723 1056 1
723 1193 1
723 1348 1
723 1365 1
723 1400 1
723 1495 1
723 1650 1
723 1742 1
723 1759 1
723 1848 1
723 1878 1
723 1885 1
723 1952 1
723 2000 1
724 867 1
724 886 1
724 888 1
724 911 1
724 945 1
724 974 1
724 989 1
724 1046 1
724 1060 1
724 1164 1
724 1206 1
724 1236 1
724 1255 1
724 1323 1
724 1372 1
724 1391 1
724 1411 1
724 1428 1
724 1475 1
724 1550 1
724 1559 1
724 1620 1
724 1638 1
724 1684 1
724 1758 1
724 1772 1
724 1794 1
724 1829 1
724 1835 1
724 1979 1
725 787 1
725 842 1
725 851 1
725 1067 1
725 1074 1
725 1130 1
725 1132 1
725 1228 1
725 1340 1
725 1369 1
725 1384 1
725 1430 1
725 1484 1
725 1521 1
725 1536 1
725 1547 1
725 1608 1
725 1647 1
725 1665 1
725 1737 1
725 1849 1
725 1909 1
725 1940 1
726 743 1
726 760 1
726 800 1
726 866 1
726 918 1
726 925 1
726 926 1
726 1012 1
726 1348 1
726 1371 1
726 1393 1
726 1397 1
726 1428 1
726 1440 1
726 1463 1
726 1485 1
726 1489 1
726 1494 1
726 1605 1
726 1615 1
726 1665 1
726 1734 1
726 1802 1
726 1846 1
726 1862 1
726 1939 1
726 1975 1
726 1987 1
727 870 1
727 1069 1
727 1072 1
727 1085 1
727 1130 1
727 1139 1
727 1249 1
727 1318 1
727 1366 1
727 1368 1
727 1412 1
727 1473 1
727 1522 1
727 1600 1
727 1652 1
727 1677 1
727 1691 1
727 1705 1
727 1710 1
727 1712 1
727 1718 1
727 1759 1
727 1768 1
727 1787 1
727 1806 1
727 1931 1
727 1933 1
727 1954 1
727 1966 1
727 1988 1
728 793 1
728 815 1
728 852 1
728 863 1
728 878 1
728 916 1
728 918 1
728 1001 1
728 1007 1
728 1023 1
728 1048 1
728 1057 1
728 1068 1
728 1078 1
728 1116 1
728 1131 1
728 1143 1
728 1201 1
728 1242 1
728 1293 1
728 1304 1
728 1333 1
728 1380 1
728 1392 1
728 1402 1
728 1443 1
728 1512 1
728 1633 1
728 1651 1
728 1655 1
728 1660 1
728 1666 1
728 1694 1
728 1706 1
728 1772 1
728 1816 1
728 1861 1
728 1977 1
729 747 1
729 789 1
729 790 1
729 797 1
729 915 1
729 972 1
729 1006 1
729 1040 1
729 1210 1
729 1302 1
729 1384 1
729 1400 1
729 1422 1
729 1561 1
729 1579 1
729 1597 1
729 1721 1
729 1728 1
729 1772 1
729 1810 1
729 1859 1
729 1941 1
729 1943 1
730 780 1
730 787 1
730 911 1
730 913 1
730 916 1
730 948 1
730 949 1
730 954 1
730 962 1
730 965 1
730 1002 1
730 1033 1
730 1085 1
730 1102 1
730 1128 1
730 1179 1
730 1239 1
730 1254 1
730 1255 1
730 1444 1
730 1452 1
730 1522 1
730 1523 1
730 1531 1
730 1563 1
730 1611 1
730 1691 1
730 1819 1
730 1878 1
730 1996 1
731 744 1
731 825 1
731 853 1
731 918 1
731 927 1
731 944 1
731 1027 1
731 1033 1
731 1040 1
731 1055 1
731 1150 1
731 1163 1
731 1166 1
731 1169 1
731 1206 1
731 1213 1
731 1233 1
731 1241 1
731 1265 1
731 1287 1
731 1302 1
731 1311 1
731 1335 1
731 1342 1
731 1401 1
731 1479 1
731 1530 1
731 1606 1
731 1634 1
731 1678 1
731 1690 1
731 1737 1
731 1762 1
731 1784 1
731 1818 1
731 1991 1
732 798 1
732 884 1
732 916 1
732 955 1
732 965 1
732 983 1
732 1012 1
732 1041 1
732 1053 1
732 1151 1
732 1183 1
732 1262 1
732 1279 1
732 1322 1
732 1495 1
732 1499 1
732 1522 1
732 1580 1
732 1681 1
732 1851 1
732 1885 1
732 1963 1
732 1973 1
733 768 1
733 785 1
733 812 1
733 828 1
733 850 1
733 881 1
733 882 1
733 1056 1
733 1116 1
733 1139 1
733 1184 1
733 1191 1
733 1207 1
733 1415 1
733 1431 1
733 1438 1
733 1442 1
733 1448 1
733 1598 1
733 1683 1
733 1724 1
733 1753 1
733 1784 1
733 1829 1
733 1839 1
733 1866 1
733 1867 1
733 1901 1
733 1914 1
734 867 1
734 887 1
734 964 1
734 977 1
734 985 1
734 994 1
734 1069 1
734 1147 1
734 1174 1
734 1177 1
734 1210 1
734 1213 1
734 1283 1
734 1391 1
734 1399 1
734 1406 1
734 1432 1
734 1454 1
734 1490 1
734 1522 1
734 1525 1
734 1528 1
734 1688 1
734 1734 1
734 1806 1
734 1859 1
734 1914 1
734 1977 1
735 777 1
735 856 1
735 935 1
735 939 1
735 1008 1
735 1010 1
735 1021 1
735 1125 1
735 1162 1
735 1179 1
735 1197 1
735 1205 1
735 1235 1
735 1273 1
735 1336 1
735 1387 1
735 1432 1
735 1436 1
735 1443 1
735 1451 1
735 1492 1
735 1532 1
735 1613 1
735 1762 1
735 1788 1
735 1936 1
735 1954 1
735 1968 1
736 780 1
736 783 1
736 855 1
736 863 1
736 891 1
736 905 1
736 941 1
736 948 1
736 957 1
736 1014 1
736 1019 1
736 1029 1
736 1047 1
736 1101 1
736 1125 1
736 1126 1
736 1307 1
736 1320 1
736 1335 1
736 1442 1
736 1469 1
736 1490 1
736 1515 1
736 1541 1
736 1570 1
736 1596 1
736 1625 1
736 1693 1
736 1711 1
736 1723 1
736 1824 1
736 1836 1
736 1844 1
736 1875 1
736 1998 1
737 762 1
737 815 1
737 851 1
737 910 1
737 966 1
737 984 1
737 1104 1
737 1107 1
737 1191 1
737 1221 1
737 1442 1
737 1448 1
737 1453 1
737 1456 1
737 1527 1
737 1563 1
737 1566 1
737 1665 1
737 1700 1
737 1733 1
737 1746 1
737 1801 1
737 1866 1
737 1915 1
738 780 1
738 785 1
738 788 1
738 792 1
738 803 1
738 876 1
738 980 1
738 1024 1
738 1038 1
738 1039 1
738 1044 1
738 1063 1
738 1069 1
738 1090 1
738 1172 1
738 1177 1
738 1211 1
738 1230 1
738 1311 1
738 1314 1
738 1354 1
738 1378 1
738 1388 1
738 1398 1
738 1433 1
738 1491 1
738 1685 1
738 1723 1
738 1732 1
738 1736 1
738 1799 1
738 1860 1
738 1870 1
738 1883 1
738 1909 1
738 1975 1
738 1989 1
739 774 1
739 800 1
739 816 1
739 841 1
739 944 1
739 1037 1
739 1099 1
739 1142 1
739 1180 1
739 1181 1
739 1253 1
739 1265 1
739 1300 1
739 1317 1
739 1379 1
739 1452 1
739 1464 1
739 1517 1
739 1520 1
739 1548 1
739 1631 1
739 1657 1
739 1663 1
739 1678 1
739 1705 1
739 1722 1
739 1751 1
739 1766 1
739 1806 1
739 1812 1
739 1877 1
739 1897 1
739 1975 1
739 1983 1
740 768 1
740 805 1
740 1000 1
740 1058 1
740 1137 1
740 1145 1
740 1181 1
740 1238 1
740 1253 1
740 1256 1
740 1360 1
740 1367 1
740 1377 1
740 1378 1
740 1382 1
740 1389 1
740 1468 1
740 1472 1
740 1532 1
740 1535 1
740 1561 1
740 1585 1
740 1641 1
740 1694 1
740 1725 1
740 1727 1
740 1793 1
740 1859 1
740 1867 1
740 1868 1
740 1904 1
740 1955 1
740 1970 1
741 768 1
741 777 1
741 788 1
741 821 1
741 858 1
741 872 1
741 910 1
741 927 1
741 964 1
741 986 1
741 1009 1
741 1026 1
741 1079 1
741 1203 1
741 1348 1
741 1360 1
741 1366 1
741 1406 1
741 1413 1
741 1442 1
741 1498 1
741 1509 1
741 1567 1
741 1656 1
741 1697 1
741 1858 1
741 1860 1
741 1868 1
742 798 1
742 910 1
742 914 1
742 948 1
742 952 1
742 981 1
742 985 1
742 1046 1
742 1062 1
742 1141 1
742 1149 1
742 1161 1
742 1211 1
742 1278 1
742 1329 1
742 1336 1
742 1338 1
742 1393 1
742 1398 1
742 1413 1
742 1440 1
742 1534 1
742 1546 1
742 1575 1
742 1577 1
742 1607 1
742 1631 1
742 1637 1
742 1648 1
742 1650 1
742 1654 1
742 1774 1
742 1783 1
742 1939 1
742 1985 1
743 767 1
743 780 1
743 818 1
743 822 1
743 844 1
743 912 1
743 940 1
743 965 1
743 985 1
743 1029 1
743 1044 1
743 1048 1
743 1106 1
743 1244 1
743 1287 1
743 1308 1
743 1338 1
743 1427 1
743 1431 1
743 1548 1
743 1575 1
743 1602 1
743 1675 1
743 1691 1
743 1700 1
743 1703 1
743 1804 1
743 1819 1
743 1838 1
743 1915 1
743 1916 1
743 1937 1
743 1938 1
743 1948 1
744 812 1
744 892 1
744 923 1
744 954 1
744 969 1
744 974 1
744 1000 1
744 1092 1
744 1126 1
744 1146 1
744 1218 1
744 1343 1
744 1360 1
744 1362 1
744 1400 1
744 1404 1
744 1454 1
744 1556 1
744 1612 1
744 1752 1
744 1817 1
744 1903 1
744 1911 1
744 1944 1
745 771 1
745 784 1
745 797 1
745 806 1
745 854 1
745 857 1
745 878 1
745 898 1
745 912 1
745 987 1
745 1019 1
745 1035 1
745 1037 1
745 1090 1
745 1210 1
745 1497 1
745 1530 1
745 1579 1
745 1585 1
745 1604 1
745 1625 1
745 1645 1
745 1724 1
745 1775 1
745 1785 1
745 1799 1
745 1905 1
745 1947 1
746 761 1
746 763 1
746 781 1
746 855 1
746 859 1
746 877 1
746 919 1
746 930 1
746 995 1
746 1016 1
746 1090 1
746 1137 1
746 1149 1
746 1171 1
746 1182 1
746 1222 1
746 1249 1
746 1269 1
746 1282 1
746 1339 1
746 1434 1
746 1460 1
746 1462 1
746 1464 1
746 1611 1
746 1638 1
746 1677 1
746 1709 1
746 1725 1
746 1776 1
746 1804 1
746 1859 1
746 1871 1
746 1934 1
746 1937 1
746 1985 1
747 761 1
747 775 1
747 815 1
747 899 1
747 907 1
747 944 1
747 1021 1
747 1033 1
747 1238 1
747 1288 1
747 1292 1
747 1471 1
747 1504 1
747 1522 1
747 1530 1
747 1581 1
747 1610 1
747 1636 1
747 1688 1
747 1756 1
747 1769 1
747 1805 1
747 1836 1
747 1871 1
747 1896 1
747 1912 1
747 1928 1
747 1962 1
747 1981 1
747 1995 1
748 761 1
748 880 1
748 909 1
748 1010 1
748 1029 1
748 1138 1
748 1147 1
748 1163 1
748 1195 1
748 1199 1
748 1220 1
748 1389 1
748 1392 1
748 1395 1
748 1449 1
748 1471 1
748 1500 1
748 1504 1
748 1625 1
748 1640 1
748 1709 1
748 1758 1
748 1779 1
748 1783 1
748 1813 1
748 1853 1
748 1940 1
748 1942 1
748 1960 1
748 1963 1
749 757 1
749 782 1
749 827 1
749 854 1
749 900 1
749 908 1
749 909 1
749 976 1
749 993 1
749 1046 1
749 1070 1
749 1073 1
749 1119 1
749 1184 1
749 1196 1
749 1216 1
749 1239 1
749 1328 1
749 1436 1
749 1496 1
749 1501 1
749 1513 1
749 1527 1
749 1553 1
749 1592 1
749 1687 1
749 1719 1
749 1731 1
749 1786 1
749 1814 1
749 1843 1
749 1864 1
749 1907 1
749 1989 1
750 754 1
750 763 1
750 769 1
750 838 1
750 845 1
750 893 1
750 954 1
750 1044 1
750 1060 1
750 1093 1
750 1125 1
750 1268 1
750 1292 1
750 1324 1
750 1333 1
750 1458 1
750 1495 1
750 1508 1
750 1552 1
750 1608 1
750 1634 1
750 1681 1
750 1699 1
750 1738 1
750 1741 1
750 1748 1
750 1755 1
750 1773 1
750 1827 1
750 1832 1
750 1936 1
751 761 1
751 808 1
751 919 1
751 975 1
751 1038 1
751 1086 1
751 1134 1
751 1147 1
751 1167 1
751 1174 1
751 1185 1
751 1188 1
751 1218 1
751 1238 1
751 1266 1
751 1279 1
751 1310 1
751 1349 1
751 1404 1
751 1406 1
751 1482 1
751 1511 1
751 1628 1
751 1662 1
751 1686 1
751 1695 1
751 1724 1
751 1739 1
751 1784 1
751 1831 1
751 1842 1
751 1845 1
751 1953 1
751 1956 1
752 846 1
752 969 1
752 971 1
752 976 1
752 987 1
752 992 1
752 1003 1
752 1071 1
752 1102 1
752 1141 1
752 1177 1
752 1204 1
752 1233 1
752 1235 1
752 1247 1
752 1340 1
752 1376 1
752 1445 1
752 1467 1
752 1490 1
752 1543 1
752 1638 1
752 1716 1
752 1721 1
752 1756 1
752 1780 1
752 1845 1
752 1915 1
753 764 1
753 914 1
753 952 1
753 1038 1
753 1039 1
753 1041 1
753 1109 1
753 1162 1
753 1168 1
753 1258 1
753 1268 1
753 1271 1
753 1302 1
753 1321 1
753 1327 1
753 1329 1
753 1385 1
753 1414 1
753 1502 1
753 1514 1
753 1533 1
753 1555 1
753 1622 1
753 1634 1
753 1677 1
753 1682 1
753 1683 1
753 1710 1
753 1737 1
753 1941 1
753 1961 1
754 831 1
754 891 1
754 905 1
754 1001 1
754 1028 1
754 1067 1
754 1099 1
754 1135 1
754 1140 1
754 1145 1
754 1198 1
754 1243 1
754 1440 1
754 1466 1
754 1528 1
754 1541 1
754 1664 1
754 1683 1
754 1753 1
754 1758 1
754 1881 1
754 1911 1
754 1971 1
754 1980 1
754 1989 1
755 813 1
755 823 1
755 903 1
755 930 1
755 1040 1
755 1059 1
755 1096 1
755 1115 1
755 1125 1
755 1133 1
755 1139 1
755 1154 1
755 1156 1
755 1167 1
755 1216 1
755 1240 1
755 1264 1
755 1282 1
755 1310 1
755 1326 1
755 1383 1
755 1410 1
755 1488 1
755 1498 1
755 1499 1
755 1503 1
755 1539 1
755 1611 1
755 1685 1
755 1728 1
755 1801 1
755 1836 1
755 1843 1
755 1847 1
755 1854 1
755 1930 1
755 1997 1
756 770 1
756 879 1
756 924 1
756 967 1
756 998 1
756 1003 1
756 1025 1
756 1069 1
756 1076 1
756 1205 1
756 1264 1
756 1323 1
756 1341 1
756 1472 1
756 1511 1
756 1553 1
756 1617 1
756 1751 1
756 1837 1
756 1839 1
756 1857 1
756 1869 1
756 1995 1
757 837 1
757 989 1
757 1040 1
757 1057 1
757 1084 1
757 1121 1
757 1126 1
757 1174 1
757 1216 1
757 1250 1
757 1256 1
757 1331 1
757 1346 1
757 1349 1
757 1353 1
757 1371 1
757 1401 1
757 1414 1
757 1471 1
757 1534 1
757 1581 1
757 1605 1
757 1633 1
757 1647 1
757 1648 1
757 1667 1
757 1685 1
757 1694 1
757 1775 1
757 1776 1
757 1830 1
757 1834 1
757 1849 1
757 1896 1
757 1971 1
758 811 1
758 828 1
758 829 1
758 832 1
758 839 1
758 900 1
758 941 1
758 947 1
758 950 1
758 1023 1
758 1024 1
758 1064 1
758 1168 1
758 1209 1
758 1227 1
758 1299 1
758 1319 1
758 1321 1
758 1349 1
758 1375 1
758 1392 1
758 1425 1
758 1510 1
758 1622 1
758 1658 1
758 1685 1
758 1700 1
758 1702 1
758 1719 1
758 1780 1
758 1795 1
758 1847 1
758 1892 1
758 1895 1
759 842 1
759 945 1
759 946 1
759 1006 1
759 1011 1
759 1032 1
759 1076 1
759 1087 1
759 1106 1
759 1134 1
759 1145 1
759 1158 1
759 1164 1
759 1168 1
759 1171 1
759 1209 1
759 1256 1
759 1302 1
759 1313 1
759 1361 1
759 1400 1
759 1443 1
759 1469 1
759 1482 1
759 1484 1
759 1488 1
759 1489 1
759 1649 1
759 1731 1
759 1757 1
759 1787 1
759 1810 1
759 1893 1
759 1903 1
759 1981 1
759 1990 1
760 778 1
760 800 1
760 886 1
760 929 1
760 951 1
760 957 1
760 1018 1
760 1028 1
760 1029 1
760 1066 1
760 1169 1
760 1179 1
760 1209 1
760 1224 1
760 1225 1
760 1297 1
760 1369 1
760 1377 1
760 1432 1
760 1461 1
760 1466 1
760 1626 1
760 1640 1
760 1672 1
760 1730 1
760 1820 1
760 1854 1
760 1912 1
760 1926 1
760 1936 1
760 1942 1
761 766 1
761 811 1
761 825 1
761 826 1
761 873 1
761 883 1
761 886 1
761 911 1
761 919 1
761 944 1
761 1017 1
761 1042 1
761 1066 1
761 1081 1
761 1095 1
761 1104 1
761 1107 1
761 1209 1
761 1262 1
761 1278 1
761 1307 1
761 1355 1
761 1382 1
761 1396 1
761 1407 1
761 1417 1
761 1449 1
761 1458 1
761 1480 1
761 1482 1
761 1558 1
761 1559 1
761 1602 1
761 1835 1
761 1950 1
761 1956 1
762 845 1
762 847 1
762 908 1
762 916 1
762 954 1
762 1039 1
762 1085 1
762 1168 1
762 1178 1
762 1285 1
762 1314 1
762 1360 1
762 1401 1
762 1442 1
762 1453 1
762 1474 1
762 1516 1
762 1550 1
762 1553 1
762 1583 1
762 1596 1
762 1601 1
762 1624 1
762 1670 1
762 1702 1
762 1707 1
762 1755 1
762 1793 1
762 1800 1
762 1818 1
762 1844 1
762 1952 1
762 1958 1
763 872 1
763 929 1
763 963 1
763 965 1
763 1053 1
763 1063 1
763 1115 1
763 1122 1
763 1133 1
763 1163 1
763 1172 1
763 1173 1
763 1199 1
763 1218 1
763 1227 1
763 1235 1
763 1236 1
763 1281 1
763 1325 1
763 1354 1
763 1398 1
763 1426 1
763 1515 1
763 1556 1
763 1629 1
763 1634 1
763 1645 1
763 1722 1
763 1740 1
763 1802 1
763 1807 1
763 1830 1
763 1845 1
763 1885 1
763 1911 1
763 1917 1
763 1922 1
763 1986 1
764 829 1
764 843 1
764 845 1
764 987 1
764 991 1
764 1014 1
764 1019 1
764 1083 1
764 1120 1
764 1174 1
764 1197 1
764 1198 1
764 1305 1
764 1376 1
764 1399 1
764 1404 1
764 1435 1
764 1437 1
764 1446 1
764 1468 1
764 1566 1
764 1646 1
764 1676 1
764 1788 1
764 1813 1
764 1879 1
764 1916 1
765 803 1
765 812 1
765 910 1
765 917 1
765 958 1
765 962 1
765 1004 1
765 1152 1
765 1194 1
765 1222 1
765 1237 1
765 1248 1
765 1309 1
765 1310 1
765 1340 1
765 1346 1
765 1399 1
765 1424 1
765 1428 1
765 1450 1
765 1471 1
765 1484 1
765 1535 1
765 1561 1
765 1575 1
765 1581 1
765 1584 1
765 1626 1
765 1672 1
765 1691 1
765 1919 1
765 1975 1
765 1991 1
765 1993 1
765 1994 1
765 1996 1
766 783 1
766 803 1
766 814 1
766 819 1
766 883 1
766 931 1
766 1062 1
766 1072 1
766 1090 1
766 1208 1
766 1225 1
766 1254 1
766 1262 1
766 1310 1
766 1313 1
766 1345 1
766 1370 1
766 1378 1
766 1448 1
766 1504 1
766 1512 1
766 1547 1
766 1552 1
766 1618 1
766 1627 1
766 1632 1
766 1725 1
766 1785 1
766 1799 1
766 1837 1
766 1874 1
766 1993 1
766 1999 1
767 791 1
767 805 1
767 882 1
767 898 1
767 899 1
767 1042 1
767 1116 1
767 1141 1
767 1157 1
767 1190 1
767 1225 1
767 1306 1
767 1351 1
767 1453 1
767 1563 1
767 1575 1
767 1584 1
767 1652 1
767 1653 1
767 1674 1
767 1812 1
767 1905 1
767 1938 1
767 2000 1
768 928 1
768 1005 1
768 1019 1
768 1032 1
768 1054 1
768 1086 1
768 1089 1
768 1111 1
768 1193 1
768 1288 1
768 1356 1
768 1357 1
768 1379 1
768 1384 1
768 1401 1
768 1411 1
768 1449 1
768 1517 1
768 1524 1
768 1540 1
768 1585 1
768 1615 1
768 1630 1
768 1684 1
768 1731 1
768 1750 1
768 1829 1
768 1843 1
768 1948 1
768 1959 1
768 1968 1
769 791 1
769 795 1
769 813 1
769 838 1
769 847 1
769 849 1
769 852 1
769 860 1
769 865 1
769 885 1
769 906 1
769 970 1
769 1106 1
769 1129 1
769 1171 1
769 1188 1
769 1191 1
769 1201 1
769 1233 1
769 1303 1
769 1307 1
769 1322 1
769 1343 1
769 1345 1
769 1394 1
769 1395 1
769 1451 1
769 1512 1
769 1553 1
769 1575 1
769 1640 1
769 1646 1
769 1805 1
769 1846 1
769 1853 1
769 1872 1
769 1907 1
769 1928 1
769 1963 1
769 1971 1
769 1980 1
769 1983 1
769 1987 1
770 802 1
770 850 1
770 857 1
770 904 1
770 1011 1
770 1031 1
770 1043 1
770 1078 1
770 1098 1
770 1125 1
770 1185 1
770 1273 1
770 1364 1
770 1585 1
770 1608 1
770 1659 1
770 1660 1
770 1748 1
770 1868 1
770 1908 1
770 1964 1
770 1969 1
771 792 1
771 798 1
771 882 1
771 921 1
771 1024 1
771 1039 1
771 1156 1
771 1190 1
771 1262 1
771 1379 1
771 1380 1
771 1399 1
771 1427 1
771 1442 1
771 1475 1
771 1481 1
771 1524 1
771 1571 1
771 1619 1
771 1620 1
771 1669 1
771 1672 1
771 1679 1
771 1742 1
771 1785 1
771 1804 1
771 1955 1
771 1959 1
772 793 1
772 795 1
772 825 1
772 861 1
772 889 1
772 915 1
772 934 1
772 942 1
772 966 1
772 1015 1
772 1070 1
772 1073 1
772 1171 1
772 1180 1
772 1188 1
772 1230 1
772 1279 1
772 1291 1
772 1349 1
772 1378 1
772 1396 1
772 1407 1
772 1410 1
772 1431 1
772 1438 1
772 1494 1
772 1499 1
772 1553 1
772 1611 1
772 1627 1
772 1665 1
772 1702 1
772 1726 1
772 1846 1
772 1873 1
772 1907 1
772 1932 1
772 1969 1
772 1996 1
773 790 1
773 802 1
773 828 1
773 967 1
773 994 1
773 1062 1
773 1067 1
773 1083 1
773 1185 1
773 1212 1
773 1213 1
773 1274 1
773 1295 1
773 1367 1
773 1418 1
773 1439 1
773 1453 1
773 1456 1
773 1468 1
773 1470 1
773 1553 1
773 1567 1
773 1661 1
773 1674 1
773 1684 1
773 1690 1
773 1705 1
773 1736 1
773 1843 1
773 1934 1
773 1944 1
773 1960 1
773 1971 1
773 1983 1
774 783 1
774 830 1
774 845 1
774 1000 1
774 1018 1
774 1021 1
774 1109 1
774 1110 1
774 1112 1
774 1267 1
774 1336 1
774 1362 1
774 1381 1
774 1499 1
774 1589 1
774 1643 1
774 1691 1
774 1764 1
774 1798 1
774 1816 1
774 1826 1
774 1867 1
774 1882 1
774 1885 1
775 821 1
775 836 1
775 939 1
775 940 1
775 988 1
775 1034 1
775 1173 1
775 1182 1
775 1229 1
775 1232 1
775 1260 1
775 1265 1
775 1266 1
775 1279 1
775 1337 1
775 1342 1
775 1351 1
775 1527 1
775 1572 1
775 1649 1
775 1820 1
775 1855 1
775 1951 1
775 1961 1
776 802 1
776 804 1
776 826 1
776 854 1
776 889 1
776 894 1
776 963 1
776 988 1
776 1096 1
776 1097 1
776 1117 1
776 1160 1
776 1206 1
776 1256 1
776 1283 1
776 1287 1
776 1336 1
776 1366 1
776 1528 1
776 1545 1
776 1567 1
776 1577 1
776 1594 1
776 1601 1
776 1658 1
776 1690 1
776 1726 1
776 1771 1
776 1779 1
776 1828 1
776 1854 1
776 1856 1
776 1859 1
776 1955 1
777 898 1
777 923 1
777 960 1
777 975 1
777 1015 1
777 1025 1
777 1040 1
777 1070 1
777 1112 1
777 1246 1
777 1248 1
777 1351 1
777 1400 1
777 1403 1
777 1421 1
777 1444 1
777 1515 1
777 1531 1
777 1539 1
777 1598 1
777 1614 1
777 1722 1
777 1738 1
777 1772 1
777 1783 1
777 1824 1
777 1852 1
778 922 1
778 1289 1
778 1334 1
778 1341 1
778 1356 1
778 1383 1
778 1422 1
778 1491 1
778 1498 1
778 1511 1
778 1515 1
778 1560 1
778 1655 1
778 1719 1
778 1730 1
778 1836 1
778 1881 1
778 1890 1
778 1971 1
779 780 1
779 797 1
779 823 1
779 825 1
779 846 1
779 960 1
779 962 1
779 968 1
779 977 1
779 1000 1
779 1027 1
779 1123 1
779 1192 1
779 1227 1
779 1314 1
779 1337 1
779 1382 1
779 1432 1
779 1442 1
779 1480 1
779 1509 1
779 1614 1
779 1622 1
779 1635 1
779 1643 1
779 1656 1
779 1661 1
779 1760 1
779 1771 1
779 1790 1
779 1808 1
779 1812 1
779 1938 1
779 1948 1
780 863 1
780 970 1
780 997 1
780 1012 1
780 1221 1
780 1269 1
780 1274 1
780 1345 1
780 1368 1
780 1375 1
780 1396 1
780 1412 1
780 1497 1
780 1546 1
780 1568 1
780 1571 1
780 1608 1
780 1666 1
780 1724 1
780 1878 1
780 1890 1
780 1895 1
781 786 1
781 821 1
781 865 1
781 914 1
781 1022 1
781 1053 1
781 1061 1
781 1073 1
781 1082 1
781 1117 1
781 1149 1
781 1165 1
781 1167 1
781 1176 1
781 1187 1
781 1245 1
781 1257 1
781 1280 1
781 1309 1
781 1407 1
781 1415 1
781 1427 1
781 1463 1
781 1499 1
781 1545 1
781 1582 1
781 1698 1
781 1713 1
781 1754 1
781 1776 1
781 1782 1
781 1787 1
781 1791 1
781 1801 1
781 1865 1
782 797 1
782 812 1
782 818 1
782 888 1
782 894 1
782 916 1
782 931 1
782 990 1
782 1016 1
782 1067 1
782 1068 1
782 1083 1
782 1085 1
782 1086 1
782 1094 1
782 1134 1
782 1170 1
782 1175 1
782 1280 1
782 1356 1
782 1381 1
782 1420 1
782 1520 1
782 1541 1
782 1650 1
782 1674 1
782 1703 1
782 1731 1
782 1765 1
782 1932 1
782 1962 1
782 1978 1
783 878 1
783 908 1
783 915 1
783 943 1
783 994 1
783 1000 1
783 1006 1
783 1043 1
783 1044 1
783 1151 1
783 1202 1
783 1203 1
783 1306 1
783 1331 1
783 1428 1
783 1473 1
783 1483 1
783 1505 1
783 1551 1
783 1559 1
783 1563 1
783 1667 1
783 1786 1
783 1869 1
783 1918 1
783 1966 1
784 818 1
784 892 1
784 947 1
784 1060 1
784 1061 1
784 1073 1
784 1120 1
784 1326 1
784 1403 1
784 1530 1
784 1597 1
784 1636 1
784 1642 1
784 1664 1
784 1698 1
784 1741 1
784 1764 1
784 1778 1
784 1801 1
784 1819 1
784 1859 1
784 1888 1
784 1948 1
784 1954 1
784 1960 1
785 807 1
785 812 1
785 826 1
785 832 1
785 882 1
785 908 1
785 961 1
785 985 1
785 986 1
785 1043 1
785 1139 1
785 1160 1
785 1233 1
785 1235 1
785 1258 1
785 1458 1
785 1633 1
785 1643 1
785 1672 1
785 1702 1
785 1754 1
785 1862 1
785 1873 1
786 810 1
786 825 1
786 870 1
786 875 1
786 907 1
786 927 1
786 931 1
786 964 1
786 1038 1
786 1064 1
786 1072 1
786 1075 1
786 1080 1
786 1082 1
786 1098 1
786 1144 1
786 1178 1
786 1325 1
786 1452 1
786 1469 1
786 1496 1
786 1513 1
786 1535 1
786 1548 1
786 1592 1
786 1596 1
786 1637 1
786 1642 1
786 1658 1
786 1674 1
786 1817 1
786 1823 1
786 1845 1
786 1895 1
786 1950 1
786 1952 1
786 1959 1
786 1984 1
787 864 1
787 872 1
787 926 1
787 1018 1
787 1023 1
787 1135 1
787 1260 1
787 1263 1
787 1287 1
787 1353 1
787 1492 1
787 1514 1
787 1562 1
787 1579 1
787 1655 1
787 1695 1
787 1771 1
787 1789 1
787 1792 1
787 1827 1
787 1834 1
787 1899 1
787 1939 1
787 1946 1
788 803 1
788 886 1
788 919 1
788 983 1
788 999 1
788 1003 1
788 1032 1
788 1094 1
788 1142 1
788 1226 1
788 1341 1
788 1373 1
788 1435 1
788 1487 1
788 1494 1
788 1560 1
788 1588 1
788 1591 1
788 1622 1
788 1630 1
788 1656 1
788 1732 1
788 1858 1
788 1960 1
788 1998 1
789 795 1
789 799 1
789 819 1
789 855 1
789 963 1
789 982 1
789 984 1
789 1016 1
789 1030 1
789 1080 1
789 1093 1
789 1272 1
789 1313 1
789 1354 1
789 1387 1
789 1420 1
789 1438 1
789 1494 1
789 1497 1
789 1498 1
789 1526 1
789 1533 1
789 1625 1
789 1719 1
789 1722 1
789 1736 1
789 1740 1
789 1767 1
789 1826 1
789 1844 1
789 1870 1
789 1935 1
789 1948 1
789 1957 1
789 1963 1
789 1993 1
790 807 1
790 854 1
790 900 1
790 972 1
790 993 1
790 1033 1
790 1065 1
790 1119 1
790 1195 1
790 1426 1
790 1467 1
790 1612 1
790 1652 1
790 1731 1
790 1739 1
790 1796 1
790 1839 1
790 1871 1
790 1885 1
790 1958 1
790 1979 1
791 883 1
791 885 1
791 910 1
791 932 1
791 964 1
791 974 1
791 1097 1
791 1116 1
791 1186 1
791 1197 1
791 1219 1
791 1291 1
791 1306 1
791 1311 1
791 1357 1
791 1379 1
791 1389 1
791 1504 1
791 1711 1
791 1730 1
791 1748 1
791 1754 1
791 1822 1
791 1841 1
791 1899 1
791 1916 1
791 1953 1
792 860 1
792 888 1
792 934 1
792 949 1
792 1008 1
792 1009 1
792 1115 1
792 1185 1
792 1202 1
792 1313 1
792 1433 1
792 1434 1
792 1453 1
792 1563 1
792 1575 1
792 1576 1
792 1583 1
792 1587 1
792 1609 1
792 1638 1
792 1649 1
792 1660 1
792 1664 1
792 1680 1
792 1685 1
792 1788 1
792 1850 1
792 1871 1
792 1891 1
792 1921 1
792 1958 1
792 1968 1
793 817 1
793 819 1
793 857 1
793 881 1
793 1105 1
793 1134 1
793 1148 1
793 1150 1
793 1162 1
793 1202 1
793 1254 1
793 1289 1
793 1296 1
793 1348 1
793 1389 1
793 1408 1
793 1432 1
793 1471 1
793 1488 1
793 1605 1
793 1635 1
793 1646 1
793 1692 1
793 1782 1
793 1813 1
793 1840 1
793 1871 1
793 1916 1
793 1950 1
793 1956 1
793 1993 1
794 918 1
794 1040 1
794 1082 1
794 1098 1
794 1157 1
794 1187 1
794 1215 1
794 1335 1
794 1374 1
794 1377 1
794 1472 1
794 1490 1
794 1497 1
794 1589 1
794 1603 1
794 1621 1
794 1636 1
794 1709 1
794 1715 1
794 1745 1
794 1873 1
794 1964 1
794 1994 1
795 808 1
795 828 1
795 832 1
795 887 1
795 925 1
795 964 1
795 968 1
795 972 1
795 1010 1
795 1011 1
795 1015 1
795 1025 1
795 1074 1
795 1101 1
795 1105 1
795 1112 1
795 1143 1
795 1244 1
795 1281 1
795 1285 1
795 1333 1
795 1391 1
795 1395 1
795 1442 1
795 1476 1
795 1507 1
795 1609 1
795 1617 1
795 1667 1
795 1703 1
795 1754 1
795 1763 1
795 1774 1
795 1853 1
795 1858 1
795 1900 1
795 1940 1
795 1993 1
796 844 1
796 851 1
796 924 1
796 1028 1
796 1034 1
796 1098 1
796 1100 1
796 1118 1
796 1200 1
796 1221 1
796 1236 1
796 1239 1
796 1289 1
796 1517 1
796 1661 1
796 1733 1
796 1772 1
796 1775 1
796 1850 1
796 1918 1
796 1968 1
797 805 1
797 807 1
797 809 1
797 843 1
797 860 1
797 885 1
797 958 1
797 963 1
797 973 1
797 998 1
797 1001 1
797 1007 1
797 1011 1
797 1053 1
797 1145 1
797 1229 1
797 1266 1
797 1270 1
797 1292 1
797 1382 1
797 1408 1
797 1438 1
797 1445 1
797 1688 1
797 1699 1
797 1763 1
797 1834 1
797 1836 1
797 1859 1
797 1918 1
797 1995 1
798 869 1
798 894 1
798 910 1
798 927 1
798 986 1
798 1081 1
798 1108 1
798 1113 1
798 1127 1
798 1210 1
798 1213 1
798 1222 1
798 1251 1
798 1271 1
798 1274 1
798 1299 1
798 1329 1
798 1340 1
798 1433 1
798 1440 1
798 1499 1
798 1561 1
798 1581 1
798 1594 1
798 1656 1
798 1667 1
798 1729 1
798 1792 1
798 1805 1
798 1806 1
798 1836 1
798 1854 1
798 1871 1
799 805 1
799 850 1
799 887 1
799 981 1
799 1013 1
799 1029 1
799 1044 1
799 1102 1
799 1111 1
799 1128 1
799 1185 1
799 1206 1
799 1216 1
799 1224 1
799 1245 1
799 1266 1
799 1347 1
799 1383 1
799 1469 1
799 1533 1
799 1704 1
799 1708 1
799 1741 1
799 1752 1
799 1773 1
799 1784 1
799 1794 1
799 1797 1
799 1811 1
799 1854 1
799 1899 1
799 1901 1
799 1923 1
799 1931 1
800 811 1
800 841 1
800 857 1
800 880 1
800 885 1
800 903 1
800 934 1
800 981 1
800 1086 1
800 1137 1
800 1235 1
800 1318 1
800 1382 1
800 1393 1
800 1413 1
800 1487 1
800 1612 1
800 1618 1
800 1634 1
800 1715 1
800 1752 1
800 1789 1
800 1830 1
800 1862 1
800 1930 1
800 1953 1
801 894 1
801 976 1
801 986 1
801 987 1
801 1000 1
801 1051 1
801 1095 1
801 1098 1
801 1127 1
801 1149 1
801 1204 1
801 1218 1
801 1340 1
801 1345 1
801 1390 1
801 1391 1
801 1399 1
801 1419 1
801 1423 1
801 1490 1
801 1508 1
801 1539 1
801 1547 1
801 1561 1
801 1660 1
801 1671 1
801 1758 1
801 1813 1
801 1845 1
801 1858 1
801 1924 1
801 1939 1
801 1972 1
801 1978 1
801 1996 1
802 845 1
802 852 1
802 930 1
802 943 1
802 954 1
802 999 1
802 1051 1
802 1106 1
802 1108 1
802 1130 1
802 1134 1
802 1174 1
802 1181 1
802 1358 1
802 1431 1
802 1436 1
802 1528 1
802 1549 1
802 1557 1
802 1582 1
802 1638 1
802 1698 1
802 1768 1
802 1786 1
802 1876 1
802 1888 1
802 1911 1
802 1987 1
802 1994 1
803 813 1
803 816 1
803 849 1
803 871 1
803 878 1
803 888 1
803 935 1
803 945 1
803 946 1
803 957 1
803 976 1
803 1023 1
803 1052 1
803 1060 1
803 1182 1
803 1183 1
803 1187 1
803 1204 1
803 1248 1
803 1259 1
803 1270 1
803 1285 1
803 1366 1
803 1393 1
803 1481 1
803 1543 1
803 1583 1
803 1598 1
803 1617 1
803 1692 1
803 1705 1
803 1726 1
803 1741 1
803 1759 1
803 1784 1
803 1878 1
803 1888 1
803 1914 1
803 1957 1
803 1992 1
804 907 1
804 978 1
804 1023 1
804 1061 1
804 1091 1
804 1208 1
804 1276 1
804 1277 1
804 1291 1
804 1296 1
804 1358 1
804 1383 1
804 1398 1
804 1456 1
804 1471 1
804 1529 1
804 1546 1
804 1566 1
804 1602 1
804 1628 1
804 1633 1
804 1683 1
804 1692 1
804 1696 1
804 1712 1
804 1729 1
804 1774 1
804 1813 1
804 1847 1
805 841 1
805 1031 1
805 1070 1
805 1092 1
805 1129 1
805 1210 1
805 1252 1
805 1286 1
805 1290 1
805 1307 1
805 1324 1
805 1366 1
805 1392 1
805 1449 1
805 1454 1
805 1553 1
805 1556 1
805 1628 1
805 1682 1
805 1703 1
805 1712 1
805 1752 1
805 1785 1
805 1789 1
805 1813 1
805 1815 1
805 1819 1
805 1823 1
805 1881 1
805 1891 1
805 1902 1
805 1906 1
805 1939 1
805 1964 1
805 1983 1
806 828 1
806 949 1
806 970 1
806 988 1
806 1028 1
806 1032 1
806 1102 1
806 1143 1
806 1145 1
806 1176 1
806 1187 1
806 1251 1
806 1257 1
806 1299 1
806 1307 1
806 1312 1
806 1320 1
806 1325 1
806 1410 1
806 1411 1
806 1419 1
806 1429 1
806 1455 1
806 1484 1
806 1494 1
806 1523 1
806 1553 1
806 1654 1
806 1661 1
806 1673 1
806 1696 1
806 1746 1
806 1770 1
806 1852 1
806 1853 1
806 1876 1
806 1887 1
806 1904 1
806 1919 1
807 907 1
807 949 1
807 957 1
807 970 1
807 988 1
807 992 1
807 1009 1
807 1011 1
807 1058 1
807 1072 1
807 1078 1
807 1163 1
807 1170 1
807 1202 1
807 1231 1
807 1320 1
807 1342 1
807 1398 1
807 1399 1
807 1413 1
807 1436 1
807 1437 1
807 1449 1
807 1498 1
807 1514 1
807 1523 1
807 1524 1
807 1540 1
807 1548 1
807 1572 1
807 1609 1
807 1614 1
807 1672 1
807 1741 1
807 1745 1
807 1866 1
807 1916 1
807 1937 1
808 821 1
808 857 1
808 898 1
808 1151 1
808 1161 1
808 1207 1
808 1255 1
808 1280 1
808 1281 1
808 1373 1
808 1433 1
808 1447 1
808 1477 1
808 1521 1
808 1564 1
808 1612 1
808 1631 1
808 1684 1
808 1705 1
808 1718 1
808 1724 1
808 1773 1
808 1804 1
808 1875 1
808 1911 1
808 1916 1
808 1955 1
808 1982 1
809 902 1
809 966 1
809 989 1
809 1153 1
809 1184 1
809 1187 1
809 1256 1
809 1315 1
809 1353 1
809 1405 1
809 1420 1
809 1426 1
809 1446 1
809 1503 1
809 1537 1
809 1546 1
809 1564 1
809 1599 1
809 1608 1
809 1625 1
809 1762 1
809 1769 1
809 1779 1
809 1780 1
809 1804 1
809 1831 1
809 1843 1
809 1852 1
809 1881 1
809 1939 1
809 1941 1
809 1951 1
809 1967 1
809 1983 1
810 824 1
810 825 1
810 828 1
810 854 1
810 973 1
810 1015 1
810 1042 1
810 1052 1
810 1149 1
810 1178 1
810 1179 1
810 1236 1
810 1290 1
810 1298 1
810 1344 1
810 1491 1
810 1500 1
810 1610 1
810 1622 1
810 1631 1
810 1656 1
810 1660 1
810 1684 1
810 1714 1
810 1785 1
810 1898 1
810 1955 1
810 1983 1
811 848 1
811 884 1
811 888 1
811 951 1
811 982 1
811 1069 1
811 1087 1
811 1095 1
811 1117 1
811 1162 1
811 1168 1
811 1216 1
811 1237 1
811 1267 1
811 1292 1
811 1390 1
811 1432 1
811 1447 1
811 1449 1
811 1529 1
811 1596 1
811 1623 1
811 1626 1
811 1635 1
811 1636 1
811 1638 1
811 1758 1
811 1825 1
811 1871 1
812 901 1
812 983 1
812 992 1
812 996 1
812 1065 1
812 1155 1
812 1156 1
812 1200 1
812 1384 1
812 1463 1
812 1472 1
812 1524 1
812 1526 1
812 1581 1
812 1623 1
812 1624 1
812 1780 1
812 1813 1
812 1841 1
812 1862 1
812 1892 1
813 993 1
813 1001 1
813 1020 1
813 1077 1
813 1091 1
813 1092 1
813 1096 1
813 1206 1
813 1209 1
813 1348 1
813 1353 1
813 1377 1
813 1405 1
813 1505 1
813 1535 1
813 1546 1
813 1549 1
813 1559 1
813 1594 1
813 1608 1
813 1675 1
813 1729 1
813 1783 1
813 1884 1
813 1972 1
814 819 1
814 840 1
814 895 1
814 944 1
814 962 1
814 974 1
814 1030 1
814 1038 1
814 1078 1
814 1081 1
814 1091 1
814 1127 1
814 1137 1
814 1183 1
814 1201 1
814 1215 1
814 1272 1
814 1281 1
814 1295 1
814 1340 1
814 1443 1
814 1497 1
814 1536 1
814 1539 1
814 1603 1
814 1632 1
814 1674 1
814 1681 1
814 1706 1
814 1787 1
814 1835 1
814 1868 1
814 1869 1
814 1875 1
814 1931 1
814 1975 1
815 850 1
815 867 1
815 875 1
815 879 1
815 926 1
815 1018 1
815 1085 1
815 1139 1
815 1143 1
815 1216 1
815 1230 1
815 1240 1
815 1249 1
815 1253 1
815 1259 1
815 1290 1
815 1343 1
815 1454 1
815 1466 1
815 1476 1
815 1544 1
815 1635 1
815 1643 1
815 1753 1
815 1798 1
815 1839 1
815 1852 1
815 1880 1
815 1902 1
815 1924 1
815 1940 1
815 1952 1
816 819 1
816 840 1
816 881 1
816 940 1
816 978 1
816 1026 1
816 1052 1
816 1073 1
816 1117 1
816 1137 1
816 1176 1
816 1179 1
816 1212 1
816 1360 1
816 1366 1
816 1384 1
816 1413 1
816 1456 1
816 1473 1
816 1482 1
816 1790 1
816 1800 1
816 1812 1
816 1820 1
816 1825 1
816 1884 1
816 1886 1
816 1913 1
816 1923 1
816 1929 1
816 1983 1
817 818 1
817 819 1
817 832 1
817 842 1
817 1084 1
817 1105 1
817 1106 1
817 1127 1
817 1352 1
817 1373 1
817 1410 1
817 1417 1
817 1498 1
817 1504 1
817 1517 1
817 1579 1
817 1639 1
817 1670 1
817 1685 1
817 1826 1
817 1830 1
817 1848 1
817 1864 1
817 1866 1
817 1872 1
817 1901 1
817 1925 1
817 1930 1
817 1985 1
818 837 1
818 853 1
818 942 1
818 1054 1
818 1079 1
818 1095 1
818 1097 1
818 1101 1
818 1235 1
818 1266 1
818 1286 1
818 1289 1
818 1329 1
818 1330 1
818 1336 1
818 1337 1
818 1454 1
818 1525 1
818 1556 1
818 1578 1
818 1611 1
818 1633 1
818 1650 1
818 1664 1
818 1666 1
818 1702 1
818 1709 1
818 1890 1
818 1974 1
819 873 1
819 894 1
819 944 1
819 1036 1
819 1043 1
819 1088 1
819 1089 1
819 1104 1
819 1193 1
819 1203 1
819 1232 1
819 1292 1
819 1325 1
819 1352 1
819 1410 1
819 1451 1
819 1471 1
819 1496 1
819 1519 1
819 1523 1
819 1592 1
819 1706 1
819 1727 1
819 1750 1
819 1781 1
819 1793 1
819 1813 1
819 1870 1
819 1884 1
819 1889 1
819 1894 1
819 1900 1
819 1916 1
819 1928 1
819 1980 1
820 845 1
820 891 1
820 896 1
820 956 1
820 994 1
820 1033 1
820 1094 1
820 1159 1
820 1189 1
820 1225 1
820 1296 1
820 1298 1
820 1345 1
820 1369 1
820 1446 1
820 1483 1
820 1550 1
820 1564 1
820 1573 1
820 1580 1
820 1639 1
820 1648 1
820 1649 1
820 1656 1
820 1686 1
820 1692 1
820 1737 1
820 1855 1
820 1938 1
820 1939 1
820 1979 1
821 827 1
821 832 1
821 834 1
821 845 1
821 851 1
821 909 1
821 958 1
821 979 1
821 1040 1
821 1090 1
821 1100 1
821 1125 1
821 1213 1
821 1232 1
821 1240 1
821 1272 1
821 1279 1
821 1284 1
821 1403 1
821 1479 1
821 1484 1
821 1600 1
821 1612 1
821 1630 1
821 1641 1
821 1667 1
821 1690 1
821 1741 1
821 1742 1
821 1779 1
821 1800 1
821 1855 1
821 1870 1
821 1932 1
822 861 1
822 866 1
822 927 1
822 929 1
822 965 1
822 1031 1
822 1070 1
822 1085 1
822 1090 1
822 1176 1
822 1224 1
822 1253 1
822 1281 1
822 1291 1
822 1357 1
822 1382 1
822 1390 1
822 1418 1
822 1476 1
822 1504 1
822 1509 1
822 1546 1
822 1631 1
822 1664 1
822 1750 1
822 1768 1
822 1777 1
822 1843 1
822 1886 1
822 1890 1
822 1929 1
822 1964 1
823 842 1
823 866 1
823 917 1
823 918 1
823 923 1
823 935 1
823 1009 1
823 1062 1
823 1107 1
823 1221 1
823 1247 1
823 1252 1
823 1259 1
823 1272 1
823 1286 1
823 1289 1
823 1298 1
823 1306 1
823 1384 1
823 1386 1
823 1437 1
823 1467 1
823 1491 1
823 1520 1
823 1523 1
823 1556 1
823 1627 1
823 1649 1
823 1765 1
823 1786 1
823 1848 1
823 1969 1
823 1990 1
824 893 1
824 976 1
824 1119 1
824 1134 1
824 1135 1
824 1148 1
824 1224 1
824 1267 1
824 1274 1
824 1275 1
824 1307 1
824 1312 1
824 1321 1
824 1343 1
824 1391 1
824 1410 1
824 1467 1
824 1506 1
824 1536 1
824 1592 1
824 1594 1
824 1627 1
824 1657 1
824 1667 1
824 1728 1
824 1757 1
824 1772 1
824 1814 1
824 1841 1
824 1851 1
824 1903 1
824 1912 1
824 1966 1
824 1968 1
825 842 1
825 876 1
825 888 1
825 1024 1
825 1036 1
825 1089 1
825 1109 1
825 1146 1
825 1167 1
825 1235 1
825 1248 1
825 1407 1
825 1476 1
825 1569 1
825 1615 1
825 1762 1
825 1794 1
825 1865 1
825 1897 1
825 1948 1
826 832 1
826 859 1
826 887 1
826 975 1
826 983 1
826 1029 1
826 1044 1
826 1053 1
826 1077 1
826 1083 1
826 1107 1
826 1120 1
826 1167 1
826 1207 1
826 1208 1
826 1239 1
826 1241 1
826 1291 1
826 1326 1
826 1336 1
826 1345 1
826 1412 1
826 1419 1
826 1440 1
826 1445 1
826 1535 1
826 1637 1
826 1656 1
826 1658 1
826 1662 1
826 1675 1
826 1724 1
826 1801 1
826 1813 1
826 1840 1
826 1851 1
826 1879 1
826 1984 1
826 1999 1
827 844 1
827 899 1
827 902 1
827 922 1
827 954 1
827 1029 1
827 1051 1
827 1153 1
827 1210 1
827 1232 1
827 1268 1
827 1307 1
827 1437 1
827 1506 1
827 1518 1
827 1577 1
827 1608 1
827 1619 1
827 1680 1
827 1699 1
827 1709 1
827 1761 1
827 1764 1
827 1776 1
827 1834 1
827 1847 1
828 858 1
828 888 1
828 904 1
828 916 1
828 928 1
828 950 1
828 1122 1
828 1124 1
828 1150 1
828 1166 1
828 1239 1
828 1356 1
828 1369 1
828 1430 1
828 1458 1
828 1527 1
828 1539 1
828 1555 1
828 1568 1
828 1569 1
828 1600 1
828 1729 1
828 1767 1
828 1801 1
828 1830 1
828 1986 1
829 855 1
829 900 1
829 914 1
829 952 1
829 974 1
829 1042 1
829 1078 1
829 1086 1
829 1093 1
829 1118 1
829 1176 1
829 1213 1
829 1342 1
829 1371 1
829 1383 1
829 1416 1
829 1491 1
829 1565 1
829 1569 1
829 1581 1
829 1583 1
829 1634 1
829 1660 1
829 1705 1
829 1789 1
829 1954 1
830 845 1
830 884 1
830 921 1
830 939 1
830 940 1
830 956 1
830 958 1
830 1021 1
830 1081 1
830 1083 1
830 1143 1
830 1147 1
830 1172 1
830 1217 1
830 1219 1
830 1278 1
830 1294 1
830 1476 1
830 1490 1
830 1491 1
830 1507 1
830 1527 1
830 1544 1
830 1611 1
830 1647 1
830 1679 1
830 1682 1
830 1694 1
830 1803 1
830 1844 1
830 1854 1
830 1889 1
830 1896 1
830 1909 1
831 850 1
831 908 1
831 979 1
831 1009 1
831 1011 1
831 1012 1
831 1074 1
831 1092 1
831 1150 1
831 1190 1
831 1217 1
831 1231 1
831 1252 1
831 1292 1
831 1314 1
831 1326 1
831 1333 1
831 1336 1
831 1363 1
831 1416 1
831 1516 1
831 1519 1
831 1541 1
831 1570 1
831 1640 1
831 1736 1
831 1772 1
831 1792 1
831 1810 1
831 1814 1
831 1845 1
831 1854 1
831 1967 1
831 1985 1
831 1992 1
832 842 1
832 844 1
832 955 1
832 1009 1
832 1038 1
832 1048 1
832 1159 1
832 1259 1
832 1284 1
832 1381 1
832 1416 1
832 1450 1
832 1485 1
832 1606 1
832 1628 1
832 1631 1
832 1671 1
832 1688 1
832 1694 1
832 1729 1
832 1732 1
832 1736 1
832 1759 1
832 1786 1
832 1871 1
832 1880 1
832 1890 1
833 869 1
833 917 1
833 936 1
833 971 1
833 1081 1
833 1133 1
833 1152 1
833 1262 1
833 1289 1
833 1307 1
833 1316 1
833 1343 1
833 1345 1
833 1346 1
833 1351 1
833 1357 1
833 1403 1
833 1487 1
833 1495 1
833 1523 1
833 1535 1
833 1569 1
833 1577 1
833 1632 1
833 1762 1
833 1817 1
833 1865 1
833 1935 1
833 1962 1
833 1965 1
833 1966 1
834 895 1
834 934 1
834 939 1
834 964 1
834 967 1
834 974 1
834 976 1
834 989 1
834 1012 1
834 1051 1
834 1055 1
834 1086 1
834 1139 1
834 1165 1
834 1209 1
834 1235 1
834 1463 1
834 1499 1
834 1575 1
834 1651 1
834 1677 1
834 1699 1
834 1724 1
834 1747 1
834 1818 1
834 1843 1
834 1849 1
834 1887 1
834 1979 1
835 946 1
835 1005 1
835 1045 1
835 1123 1
835 1134 1
835 1184 1
835 1190 1
835 1207 1
835 1395 1
835 1422 1
835 1455 1
835 1482 1
835 1552 1
835 1565 1
835 1700 1
835 1791 1
835 1907 1
835 1936 1
836 839 1
836 891 1
836 1007 1
836 1048 1
836 1072 1
836 1099 1
836 1119 1
836 1121 1
836 1150 1
836 1168 1
836 1230 1
836 1233 1
836 1245 1
836 1247 1
836 1407 1
836 1431 1
836 1552 1
836 1674 1
836 1695 1
836 1705 1
836 1746 1
836 1764 1
836 1777 1
836 1790 1
836 1813 1
836 1833 1
836 1835 1
836 1904 1
836 1919 1
836 1940 1
836 1989 1
837 842 1
837 863 1
837 877 1
837 913 1
837 920 1
837 939 1
837 956 1
837 1044 1
837 1133 1
837 1255 1
837 1298 1
837 1336 1
837 1427 1
837 1428 1
837 1531 1
837 1540 1
837 1570 1
837 1600 1
837 1659 1
837 1667 1
837 1720 1
837 1732 1
837 1803 1
837 1843 1
837 1979 1
837 1994 1
838 922 1
838 931 1
838 1005 1
838 1054 1
838 1106 1
838 1163 1
838 1207 1
838 1224 1
838 1244 1
838 1259 1
838 1262 1
838 1278 1
838 1494 1
838 1598 1
838 1627 1
838 1646 1
838 1711 1
838 1730 1
838 1779 1
838 1796 1
838 1799 1
838 1822 1
838 1983 1
838 1989 1
839 898 1
839 901 1
839 926 1
839 988 1
839 1083 1
839 1102 1
839 1118 1
839 1168 1
839 1169 1
839 1183 1
839 1278 1
839 1379 1
839 1381 1
839 1412 1
839 1551 1
839 1589 1
839 1605 1
839 1645 1
839 1677 1
839 1793 1
839 1795 1
839 1810 1
839 1828 1
839 1870 1
839 1874 1
839 1948 1
839 1968 1
840 920 1
840 946 1
840 956 1
840 976 1
840 1142 1
840 1169 1
840 1204 1
840 1234 1
840 1240 1
840 1280 1
840 1324 1
840 1336 1
840 1369 1
840 1475 1
840 1481 1
840 1497 1
840 1539 1
840 1569 1
840 1582 1
840 1592 1
840 1632 1
840 1689 1
840 1739 1
840 1824 1
840 1875 1
840 1915 1
840 1968 1
840 1972 1
841 843 1
841 872 1
841 894 1
841 944 1
841 973 1
841 1028 1
841 1043 1
841 1176 1
841 1181 1
841 1184 1
841 1185 1
841 1190 1
841 1195 1
841 1201 1
841 1241 1
841 1254 1
841 1256 1
841 1259 1
841 1267 1
841 1275 1
841 1363 1
841 1399 1
841 1401 1
841 1434 1
841 1458 1
841 1466 1
841 1476 1
841 1482 1
841 1542 1
841 1548 1
841 1552 1
841 1565 1
841 1576 1
841 1601 1
841 1632 1
841 1637 1
841 1639 1
841 1651 1
841 1663 1
841 1678 1
841 1726 1
841 1782 1
841 1791 1
841 1802 1
841 1845 1
841 1857 1
841 1874 1
841 1906 1
841 1921 1
842 846 1
842 982 1
842 1002 1
842 1009 1
842 1076 1
842 1150 1
842 1152 1
842 1189 1
842 1206 1
842 1213 1
842 1441 1
842 1465 1
842 1491 1
842 1526 1
842 1528 1
842 1530 1
842 1552 1
842 1563 1
842 1571 1
842 1585 1
842 1621 1
842 1668 1
842 1868 1
842 1898 1
842 1992 1
843 930 1
843 974 1
843 998 1
843 1012 1
843 1025 1
843 1053 1
843 1083 1
843 1112 1
843 1142 1
843 1143 1
843 1155 1
843 1202 1
843 1237 1
843 1366 1
843 1370 1
843 1377 1
843 1411 1
843 1413 1
843 1414 1
843 1422 1
843 1489 1
843 1514 1
843 1523 1
843 1642 1
843 1671 1
843 1719 1
843 1745 1
843 1759 1
843 1849 1
843 1898 1
843 1925 1
843 1940 1
844 886 1
844 921 1
844 934 1
844 990 1
844 992 1
844 1009 1
844 1031 1
844 1074 1
844 1098 1
844 1192 1
844 1278 1
844 1318 1
844 1412 1
844 1449 1
844 1479 1
844 1487 1
844 1489 1
844 1578 1
844 1589 1
844 1763 1
844 1786 1
844 1800 1
844 1805 1
844 1810 1
844 1936 1
845 889 1
845 928 1
845 930 1
845 933 1
845 957 1
845 970 1
845 1007 1
845 1125 1
845 1170 1
845 1175 1
845 1202 1
845 1273 1
845 1339 1
845 1406 1
845 1467 1
845 1855 1
845 1867 1
845 1869 1
845 1949 1
846 890 1
846 895 1
846 958 1
846 986 1
846 1039 1
846 1241 1
846 1247 1
846 1257 1
846 1297 1
846 1357 1
846 1394 1
846 1411 1
846 1422 1
846 1469 1
846 1561 1
846 1597 1
846 1598 1
846 1622 1
846 1788 1
846 1842 1
846 1900 1
846 1909 1
846 1917 1
846 1943 1
847 916 1
847 988 1
847 1040 1
847 1060 1
847 1065 1
847 1083 1
847 1086 1
847 1088 1
847 1096 1
847 1139 1
847 1140 1
847 1149 1
847 1167 1
847 1238 1
847 1242 1
847 1254 1
847 1285 1
847 1321 1
847 1338 1
847 1340 1
847 1343 1
847 1345 1
847 1359 1
847 1372 1
847 1395 1
847 1402 1
847 1456 1
847 1458 1
847 1465 1
847 1470 1
847 1513 1
847 1548 1
847 1584 1
847 1595 1
847 1614 1
847 1643 1
847 1646 1
847 1684 1
847 1700 1
847 1725 1
847 1748 1
847 1803 1
847 1815 1
848 880 1
848 926 1
848 959 1
848 980 1
848 981 1
848 1005 1
848 1070 1
848 1087 1
848 1108 1
848 1112 1
848 1179 1
848 1246 1
848 1283 1
848 1311 1
848 1371 1
848 1426 1
848 1464 1
848 1475 1
848 1574 1
848 1602 1
848 1606 1
848 1630 1
848 1650 1
848 1720 1
848 1788 1
848 1929 1
848 1979 1
849 871 1
849 933 1
849 948 1
849 972 1
849 985 1
849 1015 1
849 1112 1
849 1118 1
849 1146 1
849 1168 1
849 1274 1
849 1346 1
849 1399 1
849 1400 1
849 1440 1
849 1582 1
849 1589 1
849 1704 1
849 1781 1
849 1812 1
849 1826 1
849 1880 1
849 1885 1
849 1919 1
849 1922 1
849 1928 1
849 1931 1
849 1950 1
850 887 1
850 891 1
850 907 1
850 916 1
850 944 1
850 972 1
850 975 1
850 1124 1
850 1180 1
850 1206 1
850 1274 1
850 1364 1
850 1367 1
850 1392 1
850 1403 1
850 1510 1
850 1649 1
850 1661 1
850 1821 1
850 1988 1
851 874 1
851 882 1
851 996 1
851 998 1
851 1063 1
851 1096 1
851 1104 1
851 1166 1
851 1186 1
851 1221 1
851 1237 1
851 1288 1
851 1295 1
851 1414 1
851 1453 1
851 1508 1
851 1781 1
851 1797 1
851 1828 1
851 1903 1
851 1937 1
852 874 1
852 940 1
852 997 1
852 1016 1
852 1086 1
852 1117 1
852 1138 1
852 1198 1
852 1287 1
852 1320 1
852 1362 1
852 1391 1
852 1491 1
852 1579 1
852 1671 1
852 1686 1
852 1727 1
852 1736 1
852 1768 1
852 1853 1
852 1923 1
852 1999 1
853 862 1
853 899 1
853 932 1
853 977 1
853 1035 1
853 1110 1
853 1308 1
853 1317 1
853 1376 1
853 1433 1
853 1554 1
853 1570 1
853 1575 1
853 1679 1
853 1691 1
853 1703 1
853 1736 1
853 1839 1
853 1943 1
853 1947 1
853 1958 1
853 1959 1
853 1971 1
854 868 1
854 869 1
854 1065 1
854 1157 1
854 1159 1
854 1239 1
854 1240 1
854 1347 1
854 1402 1
854 1468 1
854 1519 1
854 1566 1
854 1649 1
854 1690 1
854 1722 1
854 1753 1
854 1769 1
854 1796 1
854 1859 1
854 1971 1
855 943 1
855 954 1
855 964 1
855 1015 1
855 1033 1
855 1055 1
855 1188 1
855 1191 1
855 1258 1
855 1262 1
855 1263 1
855 1272 1
855 1534 1
855 1647 1
855 1687 1
855 1712 1
855 1745 1
855 1753 1
855 1776 1
855 1788 1
855 1793 1
855 1895 1
855 1952 1
855 1959 1
856 864 1
856 886 1
856 888 1
856 946 1
856 981 1
856 1030 1
856 1126 1
856 1231 1
856 1300 1
856 1320 1
856 1401 1
856 1454 1
856 1460 1
856 1473 1
856 1545 1
856 1570 1
856 1617 1
856 1635 1
856 1693 1
856 1749 1
856 1845 1
856 1846 1
856 2000 1
857 924 1
857 928 1
857 931 1
857 966 1
857 1077 1
857 1105 1
857 1169 1
857 1186 1
857 1209 1
857 1211 1
857 1221 1
857 1296 1
857 1386 1
857 1471 1
857 1474 1
857 1533 1
857 1556 1
857 1654 1
857 1665 1
857 1699 1
857 1716 1
857 1733 1
857 1740 1
857 1751 1
857 1770 1
857 1824 1
857 1879 1
858 938 1
858 979 1
858 1004 1
858 1017 1
858 1064 1
858 1119 1
858 1137 1
858 1148 1
858 1215 1
858 1311 1
858 1331 1
858 1372 1
858 1379 1
858 1380 1
858 1402 1
858 1439 1
858 1480 1
858 1483 1
858 1494 1
858 1526 1
858 1552 1
858 1660 1
858 1706 1
858 1744 1
858 1830 1
858 1854 1
858 1860 1
858 1861 1
858 1969 1
859 876 1
859 947 1
859 975 1
859 1023 1
859 1040 1
859 1049 1
859 1056 1
859 1075 1
859 1090 1
859 1127 1
859 1270 1
859 1280 1
859 1414 1
859 1509 1
859 1537 1
859 1550 1
859 1579 1
859 1634 1
859 1639 1
859 1676 1
859 1682 1
859 1683 1
859 1724 1
859 1725 1
859 1741 1
859 1762 1
859 1798 1
859 1807 1
859 1823 1
859 1837 1
859 1915 1
859 1944 1
859 2000 1
860 904 1
860 1001 1
860 1034 1
860 1069 1
860 1105 1
860 1125 1
860 1127 1
860 1135 1
860 1301 1
860 1374 1
860 1403 1
860 1425 1
860 1440 1
860 1468 1
860 1537 1
860 1554 1
860 1582 1
860 1583 1
860 1591 1
860 1616 1
860 1689 1
860 1768 1
860 1846 1
860 1932 1
860 1986 1
861 879 1
861 911 1
861 972 1
861 980 1
861 1062 1
861 1127 1
861 1155 1
861 1198 1
861 1215 1
861 1228 1
861 1292 1
861 1311 1
861 1315 1
861 1346 1
861 1482 1
861 1620 1
861 1624 1
861 1631 1
861 1655 1
861 1670 1
861 1674 1
861 1677 1
861 1705 1
861 1756 1
861 1785 1
861 1874 1
861 1878 1
862 863 1
862 867 1
862 893 1
862 947 1
862 1022 1
862 1026 1
862 1028 1
862 1044 1
862 1079 1
862 1097 1
862 1138 1
862 1154 1
862 1159 1
862 1222 1
862 1325 1
862 1393 1
862 1394 1
862 1452 1
862 1464 1
862 1468 1
862 1537 1
862 1737 1
862 1794 1
862 1838 1
862 1866 1
862 1914 1
862 1927 1
862 1931 1
862 1971 1
863 929 1
863 1013 1
863 1049 1
863 1068 1
863 1086 1
863 1219 1
863 1240 1
863 1262 1
863 1313 1
863 1339 1
863 1346 1
863 1347 1
863 1361 1
863 1549 1
863 1554 1
863 1624 1
863 1640 1
863 1641 1
863 1645 1
863 1660 1
863 1678 1
863 1743 1
863 1788 1
863 1804 1
863 1876 1
863 1881 1
864 971 1
864 1003 1
864 1016 1
864 1025 1
864 1058 1
864 1069 1
864 1168 1
864 1177 1
864 1192 1
864 1230 1
864 1234 1
864 1268 1
864 1291 1
864 1333 1
864 1394 1
864 1436 1
864 1447 1
864 1477 1
864 1572 1
864 1646 1
864 1663 1
864 1673 1
864 1703 1
864 1754 1
864 1769 1
864 1822 1
864 1827 1
864 1847 1
864 1871 1
864 1891 1
865 882 1
865 897 1
865 1075 1
865 1094 1
865 1176 1
865 1228 1
865 1399 1
865 1443 1
865 1498 1
865 1576 1
865 1628 1
865 1633 1
865 1644 1
865 1654 1
865 1714 1
865 1809 1
865 1918 1
865 1944 1
865 1959 1
865 1993 1
865 1998 1
866 882 1
866 887 1
866 944 1
866 951 1
866 969 1
866 973 1
866 1027 1
866 1048 1
866 1067 1
866 1085 1
866 1126 1
866 1259 1
866 1318 1
866 1343 1
866 1397 1
866 1530 1
866 1565 1
866 1601 1
866 1685 1
866 1791 1
866 1801 1
866 1811 1
866 1856 1
866 1955 1
866 1978 1
867 918 1
867 997 1
867 1029 1
867 1109 1
867 1144 1
867 1166 1
867 1249 1
867 1283 1
867 1314 1
867 1372 1
867 1419 1
867 1440 1
867 1454 1
867 1475 1
867 1516 1
867 1575 1
867 1636 1
867 1753 1
867 1797 1
867 1800 1
867 1836 1
867 1851 1
867 1853 1
867 1868 1
867 1898 1
867 1899 1
867 1906 1
867 1973 1
868 908 1
868 949 1
868 978 1
868 983 1
868 1098 1
868 1132 1
868 1143 1
868 1153 1
868 1184 1
868 1295 1
868 1300 1
868 1311 1
868 1363 1
868 1370 1
868 1421 1
868 1434 1
868 1463 1
868 1496 1
868 1631 1
868 1736 1
868 1744 1
868 1799 1
868 1816 1
868 1818 1
868 1847 1
868 1860 1
868 1863 1
868 1872 1
868 1918 1
868 1945 1
868 1987 1
868 1992 1
868 1993 1
869 887 1
869 937 1
869 949 1
869 1054 1
869 1080 1
869 1094 1
869 1168 1
869 1200 1
869 1213 1
869 1231 1
869 1343 1
869 1376 1
869 1422 1
869 1604 1
869 1708 1
869 1742 1
869 1870 1
869 1872 1
869 1945 1
870 944 1
870 956 1
870 1068 1
870 1089 1
870 1118 1
870 1200 1
870 1207 1
870 1244 1
870 1246 1
870 1371 1
870 1382 1
870 1440 1
870 1478 1
870 1497 1
870 1499 1
870 1503 1
870 1538 1
870 1557 1
870 1587 1
870 1665 1
870 1786 1
870 1933 1
870 1942 1
871 909 1
871 928 1
871 1007 1
871 1036 1
871 1063 1
871 1073 1
871 1076 1
871 1147 1
871 1225 1
871 1257 1
871 1264 1
871 1275 1
871 1344 1
871 1519 1
871 1521 1
871 1540 1
871 1564 1
871 1592 1
871 1659 1
871 1662 1
871 1725 1
871 1735 1
871 1769 1
871 1772 1
871 1840 1
871 1847 1
871 1912 1
871 1918 1
871 1955 1
872 888 1
872 915 1
872 985 1
872 1102 1
872 1131 1
872 1208 1
872 1210 1
872 1230 1
872 1288 1
872 1293 1
872 1312 1
872 1323 1
872 1326 1
872 1344 1
872 1389 1
872 1436 1
872 1529 1
872 1549 1
872 1550 1
872 1575 1
872 1601 1
872 1607 1
872 1613 1
872 1666 1
872 1674 1
872 1687 1
872 1717 1
872 1726 1
872 1831 1
872 1834 1
872 1897 1
872 1953 1
873 891 1
873 955 1
873 967 1
873 983 1
873 1034 1
873 1054 1
873 1099 1
873 1126 1
873 1138 1
873 1149 1
873 1170 1
873 1176 1
873 1223 1
873 1238 1
873 1243 1
873 1260 1
873 1297 1
873 1390 1
873 1409 1
873 1442 1
873 1453 1
873 1503 1
873 1569 1
873 1623 1
873 1646 1
873 1714 1
873 1751 1
873 1790 1
873 1792 1
873 1796 1
873 1841 1
873 1852 1
873 1861 1
873 1869 1
873 1962 1
874 944 1
874 961 1
874 1000 1
874 1093 1
874 1106 1
874 1139 1
874 1193 1
874 1195 1
874 1215 1
874 1217 1
874 1218 1
874 1246 1
874 1303 1
874 1346 1
874 1400 1
874 1410 1
874 1463 1
874 1515 1
874 1563 1
874 1580 1
874 1583 1
874 1614 1
874 1656 1
874 1707 1
874 1768 1
874 1827 1
874 1831 1
874 1837 1
874 1844 1
874 1878 1
874 1916 1
874 1972 1
875 905 1
875 983 1
875 1002 1
875 1072 1
875 1140 1
875 1197 1
875 1245 1
875 1275 1
875 1301 1
875 1332 1
875 1346 1
875 1384 1
875 1391 1
875 1401 1
875 1505 1
875 1557 1
875 1586 1
875 1594 1
875 1634 1
875 1647 1
875 1747 1
875 1763 1
875 1807 1
875 1826 1
875 1893 1
876 909 1
876 920 1
876 924 1
876 959 1
876 1069 1
876 1086 1
876 1106 1
876 1159 1
876 1204 1
876 1214 1
876 1236 1
876 1317 1
876 1514 1
876 1521 1
876 1604 1
876 1674 1
876 1679 1
876 1857 1
876 1862 1
876 1864 1
876 1867 1
876 1875 1
876 1877 1
876 1879 1
876 1912 1
876 1931 1
876 1998 1
877 891 1
877 894 1
877 934 1
877 1029 1
877 1032 1
877 1075 1
877 1149 1
877 1282 1
877 1288 1
877 1315 1
877 1321 1
877 1411 1
877 1547 1
877 1570 1
877 1632 1
877 1646 1
877 1669 1
877 1742 1
877 1761 1
877 1762 1
877 1771 1
877 1790 1
877 1862 1
877 1895 1
877 1920 1
877 1959 1
878 892 1
878 927 1
878 958 1
878 980 1
878 992 1
878 1021 1
878 1046 1
878 1079 1
878 1108 1
878 1147 1
878 1157 1
878 1178 1
878 1179 1
878 1204 1
878 1224 1
878 1240 1
878 1255 1
878 1266 1
878 1288 1
878 1360 1
878 1401 1
878 1438 1
878 1451 1
878 1480 1
878 1586 1
878 1671 1
878 1726 1
878 1745 1
878 1775 1
878 1788 1
878 1919 1
878 1921 1
878 1956 1
879 895 1
879 981 1
879 982 1
879 988 1
879 1001 1
879 1069 1
879 1110 1
879 1199 1
879 1258 1
879 1270 1
879 1273 1
879 1274 1
879 1321 1
879 1342 1
879 1446 1
879 1498 1
879 1517 1
879 1551 1
879 1565 1
879 1581 1
879 1582 1
879 1595 1
879 1598 1
879 1688 1
879 1721 1
879 1726 1
879 1816 1
879 1894 1
879 1933 1
879 1940 1
879 1983 1
880 930 1
880 988 1
880 1058 1
880 1120 1
880 1236 1
880 1252 1
880 1302 1
880 1354 1
880 1409 1
880 1561 1
880 1700 1
880 1714 1
880 1775 1
880 1780 1
880 1793 1
880 1811 1
880 1889 1
880 1975 1
881 885 1
881 909 1
881 1013 1
881 1159 1
881 1171 1
881 1193 1
881 1200 1
881 1213 1
881 1217 1
881 1225 1
881 1229 1
881 1265 1
881 1313 1
881 1381 1
881 1382 1
881 1451 1
881 1479 1
881 1491 1
881 1518 1
881 1537 1
881 1564 1
881 1613 1
881 1824 1
881 1903 1
881 1905 1
881 1913 1
881 1951 1
882 1014 1
882 1036 1
882 1057 1
882 1080 1
882 1135 1
882 1156 1
882 1158 1
882 1171 1
882 1175 1
882 1185 1
882 1198 1
882 1224 1
882 1247 1
882 1292 1
882 1303 1
882 1319 1
882 1320 1
882 1326 1
882 1366 1
882 1496 1
882 1506 1
882 1564 1
882 1667 1
882 1724 1
882 1738 1
882 1834 1
882 1858 1
882 1867 1
882 1949 1
883 937 1
883 950 1
883 1004 1
883 1013 1
883 1037 1
883 1259 1
883 1262 1
883 1325 1
883 1354 1
883 1401 1
883 1430 1
883 1579 1
883 1622 1
883 1652 1
883 1684 1
883 1721 1
883 1733 1
883 1800 1
883 1890 1
883 1911 1
883 1952 1
883 1995 1
884 900 1
884 932 1
884 1002 1
884 1029 1
884 1048 1
884 1068 1
884 1091 1
884 1099 1
884 1116 1
884 1138 1
884 1238 1
884 1255 1
884 1352 1
884 1404 1
884 1436 1
884 1473 1
884 1492 1
884 1506 1
884 1534 1
884 1593 1
884 1623 1
884 1658 1
884 1732 1
884 1794 1
884 1892 1
884 1899 1
884 1914 1
884 1918 1
884 1938 1
884 1956 1
885 892 1
885 904 1
885 1016 1
885 1080 1
885 1083 1
885 1138 1
885 1142 1
885 1144 1
885 1166 1
885 1193 1
885 1200 1
885 1214 1
885 1223 1
885 1315 1
885 1339 1
885 1433 1
885 1486 1
885 1519 1
885 1565 1
885 1594 1
885 1676 1
885 1683 1
885 1721 1
885 1732 1
885 1736 1
885 1808 1
885 1833 1
885 1842 1
885 1862 1
885 1911 1
885 1985 1
886 902 1
886 962 1
886 1108 1
886 1318 1
886 1331 1
886 1473 1
886 1511 1
886 1595 1
886 1629 1
886 1764 1
886 1769 1
886 1779 1
886 1787 1
886 1801 1
886 1853 1
886 1948 1
886 1950 1
886 1980 1
887 959 1
887 1019 1
887 1123 1
887 1235 1
887 1364 1
887 1422 1
887 1436 1
887 1457 1
887 1460 1
887 1576 1
887 1601 1
887 1608 1
887 1667 1
887 1679 1
887 1699 1
887 1714 1
887 1752 1
887 1786 1
887 1805 1
887 1814 1
887 1817 1
887 1844 1
887 1857 1
887 1859 1
887 1871 1
887 1881 1
887 1938 1
887 1990 1
888 896 1
888 928 1
888 990 1
888 1009 1
888 1011 1
888 1085 1
888 1095 1
888 1129 1
888 1137 1
888 1200 1
888 1255 1
888 1444 1
888 1475 1
888 1489 1
888 1505 1
888 1598 1
888 1758 1
888 1775 1
888 1799 1
888 1894 1
888 1930 1
888 1932 1
888 1981 1
888 1989 1
889 918 1
889 929 1
889 1109 1
889 1131 1
889 1165 1
889 1179 1
889 1202 1
889 1319 1
889 1336 1
889 1377 1
889 1439 1
889 1457 1
889 1509 1
889 1518 1
889 1721 1
889 1729 1
889 1743 1
889 1784 1
889 1828 1
889 1839 1
889 1857 1
889 1864 1
889 1888 1
889 1890 1
889 1956 1
889 1960 1
890 966 1
890 973 1
890 989 1
890 1024 1
890 1068 1
890 1090 1
890 1107 1
890 1130 1
890 1149 1
890 1179 1
890 1183 1
890 1431 1
890 1470 1
890 1535 1
890 1588 1
890 1656 1
890 1658 1
890 1671 1
890 1734 1
890 1793 1
890 1798 1
890 1809 1
890 1829 1
890 1907 1
890 1924 1
890 1947 1
890 1952 1
890 1967 1
890 1970 1
891 931 1
891 958 1
891 1031 1
891 1046 1
891 1065 1
891 1071 1
891 1134 1
891 1159 1
891 1218 1
891 1257 1
891 1265 1
891 1355 1
891 1359 1
891 1372 1
891 1483 1
891 1538 1
891 1588 1
891 1608 1
891 1643 1
891 1669 1
891 1685 1
891 1687 1
891 1723 1
891 1864 1
891 1876 1
891 1878 1
891 1952 1
891 1992 1
892 944 1
892 955 1
892 965 1
892 988 1
892 1008 1
892 1030 1
892 1040 1
892 1059 1
892 1077 1
892 1088 1
892 1101 1
892 1128 1
892 1136 1
892 1191 1
892 1195 1
892 1252 1
892 1275 1
892 1312 1
892 1340 1
892 1378 1
892 1414 1
892 1433 1
892 1732 1
892 1735 1
892 1754 1
892 1762 1
892 1764 1
892 1809 1
892 1917 1
892 1939 1
892 1943 1
892 1966 1
892 1998 1
893 923 1
893 992 1
893 1001 1
893 1011 1
893 1037 1
893 1058 1
893 1075 1
893 1102 1
893 1110 1
893 1127 1
893 1134 1
893 1184 1
893 1259 1
893 1304 1
893 1312 1
893 1313 1
893 1402 1
893 1411 1
893 1437 1
893 1522 1
893 1580 1
893 1589 1
893 1608 1
893 1625 1
893 1653 1
893 1669 1
893 1742 1
893 1751 1
893 1754 1
893 1796 1
893 1807 1
893 1834 1
893 1837 1
893 1901 1
893 1917 1
893 1993 1
894 950 1
894 980 1
894 1048 1
894 1054 1
894 1164 1
894 1247 1
894 1249 1
894 1274 1
894 1299 1
894 1337 1
894 1351 1
894 1377 1
894 1390 1
894 1391 1
894 1404 1
894 1470 1
894 1517 1
894 1558 1
894 1657 1
894 1693 1
894 1722 1
894 1755 1
894 1802 1
894 1818 1
894 1835 1
894 1841 1
894 1867 1
894 1871 1
894 1885 1
894 1889 1
894 1918 1
895 896 1
895 911 1
895 920 1
895 993 1
895 998 1
895 1057 1
895 1100 1
895 1155 1
895 1173 1
895 1367 1
895 1398 1
895 1403 1
895 1433 1
895 1479 1
895 1503 1
895 1504 1
895 1518 1
895 1539 1
895 1544 1
895 1594 1
895 1805 1
895 1851 1
895 1854 1
895 1857 1
895 1874 1
895 1900 1
895 1914 1
895 1927 1
895 1983 1
896 918 1
896 946 1
896 961 1
896 971 1
896 981 1
896 983 1
896 992 1
896 1009 1
896 1065 1
896 1074 1
896 1127 1
896 1135 1
896 1243 1
896 1294 1
896 1328 1
896 1329 1
896 1356 1
896 1359 1
896 1479 1
896 1483 1
896 1512 1
896 1517 1
896 1558 1
896 1567 1
896 1620 1
896 1624 1
896 1656 1
896 1692 1
896 1700 1
896 1740 1
896 1746 1
896 1766 1
896 1775 1
896 1813 1
896 1855 1
896 1876 1
896 1891 1
896 1894 1
896 1947 1
896 1953 1
896 1970 1
896 1975 1
897 905 1
897 907 1
897 1001 1
897 1014 1
897 1061 1
897 1068 1
897 1121 1
897 1155 1
897 1200 1
897 1224 1
897 1225 1
897 1256 1
897 1338 1
897 1367 1
897 1420 1
897 1431 1
897 1433 1
897 1464 1
897 1465 1
897 1490 1
897 1583 1
897 1588 1
897 1688 1
897 1711 1
897 1723 1
897 1744 1
897 1768 1
897 1769 1
897 1839 1
897 1857 1
897 1883 1
897 1928 1
897 1986 1
898 900 1
898 903 1
898 907 1
898 945 1
898 976 1
898 1006 1
898 1017 1
898 1018 1
898 1034 1
898 1063 1
898 1094 1
898 1196 1
898 1380 1
898 1405 1
898 1559 1
898 1623 1
898 1657 1
898 1660 1
898 1675 1
898 1787 1
898 1799 1
899 978 1
899 1034 1
899 1054 1
899 1103 1
899 1109 1
899 1133 1
899 1172 1
899 1175 1
899 1191 1
899 1228 1
899 1239 1
899 1275 1
899 1289 1
899 1296 1
899 1459 1
899 1464 1
899 1504 1
899 1547 1
899 1576 1
899 1586 1
899 1598 1
899 1605 1
899 1619 1
899 1684 1
899 1700 1
899 1712 1
899 1726 1
899 1727 1
899 1822 1
899 1830 1
899 1920 1
899 1976 1
899 1993 1
900 916 1
900 967 1
900 1020 1
900 1044 1
900 1075 1
900 1148 1
900 1173 1
900 1183 1
900 1211 1
900 1300 1
900 1338 1
900 1390 1
900 1577 1
900 1624 1
900 1646 1
900 1647 1
900 1648 1
900 1660 1
900 1671 1
900 1683 1
900 1732 1
900 1733 1
900 1822 1
900 1823 1
900 1846 1
900 1868 1
900 1973 1
901 941 1
901 968 1
901 1004 1
901 1112 1
901 1155 1
901 1162 1
901 1202 1
901 1229 1
901 1246 1
901 1254 1
901 1288 1
901 1297 1
901 1349 1
901 1447 1
901 1549 1
901 1573 1
901 1587 1
901 1628 1
901 1642 1
901 1677 1
901 1732 1
901 1753 1
901 1756 1
901 1796 1
901 1803 1
901 1814 1
901 1834 1
901 1842 1
901 1843 1
901 1852 1
901 1870 1
901 1872 1
902 954 1
902 958 1
902 1010 1
902 1088 1
902 1099 1
902 1113 1
902 1118 1
902 1139 1
902 1164 1
902 1209 1
902 1245 1
902 1261 1
902 1426 1
902 1456 1
902 1615 1
902 1665 1
902 1764 1
902 1872 1
902 1878 1
902 1907 1
902 1950 1
903 905 1
903 964 1
903 968 1
903 986 1
903 989 1
903 994 1
903 1078 1
903 1169 1
903 1208 1
903 1265 1
903 1286 1
903 1526 1
903 1543 1
903 1544 1
903 1614 1
903 1698 1
903 1705 1
903 1729 1
903 1801 1
903 1893 1
903 1968 1
904 978 1
904 988 1
904 1009 1
904 1033 1
904 1034 1
904 1075 1
904 1092 1
904 1104 1
904 1113 1
904 1184 1
904 1267 1
904 1350 1
904 1365 1
904 1421 1
904 1422 1
904 1504 1
904 1517 1
904 1525 1
904 1641 1
904 1643 1
904 1659 1
904 1667 1
904 1696 1
904 1842 1
904 1846 1
904 1878 1
904 1932 1
904 1958 1
904 1969 1
905 917 1
905 940 1
905 977 1
905 1076 1
905 1093 1
905 1101 1
905 1200 1
905 1228 1
905 1279 1
905 1303 1
905 1393 1
905 1410 1
905 1424 1
905 1441 1
905 1492 1
905 1576 1
905 1609 1
905 1630 1
905 1679 1
905 1690 1
905 1700 1
905 1821 1
905 1822 1
905 1832 1
905 1890 1
905 1964 1
905 1976 1
906 933 1
906 972 1
906 1010 1
906 1065 1
906 1082 1
906 1229 1
906 1236 1
906 1337 1
906 1385 1
906 1402 1
906 1405 1
906 1466 1
906 1489 1
906 1522 1
906 1593 1
906 1617 1
906 1652 1
906 1663 1
906 1688 1
906 1781 1
906 1817 1
906 1838 1
906 1847 1
906 1849 1
906 1909 1
906 1930 1
906 1939 1
906 1998 1
907 1059 1
907 1092 1
907 1172 1
907 1266 1
907 1267 1
907 1279 1
907 1311 1
907 1341 1
907 1352 1
907 1371 1
907 1406 1
907 1432 1
907 1441 1
907 1452 1
907 1532 1
907 1548 1
907 1578 1
907 1591 1
907 1592 1
907 1653 1
907 1672 1
907 1678 1
907 1792 1
907 1795 1
907 1817 1
907 1841 1
907 1846 1
907 1885 1
907 1985 1
908 1074 1
908 1081 1
908 1094 1
908 1116 1
908 1130 1
908 1205 1
908 1262 1
908 1284 1
908 1316 1
908 1352 1
908 1353 1
908 1357 1
908 1360 1
908 1361 1
908 1378 1
908 1397 1
908 1426 1
908 1527 1
908 1531 1
908 1600 1
908 1623 1
908 1640 1
908 1675 1
908 1701 1
908 1783 1
908 1801 1
908 1851 1
908 1929 1
909 937 1
909 1087 1
909 1094 1
909 1135 1
909 1159 1
909 1221 1
909 1232 1
909 1251 1
909 1287 1
909 1331 1
909 1340 1
909 1343 1
909 1399 1
909 1428 1
909 1484 1
909 1485 1
909 1528 1
909 1535 1
909 1561 1
909 1567 1
909 1721 1
909 1783 1
909 1788 1
909 1816 1
909 1915 1
909 1973 1
909 1980 1
910 966 1
910 1132 1
910 1179 1
910 1200 1
910 1258 1
910 1267 1
910 1342 1
910 1352 1
910 1353 1
910 1354 1
910 1362 1
910 1363 1
910 1462 1
910 1495 1
910 1567 1
910 1634 1
910 1638 1
910 1651 1
910 1882 1
910 1917 1
910 1931 1
910 1953 1
910 1997 1
911 992 1
911 1068 1
911 1081 1
911 1174 1
911 1224 1
911 1250 1
911 1254 1
911 1266 1
911 1284 1
911 1303 1
911 1333 1
911 1337 1
911 1355 1
911 1364 1
911 1375 1
911 1409 1
911 1416 1
911 1500 1
911 1508 1
911 1524 1
911 1619 1
911 1682 1
911 1694 1
911 1725 1
911 1781 1
911 1791 1
911 1814 1
911 1820 1
911 1834 1
911 1859 1
911 1870 1
911 1882 1
911 1904 1
911 1925 1
911 1937 1
911 1944 1
911 1996 1
911 1999 1
912 925 1
912 992 1
912 1029 1
912 1032 1
912 1036 1
912 1041 1
912 1129 1
912 1144 1
912 1229 1
912 1271 1
912 1290 1
912 1297 1
912 1391 1
912 1446 1
912 1477 1
912 1493 1
912 1497 1
912 1556 1
912 1613 1
912 1670 1
912 1741 1
912 1762 1
912 1767 1
912 1811 1
912 1817 1
912 1818 1
912 1834 1
912 1849 1
912 1923 1
912 1937 1
912 1954 1
912 1976 1
913 961 1
913 968 1
913 977 1
913 986 1
913 1043 1
913 1087 1
913 1102 1
913 1150 1
913 1175 1
913 1196 1
913 1233 1
913 1286 1
913 1324 1
913 1326 1
913 1333 1
913 1382 1
913 1398 1
913 1407 1
913 1408 1
913 1439 1
913 1447 1
913 1451 1
913 1486 1
913 1490 1
913 1539 1
913 1609 1
913 1642 1
913 1643 1
913 1744 1
913 1745 1
913 1778 1
913 1787 1
913 1817 1
913 1888 1
913 1892 1
913 1894 1
913 1923 1
913 1927 1
913 1961 1
913 1980 1
913 1997 1
914 932 1
914 945 1
914 954 1
914 991 1
914 1008 1
914 1043 1
914 1119 1
914 1174 1
914 1202 1
914 1240 1
914 1269 1
914 1371 1
914 1405 1
914 1535 1
914 1545 1
914 1583 1
914 1596 1
914 1614 1
914 1686 1
914 1704 1
914 1752 1
914 1772 1
914 1841 1
914 1851 1
914 1865 1
914 1867 1
914 1871 1
914 1877 1
914 1888 1
914 1936 1
914 1956 1
914 1985 1
914 1991 1
915 940 1
915 957 1
915 970 1
915 977 1
915 978 1
915 994 1
915 1012 1
915 1033 1
915 1045 1
915 1062 1
915 1087 1
915 1113 1
915 1122 1
915 1152 1
915 1216 1
915 1238 1
915 1268 1
915 1281 1
915 1286 1
915 1339 1
915 1345 1
915 1391 1
915 1410 1
915 1458 1
915 1469 1
915 1537 1
915 1568 1
915 1603 1
915 1604 1
915 1605 1
915 1609 1
915 1646 1
915 1663 1
915 1681 1
915 1715 1
915 1737 1
915 1740 1
915 1746 1
915 1810 1
915 1838 1
915 1990 1
916 925 1
916 964 1
916 968 1
916 970 1
916 998 1
916 1019 1
916 1176 1
916 1209 1
916 1269 1
916 1274 1
916 1293 1
916 1309 1
916 1366 1
916 1421 1
916 1480 1
916 1493 1
916 1563 1
916 1566 1
916 1667 1
916 1679 1
916 1719 1
916 1748 1
916 1768 1
916 1774 1
916 1802 1
916 1809 1
916 1899 1
916 1948 1
916 1994 1
917 921 1
917 974 1
917 1034 1
917 1122 1
917 1132 1
917 1172 1
917 1181 1
917 1285 1
917 1367 1
917 1403 1
917 1416 1
917 1457 1
917 1524 1
917 1620 1
917 1666 1
917 1698 1
917 1708 1
917 1732 1
917 1742 1
917 1800 1
917 1870 1
918 948 1
918 960 1
918 1101 1
918 1109 1
918 1131 1
918 1161 1
918 1164 1
918 1217 1
918 1228 1
918 1259 1
918 1307 1
918 1369 1
918 1391 1
918 1396 1
918 1428 1
918 1489 1
918 1546 1
918 1550 1
918 1573 1
918 1639 1
918 1676 1
918 1685 1
918 1772 1
918 1783 1
918 1784 1
918 1818 1
918 1904 1
918 1909 1
918 2000 1
919 939 1
919 966 1
919 1072 1
919 1090 1
919 1158 1
919 1210 1
919 1278 1
919 1354 1
919 1480 1
919 1508 1
919 1520 1
919 1525 1
919 1579 1
919 1607 1
919 1671 1
919 1677 1
919 1735 1
919 1742 1
919 1766 1
919 1804 1
919 1856 1
919 1887 1
919 1899 1
920 1088 1
920 1101 1
920 1191 1
920 1217 1
920 1323 1
920 1371 1
920 1402 1
920 1464 1
920 1476 1
920 1481 1
920 1538 1
920 1590 1
920 1621 1
920 1640 1
920 1657 1
920 1762 1
920 1768 1
920 1897 1
920 1954 1
920 1981 1
921 966 1
921 996 1
921 1022 1
921 1058 1
921 1085 1
921 1156 1
921 1177 1
921 1187 1
921 1212 1
921 1241 1
921 1245 1
921 1348 1
921 1367 1
921 1389 1
921 1438 1
921 1458 1
921 1462 1
921 1475 1
921 1497 1
921 1550 1
921 1566 1
921 1628 1
921 1696 1
921 1768 1
921 1784 1
921 1831 1
921 1844 1
921 1869 1
921 1958 1
922 935 1
922 988 1
922 1016 1
922 1051 1
922 1067 1
922 1082 1
922 1095 1
922 1211 1
922 1274 1
922 1294 1
922 1336 1
922 1409 1
922 1475 1
922 1505 1
922 1521 1
922 1546 1
922 1570 1
922 1578 1
922 1581 1
922 1586 1
922 1630 1
922 1678 1
922 1709 1
922 1724 1
922 1734 1
922 1808 1
922 1833 1
922 1927 1
922 1946 1
922 1960 1
922 1985 1
922 1989 1
923 938 1
923 1094 1
923 1110 1
923 1132 1
923 1140 1
923 1149 1
923 1199 1
923 1230 1
923 1313 1
923 1382 1
923 1385 1
923 1396 1
923 1491 1
923 1540 1
923 1600 1
923 1637 1
923 1706 1
923 1724 1
923 1738 1
923 1778 1
923 1829 1
923 1887 1
923 1933 1
923 1995 1
924 928 1
924 944 1
924 954 1
924 1065 1
924 1079 1
924 1086 1
924 1087 1
924 1096 1
924 1101 1
924 1124 1
924 1135 1
924 1184 1
924 1202 1
924 1283 1
924 1287 1
924 1300 1
924 1401 1
924 1450 1
924 1522 1
924 1538 1
924 1579 1
924 1606 1
924 1609 1
924 1663 1
924 1699 1
924 1705 1
924 1731 1
924 1804 1
924 1809 1
924 1834 1
924 1842 1
924 1849 1
924 1877 1
924 1883 1
924 1886 1
924 1893 1
924 1917 1
925 994 1
925 1007 1
925 1009 1
925 1093 1
925 1094 1
925 1095 1
925 1100 1
925 1152 1
925 1161 1
925 1207 1
925 1225 1
925 1248 1
925 1337 1
925 1453 1
925 1549 1
925 1615 1
925 1642 1
925 1849 1
925 1865 1
925 1868 1
925 1919 1
925 1937 1
925 1972 1
925 1986 1
925 1993 1
925 1999 1
926 959 1
926 1017 1
926 1045 1
926 1064 1
926 1090 1
926 1091 1
926 1195 1
926 1256 1
926 1276 1
926 1319 1
926 1363 1
926 1370 1
926 1375 1
926 1402 1
926 1504 1
926 1518 1
926 1551 1
926 1606 1
926 1745 1
926 1752 1
926 1855 1
926 1872 1
926 1940 1
926 1959 1
926 1983 1
927 934 1
927 1035 1
927 1053 1
927 1067 1
927 1075 1
927 1086 1
927 1097 1
927 1100 1
927 1104 1
927 1113 1
927 1140 1
927 1224 1
927 1240 1
927 1295 1
927 1318 1
927 1355 1
927 1356 1
927 1382 1
927 1393 1
927 1410 1
927 1417 1
927 1446 1
927 1447 1
927 1516 1
927 1525 1
927 1527 1
927 1554 1
927 1557 1
927 1589 1
927 1595 1
927 1676 1
927 1768 1
927 1771 1
927 1821 1
927 1932 1
927 1953 1
927 1970 1
928 937 1
928 945 1
928 987 1
928 1060 1
928 1099 1
928 1114 1
928 1141 1
928 1257 1
928 1316 1
928 1378 1
928 1504 1
928 1543 1
928 1544 1
928 1637 1
928 1640 1
928 1699 1
928 1735 1
928 1754 1
928 1840 1
928 1899 1
928 1916 1
928 1922 1
928 1953 1
928 2000 1
929 996 1
929 1012 1
929 1078 1
929 1191 1
929 1205 1
929 1206 1
929 1218 1
929 1220 1
929 1230 1
929 1280 1
929 1427 1
929 1493 1
929 1529 1
929 1667 1
929 1674 1
929 1692 1
929 1747 1
930 958 1
930 986 1
930 993 1
930 1003 1
930 1043 1
930 1057 1
930 1084 1
930 1158 1
930 1160 1
930 1172 1
930 1179 1
930 1249 1
930 1299 1
930 1341 1
930 1500 1
930 1602 1
930 1624 1
930 1692 1
930 1706 1
930 1771 1
930 1779 1
930 1804 1
930 1834 1
930 1835 1
930 1882 1
930 1899 1
930 1906 1
930 1923 1
930 1936 1
930 1955 1
930 1976 1
930 1999 1
931 966 1
931 1006 1
931 1061 1
931 1076 1
931 1120 1
931 1127 1
931 1136 1
931 1151 1
931 1158 1
931 1174 1
931 1197 1
931 1262 1
931 1334 1
931 1362 1
931 1446 1
931 1518 1
931 1564 1
931 1641 1
931 1656 1
931 1689 1
931 1702 1
931 1724 1
931 1951 1
931 1969 1
932 938 1
932 942 1
932 945 1
932 969 1
932 996 1
932 1002 1
932 1100 1
932 1108 1
932 1173 1
932 1188 1
932 1212 1
932 1255 1
932 1332 1
932 1366 1
932 1401 1
932 1469 1
932 1486 1
932 1729 1
932 1767 1
932 1776 1
932 1783 1
932 1845 1
932 1858 1
932 1870 1
932 1876 1
932 1902 1
932 1953 1
932 1960 1
932 1973 1
933 947 1
933 973 1
933 975 1
933 986 1
933 993 1
933 1001 1
933 1080 1
933 1126 1
933 1133 1
933 1222 1
933 1249 1
933 1259 1
933 1288 1
933 1308 1
933 1309 1
933 1397 1
933 1403 1
933 1404 1
933 1499 1
933 1524 1
933 1532 1
933 1578 1
933 1592 1
933 1638 1
933 1655 1
933 1664 1
933 1740 1
933 1810 1
933 1840 1
933 1899 1
933 1981 1
934 970 1
934 1077 1
934 1107 1
934 1124 1
934 1125 1
934 1137 1
934 1165 1
934 1248 1
934 1312 1
934 1416 1
934 1417 1
934 1460 1
934 1512 1
934 1540 1
934 1576 1
934 1614 1
934 1749 1
934 1780 1
934 1811 1
934 1823 1
934 1852 1
934 1943 1
935 958 1
935 971 1
935 974 1
935 975 1
935 1025 1
935 1037 1
935 1047 1
935 1059 1
935 1106 1
935 1107 1
935 1153 1
935 1185 1
935 1212 1
935 1276 1
935 1287 1
935 1337 1
935 1385 1
935 1466 1
935 1532 1
935 1548 1
935 1553 1
935 1568 1
935 1611 1
935 1625 1
935 1649 1
935 1672 1
935 1784 1
935 1858 1
935 1866 1
935 1880 1
935 1928 1
935 1943 1
935 1997 1
936 985 1
936 996 1
936 1082 1
936 1143 1
936 1210 1
936 1213 1
936 1313 1
936 1318 1
936 1351 1
936 1374 1
936 1414 1
936 1416 1
936 1427 1
936 1533 1
936 1554 1
936 1603 1
936 1666 1
936 1679 1
936 1703 1
936 1710 1
936 1775 1
936 1804 1
936 1809 1
936 1821 1
936 1841 1
936 1850 1
936 1873 1
936 1894 1
937 950 1
937 968 1
937 982 1
937 1020 1
937 1043 1
937 1059 1
937 1116 1
937 1143 1
937 1170 1
937 1212 1
937 1234 1
937 1315 1
937 1323 1
937 1429 1
937 1487 1
937 1505 1
937 1551 1
937 1581 1
937 1599 1
937 1606 1
937 1616 1
937 1668 1
937 1680 1
937 1846 1
937 1903 1
937 1936 1
937 1937 1
937 1995 1
938 946 1
938 961 1
938 1039 1
938 1111 1
938 1113 1
938 1143 1
938 1153 1
938 1154 1
938 1309 1
938 1321 1
938 1367 1
938 1385 1
938 1438 1
938 1450 1
938 1493 1
938 1584 1
938 1651 1
938 1668 1
938 1720 1
938 1728 1
938 1731 1
938 1748 1
938 1757 1
938 1800 1
938 1823 1
938 1863 1
938 1922 1
938 1930 1
938 1993 1
939 1014 1
939 1122 1
939 1137 1
939 1178 1
939 1206 1
939 1293 1
939 1297 1
939 1307 1
939 1362 1
939 1418 1
939 1425 1
939 1512 1
939 1563 1
939 1587 1
939 1686 1
939 1754 1
939 1776 1
939 1809 1
939 1815 1
939 1871 1
939 1927 1
939 1930 1
939 1997 1
940 959 1
940 964 1
940 1013 1
940 1019 1
940 1056 1
940 1073 1
940 1089 1
940 1100 1
940 1133 1
940 1134 1
940 1146 1
940 1209 1
940 1259 1
940 1282 1
940 1287 1
940 1331 1
940 1360 1
940 1372 1
940 1412 1
940 1444 1
940 1455 1
940 1461 1
940 1564 1
940 1577 1
940 1706 1
940 1742 1
940 1867 1
940 1886 1
940 1951 1
940 1985 1
940 1988 1
941 950 1
941 980 1
941 1020 1
941 1030 1
941 1071 1
941 1081 1
941 1094 1
941 1102 1
941 1110 1
941 1129 1
941 1156 1
941 1301 1
941 1310 1
941 1453 1
941 1488 1
941 1500 1
941 1561 1
941 1590 1
941 1608 1
941 1638 1
941 1695 1
941 1767 1
941 1826 1
941 1996 1
942 944 1
942 961 1
942 1017 1
942 1034 1
942 1099 1
942 1107 1
942 1117 1
942 1143 1
942 1151 1
942 1192 1
942 1215 1
942 1241 1
942 1278 1
942 1281 1
942 1316 1
942 1317 1
942 1359 1
942 1370 1
942 1375 1
942 1376 1
942 1518 1
942 1534 1
942 1719 1
942 1756 1
942 1813 1
942 1897 1
942 1906 1
942 1926 1
942 1927 1
942 1932 1
942 1933 1
942 1957 1
942 1965 1
942 1972 1
942 1981 1
942 1989 1
943 1051 1
943 1059 1
943 1094 1
943 1113 1
943 1114 1
943 1120 1
943 1121 1
943 1171 1
943 1237 1
943 1253 1
943 1267 1
943 1273 1
943 1275 1
943 1380 1
943 1501 1
943 1536 1
943 1578 1
943 1679 1
943 1691 1
943 1723 1
943 1792 1
943 1796 1
943 1828 1
943 1848 1
943 1853 1
943 1916 1
944 956 1
944 989 1
944 1025 1
944 1037 1
944 1040 1
944 1143 1
944 1186 1
944 1218 1
944 1346 1
944 1395 1
944 1424 1
944 1444 1
944 1532 1
944 1593 1
944 1596 1
944 1651 1
944 1662 1
944 1697 1
944 1811 1
944 1892 1
944 1912 1
944 1933 1
944 1943 1
944 1946 1
944 1959 1
945 1027 1
945 1038 1
945 1059 1
945 1292 1
945 1334 1
945 1342 1
945 1415 1
945 1429 1
945 1481 1
945 1625 1
945 1673 1
945 1693 1
945 1807 1
945 1887 1
945 1936 1
945 1949 1
946 1008 1
946 1042 1
946 1045 1
946 1093 1
946 1119 1
946 1131 1
946 1292 1
946 1313 1
946 1323 1
946 1336 1
946 1363 1
946 1389 1
946 1390 1
946 1422 1
946 1449 1
946 1484 1
946 1496 1
946 1532 1
946 1591 1
946 1676 1
946 1728 1
946 1738 1
946 1787 1
946 1818 1
946 1826 1
946 1883 1
946 1891 1
946 1918 1
946 1928 1
946 1931 1
946 1971 1
946 1972 1
947 956 1
947 1068 1
947 1100 1
947 1139 1
947 1144 1
947 1312 1
947 1337 1
947 1434 1
947 1460 1
947 1502 1
947 1503 1
947 1584 1
947 1625 1
947 1649 1
947 1656 1
947 1666 1
947 1672 1
947 1683 1
947 1730 1
947 1756 1
947 1818 1
947 1873 1
947 1897 1
947 1923 1
947 1970 1
948 955 1
948 956 1
948 979 1
948 988 1
948 997 1
948 1030 1
948 1033 1
948 1122 1
948 1235 1
948 1285 1
948 1358 1
948 1369 1
948 1494 1
948 1565 1
948 1573 1
948 1602 1
948 1637 1
948 1646 1
948 1652 1
948 1679 1
948 1733 1
948 1753 1
948 1781 1
948 1817 1
948 1897 1
948 1907 1
948 1938 1
948 1951 1
948 1983 1
948 1999 1
949 988 1
949 1020 1
949 1060 1
949 1063 1
949 1080 1
949 1102 1
949 1110 1
949 1119 1
949 1126 1
949 1187 1
949 1238 1
949 1277 1
949 1331 1
949 1353 1
949 1399 1
949 1485 1
949 1534 1
949 1678 1
949 1717 1
949 1724 1
949 1738 1
949 1744 1
949 1763 1
949 1842 1
949 1880 1
949 1904 1
949 1937 1
949 1939 1
949 1944 1
949 1979 1
949 1982 1
949 1988 1
949 1991 1
950 1037 1
950 1062 1
950 1103 1
950 1139 1
950 1153 1
950 1187 1
950 1352 1
950 1488 1
950 1509 1
950 1568 1
950 1573 1
950 1708 1
950 1711 1
950 1712 1
950 1763 1
950 1778 1
951 1069 1
951 1095 1
951 1122 1
951 1229 1
951 1230 1
951 1262 1
951 1273 1
951 1279 1
951 1340 1
951 1345 1
951 1358 1
951 1396 1
951 1463 1
951 1520 1
951 1538 1
951 1565 1
951 1640 1
951 1647 1
951 1715 1
951 1716 1
951 1724 1
951 1733 1
951 1763 1
951 1773 1
951 1776 1
951 1805 1
951 1824 1
951 1906 1
951 1914 1
951 1927 1
951 1970 1
951 1974 1
952 972 1
952 998 1
952 1033 1
952 1049 1
952 1104 1
952 1146 1
952 1230 1
952 1232 1
952 1302 1
952 1350 1
952 1357 1
952 1400 1
952 1417 1
952 1429 1
952 1460 1
952 1470 1
952 1534 1
952 1635 1
952 1646 1
952 1670 1
952 1715 1
952 1728 1
952 1755 1
952 1757 1
952 1820 1
952 1824 1
952 1849 1
952 1852 1
952 1938 1
952 1945 1
952 1993 1
952 1998 1
953 1000 1
953 1002 1
953 1010 1
953 1079 1
953 1138 1
953 1139 1
953 1147 1
953 1168 1
953 1266 1
953 1308 1
953 1362 1
953 1409 1
953 1427 1
953 1454 1
953 1514 1
953 1517 1
953 1558 1
953 1561 1
953 1679 1
953 1773 1
953 1779 1
953 1903 1
953 1970 1
953 1973 1
953 1981 1
954 997 1
954 1010 1
954 1163 1
954 1310 1
954 1406 1
954 1439 1
954 1480 1
954 1521 1
954 1543 1
954 1602 1
954 1619 1
954 1620 1
954 1621 1
954 1631 1
954 1790 1
954 1819 1
954 1841 1
954 1913 1
955 1024 1
955 1093 1
955 1098 1
955 1108 1
955 1140 1
955 1224 1
955 1263 1
955 1362 1
955 1415 1
955 1421 1
955 1479 1
955 1572 1
955 1647 1
955 1689 1
955 1690 1
955 1708 1
955 1770 1
955 1824 1
955 1920 1
955 1954 1
955 1968 1
955 1983 1
956 988 1
956 994 1
956 1009 1
956 1071 1
956 1076 1
956 1114 1
956 1127 1
956 1186 1
956 1215 1
956 1263 1
956 1270 1
956 1342 1
956 1363 1
956 1371 1
956 1479 1
956 1481 1
956 1491 1
956 1505 1
956 1510 1
956 1542 1
956 1544 1
956 1553 1
956 1566 1
956 1604 1
956 1612 1
956 1728 1
956 1782 1
956 1819 1
956 1955 1
956 1977 1
957 973 1
957 980 1
957 983 1
957 1030 1
957 1059 1
957 1081 1
957 1092 1
957 1130 1
957 1138 1
957 1167 1
957 1193 1
957 1248 1
957 1325 1
957 1363 1
957 1370 1
957 1382 1
957 1438 1
957 1484 1
957 1532 1
957 1536 1
957 1606 1
957 1681 1
957 1683 1
957 1912 1
957 1940 1
957 1985 1
958 990 1
958 1023 1
958 1058 1
958 1123 1
958 1259 1
958 1384 1
958 1446 1
958 1470 1
958 1488 1
958 1510 1
958 1546 1
958 1548 1
958 1667 1
958 1723 1
958 1776 1
958 1789 1
958 1824 1
958 1836 1
958 1842 1
958 1851 1
958 1864 1
958 1882 1
958 1920 1
958 1937 1
958 1941 1
959 980 1
959 986 1
959 1075 1
959 1132 1
959 1151 1
959 1215 1
959 1262 1
959 1274 1
959 1359 1
959 1381 1
959 1399 1
959 1411 1
959 1497 1
959 1513 1
959 1526 1
959 1536 1
959 1546 1
959 1549 1
959 1582 1
959 1597 1
959 1620 1
959 1640 1
959 1658 1
959 1694 1
959 1837 1
959 1874 1
959 1890 1
959 1900 1
959 1977 1
959 1984 1
959 1985 1
959 1993 1
959 2000 1
960 1076 1
960 1185 1
960 1188 1
960 1200 1
960 1218 1
960 1284 1
960 1325 1
960 1369 1
960 1401 1
960 1425 1
960 1433 1
960 1439 1
960 1458 1
960 1474 1
960 1527 1
960 1544 1
960 1623 1
960 1647 1
960 1662 1
960 1668 1
960 1708 1
960 1715 1
960 1721 1
960 1730 1
960 1740 1
960 1754 1
960 1821 1
960 1830 1
960 1873 1
960 1883 1
960 1884 1
960 1913 1
960 1980 1
960 1986 1
961 993 1
961 1011 1
961 1159 1
961 1197 1
961 1265 1
961 1323 1
961 1385 1
961 1393 1
961 1444 1
961 1445 1
961 1469 1
961 1504 1
961 1527 1
961 1538 1
961 1539 1
961 1556 1
961 1576 1
961 1696 1
961 1700 1
961 1731 1
961 1754 1
961 1755 1
961 1901 1
961 1948 1
961 1950 1
962 967 1
962 986 1
962 1004 1
962 1012 1
962 1031 1
962 1041 1
962 1207 1
962 1248 1
962 1271 1
962 1574 1
962 1636 1
962 1690 1
962 1719 1
962 1735 1
962 1754 1
962 1763 1
962 1822 1
962 1835 1
962 1890 1
962 1911 1
962 1959 1
963 1002 1
963 1024 1
963 1038 1
963 1041 1
963 1069 1
963 1096 1
963 1205 1
963 1223 1
963 1291 1
963 1427 1
963 1465 1
963 1485 1
963 1499 1
963 1514 1
963 1542 1
963 1563 1
963 1574 1
963 1588 1
963 1652 1
963 1666 1
963 1674 1
963 1675 1
963 1705 1
963 1707 1
963 1710 1
963 1736 1
963 1761 1
963 1793 1
963 1855 1
963 1859 1
963 1926 1
963 1929 1
964 1019 1
964 1119 1
964 1192 1
964 1205 1
964 1212 1
964 1234 1
964 1243 1
964 1267 1
964 1294 1
964 1307 1
964 1430 1
964 1546 1
964 1640 1
964 1641 1
964 1642 1
964 1666 1
964 1723 1
964 1732 1
964 1768 1
964 1803 1
964 1855 1
964 1930 1
964 1956 1
964 1964 1
964 1997 1
965 971 1
965 990 1
965 1030 1
965 1087 1
965 1104 1
965 1116 1
965 1146 1
965 1169 1
965 1195 1
965 1239 1
965 1251 1
965 1299 1
965 1308 1
965 1360 1
965 1389 1
965 1467 1
965 1469 1
965 1503 1
965 1537 1
965 1583 1
965 1616 1
965 1621 1
965 1645 1
965 1658 1
965 1710 1
965 1722 1
965 1777 1
965 1833 1
965 1848 1
965 1866 1
965 1919 1
965 1930 1
965 1933 1
965 1972 1
966 976 1
966 1000 1
966 1028 1
966 1144 1
966 1158 1
966 1185 1
966 1280 1
966 1290 1
966 1306 1
966 1398 1
966 1405 1
966 1499 1
966 1683 1
966 1698 1
966 1723 1
966 1774 1
966 1818 1
966 1834 1
966 1846 1
966 1858 1
966 1883 1
966 1903 1
966 1904 1
967 969 1
967 1009 1
967 1029 1
967 1079 1
967 1108 1
967 1148 1
967 1151 1
967 1179 1
967 1200 1
967 1222 1
967 1224 1
967 1250 1
967 1379 1
967 1397 1
967 1417 1
967 1467 1
967 1499 1
967 1641 1
967 1683 1
967 1760 1
967 1791 1
967 1845 1
967 1848 1
967 1856 1
967 1866 1
967 1880 1
967 1890 1
967 1912 1
967 1953 1
967 1996 1
968 979 1
968 1067 1
968 1089 1
968 1138 1
968 1231 1
968 1251 1
968 1269 1
968 1330 1
968 1350 1
968 1385 1
968 1410 1
968 1446 1
968 1563 1
968 1575 1
968 1690 1
968 1731 1
968 1735 1
968 1746 1
968 1865 1
968 1901 1
969 974 1
969 1040 1
969 1149 1
969 1365 1
969 1388 1
969 1390 1
969 1425 1
969 1431 1
969 1543 1
969 1550 1
969 1677 1
969 1695 1
969 1787 1
969 1805 1
969 1807 1
969 1886 1
969 1894 1
969 1919 1
969 1973 1
970 1040 1
970 1064 1
970 1118 1
970 1131 1
970 1133 1
970 1173 1
970 1220 1
970 1222 1
970 1231 1
970 1255 1
970 1326 1
970 1341 1
970 1358 1
970 1371 1
970 1386 1
970 1394 1
970 1396 1
970 1406 1
970 1497 1
970 1505 1
970 1553 1
970 1556 1
970 1566 1
970 1762 1
970 1774 1
970 1957 1
970 1968 1
970 1987 1
971 995 1
971 1016 1
971 1031 1
971 1045 1
971 1124 1
971 1154 1
971 1193 1
971 1373 1
971 1438 1
971 1442 1
971 1513 1
971 1568 1
971 1585 1
971 1609 1
971 1614 1
971 1641 1
971 1707 1
971 1763 1
971 1853 1
971 1861 1
971 1900 1
971 1920 1
971 1972 1
972 990 1
972 1023 1
972 1024 1
972 1111 1
972 1141 1
972 1180 1
972 1193 1
972 1265 1
972 1276 1
972 1316 1
972 1331 1
972 1350 1
972 1351 1
972 1353 1
972 1374 1
972 1377 1
972 1433 1
972 1484 1
972 1492 1
972 1502 1
972 1523 1
972 1599 1
972 1645 1
972 1682 1
972 1693 1
972 1716 1
972 1718 1
972 1820 1
972 1850 1
972 1873 1
972 1896 1
972 1898 1
972 1920 1
972 1987 1
973 983 1
973 984 1
973 1021 1
973 1082 1
973 1083 1
973 1089 1
973 1145 1
973 1150 1
973 1175 1
973 1186 1
973 1292 1
973 1303 1
973 1472 1
973 1474 1
973 1481 1
973 1491 1
973 1528 1
973 1552 1
973 1582 1
973 1599 1
973 1732 1
973 1798 1
973 1887 1
973 1974 1
974 989 1
974 1006 1
974 1054 1
974 1065 1
974 1080 1
974 1117 1
974 1137 1
974 1185 1
974 1203 1
974 1247 1
974 1310 1
974 1319 1
974 1337 1
974 1349 1
974 1370 1
974 1394 1
974 1409 1
974 1501 1
974 1515 1
974 1628 1
974 1727 1
974 1764 1
974 1784 1
974 1830 1
974 1840 1
974 1953 1
974 1964 1
975 1014 1
975 1020 1
975 1026 1
975 1032 1
975 1052 1
975 1065 1
975 1098 1
975 1131 1
975 1144 1
975 1167 1
975 1176 1
975 1217 1
975 1294 1
975 1455 1
975 1550 1
975 1551 1
975 1577 1
975 1660 1
975 1767 1
975 1805 1
975 1810 1
975 1822 1
975 1872 1
975 1878 1
975 1899 1
975 1951 1
975 1958 1
975 1980 1
976 1010 1
976 1031 1
976 1081 1
976 1125 1
976 1129 1
976 1144 1
976 1162 1
976 1208 1
976 1217 1
976 1220 1
976 1221 1
976 1224 1
976 1340 1
976 1467 1
976 1499 1
976 1504 1
976 1521 1
976 1539 1
976 1548 1
976 1603 1
976 1656 1
976 1710 1
976 1721 1
976 1766 1
976 1791 1
976 1819 1
976 1838 1
976 1892 1
976 1896 1
976 1925 1
976 1995 1
977 981 1
977 1004 1
977 1028 1
977 1059 1
977 1065 1
977 1085 1
977 1086 1
977 1091 1
977 1147 1
977 1235 1
977 1342 1
977 1349 1
977 1385 1
977 1427 1
977 1443 1
977 1526 1
977 1593 1
977 1667 1
977 1687 1
977 1719 1
977 1801 1
977 1826 1
977 1843 1
977 1846 1
977 1858 1
977 1888 1
977 1933 1
977 1946 1
977 1952 1
977 1969 1
977 1996 1
978 986 1
978 991 1
978 1012 1
978 1042 1
978 1052 1
978 1056 1
978 1153 1
978 1236 1
978 1346 1
978 1358 1
978 1428 1
978 1467 1
978 1511 1
978 1541 1
978 1546 1
978 1589 1
978 1737 1
978 1826 1
978 1830 1
978 1835 1
978 1913 1
979 980 1
979 993 1
979 1012 1
979 1023 1
979 1063 1
979 1102 1
979 1112 1
979 1174 1
979 1219 1
979 1281 1
979 1313 1
979 1329 1
979 1347 1
979 1353 1
979 1365 1
979 1366 1
979 1447 1
979 1450 1
979 1466 1
979 1552 1
979 1591 1
979 1744 1
979 1827 1
979 1834 1
979 1919 1
979 1945 1
979 1952 1
980 1001 1
980 1028 1
980 1043 1
980 1049 1
980 1056 1
980 1084 1
980 1109 1
980 1132 1
980 1199 1
980 1222 1
980 1251 1
980 1300 1
980 1362 1
980 1371 1
980 1375 1
980 1395 1
980 1399 1
980 1404 1
980 1406 1
980 1412 1
980 1464 1
980 1482 1
980 1485 1
980 1488 1
980 1502 1
980 1517 1
980 1526 1
980 1596 1
980 1627 1
980 1635 1
980 1698 1
980 1699 1
980 1737 1
980 1781 1
980 1807 1
980 1812 1
980 1814 1
980 1862 1
980 1916 1
980 1934 1
980 1937 1
980 1938 1
980 1948 1
980 1964 1
980 1983 1
980 1999 1
981 1020 1
981 1095 1
981 1096 1
981 1113 1
981 1116 1
981 1176 1
981 1248 1
981 1260 1
981 1324 1
981 1389 1
981 1406 1
981 1483 1
981 1507 1
981 1518 1
981 1720 1
981 1763 1
981 1807 1
981 1858 1
981 1939 1
981 1955 1
982 996 1
982 1014 1
982 1125 1
982 1144 1
982 1189 1
982 1203 1
982 1218 1
982 1380 1
982 1412 1
982 1433 1
982 1460 1
982 1465 1
982 1486 1
982 1633 1
982 1673 1
982 1717 1
982 1735 1
982 1770 1
982 1850 1
982 1935 1
983 989 1
983 1014 1
983 1029 1
983 1149 1
983 1240 1
983 1253 1
983 1307 1
983 1313 1
983 1367 1
983 1379 1
983 1405 1
983 1410 1
983 1446 1
983 1464 1
983 1490 1
983 1498 1
983 1530 1
983 1539 1
983 1577 1
983 1608 1
983 1644 1
983 1674 1
983 1844 1
983 1846 1
983 1889 1
983 1902 1
983 1915 1
983 1923 1
983 1926 1
984 1022 1
984 1061 1
984 1079 1
984 1093 1
984 1114 1
984 1118 1
984 1136 1
984 1182 1
984 1185 1
984 1214 1
984 1259 1
984 1277 1
984 1300 1
984 1353 1
984 1366 1
984 1374 1
984 1393 1
984 1408 1
984 1412 1
984 1421 1
984 1439 1
984 1466 1
984 1560 1
984 1561 1
984 1568 1
984 1624 1
984 1633 1
984 1654 1
984 1666 1
984 1745 1
984 1746 1
984 1817 1
984 1857 1
984 1877 1
984 1969 1
984 1995 1
985 1005 1
985 1031 1
985 1044 1
985 1064 1
985 1092 1
985 1126 1
985 1129 1
985 1152 1
985 1182 1
985 1188 1
985 1195 1
985 1212 1
985 1221 1
985 1277 1
985 1285 1
985 1317 1
985 1372 1
985 1476 1
985 1521 1
985 1525 1
985 1547 1
985 1567 1
985 1572 1
985 1589 1
985 1675 1
985 1742 1
985 1756 1
985 1757 1
985 1793 1
985 1828 1
985 1868 1
985 1880 1
985 1881 1
985 1886 1
985 1926 1
985 1935 1
985 1948 1
986 1156 1
986 1167 1
986 1243 1
986 1248 1
986 1280 1
986 1383 1
986 1426 1
986 1500 1
986 1510 1
986 1534 1
986 1577 1
986 1581 1
986 1671 1
986 1713 1
986 1736 1
986 1814 1
986 1817 1
986 1823 1
986 1832 1
986 1850 1
986 1879 1
986 1908 1
986 1920 1
986 1939 1
986 1940 1
986 1947 1
986 1987 1
987 1010 1
987 1020 1
987 1097 1
987 1110 1
987 1117 1
987 1141 1
987 1146 1
987 1183 1
987 1229 1
987 1234 1
987 1247 1
987 1268 1
987 1279 1
987 1346 1
987 1353 1
987 1362 1
987 1450 1
987 1523 1
987 1601 1
987 1706 1
987 1718 1
987 1770 1
987 1810 1
987 1873 1
987 1889 1
987 1907 1
987 1931 1
987 1958 1
987 1997 1
988 990 1
988 1023 1
988 1032 1
988 1063 1
988 1098 1
988 1140 1
988 1166 1
988 1188 1
988 1192 1
988 1194 1
988 1233 1
988 1250 1
988 1356 1
988 1382 1
988 1395 1
988 1403 1
988 1599 1
988 1769 1
988 1861 1
988 1932 1
988 1934 1
988 1959 1
988 1978 1
988 1988 1
988 2000 1
989 1039 1
989 1052 1
989 1116 1
989 1122 1
989 1153 1
989 1158 1
989 1189 1
989 1214 1
989 1227 1
989 1262 1
989 1268 1
989 1321 1
989 1348 1
989 1352 1
989 1375 1
989 1378 1
989 1402 1
989 1407 1
989 1475 1
989 1525 1
989 1536 1
989 1538 1
989 1609 1
989 1681 1
989 1704 1
989 1713 1
989 1832 1
989 1861 1
989 1896 1
989 1978 1
989 1979 1
990 1005 1
990 1047 1
990 1166 1
990 1201 1
990 1219 1
990 1257 1
990 1279 1
990 1281 1
990 1286 1
990 1333 1
990 1347 1
990 1451 1
990 1483 1
990 1497 1
990 1499 1
990 1631 1
990 1640 1
990 1664 1
990 1698 1
990 1722 1
990 1731 1
990 1790 1
990 1880 1
990 1926 1
990 1970 1
991 1003 1
991 1118 1
991 1120 1
991 1122 1
991 1130 1
991 1171 1
991 1240 1
991 1247 1
991 1336 1
991 1442 1
991 1571 1
991 1628 1
991 1645 1
991 1647 1
991 1677 1
991 1692 1
991 1706 1
991 1725 1
991 1802 1
991 1808 1
991 1826 1
991 1976 1
991 2000 1
992 1001 1
992 1100 1
992 1126 1
992 1158 1
992 1330 1
992 1382 1
992 1391 1
992 1407 1
992 1431 1
992 1438 1
992 1454 1
992 1464 1
992 1608 1
992 1630 1
992 1707 1
992 1806 1
992 1827 1
993 1009 1
993 1029 1
993 1066 1
993 1076 1
993 1082 1
993 1207 1
993 1273 1
993 1302 1
993 1323 1
993 1351 1
993 1387 1
993 1402 1
993 1405 1
993 1419 1
993 1434 1
993 1436 1
993 1515 1
993 1522 1
993 1575 1
993 1590 1
993 1616 1
993 1623 1
993 1706 1
993 1747 1
993 1761 1
993 1803 1
993 1808 1
993 1840 1
993 1870 1
993 1887 1
993 1897 1
993 1996 1
994 1020 1
994 1024 1
994 1071 1
994 1124 1
994 1149 1
994 1154 1
994 1175 1
994 1215 1
994 1365 1
994 1380 1
994 1404 1
994 1434 1
994 1461 1
994 1513 1
994 1527 1
994 1553 1
994 1566 1
994 1594 1
994 1603 1
994 1626 1
994 1640 1
994 1651 1
994 1703 1
994 1767 1
994 1778 1
994 1787 1
994 1788 1
994 1830 1
994 1864 1
994 1950 1
994 1978 1
995 1007 1
995 1143 1
995 1168 1
995 1189 1
995 1221 1
995 1310 1
995 1336 1
995 1368 1
995 1412 1
995 1445 1
995 1608 1
995 1723 1
995 1730 1
995 1774 1
995 1802 1
995 1812 1
995 1821 1
995 1841 1
995 1843 1
995 1915 1
995 1980 1
996 997 1
996 1019 1
996 1020 1
996 1041 1
996 1122 1
996 1156 1
996 1196 1
996 1236 1
996 1273 1
996 1285 1
996 1355 1
996 1507 1
996 1564 1
996 1584 1
996 1620 1
996 1633 1
996 1664 1
996 1695 1
996 1710 1
996 1781 1
996 1830 1
996 1894 1
996 1943 1
996 1990 1
996 1992 1
997 1056 1
997 1100 1
997 1163 1
997 1167 1
997 1219 1
997 1225 1
997 1322 1
997 1378 1
997 1475 1
997 1538 1
997 1620 1
997 1649 1
997 1663 1
997 1675 1
997 1687 1
997 1709 1
997 1732 1
997 1791 1
997 1858 1
997 1903 1
997 1979 1
997 1980 1
998 999 1
998 1210 1
998 1220 1
998 1232 1
998 1247 1
998 1284 1
998 1423 1
998 1479 1
998 1481 1
998 1499 1
998 1635 1
998 1637 1
998 1641 1
998 1718 1
998 1729 1
998 1740 1
998 1758 1
998 1793 1
998 1816 1
998 1868 1
998 1959 1
998 1967 1
999 1000 1
999 1212 1
999 1261 1
999 1267 1
999 1392 1
999 1434 1
999 1505 1
999 1514 1
999 1531 1
999 1558 1
999 1578 1
999 1582 1
999 1605 1
999 1613 1
999 1718 1
999 1726 1
999 1875 1
999 1887 1
999 1897 1
1000 1006 1
1000 1008 1
1000 1030 1
1000 1054 1
1000 1116 1
1000 1164 1
1000 1178 1
1000 1202 1
1000 1241 1
1000 1346 1
1000 1403 1
1000 1451 1
1000 1507 1
1000 1523 1
1000 1588 1
1000 1595 1
1000 1614 1
1000 1615 1
1000 1642 1
1000 1661 1
1000 1836 1
1000 1871 1
1000 1961 1
1000 1982 1
1001 1087 1
1001 1089 1
1001 1102 1
1001 1111 1
1001 1116 1
1001 1173 1
1001 1236 1
1001 1250 1
1001 1255 1
1001 1306 1
1001 1320 1
1001 1343 1
1001 1396 1
1001 1451 1
1001 1452 1
1001 1556 1
1001 1632 1
1001 1779 1
1001 1784 1
1001 1807 1
1001 1812 1
1001 1823 1
1001 1849 1
1001 1863 1
1001 1974 1
1001 1983 1
1002 1095 1
1002 1186 1
1002 1198 1
1002 1240 1
1002 1319 1
1002 1462 1
1002 1479 1
1002 1606 1
1002 1624 1
1002 1630 1
1002 1664 1
1002 1670 1
1002 1709 1
1002 1772 1
1002 1795 1
1002 1858 1
1002 1925 1
1002 1938 1
1002 1994 1
1003 1010 1
1003 1074 1
1003 1076 1
1003 1102 1
1003 1128 1
1003 1159 1
1003 1175 1
1003 1334 1
1003 1347 1
1003 1369 1
1003 1391 1
1003 1423 1
1003 1556 1
1003 1591 1
1003 1647 1
1003 1717 1
1003 1775 1
1003 1787 1
1003 1807 1
1003 1817 1
1003 1919 1
1003 1944 1
1003 1968 1
1003 1987 1
1004 1035 1
1004 1113 1
1004 1118 1
1004 1119 1
1004 1149 1
1004 1169 1
1004 1217 1
1004 1253 1
1004 1322 1
1004 1333 1
1004 1347 1
1004 1372 1
1004 1438 1
1004 1460 1
1004 1504 1
1004 1541 1
1004 1820 1
1004 1827 1
1004 1835 1
1004 1841 1
1004 1843 1
1004 1870 1
1004 1889 1
1004 1957 1
1004 1975 1
1005 1042 1
1005 1055 1
1005 1070 1
1005 1074 1
1005 1100 1
1005 1169 1
1005 1198 1
1005 1208 1
1005 1332 1
1005 1359 1
1005 1405 1
1005 1412 1
1005 1414 1
1005 1513 1
1005 1527 1
1005 1586 1
1005 1617 1
1005 1638 1
1005 1654 1
1005 1726 1
1005 1759 1
1005 1779 1
1005 1812 1
1005 1835 1
1005 1870 1
1005 1893 1
1005 1904 1
1005 1961 1
1005 1984 1
1006 1101 1
1006 1109 1
1006 1182 1
1006 1191 1
1006 1200 1
1006 1219 1
1006 1225 1
1006 1246 1
1006 1249 1
1006 1252 1
1006 1254 1
1006 1312 1
1006 1348 1
1006 1365 1
1006 1389 1
1006 1427 1
1006 1450 1
1006 1457 1
1006 1487 1
1006 1528 1
1006 1596 1
1006 1598 1
1006 1628 1
1006 1688 1
1006 1695 1
1006 1709 1
1006 1872 1
1006 1877 1
1006 1884 1
1006 1961 1
1007 1008 1
1007 1020 1
1007 1053 1
1007 1099 1
1007 1144 1
1007 1182 1
1007 1188 1
1007 1220 1
1007 1222 1
1007 1252 1
1007 1354 1
1007 1406 1
1007 1537 1
1007 1561 1
1007 1602 1
1007 1614 1
1007 1653 1
1007 1744 1
1007 1756 1
1007 1770 1
1007 1808 1
1007 1878 1
1007 1881 1
1007 1932 1
1007 1948 1
1007 1986 1
1008 1034 1
1008 1098 1
1008 1139 1
1008 1211 1
1008 1228 1
1008 1305 1
1008 1455 1
1008 1548 1
1008 1567 1
1008 1570 1
1008 1725 1
1008 1800 1
1008 1882 1
1008 1893 1
1008 1897 1
1008 1902 1
1009 1054 1
1009 1091 1
1009 1107 1
1009 1111 1
1009 1117 1
1009 1147 1
1009 1155 1
1009 1161 1
1009 1168 1
1009 1170 1
1009 1173 1
1009 1177 1
1009 1198 1
1009 1236 1
1009 1246 1
1009 1430 1
1009 1499 1
1009 1540 1
1009 1609 1
1009 1616 1
1009 1699 1
1009 1707 1
1009 1731 1
1009 1738 1
1009 1769 1
1009 1800 1
1009 1992 1
1010 1024 1
1010 1030 1
1010 1043 1
1010 1086 1
1010 1144 1
1010 1150 1
1010 1157 1
1010 1167 1
1010 1168 1
1010 1242 1
1010 1390 1
1010 1614 1
1010 1633 1
1010 1734 1
1010 1744 1
1010 1778 1
1010 1875 1
1010 1917 1
1010 1953 1
1011 1149 1
1011 1252 1
1011 1269 1
1011 1316 1
1011 1326 1
1011 1361 1
1011 1383 1
1011 1427 1
1011 1491 1
1011 1516 1
1011 1555 1
1011 1558 1
1011 1571 1
1011 1717 1
1011 1853 1
1011 1905 1
1011 1932 1
1011 1949 1
1011 1956 1
1012 1019 1
1012 1025 1
1012 1130 1
1012 1145 1
1012 1155 1
1012 1170 1
1012 1199 1
1012 1232 1
1012 1262 1
1012 1292 1
1012 1295 1
1012 1299 1
1012 1322 1
1012 1350 1
1012 1429 1
1012 1546 1
1012 1570 1
1012 1653 1
1012 1701 1
1012 1719 1
1012 1751 1
1012 1760 1
1012 1765 1
1012 1771 1
1012 1868 1
1012 1877 1
1012 1893 1
1012 1944 1
1012 1964 1
1012 1973 1
1013 1029 1
1013 1118 1
1013 1142 1
1013 1161 1
1013 1182 1
1013 1186 1
1013 1203 1
1013 1364 1
1013 1416 1
1013 1423 1
1013 1487 1
1013 1506 1
1013 1575 1
1013 1583 1
1013 1625 1
1013 1628 1
1013 1697 1
1013 1753 1
1013 1759 1
1013 1760 1
1013 1776 1
1013 1791 1
1013 1905 1
1013 1939 1
1013 1951 1
1013 1969 1
1013 1974 1
1014 1086 1
1014 1225 1
1014 1235 1
1014 1248 1
1014 1256 1
1014 1348 1
1014 1359 1
1014 1400 1
1014 1482 1
1014 1490 1
1014 1530 1
1014 1576 1
1014 1595 1
1014 1671 1
1014 1808 1
1014 1829 1
1014 1837 1
1014 1850 1
1014 1855 1
1014 1893 1
1014 1988 1
1015 1021 1
1015 1075 1
1015 1143 1
1015 1151 1
1015 1214 1
1015 1234 1
1015 1266 1
1015 1271 1
1015 1427 1
1015 1555 1
1015 1657 1
1015 1666 1
1016 1049 1
1016 1131 1
1016 1145 1
1016 1153 1
1016 1194 1
1016 1236 1
1016 1256 1
1016 1278 1
1016 1355 1
1016 1367 1
1016 1426 1
1016 1672 1
1016 1759 1
1016 1796 1
1016 1810 1
1016 1883 1
1016 1920 1
1017 1163 1
1017 1189 1
1017 1218 1
1017 1281 1
1017 1296 1
1017 1362 1
1017 1371 1
1017 1378 1
1017 1441 1
1017 1493 1
1017 1515 1
1017 1568 1
1017 1580 1
1017 1603 1
1017 1628 1
1017 1635 1
1017 1709 1
1017 1736 1
1017 1885 1
1017 1889 1
1017 1924 1
1017 1934 1
1017 1937 1
1017 1959 1
1017 1968 1
1018 1045 1
1018 1072 1
1018 1081 1
1018 1093 1
1018 1145 1
1018 1250 1
1018 1270 1
1018 1278 1
1018 1307 1
1018 1385 1
1018 1413 1
1018 1440 1
1018 1445 1
1018 1450 1
1018 1500 1
1018 1521 1
1018 1627 1
1018 1719 1
1018 1737 1
1018 1739 1
1018 1794 1
1018 1809 1
1018 1913 1
1018 1923 1
1018 1949 1
1019 1036 1
1019 1058 1
1019 1117 1
1019 1294 1
1019 1311 1
1019 1315 1
1019 1330 1
1019 1370 1
1019 1403 1
1019 1482 1
1019 1496 1
1019 1511 1
1019 1550 1
1019 1829 1
1019 1855 1
1019 1873 1
1019 1884 1
1019 1886 1
1019 1975 1
1020 1023 1
1020 1081 1
1020 1119 1
1020 1239 1
1020 1300 1
1020 1303 1
1020 1326 1
1020 1576 1
1020 1640 1
1020 1667 1
1020 1775 1
1020 1803 1
1020 1807 1
1020 1829 1
1020 1863 1
1020 1889 1
1020 1901 1
1020 1906 1
1020 1918 1
1020 1938 1
1021 1070 1
1021 1224 1
1021 1246 1
1021 1251 1
1021 1252 1
1021 1271 1
1021 1275 1
1021 1328 1
1021 1334 1
1021 1412 1
1021 1455 1
1021 1516 1
1021 1620 1
1021 1621 1
1021 1645 1
1021 1701 1
1021 1755 1
1021 1805 1
1021 1827 1
1021 1876 1
1021 1894 1
1021 1901 1
1021 1907 1
1021 1965 1
1022 1026 1
1022 1047 1
1022 1070 1
1022 1128 1
1022 1156 1
1022 1191 1
1022 1276 1
1022 1299 1
1022 1306 1
1022 1324 1
1022 1341 1
1022 1349 1
1022 1437 1
1022 1480 1
1022 1506 1
1022 1509 1
1022 1522 1
1022 1685 1
1022 1691 1
1022 1735 1
1022 1754 1
1022 1837 1
1022 1854 1
1022 1865 1
1022 1878 1
1022 1896 1
1022 1907 1
1022 1975 1
1022 1984 1
1023 1106 1
1023 1120 1
1023 1147 1
1023 1185 1
1023 1213 1
1023 1227 1
1023 1232 1
1023 1254 1
1023 1274 1
1023 1275 1
1023 1314 1
1023 1336 1
1023 1391 1
1023 1433 1
1023 1452 1
1023 1457 1
1023 1469 1
1023 1484 1
1023 1518 1
1023 1521 1
1023 1536 1
1023 1553 1
1023 1584 1
1023 1588 1
1023 1622 1
1023 1652 1
1023 1695 1
1023 1728 1
1023 1809 1
1023 1866 1
1023 1908 1
1023 1916 1
1023 1933 1
1024 1050 1
1024 1073 1
1024 1138 1
1024 1142 1
1024 1171 1
1024 1256 1
1024 1267 1
1024 1313 1
1024 1341 1
1024 1362 1
1024 1371 1
1024 1432 1
1024 1448 1
1024 1535 1
1024 1569 1
1024 1581 1
1024 1599 1
1024 1664 1
1024 1699 1
1024 1742 1
1024 1778 1
1024 1828 1
1024 1836 1
1024 1839 1
1024 1844 1
1024 1850 1
1024 1881 1
1024 1887 1
1024 1894 1
1024 1958 1
1024 1999 1
1025 1040 1
1025 1051 1
1025 1060 1
1025 1093 1
1025 1154 1
1025 1204 1
1025 1208 1
1025 1242 1
1025 1290 1
1025 1424 1
1025 1470 1
1025 1499 1
1025 1510 1
1025 1537 1
1025 1596 1
1025 1656 1
1025 1809 1
1025 1832 1
1025 1837 1
1025 1863 1
1025 1865 1
1025 1888 1
1025 1890 1
1025 1894 1
1025 1908 1
1025 1989 1
1026 1064 1
1026 1072 1
1026 1132 1
1026 1160 1
1026 1185 1
1026 1204 1
1026 1216 1
1026 1345 1
1026 1432 1
1026 1443 1
1026 1447 1
1026 1466 1
1026 1522 1
1026 1572 1
1026 1667 1
1026 1677 1
1026 1680 1
1026 1683 1
1026 1685 1
1026 1706 1
1026 1876 1
1026 1971 1
1027 1060 1
1027 1206 1
1027 1238 1
1027 1251 1
1027 1252 1
1027 1263 1
1027 1307 1
1027 1332 1
1027 1340 1
1027 1407 1
1027 1636 1
1027 1659 1
1027 1662 1
1027 1703 1
1027 1734 1
1027 1756 1
1027 1770 1
1027 1826 1
1027 1842 1
1027 1856 1
1027 1860 1
1027 1957 1
1028 1083 1
1028 1161 1
1028 1168 1
1028 1205 1
1028 1210 1
1028 1270 1
1028 1327 1
1028 1329 1
1028 1351 1
1028 1430 1
1028 1441 1
1028 1471 1
1028 1492 1
1028 1493 1
1028 1566 1
1028 1641 1
1028 1650 1
1028 1657 1
1028 1702 1
1028 1719 1
1028 1725 1
1028 1735 1
1028 1756 1
1028 1779 1
1028 1799 1
1028 1808 1
1028 1824 1
1028 1828 1
1028 1855 1
1028 1885 1
1028 1988 1
1029 1057 1
1029 1210 1
1029 1211 1
1029 1250 1
1029 1282 1
1029 1452 1
1029 1543 1
1029 1600 1
1029 1611 1
1029 1622 1
1029 1675 1
1029 1676 1
1029 1690 1
1029 1776 1
1029 1811 1
1029 1815 1
1029 1830 1
1029 1876 1
1029 1877 1
1029 1891 1
1029 1929 1
1029 1954 1
1029 1990 1
1029 1994 1
1030 1036 1
1030 1091 1
1030 1123 1
1030 1141 1
1030 1188 1
1030 1196 1
1030 1311 1
1030 1321 1
1030 1340 1
1030 1384 1
1030 1442 1
1030 1461 1
1030 1506 1
1030 1552 1
1030 1637 1
1030 1651 1
1030 1675 1
1030 1745 1
1030 1771 1
1030 1803 1
1030 1821 1
1030 1856 1
1030 1868 1
1030 1893 1
1030 1897 1
1030 1918 1
1031 1042 1
1031 1077 1
1031 1105 1
1031 1131 1
1031 1199 1
1031 1273 1
1031 1434 1
1031 1476 1
1031 1550 1
1031 1561 1
1031 1574 1
1031 1636 1
1031 1737 1
1031 1773 1
1031 1799 1
1031 1842 1
1031 1988 1
1032 1163 1
1032 1223 1
1032 1231 1
1032 1236 1
1032 1239 1
1032 1269 1
1032 1337 1
1032 1341 1
1032 1364 1
1032 1455 1
1032 1518 1
1032 1582 1
1032 1610 1
1032 1715 1
1032 1737 1
1032 1775 1
1032 1870 1
1032 1967 1
1033 1051 1
1033 1156 1
1033 1217 1
1033 1246 1
1033 1262 1
1033 1317 1
1033 1318 1
1033 1337 1
1033 1365 1
1033 1384 1
1033 1402 1
1033 1430 1
1033 1442 1
1033 1491 1
1033 1510 1
1033 1584 1
1033 1588 1
1033 1618 1
1033 1673 1
1033 1695 1
1033 1707 1
1033 1736 1
1033 1751 1
1033 1770 1
1033 1801 1
1033 1841 1
1033 1864 1
1033 1938 1
1034 1050 1
1034 1060 1
1034 1105 1
1034 1123 1
1034 1166 1
1034 1324 1
1034 1375 1
1034 1379 1
1034 1406 1
1034 1421 1
1034 1425 1
1034 1428 1
1034 1454 1
1034 1465 1
1034 1472 1
1034 1559 1
1034 1609 1
1034 1771 1
1034 1858 1
1034 1889 1
1034 1914 1
1034 1942 1
1034 1968 1
1034 1973 1
1035 1071 1
1035 1090 1
1035 1184 1
1035 1193 1
1035 1235 1
1035 1249 1
1035 1251 1
1035 1258 1
1035 1305 1
1035 1345 1
1035 1353 1
1035 1377 1
1035 1419 1
1035 1483 1
1035 1540 1
1035 1641 1
1035 1657 1
1035 1671 1
1035 1724 1
1035 1906 1
1035 1923 1
1035 1944 1
1036 1040 1
1036 1042 1
1036 1083 1
1036 1168 1
1036 1220 1
1036 1276 1
1036 1285 1
1036 1329 1
1036 1396 1
1036 1504 1
1036 1565 1
1036 1629 1
1036 1634 1
1036 1646 1
1036 1675 1
1036 1713 1
1036 1739 1
1036 1745 1
1036 1783 1
1036 1819 1
1036 1845 1
1036 1931 1
1036 1971 1
1036 1986 1
1037 1114 1
1037 1133 1
1037 1199 1
1037 1225 1
1037 1254 1
1037 1306 1
1037 1320 1
1037 1321 1
1037 1324 1
1037 1373 1
1037 1377 1
1037 1430 1
1037 1445 1
1037 1499 1
1037 1514 1
1037 1515 1
1037 1583 1
1037 1621 1
1037 1642 1
1037 1679 1
1037 1691 1
1037 1796 1
1037 1810 1
1037 1886 1
1037 1921 1
1037 1924 1
1037 1996 1
1037 1998 1
1038 1072 1
1038 1121 1
1038 1167 1
1038 1223 1
1038 1251 1
1038 1313 1
1038 1322 1
1038 1342 1
1038 1362 1
1038 1363 1
1038 1408 1
1038 1455 1
1038 1461 1
1038 1466 1
1038 1583 1
1038 1611 1
1038 1671 1
1038 1674 1
1038 1682 1
1038 1699 1
1038 1761 1
1038 1812 1
1038 1929 1
1038 1986 1
1039 1066 1
1039 1133 1
1039 1141 1
1039 1211 1
1039 1226 1
1039 1250 1
1039 1308 1
1039 1361 1
1039 1396 1
1039 1481 1
1039 1511 1
1039 1579 1
1039 1660 1
1039 1713 1
1039 1799 1
1039 1801 1
1039 1849 1
1039 1889 1
1039 1958 1
1039 1963 1
1040 1078 1
1040 1172 1
1040 1202 1
1040 1210 1
1040 1216 1
1040 1312 1
1040 1393 1
1040 1430 1
1040 1479 1
1040 1500 1
1040 1514 1
1040 1543 1
1040 1603 1
1040 1674 1
1040 1693 1
1040 1772 1
1040 1875 1
1040 1991 1
1041 1055 1
1041 1094 1
1041 1243 1
1041 1265 1
1041 1374 1
1041 1409 1
1041 1440 1
1041 1491 1
1041 1550 1
1041 1571 1
1041 1651 1
1041 1665 1
1041 1734 1
1041 1738 1
1041 1808 1
1041 1867 1
1041 1868 1
1041 1878 1
1041 1923 1
1042 1079 1
1042 1105 1
1042 1211 1
1042 1217 1
1042 1296 1
1042 1350 1
1042 1366 1
1042 1515 1
1042 1583 1
1042 1656 1
1042 1671 1
1042 1719 1
1042 1725 1
1042 1781 1
1042 1790 1
1042 1792 1
1042 1889 1
1042 1933 1
1042 1953 1
1043 1057 1
1043 1088 1
1043 1178 1
1043 1245 1
1043 1279 1
1043 1334 1
1043 1402 1
1043 1405 1
1043 1412 1
1043 1519 1
1043 1537 1
1043 1538 1
1043 1553 1
1043 1587 1
1043 1672 1
1043 1714 1
1043 1770 1
1043 1790 1
1043 1799 1
1043 1809 1
1043 1812 1
1043 1869 1
1043 1957 1
1043 1982 1
1043 1987 1
1044 1055 1
1044 1120 1
1044 1159 1
1044 1160 1
1044 1216 1
1044 1250 1
1044 1266 1
1044 1443 1
1044 1463 1
1044 1466 1
1044 1654 1
1044 1659 1
1044 1828 1
1044 1848 1
1044 1875 1
1044 1882 1
1044 1900 1
1044 1921 1
1044 1972 1
1044 1999 1
1045 1057 1
1045 1074 1
1045 1080 1
1045 1100 1
1045 1144 1
1045 1257 1
1045 1269 1
1045 1345 1
1045 1361 1
1045 1364 1
1045 1378 1
1045 1392 1
1045 1394 1
1045 1415 1
1045 1461 1
1045 1518 1
1045 1578 1
1045 1608 1
1045 1618 1
1045 1670 1
1045 1674 1
1045 1745 1
1045 1798 1
1045 1803 1
1045 1825 1
1045 1908 1
1045 1919 1
1045 1980 1
1045 1987 1
1046 1143 1
1046 1177 1
1046 1186 1
1046 1195 1
1046 1224 1
1046 1274 1
1046 1305 1
1046 1329 1
1046 1334 1
1046 1343 1
1046 1346 1
1046 1351 1
1046 1359 1
1046 1363 1
1046 1392 1
1046 1406 1
1046 1429 1
1046 1430 1
1046 1469 1
1046 1495 1
1046 1550 1
1046 1561 1
1046 1717 1
1046 1742 1
1046 1829 1
1046 1840 1
1046 1852 1
1046 1889 1
1046 1939 1
1046 1968 1
1047 1080 1
1047 1192 1
1047 1203 1
1047 1211 1
1047 1264 1
1047 1270 1
1047 1341 1
1047 1353 1
1047 1382 1
1047 1434 1
1047 1435 1
1047 1512 1
1047 1559 1
1047 1619 1
1047 1634 1
1047 1655 1
1047 1657 1
1047 1668 1
1047 1672 1
1047 1683 1
1047 1720 1
1047 1745 1
1047 1767 1
1047 1780 1
1047 1801 1
1047 1870 1
1047 1969 1
1048 1120 1
1048 1130 1
1048 1147 1
1048 1195 1
1048 1198 1
1048 1237 1
1048 1293 1
1048 1337 1
1048 1372 1
1048 1400 1
1048 1407 1
1048 1455 1
1048 1461 1
1048 1506 1
1048 1508 1
1048 1514 1
1048 1532 1
1048 1620 1
1048 1726 1
1048 1733 1
1048 1756 1
1048 1772 1
1048 1864 1
1048 1917 1
1049 1105 1
1049 1168 1
1049 1188 1
1049 1372 1
1049 1423 1
1049 1460 1
1049 1482 1
1049 1486 1
1049 1569 1
1049 1722 1
1049 1814 1
1049 1822 1
1049 1853 1
1049 1857 1
1049 1868 1
1049 1893 1
1050 1054 1
1050 1100 1
1050 1106 1
1050 1146 1
1050 1186 1
1050 1243 1
1050 1309 1
1050 1317 1
1050 1435 1
1050 1479 1
1050 1486 1
1050 1492 1
1050 1562 1
1050 1586 1
1050 1618 1
1050 1787 1
1050 1814 1
1050 1850 1
1050 1855 1
1050 1881 1
1050 1888 1
1050 1928 1
1050 1946 1
1050 1948 1
1050 1999 1
1051 1060 1
1051 1156 1
1051 1205 1
1051 1227 1
1051 1276 1
1051 1289 1
1051 1291 1
1051 1382 1
1051 1400 1
1051 1403 1
1051 1437 1
1051 1633 1
1051 1669 1
1051 1671 1
1051 1701 1
1051 1756 1
1051 1762 1
1051 1791 1
1051 1859 1
1051 1975 1
1051 1993 1
1052 1084 1
1052 1111 1
1052 1127 1
1052 1159 1
1052 1223 1
1052 1233 1
1052 1335 1
1052 1343 1
1052 1375 1
1052 1445 1
1052 1483 1
1052 1486 1
1052 1526 1
1052 1587 1
1052 1608 1
1052 1735 1
1052 1749 1
1052 1849 1
1052 1916 1
1052 1929 1
1052 1955 1
1053 1141 1
1053 1370 1
1053 1412 1
1053 1469 1
1053 1481 1
1053 1484 1
1053 1552 1
1053 1573 1
1053 1577 1
1053 1583 1
1053 1759 1
1053 1860 1
1053 1862 1
1053 1953 1
1053 1993 1
1053 1997 1
1054 1055 1
1054 1118 1
1054 1186 1
1054 1435 1
1054 1444 1
1054 1460 1
1054 1468 1
1054 1509 1
1054 1531 1
1054 1560 1
1054 1585 1
1054 1694 1
1054 1701 1
1054 1751 1
1054 1790 1
1054 1797 1
1054 1904 1
1054 1930 1
1054 1938 1
1054 1941 1
1054 1987 1
1055 1097 1
1055 1199 1
1055 1208 1
1055 1250 1
1055 1266 1
1055 1404 1
1055 1470 1
1055 1480 1
1055 1488 1
1055 1575 1
1055 1595 1
1055 1600 1
1055 1625 1
1055 1631 1
1055 1663 1
1055 1749 1
1055 1759 1
1055 1781 1
1055 1803 1
1055 1819 1
1055 1833 1
1055 1841 1
1055 1882 1
1055 1900 1
1055 1932 1
1055 1949 1
1055 1963 1
1055 1984 1
1056 1085 1
1056 1114 1
1056 1132 1
1056 1165 1
1056 1248 1
1056 1258 1
1056 1320 1
1056 1457 1
1056 1470 1
1056 1473 1
1056 1491 1
1056 1589 1
1056 1590 1
1056 1608 1
1056 1634 1
1056 1648 1
1056 1663 1
1056 1714 1
1056 1716 1
1056 1778 1
1056 1789 1
1056 1814 1
1056 1828 1
1056 1830 1
1056 1832 1
1056 1976 1
1056 1991 1
1057 1062 1
1057 1080 1
1057 1103 1
1057 1152 1
1057 1251 1
1057 1258 1
1057 1269 1
1057 1317 1
1057 1410 1
1057 1467 1
1057 1519 1
1057 1545 1
1057 1583 1
1057 1624 1
1057 1626 1
1057 1671 1
1057 1682 1
1057 1710 1
1057 1713 1
1057 1717 1
1057 1751 1
1057 1760 1
1057 1791 1
1057 1803 1
1057 1849 1
1057 1875 1
1057 1878 1
1057 1929 1
1057 1964 1
1057 1981 1
1058 1068 1
1058 1154 1
1058 1218 1
1058 1270 1
1058 1355 1
1058 1384 1
1058 1407 1
1058 1510 1
1058 1524 1
1058 1532 1
1058 1564 1
1058 1592 1
1058 1608 1
1058 1659 1
1058 1709 1
1058 1720 1
1058 1767 1
1058 1921 1
1058 1978 1
1059 1119 1
1059 1127 1
1059 1214 1
1059 1221 1
1059 1227 1
1059 1269 1
1059 1325 1
1059 1361 1
1059 1362 1
1059 1416 1
1059 1549 1
1059 1606 1
1059 1609 1
1059 1615 1
1059 1624 1
1059 1650 1
1059 1695 1
1059 1786 1
1059 1862 1
1059 1864 1
1059 1888 1
1059 1933 1
1059 1957 1
1059 1962 1
1059 1980 1
1059 1990 1
1060 1162 1
1060 1240 1
1060 1274 1
1060 1290 1
1060 1359 1
1060 1363 1
1060 1442 1
1060 1475 1
1060 1495 1
1060 1599 1
1060 1612 1
1060 1622 1
1060 1655 1
1060 1750 1
1060 1796 1
1060 1957 1
1061 1154 1
1061 1243 1
1061 1250 1
1061 1308 1
1061 1386 1
1061 1399 1
1061 1442 1
1061 1477 1
1061 1512 1
1061 1518 1
1061 1570 1
1061 1606 1
1061 1615 1
1061 1652 1
1061 1683 1
1061 1703 1
1061 1706 1
1061 1730 1
1061 1736 1
1061 1740 1
1061 1777 1
1061 1797 1
1061 1809 1
1062 1064 1
1062 1100 1
1062 1119 1
1062 1180 1
1062 1224 1
1062 1288 1
1062 1300 1
1062 1343 1
1062 1379 1
1062 1380 1
1062 1462 1
1062 1467 1
1062 1495 1
1062 1512 1
1062 1527 1
1062 1533 1
1062 1573 1
1062 1596 1
1062 1618 1
1062 1622 1
1062 1689 1
1062 1702 1
1062 1848 1
1063 1088 1
1063 1127 1
1063 1156 1
1063 1215 1
1063 1409 1
1063 1453 1
1063 1481 1
1063 1490 1
1063 1509 1
1063 1551 1
1063 1571 1
1063 1647 1
1063 1665 1
1063 1739 1
1063 1788 1
1063 1807 1
1063 1817 1
1063 1986 1
1064 1073 1
1064 1122 1
1064 1134 1
1064 1228 1
1064 1270 1
1064 1282 1
1064 1285 1
1064 1363 1
1064 1379 1
1064 1395 1
1064 1415 1
1064 1453 1
1064 1609 1
1064 1623 1
1064 1655 1
1064 1676 1
1064 1689 1
1064 1725 1
1064 1762 1
1064 1806 1
1064 1823 1
1064 1860 1
1064 1877 1
1064 1878 1
1065 1068 1
1065 1116 1
1065 1149 1
1065 1151 1
1065 1154 1
1065 1204 1
1065 1217 1
1065 1229 1
1065 1276 1
1065 1329 1
1065 1345 1
1065 1348 1
1065 1426 1
1065 1487 1
1065 1548 1
1065 1586 1
1065 1618 1
1065 1641 1
1065 1672 1
1065 1692 1
1065 1702 1
1065 1883 1
1065 1939 1
1065 1987 1
1066 1150 1
1066 1168 1
1066 1241 1
1066 1357 1
1066 1374 1
1066 1379 1
1066 1391 1
1066 1404 1
1066 1470 1
1066 1492 1
1066 1517 1
1066 1559 1
1066 1615 1
1066 1621 1
1066 1629 1
1066 1704 1
1066 1766 1
1066 1815 1
1066 1825 1
1066 1902 1
1066 1925 1
1066 1942 1
1066 1971 1
1066 1985 1
1066 1998 1
1067 1137 1
1067 1149 1
1067 1222 1
1067 1235 1
1067 1251 1
1067 1263 1
1067 1290 1
1067 1301 1
1067 1307 1
1067 1337 1
1067 1388 1
1067 1409 1
1067 1439 1
1067 1506 1
1067 1539 1
1067 1589 1
1067 1637 1
1067 1762 1
1067 1817 1
1067 1818 1
1067 1850 1
1067 1863 1
1067 1876 1
1067 1889 1
1067 1894 1
1067 1908 1
1067 1923 1
1068 1125 1
1068 1166 1
1068 1172 1
1068 1208 1
1068 1279 1
1068 1281 1
1068 1286 1
1068 1302 1
1068 1405 1
1068 1493 1
1068 1502 1
1068 1596 1
1068 1631 1
1068 1682 1
1068 1692 1
1068 1701 1
1068 1796 1
1068 1838 1
1068 1992 1
1069 1070 1
1069 1113 1
1069 1121 1
1069 1125 1
1069 1130 1
1069 1144 1
1069 1227 1
1069 1300 1
1069 1469 1
1069 1527 1
1069 1540 1
1069 1544 1
1069 1633 1
1069 1640 1
1069 1674 1
1069 1724 1
1069 1751 1
1069 1835 1
1069 1871 1
1069 1899 1
1069 1973 1
1070 1079 1
1070 1093 1
1070 1112 1
1070 1188 1
1070 1210 1
1070 1221 1
1070 1227 1
1070 1235 1
1070 1350 1
1070 1357 1
1070 1456 1
1070 1538 1
1070 1601 1
1070 1682 1
1070 1735 1
1070 1748 1
1070 1761 1
1070 1763 1
1070 1823 1
1070 1858 1
1070 1874 1
1070 1945 1
1070 1954 1
1070 1968 1
1070 1974 1
1070 1987 1
1070 1989 1
1071 1082 1
1071 1087 1
1071 1104 1
1071 1127 1
1071 1149 1
1071 1157 1
1071 1162 1
1071 1167 1
1071 1201 1
1071 1281 1
1071 1373 1
1071 1420 1
1071 1428 1
1071 1484 1
1071 1499 1
1071 1535 1
1071 1647 1
1071 1658 1
1071 1717 1
1071 1725 1
1071 1793 1
1071 1884 1
1071 1927 1
1071 1933 1
1072 1077 1
1072 1154 1
1072 1266 1
1072 1331 1
1072 1353 1
1072 1357 1
1072 1428 1
1072 1433 1
1072 1482 1
1072 1520 1
1072 1552 1
1072 1610 1
1072 1621 1
1072 1714 1
1072 1733 1
1072 1769 1
1072 1771 1
1072 1809 1
1072 1826 1
1072 1980 1
1072 2000 1
1073 1167 1
1073 1205 1
1073 1235 1
1073 1257 1
1073 1311 1
1073 1327 1
1073 1330 1
1073 1378 1
1073 1401 1
1073 1524 1
1073 1553 1
1073 1584 1
1073 1666 1
1073 1759 1
1073 1813 1
1073 1836 1
1073 1952 1
1073 1970 1
1074 1210 1
1074 1218 1
1074 1262 1
1074 1294 1
1074 1334 1
1074 1344 1
1074 1369 1
1074 1426 1
1074 1437 1
1074 1481 1
1074 1534 1
1074 1578 1
1074 1741 1
1074 1743 1
1074 1860 1
1074 1873 1
1074 1898 1
1074 1905 1
1074 1926 1
1074 1931 1
1074 1981 1
1075 1181 1
1075 1198 1
1075 1303 1
1075 1308 1
1075 1335 1
1075 1342 1
1075 1464 1
1075 1495 1
1075 1518 1
1075 1580 1
1075 1588 1
1075 1684 1
1075 1765 1
1075 1805 1
1075 1812 1
1075 1815 1
1075 1819 1
1075 1822 1
1075 1913 1
1075 1974 1
1075 1977 1
1076 1087 1
1076 1112 1
1076 1134 1
1076 1169 1
1076 1305 1
1076 1330 1
1076 1350 1
1076 1384 1
1076 1586 1
1076 1636 1
1076 1702 1
1076 1756 1
1076 1770 1
1076 1779 1
1076 1785 1
1076 1826 1
1076 1857 1
1076 1918 1
1076 1929 1
1076 1997 1
1077 1108 1
1077 1113 1
1077 1140 1
1077 1142 1
1077 1230 1
1077 1236 1
1077 1244 1
1077 1263 1
1077 1323 1
1077 1413 1
1077 1426 1
1077 1488 1
1077 1567 1
1077 1595 1
1077 1619 1
1077 1628 1
1077 1653 1
1077 1660 1
1077 1690 1
1077 1710 1
1077 1766 1
1077 1916 1
1077 1922 1
1077 1967 1
1078 1093 1
1078 1111 1
1078 1165 1
1078 1250 1
1078 1278 1
1078 1316 1
1078 1321 1
1078 1366 1
1078 1405 1
1078 1510 1
1078 1570 1
1078 1611 1
1078 1626 1
1078 1712 1
1078 1750 1
1078 1800 1
1078 1813 1
1078 1832 1
1078 1849 1
1078 1885 1
1078 1918 1
1078 1926 1
1078 1936 1
1078 1989 1
1079 1242 1
1079 1296 1
1079 1301 1
1079 1325 1
1079 1351 1
1079 1425 1
1079 1437 1
1079 1447 1
1079 1492 1
1079 1629 1
1079 1665 1
1079 1676 1
1079 1680 1
1079 1714 1
1079 1730 1
1079 1744 1
1079 1799 1
1079 1826 1
1079 1843 1
1079 1853 1
1079 1874 1
1079 1916 1
1079 1955 1
1079 2000 1
1080 1087 1
1080 1110 1
1080 1144 1
1080 1236 1
1080 1243 1
1080 1274 1
1080 1493 1
1080 1549 1
1080 1555 1
1080 1684 1
1080 1696 1
1080 1700 1
1080 1781 1
1080 1828 1
1080 1839 1
1080 1845 1
1080 1873 1
1080 1905 1
1080 1960 1
1081 1150 1
1081 1162 1
1081 1198 1
1081 1243 1
1081 1255 1
1081 1275 1
1081 1295 1
1081 1304 1
1081 1358 1
1081 1413 1
1081 1417 1
1081 1433 1
1081 1491 1
1081 1516 1
1081 1590 1
1081 1599 1
1081 1614 1
1081 1631 1
1081 1640 1
1081 1732 1
1081 1740 1
1081 1752 1
1081 1908 1
1081 1973 1
1082 1111 1
1082 1113 1
1082 1115 1
1082 1176 1
1082 1252 1
1082 1275 1
1082 1293 1
1082 1411 1
1082 1441 1
1082 1446 1
1082 1452 1
1082 1462 1
1082 1476 1
1082 1529 1
1082 1641 1
1082 1682 1
1082 1709 1
1082 1729 1
1082 1733 1
1082 1875 1
1082 1887 1
1082 1892 1
1082 1896 1
1082 1930 1
1082 1936 1
1083 1091 1
1083 1204 1
1083 1241 1
1083 1300 1
1083 1333 1
1083 1481 1
1083 1569 1
1083 1593 1
1083 1601 1
1083 1607 1
1083 1662 1
1083 1693 1
1083 1839 1
1083 1849 1
1083 1879 1
1083 1888 1
1083 1911 1
1083 1920 1
1083 1967 1
1084 1102 1
1084 1112 1
1084 1129 1
1084 1260 1
1084 1264 1
1084 1326 1
1084 1440 1
1084 1467 1
1084 1472 1
1084 1473 1
1084 1508 1
1084 1577 1
1084 1597 1
1084 1748 1
1084 1759 1
1084 1785 1
1084 1938 1
1084 1963 1
1084 1983 1
1085 1104 1
1085 1121 1
1085 1131 1
1085 1137 1
1085 1175 1
1085 1249 1
1085 1256 1
1085 1272 1
1085 1304 1
1085 1330 1
1085 1430 1
1085 1469 1
1085 1602 1
1085 1624 1
1085 1795 1
1085 1851 1
1085 1864 1
1085 1865 1
1085 1945 1
1085 1957 1
1086 1117 1
1086 1205 1
1086 1224 1
1086 1280 1
1086 1347 1
1086 1363 1
1086 1391 1
1086 1411 1
1086 1428 1
1086 1442 1
1086 1488 1
1086 1541 1
1086 1585 1
1086 1590 1
1086 1679 1
1086 1706 1
1086 1718 1
1086 1758 1
1086 1831 1
1086 1869 1
1086 1957 1
1087 1126 1
1087 1158 1
1087 1326 1
1087 1341 1
1087 1348 1
1087 1399 1
1087 1470 1
1087 1483 1
1087 1551 1
1087 1700 1
1087 1732 1
1087 1742 1
1087 1752 1
1087 1819 1
1087 1836 1
1087 1849 1
1087 1850 1
1087 1876 1
1087 1902 1
1087 1938 1
1087 1983 1
1087 1993 1
1088 1101 1
1088 1103 1
1088 1162 1
1088 1166 1
1088 1218 1
1088 1298 1
1088 1305 1
1088 1328 1
1088 1356 1
1088 1387 1
1088 1401 1
1088 1451 1
1088 1470 1
1088 1500 1
1088 1508 1
1088 1560 1
1088 1610 1
1088 1686 1
1088 1724 1
1088 1728 1
1088 1838 1
1088 1846 1
1088 1861 1
1088 1874 1
1088 1889 1
1088 1913 1
1089 1100 1
1089 1122 1
1089 1131 1
1089 1138 1
1089 1158 1
1089 1163 1
1089 1200 1
1089 1264 1
1089 1274 1
1089 1306 1
1089 1320 1
1089 1332 1
1089 1334 1
1089 1567 1
1089 1577 1
1089 1605 1
1089 1627 1
1089 1656 1
1089 1678 1
1089 1716 1
1089 1775 1
1089 1804 1
1089 1806 1
1089 1856 1
1089 1905 1
1089 1915 1
1089 1922 1
1089 1934 1
1089 1965 1
1090 1199 1
1090 1233 1
1090 1271 1
1090 1301 1
1090 1382 1
1090 1409 1
1090 1419 1
1090 1455 1
1090 1476 1
1090 1543 1
1090 1557 1
1090 1728 1
1090 1730 1
1090 1881 1
1090 1887 1
1090 1889 1
1090 1927 1
1090 1928 1
1090 1930 1
1090 1937 1
1091 1193 1
1091 1240 1
1091 1295 1
1091 1308 1
1091 1328 1
1091 1496 1
1091 1502 1
1091 1544 1
1091 1551 1
1091 1597 1
1091 1613 1
1091 1621 1
1091 1641 1
1091 1658 1
1091 1667 1
1091 1683 1
1091 1716 1
1091 1718 1
1091 1739 1
1091 1814 1
1091 1818 1
1091 1834 1
1091 1844 1
1091 1855 1
1091 1858 1
1091 1911 1
1091 1920 1
1092 1183 1
1092 1184 1
1092 1233 1
1092 1254 1
1092 1372 1
1092 1482 1
1092 1560 1
1092 1589 1
1092 1597 1
1092 1721 1
1092 1723 1
1092 1732 1
1092 1791 1
1092 1796 1
1092 1799 1
1092 1869 1
1092 1922 1
1092 1932 1
1092 1936 1
1092 1971 1
1093 1121 1
1093 1188 1
1093 1217 1
1093 1235 1
1093 1245 1
1093 1325 1
1093 1444 1
1093 1452 1
1093 1509 1
1093 1573 1
1093 1607 1
1093 1622 1
1093 1747 1
1093 1750 1
1093 1806 1
1093 1824 1
1093 1849 1
1093 1874 1
1094 1127 1
1094 1263 1
1094 1276 1
1094 1310 1
1094 1331 1
1094 1396 1
1094 1449 1
1094 1450 1
1094 1481 1
1094 1566 1
1094 1578 1
1094 1616 1
1094 1621 1
1094 1676 1
1094 1685 1
1094 1694 1
1094 1700 1
1094 1731 1
1094 1740 1
1094 1783 1
1094 1845 1
1094 1936 1
1095 1127 1
1095 1191 1
1095 1270 1
1095 1274 1
1095 1326 1
1095 1364 1
1095 1383 1
1095 1387 1
1095 1412 1
1095 1478 1
1095 1517 1
1095 1522 1
1095 1644 1
1095 1668 1
1095 1680 1
1095 1706 1
1095 1763 1
1095 1778 1
1095 1883 1
1095 1916 1
1095 1925 1
1095 1934 1
1095 1958 1
1095 1964 1
1095 1985 1
1096 1162 1
1096 1166 1
1096 1178 1
1096 1305 1
1096 1331 1
1096 1338 1
1096 1408 1
1096 1422 1
1096 1491 1
1096 1521 1
1096 1537 1
1096 1560 1
1096 1633 1
1096 1641 1
1096 1706 1
1096 1714 1
1096 1746 1
1096 1804 1
1096 1949 1
1096 1956 1
1096 1976 1
1096 1995 1
1097 1158 1
1097 1196 1
1097 1199 1
1097 1215 1
1097 1237 1
1097 1248 1
1097 1255 1
1097 1269 1
1097 1283 1
1097 1459 1
1097 1462 1
1097 1468 1
1097 1469 1
1097 1473 1
1097 1533 1
1097 1546 1
1097 1591 1
1097 1592 1
1097 1618 1
1097 1655 1
1097 1658 1
1097 1709 1
1097 1737 1
1097 1775 1
1097 1791 1
1097 1827 1
1097 1847 1
1097 1867 1
1097 1873 1
1097 1910 1
1097 1911 1
1097 1975 1
1098 1129 1
1098 1220 1
1098 1232 1
1098 1244 1
1098 1261 1
1098 1293 1
1098 1413 1
1098 1420 1
1098 1430 1
1098 1467 1
1098 1533 1
1098 1536 1
1098 1579 1
1098 1665 1
1098 1747 1
1098 1780 1
1098 1814 1
1098 1899 1
1099 1131 1
1099 1201 1
1099 1284 1
1099 1361 1
1099 1437 1
1099 1456 1
1099 1471 1
1099 1485 1
1099 1502 1
1099 1505 1
1099 1530 1
1099 1531 1
1099 1548 1
1099 1549 1
1099 1556 1
1099 1572 1
1099 1594 1
1099 1615 1
1099 1635 1
1099 1708 1
1099 1714 1
1099 1787 1
1099 1824 1
1099 1858 1
1099 1864 1
1099 1918 1
1099 1936 1
1099 1953 1
1099 1958 1
1099 1970 1
1099 1976 1
1100 1132 1
1100 1236 1
1100 1266 1
1100 1333 1
1100 1364 1
1100 1389 1
1100 1421 1
1100 1429 1
1100 1436 1
1100 1438 1
1100 1450 1
1100 1489 1
1100 1540 1
1100 1569 1
1100 1574 1
1100 1585 1
1100 1631 1
1100 1714 1
1100 1743 1
1100 1747 1
1100 1761 1
1100 1763 1
1100 1868 1
1100 1881 1
1100 1902 1
1100 1959 1
1100 1968 1
1100 1999 1
1101 1121 1
1101 1141 1
1101 1154 1
1101 1215 1
1101 1218 1
1101 1271 1
1101 1282 1
1101 1411 1
1101 1428 1
1101 1447 1
1101 1472 1
1101 1506 1
1101 1586 1
1101 1670 1
1101 1723 1
1101 1772 1
1101 1787 1
1101 1849 1
1101 1937 1
1101 1939 1
1101 1957 1
1102 1139 1
1102 1208 1
1102 1235 1
1102 1283 1
1102 1365 1
1102 1382 1
1102 1446 1
1102 1449 1
1102 1452 1
1102 1476 1
1102 1509 1
1102 1522 1
1102 1572 1
1102 1607 1
1102 1722 1
1102 1725 1
1102 1726 1
1102 1742 1
1102 1845 1
1102 1931 1
1103 1142 1
1103 1158 1
1103 1172 1
1103 1280 1
1103 1331 1
1103 1362 1
1103 1374 1
1103 1402 1
1103 1414 1
1103 1493 1
1103 1555 1
1103 1592 1
1103 1642 1
1103 1651 1
1103 1679 1
1103 1700 1
1103 1717 1
1103 1783 1
1103 1788 1
1103 1812 1
1103 1895 1
1104 1109 1
1104 1116 1
1104 1153 1
1104 1209 1
1104 1261 1
1104 1292 1
1104 1294 1
1104 1329 1
1104 1418 1
1104 1499 1
1104 1585 1
1104 1682 1
1104 1689 1
1104 1708 1
1104 1740 1
1104 1813 1
1104 1819 1
1104 1868 1
1104 1933 1
1104 1965 1
1104 1979 1
1104 1999 1
1105 1123 1
1105 1216 1
1105 1249 1
1105 1257 1
1105 1270 1
1105 1294 1
1105 1296 1
1105 1303 1
1105 1348 1
1105 1545 1
1105 1553 1
1105 1568 1
1105 1571 1
1105 1576 1
1105 1591 1
1105 1659 1
1105 1723 1
1105 1775 1
1105 1819 1
1105 1831 1
1105 1881 1
1105 1946 1
1105 1963 1
1105 1994 1
1106 1107 1
1106 1109 1
1106 1171 1
1106 1191 1
1106 1226 1
1106 1263 1
1106 1316 1
1106 1421 1
1106 1478 1
1106 1524 1
1106 1541 1
1106 1647 1
1106 1677 1
1106 1756 1
1106 1794 1
1106 1797 1
1106 1803 1
1106 1812 1
1106 1815 1
1106 1858 1
1106 1883 1
1106 1929 1
1106 1947 1
1106 1981 1
1106 1987 1
1107 1116 1
1107 1124 1
1107 1213 1
1107 1238 1
1107 1254 1
1107 1328 1
1107 1387 1
1107 1398 1
1107 1456 1
1107 1545 1
1107 1549 1
1107 1633 1
1107 1639 1
1107 1742 1
1107 1767 1
1107 1803 1
1107 1838 1
1107 1841 1
1107 1844 1
1107 1869 1
1107 1893 1
1107 1908 1
1107 1914 1
1107 1976 1
1108 1109 1
1108 1115 1
1108 1123 1
1108 1213 1
1108 1241 1
1108 1296 1
1108 1302 1
1108 1314 1
1108 1357 1
1108 1362 1
1108 1399 1
1108 1430 1
1108 1459 1
1108 1510 1
1108 1520 1
1108 1524 1
1108 1623 1
1108 1654 1
1108 1728 1
1108 1836 1
1108 1893 1
1108 1906 1
1108 1908 1
1108 1935 1
1108 1943 1
1109 1116 1
1109 1172 1
1109 1197 1
1109 1285 1
1109 1378 1
1109 1418 1
1109 1459 1
1109 1470 1
1109 1491 1
1109 1566 1
1109 1673 1
1109 1724 1
1109 1726 1
1109 1762 1
1109 1770 1
1109 1789 1
1109 1822 1
1109 1864 1
1109 1879 1
1109 1912 1
1110 1267 1
1110 1283 1
1110 1326 1
1110 1363 1
1110 1420 1
1110 1460 1
1110 1468 1
1110 1498 1
1110 1542 1
1110 1555 1
1110 1558 1
1110 1605 1
1110 1608 1
1110 1615 1
1110 1675 1
1110 1709 1
1110 1740 1
1110 1791 1
1110 1832 1
1110 1840 1
1110 1883 1
1110 1907 1
1111 1180 1
1111 1199 1
1111 1201 1
1111 1242 1
1111 1282 1
1111 1286 1
1111 1287 1
1111 1365 1
1111 1368 1
1111 1383 1
1111 1397 1
1111 1436 1
1111 1491 1
1111 1535 1
1111 1594 1
1111 1620 1
1111 1625 1
1111 1661 1
1111 1686 1
1111 1701 1
1111 1745 1
1111 1765 1
1111 1774 1
1111 1814 1
1111 1869 1
1111 1879 1
1111 1884 1
1111 1903 1
1111 1919 1
1112 1134 1
1112 1181 1
1112 1235 1
1112 1275 1
1112 1345 1
1112 1365 1
1112 1424 1
1112 1450 1
1112 1453 1
1112 1544 1
1112 1589 1
1112 1594 1
1112 1662 1
1112 1667 1
1112 1687 1
1112 1741 1
1112 1766 1
1112 1826 1
1112 1835 1
1112 1852 1
1112 1896 1
1112 1958 1
1112 1979 1
1113 1371 1
1113 1390 1
1113 1438 1
1113 1457 1
1113 1475 1
1113 1532 1
1113 1539 1
1113 1567 1
1113 1583 1
1113 1718 1
1113 1736 1
1113 1771 1
1113 1801 1
1113 1846 1
1113 1864 1
1113 1888 1
1113 1917 1
1113 1923 1
1113 1933 1
1113 1984 1
1114 1148 1
1114 1200 1
1114 1233 1
1114 1353 1
1114 1359 1
1114 1425 1
1114 1428 1
1114 1458 1
1114 1534 1
1114 1539 1
1114 1551 1
1114 1581 1
1114 1593 1
1114 1594 1
1114 1646 1
1114 1738 1
1114 1808 1
1114 1810 1
1114 1823 1
1114 1867 1
1114 1873 1
1114 1901 1
1114 1925 1
1114 1955 1
1114 1991 1
1115 1120 1
1115 1121 1
1115 1127 1
1115 1184 1
1115 1186 1
1115 1190 1
1115 1202 1
1115 1229 1
1115 1241 1
1115 1339 1
1115 1341 1
1115 1429 1
1115 1432 1
1115 1453 1
1115 1656 1
1115 1662 1
1115 1694 1
1115 1719 1
1115 1731 1
1115 1741 1
1115 1751 1
1115 1962 1
1116 1117 1
1116 1140 1
1116 1166 1
1116 1195 1
1116 1217 1
1116 1337 1
1116 1386 1
1116 1456 1
1116 1481 1
1116 1536 1
1116 1550 1
1116 1630 1
1116 1644 1
1116 1665 1
1116 1681 1
1116 1907 1
1116 2000 1
1117 1151 1
1117 1159 1
1117 1208 1
1117 1244 1
1117 1284 1
1117 1294 1
1117 1307 1
1117 1354 1
1117 1383 1
1117 1410 1
1117 1467 1
1117 1472 1
1117 1503 1
1117 1576 1
1117 1639 1
1117 1729 1
1117 1752 1
1117 1755 1
1117 1767 1
1117 1796 1
1117 1835 1
1117 1851 1
1117 1859 1
1117 1921 1
1117 1983 1
1118 1153 1
1118 1190 1
1118 1205 1
1118 1289 1
1118 1344 1
1118 1389 1
1118 1421 1
1118 1445 1
1118 1495 1
1118 1499 1
1118 1562 1
1118 1566 1
1118 1589 1
1118 1656 1
1118 1657 1
1118 1673 1
1118 1731 1
1118 1770 1
1118 1795 1
1118 1836 1
1118 1895 1
1118 1921 1
1118 1996 1
1119 1159 1
1119 1179 1
1119 1210 1
1119 1239 1
1119 1339 1
1119 1343 1
1119 1361 1
1119 1443 1
1119 1445 1
1119 1556 1
1119 1563 1
1119 1574 1
1119 1590 1
1119 1602 1
1119 1607 1
1119 1615 1
1119 1626 1
1119 1681 1
1119 1691 1
1119 1696 1
1119 1705 1
1119 1714 1
1119 1758 1
1119 1892 1
1119 1901 1
1119 1939 1
1119 1940 1
1119 1951 1
1119 1960 1
1119 1967 1
1119 1974 1
1119 1985 1
1120 1126 1
1120 1185 1
1120 1209 1
1120 1223 1
1120 1241 1
1120 1263 1
1120 1278 1
1120 1312 1
1120 1352 1
1120 1357 1
1120 1385 1
1120 1432 1
1120 1468 1
1120 1523 1
1120 1560 1
1120 1627 1
1120 1767 1
1120 1782 1
1120 1819 1
1120 1914 1
1120 1936 1
1121 1198 1
1121 1200 1
1121 1223 1
1121 1234 1
1121 1269 1
1121 1294 1
1121 1304 1
1121 1321 1
1121 1339 1
1121 1353 1
1121 1469 1
1121 1565 1
1121 1620 1
1121 1724 1
1121 1756 1
1121 1811 1
1121 1828 1
1121 1846 1
1121 1856 1
1121 1870 1
1121 1880 1
1121 1939 1
1121 1942 1
1122 1138 1
1122 1143 1
1122 1156 1
1122 1193 1
1122 1206 1
1122 1226 1
1122 1271 1
1122 1311 1
1122 1316 1
1122 1343 1
1122 1476 1
1122 1513 1
1122 1519 1
1122 1561 1
1122 1566 1
1122 1581 1
1122 1637 1
1122 1671 1
1122 1703 1
1122 1815 1
1122 1861 1
1122 1876 1
1122 1878 1
1122 1953 1
1122 1969 1
1123 1129 1
1123 1168 1
1123 1233 1
1123 1316 1
1123 1328 1
1123 1361 1
1123 1470 1
1123 1482 1
1123 1489 1
1123 1533 1
1123 1585 1
1123 1592 1
1123 1601 1
1123 1647 1
1123 1670 1
1123 1690 1
1123 1717 1
1123 1721 1
1123 1754 1
1123 1821 1
1123 1832 1
1123 1846 1
1123 1862 1
1123 1869 1
1123 1904 1
1123 1911 1
1124 1151 1
1124 1210 1
1124 1212 1
1124 1261 1
1124 1281 1
1124 1301 1
1124 1302 1
1124 1316 1
1124 1366 1
1124 1385 1
1124 1489 1
1124 1519 1
1124 1689 1
1124 1715 1
1124 1723 1
1124 1741 1
1124 1770 1
1124 1807 1
1124 1874 1
1124 1897 1
1124 1982 1
1125 1166 1
1125 1210 1
1125 1240 1
1125 1293 1
1125 1312 1
1125 1347 1
1125 1373 1
1125 1402 1
1125 1410 1
1125 1412 1
1125 1436 1
1125 1487 1
1125 1656 1
1125 1705 1
1125 1729 1
1125 1738 1
1125 1795 1
1125 1963 1
1125 1978 1
1126 1138 1
1126 1145 1
1126 1160 1
1126 1186 1
1126 1256 1
1126 1262 1
1126 1315 1
1126 1337 1
1126 1360 1
1126 1421 1
1126 1426 1
1126 1491 1
1126 1593 1
1126 1652 1
1126 1676 1
1126 1727 1
1126 1729 1
1126 1740 1
1126 1781 1
1126 1787 1
1126 1803 1
1126 1831 1
1126 1894 1
1126 1931 1
1126 1947 1
1126 1960 1
1126 1984 1
1127 1162 1
1127 1249 1
1127 1303 1
1127 1359 1
1127 1408 1
1127 1454 1
1127 1474 1
1127 1534 1
1127 1546 1
1127 1582 1
1127 1586 1
1127 1610 1
1127 1636 1
1127 1652 1
1127 1663 1
1127 1673 1
1127 1782 1
1127 1785 1
1127 1800 1
1127 1960 1
1127 1981 1
1128 1189 1
1128 1204 1
1128 1259 1
1128 1262 1
1128 1311 1
1128 1316 1
1128 1394 1
1128 1587 1
1128 1652 1
1128 1672 1
1128 1691 1
1128 1726 1
1128 1736 1
1128 1747 1
1128 1757 1
1128 1765 1
1128 1828 1
1128 1860 1
1129 1175 1
1129 1402 1
1129 1409 1
1129 1483 1
1129 1484 1
1129 1538 1
1129 1547 1
1129 1563 1
1129 1596 1
1129 1606 1
1129 1663 1
1129 1677 1
1129 1731 1
1129 1782 1
1129 1862 1
1129 1866 1
1129 1947 1
1129 1952 1
1129 1953 1
1129 1990 1
1130 1174 1
1130 1196 1
1130 1206 1
1130 1293 1
1130 1305 1
1130 1349 1
1130 1393 1
1130 1402 1
1130 1405 1
1130 1464 1
1130 1479 1
1130 1529 1
1130 1535 1
1130 1544 1
1130 1551 1
1130 1589 1
1130 1621 1
1130 1724 1
1130 1773 1
1130 1826 1
1130 1885 1
1130 1897 1
1130 1956 1
1131 1149 1
1131 1193 1
1131 1228 1
1131 1241 1
1131 1309 1
1131 1310 1
1131 1350 1
1131 1373 1
1131 1395 1
1131 1417 1
1131 1436 1
1131 1581 1
1131 1610 1
1131 1611 1
1131 1667 1
1131 1669 1
1131 1686 1
1131 1687 1
1131 1728 1
1131 1840 1
1131 1857 1
1131 1858 1
1131 1936 1
1132 1146 1
1132 1148 1
1132 1151 1
1132 1153 1
1132 1177 1
1132 1271 1
1132 1430 1
1132 1444 1
1132 1451 1
1132 1621 1
1132 1637 1
1132 1857 1
1132 1932 1
1133 1196 1
1133 1213 1
1133 1228 1
1133 1338 1
1133 1405 1
1133 1442 1
1133 1449 1
1133 1468 1
1133 1496 1
1133 1519 1
1133 1547 1
1133 1560 1
1133 1571 1
1133 1576 1
1133 1613 1
1133 1650 1
1133 1652 1
1133 1698 1
1133 1700 1
1133 1735 1
1133 1744 1
1133 1775 1
1133 1819 1
1134 1214 1
1134 1215 1
1134 1232 1
1134 1281 1
1134 1296 1
1134 1313 1
1134 1382 1
1134 1402 1
1134 1522 1
1134 1631 1
1134 1769 1
1134 1785 1
1134 1885 1
1134 1901 1
1134 1946 1
1134 1985 1
1135 1169 1
1135 1242 1
1135 1338 1
1135 1385 1
1135 1392 1
1135 1405 1
1135 1428 1
1135 1452 1
1135 1472 1
1135 1568 1
1135 1594 1
1135 1644 1
1135 1649 1
1135 1659 1
1135 1664 1
1135 1701 1
1135 1702 1
1135 1703 1
1135 1777 1
1135 1849 1
1135 1891 1
1135 1917 1
1136 1169 1
1136 1189 1
1136 1351 1
1136 1522 1
1136 1583 1
1136 1607 1
1136 1740 1
1136 1780 1
1136 1781 1
1136 1798 1
1136 1805 1
1136 1806 1
1136 1821 1
1136 1852 1
1136 1980 1
1137 1140 1
1137 1173 1
1137 1260 1
1137 1274 1
1137 1287 1
1137 1289 1
1137 1418 1
1137 1481 1
1137 1574 1
1137 1577 1
1137 1581 1
1137 1632 1
1137 1662 1
1137 1726 1
1137 1742 1
1137 1763 1
1137 1786 1
1137 1794 1
1137 1805 1
1137 1829 1
1137 1859 1
1137 1898 1
1137 1949 1
1137 1960 1
1138 1145 1
1138 1225 1
1138 1281 1
1138 1425 1
1138 1429 1
1138 1472 1
1138 1500 1
1138 1505 1
1138 1678 1
1138 1705 1
1138 1720 1
1138 1744 1
1138 1847 1
1138 1854 1
1138 1881 1
1138 1901 1
1138 1914 1
1138 1973 1
1139 1163 1
1139 1250 1
1139 1295 1
1139 1305 1
1139 1327 1
1139 1332 1
1139 1353 1
1139 1372 1
1139 1392 1
1139 1444 1
1139 1464 1
1139 1515 1
1139 1527 1
1139 1622 1
1139 1664 1
1139 1677 1
1139 1800 1
1139 1825 1
1139 1829 1
1139 1915 1
1139 1975 1
1139 1988 1
1140 1153 1
1140 1193 1
1140 1194 1
1140 1215 1
1140 1218 1
1140 1233 1
1140 1287 1
1140 1304 1
1140 1397 1
1140 1439 1
1140 1498 1
1140 1509 1
1140 1556 1
1140 1569 1
1140 1619 1
1140 1674 1
1140 1739 1
1140 1749 1
1140 1766 1
1140 1842 1
1140 1904 1
1140 1924 1
1140 1999 1
1141 1242 1
1141 1256 1
1141 1320 1
1141 1321 1
1141 1323 1
1141 1493 1
1141 1495 1
1141 1527 1
1141 1528 1
1141 1648 1
1141 1654 1
1141 1666 1
1141 1705 1
1141 1760 1
1141 1778 1
1141 1866 1
1141 1892 1
1141 1907 1
1141 1936 1
1142 1166 1
1142 1169 1
1142 1170 1
1142 1194 1
1142 1313 1
1142 1388 1
1142 1403 1
1142 1439 1
1142 1465 1
1142 1500 1
1142 1560 1
1142 1597 1
1142 1598 1
1142 1638 1
1142 1734 1
1142 1879 1
1142 1990 1
1143 1144 1
1143 1157 1
1143 1181 1
1143 1191 1
1143 1192 1
1143 1237 1
1143 1260 1
1143 1278 1
1143 1298 1
1143 1313 1
1143 1344 1
1143 1352 1
1143 1384 1
1143 1427 1
1143 1431 1
1143 1449 1
1143 1632 1
1143 1735 1
1143 1743 1
1143 1749 1
1143 1756 1
1143 1893 1
1143 1920 1
1143 1985 1
1144 1173 1
1144 1183 1
1144 1203 1
1144 1216 1
1144 1277 1
1144 1298 1
1144 1330 1
1144 1338 1
1144 1340 1
1144 1426 1
1144 1431 1
1144 1461 1
1144 1523 1
1144 1594 1
1144 1658 1
1144 1758 1
1144 1772 1
1144 1796 1
1144 1847 1
1144 1863 1
1144 1925 1
1145 1205 1
1145 1229 1
1145 1344 1
1145 1373 1
1145 1393 1
1145 1400 1
1145 1403 1
1145 1459 1
1145 1540 1
1145 1541 1
1145 1581 1
1145 1582 1
1145 1591 1
1145 1649 1
1145 1670 1
1145 1713 1
1145 1757 1
1145 1781 1
1145 1843 1
1145 1882 1
1145 1907 1
1145 1947 1
1145 1967 1
1146 1359 1
1146 1421 1
1146 1436 1
1146 1449 1
1146 1477 1
1146 1498 1
1146 1670 1
1146 1784 1
1146 1864 1
1146 1872 1
1146 1874 1
1146 1927 1
1146 1951 1
1146 1956 1
1146 1960 1
1147 1205 1
1147 1210 1
1147 1264 1
1147 1270 1
1147 1273 1
1147 1276 1
1147 1347 1
1147 1369 1
1147 1454 1
1147 1474 1
1147 1495 1
1147 1524 1
1147 1529 1
1147 1625 1
1147 1773 1
1147 1810 1
1147 1872 1
1147 1877 1
1147 1883 1
1147 1891 1
1147 1897 1
1147 1921 1
1147 1940 1
1147 1955 1
1148 1222 1
1148 1236 1
1148 1279 1
1148 1286 1
1148 1338 1
1148 1416 1
1148 1504 1
1148 1528 1
1148 1552 1
1148 1623 1
1148 1698 1
1148 1741 1
1148 1763 1
1148 1837 1
1148 1882 1
1148 1884 1
1149 1200 1
1149 1279 1
1149 1292 1
1149 1354 1
1149 1493 1
1149 1530 1
1149 1539 1
1149 1556 1
1149 1591 1
1149 1671 1
1149 1689 1
1149 1718 1
1149 1819 1
1149 1862 1
1149 1938 1
1149 1992 1
1149 1998 1
1150 1179 1
1150 1193 1
1150 1240 1
1150 1249 1
1150 1323 1
1150 1392 1
1150 1399 1
1150 1404 1
1150 1427 1
1150 1475 1
1150 1487 1
1150 1511 1
1150 1520 1
1150 1562 1
1150 1618 1
1150 1663 1
1150 1699 1
1150 1738 1
1150 1749 1
1150 1820 1
1150 1863 1
1150 1953 1
1150 1963 1
1150 1969 1
1151 1158 1
1151 1261 1
1151 1268 1
1151 1296 1
1151 1300 1
1151 1314 1
1151 1365 1
1151 1369 1
1151 1370 1
1151 1391 1
1151 1403 1
1151 1423 1
1151 1604 1
1151 1697 1
1151 1741 1
1151 1833 1
1151 1936 1
1151 1940 1
1151 1946 1
1151 1949 1
1151 1971 1
1151 1983 1
1152 1239 1
1152 1247 1
1152 1299 1
1152 1321 1
1152 1371 1
1152 1384 1
1152 1406 1
1152 1416 1
1152 1426 1
1152 1431 1
1152 1495 1
1152 1510 1
1152 1515 1
1152 1558 1
1152 1667 1
1152 1756 1
1152 1758 1
1152 1814 1
1152 1826 1
1152 1855 1
1152 1862 1
1152 1887 1
1152 1922 1
1153 1194 1
1153 1206 1
1153 1300 1
1153 1313 1
1153 1372 1
1153 1484 1
1153 1518 1
1153 1520 1
1153 1548 1
1153 1565 1
1153 1571 1
1153 1615 1
1153 1621 1
1153 1710 1
1153 1772 1
1153 1805 1
1153 1808 1
1153 1820 1
1153 1888 1
1153 1912 1
1153 1932 1
1153 1956 1
1154 1192 1
1154 1224 1
1154 1294 1
1154 1298 1
1154 1299 1
1154 1387 1
1154 1441 1
1154 1447 1
1154 1450 1
1154 1483 1
1154 1489 1
1154 1493 1
1154 1494 1
1154 1529 1
1154 1533 1
1154 1564 1
1154 1578 1
1154 1629 1
1154 1662 1
1154 1665 1
1154 1669 1
1154 1694 1
1154 1705 1
1154 1716 1
1154 1730 1
1154 1739 1
1154 1769 1
1154 1825 1
1154 1831 1
1154 1887 1
1154 1928 1
1154 1943 1
1155 1180 1
1155 1237 1
1155 1279 1
1155 1282 1
1155 1309 1
1155 1315 1
1155 1418 1
1155 1462 1
1155 1472 1
1155 1494 1
1155 1544 1
1155 1586 1
1155 1638 1
1155 1655 1
1155 1679 1
1155 1743 1
1155 1879 1
1156 1161 1
1156 1173 1
1156 1202 1
1156 1204 1
1156 1220 1
1156 1271 1
1156 1361 1
1156 1448 1
1156 1630 1
1156 1640 1
1156 1695 1
1156 1734 1
1156 1760 1
1156 1852 1
1156 1859 1
1156 1886 1
1156 1889 1
1156 1974 1
1157 1178 1
1157 1253 1
1157 1269 1
1157 1310 1
1157 1520 1
1157 1568 1
1157 1593 1
1157 1622 1
1157 1658 1
1157 1718 1
1157 1747 1
1157 1767 1
1157 1804 1
1157 1811 1
1157 1850 1
1157 1863 1
1157 1883 1
1157 1886 1
1157 1894 1
1157 1937 1
1157 1938 1
1158 1284 1
1158 1335 1
1158 1391 1
1158 1401 1
1158 1461 1
1158 1525 1
1158 1580 1
1158 1648 1
1158 1735 1
1158 1747 1
1158 1898 1
1158 1929 1
1158 1946 1
1158 1954 1
1159 1220 1
1159 1232 1
1159 1294 1
1159 1416 1
1159 1589 1
1159 1614 1
1159 1646 1
1159 1674 1
1159 1692 1
1159 1745 1
1159 1770 1
1159 1925 1
1159 1982 1
1160 1179 1
1160 1205 1
1160 1255 1
1160 1256 1
1160 1358 1
1160 1365 1
1160 1384 1
1160 1430 1
1160 1556 1
1160 1569 1
1160 1623 1
1160 1697 1
1160 1700 1
1160 1719 1
1160 1843 1
1160 1864 1
1160 1875 1
1161 1167 1
1161 1204 1
1161 1322 1
1161 1327 1
1161 1330 1
1161 1366 1
1161 1374 1
1161 1387 1
1161 1494 1
1161 1581 1
1161 1582 1
1161 1595 1
1161 1605 1
1161 1663 1
1161 1686 1
1161 1716 1
1161 1762 1
1161 1770 1
1161 1809 1
1161 1838 1
1161 1910 1
1161 1928 1
1161 1971 1
1161 1980 1
1161 2000 1
1162 1176 1
1162 1235 1
1162 1266 1
1162 1302 1
1162 1363 1
1162 1397 1
1162 1400 1
1162 1440 1
1162 1446 1
1162 1472 1
1162 1504 1
1162 1549 1
1162 1570 1
1162 1637 1
1162 1659 1
1162 1673 1
1162 1688 1
1162 1778 1
1162 1831 1
1162 1839 1
1162 1851 1
1162 1889 1
1162 1897 1
1163 1165 1
1163 1172 1
1163 1205 1
1163 1207 1
1163 1221 1
1163 1275 1
1163 1352 1
1163 1354 1
1163 1359 1
1163 1402 1
1163 1434 1
1163 1484 1
1163 1511 1
1163 1524 1
1163 1571 1
1163 1610 1
1163 1616 1
1163 1644 1
1163 1699 1
1163 1770 1
1163 1807 1
1163 1816 1
1163 1833 1
1163 1841 1
1163 1922 1
1163 1968 1
1164 1168 1
1164 1175 1
1164 1227 1
1164 1255 1
1164 1256 1
1164 1308 1
1164 1354 1
1164 1358 1
1164 1537 1
1164 1553 1
1164 1619 1
1164 1620 1
1164 1682 1
1164 1711 1
1164 1814 1
1164 1856 1
1164 1888 1
1164 1908 1
1164 1929 1
1164 1948 1
1164 1976 1
1164 1983 1
1165 1180 1
1165 1260 1
1165 1274 1
1165 1280 1
1165 1303 1
1165 1315 1
1165 1326 1
1165 1328 1
1165 1361 1
1165 1368 1
1165 1463 1
1165 1476 1
1165 1508 1
1165 1510 1
1165 1581 1
1165 1648 1
1165 1750 1
1165 1879 1
1165 1922 1
1165 1943 1
1165 1991 1
1166 1340 1
1166 1344 1
1166 1377 1
1166 1389 1
1166 1458 1
1166 1473 1
1166 1530 1
1166 1558 1
1166 1608 1
1166 1661 1
1166 1687 1
1166 1697 1
1166 1718 1
1166 1735 1
1166 1774 1
1166 1781 1
1166 1793 1
1166 1823 1
1166 1828 1
1166 1873 1
1166 1934 1
1166 1936 1
1166 1943 1
1167 1195 1
1167 1203 1
1167 1227 1
1167 1263 1
1167 1297 1
1167 1321 1
1167 1322 1
1167 1362 1
1167 1389 1
1167 1405 1
1167 1424 1
1167 1473 1
1167 1690 1
1167 1709 1
1167 1711 1
1167 1770 1
1167 1790 1
1167 1850 1
1167 1918 1
1168 1220 1
1168 1254 1
1168 1289 1
1168 1321 1
1168 1376 1
1168 1435 1
1168 1538 1
1168 1645 1
1168 1693 1
1168 1725 1
1168 1728 1
1168 1857 1
1168 1863 1
1168 1864 1
1168 1872 1
1168 1941 1
1169 1183 1
1169 1316 1
1169 1340 1
1169 1359 1
1169 1370 1
1169 1403 1
1169 1420 1
1169 1472 1
1169 1534 1
1169 1541 1
1169 1544 1
1169 1557 1
1169 1598 1
1169 1633 1
1169 1653 1
1169 1726 1
1169 1791 1
1169 1851 1
1169 1872 1
1169 1880 1
1169 1896 1
1169 1897 1
1169 1910 1
1169 1958 1
1170 1179 1
1170 1219 1
1170 1222 1
1170 1344 1
1170 1358 1
1170 1435 1
1170 1472 1
1170 1569 1
1170 1613 1
1170 1621 1
1170 1692 1
1170 1829 1
1170 1851 1
1170 1877 1
1170 1879 1
1170 1887 1
1170 1921 1
1170 1994 1
1171 1191 1
1171 1204 1
1171 1207 1
1171 1266 1
1171 1303 1
1171 1314 1
1171 1373 1
1171 1382 1
1171 1492 1
1171 1498 1
1171 1571 1
1171 1636 1
1171 1683 1
1171 1741 1
1171 1746 1
1171 1766 1
1171 1775 1
1171 1897 1
1171 1931 1
1171 1965 1
1172 1223 1
1172 1229 1
1172 1250 1
1172 1282 1
1172 1317 1
1172 1351 1
1172 1361 1
1172 1380 1
1172 1424 1
1172 1462 1
1172 1508 1
1172 1599 1
1172 1672 1
1172 1699 1
1172 1705 1
1172 1729 1
1172 1739 1
1172 1752 1
1172 1861 1
1172 1966 1
1173 1192 1
1173 1241 1
1173 1255 1
1173 1300 1
1173 1345 1
1173 1362 1
1173 1385 1
1173 1425 1
1173 1517 1
1173 1588 1
1173 1620 1
1173 1643 1
1173 1645 1
1173 1686 1
1173 1758 1
1173 1790 1
1173 1810 1
1173 1843 1
1173 1925 1
1173 1952 1
1173 1989 1
1173 1995 1
1173 1998 1
1174 1184 1
1174 1188 1
1174 1240 1
1174 1336 1
1174 1420 1
1174 1444 1
1174 1450 1
1174 1470 1
1174 1532 1
1174 1536 1
1174 1593 1
1174 1627 1
1174 1714 1
1174 1794 1
1174 1805 1
1174 1867 1
1174 1904 1
1174 1959 1
1175 1179 1
1175 1192 1
1175 1357 1
1175 1387 1
1175 1425 1
1175 1513 1
1175 1529 1
1175 1623 1
1175 1636 1
1175 1729 1
1175 1762 1
1175 1782 1
1175 1785 1
1175 1823 1
1175 1841 1
1175 1862 1
1175 1945 1
1175 1962 1
1175 1973 1
1176 1217 1
1176 1276 1
1176 1374 1
1176 1414 1
1176 1429 1
1176 1443 1
1176 1551 1
1176 1560 1
1176 1566 1
1176 1614 1
1176 1656 1
1176 1735 1
1176 1741 1
1176 1751 1
1176 1779 1
1176 1826 1
1176 1849 1
1176 1868 1
1176 1930 1
1176 1939 1
1176 1956 1
1176 1974 1
1176 1982 1
1177 1206 1
1177 1229 1
1177 1249 1
1177 1347 1
1177 1415 1
1177 1416 1
1177 1424 1
1177 1490 1
1177 1526 1
1177 1563 1
1177 1595 1
1177 1612 1
1177 1619 1
1177 1663 1
1177 1750 1
1177 1790 1
1177 1791 1
1177 1839 1
1177 1923 1
1178 1226 1
1178 1233 1
1178 1239 1
1178 1303 1
1178 1363 1
1178 1367 1
1178 1451 1
1178 1562 1
1178 1638 1
1178 1643 1
1178 1644 1
1178 1669 1
1178 1679 1
1178 1726 1
1178 1774 1
1178 1782 1
1178 1808 1
1178 1876 1
1178 1938 1
1178 1953 1
1179 1222 1
1179 1254 1
1179 1332 1
1179 1402 1
1179 1441 1
1179 1442 1
1179 1601 1
1179 1606 1
1179 1647 1
1179 1662 1
1179 1664 1
1179 1689 1
1179 1709 1
1179 1743 1
1179 1820 1
1179 1858 1
1179 1898 1
1179 1969 1
1179 1972 1
1180 1188 1
1180 1233 1
1180 1241 1
1180 1304 1
1180 1337 1
1180 1338 1
1180 1347 1
1180 1410 1
1180 1517 1
1180 1539 1
1180 1546 1
1180 1608 1
1180 1655 1
1180 1666 1
1180 1690 1
1180 1742 1
1180 1763 1
1180 1863 1
1180 1885 1
1180 1892 1
1180 1961 1
1181 1194 1
1181 1240 1
1181 1258 1
1181 1296 1
1181 1321 1
1181 1352 1
1181 1359 1
1181 1360 1
1181 1406 1
1181 1420 1
1181 1426 1
1181 1439 1
1181 1545 1
1181 1572 1
1181 1595 1
1181 1640 1
1181 1655 1
1181 1672 1
1181 1741 1
1181 1747 1
1181 1874 1
1181 1880 1
1181 1916 1
1181 1977 1
1182 1217 1
1182 1238 1
1182 1332 1
1182 1376 1
1182 1378 1
1182 1385 1
1182 1390 1
1182 1419 1
1182 1479 1
1182 1498 1
1182 1504 1
1182 1518 1
1182 1619 1
1182 1659 1
1182 1669 1
1182 1793 1
1182 1851 1
1182 1888 1
1182 1915 1
1182 1936 1
1182 1966 1
1182 1972 1
1183 1237 1
1183 1251 1
1183 1259 1
1183 1425 1
1183 1450 1
1183 1454 1
1183 1487 1
1183 1516 1
1183 1551 1
1183 1618 1
1183 1704 1
1183 1760 1
1183 1777 1
1183 1797 1
1183 1812 1
1183 1823 1
1183 1830 1
1183 1898 1
1183 1950 1
1183 1989 1
1184 1221 1
1184 1254 1
1184 1259 1
1184 1280 1
1184 1368 1
1184 1373 1
1184 1378 1
1184 1455 1
1184 1474 1
1184 1551 1
1184 1571 1
1184 1605 1
1184 1642 1
1184 1647 1
1184 1660 1
1184 1679 1
1184 1727 1
1184 1781 1
1184 1811 1
1184 1875 1
1184 1967 1
1185 1220 1
1185 1351 1
1185 1484 1
1185 1513 1
1185 1538 1
1185 1552 1
1185 1622 1
1185 1654 1
1185 1737 1
1185 1738 1
1185 1744 1
1185 1753 1
1185 1780 1
1185 1794 1
1185 1913 1
1185 1919 1
1185 1949 1
1185 1976 1
1185 2000 1
1186 1189 1
1186 1212 1
1186 1349 1
1186 1375 1
1186 1414 1
1186 1415 1
1186 1441 1
1186 1444 1
1186 1451 1
1186 1474 1
1186 1500 1
1186 1521 1
1186 1551 1
1186 1609 1
1186 1680 1
1186 1952 1
1187 1188 1
1187 1224 1
1187 1239 1
1187 1244 1
1187 1287 1
1187 1380 1
1187 1418 1
1187 1437 1
1187 1456 1
1187 1474 1
1187 1503 1
1187 1520 1
1187 1547 1
1187 1628 1
1187 1648 1
1187 1674 1
1187 1688 1
1187 1711 1
1187 1744 1
1187 1800 1
1187 1927 1
1187 1938 1
1187 1959 1
1187 1977 1
1187 1989 1
1187 1990 1
1188 1274 1
1188 1284 1
1188 1340 1
1188 1356 1
1188 1366 1
1188 1368 1
1188 1426 1
1188 1478 1
1188 1504 1
1188 1659 1
1188 1689 1
1188 1803 1
1188 1898 1
1188 1958 1
1188 1978 1
1188 1982 1
1189 1199 1
1189 1201 1
1189 1206 1
1189 1226 1
1189 1255 1
1189 1306 1
1189 1348 1
1189 1374 1
1189 1481 1
1189 1568 1
1189 1592 1
1189 1650 1
1189 1745 1
1189 1757 1
1189 1773 1
1189 1800 1
1189 1825 1
1189 1996 1
1189 1998 1
1190 1246 1
1190 1279 1
1190 1391 1
1190 1398 1
1190 1419 1
1190 1531 1
1190 1550 1
1190 1556 1
1190 1576 1
1190 1616 1
1190 1634 1
1190 1717 1
1190 1727 1
1190 1731 1
1190 1733 1
1190 1750 1
1190 1786 1
1190 1824 1
1190 1885 1
1190 1956 1
1190 1968 1
1190 1974 1
1191 1199 1
1191 1247 1
1191 1250 1
1191 1277 1
1191 1305 1
1191 1418 1
1191 1444 1
1191 1449 1
1191 1511 1
1191 1525 1
1191 1526 1
1191 1537 1
1191 1599 1
1191 1659 1
1191 1665 1
1191 1846 1
1191 1965 1
1192 1266 1
1192 1279 1
1192 1392 1
1192 1429 1
1192 1440 1
1192 1478 1
1192 1510 1
1192 1513 1
1192 1514 1
1192 1587 1
1192 1608 1
1192 1628 1
1192 1729 1
1192 1757 1
1192 1793 1
1192 1834 1
1192 1877 1
1192 1879 1
1192 1893 1
1192 1908 1
1192 1919 1
1192 1933 1
1192 1947 1
1193 1200 1
1193 1348 1
1193 1377 1
1193 1423 1
1193 1465 1
1193 1490 1
1193 1501 1
1193 1526 1
1193 1532 1
1193 1543 1
1193 1544 1
1193 1575 1
1193 1642 1
1193 1777 1
1193 1863 1
1193 1892 1
1193 1946 1
1193 1984 1
1194 1213 1
1194 1241 1
1194 1257 1
1194 1301 1
1194 1392 1
1194 1418 1
1194 1426 1
1194 1432 1
1194 1445 1
1194 1469 1
1194 1549 1
1194 1554 1
1194 1588 1
1194 1603 1
1194 1612 1
1194 1614 1
1194 1689 1
1194 1707 1
1194 1709 1
1194 1734 1
1194 1762 1
1194 1788 1
1194 1789 1
1194 1809 1
1195 1239 1
1195 1280 1
1195 1332 1
1195 1482 1
1195 1534 1
1195 1557 1
1195 1576 1
1195 1638 1
1195 1775 1
1195 1778 1
1195 1794 1
1195 1804 1
1195 1826 1
1195 1883 1
1196 1229 1
1196 1238 1
1196 1253 1
1196 1261 1
1196 1274 1
1196 1286 1
1196 1348 1
1196 1386 1
1196 1427 1
1196 1474 1
1196 1504 1
1196 1556 1
1196 1604 1
1196 1616 1
1196 1684 1
1196 1753 1
1196 1780 1
1196 1818 1
1196 1872 1
1196 1890 1
1196 1972 1
1196 1974 1
1196 1983 1
1196 1987 1
1196 1994 1
1196 1996 1
1197 1208 1
1197 1244 1
1197 1253 1
1197 1281 1
1197 1311 1
1197 1358 1
1197 1383 1
1197 1456 1
1197 1551 1
1197 1605 1
1197 1617 1
1197 1642 1
1197 1653 1
1197 1667 1
1197 1720 1
1197 1742 1
1197 1745 1
1197 1814 1
1197 1933 1
1198 1258 1
1198 1275 1
1198 1318 1
1198 1495 1
1198 1519 1
1198 1530 1
1198 1555 1
1198 1699 1
1198 1704 1
1198 1776 1
1198 1778 1
1198 1969 1
1198 1982 1
1198 1986 1
1199 1238 1
1199 1259 1
1199 1270 1
1199 1294 1
1199 1342 1
1199 1348 1
1199 1409 1
1199 1410 1
1199 1447 1
1199 1519 1
1199 1638 1
1199 1640 1
1199 1698 1
1199 1758 1
1199 1766 1
1199 1784 1
1199 1798 1
1199 1911 1
1199 1966 1
1200 1249 1
1200 1254 1
1200 1358 1
1200 1373 1
1200 1407 1
1200 1432 1
1200 1463 1
1200 1504 1
1200 1648 1
1200 1722 1
1200 1728 1
1200 1759 1
1200 1768 1
1201 1205 1
1201 1211 1
1201 1213 1
1201 1233 1
1201 1353 1
1201 1365 1
1201 1551 1
1201 1596 1
1201 1624 1
1201 1629 1
1201 1697 1
1201 1703 1
1201 1715 1
1201 1727 1
1201 1783 1
1201 1824 1
1201 1859 1
1201 1896 1
1201 1916 1
1201 1920 1
1201 1968 1
1202 1217 1
1202 1339 1
1202 1370 1
1202 1389 1
1202 1417 1
1202 1518 1
1202 1535 1
1202 1582 1
1202 1597 1
1202 1647 1
1202 1670 1
1202 1711 1
1202 1737 1
1202 1747 1
1202 1748 1
1202 1837 1
1202 1904 1
1202 1923 1
1202 1939 1
1202 1940 1
1202 1970 1
1202 2000 1
1203 1210 1
1203 1285 1
1203 1306 1
1203 1337 1
1203 1416 1
1203 1650 1
1203 1655 1
1203 1660 1
1203 1698 1
1203 1781 1
1203 1816 1
1203 1826 1
1203 1936 1
1204 1213 1
1204 1226 1
1204 1249 1
1204 1252 1
1204 1261 1
1204 1290 1
1204 1360 1
1204 1363 1
1204 1373 1
1204 1426 1
1204 1427 1
1204 1462 1
1204 1489 1
1204 1494 1
1204 1512 1
1204 1615 1
1204 1619 1
1204 1642 1
1204 1694 1
1204 1733 1
1204 1751 1
1204 1772 1
1204 1777 1
1204 1778 1
1204 1799 1
1204 1834 1
1204 1895 1
1204 1907 1
1204 1929 1
1204 1932 1
1204 1937 1
1205 1246 1
1205 1394 1
1205 1410 1
1205 1448 1
1205 1453 1
1205 1456 1
1205 1471 1
1205 1588 1
1205 1605 1
1205 1606 1
1205 1608 1
1205 1688 1
1205 1726 1
1205 1783 1
1205 1795 1
1205 1813 1
1205 1863 1
1205 1935 1
1206 1297 1
1206 1328 1
1206 1347 1
1206 1367 1
1206 1518 1
1206 1523 1
1206 1565 1
1206 1578 1
1206 1633 1
1206 1639 1
1206 1874 1
1206 1885 1
1206 1900 1
1206 1942 1
1206 1944 1
1206 1949 1
1206 1950 1
1206 1968 1
1206 1981 1
1207 1338 1
1207 1448 1
1207 1454 1
1207 1484 1
1207 1504 1
1207 1520 1
1207 1590 1
1207 1602 1
1207 1626 1
1207 1649 1
1207 1798 1
1207 1867 1
1207 1878 1
1207 1890 1
1207 1942 1
1207 1986 1
1208 1209 1
1208 1339 1
1208 1344 1
1208 1347 1
1208 1369 1
1208 1379 1
1208 1383 1
1208 1400 1
1208 1425 1
1208 1453 1
1208 1482 1
1208 1567 1
1208 1579 1
1208 1624 1
1208 1628 1
1208 1632 1
1208 1642 1
1208 1698 1
1208 1792 1
1208 1858 1
1208 1887 1
1208 1969 1
1208 1991 1
1209 1244 1
1209 1331 1
1209 1410 1
1209 1416 1
1209 1553 1
1209 1624 1
1209 1685 1
1209 1689 1
1209 1872 1
1209 1985 1
1210 1237 1
1210 1284 1
1210 1394 1
1210 1409 1
1210 1426 1
1210 1540 1
1210 1553 1
1210 1603 1
1210 1610 1
1210 1611 1
1210 1615 1
1210 1649 1
1210 1676 1
1210 1684 1
1210 1721 1
1210 1775 1
1210 1776 1
1210 1795 1
1210 1866 1
1210 1872 1
1210 1889 1
1210 1909 1
1210 1916 1
1210 1959 1
1210 1983 1
1211 1220 1
1211 1238 1
1211 1255 1
1211 1289 1
1211 1301 1
1211 1367 1
1211 1509 1
1211 1526 1
1211 1604 1
1211 1612 1
1211 1734 1
1211 1759 1
1211 1802 1
1211 1809 1
1211 1835 1
1211 1881 1
1211 1886 1
1211 1897 1
1211 1940 1
1211 1983 1
1211 1985 1
1211 1991 1
1212 1215 1
1212 1390 1
1212 1413 1
1212 1428 1
1212 1496 1
1212 1500 1
1212 1502 1
1212 1530 1
1212 1534 1
1212 1548 1
1212 1550 1
1212 1559 1
1212 1613 1
1212 1635 1
1212 1661 1
1212 1778 1
1212 1802 1
1212 1829 1
1212 1895 1
1212 1906 1
1212 1937 1
1212 1956 1
1213 1226 1
1213 1240 1
1213 1258 1
1213 1305 1
1213 1367 1
1213 1408 1
1213 1421 1
1213 1480 1
1213 1509 1
1213 1612 1
1213 1659 1
1213 1683 1
1213 1699 1
1213 1711 1
1213 1852 1
1213 1861 1
1213 1866 1
1213 1876 1
1213 1890 1
1213 1967 1
1214 1252 1
1214 1290 1
1214 1337 1
1214 1436 1
1214 1456 1
1214 1580 1
1214 1612 1
1214 1636 1
1214 1702 1
1214 1704 1
1214 1723 1
1214 1776 1
1214 1864 1
1214 1876 1
1214 1881 1
1214 1920 1
1214 1941 1
1214 1995 1
1215 1216 1
1215 1244 1
1215 1265 1
1215 1281 1
1215 1334 1
1215 1342 1
1215 1413 1
1215 1462 1
1215 1502 1
1215 1505 1
1215 1558 1
1215 1658 1
1215 1676 1
1215 1721 1
1215 1758 1
1215 1783 1
1215 1809 1
1215 1867 1
1215 1875 1
1215 1879 1
1215 1893 1
1215 1894 1
1215 1896 1
1215 1905 1
1215 1956 1
1215 1981 1
1216 1266 1
1216 1302 1
1216 1349 1
1216 1374 1
1216 1390 1
1216 1433 1
1216 1459 1
1216 1487 1
1216 1500 1
1216 1508 1
1216 1525 1
1216 1566 1
1216 1610 1
1216 1629 1
1216 1630 1
1216 1655 1
1216 1661 1
1216 1667 1
1216 1689 1
1216 1707 1
1216 1709 1
1216 1815 1
1216 1829 1
1216 1841 1
1216 1882 1
1216 1925 1
1216 1926 1
1217 1219 1
1217 1227 1
1217 1274 1
1217 1313 1
1217 1315 1
1217 1318 1
1217 1320 1
1217 1329 1
1217 1417 1
1217 1483 1
1217 1504 1
1217 1524 1
1217 1637 1
1217 1649 1
1217 1669 1
1217 1674 1
1217 1741 1
1217 1766 1
1217 1779 1
1217 1784 1
1217 1786 1
1217 1815 1
1217 1824 1
1217 1884 1
1217 1890 1
1218 1247 1
1218 1252 1
1218 1257 1
1218 1348 1
1218 1354 1
1218 1364 1
1218 1394 1
1218 1407 1
1218 1432 1
1218 1542 1
1218 1576 1
1218 1607 1
1218 1614 1
1218 1684 1
1218 1778 1
1218 1853 1
1218 1857 1
1218 1906 1
1218 1908 1
1218 1964 1
1218 1994 1
1218 2000 1
1219 1346 1
1219 1350 1
1219 1470 1
1219 1473 1
1219 1545 1
1219 1555 1
1219 1642 1
1219 1719 1
1219 1721 1
1219 1754 1
1219 1777 1
1219 1790 1
1219 1861 1
1219 1862 1
1219 1922 1
1220 1237 1
1220 1262 1
1220 1330 1
1220 1332 1
1220 1362 1
1220 1427 1
1220 1452 1
1220 1471 1
1220 1479 1
1220 1518 1
1220 1522 1
1220 1554 1
1220 1564 1
1220 1566 1
1220 1577 1
1220 1583 1
1220 1622 1
1220 1666 1
1220 1693 1
1220 1708 1
1220 1746 1
1220 1784 1
1220 1990 1
1221 1245 1
1221 1359 1
1221 1433 1
1221 1459 1
1221 1482 1
1221 1510 1
1221 1623 1
1221 1650 1
1221 1711 1
1221 1919 1
1221 1935 1
1221 1973 1
1222 1240 1
1222 1333 1
1222 1354 1
1222 1391 1
1222 1404 1
1222 1437 1
1222 1584 1
1222 1596 1
1222 1675 1
1222 1696 1
1222 1710 1
1222 1740 1
1222 1833 1
1222 1879 1
1222 1885 1
1222 1922 1
1222 1931 1
1222 1982 1
1223 1257 1
1223 1333 1
1223 1351 1
1223 1422 1
1223 1479 1
1223 1524 1
1223 1552 1
1223 1639 1
1223 1677 1
1223 1679 1
1223 1705 1
1223 1799 1
1223 1907 1
1224 1312 1
1224 1338 1
1224 1391 1
1224 1415 1
1224 1453 1
1224 1608 1
1224 1629 1
1224 1633 1
1224 1680 1
1224 1719 1
1224 1721 1
1224 1758 1
1224 1789 1
1224 1817 1
1224 1837 1
1224 1884 1
1224 1926 1
1224 1978 1
1225 1249 1
1225 1278 1
1225 1291 1
1225 1299 1
1225 1317 1
1225 1343 1
1225 1368 1
1225 1384 1
1225 1386 1
1225 1484 1
1225 1522 1
1225 1561 1
1225 1606 1
1225 1688 1
1225 1825 1
1225 1876 1
1225 1914 1
1225 1948 1
1225 1954 1
1225 1976 1
1226 1231 1
1226 1233 1
1226 1362 1
1226 1497 1
1226 1531 1
1226 1553 1
1226 1629 1
1226 1798 1
1226 1875 1
1226 1904 1
1227 1251 1
1227 1261 1
1227 1402 1
1227 1448 1
1227 1461 1
1227 1476 1
1227 1520 1
1227 1525 1
1227 1542 1
1227 1603 1
1227 1653 1
1227 1677 1
1227 1704 1
1227 1710 1
1227 1794 1
1227 1817 1
1227 1871 1
1227 1880 1
1227 1887 1
1227 1966 1
1227 1983 1
1228 1244 1
1228 1264 1
1228 1291 1
1228 1299 1
1228 1311 1
1228 1339 1
1228 1340 1
1228 1370 1
1228 1427 1
1228 1590 1
1228 1622 1
1228 1669 1
1228 1682 1
1228 1695 1
1228 1722 1
1228 1733 1
1228 1780 1
1228 1813 1
1228 1912 1
1228 1914 1
1228 1971 1
1229 1237 1
1229 1241 1
1229 1248 1
1229 1264 1
1229 1282 1
1229 1295 1
1229 1382 1
1229 1594 1
1229 1701 1
1229 1715 1
1229 1722 1
1229 1772 1
1229 1835 1
1229 1868 1
1229 1897 1
1229 1899 1
1230 1239 1
1230 1273 1
1230 1280 1
1230 1310 1
1230 1509 1
1230 1513 1
1230 1524 1
1230 1548 1
1230 1567 1
1230 1584 1
1230 1603 1
1230 1617 1
1230 1624 1
1230 1626 1
1230 1629 1
1230 1644 1
1230 1705 1
1230 1722 1
1230 1748 1
1230 1796 1
1230 1829 1
1230 1843 1
1230 1848 1
1230 1853 1
1230 1855 1
1230 1878 1
1230 1893 1
1230 1894 1
1230 1900 1
1230 1908 1
1230 1928 1
1230 1963 1
1230 1987 1
1230 1993 1
1231 1235 1
1231 1246 1
1231 1267 1
1231 1361 1
1231 1363 1
1231 1393 1
1231 1490 1
1231 1504 1
1231 1520 1
1231 1527 1
1231 1528 1
1231 1548 1
1231 1558 1
1231 1628 1
1231 1630 1
1231 1656 1
1231 1679 1
1231 1691 1
1231 1796 1
1231 1851 1
1231 1907 1
1231 1938 1
1231 1943 1
1231 1965 1
1232 1247 1
1232 1274 1
1232 1338 1
1232 1351 1
1232 1378 1
1232 1439 1
1232 1509 1
1232 1562 1
1232 1565 1
1232 1583 1
1232 1617 1
1232 1716 1
1232 1752 1
1232 1787 1
1232 1809 1
1232 1824 1
1232 1932 1
1232 1979 1
1233 1311 1
1233 1323 1
1233 1376 1
1233 1391 1
1233 1407 1
1233 1436 1
1233 1496 1
1233 1569 1
1233 1582 1
1233 1587 1
1233 1602 1
1233 1666 1
1233 1678 1
1233 1679 1
1233 1703 1
1233 1718 1
1233 1780 1
1233 1831 1
1233 1852 1
1233 1896 1
1234 1246 1
1234 1278 1
1234 1295 1
1234 1340 1
1234 1381 1
1234 1404 1
1234 1438 1
1234 1441 1
1234 1541 1
1234 1567 1
1234 1617 1
1234 1621 1
1234 1630 1
1234 1793 1
1234 1840 1
1234 1928 1
1234 1946 1
1235 1334 1
1235 1336 1
1235 1338 1
1235 1419 1
1235 1475 1
1235 1477 1
1235 1487 1
1235 1501 1
1235 1512 1
1235 1528 1
1235 1532 1
1235 1751 1
1235 1787 1
1235 1818 1
1235 1918 1
1235 1955 1
1235 1966 1
1235 1975 1
1236 1276 1
1236 1286 1
1236 1288 1
1236 1316 1
1236 1340 1
1236 1365 1
1236 1394 1
1236 1429 1
1236 1454 1
1236 1474 1
1236 1654 1
1236 1672 1
1236 1703 1
1236 1768 1
1236 1791 1
1236 1830 1
1236 1883 1
1236 1924 1
1236 1935 1
1236 1955 1
1236 1990 1
1236 1995 1
1237 1250 1
1237 1318 1
1237 1345 1
1237 1355 1
1237 1399 1
1237 1472 1
1237 1484 1
1237 1491 1
1237 1513 1
1237 1527 1
1237 1561 1
1237 1579 1
1237 1691 1
1237 1700 1
1237 1720 1
1237 1800 1
1237 1801 1
1237 1834 1
1237 1933 1
1237 1934 1
1237 1977 1
1238 1239 1
1238 1260 1
1238 1296 1
1238 1305 1
1238 1329 1
1238 1362 1
1238 1397 1
1238 1432 1
1238 1525 1
1238 1534 1
1238 1549 1
1238 1555 1
1238 1583 1
1238 1693 1
1238 1856 1
1238 1917 1
1238 1953 1
1239 1245 1
1239 1257 1
1239 1269 1
1239 1335 1
1239 1344 1
1239 1355 1
1239 1411 1
1239 1595 1
1239 1640 1
1239 1643 1
1239 1764 1
1239 1774 1
1239 1783 1
1239 1784 1
1239 1798 1
1239 1829 1
1239 1886 1
1239 1927 1
1239 1943 1
1239 1962 1
1239 1964 1
1239 1992 1
1239 1998 1
1240 1348 1
1240 1388 1
1240 1426 1
1240 1432 1
1240 1439 1
1240 1531 1
1240 1667 1
1240 1670 1
1240 1673 1
1240 1713 1
1240 1757 1
1240 1761 1
1240 1819 1
1240 1829 1
1240 1853 1
1240 1896 1
1240 1928 1
1241 1277 1
1241 1278 1
1241 1358 1
1241 1379 1
1241 1382 1
1241 1402 1
1241 1467 1
1241 1497 1
1241 1517 1
1241 1543 1
1241 1573 1
1241 1613 1
1241 1656 1
1241 1705 1
1241 1760 1
1242 1263 1
1242 1286 1
1242 1312 1
1242 1353 1
1242 1506 1
1242 1582 1
1242 1653 1
1242 1692 1
1242 1695 1
1242 1772 1
1242 1832 1
1242 1836 1
1242 1850 1
1242 1852 1
1242 1902 1
1242 1970 1
1243 1290 1
1243 1319 1
1243 1347 1
1243 1376 1
1243 1435 1
1243 1529 1
1243 1575 1
1243 1599 1
1243 1635 1
1243 1649 1
1243 1665 1
1243 1713 1
1243 1717 1
1243 1750 1
1243 1755 1
1243 1766 1
1243 1790 1
1243 1974 1
1244 1387 1
1244 1405 1
1244 1422 1
1244 1490 1
1244 1662 1
1244 1698 1
1244 1708 1
1244 1773 1
1244 1839 1
1244 1983 1
1245 1274 1
1245 1298 1
1245 1335 1
1245 1430 1
1245 1437 1
1245 1438 1
1245 1487 1
1245 1512 1
1245 1584 1
1245 1608 1
1245 1678 1
1245 1691 1
1245 1702 1
1245 1955 1
1245 1966 1
1245 1989 1
1245 1994 1
1246 1445 1
1246 1465 1
1246 1646 1
1246 1667 1
1246 1783 1
1246 1845 1
1246 1869 1
1246 1953 1
1246 1998 1
1247 1297 1
1247 1318 1
1247 1377 1
1247 1407 1
1247 1553 1
1247 1607 1
1247 1663 1
1247 1720 1
1247 1767 1
1247 1792 1
1247 1991 1
1247 1998 1
1248 1307 1
1248 1319 1
1248 1376 1
1248 1380 1
1248 1465 1
1248 1468 1
1248 1512 1
1248 1529 1
1248 1626 1
1248 1644 1
1248 1646 1
1248 1662 1
1248 1713 1
1248 1735 1
1248 1832 1
1248 1849 1
1248 1904 1
1248 1942 1
1248 1944 1
1249 1265 1
1249 1297 1
1249 1374 1
1249 1447 1
1249 1508 1
1249 1540 1
1249 1557 1
1249 1591 1
1249 1695 1
1249 1766 1
1249 1784 1
1249 1839 1
1249 1879 1
1249 1901 1
1249 1934 1
1249 1980 1
1250 1255 1
1250 1260 1
1250 1284 1
1250 1306 1
1250 1371 1
1250 1381 1
1250 1559 1
1250 1565 1
1250 1569 1
1250 1574 1
1250 1646 1
1250 1733 1
1250 1810 1
1250 1836 1
1250 1908 1
1250 1996 1
1251 1288 1
1251 1322 1
1251 1385 1
1251 1401 1
1251 1549 1
1251 1604 1
1251 1669 1
1251 1729 1
1251 1849 1
1251 1959 1
1251 1982 1
1252 1261 1
1252 1278 1
1252 1326 1
1252 1327 1
1252 1371 1
1252 1406 1
1252 1425 1
1252 1500 1
1252 1528 1
1252 1546 1
1252 1678 1
1252 1799 1
1252 1808 1
1252 1843 1
1252 1865 1
1252 1901 1
1252 1916 1
1252 1971 1
1253 1254 1
1253 1275 1
1253 1278 1
1253 1305 1
1253 1439 1
1253 1474 1
1253 1492 1
1253 1515 1
1253 1539 1
1253 1585 1
1253 1645 1
1253 1666 1
1253 1701 1
1253 1855 1
1253 1864 1
1253 1892 1
1253 1962 1
1253 1976 1
1253 1985 1
1254 1257 1
1254 1265 1
1254 1269 1
1254 1288 1
1254 1432 1
1254 1588 1
1254 1611 1
1254 1680 1
1254 1681 1
1254 1701 1
1254 1718 1
1254 1725 1
1254 1766 1
1254 1781 1
1254 1834 1
1254 1867 1
1254 1870 1
1254 1882 1
1254 1888 1
1254 1941 1
1254 1955 1
1254 1978 1
1255 1308 1
1255 1330 1
1255 1331 1
1255 1332 1
1255 1344 1
1255 1352 1
1255 1369 1
1255 1376 1
1255 1410 1
1255 1425 1
1255 1436 1
1255 1558 1
1255 1598 1
1255 1628 1
1255 1729 1
1255 1735 1
1255 1821 1
1255 1839 1
1255 1852 1
1255 1915 1
1256 1276 1
1256 1310 1
1256 1335 1
1256 1361 1
1256 1366 1
1256 1368 1
1256 1397 1
1256 1412 1
1256 1444 1
1256 1486 1
1256 1529 1
1256 1564 1
1256 1566 1
1256 1575 1
1256 1604 1
1256 1677 1
1256 1690 1
1256 1697 1
1256 1736 1
1256 1743 1
1256 1745 1
1256 1760 1
1256 1787 1
1256 1873 1
1256 1885 1
1256 1926 1
1256 1955 1
1256 1971 1
1256 1972 1
1257 1296 1
1257 1298 1
1257 1386 1
1257 1417 1
1257 1534 1
1257 1552 1
1257 1611 1
1257 1617 1
1257 1671 1
1257 1771 1
1257 1815 1
1257 1817 1
1257 1929 1
1257 1932 1
1257 1957 1
1257 1971 1
1257 1980 1
1258 1270 1
1258 1300 1
1258 1387 1
1258 1407 1
1258 1420 1
1258 1480 1
1258 1527 1
1258 1565 1
1258 1568 1
1258 1662 1
1258 1773 1
1258 1834 1
1258 1891 1
1258 1944 1
1258 1980 1
1259 1260 1
1259 1269 1
1259 1328 1
1259 1346 1
1259 1425 1
1259 1436 1
1259 1464 1
1259 1485 1
1259 1598 1
1259 1602 1
1259 1660 1
1259 1744 1
1259 1763 1
1259 1765 1
1259 1767 1
1259 1791 1
1259 1811 1
1259 1861 1
1259 1885 1
1259 1891 1
1259 1917 1
1259 1941 1
1259 1950 1
1259 1962 1
1259 1971 1
1260 1278 1
1260 1288 1
1260 1317 1
1260 1328 1
1260 1379 1
1260 1415 1
1260 1443 1
1260 1477 1
1260 1508 1
1260 1514 1
1260 1545 1
1260 1665 1
1260 1670 1
1260 1673 1
1260 1677 1
1260 1691 1
1260 1697 1
1260 1700 1
1260 1824 1
1260 1825 1
1260 1831 1
1260 1867 1
1260 1944 1
1260 1948 1
1260 1963 1
1260 1978 1
1261 1296 1
1261 1376 1
1261 1390 1
1261 1449 1
1261 1452 1
1261 1498 1
1261 1499 1
1261 1530 1
1261 1590 1
1261 1712 1
1261 1718 1
1261 1724 1
1261 1817 1
1261 1856 1
1261 1890 1
1261 1991 1
1262 1267 1
1262 1335 1
1262 1336 1
1262 1390 1
1262 1398 1
1262 1417 1
1262 1425 1
1262 1434 1
1262 1492 1
1262 1536 1
1262 1558 1
1262 1560 1
1262 1574 1
1262 1599 1
1262 1658 1
1262 1723 1
1262 1758 1
1262 1773 1
1262 1776 1
1262 1849 1
1262 1862 1
1262 1868 1
1262 1907 1
1262 1941 1
1263 1322 1
1263 1344 1
1263 1349 1
1263 1358 1
1263 1380 1
1263 1401 1
1263 1408 1
1263 1415 1
1263 1430 1
1263 1446 1
1263 1528 1
1263 1529 1
1263 1535 1
1263 1557 1
1263 1559 1
1263 1560 1
1263 1625 1
1263 1629 1
1263 1801 1
1263 1906 1
1263 1929 1
1263 1977 1
1264 1276 1
1264 1279 1
1264 1293 1
1264 1321 1
1264 1353 1
1264 1412 1
1264 1458 1
1264 1473 1
1264 1573 1
1264 1651 1
1264 1702 1
1264 1713 1
1264 1786 1
1264 1827 1
1264 1871 1
1264 1936 1
1264 1957 1
1265 1274 1
1265 1322 1
1265 1365 1
1265 1392 1
1265 1441 1
1265 1476 1
1265 1491 1
1265 1498 1
1265 1510 1
1265 1561 1
1265 1570 1
1265 1690 1
1265 1707 1
1265 1716 1
1265 1726 1
1265 1751 1
1265 1843 1
1265 1907 1
1265 1912 1
1266 1281 1
1266 1282 1
1266 1304 1
1266 1333 1
1266 1363 1
1266 1428 1
1266 1448 1
1266 1523 1
1266 1556 1
1266 1563 1
1266 1640 1
1266 1648 1
1266 1658 1
1266 1682 1
1266 1691 1
1266 1743 1
1266 1872 1
1266 1912 1
1267 1270 1
1267 1341 1
1267 1375 1
1267 1441 1
1267 1502 1
1267 1543 1
1267 1573 1
1267 1598 1
1267 1601 1
1267 1618 1
1267 1643 1
1267 1659 1
1267 1701 1
1267 1707 1
1267 1870 1
1267 1876 1
1267 1933 1
1267 1941 1
1268 1279 1
1268 1288 1
1268 1356 1
1268 1389 1
1268 1475 1
1268 1482 1
1268 1540 1
1268 1543 1
1268 1573 1
1268 1643 1
1268 1689 1
1268 1699 1
1268 1744 1
1268 1752 1
1268 1773 1
1268 1810 1
1268 1817 1
1268 1849 1
1268 1852 1
1268 1924 1
1268 1930 1
1268 1952 1
1268 1955 1
1268 1970 1
1268 1982 1
1269 1384 1
1269 1417 1
1269 1423 1
1269 1458 1
1269 1486 1
1269 1513 1
1269 1549 1
1269 1565 1
1269 1566 1
1269 1569 1
1269 1605 1
1269 1616 1
1269 1659 1
1269 1743 1
1269 1755 1
1269 1766 1
1269 1817 1
1269 1981 1
1270 1308 1
1270 1328 1
1270 1339 1
1270 1381 1
1270 1491 1
1270 1492 1
1270 1510 1
1270 1530 1
1270 1585 1
1270 1648 1
1270 1681 1
1270 1714 1
1270 1717 1
1270 1729 1
1270 1733 1
1270 1759 1
1270 1873 1
1270 1901 1
1270 1920 1
1270 1943 1
1271 1302 1
1271 1316 1
1271 1515 1
1271 1585 1
1271 1638 1
1271 1703 1
1271 1706 1
1271 1716 1
1271 1732 1
1271 1749 1
1271 1758 1
1271 1768 1
1271 1810 1
1271 1846 1
1271 1903 1
1271 1916 1
1271 1948 1
1271 1970 1
1272 1325 1
1272 1363 1
1272 1382 1
1272 1431 1
1272 1437 1
1272 1483 1
1272 1556 1
1272 1660 1
1272 1689 1
1272 1695 1
1272 1712 1
1272 1746 1
1272 1780 1
1272 1815 1
1272 1852 1
1272 1854 1
1272 1869 1
1272 1961 1
1272 1988 1
1273 1284 1
1273 1286 1
1273 1298 1
1273 1316 1
1273 1334 1
1273 1355 1
1273 1369 1
1273 1378 1
1273 1450 1
1273 1451 1
1273 1472 1
1273 1510 1
1273 1529 1
1273 1540 1
1273 1612 1
1273 1792 1
1273 1888 1
1273 1901 1
1273 1910 1
1273 1914 1
1273 1940 1
1273 1970 1
1273 1983 1
1274 1291 1
1274 1299 1
1274 1316 1
1274 1347 1
1274 1548 1
1274 1616 1
1274 1635 1
1274 1680 1
1274 1787 1
1274 1829 1
1274 1832 1
1274 1971 1
1274 1980 1
1275 1292 1
1275 1386 1
1275 1388 1
1275 1398 1
1275 1435 1
1275 1475 1
1275 1531 1
1275 1603 1
1275 1605 1
1275 1675 1
1275 1700 1
1275 1730 1
1275 1739 1
1275 1757 1
1275 1774 1
1275 1784 1
1275 1788 1
1275 1791 1
1275 1831 1
1275 1845 1
1275 1872 1
1275 1880 1
1275 1881 1
1275 1896 1
1275 1899 1
1275 1966 1
1275 1976 1
1275 1980 1
1276 1303 1
1276 1310 1
1276 1336 1
1276 1355 1
1276 1389 1
1276 1439 1
1276 1638 1
1276 1687 1
1276 1728 1
1276 1824 1
1276 1851 1
1276 1886 1
1276 1887 1
1276 1999 1
1277 1312 1
1277 1320 1
1277 1325 1
1277 1383 1
1277 1385 1
1277 1431 1
1277 1475 1
1277 1556 1
1277 1569 1
1277 1604 1
1277 1621 1
1277 1666 1
1277 1681 1
1277 1739 1
1277 1807 1
1277 1865 1
1277 1897 1
1277 1921 1
1278 1343 1
1278 1372 1
1278 1472 1
1278 1493 1
1278 1505 1
1278 1506 1
1278 1564 1
1278 1586 1
1278 1594 1
1278 1609 1
1278 1639 1
1278 1654 1
1278 1656 1
1278 1668 1
1278 1691 1
1278 1700 1
1278 1748 1
1278 1925 1
1278 1954 1
1279 1340 1
1279 1342 1
1279 1378 1
1279 1531 1
1279 1547 1
1279 1555 1
1279 1640 1
1279 1668 1
1279 1712 1
1279 1750 1
1279 1752 1
1279 1772 1
1279 1778 1
1279 1879 1
1279 1899 1
1279 1900 1
1279 1904 1
1279 1919 1
1279 1934 1
1280 1305 1
1280 1398 1
1280 1475 1
1280 1489 1
1280 1508 1
1280 1589 1
1280 1614 1
1280 1683 1
1280 1776 1
1280 1799 1
1280 1801 1
1280 1878 1
1280 1951 1
1280 1976 1
1281 1309 1
1281 1371 1
1281 1421 1
1281 1452 1
1281 1496 1
1281 1696 1
1281 1759 1
1281 1802 1
1281 1897 1
1281 1904 1
1282 1359 1
1282 1375 1
1282 1409 1
1282 1440 1
1282 1448 1
1282 1456 1
1282 1488 1
1282 1566 1
1282 1602 1
1282 1700 1
1282 1768 1
1282 1796 1
1282 1812 1
1282 1863 1
1282 1872 1
1282 1883 1
1282 1884 1
1282 1892 1
1282 1902 1
1282 1928 1
1282 1941 1
1282 1970 1
1283 1305 1
1283 1309 1
1283 1316 1
1283 1366 1
1283 1394 1
1283 1404 1
1283 1407 1
1283 1410 1
1283 1580 1
1283 1604 1
1283 1681 1
1283 1687 1
1283 1729 1
1283 1788 1
1283 1934 1
1283 1943 1
1284 1313 1
1284 1369 1
1284 1407 1
1284 1479 1
1284 1497 1
1284 1501 1
1284 1552 1
1284 1578 1
1284 1603 1
1284 1608 1
1284 1647 1
1284 1682 1
1284 1737 1
1284 1826 1
1284 1923 1
1284 1989 1
1285 1289 1
1285 1306 1
1285 1332 1
1285 1358 1
1285 1387 1
1285 1395 1
1285 1405 1
1285 1430 1
1285 1502 1
1285 1510 1
1285 1559 1
1285 1567 1
1285 1668 1
1285 1695 1
1285 1768 1
1285 1855 1
1285 1874 1
1285 1883 1
1285 1912 1
1285 1963 1
1285 1995 1
1286 1382 1
1286 1495 1
1286 1507 1
1286 1541 1
1286 1599 1
1286 1665 1
1286 1723 1
1286 1761 1
1286 1903 1
1286 1932 1
1286 1956 1
1287 1319 1
1287 1323 1
1287 1334 1
1287 1367 1
1287 1457 1
1287 1481 1
1287 1483 1
1287 1487 1
1287 1510 1
1287 1522 1
1287 1525 1
1287 1526 1
1287 1545 1
1287 1609 1
1287 1631 1
1287 1655 1
1287 1672 1
1287 1762 1
1287 1779 1
1287 1787 1
1287 1796 1
1287 1847 1
1287 1872 1
1287 1904 1
1287 1932 1
1287 1935 1
1287 1938 1
1287 1939 1
1287 1962 1
1287 1999 1
1288 1400 1
1288 1409 1
1288 1451 1
1288 1503 1
1288 1546 1
1288 1563 1
1288 1659 1
1288 1684 1
1288 1694 1
1288 1756 1
1288 1761 1
1288 1787 1
1288 1807 1
1288 1895 1
1289 1337 1
1289 1344 1
1289 1351 1
1289 1388 1
1289 1422 1
1289 1461 1
1289 1467 1
1289 1516 1
1289 1657 1
1289 1674 1
1289 1688 1
1289 1773 1
1289 1779 1
1289 1783 1
1289 1825 1
1289 1926 1
1290 1316 1
1290 1421 1
1290 1497 1
1290 1557 1
1290 1565 1
1290 1756 1
1290 1771 1
1290 1861 1
1290 1868 1
1290 1904 1
1290 1918 1
1290 1930 1
1290 1933 1
1290 1987 1
1291 1294 1
1291 1311 1
1291 1349 1
1291 1373 1
1291 1412 1
1291 1418 1
1291 1439 1
1291 1464 1
1291 1472 1
1291 1528 1
1291 1535 1
1291 1549 1
1291 1595 1
1291 1703 1
1291 1714 1
1291 1778 1
1291 1807 1
1291 1841 1
1291 1885 1
1292 1344 1
1292 1404 1
1292 1540 1
1292 1562 1
1292 1598 1
1292 1631 1
1292 1853 1
1292 1881 1
1292 1934 1
1292 1956 1
1292 1970 1
1292 1981 1
1293 1322 1
1293 1331 1
1293 1434 1
1293 1436 1
1293 1480 1
1293 1511 1
1293 1524 1
1293 1572 1
1293 1626 1
1293 1641 1
1293 1657 1
1293 1772 1
1293 1779 1
1293 1801 1
1293 1854 1
1293 1890 1
1293 1945 1
1294 1301 1
1294 1322 1
1294 1503 1
1294 1522 1
1294 1552 1
1294 1570 1
1294 1671 1
1294 1676 1
1294 1755 1
1294 1856 1
1294 1858 1
1294 1894 1
1294 1899 1
1294 1965 1
1294 1985 1
1295 1305 1
1295 1348 1
1295 1446 1
1295 1453 1
1295 1494 1
1295 1515 1
1295 1561 1
1295 1568 1
1295 1607 1
1295 1632 1
1295 1694 1
1295 1745 1
1295 1790 1
1295 1795 1
1295 1848 1
1295 1854 1
1295 1879 1
1295 1884 1
1295 1916 1
1296 1308 1
1296 1344 1
1296 1366 1
1296 1412 1
1296 1474 1
1296 1538 1
1296 1563 1
1296 1581 1
1296 1617 1
1296 1660 1
1296 1731 1
1296 1748 1
1296 1758 1
1296 1780 1
1296 1860 1
1296 1897 1
1296 1911 1
1296 1931 1
1296 1962 1
1296 1966 1
1297 1326 1
1297 1512 1
1297 1538 1
1297 1543 1
1297 1572 1
1297 1624 1
1297 1683 1
1297 1717 1
1297 1772 1
1297 1779 1
1297 1790 1
1297 1794 1
1297 1803 1
1297 1826 1
1297 1852 1
1297 1922 1
1297 1938 1
1297 1945 1
1297 1973 1
1298 1345 1
1298 1346 1
1298 1349 1
1298 1400 1
1298 1439 1
1298 1448 1
1298 1481 1
1298 1575 1
1298 1582 1
1298 1634 1
1298 1717 1
1298 1753 1
1298 1822 1
1298 1838 1
1298 1870 1
1298 1913 1
1298 1939 1
1298 1955 1
1298 1957 1
1298 1988 1
1299 1324 1
1299 1393 1
1299 1415 1
1299 1523 1
1299 1541 1
1299 1588 1
1299 1604 1
1299 1647 1
1299 1650 1
1299 1672 1
1299 1734 1
1299 1743 1
1299 1754 1
1299 1756 1
1299 1763 1
1299 1770 1
1299 1839 1
1299 1861 1
1299 1868 1
1299 1898 1
1299 1955 1
1299 1960 1
1299 1968 1
1300 1304 1
1300 1336 1
1300 1372 1
1300 1399 1
1300 1406 1
1300 1469 1
1300 1486 1
1300 1553 1
1300 1579 1
1300 1634 1
1300 1757 1
1300 1773 1
1300 1924 1
1300 1990 1
1301 1309 1
1301 1314 1
1301 1401 1
1301 1414 1
1301 1440 1
1301 1446 1
1301 1483 1
1301 1521 1
1301 1531 1
1301 1556 1
1301 1598 1
1301 1602 1
1301 1630 1
1301 1695 1
1301 1757 1
1301 1812 1
1301 1851 1
1301 1858 1
1301 1871 1
1301 1890 1
1302 1310 1
1302 1344 1
1302 1396 1
1302 1426 1
1302 1447 1
1302 1497 1
1302 1503 1
1302 1613 1
1302 1670 1
1302 1706 1
1302 1928 1
1302 1950 1
1302 1993 1
1303 1340 1
1303 1347 1
1303 1369 1
1303 1423 1
1303 1462 1
1303 1507 1
1303 1537 1
1303 1542 1
1303 1690 1
1303 1711 1
1303 1734 1
1303 1788 1
1303 1806 1
1303 1815 1
1303 1829 1
1303 1833 1
1303 1838 1
1303 1860 1
1303 1887 1
1303 1896 1
1303 1990 1
1303 1996 1
1304 1356 1
1304 1380 1
1304 1417 1
1304 1563 1
1304 1665 1
1304 1667 1
1304 1685 1
1304 1766 1
1304 1791 1
1304 1802 1
1304 1817 1
1304 1835 1
1304 1844 1
1304 1855 1
1304 1958 1
1305 1337 1
1305 1401 1
1305 1455 1
1305 1484 1
1305 1491 1
1305 1505 1
1305 1546 1
1305 1547 1
1305 1588 1
1305 1589 1
1305 1602 1
1305 1619 1
1305 1657 1
1305 1675 1
1305 1688 1
1305 1699 1
1305 1749 1
1305 1806 1
1305 1968 1
1306 1396 1
1306 1443 1
1306 1595 1
1306 1615 1
1306 1627 1
1306 1666 1
1306 1668 1
1306 1718 1
1306 1746 1
1306 1806 1
1306 1830 1
1306 1874 1
1306 1914 1
1306 1952 1
1307 1362 1
1307 1367 1
1307 1480 1
1307 1481 1
1307 1517 1
1307 1525 1
1307 1532 1
1307 1540 1
1307 1685 1
1307 1728 1
1307 1758 1
1307 1783 1
1307 1798 1
1307 1866 1
1308 1415 1
1308 1452 1
1308 1459 1
1308 1605 1
1308 1618 1
1308 1695 1
1308 1713 1
1308 1718 1
1308 1769 1
1308 1797 1
1308 1839 1
1308 1862 1
1308 1903 1
1308 1914 1
1308 1956 1
1309 1326 1
1309 1362 1
1309 1379 1
1309 1395 1
1309 1419 1
1309 1428 1
1309 1472 1
1309 1499 1
1309 1619 1
1309 1672 1
1309 1676 1
1309 1681 1
1309 1728 1
1309 1743 1
1309 1860 1
1309 1863 1
1309 1907 1
1309 1924 1
1309 1986 1
1309 1993 1
1310 1363 1
1310 1394 1
1310 1434 1
1310 1494 1
1310 1550 1
1310 1560 1
1310 1583 1
1310 1639 1
1310 1688 1
1310 1692 1
1310 1730 1
1310 1809 1
1310 1854 1
1310 1868 1
1310 1961 1
1310 1975 1
1311 1330 1
1311 1450 1
1311 1506 1
1311 1526 1
1311 1590 1
1311 1606 1
1311 1622 1
1311 1647 1
1311 1653 1
1311 1668 1
1311 1752 1
1311 1764 1
1311 1768 1
1311 1772 1
1311 1797 1
1311 1819 1
1311 1832 1
1311 1858 1
1311 1910 1
1312 1341 1
1312 1349 1
1312 1379 1
1312 1470 1
1312 1494 1
1312 1522 1
1312 1581 1
1312 1589 1
1312 1664 1
1312 1712 1
1312 1720 1
1312 1748 1
1312 1764 1
1312 1771 1
1312 1812 1
1312 1924 1
1312 1925 1
1313 1435 1
1313 1505 1
1313 1535 1
1313 1554 1
1313 1564 1
1313 1663 1
1313 1679 1
1313 1680 1
1313 1683 1
1313 1888 1
1313 1891 1
1313 1906 1
1313 1921 1
1313 1944 1
1314 1327 1
1314 1328 1
1314 1332 1
1314 1379 1
1314 1392 1
1314 1417 1
1314 1431 1
1314 1479 1
1314 1559 1
1314 1610 1
1314 1685 1
1314 1691 1
1314 1708 1
1314 1921 1
1314 1931 1
1315 1319 1
1315 1394 1
1315 1444 1
1315 1507 1
1315 1547 1
1315 1548 1
1315 1559 1
1315 1631 1
1315 1859 1
1315 1862 1
1315 1863 1
1315 1866 1
1315 1897 1
1315 1937 1
1315 1971 1
1315 1983 1
1316 1334 1
1316 1369 1
1316 1371 1
1316 1388 1
1316 1445 1
1316 1453 1
1316 1455 1
1316 1468 1
1316 1513 1
1316 1567 1
1316 1570 1
1316 1610 1
1316 1634 1
1316 1643 1
1316 1668 1
1316 1671 1
1316 1770 1
1316 1804 1
1316 1834 1
1316 1848 1
1317 1420 1
1317 1482 1
1317 1504 1
1317 1531 1
1317 1594 1
1317 1619 1
1317 1642 1
1317 1661 1
1317 1689 1
1317 1834 1
1317 1942 1
1317 1951 1
1317 1989 1
1318 1334 1
1318 1355 1
1318 1465 1
1318 1513 1
1318 1519 1
1318 1528 1
1318 1594 1
1318 1618 1
1318 1644 1
1318 1717 1
1318 1872 1
1319 1331 1
1319 1337 1
1319 1347 1
1319 1354 1
1319 1355 1
1319 1506 1
1319 1532 1
1319 1559 1
1319 1634 1
1319 1636 1
1319 1735 1
1319 1765 1
1319 1806 1
1319 1862 1
1319 1930 1
1319 1934 1
1320 1325 1
1320 1338 1
1320 1343 1
1320 1352 1
1320 1371 1
1320 1406 1
1320 1417 1
1320 1453 1
1320 1482 1
1320 1565 1
1320 1603 1
1320 1703 1
1320 1722 1
1320 1777 1
1320 1778 1
1320 1848 1
1320 1874 1
1320 1902 1
1320 1904 1
1320 1927 1
1320 1957 1
1321 1333 1
1321 1342 1
1321 1419 1
1321 1420 1
1321 1440 1
1321 1514 1
1321 1564 1
1321 1612 1
1321 1628 1
1321 1661 1
1321 1668 1
1321 1706 1
1321 1707 1
1321 1708 1
1321 1744 1
1321 1802 1
1321 1837 1
1321 1879 1
1321 1886 1
1321 1973 1
1322 1343 1
1322 1385 1
1322 1410 1
1322 1428 1
1322 1459 1
1322 1499 1
1322 1519 1
1322 1553 1
1322 1603 1
1322 1636 1
1322 1708 1
1322 1723 1
1322 1726 1
1322 1737 1
1322 1744 1
1322 1838 1
1322 1841 1
1322 1896 1
1322 1905 1
1322 1947 1
1322 1962 1
1323 1362 1
1323 1373 1
1323 1452 1
1323 1459 1
1323 1482 1
1323 1534 1
1323 1541 1
1323 1546 1
1323 1596 1
1323 1606 1
1323 1659 1
1323 1694 1
1323 1695 1
1323 1751 1
1323 1770 1
1323 1801 1
1323 1853 1
1323 1867 1
1323 1893 1
1323 1899 1
1323 1927 1
1323 1991 1
1324 1380 1
1324 1425 1
1324 1469 1
1324 1491 1
1324 1511 1
1324 1547 1
1324 1579 1
1324 1600 1
1324 1619 1
1324 1626 1
1324 1672 1
1324 1747 1
1324 1750 1
1324 1825 1
1324 1829 1
1324 1906 1
1324 1966 1
1324 1985 1
1325 1330 1
1325 1363 1
1325 1394 1
1325 1417 1
1325 1425 1
1325 1463 1
1325 1549 1
1325 1557 1
1325 1560 1
1325 1624 1
1325 1645 1
1325 1667 1
1325 1688 1
1325 1796 1
1325 1860 1
1325 1903 1
1325 1927 1
1326 1385 1
1326 1415 1
1326 1423 1
1326 1441 1
1326 1516 1
1326 1568 1
1326 1609 1
1326 1693 1
1326 1722 1
1326 1724 1
1326 1732 1
1326 1746 1
1326 1784 1
1326 1792 1
1326 1843 1
1326 1854 1
1326 1953 1
1327 1357 1
1327 1358 1
1327 1470 1
1327 1475 1
1327 1497 1
1327 1559 1
1327 1568 1
1327 1587 1
1327 1619 1
1327 1722 1
1327 1736 1
1327 1757 1
1327 1777 1
1327 1783 1
1327 1789 1
1327 1846 1
1327 1868 1
1327 1877 1
1327 1923 1
1327 1926 1
1327 1929 1
1327 1930 1
1327 1965 1
1327 1977 1
1328 1369 1
1328 1372 1
1328 1421 1
1328 1423 1
1328 1429 1
1328 1530 1
1328 1597 1
1328 1659 1
1328 1703 1
1328 1799 1
1328 1839 1
1328 1852 1
1328 1853 1
1328 1937 1
1328 1944 1
1328 1946 1
1328 1995 1
1329 1333 1
1329 1364 1
1329 1376 1
1329 1411 1
1329 1420 1
1329 1433 1
1329 1436 1
1329 1452 1
1329 1491 1
1329 1505 1
1329 1510 1
1329 1528 1
1329 1561 1
1329 1620 1
1329 1621 1
1329 1647 1
1329 1676 1
1329 1689 1
1329 1691 1
1329 1697 1
1329 1732 1
1329 1841 1
1330 1382 1
1330 1423 1
1330 1439 1
1330 1468 1
1330 1495 1
1330 1513 1
1330 1549 1
1330 1557 1
1330 1560 1
1330 1563 1
1330 1709 1
1330 1712 1
1330 1733 1
1330 1734 1
1330 1761 1
1330 1820 1
1330 1824 1
1330 1861 1
1330 1866 1
1330 1968 1
1331 1338 1
1331 1362 1
1331 1418 1
1331 1459 1
1331 1467 1
1331 1469 1
1331 1493 1
1331 1508 1
1331 1512 1
1331 1544 1
1331 1573 1
1331 1586 1
1331 1629 1
1331 1650 1
1331 1719 1
1331 1772 1
1331 1851 1
1331 1911 1
1331 1930 1
1331 1966 1
1331 1973 1
1331 1985 1
1332 1382 1
1332 1383 1
1332 1409 1
1332 1429 1
1332 1500 1
1332 1574 1
1332 1583 1
1332 1693 1
1332 1798 1
1332 1824 1
1332 1853 1
1332 1867 1
1332 1889 1
1332 1915 1
1332 1942 1
1332 1985 1
1332 1999 1
1333 1340 1
1333 1341 1
1333 1351 1
1333 1354 1
1333 1376 1
1333 1494 1
1333 1521 1
1333 1528 1
1333 1567 1
1333 1597 1
1333 1599 1
1333 1604 1
1333 1630 1
1333 1638 1
1333 1642 1
1333 1673 1
1333 1711 1
1333 1731 1
1333 1768 1
1333 1884 1
1333 1928 1
1333 1937 1
1334 1405 1
1334 1451 1
1334 1550 1
1334 1569 1
1334 1591 1
1334 1659 1
1334 1675 1
1334 1742 1
1334 1824 1
1334 1829 1
1334 1905 1
1334 1959 1
1334 1967 1
1334 1996 1
1334 2000 1
1335 1372 1
1335 1375 1
1335 1378 1
1335 1397 1
1335 1447 1
1335 1450 1
1335 1497 1
1335 1611 1
1335 1697 1
1335 1722 1
1335 1767 1
1335 1859 1
1335 1867 1
1335 1870 1
1335 1895 1
1335 1965 1
1335 1988 1
1335 1990 1
1336 1574 1
1336 1623 1
1336 1669 1
1336 1771 1
1336 1827 1
1336 1972 1
1337 1343 1
1337 1348 1
1337 1392 1
1337 1401 1
1337 1403 1
1337 1465 1
1337 1473 1
1337 1506 1
1337 1558 1
1337 1567 1
1337 1586 1
1337 1591 1
1337 1605 1
1337 1615 1
1337 1649 1
1337 1663 1
1337 1733 1
1337 1753 1
1337 1775 1
1337 1789 1
1337 1824 1
1337 1838 1
1337 1846 1
1337 1997 1
1338 1385 1
1338 1428 1
1338 1459 1
1338 1470 1
1338 1527 1
1338 1529 1
1338 1548 1
1338 1565 1
1338 1613 1
1338 1630 1
1338 1648 1
1338 1665 1
1338 1709 1
1338 1733 1
1338 1782 1
1338 1828 1
1338 1857 1
1338 1873 1
1338 1893 1
1338 1987 1
1339 1348 1
1339 1367 1
1339 1405 1
1339 1432 1
1339 1472 1
1339 1476 1
1339 1542 1
1339 1612 1
1339 1627 1
1339 1640 1
1339 1650 1
1339 1755 1
1339 1864 1
1339 1895 1
1339 1903 1
1339 1964 1
1339 1979 1
1340 1374 1
1340 1377 1
1340 1400 1
1340 1423 1
1340 1441 1
1340 1476 1
1340 1514 1
1340 1576 1
1340 1610 1
1340 1626 1
1340 1644 1
1340 1725 1
1340 1743 1
1340 1767 1
1340 1768 1
1340 1796 1
1340 1803 1
1340 1822 1
1340 1859 1
1340 1868 1
1340 1885 1
1340 1894 1
1340 1994 1
1341 1352 1
1341 1382 1
1341 1391 1
1341 1400 1
1341 1461 1
1341 1524 1
1341 1540 1
1341 1543 1
1341 1641 1
1341 1764 1
1341 1767 1
1341 1872 1
1341 1880 1
1341 1885 1
1341 1901 1
1341 1923 1
1341 1941 1
1342 1420 1
1342 1461 1
1342 1479 1
1342 1488 1
1342 1528 1
1342 1654 1
1342 1689 1
1342 1692 1
1342 1726 1
1342 1785 1
1342 1833 1
1342 1855 1
1342 1882 1
1342 1887 1
1343 1396 1
1343 1463 1
1343 1530 1
1343 1554 1
1343 1559 1
1343 1612 1
1343 1617 1
1343 1638 1
1343 1663 1
1343 1677 1
1343 1716 1
1343 1796 1
1343 1825 1
1343 1829 1
1343 1838 1
1343 1868 1
1343 1886 1
1343 1896 1
1343 1938 1
1343 1944 1
1343 1949 1
1343 1956 1
1343 1966 1
1344 1379 1
1344 1381 1
1344 1475 1
1344 1479 1
1344 1572 1
1344 1584 1
1344 1593 1
1344 1683 1
1344 1685 1
1344 1810 1
1344 1811 1
1344 1837 1
1344 1858 1
1345 1406 1
1345 1473 1
1345 1499 1
1345 1500 1
1345 1632 1
1345 1661 1
1345 1715 1
1345 1834 1
1345 1841 1
1345 1927 1
1345 1933 1
1345 1941 1
1345 1952 1
1345 1965 1
1345 1989 1
1346 1393 1
1346 1433 1
1346 1447 1
1346 1471 1
1346 1579 1
1346 1582 1
1346 1584 1
1346 1607 1
1346 1610 1
1346 1655 1
1346 1678 1
1346 1733 1
1346 1752 1
1346 1764 1
1346 1772 1
1346 1780 1
1346 1788 1
1346 1816 1
1346 1898 1
1346 1942 1
1346 1995 1
1347 1368 1
1347 1394 1
1347 1437 1
1347 1503 1
1347 1539 1
1347 1574 1
1347 1623 1
1347 1791 1
1347 1891 1
1347 1951 1
1347 1985 1
1347 1993 1
1347 1998 1
1348 1380 1
1348 1394 1
1348 1417 1
1348 1457 1
1348 1529 1
1348 1569 1
1348 1599 1
1348 1603 1
1348 1657 1
1348 1672 1
1348 1686 1
1348 1689 1
1348 1720 1
1348 1765 1
1348 1797 1
1348 1889 1
1348 1892 1
1348 1897 1
1348 1916 1
1348 1934 1
1348 1965 1
1348 1984 1
1349 1368 1
1349 1376 1
1349 1405 1
1349 1408 1
1349 1424 1
1349 1432 1
1349 1558 1
1349 1562 1
1349 1659 1
1349 1724 1
1349 1831 1
1349 1833 1
1349 1838 1
1349 1854 1
1349 1919 1
1349 1931 1
1349 1938 1
1349 1951 1
1350 1410 1
1350 1430 1
1350 1439 1
1350 1454 1
1350 1471 1
1350 1474 1
1350 1484 1
1350 1507 1
1350 1586 1
1350 1588 1
1350 1619 1
1350 1644 1
1350 1763 1
1350 1766 1
1350 1773 1
1350 1808 1
1350 1829 1
1350 1896 1
1350 1926 1
1350 1992 1
1351 1361 1
1351 1445 1
1351 1588 1
1351 1619 1
1351 1637 1
1351 1665 1
1351 1684 1
1351 1718 1
1351 1766 1
1351 1778 1
1351 1857 1
1352 1393 1
1352 1429 1
1352 1441 1
1352 1556 1
1352 1655 1
1352 1656 1
1352 1742 1
1352 1757 1
1352 1775 1
1352 1787 1
1352 1795 1
1352 1854 1
1352 1868 1
1352 1879 1
1352 1907 1
1353 1388 1
1353 1428 1
1353 1457 1
1353 1497 1
1353 1581 1
1353 1603 1
1353 1646 1
1353 1654 1
1353 1755 1
1353 1780 1
1353 1808 1
1353 1835 1
1353 1900 1
1353 1912 1
1353 1994 1
1353 1996 1
1354 1436 1
1354 1437 1
1354 1476 1
1354 1489 1
1354 1532 1
1354 1572 1
1354 1603 1
1354 1645 1
1354 1648 1
1354 1734 1
1354 1777 1
1354 1798 1
1354 1801 1
1354 1808 1
1354 1865 1
1354 1872 1
1354 1886 1
1354 1888 1
1354 1916 1
1354 1958 1
1354 1960 1
1355 1404 1
1355 1472 1
1355 1473 1
1355 1513 1
1355 1544 1
1355 1555 1
1355 1561 1
1355 1563 1
1355 1603 1
1355 1638 1
1355 1642 1
1355 1722 1
1355 1743 1
1355 1786 1
1355 1840 1
1355 1847 1
1355 1887 1
1355 1905 1
1355 1995 1
1356 1399 1
1356 1443 1
1356 1455 1
1356 1457 1
1356 1502 1
1356 1520 1
1356 1546 1
1356 1555 1
1356 1568 1
1356 1609 1
1356 1618 1
1356 1623 1
1356 1650 1
1356 1670 1
1356 1711 1
1356 1730 1
1356 1767 1
1356 1784 1
1356 1787 1
1356 1793 1
1356 1803 1
1356 1982 1
1357 1361 1
1357 1392 1
1357 1401 1
1357 1471 1
1357 1566 1
1357 1593 1
1357 1609 1
1357 1638 1
1357 1664 1
1357 1736 1
1357 1759 1
1357 1806 1
1357 1848 1
1357 1870 1
1357 1937 1
1358 1381 1
1358 1398 1
1358 1512 1
1358 1560 1
1358 1567 1
1358 1624 1
1358 1677 1
1358 1693 1
1358 1709 1
1358 1734 1
1358 1779 1
1358 1806 1
1358 1854 1
1359 1370 1
1359 1453 1
1359 1486 1
1359 1487 1
1359 1488 1
1359 1517 1
1359 1531 1
1359 1536 1
1359 1568 1
1359 1591 1
1359 1605 1
1359 1646 1
1359 1697 1
1359 1724 1
1359 1927 1
1359 1939 1
1360 1440 1
1360 1504 1
1360 1525 1
1360 1601 1
1360 1606 1
1360 1688 1
1360 1712 1
1360 1864 1
1360 1888 1
1360 1913 1
1360 1941 1
1360 1944 1
1361 1422 1
1361 1441 1
1361 1510 1
1361 1518 1
1361 1551 1
1361 1555 1
1361 1583 1
1361 1679 1
1361 1734 1
1361 1735 1
1361 1873 1
1361 1878 1
1361 1887 1
1361 1932 1
1361 1935 1
1361 1973 1
1362 1498 1
1362 1508 1
1362 1549 1
1362 1581 1
1362 1630 1
1362 1651 1
1362 1682 1
1362 1706 1
1362 1753 1
1362 1765 1
1362 1794 1
1362 1830 1
1362 1837 1
1362 1895 1
1362 1921 1
1362 1927 1
1362 1967 1
1362 1987 1
1362 2000 1
1363 1534 1
1363 1603 1
1363 1616 1
1363 1626 1
1363 1644 1
1363 1730 1
1363 1766 1
1363 1777 1
1363 1811 1
1363 1835 1
1363 1961 1
1364 1397 1
1364 1413 1
1364 1489 1
1364 1525 1
1364 1639 1
1364 1717 1
1364 1737 1
1364 1810 1
1364 1930 1
1364 1935 1
1364 1997 1
1365 1525 1
1365 1622 1
1365 1626 1
1365 1670 1
1365 1705 1
1365 1730 1
1365 1787 1
1365 1833 1
1365 1927 1
1365 1991 1
1366 1370 1
1366 1373 1
1366 1430 1
1366 1436 1
1366 1476 1
1366 1561 1
1366 1566 1
1366 1582 1
1366 1699 1
1366 1775 1
1366 1807 1
1366 1809 1
1366 1951 1
1366 1971 1
1367 1376 1
1367 1413 1
1367 1518 1
1367 1534 1
1367 1561 1
1367 1594 1
1367 1643 1
1367 1781 1
1367 1881 1
1367 1887 1
1367 1937 1
1367 1967 1
1367 1998 1
1368 1378 1
1368 1500 1
1368 1541 1
1368 1621 1
1368 1622 1
1368 1794 1
1368 1859 1
1368 1911 1
1368 1930 1
1368 1957 1
1368 1971 1
1369 1429 1
1369 1471 1
1369 1526 1
1369 1588 1
1369 1604 1
1369 1622 1
1369 1626 1
1369 1653 1
1369 1668 1
1369 1679 1
1369 1695 1
1369 1735 1
1369 1745 1
1369 1864 1
1369 1921 1
1369 1947 1
1370 1371 1
1370 1424 1
1370 1470 1
1370 1481 1
1370 1503 1
1370 1617 1
1370 1629 1
1370 1635 1
1370 1643 1
1370 1689 1
1370 1715 1
1370 1764 1
1370 1770 1
1370 1793 1
1370 1876 1
1370 1911 1
1370 1938 1
1371 1403 1
1371 1448 1
1371 1487 1
1371 1499 1
1371 1538 1
1371 1631 1
1371 1692 1
1371 1738 1
1371 1762 1
1371 1784 1
1371 1819 1
1371 1834 1
1371 1903 1
1371 1949 1
1371 1979 1
1372 1385 1
1372 1439 1
1372 1451 1
1372 1527 1
1372 1528 1
1372 1586 1
1372 1612 1
1372 1627 1
1372 1649 1
1372 1655 1
1372 1663 1
1372 1719 1
1372 1734 1
1372 1741 1
1372 1749 1
1372 1761 1
1372 1795 1
1372 1815 1
1372 1817 1
1372 1861 1
1372 1862 1
1373 1391 1
1373 1422 1
1373 1498 1
1373 1501 1
1373 1538 1
1373 1586 1
1373 1643 1
1373 1656 1
1373 1666 1
1373 1680 1
1373 1708 1
1373 1757 1
1373 1778 1
1373 1847 1
1373 1896 1
1373 1908 1
1373 1926 1
1373 1934 1
1373 1975 1
1373 1981 1
1374 1513 1
1374 1516 1
1374 1537 1
1374 1583 1
1374 1625 1
1374 1630 1
1374 1645 1
1374 1686 1
1374 1744 1
1374 1759 1
1374 1791 1
1374 1828 1
1374 1852 1
1374 1857 1
1374 1893 1
1374 1944 1
1374 1960 1
1374 1982 1
1374 1995 1
1375 1406 1
1375 1413 1
1375 1446 1
1375 1456 1
1375 1491 1
1375 1569 1
1375 1593 1
1375 1596 1
1375 1598 1
1375 1611 1
1375 1613 1
1375 1632 1
1375 1710 1
1375 1713 1
1375 1737 1
1375 1775 1
1375 1792 1
1375 1851 1
1375 1893 1
1375 1991 1
1375 1992 1
1376 1447 1
1376 1509 1
1376 1536 1
1376 1544 1
1376 1614 1
1376 1637 1
1376 1664 1
1376 1808 1
1376 1890 1
1376 1900 1
1376 1910 1
1377 1412 1
1377 1422 1
1377 1427 1
1377 1458 1
1377 1473 1
1377 1524 1
1377 1558 1
1377 1634 1
1377 1684 1
1377 1693 1
1377 1709 1
1377 1751 1
1377 1775 1
1377 1776 1
1377 1852 1
1377 1865 1
1377 1870 1
1377 1874 1
1377 1884 1
1377 1965 1
1378 1454 1
1378 1463 1
1378 1505 1
1378 1546 1
1378 1557 1
1378 1611 1
1378 1617 1
1378 1648 1
1378 1695 1
1378 1702 1
1378 1717 1
1378 1812 1
1378 1825 1
1378 1834 1
1378 1855 1
1378 1856 1
1378 1886 1
1378 1888 1
1378 1949 1
1378 1965 1
1379 1393 1
1379 1536 1
1379 1552 1
1379 1780 1
1379 1790 1
1379 1836 1
1379 1840 1
1379 1845 1
1379 1846 1
1379 1867 1
1379 1923 1
1379 1948 1
1379 1962 1
1380 1417 1
1380 1453 1
1380 1562 1
1380 1574 1
1380 1592 1
1380 1631 1
1380 1654 1
1380 1689 1
1380 1693 1
1380 1764 1
1380 1833 1
1380 1876 1
1380 1885 1
1380 1904 1
1380 1929 1
1380 1969 1
1380 1984 1
1381 1396 1
1381 1412 1
1381 1538 1
1381 1737 1
1381 1830 1
1382 1401 1
1382 1410 1
1382 1521 1
1382 1564 1
1382 1718 1
1382 1748 1
1382 1899 1
1382 1906 1
1382 1955 1
1382 1960 1
1383 1396 1
1383 1460 1
1383 1488 1
1383 1519 1
1383 1545 1
1383 1560 1
1383 1603 1
1383 1737 1
1383 1801 1
1383 1804 1
1383 1915 1
1383 1927 1
1384 1396 1
1384 1479 1
1384 1493 1
1384 1544 1
1384 1550 1
1384 1602 1
1384 1612 1
1384 1723 1
1384 1787 1
1384 1836 1
1384 1838 1
1384 1845 1
1384 1981 1
1384 1994 1
1385 1416 1
1385 1500 1
1385 1536 1
1385 1626 1
1385 1651 1
1385 1667 1
1385 1676 1
1385 1681 1
1385 1747 1
1385 1819 1
1385 1820 1
1385 1838 1
1385 1863 1
1385 1933 1
1385 1965 1
1385 1978 1
1385 2000 1
1386 1400 1
1386 1485 1
1386 1512 1
1386 1695 1
1386 1702 1
1386 1719 1
1386 1742 1
1386 1762 1
1386 1765 1
1386 1782 1
1386 1877 1
1386 1904 1
1386 1921 1
1386 1937 1
1387 1411 1
1387 1422 1
1387 1436 1
1387 1477 1
1387 1484 1
1387 1495 1
1387 1511 1
1387 1522 1
1387 1654 1
1387 1671 1
1387 1696 1
1387 1718 1
1387 1753 1
1387 1757 1
1387 1767 1
1387 1791 1
1387 1793 1
1387 1802 1
1387 1851 1
1387 1856 1
1387 1904 1
1387 1980 1
1388 1407 1
1388 1441 1
1388 1543 1
1388 1620 1
1388 1931 1
1388 1947 1
1389 1401 1
1389 1403 1
1389 1489 1
1389 1499 1
1389 1516 1
1389 1558 1
1389 1596 1
1389 1702 1
1389 1705 1
1389 1753 1
1389 1764 1
1389 1775 1
1389 1822 1
1389 1837 1
1389 1843 1
1389 1891 1
1389 1963 1
1390 1421 1
1390 1466 1
1390 1512 1
1390 1540 1
1390 1542 1
1390 1584 1
1390 1587 1
1390 1604 1
1390 1672 1
1390 1737 1
1390 1752 1
1390 1756 1
1390 1758 1
1390 1790 1
1390 1828 1
1390 1879 1
1390 1913 1
1390 1979 1
1391 1393 1
1391 1418 1
1391 1446 1
1391 1481 1
1391 1497 1
1391 1528 1
1391 1587 1
1391 1635 1
1391 1760 1
1391 1782 1
1391 1884 1
1391 1951 1
1391 1972 1
1391 1984 1
1391 1995 1
1392 1417 1
1392 1483 1
1392 1486 1
1392 1598 1
1392 1633 1
1392 1647 1
1392 1653 1
1392 1754 1
1392 1760 1
1392 1819 1
1392 1833 1
1392 1852 1
1392 1907 1
1392 1923 1
1393 1413 1
1393 1460 1
1393 1489 1
1393 1495 1
1393 1539 1
1393 1623 1
1393 1631 1
1393 1644 1
1393 1665 1
1393 1672 1
1393 1696 1
1393 1706 1
1393 1737 1
1393 1755 1
1393 1782 1
1393 1831 1
1393 1852 1
1393 1898 1
1393 1928 1
1393 1948 1
1393 1954 1
1394 1461 1
1394 1474 1
1394 1490 1
1394 1502 1
1394 1523 1
1394 1546 1
1394 1548 1
1394 1573 1
1394 1650 1
1394 1678 1
1394 1796 1
1394 1812 1
1394 1818 1
1394 1842 1
1394 1863 1
1394 1877 1
1394 1879 1
1394 1950 1
1394 1963 1
1395 1401 1
1395 1434 1
1395 1465 1
1395 1487 1
1395 1527 1
1395 1567 1
1395 1605 1
1395 1617 1
1395 1637 1
1395 1640 1
1395 1660 1
1395 1666 1
1395 1752 1
1395 1814 1
1395 1878 1
1395 1894 1
1395 1920 1
1395 1941 1
1396 1533 1
1396 1556 1
1396 1610 1
1396 1668 1
1396 1727 1
1396 1741 1
1396 1742 1
1396 1792 1
1396 1819 1
1396 1839 1
1396 1847 1
1396 1860 1
1397 1468 1
1397 1475 1
1397 1520 1
1397 1522 1
1397 1561 1
1397 1562 1
1397 1623 1
1397 1759 1
1397 1770 1
1397 1807 1
1397 1835 1
1397 1863 1
1397 1877 1
1397 1928 1
1398 1428 1
1398 1533 1
1398 1558 1
1398 1612 1
1398 1619 1
1398 1637 1
1398 1655 1
1398 1660 1
1398 1687 1
1398 1725 1
1398 1749 1
1398 1758 1
1398 1824 1
1398 1880 1
1398 1898 1
1398 1916 1
1398 1989 1
1399 1410 1
1399 1421 1
1399 1444 1
1399 1520 1
1399 1562 1
1399 1563 1
1399 1586 1
1399 1601 1
1399 1634 1
1399 1640 1
1399 1646 1
1399 1661 1
1399 1675 1
1399 1711 1
1399 1762 1
1399 1768 1
1399 1784 1
1399 1808 1
1399 1818 1
1399 1843 1
1399 1869 1
1399 1968 1
1399 1985 1
1400 1401 1
1400 1469 1
1400 1487 1
1400 1534 1
1400 1571 1
1400 1576 1
1400 1577 1
1400 1588 1
1400 1624 1
1400 1626 1
1400 1655 1
1400 1680 1
1400 1687 1
1400 1723 1
1400 1727 1
1400 1789 1
1400 1803 1
1400 1924 1
1400 1958 1
1400 1974 1
1401 1528 1
1401 1572 1
1401 1647 1
1401 1685 1
1401 1686 1
1401 1725 1
1401 1783 1
1401 1833 1
1401 1850 1
1401 1884 1
1401 1897 1
1401 1912 1
1401 1944 1
1401 1993 1
1402 1423 1
1402 1452 1
1402 1458 1
1402 1546 1
1402 1553 1
1402 1596 1
1402 1601 1
1402 1671 1
1402 1688 1
1402 1725 1
1402 1755 1
1402 1794 1
1402 1797 1
1402 1804 1
1402 1808 1
1402 1884 1
1402 1901 1
1402 1929 1
1402 1958 1
1402 1969 1
1402 1972 1
1402 1988 1
1402 2000 1
1403 1480 1
1403 1488 1
1403 1489 1
1403 1508 1
1403 1546 1
1403 1589 1
1403 1663 1
1403 1692 1
1403 1695 1
1403 1699 1
1403 1748 1
1403 1764 1
1403 1798 1
1403 1854 1
1403 1876 1
1404 1454 1
1404 1638 1
1404 1693 1
1404 1735 1
1404 1773 1
1404 1957 1
1404 1992 1
1405 1418 1
1405 1498 1
1405 1577 1
1405 1585 1
1405 1613 1
1405 1615 1
1405 1660 1
1405 1706 1
1405 1707 1
1405 1722 1
1405 1733 1
1405 1746 1
1405 1750 1
1405 1928 1
1406 1456 1
1406 1460 1
1406 1481 1
1406 1580 1
1406 1591 1
1406 1597 1
1406 1698 1
1406 1704 1
1406 1731 1
1406 1740 1
1406 1742 1
1406 1747 1
1406 1766 1
1406 1773 1
1406 1788 1
1406 1874 1
1406 1886 1
1406 1892 1
1406 1965 1
1406 1974 1
1406 1976 1
1406 1979 1
1407 1414 1
1407 1425 1
1407 1464 1
1407 1495 1
1407 1514 1
1407 1536 1
1407 1537 1
1407 1595 1
1407 1664 1
1407 1670 1
1407 1685 1
1407 1810 1
1407 1843 1
1407 1848 1
1407 1855 1
1407 1890 1
1407 1900 1
1407 1925 1
1407 1984 1
1407 1991 1
1408 1509 1
1408 1605 1
1408 1616 1
1408 1631 1
1408 1663 1
1408 1694 1
1408 1794 1
1408 1827 1
1408 1868 1
1408 1911 1
1408 1951 1
1408 1956 1
1408 1995 1
1409 1443 1
1409 1508 1
1409 1579 1
1409 1732 1
1409 1790 1
1409 1831 1
1409 1838 1
1409 1921 1
1409 1979 1
1409 1986 1
1410 1452 1
1410 1478 1
1410 1565 1
1410 1584 1
1410 1588 1
1410 1591 1
1410 1604 1
1410 1661 1
1410 1664 1
1410 1669 1
1410 1670 1
1410 1683 1
1410 1686 1
1410 1698 1
1410 1700 1
1410 1727 1
1410 1759 1
1410 1789 1
1410 1800 1
1410 1842 1
1410 1863 1
1410 1881 1
1411 1417 1
1411 1486 1
1411 1507 1
1411 1598 1
1411 1601 1
1411 1612 1
1411 1631 1
1411 1635 1
1411 1689 1
1411 1709 1
1411 1803 1
1411 1804 1
1411 1901 1
1411 1936 1
1411 1943 1
1411 1985 1
1412 1441 1
1412 1473 1
1412 1483 1
1412 1491 1
1412 1588 1
1412 1615 1
1412 1648 1
1412 1708 1
1412 1780 1
1412 1802 1
1412 1840 1
1412 1868 1
1412 1896 1
1412 1903 1
1412 1905 1
1412 1948 1
1412 1949 1
1413 1420 1
1413 1458 1
1413 1499 1
1413 1502 1
1413 1528 1
1413 1548 1
1413 1553 1
1413 1570 1
1413 1590 1
1413 1619 1
1413 1634 1
1413 1690 1
1413 1723 1
1413 1740 1
1413 1750 1
1413 1752 1
1413 1827 1
1413 1832 1
1413 1851 1
1413 1868 1
1413 1875 1
1413 1925 1
1413 1926 1
1413 1957 1
1413 1977 1
1414 1456 1
1414 1480 1
1414 1497 1
1414 1498 1
1414 1530 1
1414 1560 1
1414 1670 1
1414 1672 1
1414 1685 1
1414 1699 1
1414 1724 1
1414 1754 1
1414 1773 1
1414 1825 1
1414 1843 1
1414 1980 1
1414 1984 1
1415 1417 1
1415 1465 1
1415 1476 1
1415 1511 1
1415 1558 1
1415 1643 1
1415 1695 1
1415 1705 1
1415 1760 1
1415 1790 1
1415 1800 1
1415 1813 1
1415 1871 1
1415 1900 1
1415 1929 1
1415 1964 1
1415 1975 1
1415 1990 1
1416 1489 1
1416 1522 1
1416 1527 1
1416 1531 1
1416 1601 1
1416 1610 1
1416 1634 1
1416 1703 1
1416 1774 1
1416 1784 1
1416 1789 1
1416 1808 1
1416 1848 1
1416 1906 1
1416 1940 1
1416 1944 1
1417 1526 1
1417 1587 1
1417 1627 1
1417 1738 1
1417 1739 1
1417 1785 1
1417 1830 1
1417 1840 1
1417 1850 1
1417 1863 1
1417 1878 1
1417 1885 1
1417 1903 1
1417 1954 1
1417 1956 1
1417 1990 1
1418 1422 1
1418 1424 1
1418 1597 1
1418 1608 1
1418 1626 1
1418 1627 1
1418 1665 1
1418 1683 1
1418 1741 1
1418 1744 1
1418 1745 1
1418 1778 1
1418 1786 1
1418 1787 1
1418 1792 1
1418 1912 1
1418 1944 1
1419 1429 1
1419 1452 1
1419 1555 1
1419 1715 1
1419 1763 1
1419 1769 1
1419 1844 1
1419 1955 1
1419 1966 1
1419 1971 1
1420 1421 1
1420 1423 1
1420 1424 1
1420 1429 1
1420 1444 1
1420 1469 1
1420 1470 1
1420 1485 1
1420 1509 1
1420 1522 1
1420 1535 1
1420 1560 1
1420 1582 1
1420 1597 1
1420 1668 1
1420 1690 1
1420 1747 1
1420 1748 1
1420 1765 1
1420 1784 1
1420 1835 1
1420 1884 1
1420 1900 1
1420 1906 1
1421 1461 1
1421 1506 1
1421 1524 1
1421 1635 1
1421 1755 1
1421 1794 1
1421 1863 1
1421 1906 1
1422 1643 1
1422 1796 1
1422 1808 1
1422 1825 1
1422 1890 1
1422 1903 1
1422 1905 1
1422 1913 1
1423 1443 1
1423 1480 1
1423 1631 1
1423 1730 1
1423 1769 1
1423 1934 1
1423 1949 1
1424 1428 1
1424 1456 1
1424 1461 1
1424 1499 1
1424 1537 1
1424 1603 1
1424 1615 1
1424 1621 1
1424 1623 1
1424 1724 1
1424 1748 1
1424 1806 1
1424 1815 1
1424 1818 1
1424 1900 1
1424 1922 1
1424 1952 1
1425 1427 1
1425 1462 1
1425 1465 1
1425 1547 1
1425 1555 1
1425 1654 1
1425 1672 1
1425 1682 1
1425 1773 1
1425 1824 1
1425 1826 1
1425 1900 1
1426 1459 1
1426 1487 1
1426 1514 1
1426 1582 1
1426 1595 1
1426 1599 1
1426 1611 1
1426 1706 1
1426 1711 1
1426 1759 1
1426 1773 1
1426 1833 1
1426 1847 1
1426 1856 1
1426 1860 1
1426 1943 1
1426 1950 1
1427 1505 1
1427 1515 1
1427 1618 1
1427 1620 1
1427 1723 1
1427 1732 1
1427 1794 1
1427 1830 1
1427 1854 1
1427 1889 1
1427 1896 1
1427 1978 1
1427 1983 1
1428 1485 1
1428 1489 1
1428 1492 1
1428 1501 1
1428 1539 1
1428 1555 1
1428 1565 1
1428 1612 1
1428 1614 1
1428 1660 1
1428 1663 1
1428 1705 1
1428 1728 1
1428 1797 1
1428 1843 1
1428 1889 1
1428 1930 1
1429 1430 1
1429 1438 1
1429 1466 1
1429 1499 1
1429 1551 1
1429 1559 1
1429 1603 1
1429 1616 1
1429 1782 1
1429 1821 1
1429 1841 1
1429 1925 1
1429 1958 1
1429 1974 1
1430 1436 1
1430 1452 1
1430 1474 1
1430 1512 1
1430 1584 1
1430 1594 1
1430 1641 1
1430 1660 1
1430 1686 1
1430 1730 1
1430 1771 1
1430 1779 1
1430 1822 1
1430 1837 1
1430 1873 1
1430 1878 1
1430 1936 1
1430 1940 1
1430 1967 1
1430 1975 1
1431 1446 1
1431 1448 1
1431 1536 1
1431 1553 1
1431 1571 1
1431 1596 1
1431 1808 1
1431 1826 1
1431 1832 1
1431 1863 1
1431 1906 1
1431 1923 1
1431 1946 1
1431 1947 1
1431 1986 1
1432 1437 1
1432 1544 1
1432 1556 1
1432 1617 1
1432 1637 1
1432 1713 1
1432 1743 1
1432 1779 1
1432 1819 1
1432 1837 1
1432 1879 1
1433 1464 1
1433 1533 1
1433 1667 1
1433 1771 1
1433 1777 1
1433 1786 1
1433 1805 1
1433 1859 1
1433 1906 1
1433 1926 1
1434 1435 1
1434 1469 1
1434 1478 1
1434 1487 1
1434 1490 1
1434 1549 1
1434 1552 1
1434 1555 1
1434 1561 1
1434 1580 1
1434 1624 1
1434 1675 1
1434 1700 1
1434 1799 1
1434 1816 1
1434 1922 1
1434 1941 1
1434 1954 1
1434 1967 1
1435 1459 1
1435 1503 1
1435 1509 1
1435 1530 1
1435 1552 1
1435 1561 1
1435 1583 1
1435 1597 1
1435 1715 1
1435 1741 1
1435 1856 1
1435 1883 1
1435 1973 1
1435 1978 1
1435 1983 1
1435 1994 1
1436 1446 1
1436 1555 1
1436 1599 1
1436 1614 1
1436 1620 1
1436 1648 1
1436 1686 1
1436 1753 1
1436 1891 1
1436 1916 1
1436 1941 1
1436 1991 1
1437 1567 1
1437 1629 1
1437 1668 1
1437 1726 1
1437 1810 1
1437 1822 1
1437 1878 1
1437 1900 1
1437 1901 1
1437 1936 1
1438 1443 1
1438 1520 1
1438 1597 1
1438 1618 1
1438 1698 1
1438 1783 1
1438 1890 1
1438 1907 1
1438 1941 1
1439 1481 1
1439 1501 1
1439 1513 1
1439 1517 1
1439 1545 1
1439 1571 1
1439 1574 1
1439 1588 1
1439 1597 1
1439 1620 1
1439 1638 1
1439 1686 1
1439 1792 1
1439 1798 1
1439 1810 1
1439 1820 1
1439 1839 1
1439 1858 1
1439 1863 1
1439 1888 1
1439 1896 1
1439 1917 1
1439 1922 1
1440 1441 1
1440 1485 1
1440 1516 1
1440 1524 1
1440 1544 1
1440 1608 1
1440 1612 1
1440 1651 1
1440 1658 1
1440 1729 1
1440 1754 1
1440 1784 1
1440 1804 1
1440 1826 1
1440 1841 1
1440 1893 1
1440 1945 1
1440 1951 1
1440 1994 1
1441 1467 1
1441 1502 1
1441 1546 1
1441 1549 1
1441 1559 1
1441 1598 1
1441 1637 1
1441 1721 1
1441 1749 1
1441 1817 1
1441 1849 1
1441 1851 1
1441 1924 1
1441 1925 1
1442 1448 1
1442 1467 1
1442 1557 1
1442 1609 1
1442 1685 1
1442 1702 1
1442 1781 1
1442 1792 1
1442 1801 1
1442 1860 1
1442 1871 1
1442 1873 1
1442 1881 1
1442 1883 1
1442 1891 1
1442 1969 1
1442 1995 1
1443 1448 1
1443 1461 1
1443 1486 1
1443 1489 1
1443 1508 1
1443 1559 1
1443 1608 1
1443 1612 1
1443 1663 1
1443 1667 1
1443 1686 1
1443 1759 1
1443 1808 1
1443 1826 1
1443 1829 1
1443 1840 1
1443 1885 1
1443 1895 1
1443 1909 1
1443 1924 1
1443 1933 1
1443 1935 1
1443 1980 1
1444 1485 1
1444 1491 1
1444 1546 1
1444 1549 1
1444 1605 1
1444 1621 1
1444 1670 1
1444 1757 1
1444 1992 1
1444 1998 1
1445 1447 1
1445 1572 1
1445 1630 1
1445 1669 1
1445 1759 1
1445 1900 1
1445 1946 1
1445 1968 1
1445 1993 1
1446 1464 1
1446 1475 1
1446 1488 1
1446 1501 1
1446 1505 1
1446 1553 1
1446 1557 1
1446 1642 1
1446 1750 1
1446 1828 1
1446 1904 1
1446 1911 1
1446 1918 1
1446 1928 1
1446 1936 1
1446 1961 1
1446 1969 1
1446 1998 1
1447 1510 1
1447 1515 1
1447 1542 1
1447 1713 1
1447 1724 1
1447 1804 1
1447 1919 1
1447 1920 1
1447 1921 1
1448 1476 1
1448 1501 1
1448 1506 1
1448 1513 1
1448 1565 1
1448 1577 1
1448 1645 1
1448 1731 1
1448 1752 1
1448 1785 1
1448 1828 1
1448 1843 1
1448 1892 1
1448 1954 1
1449 1469 1
1449 1501 1
1449 1546 1
1449 1548 1
1449 1631 1
1449 1676 1
1449 1709 1
1449 1727 1
1449 1760 1
1449 1803 1
1449 1822 1
1449 1832 1
1449 1889 1
1449 1903 1
1449 1931 1
1449 1991 1
1450 1465 1
1450 1542 1
1450 1573 1
1450 1586 1
1450 1659 1
1450 1769 1
1450 1930 1
1450 1948 1
1450 1952 1
1450 1967 1
1451 1456 1
1451 1459 1
1451 1530 1
1451 1635 1
1451 1708 1
1451 1759 1
1451 1877 1
1451 1979 1
1451 1988 1
1451 1992 1
1451 1994 1
1452 1493 1
1452 1543 1
1452 1545 1
1452 1563 1
1452 1584 1
1452 1586 1
1452 1589 1
1452 1591 1
1452 1592 1
1452 1610 1
1452 1668 1
1452 1683 1
1452 1724 1
1452 1738 1
1452 1780 1
1452 1819 1
1452 1851 1
1452 1916 1
1452 1919 1
1452 1926 1
1452 1986 1
1452 1999 1
1453 1486 1
1453 1522 1
1453 1606 1
1453 1632 1
1453 1636 1
1453 1655 1
1453 1698 1
1453 1746 1
1453 1749 1
1453 1757 1
1453 1774 1
1453 1810 1
1454 1549 1
1454 1646 1
1454 1678 1
1454 1761 1
1454 1834 1
1454 1855 1
1454 1874 1
1454 1885 1
1454 1972 1
1455 1496 1
1455 1532 1
1455 1582 1
1455 1584 1
1455 1646 1
1455 1652 1
1455 1743 1
1455 1796 1
1455 1824 1
1455 1846 1
1455 1850 1
1455 1860 1
1455 1961 1
1456 1510 1
1456 1641 1
1456 1660 1
1456 1680 1
1456 1695 1
1456 1741 1
1456 1793 1
1456 1829 1
1456 1966 1
1457 1514 1
1457 1542 1
1457 1570 1
1457 1573 1
1457 1580 1
1457 1656 1
1457 1674 1
1457 1748 1
1457 1804 1
1457 1840 1
1457 1841 1
1457 1844 1
1457 1855 1
1457 1880 1
1457 1889 1
1457 1901 1
1457 1976 1
1457 1978 1
1457 2000 1
1458 1506 1
1458 1512 1
1458 1573 1
1458 1612 1
1458 1661 1
1458 1742 1
1458 1776 1
1458 1813 1
1458 1877 1
1458 1888 1
1458 1952 1
1458 1957 1
1459 1483 1
1459 1535 1
1459 1540 1
1459 1570 1
1459 1591 1
1459 1615 1
1459 1686 1
1459 1696 1
1459 1719 1
1459 1740 1
1459 1750 1
1459 1779 1
1459 1800 1
1459 1865 1
1459 1901 1
1459 1913 1
1459 1916 1
1459 1947 1
1459 1960 1
1460 1467 1
1460 1539 1
1460 1543 1
1460 1575 1
1460 1590 1
1460 1734 1
1460 1800 1
1460 1901 1
1461 1467 1
1461 1476 1
1461 1504 1
1461 1505 1
1461 1509 1
1461 1529 1
1461 1560 1
1461 1562 1
1461 1564 1
1461 1571 1
1461 1620 1
1461 1657 1
1461 1688 1
1461 1718 1
1461 1746 1
1461 1782 1
1461 1820 1
1461 1851 1
1461 1885 1
1461 1911 1
1461 1944 1
1461 1969 1
1462 1503 1
1462 1599 1
1462 1620 1
1462 1648 1
1462 1706 1
1462 1707 1
1462 1730 1
1462 1732 1
1462 1735 1
1462 1736 1
1462 1779 1
1462 1783 1
1462 1803 1
1462 1809 1
1462 1851 1
1462 1877 1
1462 1888 1
1462 1935 1
1462 1957 1
1462 1981 1
1463 1468 1
1463 1510 1
1463 1737 1
1463 1772 1
1463 1782 1
1463 1915 1
1463 1924 1
1464 1524 1
1464 1565 1
1464 1580 1
1464 1647 1
1464 1829 1
1464 1851 1
1464 1862 1
1464 1921 1
1464 1940 1
1464 1956 1
1464 1967 1
1465 1475 1
1465 1477 1
1465 1538 1
1465 1551 1
1465 1578 1
1465 1634 1
1465 1664 1
1465 1673 1
1465 1679 1
1465 1681 1
1465 1682 1
1465 1699 1
1465 1708 1
1465 1745 1
1465 1753 1
1465 1813 1
1465 1845 1
1465 1906 1
1465 1933 1
1465 1938 1
1466 1535 1
1466 1561 1
1466 1605 1
1466 1619 1
1466 1665 1
1466 1766 1
1466 1790 1
1466 1825 1
1466 1880 1
1466 1892 1
1467 1528 1
1467 1593 1
1467 1638 1
1467 1645 1
1467 1673 1
1467 1725 1
1467 1772 1
1467 1805 1
1467 1857 1
1467 1867 1
1467 1904 1
1467 1912 1
1468 1494 1
1468 1555 1
1468 1568 1
1468 1767 1
1468 1816 1
1468 1873 1
1468 1965 1
1468 1996 1
1468 1999 1
1469 1480 1
1469 1492 1
1469 1698 1
1469 1740 1
1469 1755 1
1469 1771 1
1469 1867 1
1469 1884 1
1470 1484 1
1470 1556 1
1470 1691 1
1470 1714 1
1470 1815 1
1470 1826 1
1470 1831 1
1470 1840 1
1470 1859 1
1470 1879 1
1470 1946 1
1471 1522 1
1471 1632 1
1471 1700 1
1471 1747 1
1471 1803 1
1471 1827 1
1471 1939 1
1471 1942 1
1471 1951 1
1471 1981 1
1471 1989 1
1472 1504 1
1472 1509 1
1472 1514 1
1472 1568 1
1472 1608 1
1472 1633 1
1472 1673 1
1472 1697 1
1472 1713 1
1472 1742 1
1472 1747 1
1472 1823 1
1472 1837 1
1472 1869 1
1472 1878 1
1472 1894 1
1472 1960 1
1472 1972 1
1472 1989 1
1473 1624 1
1473 1626 1
1473 1745 1
1473 1754 1
1473 1786 1
1473 1798 1
1473 1830 1
1473 1898 1
1473 1918 1
1473 1966 1
1474 1579 1
1474 1623 1
1474 1641 1
1474 1692 1
1474 1700 1
1474 1787 1
1474 1818 1
1474 1829 1
1474 1866 1
1474 1867 1
1474 1881 1
1474 1921 1
1474 1959 1
1474 1986 1
1475 1508 1
1475 1539 1
1475 1556 1
1475 1640 1
1475 1741 1
1475 1810 1
1475 1967 1
1475 1997 1
1476 1533 1
1476 1609 1
1476 1651 1
1476 1720 1
1476 1747 1
1476 1807 1
1476 1877 1
1476 1922 1
1476 1953 1
1476 1971 1
1476 1972 1
1476 1984 1
1477 1524 1
1477 1588 1
1477 1617 1
1477 1748 1
1477 1819 1
1477 1872 1
1477 1874 1
1477 1899 1
1477 1930 1
1477 1931 1
1477 1949 1
1477 1952 1
1478 1519 1
1478 1521 1
1478 1567 1
1478 1686 1
1478 1720 1
1478 1764 1
1478 1779 1
1478 1834 1
1478 1845 1
1478 1887 1
1478 1890 1
1478 1896 1
1478 1921 1
1478 1986 1
1479 1508 1
1479 1594 1
1479 1669 1
1479 1681 1
1479 1755 1
1479 1777 1
1479 1811 1
1479 1876 1
1480 1557 1
1480 1575 1
1480 1676 1
1480 1821 1
1480 1882 1
1480 1895 1
1480 1902 1
1480 1958 1
1480 1987 1
1481 1491 1
1481 1532 1
1481 1533 1
1481 1552 1
1481 1586 1
1481 1610 1
1481 1668 1
1481 1851 1
1481 1898 1
1481 1907 1
1481 1909 1
1481 1938 1
1481 1954 1
1482 1512 1
1482 1551 1
1482 1564 1
1482 1631 1
1482 1642 1
1482 1659 1
1482 1682 1
1482 1691 1
1482 1721 1
1482 1731 1
1482 1856 1
1482 1887 1
1482 1907 1
1482 1913 1
1482 1924 1
1482 1925 1
1482 1942 1
1482 1944 1
1483 1485 1
1483 1536 1
1483 1590 1
1483 1686 1
1483 1699 1
1483 1723 1
1483 1760 1
1483 1768 1
1483 1819 1
1483 1833 1
1483 1850 1
1483 1875 1
1483 1884 1
1483 1917 1
1484 1516 1
1484 1542 1
1484 1573 1
1484 1666 1
1484 1687 1
1484 1711 1
1484 1728 1
1484 1746 1
1484 1779 1
1484 1853 1
1484 1857 1
1484 1872 1
1485 1496 1
1485 1573 1
1485 1608 1
1485 1638 1
1485 1646 1
1485 1656 1
1485 1665 1
1485 1676 1
1485 1690 1
1485 1733 1
1485 1808 1
1485 1826 1
1485 1894 1
1485 1917 1
1485 1931 1
1485 1932 1
1485 1939 1
1485 1956 1
1485 1970 1
1485 1977 1
1486 1506 1
1486 1523 1
1486 1592 1
1486 1636 1
1486 1673 1
1486 1686 1
1486 1702 1
1486 1724 1
1486 1747 1
1486 1748 1
1486 1770 1
1486 1816 1
1486 1902 1
1486 1910 1
1486 1914 1
1487 1494 1
1487 1497 1
1487 1545 1
1487 1546 1
1487 1580 1
1487 1600 1
1487 1653 1
1487 1668 1
1487 1675 1
1487 1692 1
1487 1736 1
1487 1778 1
1487 1797 1
1487 1831 1
1487 1878 1
1487 1902 1
1487 1942 1
1487 1983 1
1487 1985 1
1488 1514 1
1488 1573 1
1488 1624 1
1488 1718 1
1488 1738 1
1488 1862 1
1488 1892 1
1489 1512 1
1489 1554 1
1489 1573 1
1489 1618 1
1489 1642 1
1489 1666 1
1489 1775 1
1489 1776 1
1489 1795 1
1489 1849 1
1489 1887 1
1489 1907 1
1489 1917 1
1490 1501 1
1490 1634 1
1490 1642 1
1490 1643 1
1490 1647 1
1490 1649 1
1490 1701 1
1490 1705 1
1490 1748 1
1490 1760 1
1490 1908 1
1490 1970 1
1491 1501 1
1491 1560 1
1491 1584 1
1491 1593 1
1491 1694 1
1491 1852 1
1492 1574 1
1492 1673 1
1492 1738 1
1492 1789 1
1492 1818 1
1492 1852 1
1492 1926 1
1492 1949 1
1492 1964 1
1492 1971 1
1493 1586 1
1493 1673 1
1493 1719 1
1493 1774 1
1493 1780 1
1493 1794 1
1493 1853 1
1493 1901 1
1493 1946 1
1494 1497 1
1494 1533 1
1494 1552 1
1494 1638 1
1494 1680 1
1494 1694 1
1494 1742 1
1494 1802 1
1494 1979 1
1495 1524 1
1495 1530 1
1495 1537 1
1495 1559 1
1495 1592 1
1495 1598 1
1495 1601 1
1495 1604 1
1495 1624 1
1495 1744 1
1495 1761 1
1495 1763 1
1495 1792 1
1495 1826 1
1495 1833 1
1495 1866 1
1495 1867 1
1495 1935 1
1495 1996 1
1496 1500 1
1496 1505 1
1496 1534 1
1496 1560 1
1496 1566 1
1496 1603 1
1496 1608 1
1496 1637 1
1496 1670 1
1496 1727 1
1496 1738 1
1496 1764 1
1496 1794 1
1496 1799 1
1496 1813 1
1496 1858 1
1496 1860 1
1496 1890 1
1496 1939 1
1496 1945 1
1496 1946 1
1496 1999 1
1497 1554 1
1497 1605 1
1497 1661 1
1497 1664 1
1497 1677 1
1497 1681 1
1497 1795 1
1497 1804 1
1497 1912 1
1497 1919 1
1497 1953 1
1497 1962 1
1498 1662 1
1498 1673 1
1498 1780 1
1498 1814 1
1498 1842 1
1498 1890 1
1498 1994 1
1499 1500 1
1499 1511 1
1499 1575 1
1499 1579 1
1499 1581 1
1499 1649 1
1499 1657 1
1499 1692 1
1499 1700 1
1499 1720 1
1499 1721 1
1499 1735 1
1499 1753 1
1499 1783 1
1499 1816 1
1499 1895 1
1500 1510 1
1500 1532 1
1500 1563 1
1500 1597 1
1500 1602 1
1500 1649 1
1500 1677 1
1500 1693 1
1500 1697 1
1500 1704 1
1500 1721 1
1500 1733 1
1500 1804 1
1500 1805 1
1500 1810 1
1500 1855 1
1500 1862 1
1500 1890 1
1500 1904 1
1500 1950 1
1500 1951 1
1501 1571 1
1501 1615 1
1501 1623 1
1501 1649 1
1501 1687 1
1501 1724 1
1501 1850 1
1501 1897 1
1501 1968 1
1502 1533 1
1502 1558 1
1502 1670 1
1502 1689 1
1502 1721 1
1502 1841 1
1502 1846 1
1502 1849 1
1502 1853 1
1502 1909 1
1502 1921 1
1502 1983 1
1503 1514 1
1503 1530 1
1503 1532 1
1503 1593 1
1503 1690 1
1503 1753 1
1503 1812 1
1503 1817 1
1503 1883 1
1504 1520 1
1504 1539 1
1504 1626 1
1504 1643 1
1504 1650 1
1504 1659 1
1504 1707 1
1504 1780 1
1504 1835 1
1504 1934 1
1504 1935 1
1505 1580 1
1505 1622 1
1505 1625 1
1505 1640 1
1505 1727 1
1505 1767 1
1505 1774 1
1505 1835 1
1505 1876 1
1505 1887 1
1505 1949 1
1505 1953 1
1505 1954 1
1505 1955 1
1505 1983 1
1506 1592 1
1506 1613 1
1506 1625 1
1506 1666 1
1506 1746 1
1506 1784 1
1506 1825 1
1506 1855 1
1506 1869 1
1507 1522 1
1507 1538 1
1507 1567 1
1507 1579 1
1507 1621 1
1507 1651 1
1507 1658 1
1507 1706 1
1507 1783 1
1507 1791 1
1507 1877 1
1507 1933 1
1507 1938 1
1507 1997 1
1508 1524 1
1508 1651 1
1508 1704 1
1508 1708 1
1508 1778 1
1508 1784 1
1508 1830 1
1508 1850 1
1508 1921 1
1508 1922 1
1508 1959 1
1508 1961 1
1509 1551 1
1509 1607 1
1509 1615 1
1509 1747 1
1509 1763 1
1509 1834 1
1509 1841 1
1509 1847 1
1509 1891 1
1509 1936 1
1510 1540 1
1510 1565 1
1510 1571 1
1510 1688 1
1510 1743 1
1510 1745 1
1510 1817 1
1510 1834 1
1510 1844 1
1510 1904 1
1510 1926 1
1511 1548 1
1511 1565 1
1511 1646 1
1511 1671 1
1511 1673 1
1511 1680 1
1511 1810 1
1511 1900 1
1511 1915 1
1512 1576 1
1512 1584 1
1512 1594 1
1512 1697 1
1512 1720 1
1512 1739 1
1512 1763 1
1512 1772 1
1512 1784 1
1512 1812 1
1512 1911 1
1513 1642 1
1513 1678 1
1513 1744 1
1513 1893 1
1513 1915 1
1514 1601 1
1514 1646 1
1514 1660 1
1514 1708 1
1514 1720 1
1514 1722 1
1514 1801 1
1514 1813 1
1514 1831 1
1514 1832 1
1514 1859 1
1514 1912 1
1514 1932 1
1514 1947 1
1515 1562 1
1515 1589 1
1515 1639 1
1515 1741 1
1515 1880 1
1515 1911 1
1515 1960 1
1516 1543 1
1516 1568 1
1516 1597 1
1516 1635 1
1516 1767 1
1516 1770 1
1516 1883 1
1516 1906 1
1517 1570 1
1517 1582 1
1517 1637 1
1517 1677 1
1517 1735 1
1517 1884 1
1517 1895 1
1517 1919 1
1517 1984 1
1518 1576 1
1518 1581 1
1518 1614 1
1518 1619 1
1518 1785 1
1518 1796 1
1518 1853 1
1518 1858 1
1518 1887 1
1518 1900 1
1518 1921 1
1518 1959 1
1518 1962 1
1519 1524 1
1519 1566 1
1519 1636 1
1519 1687 1
1519 1704 1
1519 1731 1
1519 1865 1
1519 1871 1
1519 1934 1
1519 1974 1
1519 1996 1
1520 1593 1
1520 1612 1
1520 1685 1
1520 1732 1
1520 1810 1
1520 1843 1
1520 1889 1
1520 1940 1
1520 1944 1
1520 1989 1
1521 1592 1
1521 1659 1
1521 1668 1
1521 1674 1
1521 1715 1
1521 1785 1
1521 1813 1
1521 1817 1
1521 1841 1
1521 1864 1
1521 1875 1
1521 1990 1
1522 1524 1
1522 1539 1
1522 1545 1
1522 1552 1
1522 1554 1
1522 1574 1
1522 1647 1
1522 1710 1
1522 1720 1
1522 1761 1
1522 1805 1
1522 1815 1
1522 1929 1
1523 1592 1
1523 1597 1
1523 1603 1
1523 1635 1
1523 1674 1
1523 1722 1
1523 1788 1
1523 1843 1
1523 1913 1
1523 1987 1
1524 1552 1
1524 1611 1
1524 1647 1
1524 1684 1
1524 1705 1
1524 1726 1
1524 1741 1
1524 1780 1
1524 1808 1
1524 1817 1
1524 1852 1
1524 1863 1
1524 1894 1
1524 1918 1
1524 1919 1
1524 1980 1
1525 1572 1
1525 1605 1
1525 1618 1
1525 1653 1
1525 1775 1
1526 1554 1
1526 1609 1
1526 1655 1
1526 1738 1
1526 1781 1
1526 1833 1
1526 1846 1
1526 1925 1
1526 1961 1
1526 1982 1
1526 1989 1
1527 1533 1
1527 1546 1
1527 1655 1
1527 1685 1
1527 1793 1
1527 1836 1
1527 1837 1
1527 1860 1
1527 1899 1
1527 1932 1
1528 1614 1
1528 1626 1
1528 1675 1
1528 1685 1
1528 1692 1
1528 1888 1
1528 1900 1
1528 1912 1
1528 1929 1
1529 1569 1
1529 1599 1
1529 1657 1
1529 1681 1
1529 1698 1
1529 1729 1
1529 1731 1
1529 1734 1
1529 1760 1
1529 1801 1
1529 1820 1
1529 1829 1
1529 1896 1
1529 1974 1
1529 1983 1
1529 2000 1
1530 1532 1
1530 1577 1
1530 1603 1
1530 1651 1
1530 1668 1
1530 1691 1
1530 1714 1
1530 1820 1
1530 1835 1
1530 1846 1
1530 1847 1
1530 1851 1
1530 1857 1
1530 1869 1
1530 1974 1
1530 1977 1
1531 1546 1
1531 1562 1
1531 1563 1
1531 1656 1
1531 1674 1
1531 1693 1
1531 1694 1
1531 1700 1
1531 1704 1
1531 1721 1
1531 1765 1
1531 1772 1
1531 1843 1
1531 1853 1
1531 1877 1
1531 1966 1
1531 1980 1
1532 1557 1
1532 1655 1
1532 1702 1
1532 1731 1
1532 1735 1
1532 1742 1
1532 1749 1
1532 1773 1
1532 1779 1
1532 1853 1
1532 1957 1
1533 1541 1
1533 1546 1
1533 1604 1
1533 1642 1
1533 1659 1
1533 1698 1
1533 1712 1
1533 1723 1
1533 1761 1
1533 1786 1
1533 1802 1
1533 1821 1
1533 1830 1
1533 1841 1
1533 1895 1
1533 1901 1
1533 1950 1
1534 1568 1
1534 1583 1
1534 1611 1
1534 1612 1
1534 1777 1
1534 1802 1
1534 1846 1
1534 1915 1
1534 1961 1
1535 1555 1
1535 1562 1
1535 1582 1
1535 1602 1
1535 1628 1
1535 1674 1
1535 1697 1
1535 1704 1
1535 1713 1
1535 1724 1
1535 1777 1
1535 1795 1
1535 1829 1
1535 1915 1
1535 1949 1
1535 1961 1
1535 1970 1
1535 1998 1
1536 1548 1
1536 1567 1
1536 1585 1
1536 1610 1
1536 1673 1
1536 1695 1
1536 1699 1
1536 1898 1
1536 1985 1
1536 1989 1
1537 1561 1
1537 1571 1
1537 1619 1
1537 1660 1
1537 1688 1
1537 1711 1
1537 1717 1
1537 1768 1
1537 1769 1
1537 1770 1
1537 1778 1
1537 1876 1
1537 1879 1
1537 1909 1
1537 1958 1
1537 1975 1
1538 1619 1
1538 1660 1
1538 1701 1
1538 1756 1
1538 1782 1
1538 1805 1
1538 1830 1
1538 1858 1
1538 1890 1
1538 1937 1
1538 1968 1
1538 2000 1
1539 1550 1
1539 1565 1
1539 1590 1
1539 1639 1
1539 1677 1
1539 1686 1
1539 1695 1
1539 1789 1
1539 1805 1
1539 1822 1
1539 1823 1
1539 1857 1
1539 1877 1
1539 1890 1
1540 1562 1
1540 1588 1
1540 1592 1
1540 1721 1
1540 1738 1
1540 1754 1
1540 1777 1
1540 1874 1
1540 1908 1
1540 1948 1
1540 1952 1
1541 1567 1
1541 1652 1
1541 1700 1
1541 1736 1
1541 1747 1
1541 1748 1
1541 1779 1
1541 1781 1
1541 1832 1
1541 1902 1
1541 1926 1
1542 1562 1
1542 1567 1
1542 1704 1
1542 1711 1
1542 1729 1
1542 1746 1
1542 1749 1
1542 1933 1
1542 1941 1
1542 1985 1
1543 1622 1
1543 1727 1
1543 1800 1
1543 1823 1
1543 1904 1
1543 1926 1
1543 1941 1
1543 1957 1
1543 1958 1
1543 1974 1
1543 1997 1
1544 1546 1
1544 1620 1
1544 1628 1
1544 1636 1
1544 1640 1
1544 1696 1
1544 1706 1
1544 1750 1
1544 1770 1
1544 1771 1
1544 1794 1
1544 1802 1
1544 1892 1
1544 1941 1
1545 1561 1
1545 1567 1
1545 1573 1
1545 1608 1
1545 1636 1
1545 1657 1
1545 1663 1
1545 1729 1
1545 1752 1
1545 1793 1
1545 1834 1
1545 1854 1
1545 1903 1
1545 1944 1
1545 1991 1
1545 1997 1
1546 1652 1
1546 1657 1
1546 1676 1
1546 1685 1
1546 1724 1
1546 1798 1
1546 1831 1
1546 1835 1
1546 1844 1
1547 1554 1
1547 1612 1
1547 1760 1
1547 1773 1
1547 1775 1
1547 1781 1
1547 1849 1
1547 1894 1
1547 1897 1
1547 1911 1
1547 1936 1
1547 1971 1
1547 1991 1
1547 1998 1
1548 1593 1
1548 1595 1
1548 1639 1
1548 1662 1
1548 1684 1
1548 1708 1
1548 1735 1
1548 1814 1
1548 1827 1
1548 1834 1
1548 1942 1
1548 1946 1
1548 1969 1
1548 1978 1
1548 1994 1
1549 1668 1
1549 1773 1
1549 1810 1
1549 1815 1
1549 1830 1
1549 1914 1
1549 1917 1
1549 1963 1
1549 1973 1
1549 1997 1
1550 1726 1
1550 1755 1
1550 1760 1
1550 1829 1
1550 1843 1
1550 1852 1
1550 1896 1
1550 1902 1
1550 1931 1
1551 1660 1
1551 1682 1
1551 1740 1
1551 1751 1
1551 1769 1
1551 1786 1
1551 1828 1
1551 1850 1
1551 1984 1
1552 1640 1
1552 1674 1
1552 1677 1
1552 1773 1
1552 1780 1
1552 1823 1
1552 1830 1
1552 1837 1
1552 1853 1
1552 1866 1
1552 1914 1
1552 1940 1
1553 1572 1
1553 1578 1
1553 1587 1
1553 1605 1
1553 1614 1
1553 1659 1
1553 1678 1
1553 1797 1
1553 1799 1
1553 1810 1
1553 1868 1
1553 1992 1
1553 1999 1
1554 1559 1
1554 1577 1
1554 1786 1
1554 1865 1
1554 1992 1
1555 1623 1
1555 1633 1
1555 1639 1
1555 1660 1
1555 1725 1
1555 1795 1
1555 1828 1
1555 1855 1
1555 1876 1
1555 1911 1
1555 1958 1
1555 1974 1
1556 1562 1
1556 1666 1
1556 1672 1
1556 1682 1
1556 1703 1
1556 1728 1
1556 1742 1
1556 1787 1
1556 1789 1
1556 1799 1
1556 1805 1
1556 1883 1
1556 1957 1
1556 2000 1
1557 1568 1
1557 1570 1
1557 1625 1
1557 1630 1
1557 1633 1
1557 1670 1
1557 1719 1
1557 1769 1
1557 1803 1
1557 1820 1
1557 1866 1
1557 1981 1
1558 1568 1
1558 1573 1
1558 1586 1
1558 1604 1
1558 1785 1
1558 1795 1
1558 1828 1
1558 1986 1
1559 1605 1
1559 1650 1
1559 1669 1
1559 1691 1
1559 1729 1
1559 1742 1
1559 1780 1
1559 1794 1
1559 1796 1
1559 1973 1
1560 1575 1
1560 1644 1
1560 1683 1
1560 1713 1
1560 1719 1
1560 1728 1
1560 1743 1
1560 1815 1
1560 1840 1
1560 1854 1
1560 1946 1
1560 1997 1
1561 1564 1
1561 1591 1
1561 1673 1
1561 1701 1
1561 1702 1
1561 1705 1
1561 1725 1
1561 1736 1
1561 1758 1
1561 1760 1
1561 1786 1
1561 1834 1
1561 1874 1
1561 1947 1
1561 1959 1
1561 1960 1
1561 1987 1
1562 1575 1
1562 1578 1
1562 1613 1
1562 1621 1
1562 1626 1
1562 1631 1
1562 1633 1
1562 1704 1
1562 1734 1
1562 1742 1
1562 1751 1
1562 1761 1
1562 1786 1
1562 1793 1
1562 1901 1
1562 1941 1
1563 1571 1
1563 1572 1
1563 1617 1
1563 1630 1
1563 1693 1
1563 1703 1
1563 1710 1
1563 1715 1
1563 1725 1
1563 1729 1
1563 1767 1
1563 1786 1
1563 1822 1
1563 1909 1
1563 1913 1
1563 1921 1
1564 1617 1
1564 1656 1
1564 1690 1
1564 1691 1
1564 1733 1
1564 1737 1
1564 1761 1
1564 1815 1
1564 1839 1
1564 1850 1
1564 1912 1
1564 1991 1
1565 1598 1
1565 1602 1
1565 1647 1
1565 1705 1
1565 1720 1
1565 1775 1
1565 1819 1
1565 1875 1
1565 1876 1
1565 1887 1
1565 1901 1
1565 1928 1
1565 1939 1
1565 1991 1
1566 1620 1
1566 1755 1
1566 1779 1
1566 1899 1
1566 1925 1
1566 1973 1
1566 1985 1
1567 1585 1
1567 1619 1
1567 1675 1
1567 1692 1
1567 1716 1
1567 1734 1
1567 1758 1
1567 1761 1
1567 1798 1
1567 1850 1
1567 1898 1
1567 1911 1
1567 1913 1
1567 1982 1
1568 1585 1
1568 1594 1
1568 1616 1
1568 1685 1
1568 1687 1
1568 1705 1
1568 1722 1
1568 1745 1
1568 1761 1
1568 1767 1
1568 1791 1
1568 1800 1
1568 1801 1
1568 1802 1
1568 1860 1
1568 1907 1
1568 1967 1
1569 1589 1
1569 1609 1
1569 1701 1
1569 1749 1
1569 1764 1
1569 1812 1
1569 1826 1
1569 1846 1
1569 1854 1
1569 1889 1
1569 1908 1
1569 1941 1
1570 1630 1
1570 1686 1
1570 1795 1
1570 1796 1
1570 1830 1
1570 1833 1
1570 1842 1
1570 1911 1
1570 1934 1
1570 1994 1
1571 1605 1
1571 1702 1
1571 1722 1
1571 1878 1
1571 1978 1
1572 1575 1
1572 1636 1
1572 1662 1
1572 1778 1
1572 1813 1
1572 1829 1
1572 1879 1
1572 1939 1
1572 1955 1
1572 1984 1
1572 1986 1
1573 1636 1
1573 1726 1
1573 1818 1
1573 1828 1
1573 1910 1
1573 1921 1
1573 1980 1
1574 1640 1
1574 1669 1
1574 1715 1
1574 1732 1
1574 1754 1
1574 1796 1
1574 1872 1
1574 1930 1
1574 1936 1
1574 1971 1
1575 1597 1
1575 1600 1
1575 1703 1
1575 1918 1
1575 1931 1
1576 1597 1
1576 1608 1
1576 1638 1
1576 1649 1
1576 1757 1
1576 1778 1
1576 1794 1
1576 1798 1
1576 1808 1
1576 1817 1
1576 1820 1
1576 1830 1
1576 1836 1
1576 1881 1
1576 1887 1
1576 1905 1
1577 1587 1
1577 1625 1
1577 1702 1
1577 1714 1
1577 1725 1
1577 1843 1
1577 1944 1
1577 1967 1
1577 1972 1
1578 1595 1
1578 1645 1
1578 1654 1
1578 1726 1
1578 1789 1
1578 1890 1
1578 1935 1
1578 1943 1
1579 1603 1
1579 1666 1
1579 1724 1
1579 1727 1
1579 1783 1
1579 1868 1
1579 1871 1
1579 1901 1
1579 1919 1
1579 1967 1
1579 1975 1
1580 1594 1
1580 1643 1
1580 1644 1
1580 1649 1
1580 1693 1
1580 1753 1
1580 1849 1
1580 1902 1
1580 1961 1
1580 1973 1
1581 1613 1
1581 1635 1
1581 1689 1
1581 1701 1
1581 1760 1
1581 1774 1
1581 1821 1
1581 1825 1
1581 1909 1
1581 1910 1
1581 1948 1
1581 1980 1
1581 1995 1
1582 1636 1
1582 1657 1
1582 1725 1
1582 1754 1
1582 1862 1
1582 1863 1
1582 1864 1
1582 1866 1
1582 1886 1
1583 1617 1
1583 1668 1
1583 1696 1
1583 1744 1
1583 1762 1
1583 1797 1
1583 1811 1
1583 1830 1
1583 1915 1
1583 1937 1
1584 1597 1
1584 1622 1
1584 1623 1
1584 1628 1
1584 1685 1
1584 1749 1
1584 1761 1
1584 1837 1
1584 1864 1
1584 1942 1
1584 1944 1
1584 1972 1
1584 1978 1
1585 1609 1
1585 1673 1
1585 1699 1
1585 1768 1
1585 1776 1
1585 1836 1
1585 1882 1
1585 1993 1
1586 1657 1
1586 1669 1
1586 1672 1
1586 1779 1
1586 1849 1
1586 1882 1
1586 1995 1
1587 1661 1
1587 1677 1
1587 1701 1
1587 1754 1
1587 1768 1
1587 1772 1
1587 1807 1
1587 1833 1
1587 1960 1
1588 1650 1
1588 1707 1
1588 1736 1
1588 1769 1
1588 1771 1
1588 1808 1
1588 1838 1
1588 1937 1
1588 1947 1
1588 1969 1
1588 1973 1
1588 1992 1
1589 1612 1
1589 1701 1
1589 1729 1
1589 1904 1
1589 1906 1
1589 1917 1
1589 1966 1
1590 1619 1
1590 1629 1
1590 1637 1
1590 1695 1
1590 1696 1
1590 1737 1
1590 1784 1
1590 1812 1
1590 1877 1
1590 1939 1
1590 1994 1
1591 1618 1
1591 1647 1
1591 1675 1
1591 1760 1
1591 1891 1
1591 1894 1
1591 1917 1
1591 1955 1
1591 1957 1
1591 1987 1
1592 1605 1
1592 1606 1
1592 1629 1
1592 1746 1
1592 1787 1
1592 1822 1
1592 1826 1
1592 1845 1
1592 1883 1
1592 1889 1
1592 1964 1
1593 1601 1
1593 1602 1
1593 1603 1
1593 1645 1
1593 1688 1
1593 1722 1
1593 1759 1
1593 1813 1
1593 1854 1
1593 1985 1
1594 1621 1
1594 1631 1
1594 1633 1
1594 1667 1
1594 1716 1
1594 1723 1
1594 1740 1
1594 1760 1
1594 1761 1
1594 1864 1
1594 1871 1
1594 1944 1
1594 1974 1
1595 1615 1
1595 1673 1
1595 1680 1
1595 1776 1
1595 1900 1
1595 1964 1
1596 1696 1
1596 1717 1
1596 1740 1
1596 1767 1
1596 1785 1
1596 1817 1
1596 1823 1
1596 1842 1
1596 1883 1
1596 1887 1
1596 1923 1
1596 1938 1
1596 1957 1
1597 1637 1
1597 1671 1
1597 1680 1
1597 1686 1
1597 1734 1
1597 1795 1
1597 1820 1
1597 1830 1
1597 1833 1
1597 1835 1
1597 1845 1
1597 1866 1
1597 1892 1
1597 1914 1
1597 1922 1
1597 1945 1
1597 1947 1
1597 1952 1
1597 1995 1
1598 1668 1
1598 1826 1
1598 1842 1
1598 1881 1
1598 1882 1
1598 1988 1
1599 1600 1
1599 1606 1
1599 1630 1
1599 1754 1
1599 1774 1
1599 1854 1
1599 1936 1
1599 1960 1
1599 1998 1
1600 1614 1
1600 1634 1
1600 1637 1
1600 1723 1
1600 1811 1
1600 1832 1
1600 1852 1
1600 1882 1
1600 1895 1
1600 1917 1
1600 1927 1
1600 1996 1
1601 1626 1
1601 1630 1
1601 1650 1
1601 1662 1
1601 1674 1
1601 1699 1
1601 1730 1
1601 1765 1
1601 1861 1
1601 1870 1
1601 1979 1
1602 1639 1
1602 1646 1
1602 1661 1
1602 1686 1
1602 1695 1
1602 1790 1
1602 1796 1
1602 1852 1
1602 1992 1
1602 1997 1
1603 1668 1
1603 1810 1
1603 1853 1
1603 1895 1
1603 1905 1
1603 1908 1
1603 1913 1
1603 1969 1
1603 1992 1
1604 1607 1
1604 1668 1
1604 1674 1
1604 1683 1
1604 1704 1
1604 1712 1
1604 1720 1
1604 1812 1
1604 1926 1
1604 1984 1
1605 1606 1
1605 1612 1
1605 1652 1
1605 1654 1
1605 1767 1
1605 1816 1
1605 1887 1
1605 1910 1
1605 1918 1
1605 1925 1
1605 1946 1
1605 1989 1
1606 1672 1
1606 1697 1
1606 1793 1
1606 1811 1
1606 1825 1
1606 1857 1
1606 1862 1
1606 1891 1
1606 1919 1
1606 1929 1
1606 1954 1
1607 1608 1
1607 1640 1
1607 1685 1
1607 1715 1
1607 1775 1
1607 1798 1
1607 1867 1
1607 1902 1
1607 1911 1
1607 1950 1
1607 1970 1
1607 1971 1
1607 1993 1
1608 1631 1
1608 1698 1
1608 1777 1
1608 1898 1
1608 1986 1
1609 1619 1
1609 1631 1
1609 1662 1
1609 1683 1
1609 1794 1
1609 1890 1
1609 1912 1
1609 1944 1
1610 1684 1
1610 1708 1
1610 1721 1
1610 1845 1
1610 1848 1
1610 1900 1
1611 1640 1
1611 1661 1
1611 1694 1
1611 1703 1
1611 1715 1
1611 1771 1
1611 1811 1
1611 1814 1
1611 1828 1
1611 1849 1
1611 1891 1
1611 1950 1
1612 1647 1
1612 1677 1
1612 1681 1
1612 1692 1
1612 1697 1
1612 1714 1
1612 1717 1
1612 1723 1
1612 1735 1
1612 1736 1
1612 1809 1
1612 1812 1
1612 1858 1
1612 1861 1
1612 1872 1
1612 1913 1
1612 1963 1
1612 1987 1
1612 2000 1
1613 1635 1
1613 1657 1
1613 1663 1
1613 1678 1
1613 1679 1
1613 1835 1
1613 1861 1
1613 1998 1
1614 1652 1
1614 1793 1
1614 1795 1
1614 1841 1
1614 1861 1
1614 1878 1
1614 1926 1
1615 1663 1
1615 1758 1
1615 1805 1
1615 1955 1
1615 1966 1
1616 1654 1
1616 1681 1
1616 1696 1
1616 1716 1
1616 1721 1
1616 1728 1
1616 1805 1
1616 1926 1
1616 1967 1
1617 1622 1
1617 1655 1
1617 1718 1
1617 1726 1
1617 1811 1
1617 1874 1
1617 1920 1
1617 1931 1
1617 1969 1
1618 1621 1
1618 1624 1
1618 1670 1
1618 1725 1
1618 1730 1
1618 1903 1
1618 1906 1
1618 1952 1
1619 1642 1
1619 1695 1
1619 1697 1
1619 1768 1
1619 1773 1
1619 1907 1
1619 1979 1
1620 1671 1
1620 1672 1
1620 1691 1
1620 1770 1
1620 1949 1
1620 1971 1
1621 1649 1
1621 1772 1
1621 1824 1
1621 1876 1
1621 1878 1
1621 1940 1
1621 1994 1
1622 1657 1
1622 1678 1
1622 1730 1
1622 1777 1
1622 1781 1
1622 1787 1
1622 1885 1
1622 1899 1
1622 1919 1
1622 1921 1
1622 1996 1
1623 1786 1
1623 1858 1
1623 1921 1
1623 1925 1
1623 1953 1
1623 1993 1
1624 1629 1
1624 1636 1
1624 1750 1
1624 1759 1
1624 1770 1
1624 1784 1
1624 1826 1
1624 1832 1
1624 1894 1
1624 1897 1
1624 1943 1
1624 1946 1
1624 1964 1
1624 1976 1
1624 1981 1
1625 1678 1
1625 1703 1
1625 1743 1
1625 1756 1
1625 1777 1
1625 1790 1
1625 1833 1
1625 1840 1
1625 1849 1
1625 1862 1
1625 1923 1
1625 1935 1
1625 1971 1
1625 1974 1
1626 1627 1
1626 1663 1
1626 1676 1
1626 1719 1
1626 1739 1
1626 1953 1
1626 1984 1
1626 1985 1
1627 1668 1
1627 1670 1
1627 1682 1
1627 1715 1
1627 1754 1
1627 1758 1
1627 1767 1
1627 1780 1
1627 1789 1
1627 1860 1
1627 1878 1
1627 1906 1
1628 1696 1
1628 1717 1
1628 1859 1
1628 1888 1
1628 1900 1
1628 1957 1
1629 1701 1
1629 1784 1
1629 1817 1
1629 1835 1
1630 1687 1
1630 1707 1
1630 1823 1
1630 1830 1
1630 1863 1
1630 1904 1
1630 1906 1
1630 1921 1
1631 1681 1
1631 1684 1
1631 1708 1
1631 1720 1
1631 1738 1
1631 1785 1
1631 1789 1
1631 1793 1
1631 1852 1
1631 1950 1
1632 1669 1
1632 1760 1
1632 1837 1
1632 1903 1
1632 1914 1
1632 1938 1
1632 1941 1
1632 1951 1
1632 1991 1
1633 1653 1
1633 1680 1
1633 1708 1
1633 1727 1
1633 1820 1
1633 1832 1
1633 1940 1
1633 1991 1
1633 1995 1
1634 1674 1
1634 1694 1
1634 1827 1
1634 1926 1
1634 1952 1
1634 1958 1
1634 1967 1
1635 1715 1
1635 1746 1
1635 1883 1
1635 1952 1
1635 1978 1
1635 1986 1
1635 1998 1
1636 1643 1
1636 1674 1
1636 1695 1
1636 1759 1
1636 1773 1
1636 1810 1
1636 1830 1
1636 1892 1
1637 1685 1
1637 1723 1
1637 1736 1
1637 1862 1
1637 1913 1
1638 1651 1
1638 1665 1
1638 1669 1
1638 1685 1
1638 1697 1
1638 1703 1
1638 1769 1
1638 1778 1
1638 1784 1
1638 1785 1
1638 1795 1
1638 1825 1
1638 1836 1
1639 1680 1
1639 1792 1
1639 1796 1
1639 1812 1
1639 1871 1
1639 1873 1
1639 1960 1
1640 1670 1
1640 1687 1
1640 1759 1
1640 1798 1
1640 1829 1
1640 1844 1
1640 1875 1
1640 1882 1
1640 1973 1
1641 1667 1
1641 1671 1
1641 1717 1
1641 1743 1
1641 1824 1
1641 1890 1
1641 1932 1
1641 1966 1
1642 1644 1
1642 1692 1
1642 1716 1
1642 1749 1
1642 1849 1
1642 1852 1
1642 1874 1
1642 1913 1
1642 1918 1
1642 1991 1
1643 1659 1
1643 1681 1
1643 1690 1
1643 1704 1
1643 1761 1
1643 1776 1
1643 1790 1
1643 1796 1
1643 1805 1
1643 1825 1
1643 1832 1
1643 1948 1
1643 1985 1
1644 1712 1
1644 1774 1
1644 1814 1
1644 1951 1
1644 1962 1
1644 1971 1
1645 1650 1
1645 1659 1
1645 1728 1
1645 1741 1
1645 1743 1
1645 1836 1
1645 1892 1
1645 1903 1
1645 1909 1
1645 1911 1
1645 1987 1
1646 1672 1
1646 1676 1
1646 1689 1
1646 1872 1
1647 1659 1
1647 1850 1
1647 1862 1
1647 1885 1
1647 1906 1
1647 1972 1
1648 1685 1
1648 1767 1
1648 1848 1
1648 1861 1
1648 1910 1
1649 1692 1
1649 1703 1
1649 1725 1
1649 1727 1
1649 1812 1
1649 1828 1
1649 1883 1
1649 1936 1
1649 1939 1
1649 1949 1
1649 1958 1
1649 1972 1
1650 1657 1
1650 1663 1
1650 1721 1
1650 1749 1
1650 1790 1
1650 1849 1
1650 1854 1
1650 1866 1
1650 1978 1
1650 1992 1
1650 1997 1
1651 1661 1
1651 1686 1
1651 1687 1
1651 1700 1
1651 1787 1
1651 1789 1
1651 1795 1
1651 1869 1
1651 1878 1
1651 1885 1
1651 1916 1
1651 1933 1
1652 1695 1
1652 1804 1
1652 1808 1
1652 1877 1
1652 1884 1
1652 1975 1
1652 1997 1
1653 1708 1
1653 1826 1
1653 1832 1
1653 1847 1
1653 1881 1
1653 1944 1
1654 1673 1
1654 1680 1
1654 1748 1
1654 1792 1
1654 1845 1
1654 1903 1
1654 1917 1
1655 1770 1
1655 1776 1
1655 1810 1
1655 1817 1
1655 1819 1
1655 1822 1
1655 1948 1
1655 1961 1
1655 1973 1
1655 1974 1
1656 1836 1
1656 1848 1
1656 1872 1
1656 1887 1
1656 1907 1
1656 1998 1
1657 1675 1
1657 1770 1
1657 1984 1
1658 1671 1
1658 1690 1
1658 1694 1
1658 1710 1
1658 1723 1
1658 1744 1
1658 1901 1
1658 1920 1
1659 1663 1
1659 1688 1
1659 1743 1
1659 1759 1
1659 1779 1
1659 1799 1
1659 1807 1
1659 1826 1
1659 1875 1
1659 1969 1
1660 1691 1
1660 1751 1
1660 1770 1
1660 1827 1
1660 1831 1
1660 1861 1
1660 1948 1
1661 1667 1
1661 1715 1
1661 1741 1
1661 1798 1
1661 1823 1
1661 1874 1
1661 1933 1
1661 1970 1
1661 1995 1
1662 1665 1
1662 1682 1
1662 1703 1
1662 1810 1
1663 1668 1
1663 1677 1
1663 1688 1
1663 1698 1
1663 1703 1
1663 1805 1
1663 1933 1
1663 1942 1
1663 1943 1
1663 1960 1
1663 1974 1
1663 1984 1
1663 1991 1
1663 2000 1
1664 1715 1
1664 1726 1
1664 1737 1
1664 1744 1
1664 1797 1
1664 1803 1
1664 1840 1
1664 1841 1
1664 1900 1
1665 1670 1
1665 1732 1
1665 1746 1
1665 1771 1
1665 1900 1
1665 1951 1
1665 1970 1
1666 1808 1
1666 1894 1
1666 1990 1
1666 1997 1
1667 1671 1
1667 1722 1
1667 1742 1
1667 1747 1
1667 1786 1
1667 1793 1
1667 1866 1
1667 1883 1
1667 1900 1
1667 1913 1
1667 1958 1
1667 1980 1
1667 1986 1
1667 1995 1
1668 1731 1
1668 1780 1
1668 1848 1
1668 1860 1
1668 1938 1
1668 1956 1
1669 1674 1
1669 1771 1
1669 1791 1
1669 1935 1
1669 1991 1
1670 1716 1
1670 1744 1
1670 1846 1
1670 1963 1
1671 1684 1
1671 1757 1
1671 1828 1
1671 1832 1
1671 1890 1
1671 1896 1
1672 1683 1
1672 1768 1
1672 1773 1
1672 1788 1
1672 1837 1
1672 1853 1
1672 1878 1
1672 1956 1
1672 1970 1
1672 1972 1
1672 1994 1
1673 1677 1
1673 1712 1
1673 1776 1
1673 1791 1
1673 1857 1
1673 1910 1
1673 1965 1
1674 1720 1
1674 1747 1
1674 1797 1
1674 1866 1
1674 1910 1
1675 1688 1
1675 1720 1
1675 1746 1
1675 1756 1
1675 1804 1
1675 1887 1
1675 1942 1
1675 1943 1
1676 1795 1
1676 1809 1
1676 1866 1
1676 1912 1
1676 1946 1
1676 1975 1
1676 1976 1
1677 1685 1
1677 1740 1
1677 1755 1
1677 1776 1
1677 1800 1
1677 1803 1
1677 1810 1
1677 1827 1
1677 1842 1
1677 1852 1
1677 1855 1
1677 1890 1
1677 1927 1
1678 1791 1
1678 1794 1
1678 1882 1
1678 1912 1
1678 1930 1
1678 1972 1
1678 1974 1
1679 1735 1
1679 1760 1
1679 1845 1
1679 1970 1
1680 1701 1
1680 1735 1
1680 1736 1
1680 1787 1
1680 1853 1
1680 1860 1
1680 1887 1
1680 1889 1
1680 1932 1
1680 1957 1
1680 1977 1
1681 1690 1
1681 1697 1
1681 1790 1
1681 1813 1
1681 1867 1
1681 1944 1
1681 1979 1
1681 1990 1
1682 1689 1
1682 1773 1
1682 1813 1
1682 1921 1
1682 1993 1
1683 1708 1
1683 1714 1
1683 1746 1
1683 1753 1
1683 1824 1
1683 1890 1
1683 1901 1
1683 1939 1
1683 1973 1
1684 1697 1
1684 1736 1
1684 1743 1
1684 1752 1
1684 1839 1
1684 1846 1
1684 1857 1
1684 1881 1
1684 1892 1
1685 1706 1
1685 1710 1
1685 1749 1
1685 1753 1
1685 1817 1
1685 1843 1
1685 1870 1
1685 1880 1
1685 1918 1
1686 1818 1
1686 1893 1
1686 1939 1
1686 1950 1
1686 1973 1
1687 1698 1
1687 1744 1
1687 1760 1
1687 1812 1
1687 1916 1
1687 1924 1
1688 1799 1
1688 1826 1
1688 1851 1
1689 1700 1
1689 1811 1
1689 1836 1
1689 1867 1
1689 1938 1
1689 1973 1
1689 1979 1
1690 1696 1
1690 1698 1
1690 1710 1
1690 1775 1
1690 1791 1
1690 1839 1
1690 1856 1
1690 1860 1
1690 1910 1
1690 1959 1
1690 1984 1
1691 1737 1
1691 1753 1
1691 1759 1
1691 1798 1
1691 1814 1
1691 1868 1
1691 1907 1
1691 1919 1
1691 1949 1
1691 1960 1
1692 1722 1
1692 1733 1
1692 1739 1
1692 1775 1
1692 1781 1
1692 1783 1
1692 1807 1
1692 1902 1
1693 1736 1
1693 1828 1
1693 1889 1
1693 1928 1
1693 1966 1
1694 1718 1
1694 1740 1
1694 1788 1
1694 1802 1
1694 1851 1
1694 1963 1
1695 1793 1
1695 1817 1
1695 1838 1
1695 1885 1
1695 1941 1
1695 1943 1
1696 1749 1
1696 1797 1
1696 1818 1
1696 1901 1
1696 1916 1
1696 1940 1
1696 1992 1
1697 1736 1
1697 1813 1
1697 1815 1
1697 1836 1
1697 1846 1
1697 1865 1
1697 1891 1
1697 1922 1
1697 1954 1
1698 1769 1
1698 1862 1
1698 1901 1
1698 1905 1
1698 1932 1
1698 1958 1
1698 1975 1
1698 1997 1
1699 1702 1
1699 1716 1
1699 1806 1
1699 1868 1
1699 1932 1
1699 1936 1
1699 1949 1
1699 1955 1
1699 1970 1
1699 1975 1
1700 1716 1
1700 1755 1
1700 1773 1
1700 1781 1
1700 1818 1
1700 1865 1
1700 1918 1
1700 1921 1
1700 1934 1
1700 1947 1
1700 1958 1
1700 1961 1
1700 1980 1
1701 1849 1
1701 1911 1
1701 1928 1
1701 1947 1
1701 1951 1
1701 1954 1
1701 1962 1
1701 1994 1
1702 1760 1
1702 1851 1
1702 1897 1
1702 1922 1
1702 1929 1
1702 1985 1
1703 1707 1
1703 1714 1
1703 1747 1
1703 1809 1
1703 1827 1
1703 1832 1
1703 1874 1
1703 1879 1
1703 1912 1
1703 1922 1
1703 1947 1
1704 1765 1
1704 1778 1
1704 1911 1
1704 1948 1
1704 1980 1
1705 1712 1
1705 1719 1
1705 1722 1
1705 1786 1
1705 1790 1
1705 1810 1
1705 1905 1
1705 1920 1
1705 1939 1
1706 1728 1
1706 1741 1
1706 1749 1
1706 1754 1
1706 1757 1
1706 1821 1
1706 1834 1
1706 1887 1
1706 1895 1
1707 1719 1
1707 1800 1
1707 1873 1
1707 1914 1
1707 1916 1
1707 1921 1
1707 1928 1
1707 1931 1
1707 1972 1
1707 1984 1
1707 2000 1
1708 1722 1
1708 1841 1
1708 1866 1
1708 1924 1
1708 1930 1
1708 1944 1
1708 1976 1
1708 1978 1
1708 1983 1
1708 1997 1
1709 1742 1
1709 1862 1
1709 1881 1
1709 1888 1
1709 1924 1
1709 1975 1
1710 1766 1
1710 1776 1
1710 1802 1
1710 1808 1
1710 1838 1
1710 1845 1
1710 1880 1
1710 1889 1
1710 1891 1
1710 1915 1
1710 1920 1
1710 1976 1
1711 1718 1
1711 1725 1
1711 1730 1
1711 1759 1
1711 1765 1
1711 1781 1
1711 1832 1
1711 1911 1
1711 1926 1
1711 1933 1
1711 1980 1
1711 1988 1
1711 1993 1
1712 1719 1
1712 1847 1
1712 1866 1
1712 1956 1
1712 1982 1
1713 1734 1
1713 1736 1
1713 1762 1
1713 1795 1
1713 1809 1
1713 1860 1
1713 1876 1
1713 1877 1
1713 1957 1
1713 1999 1
1714 1746 1
1714 1811 1
1714 1988 1
1715 1850 1
1715 1888 1
1715 1902 1
1715 1919 1
1715 1978 1
1716 1730 1
1716 1832 1
1716 1834 1
1716 1923 1
1716 1926 1
1716 1976 1
1717 1748 1
1717 1793 1
1717 1842 1
1717 1852 1
1717 1931 1
1717 1933 1
1717 1946 1
1717 1950 1
1718 1720 1
1718 1776 1
1718 1783 1
1718 1839 1
1718 1846 1
1718 1866 1
1718 1898 1
1718 1910 1
1718 1948 1
1718 1989 1
1719 1746 1
1719 1768 1
1719 1837 1
1719 1874 1
1719 1892 1
1719 1937 1
1719 1999 1
1720 1722 1
1720 1752 1
1720 1841 1
1720 1844 1
1720 1848 1
1720 1854 1
1720 1862 1
1721 1761 1
1721 1800 1
1721 1830 1
1721 1852 1
1721 1856 1
1721 1886 1
1721 1933 1
1721 1936 1
1721 1967 1
1722 1736 1
1722 1760 1
1722 1794 1
1722 1817 1
1722 1877 1
1722 1890 1
1722 1932 1
1722 1947 1
1722 1993 1
1723 1883 1
1724 1830 1
1724 1945 1
1724 1981 1
1725 1772 1
1725 1801 1
1725 1816 1
1725 1910 1
1725 1973 1
1726 1822 1
1726 1834 1
1726 1900 1
1726 1936 1
1726 1938 1
1726 1986 1
1727 1749 1
1727 1777 1
1727 1866 1
1727 1891 1
1727 1956 1
1727 1988 1
1728 1756 1
1728 1757 1
1728 1780 1
1728 1896 1
1728 1932 1
1728 1959 1
1728 1981 1
1728 1986 1
1729 1762 1
1729 1823 1
1729 1825 1
1729 1841 1
1729 1882 1
1729 1899 1
1729 1918 1
1729 1927 1
1729 1979 1
1729 1984 1
1729 1986 1
1730 1837 1
1730 1902 1
1731 1852 1
1731 1853 1
1731 1854 1
1731 1890 1
1731 1905 1
1731 1939 1
1732 1755 1
1732 1810 1
1732 1848 1
1732 1943 1
1732 1989 1
1733 1799 1
1733 1819 1
1733 1821 1
1733 1845 1
1733 1854 1
1733 1871 1
1733 1894 1
1733 1930 1
1733 1962 1
1734 1739 1
1734 1768 1
1734 1830 1
1734 1885 1
1734 1904 1
1734 1956 1
1735 1846 1
1735 1861 1
1736 1756 1
1736 1774 1
1736 1776 1
1736 1813 1
1736 1841 1
1736 1886 1
1736 1932 1
1736 1946 1
1736 1967 1
1737 1753 1
1737 1779 1
1737 1798 1
1737 1803 1
1737 1810 1
1737 1828 1
1737 1868 1
1737 1875 1
1738 1809 1
1738 1832 1
1738 1863 1
1738 1900 1
1738 1907 1
1738 1941 1
1738 1983 1
1738 1999 1
1739 1759 1
1739 1781 1
1739 1782 1
1739 1793 1
1739 1838 1
1739 1954 1
1739 1959 1
1739 1980 1
1740 1762 1
1740 1766 1
1740 1913 1
1740 1932 1
1741 1791 1
1741 1868 1
1741 1917 1
1741 1932 1
1741 1936 1
1741 1989 1
1742 1753 1
1742 1894 1
1742 1952 1
1742 1988 1
1743 1748 1
1743 1754 1
1743 1766 1
1743 1776 1
1743 1797 1
1743 1828 1
1743 1848 1
1743 1869 1
1743 1922 1
1743 1962 1
1743 1997 1
1743 1998 1
1744 1835 1
1744 1839 1
1744 1869 1
1744 1910 1
1744 1983 1
1744 1985 1
1744 1988 1
1745 1790 1
1745 1842 1
1745 1887 1
1745 1891 1
1745 1901 1
1745 1934 1
1747 1757 1
1747 1761 1
1747 1784 1
1747 1796 1
1747 1828 1
1747 1858 1
1747 1899 1
1747 1992 1
1748 1814 1
1748 1815 1
1748 1846 1
1748 1882 1
1748 1892 1
1748 1948 1
1749 1782 1
1749 1789 1
1749 1824 1
1749 1860 1
1749 1943 1
1749 1975 1
1750 1877 1
1750 1888 1
1750 1904 1
1750 1918 1
1750 1928 1
1751 1754 1
1751 1795 1
1751 1876 1
1751 1923 1
1752 1778 1
1752 1817 1
1752 1908 1
1752 1940 1
1752 1975 1
1753 1787 1
1753 1793 1
1753 1811 1
1753 1838 1
1754 1874 1
1754 1886 1
1754 1890 1
1754 1900 1
1754 1930 1
1755 1839 1
1756 1766 1
1756 1792 1
1756 1857 1
1756 1954 1
1757 1776 1
1757 1829 1
1757 1865 1
1757 1925 1
1757 1933 1
1757 1935 1
1758 1821 1
1758 1912 1
1758 1921 1
1758 1950 1
1758 1971 1
1759 1799 1
1759 1855 1
1759 1875 1
1759 1923 1
1759 1934 1
1760 1769 1
1760 1786 1
1760 1788 1
1760 1806 1
1760 1866 1
1760 1929 1
1760 1952 1
1760 1959 1
1760 1968 1
1760 1982 1
1760 1991 1
1761 1765 1
1761 1766 1
1761 1828 1
1761 1881 1
1761 1930 1
1761 1941 1
1761 1959 1
1762 1838 1
1762 1910 1
1762 1914 1
1762 1931 1
1762 1940 1
1763 1797 1
1763 1844 1
1763 1852 1
1763 1868 1
1763 1914 1
1763 1987 1
1764 1794 1
1765 1775 1
1765 1833 1
1765 1835 1
1765 1857 1
1765 1867 1
1765 1901 1
1765 1906 1
1765 1953 1
1766 1786 1
1766 1805 1
1766 1816 1
1766 1856 1
1766 1861 1
1766 1921 1
1766 1954 1
1766 1963 1
1766 1966 1
1767 1784 1
1767 1868 1
1768 1802 1
1768 1836 1
1768 1887 1
1769 1844 1
1769 1892 1
1769 1902 1
1769 1904 1
1769 1971 1
1769 1974 1
1770 1794 1
1770 1821 1
1770 1885 1
1770 1921 1
1770 1965 1
1770 1994 1
1770 1996 1
1771 1828 1
1771 1834 1
1771 1855 1
1771 1900 1
1771 1909 1
1771 1979 1
1771 1988 1
1772 1781 1
1772 1792 1
1772 1794 1
1772 1804 1
1772 1811 1
1772 1895 1
1772 1943 1
1772 1972 1
1772 1993 1
1773 1826 1
1773 1832 1
1773 1909 1
1773 1917 1
1773 1949 1
1773 1956 1
1773 1966 1
1773 1968 1
1773 1978 1
1773 1985 1
1774 1809 1
1774 1853 1
1774 1874 1
1774 1895 1
1774 1964 1
1775 1793 1
1775 1924 1
1775 1954 1
1776 1894 1
1776 1938 1
1776 1979 1
1776 1981 1
1777 1807 1
1777 1831 1
1777 1885 1
1777 1929 1
1777 1936 1
1777 1957 1
1777 1963 1
1777 2000 1
1778 1815 1
1778 1819 1
1778 1914 1
1778 1947 1
1779 1784 1
1779 1790 1
1779 1799 1
1779 1894 1
1779 1976 1
1780 1888 1
1780 1893 1
1780 1928 1
1780 1989 1
1780 1994 1
1781 1801 1
1781 1925 1
1781 1952 1
1781 1973 1
1781 1976 1
1782 1785 1
1782 1790 1
1782 1872 1
1782 1924 1
1783 1829 1
1783 1832 1
1783 1863 1
1783 1877 1
1783 1904 1
1783 1915 1
1784 1798 1
1784 1802 1
1784 1953 1
1784 1968 1
1785 1807 1
1785 1866 1
1785 1906 1
1785 1943 1
1785 1945 1
1785 1977 1
1785 1978 1
1786 1793 1
1786 1842 1
1786 1847 1
1786 1877 1
1786 1886 1
1786 1895 1
1786 1913 1
1786 1971 1
1786 1980 1
1786 1985 1
1787 1803 1
1787 1840 1
1787 1864 1
1787 1877 1
1787 1904 1
1787 1993 1
1788 1839 1
1788 1929 1
1788 1961 1
1789 1854 1
1789 1863 1
1789 1865 1
1789 1869 1
1789 1895 1
1789 1938 1
1790 1850 1
1790 1868 1
1790 1886 1
1790 1999 1
1791 1803 1
1791 1918 1
1792 1808 1
1792 1825 1
1792 1829 1
1792 1910 1
1792 1959 1
1792 1967 1
1792 1987 1
1793 1804 1
1793 1813 1
1793 1854 1
1793 1863 1
1793 1932 1
1793 1947 1
1793 1959 1
1793 1975 1
1794 1804 1
1794 1807 1
1794 1849 1
1794 1851 1
1794 1856 1
1794 1874 1
1794 1894 1
1795 1876 1
1795 1898 1
1796 1919 1
1796 1927 1
1796 1970 1
1796 1994 1
1797 1896 1
1797 1905 1
1797 1927 1
1797 1954 1
1797 1974 1
1797 1975 1
1797 1978 1
1798 1800 1
1798 1853 1
1798 1857 1
1798 1939 1
1798 1953 1
1798 1956 1
1799 1957 1
1799 1991 1
1800 1841 1
1800 1890 1
1800 1973 1
1801 1810 1
1801 1832 1
1801 1858 1
1801 1859 1
1801 1897 1
1801 1908 1
1801 1977 1
1802 1812 1
1802 1883 1
1802 1909 1
1802 1971 1
1803 1825 1
1803 1880 1
1803 1913 1
1803 1962 1
1803 1995 1
1804 1821 1
1804 1889 1
1804 1931 1
1804 1936 1
1804 1994 1
1805 1837 1
1805 1842 1
1805 1848 1
1805 1859 1
1805 1879 1
1805 1939 1
1805 1989 1
1806 1810 1
1806 1881 1
1806 1952 1
1806 1962 1
1806 1967 1
1806 1997 1
1807 1838 1
1807 1863 1
1807 1866 1
1807 1907 1
1807 1925 1
1807 1937 1
1807 1952 1
1807 1955 1
1807 1963 1
1807 1972 1
1808 1815 1
1808 1829 1
1808 1837 1
1808 1851 1
1808 1897 1
1808 1908 1
1808 1998 1
1809 1837 1
1809 1884 1
1809 1890 1
1809 1923 1
1809 1925 1
1809 1929 1
1809 1943 1
1809 1992 1
1810 1815 1
1810 1874 1
1810 1892 1
1810 1935 1
1811 1877 1
1811 1994 1
1812 1865 1
1812 1869 1
1812 1888 1
1812 1915 1
1812 1923 1
1812 1995 1
1813 1827 1
1813 1890 1
1813 1909 1
1813 1917 1
1813 1941 1
1813 1965 1
1813 1985 1
1814 1846 1
1814 1866 1
1814 1869 1
1814 1971 1
1815 1848 1
1815 1858 1
1815 1892 1
1815 1893 1
1815 1928 1
1815 1936 1
1815 1941 1
1815 1984 1
1816 1852 1
1816 1908 1
1816 1970 1
1817 1820 1
1817 1883 1
1817 1897 1
1817 1906 1
1817 1938 1
1817 1948 1
1817 1983 1
1817 1991 1
1818 1883 1
1818 1915 1
1818 1954 1
1819 1921 1
1819 1929 1
1819 1951 1
1820 1856 1
1820 1895 1
1820 1930 1
1820 1984 1
1820 1996 1
1821 1859 1
1821 1880 1
1821 1899 1
1821 1920 1
1822 1897 1
1822 1906 1
1822 1937 1
1822 1950 1
1823 1868 1
1823 1872 1
1823 1913 1
1824 1898 1
1824 1937 1
1824 1964 1
1824 1965 1
1824 1994 1
1825 1830 1
1825 1873 1
1825 1898 1
1825 1915 1
1825 1929 1
1825 1933 1
1826 1886 1
1826 1919 1
1826 1951 1
1827 1907 1
1827 1910 1
1827 1914 1
1827 1979 1
1827 1998 1
1828 1832 1
1828 1943 1
1828 1944 1
1829 1865 1
1829 1989 1
1830 1858 1
1830 1870 1
1830 1886 1
1830 1899 1
1830 1904 1
1830 1925 1
1830 1995 1
1831 1859 1
1831 1938 1
1832 1868 1
1832 1892 1
1832 1928 1
1832 1929 1
1832 1936 1
1832 1953 1
1832 1963 1
1832 1983 1
1832 1990 1
1833 1851 1
1833 1897 1
1833 1940 1
1833 1970 1
1833 1999 1
1834 1840 1
1834 1886 1
1834 1891 1
1834 1897 1
1834 1930 1
1834 1931 1
1834 1938 1
1834 1957 1
1835 1845 1
1835 1854 1
1835 1880 1
1835 1906 1
1835 1924 1
1835 1930 1
1835 1945 1
1836 1871 1
1836 1885 1
1838 1849 1
1838 1915 1
1838 1964 1
1838 1972 1
1838 1989 1
1839 1872 1
1839 1903 1
1839 1960 1
1839 1978 1
1840 1851 1
1840 1903 1
1840 1966 1
1840 1971 1
1840 1988 1
1841 1880 1
1841 1918 1
1842 1869 1
1842 1870 1
1842 1871 1
1842 1917 1
1842 1933 1
1842 1996 1
1843 1867 1
1843 1879 1
1843 1890 1
1843 1891 1
1843 1904 1
1843 1949 1
1843 1976 1
1844 1847 1
1844 1888 1
1844 1901 1
1844 1948 1
1844 1961 1
1845 1848 1
1845 1876 1
1845 1883 1
1845 1891 1
1845 1904 1
1845 1910 1
1845 1919 1
1845 1968 1
1846 1906 1
1846 1922 1
1846 1933 1
1846 1963 1
1847 1870 1
1847 1881 1
1847 1909 1
1847 1935 1
1847 1954 1
1847 1960 1
1847 1961 1
1847 1962 1
1847 1968 1
1847 1984 1
1848 1862 1
1848 1872 1
1848 1936 1
1848 1941 1
1849 1891 1
1849 1971 1
1850 1869 1
1850 1901 1
1850 1936 1
1850 1998 1
1851 1977 1
1851 1995 1
1852 1904 1
1852 1909 1
1852 1953 1
1852 1955 1
1852 1974 1
1852 1999 1
1853 1984 1
1854 1864 1
1854 1906 1
1854 1909 1
1854 1913 1
1855 1856 1
1855 1914 1
1855 1936 1
1855 1976 1
1856 1875 1
1856 1924 1
1857 1861 1
1857 1909 1
1857 1926 1
1858 1894 1
1858 1969 1
1859 1917 1
1859 1974 1
1859 1981 1
1859 1990 1
1860 1861 1
1860 1887 1
1860 1899 1
1860 1926 1
1860 1997 1
1861 1900 1
1862 1898 1
1862 1978 1
1862 1998 1
1863 1880 1
1863 1908 1
1863 1944 1
1863 1965 1
1863 1989 1
1863 1992 1
1863 1999 1
1864 1916 1
1864 1938 1
1864 1987 1
1865 1867 1
1865 1870 1
1865 1900 1
1865 1923 1
1865 1957 1
1865 1977 1
1866 1954 1
1866 2000 1
1867 1891 1
1867 1909 1
1867 1974 1
1868 1870 1
1868 1876 1
1868 1895 1
1868 1922 1
1868 1923 1
1868 1938 1
1868 1979 1
1869 1925 1
1869 1941 1
1869 1944 1
1869 1974 1
1869 1993 1
1870 1871 1
1870 1916 1
1870 1929 1
1871 1879 1
1871 1932 1
1872 1928 1
1873 1874 1
1873 1900 1
1874 1903 1
1874 1928 1
1874 1961 1
1874 1962 1
1875 1901 1
1875 1953 1
1876 1903 1
1876 1996 1
1877 1881 1
1877 1889 1
1877 1907 1
1877 1951 1
1878 1922 1
1878 1993 1
1879 1894 1
1879 1917 1
1879 1932 1
1879 1956 1
1879 1964 1
1880 1988 1
1881 1928 1
1881 1929 1
1881 1943 1
1881 1956 1
1881 1985 1
1882 1922 1
1882 1979 1
1882 1987 1
1883 1926 1
1883 1965 1
1884 1887 1
1884 1904 1
1884 1931 1
1885 1887 1
1885 1918 1
1885 1975 1
1886 1889 1
1886 1896 1
1886 1963 1
1887 1905 1
1888 1920 1
1888 1929 1
1888 1937 1
1888 1944 1
1888 1945 1
1888 1950 1
1888 1985 1
1889 1912 1
1889 1930 1
1889 1939 1
1889 1966 1
1889 1978 1
1889 2000 1
1890 1929 1
1890 1949 1
1890 1960 1
1890 1979 1
1890 1982 1
1891 1894 1
1891 1925 1
1891 1985 1
1892 1957 1
1892 1994 1
1893 1904 1
1893 1955 1
1895 1898 1
1895 1930 1
1895 1976 1
1896 1991 1
1898 1931 1
1898 1975 1
1898 2000 1
1899 1971 1
1899 1998 1
1900 1917 1
1900 1953 1
1901 1906 1
1901 1980 1
1901 1995 1
1902 1955 1
1903 1921 1
1903 1928 1
1903 1933 1
1904 1923 1
1904 1942 1
1904 1953 1
1904 1964 1
1904 1977 1
1905 1920 1
1905 1981 1
1905 1994 1
1906 1919 1
1906 1955 1
1906 1956 1
1906 1990 1
1906 1991 1
1907 1920 1
1908 1926 1
1908 1946 1
1908 1957 1
1909 1923 1
1909 1984 1
1909 1999 1
1910 1930 1
1910 1972 1
1911 1950 1
1911 1965 1
1911 1968 1
1911 1972 1
1911 1985 1
1912 1962 1
1912 2000 1
1913 1917 1
1913 1937 1
1913 1953 1
1913 1958 1
1914 1919 1
1914 1937 1
1914 1948 1
1914 1985 1
1914 1997 1
1915 1950 1
1915 1997 1
1916 1933 1
1916 1955 1
1916 1968 1
1916 1981 1
1916 1985 1
1917 1935 1
1917 1937 1
1917 1957 1
1918 1925 1
1920 1943 1
1920 1958 1
1921 1927 1
1921 1934 1
1921 1991 1
1922 1934 1
1923 1951 1
1924 1966 1
1925 1987 1
1925 1992 1
1926 1986 1
1927 1938 1
1927 1943 1
1927 1958 1
1927 1964 1
1928 1970 1
1929 1952 1
1929 1977 1
1931 1956 1
1931 1971 1
1931 1991 1
1931 1993 1
1932 1965 1
1935 1943 1
1936 1938 1
1936 1996 1
1937 1944 1
1937 1950 1
1937 1951 1
1937 1959 1
1938 1961 1
1939 1943 1
1939 1980 1
1941 1973 1
1941 1978 1
1941 1979 1
1941 1991 1
1943 1963 1
1943 1978 1
1944 1962 1
1945 1983 1
1946 1985 1
1947 1965 1
1948 1975 1
1948 1987 1
1948 1995 1
1949 1979 1
1950 1952 1
1950 1955 1
1950 1983 1
1950 1988 1
1951 1979 1
1951 1996 1
1953 1975 1
1953 1980 1
1953 1982 1
1953 1995 1
1954 1955 1
1956 1984 1
1956 1992 1
1957 1974 1
1957 1984 1
1958 1986 1
1958 1998 1
1961 1981 1
1962 1985 1
1964 1978 1
1966 1973 1
1966 1983 1
1967 1977 1
1967 1985 1
1968 1982 1
1969 1984 1
1972 1979 1
1973 1989 1
1974 1983 1
1974 1990 1
1975 1994 1
1977 1980 1
1978 1994 1
1978 2000 1
1979 1990 1
1980 1986 1
1981 1993 1
1982 1994 1
1982 1996 1
1985 1987 1
1985 1991 1
1986 1991 1
1991 1993 1
1992 2000 1
