1000 24896
1 24 1
1 66 1
1 79 1
1 108 1
1 112 1
1 139 1
1 167 1
1 214 1
1 243 1
1 264 1
1 300 1
1 326 1
1 367 1
1 538 1
1 545 1
1 550 1
1 598 1
1 622 1
1 636 1
1 640 1
1 730 1
1 735 1
1 739 1
1 771 1
1 776 1
1 780 1
1 785 1
1 792 1
1 794 1
1 813 1
1 867 1
1 931 1
1 936 1
1 943 1
1 963 1
2 61 1
2 72 1
2 89 1
2 90 1
2 91 1
2 126 1
2 128 1
2 131 1
2 149 1
2 150 1
2 193 1
2 206 1
2 230 1
2 294 1
2 315 1
2 364 1
2 367 1
2 383 1
2 412 1
2 425 1
2 426 1
2 475 1
2 542 1
2 556 1
2 628 1
2 642 1
2 666 1
2 673 1
2 694 1
2 723 1
2 772 1
2 793 1
2 801 1
2 806 1
2 819 1
2 822 1
2 827 1
2 836 1
2 844 1
2 860 1
2 891 1
2 901 1
2 943 1
2 954 1
2 969 1
3 14 1
3 30 1
3 50 1
3 51 1
3 56 1
3 61 1
3 76 1
3 78 1
3 105 1
3 125 1
3 141 1
3 159 1
3 170 1
3 172 1
3 203 1
3 224 1
3 235 1
3 244 1
3 267 1
3 286 1
3 300 1
3 330 1
3 358 1
3 363 1
3 366 1
3 390 1
3 391 1
3 409 1
3 429 1
3 508 1
3 514 1
3 515 1
3 517 1
3 568 1
3 573 1
3 576 1
3 583 1
3 593 1
3 595 1
3 647 1
3 719 1
3 728 1
3 734 1
3 783 1
3 820 1
3 841 1
3 845 1
3 884 1
3 942 1
3 974 1
4 34 1
4 35 1
4 40 1
4 76 1
4 95 1
4 132 1
4 135 1
4 143 1
4 150 1
4 152 1
4 154 1
4 171 1
4 175 1
4 179 1
4 189 1
4 272 1
4 281 1
4 347 1
4 365 1
4 369 1
4 373 1
4 394 1
4 432 1
4 438 1
4 441 1
4 443 1
4 472 1
4 526 1
4 536 1
4 556 1
4 562 1
4 580 1
4 615 1
4 625 1
4 632 1
4 634 1
4 650 1
4 661 1
4 662 1
4 678 1
4 698 1
4 720 1
4 731 1
4 741 1
4 751 1
4 767 1
4 776 1
4 778 1
4 781 1
4 784 1
4 786 1
4 801 1
4 823 1
4 878 1
4 883 1
4 891 1
4 893 1
4 897 1
4 904 1
4 933 1
4 958 1
4 973 1
5 61 1
5 143 1
5 154 1
5 161 1
5 188 1
5 189 1
5 201 1
5 225 1
5 229 1
5 231 1
5 233 1
5 242 1
5 294 1
5 297 1
5 310 1
5 318 1
5 358 1
5 400 1
5 412 1
5 417 1
5 431 1
5 439 1
5 501 1
5 505 1
5 515 1
5 520 1
5 521 1
5 547 1
5 561 1
5 571 1
5 578 1
5 583 1
5 587 1
5 591 1
5 620 1
5 649 1
5 700 1
5 712 1
5 737 1
5 747 1
5 763 1
5 767 1
5 797 1
5 876 1
5 879 1
5 881 1
5 889 1
5 894 1
5 922 1
5 930 1
5 953 1
5 962 1
6 27 1
6 54 1
6 62 1
6 92 1
6 109 1
6 116 1
6 117 1
6 140 1
6 158 1
6 160 1
6 190 1
6 210 1
6 241 1
6 245 1
6 323 1
6 324 1
6 328 1
6 332 1
6 360 1
6 392 1
6 395 1
6 440 1
6 464 1
6 491 1
6 578 1
6 594 1
6 601 1
6 614 1
6 620 1
6 625 1
6 651 1
6 682 1
6 705 1
6 711 1
6 714 1
6 728 1
6 750 1
6 752 1
6 760 1
6 761 1
6 790 1
6 825 1
6 838 1
6 870 1
6 872 1
6 876 1
6 910 1
6 933 1
6 934 1
6 938 1
6 972 1
7 41 1
7 54 1
7 73 1
7 88 1
7 128 1
7 138 1
7 141 1
7 144 1
7 152 1
7 182 1
7 192 1
7 215 1
7 225 1
7 234 1
7 236 1
7 238 1
7 271 1
7 273 1
7 284 1
7 293 1
7 303 1
7 305 1
7 306 1
7 307 1
7 334 1
7 335 1
7 361 1
7 367 1
7 379 1
7 384 1
7 400 1
7 419 1
7 446 1
7 505 1
7 528 1
7 540 1
7 598 1
7 612 1
7 660 1
7 681 1
7 685 1
7 697 1
7 718 1
7 720 1
7 724 1
7 733 1
7 774 1
7 835 1
7 844 1
7 855 1
7 862 1
7 887 1
7 912 1
7 955 1
8 56 1
8 61 1
8 70 1
8 74 1
8 81 1
8 101 1
8 118 1
8 126 1
8 171 1
8 174 1
8 211 1
8 217 1
8 240 1
8 262 1
8 271 1
8 298 1
8 321 1
8 350 1
8 390 1
8 411 1
8 438 1
8 451 1
8 505 1
8 523 1
8 538 1
8 560 1
8 577 1
8 670 1
8 751 1
8 799 1
8 824 1
8 825 1
8 837 1
8 867 1
8 916 1
8 939 1
8 955 1
8 960 1
9 100 1
9 129 1
9 134 1
9 196 1
9 198 1
9 269 1
9 324 1
9 343 1
9 375 1
9 380 1
9 389 1
9 414 1
9 446 1
9 460 1
9 474 1
9 507 1
9 510 1
9 539 1
9 556 1
9 576 1
9 592 1
9 604 1
9 614 1
9 635 1
9 639 1
9 654 1
9 674 1
9 677 1
9 723 1
9 728 1
9 738 1
9 743 1
9 746 1
9 783 1
9 785 1
9 792 1
9 798 1
9 806 1
9 817 1
9 819 1
9 836 1
9 850 1
9 859 1
9 885 1
9 900 1
9 917 1
9 932 1
9 933 1
9 968 1
9 979 1
10 36 1
10 38 1
10 57 1
10 60 1
10 99 1
10 108 1
10 121 1
10 127 1
10 132 1
10 147 1
10 156 1
10 173 1
10 178 1
10 203 1
10 210 1
10 238 1
10 246 1
10 249 1
10 276 1
10 318 1
10 324 1
10 338 1
10 344 1
10 366 1
10 381 1
10 397 1
10 401 1
10 425 1
10 428 1
10 436 1
10 475 1
10 477 1
10 478 1
10 501 1
10 506 1
10 532 1
10 570 1
10 599 1
10 633 1
10 653 1
10 656 1
10 665 1
10 686 1
10 691 1
10 720 1
10 722 1
10 732 1
10 749 1
10 783 1
10 804 1
10 849 1
10 851 1
10 887 1
10 891 1
10 915 1
10 922 1
10 938 1
10 947 1
10 954 1
10 957 1
11 53 1
11 58 1
11 71 1
11 75 1
11 80 1
11 114 1
11 121 1
11 122 1
11 123 1
11 138 1
11 146 1
11 151 1
11 159 1
11 161 1
11 182 1
11 210 1
11 211 1
11 218 1
11 268 1
11 270 1
11 275 1
11 298 1
11 306 1
11 321 1
11 367 1
11 368 1
11 379 1
11 476 1
11 481 1
11 483 1
11 525 1
11 541 1
11 548 1
11 555 1
11 563 1
11 588 1
11 595 1
11 602 1
11 668 1
11 701 1
11 766 1
11 767 1
11 774 1
11 786 1
11 792 1
11 838 1
11 858 1
11 871 1
11 891 1
11 915 1
11 927 1
11 929 1
11 940 1
11 941 1
11 955 1
11 990 1
11 995 1
11 998 1
12 16 1
12 40 1
12 41 1
12 100 1
12 116 1
12 118 1
12 137 1
12 159 1
12 246 1
12 249 1
12 287 1
12 297 1
12 316 1
12 374 1
12 403 1
12 420 1
12 427 1
12 458 1
12 476 1
12 514 1
12 579 1
12 588 1
12 589 1
12 611 1
12 613 1
12 624 1
12 675 1
12 677 1
12 679 1
12 680 1
12 703 1
12 717 1
12 752 1
12 759 1
12 801 1
12 803 1
12 836 1
12 880 1
12 899 1
12 901 1
12 954 1
13 43 1
13 50 1
13 80 1
13 91 1
13 123 1
13 150 1
13 167 1
13 187 1
13 192 1
13 231 1
13 244 1
13 257 1
13 270 1
13 271 1
13 273 1
13 282 1
13 347 1
13 363 1
13 378 1
13 402 1
13 413 1
13 420 1
13 425 1
13 451 1
13 476 1
13 478 1
13 489 1
13 493 1
13 494 1
13 500 1
13 520 1
13 535 1
13 537 1
13 552 1
13 557 1
13 559 1
13 561 1
13 562 1
13 583 1
13 616 1
13 627 1
13 646 1
13 657 1
13 677 1
13 687 1
13 698 1
13 740 1
13 745 1
13 806 1
13 822 1
13 833 1
13 841 1
13 879 1
13 885 1
13 894 1
13 916 1
13 994 1
14 20 1
14 58 1
14 62 1
14 89 1
14 126 1
14 135 1
14 146 1
14 169 1
14 197 1
14 214 1
14 216 1
14 221 1
14 225 1
14 281 1
14 292 1
14 301 1
14 320 1
14 322 1
14 346 1
14 347 1
14 418 1
14 419 1
14 452 1
14 458 1
14 477 1
14 490 1
14 517 1
14 525 1
14 544 1
14 564 1
14 709 1
14 731 1
14 742 1
14 755 1
14 769 1
14 783 1
14 792 1
14 807 1
14 825 1
14 837 1
14 850 1
14 871 1
14 906 1
14 912 1
14 914 1
14 963 1
14 968 1
14 978 1
14 998 1
15 25 1
15 45 1
15 60 1
15 131 1
15 142 1
15 147 1
15 157 1
15 169 1
15 177 1
15 200 1
15 240 1
15 247 1
15 256 1
15 261 1
15 277 1
15 314 1
15 366 1
15 376 1
15 384 1
15 396 1
15 435 1
15 436 1
15 461 1
15 474 1
15 481 1
15 485 1
15 500 1
15 507 1
15 555 1
15 566 1
15 575 1
15 585 1
15 592 1
15 595 1
15 609 1
15 621 1
15 627 1
15 652 1
15 678 1
15 682 1
15 691 1
15 720 1
15 828 1
15 830 1
15 845 1
15 850 1
15 861 1
15 887 1
15 897 1
15 923 1
15 946 1
15 947 1
15 975 1
15 977 1
15 978 1
16 25 1
16 30 1
16 33 1
16 57 1
16 78 1
16 79 1
16 120 1
16 121 1
16 138 1
16 147 1
16 153 1
16 162 1
16 165 1
16 227 1
16 272 1
16 358 1
16 370 1
16 375 1
16 381 1
16 401 1
16 414 1
16 422 1
16 432 1
16 441 1
16 454 1
16 461 1
16 463 1
16 516 1
16 517 1
16 532 1
16 539 1
16 563 1
16 569 1
16 574 1
16 594 1
16 599 1
16 619 1
16 641 1
16 665 1
16 721 1
16 748 1
16 753 1
16 769 1
16 779 1
16 786 1
16 797 1
16 806 1
16 883 1
16 892 1
16 907 1
16 919 1
16 945 1
16 960 1
16 977 1
17 39 1
17 40 1
17 48 1
17 122 1
17 141 1
17 160 1
17 168 1
17 169 1
17 200 1
17 225 1
17 232 1
17 295 1
17 310 1
17 352 1
17 367 1
17 386 1
17 408 1
17 421 1
17 452 1
17 461 1
17 470 1
17 484 1
17 519 1
17 523 1
17 538 1
17 542 1
17 568 1
17 577 1
17 593 1
17 596 1
17 673 1
17 688 1
17 726 1
17 739 1
17 765 1
17 824 1
17 830 1
17 831 1
17 855 1
17 885 1
17 890 1
17 895 1
17 909 1
17 935 1
17 954 1
17 958 1
17 966 1
18 29 1
18 48 1
18 49 1
18 50 1
18 56 1
18 117 1
18 170 1
18 190 1
18 209 1
18 210 1
18 249 1
18 253 1
18 298 1
18 342 1
18 363 1
18 417 1
18 443 1
18 466 1
18 565 1
18 573 1
18 622 1
18 644 1
18 646 1
18 660 1
18 673 1
18 682 1
18 720 1
18 721 1
18 734 1
18 744 1
18 782 1
18 843 1
18 859 1
18 867 1
18 884 1
18 931 1
18 959 1
19 94 1
19 108 1
19 122 1
19 126 1
19 127 1
19 129 1
19 135 1
19 139 1
19 144 1
19 191 1
19 231 1
19 234 1
19 260 1
19 267 1
19 268 1
19 280 1
19 318 1
19 338 1
19 339 1
19 378 1
19 397 1
19 401 1
19 435 1
19 453 1
19 470 1
19 479 1
19 489 1
19 493 1
19 538 1
19 545 1
19 547 1
19 552 1
19 558 1
19 583 1
19 591 1
19 634 1
19 686 1
19 704 1
19 707 1
19 721 1
19 728 1
19 752 1
19 755 1
19 758 1
19 786 1
19 805 1
19 810 1
19 832 1
19 872 1
19 889 1
19 908 1
19 920 1
19 923 1
19 931 1
19 938 1
20 24 1
20 36 1
20 72 1
20 107 1
20 114 1
20 118 1
20 120 1
20 127 1
20 137 1
20 156 1
20 158 1
20 163 1
20 175 1
20 200 1
20 228 1
20 245 1
20 256 1
20 265 1
20 267 1
20 273 1
20 284 1
20 313 1
20 317 1
20 321 1
20 331 1
20 354 1
20 375 1
20 385 1
20 396 1
20 406 1
20 430 1
20 473 1
20 548 1
20 556 1
20 567 1
20 598 1
20 657 1
20 674 1
20 678 1
20 682 1
20 687 1
20 745 1
20 771 1
20 796 1
20 799 1
20 801 1
20 822 1
20 864 1
20 866 1
20 896 1
20 901 1
20 956 1
20 972 1
20 976 1
21 80 1
21 105 1
21 145 1
21 159 1
21 171 1
21 176 1
21 183 1
21 222 1
21 276 1
21 301 1
21 316 1
21 321 1
21 322 1
21 329 1
21 353 1
21 369 1
21 399 1
21 402 1
21 438 1
21 504 1
21 525 1
21 538 1
21 658 1
21 694 1
21 747 1
21 771 1
21 794 1
21 800 1
21 801 1
21 802 1
21 815 1
21 861 1
21 871 1
21 881 1
21 884 1
21 894 1
21 895 1
21 918 1
21 923 1
21 938 1
21 939 1
21 951 1
22 31 1
22 116 1
22 117 1
22 122 1
22 137 1
22 152 1
22 154 1
22 166 1
22 185 1
22 282 1
22 366 1
22 392 1
22 466 1
22 467 1
22 469 1
22 479 1
22 492 1
22 599 1
22 612 1
22 622 1
22 628 1
22 649 1
22 655 1
22 672 1
22 733 1
22 742 1
22 793 1
22 794 1
22 820 1
22 838 1
22 845 1
22 871 1
22 872 1
22 886 1
22 890 1
22 893 1
22 898 1
23 25 1
23 81 1
23 98 1
23 100 1
23 108 1
23 132 1
23 145 1
23 162 1
23 164 1
23 192 1
23 215 1
23 241 1
23 255 1
23 258 1
23 303 1
23 331 1
23 339 1
23 345 1
23 350 1
23 367 1
23 373 1
23 401 1
23 466 1
23 468 1
23 489 1
23 494 1
23 510 1
23 532 1
23 534 1
23 538 1
23 544 1
23 555 1
23 567 1
23 613 1
23 619 1
23 641 1
23 648 1
23 659 1
23 669 1
23 687 1
23 704 1
23 760 1
23 768 1
23 794 1
23 796 1
23 808 1
23 840 1
23 850 1
23 855 1
23 863 1
23 920 1
23 952 1
23 994 1
24 34 1
24 47 1
24 52 1
24 63 1
24 119 1
24 120 1
24 134 1
24 147 1
24 157 1
24 179 1
24 215 1
24 247 1
24 259 1
24 313 1
24 320 1
24 344 1
24 348 1
24 350 1
24 360 1
24 395 1
24 435 1
24 455 1
24 470 1
24 471 1
24 478 1
24 490 1
24 566 1
24 587 1
24 588 1
24 608 1
24 642 1
24 709 1
24 713 1
24 740 1
24 779 1
24 793 1
24 814 1
24 858 1
24 869 1
24 881 1
24 963 1
25 26 1
25 39 1
25 112 1
25 120 1
25 133 1
25 155 1
25 180 1
25 203 1
25 212 1
25 229 1
25 232 1
25 235 1
25 287 1
25 314 1
25 323 1
25 338 1
25 346 1
25 402 1
25 403 1
25 419 1
25 442 1
25 448 1
25 453 1
25 490 1
25 548 1
25 552 1
25 558 1
25 562 1
25 577 1
25 598 1
25 602 1
25 604 1
25 609 1
25 623 1
25 658 1
25 695 1
25 709 1
25 711 1
25 744 1
25 755 1
25 760 1
25 830 1
25 844 1
25 852 1
25 879 1
25 890 1
25 911 1
25 925 1
25 936 1
25 950 1
25 999 1
26 43 1
26 78 1
26 79 1
26 83 1
26 87 1
26 105 1
26 156 1
26 163 1
26 185 1
26 191 1
26 201 1
26 203 1
26 218 1
26 249 1
26 280 1
26 300 1
26 327 1
26 335 1
26 366 1
26 373 1
26 376 1
26 400 1
26 416 1
26 440 1
26 453 1
26 527 1
26 558 1
26 584 1
26 600 1
26 607 1
26 627 1
26 630 1
26 647 1
26 650 1
26 665 1
26 755 1
26 764 1
26 772 1
26 788 1
26 812 1
26 817 1
26 849 1
26 856 1
26 858 1
26 868 1
26 870 1
26 880 1
26 884 1
26 894 1
26 898 1
26 911 1
26 936 1
26 974 1
26 989 1
26 991 1
27 63 1
27 81 1
27 83 1
27 94 1
27 112 1
27 137 1
27 141 1
27 143 1
27 176 1
27 211 1
27 223 1
27 233 1
27 240 1
27 259 1
27 327 1
27 372 1
27 381 1
27 382 1
27 433 1
27 463 1
27 511 1
27 518 1
27 521 1
27 561 1
27 563 1
27 594 1
27 645 1
27 682 1
27 696 1
27 705 1
27 746 1
27 758 1
27 768 1
27 782 1
27 803 1
27 805 1
27 816 1
27 822 1
27 936 1
27 957 1
27 985 1
28 41 1
28 84 1
28 106 1
28 114 1
28 122 1
28 134 1
28 140 1
28 167 1
28 188 1
28 198 1
28 200 1
28 217 1
28 307 1
28 375 1
28 377 1
28 417 1
28 421 1
28 429 1
28 432 1
28 445 1
28 549 1
28 579 1
28 626 1
28 643 1
28 648 1
28 651 1
28 664 1
28 678 1
28 682 1
28 748 1
28 778 1
28 779 1
28 839 1
28 865 1
28 888 1
28 891 1
28 915 1
28 918 1
28 944 1
28 961 1
28 996 1
29 96 1
29 99 1
29 103 1
29 148 1
29 164 1
29 177 1
29 183 1
29 227 1
29 249 1
29 269 1
29 272 1
29 285 1
29 289 1
29 313 1
29 315 1
29 322 1
29 333 1
29 419 1
29 433 1
29 481 1
29 495 1
29 533 1
29 552 1
29 579 1
29 599 1
29 610 1
29 640 1
29 661 1
29 662 1
29 693 1
29 698 1
29 736 1
29 752 1
29 762 1
29 789 1
29 827 1
29 852 1
29 922 1
29 965 1
29 966 1
29 977 1
29 984 1
29 1000 1
30 161 1
30 170 1
30 173 1
30 182 1
30 185 1
30 210 1
30 214 1
30 248 1
30 253 1
30 257 1
30 261 1
30 299 1
30 302 1
30 333 1
30 337 1
30 348 1
30 359 1
30 365 1
30 395 1
30 398 1
30 442 1
30 479 1
30 497 1
30 513 1
30 636 1
30 668 1
30 723 1
30 756 1
30 762 1
30 768 1
30 783 1
30 794 1
30 859 1
30 871 1
30 876 1
30 920 1
30 933 1
30 945 1
30 972 1
30 977 1
30 994 1
30 995 1
30 997 1
30 999 1
31 41 1
31 45 1
31 71 1
31 76 1
31 85 1
31 86 1
31 140 1
31 163 1
31 197 1
31 199 1
31 201 1
31 226 1
31 267 1
31 274 1
31 295 1
31 398 1
31 403 1
31 409 1
31 436 1
31 459 1
31 486 1
31 497 1
31 505 1
31 523 1
31 541 1
31 546 1
31 573 1
31 595 1
31 606 1
31 635 1
31 648 1
31 671 1
31 690 1
31 701 1
31 755 1
31 789 1
31 800 1
31 828 1
31 833 1
31 851 1
31 864 1
31 883 1
31 911 1
31 940 1
31 943 1
31 977 1
31 985 1
32 43 1
32 65 1
32 73 1
32 86 1
32 89 1
32 110 1
32 215 1
32 220 1
32 224 1
32 314 1
32 356 1
32 401 1
32 410 1
32 421 1
32 454 1
32 478 1
32 506 1
32 533 1
32 544 1
32 580 1
32 599 1
32 622 1
32 630 1
32 644 1
32 659 1
32 660 1
32 675 1
32 676 1
32 690 1
32 715 1
32 732 1
32 761 1
32 766 1
32 794 1
32 813 1
32 890 1
32 907 1
32 933 1
32 979 1
32 992 1
33 37 1
33 41 1
33 117 1
33 170 1
33 195 1
33 220 1
33 238 1
33 247 1
33 259 1
33 277 1
33 324 1
33 338 1
33 356 1
33 372 1
33 373 1
33 390 1
33 410 1
33 471 1
33 488 1
33 497 1
33 545 1
33 550 1
33 554 1
33 557 1
33 575 1
33 618 1
33 634 1
33 638 1
33 639 1
33 677 1
33 682 1
33 685 1
33 724 1
33 776 1
33 777 1
33 820 1
33 837 1
33 848 1
33 852 1
33 872 1
33 874 1
33 911 1
33 940 1
33 955 1
33 976 1
33 979 1
34 51 1
34 73 1
34 221 1
34 263 1
34 281 1
34 303 1
34 400 1
34 426 1
34 453 1
34 459 1
34 467 1
34 469 1
34 476 1
34 485 1
34 520 1
34 541 1
34 622 1
34 646 1
34 669 1
34 683 1
34 718 1
34 756 1
34 770 1
34 773 1
34 792 1
34 811 1
34 826 1
34 829 1
34 869 1
34 890 1
34 910 1
34 911 1
34 913 1
34 925 1
34 938 1
34 940 1
34 984 1
35 52 1
35 55 1
35 118 1
35 123 1
35 162 1
35 180 1
35 231 1
35 288 1
35 291 1
35 307 1
35 345 1
35 359 1
35 369 1
35 400 1
35 421 1
35 495 1
35 524 1
35 558 1
35 569 1
35 576 1
35 657 1
35 676 1
35 682 1
35 693 1
35 701 1
35 717 1
35 736 1
35 770 1
35 807 1
35 848 1
35 854 1
35 855 1
35 865 1
35 906 1
35 925 1
35 941 1
35 943 1
35 947 1
35 988 1
36 41 1
36 62 1
36 66 1
36 122 1
36 140 1
36 156 1
36 189 1
36 192 1
36 211 1
36 247 1
36 261 1
36 329 1
36 342 1
36 359 1
36 361 1
36 391 1
36 410 1
36 416 1
36 425 1
36 439 1
36 461 1
36 471 1
36 476 1
36 491 1
36 525 1
36 526 1
36 641 1
36 678 1
36 716 1
36 764 1
36 772 1
36 780 1
36 801 1
36 805 1
36 813 1
36 826 1
36 859 1
36 860 1
36 867 1
36 875 1
36 893 1
36 904 1
36 908 1
36 938 1
36 942 1
36 956 1
36 977 1
36 979 1
37 73 1
37 83 1
37 91 1
37 101 1
37 113 1
37 143 1
37 165 1
37 194 1
37 211 1
37 219 1
37 223 1
37 258 1
37 303 1
37 310 1
37 311 1
37 330 1
37 346 1
37 354 1
37 360 1
37 382 1
37 409 1
37 442 1
37 444 1
37 465 1
37 487 1
37 504 1
37 555 1
37 575 1
37 597 1
37 602 1
37 621 1
37 630 1
37 632 1
37 673 1
37 702 1
37 738 1
37 750 1
37 753 1
37 776 1
37 784 1
37 861 1
37 862 1
37 863 1
37 878 1
37 897 1
37 905 1
37 914 1
37 970 1
38 77 1
38 88 1
38 107 1
38 113 1
38 139 1
38 148 1
38 171 1
38 193 1
38 202 1
38 228 1
38 249 1
38 295 1
38 303 1
38 308 1
38 328 1
38 339 1
38 396 1
38 436 1
38 441 1
38 457 1
38 472 1
38 475 1
38 493 1
38 500 1
38 521 1
38 551 1
38 578 1
38 586 1
38 633 1
38 652 1
38 692 1
38 731 1
38 736 1
38 737 1
38 781 1
38 799 1
38 827 1
38 843 1
38 866 1
38 877 1
38 880 1
38 892 1
39 55 1
39 78 1
39 81 1
39 88 1
39 101 1
39 113 1
39 148 1
39 151 1
39 160 1
39 168 1
39 170 1
39 171 1
39 210 1
39 214 1
39 226 1
39 229 1
39 236 1
39 265 1
39 295 1
39 298 1
39 332 1
39 333 1
39 371 1
39 384 1
39 392 1
39 423 1
39 438 1
39 450 1
39 452 1
39 457 1
39 460 1
39 478 1
39 535 1
39 555 1
39 574 1
39 589 1
39 590 1
39 605 1
39 625 1
39 641 1
39 698 1
39 708 1
39 709 1
39 757 1
39 788 1
39 825 1
39 840 1
39 874 1
39 875 1
39 910 1
39 947 1
39 962 1
39 975 1
40 42 1
40 77 1
40 105 1
40 107 1
40 117 1
40 128 1
40 133 1
40 173 1
40 179 1
40 205 1
40 241 1
40 262 1
40 265 1
40 274 1
40 301 1
40 315 1
40 317 1
40 331 1
40 364 1
40 385 1
40 386 1
40 426 1
40 485 1
40 498 1
40 499 1
40 504 1
40 664 1
40 681 1
40 726 1
40 750 1
40 756 1
40 769 1
40 814 1
40 838 1
40 849 1
40 886 1
40 890 1
40 892 1
40 929 1
40 943 1
40 946 1
40 960 1
40 990 1
40 999 1
41 66 1
41 74 1
41 98 1
41 100 1
41 123 1
41 157 1
41 172 1
41 185 1
41 196 1
41 207 1
41 289 1
41 298 1
41 300 1
41 317 1
41 332 1
41 370 1
41 395 1
41 415 1
41 420 1
41 429 1
41 467 1
41 474 1
41 511 1
41 518 1
41 552 1
41 619 1
41 621 1
41 630 1
41 638 1
41 668 1
41 713 1
41 758 1
41 783 1
41 789 1
41 811 1
41 816 1
41 819 1
41 833 1
41 843 1
41 856 1
41 901 1
41 917 1
41 925 1
41 929 1
41 936 1
41 969 1
41 990 1
41 992 1
42 54 1
42 58 1
42 73 1
42 81 1
42 84 1
42 97 1
42 99 1
42 106 1
42 134 1
42 161 1
42 183 1
42 261 1
42 264 1
42 272 1
42 273 1
42 293 1
42 306 1
42 323 1
42 331 1
42 332 1
42 335 1
42 352 1
42 430 1
42 433 1
42 434 1
42 452 1
42 471 1
42 500 1
42 506 1
42 514 1
42 517 1
42 532 1
42 588 1
42 641 1
42 658 1
42 674 1
42 724 1
42 732 1
42 740 1
42 748 1
42 753 1
42 772 1
42 789 1
42 790 1
42 807 1
42 813 1
42 828 1
42 843 1
42 954 1
42 972 1
42 981 1
43 58 1
43 60 1
43 63 1
43 105 1
43 121 1
43 152 1
43 224 1
43 249 1
43 251 1
43 262 1
43 276 1
43 279 1
43 281 1
43 290 1
43 291 1
43 322 1
43 342 1
43 352 1
43 425 1
43 430 1
43 456 1
43 474 1
43 475 1
43 478 1
43 493 1
43 509 1
43 518 1
43 550 1
43 560 1
43 567 1
43 580 1
43 604 1
43 616 1
43 654 1
43 658 1
43 670 1
43 691 1
43 715 1
43 750 1
43 764 1
43 779 1
43 785 1
43 832 1
43 868 1
43 872 1
43 904 1
43 906 1
43 922 1
43 930 1
43 939 1
43 942 1
43 955 1
43 978 1
43 979 1
44 60 1
44 90 1
44 107 1
44 115 1
44 118 1
44 142 1
44 145 1
44 149 1
44 151 1
44 162 1
44 193 1
44 205 1
44 211 1
44 212 1
44 230 1
44 251 1
44 276 1
44 316 1
44 334 1
44 344 1
44 357 1
44 364 1
44 366 1
44 370 1
44 386 1
44 403 1
44 419 1
44 459 1
44 513 1
44 549 1
44 595 1
44 603 1
44 632 1
44 696 1
44 719 1
44 729 1
44 731 1
44 745 1
44 761 1
44 818 1
44 829 1
44 834 1
44 930 1
44 970 1
44 980 1
44 995 1
45 74 1
45 89 1
45 108 1
45 129 1
45 165 1
45 209 1
45 222 1
45 244 1
45 245 1
45 253 1
45 254 1
45 270 1
45 284 1
45 320 1
45 343 1
45 356 1
45 397 1
45 450 1
45 465 1
45 491 1
45 574 1
45 600 1
45 618 1
45 624 1
45 643 1
45 669 1
45 671 1
45 672 1
45 689 1
45 691 1
45 692 1
45 695 1
45 710 1
45 753 1
45 772 1
45 792 1
45 793 1
45 799 1
45 816 1
45 821 1
45 834 1
45 839 1
45 859 1
45 892 1
45 904 1
45 922 1
45 946 1
45 948 1
45 977 1
45 981 1
46 87 1
46 102 1
46 130 1
46 140 1
46 143 1
46 198 1
46 216 1
46 220 1
46 244 1
46 296 1
46 347 1
46 357 1
46 358 1
46 361 1
46 364 1
46 367 1
46 395 1
46 397 1
46 423 1
46 442 1
46 449 1
46 463 1
46 505 1
46 540 1
46 548 1
46 566 1
46 567 1
46 574 1
46 579 1
46 604 1
46 617 1
46 619 1
46 629 1
46 634 1
46 650 1
46 655 1
46 661 1
46 684 1
46 704 1
46 708 1
46 717 1
46 738 1
46 750 1
46 762 1
46 813 1
46 839 1
46 845 1
46 874 1
46 884 1
46 887 1
46 891 1
46 904 1
46 905 1
46 909 1
46 959 1
46 970 1
47 50 1
47 61 1
47 62 1
47 116 1
47 130 1
47 184 1
47 192 1
47 260 1
47 262 1
47 263 1
47 272 1
47 280 1
47 295 1
47 365 1
47 427 1
47 488 1
47 493 1
47 524 1
47 588 1
47 592 1
47 605 1
47 620 1
47 638 1
47 644 1
47 659 1
47 664 1
47 671 1
47 722 1
47 737 1
47 759 1
47 767 1
47 806 1
47 809 1
47 813 1
47 821 1
47 827 1
47 851 1
47 859 1
47 864 1
47 866 1
47 878 1
47 897 1
47 917 1
47 941 1
47 982 1
48 55 1
48 87 1
48 102 1
48 129 1
48 139 1
48 186 1
48 232 1
48 249 1
48 357 1
48 376 1
48 386 1
48 398 1
48 413 1
48 429 1
48 480 1
48 496 1
48 514 1
48 521 1
48 522 1
48 523 1
48 565 1
48 608 1
48 612 1
48 687 1
48 713 1
48 726 1
48 818 1
48 825 1
48 831 1
48 922 1
49 55 1
49 83 1
49 85 1
49 88 1
49 99 1
49 104 1
49 129 1
49 143 1
49 149 1
49 166 1
49 218 1
49 220 1
49 238 1
49 273 1
49 300 1
49 312 1
49 319 1
49 330 1
49 333 1
49 339 1
49 348 1
49 372 1
49 411 1
49 420 1
49 464 1
49 471 1
49 508 1
49 513 1
49 544 1
49 573 1
49 587 1
49 638 1
49 641 1
49 670 1
49 678 1
49 758 1
49 761 1
49 795 1
49 796 1
49 830 1
49 832 1
49 848 1
49 851 1
49 865 1
49 879 1
49 928 1
49 946 1
49 967 1
49 978 1
49 983 1
50 76 1
50 87 1
50 96 1
50 152 1
50 154 1
50 281 1
50 282 1
50 300 1
50 329 1
50 336 1
50 351 1
50 399 1
50 408 1
50 422 1
50 429 1
50 441 1
50 476 1
50 477 1
50 479 1
50 532 1
50 545 1
50 558 1
50 592 1
50 629 1
50 638 1
50 670 1
50 706 1
50 715 1
50 718 1
50 728 1
50 734 1
50 745 1
50 758 1
50 786 1
50 798 1
50 799 1
50 831 1
50 841 1
50 844 1
50 845 1
50 856 1
50 922 1
50 925 1
50 934 1
50 959 1
51 62 1
51 68 1
51 71 1
51 92 1
51 134 1
51 151 1
51 163 1
51 186 1
51 217 1
51 219 1
51 234 1
51 238 1
51 240 1
51 247 1
51 249 1
51 279 1
51 307 1
51 337 1
51 340 1
51 341 1
51 344 1
51 345 1
51 386 1
51 399 1
51 410 1
51 412 1
51 451 1
51 469 1
51 493 1
51 553 1
51 556 1
51 568 1
51 617 1
51 625 1
51 627 1
51 670 1
51 695 1
51 696 1
51 710 1
51 754 1
51 784 1
51 812 1
51 824 1
51 830 1
51 846 1
51 851 1
51 857 1
51 872 1
51 886 1
51 908 1
51 944 1
51 954 1
51 985 1
52 58 1
52 72 1
52 79 1
52 152 1
52 169 1
52 175 1
52 177 1
52 245 1
52 251 1
52 255 1
52 328 1
52 351 1
52 354 1
52 362 1
52 406 1
52 416 1
52 445 1
52 471 1
52 506 1
52 538 1
52 571 1
52 585 1
52 600 1
52 601 1
52 603 1
52 606 1
52 625 1
52 642 1
52 648 1
52 667 1
52 695 1
52 711 1
52 786 1
52 798 1
52 799 1
52 823 1
52 836 1
52 842 1
52 860 1
52 975 1
52 979 1
52 995 1
52 997 1
53 79 1
53 107 1
53 119 1
53 121 1
53 136 1
53 138 1
53 139 1
53 162 1
53 173 1
53 179 1
53 231 1
53 248 1
53 369 1
53 379 1
53 393 1
53 414 1
53 415 1
53 423 1
53 441 1
53 454 1
53 464 1
53 496 1
53 498 1
53 499 1
53 514 1
53 522 1
53 533 1
53 590 1
53 603 1
53 624 1
53 649 1
53 651 1
53 680 1
53 689 1
53 711 1
53 716 1
53 719 1
53 725 1
53 728 1
53 749 1
53 815 1
53 820 1
53 833 1
53 851 1
53 899 1
53 934 1
53 947 1
53 961 1
53 980 1
54 72 1
54 81 1
54 85 1
54 132 1
54 189 1
54 256 1
54 271 1
54 276 1
54 332 1
54 379 1
54 387 1
54 472 1
54 519 1
54 587 1
54 590 1
54 603 1
54 608 1
54 655 1
54 695 1
54 699 1
54 733 1
54 748 1
54 759 1
54 770 1
54 774 1
54 798 1
54 800 1
54 805 1
54 867 1
54 874 1
54 901 1
54 919 1
54 943 1
54 976 1
54 983 1
55 83 1
55 113 1
55 127 1
55 216 1
55 220 1
55 225 1
55 226 1
55 228 1
55 240 1
55 242 1
55 246 1
55 303 1
55 349 1
55 384 1
55 400 1
55 411 1
55 420 1
55 427 1
55 430 1
55 464 1
55 472 1
55 476 1
55 496 1
55 554 1
55 573 1
55 576 1
55 601 1
55 612 1
55 650 1
55 667 1
55 689 1
55 692 1
55 693 1
55 697 1
55 699 1
55 700 1
55 707 1
55 765 1
55 804 1
55 809 1
55 825 1
55 838 1
55 853 1
55 866 1
55 873 1
55 878 1
55 880 1
55 903 1
55 907 1
55 942 1
55 969 1
56 117 1
56 136 1
56 141 1
56 198 1
56 225 1
56 238 1
56 243 1
56 282 1
56 289 1
56 290 1
56 301 1
56 364 1
56 397 1
56 410 1
56 436 1
56 461 1
56 469 1
56 520 1
56 545 1
56 561 1
56 580 1
56 585 1
56 598 1
56 603 1
56 610 1
56 643 1
56 685 1
56 694 1
56 747 1
56 763 1
56 773 1
56 778 1
56 809 1
56 863 1
56 880 1
56 933 1
56 934 1
56 941 1
56 946 1
56 948 1
56 950 1
57 64 1
57 83 1
57 93 1
57 118 1
57 143 1
57 164 1
57 193 1
57 220 1
57 260 1
57 281 1
57 282 1
57 297 1
57 298 1
57 306 1
57 356 1
57 421 1
57 453 1
57 515 1
57 524 1
57 530 1
57 534 1
57 571 1
57 580 1
57 581 1
57 585 1
57 592 1
57 594 1
57 606 1
57 614 1
57 631 1
57 658 1
57 671 1
57 685 1
57 695 1
57 697 1
57 714 1
57 722 1
57 728 1
57 759 1
57 770 1
57 776 1
57 787 1
57 791 1
57 804 1
57 807 1
57 846 1
57 855 1
57 919 1
57 940 1
57 950 1
57 987 1
57 991 1
57 997 1
58 67 1
58 75 1
58 81 1
58 82 1
58 90 1
58 100 1
58 128 1
58 135 1
58 158 1
58 163 1
58 180 1
58 210 1
58 272 1
58 274 1
58 308 1
58 311 1
58 354 1
58 374 1
58 421 1
58 429 1
58 448 1
58 458 1
58 471 1
58 487 1
58 491 1
58 495 1
58 526 1
58 541 1
58 569 1
58 572 1
58 618 1
58 634 1
58 653 1
58 665 1
58 746 1
58 750 1
58 754 1
58 786 1
58 794 1
58 802 1
58 824 1
58 829 1
58 840 1
58 880 1
58 882 1
58 899 1
58 930 1
58 944 1
58 952 1
58 965 1
59 61 1
59 66 1
59 78 1
59 119 1
59 141 1
59 149 1
59 162 1
59 168 1
59 171 1
59 203 1
59 224 1
59 227 1
59 257 1
59 286 1
59 294 1
59 296 1
59 297 1
59 325 1
59 327 1
59 362 1
59 368 1
59 377 1
59 380 1
59 440 1
59 456 1
59 532 1
59 534 1
59 541 1
59 543 1
59 547 1
59 549 1
59 565 1
59 567 1
59 594 1
59 623 1
59 647 1
59 690 1
59 696 1
59 701 1
59 702 1
59 710 1
59 731 1
59 750 1
59 776 1
59 793 1
59 794 1
59 799 1
59 801 1
59 816 1
59 860 1
59 866 1
59 918 1
59 945 1
59 969 1
59 974 1
59 976 1
59 980 1
59 991 1
59 994 1
59 997 1
60 65 1
60 66 1
60 84 1
60 106 1
60 112 1
60 118 1
60 138 1
60 140 1
60 152 1
60 156 1
60 199 1
60 263 1
60 309 1
60 325 1
60 334 1
60 381 1
60 415 1
60 419 1
60 500 1
60 506 1
60 522 1
60 531 1
60 560 1
60 574 1
60 592 1
60 631 1
60 635 1
60 636 1
60 660 1
60 672 1
60 698 1
60 700 1
60 714 1
60 720 1
60 723 1
60 724 1
60 746 1
60 762 1
60 763 1
60 766 1
60 771 1
60 804 1
60 808 1
60 813 1
60 822 1
60 846 1
60 870 1
60 943 1
60 948 1
60 955 1
60 972 1
61 79 1
61 113 1
61 138 1
61 153 1
61 178 1
61 187 1
61 196 1
61 214 1
61 229 1
61 250 1
61 312 1
61 326 1
61 332 1
61 338 1
61 367 1
61 376 1
61 381 1
61 394 1
61 443 1
61 482 1
61 491 1
61 492 1
61 494 1
61 515 1
61 537 1
61 554 1
61 607 1
61 610 1
61 642 1
61 661 1
61 674 1
61 678 1
61 694 1
61 697 1
61 704 1
61 706 1
61 722 1
61 730 1
61 781 1
61 794 1
61 844 1
61 880 1
61 902 1
61 911 1
61 925 1
61 937 1
61 981 1
62 80 1
62 82 1
62 129 1
62 174 1
62 181 1
62 240 1
62 254 1
62 303 1
62 308 1
62 317 1
62 335 1
62 346 1
62 415 1
62 423 1
62 443 1
62 448 1
62 449 1
62 466 1
62 474 1
62 491 1
62 497 1
62 501 1
62 541 1
62 566 1
62 593 1
62 595 1
62 613 1
62 643 1
62 652 1
62 655 1
62 670 1
62 725 1
62 751 1
62 753 1
62 803 1
62 839 1
62 888 1
62 890 1
62 911 1
62 919 1
62 933 1
62 942 1
62 944 1
62 945 1
62 948 1
62 980 1
63 77 1
63 99 1
63 111 1
63 118 1
63 134 1
63 141 1
63 173 1
63 176 1
63 185 1
63 187 1
63 201 1
63 250 1
63 315 1
63 319 1
63 355 1
63 370 1
63 375 1
63 431 1
63 435 1
63 436 1
63 439 1
63 451 1
63 475 1
63 525 1
63 551 1
63 587 1
63 591 1
63 614 1
63 621 1
63 649 1
63 659 1
63 665 1
63 672 1
63 678 1
63 682 1
63 692 1
63 693 1
63 701 1
63 704 1
63 727 1
63 743 1
63 746 1
63 768 1
63 793 1
63 806 1
63 844 1
63 873 1
63 914 1
63 952 1
63 986 1
63 990 1
63 999 1
64 105 1
64 108 1
64 130 1
64 211 1
64 215 1
64 223 1
64 255 1
64 281 1
64 300 1
64 304 1
64 319 1
64 334 1
64 391 1
64 407 1
64 417 1
64 452 1
64 471 1
64 524 1
64 530 1
64 531 1
64 548 1
64 603 1
64 612 1
64 613 1
64 638 1
64 664 1
64 676 1
64 691 1
64 729 1
64 810 1
64 817 1
64 851 1
64 905 1
64 921 1
64 926 1
64 950 1
64 959 1
64 977 1
64 998 1
65 92 1
65 102 1
65 110 1
65 118 1
65 128 1
65 129 1
65 137 1
65 143 1
65 180 1
65 191 1
65 193 1
65 195 1
65 201 1
65 202 1
65 207 1
65 226 1
65 244 1
65 267 1
65 269 1
65 274 1
65 298 1
65 315 1
65 330 1
65 396 1
65 418 1
65 464 1
65 471 1
65 482 1
65 484 1
65 491 1
65 509 1
65 555 1
65 650 1
65 665 1
65 683 1
65 776 1
65 795 1
65 820 1
65 824 1
65 834 1
65 853 1
65 857 1
65 883 1
65 893 1
65 953 1
65 984 1
65 992 1
65 994 1
65 995 1
66 80 1
66 98 1
66 111 1
66 117 1
66 122 1
66 126 1
66 137 1
66 156 1
66 168 1
66 177 1
66 189 1
66 217 1
66 239 1
66 260 1
66 266 1
66 274 1
66 292 1
66 293 1
66 317 1
66 319 1
66 350 1
66 387 1
66 421 1
66 427 1
66 444 1
66 449 1
66 507 1
66 519 1
66 521 1
66 524 1
66 531 1
66 538 1
66 594 1
66 632 1
66 639 1
66 672 1
66 681 1
66 716 1
66 739 1
66 787 1
66 803 1
66 822 1
66 884 1
66 890 1
66 892 1
66 938 1
66 949 1
66 952 1
66 953 1
66 965 1
66 998 1
67 73 1
67 82 1
67 85 1
67 103 1
67 108 1
67 114 1
67 141 1
67 146 1
67 159 1
67 168 1
67 211 1
67 243 1
67 258 1
67 314 1
67 325 1
67 328 1
67 337 1
67 381 1
67 397 1
67 399 1
67 413 1
67 428 1
67 429 1
67 442 1
67 458 1
67 464 1
67 482 1
67 504 1
67 511 1
67 529 1
67 574 1
67 592 1
67 602 1
67 641 1
67 645 1
67 659 1
67 663 1
67 691 1
67 702 1
67 708 1
67 711 1
67 719 1
67 724 1
67 737 1
67 747 1
67 752 1
67 784 1
67 794 1
67 804 1
67 855 1
67 876 1
67 877 1
67 912 1
67 920 1
67 933 1
67 936 1
67 991 1
67 993 1
68 69 1
68 85 1
68 107 1
68 115 1
68 165 1
68 175 1
68 204 1
68 213 1
68 218 1
68 235 1
68 252 1
68 296 1
68 315 1
68 320 1
68 369 1
68 395 1
68 398 1
68 403 1
68 425 1
68 448 1
68 454 1
68 468 1
68 476 1
68 520 1
68 553 1
68 593 1
68 602 1
68 622 1
68 647 1
68 668 1
68 696 1
68 697 1
68 707 1
68 719 1
68 737 1
68 806 1
68 831 1
68 833 1
68 847 1
68 860 1
68 895 1
69 83 1
69 96 1
69 100 1
69 144 1
69 205 1
69 208 1
69 210 1
69 213 1
69 240 1
69 314 1
69 316 1
69 459 1
69 469 1
69 481 1
69 491 1
69 508 1
69 546 1
69 562 1
69 569 1
69 639 1
69 641 1
69 709 1
69 729 1
69 732 1
69 735 1
69 787 1
69 789 1
69 801 1
69 818 1
69 831 1
69 837 1
69 843 1
69 844 1
69 850 1
69 859 1
69 902 1
69 904 1
69 905 1
69 958 1
70 82 1
70 87 1
70 100 1
70 107 1
70 115 1
70 138 1
70 164 1
70 179 1
70 205 1
70 213 1
70 214 1
70 251 1
70 261 1
70 280 1
70 281 1
70 312 1
70 313 1
70 338 1
70 368 1
70 373 1
70 430 1
70 438 1
70 471 1
70 504 1
70 512 1
70 573 1
70 604 1
70 627 1
70 641 1
70 655 1
70 659 1
70 724 1
70 729 1
70 742 1
70 755 1
70 769 1
70 774 1
70 775 1
70 796 1
70 804 1
70 826 1
70 834 1
70 835 1
70 873 1
70 892 1
70 906 1
70 912 1
70 931 1
70 934 1
70 935 1
70 963 1
70 983 1
70 988 1
71 85 1
71 115 1
71 148 1
71 164 1
71 165 1
71 177 1
71 189 1
71 241 1
71 323 1
71 342 1
71 367 1
71 372 1
71 436 1
71 446 1
71 485 1
71 489 1
71 516 1
71 554 1
71 583 1
71 588 1
71 589 1
71 599 1
71 619 1
71 633 1
71 636 1
71 644 1
71 674 1
71 726 1
71 793 1
71 798 1
71 827 1
71 876 1
71 883 1
71 897 1
71 915 1
71 924 1
71 965 1
72 120 1
72 136 1
72 202 1
72 223 1
72 244 1
72 250 1
72 301 1
72 312 1
72 341 1
72 365 1
72 391 1
72 405 1
72 422 1
72 464 1
72 489 1
72 498 1
72 528 1
72 566 1
72 567 1
72 586 1
72 590 1
72 599 1
72 680 1
72 743 1
72 758 1
72 762 1
72 773 1
72 781 1
72 796 1
72 808 1
72 809 1
72 813 1
72 815 1
72 818 1
72 872 1
72 878 1
72 879 1
72 894 1
72 913 1
72 950 1
72 967 1
72 974 1
72 976 1
72 982 1
72 988 1
73 127 1
73 136 1
73 164 1
73 181 1
73 184 1
73 201 1
73 209 1
73 222 1
73 232 1
73 251 1
73 253 1
73 321 1
73 359 1
73 363 1
73 365 1
73 366 1
73 374 1
73 380 1
73 389 1
73 393 1
73 409 1
73 410 1
73 420 1
73 434 1
73 448 1
73 466 1
73 499 1
73 507 1
73 511 1
73 526 1
73 532 1
73 545 1
73 547 1
73 564 1
73 578 1
73 688 1
73 746 1
73 761 1
73 803 1
73 827 1
73 846 1
73 866 1
73 868 1
73 874 1
73 888 1
73 976 1
74 86 1
74 88 1
74 155 1
74 162 1
74 166 1
74 176 1
74 197 1
74 213 1
74 272 1
74 277 1
74 279 1
74 292 1
74 295 1
74 328 1
74 348 1
74 351 1
74 369 1
74 386 1
74 414 1
74 422 1
74 430 1
74 466 1
74 479 1
74 493 1
74 510 1
74 511 1
74 536 1
74 539 1
74 541 1
74 547 1
74 557 1
74 564 1
74 565 1
74 585 1
74 589 1
74 596 1
74 624 1
74 640 1
74 648 1
74 693 1
74 705 1
74 717 1
74 739 1
74 770 1
74 855 1
74 876 1
74 895 1
74 896 1
74 954 1
75 84 1
75 134 1
75 143 1
75 153 1
75 178 1
75 237 1
75 243 1
75 248 1
75 280 1
75 297 1
75 335 1
75 339 1
75 361 1
75 417 1
75 431 1
75 463 1
75 484 1
75 488 1
75 489 1
75 498 1
75 558 1
75 572 1
75 574 1
75 633 1
75 649 1
75 689 1
75 734 1
75 744 1
75 747 1
75 749 1
75 760 1
75 787 1
75 822 1
75 837 1
75 848 1
75 879 1
75 886 1
75 909 1
75 915 1
75 933 1
75 940 1
75 977 1
75 999 1
76 98 1
76 105 1
76 113 1
76 134 1
76 149 1
76 157 1
76 159 1
76 161 1
76 195 1
76 205 1
76 207 1
76 217 1
76 221 1
76 222 1
76 306 1
76 367 1
76 407 1
76 419 1
76 490 1
76 575 1
76 604 1
76 648 1
76 650 1
76 683 1
76 685 1
76 705 1
76 707 1
76 717 1
76 721 1
76 736 1
76 751 1
76 774 1
76 802 1
76 809 1
76 811 1
76 816 1
76 827 1
76 862 1
76 901 1
76 902 1
76 914 1
76 922 1
76 925 1
76 932 1
76 947 1
76 970 1
77 78 1
77 104 1
77 107 1
77 144 1
77 155 1
77 184 1
77 203 1
77 222 1
77 226 1
77 250 1
77 321 1
77 327 1
77 333 1
77 338 1
77 372 1
77 387 1
77 419 1
77 427 1
77 433 1
77 454 1
77 456 1
77 458 1
77 488 1
77 502 1
77 506 1
77 509 1
77 511 1
77 513 1
77 526 1
77 538 1
77 548 1
77 675 1
77 681 1
77 701 1
77 705 1
77 725 1
77 737 1
77 740 1
77 759 1
77 768 1
77 771 1
77 792 1
77 795 1
77 828 1
77 831 1
77 859 1
77 867 1
77 870 1
77 874 1
77 910 1
77 924 1
77 927 1
77 930 1
77 953 1
77 966 1
77 977 1
77 990 1
78 79 1
78 86 1
78 97 1
78 110 1
78 135 1
78 142 1
78 159 1
78 197 1
78 198 1
78 214 1
78 217 1
78 225 1
78 236 1
78 244 1
78 260 1
78 266 1
78 285 1
78 300 1
78 307 1
78 339 1
78 361 1
78 364 1
78 365 1
78 373 1
78 466 1
78 468 1
78 473 1
78 475 1
78 500 1
78 504 1
78 506 1
78 524 1
78 539 1
78 563 1
78 582 1
78 588 1
78 612 1
78 680 1
78 683 1
78 685 1
78 701 1
78 715 1
78 721 1
78 728 1
78 748 1
78 753 1
78 755 1
78 768 1
78 778 1
78 798 1
78 810 1
78 821 1
78 861 1
78 872 1
78 874 1
78 900 1
78 946 1
78 959 1
78 977 1
79 107 1
79 115 1
79 133 1
79 177 1
79 183 1
79 221 1
79 239 1
79 243 1
79 306 1
79 313 1
79 314 1
79 353 1
79 424 1
79 452 1
79 472 1
79 502 1
79 507 1
79 552 1
79 587 1
79 592 1
79 604 1
79 627 1
79 630 1
79 637 1
79 640 1
79 643 1
79 648 1
79 655 1
79 656 1
79 719 1
79 732 1
79 743 1
79 775 1
79 801 1
79 817 1
79 822 1
79 836 1
79 848 1
79 869 1
79 885 1
79 920 1
79 942 1
80 113 1
80 147 1
80 152 1
80 157 1
80 172 1
80 210 1
80 229 1
80 253 1
80 259 1
80 265 1
80 266 1
80 300 1
80 320 1
80 326 1
80 363 1
80 391 1
80 404 1
80 407 1
80 414 1
80 489 1
80 503 1
80 511 1
80 529 1
80 572 1
80 576 1
80 600 1
80 610 1
80 628 1
80 672 1
80 696 1
80 707 1
80 722 1
80 732 1
80 733 1
80 740 1
80 777 1
80 835 1
80 844 1
80 856 1
80 883 1
80 884 1
80 893 1
80 908 1
80 917 1
80 939 1
80 944 1
80 948 1
80 999 1
81 161 1
81 176 1
81 187 1
81 193 1
81 231 1
81 235 1
81 249 1
81 261 1
81 270 1
81 289 1
81 302 1
81 313 1
81 316 1
81 325 1
81 331 1
81 339 1
81 345 1
81 364 1
81 412 1
81 420 1
81 422 1
81 470 1
81 483 1
81 510 1
81 520 1
81 528 1
81 592 1
81 624 1
81 632 1
81 677 1
81 702 1
81 718 1
81 731 1
81 732 1
81 748 1
81 780 1
81 795 1
81 804 1
81 832 1
81 902 1
81 905 1
81 918 1
81 919 1
81 953 1
81 973 1
81 975 1
81 982 1
81 992 1
82 89 1
82 149 1
82 175 1
82 233 1
82 277 1
82 323 1
82 373 1
82 375 1
82 404 1
82 430 1
82 447 1
82 456 1
82 513 1
82 525 1
82 534 1
82 554 1
82 590 1
82 606 1
82 679 1
82 687 1
82 688 1
82 710 1
82 719 1
82 795 1
82 815 1
82 858 1
82 869 1
82 881 1
82 888 1
82 894 1
82 895 1
82 977 1
83 119 1
83 147 1
83 185 1
83 194 1
83 198 1
83 209 1
83 222 1
83 229 1
83 251 1
83 259 1
83 291 1
83 295 1
83 324 1
83 335 1
83 360 1
83 372 1
83 390 1
83 392 1
83 420 1
83 428 1
83 446 1
83 511 1
83 514 1
83 520 1
83 536 1
83 539 1
83 547 1
83 551 1
83 554 1
83 587 1
83 617 1
83 662 1
83 668 1
83 678 1
83 760 1
83 765 1
83 788 1
83 797 1
83 817 1
83 840 1
83 864 1
83 868 1
83 875 1
83 907 1
83 924 1
83 969 1
83 988 1
84 97 1
84 141 1
84 142 1
84 147 1
84 150 1
84 170 1
84 189 1
84 217 1
84 221 1
84 227 1
84 265 1
84 312 1
84 313 1
84 317 1
84 327 1
84 332 1
84 333 1
84 337 1
84 342 1
84 385 1
84 387 1
84 395 1
84 431 1
84 437 1
84 438 1
84 440 1
84 441 1
84 531 1
84 552 1
84 557 1
84 563 1
84 581 1
84 618 1
84 638 1
84 647 1
84 696 1
84 734 1
84 738 1
84 783 1
84 816 1
84 822 1
84 863 1
84 878 1
84 893 1
84 900 1
84 901 1
84 911 1
84 921 1
84 928 1
84 940 1
84 959 1
85 94 1
85 131 1
85 149 1
85 166 1
85 169 1
85 186 1
85 220 1
85 277 1
85 293 1
85 314 1
85 345 1
85 357 1
85 382 1
85 383 1
85 403 1
85 416 1
85 462 1
85 518 1
85 520 1
85 522 1
85 625 1
85 629 1
85 648 1
85 660 1
85 715 1
85 763 1
85 787 1
85 796 1
85 817 1
85 851 1
85 867 1
85 908 1
85 912 1
85 925 1
85 944 1
85 949 1
85 990 1
85 993 1
85 995 1
86 106 1
86 141 1
86 147 1
86 155 1
86 220 1
86 267 1
86 303 1
86 320 1
86 332 1
86 341 1
86 348 1
86 358 1
86 398 1
86 400 1
86 433 1
86 467 1
86 483 1
86 547 1
86 549 1
86 612 1
86 640 1
86 650 1
86 668 1
86 680 1
86 681 1
86 701 1
86 708 1
86 710 1
86 767 1
86 787 1
86 804 1
86 822 1
86 832 1
86 833 1
86 851 1
86 888 1
86 990 1
86 991 1
87 153 1
87 177 1
87 179 1
87 192 1
87 218 1
87 224 1
87 268 1
87 284 1
87 310 1
87 327 1
87 341 1
87 380 1
87 423 1
87 482 1
87 483 1
87 484 1
87 517 1
87 519 1
87 534 1
87 542 1
87 565 1
87 577 1
87 590 1
87 635 1
87 641 1
87 659 1
87 668 1
87 683 1
87 689 1
87 739 1
87 783 1
87 797 1
87 799 1
87 812 1
87 847 1
87 905 1
87 917 1
87 940 1
87 957 1
87 966 1
87 974 1
88 104 1
88 119 1
88 143 1
88 163 1
88 167 1
88 170 1
88 219 1
88 232 1
88 264 1
88 266 1
88 291 1
88 324 1
88 332 1
88 357 1
88 365 1
88 422 1
88 431 1
88 487 1
88 528 1
88 531 1
88 599 1
88 639 1
88 643 1
88 680 1
88 694 1
88 740 1
88 747 1
88 750 1
88 788 1
88 816 1
88 830 1
88 875 1
88 885 1
88 930 1
88 946 1
88 961 1
89 93 1
89 114 1
89 140 1
89 152 1
89 193 1
89 246 1
89 252 1
89 287 1
89 315 1
89 323 1
89 331 1
89 354 1
89 383 1
89 394 1
89 399 1
89 436 1
89 463 1
89 481 1
89 487 1
89 535 1
89 581 1
89 599 1
89 629 1
89 642 1
89 677 1
89 684 1
89 697 1
89 703 1
89 746 1
89 753 1
89 776 1
89 825 1
89 830 1
89 837 1
89 843 1
89 847 1
89 863 1
89 877 1
89 887 1
89 903 1
89 910 1
89 937 1
89 938 1
89 971 1
89 977 1
89 992 1
90 112 1
90 147 1
90 151 1
90 173 1
90 189 1
90 199 1
90 212 1
90 215 1
90 218 1
90 221 1
90 289 1
90 306 1
90 320 1
90 327 1
90 345 1
90 349 1
90 357 1
90 381 1
90 383 1
90 433 1
90 507 1
90 519 1
90 520 1
90 526 1
90 535 1
90 537 1
90 575 1
90 587 1
90 601 1
90 611 1
90 674 1
90 699 1
90 709 1
90 724 1
90 735 1
90 774 1
90 783 1
90 811 1
90 825 1
90 840 1
90 887 1
90 988 1
91 139 1
91 166 1
91 174 1
91 189 1
91 225 1
91 236 1
91 241 1
91 247 1
91 264 1
91 276 1
91 291 1
91 311 1
91 330 1
91 342 1
91 361 1
91 385 1
91 400 1
91 408 1
91 460 1
91 477 1
91 479 1
91 499 1
91 506 1
91 517 1
91 522 1
91 546 1
91 554 1
91 556 1
91 579 1
91 586 1
91 588 1
91 590 1
91 630 1
91 644 1
91 673 1
91 687 1
91 692 1
91 730 1
91 782 1
91 786 1
91 817 1
91 826 1
91 838 1
91 870 1
91 889 1
91 897 1
91 910 1
91 953 1
91 956 1
91 962 1
91 973 1
92 93 1
92 123 1
92 128 1
92 139 1
92 151 1
92 195 1
92 228 1
92 239 1
92 250 1
92 269 1
92 270 1
92 280 1
92 326 1
92 354 1
92 368 1
92 411 1
92 414 1
92 421 1
92 442 1
92 444 1
92 449 1
92 463 1
92 467 1
92 471 1
92 489 1
92 548 1
92 549 1
92 554 1
92 556 1
92 577 1
92 622 1
92 639 1
92 650 1
92 665 1
92 748 1
92 751 1
92 756 1
92 779 1
92 807 1
92 810 1
92 841 1
92 846 1
92 881 1
92 891 1
92 893 1
92 895 1
92 898 1
92 916 1
92 933 1
92 962 1
92 963 1
92 972 1
92 979 1
93 137 1
93 143 1
93 176 1
93 183 1
93 196 1
93 223 1
93 242 1
93 286 1
93 307 1
93 314 1
93 332 1
93 354 1
93 372 1
93 376 1
93 386 1
93 432 1
93 453 1
93 465 1
93 516 1
93 525 1
93 579 1
93 617 1
93 632 1
93 652 1
93 689 1
93 731 1
93 770 1
93 810 1
93 833 1
93 848 1
93 856 1
93 870 1
93 873 1
93 874 1
93 924 1
93 943 1
93 949 1
93 977 1
93 986 1
93 988 1
93 989 1
94 120 1
94 163 1
94 172 1
94 176 1
94 196 1
94 206 1
94 213 1
94 224 1
94 246 1
94 260 1
94 277 1
94 284 1
94 288 1
94 292 1
94 295 1
94 299 1
94 358 1
94 365 1
94 416 1
94 437 1
94 479 1
94 480 1
94 481 1
94 491 1
94 502 1
94 534 1
94 535 1
94 562 1
94 568 1
94 599 1
94 600 1
94 615 1
94 638 1
94 642 1
94 653 1
94 668 1
94 708 1
94 748 1
94 756 1
94 779 1
94 803 1
94 809 1
94 820 1
94 825 1
94 861 1
94 883 1
94 896 1
94 939 1
94 947 1
95 145 1
95 146 1
95 147 1
95 153 1
95 175 1
95 187 1
95 198 1
95 199 1
95 203 1
95 267 1
95 324 1
95 337 1
95 358 1
95 406 1
95 451 1
95 459 1
95 469 1
95 480 1
95 552 1
95 558 1
95 568 1
95 591 1
95 592 1
95 629 1
95 651 1
95 670 1
95 706 1
95 723 1
95 763 1
95 782 1
95 852 1
95 863 1
95 949 1
95 958 1
95 999 1
96 101 1
96 106 1
96 108 1
96 167 1
96 168 1
96 175 1
96 186 1
96 188 1
96 208 1
96 222 1
96 259 1
96 274 1
96 275 1
96 362 1
96 365 1
96 407 1
96 421 1
96 434 1
96 451 1
96 484 1
96 487 1
96 488 1
96 540 1
96 565 1
96 579 1
96 611 1
96 614 1
96 615 1
96 619 1
96 630 1
96 666 1
96 679 1
96 702 1
96 706 1
96 721 1
96 731 1
96 743 1
96 744 1
96 751 1
96 767 1
96 818 1
96 824 1
96 829 1
96 840 1
96 887 1
96 897 1
96 919 1
96 959 1
96 978 1
96 990 1
96 993 1
97 99 1
97 106 1
97 114 1
97 117 1
97 123 1
97 146 1
97 149 1
97 168 1
97 171 1
97 223 1
97 242 1
97 269 1
97 272 1
97 289 1
97 295 1
97 318 1
97 322 1
97 335 1
97 344 1
97 360 1
97 367 1
97 382 1
97 397 1
97 399 1
97 401 1
97 404 1
97 407 1
97 432 1
97 466 1
97 492 1
97 559 1
97 562 1
97 569 1
97 609 1
97 612 1
97 659 1
97 690 1
97 693 1
97 713 1
97 747 1
97 794 1
97 827 1
97 839 1
97 857 1
97 892 1
97 907 1
97 949 1
98 123 1
98 175 1
98 185 1
98 219 1
98 224 1
98 227 1
98 231 1
98 244 1
98 249 1
98 273 1
98 279 1
98 281 1
98 286 1
98 324 1
98 358 1
98 367 1
98 382 1
98 387 1
98 388 1
98 406 1
98 411 1
98 445 1
98 473 1
98 486 1
98 489 1
98 520 1
98 552 1
98 573 1
98 586 1
98 653 1
98 716 1
98 721 1
98 725 1
98 738 1
98 775 1
98 796 1
98 813 1
98 816 1
98 827 1
98 841 1
98 850 1
98 855 1
98 863 1
98 880 1
98 886 1
98 919 1
98 931 1
98 949 1
98 973 1
98 984 1
98 996 1
99 100 1
99 102 1
99 103 1
99 168 1
99 182 1
99 201 1
99 219 1
99 244 1
99 245 1
99 262 1
99 287 1
99 306 1
99 325 1
99 336 1
99 345 1
99 382 1
99 394 1
99 395 1
99 403 1
99 407 1
99 417 1
99 429 1
99 455 1
99 459 1
99 474 1
99 514 1
99 528 1
99 548 1
99 564 1
99 611 1
99 619 1
99 624 1
99 635 1
99 650 1
99 660 1
99 670 1
99 673 1
99 675 1
99 727 1
99 762 1
99 795 1
99 806 1
99 819 1
99 826 1
99 857 1
99 858 1
99 861 1
99 876 1
99 886 1
99 896 1
99 907 1
99 924 1
99 948 1
99 964 1
99 990 1
99 993 1
99 994 1
100 157 1
100 226 1
100 228 1
100 254 1
100 288 1
100 307 1
100 332 1
100 364 1
100 369 1
100 376 1
100 421 1
100 481 1
100 489 1
100 511 1
100 563 1
100 572 1
100 577 1
100 595 1
100 618 1
100 637 1
100 684 1
100 687 1
100 702 1
100 710 1
100 714 1
100 740 1
100 754 1
100 793 1
100 798 1
100 806 1
100 839 1
100 841 1
100 858 1
100 896 1
100 903 1
100 910 1
100 935 1
100 960 1
100 976 1
100 981 1
100 997 1
101 114 1
101 119 1
101 124 1
101 139 1
101 190 1
101 197 1
101 199 1
101 212 1
101 227 1
101 257 1
101 261 1
101 264 1
101 298 1
101 313 1
101 334 1
101 363 1
101 413 1
101 415 1
101 417 1
101 478 1
101 481 1
101 484 1
101 495 1
101 506 1
101 512 1
101 534 1
101 554 1
101 587 1
101 637 1
101 641 1
101 642 1
101 675 1
101 688 1
101 692 1
101 706 1
101 707 1
101 735 1
101 772 1
101 807 1
101 821 1
101 836 1
101 840 1
101 842 1
101 860 1
101 913 1
101 941 1
101 964 1
101 982 1
101 983 1
101 993 1
102 115 1
102 122 1
102 135 1
102 170 1
102 218 1
102 219 1
102 227 1
102 248 1
102 249 1
102 276 1
102 278 1
102 283 1
102 290 1
102 297 1
102 370 1
102 372 1
102 398 1
102 418 1
102 457 1
102 509 1
102 600 1
102 614 1
102 616 1
102 630 1
102 648 1
102 729 1
102 735 1
102 765 1
102 789 1
102 811 1
102 825 1
102 894 1
102 905 1
102 934 1
102 959 1
102 969 1
103 106 1
103 107 1
103 118 1
103 120 1
103 136 1
103 143 1
103 177 1
103 190 1
103 195 1
103 238 1
103 239 1
103 260 1
103 266 1
103 275 1
103 283 1
103 286 1
103 289 1
103 302 1
103 349 1
103 362 1
103 364 1
103 373 1
103 395 1
103 400 1
103 420 1
103 431 1
103 461 1
103 468 1
103 480 1
103 497 1
103 561 1
103 565 1
103 644 1
103 674 1
103 682 1
103 697 1
103 698 1
103 699 1
103 755 1
103 759 1
103 761 1
103 773 1
103 777 1
103 786 1
103 816 1
103 837 1
103 859 1
103 867 1
103 886 1
103 888 1
103 905 1
103 916 1
103 946 1
104 113 1
104 117 1
104 154 1
104 161 1
104 165 1
104 203 1
104 208 1
104 241 1
104 252 1
104 279 1
104 283 1
104 285 1
104 304 1
104 316 1
104 332 1
104 336 1
104 357 1
104 364 1
104 389 1
104 390 1
104 424 1
104 449 1
104 454 1
104 455 1
104 471 1
104 477 1
104 484 1
104 511 1
104 524 1
104 548 1
104 564 1
104 577 1
104 624 1
104 646 1
104 653 1
104 665 1
104 696 1
104 704 1
104 729 1
104 749 1
104 763 1
104 766 1
104 779 1
104 781 1
104 796 1
104 841 1
104 847 1
104 861 1
104 880 1
104 881 1
104 942 1
104 960 1
104 970 1
104 974 1
104 980 1
105 116 1
105 117 1
105 131 1
105 153 1
105 216 1
105 220 1
105 257 1
105 263 1
105 303 1
105 321 1
105 328 1
105 345 1
105 355 1
105 357 1
105 384 1
105 385 1
105 404 1
105 418 1
105 430 1
105 432 1
105 484 1
105 529 1
105 581 1
105 608 1
105 615 1
105 654 1
105 683 1
105 709 1
105 733 1
105 756 1
105 766 1
105 793 1
105 820 1
105 889 1
105 900 1
105 915 1
105 919 1
105 944 1
105 959 1
106 124 1
106 128 1
106 147 1
106 152 1
106 182 1
106 213 1
106 232 1
106 284 1
106 297 1
106 298 1
106 303 1
106 318 1
106 343 1
106 352 1
106 354 1
106 355 1
106 390 1
106 419 1
106 434 1
106 454 1
106 464 1
106 490 1
106 496 1
106 498 1
106 524 1
106 528 1
106 572 1
106 574 1
106 602 1
106 636 1
106 639 1
106 646 1
106 649 1
106 729 1
106 741 1
106 747 1
106 757 1
106 776 1
106 801 1
106 802 1
106 805 1
106 818 1
106 904 1
106 912 1
106 915 1
106 918 1
106 929 1
106 935 1
106 962 1
106 965 1
106 975 1
106 981 1
106 990 1
106 995 1
107 115 1
107 123 1
107 168 1
107 197 1
107 203 1
107 204 1
107 215 1
107 220 1
107 230 1
107 245 1
107 251 1
107 360 1
107 365 1
107 384 1
107 389 1
107 433 1
107 438 1
107 445 1
107 449 1
107 483 1
107 484 1
107 503 1
107 531 1
107 555 1
107 570 1
107 615 1
107 638 1
107 652 1
107 669 1
107 717 1
107 741 1
107 760 1
107 776 1
107 806 1
107 839 1
107 843 1
107 844 1
107 860 1
107 865 1
107 881 1
107 920 1
107 981 1
107 995 1
107 996 1
108 121 1
108 164 1
108 174 1
108 183 1
108 192 1
108 202 1
108 221 1
108 229 1
108 231 1
108 235 1
108 273 1
108 299 1
108 321 1
108 333 1
108 337 1
108 348 1
108 359 1
108 360 1
108 364 1
108 422 1
108 427 1
108 444 1
108 466 1
108 486 1
108 496 1
108 506 1
108 507 1
108 545 1
108 557 1
108 559 1
108 568 1
108 573 1
108 595 1
108 597 1
108 606 1
108 641 1
108 646 1
108 672 1
108 684 1
108 708 1
108 788 1
108 791 1
108 838 1
108 846 1
108 902 1
108 926 1
108 939 1
108 970 1
108 991 1
109 117 1
109 144 1
109 149 1
109 156 1
109 197 1
109 202 1
109 222 1
109 257 1
109 279 1
109 292 1
109 302 1
109 333 1
109 336 1
109 348 1
109 374 1
109 380 1
109 394 1
109 397 1
109 405 1
109 470 1
109 472 1
109 505 1
109 517 1
109 545 1
109 555 1
109 576 1
109 625 1
109 646 1
109 651 1
109 652 1
109 682 1
109 744 1
109 745 1
109 778 1
109 789 1
109 810 1
109 877 1
109 901 1
109 920 1
109 922 1
109 928 1
109 969 1
109 990 1
109 994 1
110 115 1
110 158 1
110 174 1
110 183 1
110 192 1
110 215 1
110 239 1
110 241 1
110 242 1
110 249 1
110 261 1
110 290 1
110 336 1
110 337 1
110 352 1
110 363 1
110 384 1
110 395 1
110 488 1
110 495 1
110 504 1
110 507 1
110 513 1
110 535 1
110 552 1
110 573 1
110 614 1
110 619 1
110 625 1
110 632 1
110 667 1
110 684 1
110 713 1
110 714 1
110 740 1
110 748 1
110 771 1
110 817 1
110 841 1
110 849 1
110 893 1
110 916 1
110 925 1
110 943 1
110 945 1
110 950 1
110 952 1
110 966 1
110 977 1
110 989 1
111 114 1
111 121 1
111 130 1
111 134 1
111 172 1
111 189 1
111 224 1
111 261 1
111 263 1
111 285 1
111 318 1
111 345 1
111 351 1
111 401 1
111 456 1
111 465 1
111 551 1
111 651 1
111 668 1
111 678 1
111 679 1
111 693 1
111 715 1
111 767 1
111 820 1
111 836 1
111 844 1
111 854 1
111 874 1
111 899 1
111 919 1
111 954 1
111 973 1
111 978 1
111 983 1
111 993 1
112 125 1
112 151 1
112 199 1
112 202 1
112 243 1
112 245 1
112 270 1
112 289 1
112 308 1
112 309 1
112 311 1
112 355 1
112 372 1
112 411 1
112 436 1
112 450 1
112 465 1
112 470 1
112 475 1
112 488 1
112 582 1
112 585 1
112 654 1
112 671 1
112 688 1
112 694 1
112 708 1
112 727 1
112 731 1
112 737 1
112 768 1
112 769 1
112 782 1
112 812 1
112 815 1
112 833 1
112 864 1
112 948 1
112 972 1
112 980 1
113 125 1
113 182 1
113 183 1
113 200 1
113 209 1
113 298 1
113 307 1
113 319 1
113 320 1
113 322 1
113 387 1
113 415 1
113 429 1
113 439 1
113 458 1
113 470 1
113 517 1
113 528 1
113 575 1
113 592 1
113 600 1
113 617 1
113 646 1
113 658 1
113 673 1
113 678 1
113 710 1
113 741 1
113 791 1
113 833 1
113 841 1
113 845 1
113 869 1
113 879 1
113 881 1
113 885 1
113 919 1
113 945 1
113 946 1
113 947 1
113 953 1
113 982 1
114 118 1
114 123 1
114 129 1
114 131 1
114 138 1
114 145 1
114 170 1
114 177 1
114 185 1
114 235 1
114 262 1
114 314 1
114 333 1
114 338 1
114 340 1
114 348 1
114 371 1
114 436 1
114 509 1
114 518 1
114 519 1
114 552 1
114 568 1
114 590 1
114 591 1
114 676 1
114 727 1
114 743 1
114 747 1
114 760 1
114 794 1
114 807 1
114 817 1
114 868 1
114 889 1
114 899 1
114 920 1
114 993 1
115 165 1
115 232 1
115 264 1
115 335 1
115 354 1
115 362 1
115 430 1
115 463 1
115 489 1
115 496 1
115 518 1
115 529 1
115 530 1
115 541 1
115 552 1
115 570 1
115 589 1
115 625 1
115 633 1
115 667 1
115 671 1
115 676 1
115 682 1
115 703 1
115 704 1
115 728 1
115 740 1
115 781 1
115 791 1
115 797 1
115 819 1
115 842 1
115 851 1
115 856 1
115 869 1
115 879 1
115 906 1
115 916 1
115 977 1
115 979 1
115 989 1
116 188 1
116 203 1
116 206 1
116 209 1
116 239 1
116 244 1
116 253 1
116 266 1
116 277 1
116 292 1
116 295 1
116 336 1
116 341 1
116 389 1
116 394 1
116 395 1
116 402 1
116 408 1
116 410 1
116 420 1
116 424 1
116 426 1
116 486 1
116 499 1
116 565 1
116 570 1
116 588 1
116 592 1
116 605 1
116 606 1
116 640 1
116 641 1
116 653 1
116 664 1
116 672 1
116 715 1
116 726 1
116 744 1
116 754 1
116 786 1
116 793 1
116 806 1
116 823 1
116 864 1
116 994 1
116 995 1
117 156 1
117 183 1
117 184 1
117 194 1
117 196 1
117 200 1
117 211 1
117 238 1
117 241 1
117 273 1
117 284 1
117 301 1
117 351 1
117 394 1
117 417 1
117 424 1
117 451 1
117 465 1
117 475 1
117 480 1
117 490 1
117 526 1
117 559 1
117 579 1
117 586 1
117 594 1
117 616 1
117 651 1
117 664 1
117 668 1
117 678 1
117 686 1
117 719 1
117 730 1
117 734 1
117 752 1
117 757 1
117 817 1
117 819 1
117 826 1
117 842 1
117 851 1
117 863 1
117 896 1
117 917 1
117 925 1
117 937 1
117 942 1
117 946 1
117 950 1
117 968 1
117 969 1
118 144 1
118 146 1
118 148 1
118 170 1
118 200 1
118 253 1
118 287 1
118 293 1
118 300 1
118 313 1
118 347 1
118 371 1
118 384 1
118 413 1
118 455 1
118 465 1
118 475 1
118 478 1
118 504 1
118 535 1
118 562 1
118 586 1
118 589 1
118 648 1
118 724 1
118 742 1
118 750 1
118 761 1
118 766 1
118 787 1
118 832 1
118 840 1
118 855 1
118 868 1
118 874 1
118 900 1
118 904 1
118 924 1
118 929 1
118 941 1
118 970 1
118 975 1
118 992 1
118 998 1
118 999 1
119 143 1
119 171 1
119 197 1
119 241 1
119 266 1
119 287 1
119 290 1
119 335 1
119 344 1
119 370 1
119 376 1
119 451 1
119 487 1
119 496 1
119 502 1
119 560 1
119 577 1
119 606 1
119 633 1
119 650 1
119 655 1
119 663 1
119 667 1
119 688 1
119 719 1
119 722 1
119 731 1
119 772 1
119 789 1
119 831 1
119 855 1
119 877 1
119 896 1
119 946 1
119 960 1
120 125 1
120 127 1
120 184 1
120 217 1
120 227 1
120 232 1
120 237 1
120 247 1
120 286 1
120 309 1
120 350 1
120 355 1
120 375 1
120 461 1
120 471 1
120 480 1
120 522 1
120 528 1
120 566 1
120 598 1
120 605 1
120 635 1
120 659 1
120 666 1
120 688 1
120 692 1
120 695 1
120 712 1
120 716 1
120 721 1
120 740 1
120 748 1
120 754 1
120 804 1
120 817 1
120 822 1
120 825 1
120 848 1
120 864 1
120 885 1
120 891 1
120 905 1
120 910 1
120 925 1
120 928 1
120 940 1
120 946 1
120 959 1
121 171 1
121 205 1
121 242 1
121 248 1
121 262 1
121 276 1
121 294 1
121 327 1
121 337 1
121 357 1
121 384 1
121 474 1
121 547 1
121 553 1
121 576 1
121 596 1
121 644 1
121 674 1
121 688 1
121 697 1
121 739 1
121 761 1
121 797 1
121 808 1
121 846 1
121 883 1
121 891 1
121 946 1
121 947 1
121 965 1
121 979 1
122 136 1
122 179 1
122 197 1
122 200 1
122 203 1
122 207 1
122 227 1
122 231 1
122 248 1
122 276 1
122 281 1
122 286 1
122 305 1
122 342 1
122 353 1
122 370 1
122 436 1
122 455 1
122 471 1
122 476 1
122 487 1
122 523 1
122 532 1
122 544 1
122 572 1
122 573 1
122 598 1
122 613 1
122 621 1
122 640 1
122 667 1
122 683 1
122 686 1
122 696 1
122 810 1
122 836 1
122 894 1
122 901 1
122 924 1
122 940 1
122 951 1
122 957 1
122 962 1
122 990 1
123 148 1
123 166 1
123 169 1
123 182 1
123 196 1
123 230 1
123 258 1
123 262 1
123 265 1
123 276 1
123 322 1
123 368 1
123 406 1
123 441 1
123 452 1
123 497 1
123 501 1
123 545 1
123 578 1
123 666 1
123 672 1
123 674 1
123 687 1
123 706 1
123 712 1
123 727 1
123 728 1
123 749 1
123 752 1
123 755 1
123 766 1
123 802 1
123 810 1
123 811 1
123 846 1
123 848 1
123 850 1
123 864 1
123 896 1
123 911 1
123 939 1
123 943 1
123 974 1
123 982 1
123 987 1
123 997 1
124 141 1
124 161 1
124 162 1
124 196 1
124 200 1
124 201 1
124 210 1
124 308 1
124 313 1
124 395 1
124 428 1
124 445 1
124 448 1
124 450 1
124 469 1
124 483 1
124 488 1
124 492 1
124 551 1
124 597 1
124 601 1
124 643 1
124 644 1
124 664 1
124 693 1
124 700 1
124 701 1
124 728 1
124 737 1
124 755 1
124 773 1
124 779 1
124 780 1
124 787 1
124 794 1
124 806 1
124 827 1
124 833 1
124 852 1
124 863 1
124 874 1
124 875 1
124 932 1
124 979 1
124 998 1
125 145 1
125 210 1
125 265 1
125 288 1
125 290 1
125 296 1
125 323 1
125 335 1
125 338 1
125 340 1
125 355 1
125 366 1
125 373 1
125 376 1
125 428 1
125 443 1
125 518 1
125 530 1
125 548 1
125 563 1
125 592 1
125 607 1
125 611 1
125 621 1
125 667 1
125 716 1
125 722 1
125 728 1
125 733 1
125 754 1
125 761 1
125 762 1
125 788 1
125 800 1
125 835 1
125 866 1
125 870 1
125 872 1
125 876 1
125 907 1
125 915 1
125 923 1
125 929 1
125 979 1
125 981 1
125 983 1
126 219 1
126 253 1
126 254 1
126 257 1
126 276 1
126 289 1
126 313 1
126 316 1
126 328 1
126 334 1
126 337 1
126 360 1
126 370 1
126 385 1
126 422 1
126 446 1
126 463 1
126 468 1
126 473 1
126 479 1
126 597 1
126 598 1
126 600 1
126 617 1
126 618 1
126 670 1
126 675 1
126 687 1
126 741 1
126 756 1
126 761 1
126 782 1
126 791 1
126 806 1
126 823 1
126 828 1
126 848 1
126 857 1
126 882 1
126 885 1
126 925 1
126 992 1
126 998 1
126 999 1
127 138 1
127 175 1
127 182 1
127 205 1
127 249 1
127 252 1
127 253 1
127 301 1
127 332 1
127 351 1
127 402 1
127 412 1
127 429 1
127 442 1
127 456 1
127 469 1
127 494 1
127 507 1
127 620 1
127 626 1
127 639 1
127 640 1
127 662 1
127 683 1
127 705 1
127 733 1
127 744 1
127 745 1
127 757 1
127 770 1
127 782 1
127 785 1
127 809 1
127 816 1
127 832 1
127 837 1
127 846 1
127 872 1
127 900 1
127 909 1
127 920 1
127 926 1
127 945 1
127 969 1
127 989 1
127 990 1
128 157 1
128 161 1
128 164 1
128 206 1
128 213 1
128 225 1
128 236 1
128 253 1
128 297 1
128 308 1
128 340 1
128 346 1
128 357 1
128 365 1
128 393 1
128 447 1
128 463 1
128 464 1
128 500 1
128 565 1
128 622 1
128 665 1
128 678 1
128 682 1
128 696 1
128 701 1
128 726 1
128 741 1
128 761 1
128 784 1
128 803 1
128 819 1
128 821 1
128 823 1
128 824 1
128 867 1
128 868 1
128 885 1
128 894 1
128 941 1
128 969 1
128 991 1
129 139 1
129 165 1
129 170 1
129 172 1
129 187 1
129 202 1
129 216 1
129 221 1
129 242 1
129 244 1
129 253 1
129 278 1
129 305 1
129 335 1
129 374 1
129 380 1
129 393 1
129 399 1
129 405 1
129 420 1
129 429 1
129 438 1
129 442 1
129 463 1
129 473 1
129 484 1
129 488 1
129 502 1
129 517 1
129 518 1
129 525 1
129 532 1
129 533 1
129 552 1
129 553 1
129 573 1
129 605 1
129 606 1
129 628 1
129 720 1
129 737 1
129 755 1
129 762 1
129 765 1
129 810 1
129 878 1
129 880 1
129 900 1
129 949 1
129 954 1
130 135 1
130 178 1
130 188 1
130 199 1
130 214 1
130 218 1
130 222 1
130 234 1
130 253 1
130 264 1
130 296 1
130 305 1
130 311 1
130 313 1
130 349 1
130 366 1
130 412 1
130 419 1
130 429 1
130 444 1
130 445 1
130 491 1
130 507 1
130 526 1
130 528 1
130 561 1
130 563 1
130 566 1
130 569 1
130 698 1
130 708 1
130 726 1
130 746 1
130 750 1
130 767 1
130 804 1
130 805 1
130 818 1
130 837 1
130 878 1
130 904 1
130 914 1
130 937 1
130 956 1
130 973 1
130 975 1
130 991 1
131 140 1
131 143 1
131 171 1
131 178 1
131 215 1
131 217 1
131 230 1
131 245 1
131 275 1
131 346 1
131 425 1
131 426 1
131 429 1
131 464 1
131 470 1
131 490 1
131 534 1
131 557 1
131 637 1
131 669 1
131 704 1
131 709 1
131 719 1
131 738 1
131 740 1
131 768 1
131 798 1
131 845 1
131 847 1
131 860 1
131 881 1
131 889 1
131 890 1
131 921 1
131 936 1
131 960 1
131 973 1
131 975 1
132 135 1
132 136 1
132 154 1
132 212 1
132 220 1
132 231 1
132 255 1
132 358 1
132 360 1
132 363 1
132 368 1
132 386 1
132 426 1
132 439 1
132 518 1
132 558 1
132 571 1
132 572 1
132 602 1
132 603 1
132 676 1
132 684 1
132 706 1
132 707 1
132 708 1
132 717 1
132 732 1
132 736 1
132 756 1
132 761 1
132 786 1
132 837 1
132 838 1
132 845 1
132 848 1
132 900 1
132 902 1
132 907 1
132 954 1
132 978 1
132 979 1
132 983 1
132 999 1
133 156 1
133 182 1
133 183 1
133 186 1
133 193 1
133 237 1
133 256 1
133 257 1
133 266 1
133 287 1
133 317 1
133 361 1
133 373 1
133 438 1
133 456 1
133 465 1
133 554 1
133 577 1
133 598 1
133 599 1
133 614 1
133 632 1
133 641 1
133 661 1
133 663 1
133 684 1
133 708 1
133 711 1
133 720 1
133 738 1
133 741 1
133 779 1
133 784 1
133 847 1
133 871 1
133 892 1
133 951 1
133 955 1
133 987 1
134 159 1
134 167 1
134 238 1
134 244 1
134 253 1
134 260 1
134 301 1
134 339 1
134 366 1
134 385 1
134 410 1
134 446 1
134 452 1
134 455 1
134 464 1
134 465 1
134 529 1
134 566 1
134 569 1
134 602 1
134 638 1
134 642 1
134 671 1
134 675 1
134 689 1
134 691 1
134 693 1
134 706 1
134 710 1
134 756 1
134 796 1
134 799 1
134 813 1
134 830 1
134 859 1
134 882 1
134 883 1
134 903 1
134 920 1
134 941 1
134 946 1
134 975 1
135 152 1
135 189 1
135 200 1
135 239 1
135 244 1
135 327 1
135 354 1
135 374 1
135 408 1
135 412 1
135 424 1
135 441 1
135 456 1
135 467 1
135 486 1
135 501 1
135 516 1
135 532 1
135 535 1
135 553 1
135 570 1
135 607 1
135 650 1
135 651 1
135 656 1
135 668 1
135 673 1
135 708 1
135 714 1
135 716 1
135 747 1
135 784 1
135 796 1
135 845 1
135 856 1
135 882 1
135 886 1
135 895 1
135 967 1
135 968 1
135 970 1
135 971 1
135 974 1
135 987 1
136 203 1
136 216 1
136 235 1
136 254 1
136 279 1
136 282 1
136 303 1
136 331 1
136 346 1
136 348 1
136 353 1
136 359 1
136 427 1
136 465 1
136 502 1
136 521 1
136 524 1
136 529 1
136 542 1
136 586 1
136 597 1
136 653 1
136 675 1
136 680 1
136 688 1
136 721 1
136 752 1
136 813 1
136 844 1
136 867 1
136 902 1
136 964 1
137 149 1
137 166 1
137 196 1
137 215 1
137 240 1
137 307 1
137 335 1
137 366 1
137 367 1
137 388 1
137 410 1
137 422 1
137 434 1
137 448 1
137 495 1
137 519 1
137 527 1
137 528 1
137 529 1
137 533 1
137 552 1
137 554 1
137 569 1
137 595 1
137 596 1
137 622 1
137 640 1
137 656 1
137 658 1
137 682 1
137 693 1
137 710 1
137 711 1
137 712 1
137 716 1
137 724 1
137 727 1
137 737 1
137 745 1
137 772 1
137 781 1
137 829 1
137 852 1
137 895 1
137 899 1
137 960 1
137 984 1
138 203 1
138 224 1
138 233 1
138 276 1
138 281 1
138 309 1
138 316 1
138 334 1
138 360 1
138 378 1
138 402 1
138 404 1
138 409 1
138 427 1
138 439 1
138 440 1
138 467 1
138 469 1
138 489 1
138 505 1
138 528 1
138 595 1
138 611 1
138 630 1
138 692 1
138 698 1
138 705 1
138 714 1
138 763 1
138 769 1
138 802 1
138 811 1
138 812 1
138 850 1
138 866 1
138 867 1
138 868 1
138 957 1
138 967 1
138 982 1
138 992 1
138 995 1
138 1000 1
139 161 1
139 174 1
139 183 1
139 200 1
139 222 1
139 237 1
139 292 1
139 304 1
139 311 1
139 331 1
139 354 1
139 364 1
139 367 1
139 400 1
139 436 1
139 497 1
139 499 1
139 525 1
139 529 1
139 598 1
139 600 1
139 613 1
139 644 1
139 647 1
139 652 1
139 664 1
139 674 1
139 696 1
139 702 1
139 736 1
139 750 1
139 763 1
139 790 1
139 802 1
139 805 1
139 879 1
139 895 1
139 898 1
139 926 1
139 956 1
139 976 1
139 992 1
140 149 1
140 168 1
140 194 1
140 196 1
140 216 1
140 261 1
140 281 1
140 284 1
140 288 1
140 303 1
140 306 1
140 314 1
140 329 1
140 341 1
140 362 1
140 379 1
140 382 1
140 385 1
140 398 1
140 401 1
140 416 1
140 445 1
140 477 1
140 498 1
140 538 1
140 564 1
140 574 1
140 593 1
140 594 1
140 645 1
140 659 1
140 674 1
140 689 1
140 700 1
140 731 1
140 757 1
140 777 1
140 812 1
140 843 1
140 846 1
140 848 1
140 855 1
140 874 1
140 881 1
140 900 1
140 906 1
140 907 1
140 908 1
140 916 1
140 921 1
140 957 1
140 959 1
140 976 1
140 991 1
141 149 1
141 188 1
141 207 1
141 252 1
141 254 1
141 286 1
141 320 1
141 323 1
141 326 1
141 348 1
141 368 1
141 411 1
141 510 1
141 513 1
141 519 1
141 524 1
141 556 1
141 572 1
141 603 1
141 666 1
141 703 1
141 725 1
141 729 1
141 746 1
141 750 1
141 753 1
141 764 1
141 773 1
141 796 1
141 799 1
141 810 1
141 821 1
141 834 1
141 847 1
141 885 1
141 889 1
141 914 1
141 929 1
141 950 1
142 169 1
142 170 1
142 211 1
142 250 1
142 267 1
142 279 1
142 283 1
142 292 1
142 314 1
142 329 1
142 351 1
142 376 1
142 387 1
142 393 1
142 421 1
142 448 1
142 477 1
142 504 1
142 520 1
142 538 1
142 561 1
142 598 1
142 599 1
142 600 1
142 609 1
142 623 1
142 630 1
142 659 1
142 709 1
142 718 1
142 735 1
142 833 1
142 837 1
142 854 1
142 860 1
142 861 1
142 881 1
142 904 1
142 919 1
142 920 1
142 928 1
142 954 1
142 981 1
142 989 1
143 176 1
143 186 1
143 193 1
143 214 1
143 225 1
143 248 1
143 254 1
143 288 1
143 301 1
143 325 1
143 336 1
143 365 1
143 386 1
143 396 1
143 404 1
143 430 1
143 453 1
143 465 1
143 476 1
143 483 1
143 488 1
143 523 1
143 581 1
143 615 1
143 617 1
143 644 1
143 660 1
143 731 1
143 832 1
143 870 1
143 879 1
143 882 1
143 938 1
143 952 1
143 994 1
144 157 1
144 168 1
144 203 1
144 219 1
144 221 1
144 244 1
144 254 1
144 281 1
144 313 1
144 315 1
144 348 1
144 387 1
144 391 1
144 402 1
144 403 1
144 411 1
144 423 1
144 453 1
144 460 1
144 471 1
144 476 1
144 498 1
144 505 1
144 519 1
144 528 1
144 568 1
144 611 1
144 637 1
144 650 1
144 659 1
144 667 1
144 694 1
144 717 1
144 725 1
144 747 1
144 786 1
144 827 1
144 855 1
144 877 1
144 888 1
144 925 1
144 943 1
144 990 1
144 997 1
144 998 1
145 146 1
145 174 1
145 176 1
145 181 1
145 188 1
145 248 1
145 265 1
145 284 1
145 349 1
145 351 1
145 360 1
145 395 1
145 408 1
145 425 1
145 427 1
145 453 1
145 463 1
145 472 1
145 497 1
145 506 1
145 517 1
145 533 1
145 536 1
145 558 1
145 590 1
145 597 1
145 602 1
145 608 1
145 610 1
145 643 1
145 661 1
145 681 1
145 683 1
145 696 1
145 726 1
145 748 1
145 749 1
145 772 1
145 792 1
145 819 1
145 858 1
145 866 1
145 914 1
145 968 1
145 995 1
146 147 1
146 185 1
146 191 1
146 219 1
146 221 1
146 222 1
146 224 1
146 231 1
146 255 1
146 270 1
146 278 1
146 281 1
146 309 1
146 312 1
146 353 1
146 361 1
146 369 1
146 383 1
146 404 1
146 414 1
146 438 1
146 439 1
146 442 1
146 450 1
146 465 1
146 468 1
146 479 1
146 523 1
146 590 1
146 596 1
146 604 1
146 666 1
146 691 1
146 693 1
146 705 1
146 723 1
146 725 1
146 804 1
146 823 1
146 827 1
146 869 1
146 884 1
146 902 1
146 927 1
146 943 1
146 950 1
146 964 1
146 970 1
146 973 1
146 998 1
147 180 1
147 201 1
147 209 1
147 212 1
147 214 1
147 219 1
147 220 1
147 227 1
147 229 1
147 230 1
147 234 1
147 236 1
147 246 1
147 264 1
147 289 1
147 305 1
147 331 1
147 362 1
147 363 1
147 387 1
147 389 1
147 392 1
147 394 1
147 462 1
147 465 1
147 529 1
147 530 1
147 608 1
147 644 1
147 658 1
147 693 1
147 723 1
147 732 1
147 741 1
147 774 1
147 818 1
147 822 1
147 837 1
147 851 1
147 874 1
147 875 1
147 894 1
147 897 1
147 902 1
147 918 1
147 951 1
147 957 1
148 160 1
148 193 1
148 244 1
148 262 1
148 264 1
148 268 1
148 269 1
148 275 1
148 300 1
148 319 1
148 331 1
148 356 1
148 379 1
148 382 1
148 387 1
148 388 1
148 394 1
148 397 1
148 401 1
148 403 1
148 415 1
148 422 1
148 441 1
148 448 1
148 500 1
148 534 1
148 542 1
148 553 1
148 562 1
148 580 1
148 596 1
148 618 1
148 683 1
148 709 1
148 778 1
148 787 1
148 794 1
148 823 1
148 839 1
148 885 1
148 919 1
148 939 1
148 962 1
148 995 1
149 164 1
149 201 1
149 215 1
149 241 1
149 243 1
149 282 1
149 325 1
149 346 1
149 407 1
149 415 1
149 441 1
149 461 1
149 463 1
149 471 1
149 490 1
149 494 1
149 496 1
149 539 1
149 591 1
149 598 1
149 642 1
149 646 1
149 667 1
149 672 1
149 768 1
149 791 1
149 806 1
149 810 1
149 820 1
149 874 1
149 913 1
149 936 1
149 959 1
149 962 1
149 968 1
149 973 1
149 983 1
149 990 1
150 173 1
150 179 1
150 212 1
150 246 1
150 277 1
150 279 1
150 283 1
150 296 1
150 300 1
150 342 1
150 390 1
150 432 1
150 454 1
150 471 1
150 478 1
150 534 1
150 536 1
150 541 1
150 556 1
150 562 1
150 664 1
150 706 1
150 707 1
150 723 1
150 726 1
150 728 1
150 735 1
150 752 1
150 760 1
150 772 1
150 778 1
150 781 1
150 782 1
150 822 1
150 825 1
150 830 1
150 855 1
150 877 1
150 917 1
150 931 1
150 932 1
150 939 1
150 947 1
150 954 1
150 983 1
151 163 1
151 165 1
151 177 1
151 178 1
151 184 1
151 242 1
151 286 1
151 290 1
151 292 1
151 302 1
151 309 1
151 310 1
151 318 1
151 354 1
151 380 1
151 402 1
151 410 1
151 415 1
151 417 1
151 433 1
151 434 1
151 441 1
151 464 1
151 510 1
151 585 1
151 590 1
151 594 1
151 615 1
151 636 1
151 673 1
151 674 1
151 675 1
151 695 1
151 699 1
151 761 1
151 785 1
151 818 1
151 829 1
151 844 1
151 854 1
151 872 1
151 873 1
151 885 1
151 891 1
151 900 1
151 912 1
151 922 1
151 959 1
151 968 1
151 975 1
151 994 1
151 995 1
152 162 1
152 203 1
152 210 1
152 213 1
152 224 1
152 235 1
152 256 1
152 261 1
152 269 1
152 273 1
152 301 1
152 316 1
152 326 1
152 379 1
152 394 1
152 404 1
152 409 1
152 474 1
152 481 1
152 497 1
152 511 1
152 541 1
152 569 1
152 572 1
152 580 1
152 591 1
152 634 1
152 685 1
152 693 1
152 726 1
152 756 1
152 777 1
152 890 1
152 926 1
152 930 1
152 933 1
152 939 1
152 947 1
152 957 1
152 994 1
153 167 1
153 173 1
153 195 1
153 204 1
153 215 1
153 225 1
153 253 1
153 256 1
153 287 1
153 305 1
153 325 1
153 344 1
153 365 1
153 410 1
153 419 1
153 446 1
153 452 1
153 478 1
153 479 1
153 491 1
153 494 1
153 495 1
153 534 1
153 539 1
153 546 1
153 566 1
153 567 1
153 583 1
153 588 1
153 599 1
153 648 1
153 654 1
153 705 1
153 730 1
153 733 1
153 790 1
153 795 1
153 802 1
153 807 1
153 809 1
153 814 1
153 847 1
153 870 1
153 897 1
153 898 1
153 905 1
153 931 1
153 963 1
153 976 1
153 983 1
153 993 1
154 215 1
154 227 1
154 228 1
154 277 1
154 278 1
154 280 1
154 305 1
154 320 1
154 400 1
154 401 1
154 425 1
154 428 1
154 434 1
154 460 1
154 463 1
154 495 1
154 533 1
154 593 1
154 595 1
154 602 1
154 607 1
154 610 1
154 632 1
154 684 1
154 695 1
154 697 1
154 739 1
154 742 1
154 744 1
154 753 1
154 780 1
154 795 1
154 814 1
154 852 1
154 977 1
154 989 1
155 175 1
155 178 1
155 193 1
155 215 1
155 230 1
155 231 1
155 238 1
155 239 1
155 249 1
155 257 1
155 279 1
155 295 1
155 302 1
155 316 1
155 344 1
155 368 1
155 388 1
155 451 1
155 457 1
155 465 1
155 474 1
155 479 1
155 485 1
155 494 1
155 498 1
155 508 1
155 529 1
155 530 1
155 531 1
155 538 1
155 545 1
155 552 1
155 554 1
155 583 1
155 590 1
155 607 1
155 627 1
155 652 1
155 663 1
155 729 1
155 786 1
155 795 1
155 800 1
155 806 1
155 815 1
155 834 1
155 841 1
155 844 1
155 863 1
155 904 1
155 918 1
155 930 1
155 968 1
156 182 1
156 221 1
156 252 1
156 266 1
156 281 1
156 311 1
156 324 1
156 343 1
156 365 1
156 370 1
156 402 1
156 413 1
156 437 1
156 450 1
156 486 1
156 495 1
156 510 1
156 528 1
156 529 1
156 553 1
156 570 1
156 583 1
156 586 1
156 594 1
156 604 1
156 629 1
156 657 1
156 661 1
156 662 1
156 666 1
156 730 1
156 772 1
156 797 1
156 802 1
156 809 1
156 818 1
156 833 1
156 864 1
156 875 1
156 921 1
156 936 1
156 952 1
156 982 1
156 996 1
157 218 1
157 250 1
157 296 1
157 297 1
157 311 1
157 323 1
157 325 1
157 356 1
157 360 1
157 398 1
157 401 1
157 415 1
157 460 1
157 469 1
157 502 1
157 504 1
157 505 1
157 525 1
157 532 1
157 538 1
157 551 1
157 570 1
157 573 1
157 648 1
157 654 1
157 694 1
157 713 1
157 714 1
157 773 1
157 788 1
157 792 1
157 809 1
157 844 1
157 851 1
157 906 1
157 931 1
157 969 1
158 168 1
158 195 1
158 211 1
158 233 1
158 254 1
158 257 1
158 260 1
158 299 1
158 338 1
158 347 1
158 357 1
158 376 1
158 380 1
158 396 1
158 405 1
158 407 1
158 418 1
158 419 1
158 422 1
158 424 1
158 460 1
158 489 1
158 580 1
158 600 1
158 612 1
158 633 1
158 653 1
158 682 1
158 690 1
158 692 1
158 698 1
158 710 1
158 737 1
158 745 1
158 773 1
158 806 1
158 890 1
158 918 1
158 950 1
158 972 1
158 974 1
158 978 1
159 163 1
159 167 1
159 215 1
159 220 1
159 245 1
159 251 1
159 258 1
159 275 1
159 282 1
159 285 1
159 296 1
159 330 1
159 369 1
159 378 1
159 395 1
159 424 1
159 426 1
159 457 1
159 495 1
159 587 1
159 599 1
159 609 1
159 615 1
159 617 1
159 645 1
159 662 1
159 740 1
159 762 1
159 763 1
159 824 1
159 831 1
159 850 1
159 856 1
159 857 1
159 888 1
159 894 1
159 898 1
159 912 1
159 920 1
159 928 1
159 929 1
159 930 1
159 943 1
160 173 1
160 179 1
160 189 1
160 190 1
160 203 1
160 206 1
160 222 1
160 229 1
160 234 1
160 236 1
160 294 1
160 315 1
160 317 1
160 348 1
160 354 1
160 381 1
160 390 1
160 411 1
160 412 1
160 426 1
160 450 1
160 454 1
160 460 1
160 493 1
160 506 1
160 540 1
160 567 1
160 568 1
160 569 1
160 573 1
160 579 1
160 600 1
160 664 1
160 711 1
160 713 1
160 715 1
160 732 1
160 779 1
160 782 1
160 800 1
160 811 1
160 825 1
160 831 1
160 850 1
160 852 1
160 887 1
160 896 1
160 898 1
160 926 1
160 930 1
160 951 1
160 955 1
161 201 1
161 216 1
161 221 1
161 239 1
161 242 1
161 255 1
161 272 1
161 324 1
161 333 1
161 340 1
161 356 1
161 382 1
161 392 1
161 443 1
161 535 1
161 562 1
161 590 1
161 603 1
161 610 1
161 611 1
161 621 1
161 634 1
161 638 1
161 655 1
161 681 1
161 686 1
161 695 1
161 727 1
161 729 1
161 794 1
161 796 1
161 812 1
161 855 1
161 864 1
161 885 1
161 899 1
161 900 1
161 968 1
162 229 1
162 278 1
162 289 1
162 299 1
162 354 1
162 387 1
162 412 1
162 417 1
162 443 1
162 483 1
162 485 1
162 488 1
162 490 1
162 531 1
162 532 1
162 533 1
162 537 1
162 611 1
162 614 1
162 620 1
162 628 1
162 636 1
162 651 1
162 675 1
162 720 1
162 730 1
162 744 1
162 751 1
162 766 1
162 769 1
162 782 1
162 793 1
162 825 1
162 836 1
162 881 1
162 905 1
162 967 1
162 983 1
162 994 1
163 184 1
163 261 1
163 283 1
163 310 1
163 350 1
163 351 1
163 386 1
163 406 1
163 409 1
163 422 1
163 449 1
163 457 1
163 478 1
163 481 1
163 493 1
163 517 1
163 532 1
163 550 1
163 595 1
163 618 1
163 657 1
163 726 1
163 762 1
163 779 1
163 781 1
163 832 1
163 847 1
163 893 1
163 923 1
163 936 1
163 979 1
163 986 1
163 999 1
164 176 1
164 192 1
164 202 1
164 222 1
164 230 1
164 234 1
164 241 1
164 243 1
164 262 1
164 302 1
164 315 1
164 368 1
164 389 1
164 403 1
164 421 1
164 437 1
164 458 1
164 485 1
164 533 1
164 636 1
164 656 1
164 675 1
164 698 1
164 719 1
164 757 1
164 760 1
164 770 1
164 818 1
164 821 1
164 870 1
164 873 1
164 919 1
164 940 1
164 941 1
164 982 1
164 988 1
165 189 1
165 199 1
165 201 1
165 208 1
165 226 1
165 293 1
165 328 1
165 330 1
165 340 1
165 363 1
165 410 1
165 426 1
165 434 1
165 449 1
165 454 1
165 473 1
165 505 1
165 520 1
165 546 1
165 553 1
165 557 1
165 561 1
165 567 1
165 597 1
165 602 1
165 607 1
165 619 1
165 625 1
165 628 1
165 634 1
165 638 1
165 639 1
165 648 1
165 649 1
165 657 1
165 658 1
165 673 1
165 710 1
165 746 1
165 825 1
165 834 1
165 836 1
165 841 1
165 860 1
165 875 1
165 878 1
165 892 1
165 933 1
165 948 1
165 970 1
165 989 1
166 168 1
166 189 1
166 205 1
166 220 1
166 233 1
166 249 1
166 257 1
166 264 1
166 269 1
166 271 1
166 272 1
166 281 1
166 312 1
166 326 1
166 343 1
166 352 1
166 393 1
166 423 1
166 426 1
166 525 1
166 545 1
166 568 1
166 572 1
166 577 1
166 588 1
166 599 1
166 602 1
166 609 1
166 636 1
166 666 1
166 724 1
166 732 1
166 745 1
166 792 1
166 819 1
166 888 1
166 918 1
166 932 1
166 979 1
166 980 1
166 994 1
167 183 1
167 186 1
167 202 1
167 207 1
167 214 1
167 219 1
167 220 1
167 223 1
167 243 1
167 246 1
167 274 1
167 276 1
167 319 1
167 329 1
167 424 1
167 439 1
167 450 1
167 455 1
167 462 1
167 484 1
167 494 1
167 520 1
167 546 1
167 574 1
167 596 1
167 611 1
167 656 1
167 661 1
167 672 1
167 675 1
167 701 1
167 703 1
167 710 1
167 734 1
167 735 1
167 757 1
167 806 1
167 809 1
167 812 1
167 814 1
167 847 1
167 902 1
167 946 1
167 950 1
167 976 1
167 994 1
167 996 1
168 171 1
168 177 1
168 214 1
168 228 1
168 233 1
168 254 1
168 283 1
168 339 1
168 392 1
168 394 1
168 416 1
168 422 1
168 432 1
168 438 1
168 485 1
168 500 1
168 506 1
168 519 1
168 555 1
168 560 1
168 606 1
168 608 1
168 616 1
168 626 1
168 646 1
168 662 1
168 663 1
168 677 1
168 693 1
168 745 1
168 801 1
168 808 1
168 810 1
168 815 1
168 835 1
168 841 1
168 859 1
168 864 1
168 869 1
168 877 1
168 880 1
168 956 1
168 970 1
168 1000 1
169 178 1
169 253 1
169 258 1
169 269 1
169 352 1
169 391 1
169 400 1
169 404 1
169 414 1
169 428 1
169 449 1
169 455 1
169 461 1
169 504 1
169 512 1
169 522 1
169 534 1
169 551 1
169 553 1
169 563 1
169 573 1
169 604 1
169 613 1
169 614 1
169 618 1
169 647 1
169 688 1
169 702 1
169 713 1
169 750 1
169 757 1
169 790 1
169 822 1
169 825 1
169 826 1
169 886 1
169 900 1
169 905 1
169 909 1
169 911 1
169 946 1
169 973 1
170 175 1
170 188 1
170 192 1
170 194 1
170 241 1
170 289 1
170 323 1
170 361 1
170 362 1
170 384 1
170 400 1
170 414 1
170 461 1
170 466 1
170 469 1
170 473 1
170 498 1
170 514 1
170 524 1
170 549 1
170 561 1
170 567 1
170 573 1
170 598 1
170 647 1
170 649 1
170 650 1
170 664 1
170 678 1
170 695 1
170 733 1
170 744 1
170 756 1
170 773 1
170 775 1
170 803 1
170 811 1
170 860 1
170 861 1
170 898 1
170 901 1
170 920 1
170 934 1
170 941 1
170 949 1
170 953 1
170 954 1
170 977 1
170 986 1
170 990 1
170 991 1
170 995 1
171 173 1
171 195 1
171 205 1
171 230 1
171 237 1
171 278 1
171 285 1
171 386 1
171 402 1
171 406 1
171 430 1
171 484 1
171 504 1
171 507 1
171 510 1
171 529 1
171 541 1
171 549 1
171 576 1
171 598 1
171 617 1
171 621 1
171 632 1
171 656 1
171 659 1
171 733 1
171 751 1
171 758 1
171 765 1
171 778 1
171 805 1
171 809 1
171 856 1
171 860 1
171 886 1
171 929 1
171 935 1
171 958 1
171 993 1
172 195 1
172 239 1
172 289 1
172 328 1
172 335 1
172 342 1
172 359 1
172 369 1
172 401 1
172 408 1
172 489 1
172 522 1
172 567 1
172 600 1
172 660 1
172 669 1
172 694 1
172 706 1
172 723 1
172 724 1
172 727 1
172 729 1
172 787 1
172 794 1
172 809 1
172 840 1
172 871 1
172 904 1
172 907 1
172 924 1
173 176 1
173 251 1
173 256 1
173 265 1
173 296 1
173 330 1
173 348 1
173 368 1
173 380 1
173 397 1
173 479 1
173 482 1
173 500 1
173 508 1
173 538 1
173 543 1
173 552 1
173 592 1
173 596 1
173 610 1
173 656 1
173 682 1
173 749 1
173 789 1
173 811 1
173 813 1
173 846 1
173 896 1
173 934 1
173 936 1
173 964 1
173 965 1
173 973 1
174 179 1
174 187 1
174 209 1
174 214 1
174 216 1
174 270 1
174 285 1
174 329 1
174 379 1
174 380 1
174 384 1
174 404 1
174 417 1
174 421 1
174 446 1
174 529 1
174 541 1
174 553 1
174 559 1
174 600 1
174 611 1
174 620 1
174 626 1
174 633 1
174 635 1
174 724 1
174 734 1
174 738 1
174 778 1
174 780 1
174 790 1
174 795 1
174 828 1
174 829 1
174 836 1
174 860 1
174 863 1
174 868 1
174 896 1
174 910 1
174 940 1
174 941 1
174 951 1
174 981 1
174 995 1
175 200 1
175 215 1
175 230 1
175 243 1
175 292 1
175 295 1
175 310 1
175 344 1
175 351 1
175 365 1
175 367 1
175 378 1
175 382 1
175 403 1
175 411 1
175 422 1
175 442 1
175 449 1
175 468 1
175 474 1
175 494 1
175 508 1
175 530 1
175 540 1
175 551 1
175 605 1
175 608 1
175 613 1
175 640 1
175 648 1
175 676 1
175 681 1
175 687 1
175 697 1
175 723 1
175 742 1
175 753 1
175 759 1
175 776 1
175 797 1
175 818 1
175 865 1
175 873 1
175 877 1
175 878 1
175 881 1
175 887 1
175 888 1
175 904 1
175 952 1
175 1000 1
176 190 1
176 210 1
176 224 1
176 229 1
176 262 1
176 266 1
176 286 1
176 293 1
176 303 1
176 333 1
176 378 1
176 384 1
176 389 1
176 411 1
176 478 1
176 491 1
176 495 1
176 505 1
176 514 1
176 515 1
176 521 1
176 548 1
176 578 1
176 581 1
176 584 1
176 645 1
176 647 1
176 662 1
176 708 1
176 729 1
176 771 1
176 776 1
176 777 1
176 780 1
176 786 1
176 789 1
176 873 1
176 882 1
176 888 1
176 904 1
176 919 1
176 924 1
176 926 1
176 934 1
176 946 1
176 963 1
176 973 1
177 203 1
177 262 1
177 317 1
177 331 1
177 367 1
177 397 1
177 415 1
177 416 1
177 433 1
177 443 1
177 456 1
177 473 1
177 477 1
177 492 1
177 497 1
177 509 1
177 522 1
177 545 1
177 572 1
177 622 1
177 662 1
177 664 1
177 674 1
177 678 1
177 682 1
177 689 1
177 696 1
177 710 1
177 717 1
177 791 1
177 794 1
177 802 1
177 819 1
177 822 1
177 839 1
177 845 1
177 850 1
177 871 1
177 894 1
177 924 1
177 933 1
177 935 1
178 200 1
178 236 1
178 273 1
178 283 1
178 326 1
178 336 1
178 365 1
178 390 1
178 394 1
178 450 1
178 487 1
178 532 1
178 563 1
178 596 1
178 610 1
178 676 1
178 686 1
178 695 1
178 747 1
178 761 1
178 783 1
178 784 1
178 803 1
178 816 1
178 837 1
178 852 1
178 853 1
178 871 1
178 886 1
178 904 1
178 923 1
178 936 1
178 940 1
178 965 1
178 970 1
178 992 1
178 998 1
179 212 1
179 227 1
179 256 1
179 266 1
179 305 1
179 356 1
179 402 1
179 441 1
179 459 1
179 468 1
179 473 1
179 492 1
179 593 1
179 603 1
179 640 1
179 688 1
179 705 1
179 738 1
179 752 1
179 791 1
179 826 1
179 835 1
179 846 1
179 887 1
179 934 1
179 946 1
179 952 1
180 181 1
180 196 1
180 227 1
180 262 1
180 303 1
180 304 1
180 330 1
180 347 1
180 378 1
180 408 1
180 434 1
180 449 1
180 458 1
180 485 1
180 500 1
180 512 1
180 567 1
180 595 1
180 614 1
180 616 1
180 619 1
180 620 1
180 621 1
180 658 1
180 665 1
180 689 1
180 694 1
180 696 1
180 736 1
180 751 1
180 779 1
180 814 1
180 818 1
180 828 1
180 836 1
180 848 1
180 856 1
180 895 1
180 902 1
180 904 1
180 913 1
180 936 1
180 951 1
180 965 1
180 966 1
180 979 1
180 983 1
181 214 1
181 233 1
181 250 1
181 263 1
181 268 1
181 271 1
181 306 1
181 379 1
181 385 1
181 410 1
181 417 1
181 418 1
181 427 1
181 468 1
181 474 1
181 511 1
181 516 1
181 539 1
181 571 1
181 640 1
181 651 1
181 654 1
181 671 1
181 683 1
181 691 1
181 750 1
181 763 1
181 770 1
181 778 1
181 849 1
181 858 1
181 866 1
181 912 1
181 920 1
181 921 1
181 923 1
181 927 1
181 949 1
181 967 1
182 196 1
182 198 1
182 203 1
182 214 1
182 221 1
182 300 1
182 313 1
182 333 1
182 338 1
182 353 1
182 367 1
182 381 1
182 397 1
182 411 1
182 441 1
182 453 1
182 485 1
182 530 1
182 589 1
182 617 1
182 649 1
182 660 1
182 667 1
182 705 1
182 706 1
182 727 1
182 734 1
182 739 1
182 799 1
182 831 1
182 871 1
182 890 1
182 898 1
182 906 1
182 987 1
183 194 1
183 200 1
183 201 1
183 206 1
183 232 1
183 238 1
183 252 1
183 272 1
183 297 1
183 310 1
183 316 1
183 338 1
183 364 1
183 365 1
183 366 1
183 419 1
183 426 1
183 451 1
183 500 1
183 513 1
183 528 1
183 595 1
183 606 1
183 648 1
183 652 1
183 660 1
183 679 1
183 746 1
183 797 1
183 799 1
183 801 1
183 828 1
183 869 1
183 896 1
183 922 1
183 950 1
183 953 1
183 960 1
183 961 1
183 966 1
183 968 1
183 991 1
183 998 1
184 194 1
184 200 1
184 205 1
184 246 1
184 280 1
184 331 1
184 343 1
184 357 1
184 368 1
184 383 1
184 437 1
184 439 1
184 458 1
184 460 1
184 489 1
184 490 1
184 502 1
184 555 1
184 557 1
184 582 1
184 584 1
184 598 1
184 628 1
184 639 1
184 656 1
184 657 1
184 683 1
184 713 1
184 716 1
184 722 1
184 752 1
184 766 1
184 771 1
184 776 1
184 795 1
184 855 1
184 862 1
184 864 1
184 874 1
184 900 1
184 907 1
184 929 1
184 938 1
184 949 1
184 952 1
184 977 1
184 988 1
184 994 1
184 995 1
185 200 1
185 234 1
185 236 1
185 245 1
185 249 1
185 263 1
185 305 1
185 312 1
185 332 1
185 430 1
185 432 1
185 447 1
185 459 1
185 475 1
185 484 1
185 496 1
185 521 1
185 533 1
185 565 1
185 572 1
185 587 1
185 592 1
185 607 1
185 618 1
185 637 1
185 691 1
185 712 1
185 723 1
185 745 1
185 747 1
185 764 1
185 767 1
185 777 1
185 786 1
185 800 1
185 825 1
185 830 1
185 843 1
185 890 1
185 907 1
185 915 1
185 931 1
185 944 1
185 971 1
186 190 1
186 273 1
186 286 1
186 302 1
186 320 1
186 341 1
186 351 1
186 360 1
186 369 1
186 372 1
186 402 1
186 442 1
186 463 1
186 482 1
186 484 1
186 521 1
186 529 1
186 548 1
186 568 1
186 577 1
186 595 1
186 606 1
186 630 1
186 635 1
186 649 1
186 666 1
186 678 1
186 694 1
186 738 1
186 743 1
186 773 1
186 823 1
186 840 1
186 890 1
186 961 1
186 971 1
186 973 1
186 985 1
186 995 1
187 227 1
187 257 1
187 308 1
187 347 1
187 351 1
187 368 1
187 403 1
187 481 1
187 510 1
187 552 1
187 561 1
187 564 1
187 592 1
187 602 1
187 622 1
187 655 1
187 671 1
187 672 1
187 698 1
187 700 1
187 707 1
187 725 1
187 749 1
187 756 1
187 773 1
187 789 1
187 791 1
187 799 1
187 800 1
187 836 1
187 863 1
187 883 1
187 902 1
187 906 1
187 929 1
187 931 1
187 932 1
187 941 1
187 942 1
187 951 1
188 208 1
188 299 1
188 322 1
188 366 1
188 376 1
188 401 1
188 406 1
188 407 1
188 410 1
188 438 1
188 462 1
188 477 1
188 521 1
188 554 1
188 568 1
188 604 1
188 606 1
188 624 1
188 670 1
188 671 1
188 703 1
188 723 1
188 734 1
188 749 1
188 816 1
188 817 1
188 832 1
188 867 1
188 869 1
188 900 1
188 936 1
188 993 1
188 996 1
189 190 1
189 220 1
189 221 1
189 290 1
189 303 1
189 346 1
189 367 1
189 371 1
189 382 1
189 420 1
189 492 1
189 538 1
189 553 1
189 567 1
189 586 1
189 589 1
189 612 1
189 636 1
189 660 1
189 662 1
189 695 1
189 697 1
189 702 1
189 714 1
189 725 1
189 727 1
189 752 1
189 758 1
189 784 1
189 805 1
189 842 1
189 877 1
189 905 1
189 916 1
189 918 1
189 919 1
189 964 1
189 967 1
189 999 1
190 259 1
190 266 1
190 294 1
190 297 1
190 319 1
190 337 1
190 346 1
190 375 1
190 381 1
190 406 1
190 461 1
190 484 1
190 488 1
190 514 1
190 529 1
190 537 1
190 545 1
190 553 1
190 598 1
190 634 1
190 640 1
190 641 1
190 643 1
190 645 1
190 657 1
190 722 1
190 727 1
190 735 1
190 739 1
190 817 1
190 845 1
190 862 1
190 870 1
190 879 1
190 907 1
190 912 1
190 914 1
190 921 1
190 944 1
190 945 1
190 965 1
190 985 1
191 216 1
191 243 1
191 268 1
191 275 1
191 286 1
191 296 1
191 308 1
191 315 1
191 319 1
191 344 1
191 345 1
191 349 1
191 359 1
191 366 1
191 373 1
191 376 1
191 380 1
191 381 1
191 384 1
191 392 1
191 415 1
191 417 1
191 432 1
191 463 1
191 538 1
191 543 1
191 552 1
191 596 1
191 628 1
191 701 1
191 711 1
191 728 1
191 766 1
191 776 1
191 777 1
191 778 1
191 805 1
191 858 1
191 872 1
191 898 1
191 917 1
191 920 1
191 979 1
192 195 1
192 217 1
192 247 1
192 316 1
192 327 1
192 338 1
192 344 1
192 350 1
192 360 1
192 372 1
192 409 1
192 443 1
192 473 1
192 482 1
192 502 1
192 504 1
192 517 1
192 518 1
192 580 1
192 592 1
192 606 1
192 625 1
192 652 1
192 683 1
192 694 1
192 703 1
192 713 1
192 737 1
192 766 1
192 781 1
192 790 1
192 791 1
192 831 1
192 841 1
192 882 1
192 883 1
192 890 1
192 894 1
192 926 1
192 946 1
192 993 1
192 996 1
192 1000 1
193 224 1
193 237 1
193 238 1
193 280 1
193 312 1
193 332 1
193 391 1
193 407 1
193 436 1
193 457 1
193 464 1
193 492 1
193 548 1
193 554 1
193 612 1
193 617 1
193 647 1
193 650 1
193 658 1
193 660 1
193 666 1
193 704 1
193 705 1
193 715 1
193 723 1
193 770 1
193 795 1
193 807 1
193 856 1
193 899 1
193 926 1
193 948 1
193 984 1
193 988 1
193 989 1
193 994 1
194 225 1
194 236 1
194 239 1
194 265 1
194 285 1
194 297 1
194 299 1
194 315 1
194 324 1
194 383 1
194 407 1
194 417 1
194 420 1
194 431 1
194 432 1
194 433 1
194 466 1
194 521 1
194 548 1
194 600 1
194 610 1
194 642 1
194 653 1
194 662 1
194 677 1
194 681 1
194 687 1
194 705 1
194 715 1
194 716 1
194 749 1
194 795 1
194 823 1
194 827 1
194 843 1
194 869 1
194 989 1
194 993 1
194 999 1
195 214 1
195 224 1
195 242 1
195 253 1
195 266 1
195 273 1
195 312 1
195 333 1
195 344 1
195 395 1
195 402 1
195 409 1
195 420 1
195 431 1
195 436 1
195 441 1
195 498 1
195 528 1
195 560 1
195 563 1
195 597 1
195 604 1
195 638 1
195 649 1
195 660 1
195 680 1
195 682 1
195 702 1
195 711 1
195 725 1
195 742 1
195 748 1
195 759 1
195 768 1
195 769 1
195 773 1
195 782 1
195 799 1
195 832 1
195 835 1
195 848 1
195 862 1
195 874 1
195 878 1
195 890 1
195 893 1
195 900 1
195 930 1
195 934 1
195 948 1
195 965 1
195 966 1
195 975 1
195 985 1
196 198 1
196 210 1
196 217 1
196 219 1
196 233 1
196 247 1
196 264 1
196 271 1
196 304 1
196 309 1
196 315 1
196 317 1
196 326 1
196 404 1
196 405 1
196 428 1
196 500 1
196 503 1
196 507 1
196 521 1
196 537 1
196 538 1
196 541 1
196 546 1
196 566 1
196 588 1
196 648 1
196 687 1
196 688 1
196 695 1
196 702 1
196 830 1
196 832 1
196 858 1
196 872 1
196 879 1
196 887 1
196 900 1
196 918 1
196 920 1
196 946 1
196 955 1
196 960 1
197 198 1
197 206 1
197 210 1
197 314 1
197 324 1
197 401 1
197 408 1
197 418 1
197 421 1
197 447 1
197 490 1
197 514 1
197 517 1
197 540 1
197 600 1
197 601 1
197 629 1
197 727 1
197 731 1
197 751 1
197 807 1
197 822 1
197 840 1
197 843 1
197 852 1
197 892 1
197 895 1
197 896 1
197 917 1
197 934 1
197 944 1
197 962 1
197 967 1
197 982 1
197 988 1
198 204 1
198 251 1
198 252 1
198 321 1
198 345 1
198 373 1
198 379 1
198 381 1
198 394 1
198 398 1
198 414 1
198 433 1
198 438 1
198 448 1
198 454 1
198 472 1
198 479 1
198 492 1
198 499 1
198 524 1
198 537 1
198 549 1
198 567 1
198 600 1
198 635 1
198 638 1
198 646 1
198 681 1
198 713 1
198 716 1
198 724 1
198 726 1
198 727 1
198 730 1
198 747 1
198 749 1
198 780 1
198 805 1
198 807 1
198 815 1
198 831 1
198 847 1
198 854 1
198 869 1
198 872 1
198 925 1
198 939 1
198 964 1
198 984 1
199 212 1
199 227 1
199 233 1
199 240 1
199 261 1
199 282 1
199 289 1
199 294 1
199 329 1
199 342 1
199 345 1
199 376 1
199 397 1
199 401 1
199 455 1
199 475 1
199 508 1
199 519 1
199 543 1
199 544 1
199 550 1
199 565 1
199 587 1
199 600 1
199 605 1
199 609 1
199 617 1
199 624 1
199 625 1
199 681 1
199 684 1
199 691 1
199 692 1
199 702 1
199 714 1
199 722 1
199 729 1
199 737 1
199 743 1
199 786 1
199 788 1
199 793 1
199 821 1
199 850 1
199 865 1
199 873 1
199 898 1
199 926 1
199 969 1
199 970 1
200 220 1
200 276 1
200 289 1
200 291 1
200 317 1
200 359 1
200 374 1
200 407 1
200 441 1
200 454 1
200 467 1
200 471 1
200 485 1
200 504 1
200 512 1
200 516 1
200 534 1
200 541 1
200 578 1
200 585 1
200 603 1
200 612 1
200 623 1
200 627 1
200 641 1
200 664 1
200 727 1
200 745 1
200 758 1
200 778 1
200 780 1
200 826 1
200 841 1
200 843 1
200 851 1
200 861 1
200 869 1
200 885 1
200 900 1
200 941 1
200 949 1
200 971 1
200 994 1
201 225 1
201 229 1
201 232 1
201 244 1
201 246 1
201 247 1
201 261 1
201 270 1
201 281 1
201 308 1
201 313 1
201 316 1
201 369 1
201 406 1
201 407 1
201 416 1
201 459 1
201 471 1
201 474 1
201 497 1
201 533 1
201 563 1
201 587 1
201 612 1
201 619 1
201 669 1
201 690 1
201 793 1
201 810 1
201 851 1
201 870 1
201 897 1
201 934 1
201 952 1
201 965 1
202 206 1
202 208 1
202 231 1
202 241 1
202 255 1
202 281 1
202 316 1
202 327 1
202 381 1
202 404 1
202 487 1
202 501 1
202 529 1
202 556 1
202 561 1
202 573 1
202 576 1
202 594 1
202 597 1
202 612 1
202 613 1
202 633 1
202 662 1
202 665 1
202 676 1
202 685 1
202 687 1
202 691 1
202 723 1
202 730 1
202 735 1
202 745 1
202 773 1
202 779 1
202 791 1
202 797 1
202 802 1
202 806 1
202 818 1
202 839 1
202 841 1
202 866 1
202 886 1
202 896 1
202 910 1
202 930 1
202 944 1
202 961 1
202 975 1
203 236 1
203 254 1
203 302 1
203 334 1
203 362 1
203 380 1
203 384 1
203 391 1
203 394 1
203 396 1
203 408 1
203 434 1
203 437 1
203 467 1
203 496 1
203 501 1
203 518 1
203 531 1
203 555 1
203 562 1
203 587 1
203 613 1
203 641 1
203 685 1
203 717 1
203 722 1
203 734 1
203 741 1
203 769 1
203 798 1
203 802 1
203 829 1
203 837 1
203 854 1
203 860 1
203 872 1
203 907 1
204 212 1
204 246 1
204 248 1
204 258 1
204 261 1
204 268 1
204 287 1
204 338 1
204 348 1
204 356 1
204 359 1
204 368 1
204 378 1
204 379 1
204 464 1
204 476 1
204 516 1
204 526 1
204 530 1
204 547 1
204 550 1
204 611 1
204 645 1
204 665 1
204 678 1
204 692 1
204 723 1
204 732 1
204 772 1
204 801 1
204 816 1
204 819 1
204 837 1
204 843 1
204 856 1
204 865 1
204 877 1
204 878 1
204 906 1
204 912 1
204 930 1
204 938 1
204 988 1
204 996 1
205 211 1
205 256 1
205 280 1
205 311 1
205 340 1
205 432 1
205 469 1
205 518 1
205 522 1
205 524 1
205 538 1
205 544 1
205 548 1
205 550 1
205 597 1
205 604 1
205 608 1
205 620 1
205 674 1
205 682 1
205 684 1
205 714 1
205 769 1
205 780 1
205 782 1
205 801 1
205 804 1
205 811 1
205 816 1
205 848 1
205 860 1
205 869 1
205 887 1
205 931 1
205 972 1
205 986 1
205 988 1
206 247 1
206 269 1
206 299 1
206 305 1
206 318 1
206 322 1
206 332 1
206 368 1
206 388 1
206 402 1
206 441 1
206 507 1
206 532 1
206 567 1
206 568 1
206 606 1
206 615 1
206 623 1
206 636 1
206 647 1
206 731 1
206 764 1
206 775 1
206 826 1
206 856 1
206 858 1
206 879 1
206 908 1
206 909 1
206 932 1
206 963 1
206 979 1
206 998 1
207 220 1
207 258 1
207 265 1
207 340 1
207 344 1
207 354 1
207 355 1
207 399 1
207 408 1
207 415 1
207 418 1
207 443 1
207 483 1
207 496 1
207 500 1
207 510 1
207 511 1
207 536 1
207 543 1
207 544 1
207 573 1
207 599 1
207 601 1
207 604 1
207 621 1
207 625 1
207 629 1
207 676 1
207 682 1
207 699 1
207 701 1
207 714 1
207 741 1
207 748 1
207 760 1
207 776 1
207 787 1
207 827 1
207 846 1
207 859 1
207 885 1
207 903 1
207 904 1
207 925 1
207 973 1
207 974 1
208 250 1
208 258 1
208 277 1
208 317 1
208 338 1
208 339 1
208 349 1
208 371 1
208 375 1
208 396 1
208 400 1
208 409 1
208 416 1
208 420 1
208 436 1
208 454 1
208 487 1
208 490 1
208 507 1
208 532 1
208 543 1
208 559 1
208 567 1
208 569 1
208 597 1
208 598 1
208 601 1
208 614 1
208 618 1
208 632 1
208 633 1
208 634 1
208 640 1
208 674 1
208 676 1
208 690 1
208 691 1
208 695 1
208 697 1
208 709 1
208 733 1
208 763 1
208 764 1
208 770 1
208 771 1
208 874 1
208 877 1
208 880 1
208 895 1
208 933 1
208 943 1
208 967 1
208 979 1
209 236 1
209 247 1
209 251 1
209 271 1
209 272 1
209 309 1
209 331 1
209 338 1
209 346 1
209 361 1
209 378 1
209 425 1
209 443 1
209 447 1
209 450 1
209 451 1
209 485 1
209 499 1
209 503 1
209 528 1
209 539 1
209 548 1
209 549 1
209 596 1
209 597 1
209 607 1
209 631 1
209 651 1
209 658 1
209 661 1
209 671 1
209 677 1
209 680 1
209 685 1
209 740 1
209 764 1
209 780 1
209 797 1
209 813 1
209 831 1
209 896 1
209 897 1
209 918 1
209 942 1
209 965 1
210 215 1
210 234 1
210 268 1
210 300 1
210 305 1
210 307 1
210 317 1
210 325 1
210 358 1
210 361 1
210 366 1
210 377 1
210 398 1
210 410 1
210 490 1
210 508 1
210 716 1
210 718 1
210 751 1
210 758 1
210 779 1
210 809 1
210 872 1
210 918 1
210 952 1
210 957 1
210 973 1
210 987 1
210 996 1
211 222 1
211 275 1
211 280 1
211 297 1
211 335 1
211 390 1
211 391 1
211 446 1
211 461 1
211 472 1
211 475 1
211 492 1
211 498 1
211 505 1
211 508 1
211 511 1
211 527 1
211 536 1
211 571 1
211 587 1
211 609 1
211 626 1
211 656 1
211 657 1
211 700 1
211 702 1
211 749 1
211 789 1
211 801 1
211 823 1
211 841 1
211 892 1
211 903 1
211 919 1
211 952 1
211 972 1
211 974 1
211 979 1
211 985 1
211 988 1
211 990 1
211 993 1
211 997 1
212 228 1
212 271 1
212 272 1
212 299 1
212 327 1
212 358 1
212 398 1
212 408 1
212 413 1
212 418 1
212 422 1
212 427 1
212 478 1
212 522 1
212 553 1
212 594 1
212 595 1
212 612 1
212 623 1
212 631 1
212 644 1
212 657 1
212 671 1
212 748 1
212 750 1
212 776 1
212 782 1
212 785 1
212 832 1
212 897 1
212 903 1
212 936 1
212 980 1
212 988 1
212 996 1
212 1000 1
213 261 1
213 267 1
213 275 1
213 283 1
213 286 1
213 291 1
213 303 1
213 322 1
213 327 1
213 406 1
213 426 1
213 427 1
213 433 1
213 438 1
213 455 1
213 457 1
213 475 1
213 490 1
213 500 1
213 505 1
213 552 1
213 566 1
213 627 1
213 649 1
213 653 1
213 665 1
213 686 1
213 697 1
213 726 1
213 740 1
213 764 1
213 770 1
213 784 1
213 796 1
213 803 1
213 826 1
213 912 1
213 915 1
213 921 1
213 986 1
214 234 1
214 274 1
214 305 1
214 332 1
214 364 1
214 384 1
214 403 1
214 432 1
214 440 1
214 448 1
214 468 1
214 476 1
214 481 1
214 507 1
214 541 1
214 567 1
214 577 1
214 578 1
214 610 1
214 648 1
214 665 1
214 691 1
214 695 1
214 724 1
214 725 1
214 755 1
214 792 1
214 800 1
214 829 1
214 847 1
214 860 1
214 870 1
214 872 1
214 879 1
214 883 1
214 895 1
214 897 1
214 900 1
214 909 1
214 963 1
215 221 1
215 232 1
215 246 1
215 271 1
215 277 1
215 283 1
215 303 1
215 360 1
215 368 1
215 372 1
215 420 1
215 443 1
215 484 1
215 488 1
215 507 1
215 542 1
215 546 1
215 549 1
215 579 1
215 593 1
215 601 1
215 604 1
215 622 1
215 664 1
215 710 1
215 714 1
215 750 1
215 756 1
215 761 1
215 762 1
215 797 1
215 826 1
215 837 1
215 838 1
215 861 1
215 864 1
215 880 1
215 891 1
215 911 1
215 916 1
215 928 1
215 939 1
215 947 1
215 955 1
216 253 1
216 267 1
216 284 1
216 296 1
216 327 1
216 340 1
216 361 1
216 372 1
216 375 1
216 387 1
216 419 1
216 455 1
216 474 1
216 496 1
216 519 1
216 554 1
216 556 1
216 572 1
216 579 1
216 620 1
216 635 1
216 640 1
216 643 1
216 668 1
216 675 1
216 699 1
216 738 1
216 763 1
216 772 1
216 773 1
216 791 1
216 797 1
216 802 1
216 816 1
216 822 1
216 830 1
216 860 1
216 863 1
216 879 1
216 903 1
216 999 1
217 276 1
217 295 1
217 299 1
217 307 1
217 329 1
217 339 1
217 346 1
217 353 1
217 373 1
217 381 1
217 406 1
217 438 1
217 454 1
217 464 1
217 467 1
217 470 1
217 471 1
217 509 1
217 555 1
217 557 1
217 564 1
217 571 1
217 617 1
217 631 1
217 637 1
217 656 1
217 664 1
217 669 1
217 672 1
217 677 1
217 707 1
217 740 1
217 744 1
217 809 1
217 829 1
217 834 1
217 875 1
217 884 1
217 885 1
217 886 1
217 920 1
217 957 1
218 240 1
218 241 1
218 252 1
218 264 1
218 281 1
218 299 1
218 317 1
218 350 1
218 415 1
218 429 1
218 440 1
218 470 1
218 515 1
218 553 1
218 563 1
218 566 1
218 581 1
218 585 1
218 617 1
218 658 1
218 660 1
218 676 1
218 691 1
218 725 1
218 732 1
218 771 1
218 785 1
218 794 1
218 821 1
218 840 1
218 881 1
218 918 1
218 921 1
218 933 1
219 232 1
219 238 1
219 242 1
219 248 1
219 296 1
219 315 1
219 345 1
219 347 1
219 380 1
219 407 1
219 416 1
219 425 1
219 445 1
219 475 1
219 514 1
219 516 1
219 525 1
219 526 1
219 532 1
219 545 1
219 565 1
219 573 1
219 579 1
219 602 1
219 632 1
219 638 1
219 675 1
219 697 1
219 733 1
219 751 1
219 752 1
219 762 1
219 765 1
219 767 1
219 798 1
219 808 1
219 845 1
219 927 1
219 946 1
219 970 1
219 977 1
220 283 1
220 307 1
220 318 1
220 339 1
220 354 1
220 422 1
220 425 1
220 426 1
220 447 1
220 528 1
220 572 1
220 619 1
220 627 1
220 638 1
220 667 1
220 724 1
220 729 1
220 792 1
220 800 1
220 802 1
220 806 1
220 813 1
220 829 1
220 844 1
220 921 1
220 922 1
220 930 1
220 932 1
220 934 1
220 954 1
220 965 1
221 235 1
221 251 1
221 262 1
221 296 1
221 312 1
221 315 1
221 327 1
221 375 1
221 388 1
221 391 1
221 426 1
221 439 1
221 443 1
221 446 1
221 472 1
221 480 1
221 492 1
221 504 1
221 507 1
221 517 1
221 541 1
221 560 1
221 562 1
221 575 1
221 579 1
221 592 1
221 596 1
221 607 1
221 608 1
221 632 1
221 673 1
221 694 1
221 711 1
221 726 1
221 746 1
221 769 1
221 799 1
221 803 1
221 830 1
221 876 1
221 880 1
221 887 1
221 900 1
221 915 1
221 918 1
221 933 1
221 965 1
221 994 1
221 1000 1
222 223 1
222 238 1
222 248 1
222 279 1
222 291 1
222 299 1
222 317 1
222 338 1
222 357 1
222 365 1
222 372 1
222 375 1
222 384 1
222 410 1
222 420 1
222 481 1
222 506 1
222 518 1
222 520 1
222 551 1
222 554 1
222 571 1
222 585 1
222 604 1
222 605 1
222 626 1
222 678 1
222 713 1
222 755 1
222 762 1
222 824 1
222 826 1
222 848 1
222 865 1
222 909 1
222 913 1
222 939 1
222 951 1
222 975 1
222 978 1
222 980 1
223 226 1
223 245 1
223 269 1
223 272 1
223 298 1
223 336 1
223 348 1
223 361 1
223 394 1
223 433 1
223 441 1
223 454 1
223 473 1
223 501 1
223 513 1
223 535 1
223 556 1
223 619 1
223 653 1
223 680 1
223 682 1
223 710 1
223 719 1
223 741 1
223 759 1
223 774 1
223 815 1
223 818 1
223 824 1
223 917 1
223 922 1
223 953 1
223 973 1
223 982 1
223 986 1
224 228 1
224 229 1
224 230 1
224 236 1
224 261 1
224 277 1
224 346 1
224 388 1
224 417 1
224 423 1
224 428 1
224 429 1
224 436 1
224 457 1
224 501 1
224 505 1
224 526 1
224 571 1
224 573 1
224 578 1
224 602 1
224 606 1
224 612 1
224 617 1
224 634 1
224 642 1
224 645 1
224 672 1
224 705 1
224 715 1
224 730 1
224 748 1
224 762 1
224 775 1
224 828 1
224 899 1
224 914 1
224 927 1
224 939 1
224 974 1
224 978 1
224 984 1
225 262 1
225 278 1
225 289 1
225 342 1
225 345 1
225 362 1
225 383 1
225 386 1
225 401 1
225 415 1
225 425 1
225 434 1
225 446 1
225 447 1
225 477 1
225 506 1
225 515 1
225 523 1
225 524 1
225 527 1
225 560 1
225 567 1
225 602 1
225 611 1
225 634 1
225 654 1
225 676 1
225 718 1
225 738 1
225 740 1
225 755 1
225 756 1
225 766 1
225 781 1
225 804 1
225 823 1
225 835 1
225 847 1
225 860 1
225 904 1
225 909 1
225 921 1
225 934 1
225 942 1
226 242 1
226 246 1
226 249 1
226 277 1
226 278 1
226 290 1
226 373 1
226 408 1
226 474 1
226 476 1
226 494 1
226 504 1
226 524 1
226 527 1
226 561 1
226 586 1
226 665 1
226 693 1
226 694 1
226 745 1
226 772 1
226 820 1
226 843 1
226 887 1
226 898 1
226 916 1
226 987 1
227 239 1
227 240 1
227 378 1
227 388 1
227 401 1
227 442 1
227 487 1
227 527 1
227 530 1
227 582 1
227 618 1
227 638 1
227 651 1
227 690 1
227 709 1
227 793 1
227 798 1
227 846 1
227 851 1
227 853 1
227 855 1
227 885 1
227 928 1
227 931 1
227 962 1
227 972 1
227 987 1
228 255 1
228 287 1
228 295 1
228 298 1
228 302 1
228 310 1
228 313 1
228 334 1
228 351 1
228 353 1
228 357 1
228 404 1
228 426 1
228 434 1
228 437 1
228 448 1
228 568 1
228 583 1
228 604 1
228 636 1
228 644 1
228 649 1
228 704 1
228 730 1
228 745 1
228 750 1
228 808 1
228 809 1
228 824 1
228 887 1
228 889 1
228 892 1
228 900 1
228 906 1
228 911 1
228 912 1
228 922 1
228 932 1
228 934 1
228 971 1
228 981 1
228 983 1
228 988 1
229 236 1
229 265 1
229 288 1
229 293 1
229 296 1
229 329 1
229 330 1
229 331 1
229 353 1
229 364 1
229 368 1
229 378 1
229 396 1
229 418 1
229 424 1
229 457 1
229 478 1
229 481 1
229 501 1
229 509 1
229 511 1
229 515 1
229 536 1
229 539 1
229 583 1
229 630 1
229 709 1
229 744 1
229 757 1
229 802 1
229 818 1
229 854 1
229 867 1
229 868 1
229 922 1
229 924 1
229 969 1
230 241 1
230 244 1
230 268 1
230 281 1
230 296 1
230 311 1
230 360 1
230 363 1
230 385 1
230 393 1
230 488 1
230 527 1
230 554 1
230 561 1
230 562 1
230 590 1
230 600 1
230 655 1
230 688 1
230 696 1
230 741 1
230 745 1
230 763 1
230 767 1
231 248 1
231 265 1
231 307 1
231 315 1
231 330 1
231 331 1
231 343 1
231 399 1
231 403 1
231 406 1
231 413 1
231 502 1
231 508 1
231 513 1
231 519 1
231 609 1
231 720 1
231 738 1
231 747 1
231 756 1
231 759 1
231 764 1
231 778 1
231 782 1
231 783 1
231 800 1
231 844 1
231 884 1
231 893 1
231 923 1
231 930 1
231 972 1
232 274 1
232 283 1
232 309 1
232 314 1
232 344 1
232 350 1
232 359 1
232 375 1
232 397 1
232 409 1
232 423 1
232 434 1
232 448 1
232 474 1
232 519 1
232 521 1
232 529 1
232 539 1
232 559 1
232 578 1
232 594 1
232 643 1
232 724 1
232 728 1
232 729 1
232 791 1
232 796 1
232 821 1
232 851 1
232 864 1
232 875 1
232 883 1
232 885 1
232 890 1
232 891 1
232 926 1
232 954 1
232 956 1
232 963 1
232 969 1
232 971 1
233 250 1
233 299 1
233 310 1
233 317 1
233 333 1
233 340 1
233 346 1
233 348 1
233 351 1
233 358 1
233 367 1
233 369 1
233 379 1
233 381 1
233 404 1
233 410 1
233 414 1
233 420 1
233 455 1
233 488 1
233 490 1
233 499 1
233 500 1
233 504 1
233 512 1
233 513 1
233 517 1
233 525 1
233 634 1
233 637 1
233 690 1
233 748 1
233 749 1
233 750 1
233 762 1
233 770 1
233 792 1
233 850 1
233 884 1
233 898 1
233 901 1
233 941 1
233 951 1
233 986 1
233 993 1
234 298 1
234 352 1
234 369 1
234 390 1
234 402 1
234 431 1
234 447 1
234 467 1
234 549 1
234 559 1
234 578 1
234 610 1
234 611 1
234 643 1
234 662 1
234 663 1
234 666 1
234 719 1
234 744 1
234 760 1
234 766 1
234 809 1
234 915 1
234 940 1
234 988 1
235 258 1
235 263 1
235 299 1
235 306 1
235 323 1
235 344 1
235 384 1
235 394 1
235 435 1
235 440 1
235 456 1
235 473 1
235 495 1
235 550 1
235 563 1
235 602 1
235 622 1
235 646 1
235 675 1
235 733 1
235 736 1
235 770 1
235 785 1
235 832 1
235 842 1
235 845 1
235 867 1
235 892 1
235 904 1
235 910 1
235 984 1
235 996 1
236 244 1
236 278 1
236 320 1
236 328 1
236 356 1
236 373 1
236 386 1
236 429 1
236 441 1
236 459 1
236 524 1
236 546 1
236 569 1
236 578 1
236 579 1
236 584 1
236 620 1
236 626 1
236 631 1
236 678 1
236 685 1
236 688 1
236 729 1
236 742 1
236 746 1
236 757 1
236 817 1
236 860 1
236 870 1
236 874 1
236 890 1
236 940 1
236 949 1
236 955 1
236 998 1
237 259 1
237 262 1
237 268 1
237 277 1
237 295 1
237 315 1
237 355 1
237 391 1
237 424 1
237 427 1
237 466 1
237 479 1
237 506 1
237 531 1
237 560 1
237 566 1
237 577 1
237 688 1
237 701 1
237 720 1
237 745 1
237 758 1
237 759 1
237 817 1
237 837 1
237 840 1
237 854 1
237 868 1
237 881 1
237 890 1
237 964 1
237 979 1
237 986 1
238 242 1
238 244 1
238 257 1
238 286 1
238 412 1
238 419 1
238 433 1
238 458 1
238 466 1
238 488 1
238 521 1
238 545 1
238 546 1
238 552 1
238 596 1
238 605 1
238 638 1
238 697 1
238 699 1
238 708 1
238 714 1
238 718 1
238 756 1
238 763 1
238 769 1
238 775 1
238 789 1
238 793 1
238 816 1
238 819 1
238 820 1
238 852 1
238 881 1
238 910 1
238 924 1
238 927 1
239 253 1
239 258 1
239 264 1
239 292 1
239 326 1
239 369 1
239 371 1
239 389 1
239 447 1
239 452 1
239 468 1
239 479 1
239 481 1
239 502 1
239 515 1
239 517 1
239 521 1
239 542 1
239 548 1
239 554 1
239 556 1
239 582 1
239 591 1
239 619 1
239 620 1
239 629 1
239 634 1
239 636 1
239 669 1
239 680 1
239 684 1
239 792 1
239 828 1
239 837 1
239 841 1
239 847 1
239 848 1
239 900 1
239 922 1
239 943 1
239 956 1
240 241 1
240 271 1
240 282 1
240 303 1
240 312 1
240 356 1
240 368 1
240 371 1
240 387 1
240 403 1
240 405 1
240 425 1
240 458 1
240 459 1
240 487 1
240 499 1
240 518 1
240 530 1
240 552 1
240 670 1
240 713 1
240 730 1
240 738 1
240 740 1
240 756 1
240 809 1
240 811 1
240 823 1
240 828 1
240 855 1
240 857 1
240 899 1
240 927 1
240 969 1
240 997 1
241 265 1
241 290 1
241 320 1
241 321 1
241 323 1
241 341 1
241 346 1
241 374 1
241 378 1
241 392 1
241 414 1
241 438 1
241 459 1
241 490 1
241 491 1
241 507 1
241 535 1
241 545 1
241 547 1
241 589 1
241 600 1
241 611 1
241 628 1
241 649 1
241 654 1
241 690 1
241 720 1
241 800 1
241 827 1
241 841 1
241 863 1
241 891 1
241 902 1
241 956 1
241 988 1
242 260 1
242 267 1
242 278 1
242 297 1
242 313 1
242 317 1
242 321 1
242 324 1
242 336 1
242 381 1
242 446 1
242 483 1
242 504 1
242 520 1
242 549 1
242 557 1
242 563 1
242 567 1
242 568 1
242 581 1
242 644 1
242 651 1
242 672 1
242 706 1
242 714 1
242 765 1
242 787 1
242 800 1
242 806 1
242 813 1
242 817 1
242 818 1
242 823 1
242 839 1
242 863 1
242 864 1
242 872 1
242 883 1
242 892 1
242 895 1
242 913 1
242 921 1
242 942 1
243 246 1
243 251 1
243 253 1
243 254 1
243 288 1
243 291 1
243 319 1
243 381 1
243 389 1
243 407 1
243 445 1
243 446 1
243 455 1
243 484 1
243 530 1
243 535 1
243 544 1
243 547 1
243 557 1
243 566 1
243 584 1
243 613 1
243 626 1
243 638 1
243 669 1
243 743 1
243 747 1
243 749 1
243 757 1
243 761 1
243 776 1
243 794 1
243 797 1
243 809 1
243 810 1
243 864 1
243 883 1
243 885 1
243 931 1
243 933 1
243 939 1
243 970 1
244 271 1
244 306 1
244 309 1
244 315 1
244 336 1
244 438 1
244 452 1
244 460 1
244 486 1
244 487 1
244 490 1
244 545 1
244 571 1
244 578 1
244 583 1
244 588 1
244 591 1
244 611 1
244 618 1
244 627 1
244 628 1
244 656 1
244 706 1
244 712 1
244 760 1
244 774 1
244 785 1
244 823 1
244 839 1
244 840 1
244 844 1
244 874 1
244 900 1
244 903 1
244 912 1
244 991 1
245 285 1
245 286 1
245 303 1
245 312 1
245 316 1
245 357 1
245 397 1
245 425 1
245 428 1
245 451 1
245 490 1
245 507 1
245 526 1
245 527 1
245 539 1
245 547 1
245 573 1
245 599 1
245 630 1
245 668 1
245 673 1
245 700 1
245 704 1
245 732 1
245 767 1
245 770 1
245 772 1
245 783 1
245 789 1
245 790 1
245 793 1
245 799 1
245 863 1
245 898 1
245 907 1
245 929 1
245 932 1
245 934 1
245 944 1
245 956 1
245 983 1
246 282 1
246 319 1
246 369 1
246 391 1
246 398 1
246 439 1
246 443 1
246 478 1
246 484 1
246 496 1
246 501 1
246 511 1
246 522 1
246 523 1
246 531 1
246 534 1
246 537 1
246 544 1
246 556 1
246 557 1
246 570 1
246 597 1
246 639 1
246 652 1
246 655 1
246 700 1
246 753 1
246 795 1
246 801 1
246 808 1
246 809 1
246 832 1
246 840 1
246 849 1
246 886 1
246 904 1
246 930 1
246 964 1
246 994 1
247 279 1
247 291 1
247 296 1
247 312 1
247 318 1
247 360 1
247 364 1
247 441 1
247 442 1
247 495 1
247 518 1
247 574 1
247 580 1
247 588 1
247 593 1
247 617 1
247 648 1
247 664 1
247 671 1
247 681 1
247 707 1
247 766 1
247 794 1
247 839 1
247 867 1
247 874 1
247 875 1
247 883 1
247 886 1
247 911 1
247 928 1
247 931 1
247 939 1
247 967 1
247 974 1
248 278 1
248 279 1
248 299 1
248 308 1
248 328 1
248 359 1
248 367 1
248 386 1
248 399 1
248 406 1
248 410 1
248 414 1
248 416 1
248 437 1
248 462 1
248 477 1
248 498 1
248 561 1
248 572 1
248 573 1
248 644 1
248 645 1
248 647 1
248 678 1
248 696 1
248 697 1
248 701 1
248 728 1
248 750 1
248 780 1
248 787 1
248 843 1
248 854 1
248 858 1
248 892 1
248 898 1
248 908 1
248 911 1
248 929 1
248 958 1
249 295 1
249 301 1
249 319 1
249 346 1
249 352 1
249 355 1
249 369 1
249 445 1
249 453 1
249 583 1
249 616 1
249 618 1
249 641 1
249 643 1
249 655 1
249 666 1
249 676 1
249 699 1
249 782 1
249 783 1
249 784 1
249 816 1
249 820 1
249 821 1
249 889 1
249 906 1
249 925 1
249 977 1
249 991 1
250 259 1
250 285 1
250 329 1
250 355 1
250 356 1
250 367 1
250 409 1
250 419 1
250 431 1
250 446 1
250 511 1
250 531 1
250 538 1
250 556 1
250 563 1
250 574 1
250 579 1
250 589 1
250 594 1
250 612 1
250 618 1
250 620 1
250 659 1
250 674 1
250 749 1
250 763 1
250 765 1
250 784 1
250 790 1
250 823 1
250 825 1
250 826 1
250 859 1
250 863 1
250 882 1
250 888 1
250 952 1
250 957 1
250 982 1
251 279 1
251 281 1
251 328 1
251 359 1
251 362 1
251 378 1
251 407 1
251 425 1
251 443 1
251 456 1
251 460 1
251 472 1
251 487 1
251 517 1
251 545 1
251 549 1
251 582 1
251 591 1
251 604 1
251 620 1
251 667 1
251 693 1
251 699 1
251 713 1
251 775 1
251 844 1
251 867 1
251 905 1
251 907 1
251 926 1
251 958 1
252 257 1
252 265 1
252 284 1
252 287 1
252 289 1
252 294 1
252 315 1
252 330 1
252 398 1
252 426 1
252 432 1
252 476 1
252 482 1
252 490 1
252 522 1
252 543 1
252 590 1
252 614 1
252 616 1
252 626 1
252 627 1
252 631 1
252 658 1
252 708 1
252 720 1
252 753 1
252 757 1
252 773 1
252 787 1
252 799 1
252 839 1
252 860 1
252 862 1
252 891 1
252 968 1
252 983 1
252 995 1
252 998 1
253 265 1
253 283 1
253 289 1
253 298 1
253 318 1
253 321 1
253 344 1
253 347 1
253 358 1
253 366 1
253 372 1
253 396 1
253 398 1
253 405 1
253 460 1
253 461 1
253 473 1
253 487 1
253 499 1
253 525 1
253 526 1
253 563 1
253 578 1
253 609 1
253 645 1
253 706 1
253 730 1
253 789 1
253 793 1
253 794 1
253 804 1
253 850 1
253 868 1
253 881 1
253 895 1
253 902 1
253 904 1
253 910 1
253 946 1
253 949 1
253 951 1
253 959 1
253 969 1
253 975 1
253 997 1
254 278 1
254 373 1
254 380 1
254 415 1
254 419 1
254 447 1
254 460 1
254 465 1
254 481 1
254 518 1
254 528 1
254 544 1
254 568 1
254 569 1
254 571 1
254 589 1
254 599 1
254 605 1
254 612 1
254 626 1
254 628 1
254 641 1
254 665 1
254 689 1
254 716 1
254 720 1
254 728 1
254 749 1
254 756 1
254 765 1
254 799 1
254 808 1
254 819 1
254 820 1
254 841 1
254 859 1
254 864 1
254 898 1
254 938 1
254 976 1
254 997 1
255 260 1
255 332 1
255 347 1
255 348 1
255 372 1
255 391 1
255 402 1
255 403 1
255 463 1
255 468 1
255 489 1
255 525 1
255 563 1
255 597 1
255 668 1
255 727 1
255 738 1
255 756 1
255 802 1
255 826 1
255 831 1
255 860 1
255 876 1
255 975 1
255 985 1
256 266 1
256 276 1
256 294 1
256 412 1
256 424 1
256 435 1
256 437 1
256 440 1
256 443 1
256 450 1
256 487 1
256 494 1
256 500 1
256 504 1
256 537 1
256 560 1
256 597 1
256 621 1
256 623 1
256 676 1
256 710 1
256 728 1
256 741 1
256 798 1
256 800 1
256 839 1
256 848 1
256 893 1
256 914 1
256 957 1
256 958 1
256 960 1
256 966 1
256 974 1
257 266 1
257 364 1
257 365 1
257 403 1
257 428 1
257 434 1
257 468 1
257 472 1
257 488 1
257 520 1
257 542 1
257 557 1
257 625 1
257 627 1
257 628 1
257 641 1
257 687 1
257 747 1
257 786 1
257 809 1
257 819 1
257 838 1
257 924 1
257 939 1
257 947 1
258 276 1
258 287 1
258 291 1
258 307 1
258 322 1
258 331 1
258 342 1
258 346 1
258 365 1
258 415 1
258 420 1
258 426 1
258 427 1
258 456 1
258 482 1
258 500 1
258 530 1
258 539 1
258 557 1
258 609 1
258 616 1
258 675 1
258 682 1
258 739 1
258 777 1
258 789 1
258 822 1
258 851 1
258 852 1
258 865 1
258 870 1
258 873 1
258 904 1
258 918 1
258 939 1
258 945 1
258 954 1
259 273 1
259 289 1
259 325 1
259 327 1
259 359 1
259 365 1
259 378 1
259 384 1
259 387 1
259 390 1
259 400 1
259 429 1
259 474 1
259 503 1
259 510 1
259 553 1
259 569 1
259 572 1
259 589 1
259 605 1
259 619 1
259 628 1
259 644 1
259 645 1
259 647 1
259 700 1
259 722 1
259 746 1
259 750 1
259 766 1
259 767 1
259 770 1
259 782 1
259 797 1
259 798 1
259 811 1
259 825 1
259 836 1
259 849 1
259 852 1
259 870 1
259 910 1
259 913 1
259 933 1
259 949 1
259 956 1
259 961 1
259 975 1
260 279 1
260 290 1
260 299 1
260 317 1
260 329 1
260 355 1
260 359 1
260 384 1
260 390 1
260 416 1
260 429 1
260 434 1
260 439 1
260 485 1
260 499 1
260 522 1
260 556 1
260 572 1
260 577 1
260 597 1
260 620 1
260 629 1
260 632 1
260 639 1
260 674 1
260 739 1
260 747 1
260 762 1
260 771 1
260 780 1
260 816 1
260 843 1
260 918 1
260 921 1
260 927 1
260 940 1
260 949 1
260 955 1
260 999 1
261 276 1
261 294 1
261 356 1
261 357 1
261 388 1
261 389 1
261 414 1
261 437 1
261 461 1
261 463 1
261 477 1
261 487 1
261 490 1
261 500 1
261 508 1
261 517 1
261 557 1
261 562 1
261 599 1
261 623 1
261 632 1
261 643 1
261 655 1
261 660 1
261 676 1
261 698 1
261 743 1
261 753 1
261 783 1
261 806 1
261 824 1
261 830 1
261 880 1
261 881 1
261 916 1
261 923 1
261 956 1
261 960 1
262 307 1
262 313 1
262 340 1
262 362 1
262 407 1
262 441 1
262 472 1
262 474 1
262 482 1
262 528 1
262 529 1
262 540 1
262 548 1
262 555 1
262 570 1
262 571 1
262 684 1
262 709 1
262 751 1
262 761 1
262 785 1
262 789 1
262 795 1
262 814 1
262 826 1
262 865 1
262 876 1
262 877 1
262 926 1
262 934 1
262 955 1
262 972 1
263 271 1
263 293 1
263 312 1
263 331 1
263 353 1
263 365 1
263 384 1
263 406 1
263 443 1
263 475 1
263 486 1
263 490 1
263 497 1
263 573 1
263 634 1
263 671 1
263 690 1
263 697 1
263 727 1
263 758 1
263 786 1
263 802 1
263 814 1
263 818 1
263 837 1
263 870 1
263 871 1
263 900 1
263 915 1
263 922 1
263 935 1
263 968 1
263 993 1
264 266 1
264 287 1
264 305 1
264 317 1
264 344 1
264 379 1
264 440 1
264 454 1
264 459 1
264 476 1
264 531 1
264 546 1
264 580 1
264 582 1
264 584 1
264 609 1
264 657 1
264 671 1
264 688 1
264 700 1
264 701 1
264 744 1
264 754 1
264 762 1
264 771 1
264 786 1
264 788 1
264 792 1
264 827 1
264 831 1
264 843 1
264 855 1
264 865 1
264 890 1
264 901 1
264 931 1
264 942 1
264 956 1
264 975 1
264 978 1
264 997 1
265 284 1
265 293 1
265 295 1
265 306 1
265 315 1
265 330 1
265 360 1
265 379 1
265 484 1
265 504 1
265 535 1
265 538 1
265 578 1
265 580 1
265 599 1
265 649 1
265 657 1
265 688 1
265 704 1
265 770 1
265 776 1
265 778 1
265 782 1
265 784 1
265 799 1
265 831 1
265 836 1
265 838 1
265 847 1
265 848 1
265 885 1
265 915 1
265 933 1
265 935 1
265 939 1
265 969 1
266 310 1
266 327 1
266 338 1
266 356 1
266 368 1
266 382 1
266 413 1
266 414 1
266 417 1
266 452 1
266 457 1
266 465 1
266 510 1
266 544 1
266 597 1
266 603 1
266 634 1
266 657 1
266 685 1
266 770 1
266 790 1
266 801 1
266 857 1
266 875 1
266 910 1
266 914 1
266 933 1
266 981 1
267 283 1
267 305 1
267 312 1
267 316 1
267 341 1
267 344 1
267 347 1
267 376 1
267 383 1
267 417 1
267 439 1
267 454 1
267 456 1
267 460 1
267 461 1
267 466 1
267 494 1
267 497 1
267 503 1
267 530 1
267 534 1
267 586 1
267 652 1
267 657 1
267 659 1
267 667 1
267 692 1
267 695 1
267 701 1
267 740 1
267 750 1
267 751 1
267 765 1
267 791 1
267 814 1
267 817 1
267 820 1
267 860 1
267 865 1
267 868 1
267 878 1
267 880 1
267 883 1
267 914 1
267 937 1
267 938 1
267 963 1
268 278 1
268 312 1
268 329 1
268 348 1
268 365 1
268 393 1
268 408 1
268 424 1
268 430 1
268 443 1
268 487 1
268 499 1
268 506 1
268 572 1
268 587 1
268 599 1
268 603 1
268 605 1
268 617 1
268 620 1
268 637 1
268 647 1
268 686 1
268 702 1
268 704 1
268 721 1
268 752 1
268 775 1
268 815 1
268 816 1
268 877 1
268 906 1
268 917 1
268 929 1
268 945 1
268 963 1
269 274 1
269 283 1
269 290 1
269 322 1
269 335 1
269 378 1
269 393 1
269 402 1
269 432 1
269 448 1
269 449 1
269 465 1
269 515 1
269 547 1
269 658 1
269 660 1
269 682 1
269 704 1
269 755 1
269 787 1
269 796 1
269 829 1
269 830 1
269 851 1
269 871 1
269 897 1
269 990 1
270 273 1
270 285 1
270 298 1
270 309 1
270 317 1
270 318 1
270 335 1
270 339 1
270 383 1
270 402 1
270 416 1
270 418 1
270 420 1
270 425 1
270 454 1
270 460 1
270 477 1
270 480 1
270 484 1
270 488 1
270 501 1
270 541 1
270 597 1
270 606 1
270 651 1
270 664 1
270 666 1
270 673 1
270 676 1
270 771 1
270 815 1
270 932 1
270 935 1
270 973 1
270 976 1
270 979 1
271 305 1
271 354 1
271 378 1
271 385 1
271 444 1
271 455 1
271 464 1
271 512 1
271 550 1
271 552 1
271 555 1
271 569 1
271 570 1
271 625 1
271 629 1
271 642 1
271 673 1
271 675 1
271 690 1
271 695 1
271 700 1
271 727 1
271 748 1
271 753 1
271 858 1
271 896 1
271 900 1
271 923 1
271 945 1
271 971 1
271 993 1
272 276 1
272 303 1
272 332 1
272 357 1
272 366 1
272 374 1
272 378 1
272 402 1
272 404 1
272 430 1
272 462 1
272 482 1
272 513 1
272 593 1
272 602 1
272 605 1
272 608 1
272 623 1
272 645 1
272 688 1
272 691 1
272 761 1
272 803 1
272 839 1
272 844 1
272 849 1
272 918 1
272 928 1
272 938 1
272 941 1
272 944 1
272 989 1
273 275 1
273 291 1
273 296 1
273 301 1
273 302 1
273 324 1
273 325 1
273 326 1
273 354 1
273 368 1
273 504 1
273 509 1
273 584 1
273 619 1
273 627 1
273 632 1
273 640 1
273 652 1
273 659 1
273 670 1
273 677 1
273 687 1
273 710 1
273 714 1
273 750 1
273 758 1
273 765 1
273 770 1
273 771 1
273 821 1
273 822 1
273 829 1
273 873 1
273 936 1
273 943 1
273 975 1
273 981 1
274 286 1
274 350 1
274 398 1
274 411 1
274 441 1
274 444 1
274 448 1
274 461 1
274 514 1
274 517 1
274 557 1
274 625 1
274 664 1
274 674 1
274 693 1
274 723 1
274 740 1
274 750 1
274 751 1
274 753 1
274 759 1
274 770 1
274 795 1
274 813 1
274 819 1
274 824 1
274 828 1
274 836 1
274 858 1
274 862 1
274 864 1
274 882 1
274 926 1
275 288 1
275 306 1
275 310 1
275 311 1
275 345 1
275 348 1
275 473 1
275 474 1
275 483 1
275 493 1
275 508 1
275 522 1
275 541 1
275 546 1
275 606 1
275 610 1
275 628 1
275 673 1
275 686 1
275 690 1
275 704 1
275 723 1
275 746 1
275 751 1
275 758 1
275 765 1
275 772 1
275 794 1
275 799 1
275 845 1
275 863 1
275 866 1
275 884 1
275 894 1
275 910 1
275 920 1
275 941 1
275 983 1
275 989 1
276 313 1
276 332 1
276 349 1
276 371 1
276 399 1
276 431 1
276 470 1
276 479 1
276 483 1
276 511 1
276 514 1
276 527 1
276 533 1
276 535 1
276 550 1
276 572 1
276 590 1
276 597 1
276 608 1
276 685 1
276 696 1
276 760 1
276 780 1
276 790 1
276 806 1
276 812 1
276 822 1
276 827 1
276 831 1
276 832 1
276 933 1
276 956 1
276 962 1
277 284 1
277 298 1
277 301 1
277 306 1
277 319 1
277 363 1
277 390 1
277 399 1
277 445 1
277 474 1
277 519 1
277 556 1
277 585 1
277 589 1
277 601 1
277 605 1
277 607 1
277 609 1
277 616 1
277 685 1
277 695 1
277 696 1
277 743 1
277 760 1
277 769 1
277 776 1
277 790 1
277 806 1
277 859 1
277 875 1
277 913 1
277 918 1
277 922 1
277 950 1
277 970 1
277 980 1
278 287 1
278 304 1
278 309 1
278 313 1
278 323 1
278 329 1
278 378 1
278 419 1
278 420 1
278 428 1
278 489 1
278 493 1
278 506 1
278 517 1
278 548 1
278 563 1
278 564 1
278 577 1
278 581 1
278 654 1
278 676 1
278 700 1
278 703 1
278 719 1
278 720 1
278 741 1
278 750 1
278 756 1
278 771 1
278 794 1
278 821 1
278 849 1
278 876 1
278 891 1
278 893 1
278 906 1
278 912 1
278 943 1
278 988 1
279 293 1
279 315 1
279 318 1
279 338 1
279 373 1
279 381 1
279 396 1
279 437 1
279 494 1
279 513 1
279 614 1
279 651 1
279 688 1
279 694 1
279 732 1
279 735 1
279 736 1
279 756 1
279 785 1
279 813 1
279 825 1
279 848 1
279 874 1
279 886 1
279 888 1
279 911 1
279 945 1
279 963 1
279 966 1
279 994 1
280 355 1
280 366 1
280 378 1
280 403 1
280 408 1
280 418 1
280 461 1
280 472 1
280 483 1
280 488 1
280 494 1
280 503 1
280 510 1
280 525 1
280 526 1
280 574 1
280 581 1
280 614 1
280 662 1
280 677 1
280 686 1
280 726 1
280 765 1
280 768 1
280 780 1
280 791 1
280 792 1
280 806 1
280 808 1
280 852 1
280 874 1
280 876 1
280 915 1
280 916 1
280 942 1
280 963 1
280 984 1
280 998 1
280 1000 1
281 301 1
281 356 1
281 372 1
281 373 1
281 402 1
281 412 1
281 416 1
281 451 1
281 475 1
281 499 1
281 527 1
281 562 1
281 563 1
281 564 1
281 569 1
281 575 1
281 598 1
281 673 1
281 705 1
281 709 1
281 744 1
281 756 1
281 763 1
281 768 1
281 780 1
281 786 1
281 789 1
281 795 1
281 800 1
281 804 1
281 810 1
281 832 1
281 871 1
281 936 1
281 945 1
281 970 1
281 984 1
282 303 1
282 312 1
282 328 1
282 352 1
282 381 1
282 385 1
282 412 1
282 421 1
282 430 1
282 480 1
282 485 1
282 592 1
282 621 1
282 622 1
282 665 1
282 674 1
282 695 1
282 709 1
282 736 1
282 751 1
282 763 1
282 766 1
282 791 1
282 825 1
282 835 1
282 876 1
282 892 1
282 912 1
282 921 1
282 935 1
282 982 1
282 997 1
283 290 1
283 303 1
283 357 1
283 359 1
283 378 1
283 387 1
283 462 1
283 496 1
283 510 1
283 533 1
283 546 1
283 567 1
283 569 1
283 610 1
283 617 1
283 641 1
283 653 1
283 659 1
283 672 1
283 688 1
283 750 1
283 754 1
283 763 1
283 773 1
283 774 1
283 800 1
283 846 1
283 940 1
283 950 1
283 988 1
283 990 1
284 301 1
284 331 1
284 393 1
284 402 1
284 406 1
284 425 1
284 445 1
284 466 1
284 471 1
284 485 1
284 486 1
284 493 1
284 520 1
284 536 1
284 557 1
284 567 1
284 577 1
284 598 1
284 604 1
284 635 1
284 641 1
284 655 1
284 670 1
284 734 1
284 789 1
284 812 1
284 885 1
284 887 1
284 890 1
284 895 1
284 933 1
284 943 1
284 959 1
284 969 1
285 299 1
285 313 1
285 324 1
285 339 1
285 342 1
285 352 1
285 365 1
285 374 1
285 377 1
285 383 1
285 388 1
285 396 1
285 416 1
285 438 1
285 447 1
285 466 1
285 501 1
285 509 1
285 524 1
285 549 1
285 560 1
285 564 1
285 615 1
285 622 1
285 628 1
285 629 1
285 651 1
285 712 1
285 718 1
285 727 1
285 789 1
285 793 1
285 803 1
285 805 1
285 828 1
285 874 1
285 879 1
285 911 1
285 924 1
285 945 1
285 963 1
285 975 1
285 1000 1
286 288 1
286 290 1
286 305 1
286 315 1
286 329 1
286 345 1
286 353 1
286 385 1
286 403 1
286 414 1
286 490 1
286 504 1
286 543 1
286 547 1
286 551 1
286 554 1
286 568 1
286 615 1
286 635 1
286 637 1
286 644 1
286 660 1
286 680 1
286 683 1
286 721 1
286 756 1
286 792 1
286 799 1
286 833 1
286 836 1
286 905 1
286 944 1
286 985 1
287 289 1
287 313 1
287 322 1
287 333 1
287 346 1
287 350 1
287 363 1
287 370 1
287 376 1
287 412 1
287 414 1
287 424 1
287 448 1
287 455 1
287 472 1
287 493 1
287 510 1
287 518 1
287 519 1
287 523 1
287 527 1
287 534 1
287 572 1
287 579 1
287 619 1
287 629 1
287 633 1
287 636 1
287 642 1
287 671 1
287 673 1
287 679 1
287 689 1
287 707 1
287 711 1
287 716 1
287 727 1
287 738 1
287 763 1
287 806 1
287 833 1
287 835 1
287 850 1
287 859 1
287 881 1
287 896 1
287 899 1
287 940 1
287 994 1
288 326 1
288 336 1
288 350 1
288 359 1
288 361 1
288 377 1
288 397 1
288 467 1
288 498 1
288 505 1
288 519 1
288 529 1
288 564 1
288 566 1
288 590 1
288 629 1
288 635 1
288 637 1
288 646 1
288 665 1
288 666 1
288 668 1
288 682 1
288 707 1
288 730 1
288 736 1
288 737 1
288 753 1
288 770 1
288 774 1
288 777 1
288 783 1
288 803 1
288 828 1
288 830 1
288 886 1
288 893 1
288 906 1
288 916 1
288 918 1
288 922 1
288 940 1
288 942 1
288 950 1
288 977 1
289 348 1
289 388 1
289 394 1
289 435 1
289 494 1
289 506 1
289 538 1
289 562 1
289 572 1
289 573 1
289 576 1
289 591 1
289 654 1
289 677 1
289 694 1
289 699 1
289 761 1
289 773 1
289 813 1
289 814 1
289 826 1
289 838 1
289 867 1
289 875 1
289 883 1
289 905 1
289 933 1
290 341 1
290 380 1
290 411 1
290 413 1
290 422 1
290 424 1
290 425 1
290 460 1
290 503 1
290 531 1
290 560 1
290 564 1
290 566 1
290 567 1
290 625 1
290 630 1
290 638 1
290 700 1
290 729 1
290 742 1
290 745 1
290 758 1
290 762 1
290 772 1
290 799 1
290 831 1
290 842 1
290 852 1
290 867 1
290 884 1
290 927 1
290 938 1
290 950 1
290 965 1
290 967 1
290 973 1
290 988 1
290 991 1
291 306 1
291 333 1
291 354 1
291 415 1
291 429 1
291 446 1
291 484 1
291 490 1
291 536 1
291 564 1
291 568 1
291 574 1
291 605 1
291 653 1
291 656 1
291 693 1
291 722 1
291 723 1
291 728 1
291 744 1
291 789 1
291 791 1
291 796 1
291 804 1
291 827 1
291 830 1
291 837 1
291 888 1
291 941 1
291 962 1
292 300 1
292 345 1
292 414 1
292 447 1
292 520 1
292 525 1
292 592 1
292 619 1
292 657 1
292 658 1
292 675 1
292 700 1
292 762 1
292 804 1
292 852 1
292 897 1
292 941 1
292 950 1
292 973 1
292 986 1
293 326 1
293 336 1
293 340 1
293 347 1
293 353 1
293 354 1
293 400 1
293 401 1
293 440 1
293 445 1
293 461 1
293 474 1
293 489 1
293 521 1
293 547 1
293 553 1
293 561 1
293 578 1
293 589 1
293 631 1
293 709 1
293 745 1
293 799 1
293 804 1
293 824 1
293 867 1
293 879 1
293 910 1
293 945 1
293 977 1
293 998 1
294 320 1
294 327 1
294 331 1
294 336 1
294 340 1
294 344 1
294 349 1
294 357 1
294 361 1
294 393 1
294 410 1
294 461 1
294 472 1
294 482 1
294 498 1
294 502 1
294 506 1
294 513 1
294 545 1
294 550 1
294 557 1
294 571 1
294 578 1
294 591 1
294 691 1
294 709 1
294 755 1
294 777 1
294 796 1
294 802 1
294 850 1
294 866 1
294 878 1
294 902 1
294 927 1
294 937 1
294 945 1
294 952 1
294 955 1
294 961 1
294 990 1
294 992 1
294 996 1
294 998 1
295 310 1
295 314 1
295 328 1
295 374 1
295 383 1
295 396 1
295 443 1
295 451 1
295 472 1
295 474 1
295 491 1
295 496 1
295 497 1
295 502 1
295 511 1
295 546 1
295 602 1
295 625 1
295 632 1
295 647 1
295 658 1
295 688 1
295 690 1
295 693 1
295 698 1
295 724 1
295 732 1
295 754 1
295 761 1
295 766 1
295 774 1
295 814 1
295 820 1
295 825 1
295 830 1
295 837 1
295 850 1
295 903 1
295 914 1
295 927 1
295 963 1
295 966 1
295 981 1
296 318 1
296 327 1
296 329 1
296 352 1
296 391 1
296 438 1
296 484 1
296 510 1
296 552 1
296 571 1
296 583 1
296 587 1
296 588 1
296 597 1
296 599 1
296 620 1
296 665 1
296 672 1
296 694 1
296 706 1
296 711 1
296 810 1
296 817 1
296 818 1
296 828 1
296 849 1
296 900 1
296 906 1
296 919 1
296 938 1
296 965 1
296 966 1
296 971 1
296 980 1
296 984 1
296 989 1
296 992 1
297 298 1
297 309 1
297 320 1
297 321 1
297 345 1
297 346 1
297 359 1
297 368 1
297 379 1
297 389 1
297 394 1
297 431 1
297 432 1
297 449 1
297 459 1
297 472 1
297 474 1
297 480 1
297 510 1
297 514 1
297 531 1
297 534 1
297 575 1
297 580 1
297 609 1
297 619 1
297 630 1
297 644 1
297 707 1
297 761 1
297 765 1
297 782 1
297 787 1
297 795 1
297 827 1
297 828 1
297 837 1
297 850 1
297 853 1
297 861 1
297 864 1
297 897 1
297 927 1
297 957 1
297 970 1
297 972 1
298 302 1
298 311 1
298 331 1
298 352 1
298 360 1
298 385 1
298 389 1
298 403 1
298 447 1
298 456 1
298 477 1
298 481 1
298 486 1
298 498 1
298 510 1
298 516 1
298 521 1
298 558 1
298 566 1
298 570 1
298 614 1
298 616 1
298 620 1
298 670 1
298 673 1
298 704 1
298 739 1
298 746 1
298 752 1
298 794 1
298 836 1
298 837 1
298 867 1
298 886 1
298 891 1
298 894 1
298 968 1
298 994 1
299 349 1
299 372 1
299 398 1
299 424 1
299 436 1
299 443 1
299 473 1
299 482 1
299 483 1
299 489 1
299 505 1
299 537 1
299 546 1
299 564 1
299 577 1
299 632 1
299 660 1
299 667 1
299 694 1
299 700 1
299 758 1
299 767 1
299 775 1
299 782 1
299 797 1
299 805 1
299 813 1
299 825 1
299 827 1
299 830 1
299 837 1
299 840 1
299 899 1
299 961 1
299 970 1
300 309 1
300 331 1
300 347 1
300 362 1
300 368 1
300 393 1
300 406 1
300 430 1
300 459 1
300 462 1
300 500 1
300 507 1
300 521 1
300 555 1
300 557 1
300 565 1
300 636 1
300 638 1
300 640 1
300 641 1
300 715 1
300 746 1
300 756 1
300 758 1
300 759 1
300 778 1
300 804 1
300 809 1
300 813 1
300 828 1
300 829 1
300 876 1
300 881 1
300 896 1
300 904 1
300 915 1
300 962 1
301 331 1
301 391 1
301 414 1
301 435 1
301 461 1
301 469 1
301 472 1
301 475 1
301 482 1
301 510 1
301 545 1
301 550 1
301 630 1
301 633 1
301 641 1
301 707 1
301 776 1
301 788 1
301 804 1
301 837 1
301 843 1
301 885 1
301 894 1
301 902 1
301 924 1
301 927 1
301 938 1
301 971 1
302 312 1
302 314 1
302 338 1
302 369 1
302 405 1
302 409 1
302 415 1
302 419 1
302 428 1
302 431 1
302 450 1
302 461 1
302 467 1
302 485 1
302 495 1
302 516 1
302 517 1
302 553 1
302 589 1
302 624 1
302 628 1
302 629 1
302 694 1
302 717 1
302 765 1
302 824 1
302 845 1
302 928 1
302 969 1
302 989 1
302 995 1
302 999 1
303 305 1
303 358 1
303 362 1
303 388 1
303 414 1
303 416 1
303 428 1
303 469 1
303 482 1
303 505 1
303 546 1
303 555 1
303 564 1
303 600 1
303 615 1
303 651 1
303 669 1
303 759 1
303 769 1
303 771 1
303 788 1
303 791 1
303 796 1
303 841 1
303 857 1
303 877 1
303 906 1
303 914 1
303 920 1
303 926 1
303 928 1
303 967 1
303 990 1
303 992 1
304 322 1
304 414 1
304 426 1
304 432 1
304 433 1
304 435 1
304 463 1
304 470 1
304 476 1
304 512 1
304 519 1
304 540 1
304 552 1
304 604 1
304 610 1
304 651 1
304 677 1
304 748 1
304 784 1
304 821 1
304 839 1
304 843 1
304 865 1
304 902 1
304 913 1
304 919 1
304 938 1
304 977 1
304 991 1
305 373 1
305 374 1
305 379 1
305 414 1
305 415 1
305 423 1
305 442 1
305 497 1
305 514 1
305 527 1
305 570 1
305 579 1
305 609 1
305 613 1
305 631 1
305 641 1
305 643 1
305 651 1
305 655 1
305 658 1
305 661 1
305 663 1
305 672 1
305 680 1
305 686 1
305 750 1
305 758 1
305 796 1
305 817 1
305 820 1
305 852 1
305 882 1
305 896 1
305 933 1
305 975 1
305 999 1
306 309 1
306 322 1
306 333 1
306 378 1
306 383 1
306 421 1
306 445 1
306 460 1
306 482 1
306 485 1
306 504 1
306 522 1
306 541 1
306 597 1
306 635 1
306 638 1
306 664 1
306 670 1
306 673 1
306 688 1
306 720 1
306 734 1
306 767 1
306 775 1
306 788 1
306 793 1
306 798 1
306 810 1
306 821 1
306 850 1
306 857 1
306 902 1
306 909 1
306 980 1
307 321 1
307 425 1
307 473 1
307 481 1
307 487 1
307 560 1
307 576 1
307 585 1
307 603 1
307 607 1
307 617 1
307 622 1
307 644 1
307 653 1
307 665 1
307 667 1
307 719 1
307 736 1
307 738 1
307 792 1
307 882 1
307 885 1
307 902 1
307 914 1
307 918 1
307 930 1
307 943 1
307 948 1
307 968 1
307 980 1
307 983 1
308 322 1
308 350 1
308 355 1
308 356 1
308 359 1
308 372 1
308 399 1
308 414 1
308 466 1
308 500 1
308 508 1
308 556 1
308 571 1
308 572 1
308 593 1
308 660 1
308 666 1
308 707 1
308 708 1
308 746 1
308 757 1
308 760 1
308 819 1
308 821 1
308 835 1
308 836 1
308 846 1
308 861 1
308 875 1
308 882 1
308 885 1
308 895 1
308 897 1
308 929 1
308 942 1
308 962 1
308 974 1
309 344 1
309 356 1
309 368 1
309 390 1
309 394 1
309 396 1
309 399 1
309 412 1
309 435 1
309 474 1
309 505 1
309 527 1
309 552 1
309 604 1
309 609 1
309 614 1
309 618 1
309 619 1
309 645 1
309 647 1
309 669 1
309 687 1
309 692 1
309 696 1
309 730 1
309 734 1
309 738 1
309 766 1
309 862 1
309 864 1
309 882 1
309 894 1
309 895 1
309 896 1
309 899 1
309 909 1
309 948 1
309 972 1
309 982 1
310 313 1
310 337 1
310 347 1
310 363 1
310 407 1
310 434 1
310 449 1
310 453 1
310 460 1
310 485 1
310 526 1
310 550 1
310 562 1
310 570 1
310 577 1
310 580 1
310 587 1
310 659 1
310 670 1
310 686 1
310 706 1
310 747 1
310 754 1
310 772 1
310 776 1
310 811 1
310 823 1
310 842 1
310 855 1
310 865 1
310 886 1
310 919 1
310 947 1
310 961 1
310 979 1
311 365 1
311 387 1
311 405 1
311 446 1
311 471 1
311 472 1
311 547 1
311 583 1
311 593 1
311 598 1
311 643 1
311 666 1
311 674 1
311 678 1
311 680 1
311 724 1
311 730 1
311 795 1
311 808 1
311 823 1
311 832 1
311 848 1
311 861 1
311 904 1
311 907 1
311 917 1
311 929 1
311 931 1
311 952 1
311 956 1
311 968 1
311 979 1
312 316 1
312 335 1
312 358 1
312 387 1
312 434 1
312 436 1
312 442 1
312 471 1
312 574 1
312 596 1
312 602 1
312 625 1
312 637 1
312 640 1
312 673 1
312 681 1
312 692 1
312 721 1
312 761 1
312 764 1
312 795 1
312 816 1
312 868 1
312 930 1
312 959 1
312 984 1
312 985 1
312 1000 1
313 322 1
313 340 1
313 353 1
313 354 1
313 382 1
313 395 1
313 400 1
313 415 1
313 421 1
313 446 1
313 471 1
313 493 1
313 550 1
313 565 1
313 635 1
313 647 1
313 665 1
313 680 1
313 769 1
313 775 1
313 794 1
313 842 1
313 843 1
313 877 1
313 905 1
313 911 1
313 917 1
313 965 1
313 990 1
314 325 1
314 329 1
314 335 1
314 341 1
314 351 1
314 353 1
314 372 1
314 374 1
314 377 1
314 387 1
314 411 1
314 420 1
314 458 1
314 510 1
314 511 1
314 515 1
314 568 1
314 569 1
314 580 1
314 596 1
314 617 1
314 618 1
314 646 1
314 665 1
314 685 1
314 699 1
314 736 1
314 768 1
314 769 1
314 778 1
314 792 1
314 805 1
314 810 1
314 822 1
314 837 1
314 844 1
314 863 1
314 872 1
314 902 1
314 918 1
314 950 1
314 956 1
314 962 1
314 997 1
315 342 1
315 375 1
315 400 1
315 458 1
315 460 1
315 464 1
315 487 1
315 537 1
315 545 1
315 573 1
315 612 1
315 615 1
315 623 1
315 641 1
315 648 1
315 653 1
315 662 1
315 685 1
315 724 1
315 728 1
315 758 1
315 775 1
315 780 1
315 861 1
315 864 1
315 875 1
315 882 1
315 902 1
315 908 1
315 923 1
315 930 1
315 954 1
315 973 1
315 984 1
315 996 1
315 998 1
316 428 1
316 451 1
316 457 1
316 458 1
316 484 1
316 489 1
316 506 1
316 536 1
316 559 1
316 565 1
316 571 1
316 574 1
316 578 1
316 581 1
316 584 1
316 607 1
316 613 1
316 623 1
316 644 1
316 660 1
316 661 1
316 665 1
316 689 1
316 753 1
316 756 1
316 776 1
316 795 1
316 811 1
316 866 1
316 869 1
316 870 1
316 873 1
316 886 1
316 907 1
316 934 1
316 968 1
316 973 1
316 986 1
316 997 1
317 319 1
317 327 1
317 355 1
317 368 1
317 376 1
317 394 1
317 403 1
317 408 1
317 409 1
317 435 1
317 444 1
317 445 1
317 449 1
317 469 1
317 477 1
317 482 1
317 502 1
317 512 1
317 539 1
317 540 1
317 551 1
317 560 1
317 565 1
317 575 1
317 581 1
317 586 1
317 609 1
317 628 1
317 638 1
317 652 1
317 694 1
317 705 1
317 715 1
317 726 1
317 738 1
317 741 1
317 773 1
317 806 1
317 833 1
317 863 1
317 865 1
317 870 1
317 877 1
317 892 1
317 920 1
317 921 1
317 984 1
318 325 1
318 326 1
318 336 1
318 346 1
318 348 1
318 362 1
318 366 1
318 411 1
318 420 1
318 422 1
318 424 1
318 457 1
318 467 1
318 471 1
318 577 1
318 585 1
318 605 1
318 610 1
318 626 1
318 651 1
318 662 1
318 666 1
318 687 1
318 705 1
318 756 1
318 782 1
318 807 1
318 833 1
318 860 1
318 912 1
318 927 1
318 934 1
318 992 1
318 998 1
319 354 1
319 355 1
319 386 1
319 460 1
319 467 1
319 474 1
319 524 1
319 554 1
319 557 1
319 586 1
319 603 1
319 636 1
319 682 1
319 696 1
319 725 1
319 728 1
319 764 1
319 818 1
319 850 1
319 868 1
319 893 1
319 898 1
319 912 1
319 923 1
319 934 1
319 948 1
319 951 1
319 959 1
319 960 1
320 353 1
320 376 1
320 383 1
320 384 1
320 386 1
320 400 1
320 423 1
320 430 1
320 440 1
320 452 1
320 476 1
320 480 1
320 538 1
320 549 1
320 554 1
320 577 1
320 590 1
320 593 1
320 615 1
320 626 1
320 663 1
320 665 1
320 684 1
320 691 1
320 704 1
320 751 1
320 783 1
320 831 1
320 839 1
320 853 1
320 926 1
320 955 1
320 980 1
320 992 1
320 995 1
320 997 1
321 356 1
321 360 1
321 362 1
321 386 1
321 395 1
321 424 1
321 429 1
321 454 1
321 465 1
321 476 1
321 493 1
321 510 1
321 541 1
321 550 1
321 555 1
321 581 1
321 661 1
321 685 1
321 707 1
321 724 1
321 729 1
321 757 1
321 775 1
321 785 1
321 797 1
321 829 1
321 836 1
321 875 1
321 876 1
321 895 1
321 905 1
321 954 1
321 969 1
321 970 1
321 999 1
322 344 1
322 352 1
322 364 1
322 373 1
322 393 1
322 434 1
322 438 1
322 474 1
322 475 1
322 481 1
322 499 1
322 547 1
322 561 1
322 573 1
322 575 1
322 609 1
322 610 1
322 623 1
322 632 1
322 644 1
322 667 1
322 687 1
322 713 1
322 737 1
322 764 1
322 814 1
322 815 1
322 821 1
322 836 1
322 858 1
322 860 1
322 887 1
322 889 1
322 897 1
322 936 1
322 938 1
322 953 1
322 962 1
322 995 1
322 997 1
323 324 1
323 354 1
323 362 1
323 374 1
323 408 1
323 445 1
323 483 1
323 505 1
323 546 1
323 547 1
323 616 1
323 618 1
323 620 1
323 630 1
323 649 1
323 657 1
323 664 1
323 676 1
323 722 1
323 805 1
323 817 1
323 828 1
323 833 1
323 837 1
323 850 1
323 858 1
323 887 1
323 898 1
323 901 1
323 965 1
323 980 1
323 982 1
324 335 1
324 361 1
324 371 1
324 372 1
324 396 1
324 403 1
324 419 1
324 425 1
324 457 1
324 465 1
324 483 1
324 487 1
324 515 1
324 527 1
324 541 1
324 548 1
324 556 1
324 591 1
324 643 1
324 714 1
324 729 1
324 738 1
324 743 1
324 791 1
324 797 1
324 834 1
324 845 1
324 865 1
324 868 1
324 878 1
324 892 1
324 923 1
324 935 1
324 947 1
324 973 1
324 974 1
324 992 1
325 329 1
325 349 1
325 350 1
325 368 1
325 398 1
325 413 1
325 415 1
325 435 1
325 486 1
325 490 1
325 492 1
325 518 1
325 553 1
325 558 1
325 607 1
325 630 1
325 635 1
325 646 1
325 652 1
325 671 1
325 694 1
325 695 1
325 706 1
325 735 1
325 751 1
325 770 1
325 787 1
325 788 1
325 818 1
325 827 1
325 855 1
325 895 1
325 961 1
325 977 1
325 980 1
326 337 1
326 338 1
326 353 1
326 364 1
326 368 1
326 394 1
326 415 1
326 504 1
326 542 1
326 556 1
326 565 1
326 594 1
326 634 1
326 658 1
326 674 1
326 680 1
326 697 1
326 701 1
326 713 1
326 753 1
326 777 1
326 824 1
326 848 1
326 851 1
326 866 1
326 875 1
326 895 1
326 900 1
326 905 1
326 909 1
326 924 1
326 955 1
326 987 1
326 1000 1
327 351 1
327 374 1
327 400 1
327 425 1
327 434 1
327 445 1
327 447 1
327 495 1
327 501 1
327 504 1
327 525 1
327 540 1
327 551 1
327 569 1
327 574 1
327 596 1
327 611 1
327 642 1
327 658 1
327 682 1
327 692 1
327 702 1
327 705 1
327 733 1
327 807 1
327 837 1
327 846 1
327 852 1
327 874 1
327 875 1
327 913 1
327 924 1
327 935 1
327 943 1
327 958 1
327 961 1
327 992 1
328 348 1
328 369 1
328 374 1
328 403 1
328 469 1
328 478 1
328 487 1
328 561 1
328 577 1
328 580 1
328 614 1
328 629 1
328 638 1
328 682 1
328 691 1
328 693 1
328 723 1
328 772 1
328 793 1
328 811 1
328 827 1
328 844 1
328 860 1
328 938 1
328 954 1
328 959 1
328 966 1
329 342 1
329 346 1
329 359 1
329 378 1
329 389 1
329 395 1
329 418 1
329 443 1
329 472 1
329 519 1
329 525 1
329 527 1
329 534 1
329 557 1
329 592 1
329 601 1
329 605 1
329 624 1
329 632 1
329 656 1
329 675 1
329 683 1
329 709 1
329 727 1
329 738 1
329 744 1
329 755 1
329 803 1
329 807 1
329 836 1
329 838 1
329 854 1
329 865 1
329 868 1
329 901 1
329 926 1
329 972 1
329 976 1
330 334 1
330 342 1
330 358 1
330 384 1
330 388 1
330 407 1
330 443 1
330 469 1
330 483 1
330 517 1
330 540 1
330 547 1
330 550 1
330 554 1
330 576 1
330 616 1
330 618 1
330 633 1
330 638 1
330 641 1
330 650 1
330 654 1
330 656 1
330 659 1
330 664 1
330 665 1
330 694 1
330 699 1
330 747 1
330 791 1
330 821 1
330 831 1
330 856 1
330 884 1
330 910 1
330 966 1
330 969 1
330 991 1
330 997 1
331 343 1
331 370 1
331 395 1
331 398 1
331 405 1
331 418 1
331 437 1
331 451 1
331 456 1
331 480 1
331 515 1
331 520 1
331 523 1
331 548 1
331 551 1
331 558 1
331 582 1
331 590 1
331 611 1
331 645 1
331 652 1
331 655 1
331 661 1
331 664 1
331 667 1
331 685 1
331 712 1
331 731 1
331 743 1
331 779 1
331 812 1
331 819 1
331 842 1
331 858 1
331 861 1
331 879 1
331 881 1
331 886 1
331 910 1
331 950 1
331 967 1
331 976 1
332 352 1
332 374 1
332 401 1
332 461 1
332 509 1
332 541 1
332 551 1
332 585 1
332 601 1
332 664 1
332 679 1
332 733 1
332 751 1
332 767 1
332 785 1
332 799 1
332 814 1
332 829 1
332 830 1
332 856 1
332 859 1
332 888 1
332 891 1
332 927 1
332 961 1
332 972 1
332 989 1
333 350 1
333 352 1
333 354 1
333 369 1
333 389 1
333 406 1
333 436 1
333 446 1
333 461 1
333 465 1
333 508 1
333 526 1
333 549 1
333 568 1
333 569 1
333 571 1
333 575 1
333 576 1
333 623 1
333 629 1
333 645 1
333 648 1
333 732 1
333 733 1
333 762 1
333 786 1
333 803 1
333 816 1
333 846 1
333 856 1
333 861 1
333 871 1
333 879 1
333 940 1
333 946 1
333 957 1
333 978 1
334 386 1
334 387 1
334 428 1
334 436 1
334 482 1
334 490 1
334 515 1
334 543 1
334 558 1
334 565 1
334 568 1
334 572 1
334 612 1
334 638 1
334 746 1
334 754 1
334 760 1
334 766 1
334 792 1
334 820 1
334 827 1
334 846 1
334 858 1
334 886 1
334 887 1
334 902 1
334 907 1
334 936 1
334 944 1
334 945 1
334 953 1
334 976 1
334 979 1
334 980 1
334 992 1
334 996 1
335 343 1
335 369 1
335 372 1
335 399 1
335 400 1
335 419 1
335 430 1
335 470 1
335 474 1
335 477 1
335 483 1
335 487 1
335 542 1
335 546 1
335 562 1
335 638 1
335 674 1
335 677 1
335 693 1
335 699 1
335 741 1
335 831 1
335 840 1
335 861 1
335 898 1
335 952 1
335 966 1
336 341 1
336 349 1
336 352 1
336 385 1
336 387 1
336 395 1
336 400 1
336 438 1
336 473 1
336 490 1
336 507 1
336 521 1
336 541 1
336 564 1
336 573 1
336 582 1
336 583 1
336 606 1
336 663 1
336 667 1
336 673 1
336 683 1
336 725 1
336 738 1
336 749 1
336 765 1
336 790 1
336 804 1
336 839 1
336 862 1
336 869 1
336 888 1
336 894 1
336 905 1
336 909 1
336 948 1
336 949 1
336 997 1
337 348 1
337 352 1
337 374 1
337 393 1
337 394 1
337 403 1
337 409 1
337 417 1
337 524 1
337 561 1
337 566 1
337 587 1
337 595 1
337 596 1
337 604 1
337 623 1
337 640 1
337 703 1
337 758 1
337 773 1
337 808 1
337 829 1
337 861 1
337 935 1
337 951 1
337 970 1
338 345 1
338 375 1
338 378 1
338 401 1
338 407 1
338 410 1
338 427 1
338 463 1
338 485 1
338 543 1
338 544 1
338 565 1
338 587 1
338 638 1
338 640 1
338 647 1
338 650 1
338 669 1
338 681 1
338 687 1
338 691 1
338 697 1
338 714 1
338 744 1
338 756 1
338 764 1
338 773 1
338 782 1
338 796 1
338 830 1
338 836 1
338 863 1
338 874 1
338 880 1
338 892 1
338 897 1
338 926 1
338 934 1
338 972 1
338 981 1
338 997 1
339 349 1
339 375 1
339 391 1
339 447 1
339 467 1
339 495 1
339 498 1
339 519 1
339 520 1
339 587 1
339 594 1
339 622 1
339 627 1
339 631 1
339 657 1
339 658 1
339 683 1
339 684 1
339 693 1
339 741 1
339 744 1
339 760 1
339 764 1
339 782 1
339 795 1
339 812 1
339 817 1
339 834 1
339 905 1
339 906 1
339 913 1
339 973 1
340 347 1
340 348 1
340 355 1
340 364 1
340 369 1
340 418 1
340 433 1
340 435 1
340 439 1
340 441 1
340 451 1
340 453 1
340 457 1
340 478 1
340 488 1
340 497 1
340 517 1
340 529 1
340 560 1
340 600 1
340 638 1
340 650 1
340 661 1
340 665 1
340 672 1
340 697 1
340 718 1
340 736 1
340 754 1
340 778 1
340 814 1
340 880 1
340 895 1
340 918 1
340 936 1
340 966 1
340 975 1
340 978 1
340 982 1
340 994 1
340 1000 1
341 352 1
341 358 1
341 376 1
341 429 1
341 438 1
341 442 1
341 453 1
341 475 1
341 521 1
341 563 1
341 582 1
341 606 1
341 675 1
341 678 1
341 715 1
341 740 1
341 743 1
341 757 1
341 789 1
341 794 1
341 870 1
341 899 1
341 912 1
341 921 1
341 952 1
341 961 1
342 389 1
342 426 1
342 441 1
342 448 1
342 502 1
342 521 1
342 562 1
342 579 1
342 584 1
342 595 1
342 619 1
342 675 1
342 691 1
342 787 1
342 793 1
342 958 1
342 976 1
342 990 1
342 999 1
343 361 1
343 395 1
343 396 1
343 397 1
343 399 1
343 411 1
343 424 1
343 439 1
343 582 1
343 593 1
343 616 1
343 624 1
343 652 1
343 692 1
343 719 1
343 754 1
343 783 1
343 788 1
343 806 1
343 883 1
343 895 1
343 898 1
343 932 1
343 940 1
343 942 1
344 345 1
344 350 1
344 372 1
344 373 1
344 437 1
344 446 1
344 465 1
344 516 1
344 539 1
344 548 1
344 558 1
344 590 1
344 605 1
344 606 1
344 613 1
344 616 1
344 623 1
344 635 1
344 659 1
344 758 1
344 767 1
344 781 1
344 785 1
344 803 1
344 821 1
344 835 1
344 858 1
344 867 1
344 889 1
344 894 1
344 911 1
344 912 1
344 935 1
344 938 1
344 956 1
344 968 1
344 987 1
345 350 1
345 363 1
345 377 1
345 395 1
345 413 1
345 457 1
345 501 1
345 505 1
345 515 1
345 550 1
345 555 1
345 572 1
345 578 1
345 611 1
345 619 1
345 689 1
345 718 1
345 736 1
345 778 1
345 781 1
345 814 1
345 816 1
345 827 1
345 832 1
345 881 1
345 901 1
345 917 1
345 980 1
345 983 1
345 994 1
346 349 1
346 355 1
346 365 1
346 370 1
346 383 1
346 415 1
346 430 1
346 445 1
346 456 1
346 467 1
346 492 1
346 558 1
346 569 1
346 582 1
346 614 1
346 619 1
346 750 1
346 754 1
346 755 1
346 759 1
346 779 1
346 870 1
346 898 1
346 911 1
346 925 1
346 945 1
347 358 1
347 362 1
347 405 1
347 430 1
347 455 1
347 456 1
347 467 1
347 469 1
347 472 1
347 477 1
347 478 1
347 479 1
347 491 1
347 494 1
347 504 1
347 514 1
347 525 1
347 553 1
347 554 1
347 604 1
347 644 1
347 650 1
347 676 1
347 681 1
347 719 1
347 730 1
347 735 1
347 754 1
347 786 1
347 791 1
347 826 1
347 843 1
347 878 1
347 911 1
347 937 1
347 938 1
347 971 1
347 981 1
347 982 1
347 986 1
347 995 1
348 355 1
348 357 1
348 420 1
348 483 1
348 489 1
348 569 1
348 581 1
348 623 1
348 628 1
348 631 1
348 686 1
348 698 1
348 727 1
348 729 1
348 763 1
348 777 1
348 788 1
348 814 1
348 831 1
348 843 1
348 888 1
348 917 1
348 927 1
348 947 1
348 966 1
348 972 1
349 370 1
349 408 1
349 432 1
349 462 1
349 529 1
349 562 1
349 569 1
349 584 1
349 585 1
349 610 1
349 612 1
349 613 1
349 626 1
349 636 1
349 643 1
349 672 1
349 749 1
349 774 1
349 788 1
349 798 1
349 805 1
349 906 1
349 919 1
349 933 1
349 935 1
349 980 1
349 992 1
350 353 1
350 396 1
350 402 1
350 410 1
350 414 1
350 441 1
350 478 1
350 482 1
350 497 1
350 517 1
350 533 1
350 555 1
350 567 1
350 585 1
350 596 1
350 600 1
350 707 1
350 711 1
350 738 1
350 740 1
350 750 1
350 765 1
350 775 1
350 778 1
350 790 1
350 895 1
350 907 1
350 917 1
350 933 1
350 950 1
350 954 1
350 960 1
350 977 1
351 396 1
351 448 1
351 449 1
351 468 1
351 484 1
351 496 1
351 523 1
351 529 1
351 539 1
351 546 1
351 560 1
351 566 1
351 590 1
351 609 1
351 623 1
351 638 1
351 645 1
351 675 1
351 679 1
351 739 1
351 750 1
351 764 1
351 824 1
351 846 1
351 848 1
351 854 1
351 866 1
351 887 1
351 889 1
351 906 1
351 908 1
351 911 1
351 940 1
351 951 1
351 960 1
351 970 1
351 994 1
352 357 1
352 400 1
352 422 1
352 451 1
352 478 1
352 514 1
352 552 1
352 602 1
352 612 1
352 617 1
352 679 1
352 737 1
352 744 1
352 764 1
352 767 1
352 780 1
352 800 1
352 810 1
352 811 1
352 818 1
352 839 1
352 841 1
352 846 1
352 854 1
352 862 1
352 870 1
352 874 1
352 895 1
352 941 1
352 943 1
352 945 1
352 966 1
352 977 1
352 999 1
353 368 1
353 380 1
353 408 1
353 409 1
353 430 1
353 434 1
353 438 1
353 467 1
353 491 1
353 540 1
353 542 1
353 545 1
353 547 1
353 572 1
353 574 1
353 623 1
353 631 1
353 637 1
353 639 1
353 682 1
353 714 1
353 737 1
353 766 1
353 796 1
353 812 1
353 831 1
353 839 1
353 846 1
353 948 1
353 951 1
353 952 1
353 954 1
353 992 1
353 996 1
354 355 1
354 373 1
354 417 1
354 421 1
354 433 1
354 454 1
354 461 1
354 472 1
354 473 1
354 502 1
354 569 1
354 596 1
354 645 1
354 662 1
354 669 1
354 690 1
354 696 1
354 700 1
354 711 1
354 744 1
354 748 1
354 761 1
354 772 1
354 776 1
354 784 1
354 809 1
354 822 1
354 824 1
354 826 1
354 841 1
354 850 1
354 890 1
354 914 1
354 916 1
354 917 1
354 926 1
354 959 1
354 979 1
354 983 1
354 996 1
355 370 1
355 372 1
355 385 1
355 390 1
355 392 1
355 397 1
355 404 1
355 413 1
355 451 1
355 463 1
355 466 1
355 469 1
355 474 1
355 543 1
355 570 1
355 572 1
355 580 1
355 615 1
355 625 1
355 628 1
355 659 1
355 669 1
355 682 1
355 717 1
355 768 1
355 783 1
355 810 1
355 819 1
355 825 1
355 858 1
355 885 1
355 893 1
355 899 1
355 965 1
356 368 1
356 369 1
356 380 1
356 398 1
356 425 1
356 466 1
356 468 1
356 471 1
356 473 1
356 490 1
356 500 1
356 564 1
356 585 1
356 593 1
356 605 1
356 612 1
356 616 1
356 625 1
356 628 1
356 666 1
356 667 1
356 668 1
356 693 1
356 724 1
356 736 1
356 754 1
356 792 1
356 811 1
356 814 1
356 829 1
356 842 1
356 883 1
356 904 1
356 982 1
357 409 1
357 422 1
357 443 1
357 447 1
357 465 1
357 496 1
357 538 1
357 560 1
357 601 1
357 673 1
357 680 1
357 697 1
357 717 1
357 733 1
357 749 1
357 766 1
357 795 1
357 856 1
357 869 1
357 870 1
357 887 1
357 924 1
357 933 1
357 937 1
357 968 1
357 976 1
357 982 1
357 988 1
358 393 1
358 398 1
358 410 1
358 430 1
358 463 1
358 473 1
358 493 1
358 519 1
358 556 1
358 586 1
358 609 1
358 634 1
358 658 1
358 688 1
358 699 1
358 709 1
358 718 1
358 724 1
358 735 1
358 755 1
358 762 1
358 765 1
358 786 1
358 787 1
358 796 1
358 830 1
358 851 1
358 863 1
358 865 1
358 887 1
358 894 1
358 896 1
358 906 1
358 922 1
358 927 1
358 982 1
359 371 1
359 392 1
359 408 1
359 423 1
359 460 1
359 463 1
359 480 1
359 488 1
359 505 1
359 511 1
359 513 1
359 523 1
359 539 1
359 543 1
359 564 1
359 574 1
359 584 1
359 619 1
359 662 1
359 667 1
359 672 1
359 690 1
359 695 1
359 710 1
359 735 1
359 740 1
359 771 1
359 826 1
359 860 1
359 869 1
359 889 1
359 948 1
360 367 1
360 379 1
360 384 1
360 392 1
360 404 1
360 414 1
360 442 1
360 456 1
360 470 1
360 492 1
360 507 1
360 508 1
360 532 1
360 566 1
360 575 1
360 576 1
360 586 1
360 631 1
360 637 1
360 661 1
360 666 1
360 693 1
360 757 1
360 760 1
360 770 1
360 775 1
360 781 1
360 848 1
360 850 1
360 855 1
360 867 1
360 916 1
360 944 1
360 946 1
360 951 1
360 955 1
360 970 1
360 986 1
361 400 1
361 428 1
361 464 1
361 473 1
361 480 1
361 501 1
361 513 1
361 540 1
361 551 1
361 576 1
361 604 1
361 638 1
361 648 1
361 661 1
361 664 1
361 736 1
361 742 1
361 771 1
361 798 1
361 847 1
361 849 1
361 860 1
361 890 1
361 893 1
361 902 1
361 929 1
361 936 1
361 961 1
361 975 1
361 980 1
362 389 1
362 412 1
362 434 1
362 481 1
362 492 1
362 494 1
362 510 1
362 516 1
362 563 1
362 573 1
362 606 1
362 614 1
362 624 1
362 641 1
362 649 1
362 764 1
362 783 1
362 791 1
362 802 1
362 807 1
362 823 1
362 826 1
362 832 1
362 876 1
362 882 1
362 884 1
362 954 1
362 990 1
363 365 1
363 383 1
363 424 1
363 429 1
363 443 1
363 451 1
363 467 1
363 478 1
363 488 1
363 497 1
363 537 1
363 554 1
363 566 1
363 578 1
363 606 1
363 640 1
363 671 1
363 673 1
363 692 1
363 696 1
363 704 1
363 774 1
363 806 1
363 818 1
363 829 1
363 837 1
363 848 1
363 856 1
363 898 1
363 917 1
363 933 1
363 946 1
363 949 1
363 955 1
363 986 1
364 369 1
364 377 1
364 472 1
364 523 1
364 527 1
364 545 1
364 557 1
364 594 1
364 634 1
364 651 1
364 661 1
364 665 1
364 693 1
364 697 1
364 702 1
364 711 1
364 731 1
364 734 1
364 838 1
364 888 1
364 921 1
364 959 1
364 972 1
365 384 1
365 416 1
365 455 1
365 460 1
365 466 1
365 476 1
365 509 1
365 527 1
365 542 1
365 589 1
365 637 1
365 674 1
365 686 1
365 690 1
365 701 1
365 714 1
365 715 1
365 734 1
365 752 1
365 767 1
365 772 1
365 787 1
365 791 1
365 795 1
365 796 1
365 799 1
365 817 1
365 854 1
365 856 1
365 880 1
365 902 1
365 912 1
365 926 1
365 928 1
365 953 1
365 976 1
365 979 1
366 392 1
366 396 1
366 408 1
366 415 1
366 429 1
366 446 1
366 453 1
366 559 1
366 599 1
366 623 1
366 645 1
366 663 1
366 679 1
366 682 1
366 689 1
366 697 1
366 719 1
366 802 1
366 857 1
366 886 1
366 911 1
366 926 1
366 951 1
367 389 1
367 403 1
367 429 1
367 432 1
367 457 1
367 460 1
367 476 1
367 519 1
367 534 1
367 541 1
367 543 1
367 562 1
367 589 1
367 599 1
367 639 1
367 668 1
367 672 1
367 673 1
367 692 1
367 752 1
367 795 1
367 832 1
367 838 1
367 900 1
367 936 1
367 938 1
367 951 1
367 974 1
367 980 1
367 981 1
367 994 1
368 386 1
368 401 1
368 403 1
368 405 1
368 428 1
368 444 1
368 453 1
368 456 1
368 471 1
368 503 1
368 547 1
368 562 1
368 599 1
368 659 1
368 691 1
368 744 1
368 807 1
368 859 1
368 979 1
369 396 1
369 448 1
369 461 1
369 482 1
369 521 1
369 545 1
369 547 1
369 556 1
369 577 1
369 722 1
369 735 1
369 757 1
369 809 1
369 839 1
369 870 1
369 903 1
369 904 1
369 911 1
369 921 1
369 945 1
369 956 1
369 999 1
370 371 1
370 406 1
370 416 1
370 421 1
370 423 1
370 431 1
370 451 1
370 485 1
370 487 1
370 496 1
370 499 1
370 502 1
370 517 1
370 566 1
370 635 1
370 644 1
370 653 1
370 672 1
370 703 1
370 731 1
370 740 1
370 742 1
370 761 1
370 789 1
370 792 1
370 820 1
370 848 1
370 858 1
370 911 1
370 934 1
370 941 1
370 956 1
370 991 1
371 400 1
371 418 1
371 422 1
371 427 1
371 469 1
371 494 1
371 518 1
371 544 1
371 573 1
371 659 1
371 666 1
371 668 1
371 698 1
371 702 1
371 714 1
371 801 1
371 813 1
371 830 1
371 842 1
371 847 1
371 854 1
371 857 1
371 868 1
371 874 1
371 885 1
371 892 1
371 895 1
371 952 1
371 964 1
371 979 1
371 986 1
371 995 1
371 999 1
372 394 1
372 408 1
372 410 1
372 421 1
372 453 1
372 464 1
372 469 1
372 478 1
372 479 1
372 590 1
372 599 1
372 615 1
372 617 1
372 632 1
372 642 1
372 679 1
372 700 1
372 735 1
372 743 1
372 762 1
372 765 1
372 769 1
372 810 1
372 815 1
372 852 1
372 867 1
372 872 1
372 884 1
372 900 1
372 922 1
372 942 1
372 982 1
372 983 1
372 988 1
373 398 1
373 401 1
373 408 1
373 417 1
373 474 1
373 481 1
373 483 1
373 526 1
373 538 1
373 558 1
373 578 1
373 579 1
373 624 1
373 642 1
373 652 1
373 696 1
373 715 1
373 730 1
373 771 1
373 782 1
373 796 1
373 806 1
373 807 1
373 809 1
373 845 1
373 894 1
373 924 1
373 938 1
373 964 1
374 388 1
374 424 1
374 453 1
374 462 1
374 470 1
374 512 1
374 514 1
374 520 1
374 524 1
374 549 1
374 565 1
374 588 1
374 637 1
374 639 1
374 648 1
374 649 1
374 661 1
374 668 1
374 673 1
374 681 1
374 694 1
374 707 1
374 742 1
374 750 1
374 802 1
374 817 1
374 868 1
374 870 1
374 873 1
374 884 1
374 887 1
374 905 1
374 922 1
374 948 1
374 950 1
374 970 1
375 376 1
375 402 1
375 406 1
375 438 1
375 463 1
375 474 1
375 480 1
375 483 1
375 486 1
375 487 1
375 507 1
375 517 1
375 529 1
375 545 1
375 579 1
375 583 1
375 622 1
375 630 1
375 647 1
375 651 1
375 654 1
375 686 1
375 699 1
375 700 1
375 709 1
375 743 1
375 803 1
375 808 1
375 817 1
375 819 1
375 848 1
375 866 1
375 896 1
375 910 1
375 951 1
375 955 1
375 967 1
375 980 1
375 997 1
376 386 1
376 425 1
376 430 1
376 448 1
376 474 1
376 485 1
376 504 1
376 512 1
376 574 1
376 580 1
376 581 1
376 592 1
376 593 1
376 603 1
376 625 1
376 643 1
376 672 1
376 699 1
376 706 1
376 721 1
376 726 1
376 755 1
376 758 1
376 772 1
376 831 1
376 845 1
376 901 1
376 920 1
376 944 1
376 966 1
377 387 1
377 419 1
377 443 1
377 461 1
377 498 1
377 508 1
377 545 1
377 548 1
377 554 1
377 591 1
377 614 1
377 637 1
377 655 1
377 673 1
377 678 1
377 686 1
377 700 1
377 730 1
377 748 1
377 772 1
377 791 1
377 796 1
377 808 1
377 814 1
377 818 1
377 823 1
377 876 1
377 883 1
377 886 1
377 888 1
377 906 1
377 910 1
377 914 1
377 928 1
377 933 1
377 934 1
377 938 1
377 939 1
377 958 1
377 967 1
377 968 1
378 398 1
378 469 1
378 511 1
378 525 1
378 526 1
378 529 1
378 535 1
378 541 1
378 562 1
378 570 1
378 578 1
378 591 1
378 607 1
378 630 1
378 658 1
378 685 1
378 728 1
378 760 1
378 812 1
378 815 1
378 834 1
378 841 1
378 864 1
378 875 1
378 877 1
378 889 1
378 890 1
378 929 1
378 931 1
378 935 1
378 979 1
379 389 1
379 396 1
379 402 1
379 417 1
379 442 1
379 460 1
379 471 1
379 495 1
379 515 1
379 577 1
379 610 1
379 627 1
379 642 1
379 676 1
379 691 1
379 707 1
379 714 1
379 722 1
379 725 1
379 739 1
379 781 1
379 811 1
379 896 1
379 899 1
379 951 1
379 954 1
379 957 1
379 978 1
380 469 1
380 508 1
380 519 1
380 527 1
380 540 1
380 543 1
380 575 1
380 610 1
380 648 1
380 664 1
380 677 1
380 680 1
380 684 1
380 754 1
380 776 1
380 784 1
380 843 1
380 889 1
380 897 1
380 898 1
380 920 1
381 407 1
381 417 1
381 425 1
381 446 1
381 472 1
381 479 1
381 511 1
381 566 1
381 599 1
381 639 1
381 652 1
381 677 1
381 774 1
381 815 1
381 841 1
381 847 1
381 851 1
381 876 1
381 882 1
381 909 1
381 924 1
381 934 1
381 976 1
381 998 1
382 389 1
382 411 1
382 479 1
382 488 1
382 494 1
382 520 1
382 546 1
382 550 1
382 567 1
382 681 1
382 717 1
382 718 1
382 791 1
382 828 1
382 856 1
382 905 1
382 906 1
382 909 1
382 917 1
382 919 1
382 953 1
382 954 1
382 968 1
383 402 1
383 417 1
383 421 1
383 441 1
383 454 1
383 533 1
383 563 1
383 576 1
383 590 1
383 600 1
383 667 1
383 687 1
383 694 1
383 698 1
383 714 1
383 727 1
383 741 1
383 760 1
383 823 1
383 859 1
383 863 1
383 893 1
383 897 1
383 906 1
383 907 1
383 923 1
383 953 1
383 977 1
383 986 1
383 991 1
384 389 1
384 391 1
384 425 1
384 431 1
384 432 1
384 439 1
384 454 1
384 459 1
384 466 1
384 470 1
384 475 1
384 491 1
384 495 1
384 514 1
384 521 1
384 528 1
384 570 1
384 579 1
384 588 1
384 595 1
384 608 1
384 629 1
384 643 1
384 651 1
384 684 1
384 708 1
384 716 1
384 727 1
384 795 1
384 828 1
384 831 1
384 838 1
384 872 1
384 881 1
384 904 1
384 909 1
384 918 1
384 919 1
384 973 1
385 386 1
385 416 1
385 455 1
385 456 1
385 462 1
385 467 1
385 500 1
385 528 1
385 538 1
385 567 1
385 617 1
385 619 1
385 620 1
385 644 1
385 655 1
385 856 1
385 890 1
385 894 1
385 928 1
385 939 1
385 943 1
385 949 1
386 387 1
386 392 1
386 419 1
386 427 1
386 431 1
386 448 1
386 527 1
386 533 1
386 560 1
386 579 1
386 588 1
386 589 1
386 594 1
386 607 1
386 722 1
386 727 1
386 731 1
386 733 1
386 755 1
386 778 1
386 781 1
386 811 1
386 873 1
386 929 1
386 970 1
386 986 1
386 989 1
387 408 1
387 438 1
387 486 1
387 493 1
387 504 1
387 509 1
387 551 1
387 553 1
387 571 1
387 585 1
387 608 1
387 614 1
387 615 1
387 672 1
387 679 1
387 682 1
387 687 1
387 742 1
387 749 1
387 756 1
387 798 1
387 811 1
387 875 1
387 927 1
387 934 1
387 944 1
387 976 1
387 977 1
387 987 1
387 992 1
388 399 1
388 447 1
388 528 1
388 533 1
388 538 1
388 544 1
388 572 1
388 574 1
388 592 1
388 596 1
388 644 1
388 661 1
388 678 1
388 694 1
388 712 1
388 725 1
388 792 1
388 842 1
388 845 1
388 924 1
388 933 1
388 943 1
388 944 1
388 956 1
389 401 1
389 404 1
389 410 1
389 466 1
389 467 1
389 479 1
389 509 1
389 543 1
389 560 1
389 565 1
389 573 1
389 579 1
389 613 1
389 642 1
389 673 1
389 675 1
389 688 1
389 693 1
389 703 1
389 757 1
389 769 1
389 785 1
389 795 1
389 804 1
389 859 1
389 861 1
389 877 1
389 900 1
389 911 1
389 930 1
389 943 1
389 965 1
389 985 1
389 988 1
390 454 1
390 458 1
390 530 1
390 535 1
390 612 1
390 626 1
390 629 1
390 652 1
390 660 1
390 712 1
390 713 1
390 767 1
390 777 1
390 784 1
390 839 1
390 851 1
390 874 1
390 875 1
390 883 1
390 885 1
390 905 1
390 984 1
391 409 1
391 418 1
391 421 1
391 434 1
391 446 1
391 447 1
391 502 1
391 503 1
391 521 1
391 529 1
391 538 1
391 571 1
391 575 1
391 589 1
391 600 1
391 629 1
391 656 1
391 693 1
391 727 1
391 734 1
391 862 1
391 870 1
391 874 1
391 898 1
391 930 1
391 939 1
391 949 1
391 988 1
391 991 1
391 994 1
391 998 1
392 395 1
392 397 1
392 451 1
392 478 1
392 503 1
392 526 1
392 527 1
392 547 1
392 629 1
392 662 1
392 669 1
392 670 1
392 679 1
392 688 1
392 714 1
392 726 1
392 729 1
392 753 1
392 756 1
392 768 1
392 832 1
392 842 1
392 884 1
392 910 1
392 917 1
392 927 1
392 940 1
392 955 1
392 963 1
392 980 1
392 991 1
392 995 1
393 418 1
393 421 1
393 427 1
393 431 1
393 435 1
393 447 1
393 456 1
393 463 1
393 466 1
393 498 1
393 521 1
393 548 1
393 580 1
393 588 1
393 622 1
393 676 1
393 679 1
393 705 1
393 713 1
393 721 1
393 727 1
393 743 1
393 762 1
393 812 1
393 905 1
393 907 1
393 918 1
393 941 1
394 417 1
394 428 1
394 443 1
394 476 1
394 480 1
394 513 1
394 516 1
394 533 1
394 554 1
394 568 1
394 716 1
394 782 1
394 837 1
394 860 1
394 898 1
394 914 1
394 923 1
394 966 1
395 430 1
395 444 1
395 450 1
395 490 1
395 522 1
395 533 1
395 575 1
395 577 1
395 580 1
395 604 1
395 609 1
395 622 1
395 633 1
395 663 1
395 673 1
395 677 1
395 724 1
395 756 1
395 777 1
395 778 1
395 820 1
395 838 1
395 872 1
395 934 1
395 963 1
395 980 1
396 408 1
396 414 1
396 423 1
396 427 1
396 433 1
396 465 1
396 466 1
396 475 1
396 507 1
396 509 1
396 519 1
396 558 1
396 600 1
396 602 1
396 672 1
396 710 1
396 730 1
396 749 1
396 771 1
396 801 1
396 818 1
396 839 1
396 840 1
396 854 1
396 857 1
396 865 1
396 878 1
396 901 1
396 919 1
396 940 1
396 943 1
396 948 1
396 966 1
396 998 1
396 999 1
397 415 1
397 455 1
397 457 1
397 484 1
397 485 1
397 487 1
397 495 1
397 507 1
397 525 1
397 553 1
397 581 1
397 598 1
397 604 1
397 650 1
397 656 1
397 670 1
397 678 1
397 691 1
397 727 1
397 810 1
397 815 1
397 824 1
397 832 1
397 844 1
397 847 1
397 884 1
397 885 1
397 907 1
397 934 1
397 937 1
397 960 1
397 990 1
398 419 1
398 425 1
398 445 1
398 450 1
398 457 1
398 488 1
398 520 1
398 532 1
398 550 1
398 594 1
398 602 1
398 607 1
398 626 1
398 650 1
398 655 1
398 681 1
398 754 1
398 755 1
398 757 1
398 783 1
398 795 1
398 810 1
398 828 1
398 834 1
398 860 1
398 877 1
398 898 1
398 900 1
398 906 1
398 910 1
398 916 1
398 926 1
399 417 1
399 419 1
399 434 1
399 481 1
399 482 1
399 483 1
399 490 1
399 513 1
399 521 1
399 543 1
399 558 1
399 571 1
399 584 1
399 608 1
399 609 1
399 641 1
399 652 1
399 685 1
399 710 1
399 747 1
399 769 1
399 779 1
399 816 1
399 825 1
399 852 1
399 865 1
399 882 1
399 945 1
399 954 1
399 955 1
399 957 1
399 981 1
399 992 1
400 401 1
400 414 1
400 431 1
400 432 1
400 459 1
400 460 1
400 464 1
400 514 1
400 528 1
400 553 1
400 561 1
400 575 1
400 587 1
400 591 1
400 594 1
400 617 1
400 653 1
400 666 1
400 696 1
400 697 1
400 707 1
400 712 1
400 743 1
400 748 1
400 766 1
400 789 1
400 798 1
400 826 1
400 839 1
400 866 1
400 873 1
400 876 1
400 883 1
400 932 1
400 938 1
400 963 1
400 964 1
400 986 1
401 412 1
401 416 1
401 418 1
401 420 1
401 421 1
401 440 1
401 468 1
401 494 1
401 533 1
401 560 1
401 621 1
401 624 1
401 641 1
401 651 1
401 663 1
401 669 1
401 697 1
401 702 1
401 705 1
401 722 1
401 733 1
401 734 1
401 779 1
401 783 1
401 794 1
401 796 1
401 810 1
401 814 1
401 818 1
401 840 1
401 863 1
401 886 1
401 944 1
401 952 1
401 959 1
401 966 1
401 968 1
401 978 1
401 981 1
401 988 1
401 999 1
402 423 1
402 430 1
402 449 1
402 462 1
402 464 1
402 468 1
402 471 1
402 480 1
402 518 1
402 525 1
402 531 1
402 537 1
402 561 1
402 577 1
402 589 1
402 598 1
402 645 1
402 711 1
402 713 1
402 737 1
402 745 1
402 750 1
402 755 1
402 777 1
402 779 1
402 824 1
402 854 1
402 873 1
402 876 1
402 931 1
402 956 1
402 985 1
403 440 1
403 453 1
403 467 1
403 512 1
403 516 1
403 525 1
403 563 1
403 574 1
403 687 1
403 694 1
403 739 1
403 740 1
403 752 1
403 767 1
403 786 1
403 791 1
403 801 1
403 811 1
403 906 1
403 932 1
403 1000 1
404 406 1
404 407 1
404 410 1
404 436 1
404 462 1
404 466 1
404 480 1
404 491 1
404 504 1
404 511 1
404 553 1
404 574 1
404 581 1
404 620 1
404 623 1
404 651 1
404 653 1
404 666 1
404 725 1
404 731 1
404 753 1
404 763 1
404 771 1
404 815 1
404 832 1
404 859 1
404 875 1
404 879 1
404 898 1
404 913 1
404 914 1
404 967 1
404 976 1
405 414 1
405 435 1
405 467 1
405 471 1
405 490 1
405 509 1
405 528 1
405 533 1
405 537 1
405 557 1
405 590 1
405 637 1
405 680 1
405 684 1
405 692 1
405 732 1
405 738 1
405 755 1
405 762 1
405 799 1
405 803 1
405 806 1
405 810 1
405 834 1
405 880 1
405 912 1
405 941 1
405 996 1
406 443 1
406 447 1
406 454 1
406 482 1
406 567 1
406 581 1
406 589 1
406 605 1
406 609 1
406 636 1
406 645 1
406 647 1
406 654 1
406 675 1
406 678 1
406 707 1
406 712 1
406 764 1
406 767 1
406 876 1
406 919 1
406 940 1
406 961 1
407 409 1
407 411 1
407 420 1
407 467 1
407 484 1
407 537 1
407 562 1
407 579 1
407 600 1
407 615 1
407 617 1
407 645 1
407 656 1
407 688 1
407 723 1
407 739 1
407 785 1
407 788 1
407 791 1
407 815 1
407 829 1
407 853 1
407 894 1
407 899 1
407 914 1
407 933 1
407 939 1
407 961 1
407 999 1
407 1000 1
408 420 1
408 431 1
408 436 1
408 451 1
408 503 1
408 508 1
408 541 1
408 548 1
408 549 1
408 566 1
408 593 1
408 600 1
408 624 1
408 638 1
408 643 1
408 682 1
408 713 1
408 763 1
408 766 1
408 800 1
408 801 1
408 804 1
408 835 1
408 867 1
408 895 1
408 904 1
408 937 1
408 943 1
408 950 1
408 960 1
408 963 1
408 973 1
408 997 1
409 428 1
409 438 1
409 475 1
409 528 1
409 565 1
409 587 1
409 591 1
409 612 1
409 660 1
409 667 1
409 689 1
409 695 1
409 706 1
409 711 1
409 727 1
409 731 1
409 735 1
409 775 1
409 776 1
409 824 1
409 838 1
409 843 1
409 858 1
409 876 1
409 877 1
409 903 1
409 909 1
409 924 1
409 933 1
409 944 1
409 992 1
410 496 1
410 527 1
410 534 1
410 542 1
410 545 1
410 548 1
410 556 1
410 586 1
410 602 1
410 619 1
410 670 1
410 701 1
410 733 1
410 796 1
410 806 1
410 827 1
410 830 1
410 868 1
410 875 1
410 908 1
410 959 1
411 412 1
411 414 1
411 432 1
411 438 1
411 443 1
411 461 1
411 469 1
411 475 1
411 480 1
411 487 1
411 500 1
411 546 1
411 613 1
411 617 1
411 635 1
411 638 1
411 709 1
411 718 1
411 728 1
411 735 1
411 749 1
411 777 1
411 817 1
411 837 1
411 845 1
411 850 1
411 851 1
411 855 1
411 862 1
411 877 1
411 880 1
411 892 1
411 909 1
411 927 1
411 932 1
411 938 1
411 953 1
411 958 1
411 963 1
411 975 1
411 994 1
412 429 1
412 445 1
412 454 1
412 473 1
412 474 1
412 486 1
412 499 1
412 522 1
412 528 1
412 563 1
412 569 1
412 582 1
412 591 1
412 595 1
412 610 1
412 616 1
412 703 1
412 726 1
412 727 1
412 746 1
412 788 1
412 795 1
412 844 1
412 847 1
412 888 1
412 938 1
412 943 1
412 965 1
412 970 1
413 464 1
413 476 1
413 483 1
413 484 1
413 498 1
413 520 1
413 523 1
413 544 1
413 545 1
413 583 1
413 587 1
413 617 1
413 629 1
413 636 1
413 660 1
413 669 1
413 674 1
413 676 1
413 749 1
413 762 1
413 770 1
413 800 1
413 822 1
413 826 1
413 908 1
413 943 1
413 950 1
413 965 1
414 425 1
414 436 1
414 452 1
414 482 1
414 484 1
414 493 1
414 497 1
414 501 1
414 502 1
414 507 1
414 521 1
414 528 1
414 531 1
414 544 1
414 564 1
414 576 1
414 603 1
414 636 1
414 646 1
414 656 1
414 659 1
414 673 1
414 674 1
414 737 1
414 750 1
414 759 1
414 767 1
414 800 1
414 811 1
414 866 1
414 893 1
414 897 1
414 904 1
414 912 1
414 918 1
414 929 1
414 931 1
414 938 1
414 976 1
414 993 1
415 450 1
415 462 1
415 472 1
415 483 1
415 504 1
415 544 1
415 554 1
415 618 1
415 624 1
415 630 1
415 631 1
415 644 1
415 645 1
415 650 1
415 682 1
415 683 1
415 691 1
415 700 1
415 746 1
415 769 1
415 799 1
415 807 1
415 822 1
415 825 1
415 829 1
415 840 1
415 845 1
415 861 1
415 871 1
415 902 1
415 908 1
415 925 1
415 934 1
415 936 1
415 972 1
416 426 1
416 429 1
416 443 1
416 481 1
416 500 1
416 501 1
416 502 1
416 525 1
416 575 1
416 600 1
416 626 1
416 634 1
416 640 1
416 649 1
416 679 1
416 688 1
416 713 1
416 716 1
416 724 1
416 727 1
416 729 1
416 750 1
416 754 1
416 768 1
416 770 1
416 787 1
416 801 1
416 862 1
416 889 1
416 899 1
416 900 1
416 945 1
416 946 1
416 954 1
416 956 1
416 981 1
416 999 1
417 424 1
417 439 1
417 440 1
417 449 1
417 474 1
417 488 1
417 491 1
417 506 1
417 511 1
417 570 1
417 582 1
417 590 1
417 597 1
417 610 1
417 612 1
417 617 1
417 632 1
417 662 1
417 694 1
417 701 1
417 708 1
417 739 1
417 745 1
417 753 1
417 755 1
417 765 1
417 819 1
417 829 1
417 868 1
417 882 1
417 883 1
417 910 1
417 916 1
417 929 1
417 934 1
417 940 1
417 941 1
417 943 1
417 946 1
417 966 1
417 967 1
417 971 1
417 978 1
417 979 1
417 990 1
417 993 1
418 462 1
418 490 1
418 516 1
418 594 1
418 630 1
418 632 1
418 639 1
418 691 1
418 722 1
418 808 1
418 825 1
418 862 1
418 876 1
418 893 1
418 915 1
418 926 1
418 937 1
418 978 1
418 983 1
418 986 1
419 421 1
419 460 1
419 469 1
419 502 1
419 560 1
419 609 1
419 621 1
419 623 1
419 646 1
419 697 1
419 731 1
419 757 1
419 788 1
419 789 1
419 804 1
419 818 1
419 833 1
419 834 1
419 853 1
419 858 1
419 897 1
419 903 1
419 938 1
419 944 1
419 966 1
419 968 1
419 999 1
420 440 1
420 456 1
420 505 1
420 514 1
420 552 1
420 559 1
420 569 1
420 600 1
420 639 1
420 643 1
420 646 1
420 662 1
420 751 1
420 802 1
420 812 1
420 818 1
420 872 1
420 899 1
420 910 1
420 913 1
420 941 1
420 947 1
420 958 1
420 965 1
421 433 1
421 447 1
421 492 1
421 534 1
421 544 1
421 551 1
421 558 1
421 564 1
421 569 1
421 609 1
421 611 1
421 657 1
421 658 1
421 685 1
421 734 1
421 757 1
421 775 1
421 785 1
421 788 1
421 807 1
421 832 1
421 838 1
421 842 1
421 886 1
421 890 1
421 909 1
421 911 1
421 934 1
421 941 1
421 954 1
421 963 1
421 973 1
421 977 1
421 986 1
421 993 1
422 446 1
422 448 1
422 449 1
422 457 1
422 481 1
422 482 1
422 490 1
422 509 1
422 527 1
422 581 1
422 594 1
422 603 1
422 610 1
422 677 1
422 682 1
422 689 1
422 695 1
422 730 1
422 737 1
422 791 1
422 799 1
422 837 1
422 848 1
422 877 1
422 923 1
422 965 1
422 970 1
422 975 1
423 445 1
423 449 1
423 462 1
423 480 1
423 491 1
423 509 1
423 524 1
423 565 1
423 572 1
423 580 1
423 672 1
423 683 1
423 686 1
423 687 1
423 724 1
423 740 1
423 784 1
423 804 1
423 867 1
423 891 1
423 900 1
423 905 1
423 947 1
423 950 1
423 954 1
424 481 1
424 548 1
424 562 1
424 563 1
424 611 1
424 623 1
424 638 1
424 640 1
424 656 1
424 665 1
424 666 1
424 681 1
424 686 1
424 702 1
424 707 1
424 726 1
424 730 1
424 734 1
424 805 1
424 821 1
424 862 1
424 883 1
424 900 1
424 906 1
424 928 1
424 936 1
424 961 1
424 981 1
425 454 1
425 509 1
425 514 1
425 515 1
425 521 1
425 540 1
425 567 1
425 591 1
425 605 1
425 624 1
425 630 1
425 664 1
425 675 1
425 772 1
425 792 1
425 849 1
425 870 1
425 893 1
425 904 1
425 921 1
425 925 1
425 928 1
425 948 1
425 979 1
426 428 1
426 452 1
426 489 1
426 493 1
426 516 1
426 610 1
426 635 1
426 638 1
426 664 1
426 673 1
426 701 1
426 719 1
426 726 1
426 727 1
426 742 1
426 757 1
426 783 1
426 784 1
426 808 1
426 813 1
426 837 1
426 848 1
426 866 1
426 878 1
426 916 1
426 920 1
426 953 1
426 962 1
426 982 1
426 985 1
427 446 1
427 474 1
427 482 1
427 492 1
427 510 1
427 541 1
427 544 1
427 547 1
427 564 1
427 601 1
427 606 1
427 608 1
427 615 1
427 618 1
427 626 1
427 663 1
427 665 1
427 666 1
427 674 1
427 727 1
427 751 1
427 760 1
427 764 1
427 772 1
427 849 1
427 850 1
427 865 1
427 888 1
427 908 1
427 909 1
427 939 1
427 955 1
427 971 1
427 973 1
427 986 1
428 442 1
428 473 1
428 474 1
428 501 1
428 509 1
428 511 1
428 544 1
428 603 1
428 648 1
428 671 1
428 726 1
428 756 1
428 761 1
428 840 1
428 845 1
428 851 1
428 861 1
428 872 1
428 919 1
428 928 1
428 936 1
428 948 1
428 950 1
429 467 1
429 481 1
429 492 1
429 520 1
429 543 1
429 556 1
429 583 1
429 586 1
429 595 1
429 604 1
429 607 1
429 620 1
429 655 1
429 705 1
429 728 1
429 765 1
429 785 1
429 788 1
429 827 1
429 840 1
429 842 1
429 863 1
429 888 1
429 889 1
429 900 1
429 901 1
429 914 1
429 924 1
429 929 1
429 972 1
429 984 1
430 504 1
430 507 1
430 526 1
430 571 1
430 583 1
430 586 1
430 589 1
430 597 1
430 607 1
430 614 1
430 665 1
430 690 1
430 716 1
430 729 1
430 730 1
430 782 1
430 794 1
430 803 1
430 817 1
430 819 1
430 852 1
430 854 1
430 889 1
430 902 1
430 950 1
430 996 1
431 460 1
431 472 1
431 485 1
431 497 1
431 551 1
431 552 1
431 560 1
431 565 1
431 628 1
431 667 1
431 721 1
431 731 1
431 737 1
431 755 1
431 767 1
431 773 1
431 787 1
431 808 1
431 819 1
431 851 1
431 887 1
431 901 1
431 909 1
431 911 1
431 919 1
431 938 1
431 962 1
431 987 1
432 435 1
432 461 1
432 479 1
432 492 1
432 511 1
432 517 1
432 519 1
432 520 1
432 530 1
432 535 1
432 541 1
432 546 1
432 601 1
432 606 1
432 609 1
432 642 1
432 659 1
432 692 1
432 694 1
432 699 1
432 721 1
432 760 1
432 767 1
432 790 1
432 796 1
432 802 1
432 849 1
432 861 1
432 873 1
432 886 1
432 887 1
432 900 1
432 926 1
432 984 1
433 440 1
433 466 1
433 477 1
433 557 1
433 558 1
433 581 1
433 588 1
433 596 1
433 611 1
433 613 1
433 615 1
433 617 1
433 649 1
433 667 1
433 704 1
433 724 1
433 740 1
433 746 1
433 753 1
433 767 1
433 773 1
433 775 1
433 841 1
433 910 1
433 911 1
433 925 1
433 933 1
433 939 1
433 960 1
434 435 1
434 448 1
434 481 1
434 496 1
434 539 1
434 550 1
434 589 1
434 618 1
434 639 1
434 666 1
434 699 1
434 704 1
434 714 1
434 717 1
434 726 1
434 744 1
434 761 1
434 769 1
434 819 1
434 850 1
434 857 1
434 884 1
434 889 1
434 898 1
434 906 1
434 918 1
434 931 1
434 975 1
434 978 1
434 980 1
434 994 1
435 449 1
435 454 1
435 493 1
435 505 1
435 511 1
435 515 1
435 549 1
435 573 1
435 598 1
435 608 1
435 652 1
435 660 1
435 690 1
435 703 1
435 714 1
435 756 1
435 766 1
435 773 1
435 775 1
435 799 1
435 823 1
435 851 1
435 979 1
436 437 1
436 449 1
436 477 1
436 501 1
436 514 1
436 516 1
436 541 1
436 593 1
436 642 1
436 658 1
436 678 1
436 749 1
436 770 1
436 803 1
436 810 1
436 910 1
436 958 1
436 986 1
437 439 1
437 447 1
437 451 1
437 452 1
437 458 1
437 470 1
437 471 1
437 476 1
437 497 1
437 499 1
437 504 1
437 523 1
437 538 1
437 550 1
437 564 1
437 610 1
437 654 1
437 761 1
437 852 1
437 860 1
437 873 1
437 915 1
437 916 1
437 948 1
437 992 1
437 995 1
437 998 1
438 478 1
438 495 1
438 506 1
438 519 1
438 528 1
438 535 1
438 568 1
438 577 1
438 593 1
438 638 1
438 677 1
438 688 1
438 695 1
438 707 1
438 769 1
438 788 1
438 812 1
438 826 1
438 879 1
438 904 1
438 922 1
438 928 1
438 941 1
438 986 1
439 460 1
439 463 1
439 470 1
439 519 1
439 520 1
439 573 1
439 586 1
439 622 1
439 674 1
439 689 1
439 713 1
439 726 1
439 735 1
439 798 1
439 810 1
439 817 1
439 834 1
439 900 1
439 906 1
439 918 1
439 960 1
439 966 1
439 984 1
439 990 1
440 465 1
440 497 1
440 505 1
440 511 1
440 558 1
440 577 1
440 581 1
440 638 1
440 640 1
440 740 1
440 742 1
440 759 1
440 778 1
440 793 1
440 805 1
440 865 1
440 870 1
440 871 1
440 908 1
440 960 1
441 487 1
441 535 1
441 542 1
441 593 1
441 597 1
441 599 1
441 636 1
441 693 1
441 740 1
441 769 1
441 771 1
441 791 1
441 832 1
441 873 1
441 956 1
441 971 1
441 972 1
441 974 1
442 527 1
442 550 1
442 582 1
442 584 1
442 585 1
442 592 1
442 660 1
442 682 1
442 692 1
442 718 1
442 732 1
442 764 1
442 771 1
442 786 1
442 798 1
442 808 1
442 812 1
442 817 1
442 830 1
442 874 1
442 876 1
442 913 1
442 916 1
442 920 1
442 973 1
443 451 1
443 456 1
443 463 1
443 492 1
443 521 1
443 532 1
443 567 1
443 589 1
443 590 1
443 645 1
443 650 1
443 651 1
443 671 1
443 739 1
443 762 1
443 803 1
443 806 1
443 809 1
443 821 1
443 822 1
443 829 1
443 840 1
443 871 1
443 872 1
443 908 1
443 928 1
443 955 1
443 957 1
443 979 1
444 463 1
444 470 1
444 483 1
444 534 1
444 538 1
444 635 1
444 641 1
444 649 1
444 657 1
444 679 1
444 686 1
444 713 1
444 732 1
444 751 1
444 766 1
444 822 1
444 845 1
444 867 1
444 869 1
444 954 1
444 967 1
445 458 1
445 531 1
445 573 1
445 583 1
445 621 1
445 665 1
445 673 1
445 680 1
445 695 1
445 714 1
445 737 1
445 800 1
445 823 1
445 836 1
445 903 1
445 925 1
445 929 1
445 943 1
445 956 1
445 967 1
445 985 1
445 986 1
446 448 1
446 477 1
446 509 1
446 517 1
446 518 1
446 543 1
446 577 1
446 585 1
446 606 1
446 611 1
446 638 1
446 647 1
446 693 1
446 716 1
446 747 1
446 753 1
446 781 1
446 804 1
446 871 1
446 881 1
446 908 1
446 909 1
446 910 1
446 932 1
447 457 1
447 469 1
447 478 1
447 495 1
447 550 1
447 559 1
447 591 1
447 597 1
447 614 1
447 616 1
447 618 1
447 622 1
447 629 1
447 635 1
447 690 1
447 716 1
447 729 1
447 740 1
447 806 1
447 807 1
447 811 1
447 833 1
447 849 1
447 853 1
447 858 1
447 879 1
447 901 1
447 924 1
447 955 1
447 978 1
447 982 1
447 984 1
448 450 1
448 466 1
448 471 1
448 476 1
448 482 1
448 492 1
448 514 1
448 515 1
448 519 1
448 562 1
448 575 1
448 576 1
448 631 1
448 633 1
448 674 1
448 690 1
448 697 1
448 701 1
448 714 1
448 731 1
448 750 1
448 829 1
448 897 1
448 940 1
448 976 1
449 456 1
449 459 1
449 462 1
449 466 1
449 473 1
449 478 1
449 509 1
449 543 1
449 546 1
449 602 1
449 606 1
449 613 1
449 626 1
449 631 1
449 652 1
449 661 1
449 667 1
449 702 1
449 714 1
449 741 1
449 752 1
449 786 1
449 792 1
449 794 1
449 800 1
449 826 1
449 831 1
449 833 1
449 840 1
449 842 1
449 913 1
449 930 1
449 931 1
449 934 1
449 956 1
449 958 1
449 974 1
449 988 1
449 993 1
450 459 1
450 471 1
450 481 1
450 512 1
450 533 1
450 558 1
450 576 1
450 598 1
450 641 1
450 653 1
450 667 1
450 727 1
450 758 1
450 781 1
450 784 1
450 819 1
450 834 1
450 837 1
450 845 1
450 859 1
450 874 1
450 883 1
450 885 1
450 889 1
450 890 1
450 936 1
450 944 1
450 957 1
450 963 1
450 972 1
451 458 1
451 471 1
451 477 1
451 503 1
451 514 1
451 520 1
451 610 1
451 618 1
451 625 1
451 646 1
451 652 1
451 662 1
451 693 1
451 700 1
451 714 1
451 743 1
451 749 1
451 770 1
451 801 1
451 845 1
451 850 1
451 881 1
451 930 1
451 932 1
451 935 1
451 959 1
451 985 1
452 458 1
452 461 1
452 466 1
452 468 1
452 504 1
452 514 1
452 556 1
452 566 1
452 569 1
452 576 1
452 607 1
452 631 1
452 646 1
452 666 1
452 678 1
452 681 1
452 682 1
452 773 1
452 779 1
452 804 1
452 830 1
452 853 1
452 910 1
452 912 1
452 913 1
452 930 1
452 934 1
452 994 1
452 997 1
453 474 1
453 519 1
453 530 1
453 560 1
453 633 1
453 688 1
453 695 1
453 708 1
453 729 1
453 739 1
453 744 1
453 749 1
453 760 1
453 774 1
453 806 1
453 818 1
453 837 1
453 856 1
453 861 1
453 878 1
453 902 1
453 917 1
453 927 1
453 939 1
453 979 1
453 998 1
454 478 1
454 530 1
454 568 1
454 576 1
454 692 1
454 695 1
454 712 1
454 726 1
454 731 1
454 747 1
454 748 1
454 814 1
454 837 1
454 839 1
454 846 1
454 884 1
454 894 1
454 908 1
454 913 1
454 930 1
454 931 1
454 982 1
454 989 1
455 462 1
455 469 1
455 484 1
455 493 1
455 512 1
455 549 1
455 566 1
455 570 1
455 596 1
455 597 1
455 616 1
455 620 1
455 645 1
455 668 1
455 693 1
455 720 1
455 741 1
455 755 1
455 806 1
455 830 1
455 855 1
455 861 1
455 885 1
455 933 1
455 954 1
455 962 1
455 968 1
455 969 1
455 982 1
456 596 1
456 599 1
456 640 1
456 657 1
456 680 1
456 684 1
456 688 1
456 700 1
456 706 1
456 711 1
456 734 1
456 740 1
456 813 1
456 836 1
456 837 1
456 843 1
456 864 1
456 885 1
456 886 1
456 887 1
456 906 1
456 924 1
456 952 1
456 985 1
457 475 1
457 481 1
457 508 1
457 554 1
457 557 1
457 577 1
457 602 1
457 606 1
457 625 1
457 632 1
457 635 1
457 674 1
457 694 1
457 712 1
457 785 1
457 790 1
457 797 1
457 811 1
457 839 1
457 855 1
457 874 1
457 890 1
457 907 1
457 936 1
457 953 1
457 962 1
457 971 1
457 984 1
458 577 1
458 608 1
458 619 1
458 669 1
458 701 1
458 709 1
458 771 1
458 819 1
458 871 1
458 938 1
458 941 1
458 944 1
458 945 1
459 475 1
459 504 1
459 508 1
459 534 1
459 538 1
459 550 1
459 562 1
459 585 1
459 600 1
459 608 1
459 611 1
459 637 1
459 665 1
459 677 1
459 723 1
459 727 1
459 761 1
459 834 1
459 846 1
459 896 1
459 903 1
459 913 1
459 931 1
459 938 1
459 977 1
459 993 1
460 462 1
460 464 1
460 474 1
460 477 1
460 493 1
460 572 1
460 575 1
460 611 1
460 616 1
460 638 1
460 651 1
460 665 1
460 680 1
460 690 1
460 766 1
460 791 1
460 805 1
460 830 1
460 836 1
460 871 1
460 878 1
460 883 1
460 939 1
460 951 1
460 969 1
460 976 1
460 978 1
460 984 1
461 462 1
461 467 1
461 482 1
461 486 1
461 505 1
461 519 1
461 533 1
461 541 1
461 574 1
461 592 1
461 594 1
461 611 1
461 612 1
461 646 1
461 654 1
461 661 1
461 662 1
461 717 1
461 718 1
461 752 1
461 767 1
461 799 1
461 816 1
461 818 1
461 868 1
461 877 1
461 915 1
461 923 1
461 929 1
461 939 1
461 959 1
461 967 1
461 999 1
462 488 1
462 491 1
462 495 1
462 502 1
462 527 1
462 537 1
462 592 1
462 615 1
462 683 1
462 695 1
462 697 1
462 707 1
462 722 1
462 731 1
462 751 1
462 777 1
462 787 1
462 959 1
462 975 1
462 981 1
462 983 1
463 472 1
463 473 1
463 490 1
463 513 1
463 515 1
463 516 1
463 517 1
463 519 1
463 574 1
463 582 1
463 586 1
463 590 1
463 605 1
463 606 1
463 617 1
463 659 1
463 664 1
463 671 1
463 674 1
463 711 1
463 712 1
463 761 1
463 802 1
463 833 1
463 836 1
463 839 1
463 850 1
463 854 1
463 877 1
463 880 1
463 895 1
463 924 1
463 958 1
463 963 1
463 967 1
463 995 1
464 478 1
464 554 1
464 557 1
464 617 1
464 618 1
464 624 1
464 644 1
464 692 1
464 707 1
464 718 1
464 728 1
464 729 1
464 762 1
464 783 1
464 788 1
464 793 1
464 807 1
464 873 1
464 876 1
464 904 1
464 922 1
464 939 1
464 956 1
464 999 1
465 472 1
465 520 1
465 521 1
465 528 1
465 531 1
465 573 1
465 589 1
465 594 1
465 606 1
465 647 1
465 673 1
465 675 1
465 686 1
465 695 1
465 727 1
465 755 1
465 780 1
465 806 1
465 872 1
465 883 1
465 898 1
465 919 1
465 923 1
465 945 1
465 989 1
465 997 1
465 1000 1
466 506 1
466 512 1
466 532 1
466 533 1
466 536 1
466 553 1
466 609 1
466 640 1
466 646 1
466 683 1
466 696 1
466 706 1
466 754 1
466 755 1
466 790 1
466 793 1
466 810 1
466 844 1
466 856 1
466 864 1
466 872 1
466 883 1
466 890 1
466 929 1
466 935 1
466 945 1
466 951 1
466 980 1
466 992 1
466 994 1
467 496 1
467 550 1
467 553 1
467 554 1
467 585 1
467 603 1
467 606 1
467 639 1
467 648 1
467 659 1
467 699 1
467 738 1
467 739 1
467 763 1
467 828 1
467 831 1
467 899 1
467 904 1
467 905 1
467 911 1
467 918 1
467 957 1
467 965 1
467 975 1
468 490 1
468 502 1
468 517 1
468 524 1
468 564 1
468 566 1
468 580 1
468 629 1
468 653 1
468 712 1
468 713 1
468 735 1
468 742 1
468 785 1
468 793 1
468 797 1
468 799 1
468 827 1
468 864 1
468 872 1
468 894 1
468 899 1
468 964 1
469 489 1
469 504 1
469 533 1
469 543 1
469 571 1
469 583 1
469 603 1
469 605 1
469 609 1
469 616 1
469 676 1
469 717 1
469 759 1
469 766 1
469 796 1
469 839 1
469 870 1
469 877 1
469 888 1
469 903 1
469 968 1
469 970 1
469 978 1
470 492 1
470 497 1
470 499 1
470 507 1
470 509 1
470 533 1
470 610 1
470 640 1
470 689 1
470 727 1
470 740 1
470 756 1
470 757 1
470 772 1
470 836 1
470 845 1
470 851 1
470 865 1
470 885 1
470 929 1
470 932 1
470 943 1
470 949 1
470 961 1
470 965 1
470 988 1
471 503 1
471 532 1
471 603 1
471 614 1
471 627 1
471 654 1
471 682 1
471 709 1
471 733 1
471 735 1
471 817 1
471 818 1
471 819 1
471 892 1
471 901 1
471 944 1
471 964 1
471 967 1
471 994 1
472 478 1
472 495 1
472 518 1
472 527 1
472 578 1
472 598 1
472 608 1
472 614 1
472 621 1
472 649 1
472 710 1
472 722 1
472 740 1
472 743 1
472 744 1
472 753 1
472 779 1
472 784 1
472 791 1
472 795 1
472 804 1
472 821 1
472 822 1
472 853 1
472 872 1
472 955 1
472 967 1
472 978 1
472 984 1
473 486 1
473 490 1
473 523 1
473 525 1
473 526 1
473 552 1
473 563 1
473 578 1
473 587 1
473 626 1
473 642 1
473 646 1
473 647 1
473 651 1
473 683 1
473 712 1
473 721 1
473 734 1
473 797 1
473 810 1
473 818 1
473 831 1
473 854 1
473 861 1
473 868 1
473 887 1
473 896 1
473 901 1
473 946 1
473 952 1
474 484 1
474 507 1
474 511 1
474 530 1
474 545 1
474 553 1
474 619 1
474 626 1
474 631 1
474 635 1
474 640 1
474 704 1
474 708 1
474 713 1
474 728 1
474 729 1
474 739 1
474 743 1
474 770 1
474 772 1
474 777 1
474 791 1
474 805 1
474 813 1
474 829 1
474 849 1
474 887 1
474 894 1
474 898 1
474 931 1
474 991 1
475 488 1
475 493 1
475 519 1
475 579 1
475 638 1
475 664 1
475 667 1
475 681 1
475 751 1
475 798 1
475 800 1
475 823 1
475 842 1
475 860 1
475 866 1
475 873 1
475 883 1
475 902 1
475 936 1
475 943 1
475 952 1
475 958 1
475 973 1
475 997 1
476 483 1
476 501 1
476 510 1
476 513 1
476 521 1
476 525 1
476 536 1
476 538 1
476 544 1
476 561 1
476 578 1
476 579 1
476 593 1
476 597 1
476 604 1
476 606 1
476 608 1
476 609 1
476 653 1
476 665 1
476 672 1
476 674 1
476 678 1
476 737 1
476 766 1
476 773 1
476 774 1
476 801 1
476 807 1
476 831 1
476 832 1
476 835 1
476 876 1
476 896 1
476 906 1
476 922 1
476 937 1
476 969 1
477 512 1
477 544 1
477 571 1
477 573 1
477 593 1
477 595 1
477 598 1
477 612 1
477 619 1
477 649 1
477 657 1
477 672 1
477 697 1
477 716 1
477 733 1
477 801 1
477 821 1
477 831 1
477 849 1
477 852 1
477 884 1
477 936 1
477 945 1
477 978 1
477 985 1
478 508 1
478 568 1
478 598 1
478 609 1
478 620 1
478 646 1
478 655 1
478 671 1
478 673 1
478 716 1
478 751 1
478 762 1
478 774 1
478 821 1
478 846 1
478 850 1
478 874 1
478 889 1
478 897 1
478 899 1
478 911 1
478 968 1
478 979 1
479 486 1
479 489 1
479 498 1
479 501 1
479 550 1
479 575 1
479 581 1
479 599 1
479 604 1
479 609 1
479 623 1
479 626 1
479 636 1
479 656 1
479 657 1
479 665 1
479 680 1
479 689 1
479 703 1
479 732 1
479 749 1
479 780 1
479 790 1
479 811 1
479 814 1
479 850 1
479 868 1
479 869 1
479 873 1
479 881 1
479 897 1
479 911 1
479 985 1
479 987 1
480 483 1
480 494 1
480 507 1
480 552 1
480 577 1
480 587 1
480 592 1
480 604 1
480 637 1
480 735 1
480 743 1
480 766 1
480 772 1
480 784 1
480 791 1
480 823 1
480 828 1
480 832 1
480 839 1
480 861 1
480 877 1
480 894 1
480 903 1
480 918 1
480 953 1
480 958 1
480 983 1
481 482 1
481 498 1
481 499 1
481 506 1
481 527 1
481 534 1
481 542 1
481 545 1
481 546 1
481 555 1
481 564 1
481 617 1
481 628 1
481 641 1
481 642 1
481 653 1
481 655 1
481 665 1
481 668 1
481 695 1
481 728 1
481 735 1
481 764 1
481 788 1
481 791 1
481 802 1
481 816 1
481 821 1
481 842 1
481 850 1
481 860 1
481 884 1
481 924 1
481 931 1
481 951 1
481 966 1
481 993 1
482 525 1
482 527 1
482 528 1
482 573 1
482 588 1
482 592 1
482 622 1
482 647 1
482 700 1
482 717 1
482 737 1
482 754 1
482 787 1
482 801 1
482 849 1
482 880 1
482 886 1
482 894 1
482 899 1
482 932 1
482 969 1
482 982 1
482 994 1
483 490 1
483 533 1
483 567 1
483 584 1
483 593 1
483 611 1
483 626 1
483 629 1
483 639 1
483 686 1
483 687 1
483 698 1
483 730 1
483 735 1
483 748 1
483 750 1
483 754 1
483 773 1
483 780 1
483 794 1
483 801 1
483 814 1
483 819 1
483 825 1
483 858 1
483 895 1
483 903 1
483 914 1
483 921 1
483 936 1
483 940 1
483 954 1
483 960 1
484 508 1
484 514 1
484 517 1
484 540 1
484 543 1
484 547 1
484 549 1
484 565 1
484 591 1
484 594 1
484 617 1
484 626 1
484 628 1
484 638 1
484 656 1
484 663 1
484 710 1
484 713 1
484 716 1
484 722 1
484 747 1
484 756 1
484 775 1
484 776 1
484 801 1
484 842 1
484 861 1
484 868 1
484 871 1
484 892 1
484 894 1
484 900 1
484 901 1
484 923 1
484 943 1
484 947 1
484 963 1
484 965 1
484 968 1
484 993 1
485 498 1
485 502 1
485 506 1
485 512 1
485 564 1
485 611 1
485 623 1
485 628 1
485 682 1
485 697 1
485 701 1
485 716 1
485 721 1
485 727 1
485 739 1
485 755 1
485 779 1
485 788 1
485 792 1
485 798 1
485 809 1
485 824 1
485 828 1
485 844 1
485 848 1
485 878 1
485 879 1
485 880 1
485 908 1
485 909 1
485 936 1
485 940 1
485 950 1
485 972 1
485 973 1
486 494 1
486 516 1
486 523 1
486 594 1
486 612 1
486 623 1
486 629 1
486 638 1
486 641 1
486 648 1
486 662 1
486 683 1
486 723 1
486 739 1
486 740 1
486 785 1
486 789 1
486 790 1
486 829 1
486 849 1
486 879 1
486 918 1
486 937 1
486 949 1
486 971 1
486 976 1
487 488 1
487 493 1
487 542 1
487 550 1
487 562 1
487 567 1
487 570 1
487 584 1
487 610 1
487 633 1
487 668 1
487 674 1
487 682 1
487 689 1
487 709 1
487 725 1
487 809 1
487 811 1
487 833 1
487 836 1
487 840 1
487 875 1
487 889 1
487 894 1
487 934 1
487 936 1
487 947 1
487 981 1
487 983 1
487 996 1
488 495 1
488 530 1
488 582 1
488 599 1
488 606 1
488 608 1
488 677 1
488 690 1
488 751 1
488 763 1
488 776 1
488 855 1
488 856 1
488 868 1
488 886 1
488 931 1
488 951 1
488 953 1
489 517 1
489 520 1
489 531 1
489 550 1
489 578 1
489 595 1
489 605 1
489 615 1
489 629 1
489 709 1
489 726 1
489 774 1
489 795 1
489 798 1
489 807 1
489 810 1
489 822 1
489 855 1
489 883 1
489 903 1
489 967 1
489 973 1
489 993 1
490 493 1
490 502 1
490 548 1
490 552 1
490 555 1
490 567 1
490 598 1
490 602 1
490 650 1
490 660 1
490 664 1
490 665 1
490 673 1
490 676 1
490 690 1
490 706 1
490 744 1
490 748 1
490 753 1
490 755 1
490 770 1
490 778 1
490 779 1
490 781 1
490 785 1
490 794 1
490 821 1
490 869 1
490 889 1
490 892 1
490 901 1
490 967 1
490 977 1
490 998 1
491 509 1
491 522 1
491 523 1
491 535 1
491 539 1
491 593 1
491 625 1
491 634 1
491 637 1
491 640 1
491 662 1
491 664 1
491 678 1
491 707 1
491 719 1
491 724 1
491 780 1
491 804 1
491 815 1
491 819 1
491 901 1
491 910 1
491 945 1
491 953 1
491 968 1
491 995 1
492 522 1
492 553 1
492 565 1
492 654 1
492 668 1
492 734 1
492 740 1
492 742 1
492 751 1
492 752 1
492 760 1
492 805 1
492 807 1
492 833 1
492 851 1
492 855 1
492 859 1
492 864 1
492 871 1
492 893 1
492 897 1
492 976 1
492 984 1
493 515 1
493 528 1
493 537 1
493 542 1
493 544 1
493 559 1
493 571 1
493 656 1
493 684 1
493 718 1
493 725 1
493 761 1
493 765 1
493 778 1
493 781 1
493 830 1
493 843 1
493 886 1
493 894 1
493 920 1
493 927 1
493 940 1
493 963 1
494 508 1
494 514 1
494 515 1
494 539 1
494 558 1
494 595 1
494 617 1
494 619 1
494 651 1
494 665 1
494 686 1
494 722 1
494 745 1
494 760 1
494 808 1
494 830 1
494 857 1
494 865 1
494 881 1
494 889 1
494 976 1
494 977 1
494 986 1
494 999 1
495 549 1
495 578 1
495 625 1
495 632 1
495 644 1
495 652 1
495 683 1
495 699 1
495 716 1
495 747 1
495 748 1
495 780 1
495 795 1
495 798 1
495 830 1
495 847 1
495 848 1
495 852 1
495 870 1
495 883 1
495 889 1
495 896 1
495 921 1
495 923 1
495 937 1
495 960 1
495 985 1
495 993 1
495 998 1
496 519 1
496 526 1
496 537 1
496 553 1
496 608 1
496 642 1
496 643 1
496 662 1
496 682 1
496 683 1
496 701 1
496 716 1
496 721 1
496 770 1
496 801 1
496 823 1
496 855 1
496 860 1
496 864 1
496 910 1
496 939 1
496 991 1
496 996 1
497 506 1
497 507 1
497 581 1
497 592 1
497 621 1
497 645 1
497 659 1
497 715 1
497 718 1
497 738 1
497 766 1
497 783 1
497 803 1
497 835 1
497 846 1
497 867 1
497 934 1
497 943 1
497 973 1
497 987 1
498 502 1
498 506 1
498 567 1
498 570 1
498 609 1
498 619 1
498 635 1
498 664 1
498 675 1
498 712 1
498 720 1
498 759 1
498 826 1
498 856 1
498 929 1
498 956 1
498 965 1
498 982 1
498 987 1
499 517 1
499 528 1
499 536 1
499 569 1
499 581 1
499 600 1
499 607 1
499 637 1
499 657 1
499 658 1
499 675 1
499 702 1
499 738 1
499 749 1
499 753 1
499 766 1
499 783 1
499 854 1
499 876 1
499 884 1
499 990 1
500 512 1
500 580 1
500 598 1
500 658 1
500 664 1
500 672 1
500 679 1
500 682 1
500 701 1
500 712 1
500 714 1
500 738 1
500 749 1
500 762 1
500 786 1
500 787 1
500 808 1
500 817 1
500 837 1
500 865 1
500 872 1
500 883 1
501 503 1
501 508 1
501 512 1
501 563 1
501 565 1
501 585 1
501 602 1
501 634 1
501 676 1
501 682 1
501 689 1
501 690 1
501 691 1
501 693 1
501 721 1
501 724 1
501 742 1
501 805 1
501 807 1
501 843 1
501 962 1
501 997 1
502 588 1
502 601 1
502 658 1
502 678 1
502 679 1
502 684 1
502 706 1
502 711 1
502 725 1
502 735 1
502 750 1
502 763 1
502 783 1
502 815 1
502 830 1
502 841 1
502 857 1
502 874 1
502 927 1
502 928 1
502 945 1
502 991 1
503 517 1
503 518 1
503 528 1
503 530 1
503 551 1
503 583 1
503 621 1
503 637 1
503 647 1
503 681 1
503 688 1
503 696 1
503 731 1
503 735 1
503 736 1
503 759 1
503 798 1
503 803 1
503 833 1
503 870 1
503 883 1
503 902 1
503 934 1
503 963 1
503 970 1
503 992 1
503 994 1
504 506 1
504 514 1
504 519 1
504 524 1
504 530 1
504 547 1
504 589 1
504 595 1
504 669 1
504 681 1
504 700 1
504 713 1
504 731 1
504 826 1
504 831 1
504 863 1
504 874 1
504 883 1
504 913 1
504 921 1
504 929 1
504 936 1
504 946 1
504 992 1
504 995 1
504 998 1
505 517 1
505 580 1
505 618 1
505 644 1
505 686 1
505 696 1
505 722 1
505 735 1
505 778 1
505 799 1
505 838 1
505 912 1
505 944 1
505 977 1
506 507 1
506 531 1
506 540 1
506 552 1
506 576 1
506 578 1
506 588 1
506 617 1
506 658 1
506 663 1
506 683 1
506 685 1
506 731 1
506 740 1
506 749 1
506 760 1
506 766 1
506 798 1
506 832 1
506 858 1
506 887 1
506 888 1
506 890 1
506 924 1
506 937 1
506 939 1
506 983 1
506 991 1
507 514 1
507 562 1
507 579 1
507 587 1
507 604 1
507 669 1
507 702 1
507 703 1
507 705 1
507 718 1
507 753 1
507 769 1
507 809 1
507 832 1
507 869 1
507 955 1
508 575 1
508 624 1
508 634 1
508 638 1
508 651 1
508 657 1
508 677 1
508 697 1
508 709 1
508 711 1
508 712 1
508 723 1
508 751 1
508 781 1
508 812 1
508 855 1
508 896 1
508 958 1
508 976 1
508 994 1
509 510 1
509 536 1
509 548 1
509 550 1
509 557 1
509 581 1
509 610 1
509 621 1
509 686 1
509 733 1
509 741 1
509 753 1
509 806 1
509 812 1
509 834 1
509 840 1
509 843 1
509 884 1
509 896 1
509 908 1
509 947 1
509 970 1
509 979 1
510 524 1
510 561 1
510 565 1
510 573 1
510 578 1
510 592 1
510 595 1
510 608 1
510 613 1
510 625 1
510 627 1
510 656 1
510 667 1
510 673 1
510 677 1
510 697 1
510 705 1
510 718 1
510 769 1
510 775 1
510 784 1
510 804 1
510 872 1
510 885 1
510 888 1
510 894 1
510 911 1
510 919 1
510 926 1
510 932 1
510 938 1
510 950 1
510 990 1
511 524 1
511 526 1
511 528 1
511 558 1
511 579 1
511 586 1
511 603 1
511 610 1
511 617 1
511 618 1
511 626 1
511 644 1
511 653 1
511 654 1
511 711 1
511 728 1
511 749 1
511 786 1
511 792 1
511 828 1
511 863 1
511 879 1
511 899 1
511 949 1
511 982 1
511 995 1
511 998 1
511 1000 1
512 516 1
512 533 1
512 548 1
512 552 1
512 561 1
512 606 1
512 618 1
512 632 1
512 635 1
512 701 1
512 712 1
512 734 1
512 746 1
512 748 1
512 751 1
512 766 1
512 813 1
512 918 1
512 943 1
512 973 1
512 977 1
512 978 1
513 544 1
513 579 1
513 604 1
513 615 1
513 633 1
513 639 1
513 676 1
513 709 1
513 724 1
513 736 1
513 761 1
513 783 1
513 787 1
513 795 1
513 799 1
513 845 1
513 906 1
513 909 1
513 935 1
513 946 1
513 976 1
513 992 1
513 998 1
513 999 1
514 516 1
514 549 1
514 553 1
514 581 1
514 583 1
514 607 1
514 616 1
514 684 1
514 696 1
514 762 1
514 768 1
514 781 1
514 791 1
514 811 1
514 894 1
514 923 1
514 931 1
514 983 1
514 990 1
514 996 1
515 534 1
515 574 1
515 585 1
515 620 1
515 734 1
515 759 1
515 766 1
515 781 1
515 788 1
515 792 1
515 799 1
515 812 1
515 825 1
515 850 1
515 854 1
515 929 1
515 936 1
515 954 1
515 998 1
516 545 1
516 554 1
516 594 1
516 614 1
516 616 1
516 641 1
516 643 1
516 645 1
516 648 1
516 656 1
516 657 1
516 669 1
516 670 1
516 686 1
516 690 1
516 730 1
516 740 1
516 766 1
516 809 1
516 831 1
516 849 1
516 860 1
516 873 1
516 909 1
516 918 1
516 953 1
516 967 1
516 976 1
517 541 1
517 551 1
517 579 1
517 582 1
517 611 1
517 646 1
517 655 1
517 708 1
517 731 1
517 739 1
517 773 1
517 779 1
517 803 1
517 809 1
517 813 1
517 844 1
517 872 1
517 879 1
517 880 1
517 884 1
517 926 1
517 927 1
517 929 1
517 935 1
517 940 1
517 954 1
517 983 1
518 521 1
518 528 1
518 534 1
518 622 1
518 629 1
518 644 1
518 645 1
518 669 1
518 682 1
518 729 1
518 755 1
518 775 1
518 781 1
518 784 1
518 804 1
518 811 1
518 857 1
518 858 1
518 869 1
518 874 1
518 876 1
518 883 1
518 886 1
518 892 1
518 900 1
518 928 1
518 953 1
518 983 1
519 545 1
519 572 1
519 576 1
519 599 1
519 624 1
519 638 1
519 644 1
519 665 1
519 673 1
519 711 1
519 727 1
519 766 1
519 768 1
519 799 1
519 809 1
519 863 1
519 866 1
519 873 1
519 878 1
519 881 1
519 904 1
519 932 1
519 938 1
520 531 1
520 533 1
520 547 1
520 569 1
520 595 1
520 599 1
520 607 1
520 636 1
520 643 1
520 665 1
520 702 1
520 746 1
520 751 1
520 767 1
520 784 1
520 818 1
520 824 1
520 833 1
520 849 1
520 865 1
520 879 1
520 906 1
520 916 1
520 967 1
521 539 1
521 566 1
521 587 1
521 598 1
521 611 1
521 616 1
521 619 1
521 661 1
521 670 1
521 681 1
521 686 1
521 707 1
521 715 1
521 727 1
521 748 1
521 795 1
521 796 1
521 801 1
521 819 1
521 838 1
521 854 1
521 858 1
521 870 1
521 936 1
521 949 1
521 955 1
522 527 1
522 537 1
522 546 1
522 587 1
522 629 1
522 639 1
522 642 1
522 655 1
522 676 1
522 689 1
522 696 1
522 702 1
522 709 1
522 727 1
522 746 1
522 748 1
522 775 1
522 780 1
522 809 1
522 812 1
522 825 1
522 857 1
522 860 1
522 890 1
522 917 1
522 932 1
522 968 1
522 976 1
522 981 1
522 1000 1
523 537 1
523 618 1
523 624 1
523 629 1
523 631 1
523 636 1
523 638 1
523 640 1
523 648 1
523 650 1
523 676 1
523 685 1
523 689 1
523 739 1
523 776 1
523 796 1
523 798 1
523 803 1
523 821 1
523 823 1
523 859 1
523 869 1
523 881 1
523 902 1
523 924 1
523 930 1
523 986 1
523 993 1
524 607 1
524 669 1
524 717 1
524 726 1
524 756 1
524 761 1
524 779 1
524 853 1
524 900 1
524 907 1
524 913 1
524 927 1
524 933 1
524 953 1
524 960 1
524 962 1
524 983 1
525 533 1
525 536 1
525 539 1
525 540 1
525 580 1
525 581 1
525 604 1
525 611 1
525 623 1
525 667 1
525 726 1
525 746 1
525 750 1
525 756 1
525 764 1
525 765 1
525 769 1
525 798 1
525 819 1
525 820 1
525 857 1
525 874 1
525 885 1
525 913 1
525 922 1
525 935 1
525 986 1
525 991 1
526 652 1
526 737 1
526 743 1
526 766 1
526 786 1
526 832 1
526 843 1
526 856 1
526 859 1
526 863 1
526 888 1
526 895 1
526 920 1
526 928 1
526 979 1
526 996 1
526 997 1
527 583 1
527 588 1
527 589 1
527 619 1
527 622 1
527 640 1
527 724 1
527 735 1
527 771 1
527 856 1
527 872 1
527 886 1
527 898 1
527 919 1
527 941 1
527 973 1
528 553 1
528 574 1
528 607 1
528 629 1
528 638 1
528 649 1
528 666 1
528 674 1
528 710 1
528 744 1
528 778 1
528 789 1
528 812 1
528 856 1
528 858 1
528 874 1
528 896 1
528 907 1
528 930 1
528 994 1
529 532 1
529 537 1
529 571 1
529 587 1
529 623 1
529 704 1
529 725 1
529 780 1
529 801 1
529 853 1
529 868 1
529 892 1
529 904 1
529 917 1
529 933 1
529 945 1
529 955 1
529 957 1
529 981 1
529 985 1
530 537 1
530 546 1
530 561 1
530 579 1
530 634 1
530 636 1
530 648 1
530 672 1
530 687 1
530 695 1
530 699 1
530 701 1
530 709 1
530 797 1
530 899 1
530 905 1
530 915 1
530 981 1
531 539 1
531 556 1
531 573 1
531 575 1
531 581 1
531 587 1
531 606 1
531 625 1
531 710 1
531 760 1
531 780 1
531 784 1
531 824 1
531 849 1
531 850 1
531 852 1
531 866 1
531 885 1
531 892 1
531 913 1
531 916 1
531 963 1
531 967 1
532 539 1
532 568 1
532 569 1
532 571 1
532 578 1
532 579 1
532 586 1
532 613 1
532 625 1
532 635 1
532 639 1
532 649 1
532 704 1
532 742 1
532 753 1
532 779 1
532 780 1
532 797 1
532 801 1
532 817 1
532 832 1
532 836 1
532 840 1
532 858 1
532 860 1
532 866 1
532 876 1
532 889 1
532 906 1
532 927 1
532 952 1
532 956 1
532 970 1
532 988 1
533 550 1
533 559 1
533 579 1
533 597 1
533 635 1
533 660 1
533 679 1
533 709 1
533 713 1
533 747 1
533 753 1
533 802 1
533 815 1
533 818 1
533 845 1
533 920 1
533 941 1
533 951 1
534 536 1
534 538 1
534 571 1
534 585 1
534 593 1
534 599 1
534 602 1
534 604 1
534 608 1
534 613 1
534 629 1
534 649 1
534 653 1
534 719 1
534 725 1
534 746 1
534 754 1
534 779 1
534 781 1
534 812 1
534 899 1
534 946 1
534 957 1
534 990 1
535 537 1
535 556 1
535 560 1
535 641 1
535 648 1
535 654 1
535 655 1
535 657 1
535 691 1
535 701 1
535 716 1
535 717 1
535 767 1
535 774 1
535 865 1
535 866 1
535 870 1
535 872 1
535 874 1
535 881 1
535 891 1
535 896 1
535 917 1
535 936 1
535 938 1
535 965 1
535 969 1
536 569 1
536 646 1
536 685 1
536 708 1
536 727 1
536 738 1
536 745 1
536 761 1
536 777 1
536 797 1
536 826 1
536 845 1
536 853 1
536 854 1
536 859 1
536 926 1
536 929 1
536 937 1
536 953 1
536 962 1
536 989 1
536 994 1
536 997 1
537 559 1
537 634 1
537 666 1
537 681 1
537 738 1
537 755 1
537 790 1
537 810 1
537 858 1
537 869 1
537 879 1
537 893 1
537 917 1
537 946 1
537 982 1
538 547 1
538 589 1
538 621 1
538 632 1
538 653 1
538 658 1
538 681 1
538 702 1
538 736 1
538 738 1
538 788 1
538 803 1
538 844 1
538 865 1
538 884 1
538 892 1
538 905 1
538 907 1
538 908 1
538 925 1
538 962 1
538 971 1
538 973 1
538 995 1
539 599 1
539 622 1
539 676 1
539 703 1
539 709 1
539 727 1
539 732 1
539 735 1
539 751 1
539 752 1
539 755 1
539 792 1
539 801 1
539 814 1
539 820 1
539 838 1
539 854 1
539 876 1
539 905 1
539 913 1
539 919 1
539 975 1
539 989 1
539 998 1
540 562 1
540 586 1
540 603 1
540 630 1
540 631 1
540 679 1
540 698 1
540 721 1
540 733 1
540 748 1
540 757 1
540 790 1
540 810 1
540 839 1
540 893 1
540 926 1
540 946 1
540 968 1
540 978 1
540 980 1
541 546 1
541 548 1
541 553 1
541 592 1
541 621 1
541 631 1
541 642 1
541 658 1
541 678 1
541 691 1
541 698 1
541 708 1
541 733 1
541 785 1
541 820 1
541 845 1
541 846 1
541 851 1
541 864 1
541 880 1
541 926 1
541 938 1
541 955 1
542 544 1
542 551 1
542 553 1
542 554 1
542 576 1
542 605 1
542 618 1
542 640 1
542 659 1
542 667 1
542 668 1
542 733 1
542 762 1
542 801 1
542 802 1
542 816 1
542 844 1
542 852 1
542 868 1
542 869 1
542 886 1
542 906 1
542 945 1
542 991 1
543 556 1
543 566 1
543 569 1
543 574 1
543 590 1
543 683 1
543 693 1
543 759 1
543 780 1
543 798 1
543 829 1
543 831 1
543 837 1
543 840 1
543 845 1
543 852 1
543 863 1
543 922 1
543 930 1
543 942 1
543 952 1
543 993 1
544 549 1
544 557 1
544 574 1
544 620 1
544 639 1
544 651 1
544 682 1
544 708 1
544 739 1
544 757 1
544 795 1
544 832 1
544 835 1
544 837 1
544 860 1
544 884 1
544 919 1
544 936 1
544 948 1
544 954 1
544 964 1
544 989 1
544 993 1
545 569 1
545 578 1
545 608 1
545 663 1
545 676 1
545 682 1
545 714 1
545 730 1
545 769 1
545 777 1
545 779 1
545 800 1
545 803 1
545 852 1
545 862 1
545 864 1
545 869 1
545 882 1
545 915 1
545 917 1
545 919 1
545 921 1
545 934 1
545 946 1
545 961 1
545 979 1
545 981 1
545 990 1
545 998 1
546 599 1
546 604 1
546 616 1
546 631 1
546 651 1
546 652 1
546 677 1
546 686 1
546 710 1
546 714 1
546 719 1
546 738 1
546 765 1
546 770 1
546 830 1
546 848 1
546 856 1
546 858 1
546 863 1
546 880 1
546 899 1
546 908 1
546 970 1
547 553 1
547 556 1
547 573 1
547 600 1
547 613 1
547 628 1
547 666 1
547 690 1
547 725 1
547 787 1
547 814 1
547 833 1
547 839 1
547 847 1
547 865 1
547 875 1
547 882 1
547 912 1
547 931 1
547 952 1
547 953 1
547 963 1
547 972 1
548 590 1
548 593 1
548 599 1
548 600 1
548 602 1
548 615 1
548 652 1
548 680 1
548 681 1
548 729 1
548 756 1
548 788 1
548 821 1
548 869 1
548 886 1
548 892 1
548 949 1
548 976 1
548 986 1
548 990 1
549 554 1
549 568 1
549 596 1
549 612 1
549 616 1
549 618 1
549 647 1
549 655 1
549 670 1
549 710 1
549 725 1
549 734 1
549 754 1
549 755 1
549 759 1
549 765 1
549 771 1
549 806 1
549 837 1
549 845 1
549 855 1
549 882 1
549 886 1
549 899 1
549 908 1
549 933 1
549 958 1
549 961 1
549 970 1
549 971 1
549 979 1
550 634 1
550 649 1
550 672 1
550 681 1
550 697 1
550 699 1
550 705 1
550 709 1
550 733 1
550 741 1
550 746 1
550 748 1
550 767 1
550 770 1
550 785 1
550 821 1
550 827 1
550 870 1
550 892 1
550 895 1
550 904 1
550 912 1
550 915 1
550 922 1
550 945 1
550 970 1
550 973 1
550 983 1
550 985 1
551 636 1
551 648 1
551 660 1
551 703 1
551 740 1
551 748 1
551 753 1
551 770 1
551 780 1
551 793 1
551 797 1
551 799 1
551 803 1
551 846 1
551 887 1
551 893 1
551 925 1
551 959 1
551 987 1
552 572 1
552 580 1
552 588 1
552 590 1
552 621 1
552 623 1
552 656 1
552 659 1
552 667 1
552 709 1
552 725 1
552 743 1
552 763 1
552 801 1
552 806 1
552 808 1
552 816 1
552 821 1
552 834 1
552 897 1
552 900 1
552 937 1
552 963 1
553 560 1
553 561 1
553 571 1
553 584 1
553 602 1
553 616 1
553 620 1
553 626 1
553 653 1
553 673 1
553 692 1
553 715 1
553 719 1
553 722 1
553 723 1
553 724 1
553 760 1
553 768 1
553 791 1
553 808 1
553 810 1
553 814 1
553 850 1
553 879 1
553 890 1
553 940 1
553 943 1
553 971 1
553 999 1
554 602 1
554 621 1
554 631 1
554 634 1
554 642 1
554 647 1
554 685 1
554 737 1
554 785 1
554 800 1
554 853 1
554 882 1
554 890 1
554 892 1
554 912 1
554 992 1
555 609 1
555 623 1
555 636 1
555 641 1
555 670 1
555 687 1
555 704 1
555 714 1
555 818 1
555 826 1
555 848 1
555 854 1
555 911 1
555 936 1
555 961 1
555 974 1
555 986 1
556 570 1
556 625 1
556 660 1
556 673 1
556 683 1
556 702 1
556 727 1
556 750 1
556 774 1
556 785 1
556 792 1
556 798 1
556 818 1
556 841 1
556 843 1
556 863 1
556 881 1
556 893 1
556 899 1
556 946 1
556 948 1
556 981 1
556 984 1
556 992 1
557 584 1
557 599 1
557 600 1
557 630 1
557 644 1
557 659 1
557 685 1
557 697 1
557 707 1
557 709 1
557 785 1
557 796 1
557 827 1
557 839 1
557 882 1
557 937 1
557 940 1
557 947 1
557 956 1
557 984 1
558 567 1
558 586 1
558 588 1
558 610 1
558 618 1
558 620 1
558 636 1
558 641 1
558 642 1
558 647 1
558 651 1
558 684 1
558 700 1
558 707 1
558 720 1
558 759 1
558 768 1
558 805 1
558 840 1
558 883 1
558 897 1
558 927 1
558 930 1
558 937 1
558 945 1
559 561 1
559 571 1
559 574 1
559 579 1
559 597 1
559 600 1
559 652 1
559 662 1
559 724 1
559 726 1
559 736 1
559 770 1
559 810 1
559 878 1
559 880 1
559 882 1
559 905 1
559 950 1
559 981 1
560 569 1
560 586 1
560 605 1
560 614 1
560 621 1
560 642 1
560 674 1
560 684 1
560 708 1
560 784 1
560 797 1
560 820 1
560 903 1
560 927 1
560 947 1
560 961 1
560 985 1
561 566 1
561 589 1
561 594 1
561 633 1
561 638 1
561 645 1
561 654 1
561 677 1
561 681 1
561 699 1
561 700 1
561 742 1
561 747 1
561 758 1
561 769 1
561 791 1
561 810 1
561 841 1
561 845 1
561 847 1
561 878 1
561 887 1
561 916 1
561 920 1
561 925 1
561 949 1
561 955 1
561 975 1
561 996 1
562 579 1
562 609 1
562 626 1
562 639 1
562 674 1
562 747 1
562 775 1
562 779 1
562 787 1
562 801 1
562 812 1
562 815 1
562 822 1
562 864 1
562 886 1
562 896 1
562 897 1
562 926 1
562 937 1
562 942 1
562 944 1
562 973 1
562 989 1
562 992 1
562 993 1
563 622 1
563 628 1
563 641 1
563 646 1
563 685 1
563 703 1
563 727 1
563 746 1
563 769 1
563 772 1
563 785 1
563 795 1
563 802 1
563 828 1
563 847 1
563 852 1
563 894 1
563 931 1
563 949 1
563 966 1
563 980 1
564 574 1
564 582 1
564 592 1
564 610 1
564 672 1
564 692 1
564 698 1
564 729 1
564 735 1
564 762 1
564 767 1
564 836 1
564 849 1
564 862 1
564 864 1
564 870 1
564 890 1
564 933 1
564 991 1
565 566 1
565 582 1
565 600 1
565 603 1
565 626 1
565 634 1
565 656 1
565 659 1
565 707 1
565 729 1
565 758 1
565 787 1
565 795 1
565 828 1
565 868 1
565 869 1
565 875 1
565 900 1
565 913 1
565 940 1
565 943 1
566 582 1
566 585 1
566 603 1
566 638 1
566 641 1
566 653 1
566 668 1
566 673 1
566 686 1
566 708 1
566 718 1
566 724 1
566 739 1
566 749 1
566 796 1
566 801 1
566 835 1
566 846 1
566 850 1
566 868 1
566 889 1
566 951 1
566 989 1
566 993 1
566 999 1
567 580 1
567 581 1
567 620 1
567 624 1
567 670 1
567 677 1
567 680 1
567 700 1
567 701 1
567 720 1
567 724 1
567 733 1
567 770 1
567 772 1
567 780 1
567 830 1
567 838 1
567 853 1
567 854 1
567 892 1
567 896 1
567 945 1
567 951 1
567 955 1
567 956 1
567 980 1
568 578 1
568 637 1
568 638 1
568 644 1
568 652 1
568 653 1
568 657 1
568 672 1
568 683 1
568 691 1
568 698 1
568 741 1
568 752 1
568 777 1
568 783 1
568 800 1
568 822 1
568 836 1
568 861 1
568 888 1
568 927 1
568 937 1
568 956 1
568 985 1
568 994 1
569 574 1
569 592 1
569 613 1
569 631 1
569 640 1
569 647 1
569 661 1
569 669 1
569 679 1
569 683 1
569 748 1
569 787 1
569 811 1
569 815 1
569 822 1
569 830 1
569 831 1
569 877 1
569 901 1
569 908 1
569 920 1
569 929 1
569 950 1
570 589 1
570 614 1
570 631 1
570 632 1
570 652 1
570 659 1
570 664 1
570 665 1
570 668 1
570 681 1
570 697 1
570 724 1
570 739 1
570 746 1
570 785 1
570 787 1
570 811 1
570 841 1
570 871 1
570 874 1
570 899 1
570 905 1
570 935 1
570 994 1
571 587 1
571 594 1
571 600 1
571 613 1
571 637 1
571 651 1
571 654 1
571 698 1
571 713 1
571 719 1
571 777 1
571 814 1
571 883 1
571 885 1
571 899 1
571 902 1
571 916 1
571 933 1
571 934 1
571 942 1
571 950 1
571 970 1
571 975 1
572 632 1
572 639 1
572 663 1
572 665 1
572 699 1
572 704 1
572 741 1
572 754 1
572 761 1
572 762 1
572 780 1
572 787 1
572 790 1
572 807 1
572 868 1
572 875 1
572 883 1
572 895 1
572 934 1
572 937 1
572 956 1
572 959 1
572 961 1
573 585 1
573 613 1
573 637 1
573 661 1
573 713 1
573 718 1
573 725 1
573 737 1
573 742 1
573 752 1
573 765 1
573 786 1
573 791 1
573 801 1
573 818 1
573 821 1
573 830 1
573 846 1
573 862 1
573 866 1
573 880 1
573 881 1
573 886 1
573 932 1
573 960 1
573 966 1
573 967 1
573 979 1
574 609 1
574 615 1
574 621 1
574 641 1
574 647 1
574 654 1
574 659 1
574 671 1
574 700 1
574 707 1
574 708 1
574 726 1
574 756 1
574 766 1
574 802 1
574 805 1
574 815 1
574 823 1
574 838 1
574 839 1
574 841 1
574 849 1
574 856 1
574 918 1
574 953 1
574 972 1
574 982 1
574 985 1
574 996 1
575 588 1
575 630 1
575 654 1
575 680 1
575 715 1
575 727 1
575 738 1
575 745 1
575 798 1
575 799 1
575 815 1
575 817 1
575 852 1
575 871 1
575 898 1
575 900 1
575 913 1
575 919 1
575 942 1
575 965 1
575 994 1
576 587 1
576 589 1
576 594 1
576 596 1
576 600 1
576 672 1
576 705 1
576 726 1
576 771 1
576 795 1
576 819 1
576 820 1
576 851 1
576 853 1
576 885 1
576 893 1
576 909 1
576 987 1
576 999 1
577 589 1
577 607 1
577 646 1
577 661 1
577 671 1
577 677 1
577 683 1
577 713 1
577 722 1
577 742 1
577 779 1
577 789 1
577 799 1
577 828 1
577 854 1
577 914 1
577 951 1
577 969 1
578 662 1
578 693 1
578 694 1
578 697 1
578 710 1
578 735 1
578 746 1
578 765 1
578 780 1
578 795 1
578 806 1
578 850 1
578 857 1
578 863 1
578 874 1
578 888 1
578 902 1
578 918 1
578 963 1
578 986 1
579 601 1
579 627 1
579 656 1
579 683 1
579 710 1
579 739 1
579 762 1
579 785 1
579 811 1
579 826 1
579 855 1
579 899 1
579 903 1
579 913 1
579 952 1
579 954 1
579 971 1
579 973 1
579 989 1
580 581 1
580 583 1
580 597 1
580 602 1
580 603 1
580 626 1
580 638 1
580 645 1
580 660 1
580 667 1
580 676 1
580 716 1
580 728 1
580 761 1
580 790 1
580 796 1
580 811 1
580 828 1
580 836 1
580 869 1
580 884 1
580 915 1
580 918 1
580 976 1
580 977 1
581 594 1
581 623 1
581 624 1
581 627 1
581 646 1
581 648 1
581 652 1
581 660 1
581 666 1
581 673 1
581 699 1
581 714 1
581 725 1
581 752 1
581 758 1
581 762 1
581 767 1
581 812 1
581 814 1
581 816 1
581 818 1
581 822 1
581 849 1
581 854 1
581 874 1
581 919 1
581 923 1
581 956 1
581 958 1
581 960 1
581 965 1
581 966 1
581 990 1
581 991 1
581 1000 1
582 591 1
582 595 1
582 631 1
582 664 1
582 667 1
582 675 1
582 686 1
582 748 1
582 760 1
582 761 1
582 763 1
582 811 1
582 824 1
582 854 1
582 912 1
582 915 1
582 961 1
582 963 1
582 974 1
583 607 1
583 608 1
583 684 1
583 761 1
583 775 1
583 814 1
583 861 1
583 866 1
583 879 1
583 888 1
583 911 1
583 927 1
583 933 1
584 603 1
584 616 1
584 635 1
584 672 1
584 699 1
584 718 1
584 736 1
584 742 1
584 744 1
584 788 1
584 802 1
584 818 1
584 828 1
584 830 1
584 887 1
584 901 1
584 961 1
584 962 1
584 989 1
585 596 1
585 632 1
585 645 1
585 652 1
585 673 1
585 679 1
585 694 1
585 697 1
585 735 1
585 754 1
585 755 1
585 758 1
585 813 1
585 843 1
585 853 1
585 864 1
585 866 1
585 881 1
585 899 1
585 907 1
585 908 1
585 913 1
585 949 1
586 597 1
586 651 1
586 655 1
586 672 1
586 675 1
586 679 1
586 693 1
586 702 1
586 703 1
586 704 1
586 774 1
586 795 1
586 806 1
586 826 1
586 864 1
586 902 1
586 903 1
586 916 1
586 925 1
586 928 1
586 935 1
586 949 1
586 975 1
586 987 1
586 991 1
587 602 1
587 652 1
587 673 1
587 686 1
587 770 1
587 775 1
587 779 1
587 794 1
587 812 1
587 817 1
587 850 1
587 856 1
587 900 1
587 910 1
587 941 1
587 960 1
587 961 1
588 600 1
588 607 1
588 627 1
588 641 1
588 666 1
588 668 1
588 674 1
588 676 1
588 699 1
588 716 1
588 741 1
588 745 1
588 750 1
588 808 1
588 824 1
588 832 1
588 841 1
588 867 1
588 900 1
588 914 1
588 997 1
589 607 1
589 630 1
589 637 1
589 654 1
589 655 1
589 665 1
589 693 1
589 733 1
589 768 1
589 769 1
589 799 1
589 819 1
589 839 1
589 840 1
589 853 1
589 863 1
589 869 1
589 957 1
589 959 1
589 971 1
589 975 1
589 981 1
590 592 1
590 619 1
590 658 1
590 676 1
590 682 1
590 720 1
590 768 1
590 778 1
590 785 1
590 819 1
590 824 1
590 834 1
590 843 1
590 845 1
590 851 1
590 866 1
590 870 1
590 871 1
590 884 1
590 946 1
590 948 1
590 961 1
590 971 1
590 972 1
591 614 1
591 632 1
591 636 1
591 644 1
591 647 1
591 671 1
591 709 1
591 743 1
591 744 1
591 765 1
591 795 1
591 807 1
591 812 1
591 864 1
591 879 1
591 912 1
591 942 1
591 957 1
591 962 1
591 976 1
591 985 1
592 603 1
592 617 1
592 618 1
592 637 1
592 671 1
592 672 1
592 709 1
592 755 1
592 797 1
592 825 1
592 865 1
592 885 1
592 894 1
592 898 1
592 900 1
592 903 1
592 904 1
592 905 1
592 917 1
592 923 1
593 620 1
593 622 1
593 627 1
593 686 1
593 708 1
593 732 1
593 767 1
593 784 1
593 818 1
593 828 1
593 842 1
593 851 1
593 867 1
593 870 1
593 888 1
593 897 1
593 900 1
593 907 1
593 971 1
593 974 1
594 602 1
594 642 1
594 660 1
594 677 1
594 686 1
594 689 1
594 692 1
594 694 1
594 705 1
594 776 1
594 789 1
594 802 1
594 810 1
594 845 1
594 858 1
594 872 1
594 914 1
594 969 1
594 991 1
595 603 1
595 606 1
595 612 1
595 624 1
595 738 1
595 773 1
595 780 1
595 794 1
595 819 1
595 845 1
595 883 1
595 884 1
595 899 1
595 947 1
595 971 1
595 979 1
596 597 1
596 604 1
596 750 1
596 765 1
596 803 1
596 821 1
596 861 1
596 873 1
596 885 1
596 890 1
596 907 1
596 914 1
596 920 1
596 939 1
597 600 1
597 602 1
597 626 1
597 649 1
597 675 1
597 683 1
597 711 1
597 742 1
597 744 1
597 746 1
597 793 1
597 798 1
597 875 1
597 913 1
597 914 1
597 923 1
597 947 1
597 952 1
597 976 1
598 638 1
598 654 1
598 733 1
598 739 1
598 752 1
598 753 1
598 754 1
598 796 1
598 846 1
598 858 1
598 982 1
599 615 1
599 776 1
599 787 1
599 799 1
599 814 1
599 815 1
599 857 1
599 883 1
599 924 1
599 938 1
599 953 1
599 999 1
600 615 1
600 621 1
600 630 1
600 646 1
600 700 1
600 722 1
600 831 1
600 851 1
600 897 1
600 940 1
600 955 1
600 992 1
600 997 1
601 602 1
601 619 1
601 727 1
601 738 1
601 746 1
601 753 1
601 795 1
601 810 1
601 825 1
601 831 1
601 845 1
601 848 1
601 886 1
601 892 1
601 928 1
601 935 1
601 948 1
602 634 1
602 678 1
602 697 1
602 764 1
602 785 1
602 809 1
602 820 1
602 846 1
602 852 1
602 865 1
602 866 1
602 920 1
602 922 1
602 944 1
602 952 1
602 966 1
602 999 1
603 626 1
603 664 1
603 685 1
603 717 1
603 737 1
603 760 1
603 777 1
603 797 1
603 827 1
603 879 1
603 893 1
603 895 1
603 924 1
603 948 1
603 960 1
603 965 1
603 986 1
603 991 1
603 992 1
604 636 1
604 656 1
604 659 1
604 683 1
604 689 1
604 725 1
604 739 1
604 756 1
604 766 1
604 795 1
604 854 1
604 867 1
604 876 1
604 879 1
604 893 1
604 898 1
604 938 1
604 952 1
604 961 1
604 995 1
605 606 1
605 618 1
605 632 1
605 734 1
605 751 1
605 758 1
605 781 1
605 837 1
605 851 1
605 883 1
605 903 1
605 906 1
605 922 1
605 936 1
605 943 1
605 970 1
605 981 1
605 998 1
606 622 1
606 623 1
606 627 1
606 639 1
606 643 1
606 659 1
606 684 1
606 721 1
606 727 1
606 735 1
606 767 1
606 777 1
606 798 1
606 822 1
606 825 1
606 826 1
606 835 1
606 844 1
606 857 1
606 876 1
606 888 1
606 889 1
606 916 1
606 938 1
606 965 1
606 971 1
606 980 1
607 623 1
607 645 1
607 664 1
607 678 1
607 689 1
607 693 1
607 694 1
607 730 1
607 781 1
607 784 1
607 811 1
607 832 1
607 901 1
607 945 1
607 947 1
607 964 1
607 969 1
607 981 1
608 612 1
608 635 1
608 648 1
608 662 1
608 719 1
608 751 1
608 758 1
608 787 1
608 792 1
608 823 1
608 834 1
608 858 1
608 869 1
608 871 1
608 873 1
608 882 1
608 891 1
608 957 1
609 643 1
609 675 1
609 698 1
609 711 1
609 816 1
609 823 1
609 827 1
609 850 1
609 870 1
609 886 1
609 898 1
609 900 1
609 973 1
609 980 1
609 985 1
609 997 1
610 616 1
610 675 1
610 683 1
610 696 1
610 721 1
610 731 1
610 743 1
610 748 1
610 768 1
610 808 1
610 821 1
610 833 1
610 874 1
610 876 1
610 883 1
610 887 1
610 888 1
610 898 1
610 919 1
610 968 1
610 987 1
611 625 1
611 627 1
611 647 1
611 651 1
611 657 1
611 673 1
611 682 1
611 741 1
611 752 1
611 839 1
611 841 1
611 881 1
611 900 1
611 944 1
611 993 1
612 677 1
612 689 1
612 727 1
612 729 1
612 740 1
612 746 1
612 760 1
612 769 1
612 815 1
612 848 1
612 852 1
612 859 1
612 882 1
612 886 1
612 894 1
612 943 1
612 961 1
612 998 1
613 655 1
613 668 1
613 718 1
613 746 1
613 792 1
613 822 1
613 826 1
613 834 1
613 845 1
613 846 1
613 852 1
613 854 1
613 858 1
613 904 1
613 922 1
613 936 1
613 958 1
613 998 1
614 654 1
614 671 1
614 684 1
614 692 1
614 768 1
614 769 1
614 779 1
614 800 1
614 815 1
614 824 1
614 873 1
614 876 1
614 877 1
614 881 1
614 883 1
614 897 1
614 931 1
614 995 1
615 616 1
615 657 1
615 661 1
615 710 1
615 734 1
615 737 1
615 740 1
615 783 1
615 792 1
615 852 1
615 872 1
615 877 1
615 902 1
615 910 1
615 935 1
615 936 1
615 939 1
615 945 1
615 946 1
615 960 1
616 631 1
616 783 1
616 792 1
616 798 1
616 809 1
616 818 1
616 857 1
616 868 1
616 884 1
616 886 1
616 900 1
616 907 1
616 938 1
616 939 1
617 672 1
617 700 1
617 706 1
617 708 1
617 748 1
617 806 1
617 818 1
617 868 1
617 872 1
618 620 1
618 685 1
618 693 1
618 711 1
618 726 1
618 792 1
618 793 1
618 837 1
618 864 1
618 878 1
618 891 1
618 896 1
618 951 1
618 965 1
618 970 1
618 993 1
619 620 1
619 625 1
619 646 1
619 654 1
619 657 1
619 688 1
619 691 1
619 711 1
619 833 1
619 858 1
619 899 1
619 902 1
619 911 1
619 916 1
619 924 1
619 954 1
619 963 1
619 973 1
619 989 1
620 640 1
620 642 1
620 644 1
620 670 1
620 696 1
620 702 1
620 853 1
620 857 1
620 883 1
620 905 1
620 909 1
620 929 1
620 933 1
620 947 1
620 965 1
621 635 1
621 641 1
621 660 1
621 662 1
621 670 1
621 687 1
621 692 1
621 719 1
621 738 1
621 739 1
621 743 1
621 765 1
621 767 1
621 776 1
621 792 1
621 806 1
621 855 1
621 876 1
621 878 1
621 888 1
621 934 1
621 969 1
621 1000 1
622 623 1
622 634 1
622 640 1
622 643 1
622 651 1
622 672 1
622 729 1
622 733 1
622 744 1
622 808 1
622 823 1
622 829 1
622 839 1
622 846 1
622 847 1
622 850 1
622 872 1
622 874 1
622 875 1
622 879 1
622 889 1
622 916 1
622 968 1
622 978 1
622 995 1
623 647 1
623 651 1
623 660 1
623 663 1
623 724 1
623 743 1
623 751 1
623 759 1
623 804 1
623 808 1
623 809 1
623 821 1
623 822 1
623 823 1
623 836 1
623 851 1
623 870 1
623 894 1
623 907 1
623 921 1
623 954 1
623 967 1
623 970 1
623 976 1
623 983 1
624 632 1
624 688 1
624 715 1
624 719 1
624 723 1
624 734 1
624 749 1
624 791 1
624 809 1
624 815 1
624 824 1
624 832 1
624 843 1
624 859 1
624 878 1
624 902 1
624 907 1
624 916 1
624 921 1
624 966 1
625 638 1
625 650 1
625 670 1
625 672 1
625 681 1
625 689 1
625 705 1
625 731 1
625 787 1
625 790 1
625 797 1
625 843 1
625 853 1
625 863 1
625 903 1
625 932 1
625 946 1
625 982 1
626 635 1
626 656 1
626 675 1
626 680 1
626 762 1
626 763 1
626 769 1
626 783 1
626 786 1
626 798 1
626 838 1
626 851 1
626 918 1
626 922 1
626 923 1
626 959 1
626 964 1
626 969 1
626 988 1
626 989 1
627 657 1
627 709 1
627 716 1
627 744 1
627 783 1
627 799 1
627 807 1
627 837 1
627 887 1
627 902 1
627 923 1
627 942 1
627 965 1
627 978 1
627 979 1
627 991 1
628 634 1
628 641 1
628 657 1
628 710 1
628 736 1
628 771 1
628 772 1
628 775 1
628 777 1
628 783 1
628 792 1
628 800 1
628 804 1
628 806 1
628 818 1
628 821 1
628 844 1
628 847 1
628 862 1
628 882 1
628 884 1
628 886 1
628 907 1
628 916 1
628 947 1
628 983 1
629 638 1
629 643 1
629 654 1
629 794 1
629 821 1
629 843 1
629 844 1
629 874 1
629 888 1
629 897 1
629 901 1
629 908 1
629 935 1
629 937 1
629 946 1
630 691 1
630 693 1
630 712 1
630 715 1
630 762 1
630 811 1
630 815 1
630 846 1
630 857 1
630 864 1
630 874 1
630 879 1
630 884 1
630 928 1
630 949 1
630 972 1
631 637 1
631 664 1
631 707 1
631 731 1
631 760 1
631 802 1
631 860 1
631 872 1
631 894 1
631 908 1
631 912 1
631 918 1
631 934 1
631 942 1
631 982 1
631 1000 1
632 645 1
632 650 1
632 659 1
632 671 1
632 711 1
632 716 1
632 732 1
632 754 1
632 757 1
632 769 1
632 787 1
632 795 1
632 805 1
632 822 1
632 823 1
632 852 1
632 874 1
632 877 1
632 879 1
632 960 1
632 974 1
632 975 1
632 991 1
632 994 1
633 654 1
633 673 1
633 749 1
633 753 1
633 759 1
633 773 1
633 778 1
633 784 1
633 787 1
633 842 1
633 843 1
633 882 1
633 884 1
633 889 1
633 898 1
633 905 1
633 914 1
633 930 1
633 934 1
633 981 1
633 999 1
634 679 1
634 762 1
634 763 1
634 787 1
634 794 1
634 798 1
634 839 1
634 873 1
634 887 1
634 889 1
634 897 1
634 929 1
634 967 1
634 970 1
635 644 1
635 648 1
635 658 1
635 688 1
635 706 1
635 708 1
635 709 1
635 771 1
635 779 1
635 808 1
635 819 1
635 824 1
635 836 1
635 838 1
635 839 1
635 852 1
635 860 1
635 867 1
635 942 1
635 945 1
635 947 1
635 948 1
635 982 1
635 999 1
636 697 1
636 716 1
636 726 1
636 727 1
636 760 1
636 769 1
636 780 1
636 815 1
636 830 1
636 873 1
636 888 1
636 930 1
636 934 1
636 941 1
637 649 1
637 658 1
637 660 1
637 663 1
637 672 1
637 686 1
637 688 1
637 696 1
637 699 1
637 766 1
637 776 1
637 796 1
637 827 1
637 837 1
637 861 1
637 863 1
637 866 1
637 870 1
637 876 1
637 888 1
637 895 1
637 924 1
637 938 1
637 957 1
637 963 1
637 971 1
638 649 1
638 679 1
638 685 1
638 699 1
638 701 1
638 719 1
638 741 1
638 749 1
638 762 1
638 787 1
638 826 1
638 836 1
638 853 1
638 918 1
638 923 1
638 938 1
638 950 1
638 952 1
638 962 1
638 977 1
638 998 1
639 641 1
639 649 1
639 664 1
639 670 1
639 734 1
639 755 1
639 788 1
639 796 1
639 800 1
639 802 1
639 858 1
639 876 1
639 902 1
639 947 1
639 970 1
639 972 1
639 974 1
640 661 1
640 679 1
640 686 1
640 706 1
640 739 1
640 762 1
640 773 1
640 784 1
640 797 1
640 803 1
640 809 1
640 822 1
640 823 1
640 836 1
640 872 1
640 893 1
640 959 1
641 653 1
641 681 1
641 699 1
641 702 1
641 708 1
641 721 1
641 723 1
641 749 1
641 787 1
641 805 1
641 816 1
641 840 1
641 856 1
641 859 1
641 883 1
641 891 1
641 902 1
641 910 1
641 921 1
641 941 1
641 953 1
641 974 1
641 991 1
641 992 1
642 680 1
642 733 1
642 753 1
642 779 1
642 835 1
642 844 1
642 872 1
642 878 1
642 894 1
642 914 1
642 938 1
642 990 1
643 659 1
643 661 1
643 677 1
643 678 1
643 763 1
643 767 1
643 777 1
643 784 1
643 792 1
643 798 1
643 817 1
643 826 1
643 833 1
643 854 1
643 863 1
643 876 1
643 891 1
643 917 1
643 947 1
643 999 1
644 647 1
644 658 1
644 669 1
644 686 1
644 717 1
644 731 1
644 732 1
644 733 1
644 740 1
644 791 1
644 803 1
644 810 1
644 821 1
644 848 1
644 868 1
644 875 1
644 888 1
644 891 1
644 920 1
644 937 1
644 963 1
644 981 1
644 989 1
644 991 1
644 999 1
645 664 1
645 685 1
645 692 1
645 693 1
645 717 1
645 719 1
645 767 1
645 777 1
645 780 1
645 798 1
645 815 1
645 845 1
645 864 1
645 873 1
645 878 1
645 879 1
645 884 1
645 896 1
645 897 1
645 903 1
645 956 1
645 962 1
645 964 1
645 967 1
645 976 1
645 983 1
646 697 1
646 698 1
646 716 1
646 790 1
646 805 1
646 812 1
646 831 1
646 832 1
646 838 1
646 876 1
646 878 1
646 908 1
646 932 1
646 955 1
646 984 1
647 666 1
647 691 1
647 713 1
647 737 1
647 777 1
647 803 1
647 807 1
647 870 1
647 924 1
647 932 1
647 939 1
647 976 1
648 678 1
648 680 1
648 682 1
648 701 1
648 721 1
648 781 1
648 797 1
648 807 1
648 846 1
648 855 1
648 863 1
648 878 1
648 883 1
648 894 1
648 904 1
648 931 1
648 944 1
648 984 1
648 988 1
648 996 1
648 999 1
648 1000 1
649 680 1
649 728 1
649 729 1
649 736 1
649 737 1
649 745 1
649 746 1
649 750 1
649 799 1
649 805 1
649 820 1
649 875 1
649 885 1
649 890 1
649 925 1
649 926 1
649 934 1
649 941 1
649 943 1
649 983 1
649 987 1
650 708 1
650 729 1
650 731 1
650 745 1
650 791 1
650 794 1
650 808 1
650 824 1
650 838 1
650 857 1
650 863 1
650 900 1
650 927 1
650 931 1
650 989 1
650 995 1
651 660 1
651 667 1
651 727 1
651 792 1
651 797 1
651 799 1
651 813 1
651 850 1
651 858 1
651 866 1
651 912 1
651 914 1
651 926 1
651 927 1
651 953 1
651 963 1
652 689 1
652 724 1
652 725 1
652 726 1
652 743 1
652 751 1
652 811 1
652 878 1
652 895 1
652 915 1
652 918 1
652 920 1
652 924 1
652 964 1
652 966 1
652 999 1
653 667 1
653 698 1
653 709 1
653 710 1
653 773 1
653 799 1
653 824 1
653 836 1
653 838 1
653 840 1
653 850 1
653 874 1
653 923 1
653 940 1
653 966 1
653 969 1
653 976 1
653 993 1
654 718 1
654 734 1
654 784 1
654 786 1
654 883 1
654 905 1
654 907 1
654 917 1
654 964 1
654 971 1
655 656 1
655 673 1
655 690 1
655 741 1
655 746 1
655 762 1
655 779 1
655 796 1
655 828 1
655 836 1
655 838 1
655 887 1
655 925 1
655 935 1
655 942 1
655 968 1
655 977 1
655 989 1
656 664 1
656 665 1
656 666 1
656 716 1
656 768 1
656 796 1
656 805 1
656 817 1
656 884 1
656 889 1
656 935 1
656 948 1
656 956 1
656 969 1
656 990 1
657 676 1
657 692 1
657 720 1
657 724 1
657 791 1
657 796 1
657 806 1
657 826 1
657 834 1
657 856 1
657 931 1
657 932 1
657 956 1
657 992 1
658 677 1
658 692 1
658 705 1
658 735 1
658 755 1
658 794 1
658 795 1
658 836 1
658 847 1
658 875 1
658 898 1
658 923 1
658 937 1
658 976 1
659 663 1
659 676 1
659 731 1
659 737 1
659 742 1
659 765 1
659 778 1
659 821 1
659 854 1
659 865 1
659 874 1
659 903 1
659 920 1
659 929 1
659 959 1
659 991 1
660 663 1
660 670 1
660 689 1
660 722 1
660 732 1
660 764 1
660 781 1
660 783 1
660 789 1
660 807 1
660 828 1
660 834 1
660 836 1
660 837 1
660 856 1
660 880 1
660 925 1
660 967 1
660 983 1
660 984 1
661 717 1
661 753 1
661 770 1
661 795 1
661 834 1
661 845 1
661 875 1
661 899 1
661 923 1
661 932 1
661 941 1
661 977 1
662 664 1
662 695 1
662 745 1
662 768 1
662 787 1
662 809 1
662 838 1
662 845 1
662 852 1
662 868 1
662 871 1
662 879 1
662 888 1
662 898 1
662 910 1
662 942 1
662 966 1
662 969 1
663 705 1
663 710 1
663 739 1
663 758 1
663 778 1
663 799 1
663 817 1
663 821 1
663 829 1
663 832 1
663 837 1
663 844 1
663 879 1
663 895 1
663 898 1
663 900 1
663 913 1
663 950 1
663 961 1
663 985 1
663 996 1
663 997 1
664 702 1
664 794 1
664 795 1
664 855 1
664 857 1
664 861 1
664 868 1
664 894 1
664 915 1
664 923 1
664 924 1
664 942 1
664 957 1
664 965 1
664 968 1
664 972 1
664 983 1
664 988 1
665 680 1
665 700 1
665 726 1
665 733 1
665 756 1
665 771 1
665 803 1
665 827 1
665 864 1
665 873 1
665 885 1
665 944 1
665 956 1
665 964 1
666 770 1
666 804 1
666 823 1
666 825 1
666 833 1
666 836 1
666 893 1
666 899 1
666 923 1
666 943 1
666 989 1
667 675 1
667 677 1
667 678 1
667 684 1
667 709 1
667 771 1
667 802 1
667 826 1
667 835 1
667 839 1
667 842 1
667 862 1
667 874 1
667 934 1
667 970 1
667 987 1
668 705 1
668 720 1
668 748 1
668 758 1
668 759 1
668 789 1
668 824 1
668 835 1
668 847 1
668 848 1
668 851 1
668 887 1
668 894 1
668 897 1
668 922 1
668 923 1
668 956 1
668 963 1
668 970 1
669 680 1
669 681 1
669 731 1
669 739 1
669 778 1
669 787 1
669 837 1
669 838 1
669 840 1
669 856 1
669 861 1
669 863 1
669 881 1
669 895 1
669 928 1
669 931 1
669 944 1
669 955 1
669 965 1
669 966 1
669 970 1
669 973 1
669 984 1
670 696 1
670 770 1
670 775 1
670 778 1
670 803 1
670 815 1
671 730 1
671 735 1
671 743 1
671 756 1
671 758 1
671 767 1
671 769 1
671 779 1
671 780 1
671 789 1
671 806 1
671 816 1
671 826 1
671 920 1
671 929 1
671 946 1
671 965 1
671 981 1
672 677 1
672 683 1
672 688 1
672 704 1
672 716 1
672 717 1
672 731 1
672 798 1
672 809 1
672 822 1
672 843 1
672 847 1
672 855 1
672 865 1
672 895 1
672 946 1
672 952 1
672 958 1
673 675 1
673 684 1
673 686 1
673 702 1
673 705 1
673 706 1
673 801 1
673 807 1
673 837 1
673 861 1
673 863 1
673 864 1
673 867 1
673 869 1
673 900 1
673 915 1
673 945 1
673 946 1
673 969 1
674 698 1
674 729 1
674 751 1
674 793 1
674 802 1
674 809 1
674 810 1
674 811 1
674 860 1
674 884 1
674 885 1
674 899 1
674 954 1
674 955 1
675 695 1
675 746 1
675 749 1
675 751 1
675 757 1
675 786 1
675 793 1
675 806 1
675 832 1
675 845 1
675 865 1
675 871 1
675 873 1
675 880 1
675 912 1
675 949 1
675 955 1
675 985 1
675 993 1
676 715 1
676 720 1
676 727 1
676 729 1
676 742 1
676 809 1
676 822 1
676 832 1
676 851 1
676 870 1
676 888 1
676 902 1
676 914 1
676 968 1
676 975 1
676 982 1
677 725 1
677 729 1
677 741 1
677 756 1
677 795 1
677 798 1
677 812 1
677 820 1
677 840 1
677 873 1
677 880 1
677 920 1
677 933 1
677 966 1
677 996 1
678 711 1
678 726 1
678 738 1
678 745 1
678 755 1
678 756 1
678 778 1
678 825 1
678 834 1
678 847 1
678 865 1
678 870 1
678 882 1
678 900 1
678 919 1
678 950 1
678 979 1
678 988 1
679 692 1
679 699 1
679 782 1
679 806 1
679 880 1
679 907 1
679 936 1
679 942 1
679 975 1
679 979 1
680 706 1
680 753 1
680 765 1
680 780 1
680 850 1
680 881 1
680 892 1
680 935 1
680 936 1
680 963 1
681 686 1
681 693 1
681 710 1
681 727 1
681 748 1
681 765 1
681 803 1
681 816 1
681 827 1
681 871 1
681 875 1
681 880 1
681 882 1
681 912 1
681 989 1
681 992 1
682 695 1
682 697 1
682 730 1
682 744 1
682 789 1
682 879 1
682 910 1
682 944 1
682 986 1
683 705 1
683 718 1
683 722 1
683 730 1
683 746 1
683 764 1
683 766 1
683 779 1
683 811 1
683 833 1
683 878 1
683 909 1
683 914 1
683 963 1
683 981 1
684 704 1
684 710 1
684 748 1
684 756 1
684 786 1
684 796 1
684 797 1
684 798 1
684 802 1
684 809 1
684 813 1
684 828 1
684 830 1
684 837 1
684 842 1
684 853 1
684 871 1
684 879 1
684 884 1
684 902 1
684 904 1
684 943 1
684 949 1
684 956 1
684 965 1
684 978 1
685 709 1
685 758 1
685 765 1
685 770 1
685 775 1
685 777 1
685 818 1
685 844 1
685 864 1
685 896 1
685 913 1
685 956 1
685 985 1
686 716 1
686 735 1
686 748 1
686 819 1
686 835 1
686 856 1
686 861 1
686 879 1
686 902 1
686 906 1
686 920 1
686 927 1
686 929 1
686 943 1
686 972 1
687 688 1
687 689 1
687 700 1
687 730 1
687 754 1
687 773 1
687 797 1
687 815 1
687 847 1
687 850 1
687 902 1
687 934 1
687 942 1
687 970 1
687 973 1
687 974 1
687 975 1
688 707 1
688 711 1
688 725 1
688 737 1
688 757 1
688 772 1
688 799 1
688 803 1
688 819 1
688 827 1
688 850 1
688 863 1
688 874 1
688 877 1
688 897 1
688 917 1
688 936 1
688 957 1
688 965 1
688 968 1
689 707 1
689 714 1
689 781 1
689 798 1
689 826 1
689 876 1
689 899 1
689 902 1
689 918 1
689 923 1
689 924 1
689 978 1
689 993 1
690 714 1
690 757 1
690 767 1
690 791 1
690 798 1
690 808 1
690 812 1
690 864 1
690 911 1
690 935 1
690 952 1
690 953 1
690 969 1
690 988 1
690 997 1
691 700 1
691 754 1
691 760 1
691 764 1
691 908 1
691 923 1
691 936 1
691 952 1
691 975 1
691 989 1
692 698 1
692 717 1
692 737 1
692 774 1
692 786 1
692 795 1
692 816 1
692 862 1
692 873 1
692 891 1
692 893 1
692 948 1
692 975 1
692 980 1
693 700 1
693 725 1
693 734 1
693 754 1
693 763 1
693 766 1
693 785 1
693 786 1
693 789 1
693 810 1
693 849 1
693 864 1
693 894 1
693 918 1
693 928 1
693 930 1
693 933 1
693 968 1
693 1000 1
694 760 1
694 763 1
694 774 1
694 775 1
694 792 1
694 798 1
694 801 1
694 819 1
694 839 1
694 889 1
694 893 1
694 907 1
694 913 1
694 939 1
694 942 1
694 955 1
694 985 1
694 986 1
694 995 1
695 709 1
695 717 1
695 731 1
695 741 1
695 744 1
695 756 1
695 769 1
695 770 1
695 784 1
695 813 1
695 836 1
695 869 1
695 879 1
695 894 1
695 938 1
695 946 1
695 948 1
695 996 1
695 998 1
696 700 1
696 708 1
696 739 1
696 742 1
696 746 1
696 772 1
696 791 1
696 806 1
696 825 1
696 852 1
696 856 1
696 874 1
696 905 1
696 944 1
696 947 1
696 990 1
697 705 1
697 780 1
697 797 1
697 812 1
697 813 1
697 831 1
697 842 1
697 856 1
697 867 1
697 879 1
697 911 1
697 931 1
697 933 1
697 950 1
697 954 1
697 980 1
697 982 1
697 994 1
698 705 1
698 721 1
698 789 1
698 798 1
698 803 1
698 832 1
698 848 1
698 857 1
698 859 1
698 905 1
698 911 1
698 967 1
698 979 1
699 901 1
699 909 1
699 964 1
699 975 1
699 986 1
700 717 1
700 721 1
700 751 1
700 754 1
700 755 1
700 783 1
700 795 1
700 800 1
700 817 1
700 824 1
700 835 1
700 845 1
700 853 1
700 966 1
700 982 1
700 986 1
701 724 1
701 762 1
701 781 1
701 783 1
701 798 1
701 855 1
701 874 1
701 890 1
701 904 1
701 938 1
701 941 1
701 944 1
701 966 1
701 974 1
701 983 1
702 709 1
702 712 1
702 730 1
702 740 1
702 801 1
702 856 1
702 919 1
702 933 1
702 935 1
702 976 1
702 979 1
702 982 1
702 990 1
703 705 1
703 722 1
703 726 1
703 732 1
703 739 1
703 742 1
703 760 1
703 790 1
703 811 1
703 858 1
703 884 1
703 891 1
703 934 1
703 944 1
703 951 1
703 957 1
703 971 1
703 978 1
704 709 1
704 755 1
704 761 1
704 793 1
704 799 1
704 801 1
704 815 1
704 817 1
704 825 1
704 836 1
704 844 1
704 847 1
704 878 1
704 883 1
704 885 1
704 998 1
705 725 1
705 771 1
705 786 1
705 808 1
705 821 1
705 827 1
705 842 1
705 845 1
705 872 1
705 897 1
705 900 1
705 912 1
705 915 1
705 919 1
705 921 1
705 926 1
705 928 1
705 946 1
705 947 1
705 951 1
705 970 1
706 709 1
706 714 1
706 754 1
706 758 1
706 793 1
706 805 1
706 823 1
706 836 1
706 848 1
706 914 1
706 940 1
706 944 1
706 972 1
707 731 1
707 780 1
707 791 1
707 800 1
707 859 1
707 860 1
707 879 1
707 895 1
707 897 1
707 904 1
707 944 1
707 953 1
707 959 1
707 992 1
708 712 1
708 752 1
708 788 1
708 818 1
708 826 1
708 882 1
708 890 1
708 930 1
708 992 1
708 994 1
709 714 1
709 723 1
709 734 1
709 745 1
709 771 1
709 784 1
709 786 1
709 812 1
709 848 1
709 854 1
709 919 1
709 951 1
709 975 1
709 981 1
709 989 1
710 727 1
710 783 1
710 788 1
710 794 1
710 839 1
710 840 1
710 844 1
710 921 1
710 924 1
710 926 1
710 992 1
711 712 1
711 714 1
711 783 1
711 791 1
711 848 1
711 959 1
711 969 1
711 977 1
712 733 1
712 746 1
712 792 1
712 799 1
712 839 1
712 953 1
712 959 1
712 962 1
712 965 1
712 984 1
712 992 1
713 721 1
713 810 1
713 823 1
713 895 1
713 908 1
713 965 1
713 976 1
714 722 1
714 731 1
714 734 1
714 742 1
714 746 1
714 764 1
714 767 1
714 851 1
714 865 1
714 881 1
714 887 1
714 894 1
714 919 1
714 923 1
714 971 1
714 996 1
715 762 1
715 805 1
715 864 1
715 866 1
715 912 1
715 957 1
716 720 1
716 727 1
716 741 1
716 742 1
716 747 1
716 785 1
716 828 1
716 839 1
716 871 1
716 889 1
716 893 1
716 926 1
716 932 1
716 965 1
716 990 1
717 721 1
717 727 1
717 733 1
717 773 1
717 775 1
717 784 1
717 806 1
717 862 1
717 879 1
717 881 1
717 905 1
717 922 1
717 933 1
717 967 1
717 974 1
717 995 1
717 999 1
718 748 1
718 769 1
718 776 1
718 801 1
718 837 1
718 878 1
718 881 1
718 882 1
718 988 1
718 997 1
719 735 1
719 741 1
719 755 1
719 759 1
719 765 1
719 773 1
719 776 1
719 798 1
719 811 1
719 819 1
719 833 1
719 868 1
719 883 1
719 885 1
719 901 1
719 923 1
719 951 1
719 990 1
720 799 1
720 806 1
720 844 1
720 853 1
720 876 1
720 888 1
720 898 1
720 901 1
720 916 1
720 919 1
720 928 1
720 938 1
720 943 1
720 958 1
720 965 1
720 970 1
720 975 1
720 976 1
720 997 1
721 735 1
721 744 1
721 756 1
721 766 1
721 783 1
721 785 1
721 786 1
721 791 1
721 821 1
721 829 1
721 845 1
721 846 1
721 873 1
721 906 1
721 931 1
721 933 1
721 937 1
721 983 1
722 738 1
722 763 1
722 766 1
722 770 1
722 782 1
722 809 1
722 810 1
722 847 1
722 896 1
722 910 1
722 973 1
722 997 1
722 999 1
723 744 1
723 771 1
723 776 1
723 781 1
723 806 1
723 841 1
723 844 1
723 846 1
723 864 1
723 897 1
723 935 1
723 967 1
724 770 1
724 788 1
724 810 1
724 814 1
724 858 1
724 888 1
724 900 1
724 940 1
724 945 1
724 950 1
724 951 1
724 955 1
724 960 1
724 982 1
724 998 1
725 737 1
725 743 1
725 746 1
725 765 1
725 802 1
725 888 1
725 911 1
725 917 1
725 944 1
725 949 1
725 967 1
726 742 1
726 775 1
726 796 1
726 797 1
726 798 1
726 801 1
726 804 1
726 818 1
726 823 1
726 842 1
726 885 1
726 909 1
726 944 1
727 737 1
727 752 1
727 762 1
727 777 1
727 781 1
727 789 1
727 792 1
727 811 1
727 821 1
727 828 1
727 829 1
727 835 1
727 843 1
727 897 1
727 900 1
727 970 1
727 978 1
728 746 1
728 750 1
728 769 1
728 802 1
728 824 1
728 857 1
728 865 1
728 874 1
728 925 1
728 938 1
728 957 1
728 976 1
728 987 1
729 761 1
729 765 1
729 770 1
729 821 1
729 879 1
729 900 1
729 929 1
729 950 1
729 967 1
729 971 1
729 1000 1
730 737 1
730 741 1
730 743 1
730 749 1
730 763 1
730 828 1
730 868 1
730 883 1
730 908 1
730 937 1
731 797 1
731 811 1
731 831 1
731 858 1
731 869 1
731 886 1
731 893 1
731 898 1
731 942 1
731 982 1
732 773 1
732 836 1
732 875 1
732 887 1
732 895 1
732 946 1
732 947 1
732 950 1
732 953 1
732 958 1
732 970 1
733 755 1
733 760 1
733 768 1
733 776 1
733 784 1
733 845 1
733 848 1
733 862 1
733 892 1
733 895 1
733 964 1
734 735 1
734 747 1
734 749 1
734 819 1
734 837 1
734 846 1
734 872 1
734 878 1
734 911 1
734 923 1
734 958 1
734 962 1
734 979 1
734 993 1
734 997 1
735 743 1
735 757 1
735 769 1
735 793 1
735 812 1
735 815 1
735 825 1
735 855 1
735 868 1
735 876 1
735 891 1
735 912 1
735 919 1
735 943 1
735 946 1
735 956 1
736 759 1
736 770 1
736 775 1
736 776 1
736 782 1
736 800 1
736 823 1
736 839 1
736 864 1
736 873 1
736 894 1
736 914 1
736 991 1
737 762 1
737 771 1
737 781 1
737 857 1
737 860 1
737 912 1
737 915 1
737 919 1
737 953 1
737 958 1
737 964 1
737 973 1
737 974 1
737 981 1
737 989 1
737 996 1
738 741 1
738 748 1
738 792 1
738 796 1
738 838 1
738 845 1
738 850 1
738 881 1
738 913 1
738 915 1
738 994 1
738 996 1
739 771 1
739 777 1
739 778 1
739 790 1
739 791 1
739 828 1
739 832 1
739 848 1
739 852 1
739 853 1
739 914 1
739 923 1
739 969 1
739 985 1
739 993 1
740 743 1
740 754 1
740 759 1
740 787 1
740 797 1
740 840 1
740 877 1
740 903 1
740 934 1
740 955 1
740 977 1
740 989 1
741 762 1
741 765 1
741 774 1
741 792 1
741 804 1
741 845 1
741 865 1
741 877 1
741 879 1
741 884 1
741 904 1
741 932 1
741 934 1
741 994 1
741 997 1
742 759 1
742 763 1
742 800 1
742 823 1
742 825 1
742 858 1
742 887 1
742 901 1
742 927 1
742 934 1
742 947 1
742 959 1
742 962 1
742 965 1
742 973 1
743 770 1
743 854 1
743 881 1
743 886 1
743 888 1
743 892 1
743 918 1
743 959 1
743 961 1
743 963 1
743 986 1
744 749 1
744 765 1
744 823 1
744 827 1
744 854 1
744 881 1
744 902 1
744 955 1
745 771 1
745 785 1
745 794 1
745 800 1
745 801 1
745 830 1
745 837 1
745 860 1
745 875 1
745 894 1
745 896 1
745 900 1
745 902 1
745 905 1
745 953 1
745 955 1
745 959 1
745 984 1
746 771 1
746 773 1
746 779 1
746 831 1
746 873 1
746 938 1
746 951 1
746 964 1
746 985 1
747 751 1
747 755 1
747 769 1
747 773 1
747 783 1
747 787 1
747 794 1
747 850 1
747 877 1
747 888 1
747 890 1
747 896 1
747 938 1
747 939 1
747 964 1
747 983 1
748 782 1
748 791 1
748 866 1
748 876 1
748 886 1
748 893 1
748 912 1
748 918 1
748 925 1
748 968 1
748 975 1
748 978 1
748 979 1
749 779 1
749 781 1
749 786 1
749 792 1
749 819 1
749 835 1
749 850 1
749 861 1
749 871 1
749 905 1
749 943 1
749 948 1
749 958 1
749 959 1
749 970 1
749 988 1
749 994 1
750 775 1
750 783 1
750 791 1
750 794 1
750 808 1
750 817 1
750 823 1
750 881 1
750 885 1
750 959 1
750 985 1
751 762 1
751 781 1
751 782 1
751 808 1
751 873 1
751 919 1
751 951 1
751 953 1
751 974 1
752 757 1
752 780 1
752 791 1
752 821 1
752 826 1
752 839 1
752 892 1
752 903 1
752 908 1
752 940 1
752 974 1
752 983 1
752 995 1
753 764 1
753 785 1
753 796 1
753 797 1
753 818 1
753 862 1
753 898 1
753 922 1
753 931 1
753 946 1
753 948 1
754 775 1
754 793 1
754 810 1
754 853 1
754 857 1
754 878 1
754 879 1
754 880 1
754 882 1
754 883 1
754 898 1
754 903 1
754 960 1
754 984 1
754 986 1
754 988 1
755 758 1
755 772 1
755 789 1
755 798 1
755 800 1
755 804 1
755 822 1
755 833 1
755 856 1
755 861 1
755 888 1
755 893 1
755 914 1
755 915 1
755 931 1
755 933 1
755 937 1
755 954 1
755 971 1
756 757 1
756 767 1
756 774 1
756 875 1
756 920 1
756 949 1
757 765 1
757 769 1
757 833 1
757 848 1
757 852 1
757 863 1
757 873 1
757 881 1
757 967 1
758 769 1
758 771 1
758 787 1
758 791 1
758 792 1
758 796 1
758 802 1
758 874 1
758 878 1
758 881 1
758 892 1
758 895 1
758 931 1
758 968 1
758 983 1
759 786 1
759 797 1
759 812 1
759 824 1
759 844 1
759 854 1
759 858 1
759 859 1
759 915 1
759 943 1
759 977 1
759 986 1
759 988 1
760 781 1
760 790 1
760 803 1
760 818 1
760 847 1
760 850 1
760 852 1
760 883 1
760 898 1
760 903 1
760 919 1
760 923 1
760 927 1
760 947 1
760 992 1
760 993 1
760 999 1
761 801 1
761 814 1
761 822 1
761 836 1
761 885 1
761 891 1
761 905 1
761 915 1
761 931 1
761 934 1
761 939 1
761 991 1
761 999 1
762 767 1
762 792 1
762 800 1
762 812 1
762 816 1
762 848 1
762 852 1
762 856 1
762 864 1
762 894 1
762 912 1
762 921 1
762 927 1
762 968 1
762 971 1
762 988 1
762 994 1
763 773 1
763 796 1
763 800 1
763 802 1
763 853 1
763 855 1
763 876 1
763 905 1
763 926 1
763 928 1
763 930 1
763 947 1
763 962 1
763 966 1
763 979 1
763 997 1
764 799 1
764 814 1
764 819 1
764 861 1
764 888 1
764 897 1
764 910 1
764 916 1
764 923 1
764 942 1
764 948 1
764 949 1
764 992 1
764 996 1
764 998 1
765 776 1
765 780 1
765 832 1
765 841 1
765 844 1
765 848 1
765 854 1
765 918 1
765 940 1
765 947 1
766 774 1
766 782 1
766 796 1
766 810 1
766 840 1
766 861 1
766 865 1
766 895 1
766 896 1
766 916 1
766 938 1
766 969 1
766 972 1
766 981 1
766 995 1
767 774 1
767 776 1
767 807 1
767 810 1
767 848 1
767 869 1
767 870 1
767 882 1
767 890 1
767 919 1
767 929 1
767 958 1
768 789 1
768 822 1
768 823 1
768 829 1
768 864 1
768 877 1
768 884 1
768 893 1
768 903 1
768 919 1
768 928 1
768 932 1
768 968 1
768 989 1
768 992 1
768 997 1
769 781 1
769 782 1
769 786 1
769 815 1
769 866 1
769 872 1
769 883 1
769 898 1
769 905 1
769 926 1
769 931 1
769 943 1
769 944 1
769 963 1
770 774 1
770 776 1
770 783 1
770 815 1
770 856 1
770 873 1
770 897 1
770 924 1
770 937 1
770 960 1
770 983 1
771 810 1
771 828 1
771 835 1
771 837 1
771 852 1
771 886 1
771 888 1
771 913 1
771 916 1
771 926 1
771 966 1
771 973 1
771 985 1
771 988 1
772 795 1
772 800 1
772 873 1
772 874 1
772 952 1
772 978 1
772 988 1
772 996 1
773 789 1
773 799 1
773 805 1
773 825 1
773 831 1
773 836 1
773 893 1
773 908 1
773 918 1
773 920 1
773 955 1
773 983 1
773 984 1
774 781 1
774 803 1
774 814 1
774 820 1
774 821 1
774 837 1
774 865 1
774 922 1
774 925 1
774 963 1
774 994 1
775 784 1
775 809 1
775 820 1
775 821 1
775 848 1
775 862 1
775 903 1
775 904 1
775 916 1
775 919 1
775 985 1
776 809 1
776 813 1
776 821 1
776 849 1
776 857 1
776 869 1
776 895 1
776 921 1
776 953 1
776 962 1
776 971 1
776 974 1
776 977 1
776 986 1
777 781 1
777 802 1
777 869 1
777 909 1
777 971 1
777 977 1
777 980 1
777 987 1
778 781 1
778 798 1
778 801 1
778 807 1
778 826 1
778 828 1
778 832 1
778 833 1
778 903 1
778 953 1
778 957 1
778 984 1
778 985 1
779 785 1
779 786 1
779 835 1
779 836 1
779 852 1
779 884 1
779 911 1
779 915 1
779 916 1
779 958 1
779 969 1
779 977 1
780 800 1
780 820 1
780 838 1
780 846 1
780 847 1
780 875 1
780 896 1
780 905 1
780 935 1
780 954 1
780 958 1
780 995 1
780 1000 1
781 807 1
781 843 1
781 906 1
781 960 1
781 961 1
781 979 1
781 984 1
782 787 1
782 793 1
782 863 1
782 866 1
782 881 1
782 883 1
782 892 1
782 945 1
782 946 1
782 953 1
783 786 1
783 840 1
783 842 1
783 848 1
783 858 1
783 864 1
783 874 1
783 889 1
783 891 1
783 927 1
783 940 1
783 953 1
783 957 1
783 969 1
783 980 1
783 984 1
784 802 1
784 823 1
784 847 1
784 874 1
784 900 1
784 907 1
784 914 1
784 921 1
784 925 1
784 942 1
784 976 1
784 981 1
784 993 1
785 791 1
785 792 1
785 805 1
785 830 1
785 836 1
785 851 1
785 854 1
785 865 1
785 899 1
785 900 1
785 911 1
785 934 1
785 955 1
786 796 1
786 853 1
786 861 1
786 882 1
786 893 1
786 914 1
786 920 1
786 953 1
787 802 1
787 803 1
787 833 1
787 839 1
787 852 1
787 869 1
787 896 1
787 897 1
787 903 1
787 935 1
787 954 1
787 998 1
788 838 1
788 851 1
788 892 1
788 894 1
788 897 1
788 929 1
788 957 1
788 960 1
788 990 1
789 802 1
789 832 1
789 847 1
789 859 1
789 895 1
789 899 1
789 908 1
789 933 1
789 944 1
789 954 1
789 964 1
789 966 1
789 976 1
790 802 1
790 808 1
790 818 1
790 845 1
790 867 1
790 903 1
790 911 1
790 958 1
790 963 1
791 792 1
791 823 1
791 827 1
791 828 1
791 840 1
791 863 1
791 935 1
791 955 1
792 807 1
792 827 1
792 828 1
792 850 1
792 864 1
792 872 1
792 875 1
792 881 1
792 901 1
792 906 1
792 909 1
792 968 1
792 978 1
792 999 1
793 803 1
793 812 1
793 817 1
793 824 1
793 890 1
793 909 1
793 912 1
793 920 1
793 932 1
793 940 1
793 948 1
793 977 1
793 997 1
794 797 1
794 801 1
794 828 1
794 829 1
794 846 1
794 885 1
794 890 1
794 911 1
794 915 1
794 921 1
794 929 1
794 949 1
794 968 1
795 798 1
795 860 1
795 864 1
795 942 1
796 797 1
796 821 1
796 845 1
796 856 1
796 878 1
796 895 1
796 958 1
796 959 1
796 972 1
796 973 1
796 994 1
796 995 1
796 999 1
797 798 1
797 839 1
797 859 1
797 889 1
797 925 1
797 944 1
797 994 1
797 996 1
798 813 1
798 824 1
798 828 1
798 832 1
798 848 1
798 856 1
798 860 1
798 870 1
798 881 1
798 910 1
798 919 1
798 930 1
798 936 1
798 976 1
798 982 1
798 996 1
799 921 1
799 952 1
799 973 1
799 982 1
800 815 1
800 823 1
800 826 1
800 841 1
800 995 1
801 817 1
801 858 1
801 880 1
801 939 1
801 976 1
802 818 1
802 835 1
802 838 1
802 844 1
802 852 1
802 860 1
802 890 1
802 911 1
802 913 1
802 931 1
802 950 1
803 831 1
803 880 1
803 919 1
803 968 1
803 973 1
804 813 1
804 827 1
804 836 1
804 858 1
804 872 1
804 990 1
804 991 1
805 822 1
805 825 1
805 846 1
805 854 1
805 880 1
805 888 1
805 891 1
805 900 1
805 975 1
806 831 1
806 873 1
806 898 1
806 911 1
806 915 1
806 919 1
806 921 1
806 931 1
806 932 1
807 842 1
807 888 1
807 894 1
807 895 1
807 960 1
807 978 1
807 990 1
808 818 1
808 898 1
808 899 1
808 914 1
808 925 1
808 927 1
808 944 1
809 819 1
809 822 1
809 836 1
809 853 1
809 880 1
809 902 1
809 927 1
809 934 1
809 935 1
809 953 1
809 954 1
809 959 1
809 995 1
810 811 1
810 813 1
810 830 1
810 847 1
810 882 1
810 885 1
810 888 1
810 896 1
810 903 1
810 926 1
811 839 1
811 841 1
811 853 1
811 860 1
811 864 1
811 866 1
811 870 1
811 875 1
811 879 1
811 885 1
811 929 1
811 939 1
811 948 1
811 972 1
811 982 1
812 846 1
812 866 1
812 891 1
812 901 1
812 916 1
812 923 1
812 930 1
812 966 1
812 980 1
812 995 1
813 854 1
813 896 1
813 900 1
813 908 1
813 960 1
813 980 1
813 988 1
813 992 1
814 818 1
814 866 1
814 874 1
814 895 1
814 897 1
814 936 1
814 992 1
815 867 1
815 898 1
815 929 1
815 952 1
815 956 1
816 824 1
816 838 1
816 847 1
816 851 1
816 857 1
816 879 1
816 896 1
816 906 1
816 943 1
816 991 1
817 833 1
817 840 1
817 848 1
817 854 1
817 873 1
817 881 1
817 956 1
817 966 1
817 967 1
817 984 1
817 1000 1
818 828 1
818 841 1
818 896 1
818 945 1
818 986 1
819 856 1
819 859 1
819 873 1
819 881 1
819 939 1
819 963 1
819 969 1
819 977 1
819 980 1
819 999 1
820 821 1
820 834 1
820 836 1
820 839 1
820 869 1
820 882 1
820 924 1
820 927 1
820 931 1
820 952 1
820 969 1
821 842 1
821 874 1
821 901 1
821 925 1
821 926 1
821 950 1
821 982 1
821 984 1
821 997 1
822 838 1
822 846 1
822 892 1
822 899 1
822 909 1
822 911 1
822 930 1
822 937 1
822 939 1
822 940 1
822 956 1
822 960 1
822 971 1
823 848 1
823 889 1
823 910 1
823 942 1
823 957 1
823 962 1
823 964 1
823 992 1
823 997 1
824 828 1
824 837 1
824 858 1
824 861 1
824 863 1
824 919 1
824 926 1
824 953 1
824 979 1
824 992 1
824 993 1
824 994 1
825 852 1
825 869 1
825 871 1
825 893 1
825 937 1
825 966 1
825 983 1
826 848 1
826 860 1
826 888 1
826 917 1
826 921 1
826 928 1
826 948 1
826 963 1
827 838 1
827 845 1
827 867 1
827 889 1
827 910 1
827 918 1
827 920 1
827 960 1
827 981 1
827 986 1
828 844 1
828 864 1
828 868 1
828 876 1
828 911 1
828 914 1
828 919 1
828 929 1
828 936 1
828 961 1
828 976 1
828 985 1
829 846 1
829 873 1
829 914 1
829 941 1
829 990 1
829 999 1
830 844 1
830 849 1
830 856 1
830 897 1
830 918 1
830 928 1
830 931 1
830 974 1
830 979 1
831 865 1
831 871 1
831 896 1
831 910 1
831 928 1
831 929 1
831 932 1
831 958 1
831 974 1
831 996 1
832 835 1
832 853 1
832 884 1
832 886 1
832 901 1
832 916 1
832 948 1
832 961 1
832 975 1
832 986 1
832 992 1
833 854 1
833 871 1
833 908 1
833 942 1
833 959 1
833 969 1
833 985 1
833 1000 1
834 843 1
834 849 1
834 868 1
834 871 1
834 968 1
834 998 1
835 853 1
835 863 1
835 876 1
835 905 1
835 906 1
835 909 1
835 928 1
835 952 1
835 960 1
835 994 1
836 837 1
836 853 1
836 857 1
836 878 1
836 897 1
836 898 1
836 919 1
836 959 1
836 965 1
836 971 1
836 982 1
836 996 1
837 854 1
837 879 1
837 896 1
837 922 1
838 871 1
838 885 1
838 898 1
838 912 1
838 950 1
839 841 1
839 850 1
839 852 1
839 947 1
839 949 1
839 954 1
839 960 1
839 968 1
839 982 1
839 995 1
839 996 1
840 880 1
840 886 1
840 902 1
840 922 1
840 925 1
840 934 1
840 993 1
841 865 1
841 915 1
841 930 1
841 948 1
841 995 1
841 998 1
842 848 1
842 849 1
842 910 1
842 936 1
842 963 1
843 863 1
843 867 1
843 892 1
843 908 1
843 935 1
843 943 1
843 950 1
843 966 1
843 999 1
843 1000 1
844 852 1
844 859 1
844 874 1
844 896 1
844 907 1
844 911 1
844 914 1
844 937 1
845 861 1
845 865 1
845 878 1
845 886 1
845 894 1
845 974 1
845 982 1
845 996 1
846 848 1
846 856 1
846 857 1
846 869 1
846 931 1
846 980 1
847 851 1
847 904 1
847 936 1
847 966 1
847 973 1
847 977 1
847 984 1
848 898 1
848 917 1
848 940 1
848 954 1
848 967 1
848 976 1
848 978 1
848 980 1
848 981 1
848 999 1
849 855 1
849 876 1
849 918 1
849 921 1
849 947 1
849 981 1
849 999 1
850 852 1
850 868 1
850 869 1
850 938 1
850 962 1
850 976 1
850 988 1
851 879 1
851 884 1
851 919 1
851 933 1
851 934 1
851 945 1
851 953 1
851 962 1
851 968 1
851 976 1
852 877 1
852 899 1
852 907 1
852 994 1
853 909 1
853 930 1
853 949 1
853 977 1
854 959 1
854 977 1
854 991 1
854 996 1
855 859 1
855 864 1
855 900 1
855 944 1
855 949 1
855 955 1
855 981 1
855 992 1
856 877 1
856 920 1
856 923 1
856 948 1
856 992 1
857 859 1
857 948 1
857 964 1
858 880 1
858 894 1
858 919 1
858 949 1
858 993 1
859 872 1
859 926 1
859 946 1
859 948 1
859 963 1
859 972 1
859 995 1
859 999 1
860 875 1
860 918 1
860 919 1
860 930 1
860 937 1
860 969 1
860 992 1
861 878 1
861 910 1
861 943 1
861 948 1
861 966 1
861 979 1
862 879 1
862 897 1
862 905 1
862 958 1
862 960 1
862 975 1
862 984 1
863 888 1
863 914 1
863 917 1
863 949 1
863 953 1
863 990 1
864 868 1
864 894 1
864 915 1
864 930 1
864 950 1
864 952 1
864 981 1
865 883 1
865 926 1
865 944 1
865 955 1
865 959 1
865 968 1
865 981 1
866 887 1
866 911 1
867 868 1
867 872 1
867 898 1
867 918 1
867 927 1
867 928 1
867 955 1
867 981 1
867 994 1
868 885 1
868 962 1
868 976 1
869 896 1
869 968 1
869 985 1
870 927 1
870 957 1
870 974 1
871 876 1
871 881 1
871 907 1
871 914 1
871 929 1
871 949 1
872 888 1
872 899 1
872 935 1
872 937 1
872 939 1
872 958 1
872 970 1
872 989 1
873 914 1
873 933 1
873 936 1
873 972 1
873 992 1
873 997 1
874 889 1
874 918 1
874 925 1
874 941 1
874 959 1
874 969 1
875 880 1
875 885 1
875 894 1
875 905 1
875 946 1
875 972 1
875 974 1
875 981 1
875 989 1
875 992 1
876 905 1
876 907 1
876 912 1
876 919 1
876 923 1
876 949 1
876 963 1
876 970 1
876 980 1
876 985 1
876 989 1
877 906 1
877 913 1
878 882 1
878 889 1
878 901 1
878 918 1
878 983 1
879 913 1
879 942 1
879 966 1
879 984 1
879 996 1
880 898 1
880 899 1
880 902 1
880 916 1
880 918 1
880 919 1
880 945 1
880 952 1
880 959 1
880 995 1
881 882 1
881 922 1
881 930 1
881 932 1
881 933 1
881 935 1
881 936 1
881 996 1
881 999 1
882 924 1
882 927 1
882 931 1
882 955 1
882 956 1
882 991 1
883 885 1
883 920 1
883 976 1
883 998 1
884 894 1
884 900 1
884 903 1
884 904 1
884 933 1
884 960 1
884 977 1
884 985 1
884 989 1
884 991 1
885 915 1
885 946 1
885 954 1
885 961 1
885 962 1
885 982 1
886 903 1
886 913 1
886 917 1
886 920 1
886 931 1
886 945 1
886 952 1
886 978 1
886 985 1
886 990 1
887 896 1
887 908 1
887 958 1
887 972 1
887 981 1
888 919 1
888 929 1
888 944 1
888 972 1
888 977 1
889 914 1
889 925 1
889 927 1
889 949 1
889 958 1
890 895 1
890 899 1
890 901 1
890 934 1
890 943 1
890 955 1
890 979 1
890 988 1
890 990 1
891 900 1
891 938 1
891 944 1
891 948 1
891 950 1
891 969 1
891 974 1
891 975 1
891 980 1
891 988 1
891 995 1
892 923 1
892 924 1
892 945 1
892 987 1
893 899 1
893 950 1
893 955 1
893 970 1
893 985 1
894 923 1
894 926 1
894 967 1
894 997 1
895 906 1
895 931 1
895 985 1
895 995 1
896 929 1
896 938 1
896 996 1
897 902 1
897 905 1
897 912 1
897 940 1
897 943 1
897 968 1
898 941 1
898 959 1
898 962 1
898 981 1
898 998 1
899 911 1
899 915 1
899 917 1
899 954 1
899 961 1
899 977 1
899 979 1
899 987 1
899 996 1
900 901 1
900 937 1
900 944 1
900 961 1
900 963 1
900 975 1
900 979 1
901 926 1
901 940 1
901 942 1
901 944 1
901 953 1
901 980 1
901 986 1
901 991 1
901 997 1
902 922 1
902 932 1
902 939 1
902 948 1
902 971 1
902 978 1
902 982 1
903 921 1
903 935 1
903 951 1
903 961 1
903 965 1
903 983 1
903 984 1
903 991 1
904 925 1
904 952 1
904 979 1
905 934 1
905 941 1
905 945 1
905 951 1
905 956 1
905 983 1
905 984 1
906 935 1
906 940 1
906 944 1
907 929 1
907 931 1
907 951 1
908 919 1
908 921 1
908 928 1
908 933 1
908 956 1
908 963 1
908 969 1
908 982 1
908 1000 1
909 914 1
909 927 1
909 933 1
909 948 1
909 952 1
910 921 1
910 987 1
910 998 1
911 916 1
911 917 1
911 920 1
911 926 1
911 956 1
912 918 1
912 930 1
912 939 1
912 959 1
912 965 1
912 984 1
913 935 1
913 939 1
913 945 1
914 916 1
914 920 1
914 939 1
914 942 1
914 957 1
914 981 1
915 934 1
915 967 1
915 975 1
915 977 1
915 987 1
916 925 1
916 931 1
916 959 1
916 971 1
916 975 1
916 978 1
917 919 1
917 929 1
917 951 1
917 963 1
918 920 1
918 980 1
919 922 1
919 965 1
919 967 1
919 981 1
919 989 1
919 998 1
920 926 1
920 935 1
920 968 1
920 985 1
920 990 1
920 996 1
921 969 1
921 975 1
921 984 1
921 996 1
922 963 1
922 981 1
923 937 1
923 944 1
923 968 1
923 975 1
924 937 1
924 941 1
924 944 1
924 950 1
924 988 1
925 941 1
925 968 1
925 990 1
925 1000 1
926 942 1
926 943 1
926 949 1
926 967 1
926 997 1
926 1000 1
927 938 1
927 958 1
927 968 1
927 988 1
928 970 1
929 945 1
930 936 1
930 948 1
930 949 1
930 994 1
931 946 1
931 957 1
931 967 1
931 968 1
932 967 1
932 990 1
933 935 1
933 937 1
933 953 1
933 956 1
933 957 1
933 961 1
933 970 1
933 989 1
933 992 1
934 948 1
934 960 1
934 993 1
934 994 1
934 996 1
935 967 1
936 945 1
936 951 1
936 976 1
936 990 1
936 994 1
937 964 1
937 968 1
937 978 1
938 946 1
938 948 1
939 950 1
939 954 1
939 968 1
940 977 1
940 978 1
940 996 1
941 956 1
941 967 1
941 979 1
941 992 1
942 944 1
942 946 1
942 964 1
942 967 1
942 985 1
942 999 1
943 956 1
943 962 1
943 964 1
943 976 1
943 983 1
943 985 1
943 987 1
943 990 1
943 992 1
944 984 1
945 946 1
945 947 1
945 949 1
945 953 1
945 960 1
945 962 1
945 963 1
946 977 1
946 986 1
947 966 1
947 997 1
948 992 1
949 955 1
949 960 1
950 951 1
950 976 1
952 954 1
952 955 1
952 963 1
952 969 1
952 973 1
952 978 1
952 986 1
953 970 1
953 999 1
954 958 1
954 993 1
955 977 1
955 980 1
955 982 1
956 964 1
956 977 1
956 980 1
956 993 1
956 995 1
957 967 1
957 978 1
957 981 1
958 965 1
958 968 1
959 985 1
959 1000 1
961 976 1
961 986 1
962 991 1
963 974 1
963 981 1
964 971 1
964 984 1
964 990 1
966 983 1
966 989 1
966 995 1
966 997 1
967 971 1
967 985 1
967 999 1
968 972 1
968 998 1
969 980 1
969 986 1
970 971 1
970 981 1
970 992 1
971 974 1
973 985 1
973 992 1
974 981 1
978 982 1
978 998 1
979 985 1
979 991 1
980 990 1
980 995 1
982 983 1
982 1000 1
985 1000 1
990 994 1
992 999 1
