500 12379
1 11 1
1 21 1
1 25 1
1 37 1
1 39 1
1 63 1
1 76 1
1 80 1
1 107 1
1 127 1
1 133 1
1 144 1
1 152 1
1 172 1
1 197 1
1 218 1
1 229 1
1 239 1
1 242 1
1 245 1
1 260 1
1 270 1
1 273 1
1 275 1
1 286 1
1 288 1
1 303 1
1 309 1
1 337 1
1 354 1
1 361 1
1 365 1
1 369 1
1 378 1
1 391 1
1 394 1
1 408 1
1 409 1
1 416 1
1 417 1
1 419 1
1 442 1
1 455 1
1 456 1
1 468 1
1 479 1
1 486 1
1 494 1
2 26 1
2 28 1
2 32 1
2 42 1
2 46 1
2 57 1
2 101 1
2 112 1
2 141 1
2 142 1
2 145 1
2 147 1
2 155 1
2 164 1
2 171 1
2 190 1
2 194 1
2 197 1
2 198 1
2 199 1
2 216 1
2 222 1
2 230 1
2 232 1
2 234 1
2 244 1
2 252 1
2 300 1
2 301 1
2 316 1
2 341 1
2 356 1
2 386 1
2 390 1
2 395 1
2 402 1
2 407 1
2 408 1
2 412 1
2 414 1
2 424 1
2 439 1
2 471 1
2 493 1
3 7 1
3 10 1
3 11 1
3 18 1
3 33 1
3 43 1
3 53 1
3 54 1
3 72 1
3 73 1
3 82 1
3 89 1
3 102 1
3 106 1
3 107 1
3 115 1
3 125 1
3 130 1
3 136 1
3 137 1
3 138 1
3 144 1
3 146 1
3 165 1
3 167 1
3 168 1
3 195 1
3 199 1
3 223 1
3 266 1
3 280 1
3 291 1
3 326 1
3 332 1
3 334 1
3 349 1
3 352 1
3 379 1
3 387 1
3 395 1
3 399 1
3 403 1
3 406 1
3 411 1
3 412 1
3 417 1
3 430 1
3 433 1
3 440 1
3 452 1
3 453 1
3 456 1
3 458 1
4 8 1
4 16 1
4 30 1
4 42 1
4 49 1
4 53 1
4 57 1
4 59 1
4 68 1
4 83 1
4 85 1
4 92 1
4 98 1
4 111 1
4 112 1
4 122 1
4 126 1
4 167 1
4 176 1
4 177 1
4 191 1
4 201 1
4 225 1
4 228 1
4 229 1
4 230 1
4 245 1
4 250 1
4 258 1
4 280 1
4 287 1
4 309 1
4 313 1
4 314 1
4 316 1
4 321 1
4 326 1
4 347 1
4 353 1
4 359 1
4 366 1
4 382 1
4 384 1
4 396 1
4 402 1
4 421 1
4 423 1
4 433 1
4 434 1
4 448 1
4 464 1
4 473 1
4 476 1
4 484 1
4 496 1
4 498 1
5 23 1
5 39 1
5 63 1
5 72 1
5 90 1
5 101 1
5 102 1
5 110 1
5 125 1
5 140 1
5 168 1
5 171 1
5 174 1
5 176 1
5 194 1
5 206 1
5 222 1
5 226 1
5 228 1
5 230 1
5 252 1
5 271 1
5 280 1
5 285 1
5 293 1
5 304 1
5 308 1
5 317 1
5 318 1
5 320 1
5 327 1
5 351 1
5 353 1
5 360 1
5 364 1
5 376 1
5 403 1
5 407 1
5 409 1
5 422 1
5 457 1
5 458 1
5 481 1
6 16 1
6 39 1
6 50 1
6 69 1
6 76 1
6 80 1
6 92 1
6 96 1
6 97 1
6 103 1
6 116 1
6 123 1
6 132 1
6 161 1
6 172 1
6 220 1
6 224 1
6 233 1
6 235 1
6 239 1
6 272 1
6 273 1
6 282 1
6 289 1
6 296 1
6 297 1
6 302 1
6 312 1
6 369 1
6 371 1
6 377 1
6 386 1
6 388 1
6 407 1
6 438 1
6 450 1
6 451 1
6 463 1
6 473 1
6 474 1
6 490 1
6 492 1
7 12 1
7 13 1
7 19 1
7 23 1
7 53 1
7 58 1
7 66 1
7 73 1
7 104 1
7 139 1
7 162 1
7 172 1
7 177 1
7 210 1
7 212 1
7 222 1
7 250 1
7 259 1
7 261 1
7 264 1
7 316 1
7 317 1
7 319 1
7 354 1
7 360 1
7 397 1
7 399 1
7 416 1
7 420 1
7 437 1
7 438 1
7 447 1
7 481 1
7 488 1
7 493 1
7 499 1
8 27 1
8 32 1
8 53 1
8 69 1
8 101 1
8 108 1
8 117 1
8 131 1
8 132 1
8 155 1
8 170 1
8 176 1
8 186 1
8 196 1
8 198 1
8 208 1
8 209 1
8 239 1
8 240 1
8 242 1
8 273 1
8 284 1
8 296 1
8 301 1
8 337 1
8 338 1
8 346 1
8 357 1
8 369 1
8 382 1
8 383 1
8 384 1
8 385 1
8 396 1
8 405 1
8 407 1
8 417 1
8 426 1
8 430 1
8 433 1
8 435 1
8 448 1
8 452 1
8 468 1
8 472 1
8 474 1
8 486 1
8 488 1
8 498 1
9 17 1
9 23 1
9 29 1
9 37 1
9 41 1
9 44 1
9 52 1
9 63 1
9 70 1
9 80 1
9 114 1
9 120 1
9 126 1
9 127 1
9 131 1
9 137 1
9 140 1
9 145 1
9 154 1
9 159 1
9 175 1
9 202 1
9 204 1
9 222 1
9 224 1
9 242 1
9 243 1
9 264 1
9 269 1
9 273 1
9 274 1
9 281 1
9 283 1
9 291 1
9 302 1
9 307 1
9 312 1
9 326 1
9 341 1
9 345 1
9 346 1
9 352 1
9 368 1
9 382 1
9 384 1
9 387 1
9 408 1
9 411 1
9 422 1
9 428 1
9 429 1
9 455 1
9 468 1
9 479 1
9 497 1
10 44 1
10 46 1
10 50 1
10 53 1
10 63 1
10 73 1
10 74 1
10 82 1
10 84 1
10 127 1
10 129 1
10 144 1
10 152 1
10 159 1
10 160 1
10 161 1
10 172 1
10 173 1
10 176 1
10 219 1
10 230 1
10 236 1
10 239 1
10 265 1
10 278 1
10 280 1
10 302 1
10 311 1
10 316 1
10 346 1
10 356 1
10 357 1
10 365 1
10 370 1
10 372 1
10 400 1
10 429 1
10 437 1
10 444 1
10 445 1
10 451 1
10 457 1
10 489 1
10 492 1
10 500 1
11 18 1
11 21 1
11 32 1
11 61 1
11 90 1
11 96 1
11 105 1
11 106 1
11 110 1
11 115 1
11 130 1
11 144 1
11 145 1
11 158 1
11 161 1
11 163 1
11 168 1
11 237 1
11 259 1
11 260 1
11 261 1
11 263 1
11 276 1
11 279 1
11 280 1
11 302 1
11 305 1
11 322 1
11 332 1
11 348 1
11 349 1
11 381 1
11 385 1
11 447 1
11 457 1
11 467 1
11 468 1
11 475 1
11 480 1
11 500 1
12 13 1
12 31 1
12 41 1
12 42 1
12 44 1
12 51 1
12 94 1
12 95 1
12 101 1
12 111 1
12 113 1
12 118 1
12 121 1
12 153 1
12 158 1
12 174 1
12 177 1
12 180 1
12 188 1
12 190 1
12 191 1
12 200 1
12 205 1
12 209 1
12 213 1
12 216 1
12 217 1
12 246 1
12 263 1
12 264 1
12 265 1
12 272 1
12 278 1
12 280 1
12 292 1
12 316 1
12 325 1
12 338 1
12 351 1
12 360 1
12 364 1
12 366 1
12 413 1
12 415 1
12 417 1
12 418 1
12 437 1
12 453 1
12 462 1
12 463 1
12 466 1
12 488 1
12 491 1
13 14 1
13 16 1
13 22 1
13 27 1
13 34 1
13 35 1
13 36 1
13 42 1
13 44 1
13 47 1
13 56 1
13 61 1
13 72 1
13 76 1
13 81 1
13 99 1
13 114 1
13 120 1
13 130 1
13 157 1
13 227 1
13 230 1
13 237 1
13 252 1
13 264 1
13 270 1
13 274 1
13 315 1
13 317 1
13 323 1
13 332 1
13 336 1
13 344 1
13 347 1
13 351 1
13 360 1
13 361 1
13 369 1
13 370 1
13 372 1
13 417 1
13 421 1
13 440 1
13 450 1
13 457 1
13 472 1
13 484 1
13 489 1
14 16 1
14 17 1
14 26 1
14 83 1
14 90 1
14 112 1
14 114 1
14 147 1
14 151 1
14 155 1
14 157 1
14 161 1
14 176 1
14 191 1
14 223 1
14 235 1
14 256 1
14 258 1
14 281 1
14 287 1
14 289 1
14 330 1
14 337 1
14 338 1
14 339 1
14 342 1
14 347 1
14 374 1
14 383 1
14 397 1
14 430 1
14 440 1
14 442 1
14 447 1
14 459 1
14 463 1
14 465 1
14 467 1
14 475 1
14 495 1
15 30 1
15 48 1
15 54 1
15 61 1
15 92 1
15 110 1
15 111 1
15 115 1
15 136 1
15 148 1
15 155 1
15 165 1
15 178 1
15 179 1
15 188 1
15 190 1
15 204 1
15 210 1
15 215 1
15 225 1
15 240 1
15 241 1
15 246 1
15 266 1
15 279 1
15 295 1
15 296 1
15 301 1
15 313 1
15 315 1
15 326 1
15 335 1
15 337 1
15 357 1
15 359 1
15 360 1
15 361 1
15 370 1
15 377 1
15 383 1
15 396 1
15 418 1
15 435 1
15 447 1
15 462 1
15 489 1
16 29 1
16 32 1
16 36 1
16 39 1
16 40 1
16 43 1
16 50 1
16 57 1
16 68 1
16 72 1
16 76 1
16 78 1
16 80 1
16 98 1
16 104 1
16 106 1
16 108 1
16 112 1
16 129 1
16 130 1
16 139 1
16 191 1
16 199 1
16 214 1
16 230 1
16 250 1
16 264 1
16 278 1
16 297 1
16 306 1
16 333 1
16 336 1
16 388 1
16 399 1
16 410 1
16 414 1
16 420 1
16 442 1
16 443 1
16 449 1
16 453 1
16 460 1
16 466 1
16 478 1
16 479 1
16 480 1
16 495 1
17 20 1
17 21 1
17 38 1
17 46 1
17 51 1
17 58 1
17 60 1
17 61 1
17 80 1
17 105 1
17 122 1
17 157 1
17 158 1
17 160 1
17 162 1
17 164 1
17 173 1
17 186 1
17 187 1
17 195 1
17 198 1
17 206 1
17 207 1
17 213 1
17 222 1
17 252 1
17 267 1
17 285 1
17 291 1
17 292 1
17 294 1
17 313 1
17 343 1
17 351 1
17 380 1
17 381 1
17 382 1
17 384 1
17 389 1
17 392 1
17 399 1
17 400 1
17 428 1
17 451 1
17 456 1
17 468 1
17 473 1
17 498 1
18 33 1
18 35 1
18 36 1
18 106 1
18 113 1
18 122 1
18 124 1
18 125 1
18 135 1
18 136 1
18 145 1
18 162 1
18 163 1
18 176 1
18 197 1
18 198 1
18 211 1
18 224 1
18 228 1
18 250 1
18 258 1
18 260 1
18 261 1
18 285 1
18 287 1
18 288 1
18 321 1
18 327 1
18 328 1
18 335 1
18 343 1
18 345 1
18 347 1
18 362 1
18 375 1
18 405 1
18 437 1
18 446 1
18 451 1
18 454 1
18 465 1
18 472 1
18 494 1
19 29 1
19 36 1
19 40 1
19 41 1
19 46 1
19 53 1
19 63 1
19 77 1
19 84 1
19 93 1
19 107 1
19 110 1
19 118 1
19 124 1
19 138 1
19 144 1
19 151 1
19 165 1
19 184 1
19 190 1
19 196 1
19 223 1
19 227 1
19 231 1
19 244 1
19 258 1
19 263 1
19 270 1
19 275 1
19 282 1
19 300 1
19 310 1
19 311 1
19 327 1
19 372 1
19 378 1
19 381 1
19 387 1
19 391 1
19 417 1
19 429 1
19 455 1
19 458 1
19 481 1
19 483 1
19 489 1
19 500 1
20 24 1
20 27 1
20 30 1
20 38 1
20 45 1
20 51 1
20 53 1
20 62 1
20 69 1
20 88 1
20 90 1
20 94 1
20 120 1
20 135 1
20 147 1
20 156 1
20 163 1
20 171 1
20 178 1
20 181 1
20 223 1
20 252 1
20 257 1
20 266 1
20 267 1
20 275 1
20 287 1
20 294 1
20 314 1
20 325 1
20 329 1
20 330 1
20 332 1
20 334 1
20 339 1
20 349 1
20 355 1
20 368 1
20 370 1
20 379 1
20 395 1
20 439 1
20 455 1
20 463 1
20 475 1
20 491 1
20 500 1
21 28 1
21 39 1
21 40 1
21 53 1
21 54 1
21 63 1
21 64 1
21 87 1
21 90 1
21 93 1
21 94 1
21 130 1
21 147 1
21 151 1
21 153 1
21 158 1
21 160 1
21 166 1
21 173 1
21 189 1
21 195 1
21 219 1
21 220 1
21 238 1
21 244 1
21 247 1
21 248 1
21 249 1
21 258 1
21 292 1
21 293 1
21 297 1
21 298 1
21 316 1
21 331 1
21 336 1
21 362 1
21 367 1
21 382 1
21 394 1
21 397 1
21 406 1
21 433 1
21 461 1
22 45 1
22 66 1
22 78 1
22 79 1
22 90 1
22 101 1
22 110 1
22 122 1
22 127 1
22 141 1
22 151 1
22 163 1
22 176 1
22 177 1
22 192 1
22 221 1
22 228 1
22 231 1
22 243 1
22 246 1
22 267 1
22 269 1
22 271 1
22 278 1
22 286 1
22 298 1
22 312 1
22 319 1
22 331 1
22 337 1
22 339 1
22 343 1
22 345 1
22 362 1
22 364 1
22 388 1
22 394 1
22 396 1
22 409 1
22 436 1
22 442 1
22 477 1
23 28 1
23 33 1
23 46 1
23 79 1
23 80 1
23 81 1
23 134 1
23 138 1
23 140 1
23 149 1
23 156 1
23 171 1
23 183 1
23 188 1
23 189 1
23 193 1
23 195 1
23 202 1
23 214 1
23 216 1
23 251 1
23 258 1
23 264 1
23 273 1
23 279 1
23 284 1
23 285 1
23 286 1
23 294 1
23 296 1
23 304 1
23 305 1
23 321 1
23 340 1
23 347 1
23 350 1
23 356 1
23 398 1
23 404 1
23 417 1
23 432 1
23 457 1
23 460 1
23 473 1
23 478 1
23 479 1
23 480 1
23 493 1
24 83 1
24 93 1
24 94 1
24 103 1
24 106 1
24 114 1
24 117 1
24 127 1
24 132 1
24 141 1
24 143 1
24 158 1
24 170 1
24 185 1
24 226 1
24 227 1
24 235 1
24 244 1
24 249 1
24 253 1
24 255 1
24 267 1
24 294 1
24 298 1
24 301 1
24 302 1
24 315 1
24 334 1
24 337 1
24 340 1
24 351 1
24 362 1
24 365 1
24 371 1
24 388 1
24 391 1
24 394 1
24 396 1
24 415 1
24 425 1
24 432 1
24 435 1
24 450 1
24 462 1
24 469 1
24 470 1
24 475 1
24 477 1
24 478 1
24 480 1
24 485 1
24 489 1
25 31 1
25 46 1
25 52 1
25 61 1
25 69 1
25 80 1
25 82 1
25 88 1
25 102 1
25 106 1
25 111 1
25 116 1
25 118 1
25 121 1
25 127 1
25 137 1
25 143 1
25 144 1
25 186 1
25 187 1
25 227 1
25 229 1
25 230 1
25 245 1
25 263 1
25 274 1
25 307 1
25 317 1
25 343 1
25 348 1
25 349 1
25 353 1
25 365 1
25 375 1
25 378 1
25 382 1
25 390 1
25 391 1
25 394 1
25 401 1
25 410 1
25 421 1
25 436 1
25 451 1
25 456 1
25 457 1
25 458 1
25 471 1
25 478 1
26 29 1
26 40 1
26 93 1
26 98 1
26 114 1
26 115 1
26 117 1
26 136 1
26 140 1
26 149 1
26 152 1
26 194 1
26 200 1
26 211 1
26 224 1
26 236 1
26 245 1
26 253 1
26 279 1
26 280 1
26 315 1
26 317 1
26 325 1
26 353 1
26 365 1
26 371 1
26 375 1
26 397 1
26 408 1
26 412 1
26 430 1
26 438 1
26 447 1
26 448 1
26 459 1
26 472 1
26 478 1
26 482 1
26 487 1
26 496 1
27 31 1
27 32 1
27 43 1
27 45 1
27 81 1
27 95 1
27 102 1
27 135 1
27 144 1
27 194 1
27 205 1
27 207 1
27 211 1
27 227 1
27 234 1
27 257 1
27 263 1
27 277 1
27 289 1
27 298 1
27 306 1
27 312 1
27 318 1
27 329 1
27 337 1
27 341 1
27 344 1
27 348 1
27 355 1
27 356 1
27 375 1
27 381 1
27 388 1
27 394 1
27 395 1
27 410 1
27 411 1
27 412 1
27 415 1
27 425 1
27 455 1
27 465 1
27 468 1
27 485 1
27 495 1
28 31 1
28 39 1
28 53 1
28 55 1
28 67 1
28 72 1
28 91 1
28 96 1
28 98 1
28 99 1
28 127 1
28 128 1
28 160 1
28 180 1
28 182 1
28 190 1
28 203 1
28 223 1
28 236 1
28 238 1
28 250 1
28 253 1
28 271 1
28 276 1
28 277 1
28 278 1
28 287 1
28 313 1
28 316 1
28 323 1
28 346 1
28 354 1
28 358 1
28 385 1
28 422 1
28 428 1
28 441 1
28 452 1
28 453 1
28 462 1
28 481 1
29 30 1
29 33 1
29 38 1
29 56 1
29 57 1
29 88 1
29 109 1
29 112 1
29 113 1
29 120 1
29 124 1
29 126 1
29 137 1
29 157 1
29 158 1
29 159 1
29 167 1
29 186 1
29 187 1
29 194 1
29 218 1
29 220 1
29 229 1
29 250 1
29 251 1
29 262 1
29 267 1
29 294 1
29 300 1
29 305 1
29 333 1
29 355 1
29 359 1
29 360 1
29 376 1
29 394 1
29 425 1
29 428 1
29 429 1
29 435 1
29 461 1
29 496 1
30 31 1
30 34 1
30 35 1
30 53 1
30 54 1
30 58 1
30 62 1
30 68 1
30 75 1
30 76 1
30 83 1
30 96 1
30 101 1
30 114 1
30 121 1
30 126 1
30 129 1
30 130 1
30 135 1
30 147 1
30 149 1
30 164 1
30 165 1
30 172 1
30 173 1
30 201 1
30 224 1
30 231 1
30 234 1
30 256 1
30 257 1
30 272 1
30 282 1
30 283 1
30 293 1
30 297 1
30 329 1
30 333 1
30 338 1
30 370 1
30 371 1
30 407 1
30 431 1
30 442 1
30 446 1
30 451 1
30 453 1
30 458 1
30 460 1
30 468 1
30 476 1
30 477 1
30 481 1
30 492 1
31 38 1
31 44 1
31 77 1
31 88 1
31 94 1
31 97 1
31 110 1
31 114 1
31 122 1
31 125 1
31 126 1
31 129 1
31 131 1
31 142 1
31 148 1
31 149 1
31 151 1
31 165 1
31 173 1
31 176 1
31 177 1
31 203 1
31 204 1
31 227 1
31 240 1
31 242 1
31 252 1
31 262 1
31 301 1
31 317 1
31 321 1
31 350 1
31 369 1
31 376 1
31 384 1
31 411 1
31 413 1
31 421 1
31 431 1
31 445 1
31 457 1
32 36 1
32 37 1
32 53 1
32 72 1
32 124 1
32 126 1
32 129 1
32 155 1
32 160 1
32 164 1
32 178 1
32 196 1
32 212 1
32 216 1
32 242 1
32 250 1
32 254 1
32 257 1
32 272 1
32 274 1
32 282 1
32 298 1
32 336 1
32 406 1
32 414 1
32 421 1
32 446 1
32 457 1
32 461 1
32 493 1
32 498 1
33 38 1
33 47 1
33 48 1
33 56 1
33 57 1
33 72 1
33 74 1
33 95 1
33 107 1
33 111 1
33 115 1
33 136 1
33 137 1
33 140 1
33 145 1
33 146 1
33 154 1
33 177 1
33 178 1
33 181 1
33 195 1
33 215 1
33 242 1
33 249 1
33 254 1
33 260 1
33 268 1
33 270 1
33 295 1
33 300 1
33 312 1
33 317 1
33 337 1
33 342 1
33 360 1
33 363 1
33 382 1
33 389 1
33 390 1
33 399 1
33 420 1
33 460 1
33 465 1
33 468 1
33 474 1
33 476 1
33 482 1
34 62 1
34 72 1
34 85 1
34 88 1
34 90 1
34 92 1
34 96 1
34 103 1
34 107 1
34 118 1
34 137 1
34 152 1
34 161 1
34 170 1
34 172 1
34 190 1
34 201 1
34 213 1
34 214 1
34 217 1
34 218 1
34 230 1
34 289 1
34 292 1
34 335 1
34 343 1
34 350 1
34 354 1
34 357 1
34 359 1
34 361 1
34 365 1
34 370 1
34 374 1
34 377 1
34 406 1
34 414 1
34 429 1
34 435 1
34 443 1
34 476 1
34 479 1
34 489 1
34 496 1
35 56 1
35 60 1
35 62 1
35 64 1
35 76 1
35 82 1
35 117 1
35 136 1
35 137 1
35 161 1
35 167 1
35 173 1
35 186 1
35 195 1
35 229 1
35 249 1
35 254 1
35 259 1
35 262 1
35 273 1
35 282 1
35 287 1
35 296 1
35 303 1
35 322 1
35 323 1
35 327 1
35 345 1
35 355 1
35 368 1
35 369 1
35 388 1
35 392 1
35 395 1
35 426 1
35 433 1
36 37 1
36 53 1
36 55 1
36 57 1
36 68 1
36 91 1
36 98 1
36 104 1
36 108 1
36 110 1
36 117 1
36 118 1
36 134 1
36 135 1
36 146 1
36 151 1
36 178 1
36 181 1
36 185 1
36 192 1
36 194 1
36 214 1
36 233 1
36 241 1
36 249 1
36 284 1
36 285 1
36 295 1
36 307 1
36 311 1
36 317 1
36 338 1
36 348 1
36 351 1
36 353 1
36 357 1
36 363 1
36 365 1
36 371 1
36 382 1
36 388 1
36 400 1
36 407 1
36 420 1
36 441 1
36 456 1
36 484 1
37 52 1
37 77 1
37 84 1
37 86 1
37 102 1
37 104 1
37 115 1
37 127 1
37 130 1
37 132 1
37 138 1
37 158 1
37 160 1
37 171 1
37 174 1
37 183 1
37 188 1
37 192 1
37 198 1
37 202 1
37 208 1
37 219 1
37 228 1
37 233 1
37 236 1
37 243 1
37 246 1
37 252 1
37 259 1
37 268 1
37 271 1
37 282 1
37 295 1
37 307 1
37 308 1
37 311 1
37 312 1
37 314 1
37 318 1
37 333 1
37 336 1
37 349 1
37 354 1
37 363 1
37 378 1
37 397 1
37 414 1
37 418 1
37 422 1
37 439 1
37 449 1
37 471 1
38 57 1
38 84 1
38 89 1
38 104 1
38 110 1
38 126 1
38 131 1
38 142 1
38 157 1
38 159 1
38 164 1
38 165 1
38 174 1
38 182 1
38 190 1
38 211 1
38 238 1
38 249 1
38 258 1
38 287 1
38 289 1
38 293 1
38 327 1
38 328 1
38 334 1
38 337 1
38 350 1
38 389 1
38 421 1
38 422 1
38 428 1
38 430 1
38 437 1
38 442 1
38 445 1
38 451 1
38 457 1
38 477 1
38 483 1
38 485 1
38 487 1
39 42 1
39 43 1
39 52 1
39 55 1
39 58 1
39 61 1
39 76 1
39 78 1
39 90 1
39 95 1
39 108 1
39 112 1
39 117 1
39 126 1
39 129 1
39 138 1
39 141 1
39 150 1
39 172 1
39 174 1
39 182 1
39 189 1
39 198 1
39 203 1
39 204 1
39 210 1
39 230 1
39 237 1
39 244 1
39 248 1
39 270 1
39 272 1
39 282 1
39 288 1
39 292 1
39 309 1
39 319 1
39 328 1
39 336 1
39 342 1
39 346 1
39 362 1
39 371 1
39 385 1
39 395 1
39 398 1
39 402 1
39 407 1
39 410 1
39 451 1
39 455 1
39 458 1
39 461 1
39 467 1
39 469 1
39 479 1
39 483 1
39 484 1
39 485 1
39 490 1
40 68 1
40 75 1
40 83 1
40 90 1
40 93 1
40 111 1
40 128 1
40 131 1
40 133 1
40 141 1
40 164 1
40 168 1
40 171 1
40 183 1
40 226 1
40 241 1
40 242 1
40 248 1
40 253 1
40 254 1
40 259 1
40 269 1
40 287 1
40 292 1
40 300 1
40 307 1
40 318 1
40 319 1
40 338 1
40 351 1
40 372 1
40 379 1
40 394 1
40 428 1
40 431 1
40 443 1
40 473 1
40 481 1
40 490 1
40 498 1
41 45 1
41 58 1
41 68 1
41 70 1
41 101 1
41 110 1
41 117 1
41 129 1
41 138 1
41 143 1
41 148 1
41 158 1
41 177 1
41 210 1
41 211 1
41 214 1
41 231 1
41 249 1
41 262 1
41 263 1
41 264 1
41 270 1
41 274 1
41 283 1
41 290 1
41 300 1
41 309 1
41 317 1
41 337 1
41 339 1
41 353 1
41 360 1
41 361 1
41 365 1
41 377 1
41 380 1
41 394 1
41 416 1
41 424 1
41 437 1
41 441 1
41 456 1
41 463 1
41 465 1
42 45 1
42 52 1
42 59 1
42 65 1
42 73 1
42 79 1
42 90 1
42 110 1
42 116 1
42 150 1
42 152 1
42 153 1
42 155 1
42 180 1
42 213 1
42 216 1
42 218 1
42 229 1
42 240 1
42 243 1
42 266 1
42 275 1
42 278 1
42 308 1
42 309 1
42 337 1
42 349 1
42 350 1
42 356 1
42 361 1
42 369 1
42 390 1
42 393 1
42 406 1
42 417 1
42 436 1
42 442 1
42 445 1
42 448 1
42 467 1
42 487 1
43 44 1
43 98 1
43 100 1
43 101 1
43 107 1
43 114 1
43 116 1
43 137 1
43 140 1
43 158 1
43 178 1
43 191 1
43 202 1
43 207 1
43 213 1
43 214 1
43 217 1
43 218 1
43 229 1
43 259 1
43 260 1
43 278 1
43 290 1
43 303 1
43 304 1
43 309 1
43 322 1
43 327 1
43 350 1
43 361 1
43 384 1
43 402 1
43 406 1
43 409 1
43 411 1
43 429 1
43 466 1
43 497 1
44 55 1
44 64 1
44 68 1
44 70 1
44 90 1
44 105 1
44 110 1
44 117 1
44 134 1
44 151 1
44 155 1
44 168 1
44 169 1
44 176 1
44 180 1
44 218 1
44 234 1
44 256 1
44 270 1
44 272 1
44 275 1
44 305 1
44 313 1
44 317 1
44 323 1
44 345 1
44 353 1
44 355 1
44 363 1
44 364 1
44 365 1
44 386 1
44 389 1
44 391 1
44 401 1
44 407 1
44 415 1
44 418 1
44 423 1
44 444 1
44 456 1
44 459 1
44 474 1
44 490 1
44 493 1
44 496 1
44 499 1
45 51 1
45 64 1
45 85 1
45 91 1
45 126 1
45 133 1
45 141 1
45 155 1
45 194 1
45 207 1
45 209 1
45 224 1
45 228 1
45 240 1
45 251 1
45 255 1
45 261 1
45 271 1
45 273 1
45 285 1
45 317 1
45 328 1
45 355 1
45 358 1
45 360 1
45 371 1
45 376 1
45 385 1
45 388 1
45 392 1
45 406 1
45 411 1
45 412 1
45 414 1
45 426 1
45 430 1
45 431 1
45 439 1
45 441 1
45 444 1
45 452 1
45 473 1
45 481 1
45 484 1
45 491 1
45 498 1
46 51 1
46 57 1
46 60 1
46 89 1
46 94 1
46 100 1
46 107 1
46 163 1
46 165 1
46 176 1
46 192 1
46 197 1
46 198 1
46 202 1
46 203 1
46 204 1
46 223 1
46 267 1
46 275 1
46 292 1
46 293 1
46 310 1
46 312 1
46 318 1
46 320 1
46 322 1
46 330 1
46 342 1
46 343 1
46 360 1
46 366 1
46 369 1
46 370 1
46 375 1
46 390 1
46 391 1
46 418 1
46 420 1
46 443 1
46 451 1
46 464 1
46 470 1
46 475 1
46 480 1
47 49 1
47 66 1
47 91 1
47 105 1
47 112 1
47 115 1
47 130 1
47 147 1
47 155 1
47 164 1
47 191 1
47 195 1
47 196 1
47 205 1
47 208 1
47 226 1
47 234 1
47 269 1
47 286 1
47 297 1
47 326 1
47 364 1
47 372 1
47 410 1
47 422 1
47 429 1
47 431 1
47 434 1
47 435 1
47 437 1
47 439 1
47 452 1
47 467 1
47 475 1
47 483 1
48 70 1
48 72 1
48 76 1
48 83 1
48 84 1
48 99 1
48 103 1
48 111 1
48 114 1
48 139 1
48 148 1
48 153 1
48 159 1
48 177 1
48 183 1
48 195 1
48 205 1
48 218 1
48 219 1
48 222 1
48 223 1
48 231 1
48 239 1
48 246 1
48 249 1
48 274 1
48 283 1
48 284 1
48 287 1
48 293 1
48 299 1
48 311 1
48 313 1
48 323 1
48 327 1
48 344 1
48 374 1
48 398 1
48 420 1
48 434 1
48 443 1
48 444 1
48 458 1
48 459 1
48 460 1
48 471 1
48 473 1
48 476 1
48 477 1
48 478 1
48 480 1
48 484 1
48 487 1
48 490 1
48 499 1
49 54 1
49 61 1
49 82 1
49 99 1
49 122 1
49 135 1
49 161 1
49 169 1
49 174 1
49 196 1
49 197 1
49 204 1
49 211 1
49 251 1
49 264 1
49 272 1
49 277 1
49 297 1
49 310 1
49 317 1
49 322 1
49 334 1
49 340 1
49 344 1
49 352 1
49 355 1
49 362 1
49 393 1
49 412 1
49 432 1
49 433 1
49 434 1
49 438 1
49 449 1
49 451 1
49 470 1
49 487 1
50 57 1
50 59 1
50 69 1
50 74 1
50 75 1
50 76 1
50 90 1
50 91 1
50 96 1
50 102 1
50 113 1
50 117 1
50 127 1
50 173 1
50 181 1
50 195 1
50 201 1
50 204 1
50 214 1
50 228 1
50 233 1
50 234 1
50 252 1
50 261 1
50 264 1
50 269 1
50 273 1
50 279 1
50 289 1
50 297 1
50 318 1
50 324 1
50 330 1
50 335 1
50 336 1
50 394 1
50 404 1
50 406 1
50 421 1
50 427 1
50 431 1
50 432 1
50 438 1
50 448 1
50 452 1
50 470 1
50 474 1
50 481 1
50 494 1
51 52 1
51 57 1
51 66 1
51 68 1
51 70 1
51 99 1
51 102 1
51 110 1
51 125 1
51 127 1
51 137 1
51 161 1
51 166 1
51 193 1
51 194 1
51 206 1
51 215 1
51 234 1
51 271 1
51 273 1
51 276 1
51 288 1
51 290 1
51 300 1
51 309 1
51 331 1
51 349 1
51 359 1
51 401 1
51 426 1
51 427 1
51 432 1
51 434 1
51 440 1
51 443 1
51 460 1
51 464 1
51 475 1
51 486 1
52 56 1
52 62 1
52 73 1
52 77 1
52 79 1
52 86 1
52 92 1
52 98 1
52 102 1
52 107 1
52 119 1
52 121 1
52 125 1
52 132 1
52 134 1
52 141 1
52 168 1
52 176 1
52 179 1
52 186 1
52 188 1
52 201 1
52 202 1
52 213 1
52 219 1
52 224 1
52 225 1
52 229 1
52 235 1
52 236 1
52 240 1
52 243 1
52 257 1
52 270 1
52 301 1
52 320 1
52 328 1
52 337 1
52 360 1
52 372 1
52 382 1
52 391 1
52 394 1
52 397 1
52 398 1
52 399 1
52 406 1
52 426 1
52 442 1
52 443 1
52 453 1
52 466 1
52 471 1
52 485 1
52 488 1
53 59 1
53 60 1
53 66 1
53 78 1
53 82 1
53 83 1
53 92 1
53 94 1
53 102 1
53 106 1
53 110 1
53 117 1
53 118 1
53 125 1
53 144 1
53 145 1
53 156 1
53 160 1
53 161 1
53 186 1
53 202 1
53 210 1
53 258 1
53 271 1
53 291 1
53 305 1
53 317 1
53 319 1
53 354 1
53 368 1
53 383 1
53 416 1
53 418 1
53 428 1
53 433 1
53 453 1
53 456 1
53 471 1
53 484 1
53 498 1
54 65 1
54 79 1
54 83 1
54 84 1
54 85 1
54 102 1
54 106 1
54 107 1
54 112 1
54 128 1
54 129 1
54 145 1
54 171 1
54 173 1
54 180 1
54 182 1
54 222 1
54 241 1
54 266 1
54 268 1
54 314 1
54 332 1
54 334 1
54 337 1
54 347 1
54 354 1
54 363 1
54 374 1
54 398 1
54 404 1
54 407 1
54 413 1
54 432 1
54 434 1
54 438 1
54 440 1
54 458 1
54 485 1
54 488 1
55 57 1
55 73 1
55 77 1
55 103 1
55 113 1
55 125 1
55 130 1
55 131 1
55 133 1
55 136 1
55 137 1
55 142 1
55 162 1
55 185 1
55 197 1
55 200 1
55 209 1
55 224 1
55 242 1
55 251 1
55 270 1
55 276 1
55 281 1
55 283 1
55 305 1
55 313 1
55 316 1
55 322 1
55 329 1
55 335 1
55 339 1
55 344 1
55 379 1
55 397 1
55 417 1
55 421 1
55 446 1
55 448 1
55 460 1
55 461 1
55 478 1
55 488 1
55 496 1
56 83 1
56 102 1
56 123 1
56 162 1
56 168 1
56 177 1
56 184 1
56 193 1
56 202 1
56 204 1
56 221 1
56 227 1
56 246 1
56 253 1
56 285 1
56 295 1
56 316 1
56 377 1
56 380 1
56 381 1
56 384 1
56 390 1
56 397 1
56 402 1
56 412 1
56 417 1
56 426 1
56 427 1
56 438 1
56 460 1
56 476 1
56 480 1
56 483 1
56 491 1
56 497 1
57 63 1
57 66 1
57 92 1
57 97 1
57 98 1
57 100 1
57 104 1
57 115 1
57 127 1
57 156 1
57 173 1
57 174 1
57 181 1
57 191 1
57 195 1
57 216 1
57 221 1
57 229 1
57 231 1
57 251 1
57 253 1
57 256 1
57 260 1
57 265 1
57 284 1
57 293 1
57 295 1
57 314 1
57 319 1
57 328 1
57 345 1
57 349 1
57 363 1
57 373 1
57 378 1
57 388 1
57 391 1
57 393 1
57 394 1
57 403 1
57 406 1
57 420 1
57 429 1
57 471 1
57 472 1
57 480 1
57 491 1
58 65 1
58 80 1
58 102 1
58 113 1
58 126 1
58 135 1
58 136 1
58 156 1
58 162 1
58 183 1
58 186 1
58 192 1
58 201 1
58 208 1
58 215 1
58 216 1
58 217 1
58 223 1
58 237 1
58 240 1
58 254 1
58 299 1
58 306 1
58 328 1
58 340 1
58 342 1
58 343 1
58 354 1
58 360 1
58 370 1
58 374 1
58 376 1
58 380 1
58 386 1
58 387 1
58 394 1
58 410 1
58 415 1
58 419 1
58 426 1
58 427 1
58 457 1
58 471 1
58 474 1
58 480 1
58 486 1
59 65 1
59 69 1
59 84 1
59 135 1
59 137 1
59 150 1
59 151 1
59 153 1
59 170 1
59 200 1
59 202 1
59 215 1
59 228 1
59 229 1
59 233 1
59 237 1
59 251 1
59 273 1
59 284 1
59 333 1
59 334 1
59 335 1
59 336 1
59 337 1
59 344 1
59 347 1
59 349 1
59 359 1
59 368 1
59 377 1
59 388 1
59 408 1
59 421 1
59 430 1
59 435 1
59 452 1
59 459 1
59 495 1
60 90 1
60 99 1
60 116 1
60 146 1
60 173 1
60 176 1
60 178 1
60 186 1
60 201 1
60 203 1
60 222 1
60 259 1
60 265 1
60 271 1
60 273 1
60 283 1
60 299 1
60 311 1
60 316 1
60 318 1
60 325 1
60 327 1
60 332 1
60 338 1
60 344 1
60 345 1
60 347 1
60 359 1
60 377 1
60 395 1
60 399 1
60 411 1
60 414 1
60 430 1
60 431 1
60 436 1
60 444 1
60 445 1
60 450 1
60 471 1
60 484 1
60 487 1
60 491 1
61 77 1
61 78 1
61 88 1
61 92 1
61 98 1
61 117 1
61 127 1
61 132 1
61 153 1
61 163 1
61 172 1
61 184 1
61 194 1
61 195 1
61 201 1
61 222 1
61 228 1
61 270 1
61 279 1
61 289 1
61 296 1
61 319 1
61 320 1
61 330 1
61 350 1
61 352 1
61 360 1
61 368 1
61 380 1
61 388 1
61 399 1
61 401 1
61 406 1
61 410 1
61 428 1
61 451 1
61 459 1
61 464 1
61 473 1
61 476 1
61 479 1
61 497 1
62 78 1
62 84 1
62 147 1
62 152 1
62 163 1
62 176 1
62 181 1
62 182 1
62 216 1
62 225 1
62 239 1
62 252 1
62 271 1
62 272 1
62 281 1
62 290 1
62 301 1
62 303 1
62 317 1
62 349 1
62 352 1
62 362 1
62 370 1
62 394 1
62 414 1
62 426 1
62 445 1
62 446 1
62 465 1
62 469 1
62 478 1
62 484 1
62 499 1
63 107 1
63 119 1
63 120 1
63 126 1
63 137 1
63 140 1
63 143 1
63 146 1
63 168 1
63 169 1
63 174 1
63 181 1
63 187 1
63 188 1
63 195 1
63 196 1
63 210 1
63 212 1
63 274 1
63 275 1
63 284 1
63 294 1
63 295 1
63 302 1
63 305 1
63 314 1
63 323 1
63 327 1
63 330 1
63 334 1
63 369 1
63 374 1
63 381 1
63 390 1
63 394 1
63 399 1
63 403 1
63 416 1
63 420 1
63 427 1
63 432 1
63 434 1
63 435 1
63 441 1
63 443 1
63 456 1
63 469 1
63 481 1
63 484 1
63 491 1
64 85 1
64 89 1
64 96 1
64 103 1
64 111 1
64 116 1
64 122 1
64 145 1
64 156 1
64 166 1
64 202 1
64 207 1
64 210 1
64 215 1
64 228 1
64 244 1
64 254 1
64 280 1
64 287 1
64 291 1
64 292 1
64 297 1
64 308 1
64 337 1
64 341 1
64 351 1
64 359 1
64 364 1
64 384 1
64 396 1
64 401 1
64 403 1
64 404 1
64 407 1
64 416 1
64 420 1
64 424 1
64 454 1
64 457 1
64 464 1
64 493 1
64 494 1
64 495 1
64 496 1
65 68 1
65 80 1
65 90 1
65 91 1
65 93 1
65 94 1
65 111 1
65 112 1
65 143 1
65 153 1
65 156 1
65 157 1
65 164 1
65 189 1
65 195 1
65 196 1
65 207 1
65 208 1
65 231 1
65 242 1
65 243 1
65 271 1
65 275 1
65 289 1
65 290 1
65 293 1
65 297 1
65 302 1
65 307 1
65 311 1
65 315 1
65 326 1
65 342 1
65 352 1
65 356 1
65 362 1
65 369 1
65 391 1
65 392 1
65 413 1
65 418 1
65 442 1
65 450 1
65 451 1
65 452 1
65 467 1
65 468 1
65 497 1
66 67 1
66 75 1
66 79 1
66 81 1
66 91 1
66 92 1
66 100 1
66 101 1
66 109 1
66 130 1
66 135 1
66 137 1
66 162 1
66 171 1
66 173 1
66 178 1
66 180 1
66 187 1
66 201 1
66 220 1
66 222 1
66 224 1
66 226 1
66 229 1
66 239 1
66 251 1
66 255 1
66 295 1
66 305 1
66 308 1
66 309 1
66 330 1
66 333 1
66 335 1
66 351 1
66 354 1
66 356 1
66 369 1
66 374 1
66 378 1
66 379 1
66 389 1
66 399 1
66 401 1
66 407 1
66 416 1
66 418 1
66 431 1
66 456 1
66 467 1
66 484 1
67 75 1
67 81 1
67 93 1
67 97 1
67 111 1
67 118 1
67 125 1
67 146 1
67 161 1
67 165 1
67 166 1
67 170 1
67 189 1
67 190 1
67 194 1
67 217 1
67 222 1
67 240 1
67 252 1
67 271 1
67 286 1
67 323 1
67 325 1
67 333 1
67 343 1
67 353 1
67 358 1
67 381 1
67 404 1
67 405 1
67 440 1
67 448 1
67 472 1
67 478 1
67 489 1
67 492 1
67 495 1
67 496 1
67 500 1
68 91 1
68 92 1
68 103 1
68 107 1
68 116 1
68 120 1
68 122 1
68 133 1
68 137 1
68 150 1
68 152 1
68 153 1
68 156 1
68 164 1
68 171 1
68 177 1
68 181 1
68 195 1
68 196 1
68 210 1
68 216 1
68 230 1
68 235 1
68 263 1
68 282 1
68 286 1
68 306 1
68 321 1
68 350 1
68 369 1
68 370 1
68 378 1
68 388 1
68 389 1
68 403 1
68 404 1
68 420 1
68 424 1
68 443 1
68 450 1
68 456 1
68 469 1
68 486 1
69 79 1
69 82 1
69 86 1
69 100 1
69 102 1
69 110 1
69 117 1
69 119 1
69 124 1
69 130 1
69 139 1
69 168 1
69 171 1
69 190 1
69 196 1
69 208 1
69 209 1
69 210 1
69 212 1
69 222 1
69 225 1
69 235 1
69 239 1
69 245 1
69 247 1
69 262 1
69 264 1
69 272 1
69 280 1
69 289 1
69 304 1
69 318 1
69 346 1
69 349 1
69 360 1
69 369 1
69 383 1
69 384 1
69 387 1
69 407 1
69 418 1
69 424 1
69 430 1
69 443 1
69 446 1
69 456 1
69 468 1
69 483 1
69 494 1
70 80 1
70 86 1
70 121 1
70 152 1
70 194 1
70 211 1
70 224 1
70 231 1
70 243 1
70 245 1
70 280 1
70 281 1
70 289 1
70 290 1
70 292 1
70 295 1
70 297 1
70 300 1
70 303 1
70 306 1
70 310 1
70 318 1
70 335 1
70 343 1
70 367 1
70 378 1
70 379 1
70 392 1
70 408 1
70 410 1
70 415 1
70 416 1
70 435 1
70 445 1
70 467 1
70 468 1
70 473 1
70 477 1
70 479 1
70 483 1
71 75 1
71 79 1
71 91 1
71 102 1
71 114 1
71 122 1
71 125 1
71 154 1
71 168 1
71 178 1
71 180 1
71 183 1
71 202 1
71 235 1
71 241 1
71 249 1
71 251 1
71 267 1
71 272 1
71 273 1
71 279 1
71 281 1
71 289 1
71 297 1
71 298 1
71 304 1
71 342 1
71 347 1
71 348 1
71 353 1
71 368 1
71 375 1
71 397 1
71 414 1
71 418 1
71 433 1
71 437 1
71 449 1
71 454 1
71 485 1
71 487 1
71 497 1
72 79 1
72 86 1
72 115 1
72 118 1
72 127 1
72 131 1
72 136 1
72 151 1
72 180 1
72 181 1
72 185 1
72 194 1
72 195 1
72 197 1
72 202 1
72 232 1
72 240 1
72 243 1
72 249 1
72 263 1
72 264 1
72 268 1
72 288 1
72 301 1
72 302 1
72 305 1
72 322 1
72 326 1
72 344 1
72 348 1
72 351 1
72 355 1
72 370 1
72 373 1
72 383 1
72 397 1
72 404 1
72 407 1
72 423 1
72 435 1
72 467 1
72 473 1
73 75 1
73 96 1
73 98 1
73 104 1
73 120 1
73 135 1
73 138 1
73 140 1
73 144 1
73 150 1
73 165 1
73 187 1
73 188 1
73 194 1
73 209 1
73 221 1
73 233 1
73 235 1
73 269 1
73 271 1
73 281 1
73 284 1
73 317 1
73 323 1
73 330 1
73 334 1
73 338 1
73 339 1
73 357 1
73 377 1
73 380 1
73 388 1
73 393 1
73 410 1
73 437 1
73 438 1
73 445 1
73 451 1
73 454 1
73 467 1
73 479 1
73 483 1
73 486 1
73 488 1
73 495 1
73 496 1
74 102 1
74 109 1
74 150 1
74 154 1
74 176 1
74 183 1
74 185 1
74 186 1
74 194 1
74 242 1
74 244 1
74 254 1
74 267 1
74 275 1
74 280 1
74 313 1
74 321 1
74 333 1
74 347 1
74 355 1
74 361 1
74 374 1
74 395 1
74 396 1
74 399 1
74 404 1
74 429 1
74 436 1
74 446 1
74 464 1
74 481 1
74 482 1
74 488 1
75 78 1
75 80 1
75 86 1
75 111 1
75 134 1
75 135 1
75 161 1
75 175 1
75 198 1
75 219 1
75 239 1
75 244 1
75 251 1
75 276 1
75 277 1
75 293 1
75 351 1
75 365 1
75 388 1
75 392 1
75 405 1
75 409 1
75 416 1
75 427 1
75 433 1
75 447 1
75 453 1
75 488 1
75 492 1
75 499 1
76 91 1
76 94 1
76 98 1
76 108 1
76 147 1
76 172 1
76 195 1
76 220 1
76 226 1
76 228 1
76 230 1
76 243 1
76 250 1
76 266 1
76 272 1
76 287 1
76 293 1
76 308 1
76 310 1
76 319 1
76 379 1
76 391 1
76 395 1
76 406 1
76 419 1
76 437 1
76 443 1
76 445 1
76 448 1
76 449 1
76 452 1
76 467 1
76 474 1
76 475 1
76 485 1
76 486 1
76 487 1
77 78 1
77 82 1
77 124 1
77 125 1
77 126 1
77 151 1
77 154 1
77 165 1
77 170 1
77 205 1
77 209 1
77 212 1
77 227 1
77 230 1
77 231 1
77 235 1
77 261 1
77 263 1
77 269 1
77 275 1
77 291 1
77 305 1
77 306 1
77 308 1
77 309 1
77 314 1
77 315 1
77 323 1
77 325 1
77 350 1
77 357 1
77 366 1
77 368 1
77 369 1
77 391 1
77 399 1
77 402 1
77 410 1
77 423 1
77 425 1
77 454 1
77 459 1
77 465 1
77 470 1
77 472 1
77 484 1
78 80 1
78 123 1
78 150 1
78 153 1
78 161 1
78 184 1
78 193 1
78 196 1
78 198 1
78 201 1
78 205 1
78 214 1
78 222 1
78 223 1
78 226 1
78 230 1
78 248 1
78 276 1
78 293 1
78 299 1
78 302 1
78 309 1
78 336 1
78 337 1
78 342 1
78 345 1
78 372 1
78 373 1
78 378 1
78 392 1
78 399 1
78 400 1
78 404 1
78 421 1
78 436 1
78 443 1
78 452 1
78 462 1
78 467 1
78 474 1
78 489 1
78 494 1
78 499 1
79 82 1
79 147 1
79 153 1
79 176 1
79 209 1
79 242 1
79 259 1
79 260 1
79 287 1
79 301 1
79 302 1
79 316 1
79 329 1
79 342 1
79 350 1
79 379 1
79 410 1
79 421 1
79 425 1
79 438 1
79 441 1
79 442 1
79 447 1
79 459 1
79 464 1
79 468 1
79 474 1
79 475 1
80 109 1
80 116 1
80 148 1
80 155 1
80 160 1
80 167 1
80 196 1
80 212 1
80 218 1
80 226 1
80 249 1
80 250 1
80 253 1
80 260 1
80 264 1
80 267 1
80 289 1
80 315 1
80 319 1
80 340 1
80 347 1
80 352 1
80 367 1
80 369 1
80 370 1
80 371 1
80 375 1
80 396 1
80 412 1
80 432 1
80 442 1
80 445 1
80 457 1
80 483 1
80 486 1
80 494 1
81 94 1
81 109 1
81 110 1
81 127 1
81 135 1
81 139 1
81 145 1
81 150 1
81 153 1
81 166 1
81 179 1
81 186 1
81 188 1
81 198 1
81 209 1
81 210 1
81 212 1
81 240 1
81 255 1
81 261 1
81 306 1
81 318 1
81 321 1
81 324 1
81 332 1
81 343 1
81 357 1
81 361 1
81 362 1
81 365 1
81 371 1
81 375 1
81 380 1
81 381 1
81 384 1
81 401 1
81 448 1
81 460 1
81 461 1
81 463 1
81 467 1
81 482 1
81 485 1
81 489 1
82 101 1
82 106 1
82 109 1
82 115 1
82 117 1
82 120 1
82 130 1
82 160 1
82 185 1
82 187 1
82 196 1
82 200 1
82 203 1
82 210 1
82 213 1
82 216 1
82 231 1
82 257 1
82 266 1
82 282 1
82 311 1
82 317 1
82 325 1
82 333 1
82 347 1
82 349 1
82 352 1
82 354 1
82 392 1
82 397 1
82 404 1
82 440 1
82 459 1
82 460 1
83 93 1
83 99 1
83 125 1
83 159 1
83 167 1
83 174 1
83 177 1
83 189 1
83 195 1
83 199 1
83 211 1
83 219 1
83 229 1
83 236 1
83 240 1
83 280 1
83 281 1
83 289 1
83 301 1
83 307 1
83 315 1
83 329 1
83 358 1
83 362 1
83 392 1
83 394 1
83 396 1
83 412 1
83 445 1
83 456 1
83 497 1
83 500 1
84 97 1
84 111 1
84 118 1
84 121 1
84 141 1
84 150 1
84 160 1
84 163 1
84 179 1
84 194 1
84 205 1
84 208 1
84 211 1
84 214 1
84 219 1
84 229 1
84 232 1
84 235 1
84 237 1
84 238 1
84 261 1
84 270 1
84 282 1
84 284 1
84 286 1
84 296 1
84 297 1
84 299 1
84 301 1
84 303 1
84 322 1
84 333 1
84 337 1
84 339 1
84 340 1
84 352 1
84 355 1
84 359 1
84 369 1
84 396 1
84 405 1
84 416 1
84 445 1
84 453 1
84 459 1
84 480 1
84 486 1
84 491 1
84 492 1
85 97 1
85 103 1
85 105 1
85 108 1
85 123 1
85 132 1
85 134 1
85 161 1
85 174 1
85 186 1
85 187 1
85 195 1
85 216 1
85 230 1
85 233 1
85 236 1
85 244 1
85 266 1
85 268 1
85 288 1
85 315 1
85 324 1
85 350 1
85 380 1
85 385 1
85 389 1
85 395 1
85 396 1
85 402 1
85 404 1
85 412 1
85 419 1
85 427 1
85 428 1
85 432 1
85 449 1
85 451 1
85 456 1
85 466 1
85 470 1
85 471 1
85 488 1
85 494 1
86 95 1
86 100 1
86 128 1
86 132 1
86 143 1
86 154 1
86 168 1
86 175 1
86 176 1
86 184 1
86 191 1
86 199 1
86 211 1
86 213 1
86 217 1
86 235 1
86 249 1
86 259 1
86 266 1
86 276 1
86 285 1
86 320 1
86 329 1
86 335 1
86 341 1
86 343 1
86 374 1
86 380 1
86 398 1
86 411 1
86 420 1
86 443 1
86 464 1
86 473 1
86 478 1
86 497 1
87 93 1
87 97 1
87 99 1
87 104 1
87 106 1
87 124 1
87 144 1
87 172 1
87 176 1
87 215 1
87 218 1
87 240 1
87 244 1
87 258 1
87 272 1
87 275 1
87 276 1
87 286 1
87 287 1
87 316 1
87 322 1
87 323 1
87 324 1
87 328 1
87 333 1
87 334 1
87 341 1
87 346 1
87 350 1
87 354 1
87 357 1
87 361 1
87 362 1
87 372 1
87 377 1
87 381 1
87 386 1
87 388 1
87 394 1
87 405 1
87 437 1
87 444 1
87 476 1
87 482 1
87 493 1
87 499 1
88 100 1
88 105 1
88 112 1
88 127 1
88 140 1
88 168 1
88 208 1
88 211 1
88 213 1
88 267 1
88 273 1
88 284 1
88 288 1
88 297 1
88 301 1
88 305 1
88 308 1
88 311 1
88 322 1
88 335 1
88 340 1
88 357 1
88 362 1
88 365 1
88 366 1
88 395 1
88 401 1
88 416 1
88 425 1
88 426 1
88 430 1
88 434 1
88 436 1
88 441 1
88 455 1
88 470 1
89 96 1
89 103 1
89 124 1
89 144 1
89 155 1
89 157 1
89 163 1
89 165 1
89 178 1
89 186 1
89 190 1
89 205 1
89 210 1
89 213 1
89 232 1
89 259 1
89 262 1
89 269 1
89 271 1
89 273 1
89 274 1
89 283 1
89 295 1
89 315 1
89 317 1
89 330 1
89 331 1
89 340 1
89 345 1
89 350 1
89 362 1
89 375 1
89 384 1
89 388 1
89 392 1
89 398 1
89 400 1
89 402 1
89 408 1
89 417 1
89 420 1
89 430 1
89 438 1
89 444 1
89 450 1
89 460 1
89 464 1
89 468 1
89 471 1
89 473 1
89 486 1
89 492 1
90 91 1
90 93 1
90 122 1
90 145 1
90 147 1
90 164 1
90 166 1
90 169 1
90 185 1
90 205 1
90 206 1
90 210 1
90 211 1
90 217 1
90 222 1
90 226 1
90 272 1
90 275 1
90 279 1
90 289 1
90 292 1
90 309 1
90 347 1
90 362 1
90 366 1
90 391 1
90 399 1
90 414 1
90 415 1
90 448 1
90 449 1
90 457 1
90 467 1
90 476 1
90 488 1
91 110 1
91 111 1
91 119 1
91 125 1
91 129 1
91 139 1
91 174 1
91 175 1
91 216 1
91 217 1
91 226 1
91 232 1
91 241 1
91 248 1
91 257 1
91 263 1
91 271 1
91 277 1
91 279 1
91 282 1
91 292 1
91 300 1
91 301 1
91 318 1
91 337 1
91 346 1
91 348 1
91 367 1
91 394 1
91 415 1
91 451 1
91 477 1
91 480 1
91 486 1
91 489 1
91 494 1
92 105 1
92 110 1
92 125 1
92 139 1
92 141 1
92 145 1
92 157 1
92 160 1
92 174 1
92 191 1
92 196 1
92 197 1
92 221 1
92 223 1
92 231 1
92 237 1
92 261 1
92 264 1
92 271 1
92 272 1
92 278 1
92 289 1
92 310 1
92 323 1
92 335 1
92 339 1
92 341 1
92 347 1
92 355 1
92 365 1
92 366 1
92 376 1
92 423 1
92 455 1
92 467 1
92 482 1
92 491 1
92 495 1
92 500 1
93 94 1
93 104 1
93 113 1
93 117 1
93 118 1
93 188 1
93 190 1
93 198 1
93 200 1
93 204 1
93 216 1
93 218 1
93 236 1
93 237 1
93 238 1
93 240 1
93 250 1
93 253 1
93 258 1
93 260 1
93 261 1
93 275 1
93 277 1
93 281 1
93 284 1
93 289 1
93 293 1
93 323 1
93 341 1
93 349 1
93 353 1
93 377 1
93 378 1
93 401 1
93 424 1
93 431 1
93 432 1
93 440 1
93 444 1
93 482 1
93 488 1
93 497 1
94 103 1
94 117 1
94 125 1
94 153 1
94 163 1
94 166 1
94 169 1
94 172 1
94 182 1
94 192 1
94 211 1
94 214 1
94 217 1
94 223 1
94 226 1
94 236 1
94 266 1
94 279 1
94 290 1
94 318 1
94 325 1
94 328 1
94 337 1
94 343 1
94 350 1
94 382 1
94 387 1
94 392 1
94 395 1
94 406 1
94 408 1
94 440 1
94 447 1
94 461 1
94 474 1
94 476 1
94 477 1
94 487 1
94 489 1
94 500 1
95 97 1
95 108 1
95 130 1
95 144 1
95 160 1
95 166 1
95 172 1
95 219 1
95 221 1
95 226 1
95 236 1
95 237 1
95 243 1
95 245 1
95 247 1
95 256 1
95 271 1
95 286 1
95 288 1
95 294 1
95 300 1
95 308 1
95 309 1
95 311 1
95 314 1
95 315 1
95 316 1
95 317 1
95 324 1
95 325 1
95 333 1
95 338 1
95 340 1
95 387 1
95 392 1
95 402 1
95 407 1
95 413 1
95 416 1
95 422 1
95 429 1
95 433 1
95 436 1
95 438 1
95 445 1
95 452 1
95 462 1
95 475 1
95 476 1
95 477 1
95 490 1
96 97 1
96 111 1
96 119 1
96 124 1
96 136 1
96 140 1
96 145 1
96 153 1
96 159 1
96 162 1
96 175 1
96 188 1
96 196 1
96 201 1
96 212 1
96 218 1
96 225 1
96 230 1
96 262 1
96 278 1
96 279 1
96 287 1
96 291 1
96 292 1
96 298 1
96 319 1
96 322 1
96 327 1
96 340 1
96 343 1
96 347 1
96 359 1
96 369 1
96 372 1
96 376 1
96 393 1
96 441 1
96 451 1
96 460 1
96 469 1
96 475 1
96 477 1
96 482 1
97 122 1
97 137 1
97 138 1
97 140 1
97 162 1
97 175 1
97 180 1
97 202 1
97 207 1
97 217 1
97 229 1
97 245 1
97 251 1
97 252 1
97 259 1
97 260 1
97 268 1
97 280 1
97 281 1
97 286 1
97 287 1
97 296 1
97 306 1
97 308 1
97 316 1
97 324 1
97 329 1
97 332 1
97 337 1
97 351 1
97 384 1
97 389 1
97 408 1
97 411 1
97 424 1
97 455 1
97 460 1
97 463 1
97 471 1
97 472 1
97 475 1
97 477 1
97 491 1
98 99 1
98 113 1
98 131 1
98 137 1
98 146 1
98 153 1
98 172 1
98 187 1
98 188 1
98 190 1
98 206 1
98 216 1
98 224 1
98 234 1
98 237 1
98 248 1
98 261 1
98 265 1
98 267 1
98 274 1
98 279 1
98 292 1
98 308 1
98 311 1
98 320 1
98 324 1
98 336 1
98 339 1
98 360 1
98 367 1
98 387 1
98 388 1
98 398 1
98 405 1
98 410 1
98 422 1
98 429 1
98 436 1
98 438 1
98 442 1
98 451 1
98 454 1
98 466 1
98 487 1
98 498 1
99 105 1
99 111 1
99 121 1
99 122 1
99 123 1
99 125 1
99 143 1
99 144 1
99 147 1
99 150 1
99 177 1
99 230 1
99 247 1
99 257 1
99 261 1
99 265 1
99 298 1
99 299 1
99 331 1
99 339 1
99 384 1
99 397 1
99 427 1
99 428 1
99 440 1
99 442 1
99 453 1
99 454 1
99 456 1
99 469 1
99 500 1
100 117 1
100 123 1
100 135 1
100 136 1
100 137 1
100 141 1
100 150 1
100 152 1
100 155 1
100 157 1
100 181 1
100 187 1
100 192 1
100 195 1
100 222 1
100 226 1
100 233 1
100 236 1
100 248 1
100 263 1
100 265 1
100 296 1
100 304 1
100 310 1
100 327 1
100 328 1
100 340 1
100 344 1
100 367 1
100 376 1
100 380 1
100 389 1
100 394 1
100 397 1
100 407 1
100 413 1
100 420 1
100 436 1
100 445 1
100 460 1
100 467 1
100 478 1
101 108 1
101 112 1
101 114 1
101 116 1
101 124 1
101 135 1
101 144 1
101 154 1
101 165 1
101 168 1
101 181 1
101 196 1
101 198 1
101 199 1
101 223 1
101 224 1
101 238 1
101 240 1
101 241 1
101 246 1
101 247 1
101 253 1
101 260 1
101 318 1
101 326 1
101 329 1
101 330 1
101 334 1
101 340 1
101 348 1
101 363 1
101 372 1
101 386 1
101 396 1
101 398 1
101 418 1
101 423 1
101 447 1
101 451 1
101 455 1
101 467 1
101 474 1
101 482 1
101 497 1
102 116 1
102 129 1
102 136 1
102 149 1
102 185 1
102 198 1
102 215 1
102 248 1
102 251 1
102 258 1
102 262 1
102 313 1
102 314 1
102 316 1
102 322 1
102 325 1
102 331 1
102 333 1
102 342 1
102 344 1
102 349 1
102 372 1
102 376 1
102 378 1
102 411 1
102 422 1
102 434 1
102 455 1
102 463 1
102 475 1
102 483 1
102 495 1
103 121 1
103 128 1
103 138 1
103 139 1
103 140 1
103 151 1
103 164 1
103 178 1
103 192 1
103 195 1
103 200 1
103 212 1
103 218 1
103 225 1
103 228 1
103 239 1
103 241 1
103 242 1
103 260 1
103 269 1
103 280 1
103 286 1
103 317 1
103 324 1
103 334 1
103 335 1
103 338 1
103 348 1
103 352 1
103 367 1
103 380 1
103 381 1
103 386 1
103 404 1
103 412 1
103 426 1
103 428 1
103 432 1
103 459 1
103 473 1
103 486 1
103 488 1
103 495 1
104 105 1
104 143 1
104 145 1
104 146 1
104 150 1
104 152 1
104 157 1
104 160 1
104 162 1
104 182 1
104 192 1
104 212 1
104 215 1
104 239 1
104 240 1
104 252 1
104 258 1
104 263 1
104 271 1
104 287 1
104 321 1
104 326 1
104 333 1
104 337 1
104 339 1
104 355 1
104 362 1
104 368 1
104 374 1
104 375 1
104 382 1
104 395 1
104 410 1
104 412 1
104 421 1
104 423 1
104 424 1
104 427 1
104 437 1
104 442 1
104 445 1
104 457 1
104 465 1
104 470 1
104 480 1
104 493 1
104 496 1
105 142 1
105 143 1
105 165 1
105 192 1
105 195 1
105 198 1
105 201 1
105 204 1
105 210 1
105 230 1
105 258 1
105 259 1
105 264 1
105 273 1
105 276 1
105 282 1
105 298 1
105 299 1
105 317 1
105 318 1
105 339 1
105 367 1
105 371 1
105 393 1
105 408 1
105 413 1
105 445 1
105 446 1
105 473 1
105 492 1
105 494 1
106 127 1
106 143 1
106 186 1
106 190 1
106 208 1
106 224 1
106 235 1
106 245 1
106 266 1
106 268 1
106 275 1
106 288 1
106 294 1
106 313 1
106 320 1
106 326 1
106 331 1
106 351 1
106 371 1
106 383 1
106 388 1
106 390 1
106 397 1
106 401 1
106 404 1
106 405 1
106 431 1
106 438 1
106 445 1
106 450 1
106 453 1
106 456 1
106 460 1
106 465 1
106 476 1
106 485 1
107 109 1
107 114 1
107 141 1
107 152 1
107 159 1
107 172 1
107 174 1
107 182 1
107 185 1
107 190 1
107 207 1
107 215 1
107 225 1
107 227 1
107 236 1
107 243 1
107 264 1
107 269 1
107 270 1
107 286 1
107 289 1
107 290 1
107 294 1
107 301 1
107 303 1
107 357 1
107 368 1
107 374 1
107 383 1
107 386 1
107 403 1
107 407 1
107 418 1
107 422 1
107 426 1
107 433 1
107 440 1
107 452 1
107 457 1
107 459 1
107 468 1
107 472 1
107 480 1
107 496 1
108 135 1
108 143 1
108 147 1
108 167 1
108 174 1
108 203 1
108 222 1
108 223 1
108 226 1
108 231 1
108 262 1
108 273 1
108 293 1
108 314 1
108 320 1
108 321 1
108 333 1
108 336 1
108 340 1
108 345 1
108 348 1
108 356 1
108 369 1
108 370 1
108 379 1
108 381 1
108 383 1
108 387 1
108 403 1
108 408 1
108 410 1
108 417 1
108 426 1
108 430 1
108 432 1
108 470 1
108 482 1
108 495 1
108 500 1
109 114 1
109 126 1
109 136 1
109 149 1
109 157 1
109 168 1
109 179 1
109 194 1
109 205 1
109 207 1
109 209 1
109 212 1
109 224 1
109 225 1
109 226 1
109 233 1
109 236 1
109 244 1
109 248 1
109 255 1
109 265 1
109 266 1
109 273 1
109 281 1
109 289 1
109 300 1
109 315 1
109 323 1
109 326 1
109 331 1
109 335 1
109 343 1
109 347 1
109 357 1
109 362 1
109 368 1
109 371 1
109 399 1
109 403 1
109 413 1
109 468 1
109 469 1
109 480 1
110 131 1
110 136 1
110 144 1
110 147 1
110 150 1
110 170 1
110 187 1
110 201 1
110 202 1
110 207 1
110 209 1
110 211 1
110 219 1
110 260 1
110 263 1
110 267 1
110 281 1
110 292 1
110 295 1
110 296 1
110 298 1
110 299 1
110 301 1
110 304 1
110 314 1
110 323 1
110 340 1
110 341 1
110 344 1
110 347 1
110 405 1
110 426 1
110 443 1
110 495 1
111 127 1
111 133 1
111 149 1
111 161 1
111 173 1
111 177 1
111 183 1
111 193 1
111 205 1
111 210 1
111 214 1
111 219 1
111 221 1
111 227 1
111 232 1
111 239 1
111 240 1
111 241 1
111 242 1
111 248 1
111 250 1
111 251 1
111 253 1
111 266 1
111 274 1
111 278 1
111 289 1
111 313 1
111 322 1
111 330 1
111 349 1
111 350 1
111 360 1
111 361 1
111 375 1
111 376 1
111 382 1
111 387 1
111 414 1
111 415 1
111 435 1
111 448 1
111 457 1
111 458 1
111 464 1
111 474 1
112 140 1
112 151 1
112 182 1
112 185 1
112 214 1
112 229 1
112 233 1
112 236 1
112 256 1
112 259 1
112 261 1
112 271 1
112 280 1
112 283 1
112 294 1
112 303 1
112 307 1
112 311 1
112 317 1
112 348 1
112 357 1
112 374 1
112 379 1
112 384 1
112 388 1
112 397 1
112 403 1
112 405 1
112 421 1
112 440 1
112 447 1
112 455 1
112 458 1
112 459 1
112 461 1
112 462 1
112 467 1
112 468 1
112 474 1
112 475 1
112 476 1
112 480 1
112 483 1
112 498 1
112 500 1
113 124 1
113 130 1
113 140 1
113 152 1
113 153 1
113 182 1
113 187 1
113 203 1
113 223 1
113 241 1
113 243 1
113 246 1
113 254 1
113 268 1
113 275 1
113 285 1
113 295 1
113 315 1
113 331 1
113 342 1
113 344 1
113 345 1
113 348 1
113 355 1
113 372 1
113 389 1
113 391 1
113 395 1
113 407 1
113 409 1
113 420 1
113 421 1
113 426 1
113 460 1
113 499 1
114 118 1
114 127 1
114 128 1
114 129 1
114 134 1
114 145 1
114 152 1
114 161 1
114 176 1
114 213 1
114 239 1
114 240 1
114 248 1
114 254 1
114 264 1
114 267 1
114 270 1
114 271 1
114 278 1
114 285 1
114 291 1
114 310 1
114 311 1
114 335 1
114 339 1
114 349 1
114 352 1
114 375 1
114 386 1
114 391 1
114 392 1
114 396 1
114 406 1
114 407 1
114 440 1
114 445 1
114 450 1
114 472 1
114 483 1
115 117 1
115 125 1
115 134 1
115 142 1
115 145 1
115 147 1
115 148 1
115 150 1
115 155 1
115 176 1
115 183 1
115 184 1
115 191 1
115 193 1
115 197 1
115 199 1
115 212 1
115 223 1
115 231 1
115 234 1
115 239 1
115 241 1
115 262 1
115 268 1
115 275 1
115 281 1
115 282 1
115 284 1
115 291 1
115 317 1
115 318 1
115 324 1
115 326 1
115 336 1
115 346 1
115 357 1
115 383 1
115 384 1
115 391 1
115 398 1
115 399 1
115 404 1
115 415 1
115 429 1
115 439 1
115 457 1
115 468 1
115 469 1
115 489 1
115 496 1
116 124 1
116 128 1
116 136 1
116 184 1
116 185 1
116 201 1
116 221 1
116 222 1
116 229 1
116 233 1
116 249 1
116 265 1
116 294 1
116 303 1
116 306 1
116 339 1
116 369 1
116 390 1
116 404 1
116 409 1
116 422 1
116 436 1
116 440 1
116 454 1
116 482 1
116 484 1
116 486 1
117 160 1
117 170 1
117 175 1
117 182 1
117 187 1
117 189 1
117 190 1
117 193 1
117 204 1
117 228 1
117 233 1
117 235 1
117 245 1
117 255 1
117 257 1
117 270 1
117 275 1
117 278 1
117 281 1
117 282 1
117 298 1
117 302 1
117 318 1
117 327 1
117 339 1
117 342 1
117 366 1
117 373 1
117 383 1
117 387 1
117 402 1
117 413 1
117 417 1
117 425 1
117 436 1
117 443 1
117 451 1
117 453 1
117 468 1
117 487 1
117 489 1
117 492 1
117 499 1
118 126 1
118 129 1
118 143 1
118 177 1
118 203 1
118 220 1
118 228 1
118 241 1
118 245 1
118 249 1
118 254 1
118 260 1
118 274 1
118 275 1
118 308 1
118 335 1
118 339 1
118 345 1
118 353 1
118 361 1
118 365 1
118 372 1
118 377 1
118 387 1
118 391 1
118 403 1
118 414 1
118 421 1
118 422 1
118 431 1
118 435 1
118 437 1
118 449 1
118 451 1
118 452 1
118 454 1
118 455 1
118 461 1
118 467 1
118 483 1
118 497 1
119 135 1
119 136 1
119 141 1
119 144 1
119 173 1
119 174 1
119 177 1
119 180 1
119 181 1
119 196 1
119 203 1
119 221 1
119 266 1
119 277 1
119 284 1
119 285 1
119 287 1
119 289 1
119 331 1
119 356 1
119 361 1
119 373 1
119 376 1
119 383 1
119 386 1
119 390 1
119 393 1
119 396 1
119 401 1
119 404 1
119 411 1
119 413 1
119 418 1
119 423 1
119 429 1
119 469 1
119 474 1
119 488 1
119 495 1
120 127 1
120 136 1
120 142 1
120 154 1
120 156 1
120 163 1
120 165 1
120 180 1
120 182 1
120 184 1
120 192 1
120 193 1
120 212 1
120 227 1
120 231 1
120 238 1
120 250 1
120 269 1
120 279 1
120 286 1
120 291 1
120 306 1
120 312 1
120 326 1
120 330 1
120 338 1
120 342 1
120 346 1
120 379 1
120 388 1
120 393 1
120 440 1
120 441 1
120 452 1
120 453 1
120 472 1
120 474 1
120 495 1
120 500 1
121 139 1
121 150 1
121 153 1
121 175 1
121 176 1
121 179 1
121 201 1
121 221 1
121 229 1
121 250 1
121 284 1
121 289 1
121 294 1
121 315 1
121 316 1
121 335 1
121 345 1
121 352 1
121 353 1
121 398 1
121 403 1
121 414 1
121 415 1
121 418 1
121 420 1
121 426 1
121 448 1
121 455 1
121 458 1
121 473 1
121 475 1
121 484 1
121 495 1
121 498 1
122 123 1
122 125 1
122 133 1
122 145 1
122 156 1
122 157 1
122 164 1
122 180 1
122 184 1
122 212 1
122 232 1
122 245 1
122 253 1
122 269 1
122 292 1
122 297 1
122 327 1
122 333 1
122 339 1
122 343 1
122 352 1
122 367 1
122 377 1
122 396 1
122 400 1
122 401 1
122 402 1
122 407 1
122 418 1
122 419 1
122 423 1
122 440 1
122 447 1
122 451 1
122 454 1
122 466 1
122 469 1
122 471 1
122 472 1
122 485 1
122 486 1
122 499 1
123 128 1
123 151 1
123 161 1
123 171 1
123 173 1
123 176 1
123 199 1
123 213 1
123 216 1
123 219 1
123 224 1
123 228 1
123 235 1
123 243 1
123 265 1
123 270 1
123 298 1
123 300 1
123 308 1
123 324 1
123 334 1
123 339 1
123 341 1
123 348 1
123 350 1
123 362 1
123 374 1
123 377 1
123 380 1
123 391 1
123 396 1
123 400 1
123 415 1
123 429 1
123 433 1
123 436 1
123 467 1
123 469 1
123 474 1
123 489 1
123 496 1
123 499 1
124 141 1
124 142 1
124 146 1
124 147 1
124 171 1
124 173 1
124 178 1
124 180 1
124 182 1
124 185 1
124 188 1
124 205 1
124 229 1
124 233 1
124 238 1
124 275 1
124 282 1
124 310 1
124 317 1
124 335 1
124 336 1
124 340 1
124 359 1
124 362 1
124 371 1
124 382 1
124 409 1
124 410 1
124 415 1
124 419 1
124 420 1
124 424 1
124 429 1
124 441 1
124 446 1
124 450 1
124 461 1
125 131 1
125 138 1
125 139 1
125 143 1
125 170 1
125 175 1
125 178 1
125 185 1
125 186 1
125 189 1
125 191 1
125 199 1
125 210 1
125 214 1
125 235 1
125 237 1
125 243 1
125 246 1
125 250 1
125 253 1
125 261 1
125 270 1
125 290 1
125 296 1
125 301 1
125 309 1
125 313 1
125 332 1
125 368 1
125 398 1
125 422 1
125 424 1
125 425 1
125 430 1
125 435 1
125 441 1
125 445 1
125 457 1
125 461 1
125 471 1
125 476 1
125 486 1
125 494 1
126 139 1
126 145 1
126 153 1
126 170 1
126 177 1
126 191 1
126 192 1
126 195 1
126 197 1
126 198 1
126 200 1
126 206 1
126 211 1
126 245 1
126 247 1
126 252 1
126 267 1
126 269 1
126 295 1
126 296 1
126 297 1
126 310 1
126 311 1
126 321 1
126 331 1
126 338 1
126 344 1
126 346 1
126 348 1
126 370 1
126 371 1
126 382 1
126 395 1
126 402 1
126 420 1
126 429 1
126 433 1
126 434 1
126 452 1
126 477 1
126 479 1
126 482 1
126 483 1
126 484 1
126 498 1
127 129 1
127 134 1
127 144 1
127 157 1
127 178 1
127 184 1
127 195 1
127 200 1
127 211 1
127 217 1
127 226 1
127 230 1
127 235 1
127 237 1
127 256 1
127 262 1
127 286 1
127 348 1
127 350 1
127 371 1
127 378 1
127 395 1
127 413 1
127 428 1
127 434 1
127 441 1
127 447 1
127 456 1
127 464 1
127 480 1
128 131 1
128 133 1
128 165 1
128 167 1
128 168 1
128 178 1
128 193 1
128 210 1
128 213 1
128 225 1
128 229 1
128 240 1
128 254 1
128 262 1
128 263 1
128 278 1
128 287 1
128 298 1
128 308 1
128 336 1
128 337 1
128 338 1
128 377 1
128 381 1
128 382 1
128 397 1
128 401 1
128 402 1
128 423 1
128 436 1
128 441 1
128 446 1
128 466 1
128 467 1
129 133 1
129 152 1
129 154 1
129 155 1
129 164 1
129 198 1
129 199 1
129 213 1
129 214 1
129 215 1
129 216 1
129 217 1
129 220 1
129 221 1
129 227 1
129 239 1
129 272 1
129 291 1
129 316 1
129 318 1
129 327 1
129 336 1
129 343 1
129 363 1
129 364 1
129 382 1
129 385 1
129 390 1
129 436 1
129 443 1
129 446 1
129 457 1
129 469 1
129 496 1
130 158 1
130 176 1
130 177 1
130 186 1
130 190 1
130 196 1
130 201 1
130 204 1
130 205 1
130 207 1
130 216 1
130 231 1
130 256 1
130 261 1
130 262 1
130 264 1
130 270 1
130 280 1
130 283 1
130 288 1
130 289 1
130 316 1
130 320 1
130 337 1
130 343 1
130 354 1
130 367 1
130 382 1
130 432 1
130 442 1
130 445 1
130 452 1
130 454 1
130 459 1
130 462 1
130 489 1
130 500 1
131 152 1
131 158 1
131 160 1
131 171 1
131 183 1
131 204 1
131 232 1
131 247 1
131 265 1
131 270 1
131 275 1
131 284 1
131 289 1
131 293 1
131 296 1
131 319 1
131 328 1
131 351 1
131 355 1
131 366 1
131 368 1
131 378 1
131 384 1
131 393 1
131 403 1
131 405 1
131 421 1
131 423 1
131 430 1
131 434 1
131 435 1
131 436 1
131 439 1
131 442 1
131 444 1
131 455 1
131 461 1
131 465 1
132 138 1
132 140 1
132 154 1
132 169 1
132 174 1
132 177 1
132 195 1
132 207 1
132 208 1
132 212 1
132 251 1
132 266 1
132 271 1
132 287 1
132 290 1
132 295 1
132 300 1
132 309 1
132 313 1
132 316 1
132 326 1
132 327 1
132 335 1
132 337 1
132 345 1
132 359 1
132 365 1
132 373 1
132 377 1
132 384 1
132 410 1
132 417 1
132 443 1
132 447 1
132 467 1
132 469 1
132 489 1
133 137 1
133 140 1
133 150 1
133 152 1
133 158 1
133 171 1
133 172 1
133 187 1
133 189 1
133 191 1
133 215 1
133 233 1
133 245 1
133 257 1
133 276 1
133 280 1
133 285 1
133 316 1
133 325 1
133 327 1
133 328 1
133 332 1
133 340 1
133 358 1
133 359 1
133 360 1
133 363 1
133 387 1
133 403 1
133 404 1
133 412 1
133 415 1
133 422 1
133 441 1
133 452 1
133 455 1
133 459 1
133 464 1
133 487 1
134 136 1
134 143 1
134 145 1
134 147 1
134 148 1
134 169 1
134 170 1
134 172 1
134 181 1
134 199 1
134 227 1
134 229 1
134 244 1
134 251 1
134 255 1
134 261 1
134 262 1
134 284 1
134 285 1
134 287 1
134 289 1
134 299 1
134 316 1
134 339 1
134 343 1
134 349 1
134 350 1
134 386 1
134 388 1
134 390 1
134 406 1
134 408 1
134 416 1
134 422 1
134 454 1
134 456 1
134 458 1
134 462 1
134 471 1
134 473 1
134 479 1
134 485 1
134 499 1
135 141 1
135 162 1
135 164 1
135 167 1
135 184 1
135 185 1
135 186 1
135 193 1
135 199 1
135 200 1
135 214 1
135 220 1
135 224 1
135 228 1
135 237 1
135 243 1
135 251 1
135 254 1
135 268 1
135 273 1
135 288 1
135 311 1
135 326 1
135 327 1
135 355 1
135 358 1
135 369 1
135 393 1
135 394 1
135 417 1
135 425 1
135 436 1
135 437 1
135 443 1
135 460 1
135 473 1
135 498 1
136 140 1
136 143 1
136 148 1
136 165 1
136 174 1
136 192 1
136 216 1
136 220 1
136 228 1
136 237 1
136 244 1
136 262 1
136 270 1
136 277 1
136 283 1
136 291 1
136 306 1
136 318 1
136 324 1
136 335 1
136 336 1
136 356 1
136 363 1
136 367 1
136 375 1
136 377 1
136 379 1
136 382 1
136 395 1
136 397 1
136 401 1
136 408 1
136 410 1
136 413 1
136 424 1
136 432 1
136 449 1
136 457 1
136 476 1
136 478 1
136 480 1
137 138 1
137 145 1
137 160 1
137 172 1
137 184 1
137 241 1
137 252 1
137 254 1
137 259 1
137 266 1
137 270 1
137 280 1
137 282 1
137 288 1
137 290 1
137 302 1
137 312 1
137 320 1
137 342 1
137 352 1
137 394 1
137 407 1
137 415 1
137 416 1
137 438 1
137 439 1
137 466 1
137 478 1
137 486 1
137 487 1
138 147 1
138 156 1
138 158 1
138 163 1
138 164 1
138 175 1
138 181 1
138 182 1
138 192 1
138 205 1
138 209 1
138 221 1
138 226 1
138 233 1
138 240 1
138 247 1
138 259 1
138 276 1
138 278 1
138 288 1
138 298 1
138 342 1
138 353 1
138 355 1
138 364 1
138 377 1
138 390 1
138 401 1
138 408 1
138 416 1
138 420 1
138 432 1
138 437 1
138 445 1
138 463 1
138 471 1
138 488 1
139 146 1
139 147 1
139 154 1
139 167 1
139 181 1
139 193 1
139 195 1
139 197 1
139 206 1
139 235 1
139 255 1
139 259 1
139 282 1
139 309 1
139 323 1
139 331 1
139 334 1
139 357 1
139 360 1
139 383 1
139 395 1
139 410 1
139 424 1
139 436 1
139 440 1
139 453 1
139 461 1
139 467 1
139 475 1
139 478 1
139 494 1
140 146 1
140 155 1
140 161 1
140 176 1
140 186 1
140 204 1
140 205 1
140 209 1
140 219 1
140 235 1
140 251 1
140 258 1
140 271 1
140 277 1
140 288 1
140 312 1
140 345 1
140 355 1
140 370 1
140 376 1
140 382 1
140 391 1
140 396 1
140 422 1
140 449 1
140 455 1
140 461 1
140 469 1
140 481 1
140 482 1
140 483 1
140 496 1
140 498 1
141 150 1
141 155 1
141 163 1
141 164 1
141 171 1
141 177 1
141 206 1
141 213 1
141 228 1
141 232 1
141 249 1
141 250 1
141 252 1
141 258 1
141 260 1
141 274 1
141 287 1
141 307 1
141 309 1
141 330 1
141 356 1
141 358 1
141 371 1
141 389 1
141 394 1
141 417 1
141 420 1
141 433 1
141 453 1
141 469 1
141 480 1
141 488 1
142 151 1
142 152 1
142 188 1
142 212 1
142 216 1
142 221 1
142 224 1
142 238 1
142 260 1
142 269 1
142 285 1
142 303 1
142 305 1
142 306 1
142 307 1
142 315 1
142 325 1
142 338 1
142 345 1
142 353 1
142 368 1
142 374 1
142 377 1
142 379 1
142 390 1
142 409 1
142 418 1
142 425 1
142 432 1
142 450 1
142 472 1
142 487 1
143 163 1
143 172 1
143 180 1
143 181 1
143 190 1
143 197 1
143 222 1
143 231 1
143 235 1
143 250 1
143 251 1
143 273 1
143 289 1
143 308 1
143 316 1
143 333 1
143 334 1
143 344 1
143 349 1
143 359 1
143 393 1
143 407 1
143 419 1
143 423 1
143 437 1
143 457 1
143 466 1
143 468 1
143 474 1
143 476 1
143 477 1
143 482 1
143 483 1
143 484 1
143 486 1
144 158 1
144 165 1
144 174 1
144 175 1
144 178 1
144 187 1
144 195 1
144 208 1
144 215 1
144 218 1
144 239 1
144 241 1
144 244 1
144 263 1
144 272 1
144 277 1
144 288 1
144 298 1
144 300 1
144 302 1
144 304 1
144 306 1
144 307 1
144 322 1
144 326 1
144 327 1
144 329 1
144 336 1
144 364 1
144 400 1
144 417 1
144 433 1
144 446 1
144 464 1
144 470 1
144 476 1
144 480 1
144 489 1
144 490 1
145 173 1
145 179 1
145 181 1
145 191 1
145 200 1
145 201 1
145 206 1
145 212 1
145 224 1
145 225 1
145 230 1
145 239 1
145 245 1
145 254 1
145 256 1
145 285 1
145 286 1
145 288 1
145 303 1
145 304 1
145 315 1
145 317 1
145 325 1
145 334 1
145 341 1
145 353 1
145 376 1
145 383 1
145 385 1
145 404 1
145 415 1
145 417 1
145 431 1
145 432 1
145 442 1
145 446 1
145 463 1
145 475 1
145 481 1
146 149 1
146 157 1
146 160 1
146 167 1
146 200 1
146 208 1
146 216 1
146 229 1
146 233 1
146 245 1
146 246 1
146 247 1
146 259 1
146 271 1
146 283 1
146 311 1
146 335 1
146 349 1
146 353 1
146 356 1
146 360 1
146 362 1
146 367 1
146 368 1
146 386 1
146 406 1
146 408 1
146 436 1
146 454 1
146 455 1
146 465 1
146 470 1
146 471 1
146 482 1
147 150 1
147 155 1
147 159 1
147 161 1
147 174 1
147 175 1
147 185 1
147 186 1
147 188 1
147 191 1
147 193 1
147 206 1
147 207 1
147 222 1
147 224 1
147 261 1
147 276 1
147 305 1
147 323 1
147 335 1
147 337 1
147 340 1
147 364 1
147 378 1
147 384 1
147 388 1
147 396 1
147 405 1
147 410 1
147 430 1
147 434 1
147 470 1
147 491 1
148 149 1
148 165 1
148 177 1
148 178 1
148 182 1
148 185 1
148 193 1
148 207 1
148 218 1
148 234 1
148 239 1
148 263 1
148 264 1
148 270 1
148 272 1
148 276 1
148 285 1
148 289 1
148 293 1
148 305 1
148 308 1
148 323 1
148 332 1
148 335 1
148 359 1
148 371 1
148 404 1
148 414 1
148 422 1
148 448 1
148 450 1
148 461 1
148 478 1
148 493 1
149 153 1
149 157 1
149 161 1
149 179 1
149 189 1
149 198 1
149 202 1
149 207 1
149 214 1
149 218 1
149 233 1
149 234 1
149 239 1
149 240 1
149 244 1
149 245 1
149 248 1
149 258 1
149 260 1
149 261 1
149 296 1
149 326 1
149 330 1
149 339 1
149 352 1
149 354 1
149 365 1
149 402 1
149 404 1
149 405 1
149 421 1
149 426 1
149 442 1
149 447 1
149 449 1
149 454 1
149 464 1
149 475 1
150 152 1
150 156 1
150 159 1
150 166 1
150 187 1
150 195 1
150 196 1
150 198 1
150 201 1
150 204 1
150 212 1
150 217 1
150 222 1
150 227 1
150 241 1
150 245 1
150 254 1
150 265 1
150 269 1
150 321 1
150 326 1
150 332 1
150 335 1
150 349 1
150 367 1
150 369 1
150 376 1
150 381 1
150 384 1
150 391 1
150 406 1
150 410 1
150 413 1
150 444 1
150 472 1
150 485 1
150 489 1
150 497 1
150 499 1
151 153 1
151 164 1
151 166 1
151 172 1
151 203 1
151 205 1
151 207 1
151 213 1
151 224 1
151 227 1
151 249 1
151 267 1
151 271 1
151 279 1
151 302 1
151 309 1
151 318 1
151 320 1
151 321 1
151 325 1
151 326 1
151 332 1
151 336 1
151 344 1
151 360 1
151 369 1
151 373 1
151 400 1
151 401 1
151 410 1
151 412 1
151 445 1
151 449 1
151 454 1
151 456 1
151 468 1
151 473 1
151 477 1
151 486 1
151 492 1
152 156 1
152 164 1
152 167 1
152 183 1
152 186 1
152 199 1
152 205 1
152 206 1
152 208 1
152 219 1
152 230 1
152 236 1
152 250 1
152 257 1
152 258 1
152 264 1
152 270 1
152 272 1
152 277 1
152 279 1
152 291 1
152 303 1
152 318 1
152 321 1
152 336 1
152 354 1
152 365 1
152 381 1
152 400 1
152 407 1
152 417 1
152 428 1
152 434 1
152 436 1
152 443 1
152 448 1
152 453 1
152 475 1
153 168 1
153 181 1
153 202 1
153 207 1
153 213 1
153 215 1
153 219 1
153 229 1
153 236 1
153 244 1
153 245 1
153 250 1
153 257 1
153 268 1
153 269 1
153 287 1
153 290 1
153 300 1
153 305 1
153 306 1
153 352 1
153 356 1
153 370 1
153 371 1
153 378 1
153 381 1
153 387 1
153 398 1
153 449 1
153 450 1
153 452 1
153 455 1
153 474 1
153 477 1
153 485 1
153 496 1
154 176 1
154 190 1
154 199 1
154 205 1
154 214 1
154 217 1
154 222 1
154 226 1
154 230 1
154 264 1
154 277 1
154 282 1
154 287 1
154 292 1
154 303 1
154 308 1
154 313 1
154 330 1
154 336 1
154 342 1
154 363 1
154 371 1
154 374 1
154 383 1
154 392 1
154 421 1
154 429 1
154 432 1
154 435 1
154 439 1
154 440 1
154 487 1
154 491 1
155 156 1
155 164 1
155 176 1
155 186 1
155 192 1
155 200 1
155 202 1
155 212 1
155 234 1
155 251 1
155 256 1
155 265 1
155 273 1
155 278 1
155 280 1
155 290 1
155 292 1
155 294 1
155 300 1
155 309 1
155 322 1
155 326 1
155 328 1
155 339 1
155 340 1
155 348 1
155 402 1
155 408 1
155 426 1
155 432 1
155 433 1
155 435 1
155 437 1
155 454 1
155 469 1
155 493 1
155 498 1
156 158 1
156 171 1
156 173 1
156 198 1
156 201 1
156 210 1
156 234 1
156 245 1
156 252 1
156 288 1
156 297 1
156 298 1
156 304 1
156 308 1
156 309 1
156 321 1
156 344 1
156 349 1
156 376 1
156 378 1
156 379 1
156 381 1
156 395 1
156 410 1
156 411 1
156 417 1
156 419 1
156 427 1
156 440 1
156 449 1
156 457 1
156 479 1
156 480 1
156 499 1
157 182 1
157 183 1
157 203 1
157 221 1
157 222 1
157 230 1
157 236 1
157 240 1
157 278 1
157 283 1
157 302 1
157 310 1
157 317 1
157 325 1
157 334 1
157 336 1
157 359 1
157 363 1
157 372 1
157 378 1
157 379 1
157 390 1
157 391 1
157 394 1
157 395 1
157 413 1
157 415 1
157 433 1
157 434 1
157 438 1
157 443 1
157 456 1
157 477 1
157 494 1
158 165 1
158 173 1
158 174 1
158 178 1
158 187 1
158 203 1
158 224 1
158 227 1
158 237 1
158 238 1
158 239 1
158 251 1
158 252 1
158 255 1
158 258 1
158 272 1
158 298 1
158 305 1
158 307 1
158 308 1
158 312 1
158 324 1
158 331 1
158 332 1
158 340 1
158 347 1
158 374 1
158 376 1
158 394 1
158 399 1
158 408 1
158 409 1
158 430 1
158 431 1
158 444 1
158 453 1
158 474 1
158 496 1
159 161 1
159 181 1
159 195 1
159 212 1
159 220 1
159 223 1
159 234 1
159 236 1
159 258 1
159 285 1
159 303 1
159 319 1
159 327 1
159 354 1
159 384 1
159 394 1
159 401 1
159 414 1
159 422 1
159 427 1
159 431 1
159 435 1
159 446 1
159 447 1
159 450 1
159 453 1
159 460 1
159 464 1
159 478 1
160 166 1
160 194 1
160 203 1
160 218 1
160 233 1
160 238 1
160 241 1
160 255 1
160 273 1
160 304 1
160 305 1
160 313 1
160 323 1
160 324 1
160 328 1
160 341 1
160 360 1
160 395 1
160 406 1
160 428 1
160 429 1
160 438 1
160 443 1
160 448 1
160 458 1
160 459 1
160 465 1
160 495 1
161 162 1
161 169 1
161 198 1
161 204 1
161 225 1
161 243 1
161 244 1
161 254 1
161 262 1
161 265 1
161 277 1
161 309 1
161 314 1
161 315 1
161 319 1
161 323 1
161 366 1
161 375 1
161 380 1
161 383 1
161 384 1
161 385 1
161 396 1
161 399 1
161 403 1
161 410 1
161 416 1
161 426 1
161 427 1
161 434 1
161 459 1
161 461 1
161 462 1
161 463 1
161 467 1
161 492 1
162 164 1
162 166 1
162 173 1
162 180 1
162 188 1
162 195 1
162 225 1
162 229 1
162 230 1
162 234 1
162 238 1
162 242 1
162 249 1
162 251 1
162 257 1
162 269 1
162 278 1
162 280 1
162 284 1
162 323 1
162 331 1
162 334 1
162 355 1
162 374 1
162 394 1
162 410 1
162 415 1
162 422 1
162 428 1
162 438 1
162 445 1
162 452 1
162 456 1
162 460 1
162 462 1
162 476 1
162 488 1
162 489 1
163 165 1
163 180 1
163 181 1
163 184 1
163 187 1
163 208 1
163 212 1
163 215 1
163 217 1
163 225 1
163 262 1
163 263 1
163 267 1
163 290 1
163 298 1
163 316 1
163 327 1
163 332 1
163 372 1
163 396 1
163 401 1
163 417 1
163 434 1
163 445 1
163 446 1
163 447 1
163 449 1
163 456 1
163 458 1
163 461 1
163 489 1
163 492 1
163 493 1
163 496 1
164 169 1
164 173 1
164 211 1
164 244 1
164 250 1
164 251 1
164 260 1
164 262 1
164 280 1
164 284 1
164 288 1
164 312 1
164 321 1
164 323 1
164 347 1
164 358 1
164 362 1
164 375 1
164 389 1
164 395 1
164 403 1
164 409 1
164 410 1
164 418 1
164 423 1
164 424 1
164 431 1
164 435 1
164 438 1
164 446 1
164 460 1
164 461 1
164 463 1
164 464 1
164 470 1
164 471 1
165 168 1
165 173 1
165 195 1
165 196 1
165 203 1
165 223 1
165 230 1
165 236 1
165 252 1
165 265 1
165 266 1
165 269 1
165 270 1
165 292 1
165 315 1
165 319 1
165 322 1
165 324 1
165 329 1
165 336 1
165 376 1
165 377 1
165 401 1
165 407 1
165 409 1
165 410 1
165 421 1
165 428 1
165 433 1
165 440 1
165 442 1
165 446 1
165 454 1
165 458 1
165 468 1
165 496 1
166 175 1
166 195 1
166 199 1
166 201 1
166 203 1
166 221 1
166 233 1
166 238 1
166 245 1
166 251 1
166 253 1
166 255 1
166 274 1
166 278 1
166 285 1
166 303 1
166 308 1
166 313 1
166 315 1
166 318 1
166 327 1
166 335 1
166 354 1
166 372 1
166 378 1
166 402 1
166 413 1
166 421 1
166 424 1
166 432 1
166 433 1
166 435 1
166 436 1
166 456 1
166 461 1
166 468 1
166 489 1
166 490 1
167 168 1
167 171 1
167 187 1
167 206 1
167 214 1
167 233 1
167 236 1
167 302 1
167 303 1
167 312 1
167 323 1
167 327 1
167 355 1
167 368 1
167 380 1
167 381 1
167 393 1
167 395 1
167 409 1
167 411 1
167 412 1
167 413 1
167 415 1
167 430 1
167 434 1
167 442 1
167 471 1
167 476 1
167 494 1
168 181 1
168 184 1
168 191 1
168 207 1
168 208 1
168 214 1
168 229 1
168 235 1
168 243 1
168 249 1
168 253 1
168 272 1
168 273 1
168 311 1
168 358 1
168 359 1
168 383 1
168 391 1
168 392 1
168 393 1
168 395 1
168 399 1
168 400 1
168 403 1
168 420 1
168 428 1
168 430 1
168 435 1
168 442 1
168 456 1
168 457 1
168 467 1
168 471 1
168 477 1
168 480 1
168 489 1
168 490 1
169 172 1
169 191 1
169 192 1
169 194 1
169 207 1
169 236 1
169 254 1
169 291 1
169 293 1
169 298 1
169 306 1
169 308 1
169 326 1
169 335 1
169 338 1
169 342 1
169 371 1
169 375 1
169 394 1
169 439 1
169 449 1
169 451 1
169 462 1
169 475 1
169 479 1
169 483 1
169 492 1
170 174 1
170 178 1
170 192 1
170 209 1
170 227 1
170 247 1
170 251 1
170 256 1
170 262 1
170 264 1
170 268 1
170 281 1
170 287 1
170 289 1
170 314 1
170 318 1
170 350 1
170 366 1
170 378 1
170 393 1
170 409 1
170 410 1
170 417 1
170 432 1
170 437 1
170 444 1
170 445 1
170 448 1
170 453 1
170 454 1
170 465 1
170 480 1
170 486 1
171 182 1
171 183 1
171 202 1
171 216 1
171 226 1
171 236 1
171 268 1
171 274 1
171 279 1
171 301 1
171 311 1
171 312 1
171 313 1
171 315 1
171 325 1
171 336 1
171 346 1
171 364 1
171 370 1
171 376 1
171 397 1
171 401 1
171 402 1
171 423 1
171 427 1
171 444 1
171 451 1
171 452 1
171 457 1
171 465 1
171 474 1
171 477 1
171 489 1
172 180 1
172 211 1
172 220 1
172 230 1
172 234 1
172 244 1
172 249 1
172 261 1
172 269 1
172 270 1
172 293 1
172 310 1
172 312 1
172 338 1
172 343 1
172 357 1
172 370 1
172 381 1
172 389 1
172 390 1
172 414 1
172 430 1
172 434 1
172 437 1
172 441 1
172 449 1
172 456 1
172 464 1
172 467 1
172 487 1
172 493 1
172 498 1
172 499 1
173 180 1
173 188 1
173 190 1
173 217 1
173 218 1
173 232 1
173 242 1
173 244 1
173 245 1
173 247 1
173 259 1
173 310 1
173 311 1
173 320 1
173 328 1
173 334 1
173 337 1
173 341 1
173 349 1
173 367 1
173 380 1
173 383 1
173 395 1
173 410 1
173 411 1
173 415 1
173 424 1
173 449 1
173 452 1
173 458 1
173 461 1
173 468 1
173 471 1
173 473 1
173 489 1
173 496 1
174 181 1
174 182 1
174 188 1
174 206 1
174 223 1
174 226 1
174 227 1
174 231 1
174 237 1
174 238 1
174 239 1
174 256 1
174 277 1
174 278 1
174 288 1
174 306 1
174 330 1
174 349 1
174 356 1
174 357 1
174 365 1
174 366 1
174 373 1
174 375 1
174 394 1
174 411 1
174 414 1
174 434 1
174 448 1
174 453 1
174 467 1
174 471 1
174 474 1
174 477 1
174 482 1
174 484 1
174 490 1
175 180 1
175 203 1
175 212 1
175 217 1
175 240 1
175 245 1
175 247 1
175 267 1
175 275 1
175 279 1
175 280 1
175 282 1
175 289 1
175 292 1
175 306 1
175 314 1
175 331 1
175 338 1
175 340 1
175 380 1
175 395 1
175 421 1
175 445 1
175 450 1
175 452 1
175 453 1
175 454 1
175 466 1
175 473 1
175 483 1
175 498 1
176 182 1
176 185 1
176 187 1
176 189 1
176 197 1
176 207 1
176 216 1
176 223 1
176 251 1
176 268 1
176 272 1
176 282 1
176 290 1
176 293 1
176 299 1
176 308 1
176 317 1
176 331 1
176 337 1
176 345 1
176 346 1
176 348 1
176 353 1
176 358 1
176 363 1
176 380 1
176 410 1
176 421 1
176 426 1
176 433 1
176 449 1
176 455 1
176 461 1
176 469 1
176 477 1
176 484 1
176 496 1
177 179 1
177 202 1
177 204 1
177 214 1
177 220 1
177 221 1
177 225 1
177 226 1
177 236 1
177 237 1
177 240 1
177 247 1
177 248 1
177 263 1
177 289 1
177 291 1
177 293 1
177 294 1
177 308 1
177 314 1
177 323 1
177 334 1
177 353 1
177 360 1
177 361 1
177 371 1
177 379 1
177 387 1
177 394 1
177 398 1
177 427 1
177 444 1
177 445 1
177 450 1
177 453 1
177 456 1
177 464 1
177 473 1
177 474 1
177 478 1
177 480 1
178 179 1
178 191 1
178 197 1
178 204 1
178 207 1
178 213 1
178 233 1
178 234 1
178 242 1
178 247 1
178 249 1
178 252 1
178 262 1
178 271 1
178 275 1
178 287 1
178 288 1
178 315 1
178 318 1
178 332 1
178 334 1
178 352 1
178 355 1
178 395 1
178 404 1
178 418 1
178 422 1
178 437 1
178 452 1
178 456 1
178 464 1
178 481 1
178 489 1
179 180 1
179 186 1
179 191 1
179 193 1
179 196 1
179 214 1
179 216 1
179 227 1
179 239 1
179 246 1
179 253 1
179 264 1
179 270 1
179 276 1
179 284 1
179 293 1
179 321 1
179 330 1
179 365 1
179 399 1
179 402 1
179 405 1
179 409 1
179 413 1
179 416 1
179 428 1
179 435 1
179 439 1
179 442 1
179 449 1
179 452 1
179 461 1
179 483 1
180 186 1
180 209 1
180 213 1
180 229 1
180 255 1
180 259 1
180 270 1
180 276 1
180 278 1
180 289 1
180 309 1
180 317 1
180 323 1
180 325 1
180 332 1
180 341 1
180 344 1
180 365 1
180 379 1
180 394 1
180 397 1
180 403 1
180 405 1
180 413 1
180 421 1
180 430 1
180 432 1
180 440 1
180 450 1
180 454 1
180 455 1
180 465 1
180 472 1
180 490 1
180 497 1
181 186 1
181 191 1
181 193 1
181 204 1
181 218 1
181 221 1
181 223 1
181 225 1
181 233 1
181 242 1
181 270 1
181 288 1
181 297 1
181 298 1
181 314 1
181 317 1
181 330 1
181 336 1
181 339 1
181 344 1
181 359 1
181 360 1
181 361 1
181 362 1
181 371 1
181 402 1
181 406 1
181 423 1
181 427 1
181 433 1
181 437 1
181 449 1
181 460 1
181 472 1
181 474 1
181 482 1
181 483 1
181 488 1
182 185 1
182 192 1
182 200 1
182 210 1
182 213 1
182 218 1
182 223 1
182 245 1
182 252 1
182 253 1
182 264 1
182 271 1
182 272 1
182 280 1
182 364 1
182 375 1
182 398 1
182 419 1
182 425 1
182 434 1
182 437 1
182 442 1
182 448 1
182 455 1
182 458 1
182 470 1
182 477 1
183 210 1
183 214 1
183 221 1
183 227 1
183 228 1
183 252 1
183 253 1
183 277 1
183 281 1
183 312 1
183 337 1
183 347 1
183 349 1
183 353 1
183 354 1
183 357 1
183 388 1
183 394 1
183 426 1
183 430 1
183 435 1
183 437 1
183 438 1
183 445 1
183 449 1
183 451 1
183 461 1
183 472 1
183 486 1
183 487 1
183 488 1
183 500 1
184 191 1
184 195 1
184 205 1
184 239 1
184 255 1
184 261 1
184 291 1
184 299 1
184 305 1
184 309 1
184 315 1
184 317 1
184 324 1
184 336 1
184 337 1
184 339 1
184 350 1
184 355 1
184 387 1
184 395 1
184 397 1
184 404 1
184 405 1
184 415 1
184 431 1
184 442 1
184 457 1
184 460 1
184 468 1
184 471 1
184 472 1
184 479 1
184 486 1
185 191 1
185 196 1
185 199 1
185 208 1
185 221 1
185 222 1
185 239 1
185 248 1
185 255 1
185 261 1
185 277 1
185 278 1
185 279 1
185 282 1
185 283 1
185 292 1
185 299 1
185 308 1
185 312 1
185 313 1
185 315 1
185 316 1
185 318 1
185 322 1
185 332 1
185 341 1
185 345 1
185 346 1
185 367 1
185 389 1
185 423 1
185 425 1
185 427 1
185 437 1
185 447 1
185 461 1
185 474 1
185 478 1
185 494 1
186 211 1
186 219 1
186 228 1
186 234 1
186 238 1
186 243 1
186 250 1
186 259 1
186 272 1
186 277 1
186 278 1
186 279 1
186 282 1
186 352 1
186 359 1
186 364 1
186 373 1
186 383 1
186 388 1
186 408 1
186 440 1
186 441 1
186 444 1
186 450 1
186 462 1
186 496 1
187 191 1
187 193 1
187 197 1
187 216 1
187 219 1
187 221 1
187 239 1
187 240 1
187 256 1
187 263 1
187 274 1
187 288 1
187 299 1
187 309 1
187 313 1
187 314 1
187 316 1
187 317 1
187 324 1
187 340 1
187 341 1
187 353 1
187 361 1
187 363 1
187 381 1
187 395 1
187 397 1
187 404 1
187 411 1
187 416 1
187 422 1
187 426 1
187 434 1
187 435 1
187 444 1
187 455 1
187 471 1
187 485 1
187 490 1
187 497 1
188 193 1
188 213 1
188 214 1
188 222 1
188 231 1
188 232 1
188 233 1
188 242 1
188 254 1
188 257 1
188 262 1
188 264 1
188 268 1
188 279 1
188 290 1
188 319 1
188 327 1
188 337 1
188 371 1
188 372 1
188 375 1
188 379 1
188 388 1
188 391 1
188 401 1
188 409 1
188 424 1
188 431 1
188 450 1
188 451 1
188 454 1
188 487 1
188 498 1
189 192 1
189 201 1
189 214 1
189 245 1
189 249 1
189 269 1
189 276 1
189 278 1
189 288 1
189 306 1
189 310 1
189 327 1
189 337 1
189 339 1
189 343 1
189 345 1
189 350 1
189 358 1
189 372 1
189 389 1
189 396 1
189 401 1
189 411 1
189 414 1
189 421 1
189 427 1
189 428 1
189 433 1
189 438 1
189 457 1
189 460 1
189 474 1
189 478 1
189 483 1
189 493 1
190 198 1
190 212 1
190 224 1
190 235 1
190 238 1
190 250 1
190 251 1
190 254 1
190 255 1
190 260 1
190 267 1
190 271 1
190 272 1
190 273 1
190 325 1
190 340 1
190 341 1
190 358 1
190 365 1
190 368 1
190 382 1
190 392 1
190 400 1
190 401 1
190 413 1
190 419 1
190 421 1
190 455 1
190 459 1
190 469 1
190 485 1
190 493 1
190 496 1
191 196 1
191 214 1
191 221 1
191 233 1
191 238 1
191 240 1
191 258 1
191 264 1
191 279 1
191 290 1
191 321 1
191 350 1
191 352 1
191 358 1
191 374 1
191 385 1
191 394 1
191 405 1
191 411 1
191 426 1
191 459 1
191 473 1
191 481 1
191 482 1
192 195 1
192 197 1
192 203 1
192 216 1
192 218 1
192 222 1
192 223 1
192 231 1
192 234 1
192 252 1
192 265 1
192 267 1
192 271 1
192 284 1
192 288 1
192 302 1
192 308 1
192 315 1
192 317 1
192 326 1
192 343 1
192 345 1
192 358 1
192 363 1
192 368 1
192 376 1
192 384 1
192 397 1
192 406 1
192 410 1
192 417 1
192 419 1
192 431 1
192 457 1
192 462 1
192 467 1
192 479 1
192 485 1
193 203 1
193 212 1
193 230 1
193 237 1
193 249 1
193 253 1
193 272 1
193 286 1
193 289 1
193 290 1
193 291 1
193 324 1
193 326 1
193 353 1
193 358 1
193 378 1
193 386 1
193 397 1
193 415 1
193 426 1
193 433 1
193 449 1
193 455 1
193 459 1
193 467 1
193 482 1
193 485 1
193 491 1
193 494 1
193 495 1
194 204 1
194 210 1
194 213 1
194 227 1
194 252 1
194 256 1
194 258 1
194 271 1
194 278 1
194 283 1
194 321 1
194 348 1
194 352 1
194 358 1
194 370 1
194 387 1
194 390 1
194 396 1
194 404 1
194 417 1
194 421 1
194 433 1
194 443 1
194 446 1
194 447 1
194 456 1
194 459 1
194 463 1
194 468 1
194 470 1
194 473 1
194 475 1
194 482 1
194 497 1
195 197 1
195 207 1
195 213 1
195 246 1
195 250 1
195 252 1
195 253 1
195 254 1
195 256 1
195 268 1
195 272 1
195 284 1
195 291 1
195 293 1
195 294 1
195 299 1
195 303 1
195 313 1
195 320 1
195 326 1
195 330 1
195 332 1
195 333 1
195 338 1
195 348 1
195 351 1
195 372 1
195 382 1
195 383 1
195 387 1
195 389 1
195 401 1
195 405 1
195 410 1
195 413 1
195 429 1
195 440 1
195 452 1
195 473 1
195 474 1
195 483 1
196 217 1
196 227 1
196 244 1
196 246 1
196 255 1
196 256 1
196 261 1
196 264 1
196 267 1
196 269 1
196 271 1
196 296 1
196 298 1
196 308 1
196 316 1
196 340 1
196 344 1
196 354 1
196 372 1
196 373 1
196 390 1
196 400 1
196 423 1
196 446 1
196 448 1
196 479 1
196 486 1
196 488 1
196 489 1
196 490 1
196 495 1
197 204 1
197 214 1
197 218 1
197 219 1
197 223 1
197 231 1
197 238 1
197 255 1
197 259 1
197 264 1
197 269 1
197 277 1
197 278 1
197 282 1
197 288 1
197 292 1
197 308 1
197 321 1
197 334 1
197 344 1
197 366 1
197 367 1
197 384 1
197 387 1
197 412 1
197 428 1
197 432 1
197 445 1
197 464 1
197 468 1
197 497 1
198 200 1
198 203 1
198 222 1
198 261 1
198 262 1
198 269 1
198 285 1
198 289 1
198 307 1
198 311 1
198 315 1
198 328 1
198 329 1
198 330 1
198 352 1
198 363 1
198 375 1
198 377 1
198 384 1
198 394 1
198 403 1
198 409 1
198 422 1
198 424 1
198 453 1
198 455 1
198 462 1
198 477 1
198 486 1
198 498 1
199 208 1
199 213 1
199 217 1
199 238 1
199 245 1
199 250 1
199 251 1
199 254 1
199 272 1
199 294 1
199 298 1
199 308 1
199 313 1
199 319 1
199 327 1
199 346 1
199 348 1
199 372 1
199 388 1
199 393 1
199 403 1
199 404 1
199 405 1
199 408 1
199 414 1
199 416 1
199 424 1
199 425 1
199 436 1
199 448 1
199 468 1
199 476 1
199 477 1
199 479 1
199 484 1
199 485 1
199 486 1
199 490 1
199 498 1
200 226 1
200 246 1
200 254 1
200 269 1
200 270 1
200 274 1
200 293 1
200 307 1
200 316 1
200 327 1
200 331 1
200 351 1
200 354 1
200 364 1
200 370 1
200 375 1
200 387 1
200 402 1
200 446 1
200 449 1
200 457 1
200 480 1
200 488 1
200 498 1
201 217 1
201 223 1
201 226 1
201 233 1
201 237 1
201 238 1
201 239 1
201 270 1
201 274 1
201 278 1
201 279 1
201 287 1
201 291 1
201 292 1
201 293 1
201 304 1
201 326 1
201 328 1
201 349 1
201 354 1
201 365 1
201 386 1
201 393 1
201 405 1
201 413 1
201 436 1
201 451 1
201 453 1
201 456 1
201 460 1
201 471 1
201 489 1
201 498 1
202 209 1
202 213 1
202 235 1
202 238 1
202 241 1
202 257 1
202 265 1
202 271 1
202 273 1
202 276 1
202 279 1
202 299 1
202 304 1
202 308 1
202 315 1
202 317 1
202 324 1
202 336 1
202 341 1
202 372 1
202 387 1
202 390 1
202 430 1
202 458 1
202 460 1
202 468 1
202 469 1
202 477 1
202 479 1
202 481 1
202 492 1
203 209 1
203 218 1
203 226 1
203 227 1
203 236 1
203 243 1
203 249 1
203 272 1
203 288 1
203 326 1
203 330 1
203 346 1
203 356 1
203 370 1
203 371 1
203 373 1
203 375 1
203 381 1
203 412 1
203 415 1
203 418 1
203 422 1
203 449 1
203 451 1
203 453 1
203 455 1
203 477 1
203 478 1
203 480 1
203 487 1
203 492 1
204 207 1
204 221 1
204 250 1
204 257 1
204 285 1
204 289 1
204 291 1
204 299 1
204 310 1
204 315 1
204 320 1
204 325 1
204 364 1
204 365 1
204 372 1
204 373 1
204 376 1
204 388 1
204 391 1
204 396 1
204 402 1
204 429 1
204 445 1
204 446 1
204 447 1
204 462 1
204 463 1
204 474 1
204 477 1
204 485 1
204 489 1
204 495 1
204 497 1
204 500 1
205 210 1
205 238 1
205 241 1
205 248 1
205 271 1
205 293 1
205 304 1
205 318 1
205 336 1
205 362 1
205 368 1
205 369 1
205 375 1
205 377 1
205 393 1
205 395 1
205 408 1
205 416 1
205 422 1
205 429 1
205 430 1
205 433 1
205 436 1
205 449 1
205 459 1
205 460 1
205 462 1
205 465 1
205 468 1
205 469 1
205 473 1
205 477 1
205 478 1
205 489 1
206 217 1
206 226 1
206 227 1
206 241 1
206 242 1
206 243 1
206 258 1
206 265 1
206 271 1
206 276 1
206 289 1
206 299 1
206 301 1
206 310 1
206 312 1
206 326 1
206 334 1
206 350 1
206 353 1
206 360 1
206 374 1
206 379 1
206 397 1
206 415 1
206 420 1
206 427 1
206 435 1
206 441 1
206 451 1
206 455 1
206 477 1
206 484 1
206 486 1
206 491 1
207 210 1
207 228 1
207 236 1
207 246 1
207 261 1
207 279 1
207 299 1
207 307 1
207 313 1
207 323 1
207 324 1
207 333 1
207 336 1
207 338 1
207 339 1
207 342 1
207 348 1
207 353 1
207 362 1
207 366 1
207 384 1
207 385 1
207 392 1
207 403 1
207 411 1
207 421 1
207 430 1
207 436 1
207 448 1
207 455 1
207 459 1
207 481 1
207 486 1
207 489 1
208 218 1
208 229 1
208 246 1
208 249 1
208 254 1
208 276 1
208 280 1
208 301 1
208 303 1
208 324 1
208 327 1
208 328 1
208 335 1
208 339 1
208 354 1
208 364 1
208 368 1
208 375 1
208 383 1
208 410 1
208 417 1
208 418 1
208 419 1
208 434 1
208 439 1
208 447 1
208 449 1
208 453 1
208 476 1
209 219 1
209 239 1
209 291 1
209 292 1
209 298 1
209 318 1
209 347 1
209 353 1
209 373 1
209 375 1
209 414 1
209 416 1
209 418 1
209 431 1
209 439 1
209 458 1
209 492 1
210 213 1
210 251 1
210 259 1
210 260 1
210 262 1
210 268 1
210 283 1
210 286 1
210 292 1
210 335 1
210 370 1
210 377 1
210 390 1
210 393 1
210 410 1
210 426 1
210 436 1
210 439 1
210 451 1
210 469 1
210 480 1
210 488 1
210 498 1
211 232 1
211 244 1
211 253 1
211 258 1
211 262 1
211 265 1
211 267 1
211 324 1
211 327 1
211 333 1
211 340 1
211 347 1
211 348 1
211 350 1
211 367 1
211 379 1
211 405 1
211 409 1
211 431 1
211 432 1
211 450 1
211 463 1
211 493 1
212 237 1
212 246 1
212 264 1
212 265 1
212 274 1
212 284 1
212 293 1
212 306 1
212 307 1
212 309 1
212 314 1
212 343 1
212 379 1
212 382 1
212 386 1
212 391 1
212 395 1
212 410 1
212 411 1
212 449 1
212 469 1
212 481 1
213 227 1
213 239 1
213 248 1
213 255 1
213 268 1
213 289 1
213 292 1
213 302 1
213 321 1
213 336 1
213 343 1
213 345 1
213 351 1
213 364 1
213 382 1
213 415 1
213 417 1
213 423 1
213 427 1
213 430 1
213 432 1
213 435 1
213 453 1
213 456 1
213 471 1
213 476 1
213 491 1
213 495 1
214 227 1
214 232 1
214 235 1
214 242 1
214 244 1
214 261 1
214 264 1
214 270 1
214 276 1
214 290 1
214 295 1
214 296 1
214 297 1
214 330 1
214 335 1
214 340 1
214 341 1
214 343 1
214 345 1
214 348 1
214 359 1
214 361 1
214 366 1
214 370 1
214 381 1
214 383 1
214 384 1
214 386 1
214 399 1
214 402 1
214 405 1
214 413 1
214 414 1
214 439 1
214 443 1
214 446 1
214 459 1
214 493 1
215 239 1
215 246 1
215 247 1
215 251 1
215 270 1
215 273 1
215 281 1
215 292 1
215 326 1
215 327 1
215 341 1
215 346 1
215 350 1
215 365 1
215 376 1
215 403 1
215 404 1
215 407 1
215 426 1
215 450 1
215 457 1
215 490 1
215 491 1
215 500 1
216 227 1
216 244 1
216 256 1
216 262 1
216 270 1
216 278 1
216 285 1
216 292 1
216 294 1
216 300 1
216 302 1
216 308 1
216 314 1
216 346 1
216 355 1
216 362 1
216 375 1
216 403 1
216 422 1
216 427 1
216 430 1
216 440 1
216 442 1
216 448 1
216 454 1
216 463 1
216 469 1
216 481 1
216 485 1
216 487 1
216 492 1
217 225 1
217 229 1
217 233 1
217 238 1
217 243 1
217 300 1
217 307 1
217 342 1
217 346 1
217 361 1
217 371 1
217 383 1
217 385 1
217 398 1
217 405 1
217 408 1
217 409 1
217 410 1
217 411 1
217 416 1
217 422 1
217 425 1
217 435 1
217 444 1
217 445 1
217 454 1
217 456 1
217 465 1
217 472 1
217 475 1
217 477 1
217 491 1
217 498 1
218 253 1
218 280 1
218 287 1
218 319 1
218 326 1
218 343 1
218 347 1
218 349 1
218 351 1
218 380 1
218 390 1
218 397 1
218 437 1
218 466 1
218 472 1
219 224 1
219 232 1
219 234 1
219 241 1
219 248 1
219 269 1
219 277 1
219 282 1
219 284 1
219 287 1
219 301 1
219 321 1
219 338 1
219 361 1
219 375 1
219 376 1
219 377 1
219 381 1
219 397 1
219 401 1
219 403 1
219 405 1
219 406 1
219 422 1
219 436 1
219 444 1
219 446 1
219 453 1
219 456 1
219 461 1
219 479 1
219 482 1
219 484 1
220 230 1
220 231 1
220 235 1
220 237 1
220 240 1
220 246 1
220 261 1
220 268 1
220 269 1
220 277 1
220 293 1
220 296 1
220 297 1
220 298 1
220 306 1
220 315 1
220 347 1
220 351 1
220 414 1
220 417 1
220 420 1
220 447 1
220 450 1
220 461 1
220 499 1
221 227 1
221 249 1
221 260 1
221 267 1
221 279 1
221 306 1
221 311 1
221 327 1
221 329 1
221 340 1
221 346 1
221 358 1
221 366 1
221 369 1
221 379 1
221 387 1
221 411 1
221 421 1
221 479 1
221 494 1
222 223 1
222 229 1
222 240 1
222 244 1
222 257 1
222 281 1
222 285 1
222 310 1
222 311 1
222 318 1
222 332 1
222 337 1
222 342 1
222 347 1
222 381 1
222 396 1
222 399 1
222 425 1
222 431 1
222 453 1
222 454 1
222 456 1
222 459 1
222 469 1
222 498 1
223 231 1
223 255 1
223 256 1
223 260 1
223 263 1
223 276 1
223 277 1
223 278 1
223 303 1
223 304 1
223 309 1
223 321 1
223 323 1
223 337 1
223 338 1
223 343 1
223 345 1
223 360 1
223 383 1
223 390 1
223 405 1
223 407 1
223 413 1
223 415 1
223 425 1
223 431 1
223 437 1
223 445 1
223 451 1
223 472 1
223 486 1
224 254 1
224 262 1
224 289 1
224 309 1
224 316 1
224 325 1
224 350 1
224 352 1
224 354 1
224 361 1
224 363 1
224 378 1
224 403 1
224 408 1
224 423 1
224 431 1
224 435 1
224 436 1
224 441 1
224 447 1
224 449 1
224 450 1
224 457 1
224 478 1
224 479 1
224 499 1
225 243 1
225 253 1
225 254 1
225 257 1
225 260 1
225 276 1
225 280 1
225 289 1
225 293 1
225 295 1
225 302 1
225 303 1
225 309 1
225 326 1
225 333 1
225 336 1
225 344 1
225 345 1
225 348 1
225 352 1
225 386 1
225 398 1
225 409 1
225 414 1
225 417 1
225 422 1
225 432 1
225 438 1
225 439 1
225 448 1
225 454 1
225 456 1
225 473 1
225 477 1
225 482 1
225 485 1
225 489 1
226 229 1
226 258 1
226 271 1
226 275 1
226 283 1
226 292 1
226 309 1
226 322 1
226 346 1
226 350 1
226 356 1
226 358 1
226 362 1
226 363 1
226 365 1
226 391 1
226 393 1
226 414 1
226 423 1
226 437 1
226 442 1
226 444 1
226 446 1
226 450 1
226 453 1
226 461 1
226 470 1
226 472 1
226 480 1
226 486 1
226 495 1
227 237 1
227 241 1
227 243 1
227 244 1
227 248 1
227 249 1
227 252 1
227 261 1
227 271 1
227 272 1
227 284 1
227 288 1
227 292 1
227 294 1
227 298 1
227 304 1
227 307 1
227 343 1
227 345 1
227 387 1
227 414 1
227 418 1
227 419 1
227 420 1
227 421 1
227 423 1
227 425 1
227 430 1
227 443 1
227 451 1
227 456 1
227 457 1
227 461 1
227 481 1
227 491 1
228 231 1
228 239 1
228 273 1
228 283 1
228 294 1
228 305 1
228 322 1
228 325 1
228 348 1
228 352 1
228 369 1
228 380 1
228 381 1
228 395 1
228 401 1
228 432 1
228 435 1
228 459 1
228 465 1
228 466 1
228 469 1
228 473 1
228 500 1
229 230 1
229 240 1
229 241 1
229 258 1
229 266 1
229 276 1
229 339 1
229 341 1
229 347 1
229 348 1
229 352 1
229 354 1
229 359 1
229 360 1
229 379 1
229 398 1
229 409 1
229 416 1
229 419 1
229 423 1
229 431 1
229 442 1
229 450 1
229 472 1
229 473 1
229 482 1
229 486 1
229 490 1
229 500 1
230 291 1
230 324 1
230 337 1
230 351 1
230 362 1
230 378 1
230 391 1
230 393 1
230 394 1
230 404 1
230 418 1
230 433 1
230 449 1
230 452 1
230 465 1
230 467 1
230 480 1
230 486 1
230 496 1
231 233 1
231 238 1
231 247 1
231 269 1
231 278 1
231 298 1
231 326 1
231 351 1
231 353 1
231 354 1
231 370 1
231 413 1
231 420 1
231 425 1
231 433 1
231 440 1
231 445 1
231 454 1
231 463 1
231 466 1
231 473 1
232 284 1
232 291 1
232 292 1
232 294 1
232 297 1
232 308 1
232 312 1
232 315 1
232 322 1
232 326 1
232 333 1
232 339 1
232 341 1
232 342 1
232 360 1
232 373 1
232 374 1
232 379 1
232 392 1
232 394 1
232 411 1
232 413 1
232 415 1
232 429 1
232 442 1
232 456 1
232 484 1
232 496 1
233 238 1
233 265 1
233 272 1
233 274 1
233 284 1
233 288 1
233 289 1
233 329 1
233 332 1
233 334 1
233 339 1
233 358 1
233 359 1
233 363 1
233 365 1
233 371 1
233 392 1
233 397 1
233 401 1
233 404 1
233 418 1
233 431 1
233 436 1
233 463 1
233 465 1
233 474 1
233 475 1
234 244 1
234 253 1
234 254 1
234 257 1
234 265 1
234 268 1
234 273 1
234 276 1
234 284 1
234 317 1
234 321 1
234 336 1
234 367 1
234 377 1
234 380 1
234 398 1
234 403 1
234 407 1
234 410 1
234 414 1
234 437 1
234 446 1
234 463 1
234 469 1
234 471 1
235 236 1
235 240 1
235 256 1
235 260 1
235 264 1
235 274 1
235 280 1
235 294 1
235 299 1
235 304 1
235 320 1
235 322 1
235 327 1
235 330 1
235 332 1
235 346 1
235 363 1
235 374 1
235 395 1
235 403 1
235 421 1
235 429 1
235 431 1
235 458 1
235 475 1
235 480 1
235 487 1
235 494 1
236 238 1
236 240 1
236 241 1
236 255 1
236 262 1
236 266 1
236 271 1
236 273 1
236 275 1
236 277 1
236 299 1
236 306 1
236 320 1
236 321 1
236 327 1
236 331 1
236 372 1
236 380 1
236 381 1
236 393 1
236 394 1
236 404 1
236 409 1
236 410 1
236 422 1
236 426 1
236 427 1
236 438 1
236 453 1
236 454 1
236 462 1
236 472 1
236 493 1
236 499 1
237 255 1
237 261 1
237 269 1
237 272 1
237 281 1
237 283 1
237 306 1
237 333 1
237 337 1
237 338 1
237 339 1
237 355 1
237 366 1
237 367 1
237 372 1
237 376 1
237 377 1
237 396 1
237 404 1
237 408 1
237 411 1
237 416 1
237 422 1
237 423 1
237 424 1
237 431 1
237 440 1
237 454 1
237 464 1
237 467 1
237 476 1
237 488 1
237 498 1
237 499 1
238 254 1
238 261 1
238 262 1
238 267 1
238 271 1
238 272 1
238 284 1
238 304 1
238 307 1
238 310 1
238 319 1
238 325 1
238 343 1
238 354 1
238 355 1
238 366 1
238 381 1
238 382 1
238 389 1
238 403 1
238 415 1
238 416 1
238 421 1
238 426 1
238 432 1
238 433 1
238 438 1
238 441 1
238 450 1
238 459 1
238 460 1
238 462 1
238 466 1
238 487 1
238 492 1
238 497 1
239 253 1
239 261 1
239 300 1
239 303 1
239 305 1
239 310 1
239 311 1
239 342 1
239 347 1
239 354 1
239 356 1
239 358 1
239 370 1
239 374 1
239 377 1
239 393 1
239 409 1
239 443 1
239 473 1
239 479 1
239 480 1
239 481 1
240 247 1
240 254 1
240 262 1
240 267 1
240 280 1
240 281 1
240 288 1
240 291 1
240 296 1
240 300 1
240 301 1
240 329 1
240 346 1
240 350 1
240 355 1
240 357 1
240 359 1
240 366 1
240 373 1
240 375 1
240 380 1
240 403 1
240 408 1
240 416 1
240 421 1
240 424 1
240 428 1
240 448 1
240 463 1
240 467 1
240 468 1
240 469 1
240 471 1
240 472 1
240 486 1
240 489 1
240 494 1
241 253 1
241 258 1
241 282 1
241 323 1
241 334 1
241 375 1
241 377 1
241 378 1
241 393 1
241 420 1
241 435 1
241 440 1
241 446 1
241 460 1
241 480 1
241 491 1
241 497 1
242 251 1
242 254 1
242 281 1
242 287 1
242 292 1
242 298 1
242 314 1
242 317 1
242 329 1
242 339 1
242 371 1
242 377 1
242 406 1
242 409 1
242 418 1
242 431 1
242 445 1
242 448 1
242 453 1
242 460 1
242 461 1
242 478 1
243 244 1
243 252 1
243 259 1
243 273 1
243 278 1
243 280 1
243 301 1
243 303 1
243 306 1
243 310 1
243 329 1
243 346 1
243 347 1
243 352 1
243 356 1
243 357 1
243 361 1
243 364 1
243 365 1
243 410 1
243 448 1
243 454 1
243 463 1
243 476 1
243 480 1
243 491 1
244 250 1
244 285 1
244 290 1
244 300 1
244 305 1
244 311 1
244 313 1
244 314 1
244 318 1
244 336 1
244 345 1
244 353 1
244 361 1
244 369 1
244 370 1
244 382 1
244 421 1
244 427 1
244 438 1
244 441 1
244 455 1
244 482 1
244 494 1
244 499 1
245 247 1
245 252 1
245 256 1
245 258 1
245 287 1
245 299 1
245 304 1
245 305 1
245 321 1
245 323 1
245 337 1
245 340 1
245 350 1
245 353 1
245 373 1
245 385 1
245 387 1
245 395 1
245 397 1
245 401 1
245 406 1
245 408 1
245 409 1
245 413 1
245 428 1
245 435 1
245 442 1
245 454 1
245 470 1
245 474 1
245 484 1
245 487 1
245 490 1
245 491 1
245 495 1
246 262 1
246 272 1
246 277 1
246 290 1
246 305 1
246 308 1
246 309 1
246 314 1
246 316 1
246 319 1
246 332 1
246 359 1
246 368 1
246 376 1
246 388 1
246 407 1
246 414 1
246 429 1
246 439 1
246 448 1
246 452 1
246 455 1
246 461 1
246 475 1
246 491 1
247 251 1
247 261 1
247 264 1
247 268 1
247 276 1
247 313 1
247 315 1
247 340 1
247 343 1
247 371 1
247 376 1
247 386 1
247 407 1
247 416 1
247 427 1
247 451 1
247 464 1
247 472 1
247 481 1
247 493 1
248 267 1
248 273 1
248 277 1
248 310 1
248 321 1
248 322 1
248 323 1
248 333 1
248 341 1
248 380 1
248 391 1
248 396 1
248 406 1
248 416 1
248 426 1
248 432 1
248 439 1
248 447 1
248 473 1
248 484 1
248 488 1
248 494 1
248 499 1
249 257 1
249 267 1
249 283 1
249 286 1
249 290 1
249 294 1
249 296 1
249 305 1
249 344 1
249 347 1
249 380 1
249 382 1
249 403 1
249 413 1
249 415 1
249 418 1
249 439 1
249 463 1
249 470 1
249 475 1
249 478 1
249 484 1
249 497 1
250 260 1
250 282 1
250 288 1
250 291 1
250 295 1
250 296 1
250 304 1
250 305 1
250 310 1
250 321 1
250 323 1
250 324 1
250 333 1
250 335 1
250 344 1
250 359 1
250 368 1
250 370 1
250 374 1
250 395 1
250 413 1
250 416 1
250 423 1
250 424 1
250 435 1
250 482 1
250 489 1
251 252 1
251 263 1
251 270 1
251 272 1
251 279 1
251 307 1
251 309 1
251 313 1
251 320 1
251 336 1
251 344 1
251 352 1
251 379 1
251 393 1
251 398 1
251 401 1
251 428 1
251 432 1
251 437 1
251 440 1
251 448 1
251 457 1
251 459 1
251 464 1
252 261 1
252 269 1
252 281 1
252 292 1
252 297 1
252 300 1
252 315 1
252 316 1
252 336 1
252 338 1
252 340 1
252 354 1
252 358 1
252 359 1
252 363 1
252 383 1
252 397 1
252 404 1
252 413 1
252 422 1
252 428 1
252 436 1
252 443 1
252 478 1
252 498 1
253 271 1
253 275 1
253 295 1
253 296 1
253 298 1
253 302 1
253 307 1
253 308 1
253 313 1
253 318 1
253 335 1
253 341 1
253 359 1
253 370 1
253 372 1
253 377 1
253 390 1
253 411 1
253 413 1
253 417 1
253 420 1
253 427 1
253 460 1
253 465 1
253 489 1
253 497 1
254 259 1
254 268 1
254 270 1
254 272 1
254 279 1
254 300 1
254 302 1
254 327 1
254 336 1
254 341 1
254 357 1
254 370 1
254 383 1
254 393 1
254 433 1
254 434 1
254 436 1
254 448 1
254 451 1
254 466 1
254 492 1
254 494 1
255 260 1
255 269 1
255 348 1
255 354 1
255 368 1
255 369 1
255 377 1
255 391 1
255 405 1
255 409 1
255 414 1
255 417 1
255 423 1
255 426 1
255 448 1
255 457 1
255 467 1
255 475 1
255 478 1
255 480 1
255 485 1
255 492 1
256 272 1
256 277 1
256 315 1
256 316 1
256 330 1
256 348 1
256 362 1
256 376 1
256 377 1
256 381 1
256 386 1
256 390 1
256 397 1
256 411 1
256 413 1
256 416 1
256 423 1
256 442 1
256 448 1
256 451 1
256 469 1
256 474 1
256 482 1
257 267 1
257 268 1
257 269 1
257 275 1
257 285 1
257 289 1
257 317 1
257 318 1
257 319 1
257 322 1
257 336 1
257 361 1
257 366 1
257 367 1
257 391 1
257 409 1
257 412 1
257 416 1
257 428 1
257 436 1
257 443 1
257 445 1
257 448 1
257 454 1
257 474 1
257 500 1
258 262 1
258 274 1
258 299 1
258 306 1
258 324 1
258 334 1
258 355 1
258 370 1
258 372 1
258 393 1
258 400 1
258 413 1
258 421 1
258 422 1
258 426 1
258 427 1
258 432 1
258 443 1
258 460 1
258 471 1
258 479 1
258 490 1
258 492 1
259 261 1
259 273 1
259 282 1
259 284 1
259 289 1
259 294 1
259 295 1
259 297 1
259 298 1
259 309 1
259 318 1
259 319 1
259 346 1
259 349 1
259 350 1
259 368 1
259 377 1
259 396 1
259 403 1
259 418 1
259 429 1
259 431 1
259 436 1
259 443 1
259 455 1
259 460 1
259 487 1
260 263 1
260 272 1
260 291 1
260 303 1
260 318 1
260 328 1
260 347 1
260 350 1
260 353 1
260 357 1
260 358 1
260 376 1
260 384 1
260 427 1
260 433 1
260 440 1
260 442 1
260 446 1
260 455 1
260 469 1
260 472 1
260 486 1
261 263 1
261 282 1
261 287 1
261 301 1
261 302 1
261 318 1
261 321 1
261 323 1
261 327 1
261 330 1
261 336 1
261 376 1
261 380 1
261 381 1
261 398 1
261 402 1
261 405 1
261 421 1
261 442 1
261 448 1
261 455 1
261 456 1
261 458 1
261 469 1
261 471 1
261 475 1
261 485 1
262 280 1
262 283 1
262 286 1
262 309 1
262 324 1
262 329 1
262 334 1
262 339 1
262 349 1
262 394 1
262 402 1
262 416 1
262 422 1
262 425 1
262 436 1
262 447 1
262 451 1
262 457 1
262 462 1
262 466 1
262 477 1
262 482 1
262 486 1
262 493 1
263 294 1
263 305 1
263 307 1
263 308 1
263 328 1
263 329 1
263 338 1
263 354 1
263 378 1
263 381 1
263 387 1
263 398 1
263 400 1
263 429 1
263 433 1
263 439 1
263 442 1
263 449 1
263 457 1
263 484 1
263 485 1
264 290 1
264 304 1
264 312 1
264 320 1
264 324 1
264 335 1
264 360 1
264 371 1
264 372 1
264 384 1
264 403 1
264 407 1
264 412 1
264 481 1
264 482 1
264 484 1
264 490 1
264 494 1
264 497 1
265 270 1
265 298 1
265 305 1
265 312 1
265 333 1
265 390 1
265 396 1
265 404 1
265 413 1
265 421 1
265 425 1
265 429 1
265 440 1
265 444 1
265 448 1
265 451 1
265 452 1
265 469 1
265 472 1
265 474 1
265 482 1
265 488 1
265 490 1
265 493 1
266 282 1
266 288 1
266 295 1
266 296 1
266 301 1
266 307 1
266 310 1
266 312 1
266 317 1
266 339 1
266 368 1
266 369 1
266 391 1
266 392 1
266 401 1
266 402 1
266 408 1
266 411 1
266 416 1
266 422 1
266 455 1
266 469 1
266 470 1
266 477 1
266 494 1
267 278 1
267 280 1
267 282 1
267 291 1
267 296 1
267 301 1
267 326 1
267 332 1
267 354 1
267 368 1
267 377 1
267 378 1
267 382 1
267 388 1
267 390 1
267 395 1
267 398 1
267 404 1
267 408 1
267 417 1
267 422 1
267 423 1
267 457 1
267 469 1
267 486 1
267 493 1
267 496 1
268 276 1
268 277 1
268 292 1
268 297 1
268 318 1
268 332 1
268 339 1
268 342 1
268 349 1
268 352 1
268 361 1
268 373 1
268 374 1
268 381 1
268 406 1
268 415 1
268 428 1
268 457 1
268 467 1
268 482 1
269 278 1
269 285 1
269 287 1
269 296 1
269 301 1
269 330 1
269 336 1
269 341 1
269 353 1
269 354 1
269 360 1
269 382 1
269 407 1
269 419 1
269 453 1
269 455 1
269 467 1
269 469 1
269 487 1
269 494 1
270 273 1
270 291 1
270 293 1
270 302 1
270 308 1
270 317 1
270 322 1
270 335 1
270 349 1
270 354 1
270 356 1
270 365 1
270 373 1
270 392 1
270 396 1
270 401 1
270 406 1
270 411 1
270 428 1
270 439 1
270 446 1
270 462 1
270 469 1
270 476 1
270 488 1
270 494 1
271 286 1
271 292 1
271 304 1
271 307 1
271 327 1
271 340 1
271 345 1
271 349 1
271 375 1
271 379 1
271 391 1
271 419 1
271 420 1
271 422 1
271 443 1
271 448 1
271 450 1
271 453 1
271 457 1
271 460 1
271 461 1
271 465 1
271 478 1
271 481 1
272 278 1
272 293 1
272 295 1
272 300 1
272 324 1
272 342 1
272 366 1
272 375 1
272 388 1
272 394 1
272 414 1
272 415 1
272 450 1
272 451 1
272 461 1
272 466 1
272 476 1
272 488 1
272 490 1
272 492 1
273 275 1
273 279 1
273 280 1
273 300 1
273 302 1
273 307 1
273 333 1
273 335 1
273 338 1
273 347 1
273 349 1
273 389 1
273 391 1
273 431 1
273 449 1
273 457 1
273 462 1
273 464 1
273 475 1
273 482 1
273 487 1
273 490 1
273 493 1
273 497 1
273 500 1
274 284 1
274 296 1
274 310 1
274 320 1
274 327 1
274 334 1
274 340 1
274 351 1
274 355 1
274 374 1
274 376 1
274 387 1
274 400 1
274 402 1
274 422 1
274 431 1
274 436 1
274 439 1
274 448 1
274 456 1
274 479 1
275 303 1
275 309 1
275 315 1
275 328 1
275 342 1
275 349 1
275 358 1
275 365 1
275 370 1
275 372 1
275 375 1
275 377 1
275 378 1
275 393 1
275 396 1
275 401 1
275 404 1
275 426 1
275 431 1
275 432 1
275 435 1
275 446 1
275 481 1
276 277 1
276 278 1
276 283 1
276 295 1
276 296 1
276 299 1
276 302 1
276 311 1
276 313 1
276 316 1
276 324 1
276 326 1
276 333 1
276 336 1
276 341 1
276 342 1
276 346 1
276 349 1
276 358 1
276 360 1
276 362 1
276 366 1
276 376 1
276 389 1
276 390 1
276 394 1
276 408 1
276 410 1
276 416 1
276 417 1
276 431 1
276 441 1
276 443 1
276 455 1
276 458 1
276 467 1
276 473 1
276 476 1
276 479 1
276 495 1
276 496 1
277 289 1
277 297 1
277 300 1
277 309 1
277 325 1
277 345 1
277 371 1
277 373 1
277 381 1
277 382 1
277 403 1
277 410 1
277 412 1
277 421 1
277 436 1
277 443 1
277 459 1
277 463 1
277 474 1
277 498 1
278 287 1
278 303 1
278 315 1
278 320 1
278 321 1
278 329 1
278 331 1
278 336 1
278 338 1
278 341 1
278 352 1
278 358 1
278 364 1
278 376 1
278 384 1
278 385 1
278 393 1
278 396 1
278 427 1
278 429 1
278 437 1
278 469 1
278 479 1
278 482 1
278 483 1
278 491 1
279 280 1
279 298 1
279 308 1
279 324 1
279 329 1
279 336 1
279 375 1
279 407 1
279 427 1
279 436 1
279 448 1
279 452 1
279 455 1
279 460 1
279 462 1
279 464 1
280 286 1
280 290 1
280 302 1
280 309 1
280 319 1
280 344 1
280 348 1
280 353 1
280 371 1
280 372 1
280 396 1
280 405 1
280 410 1
280 414 1
280 415 1
280 428 1
280 434 1
280 447 1
280 448 1
280 452 1
280 468 1
280 472 1
280 478 1
280 479 1
280 488 1
280 489 1
280 492 1
280 495 1
280 497 1
280 499 1
280 500 1
281 292 1
281 302 1
281 303 1
281 320 1
281 335 1
281 337 1
281 342 1
281 350 1
281 371 1
281 395 1
281 405 1
281 419 1
281 435 1
281 460 1
281 466 1
281 473 1
281 494 1
282 283 1
282 293 1
282 318 1
282 319 1
282 328 1
282 362 1
282 363 1
282 365 1
282 408 1
282 420 1
282 434 1
282 436 1
282 441 1
282 442 1
282 444 1
282 459 1
282 460 1
282 461 1
282 462 1
282 463 1
282 472 1
282 489 1
282 497 1
282 500 1
283 303 1
283 304 1
283 318 1
283 332 1
283 365 1
283 375 1
283 409 1
283 417 1
283 420 1
283 426 1
283 427 1
283 433 1
283 444 1
283 448 1
283 456 1
283 461 1
283 466 1
283 477 1
284 311 1
284 332 1
284 333 1
284 336 1
284 338 1
284 340 1
284 356 1
284 372 1
284 385 1
284 410 1
284 413 1
284 422 1
284 426 1
284 443 1
284 447 1
284 453 1
284 470 1
284 492 1
285 288 1
285 291 1
285 307 1
285 311 1
285 313 1
285 331 1
285 337 1
285 340 1
285 352 1
285 356 1
285 365 1
285 377 1
285 383 1
285 396 1
285 410 1
285 412 1
285 442 1
285 446 1
285 450 1
285 461 1
285 465 1
285 473 1
285 476 1
285 478 1
285 480 1
285 484 1
285 489 1
286 295 1
286 306 1
286 319 1
286 326 1
286 341 1
286 342 1
286 348 1
286 354 1
286 357 1
286 362 1
286 367 1
286 371 1
286 375 1
286 420 1
286 427 1
286 436 1
286 441 1
286 443 1
286 451 1
286 469 1
286 472 1
286 479 1
286 482 1
286 496 1
287 292 1
287 298 1
287 315 1
287 320 1
287 331 1
287 337 1
287 342 1
287 356 1
287 358 1
287 370 1
287 373 1
287 390 1
287 398 1
287 407 1
287 412 1
287 432 1
287 434 1
287 442 1
287 447 1
287 458 1
287 466 1
287 471 1
287 482 1
287 486 1
287 489 1
287 500 1
288 303 1
288 311 1
288 341 1
288 353 1
288 363 1
288 371 1
288 376 1
288 379 1
288 413 1
288 435 1
288 439 1
288 468 1
288 472 1
288 482 1
288 483 1
288 484 1
288 499 1
289 290 1
289 293 1
289 306 1
289 314 1
289 329 1
289 332 1
289 340 1
289 343 1
289 346 1
289 350 1
289 361 1
289 365 1
289 393 1
289 396 1
289 429 1
289 437 1
289 440 1
289 448 1
289 463 1
289 477 1
289 478 1
289 499 1
290 306 1
290 315 1
290 320 1
290 331 1
290 334 1
290 343 1
290 348 1
290 358 1
290 363 1
290 365 1
290 396 1
290 420 1
290 425 1
290 432 1
290 434 1
290 439 1
290 455 1
290 465 1
290 477 1
290 489 1
290 490 1
290 498 1
291 307 1
291 310 1
291 312 1
291 317 1
291 319 1
291 320 1
291 344 1
291 348 1
291 352 1
291 355 1
291 358 1
291 360 1
291 366 1
291 371 1
291 372 1
291 378 1
291 387 1
291 404 1
291 429 1
291 431 1
291 432 1
291 441 1
291 477 1
291 494 1
291 499 1
292 295 1
292 299 1
292 317 1
292 318 1
292 332 1
292 344 1
292 347 1
292 356 1
292 361 1
292 367 1
292 372 1
292 378 1
292 396 1
292 398 1
292 405 1
292 418 1
292 420 1
292 430 1
292 445 1
292 451 1
292 453 1
292 465 1
292 469 1
292 497 1
293 300 1
293 305 1
293 308 1
293 335 1
293 336 1
293 341 1
293 347 1
293 374 1
293 378 1
293 472 1
293 486 1
293 487 1
293 491 1
293 496 1
294 298 1
294 301 1
294 308 1
294 313 1
294 316 1
294 347 1
294 357 1
294 379 1
294 384 1
294 400 1
294 406 1
294 421 1
294 427 1
294 445 1
294 463 1
294 496 1
295 297 1
295 302 1
295 324 1
295 330 1
295 331 1
295 363 1
295 365 1
295 370 1
295 392 1
295 415 1
295 447 1
295 469 1
295 474 1
295 487 1
295 490 1
296 305 1
296 317 1
296 329 1
296 339 1
296 357 1
296 373 1
296 381 1
296 405 1
296 430 1
296 438 1
296 447 1
296 461 1
296 471 1
296 485 1
296 489 1
296 495 1
297 308 1
297 313 1
297 314 1
297 315 1
297 326 1
297 327 1
297 329 1
297 335 1
297 341 1
297 352 1
297 366 1
297 370 1
297 372 1
297 389 1
297 404 1
297 413 1
297 428 1
297 454 1
297 455 1
297 460 1
297 467 1
297 486 1
297 495 1
298 314 1
298 320 1
298 346 1
298 355 1
298 356 1
298 362 1
298 363 1
298 366 1
298 371 1
298 377 1
298 388 1
298 392 1
298 393 1
298 420 1
298 463 1
298 477 1
298 487 1
298 489 1
298 497 1
298 500 1
299 306 1
299 312 1
299 337 1
299 343 1
299 344 1
299 366 1
299 368 1
299 371 1
299 395 1
299 397 1
299 400 1
299 404 1
299 407 1
299 415 1
299 426 1
299 427 1
299 442 1
299 443 1
299 444 1
299 448 1
299 463 1
299 464 1
299 493 1
300 305 1
300 317 1
300 325 1
300 326 1
300 357 1
300 368 1
300 386 1
300 393 1
300 399 1
300 408 1
300 416 1
300 417 1
300 424 1
300 443 1
300 451 1
300 462 1
300 463 1
300 473 1
300 478 1
300 489 1
300 494 1
301 316 1
301 320 1
301 322 1
301 328 1
301 332 1
301 339 1
301 340 1
301 349 1
301 360 1
301 371 1
301 374 1
301 375 1
301 389 1
301 403 1
301 413 1
301 414 1
301 416 1
301 418 1
301 420 1
301 427 1
301 450 1
301 451 1
301 453 1
301 463 1
301 465 1
301 483 1
301 493 1
301 498 1
302 312 1
302 313 1
302 324 1
302 367 1
302 368 1
302 383 1
302 387 1
302 392 1
302 396 1
302 407 1
302 416 1
302 425 1
302 429 1
302 438 1
302 486 1
302 495 1
303 315 1
303 323 1
303 328 1
303 330 1
303 349 1
303 380 1
303 381 1
303 384 1
303 423 1
303 428 1
303 432 1
303 468 1
303 473 1
303 474 1
303 476 1
303 493 1
304 307 1
304 333 1
304 338 1
304 343 1
304 348 1
304 387 1
304 390 1
304 391 1
304 413 1
304 424 1
304 426 1
304 428 1
304 434 1
304 437 1
304 438 1
304 455 1
304 463 1
304 465 1
304 468 1
304 472 1
304 475 1
304 477 1
304 481 1
304 485 1
304 494 1
305 318 1
305 322 1
305 323 1
305 342 1
305 366 1
305 370 1
305 371 1
305 372 1
305 400 1
305 415 1
305 424 1
305 425 1
305 428 1
305 430 1
305 432 1
305 451 1
305 459 1
305 471 1
305 479 1
305 482 1
305 486 1
306 309 1
306 319 1
306 327 1
306 355 1
306 371 1
306 377 1
306 388 1
306 409 1
306 410 1
306 418 1
306 430 1
306 445 1
306 460 1
306 470 1
306 474 1
307 324 1
307 333 1
307 344 1
307 348 1
307 361 1
307 365 1
307 366 1
307 373 1
307 408 1
307 410 1
307 413 1
307 421 1
307 424 1
307 436 1
307 453 1
307 455 1
307 456 1
307 482 1
307 484 1
307 489 1
307 493 1
307 497 1
307 500 1
308 312 1
308 325 1
308 328 1
308 334 1
308 350 1
308 359 1
308 377 1
308 394 1
308 401 1
308 414 1
308 418 1
308 421 1
308 429 1
308 431 1
308 432 1
308 434 1
308 456 1
308 457 1
308 481 1
308 487 1
309 316 1
309 326 1
309 350 1
309 361 1
309 366 1
309 367 1
309 374 1
309 377 1
309 388 1
309 389 1
309 392 1
309 399 1
309 405 1
309 409 1
309 410 1
309 437 1
309 459 1
309 461 1
309 462 1
309 464 1
310 318 1
310 322 1
310 333 1
310 339 1
310 341 1
310 345 1
310 361 1
310 362 1
310 412 1
310 444 1
310 455 1
310 484 1
310 500 1
311 324 1
311 337 1
311 352 1
311 355 1
311 357 1
311 369 1
311 389 1
311 409 1
311 412 1
311 414 1
311 438 1
311 456 1
311 464 1
311 473 1
311 477 1
311 495 1
311 496 1
312 323 1
312 330 1
312 331 1
312 338 1
312 343 1
312 347 1
312 354 1
312 363 1
312 369 1
312 386 1
312 389 1
312 404 1
312 431 1
312 442 1
312 451 1
313 317 1
313 350 1
313 363 1
313 365 1
313 378 1
313 396 1
313 412 1
313 434 1
313 455 1
313 468 1
313 469 1
313 478 1
313 495 1
314 318 1
314 319 1
314 350 1
314 358 1
314 367 1
314 379 1
314 388 1
314 395 1
314 396 1
314 426 1
314 481 1
315 326 1
315 327 1
315 333 1
315 344 1
315 346 1
315 352 1
315 354 1
315 355 1
315 357 1
315 378 1
315 387 1
315 395 1
315 400 1
315 409 1
315 415 1
315 424 1
315 442 1
315 453 1
315 454 1
315 458 1
315 469 1
315 480 1
315 489 1
315 493 1
315 496 1
316 344 1
316 372 1
316 392 1
316 401 1
316 420 1
316 434 1
316 436 1
316 444 1
316 445 1
316 464 1
316 492 1
316 497 1
317 318 1
317 339 1
317 340 1
317 344 1
317 353 1
317 354 1
317 361 1
317 365 1
317 371 1
317 405 1
317 407 1
317 414 1
317 439 1
317 448 1
317 453 1
317 463 1
317 473 1
317 475 1
317 483 1
317 497 1
317 500 1
318 338 1
318 351 1
318 352 1
318 356 1
318 363 1
318 373 1
318 375 1
318 381 1
318 384 1
318 386 1
318 393 1
318 399 1
318 410 1
318 426 1
318 434 1
318 441 1
318 442 1
318 456 1
318 461 1
318 478 1
318 492 1
318 497 1
319 321 1
319 323 1
319 328 1
319 329 1
319 343 1
319 358 1
319 363 1
319 364 1
319 368 1
319 369 1
319 382 1
319 393 1
319 399 1
319 430 1
319 433 1
319 442 1
319 446 1
319 456 1
319 459 1
319 462 1
319 468 1
319 488 1
319 495 1
320 350 1
320 370 1
320 371 1
320 398 1
320 411 1
320 435 1
320 438 1
320 458 1
320 465 1
321 322 1
321 327 1
321 329 1
321 340 1
321 341 1
321 362 1
321 365 1
321 369 1
321 382 1
321 389 1
321 413 1
321 443 1
321 449 1
321 468 1
321 472 1
321 481 1
321 498 1
322 355 1
322 357 1
322 361 1
322 383 1
322 387 1
322 388 1
322 398 1
322 428 1
322 430 1
322 433 1
322 435 1
322 442 1
322 464 1
322 469 1
322 471 1
322 475 1
322 492 1
322 496 1
323 325 1
323 352 1
323 354 1
323 364 1
323 373 1
323 374 1
323 375 1
323 379 1
323 382 1
323 385 1
323 393 1
323 395 1
323 441 1
323 446 1
323 478 1
323 498 1
324 334 1
324 341 1
324 344 1
324 347 1
324 367 1
324 372 1
324 380 1
324 408 1
324 415 1
324 419 1
324 436 1
324 443 1
324 461 1
324 467 1
324 496 1
324 500 1
325 327 1
325 328 1
325 373 1
325 394 1
325 408 1
325 420 1
325 441 1
325 450 1
325 456 1
325 460 1
325 474 1
325 478 1
326 330 1
326 333 1
326 335 1
326 339 1
326 346 1
326 348 1
326 357 1
326 358 1
326 360 1
326 389 1
326 412 1
326 413 1
326 429 1
326 434 1
326 478 1
327 353 1
327 355 1
327 362 1
327 379 1
327 388 1
327 390 1
327 393 1
327 399 1
327 414 1
327 439 1
327 460 1
327 472 1
327 478 1
327 480 1
328 334 1
328 338 1
328 345 1
328 348 1
328 367 1
328 382 1
328 384 1
328 395 1
328 397 1
328 404 1
328 413 1
328 420 1
328 423 1
328 439 1
328 453 1
328 457 1
328 473 1
328 483 1
329 331 1
329 333 1
329 334 1
329 336 1
329 338 1
329 344 1
329 347 1
329 354 1
329 374 1
329 375 1
329 380 1
329 425 1
329 433 1
329 434 1
329 437 1
329 438 1
329 439 1
329 474 1
329 477 1
329 478 1
329 483 1
329 484 1
329 489 1
329 499 1
330 337 1
330 341 1
330 344 1
330 350 1
330 352 1
330 391 1
330 404 1
330 406 1
330 412 1
330 413 1
330 426 1
330 454 1
330 460 1
331 338 1
331 342 1
331 359 1
331 364 1
331 373 1
331 375 1
331 386 1
331 392 1
331 394 1
331 397 1
331 398 1
331 408 1
331 412 1
331 417 1
331 421 1
331 430 1
331 439 1
331 469 1
331 478 1
331 480 1
331 481 1
331 487 1
331 488 1
331 496 1
332 334 1
332 353 1
332 379 1
332 380 1
332 386 1
332 389 1
332 393 1
332 422 1
332 425 1
332 444 1
332 446 1
332 447 1
332 461 1
332 462 1
332 464 1
332 493 1
332 496 1
332 500 1
333 337 1
333 351 1
333 357 1
333 373 1
333 384 1
333 387 1
333 396 1
333 398 1
333 406 1
333 412 1
333 428 1
333 440 1
333 441 1
333 444 1
333 445 1
333 453 1
333 458 1
333 461 1
333 462 1
333 463 1
333 475 1
333 477 1
333 498 1
334 336 1
334 371 1
334 383 1
334 385 1
334 394 1
334 402 1
334 418 1
334 419 1
334 422 1
334 430 1
334 439 1
334 452 1
334 463 1
334 467 1
335 358 1
335 370 1
335 380 1
335 381 1
335 398 1
335 399 1
335 401 1
335 407 1
335 412 1
335 414 1
335 416 1
335 438 1
335 442 1
335 443 1
335 451 1
335 467 1
335 476 1
335 478 1
335 481 1
335 486 1
335 492 1
335 497 1
335 498 1
336 344 1
336 353 1
336 357 1
336 359 1
336 364 1
336 376 1
336 381 1
336 388 1
336 393 1
336 394 1
336 398 1
336 436 1
336 439 1
336 450 1
336 463 1
336 474 1
336 496 1
337 341 1
337 364 1
337 381 1
337 386 1
337 387 1
337 392 1
337 394 1
337 401 1
337 403 1
337 404 1
337 408 1
337 413 1
337 420 1
337 425 1
337 434 1
337 439 1
337 446 1
337 449 1
337 478 1
337 484 1
337 485 1
338 339 1
338 370 1
338 378 1
338 384 1
338 386 1
338 391 1
338 402 1
338 424 1
338 446 1
338 450 1
338 453 1
338 456 1
338 460 1
338 464 1
338 472 1
338 483 1
338 494 1
339 345 1
339 355 1
339 363 1
339 366 1
339 372 1
339 389 1
339 392 1
339 398 1
339 402 1
339 417 1
339 423 1
339 435 1
339 452 1
339 457 1
339 481 1
339 485 1
339 489 1
339 499 1
340 349 1
340 350 1
340 353 1
340 364 1
340 375 1
340 378 1
340 389 1
340 391 1
340 405 1
340 409 1
340 411 1
340 416 1
340 417 1
340 421 1
340 428 1
340 430 1
340 431 1
340 433 1
340 441 1
340 450 1
340 459 1
340 462 1
340 471 1
340 483 1
340 494 1
341 342 1
341 351 1
341 384 1
341 385 1
341 386 1
341 387 1
341 396 1
341 414 1
341 426 1
341 428 1
341 431 1
341 432 1
341 433 1
341 438 1
341 439 1
341 446 1
341 448 1
341 456 1
341 465 1
341 467 1
341 485 1
341 486 1
341 499 1
342 352 1
342 373 1
342 385 1
342 387 1
342 389 1
342 396 1
342 399 1
342 402 1
342 406 1
342 419 1
342 424 1
342 426 1
342 436 1
342 440 1
342 447 1
342 455 1
342 461 1
342 473 1
342 476 1
342 488 1
342 494 1
343 346 1
343 377 1
343 383 1
343 397 1
343 412 1
343 414 1
343 419 1
343 422 1
343 424 1
343 437 1
343 438 1
343 476 1
343 494 1
343 495 1
344 358 1
344 370 1
344 380 1
344 394 1
344 399 1
344 408 1
344 409 1
344 421 1
344 426 1
344 430 1
344 459 1
344 489 1
345 357 1
345 360 1
345 381 1
345 386 1
345 400 1
345 403 1
345 420 1
345 430 1
345 442 1
345 493 1
345 495 1
346 361 1
346 429 1
346 432 1
346 451 1
346 460 1
346 477 1
346 480 1
346 483 1
346 489 1
347 366 1
347 373 1
347 403 1
347 457 1
347 472 1
347 482 1
347 485 1
347 499 1
348 390 1
348 395 1
348 415 1
348 417 1
348 433 1
348 436 1
348 465 1
348 470 1
348 490 1
349 364 1
349 367 1
349 368 1
349 369 1
349 382 1
349 388 1
349 395 1
349 412 1
349 421 1
349 424 1
349 439 1
349 442 1
349 445 1
349 452 1
349 456 1
349 457 1
349 458 1
349 465 1
349 468 1
349 469 1
350 351 1
350 353 1
350 400 1
350 406 1
350 409 1
350 430 1
350 439 1
350 441 1
350 446 1
350 453 1
350 460 1
350 462 1
350 464 1
350 473 1
350 474 1
350 481 1
351 353 1
351 378 1
351 380 1
351 397 1
351 406 1
351 416 1
351 417 1
351 423 1
351 436 1
351 453 1
351 473 1
351 474 1
351 487 1
351 490 1
352 374 1
352 376 1
352 382 1
352 388 1
352 392 1
352 398 1
352 408 1
352 411 1
352 421 1
352 429 1
352 431 1
352 441 1
352 461 1
352 474 1
353 354 1
353 381 1
353 382 1
353 418 1
353 420 1
353 428 1
353 429 1
353 437 1
353 458 1
353 460 1
353 464 1
353 475 1
353 484 1
353 490 1
353 491 1
353 499 1
354 361 1
354 375 1
354 377 1
354 380 1
354 394 1
354 402 1
354 404 1
354 410 1
354 435 1
354 445 1
354 489 1
354 493 1
355 358 1
355 375 1
355 387 1
355 392 1
355 396 1
355 413 1
355 415 1
355 416 1
355 426 1
355 435 1
355 444 1
355 446 1
355 449 1
355 461 1
355 477 1
355 479 1
355 480 1
355 491 1
356 358 1
356 362 1
356 363 1
356 394 1
356 401 1
356 408 1
356 429 1
356 441 1
356 445 1
356 446 1
356 469 1
356 475 1
356 482 1
356 488 1
356 496 1
357 366 1
357 368 1
357 375 1
357 376 1
357 382 1
357 396 1
357 412 1
357 437 1
357 447 1
357 449 1
357 493 1
357 496 1
358 361 1
358 373 1
358 376 1
358 381 1
358 384 1
358 387 1
358 389 1
358 409 1
358 412 1
358 425 1
358 429 1
358 436 1
358 455 1
358 470 1
358 492 1
359 366 1
359 372 1
359 376 1
359 401 1
359 408 1
359 432 1
359 434 1
359 451 1
359 456 1
359 466 1
359 475 1
359 483 1
360 369 1
360 376 1
360 383 1
360 385 1
360 387 1
360 389 1
360 393 1
360 438 1
360 439 1
360 444 1
360 466 1
360 470 1
360 479 1
360 491 1
360 492 1
361 400 1
361 402 1
361 412 1
361 418 1
361 419 1
361 423 1
361 427 1
361 446 1
361 455 1
361 489 1
361 496 1
362 372 1
362 379 1
362 382 1
362 407 1
362 421 1
362 436 1
362 441 1
362 466 1
362 491 1
362 492 1
362 498 1
363 368 1
363 370 1
363 374 1
363 392 1
363 409 1
363 413 1
363 416 1
363 427 1
363 431 1
363 432 1
363 433 1
363 449 1
363 450 1
363 455 1
363 465 1
363 469 1
363 470 1
363 480 1
363 492 1
363 495 1
364 385 1
364 406 1
364 413 1
364 423 1
364 433 1
364 436 1
364 456 1
364 457 1
364 474 1
364 493 1
365 367 1
365 368 1
365 379 1
365 381 1
365 387 1
365 394 1
365 408 1
365 422 1
365 423 1
365 436 1
365 457 1
365 458 1
365 462 1
365 470 1
365 477 1
365 484 1
366 371 1
366 377 1
366 379 1
366 413 1
366 426 1
366 431 1
366 459 1
366 464 1
366 465 1
366 471 1
366 473 1
366 474 1
366 477 1
366 484 1
366 487 1
366 488 1
366 494 1
367 374 1
367 381 1
367 400 1
367 423 1
367 425 1
367 448 1
367 455 1
367 483 1
367 486 1
367 489 1
368 371 1
368 395 1
368 401 1
368 402 1
368 408 1
368 422 1
368 434 1
368 447 1
368 461 1
368 464 1
368 465 1
368 466 1
368 473 1
368 491 1
369 394 1
369 401 1
369 424 1
369 436 1
369 437 1
369 447 1
369 466 1
369 500 1
370 381 1
370 384 1
370 397 1
370 404 1
370 408 1
370 434 1
370 469 1
370 478 1
370 480 1
370 483 1
371 408 1
371 419 1
371 431 1
371 436 1
371 441 1
371 450 1
371 453 1
371 458 1
371 463 1
371 467 1
371 480 1
371 487 1
371 491 1
372 385 1
372 403 1
372 404 1
372 406 1
372 414 1
372 424 1
372 442 1
372 482 1
372 484 1
372 486 1
372 487 1
372 494 1
373 378 1
373 382 1
373 412 1
373 414 1
373 424 1
373 431 1
373 448 1
373 449 1
373 455 1
373 457 1
373 461 1
373 466 1
373 480 1
374 388 1
374 399 1
374 407 1
374 409 1
374 412 1
374 439 1
374 443 1
374 459 1
374 473 1
374 496 1
375 379 1
375 380 1
375 406 1
375 423 1
375 469 1
375 472 1
375 482 1
375 495 1
375 497 1
376 390 1
376 391 1
376 398 1
376 406 1
376 407 1
376 419 1
376 427 1
376 447 1
376 453 1
376 474 1
376 476 1
376 479 1
376 484 1
377 394 1
377 395 1
377 413 1
377 414 1
377 417 1
377 420 1
377 424 1
377 427 1
377 433 1
377 439 1
377 460 1
377 467 1
377 476 1
377 480 1
377 486 1
377 497 1
378 381 1
378 386 1
378 388 1
378 389 1
378 401 1
378 408 1
378 415 1
378 420 1
378 439 1
378 452 1
378 456 1
378 457 1
378 469 1
378 483 1
378 486 1
378 492 1
378 494 1
379 390 1
379 409 1
379 410 1
379 421 1
379 425 1
379 438 1
379 473 1
379 478 1
379 480 1
379 498 1
380 382 1
380 388 1
380 396 1
380 404 1
380 410 1
380 423 1
380 435 1
380 447 1
380 450 1
380 454 1
380 475 1
380 476 1
380 486 1
380 494 1
380 500 1
381 413 1
381 417 1
381 438 1
381 444 1
381 450 1
381 457 1
381 459 1
381 472 1
381 484 1
381 493 1
382 410 1
382 458 1
382 476 1
382 486 1
383 394 1
383 410 1
383 411 1
383 439 1
383 448 1
383 460 1
383 466 1
383 470 1
383 493 1
383 494 1
383 498 1
384 386 1
384 388 1
384 393 1
384 394 1
384 412 1
384 428 1
384 442 1
384 463 1
384 469 1
384 491 1
384 493 1
384 494 1
384 495 1
384 500 1
385 400 1
385 403 1
385 434 1
385 445 1
385 450 1
385 458 1
385 480 1
386 396 1
386 417 1
386 429 1
386 436 1
386 450 1
386 459 1
386 461 1
386 462 1
386 472 1
386 473 1
386 479 1
387 390 1
387 411 1
387 417 1
387 423 1
387 432 1
387 433 1
387 434 1
387 439 1
387 460 1
387 461 1
387 467 1
387 479 1
387 486 1
387 488 1
387 489 1
387 497 1
388 391 1
388 421 1
388 444 1
388 448 1
388 457 1
388 458 1
388 462 1
388 463 1
388 490 1
388 499 1
389 390 1
389 393 1
389 395 1
389 406 1
389 418 1
389 429 1
389 430 1
389 433 1
389 454 1
389 460 1
389 466 1
389 495 1
390 393 1
390 418 1
390 430 1
390 433 1
390 462 1
390 466 1
390 477 1
390 480 1
390 484 1
390 486 1
390 492 1
390 493 1
390 498 1
391 392 1
391 393 1
391 396 1
391 402 1
391 426 1
391 438 1
391 459 1
391 462 1
391 464 1
392 400 1
392 401 1
392 409 1
392 425 1
392 444 1
392 450 1
392 451 1
392 466 1
392 473 1
392 476 1
392 486 1
392 495 1
393 421 1
393 427 1
393 429 1
393 430 1
393 431 1
393 441 1
393 442 1
393 448 1
393 452 1
393 459 1
393 470 1
393 496 1
394 401 1
394 409 1
394 421 1
394 428 1
394 436 1
394 442 1
394 459 1
394 468 1
394 474 1
394 475 1
394 485 1
394 489 1
395 410 1
395 411 1
395 418 1
395 433 1
395 441 1
395 448 1
395 449 1
395 478 1
395 487 1
395 488 1
396 437 1
396 462 1
396 469 1
396 480 1
396 491 1
396 497 1
397 408 1
397 426 1
397 427 1
397 437 1
397 440 1
397 445 1
397 449 1
397 452 1
397 458 1
397 459 1
397 500 1
398 417 1
398 438 1
398 439 1
398 447 1
398 449 1
398 454 1
398 462 1
398 463 1
398 469 1
399 408 1
399 413 1
399 426 1
399 436 1
399 460 1
399 470 1
399 471 1
399 474 1
399 490 1
400 406 1
400 414 1
400 417 1
400 478 1
400 485 1
401 412 1
401 414 1
401 419 1
401 440 1
401 448 1
401 453 1
401 456 1
401 459 1
401 466 1
401 471 1
401 475 1
401 481 1
401 485 1
401 491 1
401 495 1
401 500 1
402 451 1
402 454 1
402 464 1
402 484 1
403 405 1
403 410 1
403 418 1
403 442 1
403 462 1
403 485 1
403 488 1
404 407 1
404 408 1
404 416 1
404 430 1
404 441 1
404 450 1
404 460 1
404 477 1
404 498 1
405 406 1
405 428 1
405 435 1
405 437 1
405 440 1
406 416 1
406 430 1
406 446 1
406 459 1
406 470 1
406 476 1
406 480 1
406 493 1
407 419 1
407 440 1
407 448 1
407 469 1
407 487 1
407 488 1
407 492 1
407 493 1
407 496 1
407 500 1
408 449 1
408 451 1
408 454 1
408 460 1
408 464 1
408 469 1
408 473 1
408 479 1
408 487 1
409 410 1
409 424 1
409 433 1
409 468 1
410 416 1
410 419 1
410 432 1
410 445 1
410 447 1
410 454 1
410 462 1
410 487 1
410 489 1
410 494 1
411 435 1
411 438 1
411 443 1
411 455 1
411 458 1
411 474 1
411 491 1
412 417 1
412 424 1
412 431 1
412 439 1
412 466 1
412 470 1
412 474 1
412 478 1
412 482 1
412 493 1
413 421 1
413 425 1
413 428 1
413 429 1
413 446 1
413 460 1
413 476 1
414 426 1
414 429 1
414 446 1
414 457 1
414 473 1
414 474 1
414 476 1
415 417 1
415 419 1
415 435 1
415 436 1
415 446 1
415 449 1
415 470 1
415 487 1
415 493 1
415 497 1
416 431 1
416 444 1
416 447 1
416 453 1
416 459 1
416 474 1
416 477 1
416 479 1
416 484 1
416 494 1
416 497 1
417 429 1
417 430 1
417 432 1
417 435 1
417 436 1
417 443 1
417 444 1
417 452 1
417 457 1
417 463 1
417 492 1
417 496 1
418 466 1
418 468 1
418 477 1
418 482 1
418 489 1
419 422 1
419 423 1
419 433 1
419 434 1
419 437 1
419 447 1
419 453 1
419 456 1
419 460 1
419 479 1
420 422 1
420 447 1
420 451 1
420 460 1
420 467 1
420 470 1
420 472 1
420 475 1
420 485 1
420 490 1
420 496 1
421 445 1
421 450 1
421 460 1
421 489 1
421 494 1
421 496 1
422 436 1
422 452 1
422 462 1
422 464 1
422 483 1
422 487 1
422 494 1
423 436 1
423 442 1
423 447 1
423 450 1
423 457 1
423 460 1
423 467 1
423 471 1
423 482 1
423 493 1
423 496 1
424 429 1
424 431 1
424 437 1
424 447 1
424 451 1
424 472 1
424 492 1
424 496 1
425 439 1
425 462 1
425 468 1
425 469 1
425 477 1
425 492 1
425 499 1
426 437 1
426 439 1
426 442 1
426 450 1
426 451 1
426 455 1
426 456 1
426 485 1
426 490 1
426 492 1
427 428 1
427 435 1
427 453 1
427 458 1
427 461 1
427 499 1
428 467 1
428 468 1
428 470 1
428 471 1
428 482 1
428 484 1
428 496 1
429 430 1
429 433 1
429 472 1
429 476 1
429 479 1
429 485 1
430 442 1
430 448 1
430 459 1
430 462 1
430 466 1
430 483 1
431 447 1
431 451 1
431 457 1
431 466 1
431 472 1
431 485 1
432 433 1
432 439 1
432 440 1
432 443 1
432 452 1
432 461 1
432 464 1
432 467 1
432 484 1
433 444 1
433 468 1
433 472 1
433 483 1
433 491 1
433 494 1
434 454 1
434 461 1
434 484 1
434 490 1
434 498 1
435 451 1
435 456 1
435 460 1
435 472 1
435 477 1
435 489 1
435 499 1
436 438 1
436 444 1
436 447 1
436 456 1
436 462 1
436 477 1
436 496 1
437 448 1
437 467 1
437 472 1
438 440 1
438 453 1
438 457 1
438 471 1
438 472 1
438 476 1
439 456 1
439 457 1
439 466 1
439 468 1
439 476 1
439 487 1
439 494 1
439 495 1
439 499 1
440 447 1
440 453 1
440 458 1
440 459 1
440 476 1
440 492 1
441 464 1
442 452 1
442 460 1
442 463 1
442 483 1
442 485 1
442 493 1
443 479 1
443 496 1
443 499 1
444 452 1
444 462 1
444 473 1
444 476 1
444 487 1
444 488 1
444 494 1
444 498 1
444 500 1
445 448 1
445 460 1
446 461 1
446 490 1
447 461 1
447 463 1
447 488 1
447 491 1
447 493 1
447 500 1
448 453 1
448 456 1
448 471 1
448 474 1
448 477 1
448 493 1
449 481 1
449 484 1
449 488 1
450 456 1
450 459 1
450 464 1
450 473 1
450 474 1
450 482 1
451 456 1
451 461 1
451 470 1
451 480 1
451 488 1
451 498 1
452 454 1
452 457 1
452 463 1
452 473 1
452 478 1
452 488 1
452 496 1
452 500 1
453 463 1
453 495 1
453 496 1
453 500 1
454 465 1
454 477 1
454 482 1
454 497 1
455 456 1
455 478 1
455 484 1
455 485 1
457 458 1
457 463 1
457 482 1
457 500 1
458 487 1
459 460 1
459 467 1
459 470 1
460 472 1
460 478 1
460 487 1
460 489 1
460 490 1
461 482 1
461 496 1
462 474 1
462 498 1
463 466 1
463 470 1
463 483 1
463 489 1
464 473 1
464 475 1
464 482 1
464 484 1
464 489 1
464 491 1
465 466 1
465 469 1
465 470 1
465 472 1
465 486 1
465 496 1
465 499 1
466 470 1
466 471 1
466 486 1
466 494 1
466 498 1
466 500 1
467 476 1
467 485 1
467 496 1
468 470 1
468 481 1
468 492 1
468 500 1
469 474 1
470 471 1
470 480 1
470 485 1
470 499 1
471 478 1
472 473 1
472 478 1
472 496 1
472 500 1
473 489 1
474 479 1
474 484 1
475 479 1
475 480 1
475 493 1
476 480 1
476 481 1
478 498 1
478 500 1
479 482 1
479 486 1
479 488 1
480 492 1
480 499 1
481 485 1
481 490 1
482 493 1
482 498 1
485 497 1
485 499 1
486 497 1
487 489 1
487 498 1
488 497 1
489 494 1
489 499 1
491 496 1
491 498 1
491 499 1
492 493 1
493 494 1
493 498 1
494 496 1
