1000 25210
1 15 1
1 26 1
1 39 1
1 42 1
1 43 1
1 69 1
1 79 1
1 91 1
1 92 1
1 145 1
1 162 1
1 191 1
1 203 1
1 241 1
1 261 1
1 272 1
1 277 1
1 286 1
1 290 1
1 295 1
1 297 1
1 299 1
1 305 1
1 341 1
1 410 1
1 493 1
1 526 1
1 570 1
1 573 1
1 605 1
1 606 1
1 651 1
1 683 1
1 718 1
1 740 1
1 757 1
1 777 1
1 822 1
1 828 1
1 832 1
1 840 1
1 858 1
1 862 1
1 885 1
1 914 1
1 918 1
1 950 1
1 975 1
1 976 1
1 977 1
1 993 1
2 3 1
2 70 1
2 109 1
2 137 1
2 153 1
2 154 1
2 171 1
2 179 1
2 185 1
2 213 1
2 301 1
2 303 1
2 315 1
2 316 1
2 323 1
2 347 1
2 405 1
2 457 1
2 469 1
2 484 1
2 491 1
2 499 1
2 562 1
2 601 1
2 612 1
2 628 1
2 634 1
2 640 1
2 644 1
2 652 1
2 673 1
2 689 1
2 730 1
2 740 1
2 743 1
2 765 1
2 768 1
2 770 1
2 771 1
2 816 1
2 828 1
2 829 1
2 852 1
2 865 1
2 866 1
2 887 1
2 892 1
2 929 1
2 932 1
2 948 1
2 987 1
3 48 1
3 79 1
3 85 1
3 91 1
3 101 1
3 112 1
3 144 1
3 161 1
3 165 1
3 172 1
3 203 1
3 219 1
3 239 1
3 245 1
3 247 1
3 256 1
3 261 1
3 302 1
3 321 1
3 370 1
3 374 1
3 378 1
3 394 1
3 427 1
3 429 1
3 434 1
3 445 1
3 454 1
3 460 1
3 461 1
3 482 1
3 488 1
3 525 1
3 605 1
3 631 1
3 691 1
3 723 1
3 726 1
3 752 1
3 768 1
3 788 1
3 806 1
3 812 1
3 817 1
3 830 1
3 854 1
3 859 1
3 878 1
3 882 1
3 930 1
3 963 1
3 968 1
3 978 1
3 985 1
4 28 1
4 44 1
4 47 1
4 55 1
4 69 1
4 114 1
4 149 1
4 153 1
4 205 1
4 213 1
4 215 1
4 300 1
4 309 1
4 314 1
4 318 1
4 340 1
4 343 1
4 368 1
4 380 1
4 385 1
4 412 1
4 465 1
4 494 1
4 520 1
4 552 1
4 560 1
4 576 1
4 581 1
4 612 1
4 623 1
4 626 1
4 631 1
4 653 1
4 684 1
4 708 1
4 713 1
4 725 1
4 732 1
4 737 1
4 750 1
4 775 1
4 790 1
4 817 1
4 834 1
4 840 1
4 841 1
4 849 1
4 855 1
4 874 1
4 877 1
4 890 1
4 913 1
4 933 1
4 991 1
5 13 1
5 45 1
5 62 1
5 88 1
5 110 1
5 115 1
5 123 1
5 128 1
5 133 1
5 167 1
5 174 1
5 196 1
5 198 1
5 261 1
5 268 1
5 282 1
5 295 1
5 335 1
5 353 1
5 394 1
5 397 1
5 433 1
5 450 1
5 464 1
5 496 1
5 510 1
5 511 1
5 512 1
5 541 1
5 557 1
5 582 1
5 611 1
5 623 1
5 626 1
5 687 1
5 713 1
5 717 1
5 763 1
5 781 1
5 788 1
5 815 1
5 831 1
5 922 1
5 936 1
5 939 1
6 28 1
6 46 1
6 75 1
6 81 1
6 92 1
6 109 1
6 134 1
6 151 1
6 172 1
6 180 1
6 237 1
6 250 1
6 279 1
6 286 1
6 332 1
6 334 1
6 335 1
6 337 1
6 347 1
6 387 1
6 399 1
6 415 1
6 423 1
6 438 1
6 439 1
6 537 1
6 543 1
6 564 1
6 578 1
6 638 1
6 650 1
6 652 1
6 658 1
6 691 1
6 697 1
6 710 1
6 719 1
6 723 1
6 792 1
6 800 1
6 811 1
6 842 1
6 845 1
6 864 1
6 899 1
6 951 1
6 969 1
6 977 1
6 982 1
7 20 1
7 21 1
7 58 1
7 65 1
7 68 1
7 111 1
7 160 1
7 170 1
7 189 1
7 193 1
7 196 1
7 209 1
7 252 1
7 260 1
7 263 1
7 267 1
7 274 1
7 288 1
7 290 1
7 300 1
7 306 1
7 321 1
7 332 1
7 354 1
7 362 1
7 365 1
7 394 1
7 403 1
7 431 1
7 462 1
7 468 1
7 499 1
7 504 1
7 566 1
7 597 1
7 606 1
7 630 1
7 655 1
7 656 1
7 661 1
7 681 1
7 692 1
7 717 1
7 739 1
7 753 1
7 806 1
7 813 1
7 817 1
7 850 1
7 884 1
7 916 1
7 977 1
7 982 1
8 33 1
8 47 1
8 53 1
8 72 1
8 95 1
8 97 1
8 105 1
8 112 1
8 140 1
8 155 1
8 184 1
8 185 1
8 196 1
8 210 1
8 221 1
8 238 1
8 257 1
8 273 1
8 312 1
8 324 1
8 335 1
8 362 1
8 375 1
8 377 1
8 411 1
8 414 1
8 415 1
8 417 1
8 441 1
8 453 1
8 469 1
8 474 1
8 483 1
8 497 1
8 636 1
8 651 1
8 668 1
8 692 1
8 694 1
8 698 1
8 716 1
8 750 1
8 771 1
8 773 1
8 789 1
8 792 1
8 810 1
8 814 1
8 826 1
8 847 1
8 848 1
8 864 1
8 971 1
8 991 1
9 44 1
9 45 1
9 47 1
9 53 1
9 62 1
9 73 1
9 92 1
9 104 1
9 119 1
9 140 1
9 143 1
9 206 1
9 220 1
9 235 1
9 248 1
9 264 1
9 317 1
9 342 1
9 357 1
9 358 1
9 382 1
9 404 1
9 412 1
9 419 1
9 423 1
9 439 1
9 464 1
9 520 1
9 545 1
9 549 1
9 558 1
9 572 1
9 586 1
9 602 1
9 607 1
9 609 1
9 617 1
9 623 1
9 626 1
9 631 1
9 635 1
9 677 1
9 690 1
9 691 1
9 710 1
9 727 1
9 736 1
9 794 1
9 798 1
9 841 1
9 860 1
9 864 1
9 890 1
9 901 1
9 903 1
9 943 1
9 950 1
9 975 1
9 999 1
10 11 1
10 18 1
10 50 1
10 61 1
10 94 1
10 115 1
10 131 1
10 133 1
10 147 1
10 214 1
10 229 1
10 231 1
10 271 1
10 299 1
10 310 1
10 337 1
10 339 1
10 358 1
10 368 1
10 372 1
10 384 1
10 402 1
10 419 1
10 421 1
10 475 1
10 479 1
10 488 1
10 491 1
10 513 1
10 525 1
10 580 1
10 603 1
10 608 1
10 617 1
10 646 1
10 649 1
10 658 1
10 681 1
10 705 1
10 733 1
10 737 1
10 752 1
10 762 1
10 795 1
10 844 1
10 864 1
10 865 1
10 897 1
10 907 1
10 932 1
10 963 1
11 31 1
11 82 1
11 98 1
11 125 1
11 135 1
11 147 1
11 167 1
11 171 1
11 203 1
11 208 1
11 210 1
11 218 1
11 261 1
11 265 1
11 270 1
11 276 1
11 386 1
11 461 1
11 481 1
11 499 1
11 500 1
11 517 1
11 523 1
11 542 1
11 553 1
11 612 1
11 613 1
11 635 1
11 646 1
11 658 1
11 661 1
11 724 1
11 737 1
11 763 1
11 786 1
11 794 1
11 801 1
11 804 1
11 811 1
11 837 1
11 838 1
11 848 1
11 875 1
11 876 1
11 877 1
11 945 1
11 948 1
11 965 1
11 971 1
11 975 1
11 976 1
11 977 1
11 998 1
12 32 1
12 34 1
12 80 1
12 81 1
12 93 1
12 102 1
12 152 1
12 161 1
12 164 1
12 173 1
12 203 1
12 207 1
12 213 1
12 224 1
12 245 1
12 251 1
12 326 1
12 358 1
12 359 1
12 405 1
12 423 1
12 448 1
12 449 1
12 450 1
12 510 1
12 530 1
12 537 1
12 539 1
12 564 1
12 565 1
12 602 1
12 609 1
12 621 1
12 629 1
12 650 1
12 660 1
12 682 1
12 690 1
12 699 1
12 718 1
12 802 1
12 804 1
12 842 1
12 892 1
12 914 1
12 964 1
12 965 1
12 992 1
13 25 1
13 42 1
13 45 1
13 57 1
13 73 1
13 77 1
13 81 1
13 109 1
13 120 1
13 140 1
13 141 1
13 153 1
13 155 1
13 159 1
13 204 1
13 205 1
13 219 1
13 259 1
13 309 1
13 326 1
13 348 1
13 361 1
13 398 1
13 406 1
13 449 1
13 487 1
13 492 1
13 494 1
13 500 1
13 520 1
13 531 1
13 535 1
13 547 1
13 548 1
13 563 1
13 572 1
13 587 1
13 589 1
13 593 1
13 595 1
13 606 1
13 621 1
13 638 1
13 643 1
13 694 1
13 700 1
13 705 1
13 732 1
13 734 1
13 751 1
13 895 1
13 910 1
13 954 1
13 979 1
13 982 1
14 52 1
14 70 1
14 109 1
14 114 1
14 193 1
14 199 1
14 201 1
14 246 1
14 258 1
14 276 1
14 339 1
14 340 1
14 360 1
14 388 1
14 397 1
14 463 1
14 513 1
14 525 1
14 527 1
14 536 1
14 539 1
14 540 1
14 546 1
14 554 1
14 555 1
14 580 1
14 627 1
14 628 1
14 701 1
14 720 1
14 746 1
14 751 1
14 759 1
14 792 1
14 798 1
14 808 1
14 815 1
14 816 1
14 840 1
14 868 1
14 905 1
14 915 1
14 971 1
14 986 1
14 995 1
15 26 1
15 27 1
15 33 1
15 67 1
15 72 1
15 122 1
15 124 1
15 127 1
15 138 1
15 182 1
15 203 1
15 204 1
15 208 1
15 211 1
15 226 1
15 249 1
15 253 1
15 284 1
15 306 1
15 311 1
15 426 1
15 429 1
15 441 1
15 446 1
15 449 1
15 464 1
15 491 1
15 496 1
15 498 1
15 517 1
15 593 1
15 597 1
15 617 1
15 688 1
15 714 1
15 728 1
15 740 1
15 769 1
15 780 1
15 825 1
15 842 1
15 872 1
15 891 1
15 892 1
15 899 1
15 912 1
15 919 1
15 945 1
15 946 1
15 982 1
15 984 1
15 990 1
15 995 1
16 35 1
16 71 1
16 114 1
16 140 1
16 163 1
16 177 1
16 187 1
16 201 1
16 206 1
16 248 1
16 267 1
16 279 1
16 281 1
16 286 1
16 325 1
16 327 1
16 346 1
16 347 1
16 348 1
16 365 1
16 405 1
16 441 1
16 443 1
16 458 1
16 466 1
16 478 1
16 532 1
16 536 1
16 557 1
16 639 1
16 693 1
16 694 1
16 711 1
16 715 1
16 729 1
16 735 1
16 744 1
16 759 1
16 763 1
16 788 1
16 797 1
16 799 1
16 812 1
16 819 1
16 832 1
16 850 1
16 860 1
16 879 1
16 885 1
16 932 1
16 934 1
16 958 1
16 980 1
16 990 1
16 996 1
17 35 1
17 48 1
17 52 1
17 72 1
17 87 1
17 99 1
17 103 1
17 110 1
17 114 1
17 127 1
17 129 1
17 167 1
17 208 1
17 218 1
17 232 1
17 241 1
17 290 1
17 304 1
17 312 1
17 371 1
17 382 1
17 387 1
17 411 1
17 447 1
17 453 1
17 463 1
17 464 1
17 478 1
17 483 1
17 548 1
17 568 1
17 571 1
17 618 1
17 619 1
17 630 1
17 641 1
17 655 1
17 670 1
17 685 1
17 688 1
17 724 1
17 755 1
17 758 1
17 762 1
17 764 1
17 773 1
17 784 1
17 793 1
17 794 1
17 798 1
17 813 1
17 824 1
17 846 1
17 867 1
17 873 1
17 900 1
17 915 1
17 920 1
17 921 1
17 946 1
17 962 1
17 965 1
17 999 1
18 24 1
18 37 1
18 84 1
18 85 1
18 113 1
18 117 1
18 118 1
18 132 1
18 138 1
18 155 1
18 185 1
18 201 1
18 204 1
18 227 1
18 269 1
18 276 1
18 293 1
18 313 1
18 322 1
18 344 1
18 352 1
18 358 1
18 361 1
18 366 1
18 379 1
18 431 1
18 450 1
18 455 1
18 460 1
18 486 1
18 533 1
18 562 1
18 566 1
18 611 1
18 628 1
18 653 1
18 666 1
18 709 1
18 733 1
18 744 1
18 747 1
18 844 1
18 850 1
18 865 1
18 926 1
18 942 1
18 954 1
18 959 1
18 961 1
18 966 1
18 976 1
18 986 1
18 993 1
19 73 1
19 81 1
19 85 1
19 93 1
19 112 1
19 139 1
19 145 1
19 162 1
19 175 1
19 184 1
19 195 1
19 226 1
19 240 1
19 247 1
19 253 1
19 263 1
19 276 1
19 287 1
19 302 1
19 312 1
19 324 1
19 325 1
19 326 1
19 357 1
19 367 1
19 369 1
19 390 1
19 409 1
19 457 1
19 458 1
19 531 1
19 534 1
19 540 1
19 556 1
19 559 1
19 567 1
19 573 1
19 613 1
19 690 1
19 695 1
19 719 1
19 742 1
19 756 1
19 827 1
19 843 1
19 874 1
19 887 1
19 909 1
19 927 1
19 932 1
19 945 1
19 946 1
19 984 1
19 993 1
20 49 1
20 80 1
20 81 1
20 91 1
20 99 1
20 148 1
20 168 1
20 191 1
20 193 1
20 219 1
20 265 1
20 281 1
20 288 1
20 297 1
20 316 1
20 327 1
20 346 1
20 352 1
20 360 1
20 383 1
20 392 1
20 411 1
20 455 1
20 477 1
20 496 1
20 561 1
20 596 1
20 615 1
20 698 1
20 702 1
20 727 1
20 741 1
20 747 1
20 749 1
20 750 1
20 751 1
20 765 1
20 772 1
20 790 1
20 792 1
20 809 1
20 818 1
20 836 1
20 849 1
20 852 1
20 853 1
20 873 1
20 935 1
20 943 1
20 955 1
21 26 1
21 37 1
21 56 1
21 57 1
21 103 1
21 113 1
21 121 1
21 152 1
21 187 1
21 200 1
21 217 1
21 223 1
21 225 1
21 226 1
21 256 1
21 261 1
21 263 1
21 267 1
21 298 1
21 299 1
21 376 1
21 387 1
21 412 1
21 419 1
21 420 1
21 445 1
21 456 1
21 470 1
21 516 1
21 549 1
21 592 1
21 595 1
21 698 1
21 702 1
21 733 1
21 859 1
21 860 1
21 867 1
21 868 1
21 889 1
21 912 1
21 913 1
21 946 1
21 947 1
21 963 1
21 973 1
21 976 1
21 993 1
22 48 1
22 112 1
22 145 1
22 157 1
22 181 1
22 191 1
22 206 1
22 244 1
22 248 1
22 251 1
22 261 1
22 272 1
22 284 1
22 375 1
22 378 1
22 385 1
22 387 1
22 389 1
22 393 1
22 397 1
22 466 1
22 473 1
22 535 1
22 552 1
22 583 1
22 597 1
22 598 1
22 620 1
22 621 1
22 634 1
22 644 1
22 665 1
22 762 1
22 775 1
22 798 1
22 811 1
22 835 1
22 836 1
22 862 1
22 868 1
22 871 1
22 888 1
22 928 1
22 930 1
22 931 1
22 947 1
22 957 1
22 973 1
22 976 1
22 978 1
22 997 1
23 45 1
23 54 1
23 57 1
23 63 1
23 102 1
23 129 1
23 146 1
23 166 1
23 167 1
23 201 1
23 212 1
23 215 1
23 218 1
23 230 1
23 263 1
23 264 1
23 315 1
23 323 1
23 342 1
23 392 1
23 439 1
23 445 1
23 496 1
23 505 1
23 519 1
23 538 1
23 549 1
23 593 1
23 603 1
23 660 1
23 661 1
23 666 1
23 693 1
23 747 1
23 751 1
23 783 1
23 852 1
23 873 1
23 877 1
23 895 1
23 915 1
23 916 1
23 927 1
23 940 1
23 997 1
24 38 1
24 50 1
24 102 1
24 167 1
24 171 1
24 182 1
24 218 1
24 223 1
24 234 1
24 237 1
24 284 1
24 289 1
24 291 1
24 294 1
24 338 1
24 356 1
24 389 1
24 416 1
24 417 1
24 452 1
24 473 1
24 477 1
24 482 1
24 515 1
24 521 1
24 531 1
24 542 1
24 544 1
24 560 1
24 561 1
24 604 1
24 606 1
24 613 1
24 636 1
24 660 1
24 662 1
24 674 1
24 682 1
24 727 1
24 783 1
24 808 1
24 826 1
24 845 1
24 863 1
24 906 1
24 915 1
24 919 1
24 921 1
24 947 1
24 953 1
24 959 1
25 26 1
25 51 1
25 125 1
25 155 1
25 219 1
25 237 1
25 303 1
25 338 1
25 340 1
25 364 1
25 402 1
25 427 1
25 440 1
25 453 1
25 461 1
25 478 1
25 496 1
25 542 1
25 555 1
25 577 1
25 586 1
25 651 1
25 657 1
25 667 1
25 684 1
25 692 1
25 718 1
25 724 1
25 733 1
25 748 1
25 752 1
25 895 1
25 906 1
25 929 1
25 949 1
25 961 1
26 74 1
26 78 1
26 120 1
26 144 1
26 183 1
26 184 1
26 222 1
26 232 1
26 259 1
26 332 1
26 345 1
26 402 1
26 408 1
26 432 1
26 443 1
26 461 1
26 463 1
26 495 1
26 496 1
26 505 1
26 517 1
26 530 1
26 556 1
26 580 1
26 614 1
26 622 1
26 673 1
26 689 1
26 702 1
26 718 1
26 759 1
26 763 1
26 767 1
26 778 1
26 782 1
26 832 1
26 835 1
26 836 1
26 885 1
26 889 1
26 898 1
26 931 1
26 943 1
26 947 1
26 969 1
26 989 1
26 998 1
27 29 1
27 39 1
27 42 1
27 77 1
27 91 1
27 94 1
27 102 1
27 117 1
27 120 1
27 129 1
27 131 1
27 148 1
27 151 1
27 160 1
27 163 1
27 167 1
27 170 1
27 251 1
27 287 1
27 294 1
27 321 1
27 346 1
27 347 1
27 351 1
27 382 1
27 386 1
27 430 1
27 432 1
27 457 1
27 462 1
27 492 1
27 498 1
27 499 1
27 501 1
27 531 1
27 532 1
27 563 1
27 591 1
27 596 1
27 599 1
27 629 1
27 633 1
27 660 1
27 699 1
27 701 1
27 733 1
27 740 1
27 782 1
27 827 1
27 868 1
27 872 1
27 876 1
27 881 1
27 882 1
27 896 1
27 897 1
27 916 1
27 960 1
27 976 1
27 977 1
27 982 1
27 984 1
28 64 1
28 90 1
28 104 1
28 106 1
28 119 1
28 140 1
28 145 1
28 180 1
28 214 1
28 223 1
28 227 1
28 296 1
28 329 1
28 368 1
28 376 1
28 386 1
28 422 1
28 423 1
28 443 1
28 492 1
28 515 1
28 545 1
28 586 1
28 604 1
28 663 1
28 702 1
28 731 1
28 740 1
28 745 1
28 782 1
28 808 1
28 830 1
28 869 1
28 886 1
28 890 1
28 899 1
28 912 1
28 951 1
28 953 1
28 965 1
28 979 1
29 92 1
29 107 1
29 221 1
29 234 1
29 243 1
29 250 1
29 261 1
29 287 1
29 288 1
29 296 1
29 332 1
29 361 1
29 389 1
29 454 1
29 473 1
29 492 1
29 518 1
29 545 1
29 605 1
29 623 1
29 624 1
29 625 1
29 626 1
29 636 1
29 656 1
29 659 1
29 678 1
29 686 1
29 742 1
29 760 1
29 776 1
29 786 1
29 798 1
29 805 1
29 806 1
29 826 1
29 837 1
29 838 1
29 846 1
29 855 1
29 876 1
29 881 1
29 884 1
29 885 1
29 955 1
29 977 1
29 982 1
30 53 1
30 106 1
30 139 1
30 161 1
30 176 1
30 186 1
30 191 1
30 209 1
30 212 1
30 232 1
30 264 1
30 266 1
30 270 1
30 291 1
30 308 1
30 328 1
30 345 1
30 369 1
30 385 1
30 394 1
30 415 1
30 485 1
30 533 1
30 639 1
30 651 1
30 670 1
30 686 1
30 695 1
30 696 1
30 722 1
30 727 1
30 782 1
30 801 1
30 827 1
30 829 1
30 835 1
30 848 1
30 889 1
30 899 1
30 904 1
30 918 1
30 922 1
30 939 1
30 944 1
30 951 1
30 956 1
30 993 1
31 36 1
31 142 1
31 146 1
31 167 1
31 180 1
31 211 1
31 240 1
31 263 1
31 272 1
31 313 1
31 321 1
31 325 1
31 334 1
31 346 1
31 365 1
31 369 1
31 402 1
31 403 1
31 413 1
31 439 1
31 441 1
31 462 1
31 491 1
31 523 1
31 558 1
31 561 1
31 629 1
31 641 1
31 655 1
31 659 1
31 667 1
31 695 1
31 726 1
31 738 1
31 756 1
31 774 1
31 793 1
31 799 1
31 827 1
31 848 1
31 876 1
31 880 1
31 898 1
31 937 1
31 967 1
31 979 1
32 36 1
32 39 1
32 45 1
32 48 1
32 63 1
32 94 1
32 99 1
32 106 1
32 124 1
32 145 1
32 169 1
32 175 1
32 197 1
32 200 1
32 216 1
32 244 1
32 272 1
32 288 1
32 303 1
32 329 1
32 336 1
32 398 1
32 400 1
32 406 1
32 431 1
32 450 1
32 490 1
32 510 1
32 514 1
32 522 1
32 526 1
32 531 1
32 539 1
32 553 1
32 577 1
32 648 1
32 665 1
32 669 1
32 670 1
32 683 1
32 688 1
32 695 1
32 723 1
32 744 1
32 804 1
32 811 1
32 862 1
32 869 1
32 924 1
32 935 1
32 968 1
32 989 1
32 993 1
32 999 1
32 1000 1
33 50 1
33 51 1
33 97 1
33 142 1
33 147 1
33 150 1
33 187 1
33 197 1
33 206 1
33 224 1
33 258 1
33 298 1
33 305 1
33 306 1
33 313 1
33 353 1
33 371 1
33 409 1
33 434 1
33 437 1
33 449 1
33 451 1
33 494 1
33 496 1
33 498 1
33 501 1
33 506 1
33 510 1
33 545 1
33 574 1
33 628 1
33 645 1
33 657 1
33 684 1
33 699 1
33 808 1
33 822 1
33 829 1
33 878 1
33 888 1
33 896 1
33 916 1
33 922 1
33 923 1
33 956 1
33 994 1
34 47 1
34 57 1
34 66 1
34 72 1
34 105 1
34 120 1
34 127 1
34 142 1
34 154 1
34 157 1
34 169 1
34 171 1
34 231 1
34 232 1
34 312 1
34 315 1
34 327 1
34 353 1
34 371 1
34 377 1
34 408 1
34 413 1
34 416 1
34 428 1
34 471 1
34 472 1
34 491 1
34 496 1
34 512 1
34 530 1
34 545 1
34 559 1
34 564 1
34 566 1
34 580 1
34 581 1
34 583 1
34 604 1
34 625 1
34 639 1
34 652 1
34 668 1
34 691 1
34 706 1
34 744 1
34 782 1
34 787 1
34 797 1
34 838 1
34 841 1
34 842 1
34 889 1
34 950 1
34 958 1
35 89 1
35 101 1
35 131 1
35 149 1
35 190 1
35 203 1
35 208 1
35 256 1
35 264 1
35 307 1
35 385 1
35 392 1
35 437 1
35 456 1
35 463 1
35 494 1
35 501 1
35 559 1
35 597 1
35 606 1
35 608 1
35 640 1
35 651 1
35 694 1
35 719 1
35 726 1
35 729 1
35 782 1
35 786 1
35 816 1
35 865 1
35 866 1
35 901 1
35 923 1
35 971 1
35 986 1
36 64 1
36 84 1
36 106 1
36 135 1
36 162 1
36 176 1
36 188 1
36 226 1
36 235 1
36 257 1
36 266 1
36 284 1
36 288 1
36 309 1
36 311 1
36 338 1
36 342 1
36 397 1
36 411 1
36 413 1
36 438 1
36 475 1
36 489 1
36 497 1
36 512 1
36 529 1
36 546 1
36 555 1
36 570 1
36 614 1
36 620 1
36 631 1
36 654 1
36 685 1
36 708 1
36 744 1
36 752 1
36 777 1
36 802 1
36 804 1
36 828 1
36 868 1
36 888 1
36 924 1
36 933 1
36 955 1
36 962 1
37 46 1
37 52 1
37 75 1
37 78 1
37 86 1
37 106 1
37 113 1
37 121 1
37 123 1
37 129 1
37 148 1
37 155 1
37 164 1
37 185 1
37 199 1
37 266 1
37 284 1
37 308 1
37 310 1
37 328 1
37 351 1
37 371 1
37 399 1
37 462 1
37 476 1
37 481 1
37 493 1
37 494 1
37 497 1
37 509 1
37 586 1
37 608 1
37 621 1
37 647 1
37 660 1
37 674 1
37 698 1
37 701 1
37 768 1
37 770 1
37 811 1
37 842 1
37 858 1
37 903 1
37 912 1
37 960 1
37 993 1
38 59 1
38 100 1
38 108 1
38 110 1
38 111 1
38 113 1
38 121 1
38 123 1
38 139 1
38 156 1
38 160 1
38 190 1
38 210 1
38 215 1
38 219 1
38 225 1
38 231 1
38 232 1
38 236 1
38 240 1
38 244 1
38 277 1
38 285 1
38 289 1
38 318 1
38 342 1
38 351 1
38 352 1
38 409 1
38 422 1
38 443 1
38 451 1
38 480 1
38 494 1
38 497 1
38 517 1
38 541 1
38 549 1
38 580 1
38 581 1
38 583 1
38 619 1
38 620 1
38 650 1
38 654 1
38 655 1
38 667 1
38 675 1
38 759 1
38 790 1
38 818 1
38 849 1
38 859 1
38 874 1
38 877 1
38 886 1
38 892 1
38 894 1
38 914 1
38 919 1
38 995 1
39 44 1
39 56 1
39 58 1
39 66 1
39 68 1
39 135 1
39 136 1
39 166 1
39 171 1
39 181 1
39 214 1
39 223 1
39 245 1
39 263 1
39 268 1
39 288 1
39 315 1
39 318 1
39 325 1
39 329 1
39 335 1
39 344 1
39 425 1
39 457 1
39 497 1
39 500 1
39 502 1
39 597 1
39 634 1
39 638 1
39 647 1
39 672 1
39 705 1
39 711 1
39 737 1
39 739 1
39 757 1
39 769 1
39 770 1
39 788 1
39 807 1
39 812 1
39 824 1
39 832 1
39 896 1
39 957 1
39 996 1
39 1000 1
40 48 1
40 52 1
40 56 1
40 87 1
40 136 1
40 145 1
40 184 1
40 218 1
40 331 1
40 341 1
40 344 1
40 374 1
40 376 1
40 385 1
40 467 1
40 473 1
40 492 1
40 512 1
40 531 1
40 543 1
40 592 1
40 599 1
40 607 1
40 617 1
40 643 1
40 647 1
40 675 1
40 704 1
40 772 1
40 798 1
40 815 1
40 816 1
40 839 1
40 856 1
40 862 1
40 876 1
40 898 1
40 944 1
40 956 1
40 966 1
40 984 1
40 998 1
40 999 1
41 74 1
41 78 1
41 139 1
41 160 1
41 167 1
41 196 1
41 212 1
41 219 1
41 236 1
41 261 1
41 266 1
41 278 1
41 286 1
41 311 1
41 379 1
41 416 1
41 437 1
41 505 1
41 507 1
41 533 1
41 557 1
41 561 1
41 567 1
41 576 1
41 591 1
41 596 1
41 658 1
41 676 1
41 680 1
41 745 1
41 774 1
41 813 1
41 826 1
41 878 1
41 883 1
41 947 1
41 948 1
41 986 1
41 989 1
42 71 1
42 122 1
42 135 1
42 163 1
42 176 1
42 198 1
42 217 1
42 239 1
42 244 1
42 288 1
42 293 1
42 297 1
42 304 1
42 312 1
42 316 1
42 330 1
42 398 1
42 411 1
42 417 1
42 488 1
42 491 1
42 520 1
42 547 1
42 601 1
42 648 1
42 671 1
42 685 1
42 691 1
42 705 1
42 706 1
42 751 1
42 776 1
42 777 1
42 787 1
42 801 1
42 806 1
42 815 1
42 824 1
42 827 1
42 902 1
42 945 1
42 961 1
42 990 1
43 62 1
43 64 1
43 121 1
43 139 1
43 145 1
43 151 1
43 162 1
43 199 1
43 212 1
43 231 1
43 260 1
43 274 1
43 291 1
43 293 1
43 326 1
43 356 1
43 369 1
43 370 1
43 389 1
43 423 1
43 427 1
43 439 1
43 440 1
43 465 1
43 469 1
43 486 1
43 490 1
43 492 1
43 497 1
43 508 1
43 555 1
43 569 1
43 578 1
43 605 1
43 614 1
43 622 1
43 649 1
43 673 1
43 678 1
43 694 1
43 699 1
43 711 1
43 726 1
43 740 1
43 764 1
43 819 1
43 863 1
43 910 1
43 932 1
44 77 1
44 87 1
44 90 1
44 127 1
44 135 1
44 140 1
44 148 1
44 193 1
44 222 1
44 237 1
44 259 1
44 264 1
44 284 1
44 306 1
44 307 1
44 332 1
44 393 1
44 456 1
44 503 1
44 570 1
44 574 1
44 586 1
44 616 1
44 634 1
44 658 1
44 668 1
44 671 1
44 691 1
44 753 1
44 756 1
44 771 1
44 795 1
44 799 1
44 803 1
44 806 1
44 822 1
44 825 1
44 842 1
44 853 1
44 865 1
44 890 1
44 891 1
44 895 1
44 989 1
45 109 1
45 137 1
45 169 1
45 237 1
45 246 1
45 250 1
45 254 1
45 263 1
45 280 1
45 307 1
45 317 1
45 325 1
45 358 1
45 441 1
45 444 1
45 466 1
45 468 1
45 476 1
45 490 1
45 523 1
45 564 1
45 583 1
45 612 1
45 621 1
45 661 1
45 761 1
45 774 1
45 788 1
45 819 1
45 842 1
45 844 1
45 850 1
45 863 1
45 915 1
45 921 1
45 925 1
45 955 1
45 963 1
45 981 1
45 994 1
46 49 1
46 69 1
46 74 1
46 84 1
46 87 1
46 130 1
46 145 1
46 146 1
46 148 1
46 178 1
46 181 1
46 184 1
46 186 1
46 195 1
46 196 1
46 204 1
46 208 1
46 237 1
46 238 1
46 243 1
46 274 1
46 285 1
46 309 1
46 363 1
46 368 1
46 372 1
46 423 1
46 478 1
46 491 1
46 493 1
46 506 1
46 507 1
46 515 1
46 519 1
46 522 1
46 559 1
46 563 1
46 569 1
46 635 1
46 643 1
46 658 1
46 664 1
46 676 1
46 681 1
46 690 1
46 719 1
46 786 1
46 845 1
46 858 1
46 862 1
46 887 1
46 924 1
46 927 1
46 947 1
46 958 1
46 995 1
47 66 1
47 70 1
47 95 1
47 107 1
47 125 1
47 146 1
47 181 1
47 184 1
47 218 1
47 220 1
47 232 1
47 234 1
47 239 1
47 243 1
47 266 1
47 300 1
47 379 1
47 398 1
47 477 1
47 494 1
47 517 1
47 524 1
47 551 1
47 606 1
47 625 1
47 648 1
47 651 1
47 656 1
47 667 1
47 672 1
47 673 1
47 684 1
47 749 1
47 815 1
47 818 1
47 889 1
47 897 1
47 955 1
47 982 1
47 994 1
48 54 1
48 75 1
48 90 1
48 113 1
48 138 1
48 141 1
48 147 1
48 153 1
48 171 1
48 193 1
48 221 1
48 234 1
48 266 1
48 292 1
48 295 1
48 322 1
48 341 1
48 403 1
48 407 1
48 424 1
48 441 1
48 453 1
48 473 1
48 514 1
48 553 1
48 574 1
48 605 1
48 609 1
48 625 1
48 635 1
48 687 1
48 749 1
48 751 1
48 812 1
48 828 1
48 847 1
48 855 1
48 867 1
48 875 1
48 928 1
48 929 1
48 941 1
48 950 1
48 960 1
48 961 1
48 963 1
48 994 1
49 61 1
49 90 1
49 125 1
49 141 1
49 184 1
49 188 1
49 229 1
49 240 1
49 262 1
49 274 1
49 289 1
49 306 1
49 322 1
49 331 1
49 343 1
49 368 1
49 369 1
49 407 1
49 434 1
49 463 1
49 492 1
49 503 1
49 511 1
49 539 1
49 586 1
49 612 1
49 623 1
49 638 1
49 640 1
49 647 1
49 671 1
49 762 1
49 812 1
49 826 1
49 856 1
49 859 1
49 864 1
49 897 1
49 899 1
49 909 1
49 924 1
49 954 1
49 965 1
49 997 1
50 66 1
50 99 1
50 124 1
50 127 1
50 136 1
50 157 1
50 173 1
50 176 1
50 180 1
50 198 1
50 201 1
50 256 1
50 261 1
50 270 1
50 281 1
50 284 1
50 287 1
50 354 1
50 383 1
50 430 1
50 431 1
50 459 1
50 474 1
50 589 1
50 635 1
50 670 1
50 672 1
50 685 1
50 718 1
50 752 1
50 783 1
50 816 1
50 840 1
50 842 1
50 930 1
50 955 1
50 974 1
50 979 1
50 990 1
50 1000 1
51 105 1
51 133 1
51 136 1
51 139 1
51 143 1
51 211 1
51 215 1
51 216 1
51 217 1
51 221 1
51 256 1
51 304 1
51 314 1
51 315 1
51 324 1
51 332 1
51 345 1
51 359 1
51 373 1
51 388 1
51 411 1
51 435 1
51 444 1
51 449 1
51 451 1
51 480 1
51 482 1
51 498 1
51 507 1
51 514 1
51 534 1
51 543 1
51 549 1
51 568 1
51 587 1
51 606 1
51 624 1
51 634 1
51 664 1
51 669 1
51 672 1
51 674 1
51 689 1
51 732 1
51 733 1
51 769 1
51 779 1
51 811 1
51 865 1
51 926 1
51 937 1
51 950 1
51 952 1
51 954 1
51 959 1
51 991 1
52 63 1
52 98 1
52 110 1
52 120 1
52 167 1
52 187 1
52 195 1
52 199 1
52 221 1
52 265 1
52 270 1
52 349 1
52 383 1
52 434 1
52 457 1
52 466 1
52 551 1
52 555 1
52 595 1
52 598 1
52 637 1
52 672 1
52 680 1
52 711 1
52 730 1
52 740 1
52 763 1
52 773 1
52 831 1
52 836 1
52 842 1
52 874 1
52 922 1
52 955 1
52 959 1
52 960 1
53 54 1
53 230 1
53 244 1
53 260 1
53 268 1
53 279 1
53 283 1
53 309 1
53 310 1
53 319 1
53 365 1
53 379 1
53 390 1
53 414 1
53 424 1
53 425 1
53 443 1
53 479 1
53 488 1
53 503 1
53 561 1
53 565 1
53 580 1
53 591 1
53 625 1
53 630 1
53 644 1
53 663 1
53 679 1
53 688 1
53 708 1
53 711 1
53 734 1
53 737 1
53 753 1
53 765 1
53 767 1
53 814 1
53 873 1
53 889 1
53 914 1
53 945 1
54 65 1
54 98 1
54 105 1
54 111 1
54 119 1
54 124 1
54 129 1
54 156 1
54 160 1
54 254 1
54 263 1
54 271 1
54 279 1
54 281 1
54 299 1
54 334 1
54 345 1
54 360 1
54 364 1
54 376 1
54 399 1
54 404 1
54 408 1
54 442 1
54 443 1
54 465 1
54 467 1
54 477 1
54 529 1
54 556 1
54 577 1
54 578 1
54 586 1
54 595 1
54 622 1
54 630 1
54 645 1
54 648 1
54 654 1
54 665 1
54 731 1
54 736 1
54 762 1
54 799 1
54 836 1
54 870 1
54 873 1
54 874 1
54 898 1
54 914 1
54 943 1
54 954 1
54 979 1
55 66 1
55 68 1
55 118 1
55 128 1
55 136 1
55 160 1
55 196 1
55 244 1
55 300 1
55 312 1
55 340 1
55 351 1
55 401 1
55 427 1
55 434 1
55 435 1
55 442 1
55 453 1
55 454 1
55 464 1
55 467 1
55 468 1
55 499 1
55 588 1
55 591 1
55 625 1
55 666 1
55 710 1
55 723 1
55 726 1
55 738 1
55 747 1
55 750 1
55 794 1
55 801 1
55 820 1
55 894 1
55 912 1
55 931 1
55 970 1
55 983 1
56 68 1
56 115 1
56 150 1
56 170 1
56 176 1
56 177 1
56 196 1
56 219 1
56 229 1
56 237 1
56 239 1
56 262 1
56 269 1
56 283 1
56 296 1
56 297 1
56 301 1
56 356 1
56 395 1
56 403 1
56 425 1
56 445 1
56 448 1
56 456 1
56 480 1
56 485 1
56 489 1
56 493 1
56 502 1
56 507 1
56 540 1
56 572 1
56 584 1
56 594 1
56 595 1
56 663 1
56 670 1
56 671 1
56 680 1
56 682 1
56 767 1
56 769 1
56 785 1
56 798 1
56 801 1
56 859 1
56 952 1
56 955 1
56 982 1
56 991 1
56 996 1
57 62 1
57 96 1
57 183 1
57 184 1
57 192 1
57 195 1
57 199 1
57 201 1
57 232 1
57 282 1
57 291 1
57 314 1
57 342 1
57 376 1
57 419 1
57 443 1
57 447 1
57 462 1
57 470 1
57 474 1
57 495 1
57 498 1
57 501 1
57 522 1
57 547 1
57 604 1
57 612 1
57 629 1
57 632 1
57 635 1
57 654 1
57 673 1
57 708 1
57 735 1
57 742 1
57 795 1
57 811 1
57 819 1
57 836 1
57 838 1
57 874 1
57 875 1
57 897 1
57 932 1
57 956 1
57 969 1
57 975 1
57 996 1
58 111 1
58 123 1
58 144 1
58 189 1
58 199 1
58 202 1
58 203 1
58 238 1
58 244 1
58 261 1
58 308 1
58 310 1
58 331 1
58 342 1
58 344 1
58 362 1
58 374 1
58 377 1
58 454 1
58 474 1
58 475 1
58 482 1
58 497 1
58 506 1
58 527 1
58 529 1
58 549 1
58 621 1
58 698 1
58 705 1
58 709 1
58 710 1
58 720 1
58 723 1
58 727 1
58 762 1
58 767 1
58 778 1
58 800 1
58 814 1
58 825 1
58 833 1
58 835 1
58 836 1
58 851 1
58 875 1
58 909 1
58 926 1
58 930 1
58 937 1
58 960 1
58 968 1
58 986 1
58 995 1
59 75 1
59 81 1
59 87 1
59 91 1
59 98 1
59 99 1
59 106 1
59 108 1
59 131 1
59 146 1
59 157 1
59 162 1
59 204 1
59 215 1
59 244 1
59 251 1
59 254 1
59 260 1
59 295 1
59 317 1
59 352 1
59 359 1
59 388 1
59 411 1
59 417 1
59 488 1
59 564 1
59 590 1
59 763 1
59 777 1
59 810 1
59 908 1
59 927 1
59 928 1
59 929 1
59 962 1
59 966 1
59 994 1
60 120 1
60 136 1
60 163 1
60 215 1
60 251 1
60 267 1
60 271 1
60 339 1
60 345 1
60 351 1
60 382 1
60 397 1
60 412 1
60 414 1
60 429 1
60 433 1
60 471 1
60 472 1
60 474 1
60 521 1
60 525 1
60 563 1
60 573 1
60 662 1
60 678 1
60 714 1
60 752 1
60 753 1
60 786 1
60 793 1
60 807 1
60 873 1
60 912 1
60 917 1
60 931 1
60 936 1
60 938 1
60 967 1
60 978 1
61 77 1
61 91 1
61 121 1
61 128 1
61 139 1
61 156 1
61 200 1
61 201 1
61 273 1
61 357 1
61 359 1
61 386 1
61 404 1
61 436 1
61 469 1
61 509 1
61 518 1
61 546 1
61 558 1
61 594 1
61 642 1
61 660 1
61 704 1
61 736 1
61 760 1
61 771 1
61 825 1
61 840 1
61 880 1
61 922 1
61 939 1
61 950 1
61 959 1
61 988 1
61 995 1
61 998 1
62 146 1
62 180 1
62 194 1
62 201 1
62 204 1
62 214 1
62 231 1
62 242 1
62 275 1
62 283 1
62 300 1
62 311 1
62 321 1
62 332 1
62 385 1
62 402 1
62 425 1
62 443 1
62 445 1
62 461 1
62 467 1
62 478 1
62 496 1
62 510 1
62 515 1
62 525 1
62 539 1
62 557 1
62 580 1
62 586 1
62 619 1
62 660 1
62 669 1
62 684 1
62 692 1
62 719 1
62 722 1
62 725 1
62 730 1
62 738 1
62 756 1
62 775 1
62 844 1
62 938 1
62 992 1
62 1000 1
63 107 1
63 108 1
63 133 1
63 145 1
63 154 1
63 163 1
63 179 1
63 189 1
63 191 1
63 206 1
63 254 1
63 304 1
63 323 1
63 358 1
63 368 1
63 390 1
63 465 1
63 498 1
63 502 1
63 535 1
63 538 1
63 539 1
63 549 1
63 563 1
63 585 1
63 617 1
63 632 1
63 634 1
63 644 1
63 706 1
63 761 1
63 764 1
63 791 1
63 798 1
63 804 1
63 807 1
63 837 1
63 865 1
63 937 1
63 945 1
63 946 1
63 953 1
63 989 1
64 81 1
64 106 1
64 159 1
64 182 1
64 220 1
64 232 1
64 254 1
64 324 1
64 340 1
64 348 1
64 349 1
64 386 1
64 390 1
64 391 1
64 401 1
64 410 1
64 441 1
64 447 1
64 491 1
64 519 1
64 532 1
64 540 1
64 572 1
64 573 1
64 575 1
64 579 1
64 584 1
64 592 1
64 599 1
64 615 1
64 627 1
64 673 1
64 695 1
64 701 1
64 743 1
64 745 1
64 747 1
64 789 1
64 838 1
64 848 1
64 870 1
64 918 1
64 936 1
64 938 1
64 987 1
64 991 1
65 68 1
65 81 1
65 93 1
65 95 1
65 98 1
65 104 1
65 123 1
65 133 1
65 160 1
65 168 1
65 204 1
65 224 1
65 277 1
65 281 1
65 293 1
65 301 1
65 342 1
65 367 1
65 369 1
65 398 1
65 411 1
65 421 1
65 422 1
65 436 1
65 442 1
65 458 1
65 470 1
65 480 1
65 496 1
65 499 1
65 505 1
65 518 1
65 527 1
65 531 1
65 544 1
65 559 1
65 562 1
65 595 1
65 596 1
65 607 1
65 622 1
65 647 1
65 698 1
65 721 1
65 730 1
65 731 1
65 760 1
65 781 1
65 805 1
65 831 1
65 834 1
65 838 1
65 876 1
65 877 1
65 895 1
65 904 1
65 906 1
65 921 1
65 944 1
65 965 1
65 978 1
66 75 1
66 76 1
66 83 1
66 89 1
66 92 1
66 111 1
66 159 1
66 212 1
66 250 1
66 261 1
66 313 1
66 333 1
66 334 1
66 406 1
66 438 1
66 455 1
66 534 1
66 545 1
66 554 1
66 569 1
66 573 1
66 578 1
66 579 1
66 609 1
66 632 1
66 666 1
66 712 1
66 740 1
66 770 1
66 815 1
66 829 1
66 848 1
66 849 1
66 892 1
66 914 1
66 941 1
66 943 1
66 953 1
66 965 1
66 973 1
66 978 1
67 86 1
67 91 1
67 119 1
67 132 1
67 157 1
67 183 1
67 236 1
67 282 1
67 291 1
67 292 1
67 323 1
67 328 1
67 335 1
67 343 1
67 390 1
67 400 1
67 420 1
67 422 1
67 437 1
67 457 1
67 468 1
67 474 1
67 540 1
67 542 1
67 573 1
67 603 1
67 621 1
67 624 1
67 642 1
67 659 1
67 666 1
67 712 1
67 753 1
67 763 1
67 821 1
67 833 1
67 840 1
67 842 1
67 848 1
67 879 1
67 919 1
67 943 1
67 944 1
67 970 1
67 987 1
67 988 1
67 993 1
68 73 1
68 75 1
68 103 1
68 136 1
68 151 1
68 154 1
68 158 1
68 162 1
68 174 1
68 216 1
68 222 1
68 274 1
68 276 1
68 277 1
68 279 1
68 281 1
68 316 1
68 334 1
68 342 1
68 361 1
68 397 1
68 420 1
68 439 1
68 448 1
68 458 1
68 482 1
68 496 1
68 527 1
68 547 1
68 558 1
68 560 1
68 570 1
68 573 1
68 586 1
68 627 1
68 642 1
68 665 1
68 673 1
68 674 1
68 707 1
68 723 1
68 754 1
68 800 1
68 840 1
68 859 1
68 860 1
68 892 1
68 899 1
68 956 1
68 974 1
69 75 1
69 77 1
69 89 1
69 90 1
69 131 1
69 187 1
69 224 1
69 235 1
69 238 1
69 270 1
69 271 1
69 293 1
69 294 1
69 306 1
69 354 1
69 358 1
69 418 1
69 430 1
69 437 1
69 454 1
69 458 1
69 461 1
69 462 1
69 465 1
69 476 1
69 497 1
69 514 1
69 587 1
69 634 1
69 697 1
69 703 1
69 716 1
69 739 1
69 745 1
69 764 1
69 782 1
69 800 1
69 821 1
69 827 1
69 831 1
69 855 1
69 863 1
69 908 1
69 942 1
69 958 1
70 76 1
70 83 1
70 96 1
70 106 1
70 123 1
70 158 1
70 159 1
70 162 1
70 219 1
70 224 1
70 235 1
70 237 1
70 253 1
70 261 1
70 263 1
70 271 1
70 286 1
70 287 1
70 320 1
70 322 1
70 340 1
70 356 1
70 360 1
70 365 1
70 374 1
70 393 1
70 400 1
70 414 1
70 490 1
70 501 1
70 562 1
70 607 1
70 608 1
70 612 1
70 637 1
70 677 1
70 710 1
70 774 1
70 792 1
70 801 1
70 820 1
70 868 1
70 907 1
70 937 1
70 953 1
70 957 1
70 965 1
71 79 1
71 86 1
71 101 1
71 134 1
71 205 1
71 213 1
71 214 1
71 230 1
71 245 1
71 246 1
71 251 1
71 272 1
71 298 1
71 299 1
71 303 1
71 314 1
71 358 1
71 369 1
71 408 1
71 412 1
71 435 1
71 457 1
71 461 1
71 475 1
71 530 1
71 543 1
71 545 1
71 555 1
71 556 1
71 565 1
71 575 1
71 587 1
71 611 1
71 628 1
71 652 1
71 676 1
71 693 1
71 711 1
71 722 1
71 739 1
71 763 1
71 767 1
71 775 1
71 793 1
71 825 1
71 833 1
71 844 1
71 852 1
71 889 1
71 900 1
71 915 1
71 926 1
72 73 1
72 88 1
72 101 1
72 136 1
72 162 1
72 179 1
72 206 1
72 214 1
72 268 1
72 291 1
72 307 1
72 315 1
72 334 1
72 359 1
72 391 1
72 410 1
72 419 1
72 440 1
72 442 1
72 467 1
72 502 1
72 510 1
72 512 1
72 524 1
72 529 1
72 572 1
72 601 1
72 625 1
72 637 1
72 641 1
72 667 1
72 673 1
72 708 1
72 717 1
72 790 1
72 805 1
72 818 1
72 824 1
72 832 1
72 864 1
72 883 1
72 962 1
72 969 1
72 987 1
72 997 1
73 120 1
73 144 1
73 145 1
73 183 1
73 208 1
73 229 1
73 247 1
73 279 1
73 285 1
73 291 1
73 319 1
73 343 1
73 366 1
73 368 1
73 371 1
73 399 1
73 412 1
73 424 1
73 434 1
73 444 1
73 448 1
73 450 1
73 468 1
73 477 1
73 509 1
73 552 1
73 579 1
73 606 1
73 607 1
73 683 1
73 723 1
73 730 1
73 767 1
73 772 1
73 775 1
73 803 1
73 812 1
73 817 1
73 831 1
73 886 1
73 893 1
73 895 1
73 913 1
73 937 1
73 959 1
73 989 1
74 82 1
74 91 1
74 104 1
74 110 1
74 121 1
74 122 1
74 198 1
74 224 1
74 230 1
74 249 1
74 261 1
74 363 1
74 365 1
74 378 1
74 412 1
74 434 1
74 439 1
74 483 1
74 518 1
74 525 1
74 573 1
74 577 1
74 634 1
74 663 1
74 669 1
74 688 1
74 693 1
74 755 1
74 765 1
74 774 1
74 780 1
74 804 1
74 855 1
74 878 1
74 902 1
74 911 1
74 924 1
74 935 1
74 951 1
74 952 1
74 993 1
74 995 1
75 87 1
75 135 1
75 178 1
75 180 1
75 187 1
75 191 1
75 192 1
75 251 1
75 261 1
75 262 1
75 271 1
75 278 1
75 296 1
75 301 1
75 331 1
75 378 1
75 397 1
75 400 1
75 414 1
75 436 1
75 441 1
75 478 1
75 495 1
75 519 1
75 525 1
75 566 1
75 593 1
75 617 1
75 651 1
75 656 1
75 680 1
75 729 1
75 734 1
75 745 1
75 807 1
75 809 1
75 815 1
75 831 1
75 854 1
75 920 1
75 934 1
75 946 1
75 964 1
75 984 1
75 991 1
75 996 1
75 999 1
76 82 1
76 102 1
76 108 1
76 123 1
76 155 1
76 159 1
76 205 1
76 213 1
76 266 1
76 269 1
76 271 1
76 281 1
76 289 1
76 301 1
76 329 1
76 397 1
76 404 1
76 421 1
76 428 1
76 467 1
76 468 1
76 505 1
76 512 1
76 520 1
76 542 1
76 545 1
76 587 1
76 623 1
76 636 1
76 643 1
76 659 1
76 663 1
76 679 1
76 720 1
76 729 1
76 780 1
76 825 1
76 855 1
76 873 1
76 884 1
76 921 1
76 933 1
76 940 1
76 962 1
76 965 1
76 987 1
77 79 1
77 110 1
77 202 1
77 223 1
77 227 1
77 269 1
77 301 1
77 332 1
77 354 1
77 384 1
77 406 1
77 412 1
77 428 1
77 429 1
77 432 1
77 481 1
77 515 1
77 516 1
77 554 1
77 555 1
77 569 1
77 605 1
77 617 1
77 632 1
77 655 1
77 683 1
77 705 1
77 715 1
77 766 1
77 774 1
77 782 1
77 790 1
77 802 1
77 821 1
77 840 1
77 850 1
77 880 1
77 883 1
77 898 1
77 956 1
77 996 1
78 94 1
78 100 1
78 143 1
78 171 1
78 184 1
78 194 1
78 197 1
78 201 1
78 209 1
78 233 1
78 238 1
78 244 1
78 248 1
78 356 1
78 402 1
78 408 1
78 411 1
78 428 1
78 430 1
78 433 1
78 458 1
78 474 1
78 480 1
78 506 1
78 527 1
78 535 1
78 544 1
78 569 1
78 579 1
78 591 1
78 630 1
78 632 1
78 636 1
78 672 1
78 687 1
78 691 1
78 736 1
78 794 1
78 859 1
78 899 1
78 900 1
78 903 1
79 90 1
79 92 1
79 105 1
79 122 1
79 129 1
79 130 1
79 136 1
79 170 1
79 179 1
79 183 1
79 236 1
79 249 1
79 254 1
79 257 1
79 295 1
79 298 1
79 344 1
79 350 1
79 367 1
79 377 1
79 384 1
79 386 1
79 394 1
79 396 1
79 412 1
79 439 1
79 458 1
79 477 1
79 490 1
79 491 1
79 503 1
79 506 1
79 527 1
79 551 1
79 565 1
79 578 1
79 582 1
79 583 1
79 621 1
79 622 1
79 633 1
79 660 1
79 675 1
79 688 1
79 699 1
79 720 1
79 753 1
79 765 1
79 806 1
79 811 1
79 862 1
79 875 1
79 896 1
79 900 1
79 926 1
79 935 1
79 946 1
79 972 1
79 976 1
79 980 1
80 81 1
80 88 1
80 96 1
80 128 1
80 139 1
80 146 1
80 154 1
80 157 1
80 174 1
80 193 1
80 208 1
80 240 1
80 252 1
80 253 1
80 313 1
80 335 1
80 377 1
80 386 1
80 402 1
80 441 1
80 457 1
80 470 1
80 480 1
80 519 1
80 522 1
80 543 1
80 557 1
80 581 1
80 598 1
80 603 1
80 612 1
80 617 1
80 621 1
80 628 1
80 643 1
80 648 1
80 683 1
80 716 1
80 743 1
80 810 1
80 864 1
80 893 1
80 905 1
80 971 1
80 994 1
81 117 1
81 128 1
81 181 1
81 183 1
81 200 1
81 213 1
81 220 1
81 258 1
81 285 1
81 328 1
81 347 1
81 378 1
81 379 1
81 382 1
81 422 1
81 490 1
81 531 1
81 532 1
81 549 1
81 583 1
81 592 1
81 616 1
81 650 1
81 662 1
81 667 1
81 678 1
81 695 1
81 723 1
81 725 1
81 744 1
81 748 1
81 759 1
81 760 1
81 776 1
81 872 1
81 920 1
81 981 1
81 993 1
82 83 1
82 129 1
82 143 1
82 163 1
82 193 1
82 206 1
82 241 1
82 271 1
82 273 1
82 289 1
82 292 1
82 305 1
82 378 1
82 379 1
82 388 1
82 398 1
82 421 1
82 447 1
82 454 1
82 469 1
82 477 1
82 493 1
82 542 1
82 555 1
82 620 1
82 634 1
82 635 1
82 663 1
82 727 1
82 732 1
82 733 1
82 819 1
82 828 1
82 877 1
82 911 1
82 932 1
82 955 1
82 971 1
82 975 1
82 981 1
82 987 1
83 85 1
83 115 1
83 120 1
83 138 1
83 147 1
83 179 1
83 190 1
83 252 1
83 307 1
83 311 1
83 364 1
83 365 1
83 368 1
83 375 1
83 398 1
83 404 1
83 408 1
83 427 1
83 438 1
83 440 1
83 461 1
83 472 1
83 478 1
83 507 1
83 535 1
83 598 1
83 608 1
83 612 1
83 614 1
83 669 1
83 681 1
83 725 1
83 738 1
83 827 1
83 831 1
83 873 1
83 904 1
83 920 1
83 926 1
83 937 1
83 940 1
83 963 1
83 982 1
83 996 1
84 101 1
84 104 1
84 113 1
84 129 1
84 145 1
84 155 1
84 158 1
84 197 1
84 198 1
84 200 1
84 224 1
84 230 1
84 238 1
84 253 1
84 265 1
84 279 1
84 293 1
84 297 1
84 298 1
84 303 1
84 309 1
84 325 1
84 330 1
84 352 1
84 353 1
84 371 1
84 382 1
84 387 1
84 391 1
84 397 1
84 455 1
84 460 1
84 464 1
84 478 1
84 513 1
84 525 1
84 529 1
84 546 1
84 564 1
84 633 1
84 634 1
84 637 1
84 650 1
84 662 1
84 720 1
84 726 1
84 737 1
84 753 1
84 758 1
84 765 1
84 789 1
84 790 1
84 821 1
84 824 1
84 837 1
84 880 1
84 902 1
84 926 1
84 953 1
84 957 1
84 990 1
85 152 1
85 170 1
85 178 1
85 183 1
85 186 1
85 200 1
85 229 1
85 258 1
85 263 1
85 266 1
85 283 1
85 296 1
85 339 1
85 341 1
85 377 1
85 399 1
85 420 1
85 434 1
85 465 1
85 470 1
85 483 1
85 497 1
85 549 1
85 559 1
85 561 1
85 585 1
85 620 1
85 636 1
85 660 1
85 666 1
85 674 1
85 683 1
85 686 1
85 712 1
85 722 1
85 730 1
85 731 1
85 749 1
85 758 1
85 763 1
85 769 1
85 779 1
85 780 1
85 784 1
85 793 1
85 794 1
85 820 1
85 828 1
85 861 1
85 875 1
85 924 1
85 927 1
85 976 1
85 995 1
86 146 1
86 162 1
86 172 1
86 174 1
86 180 1
86 196 1
86 200 1
86 225 1
86 251 1
86 253 1
86 305 1
86 318 1
86 342 1
86 357 1
86 399 1
86 401 1
86 403 1
86 421 1
86 442 1
86 450 1
86 452 1
86 470 1
86 498 1
86 507 1
86 513 1
86 542 1
86 550 1
86 553 1
86 562 1
86 593 1
86 604 1
86 640 1
86 664 1
86 670 1
86 683 1
86 694 1
86 695 1
86 700 1
86 740 1
86 758 1
86 769 1
86 791 1
86 809 1
86 838 1
86 840 1
86 844 1
86 858 1
86 877 1
86 896 1
86 907 1
86 949 1
86 979 1
86 998 1
87 96 1
87 113 1
87 119 1
87 146 1
87 161 1
87 183 1
87 191 1
87 196 1
87 211 1
87 213 1
87 219 1
87 232 1
87 247 1
87 249 1
87 293 1
87 298 1
87 319 1
87 327 1
87 354 1
87 371 1
87 376 1
87 384 1
87 396 1
87 426 1
87 430 1
87 433 1
87 446 1
87 471 1
87 478 1
87 481 1
87 484 1
87 523 1
87 535 1
87 544 1
87 574 1
87 576 1
87 629 1
87 710 1
87 732 1
87 734 1
87 742 1
87 760 1
87 761 1
87 762 1
87 774 1
87 787 1
87 793 1
87 797 1
87 802 1
87 804 1
87 861 1
87 865 1
87 954 1
87 956 1
88 94 1
88 98 1
88 111 1
88 134 1
88 143 1
88 151 1
88 164 1
88 189 1
88 207 1
88 210 1
88 218 1
88 228 1
88 231 1
88 266 1
88 333 1
88 358 1
88 365 1
88 378 1
88 403 1
88 406 1
88 428 1
88 436 1
88 451 1
88 459 1
88 462 1
88 473 1
88 487 1
88 488 1
88 505 1
88 567 1
88 575 1
88 576 1
88 579 1
88 615 1
88 628 1
88 646 1
88 648 1
88 663 1
88 673 1
88 688 1
88 790 1
88 796 1
88 812 1
88 813 1
88 835 1
88 838 1
88 851 1
88 860 1
88 881 1
88 895 1
88 910 1
88 911 1
88 921 1
88 930 1
88 937 1
88 974 1
88 978 1
88 982 1
88 999 1
89 101 1
89 103 1
89 123 1
89 153 1
89 160 1
89 178 1
89 196 1
89 313 1
89 422 1
89 491 1
89 550 1
89 555 1
89 557 1
89 573 1
89 580 1
89 581 1
89 608 1
89 629 1
89 641 1
89 644 1
89 665 1
89 680 1
89 741 1
89 770 1
89 795 1
89 816 1
89 826 1
89 841 1
89 863 1
89 888 1
89 889 1
89 915 1
89 937 1
89 984 1
89 992 1
89 995 1
90 96 1
90 118 1
90 173 1
90 198 1
90 214 1
90 218 1
90 229 1
90 259 1
90 331 1
90 355 1
90 392 1
90 453 1
90 473 1
90 559 1
90 584 1
90 607 1
90 609 1
90 624 1
90 650 1
90 674 1
90 738 1
90 746 1
90 750 1
90 758 1
90 765 1
90 777 1
90 779 1
90 809 1
90 827 1
90 835 1
90 851 1
90 867 1
90 872 1
90 884 1
90 914 1
90 934 1
90 937 1
90 945 1
90 978 1
90 985 1
90 986 1
91 92 1
91 93 1
91 95 1
91 104 1
91 118 1
91 121 1
91 122 1
91 124 1
91 152 1
91 161 1
91 163 1
91 185 1
91 195 1
91 211 1
91 218 1
91 229 1
91 281 1
91 285 1
91 297 1
91 321 1
91 322 1
91 328 1
91 337 1
91 399 1
91 436 1
91 444 1
91 453 1
91 481 1
91 482 1
91 493 1
91 513 1
91 514 1
91 515 1
91 526 1
91 559 1
91 562 1
91 573 1
91 579 1
91 607 1
91 618 1
91 631 1
91 637 1
91 644 1
91 646 1
91 680 1
91 704 1
91 766 1
91 773 1
91 775 1
91 825 1
91 836 1
91 858 1
91 862 1
91 903 1
91 915 1
91 921 1
91 932 1
91 947 1
91 961 1
91 971 1
91 973 1
91 984 1
92 126 1
92 164 1
92 172 1
92 186 1
92 203 1
92 214 1
92 222 1
92 254 1
92 269 1
92 274 1
92 277 1
92 318 1
92 346 1
92 362 1
92 425 1
92 443 1
92 449 1
92 459 1
92 482 1
92 486 1
92 491 1
92 499 1
92 543 1
92 550 1
92 556 1
92 605 1
92 617 1
92 631 1
92 681 1
92 682 1
92 690 1
92 698 1
92 705 1
92 710 1
92 725 1
92 726 1
92 731 1
92 743 1
92 746 1
92 753 1
92 783 1
92 812 1
92 855 1
92 865 1
92 881 1
92 886 1
92 897 1
92 907 1
92 947 1
92 951 1
93 102 1
93 103 1
93 120 1
93 129 1
93 175 1
93 177 1
93 185 1
93 199 1
93 204 1
93 236 1
93 267 1
93 314 1
93 336 1
93 338 1
93 342 1
93 374 1
93 396 1
93 435 1
93 437 1
93 446 1
93 464 1
93 477 1
93 500 1
93 517 1
93 561 1
93 566 1
93 586 1
93 617 1
93 642 1
93 711 1
93 732 1
93 734 1
93 754 1
93 764 1
93 805 1
93 818 1
93 831 1
93 836 1
93 845 1
93 858 1
93 888 1
93 894 1
93 913 1
93 914 1
93 955 1
94 110 1
94 113 1
94 115 1
94 134 1
94 141 1
94 155 1
94 162 1
94 182 1
94 216 1
94 227 1
94 231 1
94 237 1
94 247 1
94 253 1
94 282 1
94 290 1
94 327 1
94 343 1
94 347 1
94 372 1
94 394 1
94 397 1
94 402 1
94 406 1
94 435 1
94 463 1
94 511 1
94 512 1
94 520 1
94 521 1
94 566 1
94 608 1
94 631 1
94 652 1
94 658 1
94 695 1
94 698 1
94 707 1
94 714 1
94 729 1
94 754 1
94 768 1
94 790 1
94 818 1
94 819 1
94 866 1
94 895 1
94 902 1
94 903 1
94 941 1
94 946 1
94 960 1
94 963 1
94 966 1
94 989 1
95 98 1
95 109 1
95 110 1
95 139 1
95 174 1
95 176 1
95 189 1
95 199 1
95 215 1
95 261 1
95 262 1
95 304 1
95 305 1
95 307 1
95 337 1
95 340 1
95 380 1
95 410 1
95 427 1
95 435 1
95 442 1
95 449 1
95 451 1
95 511 1
95 535 1
95 554 1
95 558 1
95 571 1
95 573 1
95 600 1
95 613 1
95 671 1
95 687 1
95 690 1
95 700 1
95 703 1
95 713 1
95 730 1
95 768 1
95 774 1
95 796 1
95 813 1
95 830 1
95 834 1
95 879 1
95 911 1
95 913 1
95 935 1
95 953 1
95 958 1
95 979 1
95 982 1
96 142 1
96 156 1
96 220 1
96 244 1
96 330 1
96 365 1
96 366 1
96 381 1
96 387 1
96 421 1
96 425 1
96 449 1
96 451 1
96 510 1
96 512 1
96 520 1
96 544 1
96 571 1
96 599 1
96 611 1
96 679 1
96 710 1
96 745 1
96 748 1
96 770 1
96 789 1
96 806 1
96 809 1
96 823 1
96 829 1
96 838 1
96 841 1
96 862 1
96 868 1
96 879 1
96 887 1
96 896 1
96 922 1
96 925 1
96 928 1
96 951 1
96 967 1
96 989 1
96 999 1
97 100 1
97 108 1
97 112 1
97 222 1
97 225 1
97 233 1
97 248 1
97 252 1
97 261 1
97 266 1
97 328 1
97 339 1
97 340 1
97 343 1
97 455 1
97 487 1
97 508 1
97 526 1
97 553 1
97 559 1
97 569 1
97 571 1
97 591 1
97 595 1
97 618 1
97 649 1
97 650 1
97 685 1
97 701 1
97 726 1
97 732 1
97 760 1
97 783 1
97 795 1
97 796 1
97 811 1
97 828 1
97 829 1
97 846 1
97 915 1
97 925 1
97 926 1
97 938 1
97 942 1
97 944 1
97 984 1
98 133 1
98 142 1
98 174 1
98 177 1
98 216 1
98 237 1
98 251 1
98 300 1
98 304 1
98 307 1
98 314 1
98 323 1
98 327 1
98 329 1
98 330 1
98 332 1
98 370 1
98 389 1
98 406 1
98 407 1
98 424 1
98 490 1
98 493 1
98 495 1
98 513 1
98 528 1
98 533 1
98 540 1
98 544 1
98 610 1
98 639 1
98 643 1
98 680 1
98 687 1
98 691 1
98 703 1
98 707 1
98 744 1
98 792 1
98 796 1
98 830 1
98 857 1
98 862 1
98 865 1
98 877 1
98 879 1
98 903 1
98 942 1
99 101 1
99 126 1
99 160 1
99 295 1
99 322 1
99 387 1
99 399 1
99 400 1
99 425 1
99 458 1
99 461 1
99 483 1
99 509 1
99 537 1
99 540 1
99 554 1
99 616 1
99 634 1
99 699 1
99 734 1
99 782 1
99 805 1
99 849 1
99 867 1
99 927 1
99 961 1
99 987 1
100 121 1
100 122 1
100 131 1
100 186 1
100 218 1
100 260 1
100 283 1
100 290 1
100 315 1
100 327 1
100 329 1
100 342 1
100 356 1
100 489 1
100 491 1
100 504 1
100 516 1
100 521 1
100 524 1
100 529 1
100 538 1
100 568 1
100 583 1
100 611 1
100 618 1
100 623 1
100 656 1
100 662 1
100 679 1
100 682 1
100 686 1
100 713 1
100 719 1
100 746 1
100 765 1
100 783 1
100 796 1
100 825 1
100 844 1
100 857 1
100 863 1
100 867 1
100 944 1
100 960 1
101 130 1
101 134 1
101 139 1
101 165 1
101 168 1
101 195 1
101 217 1
101 218 1
101 221 1
101 223 1
101 227 1
101 276 1
101 282 1
101 293 1
101 326 1
101 388 1
101 438 1
101 442 1
101 450 1
101 452 1
101 485 1
101 513 1
101 597 1
101 611 1
101 698 1
101 704 1
101 712 1
101 723 1
101 727 1
101 736 1
101 743 1
101 758 1
101 784 1
101 807 1
101 831 1
101 847 1
101 946 1
101 992 1
102 110 1
102 134 1
102 142 1
102 162 1
102 167 1
102 209 1
102 218 1
102 222 1
102 235 1
102 256 1
102 264 1
102 272 1
102 280 1
102 283 1
102 289 1
102 313 1
102 314 1
102 328 1
102 336 1
102 368 1
102 396 1
102 424 1
102 438 1
102 494 1
102 503 1
102 505 1
102 509 1
102 533 1
102 544 1
102 550 1
102 565 1
102 574 1
102 579 1
102 582 1
102 624 1
102 640 1
102 673 1
102 684 1
102 685 1
102 705 1
102 718 1
102 757 1
102 790 1
102 820 1
102 824 1
102 841 1
102 847 1
102 875 1
102 886 1
102 893 1
102 943 1
102 996 1
103 137 1
103 151 1
103 176 1
103 221 1
103 283 1
103 308 1
103 333 1
103 341 1
103 376 1
103 378 1
103 385 1
103 391 1
103 404 1
103 412 1
103 435 1
103 450 1
103 469 1
103 504 1
103 516 1
103 529 1
103 544 1
103 578 1
103 582 1
103 587 1
103 598 1
103 620 1
103 623 1
103 624 1
103 657 1
103 659 1
103 663 1
103 680 1
103 701 1
103 728 1
103 733 1
103 736 1
103 782 1
103 792 1
103 808 1
103 813 1
103 827 1
103 848 1
103 853 1
103 881 1
103 883 1
103 900 1
103 932 1
103 939 1
103 961 1
103 964 1
103 993 1
103 994 1
103 996 1
104 143 1
104 146 1
104 162 1
104 176 1
104 214 1
104 217 1
104 236 1
104 271 1
104 316 1
104 330 1
104 342 1
104 378 1
104 385 1
104 419 1
104 429 1
104 457 1
104 508 1
104 509 1
104 516 1
104 533 1
104 541 1
104 544 1
104 578 1
104 581 1
104 583 1
104 588 1
104 615 1
104 618 1
104 624 1
104 633 1
104 666 1
104 741 1
104 748 1
104 808 1
104 815 1
104 849 1
104 864 1
104 895 1
104 951 1
104 979 1
104 991 1
105 118 1
105 145 1
105 192 1
105 207 1
105 208 1
105 241 1
105 261 1
105 302 1
105 319 1
105 359 1
105 395 1
105 436 1
105 437 1
105 441 1
105 445 1
105 452 1
105 470 1
105 500 1
105 506 1
105 514 1
105 521 1
105 524 1
105 532 1
105 555 1
105 564 1
105 571 1
105 589 1
105 597 1
105 638 1
105 652 1
105 664 1
105 692 1
105 704 1
105 705 1
105 745 1
105 747 1
105 820 1
105 821 1
105 822 1
105 827 1
105 832 1
105 883 1
105 888 1
105 892 1
105 915 1
105 951 1
105 977 1
105 998 1
106 131 1
106 132 1
106 133 1
106 136 1
106 140 1
106 176 1
106 189 1
106 211 1
106 242 1
106 244 1
106 263 1
106 284 1
106 296 1
106 301 1
106 317 1
106 318 1
106 343 1
106 365 1
106 385 1
106 390 1
106 410 1
106 428 1
106 429 1
106 431 1
106 458 1
106 480 1
106 484 1
106 501 1
106 517 1
106 519 1
106 521 1
106 527 1
106 543 1
106 545 1
106 549 1
106 553 1
106 565 1
106 573 1
106 575 1
106 624 1
106 670 1
106 688 1
106 728 1
106 730 1
106 742 1
106 794 1
106 817 1
106 841 1
106 843 1
106 927 1
107 113 1
107 140 1
107 144 1
107 171 1
107 180 1
107 190 1
107 192 1
107 305 1
107 319 1
107 326 1
107 347 1
107 348 1
107 352 1
107 354 1
107 375 1
107 376 1
107 379 1
107 390 1
107 404 1
107 405 1
107 422 1
107 457 1
107 481 1
107 512 1
107 513 1
107 570 1
107 571 1
107 578 1
107 585 1
107 598 1
107 607 1
107 616 1
107 619 1
107 632 1
107 638 1
107 667 1
107 682 1
107 695 1
107 708 1
107 770 1
107 777 1
107 791 1
107 804 1
107 835 1
107 857 1
107 923 1
108 133 1
108 147 1
108 149 1
108 157 1
108 160 1
108 200 1
108 217 1
108 219 1
108 228 1
108 243 1
108 252 1
108 276 1
108 277 1
108 282 1
108 308 1
108 326 1
108 337 1
108 354 1
108 363 1
108 381 1
108 421 1
108 422 1
108 443 1
108 464 1
108 472 1
108 485 1
108 500 1
108 506 1
108 513 1
108 517 1
108 561 1
108 573 1
108 577 1
108 597 1
108 621 1
108 638 1
108 662 1
108 663 1
108 692 1
108 715 1
108 718 1
108 723 1
108 759 1
108 762 1
108 801 1
108 809 1
108 811 1
108 825 1
108 844 1
108 848 1
108 863 1
108 865 1
108 878 1
108 911 1
108 927 1
108 938 1
108 943 1
108 946 1
108 967 1
109 125 1
109 162 1
109 171 1
109 195 1
109 201 1
109 212 1
109 219 1
109 238 1
109 250 1
109 274 1
109 286 1
109 318 1
109 328 1
109 340 1
109 347 1
109 349 1
109 413 1
109 420 1
109 422 1
109 438 1
109 449 1
109 456 1
109 561 1
109 598 1
109 601 1
109 658 1
109 662 1
109 664 1
109 678 1
109 725 1
109 729 1
109 730 1
109 769 1
109 778 1
109 790 1
109 791 1
109 826 1
109 833 1
109 843 1
109 846 1
109 847 1
109 889 1
109 890 1
109 895 1
109 896 1
109 906 1
109 916 1
109 938 1
109 940 1
109 964 1
109 984 1
110 157 1
110 161 1
110 164 1
110 198 1
110 220 1
110 242 1
110 250 1
110 291 1
110 299 1
110 331 1
110 384 1
110 388 1
110 396 1
110 412 1
110 444 1
110 489 1
110 510 1
110 532 1
110 554 1
110 576 1
110 584 1
110 592 1
110 633 1
110 652 1
110 677 1
110 689 1
110 704 1
110 716 1
110 815 1
110 825 1
110 848 1
110 867 1
110 895 1
110 903 1
110 905 1
110 909 1
110 959 1
110 988 1
110 989 1
111 121 1
111 142 1
111 179 1
111 188 1
111 204 1
111 241 1
111 270 1
111 272 1
111 322 1
111 325 1
111 334 1
111 346 1
111 358 1
111 384 1
111 404 1
111 405 1
111 426 1
111 435 1
111 443 1
111 490 1
111 494 1
111 551 1
111 560 1
111 598 1
111 611 1
111 616 1
111 620 1
111 684 1
111 686 1
111 718 1
111 724 1
111 769 1
111 850 1
111 883 1
111 894 1
111 899 1
111 904 1
111 944 1
112 119 1
112 132 1
112 137 1
112 161 1
112 171 1
112 181 1
112 183 1
112 219 1
112 231 1
112 232 1
112 236 1
112 288 1
112 313 1
112 344 1
112 354 1
112 387 1
112 389 1
112 448 1
112 458 1
112 462 1
112 490 1
112 505 1
112 551 1
112 590 1
112 615 1
112 630 1
112 646 1
112 678 1
112 757 1
112 830 1
112 847 1
112 851 1
112 879 1
112 893 1
112 948 1
112 975 1
113 146 1
113 157 1
113 173 1
113 179 1
113 209 1
113 246 1
113 321 1
113 343 1
113 344 1
113 359 1
113 401 1
113 403 1
113 484 1
113 497 1
113 498 1
113 538 1
113 544 1
113 555 1
113 588 1
113 593 1
113 598 1
113 615 1
113 651 1
113 656 1
113 672 1
113 674 1
113 703 1
113 755 1
113 780 1
113 794 1
113 797 1
113 830 1
113 848 1
113 889 1
113 904 1
113 917 1
113 925 1
113 927 1
113 932 1
113 943 1
113 957 1
113 988 1
114 117 1
114 131 1
114 132 1
114 136 1
114 147 1
114 164 1
114 173 1
114 233 1
114 236 1
114 268 1
114 313 1
114 318 1
114 340 1
114 369 1
114 385 1
114 399 1
114 421 1
114 426 1
114 438 1
114 460 1
114 462 1
114 475 1
114 566 1
114 574 1
114 577 1
114 582 1
114 600 1
114 601 1
114 613 1
114 722 1
114 749 1
114 774 1
114 804 1
114 825 1
114 837 1
114 846 1
114 855 1
114 879 1
114 886 1
114 893 1
114 894 1
114 921 1
114 943 1
114 997 1
115 134 1
115 136 1
115 185 1
115 276 1
115 285 1
115 293 1
115 313 1
115 336 1
115 348 1
115 349 1
115 357 1
115 409 1
115 414 1
115 415 1
115 434 1
115 457 1
115 484 1
115 502 1
115 523 1
115 539 1
115 573 1
115 584 1
115 596 1
115 664 1
115 684 1
115 688 1
115 706 1
115 708 1
115 724 1
115 736 1
115 766 1
115 782 1
115 784 1
115 789 1
115 816 1
115 819 1
115 878 1
115 879 1
115 962 1
115 986 1
116 119 1
116 121 1
116 155 1
116 197 1
116 198 1
116 211 1
116 255 1
116 271 1
116 275 1
116 289 1
116 302 1
116 305 1
116 311 1
116 335 1
116 359 1
116 375 1
116 383 1
116 385 1
116 386 1
116 400 1
116 414 1
116 500 1
116 519 1
116 542 1
116 592 1
116 597 1
116 638 1
116 644 1
116 672 1
116 715 1
116 721 1
116 740 1
116 743 1
116 759 1
116 762 1
116 778 1
116 782 1
116 796 1
116 855 1
116 872 1
116 885 1
116 893 1
116 933 1
116 974 1
116 977 1
116 987 1
117 130 1
117 137 1
117 205 1
117 206 1
117 225 1
117 228 1
117 239 1
117 248 1
117 264 1
117 301 1
117 310 1
117 344 1
117 361 1
117 373 1
117 374 1
117 387 1
117 399 1
117 486 1
117 522 1
117 523 1
117 527 1
117 575 1
117 616 1
117 662 1
117 669 1
117 672 1
117 717 1
117 725 1
117 739 1
117 742 1
117 749 1
117 777 1
117 798 1
117 804 1
117 822 1
117 870 1
117 878 1
117 897 1
117 920 1
117 938 1
117 987 1
117 993 1
117 1000 1
118 147 1
118 158 1
118 163 1
118 173 1
118 175 1
118 191 1
118 202 1
118 219 1
118 292 1
118 298 1
118 300 1
118 325 1
118 326 1
118 333 1
118 350 1
118 374 1
118 394 1
118 441 1
118 454 1
118 459 1
118 466 1
118 487 1
118 493 1
118 510 1
118 518 1
118 541 1
118 550 1
118 566 1
118 568 1
118 570 1
118 586 1
118 605 1
118 606 1
118 628 1
118 643 1
118 664 1
118 740 1
118 745 1
118 746 1
118 810 1
118 818 1
118 836 1
118 839 1
118 888 1
118 912 1
118 925 1
118 956 1
118 957 1
118 959 1
118 977 1
119 164 1
119 169 1
119 173 1
119 192 1
119 213 1
119 219 1
119 226 1
119 275 1
119 276 1
119 386 1
119 389 1
119 425 1
119 445 1
119 462 1
119 516 1
119 521 1
119 527 1
119 532 1
119 541 1
119 544 1
119 567 1
119 596 1
119 598 1
119 601 1
119 642 1
119 644 1
119 649 1
119 673 1
119 683 1
119 702 1
119 705 1
119 791 1
119 799 1
119 840 1
119 852 1
119 864 1
119 898 1
119 909 1
119 919 1
119 938 1
119 942 1
119 943 1
119 956 1
119 963 1
119 993 1
120 155 1
120 173 1
120 186 1
120 207 1
120 334 1
120 340 1
120 445 1
120 529 1
120 563 1
120 566 1
120 569 1
120 620 1
120 641 1
120 662 1
120 670 1
120 687 1
120 721 1
120 744 1
120 759 1
120 812 1
120 814 1
120 865 1
120 917 1
120 955 1
120 967 1
120 968 1
120 972 1
120 995 1
121 125 1
121 181 1
121 200 1
121 210 1
121 257 1
121 294 1
121 296 1
121 302 1
121 313 1
121 331 1
121 342 1
121 391 1
121 409 1
121 446 1
121 452 1
121 471 1
121 497 1
121 517 1
121 563 1
121 570 1
121 586 1
121 631 1
121 648 1
121 676 1
121 677 1
121 718 1
121 721 1
121 765 1
121 789 1
121 792 1
121 796 1
121 816 1
121 838 1
121 892 1
121 894 1
121 905 1
121 935 1
121 939 1
121 949 1
121 952 1
121 963 1
121 1000 1
122 132 1
122 145 1
122 155 1
122 160 1
122 176 1
122 182 1
122 187 1
122 199 1
122 229 1
122 265 1
122 284 1
122 300 1
122 343 1
122 348 1
122 352 1
122 385 1
122 386 1
122 388 1
122 395 1
122 421 1
122 527 1
122 541 1
122 601 1
122 613 1
122 632 1
122 640 1
122 645 1
122 657 1
122 660 1
122 676 1
122 688 1
122 758 1
122 778 1
122 780 1
122 784 1
122 813 1
122 833 1
122 859 1
122 866 1
122 868 1
122 879 1
122 891 1
122 930 1
122 938 1
122 939 1
122 975 1
122 994 1
122 996 1
123 133 1
123 167 1
123 176 1
123 185 1
123 186 1
123 189 1
123 222 1
123 245 1
123 246 1
123 313 1
123 317 1
123 325 1
123 362 1
123 425 1
123 473 1
123 475 1
123 531 1
123 544 1
123 546 1
123 569 1
123 590 1
123 631 1
123 645 1
123 669 1
123 670 1
123 718 1
123 722 1
123 723 1
123 726 1
123 741 1
123 794 1
123 804 1
123 821 1
123 831 1
123 851 1
123 855 1
123 856 1
123 857 1
123 880 1
123 893 1
123 894 1
123 902 1
123 922 1
123 930 1
123 962 1
123 980 1
124 144 1
124 165 1
124 196 1
124 232 1
124 260 1
124 289 1
124 310 1
124 344 1
124 368 1
124 382 1
124 388 1
124 402 1
124 418 1
124 450 1
124 480 1
124 484 1
124 508 1
124 541 1
124 552 1
124 553 1
124 581 1
124 623 1
124 631 1
124 638 1
124 639 1
124 650 1
124 662 1
124 665 1
124 672 1
124 673 1
124 684 1
124 686 1
124 697 1
124 724 1
124 725 1
124 730 1
124 743 1
124 817 1
124 846 1
124 924 1
124 940 1
124 964 1
124 990 1
125 161 1
125 170 1
125 183 1
125 227 1
125 233 1
125 282 1
125 304 1
125 331 1
125 348 1
125 356 1
125 358 1
125 419 1
125 442 1
125 458 1
125 497 1
125 498 1
125 554 1
125 563 1
125 567 1
125 577 1
125 600 1
125 622 1
125 642 1
125 650 1
125 656 1
125 657 1
125 665 1
125 676 1
125 694 1
125 739 1
125 745 1
125 748 1
125 753 1
125 781 1
125 791 1
125 797 1
125 806 1
125 841 1
125 849 1
125 853 1
125 893 1
125 907 1
125 912 1
125 922 1
125 950 1
125 962 1
126 135 1
126 157 1
126 171 1
126 258 1
126 278 1
126 285 1
126 294 1
126 302 1
126 317 1
126 345 1
126 350 1
126 354 1
126 369 1
126 389 1
126 415 1
126 421 1
126 437 1
126 453 1
126 492 1
126 506 1
126 513 1
126 519 1
126 552 1
126 555 1
126 564 1
126 583 1
126 625 1
126 634 1
126 637 1
126 655 1
126 688 1
126 696 1
126 705 1
126 714 1
126 749 1
126 767 1
126 791 1
126 829 1
126 840 1
126 886 1
126 897 1
126 966 1
126 996 1
127 145 1
127 160 1
127 162 1
127 197 1
127 223 1
127 230 1
127 233 1
127 240 1
127 248 1
127 266 1
127 272 1
127 274 1
127 278 1
127 286 1
127 355 1
127 446 1
127 459 1
127 465 1
127 468 1
127 478 1
127 488 1
127 496 1
127 520 1
127 559 1
127 573 1
127 574 1
127 579 1
127 592 1
127 641 1
127 650 1
127 660 1
127 667 1
127 672 1
127 764 1
127 852 1
127 893 1
127 896 1
127 898 1
127 926 1
127 930 1
127 956 1
128 174 1
128 195 1
128 210 1
128 251 1
128 256 1
128 260 1
128 270 1
128 298 1
128 322 1
128 346 1
128 351 1
128 371 1
128 378 1
128 428 1
128 485 1
128 486 1
128 499 1
128 505 1
128 516 1
128 543 1
128 547 1
128 563 1
128 569 1
128 582 1
128 652 1
128 681 1
128 685 1
128 696 1
128 712 1
128 731 1
128 735 1
128 737 1
128 756 1
128 800 1
128 803 1
128 870 1
128 879 1
128 882 1
128 894 1
128 907 1
128 924 1
128 962 1
128 989 1
129 141 1
129 146 1
129 192 1
129 195 1
129 201 1
129 215 1
129 243 1
129 260 1
129 377 1
129 419 1
129 423 1
129 452 1
129 503 1
129 521 1
129 543 1
129 558 1
129 559 1
129 588 1
129 640 1
129 648 1
129 654 1
129 662 1
129 687 1
129 718 1
129 751 1
129 758 1
129 811 1
129 816 1
129 831 1
129 912 1
129 923 1
129 941 1
129 968 1
129 989 1
130 150 1
130 160 1
130 173 1
130 203 1
130 255 1
130 262 1
130 377 1
130 389 1
130 392 1
130 407 1
130 411 1
130 463 1
130 538 1
130 570 1
130 589 1
130 601 1
130 613 1
130 622 1
130 670 1
130 705 1
130 716 1
130 718 1
130 735 1
130 798 1
130 801 1
130 806 1
130 842 1
130 848 1
130 856 1
130 867 1
130 910 1
130 926 1
130 954 1
130 980 1
131 194 1
131 220 1
131 232 1
131 249 1
131 270 1
131 274 1
131 338 1
131 359 1
131 360 1
131 372 1
131 382 1
131 419 1
131 423 1
131 455 1
131 469 1
131 524 1
131 545 1
131 583 1
131 594 1
131 605 1
131 639 1
131 649 1
131 650 1
131 673 1
131 727 1
131 762 1
131 780 1
131 786 1
131 811 1
131 854 1
131 866 1
131 873 1
131 944 1
131 949 1
131 952 1
131 967 1
132 167 1
132 180 1
132 184 1
132 192 1
132 193 1
132 198 1
132 206 1
132 321 1
132 338 1
132 370 1
132 372 1
132 375 1
132 415 1
132 471 1
132 477 1
132 502 1
132 506 1
132 538 1
132 541 1
132 559 1
132 560 1
132 563 1
132 603 1
132 628 1
132 649 1
132 663 1
132 728 1
132 743 1
132 754 1
132 761 1
132 784 1
132 786 1
132 794 1
132 797 1
132 807 1
132 826 1
132 836 1
132 847 1
132 867 1
132 930 1
132 944 1
132 990 1
133 137 1
133 152 1
133 165 1
133 167 1
133 189 1
133 213 1
133 220 1
133 223 1
133 249 1
133 284 1
133 329 1
133 348 1
133 355 1
133 382 1
133 384 1
133 416 1
133 419 1
133 429 1
133 439 1
133 479 1
133 495 1
133 499 1
133 529 1
133 532 1
133 548 1
133 552 1
133 554 1
133 558 1
133 561 1
133 570 1
133 602 1
133 679 1
133 721 1
133 727 1
133 739 1
133 819 1
133 849 1
133 861 1
133 905 1
133 943 1
133 947 1
133 964 1
133 969 1
134 135 1
134 148 1
134 149 1
134 155 1
134 175 1
134 210 1
134 214 1
134 223 1
134 237 1
134 242 1
134 250 1
134 293 1
134 316 1
134 361 1
134 366 1
134 373 1
134 374 1
134 404 1
134 405 1
134 421 1
134 429 1
134 435 1
134 438 1
134 439 1
134 448 1
134 458 1
134 468 1
134 505 1
134 512 1
134 516 1
134 547 1
134 559 1
134 569 1
134 587 1
134 624 1
134 678 1
134 687 1
134 709 1
134 753 1
134 775 1
134 781 1
134 785 1
134 795 1
134 806 1
134 821 1
134 822 1
134 841 1
134 849 1
134 867 1
134 874 1
134 934 1
134 935 1
134 937 1
134 985 1
134 994 1
135 136 1
135 156 1
135 180 1
135 196 1
135 205 1
135 230 1
135 265 1
135 273 1
135 304 1
135 336 1
135 344 1
135 351 1
135 354 1
135 397 1
135 416 1
135 421 1
135 423 1
135 438 1
135 441 1
135 446 1
135 470 1
135 484 1
135 490 1
135 493 1
135 525 1
135 555 1
135 581 1
135 598 1
135 620 1
135 643 1
135 652 1
135 668 1
135 697 1
135 735 1
135 737 1
135 763 1
135 767 1
135 773 1
135 795 1
135 798 1
135 806 1
135 857 1
135 877 1
135 885 1
135 892 1
135 908 1
135 944 1
135 992 1
136 164 1
136 183 1
136 238 1
136 268 1
136 284 1
136 290 1
136 304 1
136 321 1
136 335 1
136 346 1
136 369 1
136 396 1
136 409 1
136 431 1
136 434 1
136 460 1
136 519 1
136 544 1
136 561 1
136 581 1
136 583 1
136 606 1
136 609 1
136 629 1
136 633 1
136 655 1
136 663 1
136 672 1
136 686 1
136 691 1
136 719 1
136 737 1
136 748 1
136 798 1
136 823 1
136 831 1
136 840 1
136 843 1
136 855 1
136 877 1
136 908 1
136 921 1
136 947 1
136 948 1
136 973 1
136 982 1
137 189 1
137 205 1
137 238 1
137 247 1
137 248 1
137 280 1
137 295 1
137 304 1
137 309 1
137 342 1
137 348 1
137 383 1
137 390 1
137 393 1
137 396 1
137 419 1
137 444 1
137 479 1
137 487 1
137 519 1
137 544 1
137 548 1
137 558 1
137 560 1
137 585 1
137 630 1
137 662 1
137 665 1
137 691 1
137 711 1
137 728 1
137 744 1
137 759 1
137 842 1
137 846 1
137 855 1
137 868 1
137 918 1
137 921 1
137 923 1
137 929 1
137 934 1
137 938 1
137 948 1
137 953 1
137 960 1
137 964 1
137 979 1
137 983 1
137 989 1
138 224 1
138 271 1
138 278 1
138 284 1
138 299 1
138 333 1
138 342 1
138 357 1
138 369 1
138 371 1
138 386 1
138 394 1
138 412 1
138 427 1
138 428 1
138 469 1
138 479 1
138 502 1
138 581 1
138 587 1
138 614 1
138 624 1
138 633 1
138 636 1
138 713 1
138 714 1
138 717 1
138 733 1
138 739 1
138 808 1
138 820 1
138 909 1
138 952 1
138 998 1
139 148 1
139 170 1
139 204 1
139 234 1
139 240 1
139 242 1
139 274 1
139 275 1
139 294 1
139 329 1
139 347 1
139 361 1
139 366 1
139 375 1
139 384 1
139 403 1
139 421 1
139 456 1
139 460 1
139 494 1
139 518 1
139 559 1
139 585 1
139 593 1
139 655 1
139 670 1
139 684 1
139 699 1
139 704 1
139 719 1
139 732 1
139 733 1
139 747 1
139 774 1
139 782 1
139 796 1
139 797 1
139 808 1
139 848 1
139 861 1
139 863 1
139 876 1
139 887 1
139 940 1
139 950 1
139 968 1
139 988 1
140 192 1
140 239 1
140 276 1
140 310 1
140 313 1
140 327 1
140 332 1
140 338 1
140 357 1
140 361 1
140 391 1
140 401 1
140 408 1
140 436 1
140 447 1
140 479 1
140 480 1
140 483 1
140 491 1
140 496 1
140 520 1
140 551 1
140 563 1
140 577 1
140 610 1
140 630 1
140 634 1
140 664 1
140 673 1
140 700 1
140 705 1
140 737 1
140 748 1
140 766 1
140 767 1
140 772 1
140 823 1
140 828 1
140 830 1
140 873 1
140 901 1
140 912 1
140 957 1
140 969 1
141 143 1
141 146 1
141 215 1
141 268 1
141 274 1
141 275 1
141 281 1
141 340 1
141 359 1
141 422 1
141 440 1
141 448 1
141 455 1
141 460 1
141 463 1
141 507 1
141 531 1
141 564 1
141 570 1
141 587 1
141 596 1
141 623 1
141 671 1
141 693 1
141 701 1
141 706 1
141 707 1
141 746 1
141 764 1
141 792 1
141 813 1
141 856 1
141 862 1
141 885 1
141 887 1
141 919 1
141 931 1
141 938 1
141 951 1
141 977 1
141 998 1
142 169 1
142 171 1
142 183 1
142 192 1
142 218 1
142 262 1
142 280 1
142 288 1
142 301 1
142 320 1
142 341 1
142 344 1
142 346 1
142 356 1
142 359 1
142 362 1
142 364 1
142 378 1
142 379 1
142 406 1
142 417 1
142 423 1
142 428 1
142 453 1
142 456 1
142 485 1
142 490 1
142 497 1
142 504 1
142 527 1
142 536 1
142 557 1
142 563 1
142 564 1
142 582 1
142 593 1
142 625 1
142 638 1
142 647 1
142 656 1
142 670 1
142 681 1
142 688 1
142 690 1
142 713 1
142 718 1
142 720 1
142 724 1
142 749 1
142 799 1
142 811 1
142 817 1
142 849 1
142 863 1
142 921 1
142 924 1
142 933 1
142 934 1
143 172 1
143 181 1
143 198 1
143 205 1
143 271 1
143 295 1
143 303 1
143 323 1
143 336 1
143 349 1
143 376 1
143 439 1
143 481 1
143 494 1
143 499 1
143 500 1
143 517 1
143 546 1
143 547 1
143 595 1
143 596 1
143 600 1
143 700 1
143 725 1
143 729 1
143 770 1
143 834 1
143 872 1
143 897 1
143 954 1
144 149 1
144 168 1
144 183 1
144 199 1
144 201 1
144 230 1
144 231 1
144 233 1
144 256 1
144 293 1
144 316 1
144 321 1
144 360 1
144 370 1
144 439 1
144 448 1
144 481 1
144 519 1
144 520 1
144 533 1
144 590 1
144 634 1
144 647 1
144 652 1
144 661 1
144 675 1
144 687 1
144 734 1
144 746 1
144 771 1
144 795 1
144 871 1
144 889 1
144 912 1
144 932 1
144 948 1
144 958 1
145 172 1
145 198 1
145 202 1
145 217 1
145 260 1
145 261 1
145 267 1
145 269 1
145 273 1
145 285 1
145 304 1
145 309 1
145 329 1
145 343 1
145 346 1
145 354 1
145 433 1
145 472 1
145 480 1
145 511 1
145 516 1
145 525 1
145 530 1
145 564 1
145 661 1
145 680 1
145 682 1
145 689 1
145 690 1
145 691 1
145 711 1
145 713 1
145 722 1
145 760 1
145 764 1
145 800 1
145 919 1
145 922 1
145 959 1
145 975 1
146 148 1
146 170 1
146 237 1
146 249 1
146 256 1
146 261 1
146 284 1
146 296 1
146 313 1
146 319 1
146 355 1
146 371 1
146 391 1
146 431 1
146 432 1
146 436 1
146 442 1
146 448 1
146 469 1
146 525 1
146 530 1
146 531 1
146 534 1
146 545 1
146 559 1
146 622 1
146 677 1
146 692 1
146 729 1
146 745 1
146 778 1
146 799 1
146 819 1
146 824 1
146 830 1
146 841 1
146 842 1
146 855 1
146 864 1
146 884 1
146 919 1
146 946 1
146 947 1
146 961 1
146 997 1
147 162 1
147 175 1
147 187 1
147 208 1
147 222 1
147 226 1
147 247 1
147 248 1
147 285 1
147 290 1
147 299 1
147 315 1
147 326 1
147 336 1
147 377 1
147 388 1
147 412 1
147 424 1
147 436 1
147 438 1
147 451 1
147 454 1
147 467 1
147 470 1
147 472 1
147 504 1
147 528 1
147 555 1
147 559 1
147 577 1
147 608 1
147 609 1
147 639 1
147 642 1
147 675 1
147 746 1
147 761 1
147 806 1
147 814 1
147 820 1
147 833 1
147 844 1
147 847 1
147 866 1
147 879 1
147 880 1
147 919 1
147 943 1
147 947 1
147 960 1
147 988 1
147 996 1
148 165 1
148 189 1
148 191 1
148 197 1
148 218 1
148 220 1
148 224 1
148 226 1
148 235 1
148 236 1
148 266 1
148 291 1
148 328 1
148 357 1
148 394 1
148 396 1
148 434 1
148 468 1
148 494 1
148 511 1
148 514 1
148 538 1
148 560 1
148 586 1
148 605 1
148 615 1
148 656 1
148 678 1
148 694 1
148 715 1
148 747 1
148 759 1
148 778 1
148 783 1
148 798 1
148 805 1
148 818 1
148 846 1
148 871 1
148 878 1
148 932 1
148 934 1
148 936 1
148 966 1
148 971 1
149 184 1
149 185 1
149 212 1
149 220 1
149 240 1
149 244 1
149 272 1
149 276 1
149 306 1
149 321 1
149 337 1
149 343 1
149 355 1
149 393 1
149 404 1
149 412 1
149 422 1
149 437 1
149 466 1
149 471 1
149 475 1
149 511 1
149 566 1
149 602 1
149 621 1
149 630 1
149 631 1
149 646 1
149 658 1
149 670 1
149 697 1
149 712 1
149 760 1
149 791 1
149 818 1
149 867 1
149 892 1
149 906 1
149 921 1
149 933 1
149 946 1
149 948 1
149 949 1
149 975 1
149 995 1
150 152 1
150 175 1
150 179 1
150 199 1
150 235 1
150 241 1
150 272 1
150 362 1
150 382 1
150 417 1
150 429 1
150 440 1
150 487 1
150 504 1
150 543 1
150 547 1
150 551 1
150 584 1
150 623 1
150 689 1
150 695 1
150 733 1
150 767 1
150 779 1
150 782 1
150 784 1
150 790 1
150 818 1
150 819 1
150 838 1
150 849 1
150 867 1
150 878 1
150 889 1
150 986 1
150 998 1
151 214 1
151 228 1
151 255 1
151 298 1
151 318 1
151 327 1
151 342 1
151 343 1
151 358 1
151 364 1
151 377 1
151 437 1
151 443 1
151 479 1
151 492 1
151 510 1
151 519 1
151 527 1
151 604 1
151 677 1
151 682 1
151 734 1
151 765 1
151 766 1
151 787 1
151 889 1
151 923 1
151 951 1
151 961 1
151 965 1
152 162 1
152 180 1
152 184 1
152 234 1
152 288 1
152 298 1
152 312 1
152 316 1
152 319 1
152 373 1
152 394 1
152 403 1
152 411 1
152 439 1
152 457 1
152 458 1
152 562 1
152 589 1
152 592 1
152 600 1
152 617 1
152 630 1
152 631 1
152 668 1
152 670 1
152 707 1
152 730 1
152 742 1
152 743 1
152 745 1
152 809 1
152 821 1
152 859 1
152 891 1
152 896 1
152 901 1
152 908 1
152 952 1
152 976 1
153 175 1
153 183 1
153 185 1
153 199 1
153 225 1
153 226 1
153 245 1
153 255 1
153 262 1
153 267 1
153 328 1
153 333 1
153 349 1
153 354 1
153 363 1
153 381 1
153 395 1
153 402 1
153 449 1
153 450 1
153 462 1
153 465 1
153 474 1
153 481 1
153 517 1
153 531 1
153 538 1
153 539 1
153 562 1
153 575 1
153 600 1
153 638 1
153 639 1
153 641 1
153 684 1
153 687 1
153 723 1
153 731 1
153 745 1
153 763 1
153 765 1
153 793 1
153 812 1
153 842 1
153 884 1
153 936 1
153 963 1
154 174 1
154 196 1
154 221 1
154 253 1
154 257 1
154 263 1
154 270 1
154 282 1
154 289 1
154 292 1
154 318 1
154 411 1
154 419 1
154 449 1
154 462 1
154 474 1
154 483 1
154 565 1
154 598 1
154 665 1
154 678 1
154 704 1
154 723 1
154 754 1
154 796 1
154 816 1
154 821 1
154 827 1
154 873 1
154 875 1
154 892 1
154 905 1
154 909 1
154 916 1
154 940 1
154 957 1
154 985 1
154 988 1
154 996 1
154 998 1
155 157 1
155 184 1
155 191 1
155 214 1
155 216 1
155 263 1
155 291 1
155 326 1
155 359 1
155 366 1
155 490 1
155 498 1
155 507 1
155 531 1
155 535 1
155 552 1
155 604 1
155 612 1
155 617 1
155 643 1
155 657 1
155 693 1
155 725 1
155 728 1
155 734 1
155 741 1
155 747 1
155 766 1
155 776 1
155 814 1
155 832 1
155 861 1
155 897 1
155 952 1
155 993 1
156 164 1
156 194 1
156 210 1
156 230 1
156 291 1
156 329 1
156 358 1
156 374 1
156 384 1
156 404 1
156 436 1
156 483 1
156 492 1
156 504 1
156 506 1
156 544 1
156 559 1
156 567 1
156 586 1
156 603 1
156 604 1
156 622 1
156 643 1
156 646 1
156 679 1
156 681 1
156 729 1
156 732 1
156 735 1
156 738 1
156 773 1
156 790 1
156 814 1
156 818 1
156 833 1
156 911 1
156 935 1
156 968 1
156 980 1
157 229 1
157 328 1
157 353 1
157 358 1
157 366 1
157 378 1
157 398 1
157 433 1
157 451 1
157 477 1
157 484 1
157 493 1
157 548 1
157 573 1
157 595 1
157 598 1
157 615 1
157 626 1
157 640 1
157 646 1
157 655 1
157 690 1
157 704 1
157 708 1
157 735 1
157 767 1
157 791 1
157 813 1
157 829 1
157 845 1
157 861 1
157 878 1
157 887 1
157 905 1
157 910 1
157 947 1
157 952 1
157 973 1
158 172 1
158 183 1
158 190 1
158 221 1
158 345 1
158 360 1
158 404 1
158 405 1
158 419 1
158 466 1
158 471 1
158 482 1
158 506 1
158 548 1
158 549 1
158 572 1
158 585 1
158 601 1
158 659 1
158 670 1
158 710 1
158 765 1
158 766 1
158 770 1
158 772 1
158 819 1
158 828 1
158 835 1
158 851 1
158 878 1
158 883 1
158 886 1
158 892 1
158 896 1
158 918 1
158 967 1
158 992 1
158 996 1
159 215 1
159 227 1
159 266 1
159 272 1
159 310 1
159 312 1
159 321 1
159 346 1
159 365 1
159 379 1
159 393 1
159 396 1
159 398 1
159 426 1
159 437 1
159 511 1
159 517 1
159 545 1
159 546 1
159 550 1
159 582 1
159 593 1
159 599 1
159 609 1
159 611 1
159 648 1
159 663 1
159 686 1
159 707 1
159 718 1
159 756 1
159 757 1
159 777 1
159 802 1
159 807 1
159 808 1
159 846 1
159 847 1
159 855 1
159 866 1
159 891 1
159 907 1
159 912 1
159 922 1
159 932 1
159 933 1
159 942 1
159 957 1
159 972 1
160 206 1
160 221 1
160 233 1
160 236 1
160 244 1
160 291 1
160 301 1
160 303 1
160 306 1
160 324 1
160 335 1
160 342 1
160 348 1
160 389 1
160 396 1
160 397 1
160 399 1
160 433 1
160 435 1
160 462 1
160 516 1
160 528 1
160 529 1
160 550 1
160 564 1
160 569 1
160 624 1
160 646 1
160 683 1
160 685 1
160 697 1
160 699 1
160 714 1
160 731 1
160 762 1
160 765 1
160 779 1
160 800 1
160 811 1
160 874 1
160 883 1
160 913 1
160 954 1
160 979 1
161 204 1
161 221 1
161 297 1
161 298 1
161 317 1
161 321 1
161 329 1
161 330 1
161 370 1
161 372 1
161 380 1
161 401 1
161 403 1
161 442 1
161 443 1
161 460 1
161 461 1
161 493 1
161 510 1
161 516 1
161 529 1
161 533 1
161 534 1
161 547 1
161 554 1
161 606 1
161 623 1
161 640 1
161 667 1
161 691 1
161 709 1
161 732 1
161 754 1
161 804 1
161 811 1
161 821 1
161 823 1
161 854 1
161 874 1
161 899 1
161 906 1
161 996 1
162 180 1
162 198 1
162 211 1
162 221 1
162 304 1
162 340 1
162 343 1
162 360 1
162 392 1
162 394 1
162 410 1
162 411 1
162 449 1
162 459 1
162 470 1
162 477 1
162 479 1
162 489 1
162 501 1
162 506 1
162 507 1
162 508 1
162 523 1
162 559 1
162 562 1
162 574 1
162 587 1
162 601 1
162 614 1
162 655 1
162 657 1
162 658 1
162 675 1
162 677 1
162 678 1
162 694 1
162 711 1
162 736 1
162 751 1
162 799 1
162 824 1
162 890 1
162 912 1
162 918 1
162 927 1
162 948 1
162 999 1
163 199 1
163 207 1
163 218 1
163 244 1
163 251 1
163 260 1
163 270 1
163 291 1
163 299 1
163 306 1
163 309 1
163 341 1
163 415 1
163 432 1
163 438 1
163 440 1
163 445 1
163 451 1
163 453 1
163 493 1
163 501 1
163 534 1
163 550 1
163 577 1
163 589 1
163 603 1
163 619 1
163 664 1
163 671 1
163 685 1
163 748 1
163 783 1
163 785 1
163 811 1
163 814 1
163 818 1
163 829 1
163 865 1
163 871 1
163 872 1
163 884 1
163 893 1
163 900 1
163 918 1
163 986 1
164 165 1
164 180 1
164 201 1
164 208 1
164 209 1
164 219 1
164 222 1
164 227 1
164 254 1
164 269 1
164 275 1
164 276 1
164 284 1
164 300 1
164 328 1
164 341 1
164 350 1
164 364 1
164 372 1
164 388 1
164 391 1
164 395 1
164 432 1
164 454 1
164 458 1
164 466 1
164 468 1
164 510 1
164 562 1
164 566 1
164 571 1
164 574 1
164 576 1
164 660 1
164 669 1
164 676 1
164 691 1
164 692 1
164 694 1
164 696 1
164 697 1
164 705 1
164 734 1
164 742 1
164 747 1
164 754 1
164 765 1
164 805 1
164 817 1
164 832 1
164 849 1
164 869 1
164 875 1
164 905 1
164 908 1
164 910 1
164 935 1
164 970 1
164 997 1
165 170 1
165 181 1
165 186 1
165 238 1
165 262 1
165 274 1
165 313 1
165 327 1
165 333 1
165 357 1
165 372 1
165 391 1
165 398 1
165 429 1
165 451 1
165 487 1
165 519 1
165 600 1
165 690 1
165 717 1
165 718 1
165 760 1
165 779 1
165 783 1
165 814 1
165 822 1
165 893 1
165 909 1
165 928 1
165 933 1
165 939 1
165 954 1
165 967 1
165 986 1
165 991 1
165 996 1
166 168 1
166 175 1
166 206 1
166 222 1
166 227 1
166 261 1
166 274 1
166 305 1
166 346 1
166 350 1
166 355 1
166 359 1
166 364 1
166 388 1
166 389 1
166 412 1
166 417 1
166 432 1
166 442 1
166 444 1
166 458 1
166 543 1
166 586 1
166 597 1
166 608 1
166 623 1
166 640 1
166 663 1
166 670 1
166 679 1
166 697 1
166 701 1
166 725 1
166 777 1
166 837 1
166 847 1
166 851 1
166 856 1
166 879 1
166 896 1
166 901 1
166 911 1
166 942 1
166 946 1
166 950 1
166 970 1
166 971 1
167 179 1
167 206 1
167 216 1
167 228 1
167 237 1
167 243 1
167 280 1
167 337 1
167 339 1
167 342 1
167 352 1
167 362 1
167 371 1
167 404 1
167 413 1
167 438 1
167 462 1
167 486 1
167 502 1
167 519 1
167 527 1
167 530 1
167 543 1
167 545 1
167 595 1
167 603 1
167 606 1
167 659 1
167 664 1
167 681 1
167 730 1
167 762 1
167 796 1
167 816 1
167 837 1
167 850 1
167 878 1
167 896 1
167 898 1
167 926 1
167 929 1
167 945 1
167 949 1
167 952 1
167 969 1
167 979 1
168 170 1
168 210 1
168 246 1
168 261 1
168 299 1
168 305 1
168 327 1
168 341 1
168 383 1
168 387 1
168 388 1
168 429 1
168 437 1
168 454 1
168 479 1
168 493 1
168 494 1
168 517 1
168 593 1
168 619 1
168 623 1
168 641 1
168 721 1
168 749 1
168 767 1
168 803 1
168 830 1
168 832 1
168 847 1
168 862 1
168 881 1
168 891 1
168 902 1
168 941 1
168 957 1
168 992 1
169 195 1
169 219 1
169 226 1
169 236 1
169 251 1
169 257 1
169 268 1
169 276 1
169 302 1
169 306 1
169 321 1
169 369 1
169 395 1
169 415 1
169 466 1
169 467 1
169 468 1
169 470 1
169 476 1
169 502 1
169 524 1
169 535 1
169 566 1
169 571 1
169 576 1
169 600 1
169 673 1
169 674 1
169 698 1
169 700 1
169 717 1
169 719 1
169 745 1
169 794 1
169 801 1
169 811 1
169 816 1
169 834 1
169 836 1
169 928 1
169 929 1
169 959 1
169 991 1
169 994 1
170 173 1
170 189 1
170 205 1
170 221 1
170 233 1
170 251 1
170 267 1
170 291 1
170 303 1
170 307 1
170 328 1
170 348 1
170 386 1
170 403 1
170 404 1
170 409 1
170 416 1
170 451 1
170 465 1
170 466 1
170 470 1
170 479 1
170 491 1
170 533 1
170 547 1
170 558 1
170 564 1
170 597 1
170 627 1
170 630 1
170 652 1
170 667 1
170 681 1
170 690 1
170 702 1
170 704 1
170 744 1
170 767 1
170 798 1
170 861 1
170 862 1
170 874 1
170 876 1
170 908 1
170 910 1
170 923 1
170 934 1
170 973 1
171 198 1
171 205 1
171 219 1
171 228 1
171 292 1
171 296 1
171 301 1
171 306 1
171 316 1
171 367 1
171 394 1
171 401 1
171 411 1
171 419 1
171 478 1
171 489 1
171 531 1
171 535 1
171 557 1
171 613 1
171 630 1
171 635 1
171 646 1
171 682 1
171 690 1
171 697 1
171 698 1
171 706 1
171 709 1
171 727 1
171 732 1
171 777 1
171 793 1
171 828 1
171 853 1
171 856 1
171 883 1
171 892 1
171 917 1
171 930 1
171 936 1
171 962 1
172 194 1
172 198 1
172 212 1
172 229 1
172 252 1
172 266 1
172 276 1
172 296 1
172 345 1
172 349 1
172 518 1
172 557 1
172 564 1
172 570 1
172 608 1
172 632 1
172 641 1
172 642 1
172 738 1
172 759 1
172 803 1
172 809 1
172 823 1
172 884 1
172 907 1
172 943 1
172 977 1
172 988 1
173 187 1
173 193 1
173 237 1
173 300 1
173 375 1
173 394 1
173 412 1
173 432 1
173 436 1
173 459 1
173 488 1
173 495 1
173 500 1
173 541 1
173 547 1
173 588 1
173 608 1
173 632 1
173 647 1
173 663 1
173 671 1
173 698 1
173 720 1
173 729 1
173 755 1
173 758 1
173 766 1
173 776 1
173 804 1
173 825 1
173 830 1
173 841 1
173 869 1
173 872 1
173 878 1
173 901 1
173 906 1
173 934 1
173 937 1
173 942 1
173 951 1
173 973 1
173 998 1
174 181 1
174 201 1
174 213 1
174 221 1
174 227 1
174 233 1
174 248 1
174 271 1
174 278 1
174 289 1
174 315 1
174 343 1
174 350 1
174 395 1
174 416 1
174 426 1
174 465 1
174 469 1
174 499 1
174 502 1
174 506 1
174 571 1
174 615 1
174 621 1
174 636 1
174 645 1
174 685 1
174 695 1
174 709 1
174 710 1
174 748 1
174 788 1
174 802 1
174 817 1
174 844 1
174 862 1
174 909 1
174 914 1
174 917 1
174 921 1
174 940 1
174 971 1
174 975 1
174 990 1
174 992 1
175 178 1
175 181 1
175 204 1
175 256 1
175 287 1
175 306 1
175 315 1
175 319 1
175 351 1
175 352 1
175 384 1
175 393 1
175 394 1
175 403 1
175 406 1
175 428 1
175 431 1
175 474 1
175 478 1
175 490 1
175 498 1
175 505 1
175 512 1
175 551 1
175 553 1
175 590 1
175 593 1
175 611 1
175 621 1
175 681 1
175 703 1
175 729 1
175 756 1
175 759 1
175 792 1
175 816 1
175 842 1
175 850 1
175 863 1
175 872 1
175 908 1
175 914 1
175 936 1
175 955 1
175 959 1
175 969 1
175 971 1
175 991 1
175 999 1
176 181 1
176 255 1
176 261 1
176 271 1
176 273 1
176 298 1
176 301 1
176 307 1
176 311 1
176 313 1
176 327 1
176 329 1
176 358 1
176 371 1
176 386 1
176 395 1
176 422 1
176 453 1
176 468 1
176 505 1
176 515 1
176 540 1
176 557 1
176 576 1
176 623 1
176 655 1
176 671 1
176 674 1
176 690 1
176 699 1
176 730 1
176 756 1
176 767 1
176 781 1
176 805 1
176 810 1
176 848 1
176 852 1
176 861 1
176 903 1
176 919 1
176 936 1
176 972 1
177 185 1
177 190 1
177 225 1
177 289 1
177 364 1
177 389 1
177 420 1
177 422 1
177 439 1
177 491 1
177 493 1
177 505 1
177 538 1
177 569 1
177 582 1
177 600 1
177 621 1
177 656 1
177 661 1
177 671 1
177 711 1
177 716 1
177 720 1
177 729 1
177 730 1
177 745 1
177 775 1
177 777 1
177 795 1
177 804 1
177 810 1
177 814 1
177 819 1
177 840 1
177 868 1
177 871 1
177 904 1
177 911 1
177 916 1
177 921 1
177 942 1
177 953 1
177 968 1
177 976 1
177 985 1
177 987 1
178 183 1
178 186 1
178 206 1
178 223 1
178 229 1
178 238 1
178 258 1
178 280 1
178 290 1
178 292 1
178 299 1
178 314 1
178 380 1
178 413 1
178 440 1
178 446 1
178 459 1
178 477 1
178 491 1
178 507 1
178 509 1
178 519 1
178 546 1
178 553 1
178 557 1
178 570 1
178 577 1
178 581 1
178 625 1
178 652 1
178 673 1
178 701 1
178 704 1
178 706 1
178 712 1
178 719 1
178 745 1
178 765 1
178 802 1
178 810 1
178 818 1
178 848 1
178 859 1
178 872 1
178 879 1
178 912 1
178 925 1
178 935 1
179 186 1
179 199 1
179 218 1
179 242 1
179 303 1
179 319 1
179 328 1
179 346 1
179 351 1
179 361 1
179 370 1
179 399 1
179 415 1
179 420 1
179 427 1
179 447 1
179 453 1
179 475 1
179 485 1
179 487 1
179 494 1
179 496 1
179 502 1
179 522 1
179 549 1
179 552 1
179 557 1
179 575 1
179 635 1
179 648 1
179 655 1
179 660 1
179 665 1
179 687 1
179 727 1
179 744 1
179 756 1
179 761 1
179 830 1
179 842 1
179 845 1
179 860 1
179 883 1
179 886 1
179 892 1
179 953 1
179 997 1
180 194 1
180 216 1
180 218 1
180 220 1
180 227 1
180 242 1
180 257 1
180 265 1
180 290 1
180 312 1
180 319 1
180 329 1
180 346 1
180 352 1
180 355 1
180 399 1
180 401 1
180 480 1
180 526 1
180 532 1
180 591 1
180 602 1
180 615 1
180 664 1
180 690 1
180 720 1
180 735 1
180 767 1
180 772 1
180 798 1
180 813 1
180 893 1
180 894 1
180 899 1
180 926 1
180 943 1
180 945 1
180 975 1
180 992 1
180 994 1
181 200 1
181 223 1
181 227 1
181 244 1
181 272 1
181 275 1
181 283 1
181 350 1
181 361 1
181 369 1
181 382 1
181 421 1
181 454 1
181 472 1
181 506 1
181 561 1
181 597 1
181 631 1
181 680 1
181 726 1
181 734 1
181 746 1
181 752 1
181 754 1
181 844 1
181 883 1
181 903 1
181 932 1
181 963 1
182 189 1
182 246 1
182 306 1
182 329 1
182 335 1
182 341 1
182 350 1
182 363 1
182 365 1
182 382 1
182 434 1
182 435 1
182 441 1
182 454 1
182 473 1
182 521 1
182 527 1
182 545 1
182 548 1
182 567 1
182 585 1
182 643 1
182 702 1
182 726 1
182 749 1
182 770 1
182 784 1
182 814 1
182 829 1
182 832 1
182 853 1
182 896 1
182 927 1
182 928 1
182 942 1
182 949 1
182 950 1
182 960 1
182 995 1
183 212 1
183 232 1
183 289 1
183 297 1
183 315 1
183 325 1
183 334 1
183 382 1
183 408 1
183 417 1
183 459 1
183 484 1
183 490 1
183 501 1
183 514 1
183 535 1
183 557 1
183 560 1
183 577 1
183 596 1
183 605 1
183 609 1
183 662 1
183 683 1
183 713 1
183 736 1
183 744 1
183 828 1
183 839 1
183 855 1
183 886 1
183 888 1
183 908 1
183 912 1
183 917 1
183 920 1
183 921 1
183 942 1
183 950 1
184 190 1
184 224 1
184 226 1
184 320 1
184 329 1
184 356 1
184 375 1
184 421 1
184 438 1
184 446 1
184 461 1
184 479 1
184 484 1
184 541 1
184 549 1
184 587 1
184 595 1
184 598 1
184 610 1
184 628 1
184 637 1
184 673 1
184 692 1
184 696 1
184 697 1
184 747 1
184 765 1
184 843 1
184 844 1
184 854 1
184 863 1
184 877 1
184 891 1
184 921 1
184 922 1
184 961 1
184 997 1
185 197 1
185 250 1
185 254 1
185 257 1
185 297 1
185 302 1
185 342 1
185 348 1
185 384 1
185 424 1
185 430 1
185 466 1
185 481 1
185 491 1
185 494 1
185 522 1
185 533 1
185 537 1
185 567 1
185 587 1
185 589 1
185 595 1
185 603 1
185 659 1
185 674 1
185 675 1
185 688 1
185 700 1
185 702 1
185 713 1
185 727 1
185 731 1
185 745 1
185 749 1
185 812 1
185 816 1
185 843 1
185 856 1
185 859 1
185 863 1
185 900 1
185 933 1
185 956 1
185 998 1
186 212 1
186 219 1
186 238 1
186 251 1
186 306 1
186 359 1
186 388 1
186 423 1
186 457 1
186 485 1
186 499 1
186 500 1
186 513 1
186 521 1
186 527 1
186 586 1
186 637 1
186 661 1
186 678 1
186 700 1
186 703 1
186 749 1
186 751 1
186 786 1
186 827 1
186 854 1
186 866 1
186 874 1
186 910 1
186 925 1
186 992 1
187 220 1
187 263 1
187 292 1
187 294 1
187 303 1
187 327 1
187 340 1
187 349 1
187 393 1
187 458 1
187 460 1
187 475 1
187 487 1
187 513 1
187 535 1
187 542 1
187 547 1
187 600 1
187 627 1
187 633 1
187 651 1
187 653 1
187 670 1
187 672 1
187 688 1
187 689 1
187 693 1
187 699 1
187 741 1
187 743 1
187 780 1
187 782 1
187 802 1
187 803 1
187 822 1
187 823 1
187 842 1
187 861 1
187 864 1
187 892 1
187 912 1
188 190 1
188 199 1
188 202 1
188 229 1
188 242 1
188 258 1
188 333 1
188 345 1
188 351 1
188 426 1
188 510 1
188 520 1
188 524 1
188 531 1
188 543 1
188 564 1
188 579 1
188 588 1
188 615 1
188 673 1
188 686 1
188 690 1
188 731 1
188 741 1
188 745 1
188 746 1
188 772 1
188 773 1
188 781 1
188 786 1
188 787 1
188 808 1
188 821 1
188 835 1
188 867 1
188 903 1
188 910 1
188 974 1
188 991 1
188 998 1
189 203 1
189 215 1
189 220 1
189 234 1
189 236 1
189 256 1
189 259 1
189 262 1
189 299 1
189 305 1
189 307 1
189 315 1
189 328 1
189 343 1
189 356 1
189 387 1
189 404 1
189 456 1
189 482 1
189 497 1
189 514 1
189 552 1
189 611 1
189 622 1
189 642 1
189 716 1
189 717 1
189 719 1
189 730 1
189 737 1
189 746 1
189 753 1
189 780 1
189 809 1
189 937 1
189 965 1
189 977 1
189 981 1
190 221 1
190 226 1
190 281 1
190 305 1
190 383 1
190 388 1
190 391 1
190 400 1
190 410 1
190 434 1
190 435 1
190 465 1
190 477 1
190 481 1
190 498 1
190 559 1
190 592 1
190 602 1
190 663 1
190 673 1
190 674 1
190 678 1
190 706 1
190 721 1
190 731 1
190 732 1
190 735 1
190 738 1
190 771 1
190 823 1
190 862 1
190 906 1
190 916 1
190 930 1
190 969 1
190 983 1
190 987 1
190 999 1
191 197 1
191 200 1
191 219 1
191 230 1
191 233 1
191 235 1
191 237 1
191 269 1
191 279 1
191 282 1
191 288 1
191 291 1
191 303 1
191 308 1
191 315 1
191 317 1
191 349 1
191 389 1
191 409 1
191 416 1
191 418 1
191 420 1
191 434 1
191 469 1
191 479 1
191 505 1
191 520 1
191 549 1
191 557 1
191 562 1
191 607 1
191 621 1
191 622 1
191 632 1
191 677 1
191 695 1
191 712 1
191 746 1
191 784 1
191 838 1
191 849 1
191 863 1
191 924 1
191 930 1
191 942 1
191 969 1
191 975 1
191 982 1
191 993 1
191 998 1
192 212 1
192 262 1
192 271 1
192 284 1
192 296 1
192 302 1
192 315 1
192 325 1
192 328 1
192 368 1
192 398 1
192 405 1
192 425 1
192 435 1
192 474 1
192 515 1
192 534 1
192 577 1
192 588 1
192 589 1
192 599 1
192 605 1
192 613 1
192 645 1
192 650 1
192 651 1
192 686 1
192 696 1
192 705 1
192 720 1
192 764 1
192 771 1
192 809 1
192 818 1
192 845 1
192 868 1
192 876 1
192 879 1
192 891 1
192 920 1
192 943 1
192 965 1
192 977 1
192 979 1
192 997 1
193 315 1
193 322 1
193 324 1
193 328 1
193 329 1
193 343 1
193 375 1
193 394 1
193 397 1
193 416 1
193 434 1
193 448 1
193 451 1
193 454 1
193 467 1
193 476 1
193 478 1
193 499 1
193 522 1
193 528 1
193 554 1
193 572 1
193 605 1
193 614 1
193 624 1
193 656 1
193 683 1
193 702 1
193 705 1
193 739 1
193 753 1
193 783 1
193 790 1
193 801 1
193 822 1
193 834 1
193 840 1
193 884 1
193 941 1
193 947 1
193 951 1
194 270 1
194 281 1
194 287 1
194 294 1
194 295 1
194 296 1
194 300 1
194 304 1
194 308 1
194 321 1
194 340 1
194 348 1
194 364 1
194 386 1
194 390 1
194 457 1
194 498 1
194 499 1
194 512 1
194 538 1
194 595 1
194 624 1
194 631 1
194 635 1
194 680 1
194 682 1
194 688 1
194 716 1
194 725 1
194 809 1
194 860 1
194 882 1
194 886 1
194 905 1
194 917 1
194 924 1
194 955 1
194 956 1
194 978 1
194 986 1
194 995 1
195 247 1
195 256 1
195 266 1
195 286 1
195 287 1
195 291 1
195 294 1
195 298 1
195 309 1
195 310 1
195 353 1
195 360 1
195 362 1
195 397 1
195 441 1
195 445 1
195 484 1
195 497 1
195 574 1
195 594 1
195 636 1
195 638 1
195 722 1
195 738 1
195 763 1
195 781 1
195 788 1
195 809 1
195 823 1
195 843 1
195 851 1
195 890 1
195 910 1
195 937 1
195 940 1
195 985 1
195 986 1
195 989 1
195 999 1
196 209 1
196 212 1
196 234 1
196 266 1
196 275 1
196 278 1
196 304 1
196 324 1
196 355 1
196 380 1
196 388 1
196 429 1
196 449 1
196 472 1
196 476 1
196 496 1
196 536 1
196 555 1
196 556 1
196 568 1
196 601 1
196 609 1
196 613 1
196 616 1
196 621 1
196 638 1
196 685 1
196 692 1
196 724 1
196 753 1
196 799 1
196 805 1
196 846 1
196 868 1
196 892 1
196 925 1
196 932 1
196 934 1
196 944 1
196 966 1
196 976 1
196 989 1
197 198 1
197 219 1
197 236 1
197 241 1
197 261 1
197 273 1
197 278 1
197 301 1
197 335 1
197 343 1
197 355 1
197 377 1
197 390 1
197 395 1
197 425 1
197 471 1
197 481 1
197 493 1
197 528 1
197 531 1
197 534 1
197 563 1
197 567 1
197 576 1
197 596 1
197 640 1
197 702 1
197 738 1
197 756 1
197 765 1
197 781 1
197 800 1
197 850 1
197 862 1
197 880 1
197 881 1
197 945 1
197 963 1
197 966 1
197 993 1
198 212 1
198 213 1
198 233 1
198 267 1
198 285 1
198 301 1
198 304 1
198 306 1
198 315 1
198 329 1
198 339 1
198 346 1
198 359 1
198 379 1
198 400 1
198 416 1
198 418 1
198 438 1
198 541 1
198 594 1
198 610 1
198 636 1
198 637 1
198 687 1
198 702 1
198 722 1
198 727 1
198 745 1
198 746 1
198 775 1
198 785 1
198 786 1
198 802 1
198 811 1
198 868 1
198 875 1
198 880 1
198 900 1
198 930 1
198 968 1
199 224 1
199 225 1
199 228 1
199 244 1
199 248 1
199 258 1
199 287 1
199 298 1
199 319 1
199 320 1
199 337 1
199 348 1
199 428 1
199 454 1
199 478 1
199 500 1
199 519 1
199 552 1
199 604 1
199 611 1
199 612 1
199 626 1
199 638 1
199 642 1
199 657 1
199 660 1
199 669 1
199 674 1
199 709 1
199 726 1
199 735 1
199 737 1
199 748 1
199 765 1
199 766 1
199 794 1
199 817 1
199 833 1
199 853 1
199 873 1
199 890 1
199 895 1
199 919 1
199 924 1
199 926 1
199 928 1
199 934 1
199 956 1
199 984 1
199 1000 1
200 218 1
200 235 1
200 241 1
200 260 1
200 295 1
200 314 1
200 358 1
200 392 1
200 409 1
200 421 1
200 442 1
200 474 1
200 497 1
200 502 1
200 518 1
200 521 1
200 537 1
200 542 1
200 544 1
200 572 1
200 598 1
200 611 1
200 633 1
200 647 1
200 648 1
200 707 1
200 711 1
200 715 1
200 717 1
200 747 1
200 824 1
200 920 1
200 921 1
200 966 1
200 980 1
201 202 1
201 231 1
201 240 1
201 258 1
201 277 1
201 299 1
201 304 1
201 325 1
201 348 1
201 395 1
201 405 1
201 418 1
201 422 1
201 435 1
201 439 1
201 457 1
201 497 1
201 557 1
201 586 1
201 604 1
201 618 1
201 636 1
201 638 1
201 657 1
201 673 1
201 686 1
201 704 1
201 709 1
201 713 1
201 754 1
201 767 1
201 789 1
201 808 1
201 810 1
201 849 1
201 854 1
201 898 1
201 929 1
201 952 1
201 954 1
201 979 1
202 207 1
202 208 1
202 226 1
202 230 1
202 253 1
202 273 1
202 313 1
202 320 1
202 327 1
202 329 1
202 331 1
202 346 1
202 386 1
202 390 1
202 428 1
202 431 1
202 439 1
202 464 1
202 491 1
202 501 1
202 526 1
202 622 1
202 632 1
202 654 1
202 685 1
202 689 1
202 691 1
202 702 1
202 711 1
202 731 1
202 758 1
202 768 1
202 784 1
202 833 1
202 842 1
202 877 1
202 917 1
202 934 1
202 943 1
202 945 1
202 947 1
202 957 1
202 964 1
202 981 1
203 207 1
203 212 1
203 219 1
203 255 1
203 265 1
203 289 1
203 311 1
203 358 1
203 371 1
203 389 1
203 423 1
203 430 1
203 436 1
203 450 1
203 460 1
203 475 1
203 483 1
203 509 1
203 520 1
203 561 1
203 582 1
203 589 1
203 594 1
203 605 1
203 684 1
203 687 1
203 703 1
203 708 1
203 731 1
203 734 1
203 736 1
203 743 1
203 763 1
203 770 1
203 777 1
203 812 1
203 818 1
203 828 1
203 855 1
203 875 1
203 901 1
203 921 1
203 948 1
203 954 1
204 206 1
204 213 1
204 246 1
204 307 1
204 313 1
204 350 1
204 355 1
204 375 1
204 420 1
204 429 1
204 442 1
204 452 1
204 453 1
204 514 1
204 528 1
204 540 1
204 541 1
204 545 1
204 568 1
204 587 1
204 599 1
204 609 1
204 619 1
204 657 1
204 661 1
204 684 1
204 685 1
204 718 1
204 731 1
204 768 1
204 783 1
204 787 1
204 798 1
204 853 1
204 854 1
204 888 1
204 894 1
204 904 1
204 921 1
204 926 1
204 937 1
204 992 1
205 208 1
205 243 1
205 249 1
205 311 1
205 328 1
205 332 1
205 334 1
205 340 1
205 363 1
205 395 1
205 426 1
205 435 1
205 444 1
205 453 1
205 486 1
205 534 1
205 559 1
205 561 1
205 573 1
205 605 1
205 610 1
205 646 1
205 665 1
205 685 1
205 718 1
205 748 1
205 767 1
205 781 1
205 812 1
205 815 1
205 847 1
205 909 1
205 916 1
205 926 1
205 995 1
206 219 1
206 276 1
206 291 1
206 306 1
206 322 1
206 383 1
206 384 1
206 460 1
206 464 1
206 476 1
206 478 1
206 501 1
206 511 1
206 518 1
206 520 1
206 525 1
206 540 1
206 605 1
206 617 1
206 651 1
206 658 1
206 663 1
206 681 1
206 728 1
206 733 1
206 764 1
206 796 1
206 799 1
206 852 1
206 860 1
206 871 1
206 935 1
206 973 1
207 219 1
207 236 1
207 260 1
207 276 1
207 290 1
207 308 1
207 331 1
207 343 1
207 378 1
207 390 1
207 393 1
207 400 1
207 419 1
207 456 1
207 551 1
207 567 1
207 577 1
207 640 1
207 658 1
207 674 1
207 715 1
207 716 1
207 720 1
207 741 1
207 744 1
207 772 1
207 821 1
207 829 1
207 854 1
207 957 1
207 963 1
207 964 1
207 967 1
207 978 1
207 979 1
207 999 1
208 209 1
208 214 1
208 225 1
208 240 1
208 242 1
208 243 1
208 252 1
208 297 1
208 366 1
208 380 1
208 384 1
208 385 1
208 386 1
208 391 1
208 459 1
208 477 1
208 486 1
208 505 1
208 512 1
208 529 1
208 562 1
208 609 1
208 615 1
208 622 1
208 638 1
208 697 1
208 734 1
208 735 1
208 754 1
208 757 1
208 765 1
208 771 1
208 811 1
208 832 1
208 835 1
208 890 1
208 919 1
208 926 1
208 929 1
208 937 1
208 946 1
208 947 1
208 972 1
208 986 1
208 994 1
209 211 1
209 213 1
209 228 1
209 229 1
209 263 1
209 265 1
209 283 1
209 316 1
209 350 1
209 354 1
209 365 1
209 412 1
209 425 1
209 440 1
209 449 1
209 487 1
209 549 1
209 556 1
209 560 1
209 570 1
209 573 1
209 575 1
209 588 1
209 600 1
209 613 1
209 630 1
209 632 1
209 643 1
209 669 1
209 674 1
209 721 1
209 737 1
209 742 1
209 748 1
209 771 1
209 778 1
209 793 1
209 798 1
209 836 1
209 915 1
209 933 1
209 942 1
209 945 1
209 992 1
210 211 1
210 250 1
210 268 1
210 312 1
210 322 1
210 325 1
210 338 1
210 347 1
210 350 1
210 351 1
210 378 1
210 388 1
210 408 1
210 453 1
210 467 1
210 483 1
210 489 1
210 497 1
210 502 1
210 559 1
210 562 1
210 566 1
210 580 1
210 671 1
210 728 1
210 741 1
210 746 1
210 790 1
210 791 1
210 805 1
210 838 1
210 839 1
210 861 1
210 889 1
210 915 1
210 968 1
210 975 1
211 232 1
211 242 1
211 266 1
211 294 1
211 299 1
211 311 1
211 365 1
211 397 1
211 399 1
211 420 1
211 481 1
211 498 1
211 501 1
211 503 1
211 511 1
211 515 1
211 523 1
211 561 1
211 595 1
211 608 1
211 622 1
211 634 1
211 636 1
211 660 1
211 678 1
211 694 1
211 695 1
211 796 1
211 809 1
211 842 1
211 874 1
211 906 1
212 255 1
212 312 1
212 336 1
212 348 1
212 361 1
212 374 1
212 390 1
212 395 1
212 442 1
212 443 1
212 463 1
212 482 1
212 484 1
212 503 1
212 511 1
212 516 1
212 526 1
212 527 1
212 530 1
212 533 1
212 538 1
212 560 1
212 564 1
212 569 1
212 575 1
212 580 1
212 593 1
212 648 1
212 669 1
212 721 1
212 731 1
212 738 1
212 823 1
212 838 1
212 916 1
212 934 1
212 937 1
212 950 1
212 959 1
212 968 1
212 1000 1
213 216 1
213 227 1
213 272 1
213 291 1
213 297 1
213 308 1
213 317 1
213 337 1
213 384 1
213 404 1
213 469 1
213 479 1
213 524 1
213 568 1
213 577 1
213 592 1
213 607 1
213 625 1
213 626 1
213 638 1
213 725 1
213 749 1
213 767 1
213 816 1
213 819 1
213 835 1
213 843 1
213 849 1
213 865 1
213 901 1
213 983 1
213 995 1
214 273 1
214 296 1
214 308 1
214 309 1
214 310 1
214 344 1
214 353 1
214 365 1
214 394 1
214 405 1
214 450 1
214 474 1
214 478 1
214 488 1
214 504 1
214 507 1
214 523 1
214 539 1
214 585 1
214 589 1
214 596 1
214 623 1
214 658 1
214 673 1
214 678 1
214 707 1
214 746 1
214 747 1
214 749 1
214 763 1
214 796 1
214 811 1
214 814 1
214 827 1
214 832 1
214 848 1
214 849 1
214 878 1
214 995 1
215 221 1
215 228 1
215 250 1
215 265 1
215 291 1
215 297 1
215 301 1
215 330 1
215 390 1
215 428 1
215 446 1
215 455 1
215 458 1
215 489 1
215 490 1
215 519 1
215 574 1
215 588 1
215 589 1
215 591 1
215 596 1
215 603 1
215 637 1
215 673 1
215 683 1
215 688 1
215 689 1
215 708 1
215 743 1
215 782 1
215 791 1
215 818 1
215 825 1
215 833 1
215 839 1
215 867 1
215 916 1
215 936 1
215 944 1
215 949 1
215 950 1
215 996 1
216 219 1
216 221 1
216 239 1
216 294 1
216 321 1
216 331 1
216 364 1
216 384 1
216 406 1
216 408 1
216 410 1
216 424 1
216 435 1
216 459 1
216 539 1
216 548 1
216 575 1
216 634 1
216 655 1
216 656 1
216 681 1
216 708 1
216 713 1
216 723 1
216 750 1
216 774 1
216 782 1
216 817 1
216 829 1
216 831 1
216 835 1
216 857 1
216 864 1
216 905 1
216 963 1
216 980 1
216 992 1
217 265 1
217 316 1
217 339 1
217 354 1
217 371 1
217 375 1
217 391 1
217 418 1
217 419 1
217 427 1
217 435 1
217 475 1
217 479 1
217 502 1
217 508 1
217 512 1
217 528 1
217 530 1
217 599 1
217 628 1
217 640 1
217 649 1
217 650 1
217 679 1
217 683 1
217 688 1
217 706 1
217 722 1
217 739 1
217 746 1
217 748 1
217 767 1
217 851 1
217 910 1
217 916 1
217 964 1
217 967 1
217 982 1
218 219 1
218 225 1
218 273 1
218 285 1
218 324 1
218 359 1
218 366 1
218 373 1
218 412 1
218 436 1
218 455 1
218 461 1
218 491 1
218 505 1
218 550 1
218 554 1
218 635 1
218 656 1
218 661 1
218 669 1
218 674 1
218 678 1
218 752 1
218 786 1
218 830 1
218 833 1
218 842 1
218 844 1
218 846 1
218 848 1
218 857 1
218 910 1
218 941 1
218 962 1
219 224 1
219 229 1
219 235 1
219 257 1
219 281 1
219 285 1
219 333 1
219 342 1
219 351 1
219 361 1
219 397 1
219 466 1
219 480 1
219 485 1
219 509 1
219 511 1
219 513 1
219 521 1
219 537 1
219 553 1
219 569 1
219 571 1
219 593 1
219 626 1
219 630 1
219 648 1
219 658 1
219 684 1
219 699 1
219 720 1
219 739 1
219 751 1
219 760 1
219 831 1
219 845 1
219 858 1
219 884 1
219 890 1
219 896 1
219 916 1
219 919 1
219 930 1
219 934 1
219 962 1
219 973 1
220 272 1
220 276 1
220 290 1
220 368 1
220 372 1
220 405 1
220 444 1
220 458 1
220 460 1
220 479 1
220 488 1
220 490 1
220 506 1
220 520 1
220 540 1
220 573 1
220 577 1
220 587 1
220 593 1
220 596 1
220 615 1
220 640 1
220 672 1
220 689 1
220 709 1
220 711 1
220 739 1
220 750 1
220 769 1
220 785 1
220 793 1
220 812 1
220 814 1
220 840 1
220 844 1
220 852 1
220 853 1
220 898 1
220 910 1
220 933 1
220 987 1
220 998 1
221 222 1
221 241 1
221 271 1
221 274 1
221 304 1
221 355 1
221 359 1
221 366 1
221 368 1
221 369 1
221 383 1
221 418 1
221 426 1
221 448 1
221 455 1
221 502 1
221 536 1
221 542 1
221 564 1
221 594 1
221 599 1
221 605 1
221 629 1
221 635 1
221 651 1
221 666 1
221 670 1
221 697 1
221 701 1
221 722 1
221 732 1
221 749 1
221 767 1
221 778 1
221 814 1
221 829 1
221 864 1
221 867 1
221 895 1
221 946 1
221 963 1
221 966 1
221 984 1
221 990 1
221 998 1
222 262 1
222 271 1
222 272 1
222 284 1
222 290 1
222 339 1
222 341 1
222 355 1
222 369 1
222 389 1
222 417 1
222 419 1
222 438 1
222 442 1
222 471 1
222 518 1
222 556 1
222 557 1
222 563 1
222 587 1
222 601 1
222 630 1
222 632 1
222 649 1
222 660 1
222 695 1
222 720 1
222 724 1
222 751 1
222 808 1
222 878 1
222 894 1
222 901 1
222 921 1
222 954 1
222 961 1
222 973 1
223 235 1
223 291 1
223 294 1
223 301 1
223 317 1
223 413 1
223 432 1
223 471 1
223 480 1
223 512 1
223 521 1
223 544 1
223 593 1
223 633 1
223 640 1
223 697 1
223 713 1
223 738 1
223 741 1
223 762 1
223 775 1
223 788 1
223 800 1
223 824 1
223 902 1
223 926 1
223 929 1
223 972 1
224 236 1
224 252 1
224 254 1
224 261 1
224 268 1
224 323 1
224 344 1
224 353 1
224 377 1
224 393 1
224 424 1
224 430 1
224 443 1
224 488 1
224 566 1
224 567 1
224 592 1
224 593 1
224 630 1
224 636 1
224 638 1
224 644 1
224 647 1
224 648 1
224 723 1
224 724 1
224 735 1
224 760 1
224 770 1
224 776 1
224 869 1
224 872 1
224 914 1
224 932 1
224 972 1
224 999 1
225 230 1
225 246 1
225 248 1
225 295 1
225 304 1
225 317 1
225 318 1
225 336 1
225 340 1
225 366 1
225 369 1
225 386 1
225 396 1
225 399 1
225 407 1
225 417 1
225 444 1
225 473 1
225 490 1
225 501 1
225 560 1
225 575 1
225 585 1
225 592 1
225 620 1
225 622 1
225 629 1
225 638 1
225 647 1
225 654 1
225 664 1
225 673 1
225 679 1
225 737 1
225 808 1
225 830 1
225 836 1
225 840 1
225 902 1
225 908 1
225 911 1
225 912 1
225 918 1
225 949 1
225 960 1
225 964 1
225 974 1
225 975 1
226 248 1
226 251 1
226 298 1
226 300 1
226 318 1
226 357 1
226 369 1
226 391 1
226 407 1
226 410 1
226 414 1
226 420 1
226 425 1
226 430 1
226 434 1
226 448 1
226 497 1
226 498 1
226 503 1
226 506 1
226 510 1
226 563 1
226 583 1
226 598 1
226 603 1
226 611 1
226 626 1
226 631 1
226 641 1
226 662 1
226 693 1
226 694 1
226 700 1
226 730 1
226 750 1
226 768 1
226 785 1
226 801 1
226 810 1
226 815 1
226 832 1
226 857 1
226 895 1
226 908 1
226 953 1
226 955 1
226 965 1
226 995 1
226 997 1
227 243 1
227 246 1
227 273 1
227 291 1
227 308 1
227 317 1
227 380 1
227 414 1
227 421 1
227 468 1
227 477 1
227 486 1
227 491 1
227 505 1
227 516 1
227 561 1
227 564 1
227 593 1
227 605 1
227 621 1
227 647 1
227 658 1
227 683 1
227 684 1
227 741 1
227 747 1
227 779 1
227 801 1
227 823 1
227 876 1
227 881 1
227 891 1
227 908 1
227 920 1
227 963 1
227 989 1
228 239 1
228 240 1
228 241 1
228 245 1
228 281 1
228 290 1
228 296 1
228 297 1
228 358 1
228 360 1
228 371 1
228 379 1
228 386 1
228 395 1
228 399 1
228 401 1
228 420 1
228 429 1
228 454 1
228 500 1
228 555 1
228 611 1
228 623 1
228 674 1
228 683 1
228 686 1
228 710 1
228 726 1
228 727 1
228 736 1
228 743 1
228 759 1
228 850 1
228 853 1
228 904 1
228 944 1
228 960 1
228 974 1
228 980 1
228 996 1
229 259 1
229 261 1
229 267 1
229 276 1
229 284 1
229 301 1
229 341 1
229 343 1
229 357 1
229 395 1
229 424 1
229 537 1
229 559 1
229 570 1
229 574 1
229 575 1
229 582 1
229 592 1
229 617 1
229 620 1
229 639 1
229 648 1
229 650 1
229 654 1
229 719 1
229 734 1
229 745 1
229 798 1
229 807 1
229 834 1
229 848 1
229 851 1
229 882 1
229 920 1
229 952 1
229 955 1
229 971 1
229 972 1
229 982 1
230 259 1
230 301 1
230 314 1
230 317 1
230 344 1
230 362 1
230 396 1
230 411 1
230 435 1
230 450 1
230 508 1
230 524 1
230 532 1
230 557 1
230 570 1
230 586 1
230 597 1
230 620 1
230 634 1
230 645 1
230 652 1
230 691 1
230 735 1
230 770 1
230 773 1
230 774 1
230 775 1
230 790 1
230 794 1
230 809 1
230 835 1
230 860 1
230 927 1
230 952 1
230 954 1
230 991 1
231 257 1
231 274 1
231 279 1
231 292 1
231 296 1
231 300 1
231 317 1
231 327 1
231 353 1
231 382 1
231 402 1
231 404 1
231 423 1
231 429 1
231 432 1
231 437 1
231 495 1
231 496 1
231 505 1
231 527 1
231 528 1
231 707 1
231 718 1
231 740 1
231 769 1
231 784 1
231 809 1
231 819 1
231 821 1
231 834 1
231 861 1
231 878 1
231 882 1
231 884 1
231 899 1
231 955 1
231 994 1
232 235 1
232 279 1
232 283 1
232 304 1
232 328 1
232 339 1
232 350 1
232 358 1
232 366 1
232 389 1
232 407 1
232 412 1
232 437 1
232 440 1
232 528 1
232 531 1
232 535 1
232 571 1
232 578 1
232 581 1
232 583 1
232 608 1
232 610 1
232 621 1
232 666 1
232 677 1
232 705 1
232 711 1
232 761 1
232 783 1
232 811 1
232 906 1
232 912 1
232 937 1
232 941 1
232 949 1
233 280 1
233 301 1
233 321 1
233 344 1
233 353 1
233 363 1
233 365 1
233 427 1
233 459 1
233 559 1
233 590 1
233 602 1
233 613 1
233 625 1
233 637 1
233 645 1
233 652 1
233 671 1
233 700 1
233 701 1
233 726 1
233 744 1
233 761 1
233 791 1
233 803 1
233 821 1
233 851 1
233 856 1
233 863 1
233 865 1
233 890 1
233 912 1
233 914 1
233 955 1
233 957 1
233 991 1
234 236 1
234 250 1
234 267 1
234 286 1
234 318 1
234 321 1
234 386 1
234 388 1
234 397 1
234 408 1
234 419 1
234 429 1
234 453 1
234 456 1
234 469 1
234 480 1
234 537 1
234 559 1
234 584 1
234 586 1
234 588 1
234 590 1
234 595 1
234 598 1
234 641 1
234 652 1
234 654 1
234 686 1
234 702 1
234 801 1
234 858 1
234 866 1
234 871 1
234 909 1
234 955 1
234 984 1
234 998 1
235 242 1
235 252 1
235 257 1
235 267 1
235 282 1
235 300 1
235 316 1
235 330 1
235 357 1
235 362 1
235 365 1
235 404 1
235 488 1
235 531 1
235 578 1
235 702 1
235 765 1
235 766 1
235 808 1
235 825 1
235 827 1
235 860 1
235 929 1
235 956 1
235 967 1
236 243 1
236 246 1
236 268 1
236 275 1
236 276 1
236 281 1
236 304 1
236 325 1
236 355 1
236 357 1
236 416 1
236 429 1
236 472 1
236 499 1
236 504 1
236 513 1
236 524 1
236 557 1
236 580 1
236 597 1
236 600 1
236 648 1
236 660 1
236 664 1
236 747 1
236 757 1
236 764 1
236 774 1
236 784 1
236 785 1
236 844 1
236 845 1
236 881 1
236 882 1
236 891 1
236 905 1
236 926 1
236 943 1
236 974 1
237 246 1
237 249 1
237 286 1
237 306 1
237 314 1
237 343 1
237 361 1
237 372 1
237 401 1
237 439 1
237 461 1
237 475 1
237 479 1
237 492 1
237 493 1
237 524 1
237 538 1
237 567 1
237 617 1
237 680 1
237 701 1
237 723 1
237 740 1
237 785 1
237 821 1
237 856 1
237 870 1
237 917 1
237 926 1
237 929 1
237 967 1
237 968 1
237 979 1
237 990 1
237 998 1
238 261 1
238 272 1
238 283 1
238 286 1
238 293 1
238 298 1
238 360 1
238 376 1
238 377 1
238 428 1
238 430 1
238 450 1
238 455 1
238 489 1
238 499 1
238 500 1
238 522 1
238 552 1
238 603 1
238 613 1
238 621 1
238 630 1
238 632 1
238 649 1
238 650 1
238 682 1
238 689 1
238 704 1
238 710 1
238 755 1
238 770 1
238 847 1
238 870 1
238 906 1
238 953 1
238 991 1
239 251 1
239 261 1
239 267 1
239 315 1
239 319 1
239 329 1
239 332 1
239 355 1
239 373 1
239 381 1
239 421 1
239 429 1
239 468 1
239 483 1
239 486 1
239 499 1
239 500 1
239 526 1
239 531 1
239 545 1
239 607 1
239 622 1
239 631 1
239 642 1
239 695 1
239 699 1
239 714 1
239 719 1
239 730 1
239 778 1
239 798 1
239 808 1
239 819 1
239 831 1
239 857 1
239 885 1
239 889 1
239 891 1
239 902 1
239 908 1
239 914 1
239 935 1
239 944 1
239 945 1
239 960 1
239 961 1
239 967 1
239 973 1
239 983 1
240 291 1
240 303 1
240 347 1
240 358 1
240 359 1
240 366 1
240 399 1
240 412 1
240 452 1
240 468 1
240 485 1
240 498 1
240 503 1
240 510 1
240 511 1
240 528 1
240 570 1
240 575 1
240 639 1
240 648 1
240 661 1
240 688 1
240 711 1
240 789 1
240 797 1
240 831 1
240 854 1
240 877 1
240 964 1
240 968 1
240 975 1
240 977 1
241 277 1
241 281 1
241 286 1
241 322 1
241 418 1
241 421 1
241 449 1
241 465 1
241 484 1
241 517 1
241 546 1
241 574 1
241 579 1
241 601 1
241 625 1
241 702 1
241 713 1
241 714 1
241 800 1
241 804 1
241 820 1
241 861 1
241 878 1
241 879 1
241 903 1
241 927 1
241 931 1
241 956 1
241 969 1
241 981 1
242 244 1
242 262 1
242 271 1
242 277 1
242 366 1
242 411 1
242 433 1
242 440 1
242 445 1
242 470 1
242 472 1
242 475 1
242 500 1
242 529 1
242 537 1
242 578 1
242 612 1
242 644 1
242 665 1
242 669 1
242 675 1
242 702 1
242 709 1
242 728 1
242 736 1
242 747 1
242 806 1
242 855 1
242 874 1
242 884 1
242 946 1
242 948 1
242 956 1
242 998 1
242 999 1
243 279 1
243 303 1
243 330 1
243 353 1
243 356 1
243 386 1
243 411 1
243 428 1
243 431 1
243 438 1
243 445 1
243 461 1
243 480 1
243 514 1
243 553 1
243 555 1
243 577 1
243 600 1
243 605 1
243 614 1
243 617 1
243 645 1
243 650 1
243 668 1
243 677 1
243 735 1
243 770 1
243 812 1
243 841 1
243 911 1
243 947 1
244 290 1
244 337 1
244 351 1
244 354 1
244 384 1
244 385 1
244 389 1
244 419 1
244 430 1
244 442 1
244 449 1
244 478 1
244 499 1
244 545 1
244 548 1
244 614 1
244 616 1
244 619 1
244 704 1
244 729 1
244 754 1
244 763 1
244 800 1
244 807 1
244 825 1
244 872 1
244 879 1
244 891 1
244 900 1
244 926 1
244 934 1
244 948 1
244 952 1
244 997 1
245 253 1
245 258 1
245 277 1
245 286 1
245 289 1
245 306 1
245 325 1
245 355 1
245 359 1
245 377 1
245 449 1
245 464 1
245 476 1
245 503 1
245 510 1
245 521 1
245 536 1
245 543 1
245 578 1
245 579 1
245 590 1
245 630 1
245 694 1
245 704 1
245 729 1
245 732 1
245 751 1
245 803 1
245 861 1
245 895 1
245 926 1
246 251 1
246 262 1
246 282 1
246 285 1
246 312 1
246 353 1
246 359 1
246 366 1
246 378 1
246 383 1
246 421 1
246 431 1
246 435 1
246 443 1
246 463 1
246 484 1
246 556 1
246 580 1
246 601 1
246 626 1
246 631 1
246 649 1
246 693 1
246 700 1
246 710 1
246 716 1
246 755 1
246 772 1
246 785 1
246 795 1
246 809 1
246 831 1
246 853 1
246 854 1
246 894 1
246 900 1
246 901 1
246 906 1
246 912 1
246 966 1
246 974 1
246 978 1
247 270 1
247 319 1
247 367 1
247 369 1
247 411 1
247 466 1
247 480 1
247 537 1
247 546 1
247 556 1
247 569 1
247 572 1
247 580 1
247 598 1
247 610 1
247 616 1
247 648 1
247 662 1
247 668 1
247 685 1
247 701 1
247 749 1
247 820 1
247 826 1
247 854 1
247 855 1
247 857 1
247 859 1
247 891 1
247 899 1
247 910 1
247 978 1
248 254 1
248 255 1
248 306 1
248 401 1
248 435 1
248 450 1
248 451 1
248 461 1
248 489 1
248 515 1
248 517 1
248 520 1
248 526 1
248 545 1
248 572 1
248 622 1
248 680 1
248 687 1
248 698 1
248 742 1
248 762 1
248 779 1
248 809 1
248 811 1
248 815 1
248 859 1
248 873 1
248 915 1
248 937 1
248 940 1
248 978 1
248 998 1
249 251 1
249 252 1
249 255 1
249 261 1
249 267 1
249 288 1
249 310 1
249 340 1
249 352 1
249 393 1
249 397 1
249 420 1
249 443 1
249 488 1
249 554 1
249 575 1
249 582 1
249 613 1
249 675 1
249 740 1
249 745 1
249 759 1
249 766 1
249 770 1
249 812 1
249 815 1
249 829 1
249 858 1
249 874 1
249 882 1
249 885 1
249 890 1
249 906 1
249 909 1
249 929 1
249 930 1
249 983 1
249 996 1
250 252 1
250 289 1
250 299 1
250 359 1
250 394 1
250 396 1
250 397 1
250 418 1
250 446 1
250 473 1
250 475 1
250 482 1
250 501 1
250 515 1
250 522 1
250 576 1
250 587 1
250 616 1
250 620 1
250 649 1
250 664 1
250 668 1
250 677 1
250 679 1
250 692 1
250 714 1
250 743 1
250 745 1
250 753 1
250 839 1
250 871 1
250 885 1
250 923 1
250 958 1
250 984 1
250 990 1
251 259 1
251 280 1
251 296 1
251 300 1
251 318 1
251 340 1
251 354 1
251 381 1
251 401 1
251 409 1
251 410 1
251 412 1
251 437 1
251 442 1
251 463 1
251 477 1
251 504 1
251 527 1
251 553 1
251 554 1
251 557 1
251 562 1
251 570 1
251 574 1
251 675 1
251 707 1
251 722 1
251 734 1
251 750 1
251 761 1
251 763 1
251 764 1
251 783 1
251 794 1
251 801 1
251 822 1
251 824 1
251 843 1
251 865 1
251 888 1
251 890 1
251 910 1
251 935 1
251 936 1
251 983 1
251 993 1
252 325 1
252 343 1
252 346 1
252 349 1
252 352 1
252 389 1
252 391 1
252 412 1
252 421 1
252 424 1
252 426 1
252 434 1
252 463 1
252 472 1
252 476 1
252 481 1
252 484 1
252 507 1
252 510 1
252 524 1
252 551 1
252 559 1
252 560 1
252 657 1
252 661 1
252 671 1
252 682 1
252 703 1
252 704 1
252 742 1
252 748 1
252 752 1
252 796 1
252 799 1
252 813 1
252 835 1
252 865 1
252 872 1
252 915 1
252 946 1
252 947 1
252 968 1
253 258 1
253 282 1
253 310 1
253 327 1
253 342 1
253 343 1
253 348 1
253 349 1
253 372 1
253 383 1
253 384 1
253 386 1
253 422 1
253 439 1
253 444 1
253 479 1
253 498 1
253 505 1
253 532 1
253 538 1
253 550 1
253 554 1
253 573 1
253 596 1
253 597 1
253 663 1
253 682 1
253 700 1
253 735 1
253 751 1
253 766 1
253 774 1
253 808 1
253 818 1
253 837 1
253 861 1
253 887 1
253 920 1
253 965 1
253 977 1
254 260 1
254 270 1
254 283 1
254 288 1
254 327 1
254 333 1
254 355 1
254 373 1
254 375 1
254 379 1
254 382 1
254 436 1
254 442 1
254 452 1
254 475 1
254 481 1
254 503 1
254 519 1
254 546 1
254 565 1
254 575 1
254 576 1
254 625 1
254 635 1
254 655 1
254 659 1
254 672 1
254 701 1
254 704 1
254 713 1
254 729 1
254 734 1
254 737 1
254 768 1
254 775 1
254 821 1
254 823 1
254 827 1
254 835 1
254 840 1
254 856 1
254 889 1
254 900 1
254 919 1
254 969 1
254 972 1
255 273 1
255 292 1
255 325 1
255 358 1
255 367 1
255 375 1
255 406 1
255 415 1
255 458 1
255 488 1
255 495 1
255 498 1
255 526 1
255 600 1
255 625 1
255 629 1
255 661 1
255 677 1
255 679 1
255 697 1
255 724 1
255 742 1
255 755 1
255 757 1
255 767 1
255 770 1
255 789 1
255 830 1
255 848 1
255 868 1
255 875 1
255 891 1
255 893 1
255 899 1
255 910 1
255 933 1
255 944 1
255 963 1
256 293 1
256 314 1
256 327 1
256 328 1
256 384 1
256 393 1
256 419 1
256 431 1
256 434 1
256 467 1
256 480 1
256 494 1
256 512 1
256 549 1
256 582 1
256 589 1
256 593 1
256 617 1
256 640 1
256 650 1
256 652 1
256 675 1
256 692 1
256 704 1
256 726 1
256 729 1
256 750 1
256 767 1
256 777 1
256 778 1
256 826 1
256 833 1
256 843 1
256 863 1
256 872 1
256 892 1
256 903 1
256 926 1
256 965 1
256 967 1
256 992 1
257 271 1
257 299 1
257 306 1
257 394 1
257 410 1
257 411 1
257 424 1
257 432 1
257 468 1
257 499 1
257 530 1
257 540 1
257 543 1
257 546 1
257 556 1
257 559 1
257 568 1
257 590 1
257 648 1
257 765 1
257 766 1
257 798 1
257 801 1
257 819 1
257 824 1
257 830 1
257 850 1
257 865 1
257 889 1
257 892 1
257 900 1
257 909 1
257 922 1
257 951 1
257 981 1
257 989 1
258 261 1
258 272 1
258 332 1
258 336 1
258 342 1
258 356 1
258 366 1
258 380 1
258 381 1
258 387 1
258 412 1
258 449 1
258 472 1
258 492 1
258 499 1
258 547 1
258 554 1
258 577 1
258 596 1
258 618 1
258 646 1
258 675 1
258 689 1
258 696 1
258 715 1
258 749 1
258 792 1
258 812 1
258 815 1
258 838 1
258 843 1
258 924 1
258 929 1
258 937 1
258 970 1
259 264 1
259 273 1
259 294 1
259 298 1
259 313 1
259 329 1
259 432 1
259 450 1
259 462 1
259 474 1
259 496 1
259 516 1
259 517 1
259 544 1
259 561 1
259 563 1
259 586 1
259 601 1
259 638 1
259 656 1
259 671 1
259 675 1
259 690 1
259 702 1
259 714 1
259 744 1
259 750 1
259 752 1
259 756 1
259 774 1
259 788 1
259 810 1
259 829 1
259 857 1
259 860 1
259 871 1
259 873 1
259 888 1
259 901 1
259 919 1
259 991 1
260 268 1
260 305 1
260 320 1
260 321 1
260 352 1
260 385 1
260 424 1
260 428 1
260 455 1
260 471 1
260 472 1
260 473 1
260 488 1
260 496 1
260 497 1
260 513 1
260 555 1
260 570 1
260 590 1
260 596 1
260 601 1
260 641 1
260 674 1
260 676 1
260 689 1
260 694 1
260 711 1
260 743 1
260 791 1
260 796 1
260 802 1
260 853 1
260 892 1
260 900 1
260 934 1
260 939 1
260 971 1
261 280 1
261 299 1
261 354 1
261 377 1
261 386 1
261 399 1
261 425 1
261 435 1
261 483 1
261 524 1
261 540 1
261 553 1
261 555 1
261 596 1
261 618 1
261 629 1
261 630 1
261 634 1
261 653 1
261 690 1
261 717 1
261 736 1
261 751 1
261 756 1
261 758 1
261 761 1
261 805 1
261 811 1
261 819 1
261 829 1
261 831 1
261 856 1
261 882 1
261 883 1
261 887 1
261 902 1
261 912 1
261 932 1
261 933 1
261 936 1
261 951 1
261 958 1
262 266 1
262 274 1
262 295 1
262 364 1
262 375 1
262 381 1
262 389 1
262 405 1
262 414 1
262 473 1
262 474 1
262 505 1
262 517 1
262 520 1
262 529 1
262 540 1
262 543 1
262 554 1
262 562 1
262 598 1
262 610 1
262 612 1
262 634 1
262 638 1
262 642 1
262 678 1
262 687 1
262 691 1
262 709 1
262 727 1
262 736 1
262 756 1
262 764 1
262 775 1
262 784 1
262 810 1
262 824 1
262 826 1
262 829 1
262 837 1
262 841 1
262 851 1
262 893 1
262 905 1
262 920 1
262 954 1
262 987 1
262 997 1
263 267 1
263 328 1
263 368 1
263 370 1
263 371 1
263 373 1
263 381 1
263 413 1
263 433 1
263 462 1
263 469 1
263 518 1
263 559 1
263 659 1
263 662 1
263 663 1
263 673 1
263 682 1
263 685 1
263 693 1
263 696 1
263 698 1
263 714 1
263 749 1
263 770 1
263 776 1
263 802 1
263 818 1
263 831 1
263 833 1
263 852 1
263 857 1
263 869 1
263 889 1
263 914 1
263 918 1
263 922 1
263 943 1
263 966 1
263 971 1
263 982 1
263 992 1
263 993 1
264 285 1
264 293 1
264 296 1
264 298 1
264 359 1
264 364 1
264 366 1
264 386 1
264 429 1
264 433 1
264 440 1
264 453 1
264 457 1
264 470 1
264 543 1
264 560 1
264 594 1
264 685 1
264 692 1
264 784 1
264 827 1
264 844 1
264 858 1
264 862 1
264 926 1
264 940 1
264 952 1
264 976 1
264 979 1
264 991 1
264 997 1
265 266 1
265 294 1
265 313 1
265 316 1
265 345 1
265 350 1
265 353 1
265 380 1
265 404 1
265 468 1
265 471 1
265 483 1
265 497 1
265 522 1
265 531 1
265 565 1
265 571 1
265 581 1
265 637 1
265 639 1
265 645 1
265 664 1
265 706 1
265 732 1
265 745 1
265 766 1
265 771 1
265 776 1
265 780 1
265 781 1
265 783 1
265 798 1
265 804 1
265 806 1
265 809 1
265 848 1
265 868 1
265 877 1
265 880 1
265 902 1
265 905 1
265 929 1
265 972 1
265 976 1
266 276 1
266 309 1
266 343 1
266 357 1
266 370 1
266 383 1
266 425 1
266 433 1
266 452 1
266 480 1
266 534 1
266 578 1
266 638 1
266 649 1
266 664 1
266 685 1
266 694 1
266 737 1
266 746 1
266 754 1
266 760 1
266 803 1
266 804 1
266 846 1
266 850 1
266 908 1
266 911 1
266 916 1
266 936 1
266 957 1
266 974 1
267 274 1
267 313 1
267 331 1
267 376 1
267 377 1
267 395 1
267 406 1
267 434 1
267 483 1
267 492 1
267 500 1
267 512 1
267 572 1
267 593 1
267 595 1
267 605 1
267 617 1
267 670 1
267 698 1
267 699 1
267 700 1
267 708 1
267 719 1
267 733 1
267 749 1
267 795 1
267 807 1
267 823 1
267 850 1
267 872 1
267 878 1
267 884 1
267 904 1
267 918 1
267 937 1
267 946 1
267 952 1
267 954 1
267 956 1
267 976 1
267 979 1
268 269 1
268 308 1
268 354 1
268 365 1
268 396 1
268 408 1
268 426 1
268 438 1
268 451 1
268 453 1
268 509 1
268 523 1
268 531 1
268 540 1
268 545 1
268 547 1
268 556 1
268 584 1
268 639 1
268 657 1
268 671 1
268 685 1
268 714 1
268 750 1
268 764 1
268 767 1
268 817 1
268 820 1
268 869 1
268 876 1
268 920 1
268 924 1
268 957 1
268 977 1
268 979 1
268 992 1
268 996 1
269 276 1
269 320 1
269 352 1
269 399 1
269 417 1
269 431 1
269 466 1
269 484 1
269 488 1
269 527 1
269 594 1
269 598 1
269 711 1
269 722 1
269 783 1
269 802 1
269 813 1
269 842 1
269 885 1
269 890 1
269 897 1
269 909 1
269 924 1
269 933 1
269 963 1
269 996 1
270 281 1
270 292 1
270 304 1
270 310 1
270 342 1
270 355 1
270 364 1
270 401 1
270 441 1
270 464 1
270 468 1
270 472 1
270 505 1
270 510 1
270 523 1
270 524 1
270 535 1
270 564 1
270 570 1
270 598 1
270 606 1
270 669 1
270 670 1
270 682 1
270 697 1
270 702 1
270 720 1
270 723 1
270 732 1
270 753 1
270 766 1
270 768 1
270 785 1
270 790 1
270 820 1
270 835 1
270 846 1
270 849 1
270 876 1
270 926 1
270 957 1
270 987 1
270 999 1
271 337 1
271 365 1
271 405 1
271 420 1
271 424 1
271 435 1
271 441 1
271 448 1
271 487 1
271 503 1
271 521 1
271 533 1
271 568 1
271 570 1
271 663 1
271 670 1
271 676 1
271 677 1
271 689 1
271 705 1
271 724 1
271 725 1
271 741 1
271 742 1
271 776 1
271 843 1
271 860 1
271 865 1
271 866 1
271 877 1
271 880 1
271 892 1
271 921 1
271 936 1
271 941 1
271 945 1
271 990 1
272 309 1
272 399 1
272 411 1
272 443 1
272 481 1
272 484 1
272 493 1
272 496 1
272 531 1
272 546 1
272 552 1
272 556 1
272 609 1
272 625 1
272 650 1
272 659 1
272 673 1
272 706 1
272 713 1
272 722 1
272 748 1
272 793 1
272 830 1
272 838 1
272 857 1
272 883 1
272 887 1
272 892 1
272 917 1
272 922 1
272 940 1
273 336 1
273 349 1
273 367 1
273 382 1
273 395 1
273 409 1
273 443 1
273 454 1
273 473 1
273 532 1
273 540 1
273 550 1
273 560 1
273 567 1
273 584 1
273 589 1
273 591 1
273 640 1
273 654 1
273 660 1
273 661 1
273 711 1
273 721 1
273 749 1
273 759 1
273 765 1
273 778 1
273 787 1
273 801 1
273 803 1
273 822 1
273 867 1
273 888 1
273 942 1
274 289 1
274 314 1
274 321 1
274 330 1
274 346 1
274 350 1
274 366 1
274 415 1
274 452 1
274 460 1
274 489 1
274 491 1
274 519 1
274 525 1
274 557 1
274 604 1
274 651 1
274 657 1
274 672 1
274 742 1
274 761 1
274 793 1
274 822 1
274 892 1
274 955 1
274 984 1
275 281 1
275 313 1
275 324 1
275 328 1
275 330 1
275 334 1
275 335 1
275 393 1
275 448 1
275 463 1
275 465 1
275 471 1
275 498 1
275 575 1
275 608 1
275 617 1
275 627 1
275 747 1
275 760 1
275 779 1
275 785 1
275 831 1
275 849 1
275 862 1
275 874 1
275 894 1
275 905 1
275 949 1
276 298 1
276 301 1
276 319 1
276 387 1
276 394 1
276 426 1
276 512 1
276 570 1
276 575 1
276 593 1
276 602 1
276 636 1
276 655 1
276 688 1
276 705 1
276 730 1
276 732 1
276 733 1
276 763 1
276 766 1
276 767 1
276 781 1
276 802 1
276 810 1
276 843 1
276 886 1
276 925 1
276 958 1
276 968 1
276 975 1
277 289 1
277 303 1
277 337 1
277 338 1
277 339 1
277 353 1
277 404 1
277 411 1
277 433 1
277 474 1
277 486 1
277 503 1
277 510 1
277 559 1
277 578 1
277 594 1
277 601 1
277 617 1
277 638 1
277 669 1
277 688 1
277 692 1
277 696 1
277 712 1
277 760 1
277 770 1
277 771 1
277 805 1
277 808 1
277 814 1
277 816 1
277 831 1
277 846 1
277 848 1
277 852 1
277 860 1
277 879 1
277 889 1
277 896 1
277 919 1
277 961 1
277 968 1
277 997 1
278 309 1
278 317 1
278 334 1
278 344 1
278 360 1
278 380 1
278 446 1
278 548 1
278 559 1
278 570 1
278 577 1
278 621 1
278 623 1
278 640 1
278 660 1
278 665 1
278 674 1
278 688 1
278 698 1
278 699 1
278 718 1
278 721 1
278 772 1
278 794 1
278 888 1
278 890 1
278 911 1
278 929 1
278 958 1
278 960 1
278 977 1
279 313 1
279 332 1
279 369 1
279 391 1
279 400 1
279 464 1
279 482 1
279 487 1
279 490 1
279 496 1
279 557 1
279 560 1
279 588 1
279 589 1
279 648 1
279 651 1
279 683 1
279 707 1
279 721 1
279 725 1
279 756 1
279 764 1
279 796 1
279 839 1
279 840 1
279 874 1
279 909 1
279 912 1
279 918 1
280 300 1
280 353 1
280 378 1
280 384 1
280 393 1
280 395 1
280 397 1
280 433 1
280 434 1
280 499 1
280 504 1
280 532 1
280 552 1
280 567 1
280 599 1
280 619 1
280 643 1
280 695 1
280 696 1
280 715 1
280 840 1
280 863 1
280 872 1
280 881 1
280 896 1
280 915 1
280 977 1
280 978 1
280 980 1
281 313 1
281 327 1
281 330 1
281 335 1
281 343 1
281 356 1
281 359 1
281 366 1
281 415 1
281 432 1
281 435 1
281 436 1
281 455 1
281 459 1
281 468 1
281 470 1
281 471 1
281 476 1
281 478 1
281 513 1
281 528 1
281 549 1
281 561 1
281 601 1
281 612 1
281 630 1
281 632 1
281 659 1
281 671 1
281 694 1
281 701 1
281 705 1
281 724 1
281 741 1
281 867 1
281 916 1
281 944 1
281 964 1
281 985 1
281 987 1
281 993 1
282 303 1
282 320 1
282 324 1
282 340 1
282 341 1
282 344 1
282 407 1
282 416 1
282 433 1
282 452 1
282 524 1
282 551 1
282 589 1
282 599 1
282 601 1
282 614 1
282 630 1
282 634 1
282 649 1
282 665 1
282 676 1
282 721 1
282 743 1
282 745 1
282 809 1
282 821 1
282 837 1
282 846 1
282 876 1
282 917 1
282 929 1
282 956 1
282 998 1
283 358 1
283 362 1
283 425 1
283 427 1
283 437 1
283 459 1
283 473 1
283 514 1
283 525 1
283 540 1
283 551 1
283 576 1
283 600 1
283 617 1
283 620 1
283 636 1
283 703 1
283 717 1
283 727 1
283 743 1
283 759 1
283 808 1
283 831 1
283 845 1
283 857 1
283 870 1
283 885 1
283 901 1
283 905 1
283 967 1
283 969 1
283 990 1
283 991 1
284 294 1
284 306 1
284 353 1
284 380 1
284 393 1
284 394 1
284 411 1
284 419 1
284 450 1
284 485 1
284 487 1
284 493 1
284 494 1
284 498 1
284 595 1
284 598 1
284 617 1
284 631 1
284 647 1
284 658 1
284 667 1
284 686 1
284 689 1
284 698 1
284 707 1
284 747 1
284 779 1
284 789 1
284 803 1
284 808 1
284 832 1
284 848 1
284 904 1
284 920 1
284 931 1
284 937 1
284 945 1
284 956 1
284 957 1
284 960 1
284 964 1
284 978 1
284 1000 1
285 330 1
285 341 1
285 374 1
285 382 1
285 385 1
285 401 1
285 410 1
285 428 1
285 445 1
285 452 1
285 475 1
285 478 1
285 489 1
285 510 1
285 534 1
285 561 1
285 565 1
285 578 1
285 644 1
285 649 1
285 686 1
285 708 1
285 709 1
285 819 1
285 823 1
285 833 1
285 842 1
285 905 1
285 914 1
285 946 1
285 947 1
285 952 1
285 990 1
286 351 1
286 377 1
286 404 1
286 457 1
286 487 1
286 497 1
286 501 1
286 520 1
286 533 1
286 628 1
286 663 1
286 700 1
286 722 1
286 751 1
286 759 1
286 766 1
286 773 1
286 780 1
286 781 1
286 836 1
286 852 1
286 876 1
286 893 1
286 915 1
286 919 1
286 925 1
286 955 1
286 981 1
286 999 1
287 362 1
287 382 1
287 386 1
287 396 1
287 398 1
287 406 1
287 415 1
287 417 1
287 424 1
287 449 1
287 467 1
287 469 1
287 474 1
287 541 1
287 542 1
287 553 1
287 570 1
287 571 1
287 592 1
287 599 1
287 613 1
287 616 1
287 630 1
287 641 1
287 650 1
287 680 1
287 688 1
287 703 1
287 732 1
287 733 1
287 746 1
287 755 1
287 767 1
287 805 1
287 822 1
287 895 1
287 900 1
287 920 1
287 970 1
288 308 1
288 342 1
288 349 1
288 388 1
288 399 1
288 403 1
288 433 1
288 506 1
288 518 1
288 541 1
288 542 1
288 591 1
288 604 1
288 680 1
288 683 1
288 733 1
288 756 1
288 764 1
288 768 1
288 815 1
288 820 1
288 824 1
288 829 1
288 901 1
288 914 1
288 963 1
288 976 1
288 978 1
288 983 1
288 985 1
288 988 1
288 995 1
288 996 1
289 291 1
289 305 1
289 317 1
289 343 1
289 368 1
289 369 1
289 375 1
289 391 1
289 457 1
289 476 1
289 506 1
289 568 1
289 569 1
289 575 1
289 583 1
289 592 1
289 613 1
289 632 1
289 639 1
289 647 1
289 695 1
289 742 1
289 764 1
289 784 1
289 796 1
289 801 1
289 825 1
289 834 1
289 842 1
289 879 1
289 892 1
289 923 1
289 927 1
289 942 1
289 956 1
289 997 1
290 296 1
290 329 1
290 347 1
290 381 1
290 383 1
290 416 1
290 417 1
290 427 1
290 448 1
290 450 1
290 453 1
290 465 1
290 497 1
290 510 1
290 512 1
290 543 1
290 544 1
290 548 1
290 557 1
290 580 1
290 631 1
290 694 1
290 702 1
290 712 1
290 727 1
290 772 1
290 802 1
290 803 1
290 918 1
290 954 1
290 967 1
290 974 1
290 1000 1
291 295 1
291 335 1
291 347 1
291 365 1
291 366 1
291 384 1
291 398 1
291 401 1
291 427 1
291 457 1
291 476 1
291 514 1
291 530 1
291 534 1
291 545 1
291 568 1
291 570 1
291 587 1
291 593 1
291 599 1
291 640 1
291 657 1
291 662 1
291 678 1
291 724 1
291 727 1
291 729 1
291 732 1
291 760 1
291 768 1
291 774 1
291 795 1
291 800 1
291 805 1
291 832 1
291 854 1
291 867 1
291 868 1
291 919 1
291 921 1
291 930 1
291 953 1
291 956 1
291 966 1
291 970 1
291 999 1
292 316 1
292 319 1
292 361 1
292 368 1
292 385 1
292 409 1
292 426 1
292 497 1
292 503 1
292 582 1
292 602 1
292 608 1
292 619 1
292 691 1
292 711 1
292 717 1
292 723 1
292 760 1
292 770 1
292 811 1
292 821 1
292 917 1
292 929 1
292 946 1
292 947 1
292 981 1
293 304 1
293 309 1
293 310 1
293 315 1
293 350 1
293 360 1
293 362 1
293 370 1
293 373 1
293 377 1
293 382 1
293 389 1
293 401 1
293 410 1
293 428 1
293 439 1
293 457 1
293 461 1
293 480 1
293 587 1
293 611 1
293 623 1
293 627 1
293 633 1
293 638 1
293 665 1
293 679 1
293 685 1
293 756 1
293 764 1
293 765 1
293 774 1
293 780 1
293 794 1
293 796 1
293 862 1
293 873 1
293 892 1
293 899 1
293 922 1
293 932 1
293 944 1
294 295 1
294 318 1
294 319 1
294 364 1
294 394 1
294 434 1
294 454 1
294 456 1
294 471 1
294 544 1
294 604 1
294 605 1
294 606 1
294 630 1
294 679 1
294 710 1
294 724 1
294 730 1
294 740 1
294 749 1
294 786 1
294 791 1
294 795 1
294 804 1
294 910 1
294 913 1
294 946 1
294 971 1
294 980 1
294 993 1
295 317 1
295 322 1
295 333 1
295 348 1
295 361 1
295 378 1
295 408 1
295 436 1
295 469 1
295 478 1
295 490 1
295 504 1
295 505 1
295 546 1
295 575 1
295 607 1
295 613 1
295 630 1
295 634 1
295 645 1
295 667 1
295 693 1
295 705 1
295 709 1
295 712 1
295 730 1
295 738 1
295 757 1
295 788 1
295 812 1
295 818 1
295 827 1
295 828 1
295 832 1
295 851 1
295 853 1
295 877 1
295 917 1
295 922 1
295 982 1
296 327 1
296 334 1
296 355 1
296 396 1
296 408 1
296 421 1
296 425 1
296 473 1
296 480 1
296 510 1
296 513 1
296 550 1
296 557 1
296 593 1
296 613 1
296 661 1
296 663 1
296 684 1
296 714 1
296 732 1
296 735 1
296 740 1
296 741 1
296 751 1
296 754 1
296 775 1
296 790 1
296 800 1
296 810 1
296 811 1
296 881 1
296 893 1
296 935 1
296 938 1
297 314 1
297 338 1
297 348 1
297 362 1
297 379 1
297 396 1
297 407 1
297 408 1
297 417 1
297 422 1
297 462 1
297 463 1
297 479 1
297 484 1
297 495 1
297 497 1
297 512 1
297 518 1
297 529 1
297 547 1
297 580 1
297 592 1
297 649 1
297 685 1
297 690 1
297 713 1
297 724 1
297 730 1
297 758 1
297 768 1
297 789 1
297 814 1
297 815 1
297 827 1
297 839 1
297 910 1
297 922 1
297 932 1
297 943 1
297 955 1
297 966 1
297 974 1
297 981 1
297 986 1
298 322 1
298 337 1
298 340 1
298 345 1
298 374 1
298 431 1
298 432 1
298 441 1
298 486 1
298 519 1
298 532 1
298 546 1
298 575 1
298 577 1
298 595 1
298 630 1
298 661 1
298 681 1
298 714 1
298 717 1
298 721 1
298 748 1
298 754 1
298 789 1
298 842 1
298 843 1
298 863 1
298 884 1
298 901 1
298 917 1
298 988 1
299 303 1
299 339 1
299 362 1
299 367 1
299 388 1
299 397 1
299 408 1
299 434 1
299 438 1
299 453 1
299 460 1
299 465 1
299 466 1
299 469 1
299 491 1
299 504 1
299 509 1
299 549 1
299 597 1
299 658 1
299 660 1
299 666 1
299 676 1
299 723 1
299 797 1
299 808 1
299 826 1
299 829 1
299 848 1
299 860 1
299 888 1
299 889 1
299 899 1
299 907 1
299 921 1
299 923 1
299 943 1
299 947 1
299 951 1
299 963 1
299 982 1
299 996 1
300 307 1
300 331 1
300 437 1
300 445 1
300 522 1
300 538 1
300 555 1
300 559 1
300 563 1
300 568 1
300 580 1
300 623 1
300 625 1
300 636 1
300 649 1
300 674 1
300 731 1
300 736 1
300 830 1
300 851 1
300 919 1
300 926 1
300 936 1
300 971 1
301 319 1
301 322 1
301 328 1
301 339 1
301 340 1
301 370 1
301 372 1
301 395 1
301 458 1
301 464 1
301 477 1
301 490 1
301 507 1
301 556 1
301 575 1
301 606 1
301 617 1
301 638 1
301 691 1
301 719 1
301 756 1
301 786 1
301 787 1
301 795 1
301 807 1
301 841 1
301 860 1
301 870 1
301 887 1
301 890 1
301 904 1
301 925 1
301 968 1
302 330 1
302 352 1
302 366 1
302 385 1
302 439 1
302 447 1
302 520 1
302 549 1
302 564 1
302 577 1
302 586 1
302 603 1
302 624 1
302 637 1
302 658 1
302 662 1
302 724 1
302 737 1
302 763 1
302 776 1
302 790 1
302 884 1
302 885 1
302 963 1
302 965 1
302 966 1
303 322 1
303 334 1
303 343 1
303 381 1
303 402 1
303 413 1
303 443 1
303 454 1
303 469 1
303 505 1
303 508 1
303 515 1
303 528 1
303 534 1
303 588 1
303 591 1
303 610 1
303 627 1
303 642 1
303 657 1
303 659 1
303 674 1
303 715 1
303 729 1
303 737 1
303 755 1
303 770 1
303 802 1
303 804 1
303 833 1
303 854 1
303 890 1
303 914 1
303 960 1
303 988 1
304 318 1
304 333 1
304 353 1
304 366 1
304 411 1
304 415 1
304 420 1
304 424 1
304 452 1
304 455 1
304 456 1
304 457 1
304 497 1
304 498 1
304 500 1
304 507 1
304 520 1
304 574 1
304 621 1
304 640 1
304 682 1
304 747 1
304 751 1
304 753 1
304 756 1
304 772 1
304 779 1
304 814 1
304 824 1
304 867 1
304 872 1
304 874 1
304 909 1
304 955 1
305 317 1
305 347 1
305 375 1
305 421 1
305 445 1
305 453 1
305 466 1
305 486 1
305 508 1
305 542 1
305 566 1
305 582 1
305 600 1
305 611 1
305 618 1
305 645 1
305 669 1
305 670 1
305 721 1
305 752 1
305 797 1
305 798 1
305 819 1
305 850 1
305 861 1
305 872 1
305 882 1
305 885 1
305 896 1
305 909 1
305 919 1
305 928 1
305 949 1
305 954 1
306 317 1
306 323 1
306 325 1
306 336 1
306 346 1
306 350 1
306 389 1
306 399 1
306 414 1
306 464 1
306 569 1
306 587 1
306 620 1
306 639 1
306 646 1
306 672 1
306 685 1
306 698 1
306 725 1
306 780 1
306 836 1
306 864 1
306 867 1
306 872 1
306 909 1
306 954 1
306 974 1
306 987 1
306 999 1
307 347 1
307 370 1
307 397 1
307 398 1
307 486 1
307 501 1
307 511 1
307 514 1
307 517 1
307 535 1
307 552 1
307 580 1
307 611 1
307 616 1
307 631 1
307 632 1
307 654 1
307 676 1
307 733 1
307 743 1
307 754 1
307 759 1
307 774 1
307 827 1
307 832 1
307 834 1
307 836 1
307 844 1
307 848 1
307 868 1
307 873 1
307 905 1
307 929 1
307 945 1
307 950 1
307 990 1
307 999 1
308 310 1
308 331 1
308 340 1
308 347 1
308 351 1
308 362 1
308 363 1
308 403 1
308 411 1
308 415 1
308 431 1
308 458 1
308 527 1
308 540 1
308 541 1
308 582 1
308 602 1
308 617 1
308 632 1
308 650 1
308 655 1
308 675 1
308 681 1
308 685 1
308 700 1
308 730 1
308 732 1
308 745 1
308 749 1
308 756 1
308 776 1
308 784 1
308 865 1
308 887 1
308 930 1
308 933 1
308 944 1
308 953 1
308 962 1
308 982 1
308 985 1
309 310 1
309 314 1
309 321 1
309 333 1
309 343 1
309 346 1
309 347 1
309 357 1
309 444 1
309 495 1
309 510 1
309 548 1
309 602 1
309 604 1
309 631 1
309 636 1
309 681 1
309 685 1
309 723 1
309 738 1
309 754 1
309 762 1
309 807 1
309 824 1
309 869 1
309 872 1
309 880 1
309 893 1
309 894 1
309 901 1
309 908 1
309 926 1
309 935 1
310 344 1
310 360 1
310 378 1
310 395 1
310 466 1
310 491 1
310 507 1
310 515 1
310 518 1
310 523 1
310 559 1
310 564 1
310 566 1
310 589 1
310 604 1
310 632 1
310 665 1
310 671 1
310 691 1
310 710 1
310 730 1
310 735 1
310 739 1
310 748 1
310 751 1
310 796 1
310 855 1
311 338 1
311 347 1
311 397 1
311 400 1
311 405 1
311 418 1
311 448 1
311 451 1
311 455 1
311 502 1
311 525 1
311 541 1
311 559 1
311 570 1
311 625 1
311 664 1
311 687 1
311 757 1
311 768 1
311 775 1
311 790 1
311 791 1
311 798 1
311 807 1
311 821 1
311 824 1
311 840 1
311 857 1
311 910 1
311 911 1
311 936 1
311 956 1
311 963 1
311 983 1
311 993 1
311 1000 1
312 317 1
312 320 1
312 321 1
312 352 1
312 355 1
312 395 1
312 442 1
312 444 1
312 446 1
312 455 1
312 458 1
312 503 1
312 566 1
312 574 1
312 576 1
312 581 1
312 585 1
312 621 1
312 664 1
312 739 1
312 778 1
312 786 1
312 790 1
312 835 1
312 852 1
312 853 1
312 862 1
312 864 1
312 875 1
312 876 1
312 918 1
312 930 1
312 945 1
312 974 1
312 984 1
312 985 1
313 340 1
313 364 1
313 413 1
313 452 1
313 469 1
313 484 1
313 517 1
313 556 1
313 567 1
313 587 1
313 636 1
313 650 1
313 690 1
313 697 1
313 721 1
313 803 1
313 812 1
313 813 1
313 815 1
313 845 1
313 900 1
313 915 1
313 922 1
313 943 1
313 949 1
313 962 1
314 332 1
314 397 1
314 446 1
314 449 1
314 476 1
314 495 1
314 528 1
314 538 1
314 552 1
314 553 1
314 558 1
314 569 1
314 590 1
314 628 1
314 666 1
314 699 1
314 722 1
314 777 1
314 779 1
314 824 1
314 866 1
314 870 1
314 875 1
314 879 1
314 886 1
314 914 1
314 968 1
314 975 1
314 997 1
315 344 1
315 353 1
315 370 1
315 371 1
315 406 1
315 445 1
315 448 1
315 469 1
315 493 1
315 522 1
315 547 1
315 551 1
315 575 1
315 603 1
315 621 1
315 625 1
315 633 1
315 654 1
315 662 1
315 672 1
315 705 1
315 718 1
315 766 1
315 772 1
315 785 1
315 816 1
315 818 1
315 824 1
315 831 1
315 845 1
315 849 1
315 854 1
315 866 1
315 894 1
315 904 1
315 930 1
315 949 1
315 968 1
315 981 1
316 319 1
316 358 1
316 369 1
316 389 1
316 455 1
316 544 1
316 581 1
316 634 1
316 635 1
316 703 1
316 718 1
316 742 1
316 750 1
316 755 1
316 757 1
316 827 1
316 828 1
316 830 1
316 839 1
316 883 1
316 914 1
316 919 1
316 963 1
316 988 1
317 330 1
317 356 1
317 358 1
317 381 1
317 409 1
317 424 1
317 432 1
317 436 1
317 473 1
317 495 1
317 530 1
317 549 1
317 564 1
317 568 1
317 584 1
317 601 1
317 617 1
317 631 1
317 642 1
317 646 1
317 694 1
317 698 1
317 715 1
317 724 1
317 775 1
317 783 1
317 790 1
317 816 1
317 851 1
317 857 1
317 863 1
317 910 1
317 975 1
318 361 1
318 369 1
318 370 1
318 373 1
318 410 1
318 455 1
318 466 1
318 467 1
318 484 1
318 493 1
318 513 1
318 538 1
318 545 1
318 573 1
318 574 1
318 590 1
318 601 1
318 612 1
318 669 1
318 695 1
318 716 1
318 717 1
318 745 1
318 796 1
318 891 1
318 899 1
318 906 1
318 915 1
318 921 1
318 946 1
318 978 1
319 323 1
319 341 1
319 355 1
319 359 1
319 366 1
319 409 1
319 412 1
319 436 1
319 459 1
319 484 1
319 487 1
319 549 1
319 662 1
319 666 1
319 673 1
319 783 1
319 805 1
319 814 1
319 858 1
319 913 1
319 914 1
319 938 1
319 977 1
319 989 1
320 326 1
320 330 1
320 343 1
320 350 1
320 432 1
320 437 1
320 460 1
320 497 1
320 507 1
320 514 1
320 531 1
320 560 1
320 569 1
320 572 1
320 640 1
320 685 1
320 698 1
320 714 1
320 724 1
320 727 1
320 749 1
320 757 1
320 806 1
320 836 1
320 888 1
320 918 1
320 947 1
320 966 1
320 987 1
320 994 1
321 342 1
321 354 1
321 409 1
321 417 1
321 437 1
321 469 1
321 508 1
321 534 1
321 543 1
321 550 1
321 587 1
321 588 1
321 598 1
321 600 1
321 608 1
321 628 1
321 636 1
321 668 1
321 703 1
321 705 1
321 745 1
321 746 1
321 777 1
321 796 1
321 854 1
321 858 1
321 888 1
321 916 1
321 939 1
321 992 1
322 388 1
322 391 1
322 400 1
322 433 1
322 445 1
322 449 1
322 466 1
322 505 1
322 507 1
322 520 1
322 525 1
322 556 1
322 562 1
322 578 1
322 595 1
322 618 1
322 632 1
322 721 1
322 737 1
322 744 1
322 767 1
322 776 1
322 785 1
322 794 1
322 809 1
322 834 1
322 843 1
322 846 1
322 875 1
322 951 1
322 953 1
322 954 1
322 971 1
322 982 1
323 335 1
323 347 1
323 358 1
323 370 1
323 378 1
323 379 1
323 391 1
323 437 1
323 488 1
323 492 1
323 493 1
323 496 1
323 506 1
323 531 1
323 544 1
323 607 1
323 612 1
323 614 1
323 638 1
323 672 1
323 674 1
323 685 1
323 697 1
323 734 1
323 797 1
323 813 1
323 839 1
323 859 1
323 876 1
323 908 1
323 923 1
323 926 1
323 934 1
323 974 1
324 331 1
324 343 1
324 346 1
324 388 1
324 390 1
324 403 1
324 413 1
324 443 1
324 454 1
324 475 1
324 480 1
324 493 1
324 495 1
324 497 1
324 503 1
324 516 1
324 521 1
324 558 1
324 563 1
324 567 1
324 569 1
324 629 1
324 652 1
324 665 1
324 678 1
324 694 1
324 733 1
324 761 1
324 794 1
324 825 1
324 835 1
324 846 1
324 859 1
324 861 1
324 863 1
324 923 1
324 926 1
324 931 1
324 985 1
325 331 1
325 343 1
325 352 1
325 359 1
325 384 1
325 388 1
325 414 1
325 435 1
325 470 1
325 484 1
325 494 1
325 517 1
325 518 1
325 528 1
325 589 1
325 592 1
325 604 1
325 608 1
325 676 1
325 677 1
325 686 1
325 706 1
325 712 1
325 715 1
325 718 1
325 729 1
325 731 1
325 736 1
325 743 1
325 756 1
325 762 1
325 785 1
325 805 1
325 808 1
325 834 1
325 875 1
325 921 1
325 948 1
325 956 1
325 978 1
325 980 1
325 990 1
326 347 1
326 371 1
326 383 1
326 398 1
326 438 1
326 448 1
326 460 1
326 461 1
326 469 1
326 471 1
326 478 1
326 489 1
326 493 1
326 524 1
326 557 1
326 565 1
326 575 1
326 605 1
326 634 1
326 669 1
326 695 1
326 699 1
326 714 1
326 741 1
326 747 1
326 773 1
326 778 1
326 803 1
326 813 1
326 814 1
326 912 1
326 914 1
326 923 1
326 926 1
326 931 1
326 937 1
326 980 1
326 997 1
326 998 1
326 1000 1
327 349 1
327 390 1
327 412 1
327 416 1
327 428 1
327 457 1
327 480 1
327 537 1
327 573 1
327 576 1
327 597 1
327 642 1
327 665 1
327 681 1
327 682 1
327 707 1
327 708 1
327 731 1
327 747 1
327 756 1
327 792 1
327 802 1
327 808 1
327 825 1
327 924 1
327 930 1
327 974 1
327 987 1
327 997 1
328 330 1
328 377 1
328 412 1
328 452 1
328 469 1
328 471 1
328 532 1
328 534 1
328 540 1
328 553 1
328 594 1
328 598 1
328 600 1
328 607 1
328 655 1
328 657 1
328 676 1
328 722 1
328 759 1
328 794 1
328 798 1
328 803 1
328 806 1
328 810 1
328 838 1
328 844 1
328 879 1
328 891 1
328 902 1
328 942 1
328 996 1
329 331 1
329 349 1
329 369 1
329 375 1
329 378 1
329 384 1
329 406 1
329 418 1
329 429 1
329 439 1
329 440 1
329 447 1
329 465 1
329 507 1
329 534 1
329 546 1
329 555 1
329 576 1
329 590 1
329 613 1
329 638 1
329 645 1
329 652 1
329 654 1
329 676 1
329 709 1
329 718 1
329 729 1
329 739 1
329 766 1
329 792 1
329 842 1
329 856 1
329 903 1
329 920 1
329 940 1
329 955 1
329 962 1
329 988 1
330 337 1
330 411 1
330 431 1
330 447 1
330 453 1
330 457 1
330 464 1
330 466 1
330 468 1
330 486 1
330 491 1
330 556 1
330 564 1
330 614 1
330 615 1
330 620 1
330 643 1
330 646 1
330 656 1
330 680 1
330 692 1
330 703 1
330 720 1
330 743 1
330 748 1
330 770 1
330 778 1
330 787 1
330 791 1
330 814 1
330 859 1
330 868 1
330 878 1
330 907 1
330 947 1
330 970 1
330 994 1
331 360 1
331 413 1
331 476 1
331 484 1
331 485 1
331 501 1
331 509 1
331 538 1
331 556 1
331 573 1
331 608 1
331 617 1
331 623 1
331 667 1
331 682 1
331 697 1
331 710 1
331 764 1
331 792 1
331 818 1
331 837 1
331 839 1
331 848 1
331 850 1
331 867 1
331 938 1
331 985 1
331 986 1
332 368 1
332 391 1
332 408 1
332 413 1
332 418 1
332 434 1
332 454 1
332 458 1
332 464 1
332 467 1
332 502 1
332 507 1
332 593 1
332 598 1
332 621 1
332 674 1
332 697 1
332 699 1
332 712 1
332 715 1
332 731 1
332 734 1
332 741 1
332 775 1
332 776 1
332 786 1
332 820 1
332 833 1
332 837 1
332 843 1
332 861 1
332 875 1
332 892 1
332 902 1
332 937 1
332 947 1
332 970 1
333 336 1
333 344 1
333 359 1
333 393 1
333 399 1
333 406 1
333 413 1
333 421 1
333 476 1
333 484 1
333 486 1
333 500 1
333 565 1
333 619 1
333 638 1
333 653 1
333 662 1
333 666 1
333 669 1
333 685 1
333 699 1
333 704 1
333 741 1
333 768 1
333 796 1
333 798 1
333 805 1
333 816 1
333 819 1
333 839 1
333 874 1
333 884 1
333 898 1
333 900 1
333 905 1
333 935 1
333 971 1
334 365 1
334 371 1
334 412 1
334 432 1
334 443 1
334 478 1
334 508 1
334 547 1
334 550 1
334 557 1
334 587 1
334 654 1
334 668 1
334 670 1
334 682 1
334 686 1
334 696 1
334 698 1
334 700 1
334 773 1
334 777 1
334 786 1
334 794 1
334 795 1
334 834 1
334 837 1
334 853 1
334 865 1
334 883 1
334 884 1
334 904 1
334 905 1
334 921 1
334 962 1
334 967 1
334 981 1
334 984 1
335 345 1
335 354 1
335 365 1
335 380 1
335 407 1
335 436 1
335 444 1
335 485 1
335 494 1
335 524 1
335 533 1
335 560 1
335 566 1
335 576 1
335 585 1
335 596 1
335 598 1
335 606 1
335 608 1
335 636 1
335 679 1
335 697 1
335 701 1
335 704 1
335 706 1
335 707 1
335 743 1
335 789 1
335 811 1
335 825 1
335 865 1
335 872 1
335 893 1
335 900 1
335 954 1
335 973 1
335 978 1
335 987 1
335 991 1
335 999 1
336 345 1
336 346 1
336 350 1
336 381 1
336 384 1
336 397 1
336 407 1
336 468 1
336 482 1
336 491 1
336 508 1
336 569 1
336 617 1
336 650 1
336 693 1
336 724 1
336 744 1
336 746 1
336 771 1
336 799 1
336 804 1
336 805 1
336 813 1
336 850 1
336 853 1
336 871 1
336 952 1
336 963 1
336 970 1
336 980 1
336 985 1
337 349 1
337 370 1
337 425 1
337 430 1
337 433 1
337 446 1
337 450 1
337 475 1
337 493 1
337 502 1
337 505 1
337 525 1
337 537 1
337 548 1
337 551 1
337 599 1
337 602 1
337 613 1
337 628 1
337 646 1
337 648 1
337 653 1
337 705 1
337 711 1
337 715 1
337 740 1
337 752 1
337 808 1
337 819 1
337 825 1
337 838 1
337 899 1
337 903 1
337 912 1
337 973 1
337 975 1
337 995 1
338 406 1
338 441 1
338 536 1
338 551 1
338 606 1
338 616 1
338 687 1
338 696 1
338 750 1
338 762 1
338 767 1
338 770 1
338 772 1
338 792 1
338 793 1
338 794 1
338 807 1
338 808 1
338 842 1
338 844 1
338 869 1
338 874 1
338 876 1
338 915 1
338 917 1
338 980 1
338 996 1
339 352 1
339 355 1
339 370 1
339 398 1
339 401 1
339 407 1
339 414 1
339 434 1
339 450 1
339 458 1
339 459 1
339 466 1
339 512 1
339 524 1
339 556 1
339 577 1
339 633 1
339 666 1
339 679 1
339 768 1
339 785 1
339 802 1
339 818 1
339 840 1
339 841 1
339 850 1
339 855 1
339 878 1
339 897 1
339 927 1
339 960 1
339 963 1
340 354 1
340 379 1
340 386 1
340 404 1
340 420 1
340 459 1
340 460 1
340 469 1
340 508 1
340 529 1
340 538 1
340 558 1
340 561 1
340 563 1
340 564 1
340 570 1
340 611 1
340 641 1
340 647 1
340 654 1
340 663 1
340 670 1
340 697 1
340 707 1
340 709 1
340 716 1
340 717 1
340 719 1
340 760 1
340 784 1
340 836 1
340 864 1
340 867 1
340 889 1
340 890 1
340 910 1
340 913 1
340 928 1
340 931 1
340 946 1
340 996 1
340 999 1
341 371 1
341 382 1
341 399 1
341 416 1
341 426 1
341 428 1
341 430 1
341 455 1
341 462 1
341 474 1
341 493 1
341 532 1
341 560 1
341 590 1
341 611 1
341 631 1
341 654 1
341 662 1
341 671 1
341 676 1
341 732 1
341 748 1
341 780 1
341 815 1
341 824 1
341 834 1
341 849 1
341 869 1
341 894 1
341 895 1
341 912 1
341 913 1
341 953 1
341 980 1
341 984 1
342 359 1
342 364 1
342 397 1
342 408 1
342 419 1
342 507 1
342 524 1
342 561 1
342 566 1
342 618 1
342 640 1
342 662 1
342 667 1
342 675 1
342 679 1
342 716 1
342 780 1
342 802 1
342 854 1
342 857 1
342 876 1
342 880 1
342 914 1
342 932 1
342 934 1
342 951 1
342 960 1
342 963 1
342 965 1
342 968 1
342 970 1
342 977 1
342 985 1
343 353 1
343 360 1
343 364 1
343 382 1
343 394 1
343 417 1
343 422 1
343 425 1
343 435 1
343 459 1
343 464 1
343 479 1
343 491 1
343 573 1
343 581 1
343 583 1
343 585 1
343 736 1
343 760 1
343 767 1
343 769 1
343 770 1
343 772 1
343 787 1
343 800 1
343 830 1
343 892 1
343 907 1
343 961 1
343 965 1
343 973 1
344 355 1
344 376 1
344 465 1
344 474 1
344 507 1
344 512 1
344 517 1
344 544 1
344 617 1
344 619 1
344 630 1
344 638 1
344 644 1
344 655 1
344 680 1
344 693 1
344 741 1
344 754 1
344 763 1
344 764 1
344 783 1
344 803 1
344 808 1
344 836 1
344 853 1
344 892 1
344 900 1
344 943 1
344 964 1
344 971 1
344 988 1
344 997 1
345 346 1
345 371 1
345 401 1
345 427 1
345 429 1
345 446 1
345 454 1
345 462 1
345 518 1
345 573 1
345 582 1
345 604 1
345 609 1
345 647 1
345 654 1
345 672 1
345 694 1
345 715 1
345 741 1
345 766 1
345 779 1
345 784 1
345 836 1
345 868 1
345 876 1
345 915 1
345 933 1
345 936 1
345 945 1
345 952 1
345 955 1
345 975 1
346 355 1
346 359 1
346 366 1
346 404 1
346 416 1
346 462 1
346 510 1
346 531 1
346 536 1
346 541 1
346 576 1
346 656 1
346 658 1
346 668 1
346 675 1
346 709 1
346 725 1
346 734 1
346 745 1
346 758 1
346 774 1
346 780 1
346 790 1
346 798 1
346 806 1
346 829 1
346 847 1
346 869 1
346 923 1
346 938 1
346 946 1
346 947 1
346 978 1
346 983 1
347 367 1
347 370 1
347 375 1
347 381 1
347 403 1
347 413 1
347 417 1
347 509 1
347 542 1
347 543 1
347 561 1
347 578 1
347 589 1
347 628 1
347 653 1
347 730 1
347 746 1
347 756 1
347 760 1
347 802 1
347 828 1
347 839 1
347 867 1
347 910 1
347 937 1
347 943 1
348 394 1
348 416 1
348 480 1
348 492 1
348 529 1
348 546 1
348 552 1
348 558 1
348 575 1
348 584 1
348 608 1
348 611 1
348 640 1
348 670 1
348 675 1
348 686 1
348 695 1
348 696 1
348 703 1
348 706 1
348 720 1
348 759 1
348 762 1
348 764 1
348 768 1
348 805 1
348 811 1
348 825 1
348 879 1
348 904 1
348 909 1
348 921 1
348 926 1
348 970 1
348 985 1
349 367 1
349 394 1
349 395 1
349 420 1
349 471 1
349 485 1
349 486 1
349 511 1
349 513 1
349 563 1
349 567 1
349 568 1
349 677 1
349 693 1
349 703 1
349 734 1
349 736 1
349 745 1
349 777 1
349 788 1
349 827 1
349 838 1
349 857 1
349 878 1
349 882 1
349 884 1
349 898 1
349 899 1
349 927 1
349 957 1
349 961 1
349 995 1
349 1000 1
350 356 1
350 369 1
350 373 1
350 374 1
350 386 1
350 413 1
350 426 1
350 448 1
350 449 1
350 469 1
350 472 1
350 496 1
350 515 1
350 551 1
350 560 1
350 602 1
350 609 1
350 617 1
350 642 1
350 678 1
350 721 1
350 732 1
350 736 1
350 758 1
350 774 1
350 849 1
350 855 1
350 864 1
350 878 1
350 918 1
350 924 1
350 938 1
350 940 1
350 943 1
350 948 1
350 966 1
350 978 1
350 993 1
351 356 1
351 376 1
351 377 1
351 426 1
351 519 1
351 561 1
351 564 1
351 565 1
351 579 1
351 584 1
351 634 1
351 650 1
351 653 1
351 668 1
351 694 1
351 703 1
351 727 1
351 735 1
351 738 1
351 759 1
351 765 1
351 785 1
351 807 1
351 827 1
351 839 1
351 868 1
351 898 1
351 934 1
351 941 1
351 956 1
351 979 1
351 988 1
352 370 1
352 393 1
352 394 1
352 439 1
352 478 1
352 580 1
352 588 1
352 593 1
352 601 1
352 602 1
352 611 1
352 639 1
352 661 1
352 688 1
352 696 1
352 697 1
352 714 1
352 738 1
352 800 1
352 802 1
352 821 1
352 846 1
352 880 1
352 910 1
352 921 1
352 925 1
352 934 1
352 960 1
353 371 1
353 375 1
353 377 1
353 379 1
353 409 1
353 437 1
353 440 1
353 449 1
353 530 1
353 554 1
353 561 1
353 591 1
353 611 1
353 642 1
353 654 1
353 656 1
353 678 1
353 685 1
353 690 1
353 723 1
353 773 1
353 789 1
353 811 1
353 821 1
353 859 1
353 886 1
353 925 1
353 930 1
353 934 1
353 945 1
353 958 1
353 965 1
353 987 1
354 358 1
354 368 1
354 378 1
354 388 1
354 404 1
354 407 1
354 408 1
354 428 1
354 535 1
354 620 1
354 623 1
354 635 1
354 644 1
354 678 1
354 743 1
354 755 1
354 801 1
354 806 1
354 807 1
354 809 1
354 837 1
354 882 1
354 896 1
354 919 1
354 926 1
354 956 1
354 975 1
354 999 1
355 358 1
355 372 1
355 381 1
355 402 1
355 441 1
355 449 1
355 476 1
355 511 1
355 527 1
355 537 1
355 545 1
355 550 1
355 561 1
355 568 1
355 628 1
355 699 1
355 724 1
355 752 1
355 798 1
355 804 1
355 835 1
355 860 1
355 866 1
355 930 1
355 947 1
355 955 1
355 957 1
355 959 1
355 1000 1
356 385 1
356 394 1
356 425 1
356 432 1
356 448 1
356 496 1
356 552 1
356 559 1
356 572 1
356 593 1
356 640 1
356 659 1
356 690 1
356 697 1
356 705 1
356 716 1
356 729 1
356 755 1
356 792 1
356 808 1
356 812 1
356 818 1
356 839 1
356 855 1
356 864 1
356 907 1
356 909 1
356 916 1
356 953 1
357 370 1
357 379 1
357 395 1
357 410 1
357 420 1
357 456 1
357 457 1
357 473 1
357 523 1
357 530 1
357 552 1
357 573 1
357 595 1
357 638 1
357 642 1
357 649 1
357 668 1
357 670 1
357 742 1
357 749 1
357 768 1
357 779 1
357 808 1
357 838 1
357 840 1
357 885 1
357 913 1
357 936 1
357 942 1
357 948 1
357 949 1
357 952 1
357 961 1
357 966 1
357 982 1
357 983 1
357 999 1
358 360 1
358 368 1
358 375 1
358 401 1
358 469 1
358 470 1
358 472 1
358 503 1
358 523 1
358 560 1
358 601 1
358 604 1
358 613 1
358 632 1
358 636 1
358 647 1
358 677 1
358 688 1
358 713 1
358 717 1
358 727 1
358 742 1
358 758 1
358 774 1
358 804 1
358 822 1
358 843 1
358 871 1
358 888 1
358 896 1
358 949 1
358 985 1
359 378 1
359 393 1
359 433 1
359 440 1
359 448 1
359 478 1
359 492 1
359 502 1
359 530 1
359 549 1
359 564 1
359 583 1
359 586 1
359 587 1
359 607 1
359 609 1
359 618 1
359 630 1
359 645 1
359 652 1
359 661 1
359 744 1
359 809 1
359 812 1
359 822 1
359 860 1
359 887 1
359 912 1
359 927 1
359 961 1
359 970 1
359 981 1
360 368 1
360 389 1
360 391 1
360 476 1
360 477 1
360 510 1
360 547 1
360 554 1
360 583 1
360 601 1
360 704 1
360 740 1
360 748 1
360 762 1
360 778 1
360 797 1
360 802 1
360 803 1
360 825 1
360 829 1
360 830 1
360 860 1
360 890 1
360 899 1
360 937 1
361 401 1
361 449 1
361 509 1
361 537 1
361 556 1
361 557 1
361 585 1
361 593 1
361 595 1
361 601 1
361 602 1
361 603 1
361 607 1
361 614 1
361 615 1
361 640 1
361 733 1
361 737 1
361 744 1
361 766 1
361 777 1
361 786 1
361 854 1
361 871 1
361 908 1
361 914 1
361 925 1
361 927 1
361 938 1
361 939 1
361 946 1
361 950 1
361 998 1
362 374 1
362 394 1
362 405 1
362 409 1
362 432 1
362 467 1
362 476 1
362 484 1
362 490 1
362 498 1
362 503 1
362 517 1
362 519 1
362 532 1
362 537 1
362 566 1
362 666 1
362 679 1
362 713 1
362 724 1
362 750 1
362 781 1
362 785 1
362 794 1
362 798 1
362 801 1
362 808 1
362 811 1
362 816 1
362 838 1
362 841 1
362 873 1
362 885 1
362 913 1
362 916 1
362 956 1
362 967 1
362 977 1
362 981 1
363 366 1
363 389 1
363 397 1
363 406 1
363 458 1
363 477 1
363 485 1
363 502 1
363 507 1
363 540 1
363 570 1
363 571 1
363 590 1
363 596 1
363 622 1
363 823 1
363 839 1
363 841 1
363 916 1
364 409 1
364 472 1
364 486 1
364 491 1
364 498 1
364 521 1
364 536 1
364 559 1
364 571 1
364 574 1
364 576 1
364 622 1
364 644 1
364 701 1
364 703 1
364 718 1
364 723 1
364 724 1
364 733 1
364 769 1
364 772 1
364 788 1
364 799 1
364 800 1
364 814 1
364 819 1
364 824 1
364 850 1
364 854 1
364 880 1
364 883 1
364 917 1
364 941 1
364 966 1
364 995 1
364 998 1
365 371 1
365 377 1
365 391 1
365 405 1
365 422 1
365 424 1
365 439 1
365 484 1
365 507 1
365 513 1
365 514 1
365 515 1
365 536 1
365 544 1
365 545 1
365 546 1
365 696 1
365 697 1
365 701 1
365 707 1
365 709 1
365 712 1
365 725 1
365 749 1
365 753 1
365 754 1
365 777 1
365 779 1
365 793 1
365 821 1
365 832 1
365 839 1
365 845 1
365 888 1
365 901 1
365 918 1
365 961 1
365 968 1
365 978 1
366 368 1
366 374 1
366 391 1
366 401 1
366 426 1
366 455 1
366 457 1
366 464 1
366 478 1
366 488 1
366 498 1
366 509 1
366 525 1
366 537 1
366 545 1
366 550 1
366 551 1
366 555 1
366 560 1
366 562 1
366 570 1
366 585 1
366 610 1
366 658 1
366 669 1
366 670 1
366 697 1
366 726 1
366 745 1
366 752 1
366 766 1
366 768 1
366 802 1
366 805 1
366 838 1
366 848 1
366 854 1
366 899 1
366 924 1
366 930 1
366 948 1
367 402 1
367 518 1
367 529 1
367 570 1
367 580 1
367 613 1
367 650 1
367 651 1
367 786 1
367 790 1
367 807 1
367 817 1
367 840 1
367 899 1
367 908 1
367 910 1
367 939 1
367 963 1
367 973 1
367 981 1
367 983 1
368 373 1
368 399 1
368 425 1
368 448 1
368 449 1
368 531 1
368 554 1
368 575 1
368 582 1
368 583 1
368 636 1
368 651 1
368 652 1
368 684 1
368 708 1
368 733 1
368 759 1
368 788 1
368 810 1
368 829 1
368 832 1
368 835 1
368 843 1
368 854 1
368 857 1
368 864 1
368 878 1
368 880 1
368 891 1
368 920 1
368 928 1
368 957 1
368 972 1
368 974 1
368 975 1
368 993 1
369 404 1
369 407 1
369 419 1
369 429 1
369 463 1
369 469 1
369 477 1
369 479 1
369 482 1
369 487 1
369 488 1
369 497 1
369 500 1
369 536 1
369 538 1
369 560 1
369 573 1
369 585 1
369 609 1
369 633 1
369 675 1
369 706 1
369 709 1
369 722 1
369 795 1
369 826 1
369 868 1
369 916 1
369 925 1
369 930 1
369 940 1
369 946 1
369 949 1
370 382 1
370 391 1
370 397 1
370 409 1
370 438 1
370 462 1
370 473 1
370 479 1
370 486 1
370 494 1
370 497 1
370 504 1
370 524 1
370 544 1
370 585 1
370 597 1
370 610 1
370 637 1
370 705 1
370 725 1
370 737 1
370 757 1
370 791 1
370 817 1
370 841 1
370 859 1
370 863 1
370 881 1
370 889 1
370 901 1
370 903 1
370 928 1
370 932 1
370 933 1
370 946 1
370 958 1
370 988 1
371 381 1
371 421 1
371 425 1
371 437 1
371 453 1
371 459 1
371 466 1
371 495 1
371 521 1
371 530 1
371 537 1
371 601 1
371 605 1
371 608 1
371 618 1
371 654 1
371 672 1
371 685 1
371 700 1
371 701 1
371 705 1
371 708 1
371 729 1
371 742 1
371 751 1
371 765 1
371 783 1
371 791 1
371 813 1
371 862 1
371 883 1
371 886 1
371 890 1
371 909 1
371 938 1
371 949 1
371 964 1
371 975 1
371 980 1
371 985 1
372 384 1
372 400 1
372 401 1
372 442 1
372 451 1
372 454 1
372 486 1
372 491 1
372 531 1
372 644 1
372 673 1
372 679 1
372 686 1
372 701 1
372 712 1
372 713 1
372 753 1
372 756 1
372 789 1
372 819 1
372 839 1
372 856 1
372 875 1
372 877 1
372 878 1
372 885 1
372 889 1
372 893 1
372 894 1
372 932 1
372 934 1
372 957 1
372 995 1
373 394 1
373 410 1
373 412 1
373 421 1
373 439 1
373 447 1
373 452 1
373 463 1
373 485 1
373 501 1
373 525 1
373 529 1
373 593 1
373 594 1
373 595 1
373 617 1
373 631 1
373 685 1
373 735 1
373 808 1
373 832 1
373 839 1
373 841 1
373 857 1
373 862 1
373 885 1
373 900 1
373 908 1
373 969 1
374 375 1
374 444 1
374 463 1
374 472 1
374 479 1
374 505 1
374 519 1
374 526 1
374 541 1
374 544 1
374 571 1
374 581 1
374 584 1
374 647 1
374 684 1
374 720 1
374 721 1
374 743 1
374 744 1
374 746 1
374 789 1
374 806 1
374 818 1
374 854 1
374 861 1
374 917 1
374 937 1
374 958 1
374 967 1
374 969 1
374 979 1
374 981 1
374 995 1
375 378 1
375 477 1
375 494 1
375 528 1
375 534 1
375 546 1
375 571 1
375 584 1
375 593 1
375 617 1
375 665 1
375 671 1
375 678 1
375 717 1
375 756 1
375 763 1
375 791 1
375 808 1
375 843 1
375 846 1
375 860 1
375 884 1
375 891 1
375 893 1
375 897 1
375 944 1
375 954 1
375 987 1
375 989 1
375 996 1
376 377 1
376 413 1
376 440 1
376 443 1
376 450 1
376 490 1
376 505 1
376 508 1
376 527 1
376 532 1
376 540 1
376 571 1
376 600 1
376 605 1
376 628 1
376 636 1
376 663 1
376 665 1
376 674 1
376 708 1
376 711 1
376 718 1
376 746 1
376 766 1
376 793 1
376 796 1
376 807 1
376 808 1
376 819 1
376 833 1
376 866 1
376 880 1
376 906 1
376 940 1
376 964 1
376 988 1
376 989 1
376 991 1
376 997 1
376 999 1
377 381 1
377 408 1
377 418 1
377 438 1
377 458 1
377 484 1
377 487 1
377 501 1
377 520 1
377 523 1
377 536 1
377 558 1
377 619 1
377 649 1
377 656 1
377 665 1
377 704 1
377 723 1
377 725 1
377 749 1
377 751 1
377 765 1
377 782 1
377 797 1
377 798 1
377 818 1
377 828 1
377 881 1
377 886 1
377 889 1
377 917 1
377 926 1
377 963 1
377 975 1
377 990 1
377 996 1
378 432 1
378 437 1
378 466 1
378 504 1
378 505 1
378 578 1
378 583 1
378 640 1
378 645 1
378 678 1
378 694 1
378 707 1
378 715 1
378 755 1
378 772 1
378 811 1
378 886 1
378 897 1
378 902 1
378 918 1
378 938 1
378 941 1
379 380 1
379 382 1
379 397 1
379 433 1
379 441 1
379 447 1
379 464 1
379 470 1
379 476 1
379 482 1
379 504 1
379 547 1
379 565 1
379 571 1
379 638 1
379 673 1
379 694 1
379 733 1
379 777 1
379 811 1
379 812 1
379 842 1
379 849 1
379 855 1
379 875 1
379 914 1
379 924 1
379 958 1
379 967 1
379 990 1
379 994 1
380 435 1
380 445 1
380 486 1
380 488 1
380 537 1
380 548 1
380 568 1
380 572 1
380 580 1
380 595 1
380 605 1
380 619 1
380 630 1
380 637 1
380 673 1
380 722 1
380 731 1
380 743 1
380 759 1
380 765 1
380 846 1
380 889 1
380 892 1
380 936 1
381 389 1
381 420 1
381 439 1
381 442 1
381 447 1
381 455 1
381 457 1
381 473 1
381 526 1
381 547 1
381 551 1
381 554 1
381 626 1
381 637 1
381 646 1
381 692 1
381 694 1
381 700 1
381 713 1
381 715 1
381 729 1
381 757 1
381 792 1
381 793 1
381 847 1
381 852 1
381 891 1
381 898 1
381 941 1
381 945 1
381 963 1
381 982 1
382 419 1
382 447 1
382 455 1
382 492 1
382 498 1
382 520 1
382 542 1
382 548 1
382 563 1
382 567 1
382 568 1
382 586 1
382 610 1
382 692 1
382 738 1
382 748 1
382 768 1
382 778 1
382 830 1
382 831 1
382 838 1
382 860 1
382 865 1
382 888 1
382 892 1
382 943 1
382 982 1
383 392 1
383 409 1
383 413 1
383 439 1
383 441 1
383 450 1
383 464 1
383 485 1
383 497 1
383 525 1
383 554 1
383 564 1
383 592 1
383 613 1
383 620 1
383 636 1
383 637 1
383 640 1
383 646 1
383 652 1
383 703 1
383 712 1
383 735 1
383 759 1
383 762 1
383 770 1
383 777 1
383 784 1
383 810 1
383 815 1
383 863 1
383 864 1
383 881 1
383 916 1
383 928 1
383 929 1
383 934 1
383 943 1
383 952 1
383 973 1
384 386 1
384 425 1
384 437 1
384 450 1
384 510 1
384 514 1
384 523 1
384 524 1
384 529 1
384 572 1
384 584 1
384 614 1
384 625 1
384 678 1
384 698 1
384 702 1
384 725 1
384 737 1
384 742 1
384 745 1
384 750 1
384 772 1
384 786 1
384 795 1
384 803 1
384 832 1
384 860 1
384 869 1
384 881 1
384 886 1
384 888 1
384 891 1
384 895 1
384 918 1
384 928 1
384 932 1
384 937 1
384 943 1
384 963 1
384 994 1
385 389 1
385 419 1
385 450 1
385 452 1
385 531 1
385 554 1
385 559 1
385 576 1
385 586 1
385 620 1
385 632 1
385 634 1
385 646 1
385 687 1
385 705 1
385 709 1
385 763 1
385 772 1
385 784 1
385 785 1
385 787 1
385 792 1
385 801 1
385 808 1
385 825 1
385 847 1
385 867 1
385 919 1
385 931 1
385 952 1
385 964 1
385 967 1
385 982 1
385 998 1
386 402 1
386 407 1
386 415 1
386 424 1
386 428 1
386 438 1
386 481 1
386 566 1
386 570 1
386 575 1
386 588 1
386 610 1
386 625 1
386 629 1
386 649 1
386 681 1
386 708 1
386 724 1
386 741 1
386 747 1
386 774 1
386 789 1
386 795 1
386 796 1
386 840 1
386 902 1
386 972 1
387 415 1
387 425 1
387 458 1
387 482 1
387 485 1
387 491 1
387 515 1
387 530 1
387 536 1
387 540 1
387 591 1
387 651 1
387 661 1
387 663 1
387 703 1
387 713 1
387 720 1
387 758 1
387 782 1
387 817 1
387 851 1
387 868 1
387 869 1
387 881 1
387 893 1
387 909 1
387 914 1
387 915 1
387 925 1
387 932 1
387 940 1
387 960 1
387 991 1
387 998 1
388 422 1
388 428 1
388 431 1
388 500 1
388 542 1
388 562 1
388 600 1
388 605 1
388 611 1
388 622 1
388 626 1
388 649 1
388 657 1
388 671 1
388 677 1
388 696 1
388 713 1
388 719 1
388 753 1
388 783 1
388 787 1
388 800 1
388 806 1
388 823 1
388 837 1
388 865 1
388 895 1
388 905 1
388 995 1
389 396 1
389 415 1
389 479 1
389 484 1
389 497 1
389 500 1
389 501 1
389 506 1
389 513 1
389 517 1
389 518 1
389 520 1
389 545 1
389 546 1
389 561 1
389 598 1
389 612 1
389 681 1
389 683 1
389 684 1
389 706 1
389 759 1
389 776 1
389 801 1
389 802 1
389 816 1
389 841 1
389 849 1
389 866 1
389 876 1
389 895 1
389 902 1
389 927 1
389 934 1
389 942 1
389 961 1
389 975 1
389 998 1
390 410 1
390 441 1
390 442 1
390 470 1
390 479 1
390 484 1
390 488 1
390 549 1
390 590 1
390 612 1
390 615 1
390 617 1
390 639 1
390 662 1
390 676 1
390 679 1
390 699 1
390 705 1
390 723 1
390 739 1
390 765 1
390 771 1
390 805 1
390 818 1
390 838 1
390 916 1
390 936 1
390 940 1
390 941 1
390 993 1
390 1000 1
391 394 1
391 399 1
391 401 1
391 411 1
391 434 1
391 441 1
391 463 1
391 477 1
391 511 1
391 518 1
391 531 1
391 533 1
391 542 1
391 558 1
391 570 1
391 576 1
391 579 1
391 603 1
391 625 1
391 639 1
391 672 1
391 676 1
391 679 1
391 703 1
391 704 1
391 778 1
391 782 1
391 787 1
391 792 1
391 821 1
391 845 1
391 855 1
391 888 1
391 914 1
392 401 1
392 408 1
392 432 1
392 443 1
392 462 1
392 488 1
392 491 1
392 502 1
392 530 1
392 610 1
392 630 1
392 692 1
392 733 1
392 755 1
392 804 1
392 815 1
392 824 1
392 860 1
392 881 1
392 894 1
392 895 1
392 931 1
392 954 1
392 956 1
392 962 1
393 401 1
393 417 1
393 420 1
393 451 1
393 464 1
393 466 1
393 474 1
393 499 1
393 509 1
393 553 1
393 565 1
393 622 1
393 681 1
393 697 1
393 714 1
393 717 1
393 734 1
393 778 1
393 798 1
393 805 1
393 807 1
393 816 1
393 834 1
393 851 1
393 854 1
393 892 1
393 938 1
393 943 1
393 960 1
393 972 1
393 997 1
394 465 1
394 475 1
394 515 1
394 527 1
394 535 1
394 617 1
394 638 1
394 657 1
394 671 1
394 672 1
394 681 1
394 705 1
394 756 1
394 769 1
394 820 1
394 830 1
394 835 1
394 866 1
394 891 1
394 894 1
394 903 1
394 907 1
394 929 1
394 952 1
394 953 1
394 960 1
394 961 1
394 966 1
394 988 1
394 998 1
394 999 1
395 427 1
395 440 1
395 469 1
395 497 1
395 514 1
395 520 1
395 521 1
395 557 1
395 582 1
395 604 1
395 617 1
395 618 1
395 656 1
395 698 1
395 699 1
395 735 1
395 744 1
395 780 1
395 821 1
395 844 1
395 845 1
395 855 1
395 866 1
395 895 1
395 901 1
395 904 1
395 910 1
395 923 1
395 945 1
395 970 1
395 1000 1
396 407 1
396 420 1
396 433 1
396 436 1
396 471 1
396 495 1
396 536 1
396 565 1
396 575 1
396 581 1
396 626 1
396 662 1
396 694 1
396 695 1
396 705 1
396 731 1
396 748 1
396 755 1
396 765 1
396 768 1
396 772 1
396 777 1
396 779 1
396 813 1
396 819 1
396 831 1
396 832 1
396 865 1
396 894 1
396 936 1
396 968 1
396 970 1
396 1000 1
397 410 1
397 438 1
397 443 1
397 505 1
397 578 1
397 580 1
397 599 1
397 616 1
397 634 1
397 704 1
397 739 1
397 759 1
397 773 1
397 778 1
397 814 1
397 830 1
397 849 1
397 855 1
397 860 1
397 896 1
397 903 1
397 986 1
398 409 1
398 414 1
398 449 1
398 484 1
398 494 1
398 535 1
398 536 1
398 538 1
398 541 1
398 557 1
398 558 1
398 574 1
398 581 1
398 599 1
398 638 1
398 691 1
398 698 1
398 720 1
398 739 1
398 797 1
398 801 1
398 802 1
398 808 1
398 819 1
398 833 1
398 837 1
398 858 1
398 872 1
398 899 1
398 901 1
398 926 1
398 943 1
398 952 1
398 994 1
399 406 1
399 461 1
399 464 1
399 495 1
399 525 1
399 526 1
399 538 1
399 546 1
399 556 1
399 559 1
399 566 1
399 569 1
399 593 1
399 627 1
399 643 1
399 654 1
399 656 1
399 691 1
399 709 1
399 714 1
399 726 1
399 758 1
399 794 1
399 815 1
399 827 1
399 849 1
399 866 1
399 885 1
399 902 1
399 918 1
399 934 1
399 968 1
399 971 1
399 993 1
399 995 1
399 1000 1
400 405 1
400 408 1
400 423 1
400 448 1
400 450 1
400 456 1
400 492 1
400 505 1
400 512 1
400 544 1
400 550 1
400 557 1
400 563 1
400 591 1
400 595 1
400 599 1
400 629 1
400 644 1
400 662 1
400 665 1
400 673 1
400 703 1
400 704 1
400 717 1
400 723 1
400 726 1
400 727 1
400 744 1
400 777 1
400 815 1
400 819 1
400 855 1
400 865 1
400 868 1
400 871 1
400 916 1
400 932 1
400 945 1
400 962 1
400 969 1
400 972 1
400 994 1
400 995 1
401 402 1
401 404 1
401 478 1
401 499 1
401 512 1
401 518 1
401 520 1
401 554 1
401 568 1
401 576 1
401 608 1
401 620 1
401 627 1
401 663 1
401 671 1
401 672 1
401 725 1
401 779 1
401 816 1
401 826 1
401 837 1
401 896 1
401 912 1
401 913 1
401 998 1
402 417 1
402 432 1
402 455 1
402 487 1
402 489 1
402 492 1
402 493 1
402 496 1
402 497 1
402 539 1
402 548 1
402 563 1
402 576 1
402 591 1
402 607 1
402 616 1
402 658 1
402 675 1
402 677 1
402 701 1
402 709 1
402 760 1
402 841 1
402 846 1
402 871 1
402 877 1
402 920 1
402 925 1
402 928 1
402 955 1
402 962 1
402 971 1
402 981 1
403 404 1
403 439 1
403 501 1
403 511 1
403 513 1
403 519 1
403 533 1
403 550 1
403 575 1
403 578 1
403 582 1
403 589 1
403 591 1
403 620 1
403 640 1
403 670 1
403 703 1
403 722 1
403 736 1
403 795 1
403 860 1
403 864 1
404 429 1
404 436 1
404 439 1
404 451 1
404 452 1
404 471 1
404 474 1
404 477 1
404 493 1
404 500 1
404 502 1
404 507 1
404 522 1
404 527 1
404 530 1
404 543 1
404 569 1
404 593 1
404 603 1
404 616 1
404 629 1
404 647 1
404 652 1
404 657 1
404 698 1
404 710 1
404 728 1
404 733 1
404 748 1
404 780 1
404 794 1
404 828 1
404 847 1
404 881 1
404 886 1
404 922 1
404 932 1
404 937 1
404 973 1
405 407 1
405 419 1
405 465 1
405 486 1
405 492 1
405 497 1
405 500 1
405 512 1
405 521 1
405 551 1
405 556 1
405 613 1
405 620 1
405 629 1
405 632 1
405 654 1
405 669 1
405 704 1
405 708 1
405 712 1
405 739 1
405 757 1
405 793 1
405 826 1
405 833 1
405 861 1
405 864 1
405 880 1
405 898 1
405 904 1
405 936 1
405 939 1
405 941 1
405 947 1
405 987 1
405 993 1
405 998 1
406 413 1
406 423 1
406 431 1
406 440 1
406 448 1
406 464 1
406 481 1
406 487 1
406 510 1
406 538 1
406 548 1
406 561 1
406 594 1
406 605 1
406 617 1
406 628 1
406 664 1
406 670 1
406 680 1
406 685 1
406 693 1
406 703 1
406 709 1
406 744 1
406 745 1
406 779 1
406 804 1
406 806 1
406 811 1
406 823 1
406 837 1
406 894 1
406 927 1
406 928 1
406 953 1
406 957 1
406 986 1
406 989 1
406 993 1
407 484 1
407 501 1
407 503 1
407 525 1
407 528 1
407 548 1
407 557 1
407 566 1
407 679 1
407 687 1
407 691 1
407 711 1
407 715 1
407 726 1
407 741 1
407 784 1
407 821 1
407 829 1
407 846 1
407 923 1
407 932 1
407 940 1
407 961 1
407 977 1
408 419 1
408 430 1
408 441 1
408 477 1
408 524 1
408 567 1
408 583 1
408 587 1
408 599 1
408 612 1
408 634 1
408 645 1
408 689 1
408 724 1
408 734 1
408 737 1
408 742 1
408 759 1
408 763 1
408 889 1
408 921 1
408 957 1
409 422 1
409 458 1
409 472 1
409 509 1
409 530 1
409 544 1
409 552 1
409 578 1
409 591 1
409 616 1
409 639 1
409 643 1
409 649 1
409 669 1
409 670 1
409 737 1
409 739 1
409 758 1
409 761 1
409 764 1
409 774 1
409 775 1
409 781 1
409 819 1
409 830 1
409 927 1
409 954 1
409 968 1
409 969 1
409 997 1
410 465 1
410 482 1
410 489 1
410 518 1
410 574 1
410 593 1
410 627 1
410 634 1
410 642 1
410 655 1
410 704 1
410 705 1
410 742 1
410 756 1
410 769 1
410 788 1
410 852 1
410 872 1
410 880 1
410 882 1
410 886 1
410 914 1
410 918 1
410 935 1
410 955 1
410 962 1
410 963 1
410 992 1
411 412 1
411 465 1
411 492 1
411 567 1
411 601 1
411 606 1
411 637 1
411 655 1
411 658 1
411 673 1
411 676 1
411 704 1
411 710 1
411 757 1
411 771 1
411 785 1
411 795 1
411 840 1
411 888 1
411 892 1
411 920 1
411 928 1
411 952 1
411 967 1
412 431 1
412 438 1
412 453 1
412 492 1
412 499 1
412 505 1
412 562 1
412 611 1
412 635 1
412 636 1
412 638 1
412 639 1
412 640 1
412 650 1
412 679 1
412 687 1
412 689 1
412 710 1
412 712 1
412 721 1
412 734 1
412 766 1
412 772 1
412 808 1
412 820 1
412 832 1
412 907 1
412 931 1
412 986 1
412 994 1
413 415 1
413 460 1
413 461 1
413 465 1
413 474 1
413 504 1
413 552 1
413 587 1
413 614 1
413 648 1
413 649 1
413 651 1
413 656 1
413 674 1
413 755 1
413 786 1
413 793 1
413 843 1
413 862 1
413 913 1
413 925 1
413 932 1
413 945 1
413 947 1
413 948 1
413 949 1
413 995 1
414 431 1
414 452 1
414 454 1
414 480 1
414 518 1
414 542 1
414 597 1
414 611 1
414 628 1
414 632 1
414 633 1
414 646 1
414 658 1
414 671 1
414 674 1
414 686 1
414 688 1
414 769 1
414 780 1
414 883 1
414 898 1
414 923 1
415 427 1
415 443 1
415 446 1
415 488 1
415 495 1
415 528 1
415 531 1
415 533 1
415 559 1
415 585 1
415 589 1
415 602 1
415 618 1
415 633 1
415 663 1
415 671 1
415 674 1
415 687 1
415 696 1
415 698 1
415 737 1
415 752 1
415 788 1
415 819 1
415 824 1
415 854 1
415 871 1
415 880 1
415 899 1
415 921 1
415 936 1
415 948 1
415 978 1
416 442 1
416 445 1
416 480 1
416 554 1
416 586 1
416 630 1
416 639 1
416 645 1
416 647 1
416 676 1
416 723 1
416 749 1
416 758 1
416 762 1
416 796 1
416 806 1
416 845 1
416 872 1
416 909 1
416 927 1
416 932 1
416 943 1
416 944 1
417 462 1
417 509 1
417 519 1
417 521 1
417 532 1
417 539 1
417 543 1
417 546 1
417 547 1
417 551 1
417 620 1
417 640 1
417 648 1
417 673 1
417 683 1
417 684 1
417 766 1
417 845 1
417 851 1
417 879 1
417 930 1
417 991 1
418 428 1
418 429 1
418 462 1
418 542 1
418 553 1
418 555 1
418 564 1
418 568 1
418 574 1
418 577 1
418 583 1
418 587 1
418 628 1
418 647 1
418 659 1
418 668 1
418 672 1
418 674 1
418 682 1
418 683 1
418 693 1
418 726 1
418 749 1
418 805 1
418 815 1
418 825 1
418 842 1
418 878 1
418 881 1
418 887 1
418 896 1
418 903 1
418 929 1
418 934 1
418 938 1
418 971 1
418 988 1
418 990 1
419 447 1
419 477 1
419 499 1
419 512 1
419 550 1
419 608 1
419 619 1
419 621 1
419 643 1
419 677 1
419 683 1
419 714 1
419 724 1
419 734 1
419 744 1
419 745 1
419 753 1
419 755 1
419 776 1
419 781 1
419 784 1
419 793 1
419 798 1
419 815 1
419 887 1
419 909 1
419 929 1
419 951 1
419 983 1
419 985 1
419 993 1
419 998 1
420 427 1
420 453 1
420 479 1
420 510 1
420 548 1
420 566 1
420 573 1
420 583 1
420 593 1
420 607 1
420 645 1
420 673 1
420 683 1
420 691 1
420 699 1
420 701 1
420 702 1
420 703 1
420 731 1
420 735 1
420 737 1
420 741 1
420 766 1
420 772 1
420 816 1
420 832 1
420 834 1
420 835 1
420 845 1
420 846 1
420 850 1
420 883 1
420 923 1
420 949 1
420 975 1
420 992 1
420 993 1
421 438 1
421 447 1
421 452 1
421 455 1
421 456 1
421 469 1
421 493 1
421 508 1
421 546 1
421 572 1
421 611 1
421 649 1
421 673 1
421 678 1
421 703 1
421 708 1
421 723 1
421 745 1
421 776 1
421 783 1
421 798 1
421 828 1
421 840 1
421 841 1
421 844 1
421 917 1
421 922 1
421 932 1
421 957 1
421 970 1
421 986 1
422 476 1
422 496 1
422 510 1
422 531 1
422 540 1
422 561 1
422 585 1
422 645 1
422 693 1
422 707 1
422 725 1
422 745 1
422 749 1
422 753 1
422 761 1
422 766 1
422 770 1
422 777 1
422 848 1
422 849 1
422 853 1
422 889 1
422 891 1
422 897 1
422 910 1
422 917 1
422 921 1
422 948 1
422 951 1
422 953 1
422 971 1
423 428 1
423 446 1
423 479 1
423 540 1
423 584 1
423 585 1
423 586 1
423 608 1
423 615 1
423 621 1
423 625 1
423 626 1
423 641 1
423 657 1
423 715 1
423 723 1
423 746 1
423 819 1
423 842 1
423 863 1
423 871 1
423 938 1
423 943 1
423 964 1
424 434 1
424 448 1
424 480 1
424 497 1
424 515 1
424 560 1
424 564 1
424 566 1
424 576 1
424 594 1
424 595 1
424 625 1
424 626 1
424 654 1
424 655 1
424 661 1
424 675 1
424 695 1
424 714 1
424 724 1
424 725 1
424 746 1
424 761 1
424 780 1
424 806 1
424 809 1
424 834 1
424 835 1
424 849 1
424 889 1
424 900 1
424 910 1
424 950 1
424 954 1
424 958 1
424 966 1
424 970 1
424 986 1
425 446 1
425 493 1
425 516 1
425 518 1
425 522 1
425 539 1
425 551 1
425 580 1
425 586 1
425 604 1
425 637 1
425 651 1
425 683 1
425 694 1
425 732 1
425 736 1
425 743 1
425 748 1
425 771 1
425 824 1
425 836 1
425 838 1
425 845 1
425 859 1
425 883 1
425 891 1
425 902 1
425 926 1
425 966 1
425 979 1
426 457 1
426 470 1
426 476 1
426 477 1
426 484 1
426 486 1
426 511 1
426 525 1
426 548 1
426 567 1
426 571 1
426 574 1
426 608 1
426 764 1
426 772 1
426 783 1
426 815 1
426 829 1
426 843 1
426 849 1
426 866 1
426 876 1
426 910 1
426 922 1
426 932 1
426 938 1
426 947 1
426 965 1
426 992 1
426 998 1
427 431 1
427 457 1
427 467 1
427 478 1
427 494 1
427 497 1
427 537 1
427 543 1
427 562 1
427 570 1
427 578 1
427 593 1
427 612 1
427 619 1
427 639 1
427 649 1
427 682 1
427 686 1
427 717 1
427 754 1
427 761 1
427 774 1
427 782 1
427 784 1
427 838 1
427 884 1
427 919 1
427 926 1
427 930 1
427 953 1
427 960 1
427 967 1
428 430 1
428 441 1
428 447 1
428 473 1
428 485 1
428 502 1
428 630 1
428 659 1
428 693 1
428 714 1
428 730 1
428 733 1
428 734 1
428 774 1
428 780 1
428 792 1
428 796 1
428 803 1
428 812 1
428 849 1
428 863 1
428 866 1
428 872 1
428 873 1
428 884 1
428 915 1
428 916 1
428 928 1
428 957 1
429 435 1
429 463 1
429 470 1
429 509 1
429 525 1
429 532 1
429 534 1
429 543 1
429 568 1
429 582 1
429 585 1
429 593 1
429 594 1
429 595 1
429 667 1
429 696 1
429 716 1
429 741 1
429 742 1
429 756 1
429 816 1
429 820 1
429 833 1
429 835 1
429 840 1
429 857 1
429 866 1
429 869 1
429 876 1
429 883 1
429 887 1
429 921 1
429 935 1
429 938 1
429 956 1
429 964 1
429 974 1
430 444 1
430 454 1
430 471 1
430 486 1
430 511 1
430 512 1
430 547 1
430 574 1
430 582 1
430 617 1
430 637 1
430 658 1
430 700 1
430 703 1
430 716 1
430 760 1
430 773 1
430 788 1
430 842 1
430 864 1
430 912 1
430 932 1
430 980 1
431 457 1
431 472 1
431 491 1
431 506 1
431 513 1
431 514 1
431 560 1
431 585 1
431 593 1
431 598 1
431 600 1
431 663 1
431 680 1
431 703 1
431 751 1
431 842 1
431 844 1
431 879 1
431 904 1
431 994 1
432 437 1
432 458 1
432 491 1
432 500 1
432 510 1
432 521 1
432 523 1
432 553 1
432 571 1
432 582 1
432 603 1
432 617 1
432 638 1
432 643 1
432 672 1
432 674 1
432 733 1
432 742 1
432 754 1
432 765 1
432 850 1
432 855 1
432 861 1
432 901 1
432 916 1
432 919 1
432 936 1
432 948 1
432 972 1
432 974 1
432 998 1
432 999 1
433 454 1
433 474 1
433 502 1
433 535 1
433 540 1
433 547 1
433 575 1
433 612 1
433 635 1
433 657 1
433 703 1
433 710 1
433 769 1
433 781 1
433 790 1
433 801 1
433 842 1
433 852 1
433 928 1
433 933 1
433 945 1
433 961 1
433 972 1
433 977 1
433 986 1
434 461 1
434 468 1
434 472 1
434 496 1
434 510 1
434 522 1
434 538 1
434 542 1
434 543 1
434 572 1
434 603 1
434 607 1
434 610 1
434 616 1
434 639 1
434 673 1
434 679 1
434 718 1
434 793 1
434 805 1
434 825 1
434 863 1
434 947 1
434 956 1
434 970 1
434 996 1
435 449 1
435 465 1
435 483 1
435 503 1
435 526 1
435 533 1
435 538 1
435 539 1
435 551 1
435 559 1
435 564 1
435 618 1
435 620 1
435 635 1
435 647 1
435 674 1
435 699 1
435 712 1
435 765 1
435 772 1
435 775 1
435 796 1
435 800 1
435 806 1
435 809 1
435 827 1
435 837 1
435 876 1
435 894 1
435 912 1
435 928 1
435 942 1
435 952 1
435 983 1
435 990 1
436 458 1
436 459 1
436 464 1
436 477 1
436 498 1
436 545 1
436 579 1
436 599 1
436 604 1
436 605 1
436 622 1
436 626 1
436 641 1
436 646 1
436 703 1
436 709 1
436 721 1
436 746 1
436 788 1
436 823 1
436 842 1
436 844 1
436 858 1
436 866 1
436 868 1
436 869 1
436 897 1
436 908 1
436 918 1
436 945 1
436 958 1
436 972 1
436 973 1
436 974 1
436 997 1
437 441 1
437 455 1
437 517 1
437 542 1
437 546 1
437 553 1
437 566 1
437 571 1
437 622 1
437 654 1
437 656 1
437 661 1
437 662 1
437 679 1
437 682 1
437 686 1
437 694 1
437 705 1
437 714 1
437 780 1
437 792 1
437 803 1
437 816 1
437 842 1
437 846 1
437 859 1
437 893 1
437 943 1
438 442 1
438 506 1
438 509 1
438 528 1
438 529 1
438 543 1
438 557 1
438 560 1
438 564 1
438 578 1
438 589 1
438 604 1
438 617 1
438 618 1
438 637 1
438 680 1
438 681 1
438 695 1
438 709 1
438 710 1
438 756 1
438 760 1
438 779 1
438 782 1
438 785 1
438 806 1
438 826 1
438 853 1
438 855 1
438 875 1
438 877 1
438 916 1
438 919 1
438 939 1
438 940 1
438 945 1
438 982 1
439 442 1
439 457 1
439 507 1
439 516 1
439 517 1
439 526 1
439 543 1
439 546 1
439 555 1
439 568 1
439 615 1
439 616 1
439 619 1
439 623 1
439 625 1
439 657 1
439 692 1
439 775 1
439 779 1
439 783 1
439 804 1
439 823 1
439 835 1
439 840 1
439 862 1
439 864 1
439 883 1
439 892 1
439 939 1
439 948 1
439 953 1
439 959 1
439 984 1
439 990 1
440 478 1
440 479 1
440 486 1
440 510 1
440 536 1
440 538 1
440 561 1
440 583 1
440 591 1
440 605 1
440 618 1
440 621 1
440 630 1
440 653 1
440 734 1
440 759 1
440 784 1
440 872 1
440 969 1
440 983 1
441 443 1
441 466 1
441 469 1
441 474 1
441 497 1
441 529 1
441 540 1
441 542 1
441 567 1
441 614 1
441 628 1
441 665 1
441 683 1
441 702 1
441 726 1
441 741 1
441 744 1
441 760 1
441 769 1
441 798 1
441 809 1
441 810 1
441 835 1
441 841 1
441 847 1
441 921 1
441 959 1
441 984 1
441 988 1
441 991 1
442 447 1
442 459 1
442 483 1
442 505 1
442 546 1
442 560 1
442 578 1
442 585 1
442 598 1
442 641 1
442 642 1
442 653 1
442 699 1
442 707 1
442 716 1
442 719 1
442 730 1
442 732 1
442 737 1
442 766 1
442 784 1
442 816 1
442 840 1
442 856 1
442 894 1
442 898 1
442 907 1
442 915 1
443 452 1
443 453 1
443 465 1
443 483 1
443 491 1
443 499 1
443 502 1
443 505 1
443 510 1
443 512 1
443 513 1
443 545 1
443 580 1
443 597 1
443 624 1
443 626 1
443 634 1
443 650 1
443 710 1
443 759 1
443 791 1
443 792 1
443 834 1
443 853 1
443 854 1
443 870 1
443 881 1
443 894 1
443 911 1
443 945 1
443 951 1
443 961 1
443 968 1
443 972 1
443 981 1
443 992 1
443 998 1
444 457 1
444 516 1
444 542 1
444 548 1
444 580 1
444 581 1
444 584 1
444 586 1
444 610 1
444 636 1
444 659 1
444 703 1
444 711 1
444 751 1
444 764 1
444 766 1
444 778 1
444 818 1
444 826 1
444 832 1
444 846 1
444 851 1
444 900 1
444 933 1
444 949 1
444 959 1
445 459 1
445 464 1
445 468 1
445 471 1
445 490 1
445 514 1
445 559 1
445 589 1
445 601 1
445 609 1
445 618 1
445 624 1
445 628 1
445 629 1
445 659 1
445 677 1
445 694 1
445 706 1
445 714 1
445 722 1
445 731 1
445 748 1
445 766 1
445 767 1
445 779 1
445 788 1
445 820 1
445 825 1
445 833 1
445 875 1
445 902 1
445 919 1
445 939 1
445 952 1
445 970 1
446 458 1
446 465 1
446 488 1
446 574 1
446 586 1
446 605 1
446 620 1
446 629 1
446 638 1
446 657 1
446 662 1
446 667 1
446 680 1
446 689 1
446 690 1
446 694 1
446 736 1
446 742 1
446 748 1
446 751 1
446 821 1
446 831 1
446 832 1
446 844 1
446 847 1
446 876 1
446 906 1
446 917 1
446 944 1
446 969 1
446 972 1
447 452 1
447 511 1
447 538 1
447 612 1
447 630 1
447 642 1
447 659 1
447 693 1
447 712 1
447 728 1
447 750 1
447 752 1
447 767 1
447 778 1
447 780 1
447 864 1
447 892 1
447 926 1
447 968 1
447 975 1
448 470 1
448 471 1
448 476 1
448 485 1
448 497 1
448 514 1
448 542 1
448 571 1
448 573 1
448 575 1
448 593 1
448 599 1
448 614 1
448 641 1
448 644 1
448 663 1
448 666 1
448 695 1
448 696 1
448 723 1
448 727 1
448 732 1
448 737 1
448 740 1
448 747 1
448 764 1
448 790 1
448 801 1
448 833 1
448 836 1
448 855 1
448 856 1
448 860 1
448 917 1
448 956 1
448 964 1
448 993 1
449 450 1
449 465 1
449 482 1
449 483 1
449 506 1
449 509 1
449 534 1
449 539 1
449 613 1
449 617 1
449 619 1
449 632 1
449 643 1
449 654 1
449 675 1
449 685 1
449 693 1
449 694 1
449 702 1
449 708 1
449 712 1
449 720 1
449 748 1
449 794 1
449 811 1
449 826 1
449 848 1
449 859 1
449 875 1
449 889 1
449 891 1
449 902 1
449 941 1
450 462 1
450 474 1
450 493 1
450 513 1
450 530 1
450 549 1
450 563 1
450 579 1
450 582 1
450 592 1
450 626 1
450 630 1
450 647 1
450 663 1
450 665 1
450 686 1
450 706 1
450 738 1
450 752 1
450 823 1
450 836 1
450 876 1
450 878 1
450 885 1
450 894 1
450 909 1
450 912 1
450 919 1
450 920 1
450 930 1
450 946 1
450 957 1
450 961 1
450 991 1
451 470 1
451 490 1
451 568 1
451 596 1
451 616 1
451 618 1
451 623 1
451 649 1
451 657 1
451 658 1
451 700 1
451 701 1
451 706 1
451 733 1
451 819 1
451 820 1
451 821 1
451 825 1
451 840 1
451 844 1
451 854 1
451 879 1
451 884 1
451 937 1
451 946 1
451 954 1
451 961 1
451 963 1
452 463 1
452 494 1
452 521 1
452 522 1
452 525 1
452 542 1
452 588 1
452 593 1
452 596 1
452 631 1
452 729 1
452 731 1
452 750 1
452 761 1
452 803 1
452 812 1
452 821 1
452 863 1
452 889 1
452 934 1
452 935 1
452 956 1
453 460 1
453 472 1
453 477 1
453 520 1
453 528 1
453 557 1
453 577 1
453 588 1
453 602 1
453 614 1
453 636 1
453 651 1
453 687 1
453 690 1
453 706 1
453 737 1
453 746 1
453 768 1
453 807 1
453 823 1
453 843 1
453 880 1
453 899 1
453 916 1
453 964 1
453 982 1
454 456 1
454 463 1
454 483 1
454 495 1
454 498 1
454 501 1
454 502 1
454 513 1
454 547 1
454 559 1
454 569 1
454 576 1
454 589 1
454 635 1
454 643 1
454 660 1
454 663 1
454 673 1
454 693 1
454 704 1
454 726 1
454 759 1
454 766 1
454 783 1
454 825 1
454 883 1
454 895 1
454 902 1
454 925 1
454 969 1
455 466 1
455 481 1
455 491 1
455 499 1
455 571 1
455 620 1
455 625 1
455 669 1
455 690 1
455 697 1
455 731 1
455 745 1
455 751 1
455 770 1
455 784 1
455 785 1
455 823 1
455 834 1
455 901 1
455 917 1
455 929 1
455 949 1
456 459 1
456 476 1
456 478 1
456 495 1
456 619 1
456 634 1
456 642 1
456 657 1
456 666 1
456 669 1
456 678 1
456 700 1
456 704 1
456 729 1
456 730 1
456 779 1
456 790 1
456 805 1
456 807 1
456 815 1
456 824 1
456 832 1
456 834 1
456 836 1
456 843 1
456 856 1
456 887 1
456 898 1
456 932 1
456 935 1
457 507 1
457 523 1
457 595 1
457 667 1
457 670 1
457 696 1
457 743 1
457 760 1
457 788 1
457 849 1
457 889 1
457 890 1
457 918 1
457 983 1
457 986 1
457 998 1
458 472 1
458 478 1
458 484 1
458 514 1
458 515 1
458 520 1
458 579 1
458 590 1
458 613 1
458 630 1
458 646 1
458 660 1
458 669 1
458 732 1
458 736 1
458 797 1
458 801 1
458 836 1
458 859 1
458 872 1
458 877 1
458 944 1
458 946 1
458 961 1
458 975 1
458 993 1
459 464 1
459 514 1
459 518 1
459 530 1
459 535 1
459 544 1
459 548 1
459 556 1
459 570 1
459 604 1
459 652 1
459 677 1
459 685 1
459 690 1
459 693 1
459 715 1
459 725 1
459 781 1
459 845 1
459 858 1
459 860 1
459 913 1
459 968 1
459 981 1
460 488 1
460 514 1
460 522 1
460 523 1
460 542 1
460 549 1
460 559 1
460 616 1
460 629 1
460 635 1
460 690 1
460 717 1
460 724 1
460 729 1
460 738 1
460 744 1
460 749 1
460 779 1
460 800 1
460 810 1
460 885 1
460 902 1
460 952 1
460 953 1
460 955 1
460 996 1
461 462 1
461 508 1
461 521 1
461 527 1
461 528 1
461 553 1
461 573 1
461 577 1
461 619 1
461 630 1
461 647 1
461 689 1
461 700 1
461 739 1
461 740 1
461 744 1
461 759 1
461 790 1
461 793 1
461 795 1
461 809 1
461 811 1
461 816 1
461 829 1
461 838 1
461 858 1
461 873 1
461 886 1
461 904 1
461 934 1
461 941 1
461 949 1
461 988 1
462 506 1
462 507 1
462 511 1
462 516 1
462 519 1
462 522 1
462 525 1
462 545 1
462 558 1
462 586 1
462 601 1
462 646 1
462 648 1
462 650 1
462 675 1
462 677 1
462 685 1
462 700 1
462 714 1
462 727 1
462 750 1
462 778 1
462 781 1
462 794 1
462 802 1
462 816 1
462 860 1
462 867 1
462 877 1
462 890 1
462 902 1
462 906 1
462 922 1
462 939 1
462 941 1
462 970 1
463 483 1
463 508 1
463 549 1
463 570 1
463 656 1
463 687 1
463 708 1
463 746 1
463 756 1
463 757 1
463 787 1
463 797 1
463 832 1
463 849 1
463 884 1
463 888 1
463 897 1
463 905 1
463 927 1
463 935 1
463 936 1
463 981 1
463 989 1
463 993 1
464 465 1
464 491 1
464 511 1
464 523 1
464 555 1
464 582 1
464 586 1
464 613 1
464 641 1
464 684 1
464 688 1
464 702 1
464 714 1
464 779 1
464 796 1
464 809 1
464 828 1
464 840 1
464 846 1
464 849 1
464 850 1
464 853 1
464 863 1
464 870 1
464 885 1
464 929 1
464 930 1
465 466 1
465 467 1
465 469 1
465 493 1
465 499 1
465 505 1
465 507 1
465 565 1
465 566 1
465 624 1
465 637 1
465 657 1
465 673 1
465 682 1
465 684 1
465 728 1
465 730 1
465 770 1
465 777 1
465 801 1
465 814 1
465 820 1
465 829 1
465 848 1
465 870 1
465 872 1
465 881 1
465 900 1
465 905 1
465 942 1
465 970 1
466 470 1
466 483 1
466 490 1
466 500 1
466 504 1
466 554 1
466 576 1
466 667 1
466 693 1
466 695 1
466 764 1
466 765 1
466 769 1
466 790 1
466 842 1
466 852 1
466 867 1
466 873 1
466 891 1
466 909 1
466 947 1
467 470 1
467 515 1
467 518 1
467 536 1
467 559 1
467 560 1
467 596 1
467 620 1
467 635 1
467 655 1
467 660 1
467 694 1
467 744 1
467 747 1
467 753 1
467 799 1
467 800 1
467 825 1
467 836 1
467 859 1
467 889 1
467 924 1
467 964 1
467 968 1
467 973 1
467 982 1
468 471 1
468 481 1
468 493 1
468 524 1
468 537 1
468 539 1
468 592 1
468 611 1
468 615 1
468 632 1
468 651 1
468 670 1
468 679 1
468 685 1
468 716 1
468 724 1
468 739 1
468 743 1
468 751 1
468 796 1
468 809 1
468 821 1
468 836 1
468 863 1
468 871 1
468 879 1
468 889 1
468 896 1
468 933 1
468 942 1
468 985 1
468 1000 1
469 492 1
469 495 1
469 564 1
469 592 1
469 602 1
469 606 1
469 617 1
469 642 1
469 645 1
469 652 1
469 732 1
469 761 1
469 765 1
469 891 1
469 896 1
469 933 1
469 986 1
470 471 1
470 518 1
470 537 1
470 541 1
470 546 1
470 553 1
470 565 1
470 606 1
470 608 1
470 638 1
470 648 1
470 661 1
470 683 1
470 689 1
470 751 1
470 778 1
470 819 1
470 852 1
470 861 1
470 871 1
470 874 1
470 880 1
470 883 1
470 887 1
470 931 1
470 965 1
470 989 1
471 475 1
471 491 1
471 503 1
471 526 1
471 583 1
471 612 1
471 618 1
471 641 1
471 661 1
471 670 1
471 688 1
471 705 1
471 709 1
471 710 1
471 718 1
471 733 1
471 804 1
471 833 1
471 863 1
471 867 1
471 888 1
471 891 1
471 893 1
471 930 1
471 996 1
471 997 1
472 479 1
472 504 1
472 523 1
472 528 1
472 532 1
472 535 1
472 545 1
472 569 1
472 572 1
472 600 1
472 613 1
472 618 1
472 665 1
472 703 1
472 774 1
472 782 1
472 784 1
472 798 1
472 819 1
472 821 1
472 867 1
472 882 1
472 893 1
472 898 1
472 922 1
472 952 1
472 953 1
472 960 1
472 974 1
472 977 1
472 988 1
472 996 1
472 1000 1
473 474 1
473 483 1
473 498 1
473 510 1
473 529 1
473 542 1
473 593 1
473 596 1
473 644 1
473 653 1
473 659 1
473 671 1
473 688 1
473 704 1
473 710 1
473 744 1
473 767 1
473 801 1
473 806 1
473 810 1
473 840 1
473 845 1
473 855 1
473 893 1
473 919 1
473 921 1
473 970 1
473 989 1
474 477 1
474 478 1
474 509 1
474 520 1
474 546 1
474 557 1
474 597 1
474 598 1
474 620 1
474 621 1
474 644 1
474 648 1
474 674 1
474 688 1
474 698 1
474 722 1
474 732 1
474 733 1
474 763 1
474 777 1
474 787 1
474 797 1
474 809 1
474 845 1
474 875 1
474 887 1
474 894 1
474 898 1
474 912 1
474 941 1
475 519 1
475 542 1
475 622 1
475 630 1
475 656 1
475 660 1
475 663 1
475 668 1
475 669 1
475 710 1
475 726 1
475 730 1
475 762 1
475 764 1
475 766 1
475 777 1
475 794 1
475 819 1
475 825 1
475 856 1
475 869 1
475 877 1
475 879 1
475 883 1
475 884 1
475 889 1
475 896 1
475 918 1
475 926 1
475 988 1
476 495 1
476 506 1
476 515 1
476 534 1
476 535 1
476 551 1
476 561 1
476 563 1
476 573 1
476 596 1
476 615 1
476 624 1
476 633 1
476 649 1
476 652 1
476 671 1
476 692 1
476 704 1
476 705 1
476 733 1
476 734 1
476 760 1
476 773 1
476 782 1
476 800 1
476 808 1
476 836 1
476 844 1
476 865 1
476 915 1
476 922 1
476 935 1
476 966 1
476 983 1
476 986 1
477 487 1
477 525 1
477 535 1
477 546 1
477 581 1
477 622 1
477 628 1
477 630 1
477 633 1
477 642 1
477 651 1
477 703 1
477 736 1
477 747 1
477 757 1
477 805 1
477 807 1
477 813 1
477 822 1
477 843 1
477 845 1
477 857 1
477 866 1
477 888 1
477 903 1
477 928 1
477 930 1
477 942 1
477 960 1
477 964 1
477 984 1
477 986 1
477 991 1
477 999 1
478 499 1
478 560 1
478 563 1
478 584 1
478 599 1
478 602 1
478 622 1
478 641 1
478 680 1
478 704 1
478 742 1
478 809 1
478 820 1
478 836 1
478 895 1
478 909 1
478 914 1
478 932 1
478 945 1
478 948 1
478 956 1
478 976 1
479 493 1
479 501 1
479 582 1
479 598 1
479 612 1
479 626 1
479 630 1
479 664 1
479 688 1
479 693 1
479 720 1
479 758 1
479 767 1
479 824 1
479 830 1
479 834 1
479 835 1
479 847 1
479 866 1
479 927 1
479 978 1
479 983 1
479 985 1
479 989 1
479 996 1
480 498 1
480 537 1
480 544 1
480 566 1
480 578 1
480 589 1
480 598 1
480 622 1
480 627 1
480 660 1
480 666 1
480 687 1
480 698 1
480 711 1
480 718 1
480 720 1
480 738 1
480 774 1
480 799 1
480 810 1
480 811 1
480 815 1
480 857 1
480 877 1
480 879 1
480 883 1
480 888 1
480 889 1
480 901 1
480 902 1
480 908 1
480 920 1
480 988 1
480 994 1
481 486 1
481 494 1
481 500 1
481 531 1
481 536 1
481 539 1
481 551 1
481 556 1
481 571 1
481 623 1
481 692 1
481 696 1
481 710 1
481 720 1
481 723 1
481 727 1
481 773 1
481 810 1
481 854 1
481 875 1
481 876 1
481 917 1
481 963 1
481 997 1
482 529 1
482 538 1
482 540 1
482 570 1
482 592 1
482 594 1
482 598 1
482 599 1
482 616 1
482 636 1
482 651 1
482 678 1
482 702 1
482 717 1
482 732 1
482 763 1
482 837 1
482 847 1
482 861 1
482 901 1
482 948 1
482 967 1
482 991 1
483 505 1
483 527 1
483 561 1
483 563 1
483 571 1
483 575 1
483 582 1
483 650 1
483 655 1
483 715 1
483 718 1
483 742 1
483 755 1
483 762 1
483 770 1
483 772 1
483 807 1
483 829 1
483 830 1
483 838 1
483 849 1
483 865 1
483 921 1
483 935 1
483 954 1
483 957 1
483 978 1
483 997 1
484 602 1
484 615 1
484 621 1
484 623 1
484 624 1
484 629 1
484 698 1
484 709 1
484 713 1
484 716 1
484 719 1
484 752 1
484 759 1
484 770 1
484 781 1
484 793 1
484 808 1
484 812 1
484 835 1
484 866 1
484 894 1
484 932 1
484 985 1
484 1000 1
485 513 1
485 565 1
485 569 1
485 571 1
485 580 1
485 614 1
485 622 1
485 630 1
485 648 1
485 722 1
485 725 1
485 800 1
485 859 1
485 864 1
485 895 1
485 898 1
485 911 1
485 924 1
485 966 1
485 973 1
485 993 1
486 488 1
486 502 1
486 509 1
486 554 1
486 574 1
486 578 1
486 585 1
486 586 1
486 601 1
486 648 1
486 661 1
486 662 1
486 680 1
486 683 1
486 686 1
486 726 1
486 734 1
486 737 1
486 738 1
486 790 1
486 836 1
486 859 1
486 882 1
486 887 1
486 891 1
486 925 1
486 928 1
486 943 1
486 960 1
486 987 1
486 995 1
486 999 1
487 529 1
487 568 1
487 576 1
487 602 1
487 646 1
487 670 1
487 671 1
487 701 1
487 715 1
487 753 1
487 760 1
487 788 1
487 812 1
487 814 1
487 836 1
487 891 1
487 919 1
487 925 1
487 931 1
487 943 1
487 959 1
487 981 1
488 546 1
488 560 1
488 585 1
488 601 1
488 609 1
488 639 1
488 640 1
488 651 1
488 652 1
488 663 1
488 674 1
488 683 1
488 692 1
488 715 1
488 732 1
488 742 1
488 788 1
488 790 1
488 792 1
488 811 1
488 813 1
488 828 1
488 837 1
488 843 1
488 866 1
488 870 1
488 896 1
488 926 1
488 946 1
488 952 1
489 500 1
489 581 1
489 585 1
489 598 1
489 607 1
489 620 1
489 623 1
489 634 1
489 635 1
489 663 1
489 691 1
489 733 1
489 748 1
489 765 1
489 782 1
489 783 1
489 795 1
489 826 1
489 830 1
489 904 1
489 916 1
489 919 1
489 932 1
489 938 1
489 968 1
489 980 1
489 988 1
490 492 1
490 499 1
490 508 1
490 518 1
490 526 1
490 531 1
490 544 1
490 546 1
490 547 1
490 549 1
490 562 1
490 583 1
490 589 1
490 592 1
490 607 1
490 622 1
490 655 1
490 664 1
490 696 1
490 697 1
490 720 1
490 778 1
490 779 1
490 808 1
490 833 1
490 838 1
490 851 1
490 875 1
490 915 1
490 927 1
490 939 1
490 944 1
490 959 1
490 964 1
490 991 1
490 999 1
491 549 1
491 552 1
491 559 1
491 565 1
491 611 1
491 644 1
491 660 1
491 740 1
491 771 1
491 808 1
491 817 1
491 828 1
491 836 1
491 844 1
491 853 1
491 895 1
491 897 1
491 906 1
491 908 1
491 927 1
491 956 1
491 979 1
491 989 1
491 997 1
491 999 1
492 533 1
492 537 1
492 540 1
492 554 1
492 555 1
492 557 1
492 647 1
492 651 1
492 656 1
492 659 1
492 699 1
492 707 1
492 712 1
492 725 1
492 747 1
492 761 1
492 776 1
492 785 1
492 788 1
492 815 1
492 818 1
492 823 1
492 887 1
492 910 1
492 928 1
492 973 1
493 513 1
493 523 1
493 532 1
493 556 1
493 613 1
493 623 1
493 641 1
493 646 1
493 656 1
493 697 1
493 698 1
493 702 1
493 741 1
493 742 1
493 744 1
493 758 1
493 762 1
493 802 1
493 810 1
493 811 1
493 813 1
493 816 1
493 876 1
493 897 1
493 926 1
493 928 1
493 941 1
493 943 1
493 958 1
494 535 1
494 540 1
494 545 1
494 554 1
494 565 1
494 614 1
494 626 1
494 665 1
494 677 1
494 701 1
494 717 1
494 720 1
494 740 1
494 792 1
494 806 1
494 808 1
494 819 1
494 857 1
494 884 1
494 997 1
495 507 1
495 544 1
495 545 1
495 591 1
495 605 1
495 659 1
495 717 1
495 731 1
495 737 1
495 757 1
495 763 1
495 860 1
495 864 1
495 910 1
495 923 1
495 934 1
495 948 1
495 952 1
495 953 1
495 976 1
495 982 1
496 506 1
496 543 1
496 566 1
496 624 1
496 691 1
496 692 1
496 697 1
496 698 1
496 707 1
496 749 1
496 768 1
496 772 1
496 780 1
496 781 1
496 787 1
496 805 1
496 841 1
496 873 1
496 890 1
496 896 1
496 901 1
496 903 1
496 912 1
496 947 1
496 994 1
497 506 1
497 523 1
497 529 1
497 539 1
497 552 1
497 591 1
497 638 1
497 645 1
497 654 1
497 660 1
497 678 1
497 688 1
497 691 1
497 696 1
497 697 1
497 709 1
497 714 1
497 736 1
497 738 1
497 749 1
497 778 1
497 803 1
497 816 1
497 838 1
497 841 1
497 904 1
497 905 1
497 914 1
497 924 1
498 517 1
498 525 1
498 582 1
498 591 1
498 610 1
498 645 1
498 657 1
498 661 1
498 668 1
498 672 1
498 675 1
498 705 1
498 725 1
498 729 1
498 737 1
498 764 1
498 788 1
498 798 1
498 809 1
498 836 1
498 852 1
498 865 1
498 917 1
498 932 1
498 940 1
498 964 1
499 520 1
499 552 1
499 559 1
499 562 1
499 570 1
499 572 1
499 575 1
499 610 1
499 651 1
499 654 1
499 659 1
499 660 1
499 699 1
499 714 1
499 716 1
499 718 1
499 720 1
499 759 1
499 760 1
499 784 1
499 835 1
499 895 1
499 964 1
500 571 1
500 622 1
500 656 1
500 672 1
500 700 1
500 702 1
500 719 1
500 735 1
500 763 1
500 791 1
500 813 1
500 821 1
500 824 1
500 845 1
500 851 1
500 870 1
500 876 1
500 896 1
500 914 1
500 931 1
500 964 1
500 966 1
501 506 1
501 512 1
501 514 1
501 519 1
501 564 1
501 634 1
501 648 1
501 656 1
501 663 1
501 669 1
501 692 1
501 707 1
501 717 1
501 771 1
501 792 1
501 836 1
501 841 1
501 868 1
501 891 1
501 895 1
501 907 1
501 908 1
501 913 1
501 920 1
501 943 1
501 946 1
501 959 1
501 963 1
501 972 1
501 974 1
501 988 1
501 999 1
502 511 1
502 514 1
502 535 1
502 546 1
502 571 1
502 579 1
502 584 1
502 593 1
502 617 1
502 622 1
502 638 1
502 710 1
502 731 1
502 749 1
502 760 1
502 762 1
502 777 1
502 781 1
502 794 1
502 855 1
502 935 1
502 936 1
502 942 1
502 960 1
502 974 1
502 977 1
502 979 1
503 504 1
503 513 1
503 542 1
503 567 1
503 603 1
503 614 1
503 630 1
503 637 1
503 674 1
503 774 1
503 783 1
503 833 1
503 842 1
503 857 1
503 904 1
503 941 1
503 952 1
504 510 1
504 520 1
504 521 1
504 538 1
504 549 1
504 551 1
504 553 1
504 557 1
504 579 1
504 600 1
504 610 1
504 611 1
504 630 1
504 634 1
504 635 1
504 652 1
504 658 1
504 699 1
504 757 1
504 794 1
504 797 1
504 839 1
504 841 1
504 878 1
504 898 1
504 955 1
504 980 1
505 558 1
505 576 1
505 579 1
505 597 1
505 610 1
505 627 1
505 641 1
505 685 1
505 696 1
505 701 1
505 725 1
505 727 1
505 739 1
505 801 1
505 803 1
505 834 1
505 841 1
505 852 1
505 853 1
505 877 1
505 934 1
505 988 1
505 995 1
506 512 1
506 568 1
506 573 1
506 633 1
506 644 1
506 675 1
506 693 1
506 719 1
506 772 1
506 778 1
506 788 1
506 830 1
506 839 1
506 876 1
506 906 1
506 931 1
506 951 1
506 957 1
506 999 1
507 536 1
507 537 1
507 541 1
507 555 1
507 563 1
507 616 1
507 633 1
507 676 1
507 677 1
507 681 1
507 715 1
507 736 1
507 749 1
507 760 1
507 772 1
507 780 1
507 793 1
507 836 1
507 864 1
507 924 1
507 937 1
507 975 1
508 510 1
508 519 1
508 533 1
508 544 1
508 568 1
508 570 1
508 599 1
508 613 1
508 616 1
508 625 1
508 631 1
508 632 1
508 638 1
508 641 1
508 662 1
508 675 1
508 676 1
508 680 1
508 697 1
508 716 1
508 723 1
508 744 1
508 748 1
508 755 1
508 773 1
508 794 1
508 814 1
508 845 1
508 879 1
508 940 1
508 948 1
508 959 1
508 967 1
508 1000 1
509 519 1
509 526 1
509 528 1
509 534 1
509 536 1
509 561 1
509 606 1
509 625 1
509 642 1
509 659 1
509 662 1
509 665 1
509 683 1
509 691 1
509 714 1
509 735 1
509 770 1
509 784 1
509 800 1
509 824 1
509 827 1
509 838 1
509 840 1
509 857 1
509 907 1
509 912 1
509 918 1
509 968 1
510 513 1
510 529 1
510 541 1
510 551 1
510 566 1
510 570 1
510 571 1
510 576 1
510 586 1
510 587 1
510 615 1
510 632 1
510 679 1
510 685 1
510 708 1
510 717 1
510 738 1
510 752 1
510 764 1
510 767 1
510 769 1
510 807 1
510 813 1
510 909 1
510 929 1
510 947 1
510 950 1
510 952 1
510 955 1
510 988 1
511 540 1
511 550 1
511 553 1
511 562 1
511 577 1
511 578 1
511 612 1
511 634 1
511 642 1
511 648 1
511 654 1
511 675 1
511 677 1
511 735 1
511 741 1
511 772 1
511 803 1
511 818 1
511 920 1
511 930 1
511 995 1
512 540 1
512 557 1
512 572 1
512 588 1
512 593 1
512 597 1
512 600 1
512 612 1
512 617 1
512 620 1
512 621 1
512 651 1
512 669 1
512 672 1
512 693 1
512 736 1
512 788 1
512 811 1
512 869 1
512 883 1
512 891 1
512 923 1
512 932 1
512 939 1
512 945 1
512 948 1
512 962 1
512 966 1
512 990 1
513 516 1
513 554 1
513 575 1
513 583 1
513 590 1
513 621 1
513 627 1
513 645 1
513 651 1
513 660 1
513 673 1
513 715 1
513 716 1
513 717 1
513 718 1
513 719 1
513 776 1
513 841 1
513 845 1
513 879 1
513 888 1
513 912 1
513 925 1
513 932 1
513 948 1
513 984 1
513 989 1
513 990 1
513 996 1
514 517 1
514 529 1
514 550 1
514 574 1
514 580 1
514 585 1
514 587 1
514 600 1
514 621 1
514 628 1
514 630 1
514 636 1
514 638 1
514 641 1
514 646 1
514 672 1
514 707 1
514 708 1
514 722 1
514 730 1
514 735 1
514 738 1
514 747 1
514 759 1
514 765 1
514 792 1
514 832 1
514 836 1
514 852 1
514 857 1
514 859 1
514 867 1
514 885 1
514 890 1
514 957 1
514 961 1
514 992 1
515 590 1
515 602 1
515 649 1
515 672 1
515 693 1
515 702 1
515 745 1
515 747 1
515 776 1
515 780 1
515 896 1
515 918 1
515 919 1
515 938 1
515 954 1
515 976 1
516 575 1
516 593 1
516 600 1
516 604 1
516 625 1
516 631 1
516 653 1
516 659 1
516 714 1
516 716 1
516 722 1
516 725 1
516 807 1
516 850 1
516 874 1
516 877 1
516 878 1
516 885 1
516 904 1
516 909 1
516 914 1
516 935 1
516 936 1
516 945 1
516 959 1
516 962 1
516 963 1
517 532 1
517 575 1
517 598 1
517 599 1
517 607 1
517 632 1
517 633 1
517 635 1
517 661 1
517 690 1
517 787 1
517 797 1
517 845 1
517 861 1
517 885 1
517 889 1
517 899 1
517 903 1
517 924 1
517 955 1
517 965 1
517 967 1
517 979 1
517 999 1
518 527 1
518 546 1
518 562 1
518 681 1
518 682 1
518 697 1
518 702 1
518 733 1
518 739 1
518 760 1
518 818 1
518 860 1
518 863 1
518 900 1
518 915 1
518 931 1
518 940 1
518 951 1
518 962 1
518 976 1
518 977 1
518 998 1
519 520 1
519 531 1
519 533 1
519 567 1
519 609 1
519 618 1
519 645 1
519 665 1
519 674 1
519 688 1
519 716 1
519 739 1
519 765 1
519 791 1
519 832 1
519 838 1
519 877 1
519 918 1
519 928 1
519 936 1
519 941 1
519 945 1
519 954 1
519 955 1
519 991 1
520 525 1
520 575 1
520 623 1
520 630 1
520 646 1
520 660 1
520 685 1
520 702 1
520 723 1
520 743 1
520 774 1
520 849 1
520 877 1
520 882 1
520 928 1
520 973 1
520 979 1
520 995 1
521 558 1
521 563 1
521 565 1
521 587 1
521 599 1
521 603 1
521 622 1
521 635 1
521 720 1
521 733 1
521 757 1
521 763 1
521 786 1
521 801 1
521 806 1
521 807 1
521 831 1
521 860 1
521 921 1
521 935 1
521 939 1
521 975 1
521 983 1
521 990 1
521 991 1
521 996 1
521 999 1
522 579 1
522 602 1
522 603 1
522 607 1
522 624 1
522 628 1
522 629 1
522 633 1
522 639 1
522 645 1
522 665 1
522 671 1
522 672 1
522 674 1
522 678 1
522 696 1
522 742 1
522 765 1
522 769 1
522 794 1
522 817 1
522 833 1
522 837 1
522 850 1
522 903 1
522 908 1
522 916 1
522 976 1
522 987 1
523 536 1
523 549 1
523 584 1
523 627 1
523 648 1
523 656 1
523 665 1
523 674 1
523 695 1
523 711 1
523 713 1
523 716 1
523 728 1
523 751 1
523 771 1
523 778 1
523 781 1
523 786 1
523 802 1
523 862 1
523 867 1
523 941 1
523 971 1
524 534 1
524 539 1
524 545 1
524 551 1
524 558 1
524 566 1
524 567 1
524 597 1
524 617 1
524 676 1
524 699 1
524 709 1
524 762 1
524 763 1
524 767 1
524 773 1
524 778 1
524 782 1
524 797 1
524 818 1
524 820 1
524 836 1
524 848 1
524 862 1
524 885 1
524 910 1
524 931 1
524 959 1
525 547 1
525 567 1
525 617 1
525 649 1
525 650 1
525 652 1
525 654 1
525 661 1
525 720 1
525 726 1
525 767 1
525 809 1
525 820 1
525 842 1
525 892 1
525 946 1
525 959 1
525 960 1
525 976 1
525 979 1
526 537 1
526 543 1
526 550 1
526 555 1
526 558 1
526 561 1
526 562 1
526 567 1
526 601 1
526 608 1
526 610 1
526 615 1
526 657 1
526 693 1
526 718 1
526 800 1
526 824 1
526 827 1
526 841 1
526 848 1
526 863 1
526 868 1
526 900 1
526 951 1
526 972 1
527 564 1
527 570 1
527 577 1
527 594 1
527 595 1
527 606 1
527 631 1
527 639 1
527 650 1
527 667 1
527 673 1
527 705 1
527 718 1
527 732 1
527 761 1
527 815 1
527 837 1
527 884 1
527 896 1
527 898 1
527 950 1
527 978 1
527 984 1
527 992 1
528 534 1
528 592 1
528 627 1
528 658 1
528 667 1
528 689 1
528 720 1
528 767 1
528 780 1
528 794 1
528 824 1
528 831 1
528 839 1
528 843 1
528 877 1
528 946 1
528 967 1
528 981 1
529 540 1
529 543 1
529 561 1
529 564 1
529 578 1
529 582 1
529 588 1
529 610 1
529 628 1
529 636 1
529 644 1
529 662 1
529 664 1
529 667 1
529 699 1
529 701 1
529 709 1
529 722 1
529 822 1
529 845 1
529 846 1
529 853 1
529 860 1
529 866 1
529 881 1
529 900 1
529 915 1
529 916 1
529 956 1
529 961 1
529 963 1
529 965 1
530 537 1
530 544 1
530 554 1
530 576 1
530 603 1
530 604 1
530 610 1
530 627 1
530 630 1
530 645 1
530 664 1
530 684 1
530 696 1
530 697 1
530 702 1
530 722 1
530 732 1
530 760 1
530 787 1
530 827 1
530 854 1
530 855 1
530 874 1
530 923 1
530 942 1
530 945 1
530 960 1
530 970 1
530 994 1
531 548 1
531 579 1
531 600 1
531 614 1
531 620 1
531 630 1
531 631 1
531 637 1
531 658 1
531 660 1
531 696 1
531 697 1
531 761 1
531 783 1
531 784 1
531 789 1
531 832 1
531 836 1
531 867 1
531 895 1
531 906 1
531 914 1
531 922 1
531 933 1
531 941 1
531 950 1
531 977 1
531 991 1
532 553 1
532 561 1
532 597 1
532 602 1
532 640 1
532 662 1
532 664 1
532 666 1
532 678 1
532 692 1
532 715 1
532 733 1
532 737 1
532 805 1
532 847 1
532 856 1
532 859 1
532 873 1
532 921 1
532 943 1
532 965 1
532 968 1
532 970 1
532 992 1
533 536 1
533 546 1
533 594 1
533 657 1
533 665 1
533 669 1
533 690 1
533 696 1
533 735 1
533 743 1
533 763 1
533 817 1
533 833 1
533 849 1
533 935 1
533 954 1
533 960 1
533 974 1
534 546 1
534 579 1
534 604 1
534 636 1
534 657 1
534 664 1
534 669 1
534 688 1
534 701 1
534 746 1
534 752 1
534 773 1
534 776 1
534 794 1
534 798 1
534 804 1
534 814 1
534 817 1
534 830 1
534 930 1
534 957 1
535 550 1
535 608 1
535 619 1
535 656 1
535 660 1
535 664 1
535 685 1
535 704 1
535 714 1
535 785 1
535 792 1
535 814 1
535 826 1
535 831 1
535 840 1
535 890 1
535 894 1
535 901 1
535 942 1
535 962 1
535 968 1
536 538 1
536 542 1
536 544 1
536 545 1
536 553 1
536 615 1
536 618 1
536 621 1
536 682 1
536 707 1
536 714 1
536 725 1
536 737 1
536 746 1
536 750 1
536 765 1
536 775 1
536 781 1
536 805 1
536 814 1
536 863 1
536 869 1
536 931 1
536 980 1
537 538 1
537 591 1
537 624 1
537 644 1
537 656 1
537 689 1
537 696 1
537 749 1
537 786 1
537 796 1
537 799 1
537 810 1
537 814 1
537 874 1
537 930 1
537 956 1
537 960 1
537 976 1
537 995 1
538 545 1
538 559 1
538 562 1
538 595 1
538 599 1
538 605 1
538 622 1
538 630 1
538 645 1
538 681 1
538 687 1
538 689 1
538 694 1
538 703 1
538 705 1
538 707 1
538 727 1
538 737 1
538 738 1
538 754 1
538 773 1
538 778 1
538 783 1
538 801 1
538 812 1
538 823 1
538 830 1
538 848 1
538 851 1
538 855 1
538 859 1
538 885 1
538 886 1
538 894 1
539 544 1
539 557 1
539 567 1
539 593 1
539 598 1
539 600 1
539 608 1
539 609 1
539 615 1
539 657 1
539 678 1
539 679 1
539 699 1
539 712 1
539 715 1
539 728 1
539 729 1
539 741 1
539 742 1
539 772 1
539 790 1
539 794 1
539 817 1
539 818 1
539 821 1
539 830 1
539 832 1
539 894 1
539 898 1
539 900 1
539 909 1
539 918 1
539 950 1
539 954 1
539 984 1
540 545 1
540 556 1
540 578 1
540 585 1
540 599 1
540 645 1
540 668 1
540 670 1
540 702 1
540 750 1
540 755 1
540 760 1
540 789 1
540 793 1
540 802 1
540 831 1
540 840 1
540 929 1
540 931 1
540 941 1
540 976 1
540 978 1
540 992 1
541 546 1
541 551 1
541 556 1
541 577 1
541 591 1
541 639 1
541 653 1
541 658 1
541 669 1
541 687 1
541 693 1
541 703 1
541 718 1
541 753 1
541 764 1
541 804 1
541 808 1
541 820 1
541 840 1
541 859 1
541 888 1
541 915 1
541 920 1
541 927 1
541 954 1
541 991 1
542 555 1
542 580 1
542 617 1
542 625 1
542 642 1
542 646 1
542 655 1
542 674 1
542 675 1
542 678 1
542 696 1
542 708 1
542 758 1
542 777 1
542 799 1
542 812 1
542 857 1
542 861 1
542 909 1
542 925 1
542 935 1
542 962 1
542 981 1
542 992 1
543 557 1
543 558 1
543 566 1
543 578 1
543 595 1
543 629 1
543 641 1
543 663 1
543 680 1
543 694 1
543 701 1
543 712 1
543 717 1
543 771 1
543 832 1
543 860 1
543 861 1
543 873 1
543 936 1
543 963 1
543 965 1
543 975 1
544 551 1
544 583 1
544 596 1
544 600 1
544 602 1
544 608 1
544 658 1
544 673 1
544 678 1
544 686 1
544 720 1
544 724 1
544 740 1
544 767 1
544 775 1
544 781 1
544 804 1
544 847 1
544 874 1
544 912 1
544 942 1
544 953 1
545 559 1
545 582 1
545 596 1
545 628 1
545 639 1
545 648 1
545 658 1
545 678 1
545 708 1
545 718 1
545 722 1
545 735 1
545 774 1
545 849 1
545 867 1
545 900 1
545 909 1
545 932 1
545 933 1
545 962 1
545 979 1
545 981 1
545 984 1
545 985 1
545 991 1
546 548 1
546 551 1
546 557 1
546 581 1
546 585 1
546 591 1
546 628 1
546 658 1
546 666 1
546 728 1
546 751 1
546 797 1
546 804 1
546 810 1
546 827 1
546 831 1
546 884 1
546 890 1
546 926 1
546 932 1
546 967 1
546 974 1
547 555 1
547 571 1
547 573 1
547 597 1
547 618 1
547 642 1
547 685 1
547 695 1
547 700 1
547 741 1
547 811 1
547 829 1
547 830 1
547 861 1
547 885 1
547 910 1
547 928 1
547 946 1
547 969 1
547 985 1
548 556 1
548 563 1
548 568 1
548 612 1
548 644 1
548 654 1
548 673 1
548 705 1
548 750 1
548 753 1
548 787 1
548 788 1
548 809 1
548 853 1
548 896 1
548 911 1
548 957 1
549 553 1
549 570 1
549 580 1
549 592 1
549 599 1
549 604 1
549 629 1
549 641 1
549 643 1
549 660 1
549 692 1
549 741 1
549 751 1
549 759 1
549 768 1
549 774 1
549 781 1
549 794 1
549 868 1
549 912 1
549 937 1
549 959 1
549 960 1
549 993 1
549 995 1
550 553 1
550 561 1
550 583 1
550 587 1
550 602 1
550 609 1
550 621 1
550 628 1
550 629 1
550 635 1
550 648 1
550 653 1
550 690 1
550 713 1
550 779 1
550 780 1
550 805 1
550 827 1
550 842 1
550 852 1
550 875 1
550 918 1
550 927 1
550 959 1
550 967 1
550 969 1
550 981 1
550 987 1
550 991 1
550 993 1
551 611 1
551 661 1
551 726 1
551 740 1
551 776 1
551 804 1
551 839 1
551 852 1
551 867 1
551 904 1
551 965 1
551 968 1
552 562 1
552 572 1
552 599 1
552 602 1
552 611 1
552 697 1
552 702 1
552 733 1
552 747 1
552 779 1
552 812 1
552 822 1
552 855 1
552 892 1
552 898 1
552 910 1
553 575 1
553 593 1
553 609 1
553 611 1
553 652 1
553 784 1
553 857 1
553 861 1
553 868 1
553 895 1
553 941 1
553 943 1
553 952 1
553 972 1
554 573 1
554 622 1
554 642 1
554 646 1
554 670 1
554 675 1
554 691 1
554 727 1
554 729 1
554 788 1
554 795 1
554 813 1
554 819 1
554 820 1
554 835 1
554 840 1
554 876 1
554 926 1
554 927 1
554 933 1
554 934 1
554 986 1
555 563 1
555 574 1
555 577 1
555 583 1
555 606 1
555 610 1
555 653 1
555 657 1
555 660 1
555 676 1
555 738 1
555 809 1
555 847 1
555 916 1
555 941 1
555 945 1
555 962 1
555 999 1
556 557 1
556 573 1
556 578 1
556 580 1
556 587 1
556 604 1
556 639 1
556 653 1
556 657 1
556 662 1
556 670 1
556 674 1
556 695 1
556 698 1
556 728 1
556 784 1
556 788 1
556 806 1
556 824 1
556 833 1
556 859 1
556 871 1
556 880 1
556 909 1
556 965 1
556 978 1
556 987 1
557 558 1
557 587 1
557 602 1
557 611 1
557 623 1
557 624 1
557 625 1
557 638 1
557 647 1
557 663 1
557 726 1
557 731 1
557 741 1
557 771 1
557 772 1
557 773 1
557 792 1
557 798 1
557 802 1
557 812 1
557 816 1
557 829 1
557 848 1
557 882 1
557 887 1
557 904 1
557 929 1
557 945 1
557 953 1
557 965 1
557 979 1
557 986 1
558 574 1
558 586 1
558 597 1
558 624 1
558 664 1
558 727 1
558 734 1
558 756 1
558 767 1
558 768 1
558 785 1
558 792 1
558 804 1
558 808 1
558 814 1
558 843 1
558 872 1
558 892 1
558 897 1
558 911 1
558 934 1
558 959 1
558 968 1
558 971 1
558 974 1
558 978 1
559 565 1
559 600 1
559 607 1
559 629 1
559 634 1
559 637 1
559 657 1
559 658 1
559 687 1
559 716 1
559 717 1
559 733 1
559 761 1
559 763 1
559 803 1
559 833 1
559 865 1
559 899 1
559 907 1
559 913 1
559 948 1
559 981 1
559 991 1
560 579 1
560 613 1
560 622 1
560 632 1
560 652 1
560 664 1
560 708 1
560 709 1
560 721 1
560 737 1
560 761 1
560 784 1
560 810 1
560 901 1
560 905 1
560 909 1
560 914 1
560 924 1
560 927 1
560 956 1
560 958 1
560 992 1
561 569 1
561 615 1
561 617 1
561 667 1
561 698 1
561 701 1
561 754 1
561 811 1
561 813 1
561 819 1
561 836 1
561 872 1
561 873 1
561 963 1
561 965 1
561 966 1
561 971 1
561 982 1
561 986 1
561 993 1
561 996 1
562 579 1
562 597 1
562 623 1
562 650 1
562 665 1
562 679 1
562 708 1
562 740 1
562 760 1
562 776 1
562 831 1
562 862 1
562 863 1
562 910 1
562 981 1
562 1000 1
563 569 1
563 578 1
563 598 1
563 614 1
563 641 1
563 664 1
563 707 1
563 710 1
563 715 1
563 725 1
563 727 1
563 738 1
563 743 1
563 772 1
563 782 1
563 791 1
563 821 1
563 832 1
563 858 1
563 875 1
563 888 1
563 911 1
563 929 1
563 953 1
563 957 1
563 981 1
563 988 1
563 995 1
563 996 1
563 998 1
564 581 1
564 600 1
564 611 1
564 655 1
564 681 1
564 709 1
564 713 1
564 764 1
564 767 1
564 777 1
564 790 1
564 803 1
564 823 1
564 909 1
564 944 1
565 572 1
565 573 1
565 609 1
565 640 1
565 646 1
565 651 1
565 653 1
565 657 1
565 674 1
565 675 1
565 676 1
565 697 1
565 716 1
565 756 1
565 766 1
565 792 1
565 826 1
565 832 1
565 859 1
565 897 1
565 918 1
565 925 1
565 927 1
565 977 1
565 985 1
566 572 1
566 577 1
566 586 1
566 598 1
566 600 1
566 632 1
566 641 1
566 644 1
566 663 1
566 691 1
566 712 1
566 736 1
566 775 1
566 776 1
566 781 1
566 801 1
566 809 1
566 834 1
566 865 1
566 898 1
566 949 1
566 998 1
567 580 1
567 596 1
567 601 1
567 634 1
567 649 1
567 656 1
567 665 1
567 695 1
567 700 1
567 717 1
567 771 1
567 773 1
567 818 1
567 829 1
567 857 1
567 870 1
567 880 1
567 907 1
567 928 1
567 932 1
567 971 1
567 976 1
568 586 1
568 603 1
568 607 1
568 614 1
568 618 1
568 621 1
568 637 1
568 641 1
568 646 1
568 652 1
568 674 1
568 702 1
568 709 1
568 738 1
568 787 1
568 799 1
568 831 1
568 833 1
568 862 1
568 882 1
568 953 1
568 954 1
568 975 1
568 976 1
569 578 1
569 611 1
569 631 1
569 642 1
569 663 1
569 707 1
569 711 1
569 713 1
569 766 1
569 794 1
569 836 1
569 859 1
569 874 1
569 905 1
569 932 1
569 935 1
569 958 1
569 962 1
569 992 1
569 993 1
570 585 1
570 604 1
570 616 1
570 623 1
570 636 1
570 706 1
570 712 1
570 738 1
570 747 1
570 763 1
570 777 1
570 821 1
570 861 1
570 868 1
570 874 1
570 901 1
570 904 1
570 943 1
570 977 1
570 990 1
571 645 1
571 669 1
571 682 1
571 697 1
571 724 1
571 747 1
571 763 1
571 770 1
571 787 1
571 832 1
571 848 1
571 884 1
571 907 1
571 911 1
571 976 1
571 994 1
572 602 1
572 628 1
572 635 1
572 641 1
572 654 1
572 674 1
572 699 1
572 719 1
572 754 1
572 764 1
572 772 1
572 803 1
572 815 1
572 841 1
572 844 1
572 851 1
572 857 1
572 872 1
572 873 1
572 875 1
572 893 1
572 957 1
573 601 1
573 613 1
573 623 1
573 674 1
573 687 1
573 696 1
573 705 1
573 706 1
573 730 1
573 745 1
573 780 1
573 819 1
573 874 1
573 875 1
573 935 1
574 583 1
574 629 1
574 646 1
574 671 1
574 679 1
574 682 1
574 698 1
574 706 1
574 723 1
574 724 1
574 753 1
574 762 1
574 803 1
574 885 1
574 932 1
574 949 1
574 952 1
574 972 1
574 990 1
575 581 1
575 608 1
575 652 1
575 659 1
575 673 1
575 679 1
575 688 1
575 690 1
575 701 1
575 715 1
575 751 1
575 764 1
575 800 1
575 831 1
575 834 1
575 835 1
575 847 1
575 884 1
575 898 1
575 925 1
575 942 1
575 944 1
575 948 1
575 949 1
575 986 1
575 992 1
576 588 1
576 608 1
576 627 1
576 630 1
576 651 1
576 675 1
576 679 1
576 720 1
576 744 1
576 748 1
576 825 1
576 837 1
576 882 1
576 932 1
576 962 1
576 974 1
577 580 1
577 592 1
577 599 1
577 619 1
577 679 1
577 682 1
577 694 1
577 699 1
577 708 1
577 723 1
577 742 1
577 801 1
577 808 1
577 809 1
577 842 1
577 869 1
577 887 1
577 960 1
577 962 1
577 973 1
577 977 1
577 983 1
577 990 1
578 594 1
578 618 1
578 629 1
578 653 1
578 674 1
578 701 1
578 703 1
578 717 1
578 807 1
578 825 1
578 856 1
578 865 1
578 870 1
578 895 1
578 908 1
578 955 1
578 962 1
579 607 1
579 609 1
579 617 1
579 638 1
579 654 1
579 681 1
579 684 1
579 706 1
579 732 1
579 742 1
579 746 1
579 753 1
579 756 1
579 758 1
579 779 1
579 805 1
579 825 1
579 874 1
579 894 1
579 941 1
579 955 1
579 994 1
580 588 1
580 609 1
580 615 1
580 659 1
580 675 1
580 743 1
580 810 1
580 831 1
580 858 1
580 907 1
580 921 1
580 953 1
580 964 1
580 976 1
580 992 1
581 612 1
581 613 1
581 620 1
581 632 1
581 643 1
581 655 1
581 679 1
581 693 1
581 697 1
581 718 1
581 733 1
581 738 1
581 749 1
581 758 1
581 784 1
581 792 1
581 802 1
581 828 1
581 838 1
581 850 1
581 860 1
581 879 1
581 901 1
581 906 1
581 917 1
581 930 1
581 977 1
581 984 1
581 988 1
581 989 1
581 992 1
582 625 1
582 630 1
582 644 1
582 669 1
582 693 1
582 738 1
582 742 1
582 753 1
582 757 1
582 759 1
582 802 1
582 810 1
582 836 1
582 853 1
582 864 1
582 872 1
582 873 1
582 876 1
582 885 1
582 891 1
582 899 1
582 903 1
582 964 1
582 988 1
583 585 1
583 613 1
583 667 1
583 668 1
583 680 1
583 710 1
583 729 1
583 765 1
583 774 1
583 798 1
583 801 1
583 822 1
583 857 1
583 866 1
583 887 1
583 901 1
583 902 1
583 935 1
583 960 1
584 616 1
584 618 1
584 638 1
584 703 1
584 706 1
584 734 1
584 768 1
584 772 1
584 784 1
584 806 1
584 812 1
584 863 1
584 897 1
584 900 1
584 910 1
584 912 1
584 916 1
584 932 1
584 934 1
584 940 1
584 944 1
584 947 1
584 989 1
584 1000 1
585 652 1
585 658 1
585 662 1
585 674 1
585 692 1
585 743 1
585 755 1
585 786 1
585 810 1
585 833 1
585 864 1
585 865 1
585 869 1
585 879 1
585 881 1
585 916 1
585 931 1
585 944 1
585 955 1
585 962 1
585 994 1
586 622 1
586 630 1
586 645 1
586 652 1
586 657 1
586 677 1
586 682 1
586 690 1
586 714 1
586 726 1
586 732 1
586 789 1
586 795 1
586 812 1
586 822 1
586 839 1
586 868 1
586 901 1
586 913 1
586 917 1
586 926 1
586 976 1
586 992 1
587 593 1
587 597 1
587 598 1
587 601 1
587 607 1
587 661 1
587 663 1
587 673 1
587 687 1
587 695 1
587 704 1
587 715 1
587 766 1
587 767 1
587 792 1
587 799 1
587 832 1
587 841 1
587 865 1
587 868 1
587 871 1
587 923 1
587 934 1
587 936 1
587 947 1
587 957 1
587 964 1
587 980 1
587 995 1
588 590 1
588 593 1
588 613 1
588 625 1
588 629 1
588 637 1
588 651 1
588 662 1
588 674 1
588 675 1
588 749 1
588 754 1
588 773 1
588 790 1
588 791 1
588 800 1
588 903 1
588 911 1
588 966 1
588 992 1
589 632 1
589 662 1
589 677 1
589 687 1
589 695 1
589 700 1
589 717 1
589 728 1
589 736 1
589 761 1
589 769 1
589 775 1
589 778 1
589 792 1
589 845 1
589 878 1
589 912 1
589 929 1
589 930 1
589 933 1
589 963 1
589 967 1
590 594 1
590 609 1
590 628 1
590 643 1
590 646 1
590 659 1
590 665 1
590 803 1
590 823 1
590 875 1
590 908 1
590 921 1
590 951 1
590 961 1
590 977 1
590 997 1
591 617 1
591 626 1
591 685 1
591 701 1
591 707 1
591 723 1
591 725 1
591 738 1
591 762 1
591 775 1
591 852 1
591 853 1
591 887 1
591 902 1
591 904 1
591 909 1
591 922 1
591 947 1
591 994 1
591 999 1
592 685 1
592 689 1
592 700 1
592 711 1
592 773 1
592 795 1
592 836 1
592 854 1
592 861 1
592 889 1
592 913 1
592 918 1
592 928 1
592 929 1
592 934 1
592 944 1
592 985 1
592 991 1
593 599 1
593 615 1
593 618 1
593 619 1
593 626 1
593 666 1
593 683 1
593 688 1
593 728 1
593 742 1
593 768 1
593 804 1
593 816 1
593 844 1
593 846 1
593 884 1
593 885 1
593 896 1
593 900 1
593 909 1
593 920 1
593 934 1
593 947 1
593 981 1
594 627 1
594 644 1
594 672 1
594 674 1
594 703 1
594 720 1
594 756 1
594 775 1
594 776 1
594 777 1
594 830 1
594 856 1
594 900 1
594 954 1
594 963 1
594 973 1
594 991 1
594 999 1
595 631 1
595 632 1
595 646 1
595 647 1
595 649 1
595 659 1
595 660 1
595 687 1
595 693 1
595 739 1
595 789 1
595 827 1
595 846 1
595 850 1
595 854 1
595 896 1
595 907 1
595 916 1
595 935 1
595 938 1
596 605 1
596 615 1
596 617 1
596 623 1
596 631 1
596 652 1
596 691 1
596 740 1
596 779 1
596 813 1
596 824 1
596 834 1
596 845 1
596 893 1
596 899 1
596 906 1
596 923 1
596 937 1
596 940 1
596 950 1
596 997 1
597 626 1
597 629 1
597 639 1
597 649 1
597 656 1
597 692 1
597 715 1
597 723 1
597 737 1
597 754 1
597 759 1
597 784 1
597 786 1
597 808 1
597 826 1
597 844 1
597 848 1
597 879 1
597 891 1
597 944 1
597 965 1
597 991 1
597 997 1
598 600 1
598 604 1
598 611 1
598 627 1
598 641 1
598 649 1
598 702 1
598 705 1
598 708 1
598 709 1
598 716 1
598 725 1
598 760 1
598 832 1
598 861 1
598 871 1
598 885 1
598 894 1
598 908 1
598 910 1
598 924 1
598 939 1
599 604 1
599 615 1
599 618 1
599 635 1
599 638 1
599 709 1
599 745 1
599 758 1
599 772 1
599 774 1
599 776 1
599 789 1
599 799 1
599 809 1
599 818 1
599 831 1
599 875 1
599 968 1
599 986 1
599 991 1
600 606 1
600 614 1
600 639 1
600 661 1
600 683 1
600 684 1
600 687 1
600 694 1
600 706 1
600 764 1
600 769 1
600 816 1
600 818 1
600 830 1
600 852 1
600 855 1
600 891 1
600 896 1
600 904 1
600 966 1
600 976 1
601 615 1
601 625 1
601 638 1
601 678 1
601 682 1
601 695 1
601 701 1
601 703 1
601 705 1
601 713 1
601 726 1
601 727 1
601 760 1
601 767 1
601 817 1
601 857 1
601 878 1
601 884 1
601 889 1
601 897 1
601 906 1
601 909 1
601 955 1
601 981 1
601 985 1
601 988 1
602 643 1
602 657 1
602 658 1
602 752 1
602 754 1
602 781 1
602 782 1
602 803 1
602 836 1
602 909 1
602 932 1
602 957 1
602 979 1
602 988 1
602 989 1
602 992 1
603 667 1
603 677 1
603 685 1
603 702 1
603 760 1
603 802 1
603 807 1
603 822 1
603 832 1
603 833 1
603 882 1
603 933 1
603 944 1
603 995 1
604 627 1
604 660 1
604 694 1
604 738 1
604 739 1
604 763 1
604 767 1
604 831 1
604 832 1
604 847 1
604 886 1
604 891 1
604 979 1
604 988 1
604 998 1
605 649 1
605 662 1
605 709 1
605 745 1
605 767 1
605 781 1
605 811 1
605 812 1
605 816 1
605 840 1
605 856 1
605 876 1
605 877 1
605 922 1
605 929 1
605 953 1
605 958 1
605 970 1
605 993 1
605 1000 1
606 635 1
606 686 1
606 723 1
606 743 1
606 772 1
606 804 1
606 805 1
606 818 1
606 820 1
606 828 1
606 863 1
606 883 1
606 890 1
606 891 1
606 900 1
606 956 1
606 963 1
606 981 1
606 993 1
607 628 1
607 632 1
607 633 1
607 671 1
607 715 1
607 751 1
607 774 1
607 796 1
607 808 1
607 813 1
607 817 1
607 819 1
607 828 1
607 843 1
607 854 1
607 864 1
607 876 1
607 900 1
607 941 1
607 943 1
607 950 1
607 961 1
607 966 1
607 986 1
607 995 1
607 997 1
608 624 1
608 654 1
608 657 1
608 662 1
608 669 1
608 722 1
608 724 1
608 730 1
608 757 1
608 764 1
608 773 1
608 808 1
608 810 1
608 827 1
608 837 1
608 864 1
608 909 1
608 945 1
608 954 1
608 963 1
608 969 1
608 978 1
608 987 1
609 615 1
609 637 1
609 699 1
609 702 1
609 732 1
609 748 1
609 760 1
609 776 1
609 785 1
609 795 1
609 817 1
609 822 1
609 858 1
609 876 1
609 880 1
609 888 1
609 906 1
609 923 1
609 930 1
609 932 1
609 945 1
609 962 1
609 964 1
610 612 1
610 617 1
610 650 1
610 687 1
610 689 1
610 690 1
610 701 1
610 712 1
610 720 1
610 806 1
610 820 1
610 865 1
610 912 1
610 921 1
610 949 1
610 990 1
611 618 1
611 631 1
611 645 1
611 667 1
611 681 1
611 700 1
611 763 1
611 805 1
611 845 1
611 849 1
611 897 1
611 914 1
611 920 1
611 963 1
611 973 1
611 981 1
611 983 1
611 993 1
612 637 1
612 640 1
612 655 1
612 680 1
612 690 1
612 691 1
612 699 1
612 711 1
612 773 1
612 777 1
612 795 1
612 886 1
612 926 1
612 936 1
612 949 1
612 985 1
612 986 1
612 999 1
613 616 1
613 657 1
613 669 1
613 678 1
613 681 1
613 708 1
613 731 1
613 750 1
613 772 1
613 805 1
613 833 1
613 835 1
613 880 1
613 936 1
613 944 1
613 960 1
614 656 1
614 673 1
614 692 1
614 722 1
614 750 1
614 779 1
614 906 1
614 920 1
614 941 1
614 950 1
615 628 1
615 645 1
615 650 1
615 667 1
615 691 1
615 698 1
615 710 1
615 734 1
615 745 1
615 756 1
615 766 1
615 814 1
615 820 1
615 867 1
615 882 1
615 901 1
615 919 1
615 929 1
615 931 1
615 945 1
615 949 1
615 954 1
615 957 1
615 990 1
616 666 1
616 709 1
616 759 1
616 766 1
616 768 1
616 787 1
616 792 1
616 798 1
616 800 1
616 805 1
616 829 1
616 835 1
616 852 1
616 870 1
616 871 1
616 897 1
616 901 1
616 905 1
616 917 1
616 988 1
617 631 1
617 640 1
617 650 1
617 668 1
617 677 1
617 697 1
617 710 1
617 742 1
617 751 1
617 764 1
617 771 1
617 806 1
617 807 1
617 830 1
617 833 1
617 847 1
617 876 1
617 880 1
617 890 1
617 917 1
617 932 1
617 964 1
618 637 1
618 638 1
618 657 1
618 658 1
618 671 1
618 690 1
618 705 1
618 708 1
618 729 1
618 765 1
618 767 1
618 825 1
618 829 1
618 883 1
618 884 1
618 899 1
618 914 1
618 978 1
618 981 1
618 985 1
619 659 1
619 680 1
619 690 1
619 704 1
619 709 1
619 731 1
619 733 1
619 740 1
619 751 1
619 752 1
619 769 1
619 775 1
619 787 1
619 799 1
619 819 1
619 831 1
619 849 1
619 852 1
619 857 1
619 870 1
619 904 1
619 932 1
619 934 1
619 986 1
620 632 1
620 639 1
620 670 1
620 677 1
620 709 1
620 751 1
620 752 1
620 778 1
620 792 1
620 793 1
620 798 1
620 837 1
620 841 1
620 877 1
620 897 1
620 901 1
620 905 1
620 907 1
620 918 1
620 930 1
620 941 1
620 967 1
620 997 1
621 694 1
621 710 1
621 722 1
621 737 1
621 743 1
621 751 1
621 765 1
621 781 1
621 788 1
621 796 1
621 817 1
621 832 1
621 834 1
621 845 1
621 863 1
621 896 1
621 941 1
621 949 1
621 967 1
621 988 1
622 646 1
622 693 1
622 697 1
622 711 1
622 713 1
622 725 1
622 730 1
622 736 1
622 753 1
622 758 1
622 769 1
622 807 1
622 822 1
622 845 1
622 868 1
622 906 1
622 911 1
622 925 1
622 963 1
622 994 1
622 1000 1
623 648 1
623 664 1
623 682 1
623 694 1
623 764 1
623 810 1
623 811 1
623 833 1
623 852 1
623 952 1
624 626 1
624 628 1
624 633 1
624 668 1
624 702 1
624 715 1
624 716 1
624 723 1
624 761 1
624 782 1
624 802 1
624 805 1
624 814 1
624 844 1
624 850 1
624 873 1
624 889 1
624 911 1
624 922 1
624 967 1
624 973 1
625 655 1
625 686 1
625 702 1
625 706 1
625 735 1
625 743 1
625 757 1
625 779 1
625 781 1
625 785 1
625 791 1
625 793 1
625 806 1
625 823 1
625 827 1
625 828 1
625 896 1
625 904 1
625 905 1
625 917 1
625 930 1
625 940 1
625 966 1
625 967 1
626 628 1
626 650 1
626 656 1
626 661 1
626 674 1
626 708 1
626 787 1
626 830 1
626 842 1
626 858 1
626 866 1
626 886 1
626 912 1
626 924 1
626 928 1
626 964 1
626 967 1
627 669 1
627 710 1
627 721 1
627 724 1
627 730 1
627 772 1
627 777 1
627 802 1
627 843 1
627 845 1
627 848 1
627 872 1
627 879 1
627 890 1
627 917 1
627 933 1
627 967 1
627 985 1
628 648 1
628 681 1
628 685 1
628 694 1
628 777 1
628 799 1
628 804 1
628 806 1
628 820 1
628 840 1
628 907 1
628 912 1
628 943 1
628 966 1
628 967 1
628 973 1
628 980 1
629 633 1
629 649 1
629 651 1
629 667 1
629 747 1
629 760 1
629 783 1
629 786 1
629 799 1
629 800 1
629 823 1
629 828 1
629 835 1
629 866 1
629 891 1
629 965 1
629 998 1
630 631 1
630 654 1
630 708 1
630 711 1
630 727 1
630 741 1
630 767 1
630 778 1
630 785 1
630 798 1
630 803 1
630 819 1
630 822 1
630 859 1
630 881 1
630 883 1
630 929 1
630 933 1
630 969 1
630 983 1
631 634 1
631 702 1
631 703 1
631 706 1
631 721 1
631 732 1
631 742 1
631 760 1
631 778 1
631 782 1
631 838 1
631 865 1
631 876 1
631 889 1
631 890 1
631 913 1
631 917 1
631 939 1
631 944 1
631 953 1
631 958 1
631 970 1
631 995 1
631 998 1
632 650 1
632 658 1
632 669 1
632 685 1
632 702 1
632 737 1
632 750 1
632 753 1
632 755 1
632 774 1
632 788 1
632 791 1
632 822 1
632 849 1
632 866 1
632 884 1
632 885 1
632 893 1
632 897 1
632 905 1
632 908 1
632 916 1
632 918 1
632 923 1
632 938 1
632 985 1
632 986 1
632 988 1
632 991 1
632 994 1
633 651 1
633 661 1
633 679 1
633 685 1
633 687 1
633 708 1
633 709 1
633 719 1
633 720 1
633 801 1
633 851 1
633 866 1
633 880 1
633 882 1
633 906 1
633 907 1
634 642 1
634 646 1
634 663 1
634 664 1
634 691 1
634 725 1
634 731 1
634 750 1
634 776 1
634 829 1
634 869 1
634 875 1
634 883 1
634 897 1
634 904 1
634 933 1
634 959 1
634 974 1
634 976 1
634 992 1
635 680 1
635 684 1
635 704 1
635 710 1
635 725 1
635 735 1
635 762 1
635 777 1
635 791 1
635 792 1
635 797 1
635 810 1
635 813 1
635 817 1
635 878 1
635 880 1
635 904 1
635 918 1
635 931 1
635 981 1
636 643 1
636 676 1
636 681 1
636 684 1
636 721 1
636 724 1
636 727 1
636 752 1
636 783 1
636 811 1
636 814 1
636 845 1
636 852 1
636 879 1
636 923 1
636 941 1
636 974 1
636 992 1
637 670 1
637 671 1
637 672 1
637 702 1
637 704 1
637 721 1
637 754 1
637 777 1
637 794 1
637 810 1
637 825 1
637 834 1
637 854 1
637 965 1
637 997 1
637 999 1
638 665 1
638 687 1
638 703 1
638 714 1
638 729 1
638 760 1
638 773 1
638 781 1
638 790 1
638 828 1
638 850 1
638 928 1
638 947 1
638 996 1
639 642 1
639 686 1
639 706 1
639 725 1
639 763 1
639 780 1
639 793 1
639 814 1
639 832 1
639 835 1
639 838 1
639 873 1
639 875 1
639 879 1
639 887 1
639 906 1
639 916 1
639 935 1
639 974 1
640 672 1
640 693 1
640 702 1
640 706 1
640 720 1
640 721 1
640 724 1
640 735 1
640 753 1
640 759 1
640 761 1
640 771 1
640 775 1
640 835 1
640 855 1
640 884 1
640 887 1
640 905 1
640 909 1
640 939 1
640 963 1
640 984 1
640 994 1
641 646 1
641 673 1
641 695 1
641 699 1
641 702 1
641 704 1
641 752 1
641 785 1
641 806 1
641 820 1
641 829 1
641 834 1
641 836 1
641 948 1
641 971 1
641 974 1
642 662 1
642 671 1
642 694 1
642 697 1
642 723 1
642 729 1
642 735 1
642 738 1
642 739 1
642 751 1
642 757 1
642 794 1
642 797 1
642 805 1
642 935 1
642 947 1
642 967 1
642 983 1
642 996 1
643 666 1
643 671 1
643 673 1
643 690 1
643 707 1
643 736 1
643 738 1
643 752 1
643 762 1
643 778 1
643 790 1
643 829 1
643 840 1
643 848 1
643 919 1
643 943 1
643 945 1
643 948 1
643 988 1
644 664 1
644 697 1
644 712 1
644 842 1
644 854 1
644 860 1
644 874 1
644 881 1
644 905 1
644 912 1
644 923 1
644 948 1
644 965 1
644 999 1
645 650 1
645 663 1
645 674 1
645 676 1
645 732 1
645 749 1
645 776 1
645 777 1
645 812 1
645 830 1
645 843 1
645 865 1
645 868 1
645 893 1
645 897 1
645 898 1
645 904 1
645 918 1
645 942 1
645 946 1
645 955 1
645 971 1
646 669 1
646 673 1
646 684 1
646 706 1
646 723 1
646 753 1
646 761 1
646 762 1
646 765 1
646 779 1
646 803 1
646 812 1
646 820 1
646 826 1
646 828 1
646 848 1
646 850 1
646 856 1
646 860 1
646 868 1
646 931 1
646 945 1
647 652 1
647 656 1
647 669 1
647 677 1
647 679 1
647 696 1
647 708 1
647 734 1
647 754 1
647 765 1
647 822 1
647 856 1
647 913 1
647 931 1
647 949 1
648 649 1
648 721 1
648 724 1
648 759 1
648 825 1
648 868 1
648 884 1
648 897 1
648 913 1
648 943 1
648 956 1
648 964 1
648 967 1
648 971 1
649 699 1
649 707 1
649 728 1
649 743 1
649 747 1
649 748 1
649 760 1
649 791 1
649 794 1
649 813 1
649 822 1
649 834 1
649 859 1
649 906 1
649 921 1
649 922 1
649 925 1
649 930 1
649 943 1
649 962 1
649 965 1
649 966 1
649 999 1
650 651 1
650 665 1
650 696 1
650 700 1
650 770 1
650 771 1
650 772 1
650 790 1
650 805 1
650 811 1
650 829 1
650 918 1
651 676 1
651 677 1
651 696 1
651 701 1
651 704 1
651 721 1
651 751 1
651 794 1
651 839 1
651 846 1
651 872 1
651 928 1
651 948 1
651 971 1
651 996 1
652 679 1
652 704 1
652 731 1
652 743 1
652 744 1
652 751 1
652 771 1
652 791 1
652 803 1
652 804 1
652 830 1
652 831 1
652 833 1
652 834 1
652 840 1
652 886 1
652 903 1
652 934 1
652 951 1
652 994 1
652 996 1
653 673 1
653 721 1
653 784 1
653 792 1
653 845 1
653 851 1
653 895 1
653 901 1
653 915 1
653 934 1
653 993 1
654 674 1
654 683 1
654 706 1
654 707 1
654 722 1
654 742 1
654 763 1
654 779 1
654 782 1
654 806 1
654 809 1
654 826 1
654 829 1
654 837 1
654 853 1
654 865 1
654 897 1
654 932 1
654 951 1
654 977 1
654 989 1
655 672 1
655 694 1
655 698 1
655 699 1
655 726 1
655 759 1
655 783 1
655 789 1
655 798 1
655 805 1
655 809 1
655 842 1
655 860 1
655 867 1
655 877 1
655 880 1
655 890 1
655 911 1
655 958 1
655 972 1
656 663 1
656 708 1
656 724 1
656 728 1
656 730 1
656 750 1
656 809 1
656 860 1
656 876 1
656 916 1
656 936 1
656 938 1
656 955 1
656 977 1
657 662 1
657 690 1
657 700 1
657 742 1
657 772 1
657 807 1
657 814 1
657 859 1
657 881 1
657 924 1
657 930 1
657 933 1
657 944 1
657 953 1
657 975 1
658 680 1
658 691 1
658 699 1
658 702 1
658 704 1
658 705 1
658 715 1
658 724 1
658 736 1
658 775 1
658 781 1
658 814 1
658 820 1
658 822 1
658 825 1
658 851 1
658 863 1
658 892 1
658 900 1
658 915 1
658 925 1
658 949 1
658 953 1
658 954 1
658 957 1
658 968 1
658 977 1
658 992 1
659 711 1
659 747 1
659 759 1
659 868 1
659 876 1
659 934 1
659 970 1
659 981 1
659 993 1
660 671 1
660 698 1
660 701 1
660 702 1
660 719 1
660 727 1
660 796 1
660 822 1
660 888 1
660 916 1
660 920 1
660 921 1
660 924 1
660 939 1
660 941 1
660 943 1
660 948 1
660 958 1
660 972 1
660 979 1
661 664 1
661 702 1
661 741 1
661 748 1
661 767 1
661 771 1
661 819 1
661 820 1
661 842 1
661 847 1
661 851 1
661 873 1
661 888 1
661 930 1
661 970 1
661 982 1
662 704 1
662 723 1
662 745 1
662 753 1
662 763 1
662 788 1
662 791 1
662 797 1
662 801 1
662 804 1
662 828 1
662 837 1
662 867 1
662 882 1
662 897 1
662 928 1
662 944 1
662 952 1
662 977 1
662 982 1
663 673 1
663 682 1
663 702 1
663 737 1
663 740 1
663 745 1
663 774 1
663 779 1
663 833 1
663 850 1
663 880 1
663 907 1
663 910 1
663 943 1
663 986 1
663 999 1
664 675 1
664 700 1
664 719 1
664 723 1
664 764 1
664 774 1
664 814 1
664 831 1
664 837 1
664 839 1
664 854 1
664 865 1
664 928 1
664 937 1
664 943 1
664 949 1
664 953 1
664 962 1
664 965 1
664 983 1
664 991 1
665 679 1
665 695 1
665 703 1
665 721 1
665 729 1
665 762 1
665 776 1
665 798 1
665 807 1
665 823 1
665 824 1
665 843 1
665 859 1
665 866 1
665 900 1
665 919 1
665 924 1
665 938 1
665 955 1
665 970 1
665 976 1
665 997 1
665 999 1
666 687 1
666 784 1
666 814 1
666 818 1
666 821 1
666 828 1
666 858 1
666 884 1
666 897 1
666 898 1
666 935 1
666 944 1
666 948 1
666 965 1
667 674 1
667 676 1
667 690 1
667 691 1
667 753 1
667 758 1
667 769 1
667 774 1
667 790 1
667 795 1
667 801 1
667 804 1
667 813 1
667 815 1
667 835 1
667 840 1
667 954 1
667 962 1
667 985 1
667 989 1
667 995 1
667 996 1
667 997 1
667 1000 1
668 686 1
668 689 1
668 696 1
668 701 1
668 727 1
668 753 1
668 773 1
668 775 1
668 798 1
668 817 1
668 829 1
668 854 1
668 862 1
668 872 1
668 880 1
668 885 1
668 892 1
668 927 1
668 935 1
668 938 1
668 940 1
668 949 1
668 955 1
668 960 1
668 965 1
668 986 1
669 685 1
669 698 1
669 791 1
669 792 1
669 838 1
669 880 1
669 885 1
669 897 1
669 902 1
669 960 1
669 976 1
670 681 1
670 702 1
670 724 1
670 741 1
670 749 1
670 812 1
670 814 1
670 815 1
670 825 1
670 829 1
670 831 1
670 869 1
670 872 1
670 880 1
670 903 1
670 904 1
670 917 1
670 944 1
670 978 1
670 989 1
670 991 1
671 682 1
671 686 1
671 691 1
671 700 1
671 709 1
671 710 1
671 729 1
671 754 1
671 792 1
671 850 1
671 867 1
671 935 1
671 960 1
671 964 1
672 681 1
672 683 1
672 694 1
672 698 1
672 714 1
672 719 1
672 840 1
672 861 1
672 878 1
672 892 1
672 893 1
672 916 1
672 927 1
672 938 1
672 947 1
672 950 1
672 997 1
673 689 1
673 696 1
673 713 1
673 716 1
673 738 1
673 744 1
673 750 1
673 760 1
673 766 1
673 777 1
673 799 1
673 804 1
673 848 1
673 849 1
673 901 1
673 930 1
673 936 1
673 939 1
673 949 1
673 988 1
674 711 1
674 726 1
674 738 1
674 740 1
674 754 1
674 775 1
674 781 1
674 789 1
674 818 1
674 820 1
674 826 1
674 861 1
674 887 1
674 890 1
674 943 1
674 969 1
674 990 1
675 708 1
675 716 1
675 731 1
675 767 1
675 785 1
675 806 1
675 838 1
675 864 1
675 872 1
675 874 1
675 893 1
675 923 1
675 938 1
675 944 1
676 678 1
676 682 1
676 683 1
676 687 1
676 740 1
676 750 1
676 753 1
676 772 1
676 775 1
676 797 1
676 871 1
676 883 1
676 926 1
676 959 1
676 971 1
676 998 1
677 685 1
677 734 1
677 751 1
677 752 1
677 765 1
677 781 1
677 783 1
677 791 1
677 810 1
677 843 1
677 870 1
677 889 1
677 912 1
677 983 1
677 989 1
677 992 1
677 996 1
678 692 1
678 703 1
678 712 1
678 729 1
678 741 1
678 756 1
678 792 1
678 809 1
678 842 1
678 848 1
678 899 1
678 939 1
678 982 1
679 689 1
679 691 1
679 696 1
679 720 1
679 728 1
679 762 1
679 769 1
679 774 1
679 775 1
679 813 1
679 821 1
679 838 1
679 846 1
679 911 1
679 937 1
679 939 1
679 999 1
680 683 1
680 729 1
680 789 1
680 802 1
680 816 1
680 839 1
680 918 1
680 920 1
680 921 1
680 927 1
680 950 1
680 953 1
680 978 1
681 717 1
681 785 1
681 795 1
681 812 1
681 833 1
681 838 1
681 875 1
681 890 1
681 930 1
681 931 1
681 937 1
681 941 1
681 943 1
681 969 1
681 985 1
681 995 1
682 709 1
682 714 1
682 744 1
682 748 1
682 776 1
682 779 1
682 789 1
682 791 1
682 793 1
682 828 1
682 831 1
682 845 1
682 847 1
682 874 1
682 898 1
682 957 1
682 962 1
682 988 1
683 685 1
683 690 1
683 725 1
683 738 1
683 761 1
683 770 1
683 844 1
683 845 1
683 863 1
683 877 1
683 879 1
683 898 1
683 928 1
683 950 1
683 964 1
683 969 1
683 987 1
684 771 1
684 775 1
684 785 1
684 813 1
684 836 1
684 849 1
684 863 1
684 885 1
684 913 1
685 695 1
685 702 1
685 721 1
685 742 1
685 755 1
685 793 1
685 800 1
685 838 1
685 923 1
685 935 1
685 957 1
685 987 1
685 988 1
686 701 1
686 723 1
686 724 1
686 732 1
686 782 1
686 820 1
686 835 1
686 850 1
686 870 1
686 884 1
686 895 1
686 897 1
686 912 1
686 929 1
686 953 1
686 970 1
686 974 1
687 699 1
687 700 1
687 741 1
687 752 1
687 797 1
687 808 1
687 817 1
687 844 1
687 848 1
687 901 1
687 912 1
687 916 1
687 922 1
687 947 1
687 964 1
687 968 1
687 972 1
687 991 1
687 992 1
687 994 1
688 689 1
688 720 1
688 740 1
688 828 1
688 829 1
688 834 1
688 853 1
688 892 1
688 896 1
688 899 1
688 920 1
688 921 1
688 923 1
688 938 1
688 942 1
688 954 1
689 697 1
689 715 1
689 768 1
689 777 1
689 782 1
689 797 1
689 817 1
689 863 1
689 892 1
689 901 1
689 928 1
689 933 1
689 956 1
689 957 1
689 978 1
690 708 1
690 730 1
690 745 1
690 778 1
690 791 1
690 833 1
690 836 1
690 858 1
690 885 1
690 890 1
690 892 1
690 910 1
690 923 1
690 924 1
690 938 1
690 945 1
691 706 1
691 719 1
691 760 1
691 763 1
691 813 1
691 825 1
691 898 1
691 902 1
691 911 1
691 917 1
691 943 1
691 970 1
692 706 1
692 770 1
692 771 1
692 795 1
692 808 1
692 809 1
692 844 1
692 909 1
692 927 1
692 983 1
692 984 1
692 993 1
693 711 1
693 719 1
693 733 1
693 738 1
693 750 1
693 814 1
693 853 1
693 868 1
693 879 1
693 893 1
693 917 1
693 949 1
693 950 1
693 952 1
693 968 1
693 984 1
693 986 1
693 996 1
694 727 1
694 736 1
694 739 1
694 754 1
694 759 1
694 763 1
694 846 1
694 862 1
694 873 1
694 932 1
694 945 1
694 949 1
694 997 1
695 717 1
695 733 1
695 785 1
695 797 1
695 799 1
695 807 1
695 831 1
695 845 1
695 860 1
695 876 1
695 883 1
695 888 1
695 895 1
695 902 1
695 970 1
695 993 1
696 708 1
696 711 1
696 750 1
696 790 1
696 799 1
696 821 1
696 835 1
696 847 1
696 854 1
696 862 1
696 867 1
696 877 1
696 900 1
696 920 1
696 933 1
696 959 1
696 982 1
696 983 1
697 703 1
697 711 1
697 729 1
697 742 1
697 757 1
697 774 1
697 783 1
697 831 1
697 846 1
697 909 1
697 932 1
697 945 1
697 951 1
697 957 1
698 720 1
698 755 1
698 765 1
698 785 1
698 799 1
698 816 1
698 818 1
698 820 1
698 831 1
698 846 1
698 856 1
698 910 1
698 950 1
698 976 1
698 982 1
699 759 1
699 777 1
699 822 1
699 857 1
699 862 1
699 876 1
699 888 1
699 889 1
699 892 1
699 910 1
699 921 1
699 964 1
699 1000 1
700 715 1
700 719 1
700 735 1
700 743 1
700 754 1
700 780 1
700 781 1
700 804 1
700 832 1
700 858 1
700 875 1
700 882 1
700 892 1
700 934 1
700 967 1
700 972 1
701 731 1
701 742 1
701 750 1
701 774 1
701 776 1
701 785 1
701 786 1
701 794 1
701 802 1
701 805 1
701 808 1
701 813 1
701 872 1
701 890 1
701 993 1
702 718 1
702 723 1
702 751 1
702 781 1
702 792 1
702 813 1
702 821 1
702 826 1
702 828 1
702 892 1
702 896 1
702 950 1
702 955 1
703 711 1
703 712 1
703 728 1
703 729 1
703 738 1
703 746 1
703 780 1
703 801 1
703 821 1
703 909 1
703 931 1
703 951 1
703 973 1
703 981 1
704 711 1
704 717 1
704 724 1
704 763 1
704 769 1
704 771 1
704 780 1
704 876 1
704 894 1
704 897 1
704 923 1
704 950 1
704 951 1
704 954 1
704 988 1
705 736 1
705 738 1
705 751 1
705 771 1
705 777 1
705 791 1
705 869 1
705 877 1
705 896 1
705 898 1
705 901 1
705 910 1
705 917 1
705 925 1
705 928 1
705 959 1
705 986 1
706 741 1
706 785 1
706 787 1
706 802 1
706 810 1
706 818 1
706 823 1
706 858 1
706 864 1
706 916 1
706 917 1
706 925 1
706 964 1
706 988 1
706 1000 1
707 735 1
707 744 1
707 761 1
707 768 1
707 777 1
707 779 1
707 797 1
707 798 1
707 808 1
707 830 1
707 832 1
707 857 1
707 880 1
707 924 1
707 954 1
707 958 1
707 973 1
707 996 1
707 999 1
708 711 1
708 722 1
708 761 1
708 763 1
708 779 1
708 780 1
708 820 1
708 848 1
708 855 1
708 858 1
708 863 1
708 875 1
708 890 1
708 905 1
708 923 1
708 930 1
708 933 1
708 959 1
708 974 1
708 997 1
709 726 1
709 761 1
709 791 1
709 793 1
709 833 1
709 857 1
709 866 1
709 911 1
709 916 1
709 942 1
709 952 1
709 972 1
710 731 1
710 784 1
710 799 1
710 811 1
710 878 1
710 921 1
710 956 1
710 957 1
710 991 1
711 712 1
711 738 1
711 754 1
711 763 1
711 774 1
711 794 1
711 843 1
711 881 1
711 883 1
711 892 1
711 894 1
711 900 1
711 910 1
711 914 1
711 928 1
711 934 1
711 948 1
711 974 1
711 990 1
712 714 1
712 718 1
712 721 1
712 774 1
712 798 1
712 802 1
712 805 1
712 817 1
712 824 1
712 829 1
712 839 1
712 856 1
712 865 1
712 878 1
712 897 1
712 900 1
712 927 1
712 964 1
712 974 1
713 761 1
713 785 1
713 845 1
713 861 1
713 873 1
713 948 1
713 956 1
713 957 1
713 967 1
713 995 1
714 716 1
714 723 1
714 738 1
714 775 1
714 798 1
714 824 1
714 829 1
714 868 1
714 880 1
714 884 1
714 913 1
714 948 1
714 956 1
714 998 1
714 1000 1
715 742 1
715 802 1
715 810 1
715 834 1
715 841 1
715 878 1
715 914 1
715 962 1
715 965 1
715 984 1
715 1000 1
716 767 1
716 842 1
716 852 1
716 865 1
716 882 1
716 907 1
716 936 1
716 980 1
717 721 1
717 743 1
717 749 1
717 799 1
717 819 1
717 865 1
717 869 1
717 875 1
717 883 1
717 897 1
717 902 1
717 939 1
717 940 1
717 948 1
717 963 1
717 982 1
718 736 1
718 765 1
718 774 1
718 871 1
718 916 1
718 939 1
718 946 1
718 956 1
718 978 1
718 994 1
719 729 1
719 743 1
719 771 1
719 786 1
719 788 1
719 825 1
719 838 1
719 865 1
719 879 1
719 919 1
719 923 1
719 931 1
719 972 1
719 978 1
719 981 1
720 783 1
720 805 1
720 846 1
720 848 1
720 851 1
720 870 1
720 899 1
720 941 1
720 953 1
720 970 1
720 980 1
720 984 1
721 742 1
721 750 1
721 781 1
721 787 1
721 797 1
721 806 1
721 808 1
721 890 1
721 914 1
721 945 1
721 979 1
721 984 1
721 985 1
721 1000 1
722 742 1
722 831 1
722 852 1
722 857 1
722 885 1
722 934 1
722 935 1
723 725 1
723 735 1
723 741 1
723 759 1
723 774 1
723 791 1
723 814 1
723 870 1
723 871 1
723 878 1
723 882 1
723 932 1
723 933 1
723 952 1
723 967 1
723 994 1
724 793 1
724 825 1
724 859 1
724 907 1
724 941 1
724 942 1
724 960 1
725 729 1
725 737 1
725 739 1
725 774 1
725 793 1
725 842 1
725 871 1
725 883 1
725 897 1
725 939 1
725 948 1
726 750 1
726 760 1
726 764 1
726 767 1
726 810 1
726 819 1
726 829 1
726 831 1
726 851 1
726 853 1
726 874 1
726 876 1
726 926 1
726 943 1
726 986 1
726 994 1
726 999 1
727 737 1
727 756 1
727 766 1
727 773 1
727 774 1
727 790 1
727 835 1
727 849 1
727 870 1
727 913 1
727 922 1
727 929 1
727 938 1
727 941 1
728 733 1
728 735 1
728 738 1
728 810 1
728 874 1
728 894 1
728 950 1
728 986 1
728 992 1
728 993 1
729 733 1
729 737 1
729 751 1
729 760 1
729 762 1
729 803 1
729 808 1
729 825 1
729 866 1
729 870 1
729 900 1
729 958 1
729 997 1
730 733 1
730 739 1
730 746 1
730 747 1
730 758 1
730 776 1
730 798 1
730 836 1
730 851 1
730 874 1
730 893 1
730 895 1
730 901 1
730 908 1
730 935 1
730 939 1
730 958 1
731 740 1
731 742 1
731 745 1
731 788 1
731 802 1
731 818 1
731 837 1
731 857 1
731 880 1
731 891 1
731 895 1
731 914 1
731 942 1
731 964 1
731 978 1
731 991 1
732 736 1
732 748 1
732 784 1
732 842 1
732 844 1
732 854 1
732 856 1
732 884 1
732 922 1
732 960 1
732 976 1
733 741 1
733 742 1
733 787 1
733 792 1
733 803 1
733 853 1
733 869 1
733 892 1
733 950 1
733 989 1
734 762 1
734 779 1
734 787 1
734 792 1
734 798 1
734 802 1
734 883 1
734 919 1
734 920 1
734 933 1
734 939 1
734 941 1
734 953 1
734 989 1
735 736 1
735 764 1
735 781 1
735 783 1
735 794 1
735 867 1
735 868 1
735 900 1
735 988 1
736 752 1
736 756 1
736 758 1
736 768 1
736 788 1
736 816 1
736 817 1
736 826 1
736 843 1
736 866 1
736 880 1
736 915 1
736 919 1
736 932 1
736 970 1
736 975 1
737 774 1
737 796 1
737 827 1
737 830 1
737 878 1
737 889 1
737 964 1
737 983 1
737 987 1
738 746 1
738 773 1
738 786 1
738 798 1
738 841 1
738 861 1
738 869 1
738 879 1
738 882 1
738 884 1
738 943 1
738 949 1
738 968 1
738 995 1
739 813 1
739 828 1
739 864 1
739 898 1
739 937 1
739 953 1
739 974 1
740 773 1
740 827 1
740 831 1
740 833 1
740 882 1
740 909 1
740 921 1
740 927 1
740 955 1
740 956 1
740 960 1
740 962 1
740 977 1
741 747 1
741 749 1
741 792 1
741 794 1
741 795 1
741 812 1
741 857 1
741 878 1
741 901 1
741 911 1
741 992 1
742 776 1
742 813 1
742 823 1
742 848 1
742 858 1
742 869 1
742 884 1
742 944 1
742 962 1
742 973 1
743 745 1
743 767 1
743 768 1
743 774 1
743 778 1
743 779 1
743 799 1
743 832 1
743 836 1
743 857 1
743 880 1
743 906 1
743 907 1
743 916 1
743 939 1
743 943 1
744 746 1
744 753 1
744 754 1
744 775 1
744 785 1
744 800 1
744 808 1
744 822 1
744 836 1
744 851 1
744 854 1
744 857 1
744 861 1
744 880 1
744 887 1
744 927 1
744 950 1
744 964 1
744 993 1
745 746 1
745 775 1
745 776 1
745 820 1
745 828 1
745 835 1
745 847 1
745 851 1
745 860 1
745 896 1
745 908 1
745 910 1
745 926 1
745 957 1
745 969 1
745 973 1
745 989 1
746 752 1
746 763 1
746 781 1
746 803 1
746 811 1
746 817 1
746 830 1
746 841 1
746 842 1
746 847 1
746 855 1
746 894 1
746 895 1
746 903 1
746 907 1
746 916 1
746 934 1
746 949 1
746 990 1
747 760 1
747 767 1
747 778 1
747 811 1
747 815 1
747 822 1
747 843 1
747 882 1
747 889 1
747 894 1
747 942 1
747 949 1
747 953 1
748 759 1
748 772 1
748 847 1
748 901 1
748 927 1
748 936 1
748 938 1
748 970 1
748 997 1
749 794 1
749 825 1
749 831 1
749 841 1
749 845 1
749 875 1
749 924 1
749 989 1
749 993 1
750 753 1
750 792 1
750 829 1
750 845 1
750 863 1
750 878 1
750 945 1
750 949 1
750 965 1
751 767 1
751 790 1
751 799 1
751 810 1
751 826 1
751 832 1
751 835 1
751 850 1
751 854 1
751 881 1
751 885 1
751 908 1
751 948 1
751 966 1
751 970 1
751 975 1
751 981 1
752 755 1
752 786 1
752 787 1
752 792 1
752 815 1
752 930 1
752 940 1
752 942 1
752 953 1
752 958 1
752 963 1
752 975 1
752 986 1
753 763 1
753 801 1
753 804 1
753 824 1
753 828 1
753 860 1
753 875 1
753 883 1
753 939 1
753 947 1
753 969 1
753 986 1
753 994 1
753 995 1
754 787 1
754 788 1
754 839 1
754 848 1
754 864 1
754 869 1
754 872 1
754 915 1
754 934 1
754 944 1
754 957 1
754 960 1
754 965 1
754 980 1
754 984 1
754 997 1
755 785 1
755 803 1
755 808 1
755 846 1
755 882 1
755 884 1
755 925 1
755 934 1
755 944 1
755 948 1
755 962 1
755 984 1
755 986 1
755 987 1
756 775 1
756 780 1
756 789 1
756 801 1
756 814 1
756 826 1
756 845 1
756 881 1
756 887 1
756 896 1
756 905 1
756 919 1
756 937 1
757 764 1
757 773 1
757 778 1
757 795 1
757 801 1
757 808 1
757 822 1
757 834 1
757 836 1
757 838 1
757 858 1
757 870 1
757 893 1
757 932 1
757 935 1
757 939 1
757 948 1
757 958 1
757 959 1
757 980 1
757 995 1
758 788 1
758 798 1
758 822 1
758 832 1
758 837 1
758 896 1
758 909 1
758 924 1
758 926 1
758 949 1
758 953 1
758 993 1
759 763 1
759 782 1
759 792 1
759 805 1
759 821 1
759 835 1
759 856 1
759 860 1
759 868 1
759 913 1
759 938 1
759 942 1
759 948 1
759 966 1
759 971 1
760 822 1
760 832 1
760 834 1
760 846 1
760 850 1
760 901 1
760 904 1
760 917 1
760 945 1
760 965 1
760 986 1
760 994 1
761 787 1
761 802 1
761 861 1
761 950 1
761 976 1
761 979 1
762 812 1
762 817 1
762 821 1
762 849 1
762 869 1
762 876 1
762 893 1
762 896 1
762 904 1
762 920 1
762 934 1
762 948 1
762 956 1
762 966 1
762 1000 1
763 766 1
763 783 1
763 804 1
763 861 1
763 863 1
763 866 1
763 867 1
763 871 1
763 888 1
763 893 1
763 903 1
763 909 1
763 932 1
763 943 1
763 944 1
763 984 1
763 999 1
764 842 1
764 860 1
764 862 1
764 883 1
764 889 1
764 892 1
764 898 1
764 918 1
764 930 1
764 972 1
764 987 1
764 997 1
765 766 1
765 822 1
765 852 1
765 860 1
765 881 1
765 906 1
765 918 1
765 933 1
765 935 1
765 936 1
765 986 1
766 768 1
766 782 1
766 821 1
766 823 1
766 832 1
766 839 1
766 897 1
766 905 1
766 909 1
766 912 1
766 925 1
766 933 1
766 953 1
766 958 1
766 961 1
766 967 1
766 970 1
767 772 1
767 807 1
767 823 1
767 858 1
767 866 1
767 873 1
767 905 1
767 925 1
767 933 1
767 965 1
767 970 1
767 981 1
768 838 1
768 881 1
768 914 1
768 924 1
768 987 1
769 788 1
769 792 1
769 875 1
769 951 1
769 960 1
769 962 1
769 992 1
770 816 1
770 836 1
770 898 1
770 905 1
770 918 1
770 937 1
770 962 1
770 965 1
770 977 1
771 789 1
771 808 1
771 889 1
771 929 1
771 981 1
771 984 1
771 992 1
771 996 1
772 778 1
772 779 1
772 812 1
772 814 1
772 816 1
772 830 1
772 834 1
772 851 1
772 865 1
772 901 1
772 908 1
772 930 1
772 941 1
772 946 1
773 823 1
773 840 1
773 842 1
773 855 1
773 868 1
773 880 1
773 885 1
773 898 1
773 918 1
773 919 1
773 949 1
773 956 1
773 997 1
774 789 1
774 793 1
774 805 1
774 808 1
774 911 1
774 934 1
774 952 1
774 955 1
774 975 1
774 981 1
775 798 1
775 834 1
775 879 1
775 904 1
775 905 1
775 917 1
775 918 1
775 956 1
775 964 1
775 969 1
776 803 1
776 814 1
776 845 1
776 867 1
776 873 1
776 879 1
776 884 1
776 886 1
776 903 1
776 963 1
776 977 1
776 987 1
777 788 1
777 800 1
777 807 1
777 843 1
777 863 1
777 877 1
777 899 1
777 911 1
777 913 1
777 952 1
777 990 1
777 998 1
778 785 1
778 803 1
778 812 1
778 829 1
778 833 1
778 863 1
778 892 1
778 916 1
778 922 1
778 938 1
778 979 1
778 991 1
779 807 1
779 838 1
779 841 1
779 866 1
779 870 1
779 905 1
779 906 1
779 926 1
779 930 1
779 932 1
780 803 1
780 828 1
780 843 1
780 881 1
780 885 1
780 907 1
780 922 1
780 929 1
780 932 1
780 937 1
780 940 1
780 950 1
780 967 1
781 801 1
781 817 1
781 842 1
781 850 1
781 864 1
781 865 1
781 870 1
781 873 1
781 910 1
781 911 1
781 912 1
781 926 1
781 936 1
781 961 1
781 968 1
781 970 1
781 977 1
781 988 1
781 992 1
782 807 1
782 821 1
782 848 1
782 849 1
782 908 1
782 980 1
782 981 1
783 784 1
783 807 1
783 809 1
783 815 1
783 829 1
783 857 1
783 892 1
783 899 1
783 916 1
783 928 1
783 942 1
783 984 1
784 817 1
784 830 1
784 836 1
784 863 1
784 892 1
784 914 1
784 931 1
784 938 1
784 940 1
784 950 1
784 962 1
785 823 1
785 862 1
785 867 1
785 920 1
785 926 1
785 930 1
785 949 1
785 980 1
786 859 1
786 879 1
786 884 1
786 889 1
786 897 1
786 923 1
786 932 1
786 960 1
786 976 1
786 998 1
786 999 1
787 801 1
787 804 1
787 845 1
787 889 1
787 892 1
787 913 1
787 915 1
787 924 1
787 933 1
787 940 1
787 950 1
787 979 1
787 989 1
788 801 1
788 823 1
788 837 1
788 856 1
788 858 1
788 863 1
788 864 1
788 880 1
788 929 1
788 950 1
788 957 1
788 993 1
788 996 1
789 801 1
789 813 1
789 860 1
789 871 1
789 884 1
789 925 1
789 930 1
789 934 1
789 963 1
789 977 1
789 990 1
790 798 1
790 809 1
790 873 1
790 909 1
790 918 1
790 937 1
790 953 1
790 998 1
791 850 1
791 875 1
791 894 1
791 930 1
791 962 1
791 970 1
792 817 1
792 829 1
792 843 1
792 860 1
792 953 1
792 977 1
792 986 1
792 999 1
793 798 1
793 825 1
793 863 1
793 868 1
793 905 1
793 910 1
793 931 1
793 942 1
793 948 1
793 965 1
793 978 1
793 981 1
793 987 1
793 992 1
794 808 1
794 820 1
794 836 1
794 845 1
794 859 1
794 882 1
794 892 1
794 896 1
794 927 1
794 929 1
794 946 1
794 984 1
795 811 1
795 833 1
795 843 1
795 857 1
795 861 1
795 867 1
795 910 1
795 914 1
795 916 1
795 917 1
795 938 1
795 943 1
795 989 1
795 997 1
796 822 1
796 863 1
796 877 1
796 893 1
796 912 1
796 948 1
796 954 1
796 962 1
796 975 1
796 979 1
797 806 1
797 814 1
797 875 1
797 880 1
797 914 1
797 931 1
797 932 1
797 940 1
797 948 1
797 955 1
797 959 1
797 965 1
797 979 1
797 980 1
797 991 1
798 802 1
798 820 1
798 837 1
798 889 1
798 902 1
798 916 1
798 926 1
798 939 1
798 951 1
798 982 1
799 802 1
799 823 1
799 836 1
799 860 1
799 916 1
799 917 1
799 947 1
799 950 1
799 954 1
799 961 1
799 985 1
799 1000 1
800 807 1
800 819 1
800 820 1
800 821 1
800 829 1
800 889 1
800 890 1
800 895 1
800 896 1
800 911 1
800 953 1
800 971 1
800 977 1
800 981 1
801 819 1
801 823 1
801 843 1
801 851 1
801 853 1
801 906 1
801 916 1
801 927 1
801 934 1
801 941 1
801 943 1
801 946 1
801 986 1
801 994 1
802 816 1
802 833 1
802 849 1
802 863 1
802 867 1
802 965 1
802 967 1
802 972 1
802 990 1
803 848 1
803 857 1
803 872 1
803 886 1
803 913 1
803 923 1
803 924 1
803 930 1
803 974 1
803 994 1
804 830 1
804 842 1
804 847 1
804 854 1
804 923 1
804 925 1
804 927 1
804 938 1
804 940 1
804 941 1
804 966 1
804 968 1
804 969 1
804 983 1
804 998 1
805 808 1
805 824 1
805 837 1
805 860 1
805 884 1
805 898 1
805 936 1
805 940 1
805 946 1
805 987 1
805 990 1
806 815 1
806 835 1
806 865 1
806 895 1
806 926 1
806 942 1
806 946 1
806 959 1
806 996 1
807 832 1
807 872 1
807 878 1
807 885 1
807 887 1
807 933 1
807 942 1
807 947 1
807 983 1
808 825 1
808 830 1
808 844 1
808 856 1
808 889 1
808 898 1
808 972 1
808 976 1
808 985 1
809 813 1
809 814 1
809 851 1
809 868 1
809 940 1
809 991 1
810 845 1
810 879 1
810 925 1
810 963 1
810 968 1
810 970 1
810 983 1
810 995 1
811 817 1
811 900 1
811 908 1
811 922 1
811 926 1
811 945 1
811 953 1
811 958 1
812 813 1
812 831 1
812 839 1
812 863 1
812 871 1
812 888 1
812 891 1
812 905 1
812 914 1
812 964 1
812 973 1
812 998 1
813 824 1
813 854 1
813 864 1
813 867 1
813 871 1
813 876 1
813 997 1
814 816 1
814 842 1
814 843 1
814 904 1
814 982 1
815 826 1
815 840 1
815 843 1
815 848 1
815 923 1
815 946 1
815 979 1
815 984 1
816 820 1
816 825 1
816 855 1
816 897 1
816 908 1
816 910 1
816 925 1
816 1000 1
817 822 1
817 831 1
817 855 1
817 856 1
817 867 1
817 880 1
817 882 1
817 884 1
817 894 1
817 929 1
817 970 1
818 819 1
818 825 1
818 851 1
818 879 1
818 887 1
818 891 1
818 895 1
818 916 1
818 967 1
818 999 1
819 869 1
819 892 1
819 902 1
819 934 1
819 944 1
819 957 1
819 969 1
820 838 1
820 933 1
820 964 1
820 979 1
821 837 1
821 861 1
821 862 1
821 873 1
821 914 1
821 943 1
821 945 1
821 984 1
821 990 1
821 992 1
822 860 1
822 866 1
822 867 1
822 882 1
822 891 1
822 926 1
822 971 1
822 977 1
822 991 1
823 830 1
823 832 1
823 852 1
823 874 1
823 875 1
823 877 1
823 919 1
823 943 1
823 950 1
823 981 1
824 847 1
824 868 1
824 871 1
824 879 1
824 882 1
824 884 1
824 892 1
824 902 1
824 921 1
824 930 1
824 940 1
824 944 1
824 965 1
824 982 1
824 984 1
825 826 1
825 832 1
825 834 1
825 837 1
825 844 1
825 845 1
825 893 1
825 903 1
825 933 1
825 948 1
825 959 1
825 976 1
826 834 1
826 877 1
826 879 1
826 910 1
826 945 1
826 953 1
827 837 1
827 844 1
827 897 1
827 907 1
827 909 1
827 910 1
827 916 1
827 935 1
827 948 1
828 880 1
828 923 1
828 958 1
828 967 1
829 843 1
829 847 1
829 857 1
829 859 1
829 871 1
829 894 1
829 906 1
829 917 1
829 962 1
829 974 1
829 993 1
830 833 1
830 836 1
830 837 1
830 845 1
830 863 1
830 895 1
830 902 1
830 908 1
830 937 1
830 963 1
830 976 1
831 848 1
831 873 1
831 889 1
831 912 1
831 955 1
831 956 1
831 958 1
831 971 1
831 986 1
832 839 1
832 864 1
832 926 1
832 931 1
832 941 1
832 969 1
832 992 1
833 850 1
833 867 1
833 921 1
833 947 1
833 966 1
833 978 1
833 980 1
834 846 1
834 861 1
834 864 1
834 885 1
834 897 1
834 916 1
834 928 1
834 929 1
834 935 1
834 937 1
834 964 1
834 966 1
834 970 1
834 1000 1
835 866 1
835 917 1
836 862 1
836 896 1
836 921 1
836 955 1
836 963 1
836 990 1
837 851 1
837 855 1
837 889 1
837 909 1
837 938 1
837 962 1
837 986 1
837 993 1
838 847 1
838 855 1
838 871 1
838 914 1
838 956 1
838 960 1
838 970 1
838 981 1
838 992 1
839 844 1
839 845 1
839 848 1
839 876 1
839 880 1
839 889 1
839 901 1
839 925 1
839 932 1
839 968 1
840 881 1
840 902 1
840 919 1
840 926 1
840 946 1
840 956 1
840 959 1
841 871 1
841 894 1
841 930 1
841 943 1
841 944 1
841 979 1
841 988 1
842 857 1
842 899 1
842 913 1
842 921 1
842 954 1
842 961 1
842 963 1
842 974 1
842 992 1
843 848 1
843 868 1
843 883 1
843 885 1
843 912 1
843 923 1
843 954 1
843 993 1
844 878 1
844 899 1
844 905 1
844 920 1
844 929 1
844 962 1
844 965 1
844 999 1
845 850 1
845 859 1
845 861 1
845 872 1
845 877 1
845 879 1
845 880 1
845 914 1
845 915 1
845 947 1
845 949 1
845 957 1
845 980 1
845 984 1
845 995 1
846 873 1
846 881 1
846 883 1
846 914 1
846 929 1
846 936 1
846 958 1
846 966 1
846 986 1
846 993 1
846 995 1
847 849 1
847 874 1
847 911 1
847 955 1
847 968 1
847 972 1
847 990 1
848 857 1
848 867 1
848 882 1
848 915 1
848 929 1
848 933 1
848 945 1
848 956 1
848 977 1
848 981 1
848 984 1
848 991 1
849 854 1
849 864 1
849 885 1
849 894 1
849 911 1
849 929 1
849 941 1
849 963 1
850 861 1
850 899 1
850 904 1
850 936 1
850 951 1
850 952 1
850 957 1
851 870 1
851 885 1
851 894 1
851 901 1
851 917 1
851 935 1
851 944 1
851 956 1
851 978 1
851 987 1
851 993 1
852 892 1
852 908 1
852 926 1
852 929 1
852 956 1
852 982 1
852 983 1
853 861 1
853 882 1
853 884 1
853 894 1
853 917 1
853 919 1
853 967 1
854 860 1
854 880 1
854 915 1
854 928 1
854 940 1
854 963 1
854 983 1
855 873 1
855 885 1
855 959 1
855 966 1
855 984 1
856 864 1
856 891 1
856 912 1
856 922 1
856 944 1
856 947 1
857 864 1
857 865 1
857 961 1
857 962 1
857 965 1
857 971 1
857 974 1
857 987 1
857 990 1
858 882 1
858 888 1
858 918 1
858 997 1
859 888 1
859 935 1
859 937 1
859 944 1
859 954 1
859 965 1
859 972 1
859 981 1
860 863 1
860 877 1
860 887 1
860 896 1
860 906 1
860 915 1
860 961 1
860 964 1
860 972 1
860 975 1
860 982 1
860 988 1
860 990 1
861 862 1
861 888 1
861 898 1
861 899 1
861 900 1
861 967 1
861 979 1
861 984 1
862 900 1
862 924 1
862 946 1
862 978 1
863 867 1
863 892 1
863 902 1
863 959 1
863 965 1
863 974 1
863 998 1
864 893 1
864 897 1
864 925 1
864 961 1
864 969 1
864 985 1
864 991 1
865 870 1
865 895 1
865 899 1
865 923 1
865 970 1
865 979 1
865 980 1
866 908 1
866 913 1
866 919 1
866 945 1
866 950 1
866 989 1
867 898 1
867 905 1
867 911 1
867 982 1
868 873 1
868 884 1
868 891 1
868 979 1
869 889 1
869 917 1
869 926 1
869 932 1
869 933 1
869 934 1
869 945 1
869 946 1
869 961 1
870 879 1
870 890 1
870 952 1
870 955 1
870 963 1
870 973 1
870 975 1
870 979 1
870 986 1
871 881 1
871 887 1
871 896 1
871 898 1
871 943 1
871 954 1
871 959 1
871 965 1
871 979 1
871 982 1
871 985 1
871 987 1
872 880 1
872 885 1
872 897 1
872 927 1
872 950 1
872 966 1
872 974 1
872 976 1
872 980 1
873 882 1
873 890 1
873 895 1
873 931 1
873 946 1
873 969 1
873 971 1
874 876 1
874 891 1
874 898 1
874 924 1
874 943 1
875 877 1
875 884 1
875 936 1
875 947 1
875 956 1
875 981 1
876 883 1
876 946 1
876 960 1
876 962 1
877 933 1
877 953 1
877 958 1
877 975 1
877 991 1
878 907 1
878 919 1
878 937 1
878 998 1
879 937 1
879 993 1
880 893 1
880 894 1
880 934 1
880 945 1
880 952 1
880 959 1
880 979 1
880 984 1
881 918 1
881 937 1
881 978 1
882 897 1
882 918 1
882 930 1
882 960 1
883 892 1
883 911 1
883 974 1
883 983 1
883 989 1
883 993 1
884 885 1
884 897 1
884 911 1
884 914 1
884 936 1
884 938 1
884 946 1
884 950 1
884 958 1
884 964 1
884 976 1
884 998 1
885 888 1
885 890 1
885 923 1
885 965 1
885 986 1
886 894 1
886 919 1
886 941 1
886 965 1
887 904 1
887 911 1
887 945 1
888 902 1
888 917 1
888 932 1
888 964 1
888 977 1
889 931 1
889 937 1
889 957 1
889 958 1
890 908 1
890 925 1
890 944 1
890 960 1
891 903 1
891 906 1
891 908 1
891 947 1
891 979 1
891 984 1
892 916 1
893 917 1
893 962 1
893 990 1
894 914 1
894 934 1
894 939 1
894 955 1
894 981 1
895 898 1
895 907 1
895 930 1
895 953 1
895 958 1
895 979 1
896 911 1
896 917 1
896 936 1
896 988 1
897 910 1
897 916 1
897 921 1
897 922 1
897 928 1
897 962 1
897 969 1
897 976 1
897 978 1
897 980 1
897 988 1
897 996 1
898 911 1
898 919 1
898 933 1
898 963 1
899 928 1
899 951 1
899 973 1
899 975 1
900 911 1
900 915 1
900 933 1
900 935 1
900 963 1
900 967 1
900 981 1
900 987 1
900 995 1
901 903 1
901 907 1
901 927 1
901 959 1
901 970 1
901 985 1
901 998 1
902 931 1
902 941 1
902 970 1
902 996 1
903 917 1
903 926 1
903 940 1
903 951 1
904 931 1
904 976 1
905 987 1
906 919 1
906 927 1
906 946 1
906 950 1
906 961 1
906 998 1
907 945 1
907 998 1
908 909 1
908 939 1
908 948 1
908 995 1
909 910 1
909 917 1
909 947 1
909 954 1
909 963 1
909 969 1
910 923 1
910 933 1
910 956 1
911 932 1
911 938 1
911 950 1
911 953 1
911 961 1
911 963 1
911 970 1
912 935 1
912 938 1
912 978 1
912 984 1
913 929 1
913 987 1
914 944 1
914 961 1
914 980 1
914 987 1
915 921 1
915 975 1
915 979 1
915 987 1
915 999 1
916 950 1
917 931 1
917 965 1
918 934 1
918 945 1
918 961 1
918 966 1
918 967 1
918 985 1
918 999 1
919 930 1
919 1000 1
920 923 1
920 928 1
920 935 1
920 942 1
920 946 1
920 954 1
921 927 1
921 928 1
921 944 1
921 972 1
921 979 1
921 994 1
922 938 1
922 940 1
922 998 1
923 934 1
923 948 1
923 951 1
923 960 1
923 973 1
923 978 1
923 997 1
923 998 1
925 930 1
925 954 1
925 965 1
925 975 1
925 978 1
925 992 1
926 929 1
926 931 1
926 946 1
926 956 1
926 977 1
926 989 1
927 970 1
927 997 1
928 930 1
928 935 1
928 939 1
928 940 1
928 941 1
928 968 1
929 950 1
930 939 1
930 946 1
930 968 1
930 978 1
930 984 1
931 942 1
931 955 1
931 979 1
931 997 1
932 937 1
932 983 1
933 952 1
933 981 1
933 987 1
934 945 1
934 946 1
934 986 1
934 990 1
934 995 1
934 997 1
935 938 1
935 946 1
935 958 1
935 959 1
935 996 1
936 955 1
936 968 1
936 996 1
937 959 1
937 974 1
938 964 1
939 952 1
939 971 1
939 988 1
940 944 1
940 958 1
940 961 1
940 996 1
940 1000 1
941 954 1
941 960 1
941 996 1
941 1000 1
942 978 1
942 990 1
943 955 1
943 957 1
943 958 1
943 963 1
943 983 1
943 984 1
943 988 1
944 972 1
944 977 1
945 958 1
946 995 1
946 1000 1
947 970 1
947 974 1
948 949 1
948 952 1
949 974 1
949 977 1
949 979 1
949 981 1
949 985 1
950 951 1
950 961 1
950 969 1
950 996 1
951 972 1
952 957 1
952 969 1
953 966 1
953 970 1
954 974 1
954 982 1
954 983 1
954 984 1
954 985 1
954 991 1
954 996 1
955 964 1
955 978 1
955 992 1
955 997 1
956 987 1
957 965 1
957 968 1
957 982 1
958 962 1
958 971 1
958 983 1
959 993 1
960 962 1
960 995 1
961 978 1
961 1000 1
962 970 1
962 972 1
962 977 1
962 979 1
963 968 1
965 970 1
965 982 1
965 985 1
965 992 1
965 997 1
967 968 1
967 977 1
967 1000 1
968 969 1
968 989 1
969 971 1
969 986 1
969 992 1
969 993 1
972 976 1
974 988 1
974 994 1
975 987 1
975 988 1
975 990 1
975 995 1
976 996 1
977 982 1
977 992 1
978 982 1
978 994 1
979 980 1
979 981 1
981 988 1
982 990 1
982 998 1
983 995 1
985 998 1
986 995 1
986 1000 1
988 994 1
989 998 1
991 997 1
