500 12285
1 3 1
1 8 1
1 18 1
1 64 1
1 74 1
1 75 1
1 79 1
1 94 1
1 106 1
1 117 1
1 127 1
1 130 1
1 140 1
1 145 1
1 159 1
1 170 1
1 209 1
1 210 1
1 216 1
1 218 1
1 223 1
1 253 1
1 259 1
1 261 1
1 265 1
1 270 1
1 283 1
1 296 1
1 305 1
1 335 1
1 346 1
1 356 1
1 359 1
1 361 1
1 373 1
1 399 1
1 411 1
1 417 1
1 436 1
1 446 1
1 451 1
1 454 1
1 463 1
1 473 1
1 474 1
1 477 1
1 480 1
1 486 1
1 487 1
2 35 1
2 50 1
2 64 1
2 65 1
2 89 1
2 97 1
2 102 1
2 103 1
2 107 1
2 108 1
2 119 1
2 120 1
2 140 1
2 153 1
2 162 1
2 164 1
2 165 1
2 176 1
2 177 1
2 178 1
2 194 1
2 206 1
2 210 1
2 215 1
2 216 1
2 279 1
2 283 1
2 294 1
2 300 1
2 311 1
2 315 1
2 327 1
2 328 1
2 339 1
2 354 1
2 361 1
2 369 1
2 371 1
2 381 1
2 384 1
2 385 1
2 407 1
2 443 1
2 463 1
2 481 1
2 487 1
2 495 1
2 498 1
3 6 1
3 11 1
3 16 1
3 33 1
3 49 1
3 54 1
3 59 1
3 74 1
3 84 1
3 86 1
3 105 1
3 109 1
3 120 1
3 130 1
3 153 1
3 161 1
3 169 1
3 170 1
3 182 1
3 194 1
3 197 1
3 224 1
3 231 1
3 236 1
3 238 1
3 265 1
3 270 1
3 282 1
3 293 1
3 294 1
3 297 1
3 302 1
3 306 1
3 315 1
3 326 1
3 331 1
3 344 1
3 358 1
3 384 1
3 405 1
3 411 1
3 423 1
3 432 1
3 457 1
3 465 1
3 476 1
3 479 1
3 481 1
3 495 1
4 18 1
4 35 1
4 44 1
4 63 1
4 70 1
4 78 1
4 79 1
4 83 1
4 115 1
4 118 1
4 120 1
4 129 1
4 140 1
4 151 1
4 169 1
4 185 1
4 187 1
4 190 1
4 208 1
4 210 1
4 229 1
4 230 1
4 231 1
4 238 1
4 243 1
4 253 1
4 256 1
4 274 1
4 279 1
4 282 1
4 289 1
4 295 1
4 298 1
4 315 1
4 321 1
4 346 1
4 347 1
4 348 1
4 350 1
4 394 1
4 436 1
4 440 1
4 443 1
4 459 1
4 481 1
5 18 1
5 19 1
5 23 1
5 26 1
5 37 1
5 39 1
5 42 1
5 46 1
5 54 1
5 58 1
5 60 1
5 72 1
5 96 1
5 100 1
5 105 1
5 107 1
5 112 1
5 114 1
5 120 1
5 123 1
5 125 1
5 139 1
5 141 1
5 149 1
5 157 1
5 159 1
5 163 1
5 167 1
5 173 1
5 175 1
5 181 1
5 212 1
5 259 1
5 265 1
5 290 1
5 297 1
5 314 1
5 323 1
5 333 1
5 334 1
5 338 1
5 340 1
5 341 1
5 355 1
5 360 1
5 361 1
5 390 1
5 395 1
5 397 1
5 399 1
5 400 1
5 407 1
5 411 1
5 425 1
5 448 1
5 449 1
5 450 1
5 460 1
5 461 1
5 480 1
5 489 1
5 492 1
6 14 1
6 19 1
6 21 1
6 25 1
6 28 1
6 45 1
6 64 1
6 77 1
6 79 1
6 122 1
6 141 1
6 155 1
6 166 1
6 167 1
6 178 1
6 190 1
6 204 1
6 207 1
6 215 1
6 218 1
6 222 1
6 229 1
6 230 1
6 231 1
6 232 1
6 239 1
6 246 1
6 252 1
6 254 1
6 263 1
6 269 1
6 277 1
6 279 1
6 289 1
6 302 1
6 303 1
6 322 1
6 325 1
6 326 1
6 339 1
6 362 1
6 366 1
6 382 1
6 384 1
6 387 1
6 407 1
6 418 1
6 422 1
6 425 1
6 428 1
6 433 1
6 456 1
6 464 1
6 470 1
6 482 1
6 484 1
6 490 1
6 498 1
7 8 1
7 11 1
7 12 1
7 23 1
7 27 1
7 33 1
7 36 1
7 51 1
7 57 1
7 75 1
7 84 1
7 93 1
7 97 1
7 106 1
7 107 1
7 112 1
7 121 1
7 132 1
7 145 1
7 154 1
7 158 1
7 163 1
7 181 1
7 184 1
7 209 1
7 220 1
7 223 1
7 224 1
7 242 1
7 251 1
7 253 1
7 258 1
7 275 1
7 280 1
7 290 1
7 295 1
7 303 1
7 310 1
7 317 1
7 321 1
7 334 1
7 338 1
7 349 1
7 352 1
7 354 1
7 379 1
7 396 1
7 399 1
7 402 1
7 406 1
7 410 1
7 452 1
7 453 1
7 456 1
7 458 1
7 466 1
7 467 1
7 473 1
7 476 1
7 482 1
8 10 1
8 14 1
8 53 1
8 64 1
8 69 1
8 73 1
8 74 1
8 81 1
8 92 1
8 108 1
8 127 1
8 135 1
8 138 1
8 161 1
8 176 1
8 178 1
8 198 1
8 214 1
8 245 1
8 254 1
8 256 1
8 271 1
8 272 1
8 273 1
8 278 1
8 291 1
8 295 1
8 302 1
8 310 1
8 313 1
8 352 1
8 366 1
8 376 1
8 389 1
8 393 1
8 401 1
8 408 1
8 410 1
8 418 1
8 419 1
8 443 1
8 452 1
8 460 1
8 476 1
8 478 1
8 488 1
8 495 1
8 497 1
9 13 1
9 15 1
9 21 1
9 30 1
9 50 1
9 59 1
9 83 1
9 84 1
9 88 1
9 90 1
9 100 1
9 106 1
9 108 1
9 109 1
9 110 1
9 115 1
9 122 1
9 126 1
9 129 1
9 138 1
9 140 1
9 147 1
9 154 1
9 159 1
9 162 1
9 174 1
9 205 1
9 213 1
9 243 1
9 247 1
9 270 1
9 274 1
9 284 1
9 287 1
9 288 1
9 301 1
9 329 1
9 333 1
9 340 1
9 342 1
9 344 1
9 350 1
9 351 1
9 359 1
9 364 1
9 366 1
9 367 1
9 369 1
9 377 1
9 385 1
9 387 1
9 398 1
9 403 1
9 417 1
9 429 1
9 473 1
10 15 1
10 56 1
10 77 1
10 88 1
10 95 1
10 118 1
10 124 1
10 125 1
10 143 1
10 155 1
10 160 1
10 162 1
10 168 1
10 174 1
10 180 1
10 184 1
10 194 1
10 206 1
10 235 1
10 240 1
10 281 1
10 288 1
10 299 1
10 304 1
10 340 1
10 342 1
10 349 1
10 351 1
10 352 1
10 363 1
10 382 1
10 412 1
10 419 1
10 422 1
10 425 1
10 450 1
10 455 1
10 458 1
10 470 1
10 477 1
11 17 1
11 27 1
11 28 1
11 35 1
11 36 1
11 42 1
11 48 1
11 55 1
11 70 1
11 98 1
11 104 1
11 111 1
11 120 1
11 123 1
11 133 1
11 139 1
11 142 1
11 143 1
11 154 1
11 169 1
11 192 1
11 198 1
11 200 1
11 208 1
11 212 1
11 220 1
11 222 1
11 223 1
11 240 1
11 246 1
11 266 1
11 283 1
11 291 1
11 319 1
11 326 1
11 335 1
11 352 1
11 363 1
11 387 1
11 408 1
11 412 1
11 423 1
11 435 1
11 436 1
11 437 1
11 460 1
11 461 1
11 467 1
11 494 1
11 498 1
11 500 1
12 14 1
12 38 1
12 40 1
12 77 1
12 80 1
12 97 1
12 110 1
12 116 1
12 121 1
12 125 1
12 126 1
12 147 1
12 160 1
12 170 1
12 246 1
12 254 1
12 261 1
12 287 1
12 290 1
12 324 1
12 335 1
12 336 1
12 355 1
12 357 1
12 361 1
12 365 1
12 371 1
12 384 1
12 390 1
12 398 1
12 406 1
12 420 1
12 421 1
12 423 1
12 425 1
12 427 1
12 434 1
12 444 1
12 445 1
12 462 1
12 465 1
12 468 1
12 469 1
13 14 1
13 19 1
13 25 1
13 28 1
13 41 1
13 42 1
13 55 1
13 56 1
13 61 1
13 71 1
13 75 1
13 82 1
13 96 1
13 101 1
13 106 1
13 114 1
13 126 1
13 128 1
13 149 1
13 169 1
13 172 1
13 194 1
13 206 1
13 208 1
13 214 1
13 224 1
13 225 1
13 241 1
13 244 1
13 261 1
13 299 1
13 301 1
13 302 1
13 308 1
13 317 1
13 319 1
13 324 1
13 337 1
13 348 1
13 359 1
13 365 1
13 367 1
13 378 1
13 383 1
13 384 1
13 396 1
13 417 1
13 420 1
13 423 1
13 425 1
13 446 1
13 454 1
13 466 1
13 471 1
13 476 1
13 477 1
13 500 1
14 22 1
14 28 1
14 29 1
14 43 1
14 55 1
14 63 1
14 72 1
14 74 1
14 81 1
14 87 1
14 94 1
14 106 1
14 114 1
14 140 1
14 148 1
14 151 1
14 153 1
14 154 1
14 160 1
14 165 1
14 217 1
14 232 1
14 251 1
14 259 1
14 268 1
14 295 1
14 297 1
14 300 1
14 302 1
14 305 1
14 308 1
14 329 1
14 350 1
14 376 1
14 382 1
14 383 1
14 389 1
14 394 1
14 403 1
14 416 1
14 444 1
14 449 1
14 453 1
14 462 1
14 463 1
14 466 1
14 479 1
14 480 1
14 482 1
14 487 1
15 32 1
15 40 1
15 43 1
15 44 1
15 46 1
15 56 1
15 57 1
15 63 1
15 66 1
15 67 1
15 79 1
15 80 1
15 82 1
15 84 1
15 108 1
15 140 1
15 146 1
15 159 1
15 170 1
15 171 1
15 173 1
15 184 1
15 192 1
15 207 1
15 219 1
15 221 1
15 231 1
15 236 1
15 252 1
15 257 1
15 264 1
15 276 1
15 284 1
15 291 1
15 310 1
15 315 1
15 321 1
15 332 1
15 333 1
15 355 1
15 387 1
15 408 1
15 428 1
15 436 1
15 439 1
15 443 1
15 457 1
15 458 1
15 470 1
15 477 1
15 478 1
15 480 1
15 486 1
15 494 1
15 499 1
16 37 1
16 42 1
16 55 1
16 64 1
16 65 1
16 84 1
16 91 1
16 95 1
16 99 1
16 102 1
16 110 1
16 131 1
16 132 1
16 134 1
16 137 1
16 162 1
16 180 1
16 195 1
16 222 1
16 237 1
16 244 1
16 248 1
16 270 1
16 277 1
16 278 1
16 286 1
16 293 1
16 314 1
16 317 1
16 322 1
16 324 1
16 330 1
16 345 1
16 361 1
16 381 1
16 387 1
16 388 1
16 398 1
16 412 1
16 426 1
16 435 1
16 448 1
16 450 1
16 456 1
16 457 1
16 460 1
16 477 1
16 480 1
16 484 1
17 20 1
17 73 1
17 75 1
17 79 1
17 81 1
17 91 1
17 92 1
17 105 1
17 113 1
17 129 1
17 137 1
17 140 1
17 156 1
17 166 1
17 168 1
17 185 1
17 191 1
17 194 1
17 216 1
17 237 1
17 244 1
17 258 1
17 263 1
17 265 1
17 268 1
17 272 1
17 285 1
17 303 1
17 311 1
17 312 1
17 316 1
17 324 1
17 352 1
17 354 1
17 358 1
17 369 1
17 373 1
17 403 1
17 423 1
17 425 1
17 442 1
17 463 1
17 498 1
18 19 1
18 46 1
18 57 1
18 68 1
18 74 1
18 77 1
18 94 1
18 95 1
18 116 1
18 121 1
18 132 1
18 135 1
18 162 1
18 179 1
18 184 1
18 193 1
18 196 1
18 197 1
18 204 1
18 205 1
18 212 1
18 217 1
18 218 1
18 239 1
18 254 1
18 276 1
18 284 1
18 292 1
18 295 1
18 312 1
18 332 1
18 339 1
18 346 1
18 367 1
18 373 1
18 385 1
18 403 1
18 410 1
18 411 1
18 415 1
18 422 1
18 423 1
18 463 1
18 476 1
18 478 1
18 481 1
18 488 1
18 490 1
19 22 1
19 28 1
19 31 1
19 56 1
19 70 1
19 77 1
19 93 1
19 101 1
19 102 1
19 113 1
19 125 1
19 140 1
19 165 1
19 173 1
19 189 1
19 191 1
19 216 1
19 219 1
19 226 1
19 228 1
19 230 1
19 234 1
19 241 1
19 258 1
19 262 1
19 268 1
19 339 1
19 345 1
19 353 1
19 355 1
19 357 1
19 364 1
19 367 1
19 378 1
19 380 1
19 386 1
19 388 1
19 389 1
19 395 1
19 398 1
19 411 1
19 419 1
19 420 1
19 433 1
19 438 1
19 443 1
19 446 1
19 449 1
19 455 1
19 458 1
19 459 1
19 469 1
19 475 1
19 483 1
19 495 1
20 23 1
20 30 1
20 55 1
20 80 1
20 97 1
20 109 1
20 119 1
20 138 1
20 143 1
20 160 1
20 163 1
20 166 1
20 178 1
20 187 1
20 190 1
20 197 1
20 216 1
20 228 1
20 245 1
20 252 1
20 268 1
20 269 1
20 272 1
20 276 1
20 298 1
20 299 1
20 300 1
20 311 1
20 312 1
20 315 1
20 329 1
20 353 1
20 357 1
20 368 1
20 382 1
20 383 1
20 387 1
20 392 1
20 395 1
20 422 1
20 431 1
20 438 1
20 455 1
20 470 1
20 476 1
20 494 1
20 497 1
20 498 1
21 25 1
21 34 1
21 48 1
21 64 1
21 75 1
21 77 1
21 81 1
21 83 1
21 94 1
21 101 1
21 106 1
21 109 1
21 137 1
21 148 1
21 151 1
21 198 1
21 205 1
21 219 1
21 227 1
21 260 1
21 272 1
21 289 1
21 292 1
21 298 1
21 301 1
21 307 1
21 324 1
21 325 1
21 345 1
21 360 1
21 377 1
21 379 1
21 388 1
21 395 1
21 398 1
21 399 1
21 404 1
21 406 1
21 412 1
21 424 1
21 427 1
21 430 1
21 465 1
21 476 1
21 486 1
22 25 1
22 37 1
22 45 1
22 48 1
22 64 1
22 68 1
22 85 1
22 94 1
22 95 1
22 102 1
22 121 1
22 122 1
22 123 1
22 128 1
22 132 1
22 156 1
22 162 1
22 166 1
22 186 1
22 194 1
22 217 1
22 220 1
22 225 1
22 235 1
22 237 1
22 246 1
22 247 1
22 248 1
22 250 1
22 253 1
22 269 1
22 314 1
22 315 1
22 326 1
22 336 1
22 340 1
22 342 1
22 356 1
22 370 1
22 390 1
22 405 1
22 407 1
22 428 1
22 439 1
22 449 1
22 459 1
22 463 1
22 474 1
22 477 1
22 478 1
22 498 1
23 24 1
23 39 1
23 52 1
23 60 1
23 61 1
23 64 1
23 65 1
23 73 1
23 80 1
23 84 1
23 90 1
23 95 1
23 104 1
23 106 1
23 108 1
23 111 1
23 126 1
23 129 1
23 138 1
23 157 1
23 160 1
23 175 1
23 176 1
23 183 1
23 194 1
23 210 1
23 214 1
23 223 1
23 226 1
23 239 1
23 245 1
23 266 1
23 296 1
23 299 1
23 301 1
23 303 1
23 312 1
23 323 1
23 327 1
23 340 1
23 358 1
23 360 1
23 366 1
23 377 1
23 380 1
23 391 1
23 435 1
23 444 1
23 479 1
23 486 1
23 496 1
24 27 1
24 42 1
24 46 1
24 47 1
24 55 1
24 57 1
24 66 1
24 81 1
24 85 1
24 91 1
24 95 1
24 107 1
24 116 1
24 128 1
24 131 1
24 134 1
24 150 1
24 152 1
24 185 1
24 218 1
24 225 1
24 228 1
24 229 1
24 305 1
24 306 1
24 321 1
24 338 1
24 340 1
24 344 1
24 356 1
24 361 1
24 367 1
24 389 1
24 403 1
24 409 1
24 420 1
24 429 1
24 474 1
24 492 1
25 33 1
25 46 1
25 48 1
25 49 1
25 58 1
25 74 1
25 84 1
25 93 1
25 102 1
25 113 1
25 132 1
25 135 1
25 136 1
25 144 1
25 148 1
25 163 1
25 186 1
25 211 1
25 215 1
25 222 1
25 247 1
25 249 1
25 266 1
25 268 1
25 270 1
25 283 1
25 299 1
25 300 1
25 302 1
25 317 1
25 329 1
25 360 1
25 361 1
25 363 1
25 370 1
25 380 1
25 384 1
25 397 1
25 420 1
25 441 1
25 442 1
25 472 1
25 477 1
25 479 1
25 498 1
26 31 1
26 32 1
26 42 1
26 43 1
26 45 1
26 53 1
26 54 1
26 62 1
26 119 1
26 144 1
26 158 1
26 164 1
26 165 1
26 178 1
26 188 1
26 189 1
26 192 1
26 198 1
26 200 1
26 208 1
26 236 1
26 239 1
26 240 1
26 244 1
26 257 1
26 264 1
26 274 1
26 276 1
26 297 1
26 311 1
26 313 1
26 318 1
26 320 1
26 334 1
26 339 1
26 342 1
26 360 1
26 364 1
26 367 1
26 406 1
26 413 1
26 431 1
26 441 1
26 480 1
26 481 1
26 493 1
27 41 1
27 50 1
27 55 1
27 59 1
27 73 1
27 84 1
27 97 1
27 98 1
27 112 1
27 114 1
27 136 1
27 138 1
27 156 1
27 157 1
27 170 1
27 176 1
27 186 1
27 188 1
27 192 1
27 199 1
27 206 1
27 226 1
27 247 1
27 272 1
27 277 1
27 279 1
27 282 1
27 292 1
27 301 1
27 313 1
27 314 1
27 321 1
27 324 1
27 331 1
27 354 1
27 366 1
27 369 1
27 394 1
27 395 1
27 400 1
27 418 1
27 427 1
27 456 1
27 460 1
27 471 1
27 476 1
27 482 1
27 486 1
28 39 1
28 41 1
28 59 1
28 65 1
28 67 1
28 83 1
28 88 1
28 94 1
28 98 1
28 99 1
28 106 1
28 107 1
28 120 1
28 133 1
28 156 1
28 169 1
28 172 1
28 182 1
28 200 1
28 209 1
28 215 1
28 231 1
28 249 1
28 263 1
28 264 1
28 280 1
28 291 1
28 294 1
28 327 1
28 359 1
28 377 1
28 385 1
28 389 1
28 391 1
28 395 1
28 399 1
28 411 1
28 425 1
28 431 1
28 442 1
28 443 1
28 450 1
28 477 1
28 490 1
29 30 1
29 42 1
29 48 1
29 60 1
29 61 1
29 62 1
29 77 1
29 80 1
29 81 1
29 92 1
29 96 1
29 113 1
29 137 1
29 140 1
29 154 1
29 160 1
29 163 1
29 168 1
29 192 1
29 194 1
29 199 1
29 214 1
29 229 1
29 245 1
29 246 1
29 248 1
29 256 1
29 261 1
29 299 1
29 315 1
29 316 1
29 343 1
29 344 1
29 362 1
29 364 1
29 369 1
29 390 1
29 402 1
29 414 1
29 415 1
29 421 1
29 442 1
29 450 1
29 470 1
29 472 1
29 491 1
29 492 1
30 32 1
30 34 1
30 38 1
30 77 1
30 79 1
30 81 1
30 87 1
30 97 1
30 98 1
30 99 1
30 111 1
30 120 1
30 126 1
30 148 1
30 149 1
30 154 1
30 169 1
30 193 1
30 199 1
30 203 1
30 211 1
30 221 1
30 224 1
30 233 1
30 248 1
30 250 1
30 252 1
30 279 1
30 282 1
30 286 1
30 287 1
30 297 1
30 305 1
30 309 1
30 310 1
30 332 1
30 359 1
30 361 1
30 374 1
30 377 1
30 395 1
30 397 1
30 399 1
30 416 1
30 429 1
30 434 1
30 446 1
30 460 1
30 495 1
31 33 1
31 39 1
31 50 1
31 51 1
31 57 1
31 58 1
31 69 1
31 81 1
31 88 1
31 96 1
31 100 1
31 101 1
31 103 1
31 116 1
31 124 1
31 132 1
31 135 1
31 142 1
31 152 1
31 158 1
31 161 1
31 168 1
31 176 1
31 188 1
31 192 1
31 206 1
31 208 1
31 230 1
31 254 1
31 257 1
31 299 1
31 312 1
31 320 1
31 331 1
31 350 1
31 356 1
31 362 1
31 379 1
31 409 1
31 415 1
31 416 1
31 439 1
31 440 1
31 458 1
31 460 1
31 468 1
31 469 1
31 483 1
31 485 1
31 489 1
32 39 1
32 45 1
32 48 1
32 50 1
32 52 1
32 59 1
32 74 1
32 85 1
32 93 1
32 102 1
32 125 1
32 140 1
32 154 1
32 159 1
32 171 1
32 176 1
32 204 1
32 229 1
32 251 1
32 260 1
32 262 1
32 267 1
32 283 1
32 285 1
32 298 1
32 299 1
32 314 1
32 325 1
32 326 1
32 335 1
32 336 1
32 363 1
32 375 1
32 377 1
32 387 1
32 390 1
32 395 1
32 414 1
32 419 1
32 425 1
32 438 1
32 440 1
32 447 1
32 450 1
32 460 1
32 465 1
32 481 1
32 488 1
32 494 1
33 56 1
33 92 1
33 93 1
33 104 1
33 131 1
33 133 1
33 137 1
33 141 1
33 147 1
33 155 1
33 179 1
33 204 1
33 208 1
33 215 1
33 226 1
33 227 1
33 247 1
33 268 1
33 271 1
33 273 1
33 286 1
33 303 1
33 313 1
33 320 1
33 333 1
33 356 1
33 357 1
33 361 1
33 368 1
33 369 1
33 377 1
33 385 1
33 387 1
33 413 1
33 421 1
33 426 1
33 445 1
33 453 1
33 458 1
33 459 1
33 463 1
33 465 1
33 466 1
33 473 1
33 474 1
33 477 1
33 489 1
33 490 1
33 491 1
33 495 1
33 497 1
34 46 1
34 53 1
34 54 1
34 63 1
34 64 1
34 74 1
34 98 1
34 105 1
34 114 1
34 120 1
34 140 1
34 148 1
34 153 1
34 166 1
34 168 1
34 187 1
34 191 1
34 195 1
34 196 1
34 209 1
34 225 1
34 231 1
34 240 1
34 249 1
34 281 1
34 285 1
34 305 1
34 307 1
34 320 1
34 326 1
34 334 1
34 343 1
34 375 1
34 382 1
34 393 1
34 394 1
34 395 1
34 410 1
34 412 1
34 413 1
34 431 1
34 458 1
34 471 1
34 478 1
34 484 1
34 485 1
35 54 1
35 59 1
35 65 1
35 70 1
35 79 1
35 80 1
35 89 1
35 91 1
35 127 1
35 133 1
35 143 1
35 145 1
35 161 1
35 170 1
35 174 1
35 176 1
35 213 1
35 215 1
35 220 1
35 222 1
35 225 1
35 227 1
35 230 1
35 234 1
35 248 1
35 250 1
35 264 1
35 268 1
35 272 1
35 280 1
35 281 1
35 283 1
35 298 1
35 323 1
35 346 1
35 349 1
35 351 1
35 357 1
35 362 1
35 365 1
35 368 1
35 372 1
35 376 1
35 386 1
35 409 1
35 425 1
35 430 1
35 453 1
35 466 1
35 471 1
35 473 1
36 43 1
36 50 1
36 55 1
36 60 1
36 63 1
36 68 1
36 70 1
36 88 1
36 118 1
36 127 1
36 141 1
36 151 1
36 152 1
36 154 1
36 161 1
36 176 1
36 228 1
36 231 1
36 237 1
36 240 1
36 248 1
36 256 1
36 259 1
36 271 1
36 281 1
36 290 1
36 291 1
36 293 1
36 297 1
36 298 1
36 322 1
36 345 1
36 352 1
36 357 1
36 392 1
36 416 1
36 417 1
36 440 1
36 445 1
36 454 1
36 458 1
36 476 1
36 481 1
36 485 1
36 500 1
37 46 1
37 48 1
37 61 1
37 73 1
37 81 1
37 104 1
37 116 1
37 126 1
37 150 1
37 167 1
37 168 1
37 205 1
37 220 1
37 222 1
37 230 1
37 239 1
37 276 1
37 284 1
37 287 1
37 300 1
37 318 1
37 324 1
37 328 1
37 350 1
37 358 1
37 373 1
37 401 1
37 403 1
37 408 1
37 413 1
37 414 1
37 434 1
37 450 1
37 475 1
37 477 1
37 483 1
37 491 1
38 45 1
38 58 1
38 64 1
38 70 1
38 80 1
38 85 1
38 88 1
38 92 1
38 95 1
38 98 1
38 111 1
38 122 1
38 133 1
38 144 1
38 152 1
38 170 1
38 178 1
38 180 1
38 188 1
38 197 1
38 202 1
38 211 1
38 224 1
38 226 1
38 230 1
38 231 1
38 252 1
38 253 1
38 255 1
38 260 1
38 266 1
38 304 1
38 307 1
38 311 1
38 321 1
38 339 1
38 344 1
38 345 1
38 348 1
38 366 1
38 374 1
38 376 1
38 377 1
38 391 1
38 392 1
38 407 1
38 425 1
38 436 1
38 450 1
38 452 1
38 456 1
38 457 1
38 467 1
38 469 1
38 478 1
38 487 1
38 491 1
38 492 1
38 500 1
39 49 1
39 56 1
39 65 1
39 72 1
39 86 1
39 89 1
39 126 1
39 137 1
39 168 1
39 193 1
39 200 1
39 207 1
39 208 1
39 237 1
39 253 1
39 257 1
39 260 1
39 264 1
39 266 1
39 271 1
39 273 1
39 274 1
39 289 1
39 290 1
39 295 1
39 312 1
39 317 1
39 332 1
39 346 1
39 372 1
39 408 1
39 417 1
39 423 1
39 424 1
39 435 1
39 463 1
39 472 1
39 492 1
39 496 1
40 61 1
40 77 1
40 81 1
40 88 1
40 92 1
40 94 1
40 106 1
40 136 1
40 144 1
40 155 1
40 160 1
40 170 1
40 180 1
40 185 1
40 215 1
40 226 1
40 243 1
40 245 1
40 257 1
40 262 1
40 274 1
40 281 1
40 287 1
40 289 1
40 314 1
40 316 1
40 355 1
40 358 1
40 363 1
40 366 1
40 372 1
40 374 1
40 387 1
40 391 1
40 414 1
40 430 1
40 431 1
40 433 1
40 446 1
40 455 1
40 466 1
40 471 1
40 486 1
40 494 1
41 50 1
41 56 1
41 59 1
41 89 1
41 94 1
41 98 1
41 102 1
41 104 1
41 114 1
41 122 1
41 130 1
41 133 1
41 134 1
41 137 1
41 140 1
41 165 1
41 172 1
41 173 1
41 181 1
41 189 1
41 191 1
41 200 1
41 202 1
41 263 1
41 267 1
41 312 1
41 317 1
41 319 1
41 323 1
41 343 1
41 350 1
41 351 1
41 359 1
41 360 1
41 383 1
41 387 1
41 395 1
41 412 1
41 415 1
41 431 1
41 436 1
41 451 1
41 454 1
41 470 1
41 476 1
41 481 1
41 483 1
41 496 1
42 46 1
42 49 1
42 89 1
42 105 1
42 126 1
42 132 1
42 149 1
42 170 1
42 175 1
42 185 1
42 210 1
42 211 1
42 235 1
42 247 1
42 255 1
42 271 1
42 272 1
42 280 1
42 301 1
42 311 1
42 319 1
42 324 1
42 334 1
42 342 1
42 345 1
42 355 1
42 358 1
42 361 1
42 372 1
42 375 1
42 387 1
42 397 1
42 399 1
42 419 1
42 435 1
42 437 1
42 443 1
42 449 1
42 471 1
42 488 1
43 65 1
43 68 1
43 72 1
43 83 1
43 91 1
43 111 1
43 117 1
43 118 1
43 120 1
43 135 1
43 137 1
43 172 1
43 183 1
43 188 1
43 211 1
43 213 1
43 231 1
43 233 1
43 245 1
43 251 1
43 270 1
43 277 1
43 285 1
43 296 1
43 313 1
43 317 1
43 329 1
43 366 1
43 385 1
43 402 1
43 418 1
43 428 1
43 431 1
43 443 1
43 445 1
43 451 1
43 462 1
44 68 1
44 75 1
44 86 1
44 118 1
44 119 1
44 121 1
44 129 1
44 136 1
44 145 1
44 154 1
44 182 1
44 207 1
44 211 1
44 216 1
44 226 1
44 244 1
44 245 1
44 265 1
44 275 1
44 281 1
44 290 1
44 294 1
44 343 1
44 356 1
44 364 1
44 375 1
44 379 1
44 388 1
44 394 1
44 395 1
44 420 1
44 442 1
44 443 1
44 454 1
44 459 1
44 494 1
44 496 1
45 55 1
45 66 1
45 67 1
45 73 1
45 79 1
45 114 1
45 122 1
45 123 1
45 132 1
45 147 1
45 149 1
45 150 1
45 152 1
45 160 1
45 161 1
45 164 1
45 165 1
45 177 1
45 181 1
45 189 1
45 232 1
45 247 1
45 248 1
45 252 1
45 258 1
45 269 1
45 288 1
45 296 1
45 306 1
45 319 1
45 321 1
45 345 1
45 363 1
45 387 1
45 394 1
45 395 1
45 404 1
45 405 1
45 409 1
45 411 1
45 428 1
45 430 1
45 432 1
45 434 1
45 435 1
45 439 1
45 444 1
45 451 1
45 458 1
45 464 1
45 467 1
45 489 1
45 494 1
45 495 1
46 47 1
46 75 1
46 86 1
46 87 1
46 108 1
46 110 1
46 112 1
46 116 1
46 120 1
46 124 1
46 132 1
46 160 1
46 179 1
46 180 1
46 205 1
46 216 1
46 235 1
46 298 1
46 307 1
46 315 1
46 336 1
46 339 1
46 343 1
46 344 1
46 362 1
46 374 1
46 393 1
46 396 1
46 407 1
46 419 1
46 427 1
46 435 1
46 441 1
46 445 1
46 469 1
46 470 1
46 483 1
46 500 1
47 57 1
47 72 1
47 73 1
47 86 1
47 87 1
47 89 1
47 94 1
47 136 1
47 140 1
47 151 1
47 177 1
47 178 1
47 183 1
47 193 1
47 229 1
47 242 1
47 244 1
47 245 1
47 262 1
47 264 1
47 269 1
47 278 1
47 283 1
47 291 1
47 301 1
47 302 1
47 314 1
47 339 1
47 342 1
47 367 1
47 384 1
47 392 1
47 399 1
47 426 1
47 431 1
47 442 1
47 451 1
47 456 1
47 477 1
47 496 1
48 54 1
48 70 1
48 78 1
48 82 1
48 85 1
48 86 1
48 97 1
48 110 1
48 116 1
48 117 1
48 126 1
48 129 1
48 132 1
48 134 1
48 163 1
48 165 1
48 192 1
48 199 1
48 221 1
48 223 1
48 224 1
48 229 1
48 268 1
48 286 1
48 295 1
48 315 1
48 319 1
48 329 1
48 349 1
48 366 1
48 380 1
48 383 1
48 441 1
48 448 1
48 466 1
48 470 1
48 473 1
48 496 1
49 62 1
49 63 1
49 65 1
49 78 1
49 84 1
49 97 1
49 98 1
49 117 1
49 118 1
49 119 1
49 129 1
49 151 1
49 163 1
49 168 1
49 197 1
49 199 1
49 201 1
49 214 1
49 238 1
49 246 1
49 265 1
49 266 1
49 269 1
49 276 1
49 281 1
49 312 1
49 320 1
49 328 1
49 349 1
49 371 1
49 375 1
49 382 1
49 387 1
49 400 1
49 404 1
49 406 1
49 420 1
49 429 1
49 439 1
49 455 1
49 458 1
49 482 1
49 490 1
49 500 1
50 60 1
50 74 1
50 77 1
50 91 1
50 102 1
50 112 1
50 121 1
50 137 1
50 153 1
50 155 1
50 158 1
50 177 1
50 192 1
50 222 1
50 246 1
50 251 1
50 282 1
50 311 1
50 316 1
50 328 1
50 337 1
50 345 1
50 359 1
50 371 1
50 374 1
50 375 1
50 391 1
50 392 1
50 409 1
50 448 1
50 456 1
50 470 1
50 487 1
51 57 1
51 78 1
51 91 1
51 94 1
51 112 1
51 116 1
51 120 1
51 124 1
51 129 1
51 132 1
51 167 1
51 169 1
51 172 1
51 180 1
51 198 1
51 246 1
51 250 1
51 269 1
51 274 1
51 276 1
51 280 1
51 297 1
51 303 1
51 305 1
51 306 1
51 307 1
51 315 1
51 321 1
51 322 1
51 337 1
51 345 1
51 379 1
51 392 1
51 403 1
51 411 1
51 413 1
51 422 1
51 432 1
51 436 1
51 446 1
51 451 1
51 455 1
51 474 1
51 490 1
51 491 1
51 497 1
51 499 1
52 58 1
52 76 1
52 80 1
52 102 1
52 104 1
52 112 1
52 122 1
52 123 1
52 146 1
52 150 1
52 154 1
52 155 1
52 158 1
52 161 1
52 163 1
52 170 1
52 191 1
52 192 1
52 201 1
52 205 1
52 213 1
52 228 1
52 244 1
52 258 1
52 296 1
52 301 1
52 338 1
52 342 1
52 351 1
52 356 1
52 358 1
52 394 1
52 417 1
52 429 1
52 430 1
52 431 1
52 441 1
52 479 1
52 485 1
52 494 1
53 69 1
53 110 1
53 117 1
53 119 1
53 146 1
53 168 1
53 169 1
53 174 1
53 178 1
53 206 1
53 213 1
53 241 1
53 246 1
53 253 1
53 258 1
53 264 1
53 269 1
53 283 1
53 303 1
53 313 1
53 318 1
53 325 1
53 329 1
53 332 1
53 338 1
53 365 1
53 399 1
53 407 1
53 430 1
53 439 1
53 473 1
53 488 1
53 490 1
53 493 1
53 498 1
54 60 1
54 72 1
54 97 1
54 139 1
54 153 1
54 155 1
54 174 1
54 178 1
54 187 1
54 189 1
54 190 1
54 196 1
54 197 1
54 208 1
54 217 1
54 224 1
54 231 1
54 241 1
54 252 1
54 256 1
54 289 1
54 307 1
54 308 1
54 329 1
54 347 1
54 352 1
54 357 1
54 359 1
54 366 1
54 369 1
54 371 1
54 378 1
54 379 1
54 384 1
54 388 1
54 395 1
54 421 1
54 460 1
54 467 1
54 483 1
54 485 1
54 499 1
55 77 1
55 89 1
55 93 1
55 107 1
55 120 1
55 124 1
55 129 1
55 136 1
55 148 1
55 156 1
55 162 1
55 169 1
55 189 1
55 194 1
55 198 1
55 217 1
55 224 1
55 246 1
55 256 1
55 263 1
55 270 1
55 284 1
55 289 1
55 305 1
55 310 1
55 317 1
55 325 1
55 345 1
55 348 1
55 369 1
55 373 1
55 378 1
55 407 1
55 411 1
55 412 1
55 423 1
55 431 1
55 437 1
55 446 1
55 450 1
55 451 1
55 460 1
55 461 1
55 466 1
55 482 1
55 489 1
55 492 1
56 75 1
56 79 1
56 82 1
56 95 1
56 97 1
56 100 1
56 104 1
56 120 1
56 122 1
56 133 1
56 143 1
56 147 1
56 157 1
56 159 1
56 166 1
56 174 1
56 176 1
56 183 1
56 196 1
56 210 1
56 218 1
56 219 1
56 238 1
56 265 1
56 268 1
56 270 1
56 304 1
56 319 1
56 330 1
56 348 1
56 352 1
56 358 1
56 363 1
56 365 1
56 377 1
56 384 1
56 402 1
56 403 1
56 435 1
56 447 1
56 453 1
56 458 1
56 475 1
56 480 1
56 488 1
56 491 1
57 75 1
57 86 1
57 108 1
57 112 1
57 118 1
57 120 1
57 135 1
57 142 1
57 143 1
57 145 1
57 151 1
57 196 1
57 223 1
57 231 1
57 236 1
57 239 1
57 241 1
57 248 1
57 256 1
57 258 1
57 259 1
57 261 1
57 267 1
57 269 1
57 288 1
57 299 1
57 318 1
57 322 1
57 323 1
57 326 1
57 331 1
57 345 1
57 351 1
57 354 1
57 366 1
57 375 1
57 408 1
57 415 1
57 440 1
57 474 1
57 491 1
58 66 1
58 70 1
58 74 1
58 106 1
58 113 1
58 116 1
58 127 1
58 134 1
58 136 1
58 162 1
58 169 1
58 176 1
58 177 1
58 179 1
58 203 1
58 210 1
58 217 1
58 232 1
58 234 1
58 248 1
58 258 1
58 259 1
58 268 1
58 285 1
58 297 1
58 299 1
58 306 1
58 316 1
58 342 1
58 358 1
58 361 1
58 365 1
58 378 1
58 388 1
58 391 1
58 439 1
58 445 1
58 455 1
58 468 1
58 474 1
58 496 1
59 69 1
59 77 1
59 83 1
59 86 1
59 97 1
59 102 1
59 133 1
59 136 1
59 143 1
59 152 1
59 157 1
59 160 1
59 161 1
59 170 1
59 176 1
59 178 1
59 184 1
59 196 1
59 204 1
59 209 1
59 219 1
59 223 1
59 224 1
59 258 1
59 268 1
59 280 1
59 281 1
59 307 1
59 346 1
59 354 1
59 355 1
59 367 1
59 373 1
59 374 1
59 375 1
59 380 1
59 413 1
59 415 1
59 416 1
59 424 1
59 430 1
59 431 1
59 434 1
59 452 1
59 454 1
59 462 1
59 465 1
59 475 1
59 486 1
59 491 1
60 62 1
60 65 1
60 66 1
60 79 1
60 87 1
60 88 1
60 102 1
60 113 1
60 116 1
60 129 1
60 131 1
60 133 1
60 137 1
60 167 1
60 218 1
60 223 1
60 229 1
60 246 1
60 263 1
60 285 1
60 287 1
60 304 1
60 311 1
60 338 1
60 381 1
60 387 1
60 398 1
60 405 1
60 411 1
60 421 1
60 423 1
60 446 1
60 450 1
60 458 1
60 473 1
60 485 1
60 487 1
60 489 1
61 64 1
61 69 1
61 79 1
61 103 1
61 105 1
61 106 1
61 121 1
61 122 1
61 128 1
61 133 1
61 141 1
61 145 1
61 148 1
61 164 1
61 167 1
61 169 1
61 177 1
61 179 1
61 185 1
61 191 1
61 192 1
61 205 1
61 207 1
61 210 1
61 217 1
61 224 1
61 227 1
61 228 1
61 247 1
61 252 1
61 254 1
61 260 1
61 267 1
61 294 1
61 324 1
61 342 1
61 351 1
61 387 1
61 401 1
61 408 1
61 416 1
61 420 1
61 425 1
61 429 1
61 436 1
61 437 1
61 451 1
61 452 1
61 468 1
61 472 1
61 482 1
62 75 1
62 83 1
62 87 1
62 88 1
62 97 1
62 100 1
62 101 1
62 103 1
62 105 1
62 107 1
62 115 1
62 116 1
62 119 1
62 122 1
62 131 1
62 139 1
62 156 1
62 179 1
62 189 1
62 228 1
62 249 1
62 258 1
62 260 1
62 263 1
62 265 1
62 275 1
62 276 1
62 282 1
62 289 1
62 312 1
62 316 1
62 343 1
62 355 1
62 359 1
62 363 1
62 377 1
62 426 1
62 429 1
62 437 1
62 454 1
62 462 1
62 463 1
62 464 1
62 466 1
62 487 1
63 81 1
63 84 1
63 93 1
63 108 1
63 116 1
63 123 1
63 125 1
63 127 1
63 132 1
63 136 1
63 194 1
63 198 1
63 201 1
63 209 1
63 212 1
63 242 1
63 278 1
63 289 1
63 290 1
63 297 1
63 304 1
63 333 1
63 341 1
63 343 1
63 362 1
63 374 1
63 384 1
63 389 1
63 397 1
63 398 1
63 400 1
63 412 1
63 417 1
63 429 1
63 440 1
63 469 1
63 479 1
63 481 1
64 65 1
64 87 1
64 101 1
64 107 1
64 113 1
64 128 1
64 170 1
64 185 1
64 201 1
64 206 1
64 209 1
64 219 1
64 227 1
64 236 1
64 272 1
64 276 1
64 310 1
64 318 1
64 327 1
64 335 1
64 352 1
64 365 1
64 378 1
64 390 1
64 403 1
64 418 1
64 426 1
64 435 1
64 439 1
64 449 1
64 462 1
65 68 1
65 79 1
65 86 1
65 99 1
65 104 1
65 125 1
65 126 1
65 127 1
65 151 1
65 167 1
65 171 1
65 179 1
65 180 1
65 216 1
65 227 1
65 231 1
65 233 1
65 235 1
65 250 1
65 252 1
65 277 1
65 294 1
65 295 1
65 318 1
65 325 1
65 326 1
65 351 1
65 353 1
65 371 1
65 379 1
65 402 1
65 418 1
65 427 1
65 429 1
65 430 1
65 434 1
65 452 1
65 456 1
65 480 1
66 68 1
66 79 1
66 88 1
66 105 1
66 135 1
66 142 1
66 178 1
66 182 1
66 189 1
66 195 1
66 199 1
66 233 1
66 234 1
66 237 1
66 252 1
66 254 1
66 255 1
66 259 1
66 275 1
66 284 1
66 291 1
66 301 1
66 303 1
66 308 1
66 314 1
66 341 1
66 347 1
66 371 1
66 380 1
66 386 1
66 403 1
66 406 1
66 410 1
66 415 1
66 417 1
66 421 1
66 426 1
66 439 1
66 440 1
66 449 1
66 451 1
66 461 1
66 463 1
66 472 1
67 87 1
67 92 1
67 104 1
67 112 1
67 115 1
67 136 1
67 139 1
67 145 1
67 153 1
67 158 1
67 160 1
67 161 1
67 183 1
67 184 1
67 186 1
67 211 1
67 212 1
67 215 1
67 216 1
67 227 1
67 252 1
67 290 1
67 314 1
67 335 1
67 336 1
67 342 1
67 356 1
67 373 1
67 388 1
67 398 1
67 402 1
67 420 1
67 426 1
67 428 1
67 433 1
67 435 1
67 450 1
67 453 1
67 491 1
67 500 1
68 79 1
68 87 1
68 93 1
68 146 1
68 171 1
68 172 1
68 179 1
68 193 1
68 195 1
68 205 1
68 209 1
68 212 1
68 223 1
68 225 1
68 229 1
68 230 1
68 234 1
68 241 1
68 242 1
68 269 1
68 277 1
68 286 1
68 304 1
68 315 1
68 320 1
68 325 1
68 339 1
68 340 1
68 341 1
68 348 1
68 372 1
68 382 1
68 398 1
68 402 1
68 408 1
68 423 1
68 425 1
68 445 1
68 456 1
68 482 1
68 483 1
68 488 1
68 490 1
68 492 1
68 494 1
69 73 1
69 79 1
69 82 1
69 85 1
69 95 1
69 126 1
69 135 1
69 143 1
69 147 1
69 150 1
69 160 1
69 170 1
69 198 1
69 200 1
69 214 1
69 222 1
69 235 1
69 258 1
69 281 1
69 283 1
69 291 1
69 304 1
69 307 1
69 312 1
69 323 1
69 330 1
69 338 1
69 369 1
69 372 1
69 373 1
69 400 1
69 411 1
69 421 1
69 423 1
69 428 1
69 431 1
69 461 1
69 469 1
69 477 1
69 478 1
69 480 1
69 487 1
69 489 1
69 491 1
70 97 1
70 110 1
70 119 1
70 142 1
70 159 1
70 173 1
70 189 1
70 195 1
70 196 1
70 197 1
70 203 1
70 210 1
70 222 1
70 223 1
70 231 1
70 242 1
70 248 1
70 268 1
70 277 1
70 288 1
70 308 1
70 309 1
70 312 1
70 346 1
70 348 1
70 360 1
70 382 1
70 390 1
70 391 1
70 414 1
70 422 1
70 432 1
70 451 1
70 454 1
70 457 1
70 471 1
70 485 1
70 488 1
71 81 1
71 83 1
71 89 1
71 95 1
71 104 1
71 108 1
71 118 1
71 120 1
71 161 1
71 169 1
71 178 1
71 182 1
71 208 1
71 226 1
71 244 1
71 260 1
71 262 1
71 280 1
71 288 1
71 293 1
71 310 1
71 319 1
71 332 1
71 345 1
71 355 1
71 385 1
71 387 1
71 392 1
71 407 1
71 412 1
71 439 1
71 444 1
71 461 1
71 466 1
71 469 1
71 476 1
71 482 1
71 489 1
71 500 1
72 85 1
72 87 1
72 100 1
72 102 1
72 105 1
72 106 1
72 113 1
72 122 1
72 125 1
72 138 1
72 139 1
72 146 1
72 152 1
72 159 1
72 165 1
72 167 1
72 169 1
72 176 1
72 183 1
72 188 1
72 195 1
72 214 1
72 221 1
72 233 1
72 249 1
72 283 1
72 285 1
72 299 1
72 300 1
72 309 1
72 312 1
72 320 1
72 333 1
72 355 1
72 364 1
72 370 1
72 373 1
72 385 1
72 391 1
72 405 1
72 423 1
72 441 1
72 449 1
72 470 1
72 478 1
72 479 1
72 484 1
73 79 1
73 83 1
73 96 1
73 104 1
73 106 1
73 114 1
73 150 1
73 155 1
73 156 1
73 161 1
73 170 1
73 176 1
73 191 1
73 197 1
73 201 1
73 202 1
73 217 1
73 226 1
73 231 1
73 238 1
73 245 1
73 246 1
73 257 1
73 269 1
73 275 1
73 296 1
73 307 1
73 317 1
73 320 1
73 335 1
73 339 1
73 341 1
73 354 1
73 361 1
73 362 1
73 364 1
73 371 1
73 395 1
73 399 1
73 400 1
73 407 1
73 413 1
73 419 1
73 435 1
73 438 1
73 462 1
73 463 1
73 489 1
73 498 1
74 76 1
74 85 1
74 101 1
74 104 1
74 117 1
74 125 1
74 132 1
74 135 1
74 148 1
74 151 1
74 158 1
74 159 1
74 170 1
74 171 1
74 183 1
74 192 1
74 193 1
74 223 1
74 238 1
74 239 1
74 249 1
74 259 1
74 272 1
74 315 1
74 318 1
74 324 1
74 326 1
74 348 1
74 352 1
74 364 1
74 367 1
74 369 1
74 370 1
74 381 1
74 387 1
74 410 1
74 416 1
74 419 1
74 427 1
74 430 1
74 439 1
74 441 1
74 450 1
74 475 1
75 76 1
75 81 1
75 86 1
75 94 1
75 123 1
75 134 1
75 141 1
75 155 1
75 168 1
75 171 1
75 172 1
75 189 1
75 206 1
75 209 1
75 213 1
75 225 1
75 235 1
75 244 1
75 262 1
75 264 1
75 272 1
75 313 1
75 326 1
75 333 1
75 352 1
75 357 1
75 366 1
75 370 1
75 375 1
75 383 1
75 387 1
75 392 1
75 394 1
75 411 1
75 426 1
75 434 1
75 435 1
75 437 1
75 451 1
75 473 1
75 478 1
75 479 1
75 496 1
75 499 1
76 80 1
76 84 1
76 91 1
76 112 1
76 124 1
76 126 1
76 129 1
76 145 1
76 158 1
76 159 1
76 214 1
76 215 1
76 219 1
76 220 1
76 222 1
76 224 1
76 225 1
76 230 1
76 231 1
76 245 1
76 260 1
76 266 1
76 274 1
76 277 1
76 294 1
76 297 1
76 306 1
76 318 1
76 326 1
76 347 1
76 355 1
76 369 1
76 395 1
76 402 1
76 404 1
76 421 1
76 438 1
76 441 1
76 446 1
76 453 1
76 467 1
76 479 1
76 489 1
76 493 1
77 81 1
77 110 1
77 114 1
77 122 1
77 124 1
77 135 1
77 143 1
77 144 1
77 153 1
77 176 1
77 193 1
77 194 1
77 203 1
77 213 1
77 216 1
77 222 1
77 232 1
77 233 1
77 239 1
77 247 1
77 252 1
77 253 1
77 265 1
77 269 1
77 274 1
77 312 1
77 326 1
77 331 1
77 341 1
77 373 1
77 374 1
77 383 1
77 392 1
77 409 1
77 434 1
77 460 1
77 461 1
77 463 1
77 466 1
77 469 1
77 473 1
77 477 1
78 79 1
78 96 1
78 119 1
78 123 1
78 127 1
78 154 1
78 163 1
78 190 1
78 197 1
78 200 1
78 201 1
78 208 1
78 211 1
78 212 1
78 222 1
78 238 1
78 252 1
78 254 1
78 259 1
78 260 1
78 264 1
78 277 1
78 293 1
78 317 1
78 318 1
78 344 1
78 352 1
78 353 1
78 367 1
78 371 1
78 378 1
78 379 1
78 384 1
78 393 1
78 399 1
78 411 1
78 423 1
78 426 1
78 441 1
78 485 1
79 91 1
79 101 1
79 105 1
79 129 1
79 131 1
79 198 1
79 210 1
79 227 1
79 240 1
79 263 1
79 266 1
79 278 1
79 303 1
79 307 1
79 327 1
79 334 1
79 341 1
79 343 1
79 345 1
79 353 1
79 363 1
79 370 1
79 379 1
79 383 1
79 385 1
79 399 1
79 413 1
79 455 1
79 457 1
79 466 1
79 470 1
79 476 1
79 482 1
79 490 1
79 493 1
80 85 1
80 91 1
80 94 1
80 97 1
80 105 1
80 107 1
80 108 1
80 131 1
80 134 1
80 136 1
80 143 1
80 146 1
80 158 1
80 203 1
80 205 1
80 217 1
80 236 1
80 238 1
80 239 1
80 253 1
80 258 1
80 264 1
80 267 1
80 283 1
80 284 1
80 292 1
80 297 1
80 314 1
80 317 1
80 322 1
80 325 1
80 340 1
80 372 1
80 379 1
80 382 1
80 408 1
80 410 1
80 440 1
80 443 1
80 452 1
80 455 1
80 464 1
80 477 1
81 93 1
81 96 1
81 101 1
81 118 1
81 119 1
81 129 1
81 151 1
81 153 1
81 157 1
81 162 1
81 165 1
81 172 1
81 177 1
81 179 1
81 185 1
81 205 1
81 220 1
81 225 1
81 239 1
81 240 1
81 244 1
81 263 1
81 270 1
81 294 1
81 309 1
81 326 1
81 327 1
81 329 1
81 334 1
81 337 1
81 348 1
81 399 1
81 404 1
81 418 1
81 454 1
81 456 1
81 469 1
81 473 1
81 486 1
81 496 1
82 86 1
82 90 1
82 92 1
82 93 1
82 120 1
82 122 1
82 125 1
82 146 1
82 155 1
82 175 1
82 178 1
82 180 1
82 186 1
82 198 1
82 209 1
82 211 1
82 212 1
82 241 1
82 247 1
82 259 1
82 298 1
82 310 1
82 316 1
82 334 1
82 335 1
82 339 1
82 349 1
82 352 1
82 354 1
82 357 1
82 384 1
82 392 1
82 401 1
82 416 1
82 418 1
82 426 1
82 432 1
82 433 1
82 442 1
82 450 1
82 463 1
82 469 1
82 479 1
82 491 1
82 499 1
83 87 1
83 88 1
83 99 1
83 114 1
83 118 1
83 135 1
83 143 1
83 145 1
83 148 1
83 155 1
83 165 1
83 176 1
83 184 1
83 195 1
83 216 1
83 255 1
83 261 1
83 262 1
83 263 1
83 274 1
83 277 1
83 290 1
83 309 1
83 347 1
83 353 1
83 402 1
83 410 1
83 411 1
83 415 1
83 418 1
83 425 1
83 427 1
83 428 1
83 434 1
83 443 1
83 490 1
83 492 1
84 87 1
84 88 1
84 91 1
84 93 1
84 102 1
84 121 1
84 140 1
84 144 1
84 149 1
84 160 1
84 165 1
84 178 1
84 223 1
84 224 1
84 225 1
84 256 1
84 259 1
84 264 1
84 270 1
84 274 1
84 281 1
84 284 1
84 294 1
84 309 1
84 319 1
84 323 1
84 330 1
84 332 1
84 351 1
84 364 1
84 377 1
84 378 1
84 382 1
84 385 1
84 393 1
84 397 1
84 406 1
84 459 1
84 462 1
84 465 1
84 495 1
85 98 1
85 103 1
85 109 1
85 111 1
85 116 1
85 118 1
85 126 1
85 138 1
85 153 1
85 164 1
85 169 1
85 172 1
85 194 1
85 197 1
85 198 1
85 207 1
85 211 1
85 222 1
85 225 1
85 232 1
85 255 1
85 278 1
85 284 1
85 313 1
85 324 1
85 327 1
85 334 1
85 339 1
85 349 1
85 386 1
85 400 1
85 404 1
85 410 1
85 416 1
85 429 1
85 448 1
85 457 1
85 467 1
85 474 1
85 477 1
85 495 1
86 88 1
86 94 1
86 96 1
86 111 1
86 112 1
86 115 1
86 134 1
86 139 1
86 159 1
86 181 1
86 194 1
86 196 1
86 212 1
86 219 1
86 239 1
86 260 1
86 265 1
86 266 1
86 273 1
86 287 1
86 295 1
86 301 1
86 304 1
86 306 1
86 311 1
86 318 1
86 321 1
86 327 1
86 345 1
86 347 1
86 349 1
86 358 1
86 369 1
86 387 1
86 401 1
86 411 1
86 412 1
86 429 1
86 437 1
86 471 1
86 473 1
86 476 1
86 479 1
86 488 1
86 490 1
86 492 1
86 499 1
87 100 1
87 105 1
87 117 1
87 118 1
87 123 1
87 129 1
87 146 1
87 153 1
87 159 1
87 164 1
87 171 1
87 178 1
87 204 1
87 214 1
87 222 1
87 228 1
87 249 1
87 256 1
87 279 1
87 288 1
87 310 1
87 315 1
87 317 1
87 328 1
87 349 1
87 351 1
87 354 1
87 363 1
87 370 1
87 371 1
87 380 1
87 396 1
87 404 1
87 422 1
87 433 1
87 452 1
87 463 1
87 477 1
87 487 1
88 101 1
88 106 1
88 115 1
88 120 1
88 135 1
88 139 1
88 147 1
88 160 1
88 171 1
88 196 1
88 201 1
88 202 1
88 211 1
88 212 1
88 213 1
88 214 1
88 227 1
88 232 1
88 236 1
88 264 1
88 265 1
88 277 1
88 306 1
88 307 1
88 308 1
88 338 1
88 346 1
88 369 1
88 381 1
88 404 1
88 422 1
88 429 1
88 430 1
88 433 1
88 454 1
88 461 1
88 462 1
88 483 1
88 484 1
88 496 1
88 499 1
89 91 1
89 108 1
89 115 1
89 131 1
89 133 1
89 140 1
89 142 1
89 146 1
89 163 1
89 194 1
89 212 1
89 216 1
89 224 1
89 236 1
89 241 1
89 247 1
89 259 1
89 266 1
89 274 1
89 281 1
89 283 1
89 294 1
89 305 1
89 306 1
89 322 1
89 323 1
89 329 1
89 330 1
89 333 1
89 369 1
89 374 1
89 375 1
89 378 1
89 390 1
89 391 1
89 394 1
89 406 1
89 407 1
89 411 1
89 422 1
89 423 1
89 436 1
89 440 1
89 442 1
89 473 1
89 477 1
89 487 1
90 107 1
90 113 1
90 118 1
90 153 1
90 161 1
90 165 1
90 170 1
90 182 1
90 197 1
90 200 1
90 213 1
90 218 1
90 251 1
90 261 1
90 273 1
90 275 1
90 314 1
90 318 1
90 322 1
90 345 1
90 349 1
90 371 1
90 380 1
90 383 1
90 409 1
90 411 1
90 436 1
90 439 1
90 440 1
90 457 1
90 458 1
90 485 1
91 99 1
91 110 1
91 131 1
91 134 1
91 161 1
91 189 1
91 207 1
91 215 1
91 218 1
91 222 1
91 228 1
91 229 1
91 232 1
91 239 1
91 240 1
91 246 1
91 248 1
91 294 1
91 296 1
91 300 1
91 307 1
91 327 1
91 343 1
91 355 1
91 370 1
91 413 1
91 438 1
91 443 1
91 446 1
91 457 1
91 462 1
91 473 1
91 476 1
91 485 1
92 98 1
92 100 1
92 105 1
92 117 1
92 121 1
92 125 1
92 133 1
92 144 1
92 146 1
92 149 1
92 150 1
92 152 1
92 158 1
92 166 1
92 171 1
92 181 1
92 182 1
92 187 1
92 192 1
92 211 1
92 225 1
92 228 1
92 240 1
92 272 1
92 283 1
92 287 1
92 289 1
92 296 1
92 304 1
92 306 1
92 315 1
92 331 1
92 337 1
92 341 1
92 353 1
92 355 1
92 365 1
92 366 1
92 371 1
92 382 1
92 387 1
92 396 1
92 467 1
92 471 1
92 476 1
92 478 1
92 479 1
92 482 1
92 488 1
93 150 1
93 155 1
93 172 1
93 174 1
93 185 1
93 188 1
93 190 1
93 229 1
93 235 1
93 236 1
93 239 1
93 243 1
93 244 1
93 251 1
93 257 1
93 271 1
93 280 1
93 285 1
93 298 1
93 307 1
93 337 1
93 342 1
93 365 1
93 373 1
93 395 1
93 407 1
93 419 1
93 431 1
93 436 1
93 454 1
93 458 1
93 464 1
93 467 1
93 469 1
93 486 1
93 488 1
93 489 1
93 493 1
93 498 1
94 97 1
94 107 1
94 135 1
94 148 1
94 163 1
94 175 1
94 177 1
94 182 1
94 188 1
94 190 1
94 194 1
94 209 1
94 215 1
94 233 1
94 249 1
94 250 1
94 256 1
94 266 1
94 274 1
94 290 1
94 301 1
94 320 1
94 328 1
94 330 1
94 331 1
94 332 1
94 338 1
94 342 1
94 359 1
94 374 1
94 412 1
94 420 1
94 425 1
94 438 1
94 477 1
94 488 1
94 490 1
94 491 1
95 116 1
95 138 1
95 145 1
95 146 1
95 162 1
95 175 1
95 183 1
95 199 1
95 202 1
95 225 1
95 232 1
95 244 1
95 261 1
95 269 1
95 276 1
95 280 1
95 289 1
95 301 1
95 302 1
95 308 1
95 317 1
95 318 1
95 321 1
95 323 1
95 331 1
95 333 1
95 334 1
95 346 1
95 372 1
95 374 1
95 395 1
95 432 1
95 435 1
95 440 1
95 445 1
95 448 1
95 453 1
95 480 1
95 483 1
95 484 1
95 490 1
95 492 1
96 108 1
96 123 1
96 143 1
96 144 1
96 199 1
96 200 1
96 201 1
96 210 1
96 213 1
96 223 1
96 225 1
96 228 1
96 257 1
96 274 1
96 275 1
96 277 1
96 297 1
96 308 1
96 312 1
96 315 1
96 320 1
96 330 1
96 331 1
96 336 1
96 354 1
96 360 1
96 369 1
96 375 1
96 389 1
96 403 1
96 404 1
96 407 1
96 464 1
96 469 1
96 490 1
96 499 1
97 98 1
97 120 1
97 140 1
97 143 1
97 150 1
97 157 1
97 165 1
97 167 1
97 178 1
97 183 1
97 185 1
97 190 1
97 193 1
97 196 1
97 209 1
97 214 1
97 215 1
97 231 1
97 238 1
97 245 1
97 246 1
97 257 1
97 269 1
97 277 1
97 290 1
97 321 1
97 322 1
97 330 1
97 354 1
97 372 1
97 377 1
97 380 1
97 416 1
97 424 1
97 429 1
97 432 1
97 452 1
97 465 1
97 492 1
98 106 1
98 123 1
98 126 1
98 128 1
98 135 1
98 146 1
98 164 1
98 168 1
98 179 1
98 198 1
98 204 1
98 209 1
98 215 1
98 225 1
98 227 1
98 230 1
98 241 1
98 249 1
98 252 1
98 253 1
98 266 1
98 269 1
98 280 1
98 286 1
98 302 1
98 315 1
98 342 1
98 343 1
98 344 1
98 347 1
98 348 1
98 371 1
98 385 1
98 398 1
98 409 1
98 420 1
98 435 1
98 447 1
98 468 1
98 474 1
99 108 1
99 111 1
99 112 1
99 114 1
99 116 1
99 121 1
99 134 1
99 141 1
99 146 1
99 158 1
99 175 1
99 180 1
99 195 1
99 205 1
99 209 1
99 219 1
99 224 1
99 238 1
99 241 1
99 248 1
99 260 1
99 266 1
99 267 1
99 282 1
99 285 1
99 292 1
99 299 1
99 301 1
99 310 1
99 319 1
99 330 1
99 333 1
99 344 1
99 367 1
99 372 1
99 394 1
99 396 1
99 401 1
99 423 1
99 426 1
99 437 1
99 439 1
99 440 1
99 443 1
99 446 1
99 464 1
99 469 1
100 102 1
100 117 1
100 169 1
100 176 1
100 192 1
100 199 1
100 228 1
100 254 1
100 255 1
100 256 1
100 263 1
100 264 1
100 265 1
100 286 1
100 297 1
100 298 1
100 301 1
100 311 1
100 313 1
100 315 1
100 316 1
100 323 1
100 349 1
100 362 1
100 368 1
100 377 1
100 379 1
100 390 1
100 394 1
100 407 1
100 415 1
100 416 1
100 460 1
100 471 1
100 477 1
100 493 1
100 496 1
101 110 1
101 120 1
101 130 1
101 158 1
101 161 1
101 167 1
101 196 1
101 227 1
101 228 1
101 244 1
101 249 1
101 266 1
101 271 1
101 277 1
101 300 1
101 331 1
101 340 1
101 349 1
101 352 1
101 373 1
101 380 1
101 381 1
101 383 1
101 384 1
101 392 1
101 411 1
101 414 1
101 416 1
101 423 1
101 424 1
101 430 1
101 431 1
101 440 1
101 442 1
101 446 1
101 462 1
101 465 1
101 468 1
101 497 1
101 500 1
102 126 1
102 129 1
102 140 1
102 153 1
102 156 1
102 162 1
102 189 1
102 192 1
102 208 1
102 238 1
102 247 1
102 256 1
102 263 1
102 271 1
102 279 1
102 280 1
102 282 1
102 290 1
102 296 1
102 303 1
102 306 1
102 311 1
102 323 1
102 346 1
102 350 1
102 369 1
102 374 1
102 376 1
102 381 1
102 394 1
102 405 1
102 406 1
102 409 1
102 425 1
102 435 1
102 440 1
102 444 1
102 445 1
102 447 1
102 458 1
102 482 1
102 489 1
103 105 1
103 107 1
103 108 1
103 112 1
103 124 1
103 125 1
103 138 1
103 153 1
103 189 1
103 208 1
103 216 1
103 224 1
103 243 1
103 244 1
103 268 1
103 281 1
103 283 1
103 299 1
103 300 1
103 301 1
103 309 1
103 311 1
103 314 1
103 319 1
103 329 1
103 330 1
103 342 1
103 351 1
103 398 1
103 402 1
103 440 1
103 447 1
103 476 1
103 483 1
103 494 1
103 500 1
104 106 1
104 144 1
104 179 1
104 185 1
104 189 1
104 203 1
104 204 1
104 224 1
104 233 1
104 235 1
104 242 1
104 274 1
104 278 1
104 282 1
104 287 1
104 295 1
104 298 1
104 330 1
104 333 1
104 340 1
104 341 1
104 342 1
104 356 1
104 371 1
104 385 1
104 389 1
104 392 1
104 393 1
104 404 1
104 406 1
104 407 1
104 415 1
104 421 1
104 422 1
104 433 1
104 442 1
104 443 1
104 458 1
104 486 1
105 108 1
105 113 1
105 120 1
105 123 1
105 135 1
105 150 1
105 163 1
105 167 1
105 170 1
105 208 1
105 210 1
105 211 1
105 225 1
105 231 1
105 242 1
105 243 1
105 270 1
105 281 1
105 288 1
105 298 1
105 322 1
105 323 1
105 324 1
105 332 1
105 340 1
105 342 1
105 363 1
105 369 1
105 371 1
105 373 1
105 381 1
105 384 1
105 385 1
105 392 1
105 393 1
105 401 1
105 408 1
105 422 1
105 430 1
105 441 1
105 452 1
105 455 1
105 460 1
105 464 1
105 470 1
105 483 1
106 108 1
106 114 1
106 124 1
106 146 1
106 156 1
106 157 1
106 166 1
106 174 1
106 181 1
106 193 1
106 206 1
106 256 1
106 268 1
106 276 1
106 278 1
106 288 1
106 302 1
106 326 1
106 332 1
106 345 1
106 347 1
106 369 1
106 375 1
106 400 1
106 414 1
106 421 1
106 426 1
106 446 1
106 453 1
106 456 1
106 486 1
106 489 1
106 490 1
107 111 1
107 127 1
107 134 1
107 147 1
107 149 1
107 151 1
107 153 1
107 167 1
107 173 1
107 175 1
107 187 1
107 189 1
107 201 1
107 206 1
107 213 1
107 232 1
107 246 1
107 256 1
107 257 1
107 264 1
107 321 1
107 327 1
107 328 1
107 329 1
107 350 1
107 377 1
107 379 1
107 380 1
107 402 1
107 407 1
107 409 1
107 418 1
107 419 1
107 428 1
107 436 1
107 452 1
107 456 1
107 462 1
107 463 1
107 471 1
107 490 1
108 136 1
108 143 1
108 144 1
108 146 1
108 158 1
108 179 1
108 193 1
108 198 1
108 207 1
108 211 1
108 224 1
108 225 1
108 228 1
108 235 1
108 236 1
108 255 1
108 262 1
108 285 1
108 310 1
108 313 1
108 326 1
108 347 1
108 354 1
108 359 1
108 360 1
108 364 1
108 383 1
108 396 1
108 398 1
108 407 1
108 409 1
108 436 1
108 437 1
108 472 1
108 494 1
108 495 1
108 496 1
109 115 1
109 126 1
109 127 1
109 140 1
109 141 1
109 142 1
109 149 1
109 166 1
109 189 1
109 190 1
109 191 1
109 213 1
109 240 1
109 249 1
109 253 1
109 255 1
109 268 1
109 285 1
109 293 1
109 310 1
109 318 1
109 337 1
109 358 1
109 364 1
109 379 1
109 381 1
109 384 1
109 387 1
109 396 1
109 404 1
109 424 1
109 441 1
109 459 1
109 470 1
109 477 1
109 485 1
109 491 1
110 119 1
110 134 1
110 145 1
110 150 1
110 161 1
110 234 1
110 235 1
110 245 1
110 259 1
110 263 1
110 301 1
110 302 1
110 312 1
110 327 1
110 354 1
110 380 1
110 383 1
110 386 1
110 402 1
110 407 1
110 410 1
110 435 1
110 436 1
110 437 1
110 450 1
110 452 1
110 466 1
110 485 1
110 490 1
110 491 1
110 500 1
111 112 1
111 116 1
111 121 1
111 127 1
111 134 1
111 159 1
111 169 1
111 171 1
111 178 1
111 185 1
111 197 1
111 225 1
111 226 1
111 232 1
111 252 1
111 298 1
111 313 1
111 317 1
111 320 1
111 324 1
111 327 1
111 342 1
111 361 1
111 370 1
111 388 1
111 394 1
111 396 1
111 404 1
111 411 1
111 422 1
111 430 1
111 437 1
111 445 1
111 473 1
112 113 1
112 118 1
112 126 1
112 129 1
112 142 1
112 159 1
112 163 1
112 173 1
112 174 1
112 178 1
112 182 1
112 184 1
112 186 1
112 188 1
112 208 1
112 212 1
112 214 1
112 243 1
112 265 1
112 274 1
112 277 1
112 296 1
112 298 1
112 304 1
112 309 1
112 332 1
112 346 1
112 366 1
112 373 1
112 380 1
112 382 1
112 411 1
112 421 1
112 475 1
112 492 1
112 493 1
112 500 1
113 132 1
113 137 1
113 144 1
113 152 1
113 172 1
113 206 1
113 209 1
113 214 1
113 247 1
113 248 1
113 252 1
113 263 1
113 281 1
113 302 1
113 311 1
113 318 1
113 346 1
113 371 1
113 375 1
113 390 1
113 391 1
113 395 1
113 400 1
113 403 1
113 409 1
113 427 1
113 433 1
113 437 1
113 440 1
113 442 1
113 452 1
113 461 1
113 466 1
113 468 1
113 494 1
113 500 1
114 117 1
114 122 1
114 163 1
114 165 1
114 173 1
114 192 1
114 194 1
114 213 1
114 216 1
114 218 1
114 226 1
114 227 1
114 228 1
114 254 1
114 261 1
114 265 1
114 277 1
114 283 1
114 287 1
114 289 1
114 292 1
114 297 1
114 307 1
114 324 1
114 328 1
114 341 1
114 361 1
114 368 1
114 383 1
114 389 1
114 414 1
114 417 1
114 430 1
114 432 1
114 443 1
114 464 1
114 471 1
114 479 1
114 480 1
114 481 1
114 485 1
114 489 1
114 490 1
114 491 1
115 117 1
115 132 1
115 149 1
115 151 1
115 157 1
115 181 1
115 183 1
115 194 1
115 197 1
115 205 1
115 212 1
115 214 1
115 217 1
115 221 1
115 236 1
115 238 1
115 239 1
115 247 1
115 248 1
115 265 1
115 273 1
115 284 1
115 291 1
115 295 1
115 304 1
115 307 1
115 321 1
115 323 1
115 344 1
115 347 1
115 359 1
115 377 1
115 396 1
115 398 1
115 403 1
115 406 1
115 420 1
115 428 1
115 446 1
115 481 1
115 495 1
115 496 1
115 500 1
116 126 1
116 134 1
116 151 1
116 158 1
116 171 1
116 174 1
116 182 1
116 183 1
116 203 1
116 212 1
116 214 1
116 217 1
116 220 1
116 227 1
116 240 1
116 242 1
116 247 1
116 269 1
116 272 1
116 293 1
116 294 1
116 306 1
116 307 1
116 310 1
116 324 1
116 327 1
116 328 1
116 329 1
116 336 1
116 344 1
116 353 1
116 364 1
116 394 1
116 396 1
116 407 1
116 411 1
116 418 1
116 461 1
116 474 1
116 500 1
117 142 1
117 149 1
117 152 1
117 153 1
117 181 1
117 196 1
117 206 1
117 234 1
117 235 1
117 248 1
117 255 1
117 264 1
117 312 1
117 322 1
117 368 1
117 374 1
117 381 1
117 389 1
117 403 1
117 406 1
117 409 1
117 412 1
117 418 1
117 433 1
117 449 1
117 454 1
117 463 1
117 473 1
117 481 1
117 486 1
117 499 1
118 131 1
118 139 1
118 191 1
118 194 1
118 197 1
118 206 1
118 214 1
118 220 1
118 221 1
118 241 1
118 257 1
118 262 1
118 267 1
118 283 1
118 287 1
118 295 1
118 313 1
118 342 1
118 343 1
118 371 1
118 373 1
118 387 1
118 403 1
118 406 1
118 411 1
118 415 1
118 433 1
118 457 1
118 459 1
118 471 1
118 473 1
118 482 1
118 492 1
118 498 1
119 126 1
119 137 1
119 150 1
119 164 1
119 179 1
119 214 1
119 215 1
119 227 1
119 260 1
119 266 1
119 267 1
119 283 1
119 300 1
119 301 1
119 309 1
119 311 1
119 315 1
119 349 1
119 395 1
119 396 1
119 423 1
119 439 1
119 458 1
119 465 1
119 467 1
119 484 1
119 495 1
120 129 1
120 144 1
120 162 1
120 175 1
120 213 1
120 214 1
120 230 1
120 244 1
120 246 1
120 248 1
120 254 1
120 256 1
120 269 1
120 290 1
120 292 1
120 311 1
120 320 1
120 351 1
120 352 1
120 363 1
120 369 1
120 379 1
120 393 1
120 396 1
120 425 1
120 458 1
120 464 1
120 467 1
120 469 1
120 477 1
120 491 1
120 497 1
120 499 1
121 134 1
121 135 1
121 138 1
121 139 1
121 143 1
121 146 1
121 147 1
121 159 1
121 184 1
121 197 1
121 198 1
121 206 1
121 222 1
121 241 1
121 250 1
121 261 1
121 264 1
121 267 1
121 268 1
121 277 1
121 301 1
121 312 1
121 334 1
121 340 1
121 348 1
121 349 1
121 365 1
121 371 1
121 376 1
121 386 1
121 394 1
121 395 1
121 401 1
121 419 1
121 438 1
121 450 1
121 470 1
121 482 1
121 483 1
121 484 1
121 499 1
122 136 1
122 143 1
122 146 1
122 150 1
122 167 1
122 172 1
122 179 1
122 200 1
122 202 1
122 203 1
122 218 1
122 219 1
122 231 1
122 239 1
122 258 1
122 281 1
122 285 1
122 288 1
122 294 1
122 300 1
122 315 1
122 317 1
122 326 1
122 329 1
122 357 1
122 369 1
122 376 1
122 378 1
122 387 1
122 404 1
122 411 1
122 416 1
122 419 1
122 438 1
122 444 1
122 462 1
122 463 1
122 470 1
122 472 1
122 475 1
122 476 1
122 477 1
122 478 1
122 481 1
122 486 1
122 498 1
123 128 1
123 141 1
123 150 1
123 151 1
123 156 1
123 157 1
123 160 1
123 172 1
123 175 1
123 176 1
123 207 1
123 222 1
123 240 1
123 243 1
123 244 1
123 253 1
123 282 1
123 289 1
123 292 1
123 300 1
123 325 1
123 329 1
123 338 1
123 346 1
123 351 1
123 352 1
123 372 1
123 378 1
123 390 1
123 401 1
123 417 1
123 426 1
123 427 1
123 428 1
123 479 1
123 498 1
124 126 1
124 141 1
124 150 1
124 164 1
124 168 1
124 173 1
124 202 1
124 208 1
124 223 1
124 237 1
124 276 1
124 283 1
124 286 1
124 291 1
124 294 1
124 301 1
124 303 1
124 309 1
124 326 1
124 332 1
124 336 1
124 337 1
124 351 1
124 352 1
124 358 1
124 363 1
124 368 1
124 383 1
124 402 1
124 412 1
124 419 1
124 420 1
124 439 1
124 461 1
124 477 1
124 481 1
124 483 1
124 495 1
125 133 1
125 141 1
125 150 1
125 152 1
125 158 1
125 175 1
125 177 1
125 194 1
125 203 1
125 207 1
125 224 1
125 237 1
125 248 1
125 268 1
125 269 1
125 270 1
125 273 1
125 275 1
125 284 1
125 309 1
125 310 1
125 326 1
125 327 1
125 336 1
125 349 1
125 351 1
125 374 1
125 382 1
125 389 1
125 437 1
125 454 1
125 459 1
125 469 1
125 471 1
125 483 1
125 484 1
125 489 1
125 492 1
126 147 1
126 149 1
126 153 1
126 164 1
126 212 1
126 230 1
126 238 1
126 242 1
126 250 1
126 270 1
126 276 1
126 290 1
126 303 1
126 312 1
126 325 1
126 329 1
126 330 1
126 333 1
126 346 1
126 353 1
126 361 1
126 386 1
126 394 1
126 420 1
126 425 1
126 437 1
126 460 1
126 464 1
126 479 1
126 488 1
126 498 1
127 151 1
127 157 1
127 173 1
127 180 1
127 205 1
127 207 1
127 217 1
127 221 1
127 222 1
127 236 1
127 259 1
127 263 1
127 281 1
127 289 1
127 299 1
127 314 1
127 331 1
127 332 1
127 335 1
127 337 1
127 341 1
127 347 1
127 382 1
127 396 1
127 399 1
127 423 1
127 440 1
127 449 1
127 455 1
127 482 1
127 492 1
128 149 1
128 185 1
128 216 1
128 218 1
128 222 1
128 223 1
128 227 1
128 236 1
128 238 1
128 241 1
128 243 1
128 251 1
128 254 1
128 279 1
128 287 1
128 288 1
128 321 1
128 329 1
128 335 1
128 341 1
128 349 1
128 350 1
128 357 1
128 378 1
128 383 1
128 408 1
128 414 1
128 417 1
128 435 1
128 437 1
128 451 1
129 132 1
129 138 1
129 139 1
129 156 1
129 157 1
129 160 1
129 178 1
129 208 1
129 235 1
129 242 1
129 245 1
129 285 1
129 309 1
129 316 1
129 322 1
129 334 1
129 335 1
129 358 1
129 359 1
129 391 1
129 418 1
129 437 1
129 438 1
129 443 1
129 446 1
129 451 1
129 455 1
129 456 1
129 472 1
129 479 1
129 485 1
129 491 1
129 496 1
129 500 1
130 131 1
130 136 1
130 143 1
130 147 1
130 160 1
130 171 1
130 178 1
130 182 1
130 184 1
130 189 1
130 191 1
130 213 1
130 218 1
130 257 1
130 266 1
130 274 1
130 278 1
130 284 1
130 307 1
130 352 1
130 365 1
130 383 1
130 392 1
130 395 1
130 402 1
130 403 1
130 412 1
130 431 1
130 435 1
130 451 1
130 461 1
130 475 1
131 145 1
131 148 1
131 154 1
131 168 1
131 172 1
131 179 1
131 188 1
131 194 1
131 199 1
131 212 1
131 221 1
131 224 1
131 237 1
131 260 1
131 269 1
131 280 1
131 282 1
131 285 1
131 289 1
131 297 1
131 302 1
131 309 1
131 320 1
131 323 1
131 328 1
131 334 1
131 336 1
131 338 1
131 347 1
131 349 1
131 350 1
131 352 1
131 355 1
131 374 1
131 375 1
131 382 1
131 384 1
131 399 1
131 408 1
131 411 1
131 418 1
131 425 1
131 426 1
131 440 1
131 448 1
131 449 1
131 454 1
131 462 1
131 479 1
131 481 1
131 493 1
132 138 1
132 150 1
132 170 1
132 180 1
132 185 1
132 190 1
132 191 1
132 198 1
132 228 1
132 230 1
132 231 1
132 249 1
132 254 1
132 270 1
132 273 1
132 276 1
132 303 1
132 314 1
132 315 1
132 320 1
132 359 1
132 367 1
132 381 1
132 386 1
132 434 1
132 449 1
132 460 1
132 462 1
132 463 1
132 474 1
132 495 1
133 136 1
133 141 1
133 143 1
133 144 1
133 159 1
133 171 1
133 175 1
133 208 1
133 219 1
133 246 1
133 250 1
133 259 1
133 267 1
133 276 1
133 292 1
133 314 1
133 325 1
133 340 1
133 353 1
133 356 1
133 371 1
133 378 1
133 379 1
133 382 1
133 383 1
133 387 1
133 397 1
133 410 1
133 411 1
133 429 1
133 432 1
133 450 1
133 456 1
133 457 1
133 483 1
133 488 1
134 148 1
134 161 1
134 169 1
134 173 1
134 179 1
134 201 1
134 208 1
134 217 1
134 237 1
134 250 1
134 262 1
134 274 1
134 283 1
134 303 1
134 306 1
134 318 1
134 320 1
134 371 1
134 388 1
134 410 1
134 436 1
134 441 1
134 442 1
134 459 1
134 461 1
134 486 1
135 136 1
135 138 1
135 157 1
135 165 1
135 166 1
135 169 1
135 173 1
135 190 1
135 206 1
135 216 1
135 218 1
135 222 1
135 225 1
135 227 1
135 229 1
135 231 1
135 237 1
135 246 1
135 250 1
135 258 1
135 264 1
135 276 1
135 282 1
135 284 1
135 287 1
135 300 1
135 302 1
135 327 1
135 336 1
135 344 1
135 379 1
135 388 1
135 397 1
135 399 1
135 422 1
135 426 1
135 427 1
135 439 1
135 462 1
135 474 1
135 477 1
135 478 1
135 480 1
135 481 1
135 485 1
135 488 1
136 137 1
136 150 1
136 161 1
136 162 1
136 184 1
136 199 1
136 223 1
136 224 1
136 226 1
136 253 1
136 256 1
136 263 1
136 270 1
136 276 1
136 281 1
136 287 1
136 289 1
136 294 1
136 321 1
136 336 1
136 353 1
136 358 1
136 368 1
136 376 1
136 402 1
136 427 1
136 431 1
136 432 1
136 437 1
136 442 1
136 446 1
136 449 1
136 460 1
136 466 1
136 482 1
136 486 1
137 147 1
137 159 1
137 171 1
137 178 1
137 180 1
137 185 1
137 190 1
137 207 1
137 208 1
137 210 1
137 237 1
137 246 1
137 258 1
137 273 1
137 303 1
137 305 1
137 314 1
137 320 1
137 321 1
137 327 1
137 334 1
137 346 1
137 354 1
137 360 1
137 363 1
137 372 1
137 400 1
137 410 1
137 415 1
137 424 1
137 437 1
137 452 1
137 454 1
137 456 1
137 462 1
137 463 1
137 469 1
138 146 1
138 177 1
138 179 1
138 181 1
138 205 1
138 229 1
138 242 1
138 246 1
138 251 1
138 255 1
138 264 1
138 332 1
138 345 1
138 347 1
138 353 1
138 358 1
138 368 1
138 371 1
138 373 1
138 377 1
138 385 1
138 386 1
138 394 1
138 435 1
138 442 1
138 443 1
138 451 1
138 499 1
139 150 1
139 154 1
139 164 1
139 177 1
139 183 1
139 184 1
139 199 1
139 204 1
139 206 1
139 213 1
139 226 1
139 250 1
139 256 1
139 278 1
139 285 1
139 296 1
139 304 1
139 336 1
139 344 1
139 357 1
139 365 1
139 367 1
139 370 1
139 377 1
139 378 1
139 392 1
139 393 1
139 395 1
139 404 1
139 406 1
139 407 1
139 416 1
139 428 1
139 431 1
139 433 1
139 437 1
139 441 1
139 447 1
139 448 1
139 454 1
139 457 1
139 460 1
140 153 1
140 173 1
140 175 1
140 180 1
140 256 1
140 260 1
140 271 1
140 272 1
140 284 1
140 291 1
140 304 1
140 305 1
140 308 1
140 315 1
140 320 1
140 328 1
140 346 1
140 358 1
140 377 1
140 385 1
140 399 1
140 408 1
140 423 1
140 424 1
140 429 1
140 431 1
140 437 1
140 448 1
140 455 1
140 484 1
140 487 1
140 488 1
140 498 1
141 150 1
141 180 1
141 202 1
141 217 1
141 233 1
141 238 1
141 239 1
141 262 1
141 273 1
141 278 1
141 288 1
141 291 1
141 295 1
141 307 1
141 309 1
141 310 1
141 316 1
141 324 1
141 351 1
141 359 1
141 364 1
141 369 1
141 400 1
141 443 1
141 449 1
141 458 1
141 461 1
141 465 1
141 466 1
141 475 1
141 484 1
141 485 1
141 496 1
141 497 1
141 499 1
142 152 1
142 167 1
142 179 1
142 186 1
142 191 1
142 197 1
142 203 1
142 237 1
142 244 1
142 245 1
142 270 1
142 279 1
142 289 1
142 295 1
142 301 1
142 316 1
142 333 1
142 337 1
142 341 1
142 364 1
142 369 1
142 387 1
142 406 1
142 412 1
142 415 1
142 421 1
142 442 1
142 449 1
142 469 1
142 481 1
142 484 1
143 145 1
143 154 1
143 159 1
143 167 1
143 170 1
143 187 1
143 191 1
143 196 1
143 199 1
143 208 1
143 213 1
143 217 1
143 246 1
143 251 1
143 252 1
143 253 1
143 258 1
143 264 1
143 274 1
143 277 1
143 286 1
143 304 1
143 316 1
143 371 1
143 375 1
143 378 1
143 404 1
143 421 1
143 430 1
143 438 1
143 456 1
143 460 1
143 461 1
143 466 1
143 476 1
143 477 1
143 479 1
143 484 1
144 153 1
144 159 1
144 163 1
144 185 1
144 193 1
144 197 1
144 203 1
144 213 1
144 215 1
144 217 1
144 225 1
144 235 1
144 239 1
144 242 1
144 254 1
144 268 1
144 273 1
144 285 1
144 293 1
144 294 1
144 299 1
144 312 1
144 316 1
144 335 1
144 336 1
144 337 1
144 347 1
144 366 1
144 378 1
144 395 1
144 415 1
144 416 1
144 421 1
144 425 1
144 436 1
144 461 1
144 470 1
144 474 1
144 489 1
145 148 1
145 152 1
145 161 1
145 206 1
145 211 1
145 222 1
145 223 1
145 237 1
145 248 1
145 254 1
145 259 1
145 281 1
145 285 1
145 292 1
145 308 1
145 316 1
145 320 1
145 338 1
145 340 1
145 345 1
145 354 1
145 394 1
145 400 1
145 402 1
145 416 1
145 423 1
145 442 1
145 461 1
145 479 1
145 483 1
145 492 1
146 152 1
146 155 1
146 156 1
146 164 1
146 166 1
146 172 1
146 173 1
146 178 1
146 182 1
146 189 1
146 214 1
146 226 1
146 229 1
146 244 1
146 245 1
146 258 1
146 261 1
146 262 1
146 265 1
146 269 1
146 281 1
146 308 1
146 317 1
146 323 1
146 375 1
146 400 1
146 403 1
146 408 1
146 430 1
146 433 1
146 437 1
146 448 1
146 453 1
146 462 1
146 471 1
146 500 1
147 151 1
147 153 1
147 154 1
147 157 1
147 166 1
147 171 1
147 176 1
147 179 1
147 185 1
147 209 1
147 235 1
147 258 1
147 262 1
147 278 1
147 285 1
147 302 1
147 304 1
147 321 1
147 323 1
147 340 1
147 377 1
147 378 1
147 399 1
147 401 1
147 406 1
147 424 1
147 432 1
147 438 1
147 451 1
147 453 1
147 458 1
147 459 1
147 462 1
148 160 1
148 170 1
148 177 1
148 181 1
148 184 1
148 190 1
148 195 1
148 207 1
148 225 1
148 238 1
148 252 1
148 258 1
148 282 1
148 283 1
148 292 1
148 306 1
148 308 1
148 310 1
148 315 1
148 319 1
148 321 1
148 333 1
148 354 1
148 359 1
148 367 1
148 382 1
148 421 1
148 456 1
148 459 1
148 464 1
148 472 1
148 481 1
149 159 1
149 166 1
149 173 1
149 177 1
149 187 1
149 190 1
149 201 1
149 207 1
149 211 1
149 221 1
149 237 1
149 255 1
149 276 1
149 294 1
149 300 1
149 303 1
149 313 1
149 316 1
149 336 1
149 339 1
149 342 1
149 357 1
149 359 1
149 366 1
149 370 1
149 378 1
149 391 1
149 426 1
149 436 1
149 441 1
149 446 1
149 456 1
149 467 1
149 479 1
149 487 1
150 154 1
150 157 1
150 163 1
150 181 1
150 185 1
150 186 1
150 196 1
150 206 1
150 218 1
150 222 1
150 245 1
150 252 1
150 262 1
150 270 1
150 288 1
150 294 1
150 331 1
150 350 1
150 379 1
150 383 1
150 384 1
150 388 1
150 389 1
150 398 1
150 400 1
150 410 1
150 447 1
150 461 1
150 467 1
150 482 1
150 496 1
150 497 1
151 165 1
151 170 1
151 191 1
151 192 1
151 193 1
151 198 1
151 202 1
151 207 1
151 208 1
151 212 1
151 214 1
151 222 1
151 223 1
151 232 1
151 239 1
151 252 1
151 257 1
151 261 1
151 270 1
151 272 1
151 274 1
151 286 1
151 314 1
151 315 1
151 318 1
151 327 1
151 328 1
151 340 1
151 350 1
151 352 1
151 392 1
151 395 1
151 400 1
151 406 1
151 417 1
151 420 1
151 447 1
151 457 1
151 460 1
151 484 1
151 489 1
152 156 1
152 163 1
152 182 1
152 185 1
152 198 1
152 226 1
152 233 1
152 240 1
152 262 1
152 268 1
152 278 1
152 302 1
152 304 1
152 313 1
152 327 1
152 336 1
152 337 1
152 356 1
152 378 1
152 384 1
152 387 1
152 398 1
152 401 1
152 411 1
152 412 1
152 418 1
152 423 1
152 432 1
152 455 1
152 456 1
152 470 1
152 477 1
152 479 1
152 482 1
152 487 1
152 488 1
153 154 1
153 166 1
153 176 1
153 192 1
153 193 1
153 197 1
153 200 1
153 204 1
153 223 1
153 243 1
153 261 1
153 275 1
153 278 1
153 291 1
153 292 1
153 300 1
153 305 1
153 309 1
153 311 1
153 313 1
153 315 1
153 337 1
153 338 1
153 340 1
153 348 1
153 349 1
153 357 1
153 373 1
153 375 1
153 378 1
153 393 1
153 394 1
153 398 1
153 404 1
153 412 1
153 417 1
153 430 1
153 432 1
153 462 1
153 480 1
153 481 1
153 485 1
153 493 1
153 496 1
154 169 1
154 198 1
154 200 1
154 210 1
154 238 1
154 245 1
154 248 1
154 270 1
154 329 1
154 344 1
154 347 1
154 359 1
154 375 1
154 403 1
154 409 1
154 411 1
154 417 1
154 418 1
154 426 1
154 430 1
154 452 1
154 457 1
154 474 1
155 158 1
155 179 1
155 180 1
155 183 1
155 195 1
155 207 1
155 225 1
155 235 1
155 247 1
155 258 1
155 282 1
155 310 1
155 318 1
155 340 1
155 413 1
155 427 1
155 432 1
155 441 1
155 445 1
155 452 1
155 456 1
155 458 1
155 467 1
155 484 1
156 174 1
156 190 1
156 197 1
156 207 1
156 225 1
156 246 1
156 269 1
156 279 1
156 301 1
156 307 1
156 328 1
156 333 1
156 335 1
156 345 1
156 350 1
156 361 1
156 365 1
156 368 1
156 402 1
156 414 1
156 418 1
156 450 1
156 451 1
156 453 1
156 454 1
156 459 1
156 462 1
156 485 1
156 490 1
157 161 1
157 166 1
157 180 1
157 182 1
157 187 1
157 192 1
157 197 1
157 211 1
157 246 1
157 249 1
157 258 1
157 271 1
157 294 1
157 306 1
157 308 1
157 336 1
157 344 1
157 345 1
157 351 1
157 364 1
157 381 1
157 390 1
157 391 1
157 392 1
157 408 1
157 416 1
157 448 1
157 450 1
157 458 1
157 472 1
157 477 1
157 480 1
157 499 1
158 175 1
158 196 1
158 197 1
158 204 1
158 210 1
158 220 1
158 223 1
158 229 1
158 233 1
158 263 1
158 265 1
158 268 1
158 278 1
158 289 1
158 303 1
158 321 1
158 336 1
158 373 1
158 383 1
158 385 1
158 390 1
158 394 1
158 395 1
158 399 1
158 455 1
158 468 1
158 489 1
159 161 1
159 171 1
159 173 1
159 180 1
159 181 1
159 209 1
159 219 1
159 226 1
159 235 1
159 242 1
159 245 1
159 262 1
159 264 1
159 266 1
159 288 1
159 297 1
159 314 1
159 316 1
159 330 1
159 344 1
159 360 1
159 370 1
159 378 1
159 381 1
159 407 1
159 414 1
159 421 1
159 425 1
159 430 1
159 440 1
159 443 1
159 451 1
159 458 1
159 461 1
159 464 1
159 472 1
159 499 1
160 169 1
160 184 1
160 194 1
160 207 1
160 215 1
160 224 1
160 240 1
160 243 1
160 263 1
160 267 1
160 272 1
160 283 1
160 291 1
160 294 1
160 323 1
160 330 1
160 389 1
160 391 1
160 394 1
160 397 1
160 428 1
160 437 1
160 450 1
160 456 1
160 458 1
160 479 1
160 487 1
160 499 1
161 175 1
161 179 1
161 181 1
161 193 1
161 207 1
161 211 1
161 223 1
161 236 1
161 246 1
161 253 1
161 259 1
161 276 1
161 311 1
161 325 1
161 327 1
161 329 1
161 332 1
161 333 1
161 341 1
161 343 1
161 344 1
161 346 1
161 396 1
161 399 1
161 405 1
161 467 1
161 474 1
161 478 1
161 479 1
161 488 1
161 495 1
161 497 1
162 177 1
162 180 1
162 189 1
162 192 1
162 233 1
162 238 1
162 246 1
162 255 1
162 259 1
162 261 1
162 305 1
162 306 1
162 310 1
162 337 1
162 342 1
162 346 1
162 356 1
162 362 1
162 385 1
162 386 1
162 422 1
162 426 1
162 431 1
162 443 1
162 446 1
162 452 1
162 456 1
162 458 1
162 459 1
162 464 1
162 465 1
163 169 1
163 172 1
163 179 1
163 201 1
163 210 1
163 212 1
163 213 1
163 217 1
163 221 1
163 223 1
163 225 1
163 236 1
163 237 1
163 240 1
163 245 1
163 253 1
163 265 1
163 277 1
163 310 1
163 316 1
163 347 1
163 364 1
163 368 1
163 376 1
163 380 1
163 386 1
163 399 1
163 410 1
163 427 1
163 438 1
163 439 1
163 472 1
163 479 1
163 500 1
164 169 1
164 188 1
164 214 1
164 270 1
164 276 1
164 277 1
164 281 1
164 283 1
164 301 1
164 308 1
164 316 1
164 330 1
164 343 1
164 355 1
164 357 1
164 367 1
164 374 1
164 387 1
164 388 1
164 414 1
164 418 1
164 428 1
164 440 1
164 452 1
164 458 1
164 473 1
164 475 1
164 477 1
164 479 1
165 174 1
165 187 1
165 200 1
165 203 1
165 209 1
165 210 1
165 222 1
165 223 1
165 228 1
165 243 1
165 244 1
165 264 1
165 265 1
165 275 1
165 276 1
165 289 1
165 300 1
165 308 1
165 313 1
165 326 1
165 337 1
165 346 1
165 363 1
165 376 1
165 377 1
165 385 1
165 401 1
165 412 1
165 416 1
165 430 1
165 437 1
165 441 1
165 442 1
165 467 1
165 469 1
165 472 1
165 493 1
166 174 1
166 177 1
166 179 1
166 180 1
166 194 1
166 200 1
166 206 1
166 211 1
166 222 1
166 233 1
166 235 1
166 240 1
166 246 1
166 270 1
166 274 1
166 276 1
166 281 1
166 287 1
166 296 1
166 306 1
166 307 1
166 310 1
166 316 1
166 336 1
166 340 1
166 389 1
166 426 1
166 447 1
166 450 1
166 451 1
166 478 1
166 489 1
167 176 1
167 196 1
167 210 1
167 212 1
167 213 1
167 219 1
167 271 1
167 272 1
167 273 1
167 280 1
167 303 1
167 319 1
167 326 1
167 329 1
167 344 1
167 348 1
167 357 1
167 359 1
167 373 1
167 375 1
167 378 1
167 393 1
167 395 1
167 400 1
167 401 1
167 405 1
167 415 1
167 416 1
167 419 1
167 444 1
167 451 1
167 476 1
167 490 1
167 491 1
168 179 1
168 183 1
168 192 1
168 193 1
168 194 1
168 228 1
168 250 1
168 275 1
168 278 1
168 282 1
168 287 1
168 290 1
168 295 1
168 298 1
168 319 1
168 323 1
168 331 1
168 342 1
168 360 1
168 365 1
168 367 1
168 372 1
168 381 1
168 404 1
168 409 1
168 420 1
168 424 1
168 430 1
168 440 1
168 443 1
168 447 1
168 456 1
168 458 1
168 467 1
168 477 1
168 478 1
168 491 1
169 194 1
169 201 1
169 209 1
169 224 1
169 228 1
169 236 1
169 238 1
169 242 1
169 251 1
169 263 1
169 267 1
169 290 1
169 294 1
169 301 1
169 308 1
169 341 1
169 342 1
169 344 1
169 347 1
169 351 1
169 371 1
169 387 1
169 392 1
169 412 1
169 416 1
169 417 1
169 419 1
169 423 1
169 425 1
169 432 1
169 465 1
169 474 1
169 486 1
169 489 1
169 491 1
169 495 1
169 499 1
170 195 1
170 196 1
170 203 1
170 221 1
170 230 1
170 248 1
170 251 1
170 252 1
170 258 1
170 267 1
170 275 1
170 279 1
170 282 1
170 297 1
170 314 1
170 324 1
170 333 1
170 338 1
170 354 1
170 381 1
170 384 1
170 392 1
170 407 1
170 422 1
170 425 1
170 435 1
170 439 1
170 444 1
170 467 1
170 469 1
170 479 1
170 482 1
170 485 1
170 494 1
170 498 1
171 198 1
171 201 1
171 217 1
171 229 1
171 235 1
171 265 1
171 268 1
171 291 1
171 297 1
171 298 1
171 317 1
171 325 1
171 327 1
171 338 1
171 341 1
171 350 1
171 364 1
171 369 1
171 398 1
171 416 1
171 421 1
171 460 1
171 466 1
171 469 1
171 481 1
171 493 1
171 494 1
172 177 1
172 178 1
172 185 1
172 186 1
172 196 1
172 202 1
172 204 1
172 218 1
172 225 1
172 226 1
172 227 1
172 233 1
172 234 1
172 250 1
172 274 1
172 284 1
172 296 1
172 298 1
172 364 1
172 385 1
172 393 1
172 394 1
172 420 1
172 435 1
172 442 1
172 452 1
172 467 1
172 484 1
172 486 1
172 492 1
172 500 1
173 182 1
173 184 1
173 188 1
173 203 1
173 209 1
173 222 1
173 242 1
173 249 1
173 253 1
173 280 1
173 282 1
173 285 1
173 304 1
173 310 1
173 317 1
173 342 1
173 360 1
173 380 1
173 407 1
173 411 1
173 434 1
173 437 1
173 444 1
173 447 1
173 470 1
173 488 1
174 217 1
174 223 1
174 231 1
174 235 1
174 245 1
174 261 1
174 272 1
174 273 1
174 278 1
174 293 1
174 301 1
174 310 1
174 316 1
174 321 1
174 340 1
174 370 1
174 378 1
174 379 1
174 386 1
174 396 1
174 411 1
174 418 1
174 447 1
174 454 1
174 477 1
174 486 1
174 487 1
175 207 1
175 216 1
175 224 1
175 228 1
175 254 1
175 262 1
175 284 1
175 291 1
175 318 1
175 325 1
175 328 1
175 332 1
175 333 1
175 341 1
175 345 1
175 364 1
175 374 1
175 396 1
175 397 1
175 409 1
175 421 1
175 423 1
175 443 1
175 459 1
175 465 1
175 486 1
176 182 1
176 185 1
176 191 1
176 200 1
176 205 1
176 207 1
176 219 1
176 241 1
176 261 1
176 277 1
176 282 1
176 293 1
176 296 1
176 312 1
176 332 1
176 341 1
176 362 1
176 366 1
176 381 1
176 389 1
176 429 1
176 430 1
176 431 1
176 435 1
176 456 1
176 458 1
176 484 1
176 496 1
177 192 1
177 214 1
177 216 1
177 232 1
177 245 1
177 251 1
177 261 1
177 274 1
177 277 1
177 283 1
177 284 1
177 285 1
177 289 1
177 303 1
177 305 1
177 318 1
177 333 1
177 334 1
177 354 1
177 381 1
177 390 1
177 398 1
177 408 1
177 423 1
177 426 1
177 437 1
177 444 1
177 458 1
177 471 1
177 487 1
177 497 1
177 499 1
178 184 1
178 211 1
178 217 1
178 223 1
178 226 1
178 235 1
178 282 1
178 288 1
178 291 1
178 297 1
178 298 1
178 310 1
178 332 1
178 336 1
178 337 1
178 339 1
178 352 1
178 354 1
178 368 1
178 374 1
178 378 1
178 388 1
178 393 1
178 397 1
178 410 1
178 429 1
178 444 1
178 446 1
178 447 1
178 457 1
178 458 1
178 472 1
178 479 1
178 482 1
178 485 1
178 493 1
178 496 1
179 199 1
179 208 1
179 212 1
179 226 1
179 230 1
179 242 1
179 281 1
179 286 1
179 304 1
179 310 1
179 320 1
179 343 1
179 354 1
179 357 1
179 365 1
179 377 1
179 385 1
179 397 1
179 407 1
179 428 1
179 431 1
179 439 1
179 449 1
179 451 1
179 476 1
179 479 1
179 486 1
179 490 1
180 191 1
180 205 1
180 209 1
180 212 1
180 215 1
180 226 1
180 235 1
180 243 1
180 262 1
180 283 1
180 284 1
180 297 1
180 336 1
180 352 1
180 356 1
180 359 1
180 372 1
180 388 1
180 393 1
180 396 1
180 398 1
180 400 1
180 402 1
180 405 1
180 416 1
180 425 1
180 429 1
180 453 1
180 456 1
180 485 1
181 189 1
181 193 1
181 197 1
181 199 1
181 200 1
181 208 1
181 211 1
181 225 1
181 233 1
181 238 1
181 246 1
181 259 1
181 271 1
181 274 1
181 288 1
181 293 1
181 303 1
181 308 1
181 309 1
181 310 1
181 318 1
181 325 1
181 337 1
181 349 1
181 362 1
181 363 1
181 373 1
181 394 1
181 398 1
181 407 1
181 422 1
181 428 1
181 435 1
181 439 1
181 442 1
181 447 1
181 449 1
181 458 1
181 462 1
181 478 1
181 491 1
181 493 1
181 497 1
181 498 1
182 187 1
182 192 1
182 194 1
182 195 1
182 201 1
182 222 1
182 230 1
182 257 1
182 267 1
182 270 1
182 289 1
182 292 1
182 304 1
182 324 1
182 329 1
182 332 1
182 355 1
182 359 1
182 366 1
182 367 1
182 387 1
182 402 1
182 412 1
182 426 1
182 458 1
182 469 1
182 482 1
182 483 1
182 485 1
182 488 1
183 191 1
183 195 1
183 211 1
183 232 1
183 254 1
183 263 1
183 285 1
183 289 1
183 297 1
183 301 1
183 305 1
183 344 1
183 346 1
183 351 1
183 363 1
183 370 1
183 371 1
183 388 1
183 389 1
183 390 1
183 395 1
183 406 1
183 407 1
183 427 1
183 452 1
183 459 1
183 463 1
183 475 1
183 480 1
183 483 1
184 186 1
184 189 1
184 195 1
184 238 1
184 254 1
184 263 1
184 265 1
184 323 1
184 326 1
184 332 1
184 339 1
184 350 1
184 360 1
184 361 1
184 370 1
184 375 1
184 377 1
184 379 1
184 383 1
184 385 1
184 386 1
184 387 1
184 410 1
184 417 1
184 419 1
184 420 1
184 427 1
184 438 1
184 457 1
184 468 1
184 472 1
184 474 1
184 476 1
184 492 1
184 494 1
185 201 1
185 221 1
185 257 1
185 269 1
185 272 1
185 280 1
185 287 1
185 296 1
185 299 1
185 307 1
185 332 1
185 347 1
185 355 1
185 369 1
185 383 1
185 399 1
185 404 1
185 405 1
185 407 1
185 417 1
185 433 1
185 434 1
185 442 1
185 444 1
185 448 1
185 459 1
185 473 1
185 476 1
185 486 1
185 492 1
186 200 1
186 201 1
186 202 1
186 212 1
186 221 1
186 235 1
186 238 1
186 250 1
186 286 1
186 296 1
186 308 1
186 312 1
186 320 1
186 328 1
186 329 1
186 343 1
186 345 1
186 357 1
186 375 1
186 376 1
186 397 1
186 399 1
186 410 1
186 411 1
186 413 1
186 416 1
186 431 1
186 436 1
186 448 1
186 451 1
186 457 1
186 464 1
186 471 1
186 497 1
187 191 1
187 193 1
187 201 1
187 203 1
187 217 1
187 218 1
187 253 1
187 262 1
187 265 1
187 268 1
187 274 1
187 279 1
187 282 1
187 298 1
187 305 1
187 327 1
187 340 1
187 344 1
187 361 1
187 362 1
187 371 1
187 386 1
187 392 1
187 399 1
187 401 1
187 430 1
187 439 1
187 446 1
187 459 1
187 484 1
188 200 1
188 206 1
188 245 1
188 248 1
188 273 1
188 296 1
188 319 1
188 337 1
188 342 1
188 350 1
188 356 1
188 359 1
188 372 1
188 400 1
188 409 1
188 420 1
188 426 1
188 429 1
188 432 1
188 433 1
188 453 1
188 464 1
188 471 1
188 475 1
188 484 1
189 207 1
189 209 1
189 228 1
189 230 1
189 232 1
189 241 1
189 243 1
189 256 1
189 259 1
189 285 1
189 295 1
189 300 1
189 309 1
189 318 1
189 320 1
189 335 1
189 344 1
189 359 1
189 367 1
189 371 1
189 374 1
189 375 1
189 390 1
189 393 1
189 395 1
189 407 1
189 416 1
189 426 1
189 431 1
189 444 1
189 450 1
189 454 1
189 457 1
189 459 1
189 467 1
189 472 1
189 478 1
189 484 1
189 485 1
190 192 1
190 194 1
190 214 1
190 223 1
190 227 1
190 247 1
190 258 1
190 262 1
190 268 1
190 274 1
190 278 1
190 304 1
190 308 1
190 322 1
190 347 1
190 378 1
190 385 1
190 390 1
190 395 1
190 414 1
190 422 1
190 424 1
190 434 1
190 436 1
190 440 1
190 448 1
190 452 1
190 457 1
190 463 1
190 465 1
190 467 1
190 485 1
191 192 1
191 194 1
191 208 1
191 211 1
191 225 1
191 230 1
191 244 1
191 245 1
191 250 1
191 289 1
191 290 1
191 291 1
191 305 1
191 306 1
191 311 1
191 325 1
191 348 1
191 360 1
191 361 1
191 393 1
191 394 1
191 404 1
191 437 1
191 449 1
191 458 1
191 463 1
192 196 1
192 203 1
192 221 1
192 233 1
192 248 1
192 252 1
192 253 1
192 272 1
192 280 1
192 281 1
192 305 1
192 309 1
192 313 1
192 325 1
192 331 1
192 345 1
192 350 1
192 352 1
192 384 1
192 395 1
192 429 1
192 441 1
192 453 1
192 463 1
192 464 1
192 465 1
192 488 1
192 497 1
193 200 1
193 202 1
193 211 1
193 220 1
193 232 1
193 234 1
193 236 1
193 245 1
193 246 1
193 248 1
193 250 1
193 257 1
193 265 1
193 293 1
193 326 1
193 331 1
193 342 1
193 358 1
193 376 1
193 382 1
193 387 1
193 405 1
193 407 1
193 425 1
193 427 1
193 428 1
193 467 1
193 489 1
194 197 1
194 204 1
194 207 1
194 210 1
194 223 1
194 238 1
194 244 1
194 248 1
194 256 1
194 261 1
194 264 1
194 272 1
194 288 1
194 309 1
194 311 1
194 316 1
194 342 1
194 382 1
194 387 1
194 399 1
194 408 1
194 410 1
194 416 1
194 422 1
194 424 1
194 430 1
194 433 1
194 440 1
194 447 1
194 458 1
194 462 1
194 464 1
194 466 1
194 467 1
194 469 1
194 472 1
194 477 1
194 478 1
194 483 1
194 499 1
195 196 1
195 205 1
195 224 1
195 230 1
195 241 1
195 253 1
195 261 1
195 262 1
195 264 1
195 269 1
195 270 1
195 276 1
195 278 1
195 312 1
195 313 1
195 314 1
195 316 1
195 317 1
195 343 1
195 358 1
195 374 1
195 402 1
195 410 1
195 414 1
195 418 1
195 432 1
195 443 1
195 451 1
195 453 1
195 461 1
195 473 1
195 481 1
195 484 1
196 197 1
196 224 1
196 232 1
196 234 1
196 236 1
196 261 1
196 325 1
196 328 1
196 341 1
196 343 1
196 346 1
196 354 1
196 360 1
196 363 1
196 375 1
196 388 1
196 409 1
196 439 1
196 441 1
196 454 1
196 458 1
196 493 1
196 500 1
197 201 1
197 202 1
197 206 1
197 212 1
197 220 1
197 233 1
197 235 1
197 251 1
197 252 1
197 268 1
197 274 1
197 284 1
197 286 1
197 305 1
197 337 1
197 343 1
197 349 1
197 356 1
197 384 1
197 389 1
197 406 1
197 416 1
197 427 1
197 434 1
197 436 1
197 438 1
197 467 1
197 469 1
197 480 1
197 491 1
198 199 1
198 203 1
198 208 1
198 214 1
198 236 1
198 241 1
198 247 1
198 264 1
198 275 1
198 276 1
198 290 1
198 303 1
198 311 1
198 314 1
198 323 1
198 373 1
198 376 1
198 392 1
198 393 1
198 395 1
198 396 1
198 401 1
198 404 1
198 409 1
198 413 1
198 415 1
198 435 1
198 466 1
198 470 1
198 479 1
198 484 1
198 494 1
198 500 1
199 200 1
199 206 1
199 254 1
199 267 1
199 275 1
199 277 1
199 288 1
199 297 1
199 299 1
199 301 1
199 310 1
199 312 1
199 320 1
199 323 1
199 324 1
199 325 1
199 329 1
199 333 1
199 351 1
199 363 1
199 379 1
199 383 1
199 394 1
199 412 1
199 439 1
199 449 1
199 451 1
199 457 1
199 461 1
199 467 1
199 481 1
199 485 1
200 204 1
200 205 1
200 220 1
200 246 1
200 252 1
200 253 1
200 295 1
200 297 1
200 302 1
200 338 1
200 340 1
200 342 1
200 350 1
200 354 1
200 358 1
200 365 1
200 373 1
200 384 1
200 386 1
200 400 1
200 406 1
200 412 1
200 423 1
200 433 1
200 459 1
200 464 1
200 480 1
200 489 1
200 497 1
200 498 1
201 202 1
201 204 1
201 222 1
201 236 1
201 277 1
201 278 1
201 292 1
201 310 1
201 317 1
201 329 1
201 349 1
201 362 1
201 373 1
201 386 1
201 404 1
201 424 1
201 466 1
201 471 1
201 487 1
201 492 1
201 500 1
202 224 1
202 225 1
202 230 1
202 240 1
202 261 1
202 263 1
202 275 1
202 277 1
202 278 1
202 279 1
202 285 1
202 290 1
202 303 1
202 305 1
202 307 1
202 318 1
202 330 1
202 338 1
202 341 1
202 345 1
202 350 1
202 370 1
202 376 1
202 390 1
202 397 1
202 402 1
202 404 1
202 410 1
202 418 1
202 421 1
202 428 1
202 440 1
202 442 1
202 455 1
202 464 1
202 477 1
202 493 1
203 207 1
203 214 1
203 230 1
203 234 1
203 249 1
203 269 1
203 288 1
203 295 1
203 331 1
203 334 1
203 337 1
203 353 1
203 365 1
203 372 1
203 384 1
203 387 1
203 399 1
203 402 1
203 403 1
203 407 1
203 437 1
203 443 1
203 450 1
203 463 1
203 470 1
203 472 1
203 474 1
203 477 1
203 478 1
203 481 1
203 488 1
203 493 1
203 495 1
204 217 1
204 258 1
204 269 1
204 272 1
204 287 1
204 294 1
204 302 1
204 312 1
204 317 1
204 318 1
204 324 1
204 337 1
204 370 1
204 389 1
204 392 1
204 397 1
204 404 1
204 407 1
204 417 1
204 440 1
204 448 1
204 461 1
204 467 1
204 470 1
204 471 1
204 477 1
204 484 1
204 500 1
205 227 1
205 229 1
205 231 1
205 260 1
205 269 1
205 273 1
205 281 1
205 292 1
205 305 1
205 317 1
205 342 1
205 363 1
205 367 1
205 392 1
205 393 1
205 420 1
205 427 1
205 440 1
205 457 1
205 461 1
206 209 1
206 213 1
206 231 1
206 261 1
206 273 1
206 274 1
206 275 1
206 281 1
206 297 1
206 312 1
206 315 1
206 318 1
206 320 1
206 333 1
206 336 1
206 341 1
206 383 1
206 388 1
206 391 1
206 405 1
206 408 1
206 415 1
206 426 1
206 431 1
206 444 1
206 448 1
206 454 1
206 455 1
206 462 1
206 479 1
206 480 1
206 500 1
207 221 1
207 222 1
207 249 1
207 254 1
207 257 1
207 274 1
207 304 1
207 309 1
207 317 1
207 318 1
207 324 1
207 357 1
207 358 1
207 366 1
207 380 1
207 387 1
207 391 1
207 394 1
207 402 1
207 413 1
207 419 1
207 424 1
207 431 1
207 437 1
207 440 1
207 448 1
207 464 1
207 465 1
207 467 1
207 479 1
207 495 1
208 214 1
208 219 1
208 224 1
208 233 1
208 245 1
208 247 1
208 268 1
208 272 1
208 298 1
208 315 1
208 342 1
208 349 1
208 353 1
208 364 1
208 377 1
208 380 1
208 383 1
208 384 1
208 401 1
208 406 1
208 416 1
208 447 1
208 460 1
208 489 1
208 499 1
209 214 1
209 223 1
209 226 1
209 233 1
209 248 1
209 258 1
209 260 1
209 285 1
209 306 1
209 316 1
209 342 1
209 356 1
209 357 1
209 363 1
209 369 1
209 370 1
209 401 1
209 407 1
209 409 1
209 415 1
209 420 1
209 422 1
209 443 1
209 444 1
209 454 1
209 488 1
210 215 1
210 224 1
210 225 1
210 234 1
210 241 1
210 244 1
210 248 1
210 264 1
210 265 1
210 267 1
210 268 1
210 293 1
210 305 1
210 317 1
210 324 1
210 328 1
210 339 1
210 348 1
210 351 1
210 366 1
210 379 1
210 382 1
210 392 1
210 404 1
210 405 1
210 416 1
210 425 1
210 451 1
210 455 1
210 480 1
210 496 1
211 214 1
211 218 1
211 230 1
211 232 1
211 242 1
211 243 1
211 255 1
211 260 1
211 263 1
211 270 1
211 276 1
211 278 1
211 312 1
211 314 1
211 332 1
211 339 1
211 342 1
211 344 1
211 357 1
211 368 1
211 377 1
211 378 1
211 382 1
211 383 1
211 386 1
211 409 1
211 416 1
211 423 1
211 432 1
211 440 1
211 456 1
211 467 1
211 470 1
211 496 1
211 498 1
211 499 1
212 235 1
212 246 1
212 267 1
212 270 1
212 271 1
212 297 1
212 301 1
212 305 1
212 312 1
212 328 1
212 334 1
212 340 1
212 362 1
212 379 1
212 387 1
212 394 1
212 416 1
212 435 1
212 441 1
212 463 1
212 471 1
212 472 1
212 480 1
212 482 1
212 495 1
212 497 1
213 216 1
213 227 1
213 228 1
213 234 1
213 240 1
213 250 1
213 260 1
213 274 1
213 287 1
213 290 1
213 294 1
213 295 1
213 296 1
213 308 1
213 309 1
213 321 1
213 324 1
213 325 1
213 337 1
213 350 1
213 351 1
213 366 1
213 373 1
213 383 1
213 386 1
213 394 1
213 406 1
213 409 1
213 412 1
213 417 1
213 453 1
213 466 1
213 483 1
213 490 1
214 243 1
214 258 1
214 268 1
214 283 1
214 291 1
214 298 1
214 306 1
214 314 1
214 324 1
214 332 1
214 388 1
214 391 1
214 417 1
214 439 1
214 468 1
214 470 1
214 473 1
214 474 1
214 475 1
214 486 1
214 490 1
215 225 1
215 229 1
215 234 1
215 237 1
215 239 1
215 244 1
215 252 1
215 261 1
215 271 1
215 307 1
215 317 1
215 330 1
215 347 1
215 352 1
215 355 1
215 371 1
215 397 1
215 400 1
215 401 1
215 405 1
215 408 1
215 414 1
215 418 1
215 420 1
215 447 1
215 449 1
215 459 1
215 461 1
215 477 1
215 480 1
215 485 1
216 234 1
216 242 1
216 244 1
216 248 1
216 255 1
216 258 1
216 272 1
216 277 1
216 293 1
216 301 1
216 322 1
216 331 1
216 357 1
216 358 1
216 360 1
216 367 1
216 369 1
216 379 1
216 408 1
216 411 1
216 416 1
216 426 1
216 428 1
216 432 1
216 443 1
216 456 1
216 459 1
216 462 1
216 464 1
216 477 1
216 479 1
216 481 1
216 497 1
217 221 1
217 227 1
217 228 1
217 229 1
217 233 1
217 242 1
217 254 1
217 256 1
217 261 1
217 273 1
217 308 1
217 333 1
217 334 1
217 350 1
217 361 1
217 373 1
217 378 1
217 389 1
217 393 1
217 395 1
217 416 1
217 418 1
217 423 1
217 426 1
217 475 1
217 480 1
217 486 1
217 488 1
217 491 1
217 494 1
217 495 1
218 222 1
218 225 1
218 226 1
218 230 1
218 237 1
218 253 1
218 256 1
218 262 1
218 278 1
218 290 1
218 313 1
218 319 1
218 324 1
218 327 1
218 334 1
218 345 1
218 351 1
218 354 1
218 382 1
218 386 1
218 410 1
218 420 1
218 430 1
218 463 1
218 465 1
218 490 1
218 492 1
218 495 1
219 226 1
219 261 1
219 263 1
219 265 1
219 276 1
219 284 1
219 286 1
219 289 1
219 305 1
219 310 1
219 311 1
219 328 1
219 349 1
219 351 1
219 353 1
219 374 1
219 386 1
219 425 1
219 444 1
219 447 1
219 448 1
219 454 1
219 461 1
220 228 1
220 240 1
220 246 1
220 308 1
220 337 1
220 345 1
220 366 1
220 370 1
220 380 1
220 398 1
220 402 1
220 415 1
220 417 1
220 421 1
220 441 1
220 444 1
220 446 1
220 455 1
220 465 1
220 471 1
220 474 1
220 480 1
220 498 1
221 222 1
221 227 1
221 243 1
221 280 1
221 282 1
221 283 1
221 286 1
221 287 1
221 303 1
221 322 1
221 339 1
221 360 1
221 362 1
221 374 1
221 379 1
221 389 1
221 393 1
221 399 1
221 419 1
221 424 1
221 428 1
221 468 1
221 482 1
221 485 1
222 248 1
222 272 1
222 279 1
222 297 1
222 306 1
222 352 1
222 359 1
222 360 1
222 361 1
222 386 1
222 389 1
222 398 1
222 402 1
222 408 1
222 414 1
222 440 1
222 441 1
222 447 1
222 450 1
222 461 1
222 462 1
222 463 1
222 475 1
222 480 1
222 483 1
222 495 1
222 498 1
223 229 1
223 256 1
223 278 1
223 308 1
223 314 1
223 329 1
223 334 1
223 342 1
223 352 1
223 353 1
223 365 1
223 370 1
223 388 1
223 403 1
223 407 1
223 412 1
223 428 1
223 429 1
223 433 1
223 445 1
223 466 1
224 239 1
224 244 1
224 249 1
224 272 1
224 277 1
224 284 1
224 291 1
224 314 1
224 323 1
224 350 1
224 351 1
224 362 1
224 364 1
224 365 1
224 379 1
224 382 1
224 384 1
224 401 1
224 415 1
224 421 1
224 433 1
224 438 1
224 468 1
224 469 1
224 480 1
224 487 1
224 498 1
225 235 1
225 250 1
225 277 1
225 279 1
225 288 1
225 292 1
225 297 1
225 301 1
225 304 1
225 314 1
225 324 1
225 340 1
225 360 1
225 369 1
225 372 1
225 383 1
225 401 1
225 409 1
225 410 1
225 413 1
225 426 1
225 431 1
225 436 1
225 442 1
225 470 1
225 487 1
225 496 1
226 227 1
226 231 1
226 232 1
226 247 1
226 249 1
226 266 1
226 274 1
226 282 1
226 289 1
226 305 1
226 311 1
226 320 1
226 322 1
226 327 1
226 348 1
226 360 1
226 366 1
226 387 1
226 392 1
226 398 1
226 417 1
226 430 1
226 446 1
226 462 1
226 472 1
226 473 1
227 231 1
227 235 1
227 247 1
227 262 1
227 267 1
227 275 1
227 283 1
227 299 1
227 320 1
227 324 1
227 331 1
227 335 1
227 354 1
227 355 1
227 383 1
227 384 1
227 387 1
227 415 1
227 416 1
227 435 1
227 442 1
227 468 1
227 476 1
227 491 1
228 249 1
228 257 1
228 262 1
228 266 1
228 274 1
228 282 1
228 283 1
228 286 1
228 300 1
228 304 1
228 310 1
228 318 1
228 335 1
228 336 1
228 357 1
228 381 1
228 385 1
228 388 1
228 407 1
228 414 1
228 439 1
228 443 1
228 445 1
228 455 1
228 456 1
228 472 1
229 246 1
229 285 1
229 286 1
229 294 1
229 296 1
229 305 1
229 331 1
229 355 1
229 366 1
229 423 1
229 454 1
229 462 1
229 477 1
229 479 1
229 488 1
229 490 1
229 499 1
230 234 1
230 238 1
230 241 1
230 247 1
230 257 1
230 269 1
230 279 1
230 284 1
230 306 1
230 342 1
230 346 1
230 370 1
230 374 1
230 378 1
230 401 1
230 406 1
230 407 1
230 421 1
230 425 1
230 428 1
230 438 1
230 451 1
230 461 1
230 470 1
230 476 1
230 488 1
230 490 1
230 500 1
231 260 1
231 261 1
231 280 1
231 284 1
231 286 1
231 291 1
231 299 1
231 305 1
231 312 1
231 317 1
231 318 1
231 324 1
231 330 1
231 358 1
231 361 1
231 369 1
231 415 1
231 445 1
231 447 1
231 451 1
231 453 1
231 459 1
231 467 1
231 490 1
232 243 1
232 249 1
232 255 1
232 275 1
232 286 1
232 287 1
232 290 1
232 294 1
232 297 1
232 299 1
232 306 1
232 332 1
232 333 1
232 351 1
232 359 1
232 368 1
232 378 1
232 402 1
232 409 1
232 411 1
232 424 1
232 450 1
232 458 1
232 474 1
232 475 1
232 476 1
232 490 1
232 493 1
233 237 1
233 243 1
233 251 1
233 259 1
233 280 1
233 282 1
233 289 1
233 291 1
233 310 1
233 322 1
233 324 1
233 330 1
233 359 1
233 368 1
233 370 1
233 379 1
233 385 1
233 395 1
233 417 1
233 426 1
233 438 1
233 467 1
233 487 1
233 491 1
234 236 1
234 239 1
234 249 1
234 253 1
234 265 1
234 303 1
234 307 1
234 314 1
234 320 1
234 333 1
234 337 1
234 348 1
234 379 1
234 384 1
234 388 1
234 400 1
234 401 1
234 405 1
234 406 1
234 410 1
234 419 1
234 420 1
234 426 1
234 442 1
234 455 1
234 475 1
235 239 1
235 243 1
235 254 1
235 266 1
235 290 1
235 296 1
235 297 1
235 299 1
235 313 1
235 314 1
235 325 1
235 333 1
235 354 1
235 365 1
235 366 1
235 368 1
235 380 1
235 386 1
235 403 1
235 408 1
235 409 1
235 420 1
235 425 1
235 427 1
235 435 1
235 464 1
235 467 1
236 250 1
236 254 1
236 256 1
236 263 1
236 268 1
236 277 1
236 305 1
236 310 1
236 316 1
236 328 1
236 332 1
236 340 1
236 348 1
236 351 1
236 377 1
236 394 1
236 395 1
236 399 1
236 401 1
236 403 1
236 448 1
236 455 1
236 463 1
236 479 1
236 491 1
236 492 1
237 245 1
237 254 1
237 257 1
237 271 1
237 275 1
237 276 1
237 315 1
237 316 1
237 319 1
237 331 1
237 338 1
237 341 1
237 351 1
237 364 1
237 372 1
237 378 1
237 382 1
237 393 1
237 399 1
237 409 1
237 412 1
237 416 1
237 417 1
237 422 1
237 439 1
237 440 1
237 464 1
237 488 1
238 241 1
238 247 1
238 248 1
238 250 1
238 285 1
238 290 1
238 291 1
238 292 1
238 297 1
238 299 1
238 307 1
238 335 1
238 352 1
238 367 1
238 370 1
238 378 1
238 380 1
238 396 1
238 402 1
238 417 1
238 420 1
238 423 1
238 425 1
238 428 1
238 440 1
238 446 1
238 449 1
238 463 1
238 468 1
238 469 1
238 471 1
238 472 1
238 493 1
238 496 1
239 251 1
239 255 1
239 259 1
239 265 1
239 266 1
239 274 1
239 278 1
239 283 1
239 286 1
239 288 1
239 305 1
239 334 1
239 364 1
239 368 1
239 373 1
239 382 1
239 388 1
239 390 1
239 391 1
239 396 1
239 400 1
239 414 1
239 461 1
239 471 1
239 481 1
239 484 1
239 496 1
240 244 1
240 254 1
240 263 1
240 267 1
240 270 1
240 278 1
240 296 1
240 311 1
240 313 1
240 318 1
240 320 1
240 363 1
240 373 1
240 376 1
240 377 1
240 391 1
240 394 1
240 398 1
240 426 1
240 427 1
240 437 1
240 459 1
240 472 1
240 483 1
240 486 1
241 245 1
241 261 1
241 270 1
241 272 1
241 273 1
241 280 1
241 283 1
241 285 1
241 295 1
241 300 1
241 302 1
241 321 1
241 341 1
241 357 1
241 374 1
241 385 1
241 388 1
241 393 1
241 405 1
241 410 1
241 440 1
241 444 1
241 464 1
241 469 1
241 485 1
241 492 1
242 245 1
242 253 1
242 265 1
242 269 1
242 277 1
242 290 1
242 310 1
242 330 1
242 331 1
242 341 1
242 367 1
242 392 1
242 396 1
242 403 1
242 411 1
242 412 1
242 430 1
242 444 1
242 449 1
242 452 1
242 460 1
242 462 1
242 468 1
242 469 1
242 470 1
242 481 1
243 248 1
243 271 1
243 273 1
243 280 1
243 293 1
243 296 1
243 311 1
243 312 1
243 316 1
243 325 1
243 331 1
243 338 1
243 356 1
243 362 1
243 363 1
243 364 1
243 381 1
243 411 1
243 413 1
243 420 1
243 426 1
243 430 1
243 431 1
243 437 1
243 446 1
243 449 1
243 462 1
243 467 1
243 492 1
244 249 1
244 279 1
244 282 1
244 283 1
244 291 1
244 304 1
244 308 1
244 311 1
244 315 1
244 321 1
244 326 1
244 340 1
244 362 1
244 365 1
244 389 1
244 390 1
244 391 1
244 405 1
244 407 1
244 412 1
244 418 1
244 424 1
244 463 1
244 466 1
244 488 1
244 489 1
244 491 1
244 496 1
244 499 1
245 263 1
245 268 1
245 277 1
245 281 1
245 285 1
245 344 1
245 345 1
245 354 1
245 358 1
245 364 1
245 370 1
245 372 1
245 377 1
245 395 1
245 423 1
245 428 1
245 432 1
245 435 1
245 455 1
245 462 1
245 479 1
246 282 1
246 296 1
246 302 1
246 326 1
246 329 1
246 348 1
246 351 1
246 363 1
246 376 1
246 382 1
246 418 1
246 436 1
246 458 1
246 471 1
246 484 1
246 491 1
246 497 1
247 257 1
247 270 1
247 276 1
247 282 1
247 318 1
247 320 1
247 343 1
247 349 1
247 351 1
247 371 1
247 384 1
247 394 1
247 401 1
247 407 1
247 411 1
247 414 1
247 435 1
247 441 1
247 450 1
247 455 1
247 470 1
247 475 1
247 490 1
247 492 1
247 495 1
247 500 1
248 262 1
248 271 1
248 276 1
248 279 1
248 283 1
248 288 1
248 298 1
248 300 1
248 306 1
248 311 1
248 321 1
248 328 1
248 346 1
248 356 1
248 361 1
248 377 1
248 421 1
248 429 1
248 442 1
248 462 1
248 472 1
248 479 1
248 482 1
249 258 1
249 262 1
249 263 1
249 264 1
249 278 1
249 282 1
249 286 1
249 291 1
249 292 1
249 305 1
249 306 1
249 326 1
249 338 1
249 346 1
249 351 1
249 363 1
249 365 1
249 368 1
249 373 1
249 383 1
249 384 1
249 391 1
249 395 1
249 411 1
249 421 1
249 434 1
249 436 1
249 439 1
249 447 1
249 448 1
249 453 1
249 456 1
249 463 1
249 494 1
249 498 1
250 252 1
250 255 1
250 304 1
250 325 1
250 355 1
250 356 1
250 366 1
250 374 1
250 384 1
250 401 1
250 408 1
250 419 1
250 441 1
250 448 1
250 458 1
250 462 1
250 467 1
250 496 1
250 499 1
251 260 1
251 262 1
251 280 1
251 289 1
251 290 1
251 299 1
251 300 1
251 303 1
251 317 1
251 318 1
251 323 1
251 325 1
251 335 1
251 348 1
251 360 1
251 370 1
251 384 1
251 400 1
251 408 1
251 423 1
251 435 1
251 436 1
251 441 1
251 453 1
251 458 1
251 461 1
251 465 1
251 474 1
251 478 1
251 479 1
252 256 1
252 258 1
252 267 1
252 297 1
252 305 1
252 320 1
252 346 1
252 348 1
252 351 1
252 352 1
252 358 1
252 361 1
252 377 1
252 380 1
252 385 1
252 402 1
252 412 1
252 418 1
252 427 1
252 436 1
252 439 1
252 455 1
252 479 1
252 495 1
252 496 1
253 271 1
253 274 1
253 280 1
253 283 1
253 299 1
253 307 1
253 340 1
253 341 1
253 347 1
253 352 1
253 367 1
253 372 1
253 374 1
253 400 1
253 415 1
253 454 1
253 456 1
253 460 1
253 472 1
253 480 1
253 483 1
253 487 1
253 488 1
254 273 1
254 306 1
254 308 1
254 318 1
254 349 1
254 355 1
254 369 1
254 379 1
254 391 1
254 400 1
254 405 1
254 409 1
254 418 1
254 426 1
254 454 1
254 462 1
254 464 1
254 482 1
255 285 1
255 306 1
255 314 1
255 333 1
255 346 1
255 356 1
255 361 1
255 362 1
255 364 1
255 371 1
255 374 1
255 375 1
255 379 1
255 396 1
255 406 1
255 413 1
255 414 1
255 416 1
255 423 1
255 424 1
255 445 1
255 450 1
255 458 1
255 459 1
255 497 1
256 269 1
256 276 1
256 300 1
256 305 1
256 315 1
256 325 1
256 327 1
256 347 1
256 355 1
256 372 1
256 382 1
256 396 1
256 398 1
256 399 1
256 413 1
256 426 1
256 441 1
256 443 1
256 445 1
256 458 1
256 463 1
256 465 1
256 469 1
256 482 1
256 488 1
257 278 1
257 290 1
257 307 1
257 315 1
257 322 1
257 324 1
257 336 1
257 354 1
257 358 1
257 368 1
257 369 1
257 376 1
257 379 1
257 380 1
257 385 1
257 387 1
257 410 1
257 425 1
257 429 1
257 431 1
257 437 1
257 440 1
257 449 1
257 457 1
257 459 1
257 495 1
258 261 1
258 264 1
258 276 1
258 279 1
258 283 1
258 292 1
258 293 1
258 299 1
258 314 1
258 322 1
258 329 1
258 334 1
258 358 1
258 359 1
258 363 1
258 374 1
258 388 1
258 398 1
258 400 1
258 407 1
258 417 1
258 420 1
258 425 1
258 434 1
258 436 1
258 442 1
258 445 1
258 448 1
258 462 1
258 472 1
258 482 1
259 272 1
259 273 1
259 323 1
259 351 1
259 353 1
259 357 1
259 358 1
259 366 1
259 377 1
259 388 1
259 400 1
259 415 1
259 416 1
259 418 1
259 426 1
259 452 1
259 455 1
259 460 1
259 461 1
259 463 1
259 482 1
259 489 1
259 496 1
260 297 1
260 298 1
260 328 1
260 395 1
260 403 1
260 421 1
260 424 1
260 441 1
260 443 1
260 446 1
260 447 1
260 476 1
260 493 1
261 263 1
261 265 1
261 273 1
261 278 1
261 315 1
261 330 1
261 334 1
261 339 1
261 360 1
261 380 1
261 383 1
261 415 1
261 417 1
261 422 1
261 431 1
261 439 1
261 441 1
261 446 1
261 464 1
261 467 1
261 477 1
261 493 1
262 263 1
262 264 1
262 265 1
262 269 1
262 282 1
262 296 1
262 314 1
262 323 1
262 334 1
262 341 1
262 352 1
262 358 1
262 359 1
262 376 1
262 396 1
262 403 1
262 412 1
262 414 1
262 436 1
262 449 1
262 475 1
262 480 1
263 268 1
263 282 1
263 284 1
263 289 1
263 299 1
263 302 1
263 315 1
263 367 1
263 375 1
263 377 1
263 378 1
263 384 1
263 387 1
263 394 1
263 399 1
263 404 1
263 411 1
263 417 1
263 443 1
263 465 1
263 468 1
263 492 1
263 497 1
264 269 1
264 275 1
264 281 1
264 304 1
264 308 1
264 311 1
264 319 1
264 326 1
264 332 1
264 333 1
264 339 1
264 348 1
264 362 1
264 370 1
264 378 1
264 381 1
264 382 1
264 390 1
264 401 1
264 414 1
264 415 1
264 416 1
264 421 1
264 432 1
264 457 1
264 461 1
264 463 1
264 469 1
264 471 1
264 480 1
264 488 1
264 489 1
265 270 1
265 273 1
265 276 1
265 286 1
265 312 1
265 321 1
265 357 1
265 366 1
265 376 1
265 387 1
265 389 1
265 393 1
265 395 1
265 399 1
265 424 1
265 427 1
265 438 1
265 445 1
265 451 1
265 458 1
265 469 1
265 486 1
265 490 1
266 312 1
266 315 1
266 333 1
266 334 1
266 335 1
266 348 1
266 359 1
266 360 1
266 404 1
266 406 1
266 424 1
266 426 1
266 430 1
266 434 1
266 447 1
266 458 1
266 461 1
266 469 1
266 472 1
267 278 1
267 281 1
267 284 1
267 289 1
267 296 1
267 298 1
267 309 1
267 310 1
267 315 1
267 320 1
267 326 1
267 336 1
267 337 1
267 366 1
267 367 1
267 383 1
267 388 1
267 394 1
267 416 1
267 422 1
267 430 1
267 437 1
267 447 1
267 482 1
267 489 1
267 492 1
267 493 1
267 496 1
267 500 1
268 275 1
268 279 1
268 291 1
268 294 1
268 328 1
268 352 1
268 363 1
268 365 1
268 366 1
268 367 1
268 371 1
268 376 1
268 382 1
268 388 1
268 395 1
268 398 1
268 410 1
268 435 1
268 439 1
268 443 1
268 445 1
268 451 1
268 452 1
268 465 1
268 470 1
268 480 1
268 490 1
268 491 1
268 494 1
269 297 1
269 298 1
269 305 1
269 307 1
269 320 1
269 331 1
269 334 1
269 335 1
269 337 1
269 350 1
269 356 1
269 361 1
269 377 1
269 386 1
269 392 1
269 401 1
269 403 1
269 411 1
269 442 1
269 444 1
269 451 1
269 476 1
270 276 1
270 278 1
270 282 1
270 295 1
270 316 1
270 327 1
270 331 1
270 333 1
270 346 1
270 351 1
270 370 1
270 389 1
270 400 1
270 415 1
270 435 1
270 444 1
270 450 1
270 458 1
270 459 1
270 469 1
270 479 1
270 492 1
271 272 1
271 284 1
271 291 1
271 296 1
271 301 1
271 306 1
271 311 1
271 313 1
271 337 1
271 344 1
271 365 1
271 375 1
271 379 1
271 385 1
271 392 1
271 404 1
271 409 1
271 411 1
271 428 1
271 445 1
271 451 1
271 462 1
271 467 1
271 474 1
271 483 1
271 485 1
271 491 1
272 274 1
272 288 1
272 309 1
272 311 1
272 313 1
272 316 1
272 319 1
272 323 1
272 328 1
272 334 1
272 335 1
272 356 1
272 368 1
272 370 1
272 372 1
272 374 1
272 390 1
272 396 1
272 407 1
272 408 1
272 410 1
272 430 1
272 443 1
272 446 1
272 476 1
273 278 1
273 290 1
273 300 1
273 313 1
273 334 1
273 341 1
273 355 1
273 368 1
273 386 1
273 432 1
273 452 1
273 471 1
273 495 1
274 277 1
274 278 1
274 286 1
274 287 1
274 289 1
274 291 1
274 298 1
274 312 1
274 332 1
274 333 1
274 337 1
274 338 1
274 339 1
274 345 1
274 350 1
274 352 1
274 364 1
274 365 1
274 379 1
274 394 1
274 399 1
274 401 1
274 458 1
274 470 1
274 481 1
274 484 1
274 487 1
275 279 1
275 295 1
275 300 1
275 320 1
275 332 1
275 345 1
275 353 1
275 356 1
275 359 1
275 360 1
275 373 1
275 393 1
275 401 1
275 419 1
275 434 1
275 435 1
275 439 1
275 459 1
275 460 1
275 472 1
275 474 1
275 483 1
275 488 1
275 500 1
276 287 1
276 289 1
276 293 1
276 295 1
276 307 1
276 315 1
276 323 1
276 329 1
276 335 1
276 342 1
276 351 1
276 354 1
276 379 1
276 384 1
276 396 1
276 402 1
276 413 1
276 428 1
276 435 1
276 448 1
276 452 1
276 464 1
276 471 1
276 492 1
277 278 1
277 279 1
277 293 1
277 301 1
277 322 1
277 334 1
277 338 1
277 344 1
277 345 1
277 354 1
277 355 1
277 359 1
277 360 1
277 361 1
277 367 1
277 387 1
277 417 1
277 443 1
277 461 1
277 464 1
277 471 1
277 480 1
277 491 1
277 498 1
278 305 1
278 318 1
278 319 1
278 321 1
278 327 1
278 338 1
278 339 1
278 342 1
278 343 1
278 351 1
278 384 1
278 391 1
278 412 1
278 448 1
278 459 1
278 468 1
278 470 1
278 471 1
278 484 1
279 281 1
279 293 1
279 311 1
279 325 1
279 345 1
279 351 1
279 357 1
279 371 1
279 381 1
279 388 1
279 395 1
279 405 1
279 410 1
279 437 1
279 442 1
279 445 1
279 464 1
279 470 1
279 481 1
279 482 1
279 483 1
279 489 1
279 499 1
280 293 1
280 297 1
280 300 1
280 301 1
280 311 1
280 314 1
280 315 1
280 319 1
280 336 1
280 348 1
280 353 1
280 354 1
280 372 1
280 375 1
280 384 1
280 385 1
280 387 1
280 407 1
280 419 1
280 425 1
280 449 1
280 471 1
280 475 1
280 481 1
280 491 1
280 492 1
280 495 1
281 303 1
281 304 1
281 307 1
281 309 1
281 316 1
281 325 1
281 328 1
281 334 1
281 345 1
281 372 1
281 373 1
281 374 1
281 396 1
281 400 1
281 410 1
281 411 1
281 425 1
281 442 1
281 447 1
281 453 1
281 457 1
281 463 1
281 469 1
281 471 1
281 475 1
281 494 1
281 500 1
282 285 1
282 289 1
282 291 1
282 300 1
282 301 1
282 314 1
282 320 1
282 358 1
282 361 1
282 369 1
282 380 1
282 389 1
282 394 1
282 408 1
282 416 1
282 433 1
282 434 1
282 450 1
282 466 1
282 476 1
282 483 1
282 495 1
283 289 1
283 293 1
283 308 1
283 320 1
283 365 1
283 366 1
283 377 1
283 379 1
283 389 1
283 409 1
283 418 1
283 426 1
283 430 1
283 452 1
283 478 1
283 479 1
283 486 1
283 499 1
284 294 1
284 313 1
284 320 1
284 322 1
284 323 1
284 328 1
284 337 1
284 349 1
284 368 1
284 389 1
284 415 1
284 434 1
284 438 1
284 440 1
284 455 1
284 479 1
285 299 1
285 315 1
285 318 1
285 325 1
285 350 1
285 354 1
285 373 1
285 378 1
285 396 1
285 408 1
285 412 1
285 417 1
285 482 1
285 483 1
285 491 1
285 499 1
286 295 1
286 298 1
286 308 1
286 311 1
286 312 1
286 333 1
286 340 1
286 345 1
286 347 1
286 356 1
286 368 1
286 372 1
286 395 1
286 403 1
286 408 1
286 421 1
286 435 1
286 464 1
286 475 1
286 476 1
286 480 1
286 481 1
287 289 1
287 298 1
287 306 1
287 310 1
287 344 1
287 345 1
287 349 1
287 351 1
287 354 1
287 355 1
287 363 1
287 367 1
287 368 1
287 378 1
287 379 1
287 391 1
287 401 1
287 405 1
287 435 1
287 455 1
287 463 1
287 469 1
287 474 1
287 494 1
288 295 1
288 298 1
288 304 1
288 310 1
288 315 1
288 316 1
288 323 1
288 324 1
288 328 1
288 337 1
288 346 1
288 357 1
288 358 1
288 390 1
288 397 1
288 432 1
288 458 1
288 469 1
288 484 1
288 486 1
288 493 1
289 292 1
289 308 1
289 309 1
289 315 1
289 316 1
289 318 1
289 334 1
289 339 1
289 340 1
289 346 1
289 348 1
289 373 1
289 380 1
289 389 1
289 392 1
289 395 1
289 396 1
289 411 1
289 413 1
289 418 1
289 423 1
289 430 1
289 442 1
289 446 1
289 455 1
289 456 1
289 459 1
289 472 1
289 481 1
289 490 1
289 496 1
290 297 1
290 313 1
290 321 1
290 323 1
290 360 1
290 361 1
290 363 1
290 364 1
290 365 1
290 377 1
290 388 1
290 417 1
290 428 1
290 467 1
290 470 1
290 472 1
290 495 1
291 295 1
291 299 1
291 300 1
291 313 1
291 329 1
291 342 1
291 407 1
291 415 1
291 420 1
291 425 1
291 429 1
291 436 1
291 439 1
291 442 1
291 465 1
291 476 1
291 492 1
292 301 1
292 313 1
292 316 1
292 318 1
292 332 1
292 337 1
292 342 1
292 344 1
292 370 1
292 371 1
292 372 1
292 379 1
292 384 1
292 387 1
292 401 1
292 411 1
292 426 1
292 454 1
292 460 1
292 465 1
292 469 1
292 476 1
292 479 1
292 482 1
292 484 1
292 486 1
293 325 1
293 327 1
293 340 1
293 350 1
293 352 1
293 364 1
293 371 1
293 387 1
293 394 1
293 408 1
293 415 1
293 425 1
293 428 1
293 430 1
293 437 1
293 440 1
293 460 1
293 462 1
293 463 1
293 464 1
293 473 1
293 477 1
294 309 1
294 314 1
294 344 1
294 354 1
294 359 1
294 381 1
294 389 1
294 402 1
294 405 1
294 412 1
294 428 1
294 430 1
294 453 1
294 467 1
294 483 1
294 493 1
294 496 1
295 297 1
295 319 1
295 353 1
295 366 1
295 373 1
295 377 1
295 387 1
295 390 1
295 409 1
295 426 1
295 444 1
295 448 1
295 467 1
295 468 1
295 471 1
295 474 1
296 299 1
296 300 1
296 320 1
296 323 1
296 332 1
296 349 1
296 369 1
296 378 1
296 381 1
296 388 1
296 395 1
296 408 1
296 417 1
296 425 1
296 427 1
296 428 1
296 445 1
296 477 1
296 499 1
297 298 1
297 307 1
297 310 1
297 319 1
297 320 1
297 321 1
297 327 1
297 333 1
297 335 1
297 341 1
297 371 1
297 372 1
297 376 1
297 391 1
297 394 1
297 396 1
297 402 1
297 403 1
297 420 1
297 435 1
297 452 1
297 454 1
297 476 1
297 480 1
297 486 1
298 303 1
298 310 1
298 312 1
298 326 1
298 344 1
298 350 1
298 360 1
298 364 1
298 369 1
298 378 1
298 381 1
298 384 1
298 387 1
298 392 1
298 408 1
298 430 1
298 444 1
298 458 1
298 468 1
298 470 1
298 484 1
298 485 1
298 494 1
299 300 1
299 304 1
299 307 1
299 313 1
299 323 1
299 335 1
299 342 1
299 344 1
299 383 1
299 389 1
299 390 1
299 400 1
299 416 1
299 419 1
299 424 1
299 440 1
299 451 1
299 466 1
299 481 1
299 489 1
300 304 1
300 306 1
300 312 1
300 313 1
300 320 1
300 321 1
300 325 1
300 342 1
300 347 1
300 356 1
300 358 1
300 369 1
300 406 1
300 432 1
300 440 1
300 449 1
300 456 1
300 472 1
300 500 1
301 302 1
301 337 1
301 341 1
301 342 1
301 353 1
301 359 1
301 362 1
301 372 1
301 379 1
301 394 1
301 399 1
301 404 1
301 416 1
301 419 1
301 423 1
301 425 1
301 428 1
301 434 1
301 441 1
301 442 1
301 453 1
301 473 1
301 475 1
301 482 1
301 487 1
302 307 1
302 317 1
302 329 1
302 334 1
302 346 1
302 361 1
302 368 1
302 372 1
302 373 1
302 381 1
302 383 1
302 409 1
302 425 1
302 427 1
302 433 1
302 436 1
302 447 1
302 455 1
302 457 1
302 464 1
302 467 1
302 468 1
302 472 1
302 475 1
302 476 1
302 479 1
303 325 1
303 335 1
303 340 1
303 369 1
303 374 1
303 390 1
303 410 1
303 437 1
303 442 1
303 448 1
303 454 1
303 455 1
303 491 1
304 306 1
304 310 1
304 325 1
304 334 1
304 340 1
304 342 1
304 347 1
304 355 1
304 363 1
304 371 1
304 389 1
304 390 1
304 405 1
304 421 1
304 436 1
304 457 1
304 464 1
304 473 1
304 488 1
304 489 1
304 496 1
305 313 1
305 336 1
305 346 1
305 347 1
305 367 1
305 374 1
305 379 1
305 380 1
305 381 1
305 403 1
305 414 1
305 415 1
305 423 1
305 425 1
305 442 1
305 446 1
305 454 1
305 464 1
305 469 1
305 474 1
305 487 1
305 493 1
306 309 1
306 312 1
306 316 1
306 322 1
306 327 1
306 349 1
306 370 1
306 385 1
306 407 1
306 417 1
306 423 1
306 426 1
306 436 1
306 437 1
306 463 1
306 481 1
306 500 1
307 309 1
307 322 1
307 357 1
307 363 1
307 393 1
307 405 1
307 419 1
307 423 1
307 437 1
307 456 1
307 457 1
307 458 1
307 459 1
307 476 1
307 477 1
307 479 1
307 488 1
307 489 1
308 322 1
308 324 1
308 329 1
308 334 1
308 339 1
308 340 1
308 358 1
308 369 1
308 382 1
308 384 1
308 387 1
308 392 1
308 404 1
308 416 1
308 423 1
308 428 1
308 430 1
308 479 1
308 496 1
308 497 1
309 345 1
309 352 1
309 356 1
309 380 1
309 381 1
309 393 1
309 407 1
309 427 1
309 431 1
309 432 1
309 434 1
309 439 1
309 442 1
309 446 1
309 448 1
309 473 1
309 484 1
310 311 1
310 312 1
310 337 1
310 360 1
310 371 1
310 375 1
310 376 1
310 409 1
310 421 1
310 427 1
310 433 1
310 442 1
310 445 1
310 457 1
310 466 1
310 489 1
310 496 1
311 330 1
311 334 1
311 338 1
311 339 1
311 369 1
311 392 1
311 404 1
311 407 1
311 423 1
311 425 1
311 443 1
311 450 1
311 461 1
311 476 1
311 483 1
311 490 1
312 315 1
312 330 1
312 332 1
312 342 1
312 359 1
312 360 1
312 363 1
312 369 1
312 376 1
312 383 1
312 390 1
312 392 1
312 397 1
312 400 1
312 410 1
312 415 1
312 417 1
312 420 1
312 447 1
312 455 1
312 458 1
312 468 1
312 471 1
312 472 1
312 487 1
312 491 1
312 497 1
313 314 1
313 318 1
313 336 1
313 353 1
313 359 1
313 374 1
313 379 1
313 393 1
313 419 1
313 422 1
313 450 1
313 456 1
313 482 1
313 495 1
313 498 1
314 329 1
314 337 1
314 349 1
314 352 1
314 368 1
314 370 1
314 403 1
314 418 1
314 427 1
314 441 1
314 452 1
314 457 1
314 467 1
314 468 1
314 481 1
314 482 1
314 483 1
314 497 1
315 325 1
315 327 1
315 333 1
315 338 1
315 392 1
315 416 1
315 418 1
315 422 1
315 432 1
315 445 1
315 453 1
315 462 1
315 468 1
315 473 1
315 476 1
315 477 1
315 491 1
316 319 1
316 330 1
316 355 1
316 375 1
316 376 1
316 424 1
316 425 1
316 426 1
316 431 1
316 435 1
316 442 1
316 449 1
316 471 1
316 485 1
317 320 1
317 321 1
317 324 1
317 330 1
317 337 1
317 343 1
317 353 1
317 359 1
317 363 1
317 374 1
317 379 1
317 380 1
317 386 1
317 398 1
317 399 1
317 409 1
317 414 1
317 425 1
317 433 1
317 445 1
317 454 1
317 456 1
317 460 1
317 476 1
317 489 1
317 492 1
318 328 1
318 342 1
318 358 1
318 380 1
318 384 1
318 386 1
318 393 1
318 394 1
318 407 1
318 413 1
318 414 1
318 415 1
318 435 1
318 438 1
318 456 1
318 462 1
318 463 1
318 473 1
318 488 1
318 493 1
319 342 1
319 344 1
319 361 1
319 364 1
319 371 1
319 374 1
319 375 1
319 382 1
319 394 1
319 406 1
319 413 1
319 435 1
319 451 1
319 455 1
319 456 1
319 477 1
319 483 1
319 486 1
320 321 1
320 333 1
320 339 1
320 341 1
320 359 1
320 374 1
320 378 1
320 379 1
320 391 1
320 403 1
320 405 1
320 415 1
320 435 1
320 438 1
320 459 1
320 461 1
320 467 1
320 476 1
320 496 1
320 500 1
321 334 1
321 335 1
321 340 1
321 343 1
321 363 1
321 373 1
321 380 1
321 381 1
321 382 1
321 401 1
321 406 1
321 443 1
321 447 1
321 479 1
321 489 1
321 494 1
321 495 1
321 496 1
321 497 1
321 500 1
322 327 1
322 337 1
322 342 1
322 346 1
322 353 1
322 354 1
322 363 1
322 371 1
322 372 1
322 399 1
322 407 1
322 417 1
322 438 1
322 463 1
322 465 1
322 494 1
322 496 1
323 325 1
323 329 1
323 401 1
323 405 1
323 416 1
323 432 1
323 436 1
323 458 1
323 466 1
323 470 1
323 476 1
323 479 1
323 486 1
324 334 1
324 353 1
324 354 1
324 357 1
324 364 1
324 373 1
324 400 1
324 402 1
324 409 1
324 410 1
324 415 1
324 440 1
324 447 1
324 463 1
324 466 1
324 477 1
324 481 1
324 493 1
325 343 1
325 354 1
325 365 1
325 369 1
325 373 1
325 374 1
325 379 1
325 380 1
325 388 1
325 402 1
325 415 1
325 424 1
325 425 1
325 427 1
325 465 1
325 474 1
325 498 1
325 499 1
326 327 1
326 352 1
326 367 1
326 386 1
326 391 1
326 405 1
326 425 1
326 427 1
326 445 1
326 446 1
326 452 1
326 456 1
326 469 1
326 498 1
327 341 1
327 346 1
327 351 1
327 355 1
327 366 1
327 375 1
327 391 1
327 397 1
327 410 1
327 411 1
327 428 1
327 439 1
327 451 1
327 467 1
327 475 1
328 357 1
328 364 1
328 372 1
328 388 1
328 395 1
328 415 1
328 420 1
328 429 1
328 451 1
328 452 1
328 465 1
328 478 1
328 484 1
328 492 1
328 493 1
329 348 1
329 353 1
329 381 1
329 388 1
329 420 1
329 439 1
329 450 1
329 464 1
330 342 1
330 357 1
330 379 1
330 399 1
330 400 1
330 402 1
330 424 1
330 439 1
330 446 1
330 457 1
330 459 1
330 460 1
330 486 1
331 341 1
331 346 1
331 362 1
331 368 1
331 372 1
331 395 1
331 431 1
331 443 1
331 445 1
331 446 1
331 456 1
331 472 1
331 482 1
332 333 1
332 334 1
332 346 1
332 357 1
332 360 1
332 387 1
332 398 1
332 407 1
332 410 1
332 414 1
332 415 1
332 420 1
332 422 1
332 425 1
332 436 1
332 438 1
332 441 1
332 443 1
332 453 1
332 456 1
332 469 1
332 474 1
332 478 1
332 481 1
333 338 1
333 350 1
333 372 1
333 373 1
333 397 1
333 398 1
333 402 1
333 411 1
333 417 1
333 419 1
333 430 1
333 439 1
333 443 1
333 451 1
333 462 1
333 477 1
333 482 1
333 485 1
333 492 1
333 493 1
333 494 1
334 356 1
334 394 1
334 413 1
334 424 1
334 439 1
334 480 1
334 497 1
335 341 1
335 344 1
335 375 1
335 378 1
335 382 1
335 384 1
335 402 1
335 427 1
335 442 1
335 450 1
335 461 1
335 466 1
335 476 1
335 497 1
336 357 1
336 362 1
336 365 1
336 366 1
336 370 1
336 373 1
336 382 1
336 389 1
336 399 1
336 411 1
336 428 1
336 431 1
336 432 1
336 466 1
336 470 1
336 475 1
336 482 1
336 484 1
337 343 1
337 348 1
337 377 1
337 397 1
337 419 1
337 421 1
337 437 1
337 438 1
337 447 1
337 451 1
337 455 1
337 468 1
337 482 1
338 353 1
338 361 1
338 369 1
338 372 1
338 388 1
338 395 1
338 406 1
338 409 1
338 418 1
338 444 1
338 448 1
338 450 1
338 480 1
338 483 1
338 487 1
339 340 1
339 343 1
339 346 1
339 363 1
339 373 1
339 375 1
339 378 1
339 386 1
339 387 1
339 424 1
339 425 1
339 427 1
339 438 1
339 452 1
339 454 1
339 469 1
339 482 1
339 484 1
340 347 1
340 359 1
340 382 1
340 417 1
340 431 1
340 451 1
340 455 1
340 460 1
340 467 1
340 472 1
340 496 1
341 377 1
341 391 1
341 403 1
341 414 1
341 424 1
341 439 1
341 444 1
341 447 1
341 454 1
341 479 1
341 491 1
342 349 1
342 354 1
342 355 1
342 359 1
342 361 1
342 362 1
342 384 1
342 394 1
342 403 1
342 435 1
342 448 1
342 449 1
342 456 1
342 482 1
342 487 1
343 364 1
343 371 1
343 385 1
343 387 1
343 406 1
343 411 1
343 418 1
343 429 1
343 438 1
343 442 1
343 449 1
343 452 1
343 453 1
343 460 1
343 461 1
343 488 1
344 350 1
344 359 1
344 362 1
344 372 1
344 374 1
344 404 1
344 406 1
344 409 1
344 411 1
344 412 1
344 413 1
344 414 1
344 416 1
344 417 1
344 422 1
344 423 1
344 424 1
344 430 1
344 438 1
344 488 1
345 363 1
345 379 1
345 381 1
345 386 1
345 389 1
345 400 1
345 409 1
345 419 1
345 430 1
345 434 1
345 441 1
345 450 1
345 454 1
345 462 1
345 463 1
345 465 1
345 479 1
345 496 1
345 500 1
346 347 1
346 348 1
346 351 1
346 352 1
346 372 1
346 387 1
346 397 1
346 403 1
346 412 1
346 415 1
346 419 1
346 420 1
346 436 1
346 437 1
346 447 1
346 448 1
346 456 1
346 464 1
346 488 1
347 348 1
347 356 1
347 387 1
347 388 1
347 390 1
347 392 1
347 406 1
347 428 1
347 464 1
347 472 1
347 474 1
347 477 1
347 487 1
347 496 1
347 497 1
348 350 1
348 355 1
348 359 1
348 362 1
348 372 1
348 377 1
348 378 1
348 382 1
348 386 1
348 393 1
348 400 1
348 402 1
348 410 1
348 429 1
348 430 1
348 447 1
348 449 1
348 454 1
348 459 1
348 461 1
348 472 1
348 473 1
348 475 1
348 494 1
348 496 1
349 358 1
349 361 1
349 373 1
349 387 1
349 390 1
349 392 1
349 394 1
349 408 1
349 410 1
349 412 1
349 422 1
349 426 1
349 427 1
349 429 1
349 439 1
349 444 1
349 451 1
349 453 1
349 473 1
350 359 1
350 366 1
350 373 1
350 382 1
350 443 1
350 465 1
350 467 1
350 468 1
350 476 1
351 357 1
351 364 1
351 368 1
351 417 1
351 445 1
351 446 1
351 452 1
351 455 1
351 468 1
351 469 1
351 474 1
351 484 1
351 496 1
351 500 1
352 353 1
352 354 1
352 358 1
352 364 1
352 383 1
352 388 1
352 398 1
352 401 1
352 409 1
352 410 1
352 435 1
352 438 1
352 447 1
352 448 1
352 452 1
353 355 1
353 363 1
353 381 1
353 401 1
353 408 1
353 410 1
353 416 1
353 419 1
353 458 1
353 469 1
353 493 1
353 495 1
353 497 1
354 364 1
354 367 1
354 370 1
354 381 1
354 409 1
354 420 1
354 428 1
354 431 1
354 490 1
354 498 1
355 367 1
355 374 1
355 379 1
355 395 1
355 412 1
355 436 1
355 437 1
356 364 1
356 368 1
356 376 1
356 397 1
356 413 1
356 423 1
356 433 1
356 439 1
356 443 1
356 463 1
357 361 1
357 365 1
357 387 1
357 393 1
357 400 1
357 405 1
357 410 1
357 414 1
357 423 1
357 440 1
357 445 1
357 453 1
357 461 1
357 474 1
357 476 1
357 485 1
357 500 1
358 363 1
358 372 1
358 377 1
358 385 1
358 400 1
358 406 1
358 411 1
358 416 1
358 419 1
358 431 1
358 457 1
358 459 1
358 480 1
358 487 1
358 489 1
358 494 1
359 360 1
359 366 1
359 374 1
359 376 1
359 377 1
359 378 1
359 388 1
359 390 1
359 391 1
359 398 1
359 416 1
359 418 1
359 421 1
359 425 1
359 430 1
359 446 1
359 447 1
359 449 1
359 459 1
359 464 1
359 486 1
360 373 1
360 381 1
360 386 1
360 394 1
360 404 1
360 426 1
360 429 1
360 430 1
360 476 1
360 497 1
360 498 1
361 371 1
361 380 1
361 386 1
361 389 1
361 395 1
361 396 1
361 406 1
361 419 1
361 426 1
361 437 1
361 473 1
361 481 1
361 484 1
361 499 1
362 370 1
362 371 1
362 396 1
362 399 1
362 402 1
362 404 1
362 413 1
362 415 1
362 417 1
362 430 1
362 443 1
362 445 1
362 471 1
362 477 1
362 479 1
362 495 1
362 500 1
363 380 1
363 381 1
363 386 1
363 400 1
363 406 1
363 418 1
363 429 1
363 458 1
363 474 1
363 475 1
363 481 1
363 487 1
363 488 1
363 495 1
364 374 1
364 382 1
364 386 1
364 394 1
364 410 1
364 411 1
364 415 1
364 419 1
364 429 1
365 369 1
365 372 1
365 395 1
365 397 1
365 403 1
365 416 1
365 418 1
365 452 1
366 367 1
366 379 1
366 385 1
366 403 1
366 408 1
366 434 1
366 435 1
366 436 1
366 441 1
366 445 1
366 450 1
366 453 1
366 471 1
367 372 1
367 382 1
367 383 1
367 385 1
367 388 1
367 407 1
367 423 1
367 434 1
367 435 1
367 444 1
367 464 1
367 480 1
367 491 1
368 375 1
368 378 1
368 380 1
368 382 1
368 384 1
368 388 1
368 411 1
368 421 1
368 422 1
368 441 1
368 447 1
368 449 1
368 453 1
368 460 1
368 472 1
368 493 1
369 371 1
369 381 1
369 395 1
369 399 1
369 408 1
369 410 1
369 422 1
369 442 1
369 475 1
369 483 1
369 487 1
369 498 1
370 397 1
370 400 1
370 412 1
370 414 1
370 424 1
370 458 1
370 468 1
370 476 1
370 486 1
371 376 1
371 377 1
371 388 1
371 402 1
371 413 1
371 415 1
371 432 1
371 453 1
371 488 1
371 492 1
371 494 1
371 499 1
372 392 1
372 394 1
372 396 1
372 400 1
372 402 1
372 406 1
372 407 1
372 408 1
372 422 1
372 427 1
372 464 1
372 473 1
372 484 1
372 491 1
372 496 1
373 379 1
373 380 1
373 394 1
373 398 1
373 401 1
373 446 1
373 450 1
373 452 1
373 455 1
373 471 1
373 475 1
373 481 1
373 482 1
373 498 1
374 377 1
374 396 1
374 398 1
374 427 1
374 439 1
374 440 1
374 447 1
374 450 1
374 460 1
374 464 1
374 468 1
374 471 1
374 478 1
374 481 1
374 489 1
375 400 1
375 403 1
375 425 1
375 435 1
375 456 1
375 457 1
375 472 1
375 479 1
375 483 1
375 484 1
375 493 1
376 403 1
376 417 1
376 430 1
376 467 1
376 469 1
376 474 1
376 485 1
376 493 1
377 378 1
377 380 1
377 383 1
377 386 1
377 394 1
377 398 1
377 400 1
377 408 1
377 428 1
377 434 1
377 435 1
377 450 1
377 456 1
377 467 1
377 473 1
377 479 1
378 381 1
378 389 1
378 397 1
378 407 1
378 409 1
378 415 1
378 423 1
378 437 1
378 442 1
378 445 1
378 448 1
378 458 1
378 490 1
378 497 1
379 382 1
379 387 1
379 404 1
379 415 1
379 418 1
379 419 1
379 423 1
379 426 1
379 443 1
379 449 1
379 453 1
379 471 1
379 476 1
379 482 1
379 488 1
380 384 1
380 409 1
380 429 1
380 460 1
380 464 1
380 468 1
380 481 1
380 484 1
380 490 1
380 496 1
380 499 1
381 384 1
381 388 1
381 392 1
381 396 1
381 418 1
381 423 1
381 427 1
381 450 1
381 463 1
381 471 1
381 488 1
381 494 1
381 497 1
382 394 1
382 397 1
382 417 1
382 418 1
382 425 1
382 432 1
382 441 1
382 454 1
382 455 1
382 462 1
382 467 1
382 468 1
382 469 1
382 473 1
382 500 1
383 390 1
383 413 1
383 454 1
383 461 1
383 472 1
383 476 1
383 482 1
383 486 1
384 397 1
384 413 1
384 418 1
384 420 1
384 428 1
384 443 1
384 458 1
384 481 1
384 484 1
384 489 1
385 395 1
385 399 1
385 414 1
385 417 1
385 420 1
385 421 1
385 422 1
385 428 1
385 429 1
385 430 1
385 443 1
385 447 1
385 448 1
385 449 1
385 484 1
385 496 1
386 393 1
386 416 1
386 419 1
386 420 1
386 426 1
386 433 1
386 438 1
386 440 1
386 452 1
386 457 1
386 461 1
386 464 1
386 465 1
386 474 1
386 495 1
386 499 1
387 389 1
387 399 1
387 402 1
387 419 1
387 440 1
387 444 1
387 447 1
387 450 1
387 452 1
387 455 1
387 458 1
387 461 1
387 466 1
387 499 1
388 389 1
388 396 1
388 399 1
388 400 1
388 411 1
388 422 1
388 438 1
388 444 1
388 451 1
388 476 1
388 480 1
388 493 1
389 390 1
389 398 1
389 417 1
389 424 1
389 427 1
389 431 1
389 443 1
389 459 1
389 467 1
389 468 1
389 469 1
389 480 1
389 485 1
389 494 1
389 495 1
389 497 1
389 498 1
390 401 1
390 416 1
390 422 1
390 442 1
390 445 1
390 469 1
390 473 1
390 498 1
390 499 1
391 394 1
391 396 1
391 403 1
391 409 1
391 422 1
391 426 1
391 427 1
391 441 1
391 450 1
391 469 1
391 499 1
392 418 1
392 422 1
392 424 1
392 434 1
392 454 1
392 464 1
392 479 1
392 484 1
393 396 1
393 415 1
393 422 1
393 463 1
393 465 1
393 475 1
393 491 1
393 492 1
394 402 1
394 417 1
394 439 1
394 447 1
394 462 1
394 471 1
394 478 1
394 485 1
394 486 1
395 405 1
395 408 1
395 410 1
395 411 1
395 416 1
395 430 1
395 435 1
395 455 1
395 462 1
395 470 1
395 471 1
395 486 1
396 412 1
396 427 1
396 430 1
396 444 1
396 449 1
396 479 1
396 488 1
397 405 1
397 413 1
397 419 1
397 445 1
397 452 1
397 479 1
397 498 1
398 409 1
398 419 1
398 435 1
398 450 1
398 460 1
398 462 1
398 465 1
398 491 1
399 405 1
399 407 1
399 428 1
399 447 1
399 458 1
399 459 1
399 461 1
399 466 1
399 471 1
399 488 1
399 489 1
399 497 1
400 407 1
400 413 1
400 421 1
400 435 1
400 438 1
400 441 1
400 444 1
400 462 1
400 466 1
400 480 1
401 404 1
401 415 1
401 417 1
401 419 1
401 440 1
401 442 1
401 445 1
401 446 1
401 474 1
401 485 1
401 487 1
401 496 1
402 409 1
402 411 1
402 434 1
402 450 1
402 454 1
402 464 1
402 468 1
402 481 1
402 498 1
403 404 1
403 406 1
403 412 1
403 416 1
403 421 1
403 429 1
403 432 1
403 434 1
403 435 1
403 438 1
403 439 1
403 447 1
403 450 1
403 454 1
403 461 1
403 465 1
403 468 1
403 497 1
404 409 1
404 417 1
404 425 1
404 435 1
404 451 1
404 455 1
404 457 1
404 465 1
404 466 1
404 471 1
404 472 1
404 480 1
404 486 1
404 494 1
404 497 1
405 434 1
405 443 1
405 448 1
405 449 1
405 463 1
405 467 1
405 483 1
406 414 1
406 417 1
406 424 1
406 439 1
406 440 1
406 457 1
407 410 1
407 411 1
407 412 1
407 417 1
407 418 1
407 420 1
407 422 1
407 426 1
407 433 1
407 434 1
407 451 1
407 452 1
407 456 1
407 461 1
407 463 1
407 467 1
407 470 1
407 471 1
407 477 1
407 491 1
407 498 1
408 411 1
408 412 1
408 424 1
408 437 1
408 461 1
408 464 1
408 466 1
409 423 1
409 435 1
409 439 1
409 440 1
409 441 1
409 451 1
409 460 1
409 466 1
409 483 1
409 488 1
410 412 1
410 417 1
410 418 1
410 446 1
410 455 1
410 463 1
410 465 1
410 479 1
410 488 1
410 493 1
410 500 1
411 414 1
411 416 1
411 447 1
411 455 1
411 481 1
411 485 1
411 486 1
411 490 1
411 494 1
411 499 1
412 413 1
412 424 1
412 427 1
412 447 1
412 454 1
412 475 1
412 489 1
413 415 1
413 417 1
413 424 1
413 427 1
413 428 1
413 429 1
413 436 1
413 451 1
413 453 1
413 462 1
413 471 1
414 418 1
414 423 1
414 445 1
414 453 1
414 454 1
414 458 1
414 480 1
414 497 1
414 498 1
414 500 1
415 434 1
415 446 1
415 473 1
415 474 1
415 481 1
415 482 1
415 497 1
416 420 1
416 434 1
416 441 1
416 448 1
416 458 1
416 461 1
416 477 1
416 478 1
416 480 1
416 488 1
416 500 1
417 422 1
417 439 1
417 443 1
417 455 1
417 485 1
417 494 1
417 500 1
418 430 1
418 438 1
418 446 1
418 455 1
418 456 1
418 457 1
418 460 1
418 476 1
419 451 1
419 453 1
419 482 1
419 499 1
419 500 1
420 433 1
420 435 1
420 436 1
420 439 1
420 452 1
420 456 1
420 469 1
420 471 1
420 486 1
420 495 1
421 425 1
421 435 1
421 440 1
421 464 1
421 468 1
421 494 1
421 495 1
421 497 1
421 499 1
422 425 1
422 427 1
422 428 1
422 451 1
422 455 1
422 477 1
423 441 1
423 444 1
423 446 1
423 449 1
423 467 1
423 474 1
423 476 1
423 494 1
423 497 1
424 430 1
424 442 1
424 447 1
424 450 1
424 453 1
424 461 1
424 476 1
424 482 1
424 487 1
424 495 1
425 438 1
425 443 1
425 493 1
425 495 1
426 433 1
426 455 1
426 465 1
426 478 1
426 480 1
426 494 1
427 430 1
427 458 1
427 466 1
427 471 1
427 485 1
427 489 1
428 451 1
428 460 1
428 462 1
428 463 1
428 471 1
429 455 1
429 463 1
429 471 1
429 474 1
429 480 1
429 484 1
429 495 1
430 448 1
430 454 1
430 460 1
430 463 1
430 464 1
430 481 1
430 482 1
430 493 1
431 441 1
431 445 1
431 449 1
431 451 1
431 477 1
431 478 1
431 496 1
431 497 1
432 440 1
432 442 1
432 447 1
432 465 1
432 466 1
432 470 1
433 436 1
433 450 1
433 454 1
433 456 1
433 457 1
433 471 1
433 476 1
433 486 1
433 492 1
433 495 1
434 441 1
434 443 1
434 458 1
434 473 1
434 474 1
434 477 1
434 490 1
434 494 1
435 436 1
435 456 1
435 468 1
435 471 1
435 477 1
435 485 1
436 438 1
436 443 1
436 446 1
436 458 1
436 491 1
437 444 1
437 445 1
437 474 1
437 485 1
437 492 1
437 500 1
438 445 1
438 451 1
438 452 1
438 465 1
438 467 1
438 481 1
439 446 1
439 451 1
439 457 1
439 460 1
439 495 1
439 497 1
439 500 1
440 443 1
440 457 1
440 471 1
440 476 1
440 490 1
440 497 1
441 453 1
441 458 1
441 479 1
441 489 1
441 497 1
442 449 1
442 459 1
442 474 1
442 477 1
443 454 1
443 456 1
443 460 1
443 484 1
443 490 1
444 452 1
444 468 1
444 472 1
444 482 1
445 464 1
445 471 1
446 448 1
446 449 1
446 456 1
446 458 1
446 460 1
446 464 1
446 477 1
446 498 1
447 451 1
447 453 1
447 455 1
447 461 1
447 474 1
447 477 1
447 488 1
447 490 1
448 452 1
448 455 1
448 456 1
448 458 1
448 460 1
448 461 1
448 464 1
448 470 1
448 490 1
448 498 1
449 455 1
449 458 1
449 459 1
449 462 1
449 468 1
449 478 1
449 487 1
449 496 1
449 498 1
450 461 1
451 453 1
451 462 1
451 475 1
451 477 1
452 484 1
452 489 1
452 497 1
453 460 1
453 480 1
453 484 1
453 489 1
453 496 1
454 455 1
454 461 1
454 471 1
454 490 1
454 493 1
455 483 1
455 499 1
456 465 1
456 469 1
456 474 1
456 499 1
457 466 1
457 499 1
458 468 1
458 472 1
458 475 1
458 487 1
459 465 1
459 469 1
459 472 1
459 474 1
460 463 1
460 475 1
460 478 1
460 487 1
460 490 1
461 471 1
461 478 1
461 485 1
461 496 1
462 464 1
462 466 1
462 468 1
462 474 1
462 488 1
462 493 1
462 499 1
463 483 1
463 498 1
464 485 1
465 472 1
465 474 1
465 484 1
465 488 1
465 493 1
466 470 1
466 479 1
466 481 1
466 486 1
467 477 1
467 480 1
467 482 1
468 493 1
468 494 1
469 471 1
469 484 1
469 494 1
469 497 1
470 474 1
470 478 1
470 491 1
470 496 1
470 498 1
471 486 1
472 478 1
472 491 1
472 498 1
473 474 1
473 482 1
473 491 1
474 480 1
474 482 1
476 480 1
476 483 1
476 486 1
477 498 1
477 500 1
478 482 1
478 483 1
478 484 1
478 500 1
479 482 1
479 493 1
479 496 1
479 498 1
479 499 1
480 488 1
481 486 1
481 493 1
481 495 1
482 483 1
482 493 1
483 499 1
484 486 1
484 492 1
485 500 1
486 495 1
486 499 1
487 493 1
490 491 1
490 499 1
491 500 1
492 496 1
495 499 1
496 499 1
